Contrast	Pathway	NGenes	Correlation	Direction	PValue	FDR
Paraquat	Zinc transporters	13	-0.0244419809556559	Down	0.00688555223407831	0.99974376603714
Paraquat	Response of EIF2AK1 (HRI) to heme deficiency	15	0.039972155782588	Up	0.0131840290284335	0.99974376603714
Paraquat	Translation of Replicase and Assembly of the Replication Transcription Complex_9694676	13	-0.0160082193501541	Down	0.0155196643011588	0.99974376603714
Paraquat	Processing of antigen in germinal center B cells	69	0.000686088086503546	Down	0.0160025630610213	0.99974376603714
Paraquat	Translation of Replicase and Assembly of the Replication Transcription Complex_9679504	12	-0.0390786836405424	Down	0.0168288925459284	0.99974376603714
Paraquat	TP53 Regulates Transcription of Cell Death Genes	39	-0.00520889890271839	Down	0.0175886108898422	0.99974376603714
Paraquat	Metal ion SLC transporters	36	-0.00663218980492084	Down	0.0188174633479734	0.99974376603714
Paraquat	NR1H3 & NR1H2 regulate gene expression linked to cholesterol transport and efflux	33	0.0486401818408619	Down	0.0238350814910867	0.99974376603714
Paraquat	RUNX1 interacts with co-factors whose precise effect on RUNX1 targets is not known	37	0.0147817685519534	Down	0.0239859614817383	0.99974376603714
Paraquat	TCF dependent signaling in response to WNT	141	-0.00281918810729854	Down	0.0293610369825154	0.99974376603714
Paraquat	Synthesis of PIPs at the Golgi membrane	16	-0.00562579585157041	Down	0.0326822139599499	0.99974376603714
Paraquat	Scavenging by Class A Receptors	13	0.0228482915680754	Down	0.0338218956278084	0.99974376603714
Paraquat	TP53 regulates transcription of several additional cell death genes whose specific roles in p53-dependent apoptosis remain uncertain	12	-0.0292705035853378	Down	0.0349642218505145	0.99974376603714
Paraquat	Regulation of pyruvate metabolism	31	-0.00568689340785603	Down	0.0353934493714659	0.99974376603714
Paraquat	Smooth Muscle Contraction	34	0.00672230927243923	Up	0.0367991143342634	0.99974376603714
Paraquat	Synthesis of bile acids and bile salts via 24-hydroxycholesterol	10	0.0116544030446094	Up	0.0395474613789283	0.99974376603714
Paraquat	Activation of Matrix Metalloproteinases	16	0.022008366373744	Down	0.0399107653716717	0.99974376603714
Paraquat	Effects of PIP2 hydrolysis	24	0.021136680770517	Up	0.0410157656927781	0.99974376603714
Paraquat	Pyruvate metabolism	43	-0.000992792147516379	Down	0.0425241771471038	0.99974376603714
Paraquat	MHC class II antigen presentation	99	0.00634935949455995	Down	0.0444230520576095	0.99974376603714
Paraquat	NR1H2 and NR1H3-mediated signaling	40	0.0495693204589376	Down	0.0466278280472546	0.99974376603714
Paraquat	Estrogen-dependent gene expression	83	0.0135274450453929	Down	0.0498657396608028	0.99974376603714
Paraquat	Detoxification of Reactive Oxygen Species	30	0.0357929291325784	Up	0.049985382570837	0.99974376603714
Paraquat	trans-Golgi Network Vesicle Budding	69	-0.00144846410601704	Down	0.0517553791453305	0.99974376603714
Paraquat	Nuclear Envelope (NE) Reassembly	69	0.00500671889942332	Down	0.0564874479819302	0.99974376603714
Paraquat	HCMV Infection	95	0.00081061541507365	Down	0.0569967270411487	0.99974376603714
Paraquat	Regulation of cholesterol biosynthesis by SREBP (SREBF)	55	0.0215571547207125	Down	0.0577595539224427	0.99974376603714
Paraquat	Activation of SMO	15	0.0698019438122091	Down	0.058352303643538	0.99974376603714
Paraquat	SUMOylation of transcription cofactors	43	-0.00802299288023752	Down	0.0610578871245933	0.99974376603714
Paraquat	Regulation of TNFR1 signaling	45	-0.00822663401835016	Up	0.067571562790094	0.99974376603714
Paraquat	Golgi Associated Vesicle Biogenesis	54	0.000533508080805985	Down	0.0690271521957802	0.99974376603714
Paraquat	Binding and Uptake of Ligands by Scavenger Receptors	31	-0.00936718882511378	Down	0.069820261435606	0.99974376603714
Paraquat	Antigen Presentation: Folding, assembly and peptide loading of class I MHC	30	-0.00128379871468731	Down	0.0714773342356914	0.99974376603714
Paraquat	Signaling by Nuclear Receptors	198	0.0050341058687953	Down	0.0724137010514282	0.99974376603714
Paraquat	NOD1/2 Signaling Pathway	32	-0.0147704174916796	Up	0.0743894646217531	0.99974376603714
Paraquat	Activation of gene expression by SREBF (SREBP)	42	0.0198217318955049	Down	0.0765650401473649	0.99974376603714
Paraquat	Cellular hexose transport	10	0.130023956330091	Down	0.0800077470187438	0.99974376603714
Paraquat	Plasma lipoprotein assembly	11	-0.0379695942290721	Down	0.0804350667286059	0.99974376603714
Paraquat	HDMs demethylate histones	21	0.0374138552665547	Down	0.0816714931381682	0.99974376603714
Paraquat	TGF-beta receptor signaling in EMT (epithelial to mesenchymal transition)	14	-0.0200343736104264	Up	0.0839053756655261	0.99974376603714
Paraquat	Diseases associated with the TLR signaling cascade	19	-0.002843036381207	Up	0.0881372923286977	0.99974376603714
Paraquat	p75NTR signals via NF-kB	15	0.00317368319950698	Up	0.0893015170053232	0.99974376603714
Paraquat	Condensation of Prometaphase Chromosomes	11	0.286817414437142	Down	0.0915700474702025	0.99974376603714
Paraquat	Golgi-to-ER retrograde transport	125	0.00184433319749625	Down	0.0916162492625145	0.99974376603714
Paraquat	Synthesis of PA	28	-0.0183731346885602	Down	0.0932240323163869	0.99974376603714
Paraquat	Signaling by WNT	225	9.89912396540215e-05	Down	0.0937258184526429	0.99974376603714
Paraquat	RHO GTPase Effectors	240	0.00277759273613714	Down	0.0953545900224876	0.99974376603714
Paraquat	Signaling by TGFBR3	44	0.00411299580625478	Down	0.0964409685892465	0.99974376603714
Paraquat	TNF signaling	54	-0.00989245797664713	Up	0.0967801171350248	0.99974376603714
Paraquat	Fertilization	13	0.0351174112870815	Down	0.0968921423284001	0.99974376603714
Paraquat	PTEN Regulation	127	-0.000866580456281219	Down	0.0979795274410819	0.99974376603714
Paraquat	Dengue Virus Infection	312	0.00723505209423579	Down	0.0984616480979452	0.99974376603714
Paraquat	Regulation of FOXO transcriptional activity by acetylation	10	-0.00980557594978875	Down	0.100001061328991	0.99974376603714
Paraquat	Ovarian tumor domain proteases	33	-0.00998958582626997	Up	0.101220504932574	0.99974376603714
Paraquat	Early Phase of HIV Life Cycle	13	-0.0139231416557468	Down	0.101441360679831	0.99974376603714
Paraquat	Nuclear Receptor transcription pathway	40	0.00699821533719613	Down	0.10220218498317	0.99974376603714
Paraquat	Initiation of Nuclear Envelope (NE) Reformation	19	-0.00873489346074514	Down	0.102572547375751	0.99974376603714
Paraquat	Platelet homeostasis	72	-0.000649653249327392	Up	0.104064044695087	0.99974376603714
Paraquat	Glycogen synthesis	12	0.0212158551017793	Down	0.104595774237374	0.99974376603714
Paraquat	Dengue Virus-Host Interactions	212	0.00577876409494584	Down	0.104880247246779	0.99974376603714
Paraquat	Formation of the beta-catenin:TCF transactivating complex	31	0.0219472728807818	Down	0.105066568049498	0.99974376603714
Paraquat	Transcriptional regulation by RUNX1	147	0.00150472867521435	Down	0.105762577881563	0.99974376603714
Paraquat	TNFR1-induced NF-kappa-B signaling pathway	31	-0.00630525437392766	Up	0.106146755031842	0.99974376603714
Paraquat	RNA Polymerase I Transcription Termination	27	0.02252486417079	Up	0.106609544556141	0.99974376603714
Paraquat	Signaling by Erythropoietin	23	0.00510718009231378	Up	0.106806901100745	0.99974376603714
Paraquat	RHOH GTPase cycle	34	0.00547646352164543	Down	0.108487977733764	0.99974376603714
Paraquat	Signaling by Leptin	10	-0.0512761374783905	Up	0.109136073549053	0.99974376603714
Paraquat	VEGFR2 mediated vascular permeability	26	0.0529859634459597	Down	0.109249328122603	0.99974376603714
Paraquat	Inhibition of replication initiation of damaged DNA by RB1/E2F1	13	-0.0079323256613739	Down	0.110916528348189	0.99974376603714
Paraquat	Chemokine receptors bind chemokines	10	0.0171612037922216	Down	0.113013822052141	0.99974376603714
Paraquat	SLC-mediated transport of organic anions	25	-0.00198558163019145	Down	0.113772990792008	0.99974376603714
Paraquat	Branched-chain amino acid catabolism	22	-0.0175794323186722	Up	0.116752168936832	0.99974376603714
Paraquat	Polo-like kinase mediated events	16	0.149601960333683	Down	0.117108125714954	0.99974376603714
Paraquat	Interleukin-7 signaling	18	-0.00610217181987454	Down	0.118478934744092	0.99974376603714
Paraquat	Diseases of programmed cell death	38	-0.00284039906059986	Down	0.119192939954125	0.99974376603714
Paraquat	EGR2 and SOX10-mediated initiation of Schwann cell myelination	25	0.0201914358283807	Down	0.121649479147375	0.99974376603714
Paraquat	Post-translational modification: synthesis of GPI-anchored proteins	54	-0.00240155366570228	Up	0.125189852317895	0.99974376603714
Paraquat	TP53 Regulates Metabolic Genes	76	0.012549326863779	Up	0.125942437061951	0.99974376603714
Paraquat	Metabolism of cofactors	25	0.00858088125541663	Up	0.126525026083118	0.99974376603714
Paraquat	Defective pyroptosis	12	0.0642480437217115	Down	0.128197867074055	0.99974376603714
Paraquat	Myogenesis	26	0.0103027740247535	Down	0.128554436264806	0.99974376603714
Paraquat	Metabolic disorders of biological oxidation enzymes	20	-0.0318997922114486	Up	0.128721289387473	0.99974376603714
Paraquat	Endosomal/Vacuolar pathway	11	0.0391369893663294	Down	0.129794610127604	0.99974376603714
Paraquat	Regulation of MITF-M-dependent genes involved in cell cycle and proliferation	15	-0.008011888978593	Down	0.133194641900099	0.99974376603714
Paraquat	FGFR2 alternative splicing	24	-0.0205103218066712	Down	0.133194798625966	0.99974376603714
Paraquat	Nuclear events stimulated by ALK signaling in cancer	31	0.00146909972245515	Down	0.135546392221617	0.99974376603714
Paraquat	Signaling by NOTCH3	46	-0.00594993626620185	Down	0.136150987794831	0.99974376603714
Paraquat	Signaling by FLT3 ITD and TKD mutants	15	-0.0214264827046063	Up	0.13698705522171	0.99974376603714
Paraquat	HDACs deacetylate histones	32	0.00134951381991479	Down	0.137697994948157	0.99974376603714
Paraquat	COPI-dependent Golgi-to-ER retrograde traffic	92	0.00173524005565175	Down	0.142093230507591	0.99974376603714
Paraquat	Diseases of branched-chain amino acid catabolism	13	0.0194640239006717	Up	0.142994968117364	0.99974376603714
Paraquat	Interleukin-10 signaling	15	0.000515858621195964	Down	0.14390786125227	0.99974376603714
Paraquat	Glycogen metabolism	24	0.00403202689669593	Down	0.144742888513929	0.99974376603714
Paraquat	HDR through MMEJ (alt-NHEJ)	12	0.0348372577463125	Down	0.14601438867625	0.99974376603714
Paraquat	Protein methylation	17	0.0228704118157248	Up	0.146718427326607	0.99974376603714
Paraquat	Signaling by NOTCH1	72	-0.00446753994179274	Down	0.147315446945621	0.99974376603714
Paraquat	Signaling by NOTCH2	32	-0.0134971372689715	Down	0.148034482981746	0.99974376603714
Paraquat	Glycogen storage diseases	13	0.0314596203733037	Down	0.148076763454856	0.99974376603714
Paraquat	Drug ADME	52	-0.00091112021829443	Down	0.149235518537084	0.99974376603714
Paraquat	Negative regulation of FLT3	12	-0.0534293039205577	Up	0.149561037973956	0.99974376603714
Paraquat	HSP90 chaperone cycle for steroid hormone receptors (SHR) in the presence of ligand	46	0.0323763397188815	Down	0.152083614638138	0.99974376603714
Paraquat	Pyrimidine salvage	10	-0.0292813477640898	Down	0.152383528088944	0.99974376603714
Paraquat	Reproduction	73	0.0165279377670876	Down	0.152539888789975	0.99974376603714
Paraquat	Signaling by Non-Receptor Tyrosine Kinases	50	-0.00595268677046091	Up	0.152717423005509	0.99974376603714
Paraquat	Signaling by PTK6	50	-0.00595268677046091	Up	0.152717423005509	0.99974376603714
Paraquat	RUNX2 regulates bone development	28	0.00286800436116868	Down	0.154794501255394	0.99974376603714
Paraquat	Nucleotide-binding domain, leucine rich repeat containing receptor (NLR) signaling pathways	49	-0.00651135962260959	Up	0.156040762831957	0.99974376603714
Paraquat	ER to Golgi Anterograde Transport	138	0.00167351653504553	Down	0.158223377979553	0.99974376603714
Paraquat	NFE2L2 regulating anti-oxidant/detoxification enzymes	17	0.0656038850272613	Up	0.158574611528034	0.99974376603714
Paraquat	Transport to the Golgi and subsequent modification	165	0.00266133564228886	Down	0.15876719298966	0.99974376603714
Paraquat	BMAL1:CLOCK,NPAS2 activates circadian expression	21	0.0131030344036914	Down	0.15879082493605	0.99974376603714
Paraquat	Diseases of Immune System	22	-0.0249291228640609	Up	0.159329519760534	0.99974376603714
Paraquat	Amino acids regulate mTORC1	51	0.0216867210825987	Up	0.160743070253878	0.99974376603714
Paraquat	Sensory processing of sound by outer hair cells of the cochlea	46	0.0441407808543639	Up	0.160783962680643	0.99974376603714
Paraquat	Azathioprine ADME	17	-0.0283994300759988	Down	0.16145497678502	0.99974376603714
Paraquat	Degradation of cysteine and homocysteine	13	0.0327723402096601	Up	0.161914202084995	0.99974376603714
Paraquat	Kinesins	54	0.00566877106439977	Down	0.164144427337673	0.99974376603714
Paraquat	Other semaphorin interactions	16	0.0238164371385486	Down	0.164209659202663	0.99974376603714
Paraquat	Glutathione synthesis and recycling	11	0.0445088224275489	Up	0.165759863332917	0.99974376603714
Paraquat	Mitotic Telophase/Cytokinesis	13	0.25118128927381	Down	0.166352401640157	0.99974376603714
Paraquat	ABC-family protein mediated transport	82	0.0230898545895934	Up	0.169897054560022	0.99974376603714
Paraquat	Interferon alpha/beta signaling	53	0.0307198625073802	Down	0.173231155165827	0.99974376603714
Paraquat	Response to metal ions	11	0.345111296383274	Up	0.173336855722906	0.99974376603714
Paraquat	Glycolysis	65	0.0146658610553828	Down	0.179869863341054	0.99974376603714
Paraquat	SUMOylation of immune response proteins	12	-0.0423455925128895	Up	0.180993488996105	0.99974376603714
Paraquat	Respiratory syncytial virus (RSV) genome replication, transcription and translation	17	0.0708070244700353	Down	0.182009846099473	0.99974376603714
Paraquat	RNA Polymerase I Promoter Escape	28	0.0381508639963544	Up	0.183980107159304	0.99974376603714
Paraquat	Nucleotide biosynthesis	12	-0.0185509977696795	Down	0.185235297033971	0.99974376603714
Paraquat	Negative regulation of FGFR1 signaling	24	-0.00992081470961149	Up	0.185308733352779	0.99974376603714
Paraquat	Interaction of NuRD complexes with transcription factors	28	0.0388200074852958	Down	0.186718739989746	0.99974376603714
Paraquat	ATP-dependent chromatin remodelers	125	0.00823618950036911	Down	0.187281172862649	0.99974376603714
Paraquat	Negative regulation of FGFR4 signaling	25	-0.0155753625195067	Up	0.188364317130524	0.99974376603714
Paraquat	Regulation of CDH11 Expression and Function	24	0.0482175082240916	Down	0.1897020670896	0.99974376603714
Paraquat	Potential therapeutics for SARS	90	-0.00112786394105234	Down	0.190473639587223	0.99974376603714
Paraquat	TICAM1-dependent activation of IRF3/IRF7	11	-0.0316735964463998	Up	0.19138891699296	0.99974376603714
Paraquat	Regulation of CDH11 function	10	0.0712136330090265	Down	0.193130692693055	0.99974376603714
Paraquat	Circadian clock	104	-0.000172074825517246	Down	0.195731114180545	0.99974376603714
Paraquat	RNA Polymerase III Transcription Initiation From Type 3 Promoter	28	0.0071301175214054	Up	0.196165309545115	0.99974376603714
Paraquat	Processing of SMDT1	15	-0.0102476310739631	Up	0.196377862864275	0.99974376603714
Paraquat	N-Glycan antennae elongation	14	0.0421186137145138	Down	0.197063440728668	0.99974376603714
Paraquat	RHO GTPases activate PKNs	29	0.00781179062959873	Down	0.197544312429362	0.99974376603714
Paraquat	Signaling by FGFR4	35	-0.0110871002395534	Up	0.197859278623289	0.99974376603714
Paraquat	Golgi Cisternae Pericentriolar Stack Reorganization	14	0.00854667914622682	Up	0.19873504205879	0.99974376603714
Paraquat	Turbulent (oscillatory, disturbed) flow shear stress activates signaling by PIEZO1 and integrins in endothelial cells	29	-0.00808874894250364	Up	0.201588910864213	0.99974376603714
Paraquat	Role of phospholipids in phagocytosis	24	-0.00683191995971621	Up	0.202145730178266	0.99974376603714
Paraquat	RUNX2 regulates osteoblast differentiation	21	0.00547255906680169	Down	0.203676828632663	0.99974376603714
Paraquat	Maturation of hRSV A proteins	14	0.0762584719785166	Down	0.204049530885355	0.99974376603714
Paraquat	Synthesis of bile acids and bile salts via 7alpha-hydroxycholesterol	16	-5.78594967850066e-05	Up	0.207638102816447	0.99974376603714
Paraquat	Death Receptor Signaling	141	0.00288152840460808	Up	0.211939583355822	0.99974376603714
Paraquat	Signaling by FGFR3	35	-0.00221125060975357	Up	0.212205479202635	0.99974376603714
Paraquat	Kidney development	28	0.0364739432490378	Down	0.213037368777761	0.99974376603714
Paraquat	Erythropoietin activates Phosphoinositide-3-kinase (PI3K)	11	0.0153868223369277	Up	0.213747424802804	0.99974376603714
Paraquat	GAB1 signalosome	12	0.0761164340213665	Up	0.213902135637493	0.99974376603714
Paraquat	Interferon gamma signaling	67	0.00325194325925261	Down	0.214877318951357	0.99974376603714
Paraquat	Dengue virus activates/modulates innate and adaptive immune responses	19	0.0475689029491047	Down	0.216375918045556	0.99974376603714
Paraquat	RHO GTPases Activate Formins	131	0.0159841787072762	Down	0.217227213542962	0.99974376603714
Paraquat	Negative epigenetic regulation of rRNA expression	45	0.00404788552426816	Up	0.217416922213298	0.99974376603714
Paraquat	Negative regulation of FGFR3 signaling	24	-0.0118553921217886	Up	0.217905452283817	0.99974376603714
Paraquat	Signaling by NOTCH	162	0.00145670358092519	Down	0.218279763046086	0.99974376603714
Paraquat	ZBP1(DAI) mediated induction of type I IFNs	17	-0.00067923701321379	Up	0.219804683202778	0.99974376603714
Paraquat	SUMO E3 ligases SUMOylate target proteins	155	0.0158029124412063	Down	0.224242454324424	0.99974376603714
Paraquat	CaMK IV-mediated phosphorylation of CREB	10	0.00273940147316952	Down	0.225761808058507	0.99974376603714
Paraquat	Carnitine shuttle	13	-0.0170043256750781	Up	0.226362897143382	0.99974376603714
Paraquat	Regulation of CDH1 posttranslational processing and trafficking to plasma membrane	31	0.0208247213430116	Down	0.228480214413178	0.99974376603714
Paraquat	CHD chromatin remodelers	94	0.0127395502898952	Down	0.230175629366768	0.99974376603714
Paraquat	Cargo concentration in the ER	25	0.00199261301061063	Down	0.230264898107897	0.99974376603714
Paraquat	Meiotic synapsis	27	-0.00310042191085685	Down	0.230685727161913	0.99974376603714
Paraquat	JNK (c-Jun kinases) phosphorylation and  activation mediated by activated human TAK1	21	-0.0167901007882999	Up	0.231042725589359	0.99974376603714
Paraquat	RNA Polymerase III Chain Elongation	18	0.0538530994825406	Up	0.232495731346076	0.99974376603714
Paraquat	Aberrant regulation of mitotic G1/S transition in cancer due to RB1 defects	17	0.0425348210094228	Down	0.233594183889063	0.99974376603714
Paraquat	Defective binding of RB1 mutants to E2F1,(E2F2, E2F3)	17	0.0425348210094228	Down	0.233594183889063	0.99974376603714
Paraquat	SUMOylation	161	0.0167758179394029	Down	0.234229888527716	0.99974376603714
Paraquat	Phosphorylation and nuclear translocation of the CRY:PER:kinase complex	14	-0.0285481839629405	Down	0.234516285451125	0.99974376603714
Paraquat	Mitotic Anaphase	213	0.0308092284279037	Down	0.234838745813591	0.99974376603714
Paraquat	NuRD complex assembly	32	0.0168506971713872	Down	0.235300477937477	0.99974376603714
Paraquat	CHD3, CHD4, CHD5 subfamily	36	0.0150651173455336	Down	0.235317399702813	0.99974376603714
Paraquat	Glucose metabolism	73	0.0199263730046494	Down	0.235742876697387	0.99974376603714
Paraquat	Nuclear events mediated by NFE2L2	78	0.0209349162940345	Up	0.235907141361724	0.99974376603714
Paraquat	Constitutive Signaling by NOTCH1 HD+PEST Domain Mutants	57	-0.00114970871879739	Down	0.236404789870451	0.99974376603714
Paraquat	Constitutive Signaling by NOTCH1 PEST Domain Mutants	57	-0.00114970871879739	Down	0.236404789870451	0.99974376603714
Paraquat	Signaling by NOTCH1 HD+PEST Domain Mutants in Cancer	57	-0.00114970871879739	Down	0.236404789870451	0.99974376603714
Paraquat	Signaling by NOTCH1 in Cancer	57	-0.00114970871879739	Down	0.236404789870451	0.99974376603714
Paraquat	Signaling by NOTCH1 PEST Domain Mutants in Cancer	57	-0.00114970871879739	Down	0.236404789870451	0.99974376603714
Paraquat	Early SARS-CoV-2 Infection Events	33	-0.000253596330834282	Down	0.239782228261102	0.99974376603714
Paraquat	Mitotic Metaphase and Anaphase	214	0.0313915231072069	Down	0.240121440573028	0.99974376603714
Paraquat	SHC1 events in ERBB2 signaling	19	-0.0162216589583316	Up	0.240275418597694	0.99974376603714
Paraquat	Glycerophospholipid biosynthesis	104	0.00266796987546741	Down	0.240556256698328	0.99974376603714
Paraquat	RNA Polymerase III Transcription Initiation	36	0.0105590694792539	Up	0.241197256956957	0.99974376603714
Paraquat	Regulation of KIT signaling	15	0.00126296996611161	Down	0.241665469220209	0.99974376603714
Paraquat	Condensation of Prophase Chromosomes	13	0.0689956024640927	Down	0.242090067035709	0.99974376603714
Paraquat	Tryptophan catabolism	10	-0.0435004391160811	Down	0.242146584212669	0.99974376603714
Paraquat	Deactivation of the beta-catenin transactivating complex	39	0.00499779579120784	Down	0.242181575471111	0.99974376603714
Paraquat	Dengue virus modulates apoptosis	16	-0.0229868744833536	Down	0.242671375127394	0.99974376603714
Paraquat	E2F mediated regulation of DNA replication	22	0.108963128203057	Down	0.244459899988508	0.99974376603714
Paraquat	TRAF6 mediated NF-kB activation	21	-0.0204277711959154	Up	0.244824309590461	0.99974376603714
Paraquat	HCMV Early Events	72	0.0154713488272544	Down	0.245001182067502	0.99974376603714
Paraquat	Resolution of Sister Chromatid Cohesion	119	0.0560458442278778	Down	0.24510891358795	0.99974376603714
Paraquat	RORA,B,C and NR1D1 (REV-ERBA) regulate gene expression	24	0.0345195437928854	Down	0.245511402873943	0.99974376603714
Paraquat	ESR-mediated signaling	141	0.0114427004727789	Down	0.248225823214393	0.99974376603714
Paraquat	Receptor Mediated Mitophagy	11	0.00942496252130127	Down	0.248239698991009	0.99974376603714
Paraquat	Biosynthesis of the N-glycan precursor (dolichol lipid-linked oligosaccharide, LLO) and transfer to a nascent protein	75	0.00234515809378705	Down	0.251855257456967	0.99974376603714
Paraquat	RUNX3 regulates NOTCH signaling	13	0.0723229432557322	Down	0.252227745320129	0.99974376603714
Paraquat	TAK1-dependent IKK and NF-kappa-B activation	40	-0.011513806558757	Up	0.252589446640344	0.99974376603714
Paraquat	RAS processing	22	0.000575638443766471	Up	0.252891753828068	0.99974376603714
Paraquat	Acyl chain remodelling of PG	10	-0.0226046576529306	Down	0.252938211496733	0.99974376603714
Paraquat	EML4 and NUDC in mitotic spindle formation	110	0.0401768589399857	Down	0.253090498894007	0.99974376603714
Paraquat	Cristae formation	13	-0.00207992013952819	Down	0.253637378340206	0.99974376603714
Paraquat	RHOD GTPase cycle	49	0.0372337058542898	Down	0.254288454623008	0.99974376603714
Paraquat	Transcriptional and post-translational regulation of MITF-M expression and activity	42	0.0217213768288645	Down	0.254377669561697	0.99974376603714
Paraquat	SUMOylation of DNA methylation proteins	16	0.0478017265157416	Down	0.255694517813624	0.99974376603714
Paraquat	TBC/RABGAPs	43	0.00259671134958634	Up	0.257878044027329	0.99974376603714
Paraquat	Synthesis of substrates in N-glycan biosythesis	60	0.0161312739396747	Down	0.259297959161886	0.99974376603714
Paraquat	Sensory processing of sound	67	0.0279062215347328	Up	0.261884077829094	0.99974376603714
Paraquat	Expression of BMAL (ARNTL), CLOCK, and NPAS2	32	0.0853372667060432	Down	0.262638441028139	0.99974376603714
Paraquat	Recruitment and ATM-mediated phosphorylation of repair and signaling proteins at DNA double strand breaks	42	-0.00499842294992678	Down	0.263444470490404	0.99974376603714
Paraquat	Initiation of coagulation cascade	19	0.0494674850173875	Up	0.263939319073972	0.99974376603714
Paraquat	TP53 Regulates Transcription of Genes Involved in Cytochrome C Release	19	-0.00911133692284546	Down	0.263957399766091	0.99974376603714
Paraquat	Arachidonate metabolism	33	0.0164214695720033	Up	0.264248642545186	0.99974376603714
Paraquat	COPI-independent Golgi-to-ER retrograde traffic	46	0.0180663977532803	Down	0.26440466402867	0.99974376603714
Paraquat	SUMOylation of DNA replication proteins	45	0.0421215726067967	Down	0.264723098679547	0.99974376603714
Paraquat	EPH-Ephrin signaling	86	0.0261199638664133	Down	0.266538586479525	0.99974376603714
Paraquat	tRNA modification in the nucleus and cytosol	41	0.027849094624333	Up	0.266841396642532	0.99974376603714
Paraquat	cGMP effects	14	-0.00292284635678734	Up	0.26747288946347	0.99974376603714
Paraquat	Complex IV assembly	44	0.113273205311899	Up	0.267504589257708	0.99974376603714
Paraquat	Glutamate Neurotransmitter Release Cycle	21	0.0262012965769827	Down	0.26761004581375	0.99974376603714
Paraquat	IL-6-type cytokine receptor ligand interactions	13	0.0111476398774974	Up	0.267946413233642	0.99974376603714
Paraquat	Vitamin B5 (pantothenate) metabolism	16	-0.0409633717919193	Up	0.270774578776893	0.99974376603714
Paraquat	Meiosis	51	0.0196457212813624	Down	0.271122138725386	0.99974376603714
Paraquat	Cell Cycle, Mitotic	474	0.0285649277439777	Down	0.271318542418965	0.99974376603714
Paraquat	TNFR1-induced proapoptotic signaling	23	0.0148468171047164	Up	0.273066351235988	0.99974376603714
Paraquat	Gap junction assembly	20	0.0746160606404164	Down	0.27335725622431	0.99974376603714
Paraquat	ERBB2 Activates PTK6 Signaling	10	-0.0336959407655828	Up	0.275342739702515	0.99974376603714
Paraquat	EPH-ephrin mediated repulsion of cells	48	0.0796917795150638	Down	0.2755312087224	0.99974376603714
Paraquat	SLC-mediated transmembrane transport	178	0.0192734245764102	Down	0.276591388903368	0.99974376603714
Paraquat	Regulation of MITF-M-dependent genes involved in pigmentation	39	-0.011291712618058	Down	0.277417813807803	0.99974376603714
Paraquat	Removal of the Flap Intermediate from the C-strand	17	-0.00209609511886866	Up	0.278301450272019	0.99974376603714
Paraquat	Generation of second messenger molecules	14	-0.00868311387445057	Down	0.279208338335073	0.99974376603714
Paraquat	Glutathione conjugation	26	0.04697996783677	Up	0.27997800928271	0.99974376603714
Paraquat	EPHB-mediated forward signaling	40	-0.00248085688278259	Down	0.280165363782278	0.99974376603714
Paraquat	Cardiogenesis	19	-0.00155963497673532	Down	0.281870473171068	0.99974376603714
Paraquat	Beta-oxidation of very long chain fatty acids	10	0.0347440772294411	Down	0.282075148380952	0.99974376603714
Paraquat	Phase 0 - rapid depolarisation	30	0.0326457602918831	Down	0.282534799528799	0.99974376603714
Paraquat	Regulation of gene expression by Hypoxia-inducible Factor	10	0.0613545782979624	Down	0.2828377308561	0.99974376603714
Paraquat	Activated NTRK2 signals through FRS2 and FRS3	10	0.0126480587813484	Up	0.282997428919898	0.99974376603714
Paraquat	RNA Polymerase I Transcription	48	-0.00803282675998682	Up	0.283267437769038	0.99974376603714
Paraquat	Synthesis of glycosylphosphatidylinositol (GPI)	17	-0.0382956872374608	Up	0.284688239954247	0.99974376603714
Paraquat	SARS-CoV-2 modulates autophagy	11	-0.0100368225795632	Down	0.287712219298398	0.99974376603714
Paraquat	Programmed Cell Death	163	-6.76256939458142e-05	Down	0.288688131234406	0.99974376603714
Paraquat	Signaling by FGFR1	43	0.00984894907691413	Up	0.288738907674265	0.99974376603714
Paraquat	Signaling by NTRK2 (TRKB)	23	0.0207174197474157	Up	0.291052880653871	0.99974376603714
Paraquat	Prolactin receptor signaling	10	0.0601061747668492	Up	0.292427867901192	0.99974376603714
Paraquat	Metabolism of steroids	120	0.00368941093034204	Down	0.29364453899639	0.99974376603714
Paraquat	Activation of RAC1	13	0.156730657491641	Down	0.294870430988066	0.99974376603714
Paraquat	Free fatty acids regulate insulin secretion	10	-0.0204290656402871	Up	0.295129037018715	0.99974376603714
Paraquat	SLC transporter disorders	67	0.0111386346757796	Down	0.295692245121845	0.99974376603714
Paraquat	Nuclear Envelope Breakdown	52	0.0463645401652196	Down	0.295755489100448	0.99974376603714
Paraquat	Activation of anterior HOX genes in hindbrain development during early embryogenesis	49	0.00901751331722831	Down	0.297657396410058	0.99974376603714
Paraquat	Activation of HOX genes during differentiation	49	0.00901751331722831	Down	0.297657396410058	0.99974376603714
Paraquat	FOXO-mediated transcription of cell death genes	15	-0.0136020059719188	Down	0.299236732244083	0.99974376603714
Paraquat	MITF-M-regulated melanocyte development	131	0.00633783716547445	Down	0.299453752362392	0.99974376603714
Paraquat	M Phase	330	0.0268407275770669	Down	0.300600813868346	0.99974376603714
Paraquat	G-protein beta:gamma signalling	26	0.0242170483995397	Up	0.300707844589933	0.99974376603714
Paraquat	Regulation of PTEN gene transcription	59	0.0037851961366529	Down	0.300720669561108	0.99974376603714
Paraquat	Germ layer formation at gastrulation	12	0.0502921876773468	Down	0.300888012308024	0.99974376603714
Paraquat	COPI-mediated anterograde transport	91	0.0158028778761882	Down	0.302962304053254	0.99974376603714
Paraquat	Spry regulation of FGF signaling	15	-0.00518403239662021	Up	0.30317754254443	0.99974376603714
Paraquat	Mitochondrial calcium ion transport	21	0.0251238205917994	Up	0.304471900902723	0.99974376603714
Paraquat	Tight junction interactions	17	-0.000713747134739803	Up	0.305212498926614	0.99974376603714
Paraquat	Depolymerization of the Nuclear Lamina	15	-0.0423169326366988	Down	0.307045651936037	0.99974376603714
Paraquat	Nitric oxide stimulates guanylate cyclase	17	0.00320277432939088	Up	0.307651606636829	0.99974376603714
Paraquat	Fatty acyl-CoA biosynthesis	31	0.00948666719643005	Down	0.308355426702711	0.99974376603714
Paraquat	NOTCH4 Activation and Transmission of Signal to the Nucleus	11	-0.0266258701749257	Down	0.310290434454581	0.99974376603714
Paraquat	Phase II - Conjugation of compounds	55	0.0120467508808984	Up	0.310477334893185	0.99974376603714
Paraquat	GPVI-mediated activation cascade	26	-0.0146305098917635	Down	0.311197648247383	0.99974376603714
Paraquat	Ethanol oxidation	10	-0.0488271862306563	Down	0.311532857715347	0.99974376603714
Paraquat	Cellular response to starvation	150	0.18732827379928	Up	0.311622787768248	0.99974376603714
Paraquat	Downstream signal transduction	27	0.00442763888796517	Up	0.311961606311506	0.99974376603714
Paraquat	NOTCH2 intracellular domain regulates transcription	12	0.145115335852835	Down	0.312120824754976	0.99974376603714
Paraquat	Regulation of Expression and Function of Type II Classical Cadherins	25	0.0510696712010495	Down	0.313328519107605	0.99974376603714
Paraquat	NoRC negatively regulates rRNA expression	42	0.00535077124472739	Up	0.31369399890602	0.99974376603714
Paraquat	Nucleotide salvage	20	0.0352248165310731	Down	0.313858728146244	0.99974376603714
Paraquat	Negative regulation of the PI3K/AKT network	88	0.00502832463421903	Up	0.315225265941699	0.99974376603714
Paraquat	SRC activates STAT3 in a quantitative manner, through Cadherin-11 (CDH11), RAC1 and gp130 (IL6ST)	20	0.0034694357084077	Down	0.316237853028147	0.99974376603714
Paraquat	Regulation of pyruvate dehydrogenase (PDH) complex	14	-0.0289364775231291	Down	0.316440028259648	0.99974376603714
Paraquat	Downstream signaling of activated FGFR4	22	-0.0156154577521726	Up	0.31736624513901	0.99974376603714
Paraquat	Cellular Senescence	123	0.00424595268696986	Down	0.317861103889083	0.99974376603714
Paraquat	Clathrin-mediated endocytosis	130	0.00583729580813446	Down	0.318478271063968	0.99974376603714
Paraquat	ISG15 antiviral mechanism	70	0.0203725635875001	Down	0.318684768420903	0.99974376603714
Paraquat	G beta:gamma signalling through CDC42	17	0.00693504641529262	Up	0.31973799815604	0.99974376603714
Paraquat	FLT3 Signaling	33	0.00390480514246132	Up	0.321023969299509	0.99974376603714
Paraquat	CHD6, CHD7, CHD8, CHD9 subfamily	16	0.034140184637182	Down	0.321138888222087	0.99974376603714
Paraquat	Chromatin organization	293	0.0143475127358763	Down	0.321782784407844	0.99974376603714
Paraquat	Defective B3GALTL causes PpS	31	-0.0146607426037932	Down	0.322619694499143	0.99974376603714
Paraquat	Oncogene Induced Senescence	31	0.0103257666378736	Down	0.322802121315529	0.99974376603714
Paraquat	PI-3K cascade:FGFR4	15	-0.0149230838414099	Up	0.324053875981568	0.99974376603714
Paraquat	Disassembly of the destruction complex and recruitment of AXIN to the membrane	26	0.0106465371889497	Down	0.324267846881939	0.99974376603714
Paraquat	Nucleotide catabolism	26	0.00636530322367791	Down	0.32489711856125	0.99974376603714
Paraquat	ABC transporters in lipid homeostasis	14	0.0197316178759912	Up	0.325518536464278	0.99974376603714
Paraquat	Formation of the dystrophin-glycoprotein complex (DGC)	35	0.0273357894277259	Down	0.326873947248547	0.99974376603714
Paraquat	Intraflagellar transport	43	0.00613246290934951	Down	0.326898571151673	0.99974376603714
Paraquat	ALK mutants bind TKIs	11	0.213786492883118	Down	0.328892385541296	0.99974376603714
Paraquat	Cobalamin (Cbl, vitamin B12) transport and metabolism	17	-0.0416231474502695	Down	0.330023349561367	0.99974376603714
Paraquat	Defects in vitamin and cofactor metabolism	20	-0.0267186775206838	Down	0.330527654227499	0.99974376603714
Paraquat	Separation of Sister Chromatids	170	0.0348763371369358	Down	0.330618990173675	0.99974376603714
Paraquat	Bacterial Infection Pathways	92	0.00133874290461581	Down	0.330690000997244	0.99974376603714
Paraquat	Chromatin modifying enzymes	199	0.0176637540643883	Down	0.330880133631458	0.99974376603714
Paraquat	Factors involved in megakaryocyte development and platelet production	123	0.00197622981742045	Down	0.330981081479013	0.99974376603714
Paraquat	Diseases of hemostasis	14	-0.0375904114109771	Down	0.331884600780733	0.99974376603714
Paraquat	Toll Like Receptor 4 (TLR4) Cascade	119	0.00131319762506171	Up	0.331986581613817	0.99974376603714
Paraquat	Phospholipase C-mediated cascade; FGFR4	10	0.0227688754304126	Up	0.334283439672609	0.99974376603714
Paraquat	RIP-mediated NFkB activation via ZBP1	14	0.00474705947079587	Up	0.334677621989969	0.99974376603714
Paraquat	M-decay: degradation of maternal mRNAs by maternally stored factors	41	0.0582060338086584	Down	0.334737272841875	0.99974376603714
Paraquat	Translesion synthesis by REV1	15	0.0492092982430127	Up	0.336449848996214	0.99974376603714
Paraquat	Regulation of TBK1, IKKε (IKBKE)-mediated activation of IRF3, IRF7	10	-0.0504020121288492	Up	0.337034467440138	0.99974376603714
Paraquat	Maternal to zygotic transition (MZT)	58	0.0315035155623996	Down	0.33788949401764	0.99974376603714
Paraquat	RNA Polymerase III Abortive And Retractive Initiation	41	0.00386115481913403	Up	0.338393901015046	0.99974376603714
Paraquat	RNA Polymerase III Transcription	41	0.00386115481913403	Up	0.338393901015046	0.99974376603714
Paraquat	Transcription of E2F targets under negative control by DREAM complex	19	0.11421739507814	Down	0.339185865231424	0.99974376603714
Paraquat	RA biosynthesis pathway	14	0.024915728212774	Up	0.339864016987737	0.99974376603714
Paraquat	Ubiquinol biosynthesis	13	0.125851545726275	Up	0.339872967834133	0.99974376603714
Paraquat	G-protein activation	18	0.0111212627356425	Up	0.340805464511074	0.99974376603714
Paraquat	L1CAM interactions	110	0.0368288849535425	Down	0.340827068053126	0.99974376603714
Paraquat	Sialic acid metabolism	30	-0.00971549565908783	Down	0.341298806351305	0.99974376603714
Paraquat	PI5P, PP2A and IER3 Regulate PI3K/AKT Signaling	81	0.00271902738931184	Up	0.341431798874988	0.99974376603714
Paraquat	Translesion synthesis by POLI	16	0.0509897790961047	Up	0.342315489619038	0.99974376603714
Paraquat	Translesion synthesis by POLK	16	0.0422768452854537	Up	0.34445890721519	0.99974376603714
Paraquat	Signaling by ALK	27	-0.00631698734370925	Down	0.344494098097012	0.99974376603714
Paraquat	Post-translational protein phosphorylation	74	0.0469193079445895	Down	0.344878878386516	0.99974376603714
Paraquat	Gene Silencing by RNA	38	0.00961645116572381	Down	0.347437207928389	0.99974376603714
Paraquat	Activation of IRF3, IRF7 mediated by TBK1, IKKε (IKBKE)	14	-0.0365948188502399	Up	0.347474788285922	0.99974376603714
Paraquat	Neutrophil degranulation	356	0.0082599519583977	Down	0.348867040958083	0.99974376603714
Paraquat	Sealing of the nuclear envelope (NE) by ESCRT-III	25	0.107835878468372	Down	0.348924057671498	0.99974376603714
Paraquat	MECP2 regulates neuronal receptors and channels	14	-0.00592029520840723	Down	0.349923991344468	0.99974376603714
Paraquat	Elevation of cytosolic Ca2+ levels	13	0.0187889959099272	Up	0.349983240893495	0.99974376603714
Paraquat	STAT3 nuclear events downstream of ALK signaling	11	0.0605259979460401	Down	0.351334116452034	0.99974376603714
Paraquat	Intra-Golgi and retrograde Golgi-to-ER traffic	192	0.00350121804602587	Down	0.351444324569591	0.99974376603714
Paraquat	Signaling by ERBB2	45	-0.00261302891529315	Up	0.353116016270392	0.99974376603714
Paraquat	Co-inhibition by CTLA4	17	-0.042200042698561	Up	0.35386068294029	0.99974376603714
Paraquat	Regulation of MECP2 expression and activity	30	0.152818670186292	Down	0.354878051113522	0.99974376603714
Paraquat	Dual Incision in GG-NER	39	0.04167339089122	Up	0.355454545214311	0.99974376603714
Paraquat	RNA Polymerase III Transcription Termination	23	0.0216612420579192	Up	0.356642852832781	0.99974376603714
Paraquat	p75NTR recruits signalling complexes	12	-0.00287711959686128	Up	0.358340706896814	0.99974376603714
Paraquat	MITF-M-dependent gene expression	98	0.00225225654439389	Down	0.359921049305264	0.99974376603714
Paraquat	Transcriptional regulation of granulopoiesis	25	0.0170763599070057	Down	0.360190481683195	0.99974376603714
Paraquat	TGFBR3 expression	23	0.0513496100926062	Down	0.360302933309955	0.99974376603714
Paraquat	activated TAK1 mediates p38 MAPK activation	22	-0.0133154111818133	Up	0.360710646012602	0.99974376603714
Paraquat	Netrin-1 signaling	38	0.0424531831907148	Down	0.361787151294747	0.99974376603714
Paraquat	Platelet degranulation	92	0.018135824197004	Up	0.362087330282266	0.99974376603714
Paraquat	Mitochondrial translation elongation	102	0.0791431599588655	Up	0.362264050762083	0.99974376603714
Paraquat	Diseases of mitotic cell cycle	38	0.018865245001051	Down	0.362289933511692	0.99974376603714
Paraquat	EPHA-mediated growth cone collapse	26	0.0193924484339554	Down	0.36403096420056	0.99974376603714
Paraquat	Tetrahydrobiopterin (BH4) synthesis, recycling, salvage and regulation	10	-0.0758938910990897	Up	0.364207629413597	0.99974376603714
Paraquat	Platelet activation, signaling and aggregation	202	0.00731032776570507	Up	0.364234374023598	0.99974376603714
Paraquat	Disorders of Nervous System Development	13	0.0571578632542154	Down	0.36458518262377	0.99974376603714
Paraquat	Loss of function of MECP2 in Rett syndrome	13	0.0571578632542154	Down	0.36458518262377	0.99974376603714
Paraquat	Pervasive developmental disorders	13	0.0571578632542154	Down	0.36458518262377	0.99974376603714
Paraquat	Sema3A PAK dependent Axon repulsion	16	0.0261368822627575	Down	0.365740355265738	0.99974376603714
Paraquat	MicroRNA (miRNA) biogenesis	24	-0.00917796761528884	Down	0.366447450326568	0.99974376603714
Paraquat	EGFR downregulation	25	-0.00378314658421211	Up	0.366898167724311	0.99974376603714
Paraquat	Downstream signaling of activated FGFR3	21	-0.00402488386763476	Up	0.367016938282861	0.99974376603714
Paraquat	GRB2 events in ERBB2 signaling	13	-0.0124453359561218	Up	0.367208104658341	0.99974376603714
Paraquat	Gap junction trafficking	31	0.0942107518855688	Down	0.367533971498609	0.99974376603714
Paraquat	Repression of WNT target genes	12	0.0186284106621647	Down	0.367952375359319	0.99974376603714
Paraquat	Gap junction trafficking and regulation	33	0.0866182870913752	Down	0.368119691750356	0.99974376603714
Paraquat	Mitochondrial biogenesis	74	0.000533111128088918	Down	0.368598777001115	0.99974376603714
Paraquat	Regulation of IFNA/IFNB signaling	12	-0.0507544314233709	Down	0.368744338622803	0.99974376603714
Paraquat	RHOF GTPase cycle	39	0.0457574471220109	Down	0.369701718046281	0.99974376603714
Paraquat	NOTCH3 Intracellular Domain Regulates Transcription	24	0.0458146857387865	Down	0.370123532420074	0.99974376603714
Paraquat	Cellular response to chemical stress	174	0.017477188609269	Up	0.370248538657728	0.99974376603714
Paraquat	Regulation of glycolysis by fructose 2,6-bisphosphate metabolism	11	0.0015678623847545	Down	0.370341560833447	0.99974376603714
Paraquat	G0 and Early G1	27	0.117769931904242	Down	0.370810751721457	0.99974376603714
Paraquat	FRS-mediated FGFR4 signaling	17	-0.0105176067315437	Up	0.371261951670927	0.99974376603714
Paraquat	Mitotic Prometaphase	193	0.0449586828881263	Down	0.37269160035442	0.99974376603714
Paraquat	Other interleukin signaling	18	-0.0285527346451732	Up	0.373088246371615	0.99974376603714
Paraquat	Neurotransmitter release cycle	41	0.00280912029858779	Down	0.373253719373737	0.99974376603714
Paraquat	Antimicrobial peptides	10	0.0546262214890139	Up	0.374040836503261	0.99974376603714
Paraquat	Asparagine N-linked glycosylation	281	0.00626715358093133	Down	0.374219223301886	0.99974376603714
Paraquat	Signal transduction by L1	20	0.0157035031303301	Down	0.374611016665634	0.99974376603714
Paraquat	TNFs bind their physiological receptors	14	0.0233647700615351	Up	0.374844544929878	0.99974376603714
Paraquat	RNA Polymerase I Transcription Initiation	43	-0.010607483636623	Up	0.37523498893517	0.99974376603714
Paraquat	Developmental Cell Lineages of the Exocrine Pancreas	22	0.0271966447905923	Down	0.375597174279524	0.99974376603714
Paraquat	Mitochondrial translation	115	0.0765993657694769	Up	0.375929853555264	0.99974376603714
Paraquat	Transcription of E2F targets under negative control by p107 (RBL1) and p130 (RBL2) in complex with HDAC1	16	0.0972121269181658	Down	0.376206351029729	0.99974376603714
Paraquat	Ion transport by P-type ATPases	47	0.0359910436023207	Down	0.377237772911523	0.99974376603714
Paraquat	FRS-mediated FGFR1 signaling	16	0.00278101337509603	Up	0.377734695037125	0.99974376603714
Paraquat	Energy dependent regulation of mTOR by LKB1-AMPK	28	-0.00348038757325261	Up	0.378543018231989	0.99974376603714
Paraquat	Caspase-mediated cleavage of cytoskeletal proteins	11	-0.0071206552504507	Up	0.380170518487567	0.99974376603714
Paraquat	Voltage gated Potassium channels	33	0.0272231127247451	Down	0.380801721242972	0.99974376603714
Paraquat	HCMV Late Events	54	0.0101959470993485	Down	0.380855921906445	0.99974376603714
Paraquat	RAC3 GTPase cycle	86	0.0292741381108323	Down	0.381863912453042	0.99974376603714
Paraquat	Phase 2 - plateau phase	11	-0.00148270300444993	Down	0.382351964432778	0.99974376603714
Paraquat	Membrane binding and targetting of GAG proteins	13	0.142471132978123	Up	0.3828070770725	0.99974376603714
Paraquat	Synthesis And Processing Of GAG, GAGPOL Polyproteins	13	0.142471132978123	Up	0.3828070770725	0.99974376603714
Paraquat	PERK regulates gene expression	29	0.00843206279645544	Up	0.382853706101944	0.99974376603714
Paraquat	RHOV GTPase cycle	37	0.0549676835433837	Down	0.383164188463423	0.99974376603714
Paraquat	Gastrin-CREB signalling pathway via PKC and MAPK	15	0.0315249850660662	Up	0.383622079392788	0.99974376603714
Paraquat	Cyclin A/B1/B2 associated events during G2/M transition	31	0.0863005213620286	Down	0.384360204615559	0.99974376603714
Paraquat	Aberrant regulation of mitotic cell cycle due to RB1 defects	36	0.0247847887952027	Down	0.384478067577481	0.99974376603714
Paraquat	Response to elevated platelet cytosolic Ca2+	97	0.0163492350627533	Up	0.385163452683675	0.99974376603714
Paraquat	Mitochondrial protein degradation	89	0.0406148005808026	Up	0.386160613799183	0.99974376603714
Paraquat	Activation of the pre-replicative complex	32	0.100775184537932	Down	0.386302792136924	0.99974376603714
Paraquat	Complex I biogenesis	65	0.111130228279206	Up	0.386504334792734	0.99974376603714
Paraquat	Response of EIF2AK4 (GCN2) to amino acid deficiency	99	0.361553869364472	Up	0.387431123098046	0.99974376603714
Paraquat	HATs acetylate histones	78	0.0114984151263761	Down	0.38789884588946	0.99974376603714
Paraquat	KEAP1-NFE2L2 pathway	104	0.0110657250971813	Up	0.387899705953366	0.99974376603714
Paraquat	Signaling by SCF-KIT	35	0.0237016436804356	Down	0.38853764554674	0.99974376603714
Paraquat	Regulation of RUNX1 Expression and Activity	18	0.134387999625884	Down	0.388807737816113	0.99974376603714
Paraquat	Synthesis of pyrophosphates in the cytosol	10	-0.0411794518961651	Down	0.389257161156761	0.99974376603714
Paraquat	Mitochondrial translation termination	103	0.0794265381395959	Up	0.389416076785776	0.99974376603714
Paraquat	p75 NTR receptor-mediated signalling	90	0.000870717275428744	Up	0.39057897452933	0.99974376603714
Paraquat	Signaling by FGFR3 in disease	18	0.00696988067596404	Up	0.390591941541965	0.99974376603714
Paraquat	Thromboxane signalling through TP receptor	21	0.00735261284949572	Up	0.390912822620624	0.99974376603714
Paraquat	RHO GTPase cycle	417	0.0139754253985276	Down	0.39114844259614	0.99974376603714
Paraquat	alpha-linolenic (omega3) and linoleic (omega6) acid metabolism	13	0.0121124070498623	Down	0.391329241636215	0.99974376603714
Paraquat	alpha-linolenic acid (ALA) metabolism	13	0.0121124070498623	Down	0.391329241636215	0.99974376603714
Paraquat	Ub-specific processing proteases	141	0.00444103333465165	Down	0.391479728337288	0.99974376603714
Paraquat	RNA polymerase II transcribes snRNA genes	73	0.0157738383361587	Down	0.391526657681212	0.99974376603714
Paraquat	O-glycosylation of TSR domain-containing proteins	32	-0.0123911209862219	Down	0.392348067910884	0.99974376603714
Paraquat	Expression and translocation of olfactory receptors	12	-0.0442951888865898	Up	0.392472106001945	0.99974376603714
Paraquat	Aggrephagy	36	0.0266623157697791	Down	0.392654603676515	0.99974376603714
Paraquat	Regulation of Insulin-like Growth Factor (IGF) transport and uptake by Insulin-like Growth Factor Binding Proteins (IGFBPs)	82	0.0422772624853964	Down	0.393549664228043	0.99974376603714
Paraquat	Activation of the TFAP2 (AP-2) family of transcription factors	10	-0.0303830018166817	Up	0.394383560122118	0.99974376603714
Paraquat	Mitochondrial translation initiation	102	0.0820343542137766	Up	0.394442563046322	0.99974376603714
Paraquat	Mitochondrial ribosome-associated quality control	92	0.109759264195438	Up	0.395256155858555	0.99974376603714
Paraquat	Macroautophagy	133	0.00831076147022522	Down	0.395517465085255	0.99974376603714
Paraquat	Differentiation of naive CD4+ T cells to T helper 2 cells (Th2 cells)	70	0.0261024757044028	Down	0.395647913433916	0.99974376603714
Paraquat	Transcriptional Regulation by MECP2	51	0.0363079685139706	Down	0.396082028530608	0.99974376603714
Paraquat	Competing endogenous RNAs (ceRNAs) regulate PTEN translation	11	0.286032531425118	Down	0.39705612596009	0.99974376603714
Paraquat	Pentose phosphate pathway	13	0.0530402777506849	Up	0.397085572930437	0.99974376603714
Paraquat	ERCC6 (CSB) and EHMT2 (G9a) positively regulate rRNA expression	16	-0.0200758063747223	Down	0.39796441580258	0.99974376603714
Paraquat	NOTCH4 Intracellular Domain Regulates Transcription	20	0.0586416088402099	Down	0.398663538932531	0.99974376603714
Paraquat	Keratinization	43	0.0536366435454694	Up	0.400690335454831	0.99974376603714
Paraquat	Cohesin Loading onto Chromatin	10	0.448900358644754	Down	0.400704283054738	0.99974376603714
Paraquat	Interaction between L1 and Ankyrins	29	0.08138549475181	Down	0.402800439992074	0.99974376603714
Paraquat	PI-3K cascade:FGFR1	14	0.0336078649099535	Up	0.403105218813324	0.99974376603714
Paraquat	Glucagon signaling in metabolic regulation	28	0.0218837644217678	Up	0.403622241972462	0.99974376603714
Paraquat	Platelet calcium homeostasis	24	0.0175146680266257	Up	0.404253169811808	0.99974376603714
Paraquat	Neurotoxicity of clostridium toxins	10	0.0257463880524397	Down	0.404445559733155	0.99974376603714
Paraquat	Amplification  of signal from unattached  kinetochores via a MAD2  inhibitory signal	93	0.077188971779355	Down	0.404728692812368	0.99974376603714
Paraquat	Amplification of signal from the kinetochores	93	0.077188971779355	Down	0.404728692812368	0.99974376603714
Paraquat	Respiratory electron transport	149	0.1080736101706	Up	0.404865415971696	0.99974376603714
Paraquat	Respiratory Syncytial Virus Infection Pathway	94	0.00038236872972311	Down	0.405291378768169	0.99974376603714
Paraquat	Selective autophagy	80	0.00991575213078284	Down	0.40686581779906	0.99974376603714
Paraquat	Platelet Adhesion to exposed collagen	11	-0.01970705754538	Up	0.407008251551028	0.99974376603714
Paraquat	Regulation of lipid metabolism by PPARalpha	104	0.00484942371795499	Down	0.407955693788232	0.99974376603714
Paraquat	GPCR ligand binding	196	0.0268454451533497	Down	0.40901438008433	0.99974376603714
Paraquat	Metabolism of nucleotides	84	0.0174837104454828	Down	0.409497124304083	0.99974376603714
Paraquat	Cell-extracellular matrix interactions	17	0.115669604980736	Up	0.410049688195669	0.99974376603714
Paraquat	RNA Polymerase III Transcription Initiation From Type 1 Promoter	28	0.0303468338341637	Up	0.410907882212166	0.99974376603714
Paraquat	Developmental Cell Lineages	25	0.0242462260094978	Down	0.411374027496389	0.99974376603714
Paraquat	Glycosphingolipid biosynthesis	19	-0.0054857147895839	Up	0.412881207631611	0.99974376603714
Paraquat	Developmental Lineage of Pancreatic Ductal Cells	21	0.0344402060956349	Down	0.413582701509123	0.99974376603714
Paraquat	Developmental Lineage of Pancreatic Endocrine Mid Progenitor Cells	21	0.0344402060956349	Down	0.413582701509123	0.99974376603714
Paraquat	Differentiation of T cells	78	0.0253840995581926	Down	0.413708543446331	0.99974376603714
Paraquat	Uptake and function of anthrax toxins	11	-0.0263616968157523	Down	0.413843607457337	0.99974376603714
Paraquat	Negative regulation of MAPK pathway	42	0.000469437308709184	Up	0.413873252912346	0.99974376603714
Paraquat	Signaling by CSF3 (G-CSF)	27	0.00186879418382726	Up	0.414281145684291	0.99974376603714
Paraquat	Mitotic G1 phase and G1/S transition	136	0.0391217457114557	Down	0.414515917776769	0.99974376603714
Paraquat	Negative regulation of FGFR2 signaling	25	-0.0103018856454798	Up	0.416625160942362	0.99974376603714
Paraquat	Coagulation pathway	33	0.0155985869909272	Up	0.416910785012598	0.99974376603714
Paraquat	TP53 Regulates Transcription of Genes Involved in G1 Cell Cycle Arrest	14	0.10556129526106	Up	0.417498416872767	0.99974376603714
Paraquat	Response of endothelial cells to shear stress	83	0.00567038108797818	Up	0.41752117231393	0.99974376603714
Paraquat	PI3K events in ERBB2 signaling	13	0.0174602443368379	Up	0.419644607270446	0.99974376603714
Paraquat	FGFR1 ligand binding and activation	10	-0.0187193047917234	Up	0.422494669956274	0.99974376603714
Paraquat	Regulation of CDH1 mRNA translation by microRNAs	10	0.225158974745153	Down	0.422579333047454	0.99974376603714
Paraquat	G beta:gamma signalling through PI3Kgamma	20	0.0421281955546009	Up	0.422877063515134	0.99974376603714
Paraquat	Cholesterol biosynthesis via desmosterol (Bloch pathway)	10	0.00133855039596427	Down	0.42343570413476	0.99974376603714
Paraquat	Apoptosis	141	-0.00026932388726318	Down	0.423913768690393	0.99974376603714
Paraquat	RNA Polymerase III Transcription Initiation From Type 2 Promoter	27	0.0257515989872098	Up	0.424143531243071	0.99974376603714
Paraquat	Signaling by MET	72	0.00770920366519944	Down	0.4246731143955	0.99974376603714
Paraquat	Defects of Coagulation cascade	11	-0.0330465672481667	Down	0.425916150210902	0.99974376603714
Paraquat	Translesion Synthesis by POLH	18	0.0621607961248538	Up	0.426589963403831	0.99974376603714
Paraquat	Collagen formation	76	0.0922761268988547	Down	0.426663022029164	0.99974376603714
Paraquat	Crosslinking of collagen fibrils	17	0.0591276950048515	Down	0.42707836895346	0.99974376603714
Paraquat	AKT phosphorylates targets in the nucleus	10	-0.00721539917827179	Down	0.427543218667634	0.99974376603714
Paraquat	Synthesis of Prostaglandins (PG) and Thromboxanes (TX)	11	-0.00897498326318912	Up	0.428057497484564	0.99974376603714
Paraquat	SLC-mediated transport of inorganic anions	23	0.00203580911039172	Up	0.428744528163949	0.99974376603714
Paraquat	SWI/SNF chromatin remodelers	32	-0.00142633048494574	Down	0.42924769877886	0.99974376603714
Paraquat	Regulation of TP53 Activity through Association with Co-factors	13	0.0454091976771881	Down	0.429399896920905	0.99974376603714
Paraquat	Uptake and actions of bacterial toxins	26	-0.0161592716394528	Down	0.429695325755295	0.99974376603714
Paraquat	Constitutive Signaling by NOTCH1 HD Domain Mutants	14	0.0474044962263394	Down	0.429922544406131	0.99974376603714
Paraquat	Signaling by NOTCH1 HD Domain Mutants in Cancer	14	0.0474044962263394	Down	0.429922544406131	0.99974376603714
Paraquat	Collagen biosynthesis and modifying enzymes	59	0.0947330298859511	Down	0.43085234674919	0.99974376603714
Paraquat	Cap-dependent Translation Initiation	117	0.294527546925871	Up	0.431929986356189	0.99974376603714
Paraquat	Eukaryotic Translation Initiation	117	0.294527546925871	Up	0.431929986356189	0.99974376603714
Paraquat	Major pathway of rRNA processing in the nucleolus and cytosol	177	0.145672677777171	Up	0.432325161354479	0.99974376603714
Paraquat	Meiotic recombination	25	0.0428138170798564	Down	0.432489298966531	0.99974376603714
Paraquat	Paradoxical activation of RAF signaling by kinase inactive BRAF	38	0.00425740886428504	Up	0.432907581238969	0.99974376603714
Paraquat	Signaling by moderate kinase activity BRAF mutants	38	0.00425740886428504	Up	0.432907581238969	0.99974376603714
Paraquat	Signaling by RAS mutants	38	0.00425740886428504	Up	0.432907581238969	0.99974376603714
Paraquat	Signaling downstream of RAS mutants	38	0.00425740886428504	Up	0.432907581238969	0.99974376603714
Paraquat	Telomere Extension By Telomerase	23	0.0261536250676864	Down	0.43331415764378	0.99974376603714
Paraquat	Senescence-Associated Secretory Phenotype (SASP)	47	0.00811475485170912	Up	0.433345234045944	0.99974376603714
Paraquat	MAPK1/MAPK3 signaling	224	0.00216512518324905	Up	0.433656005100586	0.99974376603714
Paraquat	MET promotes cell motility	37	0.0207295105656635	Down	0.434255130560226	0.99974376603714
Paraquat	FRS-mediated FGFR3 signaling	16	4.54525609016413e-05	Up	0.434685354886086	0.99974376603714
Paraquat	MyD88:MAL(TIRAP) cascade initiated on plasma membrane	97	-0.000298196053840698	Up	0.434933563426841	0.99974376603714
Paraquat	Toll Like Receptor 2 (TLR2) Cascade	97	-0.000298196053840698	Up	0.434933563426841	0.99974376603714
Paraquat	Toll Like Receptor TLR1:TLR2 Cascade	97	-0.000298196053840698	Up	0.434933563426841	0.99974376603714
Paraquat	Toll Like Receptor TLR6:TLR2 Cascade	97	-0.000298196053840698	Up	0.434933563426841	0.99974376603714
Paraquat	Selenoamino acid metabolism	105	0.339980941539135	Up	0.435560821092669	0.99974376603714
Paraquat	G alpha (z) signalling events	42	0.0194678440266552	Up	0.435616560622159	0.99974376603714
Paraquat	Mitotic Spindle Checkpoint	110	0.0710223938699262	Down	0.435993274091195	0.99974376603714
Paraquat	Toll Like Receptor 3 (TLR3) Cascade	99	0.000582684735012528	Up	0.436142822055147	0.99974376603714
Paraquat	Signaling by Receptor Tyrosine Kinases	460	0.0097653287213107	Down	0.436820058405583	0.99974376603714
Paraquat	Assembly Of The HIV Virion	15	0.139348112451885	Up	0.437432944982591	0.99974376603714
Paraquat	NF-kB is activated and signals survival	12	0.06202646305824	Up	0.437576283917181	0.99974376603714
Paraquat	SHC-mediated cascade:FGFR1	14	-0.0363941089593365	Up	0.438182314444671	0.99974376603714
Paraquat	Regulation of FZD by ubiquitination	16	-0.00420410632151815	Down	0.439416589275755	0.99974376603714
Paraquat	SHC-mediated cascade:FGFR4	15	-0.0262476923002103	Up	0.440412465755505	0.99974376603714
Paraquat	G1/S-Specific Transcription	29	0.102535179001575	Down	0.442535502470679	0.99974376603714
Paraquat	Dengue Virus Genome Translation and Replication	76	0.0330371429173814	Down	0.442786518533422	0.99974376603714
Paraquat	Suppression of phagosomal maturation	13	0.00184757463759479	Down	0.44476326943517	0.99974376603714
Paraquat	Peptide ligand-binding receptors	72	0.0357749770789921	Down	0.445248787649663	0.99974376603714
Paraquat	Defective EXT1 causes exostoses 1, TRPS2 and CHDS	14	0.0861472385890238	Up	0.445344265074033	0.99974376603714
Paraquat	Defective EXT2 causes exostoses 2	14	0.0861472385890238	Up	0.445344265074033	0.99974376603714
Paraquat	NOTCH1 Intracellular Domain Regulates Transcription	46	0.0123414684175433	Down	0.445510203856103	0.99974376603714
Paraquat	Endogenous sterols	16	0.0348286214174224	Down	0.445868389084074	0.99974376603714
Paraquat	Heme signaling	38	0.0745116114796916	Down	0.445952612809974	0.99974376603714
Paraquat	Activation of kainate receptors upon glutamate binding	27	0.0368626292580402	Up	0.446637827364152	0.99974376603714
Paraquat	GRB2:SOS provides linkage to MAPK signaling for Integrins	10	-0.0161699635368068	Up	0.446661331164369	0.99974376603714
Paraquat	PI-3K cascade:FGFR3	14	0.0249897063194956	Up	0.447412583705335	0.99974376603714
Paraquat	Ephrin signaling	18	0.0342294861151409	Down	0.447444107529572	0.99974376603714
Paraquat	GTP hydrolysis and joining of the 60S ribosomal subunit	110	0.322811910956074	Up	0.44798597392384	0.99974376603714
Paraquat	Regulation of BACH1 activity	10	0.103946895177569	Up	0.448275355423191	0.99974376603714
Paraquat	Processive synthesis on the C-strand of the telomere	19	0.0116631334207802	Up	0.448296569720012	0.99974376603714
Paraquat	Gap-filling DNA repair synthesis and ligation in GG-NER	24	0.0552777075526499	Up	0.450843510600018	0.99974376603714
Paraquat	rRNA processing in the nucleus and cytosol	187	0.139000016075547	Up	0.450926579892346	0.99974376603714
Paraquat	ADP signalling through P2Y purinoceptor 12	18	0.0154619305358618	Up	0.451027249798831	0.99974376603714
Paraquat	RHOBTB1 GTPase cycle	23	0.0650485057298916	Up	0.451744863205994	0.99974376603714
Paraquat	Estrogen-dependent nuclear events downstream of ESR-membrane signaling	19	0.015216091754003	Up	0.452337349630497	0.99974376603714
Paraquat	Beta-catenin phosphorylation cascade	17	0.00504170666422366	Down	0.452417192081641	0.99974376603714
Paraquat	rRNA processing	217	0.109471546040305	Up	0.452838778708012	0.99974376603714
Paraquat	L13a-mediated translational silencing of Ceruloplasmin expression	109	0.330561498588283	Up	0.453209789910307	0.99974376603714
Paraquat	SHC1 events in ERBB4 signaling	12	-0.0338234160454349	Up	0.453475934057561	0.99974376603714
Paraquat	Microtubule-dependent trafficking of connexons from Golgi to the plasma membrane	14	0.101394799376357	Down	0.454636124575304	0.99974376603714
Paraquat	Transport of connexons to the plasma membrane	14	0.101394799376357	Down	0.454636124575304	0.99974376603714
Paraquat	Translation	346	0.118791942185254	Up	0.455029586414927	0.99974376603714
Paraquat	ZNF598 and the Ribosome-associated Quality Trigger (RQT) complex dissociate a ribosome stalled on a no-go mRNA	93	0.414101267511057	Up	0.455435970055498	0.99974376603714
Paraquat	PPARA activates gene expression	102	0.00336549270608429	Down	0.455500098350207	0.99974376603714
Paraquat	Selenocysteine synthesis	90	0.444275531357277	Up	0.457456878585319	0.99974376603714
Paraquat	Activation of Ca-permeable Kainate Receptor	10	0.0218503102748917	Up	0.457514938280102	0.99974376603714
Paraquat	Ionotropic activity of kainate receptors	10	0.0218503102748917	Up	0.457514938280102	0.99974376603714
Paraquat	PELO:HBS1L and ABCE1 dissociate a ribosome on a non-stop mRNA	88	0.455435996884354	Up	0.45855045360851	0.99974376603714
Paraquat	RHOG GTPase cycle	70	0.0117080974558746	Down	0.458881708036043	0.99974376603714
Paraquat	TP53 Regulates Transcription of Death Receptors and Ligands	10	0.075255451597035	Down	0.459862976050955	0.99974376603714
Paraquat	Modulation of host responses by IFN-stimulated genes	18	0.00402929851471108	Down	0.459894838522399	0.99974376603714
Paraquat	Global Genome Nucleotide Excision Repair (GG-NER)	82	0.0242043477554832	Up	0.460482365995186	0.99974376603714
Paraquat	Hemostasis	463	0.00679506132964666	Up	0.461094445282321	0.99974376603714
Paraquat	Mitotic G2-G2/M phases	181	0.014716020795659	Down	0.461199250139069	0.99974376603714
Paraquat	Nonsense Mediated Decay (NMD) independent of the Exon Junction Complex (EJC)	93	0.36948604382299	Up	0.461260992320063	0.99974376603714
Paraquat	p130Cas linkage to MAPK signaling for integrins	10	-0.0176452361722601	Up	0.461327340477929	0.99974376603714
Paraquat	DAP12 interactions	22	-0.0336878817216634	Down	0.461984093184065	0.99974376603714
Paraquat	Viral mRNA Translation	87	0.454335383093945	Up	0.463005483935307	0.99974376603714
Paraquat	Nonsense Mediated Decay (NMD) enhanced by the Exon Junction Complex (EJC)	113	0.230041620880401	Up	0.463241018432885	0.99974376603714
Paraquat	Nonsense-Mediated Decay (NMD)	113	0.230041620880401	Up	0.463241018432885	0.99974376603714
Paraquat	Interleukin-6 family signaling	18	0.0241892114513566	Up	0.463366042632729	0.99974376603714
Paraquat	Regulation of CDH1 Expression and Function	133	0.00223652980855566	Down	0.463841558022414	0.99974376603714
Paraquat	Regulation of Expression and Function of Type I Classical Cadherins	133	0.00223652980855566	Down	0.463841558022414	0.99974376603714
Paraquat	Signaling by EGFR in Cancer	19	-0.0250966320552754	Up	0.465619247501501	0.99974376603714
Paraquat	Formation of Incision Complex in GG-NER	41	0.0611706236745093	Up	0.465755113705589	0.99974376603714
Paraquat	Activation of BH3-only proteins	28	0.00739300711550034	Down	0.466218906411247	0.99974376603714
Paraquat	Diseases of signal transduction by growth factor receptors and second messengers	400	0.00485097679956366	Down	0.466421991268811	0.99974376603714
Paraquat	Interleukin-20 family signaling	14	-0.0340586262986043	Up	0.467895837838193	0.99974376603714
Paraquat	NGF-stimulated transcription	35	0.0188628974702161	Down	0.468278551728107	0.99974376603714
Paraquat	NCAM signaling for neurite out-growth	56	0.0389991652489954	Down	0.468345099154964	0.99974376603714
Paraquat	Synthesis of PE	11	0.0316504459705343	Up	0.468786539609007	0.99974376603714
Paraquat	Peptide chain elongation	87	0.488122433614901	Up	0.471349212001205	0.99974376603714
Paraquat	Cytosolic sensors of pathogen-associated DNA	56	-0.00189932400552878	Up	0.472117539945319	0.99974376603714
Paraquat	ADORA2B mediated anti-inflammatory cytokines production	37	0.0178213920002115	Up	0.472302001374977	0.99974376603714
Paraquat	Class B/2 (Secretin family receptors)	54	0.0416463013988313	Down	0.47250576933373	0.99974376603714
Paraquat	MET activates RAP1 and RAC1	10	0.0957182662214705	Down	0.473357230096138	0.99974376603714
Paraquat	Transcriptional regulation of brown and beige adipocyte differentiation	25	0.0408708822949429	Down	0.473666478416538	0.99974376603714
Paraquat	Transcriptional regulation of brown and beige adipocyte differentiation by EBF2	25	0.0408708822949429	Down	0.473666478416538	0.99974376603714
Paraquat	Interleukin-1 signaling	91	0.00569181969050907	Up	0.474286249677498	0.99974376603714
Paraquat	Maturation of TCA enzymes and regulation of TCA cycle	19	0.0983228865283712	Up	0.474466385399842	0.99974376603714
Paraquat	Eukaryotic Translation Elongation	91	0.475567857141719	Up	0.474672153193745	0.99974376603714
Paraquat	Class A/1 (Rhodopsin-like receptors)	128	0.0225421972399204	Down	0.474745382163773	0.99974376603714
Paraquat	Formation of a pool of free 40S subunits	99	0.394913689189456	Up	0.475705906139727	0.99974376603714
Paraquat	Oxidative Stress Induced Senescence	61	0.00251939017791859	Down	0.476584319545323	0.99974376603714
Paraquat	Extra-nuclear estrogen signaling	60	0.00446416702942125	Up	0.476745731458186	0.99974376603714
Paraquat	Degradation of the extracellular matrix	104	0.0392463732787661	Down	0.478558151083042	0.99974376603714
Paraquat	Eukaryotic Translation Termination	90	0.438453445317677	Up	0.47913191438992	0.99974376603714
Paraquat	Prostacyclin signalling through prostacyclin receptor	16	0.0617678665460774	Up	0.479320203618217	0.99974376603714
Paraquat	FCERI mediated MAPK activation	30	0.023600323805651	Down	0.479841919184365	0.99974376603714
Paraquat	SUMOylation of RNA binding proteins	46	0.021245202718496	Down	0.479866020831107	0.99974376603714
Paraquat	Interleukin-4 and Interleukin-13 signaling	70	-0.000772747418986406	Down	0.481312092610155	0.99974376603714
Paraquat	Aflatoxin activation and detoxification	12	0.114532847648001	Down	0.481616003888811	0.99974376603714
Paraquat	Regulation of NPAS4 gene expression	12	0.177039614771831	Down	0.482094665384767	0.99974376603714
Paraquat	Interactions of Vpr with host cellular proteins	36	0.0340439420719502	Down	0.482310494624485	0.99974376603714
Paraquat	Class C/3 (Metabotropic glutamate/pheromone receptors)	14	0.0524500011549948	Down	0.482415678559141	0.99974376603714
Paraquat	DNA Damage/Telomere Stress Induced Senescence	28	0.0113326507442201	Down	0.482569171789128	0.99974376603714
Paraquat	Ion homeostasis	48	0.00922723989285452	Up	0.484417217135368	0.99974376603714
Paraquat	Ras activation upon Ca2+ influx through NMDA receptor	18	-0.00904465311367286	Up	0.485176405139918	0.99974376603714
Paraquat	CREB1 phosphorylation through NMDA receptor-mediated activation of RAS signaling	26	0.0328280111679415	Up	0.48528986612745	0.99974376603714
Paraquat	SUMOylation of transcription factors	17	-0.000725456748276433	Up	0.486151259592946	0.99974376603714
Paraquat	FCERI mediated Ca+2 mobilization	24	0.00381401801920125	Down	0.48715433073942	0.99974376603714
Paraquat	Unfolded Protein Response (UPR)	87	0.0201551037133464	Up	0.48724205209048	0.99974376603714
Paraquat	Formation of the Early Elongation Complex	32	0.028974166147842	Up	0.487307206922362	0.99974376603714
Paraquat	Formation of the HIV-1 Early Elongation Complex	32	0.028974166147842	Up	0.487307206922362	0.99974376603714
Paraquat	Signaling by FGFR2 IIIa TM	19	-0.0125997206649864	Down	0.487370611556749	0.99974376603714
Paraquat	SRP-dependent cotranslational protein targeting to membrane	108	0.352655403985006	Up	0.487572914460307	0.99974376603714
Paraquat	Vasopressin regulates renal water homeostasis via Aquaporins	36	0.0126805386883093	Up	0.489173426908697	0.99974376603714
Paraquat	Regulation of endogenous retroelements by Piwi-interacting RNAs (piRNAs)	35	0.026807367193006	Down	0.490139638334922	0.99974376603714
Paraquat	Telomere C-strand synthesis initiation	12	-0.00693362958979672	Down	0.490853052895076	0.99974376603714
Paraquat	Formation of the ureteric bud	14	0.0537427076235673	Down	0.49215718776591	0.99974376603714
Paraquat	Regulation of MITF-M-dependent genes involved in extracellular matrix, focal adhesion and epithelial-to-mesenchymal transition	10	0.129372619120721	Down	0.492770135758737	0.99974376603714
Paraquat	Ion channel transport	141	0.00880417270817719	Down	0.493528742611062	0.99974376603714
Paraquat	Signaling by RAF1 mutants	35	0.000774253801648084	Up	0.495025700251832	0.99974376603714
Paraquat	Pyroptosis	17	0.0119024991097438	Down	0.495191271462109	0.99974376603714
Paraquat	Signaling by TGF-beta Receptor Complex	88	0.0207219913502205	Up	0.495981671345637	0.99974376603714
Paraquat	Tristetraprolin (TTP, ZFP36) binds and destabilizes mRNA	17	-0.0179132919150865	Down	0.496051352648501	0.99974376603714
Paraquat	Metabolism of vitamins and cofactors	163	0.0101957351251433	Up	0.49621507573632	0.99974376603714
Paraquat	Intrinsic Pathway for Apoptosis	49	0.00883622372340989	Down	0.496392959022546	0.99974376603714
Paraquat	RAC2 GTPase cycle	82	0.0414566695327859	Down	0.498728896994581	0.99974376603714
Paraquat	Influenza Viral RNA Transcription and Replication	133	0.16664318347989	Up	0.498991203367609	0.99974376603714
Paraquat	Synthesis of bile acids and bile salts	26	0.0253896761174558	Up	0.499158261177177	0.99974376603714
Paraquat	G2/M Transition	179	0.0156688815758163	Down	0.499407427783047	0.99974376603714
Paraquat	RMTs methylate histone arginines	30	0.00348504376474252	Down	0.501053963833403	0.99974376603714
Paraquat	Sensory perception of sweet, bitter, and umami (glutamate) taste	20	-0.00348415743504469	Down	0.501454530818223	0.99974376603714
Paraquat	Epigenetic regulation of adipogenesis genes by MLL3 and MLL4 complexes	67	0.0292207078191478	Down	0.502310997465467	0.99974376603714
Paraquat	Epigenetic regulation of gene expression by MLL3 and MLL4 complexes	67	0.0292207078191478	Down	0.502310997465467	0.99974376603714
Paraquat	MLL4 and MLL3 complexes regulate expression of PPARG target genes in adipogenesis and hepatic steatosis	67	0.0292207078191478	Down	0.502310997465467	0.99974376603714
Paraquat	Glycogen breakdown (glycogenolysis)	15	-0.0117101365692949	Down	0.50271820585759	0.99974376603714
Paraquat	Ribosomal scanning and start codon recognition	57	0.232279437149949	Up	0.502866364772483	0.99974376603714
Paraquat	ERKs are inactivated	13	0.0390718113152681	Up	0.504547799746004	0.99974376603714
Paraquat	GPER1 signaling	40	0.0239878867826988	Up	0.50456640277772	0.99974376603714
Paraquat	Ribosome Quality Control (RQC) complex extracts and degrades nascent peptide	101	0.22593757999705	Up	0.504641250982283	0.99974376603714
Paraquat	Signaling by EGFR	45	0.00845659763445337	Up	0.505232046021255	0.99974376603714
Paraquat	NOTCH2 Activation and Transmission of Signal to the Nucleus	21	0.024947226271509	Down	0.505333860569121	0.99974376603714
Paraquat	The NLRP3 inflammasome	12	-0.0441951653832372	Down	0.505738627276533	0.99974376603714
Paraquat	Sensory Perception	166	0.0163459496996655	Up	0.507131461634101	0.99974376603714
Paraquat	RAC1 GTPase cycle	170	0.0353891640013468	Down	0.50743918100025	0.99974376603714
Paraquat	Signaling by Insulin receptor	65	-0.00253048826483091	Up	0.507514715411012	0.99974376603714
Paraquat	Formation of the ternary complex, and subsequently, the 43S complex	50	0.29159059575409	Up	0.507843525474398	0.99974376603714
Paraquat	Downstream signaling of activated FGFR1	24	0.0252196829891088	Up	0.508243546753208	0.99974376603714
Paraquat	Striated Muscle Contraction	32	0.0830219482692767	Up	0.508586488565171	0.99974376603714
Paraquat	Ribosome-associated quality control	141	0.256747058130096	Up	0.50958823091006	0.99974376603714
Paraquat	Extracellular matrix organization	247	0.0470219272310199	Down	0.509630793115452	0.99974376603714
Paraquat	CRMPs in Sema3A signaling	16	0.136773937314581	Down	0.509807261895412	0.99974376603714
Paraquat	MyD88 cascade initiated on plasma membrane	91	0.00261124275588102	Up	0.510741298694874	0.99974376603714
Paraquat	Toll Like Receptor 10 (TLR10) Cascade	91	0.00261124275588102	Up	0.510741298694874	0.99974376603714
Paraquat	Toll Like Receptor 5 (TLR5) Cascade	91	0.00261124275588102	Up	0.510741298694874	0.99974376603714
Paraquat	Specification of the neural plate border	12	-0.00204192295612549	Down	0.511542469488897	0.99974376603714
Paraquat	PI3K Cascade	31	-0.0045316179502161	Up	0.511763184127158	0.99974376603714
Paraquat	Carboxyterminal post-translational modifications of tubulin	37	-0.00553180366776324	Down	0.512378279593684	0.99974376603714
Paraquat	Formation of HIV-1 elongation complex containing HIV-1 Tat	41	0.0180103129952074	Up	0.512481953865945	0.99974376603714
Paraquat	HIV Transcription Elongation	41	0.0180103129952074	Up	0.512481953865945	0.99974376603714
Paraquat	Tat-mediated elongation of the HIV-1 transcript	41	0.0180103129952074	Up	0.512481953865945	0.99974376603714
Paraquat	PTK6 Regulates RHO GTPases, RAS GTPase and MAP kinases	14	0.006979661988235	Up	0.51264162923421	0.99974376603714
Paraquat	Semaphorin interactions	58	0.0507218308456599	Down	0.513138613429417	0.99974376603714
Paraquat	Purine catabolism	12	0.0982681660737949	Down	0.51351108825869	0.99974376603714
Paraquat	Sensory perception of taste	22	-0.00566438063200294	Down	0.514010068882538	0.99974376603714
Paraquat	DS-GAG biosynthesis	10	-0.0532510388845072	Down	0.514127267362733	0.99974376603714
Paraquat	Activation of the mRNA upon binding of the cap-binding complex and eIFs, and subsequent binding to 43S	58	0.22339305698714	Up	0.514334920733429	0.99974376603714
Paraquat	Nicotinate metabolism	24	-0.00434396142904212	Up	0.514545763934275	0.99974376603714
Paraquat	RAF/MAP kinase cascade	220	0.00322136217135721	Up	0.515205393614176	0.99974376603714
Paraquat	TP53 Regulates Transcription of Genes Involved in G2 Cell Cycle Arrest	17	0.0616296822072772	Down	0.515662002773583	0.99974376603714
Paraquat	Negative regulators of DDX58/IFIH1 signaling	32	-0.0163329884441421	Up	0.51666026469182	0.99974376603714
Paraquat	Formation of the anterior neural plate	10	-0.0283050524438993	Down	0.517157567062618	0.99974376603714
Paraquat	SHC-mediated cascade:FGFR3	14	-0.0326238766709297	Up	0.517287599732978	0.99974376603714
Paraquat	Peroxisomal protein import	57	0.0239728557905095	Up	0.517604673380358	0.99974376603714
Paraquat	TNFR2 non-canonical NF-kB pathway	66	0.0463055228258539	Up	0.518396404870927	0.99974376603714
Paraquat	Acyl chain remodelling of PS	11	-0.0150148987380068	Down	0.518630209788751	0.99974376603714
Paraquat	Olfactory Signaling Pathway	18	0.00178504262603559	Up	0.518840603763786	0.99974376603714
Paraquat	Translation initiation complex formation	57	0.225304480719707	Up	0.518857081652069	0.99974376603714
Paraquat	Lysosome Vesicle Biogenesis	33	0.0306932698768958	Down	0.519281952864559	0.99974376603714
Paraquat	Cellular responses to mechanical stimuli	92	0.00832002481851898	Up	0.51929353485856	0.99974376603714
Paraquat	AURKA Activation by TPX2	69	0.00935166142610097	Down	0.519642275032983	0.99974376603714
Paraquat	SUMOylation of DNA damage response and repair proteins	73	0.0265179932643799	Down	0.520313979389432	0.99974376603714
Paraquat	Recognition of DNA damage by PCNA-containing replication complex	29	0.07684097033695	Up	0.520393461819678	0.99974376603714
Paraquat	Assembly of collagen fibrils and other multimeric structures	50	0.0681822635318826	Down	0.521044915779933	0.99974376603714
Paraquat	Diseases of carbohydrate metabolism	30	0.0413346982196678	Down	0.52105904714218	0.99974376603714
Paraquat	Muscle contraction	168	0.0127534592248686	Up	0.521193947563376	0.99974376603714
Paraquat	tRNA processing	122	0.0115997643084645	Up	0.521426499880393	0.99974376603714
Paraquat	Transcriptional Regulation by E2F6	34	0.0602724110652987	Down	0.52150647760429	0.99974376603714
Paraquat	Organelle biogenesis and maintenance	278	0.00888723154918094	Down	0.521669336709132	0.99974376603714
Paraquat	NCAM1 interactions	36	0.0492938668461116	Down	0.522799594854853	0.99974376603714
Paraquat	RHOU GTPase cycle	39	0.0578587469716637	Down	0.524145460746141	0.99974376603714
Paraquat	Transcription of the HIV genome	68	0.0178795297102515	Up	0.524417547892345	0.99974376603714
Paraquat	Vpr-mediated nuclear import of PICs	33	0.0673794064359206	Down	0.52491095435528	0.99974376603714
Paraquat	Hedgehog 'on' state	69	0.0168438285265757	Down	0.526967222333421	0.99974376603714
Paraquat	Influenza Infection	152	0.130035415832404	Up	0.52955994181569	0.99974376603714
Paraquat	BBSome-mediated cargo-targeting to cilium	23	0.0311036883042019	Up	0.529820998739942	0.99974376603714
Paraquat	E3 ubiquitin ligases ubiquitinate target proteins	43	0.0328877585623827	Down	0.530811557276867	0.99974376603714
Paraquat	Class I MHC mediated antigen processing & presentation	345	0.00313820892309454	Down	0.531594688070998	0.99974376603714
Paraquat	Processing of Intronless Pre-mRNAs	20	0.00197629662164118	Down	0.531936486986458	0.99974376603714
Paraquat	RHOBTB GTPase Cycle	35	0.040418337444446	Up	0.532732250198106	0.99974376603714
Paraquat	MyD88-independent TLR4 cascade	101	0.00245366921753856	Up	0.53275330542495	0.99974376603714
Paraquat	TRIF (TICAM1)-mediated TLR4 signaling	101	0.00245366921753856	Up	0.53275330542495	0.99974376603714
Paraquat	Mitotic Prophase	81	0.0368145129378256	Down	0.533247329667762	0.99974376603714
Paraquat	Induction of Cell-Cell Fusion	11	-0.0623612978552912	Up	0.533640149132925	0.99974376603714
Paraquat	CREB1 phosphorylation through the activation of Adenylate Cyclase	10	0.210465307930594	Up	0.53367968812755	0.99974376603714
Paraquat	Laminin interactions	28	0.0506406932611339	Down	0.533858619391959	0.99974376603714
Paraquat	Potassium Channels	80	0.0182592570284989	Down	0.533871450362145	0.99974376603714
Paraquat	Nonhomologous End-Joining (NHEJ)	32	0.0526045100682791	Down	0.534242426112326	0.99974376603714
Paraquat	Signaling by Hedgehog	129	0.00486641849839506	Down	0.535812436711169	0.99974376603714
Paraquat	Regulation of gene expression in late stage (branching morphogenesis) pancreatic bud precursor cells	15	0.0932391892255481	Down	0.537405824345041	0.99974376603714
Paraquat	Aquaporin-mediated transport	41	0.0121476048907042	Up	0.537489929587003	0.99974376603714
Paraquat	VLDLR internalisation and degradation	15	0.0907222600638478	Up	0.53791720452688	0.99974376603714
Paraquat	Signaling by Hippo	20	0.0632095625236453	Down	0.538078346364995	0.99974376603714
Paraquat	Methylation	11	-0.0411896924499758	Up	0.538454521899636	0.99974376603714
Paraquat	Formation of apoptosome	11	0.104232181885222	Down	0.539039919705252	0.99974376603714
Paraquat	Regulation of the apoptosome activity	11	0.104232181885222	Down	0.539039919705252	0.99974376603714
Paraquat	Autophagy	145	0.0117628057776813	Down	0.539588545728642	0.99974376603714
Paraquat	Insulin receptor signalling cascade	40	0.00304673862687467	Up	0.540509454897377	0.99974376603714
Paraquat	Activated NOTCH1 Transmits Signal to the Nucleus	30	0.0365897941389007	Down	0.54215697247446	0.99974376603714
Paraquat	MAP3K8 (TPL2)-dependent MAPK1/3 activation	15	0.0317536599040955	Down	0.542459336752781	0.99974376603714
Paraquat	Sensory processing of sound by inner hair cells of the cochlea	60	0.0348923011342189	Up	0.543641769032502	0.99974376603714
Paraquat	Immunoregulatory interactions between a Lymphoid and a non-Lymphoid cell	58	0.022362631086586	Up	0.544629036895458	0.99974376603714
Paraquat	Integrin signaling	22	0.0234847958545756	Up	0.545025528420955	0.99974376603714
Paraquat	MAPK6/MAPK4 signaling	72	0.0104038359004495	Down	0.545026492709227	0.99974376603714
Paraquat	Interleukin-1 family signaling	110	0.000790131757357175	Up	0.545152492850941	0.99974376603714
Paraquat	G1/S Transition	119	0.056186060909483	Down	0.54596105936959	0.99974376603714
Paraquat	DDX58/IFIH1-mediated induction of interferon-alpha/beta	61	-0.0111125565263681	Up	0.546453759877236	0.99974376603714
Paraquat	Non-integrin membrane-ECM interactions	73	0.0246156292277326	Down	0.546938829110215	0.99974376603714
Paraquat	PIP3 activates AKT signaling	231	0.00220350001788194	Down	0.546986088240727	0.99974376603714
Paraquat	Affinity selection of immunoglobulins	248	0.00163432416164707	Down	0.547329726253695	0.99974376603714
Paraquat	Immunoglobulin maturation	248	0.00163432416164707	Down	0.547329726253695	0.99974376603714
Paraquat	NOTCH3 Activation and Transmission of Signal to the Nucleus	23	0.0485725918825661	Down	0.547404356087604	0.99974376603714
Paraquat	Interferon Signaling	276	0.0163886464369022	Down	0.548730362661001	0.99974376603714
Paraquat	Maturation of nucleoprotein_9694631	14	-0.0444850051522317	Down	0.548908270553535	0.99974376603714
Paraquat	Signaling by FGFR1 in disease	33	0.0499083609049759	Up	0.548970274933362	0.99974376603714
Paraquat	Interleukin receptor SHC signaling	19	-0.0221757672399537	Up	0.549095707741327	0.99974376603714
Paraquat	Pre-NOTCH Transcription and Translation	33	0.0910711963332579	Down	0.549559669387963	0.99974376603714
Paraquat	RAB geranylgeranylation	60	0.0233378770905632	Down	0.550126372020748	0.99974376603714
Paraquat	Bile acid and bile salt metabolism	32	0.00605186178053798	Up	0.550261502404022	0.99974376603714
Paraquat	ATF4 activates genes in response to endoplasmic reticulum  stress	24	-0.007047977259987	Up	0.550633248907005	0.99974376603714
Paraquat	Transcriptional activation of mitochondrial biogenesis	53	0.00899919794800575	Down	0.550781017189967	0.99974376603714
Paraquat	Acetylcholine Neurotransmitter Release Cycle	16	0.0170162138475471	Down	0.551072239062822	0.99974376603714
Paraquat	Signaling by ERBB2 TMD/JMD mutants	19	-0.0181953361550804	Up	0.551105374621318	0.99974376603714
Paraquat	Signaling by LTK	10	-0.0545104886342542	Up	0.551205217462226	0.99974376603714
Paraquat	RHOC GTPase cycle	70	0.0136583051963654	Down	0.551830775850845	0.99974376603714
Paraquat	Interactions of Rev with host cellular proteins	36	0.0546276196080578	Down	0.552218110757897	0.99974376603714
Paraquat	Activation of STAT3 by cadherin engagement	70	0.0176205778721504	Up	0.552561410326242	0.99974376603714
Paraquat	IRS-mediated signalling	35	-0.00010228835120658	Up	0.55292249621768	0.99974376603714
Paraquat	Somatic hypermutation of immunoglobulin genes	156	0.00137325864964932	Up	0.553366442575004	0.99974376603714
Paraquat	TGFBR3 PTM regulation	11	-0.0458313741155908	Down	0.553844359054113	0.99974376603714
Paraquat	CLEC7A (Dectin-1) signaling	78	0.014985353945423	Up	0.555351412155206	0.99974376603714
Paraquat	Prolonged ERK activation events	14	0.0224837285305519	Down	0.55562424993357	0.99974376603714
Paraquat	Regulation of MITF-M-dependent genes involved in apoptosis	16	0.180078016258313	Down	0.555810181132709	0.99974376603714
Paraquat	Pre-NOTCH Expression and Processing	49	0.0486845979732643	Down	0.55667938519577	0.99974376603714
Paraquat	Deadenylation of mRNA	23	0.0649485407413119	Down	0.556873350981839	0.99974376603714
Paraquat	Gamma carboxylation, hypusinylation, hydroxylation, and arylsulfatase activation	54	0.0245689415999783	Up	0.558182121024044	0.99974376603714
Paraquat	Metabolism of water-soluble vitamins and cofactors	107	-0.00153615947114024	Up	0.558563813269826	0.99974376603714
Paraquat	Formation of the polybromo-BAF (pBAF) complex	18	-0.0334042184185909	Down	0.559738857558707	0.99974376603714
Paraquat	N-glycan antennae elongation in the medial/trans-Golgi	22	0.0441868842972505	Down	0.560580544106734	0.99974376603714
Paraquat	Signaling by NOTCH4	71	0.0173641117728506	Down	0.560624911838507	0.99974376603714
Paraquat	Fanconi Anemia Pathway	35	0.0145936679551691	Up	0.560719097270101	0.99974376603714
Paraquat	Lewis blood group biosynthesis	12	-0.01454091602219	Down	0.56145996092198	0.99974376603714
Paraquat	Glucagon-like Peptide-1 (GLP1) regulates insulin secretion	34	0.0240657266109158	Up	0.561956480488928	0.99974376603714
Paraquat	FGFR1 mutant receptor activation	26	0.0357674557867975	Up	0.562747533857197	0.99974376603714
Paraquat	Attachment and Entry_9694614	16	0.0871624242601326	Up	0.564382474799217	0.99974376603714
Paraquat	Triglyceride metabolism	23	-0.00296197030169266	Down	0.564460079619891	0.99974376603714
Paraquat	Mismatch repair (MMR) directed by MSH2:MSH3 (MutSbeta)	14	0.0607138507893039	Up	0.565028060981414	0.99974376603714
Paraquat	Phospholipid metabolism	178	0.00325007808471367	Down	0.566471391477499	0.99974376603714
Paraquat	Unblocking of NMDA receptors, glutamate binding and activation	19	-0.0121446682141799	Up	0.567031870151869	0.99974376603714
Paraquat	Biosynthesis of specialized proresolving mediators (SPMs)	11	0.0695840890388819	Up	0.567065011071516	0.99974376603714
Paraquat	Aspirin ADME	11	-0.0392589167347493	Up	0.567520174157375	0.99974376603714
Paraquat	MyD88 dependent cascade initiated on endosome	93	0.00196430349848861	Up	0.56817676243125	0.99974376603714
Paraquat	SARS-CoV-2 modulates host translation machinery	48	0.336935500850807	Up	0.56842048920685	0.99974376603714
Paraquat	Assembly of the 9+2 motile cilia	24	0.0502101027370739	Down	0.568766344888768	0.99974376603714
Paraquat	Transcriptional regulation of multiciliogenesis	24	0.0502101027370739	Down	0.568766344888768	0.99974376603714
Paraquat	TRP channels	13	-0.0163883006874643	Down	0.569337618695127	0.99974376603714
Paraquat	Formation of HIV elongation complex in the absence of HIV Tat	43	0.0101637504066945	Up	0.569491167956457	0.99974376603714
Paraquat	Formation of tubulin folding intermediates by CCT/TriC	22	0.120470101962046	Down	0.56958517826056	0.99974376603714
Paraquat	Viral Messenger RNA Synthesis	43	0.0075333020466836	Down	0.56981073581992	0.99974376603714
Paraquat	NRAGE signals death through JNK	55	0.012807634794578	Down	0.569968433419308	0.99974376603714
Paraquat	Diseases associated with glycosylation precursor biosynthesis	16	0.0124136041061111	Down	0.570327550558056	0.99974376603714
Paraquat	Signalling to ERKs	34	0.00925149980139092	Down	0.570370423827602	0.99974376603714
Paraquat	Gap junction degradation	12	0.026411343667432	Down	0.570667937787645	0.99974376603714
Paraquat	Regulation of CDH1 Gene Transcription	38	0.0388633108895921	Down	0.571030896324999	0.99974376603714
Paraquat	Inactivation of CSF3 (G-CSF) signaling	22	0.0155227103585848	Up	0.572212263002831	0.99974376603714
Paraquat	Regulation of clotting cascade	31	0.0189899807857159	Up	0.572388010433494	0.99974376603714
Paraquat	Protein ubiquitination	63	0.023219366105594	Down	0.572571243763423	0.99974376603714
Paraquat	AKT phosphorylates targets in the cytosol	14	0.0104042803178934	Up	0.57261415385871	0.99974376603714
Paraquat	G beta:gamma signalling through BTK	14	0.0497048961027134	Up	0.572900807924476	0.99974376603714
Paraquat	Dopamine Neurotransmitter Release Cycle	22	0.0238009612956008	Down	0.574292572152345	0.99974376603714
Paraquat	Transport of the SLBP independent Mature mRNA	34	0.0847653541215865	Down	0.574469596003391	0.99974376603714
Paraquat	Transport of the SLBP Dependant Mature mRNA	35	0.0832057574935975	Down	0.575923945968356	0.99974376603714
Paraquat	High laminar flow shear stress activates signaling by PIEZO1 and PECAM1:CDH5:KDR in endothelial cells	60	0.0180196288930128	Up	0.57640756670919	0.99974376603714
Paraquat	Regulation of expression of SLITs and ROBOs	154	0.188948373450587	Up	0.577156977052651	0.99974376603714
Paraquat	SUMOylation of chromatin organization proteins	56	0.0217764606484681	Down	0.578689631219862	0.99974376603714
Paraquat	Disorders of Developmental Biology	18	0.0490011798689091	Down	0.578786742955875	0.99974376603714
Paraquat	Transport of Ribonucleoproteins into the Host Nucleus	31	0.0855905196026013	Down	0.580138386816617	0.99974376603714
Paraquat	RHO GTPases activate IQGAPs	25	0.0412369862336302	Down	0.580665904687513	0.99974376603714
Paraquat	Synthesis of IP3 and IP4 in the cytosol	24	0.034021787063935	Down	0.581683835815072	0.99974376603714
Paraquat	Synthesis of PIPs at the early endosome membrane	16	0.150302985227186	Down	0.582239591945835	0.99974376603714
Paraquat	Transcription-Coupled Nucleotide Excision Repair (TC-NER)	74	0.0269994321817072	Up	0.582368758386896	0.99974376603714
Paraquat	HSF1 activation	24	0.13154515652554	Up	0.582419827118592	0.99974376603714
Paraquat	TRAF6 mediated induction of NFkB and MAP kinases upon TLR7/8 or 9 activation	92	0.00274006206472039	Up	0.582435523321735	0.99974376603714
Paraquat	Toll Like Receptor 7/8 (TLR7/8) Cascade	94	0.00198757205819504	Up	0.58361322642158	0.99974376603714
Paraquat	Signaling by ERBB2 KD Mutants	22	0.0080165120817539	Up	0.584340384131031	0.99974376603714
Paraquat	ROS and RNS production in phagocytes	30	0.0399216328378988	Up	0.585079307620682	0.99974376603714
Paraquat	Cargo trafficking to the periciliary membrane	64	-0.00587903623874781	Down	0.585537833101128	0.99974376603714
Paraquat	Formation of Senescence-Associated Heterochromatin Foci (SAHF)	11	0.0417551996057786	Down	0.585594513534115	0.99974376603714
Paraquat	Advanced glycosylation endproduct receptor signaling	11	-0.0082403729463931	Up	0.5858131212207	0.99974376603714
Paraquat	Regulation of PLK1 Activity at G2/M Transition	83	0.019328173691266	Down	0.58616947242753	0.99974376603714
Paraquat	HS-GAG degradation	19	0.0572144746521409	Up	0.586464959230503	0.99974376603714
Paraquat	Impaired BRCA2 binding to PALB2	24	0.137968952221339	Down	0.586727580699032	0.99974376603714
Paraquat	Presynaptic depolarization and calcium channel opening	10	0.0675883781775302	Up	0.587848775051002	0.99974376603714
Paraquat	Establishment of Sister Chromatid Cohesion	11	0.434402507590508	Down	0.587858944101272	0.99974376603714
Paraquat	Mitochondrial Fatty Acid Beta-Oxidation	28	0.0820457955295632	Up	0.588313111890836	0.99974376603714
Paraquat	SMAD2/SMAD3:SMAD4 heterotrimer regulates transcription	34	-0.00676350751789108	Up	0.588785610022966	0.99974376603714
Paraquat	Response of Mtb to phagocytosis	22	0.0137075257791487	Down	0.589469938261267	0.99974376603714
Paraquat	O-linked glycosylation of mucins	42	0.00390104443636905	Up	0.590004950464375	0.99974376603714
Paraquat	Adipogenesis	93	0.0107972517031398	Down	0.590710498683221	0.99974376603714
Paraquat	Assembly and cell surface presentation of NMDA receptors	36	0.0158813507520934	Down	0.592720826142249	0.99974376603714
Paraquat	DNA Double Strand Break Response	79	0.0166041761290361	Down	0.593822591470001	0.99974376603714
Paraquat	Protein hydroxylation	18	0.0177569900963704	Up	0.593836083475399	0.99974376603714
Paraquat	Metabolism of amino acids and derivatives	304	0.0956530666671178	Up	0.593988992021957	0.99974376603714
Paraquat	RND1 GTPase cycle	36	0.0498577132793977	Down	0.594347057412237	0.99974376603714
Paraquat	Antigen processing: Ub, ATP-independent proteasomal degradation	17	0.126559733093823	Down	0.594454760488716	0.99974376603714
Paraquat	IFIT antiviral response	55	0.230619607264429	Up	0.595136135511741	0.99974376603714
Paraquat	Deregulated CDK5 triggers multiple neurodegenerative pathways in Alzheimer's disease models	20	0.0458847376506265	Down	0.596572675883539	0.99974376603714
Paraquat	Neurodegenerative Diseases	20	0.0458847376506265	Down	0.596572675883539	0.99974376603714
Paraquat	rRNA modification in the nucleus and cytosol	59	0.0378104072544132	Up	0.597252936963474	0.99974376603714
Paraquat	RHO GTPases activate PAKs	19	0.00268983926457156	Down	0.600086046045877	0.99974376603714
Paraquat	Integrin cell surface interactions	63	0.0398160854434357	Up	0.600576263904254	0.99974376603714
Paraquat	Rap1 signalling	15	0.0394672031874995	Up	0.601757007931563	0.99974376603714
Paraquat	G beta:gamma signalling through PLC beta	17	0.0571731356283788	Up	0.601933589786583	0.99974376603714
Paraquat	Citric acid cycle (TCA cycle)	32	0.046062262007932	Up	0.602891248357806	0.99974376603714
Paraquat	DARPP-32 events	23	0.0332922722890968	Up	0.602962949877905	0.99974376603714
Paraquat	Apoptotic factor-mediated response	17	0.010811725901928	Down	0.60426153202744	0.99974376603714
Paraquat	RHOA GTPase cycle	139	0.0100779442510204	Down	0.60729605154178	0.99974376603714
Paraquat	SARS-CoV-1 modulates host translation machinery	35	0.485966010062098	Up	0.607518284031545	0.99974376603714
Paraquat	LDL clearance	17	0.0301844693638574	Down	0.607780003095255	0.99974376603714
Paraquat	Tie2 Signaling	13	0.0104402274527913	Up	0.608397552457477	0.99974376603714
Paraquat	FCGR3A-mediated phagocytosis	57	0.0235752337018564	Down	0.608692601980295	0.99974376603714
Paraquat	Leishmania phagocytosis	57	0.0235752337018564	Down	0.608692601980295	0.99974376603714
Paraquat	Parasite infection	57	0.0235752337018564	Down	0.608692601980295	0.99974376603714
Paraquat	HDR through Homologous Recombination (HRR)	65	0.0700917245433563	Up	0.610033259243646	0.99974376603714
Paraquat	Integration of energy metabolism	92	0.0177460644276329	Up	0.610790710397247	0.99974376603714
Paraquat	Caspase activation via extrinsic apoptotic signalling pathway	19	0.0617735622083668	Down	0.610864309927143	0.99974376603714
Paraquat	p53-Dependent G1 DNA Damage Response	50	0.0618326275899014	Up	0.613001516181835	0.99974376603714
Paraquat	p53-Dependent G1/S DNA damage checkpoint	50	0.0618326275899014	Up	0.613001516181835	0.99974376603714
Paraquat	Nucleotide Excision Repair	106	0.0178593744960317	Up	0.614749639254622	0.99974376603714
Paraquat	MET activates RAS signaling	10	-0.0606304878072578	Up	0.615126701593551	0.99974376603714
Paraquat	Cell junction organization	226	0.00105225392395418	Up	0.615558995723624	0.99974376603714
Paraquat	Transcriptional regulation by the AP-2 (TFAP2) family of transcription factors	30	0.0188221035873728	Down	0.616566746889138	0.99974376603714
Paraquat	STING mediated induction of host immune responses	12	-0.0128082836138101	Down	0.617562928296282	0.99974376603714
Paraquat	HIV Transcription Initiation	46	0.0437816073088201	Up	0.617680262815405	0.99974376603714
Paraquat	RNA Polymerase II HIV Promoter Escape	46	0.0437816073088201	Up	0.617680262815405	0.99974376603714
Paraquat	RNA Polymerase II Promoter Escape	46	0.0437816073088201	Up	0.617680262815405	0.99974376603714
Paraquat	RNA Polymerase II Transcription Initiation	46	0.0437816073088201	Up	0.617680262815405	0.99974376603714
Paraquat	RNA Polymerase II Transcription Initiation And Promoter Clearance	46	0.0437816073088201	Up	0.617680262815405	0.99974376603714
Paraquat	RNA Polymerase II Transcription Pre-Initiation And Promoter Opening	46	0.0437816073088201	Up	0.617680262815405	0.99974376603714
Paraquat	Molecules associated with elastic fibres	32	0.0189490724131473	Up	0.618268833153597	0.99974376603714
Paraquat	Translation of Structural Proteins_9683701	27	0.0328608219607605	Up	0.621826939280695	0.99974376603714
Paraquat	Cell Cycle Checkpoints	249	0.0506929754362925	Down	0.622224444026365	0.99974376603714
Paraquat	Erythropoietin activates RAS	14	-0.0194681692833273	Up	0.622255827569967	0.99974376603714
Paraquat	Dual incision in TC-NER	61	0.0376876997985194	Up	0.623118770029634	0.99974376603714
Paraquat	Signaling by PDGFRA extracellular domain mutants	11	0.0723806065625174	Up	0.6231668992368	0.99974376603714
Paraquat	Signaling by PDGFRA transmembrane, juxtamembrane and kinase domain mutants	11	0.0723806065625174	Up	0.6231668992368	0.99974376603714
Paraquat	S Phase	149	0.0462765629686536	Down	0.623465315761422	0.99974376603714
Paraquat	Formation of WDR5-containing histone-modifying complexes	42	0.0255169358308181	Up	0.623603223391048	0.99974376603714
Paraquat	The phototransduction cascade	23	0.00160666663668664	Down	0.624531967500307	0.99974376603714
Paraquat	RHO GTPases Activate WASPs and WAVEs	34	0.00447990601225634	Down	0.625506100995526	0.99974376603714
Paraquat	IGF1R signaling cascade	39	0.00274061392041862	Up	0.626376524873245	0.99974376603714
Paraquat	Protein localization	149	0.0360170133729523	Up	0.626423605675646	0.99974376603714
Paraquat	Aerobic respiration and respiratory electron transport	222	0.063944388383583	Up	0.627288831235784	0.99974376603714
Paraquat	Interleukin-3, Interleukin-5 and GM-CSF signaling	37	9.79614886163555e-05	Up	0.6274823857466	0.99974376603714
Paraquat	KSRP (KHSRP) binds and destabilizes mRNA	17	-0.0376241795955618	Down	0.631213628079513	0.99974376603714
Paraquat	Amine ligand-binding receptors	12	0.0216490926992451	Up	0.631224640440607	0.99974376603714
Paraquat	Regulation of actin dynamics for phagocytic cup formation	59	0.0211097833529629	Down	0.631273294456969	0.99974376603714
Paraquat	Activation of AMPK downstream of NMDARs	22	0.0353870547923894	Down	0.631310570594942	0.99974376603714
Paraquat	Signal amplification	29	0.00128830651901265	Up	0.632080905084219	0.99974376603714
Paraquat	Signaling by high-kinase activity BRAF mutants	30	0.000931260106137755	Up	0.632951912081692	0.99974376603714
Paraquat	Formation of the nephric duct	11	0.0648666384331926	Down	0.633349720424581	0.99974376603714
Paraquat	CTNNB1 S33 mutants aren't phosphorylated	15	0.00621408721267374	Down	0.633760139629724	0.99974376603714
Paraquat	CTNNB1 S37 mutants aren't phosphorylated	15	0.00621408721267374	Down	0.633760139629724	0.99974376603714
Paraquat	CTNNB1 S45 mutants aren't phosphorylated	15	0.00621408721267374	Down	0.633760139629724	0.99974376603714
Paraquat	CTNNB1 T41 mutants aren't phosphorylated	15	0.00621408721267374	Down	0.633760139629724	0.99974376603714
Paraquat	Signaling by CTNNB1 phospho-site mutants	15	0.00621408721267374	Down	0.633760139629724	0.99974376603714
Paraquat	Signaling by GSK3beta mutants	15	0.00621408721267374	Down	0.633760139629724	0.99974376603714
Paraquat	FCGR3A-mediated IL10 synthesis	34	0.0120096662267368	Up	0.63528363781745	0.99974376603714
Paraquat	Axon guidance	494	0.0176867298318983	Down	0.635286429206234	0.99974376603714
Paraquat	Regulation of mRNA stability by proteins that bind AU-rich elements	72	0.0170602620544154	Down	0.635286965745069	0.99974376603714
Paraquat	Nuclear import of Rev protein	33	0.0737754975302	Down	0.636061377731419	0.99974376603714
Paraquat	Budding and maturation of HIV virion	26	0.0510396016780156	Down	0.636842728285917	0.99974376603714
Paraquat	TP53 Regulates Transcription of DNA Repair Genes	60	-0.0013807812563805	Down	0.637084990057356	0.99974376603714
Paraquat	Cilium Assembly	204	0.0104097142969257	Down	0.638695684229381	0.99974376603714
Paraquat	IRS-related events triggered by IGF1R	38	0.00795902987651284	Up	0.639545159365199	0.99974376603714
Paraquat	Cell death signalling via NRAGE, NRIF and NADE	71	-0.00121967074950096	Down	0.64033483000245	0.99974376603714
Paraquat	PCNA-Dependent Long Patch Base Excision Repair	21	0.0546361431234959	Up	0.641259061846712	0.99974376603714
Paraquat	Interleukin-2 signaling	10	-0.0164853142518067	Up	0.642269782254636	0.99974376603714
Paraquat	Paracetamol ADME	15	-0.0254062487212057	Down	0.642534529050851	0.99974376603714
Paraquat	CS/DS degradation	17	0.0500034314524672	Down	0.642940049003009	0.99974376603714
Paraquat	Neuronal System	336	0.0179688735822484	Down	0.643045000572819	0.99974376603714
Paraquat	FCERI mediated NF-kB activation	68	0.0314863907433991	Up	0.644186994859396	0.99974376603714
Paraquat	Triglyceride catabolism	15	-0.0181467014900232	Down	0.644948735241226	0.99974376603714
Paraquat	Regulation of PD-L1(CD274) expression	130	0.0184909528855861	Down	0.645562740515765	0.99974376603714
Paraquat	mRNA Capping	28	0.00502029993458818	Up	0.647283960711341	0.99974376603714
Paraquat	Interconversion of nucleotide di- and triphosphates	30	0.00816520658111162	Up	0.647832693110736	0.99974376603714
Paraquat	Disorders of transmembrane transporters	127	0.00703328145904945	Down	0.65165420556349	0.99974376603714
Paraquat	Serotonin Neurotransmitter Release Cycle	17	0.0326684932957553	Down	0.653750564084516	0.99974376603714
Paraquat	Cooperation of Prefoldin and TriC/CCT  in actin and tubulin folding	29	0.0980309981014129	Down	0.653772576314035	0.99974376603714
Paraquat	Co-stimulation by CD28	39	0.00903873667347488	Up	0.653955634695357	0.99974376603714
Paraquat	Sema4D induced cell migration and growth-cone collapse	18	0.00897373878327571	Up	0.654075547302943	0.99974376603714
Paraquat	Regulation of TP53 Activity	154	0.0180813379362401	Down	0.65457522808597	0.99974376603714
Paraquat	RET signaling	33	0.0380862022172116	Up	0.65457601599739	0.99974376603714
Paraquat	Sema4D in semaphorin signaling	21	0.0246081505064715	Up	0.655948091715485	0.99974376603714
Paraquat	Gluconeogenesis	20	0.288214319431192	Down	0.656994360550941	0.99974376603714
Paraquat	Adenylate cyclase inhibitory pathway	13	-0.00850130728740709	Up	0.657411908437425	0.99974376603714
Paraquat	Conversion from APC/C:Cdc20 to APC/C:Cdh1 in late anaphase	20	0.0168899436491644	Down	0.659019567641714	0.99974376603714
Paraquat	Postmitotic nuclear pore complex (NPC) reformation	27	0.0521802198831782	Down	0.659075205340109	0.99974376603714
Paraquat	Fatty acid metabolism	132	0.013946348643256	Up	0.659282295035215	0.99974376603714
Paraquat	Termination of translesion DNA synthesis	31	0.058880247232057	Up	0.66026157807114	0.99974376603714
Paraquat	Plasma lipoprotein assembly, remodeling, and clearance	56	0.0529459903816956	Down	0.660716170837683	0.99974376603714
Paraquat	Cyclin A:Cdk2-associated events at S phase entry	74	0.0488949957106813	Down	0.662394516379669	0.99974376603714
Paraquat	Stimuli-sensing channels	75	-0.00258928149548397	Down	0.662536791514076	0.99974376603714
Paraquat	Downstream signaling of activated FGFR2	22	0.00258667872673478	Up	0.662659140248236	0.99974376603714
Paraquat	MAP kinase activation	62	0.00447304335007782	Up	0.662744586614726	0.99974376603714
Paraquat	TICAM1, RIP1-mediated IKK complex recruitment	16	0.0358481539654709	Up	0.665293253510069	0.99974376603714
Paraquat	Formation of the cornified envelope	38	0.082055064539269	Up	0.665519317502637	0.99974376603714
Paraquat	DNA Replication Pre-Initiation	88	0.0540705106761074	Down	0.666026542695713	0.99974376603714
Paraquat	Nuclear signaling by ERBB4	26	-0.0127776916192848	Up	0.666205857235768	0.99974376603714
Paraquat	TRAF6 mediated IRF7 activation in TLR7/8 or 9 signaling	10	-0.0044912852300686	Up	0.666942017977815	0.99974376603714
Paraquat	Gap-filling DNA repair synthesis and ligation in TC-NER	60	0.0319536466191516	Up	0.667867605805508	0.99974376603714
Paraquat	Platelet Aggregation (Plug Formation)	28	0.0157535605545844	Up	0.668393987058334	0.99974376603714
Paraquat	RHO GTPases Activate ROCKs	17	-0.00299055535810556	Down	0.668971614915975	0.99974376603714
Paraquat	Hedgehog 'off' state	95	0.0136060708851616	Down	0.670793941629835	0.99974376603714
Paraquat	Cell-Cell communication	252	1.15804047168651e-05	Up	0.671557945626204	0.99974376603714
Paraquat	eNOS activation	12	-0.0489998906616247	Up	0.673571004359298	0.99974376603714
Paraquat	Defects in cobalamin (B12) metabolism	12	-0.0281936988279557	Down	0.673787485713254	0.99974376603714
Paraquat	TGF-beta receptor signaling activates SMADs	44	0.0113738582498548	Up	0.674326240502445	0.99974376603714
Paraquat	Downregulation of ERBB2:ERBB3 signaling	12	0.0102366587962981	Up	0.674744706254364	0.99974376603714
Paraquat	NPAS4 regulates expression of target genes	18	0.0134318334748652	Up	0.675591908581404	0.99974376603714
Paraquat	MAPK targets/ Nuclear events mediated by MAP kinases	31	0.0244885512283877	Up	0.676315158903304	0.99974376603714
Paraquat	TRAF3-dependent IRF activation pathway	12	-0.00610552386783755	Up	0.677152141873856	0.99974376603714
Paraquat	RND2 GTPase cycle	37	0.0098005814734444	Up	0.67982274605473	0.99974376603714
Paraquat	Regulation of PTEN stability and activity	55	0.036902808448624	Down	0.680204021665434	0.99974376603714
Paraquat	Regulation of beta-cell development	27	0.0437375967486008	Down	0.680956208012486	0.99974376603714
Paraquat	Metabolism of carbohydrates and carbohydrate derivatives	256	0.0186818237196862	Down	0.680975566978044	0.99974376603714
Paraquat	RND3 GTPase cycle	35	0.027976133391686	Up	0.681519915503611	0.99974376603714
Paraquat	Long-term potentiation	21	-0.00172447484493212	Up	0.681850551241599	0.99974376603714
Paraquat	Termination of O-glycan biosynthesis	14	0.0370487838688516	Up	0.682072581138586	0.99974376603714
Paraquat	Infection with Mycobacterium tuberculosis	26	0.00236369939168803	Down	0.682112250437566	0.99974376603714
Paraquat	Activation of the AP-1 family of transcription factors	10	0.0231850265336798	Up	0.682388935998262	0.99974376603714
Paraquat	Prefoldin mediated transfer of substrate  to CCT/TriC	27	0.101430287540785	Down	0.683116236771649	0.99974376603714
Paraquat	Hedgehog ligand biogenesis	50	0.0578105567475222	Up	0.684204827082585	0.99974376603714
Paraquat	Regulation of NF-kappa B signaling	16	-0.0372752366859891	Up	0.68498692808543	0.99974376603714
Paraquat	SARS-CoV-2 activates/modulates innate and adaptive immune responses	99	0.0136421195141336	Down	0.685094880693328	0.99974376603714
Paraquat	Signaling by BRAF and RAF1 fusions	57	0.00603570908955292	Down	0.68539960190289	0.99974376603714
Paraquat	NS1 Mediated Effects on Host Pathways	40	0.0763232067412939	Down	0.685779081681429	0.99974376603714
Paraquat	Cyclin E associated events during G1/S transition	72	0.0525392685290511	Down	0.686277490491837	0.99974376603714
Paraquat	CHD1 and CHD2 subfamily	42	0.0213601163406065	Down	0.687133642908478	0.99974376603714
Paraquat	FOXO-mediated transcription of oxidative stress, metabolic and neuronal genes	22	-0.0142672986196882	Down	0.687469962015024	0.99974376603714
Paraquat	Mitochondrial protein import	58	0.0783550776690555	Up	0.688338199191014	0.99974376603714
Paraquat	Assembly of the pre-replicative complex	72	0.0488813162338795	Down	0.689165295635489	0.99974376603714
Paraquat	SLC-mediated transport of neurotransmitters	15	0.0284775058807436	Up	0.689736182877882	0.99974376603714
Paraquat	Peptide hormone metabolism	52	-0.00534093295276846	Up	0.690005364098917	0.99974376603714
Paraquat	Rev-mediated nuclear export of HIV RNA	34	0.0578145309834954	Down	0.690107971041682	0.99974376603714
Paraquat	Adrenaline,noradrenaline inhibits insulin secretion	24	0.017225840879159	Up	0.690516873616069	0.99974376603714
Paraquat	Signaling by FGFR4 in disease	11	-0.00161538763124683	Up	0.690854217356917	0.99974376603714
Paraquat	Evasion by RSV of host interferon responses	19	-0.0219121664776023	Up	0.690878195506789	0.99974376603714
Paraquat	Signaling by ALK fusions and activated point mutants	82	0.0230258908009425	Down	0.690971918440414	0.99974376603714
Paraquat	Signaling by ALK in cancer	82	0.0230258908009425	Down	0.690971918440414	0.99974376603714
Paraquat	Transport of Mature mRNAs Derived from Intronless Transcripts	42	0.0482626726273005	Down	0.691194140677308	0.99974376603714
Paraquat	Transport of Mature mRNA Derived from an Intronless Transcript	41	0.048082117816575	Down	0.691266242114867	0.99974376603714
Paraquat	Regulation of endogenous retroelements	76	0.00423362715717076	Down	0.69168331289861	0.99974376603714
Paraquat	Regulation of PD-L1(CD274) transcription	41	0.0500663913242247	Down	0.691914174293052	0.99974376603714
Paraquat	Mechanical load activates signaling by PIEZO1 and integrins in osteocytes	15	-0.0113216505800666	Up	0.692287710347616	0.99974376603714
Paraquat	Constitutive Signaling by AKT1 E17K in Cancer	26	0.0432644814559516	Down	0.692523166814518	0.99974376603714
Paraquat	Glyoxylate metabolism and glycine degradation	13	-0.00139850392957987	Down	0.692635853345546	0.99974376603714
Paraquat	Orc1 removal from chromatin	57	0.0808960180411861	Down	0.693192724648325	0.99974376603714
Paraquat	Cholesterol biosynthesis	26	0.0289788225810106	Down	0.693462154965954	0.99974376603714
Paraquat	Neddylation	223	0.00628321435089693	Up	0.693584720055841	0.99974376603714
Paraquat	Nuclear Pore Complex (NPC) Disassembly	35	0.108096469277508	Down	0.693952588577314	0.99974376603714
Paraquat	Downstream TCR signaling	66	0.0322780455849755	Up	0.694304370974792	0.99974376603714
Paraquat	Signaling by FGFR in disease	54	-0.00225440247298899	Up	0.697960600941481	0.99974376603714
Paraquat	PKR-mediated signaling	68	0.0172729716246242	Down	0.698065758027067	0.99974376603714
Paraquat	p38MAPK events	13	0.040467848675043	Up	0.698150792255811	0.99974376603714
Paraquat	Retrograde transport at the Trans-Golgi-Network	49	0.0130889741128458	Up	0.698430169794978	0.99974376603714
Paraquat	G alpha (s) signalling events	89	0.0135545673266805	Up	0.699157784899985	0.99974376603714
Paraquat	Co-inhibition by PD-1	135	0.0156709510906052	Down	0.699787325251102	0.99974376603714
Paraquat	SARS-CoV-1-host interactions	84	0.0858521967884019	Up	0.700886591898441	0.99974376603714
Paraquat	Neurexins and neuroligins	49	0.0483256665387072	Down	0.701389081941065	0.99974376603714
Paraquat	Formation of the embryonic stem cell BAF (esBAF) complex	19	-0.00123082199182504	Down	0.701536776997762	0.99974376603714
Paraquat	DAG and IP3 signaling	38	0.0255759945446737	Up	0.704006538471472	0.99974376603714
Paraquat	Degradation of DVL	43	0.0818005840651251	Up	0.704750555930958	0.99974376603714
Paraquat	MAP2K and MAPK activation	34	-0.000625504869197879	Up	0.704942907900835	0.99974376603714
Paraquat	Mucopolysaccharidoses	11	0.0148856594999816	Down	0.707181054244452	0.99974376603714
Paraquat	Signaling by ROBO receptors	198	0.0879144624951205	Up	0.707709834940758	0.99974376603714
Paraquat	Regulation of Homotypic Cell-Cell Adhesion	143	0.00181351088074363	Down	0.707994851113263	0.99974376603714
Paraquat	Rab regulation of trafficking	117	0.00897355270542203	Up	0.708020546481626	0.99974376603714
Paraquat	Dectin-1 mediated noncanonical NF-kB signaling	46	0.0709106850553696	Up	0.708180805075982	0.99974376603714
Paraquat	TRAF6 mediated IRF7 activation	14	-0.0189371172304411	Up	0.708476888719501	0.99974376603714
Paraquat	Stabilization of p53	41	0.0719864014046357	Up	0.708970113134528	0.99974376603714
Paraquat	DAP12 signaling	18	-0.038835226480568	Down	0.709273840913989	0.99974376603714
Paraquat	Lagging Strand Synthesis	20	0.0569647462127007	Up	0.710461210456604	0.99974376603714
Paraquat	Synthesis of active ubiquitin: roles of E1 and E2 enzymes	29	0.0201207784636416	Up	0.710487565486127	0.99974376603714
Paraquat	Vif-mediated degradation of APOBEC3G	40	0.113312964225134	Up	0.710904368369718	0.99974376603714
Paraquat	Mismatch repair (MMR) directed by MSH2:MSH6 (MutSalpha)	14	0.0615631894249953	Up	0.711634376996841	0.99974376603714
Paraquat	Ca2+ pathway	57	0.0375721100773536	Down	0.711921759841249	0.99974376603714
Paraquat	G alpha (q) signalling events	129	0.0142369414446841	Up	0.712311187618039	0.99974376603714
Paraquat	SEMA3A-Plexin repulsion signaling by inhibiting Integrin adhesion	14	0.0787638119089512	Down	0.71296893467423	0.99974376603714
Paraquat	Lysine catabolism	10	-0.047817443990148	Down	0.713122846237441	0.99974376603714
Paraquat	Hh mutants abrogate ligand secretion	44	0.0723378488796362	Up	0.71313657633316	0.99974376603714
Paraquat	RAF activation	33	0.00350326327728896	Up	0.713234989329248	0.99974376603714
Paraquat	MET activates PTK2 signaling	27	0.0315352396447515	Down	0.713359362220013	0.99974376603714
Paraquat	ER Quality Control Compartment (ERQC)	19	-0.00493144395424221	Up	0.713389539707527	0.99974376603714
Paraquat	Processing of Capped Intronless Pre-mRNA	29	0.0384009497177712	Down	0.713734726679715	0.99974376603714
Paraquat	RNA Polymerase II Transcription Termination	29	0.0384009497177712	Down	0.713734726679715	0.99974376603714
Paraquat	Interleukin-17 signaling	66	0.00408941806586039	Up	0.71381639127995	0.99974376603714
Paraquat	Activation of BAD and translocation to mitochondria	14	0.0596240931777691	Up	0.714946698790635	0.99974376603714
Paraquat	Complement cascade	25	0.0206726292167129	Down	0.718115054176759	0.99974376603714
Paraquat	RNA Pol II CTD phosphorylation and interaction with CE	26	0.00389768498199554	Up	0.718148447712939	0.99974376603714
Paraquat	RNA Pol II CTD phosphorylation and interaction with CE during HIV infection	26	0.00389768498199554	Up	0.718148447712939	0.99974376603714
Paraquat	Presynaptic function of Kainate receptors	18	0.0575749278939608	Up	0.718238665801901	0.99974376603714
Paraquat	ADP signalling through P2Y purinoceptor 1	22	0.0147221283097659	Up	0.718417572602518	0.99974376603714
Paraquat	Deposition of new CENPA-containing nucleosomes at the centromere	28	0.128503638544877	Down	0.719283960480173	0.99974376603714
Paraquat	Nucleosome assembly	28	0.128503638544877	Down	0.719283960480173	0.99974376603714
Paraquat	Defective HDR through Homologous Recombination Repair (HRR) due to PALB2 loss of BRCA1 binding function	25	0.136583816401839	Down	0.719356457744313	0.99974376603714
Paraquat	Defective HDR through Homologous Recombination Repair (HRR) due to PALB2 loss of BRCA2/RAD51/RAD51C binding function	25	0.136583816401839	Down	0.719356457744313	0.99974376603714
Paraquat	Defective homologous recombination repair (HRR) due to BRCA1 loss of function	25	0.136583816401839	Down	0.719356457744313	0.99974376603714
Paraquat	Defective homologous recombination repair (HRR) due to PALB2 loss of function	25	0.136583816401839	Down	0.719356457744313	0.99974376603714
Paraquat	Chk1/Chk2(Cds1) mediated inactivation of Cyclin B:Cdk1 complex	14	0.166330443258496	Down	0.720087124712281	0.99974376603714
Paraquat	Constitutive Signaling by Overexpressed ERBB2	11	-0.0578291054005486	Down	0.720213944137759	0.99974376603714
Paraquat	FOXO-mediated transcription	53	-0.00260974530601503	Down	0.720501913950199	0.99974376603714
Paraquat	Translocation of SLC2A4 (GLUT4) to the plasma membrane	64	0.00905842667427442	Down	0.72126146297152	0.99974376603714
Paraquat	Signaling by NTRK3 (TRKC)	17	-0.0290555826629411	Down	0.722623299636666	0.99974376603714
Paraquat	C-type lectin receptors (CLRs)	101	0.00964108606243236	Up	0.722717388997428	0.99974376603714
Paraquat	Transcriptional regulation by RUNX2	92	0.00717069958015609	Down	0.723414395356259	0.99974376603714
Paraquat	SARS-CoV-1 targets host intracellular signalling and regulatory pathways	13	0.0836360604590931	Down	0.723558472286843	0.99974376603714
Paraquat	SUMOylation of ubiquitinylation proteins	38	0.048144685309155	Down	0.724398090702888	0.99974376603714
Paraquat	Phase I - Functionalization of compounds	56	0.0141603490013762	Down	0.724662942900043	0.99974376603714
Paraquat	LGI-ADAM interactions	12	0.0591511906289853	Down	0.725369722180081	0.99974376603714
Paraquat	Plasma lipoprotein clearance	31	0.0446416667761108	Down	0.727391606890046	0.99974376603714
Paraquat	Regulation of CDH1 Function	56	0.06294630927726	Up	0.728285847190368	0.99974376603714
Paraquat	Regulation of PTEN mRNA translation	13	0.211827182976696	Down	0.729025933467986	0.99974376603714
Paraquat	Mismatch Repair	15	0.0578805861087325	Up	0.729476212079657	0.99974376603714
Paraquat	Strand-asynchronous mitochondrial DNA replication	10	0.0599198724016339	Down	0.729517812444293	0.99974376603714
Paraquat	Insertion of tail-anchored proteins into the endoplasmic reticulum membrane	20	0.0394678035930692	Up	0.7316464587724	0.99974376603714
Paraquat	Autodegradation of the E3 ubiquitin ligase COP1	37	0.100535768944542	Up	0.732164846513958	0.99974376603714
Paraquat	Signaling by cytosolic FGFR1 fusion mutants	17	0.0591717977757652	Up	0.732199899266422	0.99974376603714
Paraquat	SARS-CoV-1 activates/modulates innate immune responses	34	-0.00163804827280457	Up	0.73272416328925	0.99974376603714
Paraquat	PKA activation in glucagon signalling	15	0.0520324597706676	Up	0.732958324080334	0.99974376603714
Paraquat	Formation of annular gap junctions	11	0.085509186952971	Down	0.733991977930667	0.99974376603714
Paraquat	mRNA decay by 5' to 3' exoribonuclease	15	-0.0189071753504749	Up	0.735214018290815	0.99974376603714
Paraquat	Cytosolic iron-sulfur cluster assembly	11	0.224731717088943	Down	0.736200934614411	0.99974376603714
Paraquat	Late SARS-CoV-2 Infection Events	70	0.0134204652748131	Up	0.7366407764097	0.99974376603714
Paraquat	Extension of Telomeres	50	0.0403111450126136	Down	0.737476308258976	0.99974376603714
Paraquat	Chromosome Maintenance	91	0.0475383603667946	Down	0.738363844907149	0.99974376603714
Paraquat	Reduction of cytosolic Ca++ levels	11	-0.0165687961350449	Up	0.738725665436887	0.99974376603714
Paraquat	Ca-dependent events	34	0.0264169618327034	Down	0.739089293726816	0.99974376603714
Paraquat	Defective TPR may confer susceptibility towards thyroid papillary carcinoma (TPC)	30	0.0765684244679119	Down	0.739361049070638	0.99974376603714
Paraquat	Regulation of Glucokinase by Glucokinase Regulatory Protein	30	0.0765684244679119	Down	0.739361049070638	0.99974376603714
Paraquat	Antigen processing: Ubiquitination & Proteasome degradation	283	0.00245666530140651	Down	0.740986397911983	0.99974376603714
Paraquat	Synthesis, secretion, and inactivation of Glucagon-like Peptide-1 (GLP-1)	12	0.0363077470899974	Down	0.740999102947126	0.99974376603714
Paraquat	Assembly of the 9+0 primary cilium	180	0.0112231384378845	Down	0.741003551272677	0.99974376603714
Paraquat	AMPK-induced ERAD and lysosome mediated degradation of PD-L1(CD274)	53	0.0675224900416528	Up	0.742142445814459	0.99974376603714
Paraquat	Insulin processing	21	-0.00995450599189118	Up	0.742329036504389	0.99974376603714
Paraquat	TP53 Regulates Transcription of Cell Cycle Genes	46	0.0313945325705891	Down	0.742541459262914	0.99974376603714
Paraquat	Regulation of RUNX2 expression and activity	51	0.0525080228342236	Up	0.742923117318773	0.99974376603714
Paraquat	Constitutive Signaling by Aberrant PI3K in Cancer	57	-0.000546593804842298	Up	0.742932589939984	0.99974376603714
Paraquat	Signaling by ERBB2 in Cancer	23	0.0220441420741457	Up	0.743437849367255	0.99974376603714
Paraquat	IRE1alpha activates chaperones	48	0.100401537771375	Up	0.743567687167499	0.99974376603714
Paraquat	Regulated Necrosis	42	-0.00471501991069684	Down	0.744520569909498	0.99974376603714
Paraquat	Signaling by Type 1 Insulin-like Growth Factor 1 Receptor (IGF1R)	40	0.00187396502220181	Up	0.745351253711219	0.99974376603714
Paraquat	TP53 regulates transcription of additional cell cycle genes whose exact role in the p53 pathway remain uncertain	19	0.0369391155726218	Down	0.745544982668405	0.99974376603714
Paraquat	Listeria monocytogenes entry into host cells	17	-0.02028199071689	Down	0.745829163242661	0.99974376603714
Paraquat	Regulation of insulin secretion	65	0.0188231672689919	Up	0.746114509914599	0.99974376603714
Paraquat	tRNA processing in the mitochondrion	22	0.198735712594061	Up	0.746475785841337	0.99974376603714
Paraquat	Telomere Maintenance	64	0.035098395194087	Down	0.746681633873018	0.99974376603714
Paraquat	Glycosphingolipid metabolism	53	0.0526437776935737	Up	0.746709037652616	0.99974376603714
Paraquat	Intracellular signaling by second messengers	268	0.00364141627240406	Down	0.746922872709268	0.99974376603714
Paraquat	Transcriptional regulation of pluripotent stem cells	19	0.0772194140622629	Down	0.747055541872426	0.99974376603714
Paraquat	IP3 and IP4 transport between cytosol and nucleus	29	0.0901899576160114	Down	0.747842009131705	0.99974376603714
Paraquat	IP6 and IP7 transport between cytosol and nucleus	29	0.0901899576160114	Down	0.747842009131705	0.99974376603714
Paraquat	IPs transport between nucleus and cytosol	29	0.0901899576160114	Down	0.747842009131705	0.99974376603714
Paraquat	FASTK family proteins regulate processing and stability of mitochondrial RNAs	19	0.221189518353697	Up	0.747922669344929	0.99974376603714
Paraquat	Acyl chain remodelling of PE	15	-0.0288652730566405	Up	0.748404890106396	0.99974376603714
Paraquat	DCC mediated attractive signaling	14	0.0336823429937364	Down	0.749152662070741	0.99974376603714
Paraquat	Epigenetic regulation by WDR5-containing histone modifying complexes	99	0.0245116498108315	Down	0.749483579454538	0.99974376603714
Paraquat	Transmission across Chemical Synapses	222	0.0125335297767384	Down	0.749663564272894	0.99974376603714
Paraquat	Impaired BRCA2 binding to RAD51	34	0.1043804036815	Up	0.749672209581584	0.99974376603714
Paraquat	Signaling by BMP	29	0.0411478382299072	Down	0.750152222143215	0.99974376603714
Paraquat	rRNA modification in the mitochondrion	15	0.00667864183507173	Up	0.750632056168576	0.99974376603714
Paraquat	Formation of the non-canonical BAF (ncBAF) complex	17	-0.00051058184514341	Up	0.75066646694178	0.99974376603714
Paraquat	APC/C-mediated degradation of cell cycle proteins	74	0.0686095311650351	Down	0.751699717234384	0.99974376603714
Paraquat	Regulation of mitotic cell cycle	74	0.0686095311650351	Down	0.751699717234384	0.99974376603714
Paraquat	CDC42 GTPase cycle	144	0.0289140281646218	Down	0.751753977353347	0.99974376603714
Paraquat	Synthesis, secretion, and deacylation of Ghrelin	12	0.0229144330453635	Up	0.751961940524168	0.99974376603714
Paraquat	Oncogenic MAPK signaling	73	0.0145730946822771	Down	0.75244258231699	0.99974376603714
Paraquat	Amino acid transport across the plasma membrane	26	0.0277083398229966	Down	0.752509071419689	0.99974376603714
Paraquat	Regulation of RAS by GAPs	54	0.0235741152810141	Up	0.752917217349059	0.99974376603714
Paraquat	RHO GTPases activate CIT	17	-0.0297633556800316	Down	0.753190650123401	0.99974376603714
Paraquat	RHOQ GTPase cycle	58	0.0350760557743754	Down	0.753656501388514	0.99974376603714
Paraquat	Regulation of MITF-M-dependent genes involved in lysosome biogenesis and autophagy	17	0.0472049645932159	Up	0.754058101805409	0.99974376603714
Paraquat	Downregulation of ERBB2 signaling	25	-0.0123598220491388	Up	0.75412367313255	0.99974376603714
Paraquat	DNA Repair	310	0.0174348727827834	Down	0.754321198625144	0.99974376603714
Paraquat	Diseases associated with glycosaminoglycan metabolism	33	0.0659932274524981	Up	0.755860953420151	0.99974376603714
Paraquat	The activation of arylsulfatases	11	0.0416681585613627	Up	0.755962830920092	0.99974376603714
Paraquat	Complex III assembly	24	0.12949351773691	Up	0.757063069311326	0.99974376603714
Paraquat	Export of Viral Ribonucleoproteins from Nucleus	31	0.0943915789921105	Down	0.757483187486012	0.99974376603714
Paraquat	NEP/NS2 Interacts with the Cellular Export Machinery	31	0.0943915789921105	Down	0.757483187486012	0.99974376603714
Paraquat	Opioid Signalling	81	0.0140736322333108	Up	0.757867636423415	0.99974376603714
Paraquat	Transferrin endocytosis and recycling	26	0.0296605951705456	Up	0.758269521499253	0.99974376603714
Paraquat	Transcriptional Regulation by TP53	340	0.0059950227016681	Down	0.758356009980709	0.99974376603714
Paraquat	IRAK1 recruits IKK complex	13	-0.0464606172304366	Up	0.758656120655537	0.99974376603714
Paraquat	IRAK1 recruits IKK complex upon TLR7/8 or 9 stimulation	13	-0.0464606172304366	Up	0.758656120655537	0.99974376603714
Paraquat	Hyaluronan degradation	12	-0.0305886194065118	Up	0.759378920185683	0.99974376603714
Paraquat	APC/C:Cdc20 mediated degradation of Cyclin B	23	0.0488292280147754	Down	0.75972040826663	0.99974376603714
Paraquat	Gastrulation	92	-0.00135648312909379	Down	0.76044095513012	0.99974376603714
Paraquat	Synthesis of IP2, IP, and Ins in the cytosol	13	-0.00689271993345084	Up	0.760912377368776	0.99974376603714
Paraquat	Chaperonin-mediated protein folding	80	0.013004167305651	Down	0.761768635115453	0.99974376603714
Paraquat	Chaperone Mediated Autophagy	17	0.0142931479932824	Down	0.762289832389644	0.99974376603714
Paraquat	Glycosaminoglycan-protein linkage region biosynthesis	27	0.0605114046022521	Up	0.763224903694792	0.99974376603714
Paraquat	Constitutive Signaling by Ligand-Responsive EGFR Cancer Variants	17	-0.0278275776483561	Up	0.764124007804218	0.99974376603714
Paraquat	Signaling by Ligand-Responsive EGFR Variants in Cancer	17	-0.0278275776483561	Up	0.764124007804218	0.99974376603714
Paraquat	Nuclear Events (kinase and transcription factor activation)	57	0.0240932726786738	Down	0.764790468866529	0.99974376603714
Paraquat	tRNA processing in the nucleus	55	0.0361611449910785	Down	0.765221230886511	0.99974376603714
Paraquat	Signaling by WNT in cancer	31	-7.83832547603095e-05	Up	0.765961937768317	0.99974376603714
Paraquat	RHO GTPases Activate NADPH Oxidases	19	-0.00775877585526108	Up	0.767375631144899	0.99974376603714
Paraquat	Switching of origins to a post-replicative state	78	0.0660311027871065	Down	0.768269306801018	0.99974376603714
Paraquat	Apoptotic execution phase	39	0.0240863357639801	Down	0.768374062710508	0.99974376603714
Paraquat	Downregulation of TGF-beta receptor signaling	24	0.00446970292721201	Up	0.768518286062416	0.99974376603714
Paraquat	Loss of Nlp from mitotic centrosomes	66	0.00844187103103489	Down	0.768673774846693	0.99974376603714
Paraquat	Loss of proteins required for interphase microtubule organization from the centrosome	66	0.00844187103103489	Down	0.768673774846693	0.99974376603714
Paraquat	Regulation of Apoptosis	39	0.0777411745620936	Up	0.770527955918921	0.99974376603714
Paraquat	Hyaluronan metabolism	15	-0.0506463202773493	Down	0.77059118467458	0.99974376603714
Paraquat	The canonical retinoid cycle in rods (twilight vision)	12	0.00462751879452843	Up	0.770761446873991	0.99974376603714
Paraquat	Cytochrome c-mediated apoptotic response	13	0.122865853523338	Down	0.771235204675261	0.99974376603714
Paraquat	ERK/MAPK targets	22	0.0274217418243092	Up	0.771259781770626	0.99974376603714
Paraquat	ABC transporter disorders	60	0.0508498432770916	Up	0.772459743540772	0.99974376603714
Paraquat	Notch-HLH transcription pathway	28	0.022437721645393	Down	0.772656949564945	0.99974376603714
Paraquat	Formation of the canonical BAF (cBAF) complex	18	-0.0167294881888411	Up	0.774907471832212	0.99974376603714
Paraquat	Signaling by ERBB2 ECD mutants	15	-0.00515632938237726	Up	0.775071020651011	0.99974376603714
Paraquat	Cell-cell junction organization	201	-0.00125929533024181	Up	0.77509168935129	0.99974376603714
Paraquat	Phosphorylation of the APC/C	20	0.0581560355764472	Down	0.775445501477509	0.99974376603714
Paraquat	Aberrant regulation of mitotic exit in cancer due to RB1 defects	20	0.0340483554532927	Down	0.77685778574824	0.99974376603714
Paraquat	Regulated proteolysis of p75NTR	11	0.0195741662150388	Up	0.776939799326	0.99974376603714
Paraquat	Translesion synthesis by Y family DNA polymerases bypasses lesions on DNA template	38	0.0414560268376366	Up	0.77848647413572	0.99974376603714
Paraquat	mRNA decay by 3' to 5' exoribonuclease	13	-0.0267221045298687	Up	0.77855359378041	0.99974376603714
Paraquat	Transcriptional regulation by RUNX3	81	0.00283878594169568	Down	0.77872863130406	0.99974376603714
Paraquat	Late endosomal microautophagy	29	0.0832941325379223	Down	0.778819005772921	0.99974376603714
Paraquat	GABA synthesis, release, reuptake and degradation	15	-0.0296649000011844	Down	0.778982424410019	0.99974376603714
Paraquat	Toll Like Receptor 9 (TLR9) Cascade	98	0.0047713100456805	Up	0.779531786260834	0.99974376603714
Paraquat	Syndecan interactions	24	-0.013445839904371	Up	0.780433451090549	0.99974376603714
Paraquat	Fibronectin matrix formation	16	0.0277419482750105	Down	0.781170181721347	0.99974376603714
Paraquat	Regulation of RUNX3 expression and activity	42	0.0554502032706662	Up	0.78156708253669	0.99974376603714
Paraquat	Resolution of D-loop Structures through Synthesis-Dependent Strand Annealing (SDSA)	27	0.116149002848796	Down	0.783124552810085	0.99974376603714
Paraquat	Anti-inflammatory response favouring Leishmania parasite infection	65	0.00797382824454359	Up	0.783559129265735	0.99974376603714
Paraquat	Leishmania parasite growth and survival	65	0.00797382824454359	Up	0.783559129265735	0.99974376603714
Paraquat	Nuclear RNA decay	32	0.0536420383247685	Up	0.783600296440715	0.99974376603714
Paraquat	PIWI-interacting RNA (piRNA) biogenesis	19	0.0220466638140367	Down	0.785278827870749	0.99974376603714
Paraquat	PD-L1(CD274) glycosylation and translocation to plasma membrane	18	0.0893629834293243	Up	0.785796828118313	0.99974376603714
Paraquat	N-glycan trimming in the ER and Calnexin/Calreticulin cycle	33	0.0312610121383378	Up	0.785893768337458	0.99974376603714
Paraquat	Josephin domain DUBs	10	0.08584696049475	Up	0.78592533686305	0.99974376603714
Paraquat	Inositol phosphate metabolism	74	0.0176359634399476	Down	0.786411302713516	0.99974376603714
Paraquat	Fc epsilon receptor (FCERI) signaling	109	0.00921268090823675	Up	0.78658963244929	0.99974376603714
Paraquat	SLC-mediated transport of amino acids	29	0.0216265818076695	Down	0.786612731016371	0.99974376603714
Paraquat	Frs2-mediated activation	12	0.0255446030811729	Down	0.787425491738092	0.99974376603714
Paraquat	PI-3K cascade:FGFR2	15	0.0270045910157177	Up	0.788380101304089	0.99974376603714
Paraquat	Regulation of localization of FOXO transcription factors	11	-0.0109426307286958	Down	0.788410819535457	0.99974376603714
Paraquat	tRNA Aminoacylation	24	0.0425050249808043	Up	0.789928367470697	0.99974376603714
Paraquat	RNA Polymerase II Pre-transcription Events	78	0.010496477068883	Up	0.790192752903644	0.99974376603714
Paraquat	SPOP-mediated proteasomal degradation of PD-L1(CD274)	45	0.0922699014749885	Down	0.790336621092415	0.99974376603714
Paraquat	SARS-CoV Infections	370	0.00291780226646513	Down	0.790444122270751	0.99974376603714
Paraquat	SARS-CoV-2-host interactions	170	0.00929369999643893	Up	0.790668961524825	0.99974376603714
Paraquat	Amyloid fiber formation	36	0.0114218050191663	Down	0.791155799066796	0.99974376603714
Paraquat	RSV-host interactions	71	-0.00287598059682499	Up	0.791878478801685	0.99974376603714
Paraquat	XBP1(S) activates chaperone genes	46	0.116027668553575	Up	0.791906848372852	0.99974376603714
Paraquat	Collagen degradation	48	0.0689833461960499	Down	0.792241891866428	0.99974376603714
Paraquat	Formation of neuronal progenitor and neuronal BAF (npBAF and nBAF)	25	-0.00297465507694538	Down	0.792611565155926	0.99974376603714
Paraquat	Signaling by PDGF	52	0.0164422887079102	Down	0.792814399337196	0.99974376603714
Paraquat	Keratan sulfate biosynthesis	21	0.0647585824245164	Up	0.792979517083297	0.99974376603714
Paraquat	Host Interactions of HIV factors	111	0.00935853353964063	Down	0.794540419071098	0.99974376603714
Paraquat	Signaling by ERBB4	46	-0.00652110422968053	Up	0.795067547496016	0.99974376603714
Paraquat	Degradation of beta-catenin by the destruction complex	69	0.0300712687381468	Down	0.795732309827759	0.99974376603714
Paraquat	Heparan sulfate/heparin (HS-GAG) metabolism	37	0.00335692432716123	Up	0.796272198590489	0.99974376603714
Paraquat	ER-Phagosome pathway	70	0.058103096442902	Down	0.796307420500393	0.99974376603714
Paraquat	HIV Life Cycle	143	0.011707680366584	Down	0.796516907855894	0.99974376603714
Paraquat	DAG1 glycosylations	16	0.162380265437281	Up	0.796632117281107	0.99974376603714
Paraquat	Plasma lipoprotein remodeling	20	0.130081455731658	Down	0.797338621627348	0.99974376603714
Paraquat	PI Metabolism	75	0.0223071489246421	Up	0.797779391556202	0.99974376603714
Paraquat	Glucagon-type ligand receptors	21	0.0643600749130334	Up	0.797880392476336	0.99974376603714
Paraquat	Phosphorylation of CLOCK, acetylation of BMAL1 (ARNTL) at target gene promoters	10	0.0757118348167497	Down	0.797950653273307	0.99974376603714
Paraquat	PCP/CE pathway	76	0.0417627185055592	Up	0.798395261549432	0.99974376603714
Paraquat	HS-GAG biosynthesis	30	0.00308501236071811	Up	0.798973266392408	0.99974376603714
Paraquat	Metabolism of non-coding RNA	52	0.0349728274441213	Down	0.79986796298596	0.99974376603714
Paraquat	snRNP Assembly	52	0.0349728274441213	Down	0.79986796298596	0.99974376603714
Paraquat	Vpu mediated degradation of CD4	38	0.104937429204745	Up	0.800395305204646	0.99974376603714
Paraquat	Signaling by FGFR2	60	-0.000726809182590587	Down	0.800891868855843	0.99974376603714
Paraquat	DNA Replication	123	0.0560284227718265	Down	0.800989131388587	0.99974376603714
Paraquat	CD28 dependent PI3K/Akt signaling	20	0.00797592372523719	Up	0.802200334691331	0.99974376603714
Paraquat	Signaling by NTRKs	126	0.021529721792214	Down	0.802967031394827	0.99974376603714
Paraquat	Maturation of spike protein_9694548	41	0.0239555050176286	Up	0.803228411843047	0.99974376603714
Paraquat	Transport of Mature mRNA derived from an Intron-Containing Transcript	69	0.0611185729246878	Down	0.803641303635884	0.99974376603714
Paraquat	Cargo recognition for clathrin-mediated endocytosis	90	0.00288045697295299	Down	0.803759483710892	0.99974376603714
Paraquat	Transcriptional Regulation by NPAS4	30	0.0590083602236998	Down	0.803827171856178	0.99974376603714
Paraquat	FRS-mediated FGFR2 signaling	17	0.00825586700566987	Up	0.806411764745745	0.99974376603714
Paraquat	mRNA 3'-end processing	148	0.0361617179167026	Down	0.80746909261006	0.99974376603714
Paraquat	Mitophagy	37	0.0275785370025623	Down	0.807989172493192	0.99974376603714
Paraquat	Sphingolipid metabolism	94	0.0152286103488737	Up	0.808052431342055	0.99974376603714
Paraquat	Regulation of Complement cascade	21	0.019389870250258	Up	0.808252077492128	0.99974376603714
Paraquat	Signaling by FGFR2 in disease	35	-0.00882190712868157	Up	0.808739936752648	0.99974376603714
Paraquat	Attachment of bacteria to epithelial cells	20	0.0573667875566316	Up	0.809330439780664	0.99974376603714
Paraquat	Biofilm formation	20	0.0573667875566316	Up	0.809330439780664	0.99974376603714
Paraquat	Cellular response to heat stress	93	0.0121835562594437	Down	0.810658348546389	0.99974376603714
Paraquat	Metabolism of porphyrins	19	0.107440205046798	Up	0.81079332361679	0.99974376603714
Paraquat	MTOR signalling	50	0.00363711238146099	Up	0.811334313394095	0.99974376603714
Paraquat	Resolution of Abasic Sites (AP sites)	37	0.0435252352780663	Up	0.811802287105966	0.99974376603714
Paraquat	Regulation of gene expression in beta cells	10	0.0374081762158457	Up	0.812708792304563	0.99974376603714
Paraquat	NRIF signals cell death from the nucleus	15	0.0232744269090431	Down	0.812773340114424	0.99974376603714
Paraquat	HDR through Homologous Recombination (HRR) or Single Strand Annealing (SSA)	95	0.037860285262422	Up	0.812952985223777	0.99974376603714
Paraquat	Processing and activation of SUMO	10	0.0924302033592688	Up	0.813200894405166	0.99974376603714
Paraquat	Iron uptake and transport	48	0.0202072359812666	Up	0.813767120455228	0.99974376603714
Paraquat	Phospholipase C-mediated cascade; FGFR2	10	-0.0235694893349386	Up	0.814070699923233	0.99974376603714
Paraquat	Post-chaperonin tubulin folding pathway	19	0.181599299029599	Down	0.814783662306517	0.99974376603714
Paraquat	Post NMDA receptor activation events	69	0.0133518167998811	Up	0.81499722300009	0.99974376603714
Paraquat	Killing mechanisms	11	0.044453512108995	Up	0.815000403996133	0.99974376603714
Paraquat	WNT5:FZD7-mediated leishmania damping	11	0.044453512108995	Up	0.815000403996133	0.99974376603714
Paraquat	Calmodulin induced events	32	0.0212682979541805	Down	0.815238200984025	0.99974376603714
Paraquat	CaM pathway	32	0.0212682979541805	Down	0.815238200984025	0.99974376603714
Paraquat	InlB-mediated entry of Listeria monocytogenes into host cell	13	-0.0350696617528425	Up	0.816020282552561	0.99974376603714
Paraquat	Degradation of CRY and PER proteins	47	0.0553182562598678	Up	0.817180215697015	0.99974376603714
Paraquat	Homologous DNA Pairing and Strand Exchange	42	0.102481774852723	Up	0.817390945421003	0.99974376603714
Paraquat	Defective CFTR causes cystic fibrosis	47	0.0817603217271316	Up	0.817753208760707	0.99974376603714
Paraquat	Oxygen-dependent proline hydroxylation of Hypoxia-inducible Factor Alpha	52	0.0607429224243314	Up	0.818137685246986	0.99974376603714
Paraquat	FLT3 signaling in disease	25	0.00550192389315752	Up	0.818229859171068	0.99974376603714
Paraquat	IKK complex recruitment mediated by RIP1	18	0.0109911985175027	Up	0.818799050736851	0.99974376603714
Paraquat	Biological oxidations	116	0.018068396034895	Up	0.819009048540929	0.99974376603714
Paraquat	Mitochondrial RNA degradation	25	0.143788745887061	Up	0.819432547724289	0.99974376603714
Paraquat	Calnexin/calreticulin cycle	24	0.00998827452717167	Up	0.819518503300814	0.99974376603714
Paraquat	mRNA Splicing - Minor Pathway	50	0.0218034840405289	Down	0.819774743599626	0.99974376603714
Paraquat	NIK-->noncanonical NF-kB signaling	45	0.0713190211090327	Up	0.819884877519929	0.99974376603714
Paraquat	Recycling pathway of L1	42	0.0753307191272993	Down	0.820142842355037	0.99974376603714
Paraquat	Telomere C-strand (Lagging Strand) Synthesis	33	0.0330856896354739	Up	0.821520740654615	0.99974376603714
Paraquat	Transcriptional regulation of white adipocyte differentiation	72	0.0007883406651421	Down	0.821671691065509	0.99974376603714
Paraquat	Abortive elongation of HIV-1 transcript in the absence of Tat	23	0.0568044622385878	Up	0.821807242240543	0.99974376603714
Paraquat	UCH proteinases	70	0.0257040732283906	Up	0.822586700278934	0.99974376603714
Paraquat	Presynaptic nicotinic acetylcholine receptors	11	0.0533953678689121	Down	0.822958886192672	0.99974376603714
Paraquat	Metabolism of folate and pterines	16	0.00704363139985778	Down	0.824486358227493	0.99974376603714
Paraquat	Negative regulation of MET activity	19	-0.0252622964984951	Down	0.824663223321893	0.99974376603714
Paraquat	mRNA Polyadenylation	125	0.0339505311420047	Down	0.826001722706922	0.99974376603714
Paraquat	Thrombin signalling through proteinase activated receptors (PARs)	27	0.0234163415271138	Up	0.827513715951979	0.99974376603714
Paraquat	Mitochondrial iron-sulfur cluster biogenesis	12	0.0916858489618201	Up	0.827572472088145	0.99974376603714
Paraquat	PKA activation	16	0.0425992644786244	Up	0.828357855650306	0.99974376603714
Paraquat	ATF6 (ATF6-alpha) activates chaperone genes	10	0.000668747433738274	Up	0.828696465130448	0.99974376603714
Paraquat	Deadenylation-dependent mRNA decay	51	0.0167726349970021	Down	0.82934576661654	0.99974376603714
Paraquat	Initial triggering of complement	13	0.0370804045600015	Down	0.829703099571171	0.99974376603714
Paraquat	Collagen chain trimerization	37	0.0550667042893603	Down	0.829705438731348	0.99974376603714
Paraquat	Endosomal Sorting Complex Required For Transport (ESCRT)	29	0.056889389439246	Down	0.830041734963252	0.99974376603714
Paraquat	WNT5A-dependent internalization of FZD2, FZD5 and ROR2	13	0.124501960565724	Up	0.831237176235289	0.99974376603714
Paraquat	Defective Intrinsic Pathway for Apoptosis	22	0.0539726427761169	Down	0.831681421654824	0.99974376603714
Paraquat	Transcriptional Regulation by VENTX	37	0.00372002346071722	Down	0.833159823480678	0.99974376603714
Paraquat	VEGFR2 mediated cell proliferation	18	-0.0101920602792854	Up	0.834594391259928	0.99974376603714
Paraquat	Defective homologous recombination repair (HRR) due to BRCA2 loss of function	40	0.113319032777688	Up	0.834853159317279	0.99974376603714
Paraquat	Diseases of DNA Double-Strand Break Repair	40	0.113319032777688	Up	0.834853159317279	0.99974376603714
Paraquat	Hh mutants are degraded by ERAD	42	0.0852708452674039	Up	0.835259367460097	0.99974376603714
Paraquat	HSF1-dependent transactivation	31	0.0570244744492028	Up	0.835437009098908	0.99974376603714
Paraquat	YAP1- and WWTR1 (TAZ)-stimulated gene expression	10	0.0208225382074928	Down	0.836358819628766	0.99974376603714
Paraquat	Regulation of activated PAK-2p34 by proteasome mediated degradation	36	0.106975034993896	Up	0.83702455620804	0.99974376603714
Paraquat	RAB GEFs exchange GTP for GDP on RABs	85	0.0229975324933439	Down	0.837622440897317	0.99974376603714
Paraquat	Regulation of IFNG signaling	14	0.0355106189224728	Down	0.838093027246412	0.99974376603714
Paraquat	Platelet sensitization by LDL	15	-0.0293106273232361	Up	0.839463073257099	0.99974376603714
Paraquat	RAF-independent MAPK1/3 activation	21	0.0274891678876709	Up	0.839912419571952	0.99974376603714
Paraquat	Norepinephrine Neurotransmitter Release Cycle	17	0.00969410004492426	Up	0.840943901186849	0.99974376603714
Paraquat	Lanosterol biosynthesis	13	0.0193984626041666	Down	0.841003030166961	0.99974376603714
Paraquat	Deubiquitination	213	0.00149772113596352	Down	0.841151021315846	0.99974376603714
Paraquat	CLEC7A (Dectin-1) induces NFAT activation	10	0.134940832534671	Up	0.841263809212193	0.99974376603714
Paraquat	Mitochondrial tRNA aminoacylation	18	0.0637857642608242	Up	0.84151313010285	0.99974376603714
Paraquat	Somatic hypermutation of immunoglobulin genes by error-prone mismatch repair (MMR)	21	0.067642204313249	Up	0.842300163690141	0.99974376603714
Paraquat	Sulfur amino acid metabolism	25	0.00177021301445941	Up	0.843422988100378	0.99974376603714
Paraquat	SUMOylation of SUMOylation proteins	34	0.0569676135610781	Down	0.843477557059732	0.99974376603714
Paraquat	Purine salvage	11	0.0822487775467846	Down	0.843644364835167	0.99974376603714
Paraquat	Transport of Mature Transcript to Cytoplasm	78	0.0491918822743873	Down	0.844007177971322	0.99974376603714
Paraquat	SARS-CoV-2 Infection	264	0.00811639117492519	Up	0.844217736804099	0.99974376603714
Paraquat	Negative Regulation of DNA Double Strand Break Response	41	0.0883831860972508	Up	0.845003176005897	0.99974376603714
Paraquat	Regulation of necroptotic cell death	25	-0.0285486077441611	Up	0.845098244119505	0.99974376603714
Paraquat	RIPK1-mediated regulated necrosis	25	-0.0285486077441611	Up	0.845098244119505	0.99974376603714
Paraquat	Defective B3GALT6 causes EDSP2 and SEMDJL1	18	0.101041962109908	Up	0.8454117963601	0.99974376603714
Paraquat	Interleukin-35 Signalling	11	0.0257189242008347	Down	0.845879919863549	0.99974376603714
Paraquat	The CRY:PER:kinase complex represses transactivation by the BMAL:CLOCK (ARNTL:CLOCK) complex	12	0.047673996094245	Down	0.846461480714187	0.99974376603714
Paraquat	Resolution of D-Loop Structures	34	0.0832262129865002	Up	0.846911739760236	0.99974376603714
Paraquat	Nef-mediates down modulation of cell surface receptors by recruiting them to clathrin adapters	17	0.0843495442588956	Up	0.847108110179099	0.99974376603714
Paraquat	ATF6 (ATF6-alpha) activates chaperones	12	0.0103364183243127	Down	0.847288458877932	0.99974376603714
Paraquat	Maturation of DENV proteins	47	0.0591735413969101	Down	0.847486483889286	0.99974376603714
Paraquat	TRAF6-mediated induction of TAK1 complex within TLR4 complex	12	-0.00889246317756109	Up	0.847651466142606	0.99974376603714
Paraquat	DNA Damage Bypass	47	0.037639281968802	Up	0.847945271336557	0.99974376603714
Paraquat	COPII-mediated vesicle transport	62	0.006629868897834	Down	0.848127930735236	0.99974376603714
Paraquat	DNA strand elongation	32	0.0625699806359553	Up	0.848510643962947	0.99974376603714
Paraquat	Phosphorylated BMAL1:CLOCK (ARNTL:CLOCK) activates expression of core clock genes	19	0.0628032271557711	Down	0.8488845754262	0.99974376603714
Paraquat	HIV Infection	207	0.0117646197813453	Down	0.84979479621405	0.99974376603714
Paraquat	HDR through Single Strand Annealing (SSA)	37	0.059451419680479	Up	0.850764056797631	0.99974376603714
Paraquat	G2/M Checkpoints	118	0.054215940062998	Down	0.850885912406706	0.99974376603714
Paraquat	Sphingolipid de novo biosynthesis	31	0.0140480197655387	Down	0.851154320498425	0.99974376603714
Paraquat	Presynaptic phase of homologous DNA pairing and strand exchange	39	0.104576009491937	Up	0.851247113490425	0.99974376603714
Paraquat	Inwardly rectifying K+ channels	29	0.0314159830692051	Up	0.852114492974666	0.99974376603714
Paraquat	PINK1-PRKN Mediated Mitophagy	30	0.0451990554982091	Up	0.852312118471124	0.99974376603714
Paraquat	DNA Double-Strand Break Repair	166	0.0215808025389048	Down	0.852403170244789	0.99974376603714
Paraquat	Somatic hypermutation of immunoglobulin genes by error-prone base excision repair (BER)	18	0.0444685750995161	Up	0.852958752776996	0.99974376603714
Paraquat	Cytoprotection by HMOX1	51	0.0169616423472191	Down	0.853085766780946	0.99974376603714
Paraquat	Resolution of AP sites via the multiple-nucleotide patch replacement pathway	24	0.0465710627103154	Up	0.853429368973181	0.99974376603714
Paraquat	SLBP independent Processing of Histone Pre-mRNAs	10	0.0799999635932811	Up	0.85345007031547	0.99974376603714
Paraquat	Autodegradation of Cdh1 by Cdh1:APC/C	53	0.0744572057597767	Up	0.853828947109372	0.99974376603714
Paraquat	Metabolism of amine-derived hormones	13	0.0406096273549751	Up	0.854842613791945	0.99974376603714
Paraquat	Intra-Golgi traffic	42	0.0154329733185762	Down	0.856445320307303	0.99974376603714
Paraquat	Gene and protein expression by JAK-STAT signaling after Interleukin-12 stimulation	32	0.044260158047104	Down	0.858421960596562	0.99974376603714
Paraquat	B-WICH complex positively regulates rRNA expression	28	0.0112113626124519	Up	0.859655415531448	0.99974376603714
Paraquat	Metalloprotease DUBs	17	-0.00485501241507481	Up	0.859885746243815	0.99974376603714
Paraquat	Attenuation phase	21	0.116146963803675	Up	0.860412812370223	0.99974376603714
Paraquat	RHOBTB2 GTPase cycle	23	0.00754230313452346	Up	0.860916181012861	0.99974376603714
Paraquat	G alpha (12/13) signalling events	69	0.0162124085897017	Up	0.861267262165121	0.99974376603714
Paraquat	Synthesis of PC	27	0.0183319335133572	Up	0.862318085978973	0.99974376603714
Paraquat	Physiological factors	10	0.0812028380514403	Down	0.862427845148172	0.99974376603714
Paraquat	Cross-presentation of soluble exogenous antigens (endosomes)	38	0.102244582631734	Up	0.862485473369862	0.99974376603714
Paraquat	Processing of Capped Intron-Containing Pre-mRNA	283	0.0259075126372712	Down	0.863083632529362	0.99974376603714
Paraquat	CDK-mediated phosphorylation and removal of Cdc6	59	0.0762742963865021	Up	0.86337484975135	0.99974376603714
Paraquat	Transcriptional regulation by small RNAs	17	-0.0240121263129459	Down	0.863772640333324	0.99974376603714
Paraquat	Toll-like Receptor Cascades	134	0.00213767448511097	Up	0.863899703721153	0.99974376603714
Paraquat	Basigin interactions	20	-5.36122794278592e-05	Up	0.864786779222372	0.99974376603714
Paraquat	Resolution of D-loop Structures through Holliday Junction Intermediates	33	0.0847020722866375	Up	0.865187257393898	0.99974376603714
Paraquat	Translation of Structural Proteins_9694635	59	0.0177856234445543	Up	0.867459437038069	0.99974376603714
Paraquat	Protein lipoylation	10	0.0322204065139087	Up	0.86766429974472	0.99974376603714
Paraquat	Cell recruitment (pro-inflammatory response)	15	-0.038049012823146	Down	0.868047303419667	0.99974376603714
Paraquat	Purinergic signaling in leishmaniasis infection	15	-0.038049012823146	Down	0.868047303419667	0.99974376603714
Paraquat	IRAK2 mediated activation of TAK1 complex upon TLR7/8 or 9 stimulation	11	-0.0110289208817628	Up	0.868381725421942	0.99974376603714
Paraquat	Regulation of PD-L1(CD274) Post-translational modification	82	0.0556351383397063	Down	0.87015890653221	0.99974376603714
Paraquat	Signaling by PDGFR in disease	17	0.166650068956398	Up	0.870251023183422	0.99974376603714
Paraquat	Negative regulation of NMDA receptor-mediated neuronal transmission	19	-0.0125622923325253	Up	0.870385009948418	0.99974376603714
Paraquat	Insulin receptor recycling	26	0.0185500311415561	Up	0.871135262500282	0.99974376603714
Paraquat	Antigen activates B Cell Receptor (BCR) leading to generation of second messengers	30	-0.0157756900805913	Up	0.872737339973028	0.99974376603714
Paraquat	Regulation of TP53 Activity through Acetylation	29	0.00242885722899809	Down	0.872759683894472	0.99974376603714
Paraquat	Peroxisomal lipid metabolism	26	0.0128310317748535	Down	0.872995786878387	0.99974376603714
Paraquat	Epigenetic regulation of gene expression	241	0.0128731961662123	Down	0.873629878402456	0.99974376603714
Paraquat	MAPK family signaling cascades	260	0.0032031098126383	Up	0.874624637244184	0.99974376603714
Paraquat	Creation of C4 and C2 activators	10	0.0166113954035256	Down	0.87612127719977	0.99974376603714
Paraquat	Activation of GABAB receptors	37	0.0130103441031557	Up	0.876413087769991	0.99974376603714
Paraquat	GABA B receptor activation	37	0.0130103441031557	Up	0.876413087769991	0.99974376603714
Paraquat	Nephrin family interactions	20	0.0161083137089863	Up	0.876513018951852	0.99974376603714
Paraquat	Base Excision Repair	44	0.038753070027767	Up	0.876562222161616	0.99974376603714
Paraquat	FCGR activation	12	0.00783652536763117	Down	0.877212188351886	0.99974376603714
Paraquat	GBP-mediated host defense	10	0.0402495777044356	Up	0.877573223625707	0.99974376603714
Paraquat	Pre-NOTCH Processing in Golgi	18	0.0333312014305348	Down	0.877732173075907	0.99974376603714
Paraquat	ECM proteoglycans	57	0.0563912390465255	Up	0.877900818477912	0.99974376603714
Paraquat	Synthesis of very long-chain fatty acyl-CoAs	21	0.0158074957367326	Down	0.877993710368289	0.99974376603714
Paraquat	Signaling by Interleukins	324	0.0021452180594945	Up	0.87828648890201	0.99974376603714
Paraquat	Metabolism of nitric oxide: NOS3 activation and regulation	16	-0.047655001329249	Up	0.878349536546163	0.99974376603714
Paraquat	Pexophagy	10	-0.000211334732391556	Up	0.878864421966714	0.99974376603714
Paraquat	Synaptic adhesion-like molecules	19	0.0365743673535741	Up	0.879842718195582	0.99974376603714
Paraquat	Defective B4GALT7 causes EDS, progeroid type	18	0.0932970024113638	Up	0.879959979469909	0.99974376603714
Paraquat	Elastic fibre formation	39	0.0404877492196171	Up	0.881151234865427	0.99974376603714
Paraquat	tRNA modification in the mitochondrion	10	0.0587330067096443	Up	0.881230262378945	0.99974376603714
Paraquat	Interleukin-37 signaling	17	-0.00224359643659607	Down	0.881808099323802	0.99974376603714
Paraquat	Retinoid metabolism and transport	29	0.0538768346117936	Up	0.881866917989166	0.99974376603714
Paraquat	rRNA processing in the mitochondrion	30	0.0649542708571584	Up	0.882579456112395	0.99974376603714
Paraquat	Butyrate Response Factor 1 (BRF1) binds and destabilizes mRNA	17	-0.0287375457882614	Down	0.884939764070772	0.99974376603714
Paraquat	Inhibition of DNA recombination at telomere	20	-2.91752858954927e-06	Up	0.884946771445222	0.99974376603714
Paraquat	Acetylcholine binding and downstream events	13	0.0370724936196089	Up	0.885189310619624	0.99974376603714
Paraquat	Postsynaptic nicotinic acetylcholine receptors	13	0.0370724936196089	Up	0.885189310619624	0.99974376603714
Paraquat	Assembly of active LPL and LIPC lipase complexes	12	0.0732407399499497	Down	0.886435813770513	0.99974376603714
Paraquat	APC-Cdc20 mediated degradation of Nek2A	25	0.0666497049606048	Down	0.886615878607731	0.99974376603714
Paraquat	CS-GAG biosynthesis	18	-0.0014818009118024	Up	0.886761713987517	0.99974376603714
Paraquat	Trafficking of GluR2-containing AMPA receptors	16	0.0396342963478554	Up	0.887103218289166	0.99974376603714
Paraquat	Retrograde neurotrophin signalling	14	0.176878922904435	Down	0.888514881930248	0.99974376603714
Paraquat	SLBP Dependent Processing of Replication-Dependent Histone Pre-mRNAs	11	0.110905219524795	Up	0.889179278929178	0.99974376603714
Paraquat	Regulation of TP53 Degradation	34	0.0128388723322719	Down	0.889429826453422	0.99974376603714
Paraquat	SARS-CoV-2 targets host intracellular signalling and regulatory pathways	10	0.0237142991097037	Up	0.890633706281998	0.99974376603714
Paraquat	Regulation of signaling by CBL	19	-0.0194904771521436	Down	0.891191028952938	0.99974376603714
Paraquat	IRF3-mediated induction of type I IFN	10	-0.0199106994800612	Up	0.891707524125953	0.99974376603714
Paraquat	p53-Independent G1/S DNA Damage Checkpoint	50	0.0834109373930337	Down	0.892052860204853	0.99974376603714
Paraquat	Ubiquitin-Mediated Degradation of Phosphorylated Cdc25A	50	0.0834109373930337	Down	0.892052860204853	0.99974376603714
Paraquat	Diseases of DNA repair	50	0.0653475318266528	Down	0.892210237383678	0.99974376603714
Paraquat	Activation of ATR in response to replication stress	36	0.105128879868463	Down	0.892342533754368	0.99974376603714
Paraquat	Defective B3GAT3 causes JDSSDHD	18	0.0973208226206377	Up	0.89234656114608	0.99974376603714
Paraquat	APC/C:Cdh1 mediated degradation of Cdc20 and other APC/C:Cdh1 targeted proteins in late mitosis/early G1	60	0.0670358948841772	Down	0.8924078855966	0.99974376603714
Paraquat	Proteasome assembly	47	0.0942765183238645	Down	0.895683947798232	0.99974376603714
Paraquat	Protein-protein interactions at synapses	77	0.0347150724004447	Down	0.896067492879423	0.99974376603714
Paraquat	Metabolism of polyamines	46	0.0787710145196886	Down	0.896485456706064	0.99974376603714
Paraquat	Inactivation of APC/C via direct inhibition of the APC/C complex	21	0.0655398291336856	Down	0.897046607407985	0.99974376603714
Paraquat	Inhibition of the proteolytic activity of APC/C required for the onset of anaphase by mitotic spindle checkpoint components	21	0.0655398291336856	Down	0.897046607407985	0.99974376603714
Paraquat	Recycling of bile acids and salts	11	0.0689176917031282	Down	0.897268954647763	0.99974376603714
Paraquat	PLC beta mediated events	46	0.0245532238567785	Down	0.897314007517722	0.99974376603714
Paraquat	Highly calcium permeable postsynaptic nicotinic acetylcholine receptors	11	0.0224652344586479	Down	0.897849983079787	0.99974376603714
Paraquat	Transport of vitamins, nucleosides, and related molecules	27	0.0867213917839516	Up	0.898022948191844	0.99974376603714
Paraquat	RUNX1 regulates genes involved in megakaryocyte differentiation and platelet function	33	0.0529539972137949	Down	0.898991989368256	0.99974376603714
Paraquat	Antigen processing-Cross presentation	81	0.0491694506658949	Down	0.900436995745046	0.99974376603714
Paraquat	Activation of APC/C and APC/C:Cdc20 mediated degradation of mitotic proteins	63	0.072312617904928	Down	0.900574882283728	0.99974376603714
Paraquat	Caspase activation via Dependence Receptors in the absence of ligand	10	0.0368772355868465	Up	0.901097362764763	0.99974376603714
Paraquat	GSK3B-mediated proteasomal degradation of PD-L1(CD274)	43	0.0997852243030215	Down	0.901113265390977	0.99974376603714
Paraquat	Biotin transport and metabolism	11	-0.0115095782570938	Down	0.901192143361308	0.99974376603714
Paraquat	Infection with Enterobacteria	31	0.00223698603032694	Up	0.901213813854964	0.99974376603714
Paraquat	Cooperation of PDCL (PhLP1) and TRiC/CCT in G-protein beta folding	34	0.0114334406023793	Down	0.901564630938728	0.99974376603714
Paraquat	GSK3B and BTRC:CUL1-mediated-degradation of NFE2L2	41	0.0966283747972021	Up	0.901899469970057	0.99974376603714
Paraquat	Visual phototransduction	63	0.0186119417847381	Down	0.902387662960052	0.99974376603714
Paraquat	RHO GTPases activate KTN1	10	0.0107106558224627	Down	0.902755288298699	0.99974376603714
Paraquat	Neurotransmitter receptors and postsynaptic signal transmission	169	0.0179506525085329	Down	0.90300620575644	0.99974376603714
Paraquat	Processive synthesis on the lagging strand	15	0.0249159828670616	Down	0.903671667261713	0.99974376603714
Paraquat	Glutamate and glutamine metabolism	13	-0.00943204774810723	Up	0.903814225751759	0.99974376603714
Paraquat	Signaling by Activin	15	0.0283620095945442	Up	0.904005028282985	0.99974376603714
Paraquat	Respiratory syncytial virus (RSV) attachment and entry	20	0.00831069452256952	Down	0.904598683723226	0.99974376603714
Paraquat	FBXL7 down-regulates AURKA during mitotic entry and in early mitosis	41	0.104910777883652	Up	0.904692708982017	0.99974376603714
Paraquat	Diseases of metabolism	212	0.0177891566756803	Up	0.90547617330545	0.99974376603714
Paraquat	SUMOylation of intracellular receptors	23	-0.0295953497390662	Up	0.905789364705237	0.99974376603714
Paraquat	FGFR2 mutant receptor activation	25	-0.0111400518553141	Down	0.906558517041474	0.99974376603714
Paraquat	Phase 4 - resting membrane potential	13	0.0914953603160779	Down	0.906733899771272	0.99974376603714
Paraquat	Protein folding	86	0.0191835245289626	Down	0.907507625683819	0.99974376603714
Paraquat	Unwinding of DNA	12	0.0789128026572385	Down	0.907818050288693	0.99974376603714
Paraquat	Degradation of AXIN	41	0.0793387677332182	Down	0.908001202728356	0.99974376603714
Paraquat	O-linked glycosylation	93	0.00781029951823523	Up	0.908408682797061	0.99974376603714
Paraquat	Degradation of GLI2 by the proteasome	45	0.067410960917868	Down	0.908744494968752	0.99974376603714
Paraquat	Ubiquitin-dependent degradation of Cyclin D	38	0.102149181838731	Up	0.908963659201414	0.99974376603714
Paraquat	Diseases associated with O-glycosylation of proteins	52	0.0104261619746384	Down	0.908985574900606	0.99974376603714
Paraquat	WNT5A-dependent internalization of FZD4	15	0.190688811251948	Down	0.909161034996665	0.99974376603714
Paraquat	Incretin synthesis, secretion, and inactivation	13	-0.0024906141885318	Down	0.909182068097626	0.99974376603714
Paraquat	Pausing and recovery of Tat-mediated HIV elongation	30	0.0625411464974505	Up	0.909309729735329	0.99974376603714
Paraquat	Tat-mediated HIV elongation arrest and recovery	30	0.0625411464974505	Up	0.909309729735329	0.99974376603714
Paraquat	Positive epigenetic regulation of rRNA expression	43	0.000234605192361652	Down	0.909542261018839	0.99974376603714
Paraquat	Surfactant metabolism	11	-0.0130046505847456	Up	0.910007476503399	0.99974376603714
Paraquat	Sphingolipid catabolism	10	-0.0301008345611482	Up	0.911288640072418	0.99974376603714
Paraquat	Z-decay: degradation of maternal mRNAs by zygotically expressed factors	10	-0.0150215571018965	Up	0.911325954402621	0.99974376603714
Paraquat	Heme biosynthesis	11	0.0568803363900007	Down	0.912980253977833	0.99974376603714
Paraquat	RHOB GTPase cycle	66	0.0166899799830767	Up	0.913324262046495	0.99974376603714
Paraquat	PKA-mediated phosphorylation of CREB	18	0.0638180232064246	Up	0.915137191678563	0.99974376603714
Paraquat	APC/C:Cdc20 mediated degradation of mitotic proteins	62	0.072712147817256	Down	0.915284657780663	0.99974376603714
Paraquat	DNA Damage Recognition in GG-NER	37	0.0066528864969395	Up	0.915420572533851	0.99974376603714
Paraquat	Signaling by NODAL	16	0.00121320268387504	Up	0.916878143462492	0.99974376603714
Paraquat	Regulation of APC/C activators between G1/S and early anaphase	67	0.0651096490432347	Down	0.916884399965815	0.99974376603714
Paraquat	Synthesis of DNA	107	0.0648996946839582	Down	0.917611011579741	0.99974376603714
Paraquat	PKMTs methylate histone lysines	42	0.0671606189900356	Up	0.917861844022962	0.99974376603714
Paraquat	Alpha-protein kinase 1 signaling pathway	10	-0.025989266761894	Up	0.919013297449361	0.99974376603714
Paraquat	SARS-CoV-1 Infection	125	0.0401901749014031	Up	0.920331938841967	0.99974376603714
Paraquat	SCF(Skp2)-mediated degradation of p27/p21	49	0.0937003812275726	Up	0.920902522014335	0.99974376603714
Paraquat	Regulation of TP53 Activity through Methylation	18	-0.0188600492578626	Up	0.921708471746321	0.99974376603714
Paraquat	FGFR2 ligand binding and activation	10	-0.0369534212528335	Up	0.921712674455434	0.99974376603714
Paraquat	G1/S DNA Damage Checkpoints	64	0.0496303631454982	Up	0.921915815953699	0.99974376603714
Paraquat	Degradation of CDH1	50	0.0652449261956117	Up	0.92199532369624	0.99974376603714
Paraquat	Signaling by VEGF	98	0.024189244680295	Down	0.923178516095195	0.99974376603714
Paraquat	TCR signaling	82	0.0165229252037087	Up	0.923943173458904	0.99974376603714
Paraquat	Dengue Virus Attachment and Entry	39	0.0278643737799327	Up	0.924120444936225	0.99974376603714
Paraquat	AUF1 (hnRNP D0) binds and destabilizes mRNA	40	0.088611629552795	Up	0.924647644586474	0.99974376603714
Paraquat	Recruitment of NuMA to mitotic centrosomes	86	-0.00186317069499534	Up	0.924791356275252	0.99974376603714
Paraquat	Growth hormone receptor signaling	19	-0.0185815191432628	Up	0.925192572011275	0.99974376603714
Paraquat	Regulation of TP53 Activity through Phosphorylation	89	0.0506771526199625	Down	0.925287657453717	0.99974376603714
Paraquat	Metabolism of fat-soluble vitamins	33	0.0448565652087429	Up	0.92551455015313	0.99974376603714
Paraquat	Signaling by the B Cell Receptor (BCR)	95	0.00934028348204708	Up	0.926169322049303	0.99974376603714
Paraquat	SHC-mediated cascade:FGFR2	15	-0.025546097576039	Up	0.92622019226348	0.99974376603714
Paraquat	Inflammasomes	17	-0.0176943160723996	Down	0.927229464665133	0.99974376603714
Paraquat	Cyclin D associated events in G1	45	0.0225947592034885	Down	0.928870677395404	0.99974376603714
Paraquat	G1 Phase	45	0.0225947592034885	Down	0.928870677395404	0.99974376603714
Paraquat	Signaling by NTRK1 (TRKA)	109	0.0230939939558604	Down	0.928905721767627	0.99974376603714
Paraquat	Synthesis of PIPs at the plasma membrane	48	0.0589003915799365	Up	0.929148657362135	0.99974376603714
Paraquat	Signaling by Retinoic Acid	31	-0.00205613215673181	Down	0.930855240849836	0.99974376603714
Paraquat	Anchoring fibril formation	14	-0.00239804522948279	Down	0.930996108352067	0.99974376603714
Paraquat	Cellular response to hypoxia	60	0.0364368978451737	Down	0.931443088475985	0.99974376603714
Paraquat	Formation of TC-NER Pre-Incision Complex	49	0.0264338581983223	Up	0.9323502243003	0.99974376603714
Paraquat	Miscellaneous transport and binding events	18	0.0501941629439037	Down	0.932803235593915	0.99974376603714
Paraquat	Base-Excision Repair, AP Site Formation	17	0.0642377898765572	Up	0.932952030659115	0.99974376603714
Paraquat	Type I hemidesmosome assembly	10	0.0337268522686622	Down	0.933014221617139	0.99974376603714
Paraquat	Glycosphingolipid catabolism	34	0.0837136829222528	Up	0.934022622994349	0.99974376603714
Paraquat	Interleukin-2 family signaling	32	-0.0122669084673637	Up	0.93412074193966	0.99974376603714
Paraquat	Lysosphingolipid and LPA receptors	13	0.0534384758488185	Up	0.934141457182747	0.99974376603714
Paraquat	VEGFA-VEGFR2 Pathway	90	0.0227785076582515	Down	0.93708929999861	0.99974376603714
Paraquat	VxPx cargo-targeting to cilium	19	-0.0146162838184659	Down	0.937144239301417	0.99974376603714
Paraquat	Late Phase of HIV Life Cycle	131	0.0128849616817867	Up	0.93760794449656	0.99974376603714
Paraquat	Signalling to RAS	20	0.0834703425530556	Up	0.93762125651233	0.99974376603714
Paraquat	Negative regulation of NOTCH4 signaling	43	0.0918350132055201	Up	0.938259961149466	0.99974376603714
Paraquat	Activation of G protein gated Potassium channels	24	0.0243707545504776	Down	0.940237192522665	0.99974376603714
Paraquat	G protein gated Potassium channels	24	0.0243707545504776	Down	0.940237192522665	0.99974376603714
Paraquat	Inhibition  of voltage gated Ca2+ channels via Gbeta/gamma subunits	24	0.0243707545504776	Down	0.940237192522665	0.99974376603714
Paraquat	Regulation of endogenous retroelements by KRAB-ZFP proteins	46	0.0249027170298014	Down	0.940486309495406	0.99974376603714
Paraquat	Interleukin-15 signaling	14	-0.0382254889709786	Up	0.940576575618847	0.99974376603714
Paraquat	RUNX1 regulates transcription of genes involved in differentiation of HSCs	53	0.0379046004807549	Down	0.940870857349284	0.99974376603714
Paraquat	Metabolism of steroid hormones	18	0.00141220201374466	Down	0.941008747744266	0.99974376603714
Paraquat	Cdc20:Phospho-APC/C mediated degradation of Cyclin A	59	0.0657591304813848	Up	0.941096775280607	0.99974376603714
Paraquat	Signaling by TGFB family members	146	0.0102600828917985	Down	0.941266665523967	0.99974376603714
Paraquat	GLI3 is processed to GLI3R by the proteasome	45	0.0727622533622327	Down	0.941542761762605	0.99974376603714
Paraquat	Polymerase switching on the C-strand of the telomere	25	0.0407544329602036	Up	0.942013377154874	0.99974376603714
Paraquat	Role of LAT2/NTAL/LAB on calcium mobilization	16	0.015790586153499	Down	0.943064460818488	0.99974376603714
Paraquat	Cleavage of the damaged pyrimidine	15	0.0264970629176936	Down	0.943191657430068	0.99974376603714
Paraquat	Depyrimidination	15	0.0264970629176936	Down	0.943191657430068	0.99974376603714
Paraquat	Recognition and association of DNA glycosylase with site containing an affected pyrimidine	15	0.0264970629176936	Down	0.943191657430068	0.99974376603714
Paraquat	ERBB2 Regulates Cell Motility	12	0.00034939654931126	Up	0.943458235412729	0.99974376603714
Paraquat	Signaling by FLT3 fusion proteins	19	0.0220312021934111	Up	0.94367232105366	0.99974376603714
Paraquat	G-protein mediated events	51	0.0231591406911213	Up	0.944489882073421	0.99974376603714
Paraquat	Formation of paraxial mesoderm	56	0.0162897161639521	Up	0.945129647316435	0.99974376603714
Paraquat	mRNA Splicing - Major Pathway	199	0.0291214628774631	Down	0.945927203504134	0.99974376603714
Paraquat	Transport of nucleosides and free purine and pyrimidine bases across the plasma membrane	10	0.351432154657824	Down	0.946557700013707	0.99974376603714
Paraquat	Downstream signaling events of B Cell Receptor (BCR)	66	0.042080139101735	Up	0.946777649961457	0.99974376603714
Paraquat	MASTL Facilitates Mitotic Progression	10	0.0910716711642557	Up	0.947358745991565	0.99974376603714
Paraquat	Chondroitin sulfate/dermatan sulfate metabolism	33	0.017909568148126	Up	0.948750422500318	0.99974376603714
Paraquat	GPCR downstream signalling	359	0.0123418301666502	Up	0.949315179773256	0.99974376603714
Paraquat	Asymmetric localization of PCP proteins	50	0.0462684562818427	Up	0.949827548830553	0.99974376603714
Paraquat	Signaling by GPCR	402	0.0145785584764555	Down	0.949881503702713	0.99974376603714
Paraquat	Signaling by KIT in disease	18	0.0309546571542268	Down	0.950017684613954	0.99974376603714
Paraquat	Signaling by phosphorylated juxtamembrane, extracellular and kinase domain KIT mutants	18	0.0309546571542268	Down	0.950017684613954	0.99974376603714
Paraquat	Synthesis of PIPs at the late endosome membrane	11	0.255482396891549	Down	0.953049105217136	0.99974376603714
Paraquat	Homology Directed Repair	101	0.0345009288847989	Up	0.953510690861232	0.99974376603714
Paraquat	Somitogenesis	44	0.056582747189593	Up	0.954364952325136	0.99974376603714
Paraquat	Regulation of T cell activation by CD28 family	176	0.00873046039700744	Down	0.954496823619087	0.99974376603714
Paraquat	PECAM1 interactions	10	-0.00783426086579321	Up	0.956386175615102	0.99974376603714
Paraquat	Dectin-2 family	11	0.0464630041547705	Down	0.956625809847845	0.99974376603714
Paraquat	Mitochondrial mRNA modification	24	0.128817707211778	Up	0.957099257673137	0.99974376603714
Paraquat	Mitochondrial unfolded protein response (UPRmt)	15	0.0263175766560539	Up	0.957168094872814	0.99974376603714
Paraquat	PRC2 methylates histones and DNA	15	-0.0214520847002486	Down	0.957451064352718	0.99974376603714
Paraquat	WNT ligand biogenesis and trafficking	14	0.0185915018145802	Up	0.959528371761799	0.99974376603714
Paraquat	Interleukin-12 signaling	39	0.0335742696081828	Up	0.959842966665343	0.99974376603714
Paraquat	Adherens junctions interactions	182	-0.0016467490218462	Up	0.959879236066864	0.99974376603714
Paraquat	Negative Regulation of CDH1 Gene Transcription	30	0.01480195465038	Down	0.961846671512087	0.99974376603714
Paraquat	CD209 (DC-SIGN) signaling	18	0.0606843185530983	Down	0.962545808508498	0.99974376603714
Paraquat	The role of GTSE1 in G2/M progression after G2 checkpoint	59	0.078191037654325	Down	0.962855210149292	0.99974376603714
Paraquat	Cardiac conduction	108	0.0114655722625912	Down	0.963517392574111	0.99974376603714
Paraquat	mTORC1-mediated signalling	23	0.00274136201806328	Up	0.963785522595177	0.99974376603714
Paraquat	Diseases of glycosylation	120	0.0298721628004803	Down	0.963850376694365	0.99974376603714
Paraquat	Maturation of nucleoprotein_9683610	10	-0.0487422009592063	Up	0.964688463085428	0.99974376603714
Paraquat	Interleukin-12 family signaling	46	0.0320841086297425	Up	0.965581094065157	0.99974376603714
Paraquat	Cleavage of the damaged purine	10	0.0270862752338741	Up	0.966118817009099	0.99974376603714
Paraquat	Depurination	10	0.0270862752338741	Up	0.966118817009099	0.99974376603714
Paraquat	Recognition and association of DNA glycosylase with site containing an affected purine	10	0.0270862752338741	Up	0.966118817009099	0.99974376603714
Paraquat	Glycosaminoglycan metabolism	116	0.0198876559114547	Down	0.966168519806619	0.99974376603714
Paraquat	Regulation of TP53 Expression and Degradation	35	0.0111889027911411	Down	0.966593266291464	0.99974376603714
Paraquat	PI3K/AKT Signaling in Cancer	84	0.00916969341884307	Up	0.966614063310265	0.99974376603714
Paraquat	Antimicrobial mechanism of IFN-stimulated genes	197	0.0242953454702209	Down	0.967852827037183	0.99974376603714
Paraquat	Regulation of HSF1-mediated heat shock response	74	0.0300898717304354	Down	0.967871157881002	0.99974376603714
Paraquat	Keratan sulfate/keratin metabolism	29	0.0740313402790251	Down	0.968913740997757	0.99974376603714
Paraquat	Downregulation of SMAD2/3:SMAD4 transcriptional activity	28	0.0760320596108543	Up	0.970197501420906	0.99974376603714
Paraquat	Leading Strand Synthesis	14	0.0965078085302446	Up	0.971581414565947	0.99974376603714
Paraquat	Polymerase switching	14	0.0965078085302446	Up	0.971581414565947	0.99974376603714
Paraquat	Cell surface interactions at the vascular wall	87	0.00618999605761474	Up	0.971802804891983	0.99974376603714
Paraquat	Acyl chain remodelling of PC	17	-0.0299838612747625	Down	0.973975955680529	0.99974376603714
Paraquat	mRNA Splicing	207	0.0294035156090929	Down	0.974651151813564	0.99974376603714
Paraquat	RHOJ GTPase cycle	51	0.0442119842983245	Up	0.975795629523575	0.99974376603714
Paraquat	Activation of NMDA receptors and postsynaptic events	82	0.0194095028523219	Down	0.975864236741183	0.99974376603714
Paraquat	GABA receptor activation	45	0.00813347866640948	Up	0.976012706825591	0.99974376603714
Paraquat	Cytochrome P450 - arranged by substrate type	28	0.0242859453372852	Down	0.976191244837303	0.99974376603714
Paraquat	Removal of the Flap Intermediate	14	0.0437213412762821	Down	0.976288465185121	0.99974376603714
Paraquat	APC/C:Cdc20 mediated degradation of Securin	54	0.0726112029790311	Down	0.976871876426724	0.99974376603714
Paraquat	Constitutive Signaling by EGFRvIII	14	0.0195250188150169	Up	0.977125830825136	0.99974376603714
Paraquat	Signaling by EGFRvIII in Cancer	14	0.0195250188150169	Up	0.977125830825136	0.99974376603714
Paraquat	Beta-catenin independent WNT signaling	125	0.00586035884189152	Up	0.977284199042175	0.99974376603714
Paraquat	G2/M DNA damage checkpoint	59	0.0759757249554148	Up	0.977347192059588	0.99974376603714
Paraquat	Blood group systems biosynthesis	15	-0.0141638039430966	Up	0.978799907869985	0.99974376603714
Paraquat	Apoptotic cleavage of cellular proteins	31	0.00481284829377205	Down	0.980116630481564	0.99974376603714
Paraquat	Receptor-type tyrosine-protein phosphatases	17	-0.0118330736008551	Down	0.980784242035713	0.99974376603714
Paraquat	Signaling by FGFR	74	0.000134093979388946	Down	0.981876048446097	0.99974376603714
Paraquat	FOXO-mediated transcription of cell cycle genes	14	-0.0549008069081996	Up	0.986966672191644	0.99974376603714
Paraquat	Fcgamma receptor (FCGR) dependent phagocytosis	81	0.0174367496341211	Down	0.988316949660954	0.99974376603714
Paraquat	APC truncation mutants have impaired AXIN binding	14	-0.0111410701505486	Up	0.988506391200622	0.99974376603714
Paraquat	AXIN missense mutants destabilize the destruction complex	14	-0.0111410701505486	Up	0.988506391200622	0.99974376603714
Paraquat	Signaling by AMER1 mutants	14	-0.0111410701505486	Up	0.988506391200622	0.99974376603714
Paraquat	Signaling by APC mutants	14	-0.0111410701505486	Up	0.988506391200622	0.99974376603714
Paraquat	Signaling by AXIN mutants	14	-0.0111410701505486	Up	0.988506391200622	0.99974376603714
Paraquat	Truncations of AMER1 destabilize the destruction complex	14	-0.0111410701505486	Up	0.988506391200622	0.99974376603714
Paraquat	Diseases associated with N-glycosylation of proteins	20	0.0186305442979248	Up	0.988764517864289	0.99974376603714
Paraquat	Leishmania infection	135	0.0104781217028014	Up	0.989079463970072	0.99974376603714
Paraquat	Parasitic Infection Pathways	135	0.0104781217028014	Up	0.989079463970072	0.99974376603714
Paraquat	Formation of RNA Pol II elongation complex	55	-0.00419940958346506	Up	0.989606958684532	0.99974376603714
Paraquat	RNA Polymerase II Transcription Elongation	55	-0.00419940958346506	Up	0.989606958684532	0.99974376603714
Paraquat	Regulation of innate immune responses to cytosolic DNA	10	0.00489349842482663	Down	0.990073312592977	0.99974376603714
Paraquat	Class I peroxisomal membrane protein import	20	0.0501272437735484	Down	0.991096270474149	0.99974376603714
Paraquat	Processing of DNA double-strand break ends	60	0.0426110753412791	Down	0.99141077757824	0.99974376603714
Paraquat	Association of TriC/CCT with target proteins during biosynthesis	35	-0.00144312607093744	Up	0.992581903871828	0.99974376603714
Paraquat	Folding of actin by CCT/TriC	10	0.121268518866989	Down	0.992828113971396	0.99974376603714
Paraquat	Transcriptional activity of SMAD2/SMAD3:SMAD4 heterotrimer	48	0.0287705994985238	Down	0.993485425461593	0.99974376603714
Paraquat	Regulation of ornithine decarboxylase (ODC)	38	0.0929346824920883	Down	0.993621016945288	0.99974376603714
Paraquat	APC:Cdc20 mediated degradation of cell cycle proteins prior to satisfation of the cell cycle checkpoint	60	0.0673789265761651	Down	0.99422442611261	0.99974376603714
Paraquat	Enterobacterial factors antagonize host defense	10	0.0644025427890941	Up	0.994266510438173	0.99974376603714
Paraquat	The role of Nef in HIV-1 replication and disease pathogenesis	23	0.0336285032508994	Down	0.995115480133184	0.99974376603714
Paraquat	Degradation of GLI1 by the proteasome	45	0.0721626643364962	Up	0.995193957750745	0.99974376603714
Paraquat	Matriglycan biosynthesis on DAG1	10	0.152832600004357	Up	0.995634796308618	0.99974376603714
Paraquat	Anchoring of the basal body to the plasma membrane	93	0.0104003207103452	Down	0.996429366773955	0.99974376603714
Paraquat	Signaling by CSF1 (M-CSF) in myeloid cells	28	-0.0101617683334117	Up	0.996442543690808	0.99974376603714
Paraquat	SCF-beta-TrCP mediated degradation of Emi1	41	0.0899365031330967	Up	0.997388103696733	0.99974376603714
Paraquat	G alpha (i) signalling events	175	0.00882301275705912	Down	0.997929858739841	0.99974376603714
Paraquat	Glutamate binding, activation of AMPA receptors and synaptic plasticity	28	0.0343855795716128	Up	0.998008375515484	0.99974376603714
Paraquat	Trafficking of AMPA receptors	28	0.0343855795716128	Up	0.998008375515484	0.99974376603714
Paraquat	Centrosome maturation	77	0.00695738370469915	Up	0.998178341670062	0.99974376603714
Paraquat	Recruitment of mitotic centrosome proteins and complexes	77	0.00695738370469915	Up	0.998178341670062	0.99974376603714
Paraquat	HIV elongation arrest and recovery	32	0.0404558372989123	Down	0.998786787693616	0.99974376603714
Paraquat	Pausing and recovery of HIV elongation	32	0.0404558372989123	Down	0.998786787693616	0.99974376603714
Paraquat	Inactivation, recovery and regulation of the phototransduction cascade	22	0.00360680201392461	Down	0.999109008090449	0.99974376603714
Paraquat	Activation of NF-kappaB in B cells	53	0.053198754695208	Up	0.999962823609288	0.999962823609288
