probe	gene	mean_expression
ILMN_1736007	A1BG	5.819492460357247
ILMN_3234888	A1BG-AS1	1.3590877399578531
ILMN_1779670	A1CF	3.4303132648498607
ILMN_1745607	A2M	0.4074991117757552
ILMN_2136495	A2ML1	0.10269241182268248
ILMN_2295559	A3GALT2	0.8492024814499647
ILMN_1735045	A4GALT	7.276905299293731
ILMN_1680754	A4GNT	3.983097488073723
ILMN_1755321	AAAS	6.206808442182976
ILMN_1698554	AACS	7.890661779633711
ILMN_1760414	AADAC	3.41011544216145
ILMN_1752884	AADACL2	2.452510448956661
ILMN_1660703	AADACL3	1.162075157680697
ILMN_1668851	AADACL4	3.041018054425505
ILMN_3281480	AADACP1	4.589847741570917
ILMN_1726986	AADAT	7.820180938769082
ILMN_1717229	AAED1	7.169099105186032
ILMN_3237396	AAGAB	9.432859798959539
ILMN_1880387	AAK1	4.872589734892814
ILMN_1779163	AAMDC	9.145918545657574
ILMN_1653165	AAMP	8.815209404701159
ILMN_1729835	AANAT	0.4068724707067058
ILMN_1721225	AAR2	8.208205424279537
ILMN_2159290	AARD	1.4702545343055096
ILMN_1662364	AARS	12.015615578775746
ILMN_1674698	AARS2	7.411986943728842
ILMN_1784269	AASDH	7.517605515414683
ILMN_2096191	AASDHPPT	10.330348585750912
ILMN_1678323	AASS	6.630843917600244
ILMN_3256375	AATBC	0.09556888241621318
ILMN_1703743	AATF	8.06716334210893
ILMN_1699334	AATK	7.822449517750429
ILMN_1805104	ABAT	8.903570389878798
ILMN_1766054	ABCA1	9.35231382193559
ILMN_1753388	ABCA10	4.317469450845086
ILMN_2232084	ABCA11P	2.9084777939697783
ILMN_2361400	ABCA12	1.2302113680832167
ILMN_1704579	ABCA13	0.0
ILMN_1823245	ABCA17P	0.3514935048793149
ILMN_1747627	ABCA2	4.121751187650763
ILMN_1758523	ABCA3	8.940002395688877
ILMN_1794965	ABCA4	1.8234371025308764
ILMN_1784176	ABCA5	4.318874525489293
ILMN_1795507	ABCA6	4.11069142941412
ILMN_1743205	ABCA7	6.140556744819173
ILMN_1796801	ABCA8	7.5854494907858525
ILMN_1720501	ABCA9	5.636813509651682
ILMN_1812070	ABCB1	2.4830684509721443
ILMN_1665730	ABCB10	6.740369502151116
ILMN_2232066	ABCB11	1.803341141875095
ILMN_1767349	ABCB4	0.8566548404723776
ILMN_1658257	ABCB5	0.05616080561610243
ILMN_2193980	ABCB6	8.349628749614828
ILMN_1687840	ABCB7	9.469303007622823
ILMN_2102422	ABCB8	1.3090414201184215
ILMN_2343048	ABCB9	9.21436010282116
ILMN_1776119	ABCC10	5.75890239827401
ILMN_1732140	ABCC11	4.5653529344396855
ILMN_1762093	ABCC12	2.717964239933735
ILMN_1709092	ABCC13	0.23665586025081062
ILMN_1676278	ABCC2	0.7970541262031667
ILMN_1677814	ABCC3	3.1504484998312434
ILMN_1788457	ABCC4	6.027994960796396
ILMN_1651964	ABCC5	8.975354346770049
ILMN_2406654	ABCC6	5.814911637734105
ILMN_3246902	ABCC6P1	3.076342991193884
ILMN_3244070	ABCC6P2	6.111580493578827
ILMN_1767129	ABCC8	7.418387488131169
ILMN_1746196	ABCC9	4.309649996608954
ILMN_1772189	ABCD1	0.9727868592845237
ILMN_1652959	ABCD2	1.9521073865317753
ILMN_1674032	ABCD3	6.722117301566098
ILMN_2343917	ABCD4	2.7558351208831033
ILMN_2330267	ABCE1	7.318479832371053
ILMN_1763875	ABCF1	10.251655742459347
ILMN_1781999	ABCF2	7.117840214608329
ILMN_1810085	ABCF3	5.018369682858118
ILMN_1794782	ABCG1	6.865525698139993
ILMN_1789641	ABCG2	0.0
ILMN_1779470	ABCG4	7.62598969631468
ILMN_1716592	ABCG5	3.893943190719605
ILMN_1680309	ABCG8	1.5471855457706984
ILMN_1743371	ABHD1	5.061209858166197
ILMN_1770031	ABHD10	9.41210023946226
ILMN_1737475	ABHD11	4.9879562138517874
ILMN_1821139	ABHD11-AS1	3.968392843458591
ILMN_2245305	ABHD12	8.068487680215254
ILMN_1698311	ABHD12B	5.318114568105901
ILMN_1785285	ABHD13	4.286543756906213
ILMN_1794213	ABHD14A	9.527353964138719
ILMN_2227533	ABHD14B	1.6410497993048578
ILMN_1769390	ABHD15	3.870525289979506
ILMN_2152402	ABHD16A	9.202058130189153
ILMN_1805483	ABHD16B	0.0
ILMN_1679363	ABHD17A	3.2332651773821497
ILMN_1660440	ABHD17B	6.968372976846815
ILMN_1788416	ABHD17C	10.589871413841506
ILMN_1723662	ABHD2	6.769494887686622
ILMN_1801767	ABHD3	7.33941620408518
ILMN_1700633	ABHD4	6.088457437232845
ILMN_1655702	ABHD5	6.334021474717424
ILMN_1706344	ABHD6	6.9849836766789695
ILMN_1712707	ABHD8	9.390102083063846
ILMN_2329958	ABI1	8.780147312156979
ILMN_1707274	ABI2	0.8382740548701949
ILMN_1755658	ABI3	1.7991925577732306
ILMN_1673639	ABI3BP	6.6844910130205015
ILMN_1713732	ABL1	10.110920381097028
ILMN_1741628	ABL2	6.445584192763847
ILMN_1785424	ABLIM1	9.537866365264412
ILMN_1758825	ABLIM2	7.97664399542986
ILMN_1656940	ABLIM3	5.0011533278395985
ILMN_1656979	ABO	0.0
ILMN_1672878	ABR	10.252813227073242
ILMN_1766991	ABRA	0.560836371651903
ILMN_1720858	ABRACL	8.980788196491007
ILMN_1658083	ABT1	5.417605227926297
ILMN_1802096	ABTB1	6.405348883974142
ILMN_1753370	ABTB2	6.225216969147458
ILMN_1738921	ACAA1	8.915862452484932
ILMN_1660199	ACAA2	9.495780627658867
ILMN_2331636	ACACA	10.359782138950234
ILMN_1763852	ACACB	3.583455415124991
ILMN_1687303	ACAD10	5.791800553682639
ILMN_1761058	ACAD11	9.481261181814977
ILMN_2225595	ACAD8	8.698613246368899
ILMN_1775579	ACAD9	8.005451403631648
ILMN_1660890	ACADL	1.4467169218032598
ILMN_2053679	ACADM	9.80371405068425
ILMN_1795104	ACADS	6.240796948543539
ILMN_1740920	ACADSB	3.0230284707289345
ILMN_1806408	ACADVL	11.086728241756328
ILMN_1777182	ACAN	0.4985578131388177
ILMN_1808395	ACAP1	4.368271912466121
ILMN_3236270	ACAP2	6.761150924062462
ILMN_1743847	ACAP3	1.582080730924251
ILMN_1800008	ACAT1	10.294166560358095
ILMN_1708672	ACAT2	11.97123250495747
ILMN_1665945	ACBD3	10.300356233943454
ILMN_1676288	ACBD4	4.537890371491975
ILMN_1693250	ACBD5	6.460013266475311
ILMN_1684271	ACBD6	8.534793176734517
ILMN_1726388	ACBD7	9.001159966453642
ILMN_3187680	ACCS	1.2067022422987022
ILMN_1780630	ACCSL	3.307244211333364
ILMN_1716480	ACD	8.557996723329284
ILMN_1779984	ACE	0.939218252876565
ILMN_1667018	ACE2	3.4835400609756593
ILMN_3241214	ACER1	2.4692307122714574
ILMN_3235340	ACER2	7.46492115761323
ILMN_1812552	ACER3	8.9907012369306
ILMN_2333219	ACHE	9.168511418863416
ILMN_1699636	ACIN1	8.152875952136354
ILMN_1723684	ACKR1	6.084207773597317
ILMN_1763127	ACKR2	1.8319011058114167
ILMN_1798360	ACKR3	10.604686328742403
ILMN_1781769	ACKR4	2.8037493913114537
ILMN_2371379	ACLY	11.189657204428451
ILMN_1727091	ACMSD	0.9386242745576349
ILMN_1750800	ACO1	10.243485752875415
ILMN_1654861	ACO2	9.05406449717386
ILMN_1838319	ACOD1	2.1255485640754688
ILMN_1715543	ACOT1	6.483181020145538
ILMN_2353978	ACOT11	4.488961023317425
ILMN_1785474	ACOT12	1.4811218975220184
ILMN_2098743	ACOT13	10.808409988972352
ILMN_1716237	ACOT2	7.211203989233714
ILMN_1764321	ACOT4	5.166097056371212
ILMN_2156699	ACOT6	0.8701491934625666
ILMN_1740265	ACOT7	13.378615081850635
ILMN_1679600	ACOT8	7.927221681366722
ILMN_1658995	ACOT9	7.895520570777741
ILMN_1750158	ACOX1	6.329979742891955
ILMN_1685703	ACOX2	1.7598772236704845
ILMN_1743396	ACOX3	7.761870850548097
ILMN_2344956	ACP1	12.64161822131164
ILMN_2104830	ACP2	7.473545263327281
ILMN_2078599	ACP5	3.1853641908675923
ILMN_2234343	ACP6	6.08942213493081
ILMN_1709725	ACP7	1.6045287399423216
ILMN_1758323	ACPP	1.6275378318513285
ILMN_1728331	ACPT	4.709341345968615
ILMN_1705637	ACR	3.3823771793015283
ILMN_1784203	ACRBP	0.5734530442102771
ILMN_1666690	ACRC	5.30005660863864
ILMN_2227011	ACSBG1	6.106024234871683
ILMN_1730002	ACSBG2	2.292612275981117
ILMN_3236756	ACSF2	6.874609676436044
ILMN_1716832	ACSF3	2.7895939147600193
ILMN_1684585	ACSL1	6.829029559031693
ILMN_2360705	ACSL3	11.161995139363285
ILMN_1683598	ACSL4	10.213251930633826
ILMN_2273911	ACSL5	1.2063609932127184
ILMN_1737418	ACSL6	5.721128011549538
ILMN_1661434	ACSM1	0.12426952800203744
ILMN_1765912	ACSM2B	2.3199707022015326
ILMN_1685952	ACSM3	3.2553270556649516
ILMN_1791923	ACSM4	1.6400121648936121
ILMN_1805147	ACSM5	5.534702003740494
ILMN_2100936	ACSM6	3.119698504465978
ILMN_1752269	ACSS1	3.7722898353847047
ILMN_1714197	ACSS2	10.640493949660774
ILMN_1659885	ACSS3	5.704808770948678
ILMN_2125869	ACTA1	3.0023740663265044
ILMN_1671703	ACTA2	11.678718334924838
ILMN_1777296	ACTB	15.19828705562643
ILMN_3246895	ACTBL2	0.7166170845838781
ILMN_1658660	ACTC1	5.688282677968388
ILMN_2053178	ACTG1	15.314094755455153
ILMN_3236904	ACTG1P4	5.3826062160923165
ILMN_1795325	ACTG2	9.041719178528174
ILMN_1733531	ACTL10	0.3243011307442612
ILMN_1749297	ACTL6A	10.172522391065769
ILMN_1657855	ACTL6B	8.680248107302537
ILMN_1717900	ACTL7A	0.3493222825832511
ILMN_1796088	ACTL7B	0.44520247169080446
ILMN_1704078	ACTL8	1.8208181526610678
ILMN_1656193	ACTL9	0.21230085244644625
ILMN_2232177	ACTN1	7.983490673056756
ILMN_1654422	ACTN2	1.3367035205551143
ILMN_1665691	ACTN3	2.5562018570751697
ILMN_1725534	ACTN4	7.629472670950491
ILMN_1798254	ACTR10	10.81389374038146
ILMN_1792314	ACTR1A	11.198849895045074
ILMN_1695821	ACTR1B	9.934953031045628
ILMN_2388605	ACTR2	11.216074148182628
ILMN_1657153	ACTR3	8.38785120368608
ILMN_1787513	ACTR3B	7.238503949309675
ILMN_1652594	ACTR5	7.385045119770441
ILMN_1697585	ACTR6	10.856919654692819
ILMN_1689162	ACTR8	6.519629835913725
ILMN_1815392	ACTRT1	5.67724896123254
ILMN_1776442	ACTRT2	1.9358305689448878
ILMN_1782810	ACTRT3	0.0
ILMN_1760490	ACVR1	10.297082261397964
ILMN_2243308	ACVR1B	11.62925963254247
ILMN_1858084	ACVR1C	1.3211051818201556
ILMN_2152711	ACVR2A	8.87506605404659
ILMN_1668983	ACVR2B	5.631262202746581
ILMN_3251776	ACVR2B-AS1	0.6641720835625463
ILMN_3250257	ACVRL1	3.9747403378998674
ILMN_1683883	ACY1	6.366038327493279
ILMN_1670193	ACY3	0.46788172321210736
ILMN_1694233	ACYP1	11.467456075514141
ILMN_2158705	ACYP2	9.135911535256353
ILMN_1803686	ADA	9.23569817745802
ILMN_1745580	ADAD1	0.11269729811770761
ILMN_1745108	ADAD2	1.6778262153229493
ILMN_1725043	ADAL	8.19726906159292
ILMN_1718946	ADAM10	8.514556269692582
ILMN_1711374	ADAM11	6.9653734857086
ILMN_1726266	ADAM12	3.659015909598479
ILMN_1756920	ADAM15	10.298090152417949
ILMN_2121068	ADAM17	8.895322628904111
ILMN_2201386	ADAM18	2.941832628882237
ILMN_1713751	ADAM19	8.95647657617481
ILMN_1662675	ADAM2	4.0962556134755435
ILMN_1737629	ADAM20	0.2441861319582785
ILMN_1833008	ADAM20P1	0.6187999605272265
ILMN_1812112	ADAM21	1.3172157992789135
ILMN_3241313	ADAM21P1	0.4285337450150753
ILMN_1675210	ADAM22	2.2291754645971857
ILMN_2060086	ADAM23	5.690292516989474
ILMN_1664631	ADAM28	2.991957084762612
ILMN_2194158	ADAM29	1.245038364009146
ILMN_2100871	ADAM30	0.2349974805883915
ILMN_1806841	ADAM32	4.260290925737345
ILMN_1651657	ADAM33	3.7339543450281756
ILMN_2223911	ADAM3A	1.2833335615828714
ILMN_1764554	ADAM5	0.8473687692741052
ILMN_2143210	ADAM6	3.537790941579251
ILMN_1750294	ADAM7	2.9699825389652372
ILMN_1708348	ADAM8	0.354600024340461
ILMN_1727524	ADAM9	6.899670799508989
ILMN_1716909	ADAMDEC1	2.817015873741392
ILMN_1673566	ADAMTS1	6.576554126746551
ILMN_1751168	ADAMTS10	1.6728171388500472
ILMN_1660970	ADAMTS12	0.0
ILMN_2413732	ADAMTS13	5.090060370526685
ILMN_2358134	ADAMTS14	2.310648632033408
ILMN_1683781	ADAMTS15	3.1275040880783913
ILMN_1726247	ADAMTS16	0.30515280697122654
ILMN_1682989	ADAMTS17	3.1718337125277647
ILMN_1739872	ADAMTS18	2.3329675996903005
ILMN_1656171	ADAMTS19	0.9616312301514517
ILMN_1811765	ADAMTS2	7.098744176605035
ILMN_1787908	ADAMTS20	2.712856697150705
ILMN_1703803	ADAMTS3	0.04835495400043599
ILMN_2092933	ADAMTS4	1.6679807597456662
ILMN_1681886	ADAMTS5	0.78480145443939
ILMN_1767362	ADAMTS6	2.7544816373257066
ILMN_2211790	ADAMTS7	3.1834159572935565
ILMN_1672403	ADAMTS8	3.3796458530365565
ILMN_1805543	ADAMTS9	4.639556778621437
ILMN_1705250	ADAMTSL1	5.619068408411127
ILMN_1721495	ADAMTSL2	6.266346394109717
ILMN_1798690	ADAMTSL3	3.2435086042380887
ILMN_1687035	ADAMTSL4	5.4188180209040295
ILMN_1793040	ADAMTSL5	3.4489316567990347
ILMN_2047511	ADAP1	11.765874650464696
ILMN_1763000	ADAP2	5.926240444451512
ILMN_1776777	ADAR	10.592792308221037
ILMN_1679797	ADARB1	8.730692517026654
ILMN_1749493	ADARB2	3.149391235515368
ILMN_1657139	ADAT1	7.756610109968658
ILMN_3245693	ADAT2	5.591503962130841
ILMN_1806275	ADAT3	4.024436662224978
ILMN_1698777	ADCK1	6.113541036400054
ILMN_1663132	ADCK2	10.436108554156739
ILMN_1761309	ADCK5	5.798567658751488
ILMN_2120555	ADCY1	8.609348136296044
ILMN_1808797	ADCY10	5.489970112794961
ILMN_3211472	ADCY10P1	5.802004257354043
ILMN_1810691	ADCY2	1.7021028190653835
ILMN_1676893	ADCY3	9.523868340965565
ILMN_2148944	ADCY4	2.9792794399907483
ILMN_1708588	ADCY5	4.197812561437421
ILMN_1655935	ADCY7	6.723631615465674
ILMN_1754440	ADCY8	3.9493730909468354
ILMN_1654287	ADCY9	5.095791860796772
ILMN_1763344	ADCYAP1	5.679278428224536
ILMN_1711736	ADCYAP1R1	0.12880335557494985
ILMN_1759252	ADD1	11.950466473617004
ILMN_1833858	ADD2	9.428315014364218
ILMN_1814526	ADD3	8.718608497634364
ILMN_1666316	ADGB	3.524634556693981
ILMN_1733541	ADGRA1	0.9972021542724118
ILMN_1773059	ADGRA2	5.988296834769858
ILMN_1674181	ADGRA3	4.997672109092979
ILMN_1729529	ADGRB1	4.140858123982692
ILMN_1671076	ADGRB3	6.89494321138316
ILMN_1682487	ADGRD1	2.662518893184711
ILMN_1780601	ADGRE1	0.7609603854768722
ILMN_1755873	ADGRE3	1.6085562079606595
ILMN_3243190	ADGRE4P	2.926043594096606
ILMN_1673363	ADGRE5	6.796300608596855
ILMN_1744299	ADGRF1	1.9307813219372407
ILMN_1715390	ADGRF2	0.4364225419333812
ILMN_1762897	ADGRF3	4.252268940067973
ILMN_1684653	ADGRF4	0.0
ILMN_1728785	ADGRF5	3.2155586878456854
ILMN_2352097	ADGRG1	12.261951878623783
ILMN_2349071	ADGRG2	7.741971591117124
ILMN_1765941	ADGRG3	3.5023440488548876
ILMN_2115534	ADGRG4	4.019951410861526
ILMN_1666902	ADGRG5	2.3494416660374973
ILMN_2367010	ADGRG6	5.876129180916441
ILMN_2125395	ADGRG7	4.384067314978609
ILMN_1813175	ADGRL1	8.134268419290647
ILMN_1697548	ADGRL2	8.938838484657127
ILMN_1711807	ADGRL3	7.202750281014236
ILMN_3240520	ADGRL4	3.094167365139525
ILMN_1690621	ADGRV1	9.339325522678322
ILMN_1764309	ADH1A	3.301077845071207
ILMN_1811598	ADH1B	1.0531487642517672
ILMN_1740717	ADH1C	2.236956675335073
ILMN_1797912	ADH4	1.3495296988478234
ILMN_1738604	ADH5	8.594679272863688
ILMN_1691175	ADH6	4.049990654301716
ILMN_2223359	ADH7	1.871112061923802
ILMN_1702858	ADHFE1	6.717923655596337
ILMN_1813975	ADI1	0.6021400977636052
ILMN_1743331	ADIG	0.14644211295323664
ILMN_1775045	ADIPOQ	4.303821887389098
ILMN_1688322	ADIPOR1	9.632799362412966
ILMN_2224833	ADIPOR2	9.726468067691966
ILMN_1680110	ADIRF	8.00472359655737
ILMN_2358626	ADK	10.498287138847202
ILMN_1708934	ADM	10.056112073721705
ILMN_1855430	ADM5	4.678910191893963
ILMN_1657993	ADNP	9.10345728393058
ILMN_2080751	ADNP2	9.550634552039233
ILMN_1690352	ADO	9.832361285463728
ILMN_1747227	ADORA1	8.564369129672112
ILMN_1807372	ADORA2A	6.1329738426944465
ILMN_1703946	ADORA2B	4.618361964806039
ILMN_1730710	ADORA3	0.8270325186470581
ILMN_1793959	ADPGK	8.598080343497402
ILMN_1794512	ADPRH	4.086505358739197
ILMN_1760335	ADPRHL1	6.85344938075604
ILMN_1811480	ADPRHL2	9.265486184644502
ILMN_1702526	ADPRM	8.150126793494996
ILMN_1709167	ADRA1A	4.282971889717588
ILMN_1679754	ADRA1B	7.75896691825294
ILMN_1716421	ADRA1D	1.2944989027494824
ILMN_1659371	ADRA2A	5.463040474883772
ILMN_1677868	ADRA2B	6.523942801796711
ILMN_1804255	ADRB1	2.9452983190722115
ILMN_1695590	ADRB2	4.684644315973278
ILMN_1694007	ADRB3	2.7022352963931655
ILMN_1760143	ADRM1	9.95737181571518
ILMN_1790757	ADSL	11.723191703721623
ILMN_2092664	ADSS	9.65168804110082
ILMN_1720235	ADSSL1	9.215387127166716
ILMN_2078592	ADTRP	0.6138225543414614
ILMN_1736178	AEBP1	8.146858662640469
ILMN_1803376	AEBP2	7.7567267174072905
ILMN_1814282	AEN	9.382570043033644
ILMN_1712944	AES	10.931519982499536
ILMN_1701998	AFAP1	8.733043720646535
ILMN_3224987	AFAP1-AS1	2.984983204930053
ILMN_1694140	AFAP1L1	2.6287907933652925
ILMN_1730995	AFAP1L2	7.66575554100579
ILMN_2129015	AFF1	6.7530548090500915
ILMN_1725889	AFF2	4.889255733322859
ILMN_1775235	AFF3	8.800359074351874
ILMN_1708502	AFF4	8.823356706969562
ILMN_2295698	AFG3L1P	3.849123771410083
ILMN_2066124	AFG3L2	9.966966961534208
ILMN_1777797	AFM	0.41028903811275536
ILMN_1707551	AFMID	9.228302451065085
ILMN_1782204	AFP	1.1201169646545368
ILMN_1767722	AFTPH	7.701606921917031
ILMN_1802631	AGA	7.596634093200136
ILMN_1800530	AGAP1	8.82048042514701
ILMN_1667263	AGAP11	3.46313780284022
ILMN_1735591	AGAP2	3.286872164460773
ILMN_3273340	AGAP2-AS1	1.3369431197459487
ILMN_2269136	AGAP3	9.043440636781153
ILMN_2189007	AGAP4	5.305982985730838
ILMN_2209578	AGAP6	10.134962685224155
ILMN_3235559	AGAP9	1.8757557904179947
ILMN_1657603	AGBL1	3.1109643593629657
ILMN_1688627	AGBL2	2.202894412217753
ILMN_1672767	AGBL3	0.9015229726893527
ILMN_2196642	AGBL4	4.484981801089592
ILMN_2308689	AGBL5	10.262657505981048
ILMN_2257015	AGER	4.817639403225746
ILMN_1792497	AGFG1	7.2264382789002175
ILMN_1703228	AGFG2	4.735898363376687
ILMN_2064917	AGGF1	8.126552154621848
ILMN_1772645	AGK	9.05261219503935
ILMN_2371825	AGL	7.123282653881186
ILMN_1707169	AGMAT	2.0120885988907564
ILMN_1812678	AGMO	3.080869841149583
ILMN_1671326	AGO1	6.468730738250361
ILMN_1695719	AGO2	9.098870610661098
ILMN_1761049	AGO3	7.041456173754782
ILMN_1706304	AGO4	5.103174723683239
ILMN_1679520	AGPAT1	9.57604956729971
ILMN_1681081	AGPAT2	7.711953080861686
ILMN_1654010	AGPAT3	3.90162431950568
ILMN_1730504	AGPAT4	6.679195441672956
ILMN_3241996	AGPAT4-IT1	4.068988190786759
ILMN_1662049	AGPAT5	7.791465404749501
ILMN_1698209	AGPS	7.832033169941172
ILMN_1814151	AGR2	1.9305463484582293
ILMN_1728787	AGR3	5.110894123111387
ILMN_1770454	AGRN	9.200714860596674
ILMN_1714253	AGRP	7.131451100251343
ILMN_1813530	AGT	1.9221230719131945
ILMN_1718071	AGTPBP1	9.704711985894667
ILMN_2341343	AGTR1	3.6964668715912166
ILMN_1775634	AGTR2	3.5083666460629517
ILMN_2307656	AGTRAP	5.297460268332223
ILMN_1709796	AGXT	2.515705247739323
ILMN_1783963	AGXT2	0.9839008442135064
ILMN_1809139	AHCTF1	7.366310922937597
ILMN_1657862	AHCY	12.441214368346714
ILMN_1770412	AHCYL1	11.23901627039755
ILMN_1712786	AHCYL2	8.200360036545055
ILMN_1680111	AHDC1	6.194179079060482
ILMN_1791006	AHI1	8.072375868685056
ILMN_1714567	AHNAK	6.059775390540847
ILMN_1657111	AHNAK2	8.487299225824605
ILMN_1812640	AHR	12.577615800531111
ILMN_1782679	AHRR	2.396751101248048
ILMN_1703617	AHSA1	10.094283692421246
ILMN_1798308	AHSA2	8.442891625539268
ILMN_1730625	AHSG	0.2406920170470599
ILMN_1696512	AHSP	4.655285232675069
ILMN_2164164	AICDA	1.3763535941158098
ILMN_3240117	AIDA	11.019011092534042
ILMN_1792473	AIF1	5.946258303780385
ILMN_3246401	AIF1L	11.728313945724969
ILMN_1667183	AIFM1	7.302262382679771
ILMN_1712639	AIFM2	3.437536409024014
ILMN_1704173	AIFM3	5.474226578433737
ILMN_1797974	AIG1	8.464272029327573
ILMN_1688625	AIM1	4.681748911426609
ILMN_3307874	AIM1L	5.219778771232896
ILMN_1681301	AIM2	6.088124949637378
ILMN_1715351	AIMP1	0.7457533122676235
ILMN_1673252	AIMP2	10.343539840435678
ILMN_2103841	AIP	10.31021739020356
ILMN_2368268	AIPL1	4.301668518117685
ILMN_2261519	AIRE	13.88994460963707
ILMN_1723521	AJAP1	6.464649545551228
ILMN_1687275	AJUBA	4.142228026634601
ILMN_1779965	AK1	8.623966352280595
ILMN_1716053	AK2	11.010457292685837
ILMN_1778173	AK3	11.749160618178779
ILMN_1843198	AK4	10.41631520290381
ILMN_2387712	AK5	5.87428055931295
ILMN_2343332	AK6	7.730563109025467
ILMN_1684305	AK7	2.6527390458023072
ILMN_1659914	AK8	4.40695789010819
ILMN_1755111	AK9	4.73928703839537
ILMN_1900457	AKAIN1	3.8120512088739376
ILMN_1712530	AKAP1	5.605701261037466
ILMN_1718808	AKAP10	6.74465264535693
ILMN_2293758	AKAP11	9.333705831070155
ILMN_1684836	AKAP12	8.27492563324335
ILMN_2396956	AKAP13	8.286106833049027
ILMN_1673542	AKAP14	1.3078339927611706
ILMN_2117716	AKAP17A	10.808964774015912
ILMN_1691959	AKAP2	3.9450384106419283
ILMN_1808905	AKAP3	1.7088663069390073
ILMN_2253207	AKAP4	4.242861561678748
ILMN_1690818	AKAP5	0.8131435837931843
ILMN_1770758	AKAP6	5.960198448781721
ILMN_1733690	AKAP7	7.849144163190644
ILMN_1741572	AKAP8	6.8615197901125065
ILMN_1768962	AKAP8L	9.140136329339029
ILMN_2400663	AKAP9	0.0
ILMN_2359029	AKIP1	9.318216387323528
ILMN_1802799	AKIRIN1	9.827402608361353
ILMN_2148847	AKIRIN2	9.81578885731378
ILMN_1770673	AKNA	4.698843056712612
ILMN_2205785	AKNAD1	3.616742053687416
ILMN_2380771	AKR1A1	12.16245692641697
ILMN_1701731	AKR1B1	11.246673249636336
ILMN_1672148	AKR1B10	0.24311823310774316
ILMN_2278335	AKR1B15	3.4057541907012574
ILMN_1662507	AKR1C1	0.5004083117128155
ILMN_2412336	AKR1C2	11.749751708729043
ILMN_1713124	AKR1C3	4.112254178735833
ILMN_1687757	AKR1C4	10.758683900050906
ILMN_1761438	AKR1C6P	0.9775650589034056
ILMN_2157277	AKR1D1	15.058634931348701
ILMN_1694985	AKR1E2	1.5995264617530687
ILMN_1677043	AKR7A2	12.138659365691103
ILMN_2084562	AKR7A2P1	4.343484488911035
ILMN_2145396	AKR7A3	9.393572881652
ILMN_2388507	AKT1	11.382925745415323
ILMN_1726906	AKT1S1	4.243443926630368
ILMN_1743347	AKT2	2.9432346955300743
ILMN_2325610	AKT3	6.336516131642362
ILMN_2377240	AKTIP	9.125312618915844
ILMN_1747577	ALAD	8.694069603434196
ILMN_2385647	ALAS1	6.593784200217994
ILMN_2367126	ALAS2	2.7649639038869256
ILMN_1782939	ALB	6.959425698616631
ILMN_1670870	ALCAM	9.114905594688182
ILMN_2051381	ALDH16A1	5.723514299088465
ILMN_2302716	ALDH18A1	10.036722660621601
ILMN_1709348	ALDH1A1	4.614542606876011
ILMN_1748538	ALDH1A2	6.009888570198014
ILMN_1807439	ALDH1A3	4.136342497675484
ILMN_2150894	ALDH1B1	7.526380528680078
ILMN_1802167	ALDH1L1	0.597663190938661
ILMN_2182980	ALDH1L2	3.596189979602513
ILMN_1793859	ALDH2	9.931513235194922
ILMN_1702503	ALDH3A1	1.9103706533648683
ILMN_1794825	ALDH3A2	8.587926349364649
ILMN_1727965	ALDH3B1	0.9403801042878411
ILMN_1761514	ALDH3B2	0.7075986219834989
ILMN_1656368	ALDH4A1	8.258033324659916
ILMN_2372398	ALDH5A1	9.523032785817213
ILMN_1785284	ALDH6A1	9.041548063934233
ILMN_1687508	ALDH7A1	10.604371238580507
ILMN_2365176	ALDH8A1	5.184178824526809
ILMN_1761804	ALDH9A1	11.459418674959535
ILMN_1736700	ALDOA	13.172275270532905
ILMN_1747716	ALDOB	3.6299738262132357
ILMN_1755974	ALDOC	12.949224427596794
ILMN_1718093	ALG1	4.983002716479864
ILMN_3243268	ALG10	4.514092251099748
ILMN_3251482	ALG10B	7.489462612837484
ILMN_1660856	ALG11	4.191037919323929
ILMN_1743995	ALG12	5.30761643525696
ILMN_1761456	ALG13	7.602073152475984
ILMN_1743635	ALG14	7.0602282479806915
ILMN_2131293	ALG1L	7.259950598707129
ILMN_1737945	ALG2	5.295878895854321
ILMN_1711886	ALG3	9.950486606841665
ILMN_1664449	ALG5	8.91746073354424
ILMN_1771411	ALG6	7.733147951761463
ILMN_1685413	ALG8	9.455148586757394
ILMN_1732809	ALG9	10.658459337628935
ILMN_1753135	ALK	5.83117034196892
ILMN_2375973	ALKBH1	8.451475466610775
ILMN_1690252	ALKBH2	9.290448753426805
ILMN_2134062	ALKBH3	8.322267839909339
ILMN_1805673	ALKBH4	5.75763371460975
ILMN_1657283	ALKBH5	13.744588320161505
ILMN_1808792	ALKBH6	8.669996410619774
ILMN_1761764	ALKBH7	11.221220789583663
ILMN_1779190	ALKBH8	1.7525893585790258
ILMN_1681046	ALLC	2.7531623470192046
ILMN_1709474	ALMS1	5.525884544502332
ILMN_3237132	ALMS1P1	3.5214591384544467
ILMN_1713731	ALOX12	1.1188487211728688
ILMN_1692332	ALOX12B	0.8971021872124195
ILMN_2137544	ALOX12P2	0.35897970837941534
ILMN_2403534	ALOX15	1.9441938643054895
ILMN_2393149	ALOX15B	6.763214501057219
ILMN_1792150	ALOX5	4.856423273322773
ILMN_1797875	ALOX5AP	2.785244441828425
ILMN_1678255	ALOXE3	4.402942792175469
ILMN_1752669	ALPI	4.545783220422979
ILMN_2078697	ALPK1	0.6824157607922414
ILMN_1811238	ALPK2	8.222265280563422
ILMN_1734630	ALPK3	0.5497099072380549
ILMN_1701603	ALPL	9.528969799018189
ILMN_1693789	ALPP	12.590475737138982
ILMN_1801851	ALPPL2	3.4815655385518256
ILMN_1750256	ALS2	8.421219156541193
ILMN_1700596	ALS2CL	3.34401056499563
ILMN_1792449	ALS2CR11	1.6027866201185683
ILMN_1765674	ALS2CR12	1.0443361900599026
ILMN_3236443	ALX1	8.606953929478896
ILMN_1729325	ALX3	4.6849929137321835
ILMN_1803384	ALX4	0.34040594181268274
ILMN_2364062	ALYREF	8.937087270724511
ILMN_1759670	AMACR	6.979698239970227
ILMN_1794384	AMBN	5.129051237887442
ILMN_1695446	AMBP	2.2885446508679093
ILMN_1662681	AMBRA1	4.019459161889576
ILMN_1667994	AMD1	7.577304804045748
ILMN_1788239	AMDHD1	3.638991381135383
ILMN_1695759	AMDHD2	2.2357240236720797
ILMN_2397406	AMELX	0.0
ILMN_1727258	AMELY	1.7519604978981904
ILMN_1750051	AMER1	7.752166739009532
ILMN_2394362	AMER2	7.941707556432758
ILMN_3178393	AMER3	4.002509760966283
ILMN_1723116	AMFR	9.597501834907531
ILMN_1660995	AMH	6.44208819498802
ILMN_1736412	AMHR2	2.354858521953617
ILMN_1765460	AMIGO1	5.85656289385762
ILMN_1725896	AMIGO2	1.9567579577314278
ILMN_1738233	AMIGO3	0.19202710147853516
ILMN_1779374	AMMECR1	5.286360700216965
ILMN_1727023	AMMECR1L	8.69807533031012
ILMN_1683901	AMN	3.6787578233735343
ILMN_1792409	AMOT	8.739340833527192
ILMN_1748141	AMOTL1	3.203998285932849
ILMN_1778788	AMOTL2	6.861158080894668
ILMN_1759312	AMPD1	1.098481355768843
ILMN_1701589	AMPD2	1.3858960324118428
ILMN_1660854	AMPD3	2.646537443170606
ILMN_1685834	AMPH	11.735789922754051
ILMN_1665331	AMT	9.969170230921812
ILMN_1713927	AMTN	0.69144714069262
ILMN_2294762	AMY1A	10.446511437057266
ILMN_1726327	AMY1B	8.123359372948116
ILMN_1663313	AMY1C	12.662731937930161
ILMN_1801303	AMY2A	5.995640072954679
ILMN_1694882	AMY2B	3.8852664622788127
ILMN_1901974	AMZ1	4.165630553600152
ILMN_1801606	AMZ2	12.448942856125555
ILMN_1804812	ANAPC1	8.483887430828942
ILMN_1770378	ANAPC10	9.655535375263154
ILMN_1722102	ANAPC11	12.004730582550346
ILMN_1793894	ANAPC13	12.980693983756069
ILMN_1726104	ANAPC15	8.75708357029279
ILMN_1738955	ANAPC16	7.994455947478303
ILMN_1813243	ANAPC2	3.7485927716917655
ILMN_1802973	ANAPC4	8.698994104236048
ILMN_1723177	ANAPC5	10.080527367676273
ILMN_2199284	ANAPC7	7.153803391333934
ILMN_1760727	ANG	9.829412192817564
ILMN_1665871	ANGEL1	7.525807260187347
ILMN_1736340	ANGEL2	8.809096514519004
ILMN_2086890	ANGPT1	5.591138102353919
ILMN_3250879	ANGPT2	3.42572000297762
ILMN_1758443	ANGPT4	1.4510407681177018
ILMN_2145501	ANGPTL1	0.28377198573266327
ILMN_1772612	ANGPTL2	6.521607141891402
ILMN_1695193	ANGPTL3	3.5716681532000893
ILMN_2386444	ANGPTL4	7.018811293729919
ILMN_2166696	ANGPTL5	0.44559672505716597
ILMN_1725518	ANGPTL6	0.5949997267948337
ILMN_1813361	ANGPTL7	2.430182492488066
ILMN_1764714	ANGPTL8	4.498808164954256
ILMN_1684694	ANK1	4.528787823049663
ILMN_1776363	ANK2	8.08926978884888
ILMN_2390609	ANK3	5.616575260931999
ILMN_2112834	ANKAR	0.5012975773456422
ILMN_1813139	ANKDD1A	8.975265788987189
ILMN_2367300	ANKEF1	3.1082014279533734
ILMN_1811239	ANKFN1	4.100449788359147
ILMN_1794470	ANKFY1	8.65129594192067
ILMN_1692080	ANKH	2.7955477318155526
ILMN_1765091	ANKHD1	7.520293905533218
ILMN_1766560	ANKHD1-EIF4EBP3	1.8306962783420921
ILMN_3241218	ANKIB1	7.812515343099881
ILMN_1797873	ANKK1	0.0
ILMN_2091590	ANKLE1	5.0946449006110734
ILMN_3249608	ANKLE2	7.108504971206241
ILMN_1675483	ANKMY1	6.7109065385964675
ILMN_1784292	ANKMY2	9.725770977516516
ILMN_1687351	ANKRA2	9.829109801778257
ILMN_1716264	ANKRD1	3.637459638695029
ILMN_2115218	ANKRD10	9.223636605104204
ILMN_2108709	ANKRD11	10.329445720836928
ILMN_1661833	ANKRD12	6.753288557369424
ILMN_1689908	ANKRD13A	9.849067147729393
ILMN_1794070	ANKRD13B	5.210613720565454
ILMN_2148507	ANKRD13C	8.07735633987845
ILMN_1672356	ANKRD13D	5.688924325889847
ILMN_1675435	ANKRD16	6.885878009027505
ILMN_1712019	ANKRD17	7.979693416935663
ILMN_3255211	ANKRD18A	2.631947070922971
ILMN_1681751	ANKRD18DP	3.850080078423149
ILMN_1682547	ANKRD2	1.066511990029648
ILMN_2215824	ANKRD20A1	5.31592493421955
ILMN_3244353	ANKRD20A2	0.0
ILMN_2398211	ANKRD20A3	4.567222181040637
ILMN_3240529	ANKRD20A4	0.9566522152837429
ILMN_2181867	ANKRD20A8P	2.7843449549631036
ILMN_2132599	ANKRD22	6.872112353082728
ILMN_2227338	ANKRD23	5.8954915680317415
ILMN_1768202	ANKRD24	7.169967336738512
ILMN_1740161	ANKRD26	5.422354951078557
ILMN_1794063	ANKRD27	6.370066344852415
ILMN_2232520	ANKRD28	7.000328615317173
ILMN_2075643	ANKRD29	3.672550901497892
ILMN_1756727	ANKRD30A	0.6778098149866087
ILMN_1749341	ANKRD30BL	0.24439137985252368
ILMN_3235840	ANKRD30BP2	0.995831949812076
ILMN_1708056	ANKRD31	1.4403994982173325
ILMN_1667748	ANKRD33	7.25725564005841
ILMN_1807203	ANKRD33B	0.2491020184980617
ILMN_2119793	ANKRD34A	6.028444550525187
ILMN_1655766	ANKRD34B	0.0
ILMN_1758215	ANKRD34C	4.0691301309000085
ILMN_3224830	ANKRD34C-AS1	1.5185130641793438
ILMN_1798006	ANKRD35	5.750778062306296
ILMN_1780806	ANKRD36B	6.752259942811456
ILMN_3304802	ANKRD36BP1	4.722435150715035
ILMN_1756417	ANKRD37	9.842344696293214
ILMN_1710979	ANKRD39	9.31878912784103
ILMN_1758846	ANKRD40	8.31938998707176
ILMN_1676605	ANKRD42	1.4187201798046158
ILMN_2059844	ANKRD44	5.899603271967251
ILMN_1733716	ANKRD45	2.3904533491696704
ILMN_1712298	ANKRD46	11.503892278319965
ILMN_1669259	ANKRD49	8.057832774563614
ILMN_2226304	ANKRD50	8.139449294028994
ILMN_3244029	ANKRD52	1.7024877796401654
ILMN_1772660	ANKRD53	2.3425934281451704
ILMN_1766309	ANKRD54	8.873137081624273
ILMN_1798947	ANKRD55	1.6830951028574406
ILMN_2178587	ANKRD6	10.192701516165076
ILMN_2048607	ANKRD9	12.318063704946637
ILMN_1813669	ANKS1A	10.587837370559614
ILMN_1758392	ANKS1B	7.614862832066382
ILMN_1751636	ANKS3	6.35953840465109
ILMN_2199658	ANKS4B	1.8411984501403316
ILMN_1691716	ANKS6	6.007131350355376
ILMN_3194118	ANKUB1	0.3532816343433948
ILMN_1677487	ANKZF1	8.351605416619098
ILMN_1739645	ANLN	6.461383229997932
ILMN_3237961	ANO1	2.3570515979884434
ILMN_1767111	ANO10	7.564207053207341
ILMN_3240765	ANO3	0.5093276144848605
ILMN_2228215	ANO4	1.9353977428984226
ILMN_1690154	ANO5	1.145050298198311
ILMN_1674941	ANO6	7.405699313772839
ILMN_1683824	ANO7	5.20422009268863
ILMN_1709124	ANO8	6.791721499332991
ILMN_1762629	ANO9	5.066238669645915
ILMN_1750373	ANOS1	6.929630531631001
ILMN_1807945	ANP32A	5.906482589623262
ILMN_2056002	ANP32AP1	8.965131773390832
ILMN_1684293	ANP32B	13.161591618331235
ILMN_1655868	ANP32C	6.474686639225459
ILMN_1728191	ANP32D	0.0
ILMN_1684923	ANP32E	1.8111008707869793
ILMN_1763837	ANPEP	1.8655595019495401
ILMN_1670379	ANTXR1	9.398999729444467
ILMN_1812926	ANTXR2	5.880801791700137
ILMN_2184184	ANXA1	6.666109800897662
ILMN_1699421	ANXA10	3.973975792259266
ILMN_1685170	ANXA11	3.260447565267197
ILMN_2412490	ANXA13	3.915254969328462
ILMN_2409167	ANXA2	12.95779599332891
ILMN_2041101	ANXA2P1	9.611576565155483
ILMN_3235632	ANXA2P2	15.551530785624188
ILMN_1798372	ANXA2P3	3.608068130311901
ILMN_2098616	ANXA2R	8.980401395844206
ILMN_1694548	ANXA3	1.7018675463539614
ILMN_1711408	ANXA4	0.0
ILMN_1741003	ANXA5	11.381757321469102
ILMN_1678612	ANXA6	5.0146028347908835
ILMN_1703791	ANXA7	8.53224668505282
ILMN_1803313	ANXA8	5.3894328676313
ILMN_3242004	ANXA8L1	5.395257476735331
ILMN_2217601	ANXA9	0.0
ILMN_1709820	AOAH	5.348479599207575
ILMN_1731433	AOC1	2.098777003010453
ILMN_2405185	AOC2	4.564772230755043
ILMN_1782086	AOC3	3.658456427282522
ILMN_2219618	AOC4P	11.992024722219147
ILMN_1767113	AOX1	1.4131370222755344
ILMN_2207561	AP1AR	5.450491580589287
ILMN_1781983	AP1B1	8.014343461610784
ILMN_2399627	AP1G1	7.247653402940322
ILMN_1754179	AP1G2	6.6488492175043605
ILMN_1754738	AP1M1	11.88287891151361
ILMN_1705861	AP1M2	2.5878591435584757
ILMN_2316173	AP1S1	11.245562187351005
ILMN_2120273	AP1S2	12.60113851161144
ILMN_1768610	AP1S3	1.007824637237688
ILMN_1815306	AP2A1	7.123500048245138
ILMN_1803779	AP2A2	7.1158552330542655
ILMN_2331735	AP2B1	10.180251156505813
ILMN_2402798	AP2M1	10.608053588773053
ILMN_1809957	AP2S1	13.651848258313363
ILMN_1768867	AP3B1	9.59400089123341
ILMN_1679256	AP3B2	7.162518185760686
ILMN_1764945	AP3D1	8.61548109029659
ILMN_1667086	AP3M1	10.119823306567502
ILMN_1676946	AP3M2	9.200027872557184
ILMN_2311761	AP3S1	10.583470411666537
ILMN_1731596	AP3S2	9.335935446612494
ILMN_1669377	AP4B1	9.230271863799798
ILMN_1754531	AP4E1	5.8270074490788275
ILMN_1779512	AP4M1	5.21800933721435
ILMN_1760466	AP4S1	3.0122286403258403
ILMN_1717594	AP5B1	0.8550185091325037
ILMN_1741331	AP5M1	7.523479600299194
ILMN_1785644	AP5S1	6.133354736678128
ILMN_2083559	AP5Z1	1.4738555676771241
ILMN_1659463	APAF1	7.746393765648109
ILMN_1668285	APBA1	2.6134524535918713
ILMN_1723626	APBA2	7.986297831812785
ILMN_1686610	APBA3	7.597106503627121
ILMN_1699646	APBB1	5.4339969977787845
ILMN_1801710	APBB1IP	4.49353282587079
ILMN_1716790	APBB2	5.9190297088368995
ILMN_1740772	APBB3	11.645646145477533
ILMN_1662668	APC	1.316723992179844
ILMN_1659950	APC2	5.935919591276317
ILMN_1656951	APCDD1	6.39065961975243
ILMN_1689431	APCDD1L	3.7949484059983565
ILMN_1708833	APCS	3.0567696808669376
ILMN_1718023	APEH	10.765543086308481
ILMN_1661886	APEX1	11.938357410400165
ILMN_1652505	APEX2	7.074054798598422
ILMN_1658472	APH1A	10.691846737442573
ILMN_1862217	APH1B	8.749269926014145
ILMN_1815051	API5	9.101357656239857
ILMN_1793598	APIP	9.8773496811126
ILMN_1793360	APITD1	6.260130411498303
ILMN_3243695	APLF	1.3471894317378146
ILMN_1689353	APLN	3.6779485348698895
ILMN_1700183	APLNR	0.8390408415474971
ILMN_1763834	APLP1	10.312932144392883
ILMN_1710482	APLP2	9.40082853599258
ILMN_1674394	APMAP	9.745595278768166
ILMN_1690884	APOA1	5.667675353968433
ILMN_1688543	APOA2	1.0369822623765617
ILMN_1675706	APOA4	0.6665728845822089
ILMN_1754055	APOA5	0.2746791002270947
ILMN_1664024	APOB	2.193339319737731
ILMN_1813881	APOBEC1	2.6010583554029325
ILMN_1719143	APOBEC2	0.49663228638499324
ILMN_1680192	APOBEC3A	1.3172618453501845
ILMN_2219466	APOBEC3B	0.17645998730290632
ILMN_1675684	APOBEC3C	5.21944602978688
ILMN_3307651	APOBEC3D	5.81002457378215
ILMN_2412172	APOBEC3F	7.039535407036247
ILMN_2232478	APOBEC3G	5.221164363422128
ILMN_1664828	APOBEC3H	0.6754466303862277
ILMN_1815425	APOBEC4	0.0
ILMN_1697925	APOBR	0.0
ILMN_1789007	APOC1	7.781954066989843
ILMN_1802923	APOC2	4.424461682261041
ILMN_1722070	APOC3	0.4117708486857188
ILMN_1765605	APOC4	2.069060167397351
ILMN_1780170	APOD	0.2344685479842632
ILMN_1740938	APOE	8.915844435200393
ILMN_1809311	APOF	2.55475545443923
ILMN_1761511	APOH	0.3428039997647383
ILMN_1688631	APOL1	3.0525801555928083
ILMN_2325337	APOL2	6.534705425356344
ILMN_1756862	APOL3	4.2495087286416675
ILMN_1779070	APOL4	4.081107353837031
ILMN_1676177	APOL5	0.7511250428161488
ILMN_1687201	APOL6	4.793280490782574
ILMN_1723522	APOLD1	3.6417970759881393
ILMN_1731941	APOM	7.171157432473909
ILMN_1721623	APOO	9.946862646892315
ILMN_1777483	APOOL	5.682243728486735
ILMN_2078724	APOPT1	11.924829852970705
ILMN_2404063	APP	11.993585311997675
ILMN_2149766	APPBP2	8.476482981088965
ILMN_1763730	APPL1	7.4221478539328345
ILMN_1765076	APPL2	6.661245415763003
ILMN_1722491	APRT	8.96412272673648
ILMN_2317348	APTX	10.283678678499438
ILMN_1681103	AQP1	7.165672682566293
ILMN_2090004	AQP10	0.4904448010541677
ILMN_1762606	AQP11	8.302042245715787
ILMN_1757036	AQP12A	2.4006003921773456
ILMN_3246595	AQP12B	5.768531213257952
ILMN_1732149	AQP2	0.6421916253278286
ILMN_1651574	AQP3	0.8142677547799185
ILMN_1676649	AQP4	0.8768352647839742
ILMN_1807036	AQP5	0.0
ILMN_1786381	AQP6	2.5978548717648535
ILMN_1738494	AQP7	1.7237677651046106
ILMN_3245829	AQP7P1	3.691014885775019
ILMN_1713462	AQP8	2.8464965747339135
ILMN_1715068	AQP9	0.20454126657680974
ILMN_1717154	AQR	7.87717317918007
ILMN_1767351	AR	6.77059597751984
ILMN_1658883	ARAF	8.722035382762302
ILMN_3269719	ARAP1	5.8231980160652626
ILMN_3244434	ARAP2	1.1984904871360968
ILMN_1812618	ARAP3	8.640970791596063
ILMN_1711120	ARC	4.468820345049923
ILMN_1699703	ARCN1	10.908421879346351
ILMN_1804421	AREG	0.0
ILMN_1802203	ARF1	13.480119817438572
ILMN_1682938	ARF3	8.115441932480195
ILMN_1719518	ARF4	12.9462380493709
ILMN_1752340	ARF5	12.125479415385646
ILMN_1764297	ARF6	3.5971076359826384
ILMN_1675709	ARFGAP1	7.665167903148533
ILMN_1769250	ARFGAP2	8.514310828985783
ILMN_1731287	ARFGAP3	10.354456536162617
ILMN_1728471	ARFGEF1	8.496064392111803
ILMN_1789990	ARFGEF2	5.264718377961027
ILMN_1813100	ARFGEF3	5.068065534053889
ILMN_2403906	ARFIP1	7.483371719039908
ILMN_1750690	ARFIP2	4.141861467324708
ILMN_1703989	ARFRP1	2.175758969857899
ILMN_1812281	ARG1	1.865747644127331
ILMN_1800898	ARG2	9.447537312701101
ILMN_1716068	ARGFX	1.2732139192096827
ILMN_2095571	ARGFXP2	0.7859137742358554
ILMN_1788468	ARGLU1	11.440507799270746
ILMN_1732060	ARHGAP1	8.71246054015023
ILMN_1736112	ARHGAP10	4.983153705907191
ILMN_2395913	ARHGAP11A	5.1602230006606575
ILMN_2215881	ARHGAP11B	4.8389394073020915
ILMN_1753500	ARHGAP12	7.526816741664913
ILMN_2208413	ARHGAP15	6.652653212213932
ILMN_1718610	ARHGAP17	9.349248495893905
ILMN_1791186	ARHGAP18	2.4464618387956123
ILMN_1688953	ARHGAP19	9.255679472465166
ILMN_1782761	ARHGAP20	3.9723200939585688
ILMN_1811592	ARHGAP21	11.0746724236569
ILMN_1676361	ARHGAP22	5.812420051509708
ILMN_1801833	ARHGAP24	5.893922035484567
ILMN_1777998	ARHGAP25	2.8398737420046043
ILMN_1711490	ARHGAP26	2.3183339575376167
ILMN_1656361	ARHGAP27	2.5689890198348584
ILMN_1796772	ARHGAP28	4.383643453215366
ILMN_1751474	ARHGAP29	1.0191246827101903
ILMN_2408851	ARHGAP30	4.235288136411062
ILMN_3251486	ARHGAP31	0.7350249281968934
ILMN_1722726	ARHGAP32	7.718010555488122
ILMN_1678781	ARHGAP33	11.19012578035187
ILMN_1696845	ARHGAP35	2.9099436812591786
ILMN_1705466	ARHGAP36	9.234774176390959
ILMN_1784436	ARHGAP39	8.630047014466905
ILMN_1770824	ARHGAP4	6.503761152865432
ILMN_1677137	ARHGAP40	3.1444446998048394
ILMN_1776826	ARHGAP42	5.416875648973035
ILMN_3245564	ARHGAP44	8.33189345169579
ILMN_1811392	ARHGAP45	7.31299956284668
ILMN_2322747	ARHGAP5	5.504971966039801
ILMN_1806655	ARHGAP6	1.842951466811104
ILMN_2412475	ARHGAP8	6.0313793610638085
ILMN_1663916	ARHGAP9	2.126098865681743
ILMN_1734742	ARHGDIA	9.569917237821926
ILMN_1678143	ARHGDIB	5.828057189280766
ILMN_2049274	ARHGDIG	8.129148815022061
ILMN_2405129	ARHGEF1	7.789965918362533
ILMN_2132809	ARHGEF10	8.330235887894245
ILMN_1689770	ARHGEF10L	5.293287663948478
ILMN_1733861	ARHGEF11	5.143046272220986
ILMN_1810712	ARHGEF12	7.074506910445176
ILMN_1792571	ARHGEF15	0.6577627614158855
ILMN_1669928	ARHGEF16	5.582126157961995
ILMN_1754562	ARHGEF17	6.39646218542028
ILMN_1664016	ARHGEF18	10.942037853440253
ILMN_1808999	ARHGEF19	7.167465133792082
ILMN_1703477	ARHGEF2	9.942992837517993
ILMN_1741027	ARHGEF25	4.76147196789976
ILMN_1773042	ARHGEF26	0.8138930022728886
ILMN_2281186	ARHGEF28	0.15142081241622166
ILMN_1781010	ARHGEF3	8.729765130518617
ILMN_1901977	ARHGEF3-AS1	0.1676363841325532
ILMN_2214473	ARHGEF35	4.714239154671798
ILMN_1869913	ARHGEF37	5.15278246331621
ILMN_2179915	ARHGEF38	3.6334736998975514
ILMN_1717403	ARHGEF39	3.9320536558116728
ILMN_1666076	ARHGEF4	6.362873644335476
ILMN_1705743	ARHGEF40	4.0698838478520125
ILMN_1708093	ARHGEF5	0.5191939043278171
ILMN_1803423	ARHGEF6	7.880379053580694
ILMN_1796912	ARHGEF7	9.846929266103993
ILMN_1779370	ARHGEF9	7.324751660880129
ILMN_1797341	ARID1A	10.280821224018512
ILMN_1660433	ARID1B	4.956235266918503
ILMN_2182335	ARID2	6.276632860223237
ILMN_1670130	ARID3A	8.846384630439493
ILMN_1696956	ARID3B	9.892760707843278
ILMN_1757626	ARID3C	3.342575534183871
ILMN_1676626	ARID4A	6.2443894233016435
ILMN_1761334	ARID4B	6.734644073286122
ILMN_2415157	ARID5A	3.368041630912763
ILMN_1721626	ARID5B	7.492537251236802
ILMN_1694219	ARIH1	9.316944838512866
ILMN_1792825	ARIH2	10.388545730428733
ILMN_3241670	ARIH2OS	6.76527153186252
ILMN_1813091	ARL1	9.74656344838633
ILMN_1769168	ARL10	2.0651204881895486
ILMN_1808383	ARL11	1.2009958880403102
ILMN_1777550	ARL13A	2.850975279356493
ILMN_2403047	ARL13B	4.588504267243961
ILMN_2232463	ARL14	0.27269388590723537
ILMN_1767642	ARL14EP	8.494456007131884
ILMN_1750885	ARL14EPL	2.0009688978457976
ILMN_1774161	ARL15	6.131110976019733
ILMN_2188119	ARL16	13.424231146226356
ILMN_1698680	ARL17A	7.132732704282007
ILMN_3231952	ARL17B	8.006312965112116
ILMN_1787879	ARL2	12.731869561920353
ILMN_1755391	ARL2BP	10.840923332295239
ILMN_1780444	ARL3	8.751141552044414
ILMN_1775405	ARL4A	9.988106866350828
ILMN_1768391	ARL4C	6.780181135822377
ILMN_1719010	ARL4D	6.31753630253598
ILMN_1688526	ARL5A	12.197684434127503
ILMN_2120022	ARL5B	7.774811698727614
ILMN_3290699	ARL5C	0.36875691910576897
ILMN_1771822	ARL6	3.409884669653263
ILMN_1708416	ARL6IP1	13.385263896448876
ILMN_2393144	ARL6IP4	9.46229438864684
ILMN_1769810	ARL6IP5	12.726530436619441
ILMN_1797964	ARL6IP6	9.464274010968305
ILMN_1659148	ARL8A	3.0841279467548923
ILMN_1752837	ARL8B	9.94808198811921
ILMN_1777691	ARL9	6.570161290765466
ILMN_1722066	ARMC1	9.369364937358911
ILMN_2052598	ARMC10	10.661886872167607
ILMN_1712616	ARMC12	6.987416214477498
ILMN_1779256	ARMC2	4.265022704984359
ILMN_3243057	ARMC3	0.2095269397005851
ILMN_1776395	ARMC4	3.4138964286089184
ILMN_1697088	ARMC5	6.280428597475453
ILMN_1697118	ARMC6	7.532382433395539
ILMN_1797298	ARMC7	6.000929501779425
ILMN_1781151	ARMC8	9.05081643873451
ILMN_1755732	ARMC9	4.380565727219095
ILMN_1788192	ARMCX1	8.639351720220903
ILMN_1785170	ARMCX2	10.85298900503375
ILMN_2334760	ARMCX3	10.338374786185495
ILMN_3200560	ARMCX4	0.9522215284661693
ILMN_1741156	ARMCX5	7.87694544685798
ILMN_1716026	ARMCX6	10.413361390784845
ILMN_3249571	ARMS2	1.6922750681438519
ILMN_1798108	ARMT1	7.904585074508056
ILMN_1762582	ARNT	5.978822599047974
ILMN_1718046	ARNT2	9.176813380833606
ILMN_2405305	ARNTL	3.8939327807102497
ILMN_1798064	ARNTL2	4.708634434774876
ILMN_1759915	ARPC1A	11.697630593278445
ILMN_2085760	ARPC1B	6.775858709069361
ILMN_1792489	ARPC2	12.244694634011699
ILMN_1655561	ARPC3	11.861479384875722
ILMN_2393763	ARPC4	10.255534751602333
ILMN_1768394	ARPC5	11.728386961120302
ILMN_2043816	ARPC5L	8.191554554681383
ILMN_2189406	ARPIN	7.618474137385789
ILMN_2059505	ARPP19	10.305580692217296
ILMN_2289825	ARPP21	2.951410442901146
ILMN_1660126	ARR3	0.3597231033199781
ILMN_1819608	ARRB1	9.343274027985215
ILMN_2395711	ARRB2	6.277693707304384
ILMN_1661492	ARRDC1	0.3969414465431666
ILMN_1715181	ARRDC2	7.343791931063385
ILMN_2198515	ARRDC3	10.492360300552528
ILMN_3235196	ARRDC3-AS1	7.44091968118411
ILMN_1660544	ARRDC4	9.105826741082344
ILMN_2153787	ARRDC5	1.0096008659602613
ILMN_2047240	ARSA	6.1596617959354925
ILMN_2242937	ARSB	6.808028930218441
ILMN_1684873	ARSD	7.424866098601058
ILMN_1727462	ARSE	0.0
ILMN_1664001	ARSF	0.5781075274566506
ILMN_1720604	ARSG	7.150507425416108
ILMN_1757896	ARSH	1.3600018277914554
ILMN_1727156	ARSI	0.312270466159647
ILMN_1679318	ARSJ	3.311558399456814
ILMN_1657050	ARSK	6.765810890723397
ILMN_1807913	ART1	5.689586377101687
ILMN_1693218	ART3	2.680396559523962
ILMN_1805773	ART4	3.500514946355075
ILMN_2338733	ART5	4.753164129696164
ILMN_1803691	ARTN	2.507081822245073
ILMN_1800935	ARV1	8.492625573401432
ILMN_1677226	ARVCF	5.522356819227414
ILMN_1724162	ARX	2.899744611647057
ILMN_1771732	AS3MT	6.084200148605081
ILMN_1684054	ASAH1	8.411953271529436
ILMN_1780786	ASAH2	3.640080443837759
ILMN_1784206	ASAH2B	7.214226208888367
ILMN_3245057	ASAP1	10.599554911289012
ILMN_3244390	ASAP1-IT1	1.4949636931742247
ILMN_1757237	ASAP2	8.42954253003363
ILMN_1685441	ASAP3	11.519127534217148
ILMN_1781148	ASB10	3.645641826168607
ILMN_2272251	ASB11	4.036341394342487
ILMN_1656364	ASB12	3.395452562754772
ILMN_1654385	ASB13	6.307379333264946
ILMN_1753737	ASB14	0.40702715796664685
ILMN_1740528	ASB15	0.27034291356014456
ILMN_1810881	ASB16	1.9727794393613365
ILMN_1670829	ASB17	1.8866365653066495
ILMN_3248023	ASB18	4.261792268685767
ILMN_1795811	ASB2	3.546847671245237
ILMN_2358784	ASB3	9.83215108262667
ILMN_1702618	ASB4	2.54991124621193
ILMN_1711269	ASB5	0.7236373457723405
ILMN_1806705	ASB6	6.24799517441906
ILMN_1680419	ASB7	4.858544474439436
ILMN_1783675	ASB8	8.545012394725338
ILMN_1786041	ASB9	3.9921015235234645
ILMN_1679919	ASCC2	10.851493724047096
ILMN_1745772	ASCC3	7.379937502255508
ILMN_1701653	ASCL1	8.859046019422863
ILMN_1723412	ASCL2	5.867359120187666
ILMN_1695353	ASCL3	1.8813387909971242
ILMN_1813075	ASCL4	0.0
ILMN_1714737	ASF1A	7.00307760683469
ILMN_1695414	ASF1B	3.974381651734116
ILMN_1769013	ASGR1	12.324422777289612
ILMN_1700340	ASGR2	3.669889255514447
ILMN_1782032	ASH1L	4.279389628614649
ILMN_1666933	ASH2L	9.763556292880834
ILMN_1769694	ASIC1	10.563975037324509
ILMN_1779685	ASIC2	7.360919274467521
ILMN_1734479	ASIC3	4.914664385677967
ILMN_1750295	ASIC5	1.10111610888555
ILMN_1791647	ASIP	2.988759823697047
ILMN_2379393	ASL	3.7461365033636906
ILMN_1690595	ASMT	0.0
ILMN_1689786	ASMTL	10.465608202712685
ILMN_3240715	ASMTL-AS1	2.0119373037825223
ILMN_1657571	ASNA1	4.043233442315644
ILMN_1796417	ASNS	12.910416866532971
ILMN_2221673	ASNSD1	10.287576439462416
ILMN_1692824	ASPA	1.0987473719896907
ILMN_1757747	ASPDH	1.5117356903338768
ILMN_3246037	ASPG	1.964072622796978
ILMN_1693771	ASPH	6.518194146534221
ILMN_1662390	ASPHD1	8.01366465639865
ILMN_2167426	ASPHD2	7.296782185728933
ILMN_1815184	ASPM	6.2199998820814
ILMN_2168166	ASPN	0.5094005220152481
ILMN_1762284	ASPRV1	5.257330087828309
ILMN_1660749	ASPSCR1	10.44578936184967
ILMN_1810199	ASRGL1	6.576924497641593
ILMN_2395451	ASS1	9.564110000099392
ILMN_1803813	ASTE1	5.761160484152975
ILMN_1728055	ASTL	3.2109749765439535
ILMN_1684959	ASTN1	8.742431978646815
ILMN_1744118	ASTN2	8.528809708884674
ILMN_2196337	ASUN	6.30204389384481
ILMN_1726025	ASXL1	7.5141720051437515
ILMN_1698968	ASXL2	6.770541684174276
ILMN_1736957	ASXL3	1.8328414701400904
ILMN_1782246	ASZ1	1.645331054661127
ILMN_1654497	ATAD1	10.815713183105366
ILMN_2048700	ATAD2	7.008411996275087
ILMN_3235282	ATAD2B	5.133737527748473
ILMN_1738530	ATAD3A	6.953207618355868
ILMN_2131936	ATAD3B	3.054708758972906
ILMN_2231569	ATAD3C	3.699869898190317
ILMN_1698650	ATAD5	4.657388617014527
ILMN_1752476	ATAT1	10.047159710437592
ILMN_1656576	ATCAY	8.26144110042437
ILMN_1812479	ATE1	9.162802382777897
ILMN_1801923	ATF1	5.148046711902297
ILMN_1748271	ATF2	9.209947572520358
ILMN_2374865	ATF3	9.899199581072564
ILMN_1672128	ATF4	14.270017551110948
ILMN_1669113	ATF5	9.54094379392746
ILMN_1703471	ATF6	7.827020018403364
ILMN_3194911	ATF6B	6.9247924279925925
ILMN_1706967	ATF7	3.844290970001447
ILMN_1716435	ATF7IP	3.9299757847492995
ILMN_1804445	ATF7IP2	6.188057017721058
ILMN_1748968	ATG10	8.321849461815125
ILMN_1772527	ATG101	9.868276943686338
ILMN_2188204	ATG12	10.757443905827694
ILMN_1730930	ATG13	4.744594791186075
ILMN_1678808	ATG14	8.261983289358783
ILMN_1725707	ATG16L1	8.879005553704674
ILMN_1664644	ATG16L2	5.946627215572555
ILMN_1756006	ATG2A	5.8475414275984745
ILMN_1735006	ATG2B	4.472082258400541
ILMN_1769566	ATG3	9.698127533420879
ILMN_3307158	ATG4A	7.837929048480574
ILMN_2411915	ATG4B	9.932033087070021
ILMN_1700923	ATG4C	6.441799849215157
ILMN_1801905	ATG4D	7.435640018658784
ILMN_1718265	ATG5	8.707060097665112
ILMN_1790978	ATG7	8.66696591540568
ILMN_2410975	ATG9A	8.461501936081307
ILMN_1734655	ATG9B	2.201448907962868
ILMN_1673991	ATIC	11.182590870448765
ILMN_2381476	ATL1	10.598516377359726
ILMN_1716384	ATL2	7.984219507014753
ILMN_1751086	ATL3	8.807360112926013
ILMN_2370825	ATM	7.839897533820185
ILMN_1772540	ATMIN	6.205102251647239
ILMN_1737833	ATN1	7.973099988804351
ILMN_1740671	ATOH1	1.1456354934213524
ILMN_1752393	ATOH7	6.820053071000984
ILMN_1654065	ATOH8	1.3224261827536277
ILMN_1670609	ATOX1	12.118351738561216
ILMN_3307935	ATP10A	7.09678629964426
ILMN_1698804	ATP10B	3.6743782526516533
ILMN_1656159	ATP10D	0.24717192515129735
ILMN_1768783	ATP11A	1.918601891706978
ILMN_1759486	ATP11AUN	0.1520614084629698
ILMN_1658884	ATP11B	5.50630294337278
ILMN_2389810	ATP11C	7.402818663407847
ILMN_1687765	ATP12A	2.264381081600962
ILMN_2134224	ATP13A1	7.475482703127924
ILMN_1704164	ATP13A2	7.393503858356278
ILMN_1663684	ATP13A3	4.969833398314392
ILMN_1651303	ATP13A4	1.8928962039946233
ILMN_1775285	ATP13A5	0.0
ILMN_1731783	ATP1A1	10.643369932630927
ILMN_3256801	ATP1A1-AS1	5.302789029544022
ILMN_1777411	ATP1A2	4.935700949449926
ILMN_1689098	ATP1A3	6.39402422312672
ILMN_1705208	ATP1A4	1.8651984769328316
ILMN_1730291	ATP1B1	12.012984684096471
ILMN_1747271	ATP1B2	9.85520308492678
ILMN_1654322	ATP1B3	9.082755217629208
ILMN_1653211	ATP1B4	0.0
ILMN_1767481	ATP23	7.871970658927721
ILMN_1788281	ATP2A1	4.336105463546459
ILMN_1687375	ATP2A2	10.545659266848984
ILMN_1697827	ATP2A3	2.3824716262030656
ILMN_2401933	ATP2B1	7.9402241604512325
ILMN_1802223	ATP2B2	4.043442336350997
ILMN_1693481	ATP2B3	5.209365817403592
ILMN_1664772	ATP2B4	9.887045134742795
ILMN_2340565	ATP2C1	9.615109240806458
ILMN_1785413	ATP2C2	2.4145718121761455
ILMN_2209417	ATP4A	2.7997938594314817
ILMN_1703787	ATP4B	1.0644732594258097
ILMN_2341363	ATP5A1	14.244062089805993
ILMN_1772132	ATP5B	15.04366264923668
ILMN_1701269	ATP5C1	11.902734658147986
ILMN_1653599	ATP5D	11.732655413494031
ILMN_3261197	ATP5E	13.263986559690936
ILMN_1756674	ATP5EP2	15.059564557928878
ILMN_1721989	ATP5F1	12.615079416425962
ILMN_1676393	ATP5G1	11.58707989152817
ILMN_1660577	ATP5G2	14.387424447263248
ILMN_1770466	ATP5G3	7.020275981108021
ILMN_1794912	ATP5H	12.766470437029092
ILMN_1726603	ATP5I	14.325707261307587
ILMN_1772929	ATP5J	13.38988625132979
ILMN_2310621	ATP5J2	12.512672521565166
ILMN_1812638	ATP5L	14.536036502392934
ILMN_1791332	ATP5O	12.991121813291608
ILMN_1679188	ATP5S	9.162531854468876
ILMN_1809027	ATP5SL	11.309309176284408
ILMN_1697694	ATP6AP1	13.363104767573995
ILMN_1755990	ATP6AP1L	6.638183852064974
ILMN_1677440	ATP6AP2	12.488333208928497
ILMN_1752579	ATP6V0A1	12.342876831214667
ILMN_1700380	ATP6V0A2	5.94940990588896
ILMN_1678186	ATP6V0A4	3.306893250348283
ILMN_1721391	ATP6V0B	12.822050905560593
ILMN_1795826	ATP6V0D1	9.901848269662684
ILMN_1799889	ATP6V0D2	4.997341043829539
ILMN_2071937	ATP6V0E1	10.925125365644922
ILMN_1785095	ATP6V0E2	12.677810301450075
ILMN_1711516	ATP6V1A	12.969268110281936
ILMN_1812073	ATP6V1B1	8.912573402478301
ILMN_1787705	ATP6V1B2	11.715946712241822
ILMN_1659801	ATP6V1C1	6.529918531460258
ILMN_1660729	ATP6V1C2	0.34698382250560655
ILMN_1797310	ATP6V1D	10.92596138482685
ILMN_2339779	ATP6V1E1	12.360219391888563
ILMN_2099783	ATP6V1F	13.586702216904582
ILMN_1784523	ATP6V1G1	12.876251322559396
ILMN_1654541	ATP6V1G2	13.162369317041877
ILMN_2371001	ATP6V1G3	1.8909210830891745
ILMN_2403730	ATP6V1H	10.61186876072892
ILMN_1808115	ATP7A	1.8283921212806404
ILMN_1722056	ATP7B	5.61989778655511
ILMN_1778358	ATP8A1	5.469887528592864
ILMN_1693896	ATP8A2	5.391121786275774
ILMN_1710523	ATP8B1	3.175868932377686
ILMN_1782057	ATP8B2	8.860186537187229
ILMN_1653372	ATP8B3	6.075314699208634
ILMN_1783956	ATP8B4	5.3588560629059785
ILMN_1755920	ATP8B5P	4.365655056512779
ILMN_2089073	ATP9A	12.724480018632951
ILMN_1658684	ATP9B	3.9443372430830705
ILMN_2395055	ATPAF1	10.888737063576073
ILMN_1727390	ATPAF2	7.451069654525391
ILMN_1727332	ATPIF1	11.49502394973724
ILMN_2376771	ATR	0.692249469001398
ILMN_1774584	ATRAID	12.759710429413651
ILMN_2370464	ATRIP	5.591441965563043
ILMN_1772124	ATRN	8.339424182865503
ILMN_1786966	ATRNL1	2.677258938486343
ILMN_1666885	ATRX	4.462160610037601
ILMN_1800951	ATXN1	7.845375126005579
ILMN_1705900	ATXN10	8.14350491114335
ILMN_1764186	ATXN1L	8.560152908264387
ILMN_1743829	ATXN2	11.206172624879905
ILMN_2271627	ATXN2L	5.779737738206489
ILMN_2393497	ATXN3	8.664137406726818
ILMN_1753450	ATXN3L	0.5270604131688313
ILMN_1688602	ATXN7	1.690342784729812
ILMN_1777260	ATXN7L1	0.3749915144889635
ILMN_1664177	ATXN7L2	7.385715598408229
ILMN_1862018	ATXN7L3	8.819198868299674
ILMN_1826531	ATXN7L3B	10.74751310928445
ILMN_2111556	ATXN8OS	0.2777075216669216
ILMN_2231911	AUH	7.597662435136911
ILMN_1787280	AUNIP	3.0073041087723626
ILMN_1651378	AUP1	8.890905160035544
ILMN_1680955	AURKA	8.587097043196453
ILMN_1768396	AURKAIP1	12.871355653359032
ILMN_2053650	AURKAPS1	4.22259047287153
ILMN_1684217	AURKB	9.38443587701587
ILMN_2350296	AURKC	5.131983638662508
ILMN_1749081	AUTS2	10.506490642621587
ILMN_1710216	AVEN	4.470594411309317
ILMN_1674265	AVIL	4.096948193762796
ILMN_3237977	AVL9	8.578456648485929
ILMN_1811443	AVP	4.8783644715802215
ILMN_1671731	AVPI1	10.003704609595042
ILMN_1712159	AVPR1A	0.0
ILMN_1680521	AVPR1B	1.1047154707597464
ILMN_1698324	AVPR2	7.617460200353155
ILMN_1668162	AWAT1	0.09653331029775915
ILMN_1703832	AWAT2	0.14709178737224818
ILMN_1767230	AXDND1	5.355660770677788
ILMN_1766185	AXIN1	8.361914356072592
ILMN_1724480	AXIN2	8.934307195741729
ILMN_1701877	AXL	8.700146338924934
ILMN_1797154	AZGP1	2.4194999424619277
ILMN_1733680	AZI2	7.732961229850694
ILMN_1656682	AZIN1	12.518132323451878
ILMN_1899940	AZIN1-AS1	5.514243697228259
ILMN_1659599	AZIN2	7.047272792930243
ILMN_1730867	AZU1	5.703610877427021
ILMN_2148459	B2M	11.23748159655076
ILMN_2325347	B3GALNT1	9.496684726888693
ILMN_1780188	B3GALNT2	5.17439470313342
ILMN_1659202	B3GALT1	2.8726961676436944
ILMN_1709907	B3GALT2	3.8416742938154225
ILMN_1690682	B3GALT4	4.2425631294452915
ILMN_1800713	B3GALT5	4.903143916941233
ILMN_3212737	B3GALT5-AS1	0.4519836303758244
ILMN_1739749	B3GALT6	6.818848818973186
ILMN_1761093	B3GAT1	9.160924240696135
ILMN_1774208	B3GAT2	4.869096359147126
ILMN_2210581	B3GAT3	7.425681915141773
ILMN_1764813	B3GLCT	7.179261959091374
ILMN_1711102	B3GNT2	6.333405065546096
ILMN_1800082	B3GNT3	2.549530255906359
ILMN_1771260	B3GNT4	3.7091723583970366
ILMN_1702609	B3GNT5	1.0040050498621247
ILMN_1680081	B3GNT6	3.555590913975509
ILMN_1721523	B3GNT7	0.6221591084101922
ILMN_1741389	B3GNT8	5.612990151181223
ILMN_1783908	B3GNT9	1.1094426442371492
ILMN_1702817	B3GNTL1	4.194175058775157
ILMN_1805725	B4GALNT1	4.27145727582216
ILMN_1707200	B4GALNT2	0.6118144514092333
ILMN_1753271	B4GALNT3	0.5283520287706419
ILMN_1796663	B4GALNT4	8.79364062651948
ILMN_1766221	B4GALT1	5.308880131162851
ILMN_1753755	B4GALT2	5.730801878792209
ILMN_1692267	B4GALT3	10.317408156542255
ILMN_1661500	B4GALT4	8.964517305624083
ILMN_1685824	B4GALT5	10.861452613753775
ILMN_1732555	B4GALT6	5.871676276829514
ILMN_1663541	B4GALT7	9.361655108719281
ILMN_1715384	B4GAT1	10.440123778076677
ILMN_3239284	B9D1	7.568448602104798
ILMN_1806999	B9D2	7.908699991451813
ILMN_1687751	BAALC	10.026253095865258
ILMN_1771308	BAAT	0.0
ILMN_1806937	BABAM1	10.681106219739897
ILMN_2320349	BACE1	5.766092717884
ILMN_1669323	BACE2	7.703773039074654
ILMN_1681583	BACH1	1.4110781531781342
ILMN_2058468	BACH2	6.158110945676793
ILMN_1738652	BAD	9.5205658956446
ILMN_1733970	BAG1	1.8752538313215794
ILMN_3244893	BAG2	6.142122502308211
ILMN_1659766	BAG3	9.672400903007809
ILMN_2221014	BAG4	6.503248817479581
ILMN_2361695	BAG5	9.205626606988789
ILMN_2390416	BAG6	10.393127367958263
ILMN_1768994	BAGE	5.046760689732637
ILMN_2168766	BAGE2	0.817402444434353
ILMN_2069267	BAGE3	0.17262998669979135
ILMN_1697549	BAGE4	2.792984498718577
ILMN_2206141	BAGE5	3.728740099958267
ILMN_1739256	BAHD1	2.5664148124808697
ILMN_1705922	BAIAP2	8.900109154199457
ILMN_1703593	BAIAP2L1	7.07260679150609
ILMN_1771652	BAIAP2L2	6.565153458816599
ILMN_1810550	BAIAP3	4.355736662668201
ILMN_1805990	BAK1	1.6240529222788609
ILMN_1691410	BAMBI	9.569207406409722
ILMN_2179837	BANF1	11.979250605649803
ILMN_2293451	BANF2	4.682690434179951
ILMN_1661646	BANK1	1.2735164582701202
ILMN_1663631	BANP	11.124599423936049
ILMN_1768363	BAP1	7.837245167433442
ILMN_2074258	BARD1	7.6325777055084325
ILMN_1737662	BARHL1	3.7703501958995154
ILMN_1706493	BARHL2	2.1807695520470824
ILMN_1772312	BARX1	3.1094268851590674
ILMN_1701170	BARX2	0.8432586987333502
ILMN_1651826	BASP1	13.800814567070951
ILMN_3211047	BASP1P1	2.305943000866932
ILMN_1668822	BATF	0.5516151280128564
ILMN_1690241	BATF2	3.1376543097282372
ILMN_1763207	BATF3	6.688179339024199
ILMN_2321064	BAX	10.059476592628814
ILMN_1742230	BAZ1A	6.330633060594528
ILMN_1676318	BAZ2A	3.200079223212866
ILMN_1720850	BAZ2B	9.822869846409516
ILMN_1729645	BBC3	8.456924305260232
ILMN_3304405	BBIP1	7.7287533775578465
ILMN_1806456	BBOF1	7.09501888120336
ILMN_1734929	BBOX1	2.3115178254883895
ILMN_1800590	BBS1	8.062818303409408
ILMN_1741985	BBS10	7.760734511872684
ILMN_2166972	BBS12	4.912803977481829
ILMN_1767612	BBS2	9.258081119483867
ILMN_1762466	BBS4	9.091430469977896
ILMN_2299737	BBS5	3.2795219542367673
ILMN_2257833	BBS7	7.627671992443716
ILMN_1794956	BBS9	7.454721298780773
ILMN_1745415	BBX	9.336120841606958
ILMN_1790455	BCAM	1.8663700411074349
ILMN_2246131	BCAN	5.5502227697531685
ILMN_2342084	BCAP29	7.730839699650786
ILMN_1812403	BCAP31	10.74024233728594
ILMN_1672596	BCAR1	7.197079733940217
ILMN_1763638	BCAR3	7.391020303029985
ILMN_3191746	BCAR4	2.33670385930029
ILMN_1733042	BCAS1	1.165790313779674
ILMN_2148452	BCAS2	6.418906410115528
ILMN_2054510	BCAS3	3.5088617038460597
ILMN_2325506	BCAS4	11.332213630047962
ILMN_1766169	BCAT1	10.762984847772394
ILMN_1695110	BCAT2	9.284779678902414
ILMN_1786433	BCCIP	8.928907850533298
ILMN_1796113	BCDIN3D	6.649342077893283
ILMN_2176592	BCHE	10.886724606362078
ILMN_1735979	BCKDHA	10.980930907780575
ILMN_1764166	BCKDHB	7.7169107959247425
ILMN_1693394	BCKDK	10.8750313463958
ILMN_1704070	BCL10	6.1855506313462705
ILMN_1752899	BCL11A	8.343745584849172
ILMN_1665761	BCL11B	2.3158573501803033
ILMN_2246956	BCL2	6.2849394218186205
ILMN_1769229	BCL2A1	4.749314482635586
ILMN_1654118	BCL2L1	9.686757991551412
ILMN_1749096	BCL2L10	4.621764898771764
ILMN_2359627	BCL2L11	6.886214180567982
ILMN_2396982	BCL2L12	10.706243291204514
ILMN_2181445	BCL2L13	10.622925343823502
ILMN_1717976	BCL2L14	3.784221285376985
ILMN_3251676	BCL2L15	1.865527038121041
ILMN_1746561	BCL2L2	9.013809349033648
ILMN_1710514	BCL3	7.489348819743064
ILMN_1737314	BCL6	8.053866054441947
ILMN_1651285	BCL6B	4.694104603868707
ILMN_1706886	BCL7A	6.898333395320716
ILMN_1754199	BCL7B	6.930537194900917
ILMN_2371147	BCL7C	9.08134056849106
ILMN_1704452	BCL9	7.895108186953816
ILMN_1743966	BCL9L	5.18805988865967
ILMN_1775192	BCLAF1	10.473872461852192
ILMN_1814686	BCO1	0.9224352380129912
ILMN_2335264	BCO2	0.33792326012631196
ILMN_1773117	BCOR	9.414284229819616
ILMN_1767015	BCORL1	6.883487223705605
ILMN_2333146	BCR	6.622623204095167
ILMN_1792592	BCRP3	0.0
ILMN_1738529	BCS1L	9.110387367707494
ILMN_1678757	BCYRN1	11.181359652948965
ILMN_1677637	BDH1	2.751031971064475
ILMN_1673360	BDH2	2.245372065517489
ILMN_1734611	BDKRB1	3.3591912108599895
ILMN_1684086	BDKRB2	1.9020392810668778
ILMN_1751276	BDNF	6.13069344745977
ILMN_3249533	BDNF-AS	5.419286731766662
ILMN_1687149	BDP1	4.799473053213467
ILMN_1744822	BECN1	8.235251984156497
ILMN_1668924	BEGAIN	5.289416836994486
ILMN_3237923	BEND2	2.125716075472854
ILMN_2375032	BEND3	6.273370270481517
ILMN_3237256	BEND4	6.2169585659042506
ILMN_3237448	BEND5	10.001063954236487
ILMN_1706969	BEND6	7.65921479944648
ILMN_3178043	BEND7	9.362822182343022
ILMN_1718982	BEST1	4.873803135573374
ILMN_1755796	BEST2	0.8445666877832352
ILMN_1720600	BEST3	5.050882030701094
ILMN_1796685	BEST4	5.6768033313614445
ILMN_1684042	BET1	8.779070048290444
ILMN_2060652	BET1L	5.362708497191246
ILMN_2234697	BEX1	14.203965557845299
ILMN_2181892	BEX2	12.050974437011226
ILMN_1729208	BEX3	12.517742941551639
ILMN_2351638	BEX4	11.349074127199005
ILMN_1806473	BEX5	9.645878797832575
ILMN_1814808	BFAR	8.977762609709044
ILMN_1712608	BFSP1	2.889061681860046
ILMN_1690217	BFSP2	0.34496317270336435
ILMN_1755818	BGLAP	7.561670058051916
ILMN_2206746	BGN	11.625916511167162
ILMN_1673590	BHLHA15	1.1293688266013397
ILMN_1708131	BHLHB9	8.223777168252463
ILMN_1699585	BHLHE22	4.886979800618418
ILMN_1742787	BHLHE23	0.0
ILMN_1768534	BHLHE40	9.53084759581751
ILMN_1726809	BHLHE41	0.9911471058417507
ILMN_1656638	BHMT	0.3082366382675603
ILMN_2070521	BHMT2	1.7612221183543069
ILMN_1854469	BICC1	3.9162210524344965
ILMN_1829768	BICD1	6.332559316747407
ILMN_2380418	BICD2	7.911763158744776
ILMN_1653102	BICDL1	2.648992083092515
ILMN_1803889	BICDL2	4.0634523027277245
ILMN_1763386	BID	7.357121016757532
ILMN_1770505	BIK	3.271178140260069
ILMN_1674160	BIN1	10.772261695048458
ILMN_1726342	BIN2	0.0
ILMN_1708485	BIN3	5.033258882653899
ILMN_3307196	BIN3-IT1	6.897964794599073
ILMN_2182704	BIRC2	10.757499751823028
ILMN_2405684	BIRC3	9.912668855609262
ILMN_2349459	BIRC5	8.74703531260003
ILMN_1801605	BIRC6	7.8663805648614415
ILMN_1674036	BIRC7	3.989350577612829
ILMN_1727144	BIRC8	0.3238584487795365
ILMN_2214098	BIVM	8.016626862997875
ILMN_1826921	BLACAT1	5.555255031537608
ILMN_1675612	BLCAP	11.328185233463147
ILMN_1807331	BLID	5.315081432077452
ILMN_1668277	BLK	0.09470066426626556
ILMN_1709484	BLM	3.654196780586094
ILMN_1721921	BLMH	8.04175878918544
ILMN_2142935	BLNK	1.7631962627201994
ILMN_2157510	BLOC1S1	8.659368002697938
ILMN_1679782	BLOC1S2	9.806380628284463
ILMN_1681242	BLOC1S3	0.9935688952992816
ILMN_1685095	BLOC1S4	9.32697714921859
ILMN_1776352	BLOC1S5	8.48225067977482
ILMN_2105033	BLOC1S6	11.033573715897198
ILMN_1691436	BLVRA	9.951534942357862
ILMN_1797793	BLVRB	9.208264900462565
ILMN_2106658	BLZF1	11.828735200940828
ILMN_2308338	BMF	6.6044887905516445
ILMN_1700915	BMI1	9.986758032306211
ILMN_1800412	BMP1	6.87272757227214
ILMN_1791688	BMP10	0.26474258846652426
ILMN_1702755	BMP15	0.2801098591954771
ILMN_1722718	BMP2	4.501075319366501
ILMN_2299045	BMP2K	5.256394902806746
ILMN_1682661	BMP3	1.0461757769923163
ILMN_1709734	BMP4	1.3111678134502585
ILMN_1660552	BMP5	6.616829206616559
ILMN_1747650	BMP6	3.623555206793906
ILMN_1741566	BMP7	8.010904616129658
ILMN_1761264	BMP8A	4.350192826908271
ILMN_2123415	BMP8B	3.919653916783897
ILMN_3307916	BMPER	3.842900576257685
ILMN_1706957	BMPR1A	7.701415021150313
ILMN_1888359	BMPR1B	6.842822837120996
ILMN_2070896	BMPR2	6.1241068060615875
ILMN_1772713	BMS1	9.959298562474746
ILMN_1720469	BMS1P4	0.11343390751989414
ILMN_3238183	BMS1P5	12.562633996680121
ILMN_3237785	BMS1P6	0.8987107450551276
ILMN_1658210	BMT2	0.7038640385880516
ILMN_1796138	BMX	3.4030766128265935
ILMN_1751465	BNC1	3.280565201915573
ILMN_1656373	BNC2	5.395314090625007
ILMN_2318733	BNIP1	9.087173302152793
ILMN_1770803	BNIP2	7.423440240208172
ILMN_1724658	BNIP3	12.235659032411904
ILMN_1718961	BNIP3L	12.022118385264866
ILMN_1699989	BNIPL	3.6688962948447963
ILMN_1803956	BOC	5.467669605383537
ILMN_1716730	BOD1	12.534285156586746
ILMN_1695856	BOD1L1	0.8163256104513774
ILMN_1730032	BOK	6.827724778741481
ILMN_1793966	BOLA1	6.233750861008151
ILMN_1659343	BOLA2	12.293696498158779
ILMN_3249676	BOLA2B	0.11226578360885266
ILMN_1786658	BOLA3	11.1967741624402
ILMN_1670746	BOLL	4.89191483341219
ILMN_1715583	BOP1	10.552363408424958
ILMN_1761486	BORA	9.04803677068882
ILMN_1651268	BORCS5	4.392485264919269
ILMN_2225746	BORCS6	6.940034743760815
ILMN_1772706	BORCS7	9.270301893659305
ILMN_2068202	BORCS8-MEF2B	3.281326106101414
ILMN_2352921	BPGM	8.595526342710848
ILMN_1657746	BPHL	8.794447927298664
ILMN_1766736	BPI	3.3524402890344205
ILMN_1774250	BPIFA1	1.90729989862404
ILMN_1762670	BPIFA2	1.610426274195092
ILMN_1752744	BPIFA3	1.7751853895217884
ILMN_3265434	BPIFA4P	1.6277470911785195
ILMN_1733904	BPIFB1	4.303490831757583
ILMN_1796928	BPIFB2	0.0
ILMN_1750365	BPIFB3	0.4694176130476582
ILMN_1703839	BPIFB4	0.21800472052486522
ILMN_1670091	BPIFB6	0.0
ILMN_1708152	BPIFC	3.240428151910931
ILMN_1712718	BPNT1	5.961544046354459
ILMN_1712657	BPTF	5.716319741009296
ILMN_1655210	BPY2	2.2652960366679324
ILMN_2217056	BPY2B	3.7996700165220187
ILMN_3235789	BPY2C	0.0
ILMN_1836469	BRAF	6.4892806415539885
ILMN_1772034	BRAP	0.6064358839640317
ILMN_1804498	BRAT1	9.40962686641865
ILMN_1738027	BRCA1	5.5147326189065575
ILMN_1677794	BRCA2	0.5347343858508354
ILMN_1697546	BRCC3	4.052193560968259
ILMN_1758918	BRD2	12.112685983281985
ILMN_1785635	BRD3	9.039448940013243
ILMN_1736981	BRD4	4.678821141093436
ILMN_2082810	BRD7	9.409823316794638
ILMN_2147920	BRD7P3	7.407657991310653
ILMN_1702335	BRD8	0.12000254098358422
ILMN_1651405	BRD9	11.492560110595804
ILMN_2247703	BRDT	0.8208662402926609
ILMN_3240291	BRDTP1	1.0624975571854893
ILMN_2363489	BRE	8.468984317230445
ILMN_3244769	BREA2	1.6894024331837088
ILMN_1703686	BRF1	6.720622050984157
ILMN_1665554	BRF2	9.030333617920277
ILMN_1781580	BRI3	11.252829186100227
ILMN_1693410	BRI3BP	7.851720375436031
ILMN_1759411	BRICD5	7.123599474872304
ILMN_1741603	BRINP1	8.852108072146178
ILMN_1778844	BRINP2	2.2262416235787024
ILMN_1758943	BRINP3	6.485485594987508
ILMN_1760757	BRIP1	1.415836880566934
ILMN_1679800	BRIX1	10.333752909921206
ILMN_1764500	BRK1	10.926448048714695
ILMN_1719165	BRMS1	7.734676276945305
ILMN_1775943	BRMS1L	8.104476235459463
ILMN_1654864	BROX	1.111531465945855
ILMN_2365549	BRPF1	9.925265283162082
ILMN_1658800	BRPF3	8.833170321072993
ILMN_1756165	BRS3	1.3579280199206465
ILMN_2185845	BRSK1	11.676943485669355
ILMN_1708496	BRSK2	8.349217485046413
ILMN_1673518	BRWD1	12.123605085754695
ILMN_1757794	BRWD3	1.9107011187791219
ILMN_1774596	BSCL2	13.401652014469496
ILMN_1734483	BSDC1	11.173475235219398
ILMN_1778374	BSG	11.698189958717798
ILMN_1760246	BSN	8.87557644803189
ILMN_1726420	BSND	3.770246810726712
ILMN_3242325	BSPH1	6.025018498176091
ILMN_3247560	BSPRY	4.911244864495781
ILMN_1770161	BST1	2.640690631054954
ILMN_1723480	BST2	5.999035449322779
ILMN_1666310	BSX	4.727049443580653
ILMN_1676842	BTAF1	9.796450779562536
ILMN_2411264	BTBD1	8.353694698219567
ILMN_1809344	BTBD10	10.06436065436025
ILMN_1674670	BTBD11	0.5795510016508079
ILMN_1677684	BTBD16	0.9545263945212806
ILMN_2286987	BTBD17	9.87211600042726
ILMN_3293220	BTBD18	4.190326072659217
ILMN_3238274	BTBD2	13.219339858545432
ILMN_2334350	BTBD3	9.462473625826767
ILMN_1744725	BTBD6	9.422354392835738
ILMN_1757298	BTBD7	5.809971494419447
ILMN_1796773	BTBD8	4.086126928403004
ILMN_1732271	BTBD9	5.075522722777487
ILMN_2081070	BTC	1.0469429780087371
ILMN_1699728	BTD	2.4418941918789545
ILMN_2319414	BTF3	14.227787851523589
ILMN_1759359	BTF3L4	11.899236727901767
ILMN_3309354	BTF3P11	1.4361911723716208
ILMN_1775743	BTG1	12.67475212071867
ILMN_1770085	BTG2	8.689741450182535
ILMN_1707339	BTG3	12.446291098800488
ILMN_1689154	BTG4	0.43389989795309486
ILMN_1662026	BTK	4.016832847797977
ILMN_1778536	BTLA	4.091243381526822
ILMN_1698953	BTN1A1	1.7337566774948472
ILMN_2364852	BTN2A1	10.409597473208898
ILMN_1752758	BTN2A2	6.85019305093099
ILMN_1802708	BTN3A1	6.848012873697414
ILMN_1700067	BTN3A2	5.192949529084367
ILMN_2373831	BTN3A3	0.7266336045778875
ILMN_3187470	BTNL10	6.767590119637403
ILMN_1730828	BTNL3	2.761283948698751
ILMN_1770709	BTNL8	0.5284303574546665
ILMN_1772976	BTNL9	0.0
ILMN_1689438	BTRC	4.1785683372528135
ILMN_2202948	BUB1	8.016921264252142
ILMN_1797307	BUB1B	5.143653316385907
ILMN_1693145	BUB3	12.930882318482297
ILMN_1749210	BUD13	8.466472818281781
ILMN_1710697	BUD31	11.803021098920745
ILMN_1689237	BVES	6.661044884082373
ILMN_1682792	BYSL	8.357841458485602
ILMN_1704760	BZW1	6.567976430281515
ILMN_1676548	BZW2	11.435407572184173
ILMN_1767556	C10ORF10	5.44742396172449
ILMN_3181538	C10ORF105	3.8179937645003457
ILMN_1770399	C10ORF107	1.4691625928378274
ILMN_1783247	C10ORF11	2.919781013877604
ILMN_1652715	C10ORF111	1.2678453923960336
ILMN_1770130	C10ORF113	2.721944854471161
ILMN_1665508	C10ORF12	5.60408025939093
ILMN_1767828	C10ORF120	1.7619174273079252
ILMN_1674046	C10ORF128	4.430732536984819
ILMN_3245166	C10ORF131	1.2123106863428847
ILMN_3255028	C10ORF142	1.1919521532804498
ILMN_1701243	C10ORF2	5.99783449754304
ILMN_2231921	C10ORF25	0.3352709903919929
ILMN_1662470	C10ORF35	12.5572962947007
ILMN_2259520	C10ORF53	1.9561979095052464
ILMN_2205963	C10ORF54	0.08632093368858058
ILMN_1708277	C10ORF55	2.478837114859484
ILMN_1720898	C10ORF62	3.741674666824798
ILMN_1719577	C10ORF67	0.4578572070175337
ILMN_1792110	C10ORF76	6.640475038385877
ILMN_1782861	C10ORF82	0.30282138601852865
ILMN_1775423	C10ORF88	7.246875466774874
ILMN_1680367	C10ORF90	0.2658143651751263
ILMN_1802702	C10ORF91	1.5492236571063307
ILMN_1797104	C10ORF95	1.3768706648217144
ILMN_1802192	C10ORF99	5.4982516231408285
ILMN_2128967	C11ORF1	10.76219840721633
ILMN_1708304	C11ORF16	0.38463024940446217
ILMN_3235922	C11ORF21	1.0441056219735072
ILMN_1808163	C11ORF24	6.7854830308817355
ILMN_1786872	C11ORF31	4.8788001696359755
ILMN_1673982	C11ORF40	0.9477729861830421
ILMN_1729842	C11ORF42	0.9888072929505639
ILMN_1803015	C11ORF44	3.8876523054423497
ILMN_1680102	C11ORF45	1.3655249374521394
ILMN_2341487	C11ORF49	8.333956713954187
ILMN_2050790	C11ORF52	2.4654318697173414
ILMN_1674017	C11ORF53	2.411385727117415
ILMN_2213297	C11ORF54	8.369495052880213
ILMN_1728965	C11ORF57	8.567318573971784
ILMN_1802649	C11ORF58	2.713593331552726
ILMN_2243516	C11ORF63	7.585771718869037
ILMN_1788968	C11ORF65	5.26148771940216
ILMN_1757847	C11ORF68	6.755673856254198
ILMN_1683635	C11ORF70	4.743372584929112
ILMN_2049693	C11ORF71	7.299714427334678
ILMN_1659017	C11ORF74	11.13918627211522
ILMN_1790637	C11ORF80	8.852398666876338
ILMN_1795564	C11ORF84	6.32940971055294
ILMN_3239232	C11ORF86	1.334571056340378
ILMN_1810376	C11ORF87	6.516572614389954
ILMN_1766038	C11ORF88	0.7653738430975165
ILMN_3282138	C11ORF91	5.5486292556518855
ILMN_1862180	C11ORF95	8.771560905332473
ILMN_1677402	C11ORF96	8.814586274116548
ILMN_1806703	C11ORF97	2.0418968851071466
ILMN_1777765	C12ORF10	11.905088478467468
ILMN_1792671	C12ORF29	7.9751316026693795
ILMN_1751898	C12ORF4	6.580180099122864
ILMN_1721569	C12ORF40	4.820990239674283
ILMN_1711720	C12ORF42	0.36007955572978356
ILMN_1737818	C12ORF43	7.173684768950941
ILMN_1728435	C12ORF45	9.434563655062698
ILMN_2161556	C12ORF49	7.68097665581178
ILMN_2105298	C12ORF50	1.7592762783416678
ILMN_1675616	C12ORF54	0.27709524206729613
ILMN_1770616	C12ORF56	1.120330154624182
ILMN_1812191	C12ORF57	13.437562176768408
ILMN_2234709	C12ORF60	4.4737828904827355
ILMN_1667510	C12ORF65	6.154971557116762
ILMN_1736995	C12ORF66	6.706646417913582
ILMN_1844083	C12ORF71	2.992160892574534
ILMN_3241041	C12ORF73	4.360895398228271
ILMN_3242407	C12ORF74	1.324518512689352
ILMN_2152429	C12ORF76	11.485372544466939
ILMN_3247187	C12ORF77	6.1785832272753245
ILMN_1760613	C14ORF1	1.301080697470824
ILMN_1807667	C14ORF105	4.829874831709636
ILMN_1682102	C14ORF119	1.7462649443482183
ILMN_1721106	C14ORF159	8.408659325840587
ILMN_1696708	C14ORF166	11.841188826980336
ILMN_1711543	C14ORF169	8.718890606016624
ILMN_1728272	C14ORF177	0.17006361718501625
ILMN_1687718	C14ORF178	0.8405168161197955
ILMN_1693951	C14ORF180	1.3407964593540969
ILMN_1652722	C14ORF2	12.310773809526466
ILMN_1807031	C14ORF28	7.29234901160514
ILMN_1796377	C14ORF37	8.640798277770328
ILMN_2185077	C14ORF39	4.601487009674131
ILMN_1686082	C14ORF79	8.010617956663108
ILMN_1724897	C14ORF93	9.209094999418626
ILMN_1773848	C15ORF32	2.978012772342471
ILMN_1793729	C15ORF39	5.12775922425443
ILMN_1660585	C15ORF40	6.2393474362016645
ILMN_1747217	C15ORF41	7.340560806971884
ILMN_1805410	C15ORF48	4.500533182191597
ILMN_1775330	C15ORF52	1.0784131726256665
ILMN_1698363	C15ORF53	0.9720043727303956
ILMN_1812249	C15ORF54	1.7608001404377471
ILMN_1682664	C15ORF56	7.531528457754735
ILMN_1811264	C15ORF57	11.03080703180082
ILMN_2141118	C15ORF59	7.699365913492964
ILMN_1655311	C15ORF61	8.186511512853514
ILMN_3248556	C15ORF62	2.0539566127250217
ILMN_1687821	C16ORF45	8.767410938180166
ILMN_1667665	C16ORF46	3.040960511625892
ILMN_1784128	C16ORF47	3.5682352397571897
ILMN_1751061	C16ORF54	5.030714880849592
ILMN_1685289	C16ORF58	11.772639313269046
ILMN_1656452	C16ORF59	7.497550733692791
ILMN_1729450	C16ORF62	4.671495687563499
ILMN_1711703	C16ORF70	6.280308523072699
ILMN_1683370	C16ORF71	1.1473478778325144
ILMN_1773407	C16ORF72	8.671079486605176
ILMN_1806149	C16ORF74	0.5354843948795989
ILMN_2137003	C16ORF78	0.35709877881013935
ILMN_1697800	C16ORF86	5.9140151396369225
ILMN_1690911	C16ORF87	9.475641513730809
ILMN_1676222	C16ORF89	0.24012197090865028
ILMN_1874870	C16ORF90	0.8049494412697961
ILMN_1655498	C16ORF92	13.352267592985749
ILMN_1706213	C16ORF96	5.403945154456642
ILMN_3237452	C17ORF100	7.080787131197492
ILMN_1778382	C17ORF102	5.184041952107917
ILMN_1725456	C17ORF105	1.069455096365615
ILMN_3273768	C17ORF107	3.916298531683528
ILMN_2075221	C17ORF47	2.724151324796423
ILMN_1763688	C17ORF49	11.128556509483863
ILMN_1765645	C17ORF50	3.082483743793473
ILMN_1757693	C17ORF51	5.346450090378185
ILMN_1776490	C17ORF53	7.27164933465557
ILMN_2398926	C17ORF58	10.989334083596377
ILMN_1750401	C17ORF62	7.375621196226942
ILMN_1717579	C17ORF64	2.2546686770075084
ILMN_1707292	C17ORF67	1.1247209741807218
ILMN_1810107	C17ORF74	5.1992917988300995
ILMN_1797155	C17ORF75	4.9342768972145175
ILMN_2185604	C17ORF77	0.0
ILMN_1806330	C17ORF78	3.8984595080938296
ILMN_1762071	C17ORF80	6.59622870690083
ILMN_1783682	C17ORF82	4.459503743067419
ILMN_3245824	C17ORF89	5.826781937595975
ILMN_3247139	C17ORF96	6.38032442649143
ILMN_1707137	C17ORF97	4.887628248839466
ILMN_3247988	C17ORF98	5.4746265164984065
ILMN_1911047	C17ORF99	5.320085763967994
ILMN_1869651	C18ORF12	1.9403120062932369
ILMN_1805998	C18ORF21	10.37870161277874
ILMN_1801822	C18ORF25	10.118856965400072
ILMN_2196588	C18ORF32	8.395768167576827
ILMN_2169089	C18ORF54	7.261600411734175
ILMN_1719097	C18ORF8	8.786393402440082
ILMN_1664920	C19ORF12	9.557636043912021
ILMN_1785933	C19ORF18	1.8776720644753742
ILMN_1678052	C19ORF24	6.654860565530817
ILMN_1655225	C19ORF25	7.100188605912744
ILMN_1717793	C19ORF33	0.3813550940506629
ILMN_1674926	C19ORF35	0.49024677003213285
ILMN_3240538	C19ORF38	3.7269837535916035
ILMN_1784299	C19ORF43	10.950000696993492
ILMN_1801572	C19ORF44	5.16122570185239
ILMN_1755335	C19ORF45	3.722639325671679
ILMN_1759184	C19ORF48	10.088928235206685
ILMN_1726181	C19ORF52	8.056127395702028
ILMN_1671374	C19ORF53	11.696759933699184
ILMN_1729546	C19ORF54	8.69842595201508
ILMN_1682339	C19ORF57	4.338530515883128
ILMN_3188110	C19ORF60	10.634963231694838
ILMN_1750400	C19ORF66	7.047523363750474
ILMN_1662187	C19ORF67	0.7538445487335262
ILMN_1748823	C19ORF68	3.4191669597266845
ILMN_1765684	C19ORF70	10.772351025287719
ILMN_3242508	C19ORF71	0.8229892354357765
ILMN_1721628	C19ORF73	2.2273706662824413
ILMN_1703088	C19ORF81	1.3715433185829606
ILMN_3289522	C19ORF84	1.3432844643278112
ILMN_1762330	C1D	0.30543291612038165
ILMN_1662578	C1GALT1	6.3187935238825155
ILMN_1751234	C1GALT1C1	8.221952285672668
ILMN_3246294	C1GALT1C1L	0.9406897476814802
ILMN_1760955	C1ORF100	4.049292734275743
ILMN_1792088	C1ORF101	3.766415083332159
ILMN_1714222	C1ORF105	3.3471980228797538
ILMN_1713952	C1ORF106	7.774737092927276
ILMN_2077886	C1ORF109	7.751242627921887
ILMN_1710993	C1ORF111	2.2872946434313657
ILMN_1727540	C1ORF112	6.240059185991953
ILMN_1674817	C1ORF115	6.364199720095282
ILMN_2073446	C1ORF116	3.2755193590236167
ILMN_1786273	C1ORF122	10.826331651827829
ILMN_2082130	C1ORF123	9.693277402002717
ILMN_1805474	C1ORF131	9.131459497505203
ILMN_1907042	C1ORF132	5.762333433336141
ILMN_1723256	C1ORF137	2.8821470738700072
ILMN_3247269	C1ORF140	1.2235589414237433
ILMN_1699205	C1ORF146	0.5359597153444418
ILMN_1733298	C1ORF158	2.0558325140673186
ILMN_1672811	C1ORF159	6.066549748350551
ILMN_1754894	C1ORF162	6.950134812988981
ILMN_1761999	C1ORF168	2.5722498601545687
ILMN_3236244	C1ORF174	9.850333326647629
ILMN_1708393	C1ORF185	3.338621214665357
ILMN_1690209	C1ORF186	3.2878995873071215
ILMN_1790713	C1ORF189	2.7818887872195686
ILMN_3251643	C1ORF194	7.634111659160802
ILMN_1657683	C1ORF198	9.445186910367527
ILMN_3244105	C1ORF204	0.7088259956395616
ILMN_1797735	C1ORF21	7.662836029751076
ILMN_2196232	C1ORF210	3.2467204716127633
ILMN_1659975	C1ORF216	8.247235742659528
ILMN_1681732	C1ORF226	3.3961124319018086
ILMN_1666825	C1ORF229	5.07491473191608
ILMN_1704222	C1ORF27	4.621661502055615
ILMN_1790202	C1ORF35	8.152172370199985
ILMN_1729509	C1ORF43	11.088667951203725
ILMN_1801941	C1ORF50	11.22353464925567
ILMN_1742611	C1ORF52	11.230293135166761
ILMN_1661595	C1ORF53	7.323782641968194
ILMN_1702231	C1ORF54	13.225916303691491
ILMN_1780268	C1ORF56	5.8276639480422325
ILMN_1759652	C1ORF61	9.252423697923204
ILMN_2066088	C1ORF64	2.565323197371593
ILMN_3248515	C1ORF68	0.9531649654407987
ILMN_1786470	C1ORF74	7.222973351136894
ILMN_1669805	C1ORF87	1.8100470959414388
ILMN_1793263	C1ORF94	3.208374519934054
ILMN_1737918	C1QA	4.436051465420291
ILMN_1796409	C1QB	0.2588886719127676
ILMN_1668996	C1QBP	11.22258099826788
ILMN_1785902	C1QC	1.6584917814280378
ILMN_1716957	C1QL1	7.334758766007064
ILMN_1756236	C1QL2	4.320169153621507
ILMN_1776576	C1QL3	3.118744531266501
ILMN_1808117	C1QL4	8.749967118505984
ILMN_1701459	C1QTNF1	3.851174780954263
ILMN_1813307	C1QTNF2	1.729632815784243
ILMN_1804604	C1QTNF3	2.3318504858184634
ILMN_2195462	C1QTNF4	7.453298718450853
ILMN_1744487	C1QTNF5	8.913371298669857
ILMN_1729288	C1QTNF6	7.344723801806235
ILMN_1662935	C1QTNF7	1.9192426480839428
ILMN_1695740	C1QTNF8	2.4828062821518113
ILMN_1684558	C1QTNF9	0.11240156537467395
ILMN_1713038	C1QTNF9B	2.3456138812382745
ILMN_3306362	C1QTNF9B-AS1	2.186860251124228
ILMN_1677198	C1R	5.634386220724977
ILMN_1733288	C1RL	3.706984120281328
ILMN_3296705	C1RL-AS1	5.3096466677633565
ILMN_1781626	C1S	6.202301515811777
ILMN_1710740	C2	3.3383519651392373
ILMN_2092903	C20ORF141	3.800251017048845
ILMN_1688258	C20ORF144	0.0
ILMN_3226453	C20ORF173	3.0770554747409844
ILMN_1821228	C20ORF181	2.653367859424339
ILMN_1689585	C20ORF194	6.707985870325132
ILMN_1793002	C20ORF196	8.429400235297056
ILMN_1691228	C20ORF197	0.3974652027822138
ILMN_1773383	C20ORF203	5.491729268373096
ILMN_1679195	C20ORF24	12.879993391076667
ILMN_1697363	C20ORF27	10.898142563862768
ILMN_1900181	C20ORF78	2.0748369011483514
ILMN_1661618	C20ORF85	2.3637591314882345
ILMN_1808633	C20ORF96	4.564012302987291
ILMN_1758806	C21ORF2	8.231305228774728
ILMN_1737588	C21ORF33	10.863269002955548
ILMN_3307877	C21ORF58	11.418809756280076
ILMN_1776147	C21ORF59	8.254499029967542
ILMN_1814369	C21ORF62	0.8061244426067802
ILMN_3307211	C21ORF62-AS1	5.176336214085435
ILMN_1698166	C21ORF91	5.6769301267567025
ILMN_1909784	C21ORF91-OT1	3.129904237655744
ILMN_1802771	C22ORF15	0.9984675983814685
ILMN_1721338	C22ORF23	4.718234655494066
ILMN_3249095	C22ORF24	2.16889095924587
ILMN_1759595	C22ORF29	7.573443016040401
ILMN_1757114	C22ORF31	0.4921433495180054
ILMN_1804884	C22ORF39	7.766460337464615
ILMN_1711067	C22ORF42	7.521270308396681
ILMN_1652512	C2CD2	8.164885875977406
ILMN_1778132	C2CD2L	4.1719045416565805
ILMN_1691757	C2CD3	0.8055335368378027
ILMN_1769925	C2CD4A	1.5589565405190546
ILMN_3248551	C2CD4B	2.221550264938378
ILMN_3236321	C2CD4C	4.692481956169881
ILMN_3248176	C2CD4D	3.486802534947076
ILMN_1682572	C2CD5	10.492274940908427
ILMN_1732404	C2ORF15	6.881062546361707
ILMN_1780840	C2ORF16	2.213403806277919
ILMN_1684726	C2ORF27A	4.649399635276914
ILMN_2089316	C2ORF27B	0.08233742706926274
ILMN_1676822	C2ORF40	5.012725322838359
ILMN_1661594	C2ORF42	7.554804894958148
ILMN_1795007	C2ORF47	8.726550991464551
ILMN_1720833	C2ORF48	2.1278450906754514
ILMN_1701131	C2ORF49	9.034259243156344
ILMN_1768071	C2ORF50	3.6840998803140512
ILMN_1665471	C2ORF54	4.330405167523172
ILMN_1768007	C2ORF57	1.806847728424793
ILMN_1790070	C2ORF61	1.853779035536972
ILMN_1655269	C2ORF66	1.4407385732015168
ILMN_1679771	C2ORF68	7.03638303220023
ILMN_3236377	C2ORF69	12.288836362931383
ILMN_1740463	C2ORF70	7.605855328936445
ILMN_1701186	C2ORF71	3.4574911188985955
ILMN_1797577	C2ORF73	0.3243185599577989
ILMN_1754501	C2ORF74	8.108997462056058
ILMN_1726729	C2ORF76	7.35867742196487
ILMN_2280542	C2ORF78	4.090085113481219
ILMN_3240957	C2ORF80	11.026648007470326
ILMN_1771299	C2ORF81	1.2411149748278354
ILMN_1774265	C2ORF82	6.80013715829275
ILMN_2174948	C2ORF83	2.224153993265356
ILMN_1787526	C2ORF88	2.758432897860306
ILMN_1762260	C3	1.9184269999824195
ILMN_1787529	C3AR1	2.747546230187108
ILMN_2224486	C3ORF14	11.179113799768231
ILMN_1728581	C3ORF18	7.647034152374939
ILMN_1684188	C3ORF20	0.23686043550282077
ILMN_1653228	C3ORF22	5.340881007356093
ILMN_1742009	C3ORF30	3.8098326933267015
ILMN_1713935	C3ORF33	6.864781492653169
ILMN_1687391	C3ORF35	4.537474218425847
ILMN_1795936	C3ORF36	5.208636378390666
ILMN_2078264	C3ORF38	9.053629959620332
ILMN_3267665	C3ORF49	1.117739781392165
ILMN_2184612	C3ORF52	3.5623243863048977
ILMN_1794112	C3ORF56	1.096758633289827
ILMN_1797372	C3ORF58	5.805547232527149
ILMN_1679339	C3ORF62	4.977530494170997
ILMN_1697761	C3ORF67	4.6474806186027955
ILMN_1660519	C3ORF70	7.007929429238977
ILMN_1695242	C3ORF79	1.7762476337725068
ILMN_1723465	C3ORF84	0.9450395579731062
ILMN_2179533	C4A	4.332644055599396
ILMN_1813695	C4B	0.3292103669846304
ILMN_1810752	C4BPA	0.5777763299872979
ILMN_2347789	C4BPB	3.3113878466609754
ILMN_1805730	C4ORF17	0.6405066097438193
ILMN_1795838	C4ORF19	1.1818809556524401
ILMN_1665714	C4ORF22	2.58630604902129
ILMN_1794239	C4ORF26	2.433689397218337
ILMN_2051684	C4ORF3	8.8531000541058
ILMN_1700257	C4ORF32	5.142396494903452
ILMN_1812701	C4ORF33	8.641519200676038
ILMN_2214713	C4ORF36	2.0303639252741905
ILMN_1694131	C4ORF45	0.0
ILMN_3249240	C4ORF46	7.523298224833108
ILMN_3237511	C4ORF47	5.349399667411052
ILMN_3239531	C4ORF48	10.040992125456139
ILMN_1709763	C4ORF51	0.8447329915188346
ILMN_1746819	C5	7.191174386839006
ILMN_1689836	C5AR1	4.869683226134416
ILMN_1669317	C5AR2	0.6210097816435762
ILMN_1695917	C5ORF15	11.117487245953987
ILMN_1796595	C5ORF22	7.74601222047275
ILMN_1743939	C5ORF24	7.764413498161692
ILMN_1677292	C5ORF30	7.644852813436395
ILMN_1662184	C5ORF34	6.462018543177689
ILMN_1695852	C5ORF38	0.6753012026165099
ILMN_2232494	C5ORF42	4.415173168890133
ILMN_1699170	C5ORF45	6.536137280908629
ILMN_1718866	C5ORF46	1.8671421354617193
ILMN_1718030	C5ORF47	6.027751936760851
ILMN_3246356	C5ORF49	3.5331298873951034
ILMN_1783023	C5ORF51	9.653182932096211
ILMN_1715644	C5ORF58	3.1802823901511723
ILMN_3241808	C5ORF60	0.5858838880986496
ILMN_1674116	C5ORF64	1.2077522028591485
ILMN_1915805	C5ORF66-AS2	6.286223183650949
ILMN_1688242	C6	2.4638325611626057
ILMN_2370685	C6ORF1	8.06190842841988
ILMN_1709035	C6ORF10	0.6116553823323866
ILMN_1757723	C6ORF106	6.239637471220739
ILMN_1753658	C6ORF118	1.6252688633442947
ILMN_1743187	C6ORF120	3.868068459804349
ILMN_1813236	C6ORF136	9.801607422715332
ILMN_1711203	C6ORF15	1.4319344071696858
ILMN_1805932	C6ORF163	4.037144860981072
ILMN_1651624	C6ORF201	1.572839330394052
ILMN_1778951	C6ORF203	6.13121710420653
ILMN_1671087	C6ORF222	3.234771013271994
ILMN_1810930	C6ORF223	2.7665211188097794
ILMN_1709799	C6ORF25	4.152472309513427
ILMN_1795286	C6ORF47	7.656244814304152
ILMN_2391765	C6ORF48	14.305539208220425
ILMN_1722945	C6ORF52	8.745749851676628
ILMN_1754920	C6ORF58	1.0239211299225812
ILMN_1653797	C6ORF62	10.148499631188757
ILMN_1665117	C6ORF89	6.33284700895988
ILMN_3262376	C6ORF99	1.8891238143328792
ILMN_1687848	C7	1.3893106010508756
ILMN_1751051	C7ORF25	6.439228602673274
ILMN_1730048	C7ORF26	8.69252205638235
ILMN_1706101	C7ORF31	2.0869347894133923
ILMN_1779225	C7ORF33	0.27582898621409235
ILMN_1700588	C7ORF34	0.7072670841899883
ILMN_1770030	C7ORF43	6.789676964040197
ILMN_1740903	C7ORF49	3.7863481995350554
ILMN_1718336	C7ORF50	12.42359445621397
ILMN_1790211	C7ORF57	3.0084572768081927
ILMN_2226691	C7ORF61	4.127171144442704
ILMN_1743785	C7ORF62	0.0
ILMN_3244903	C7ORF65	1.5422837183097997
ILMN_1726640	C7ORF66	0.0
ILMN_1695301	C7ORF69	0.0
ILMN_1730340	C7ORF71	2.0915610308172963
ILMN_3293007	C7ORF72	0.8251918369026457
ILMN_1779698	C7ORF77	1.1747448379021181
ILMN_1710606	C8A	0.430854377074916
ILMN_1731293	C8B	1.8918929242948712
ILMN_1737242	C8G	2.5048021718842053
ILMN_1811735	C8ORF22	0.8391950088252725
ILMN_1790751	C8ORF31	2.2797127235119614
ILMN_2098325	C8ORF33	11.350881289474122
ILMN_1812841	C8ORF34	3.904612373539169
ILMN_2091084	C8ORF37	13.541267555690597
ILMN_1911696	C8ORF37-AS1	3.6917827963739476
ILMN_1656369	C8ORF4	8.621246581550357
ILMN_1792242	C8ORF44	3.7377774717926115
ILMN_1657149	C8ORF46	2.2094667261659855
ILMN_1764320	C8ORF58	5.226337923729397
ILMN_1653205	C8ORF59	12.499025464172703
ILMN_1749047	C8ORF74	1.775447677125629
ILMN_1742074	C8ORF76	10.464749377507419
ILMN_1693862	C8ORF82	7.096707153152452
ILMN_1801725	C8ORF86	3.8767785528693426
ILMN_3273885	C8ORF88	7.416203943046952
ILMN_1767831	C9	0.17780233046309882
ILMN_3307818	C9ORF106	4.719384407692117
ILMN_1723709	C9ORF116	7.292014665105078
ILMN_3238793	C9ORF129	2.0831157611693727
ILMN_1705735	C9ORF131	0.9428917461105798
ILMN_1699537	C9ORF135	1.8705561762765566
ILMN_1769538	C9ORF139	0.0
ILMN_1761138	C9ORF142	11.349673932859949
ILMN_1781745	C9ORF152	0.5679558595719253
ILMN_1782618	C9ORF16	8.81758064207036
ILMN_1719280	C9ORF163	1.8955658603040284
ILMN_2121848	C9ORF170	2.2271443036686054
ILMN_1677274	C9ORF172	0.9711321037681219
ILMN_1763695	C9ORF24	6.5044699415584475
ILMN_1674629	C9ORF3	1.3281257082561793
ILMN_1711799	C9ORF40	8.463665928567659
ILMN_1796499	C9ORF43	2.199311724409831
ILMN_1794672	C9ORF47	4.506887922332359
ILMN_1701873	C9ORF50	5.177333823622843
ILMN_1772890	C9ORF57	3.6302585474224394
ILMN_1777318	C9ORF64	5.998936685532025
ILMN_1717248	C9ORF66	3.744131357547012
ILMN_3244065	C9ORF69	7.087569281860852
ILMN_1741881	C9ORF72	7.864371923091402
ILMN_1697166	C9ORF78	10.978723000430769
ILMN_2387328	C9ORF84	3.6437506321946205
ILMN_1806758	C9ORF85	6.141595396627333
ILMN_1652431	CA1	0.0
ILMN_1665856	CA10	7.3768506535822445
ILMN_1743219	CA11	8.961778098339904
ILMN_1720998	CA12	5.808901725363559
ILMN_1802414	CA13	4.412582368322603
ILMN_1742358	CA14	9.69293882109469
ILMN_1662795	CA2	9.896572110855386
ILMN_1740996	CA3	2.2604862040926017
ILMN_1695157	CA4	5.898762381154639
ILMN_1731292	CA5A	0.16814599838119185
ILMN_1672807	CA5B	7.268733620464611
ILMN_3239383	CA5BP1	2.7033552994264216
ILMN_1708790	CA6	4.05823148484208
ILMN_1784626	CA7	0.5061972309969094
ILMN_1696615	CA8	0.3781578609167166
ILMN_1725139	CA9	4.8784075755611385
ILMN_1755222	CAAP1	5.612172449075925
ILMN_1765858	CAB39	10.628673318251622
ILMN_1783598	CAB39L	7.739594158942356
ILMN_1814044	CABIN1	6.70880881122557
ILMN_1653001	CABLES1	3.8764545823772107
ILMN_1762407	CABLES2	7.093735357872167
ILMN_1677746	CABP1	2.023903483097913
ILMN_1720136	CABP2	2.194943068890053
ILMN_1688864	CABP4	1.1325198114746342
ILMN_1676973	CABP5	0.6115760994413987
ILMN_1754078	CABP7	6.757033388039361
ILMN_1692617	CABS1	2.0703199014981246
ILMN_2412139	CABYR	7.182094150591258
ILMN_1814856	CACFD1	7.354921972725574
ILMN_1738854	CACHD1	8.017919799376118
ILMN_1761851	CACNA1A	3.7803457784559575
ILMN_1691855	CACNA1B	4.62475461840918
ILMN_1666775	CACNA1C	5.698796846375042
ILMN_1859030	CACNA1C-AS4	5.127186604891265
ILMN_1681223	CACNA1D	2.3834718986287418
ILMN_1664047	CACNA1E	7.912388340325109
ILMN_1659138	CACNA1F	0.0
ILMN_1703016	CACNA1G	5.363501236071607
ILMN_1671263	CACNA1H	10.44184344376146
ILMN_2300664	CACNA1I	6.812220012516892
ILMN_1667980	CACNA1S	5.436669070857213
ILMN_1768533	CACNA2D1	4.05505398756408
ILMN_1711049	CACNA2D2	8.791058489847947
ILMN_1754076	CACNA2D3	7.808064065861751
ILMN_1696317	CACNA2D4	0.3018684221959166
ILMN_1763604	CACNB1	5.826930273798745
ILMN_2406106	CACNB2	6.100108623541509
ILMN_2195482	CACNB3	11.180545159799754
ILMN_1673503	CACNB4	5.009990826923502
ILMN_1724306	CACNG1	7.5112899632757015
ILMN_1769492	CACNG2	4.70369997735767
ILMN_1768758	CACNG3	5.0307038278704015
ILMN_1702149	CACNG4	5.107974950475126
ILMN_1748102	CACNG5	1.266913031012082
ILMN_1779043	CACNG6	6.249331545639117
ILMN_1669816	CACNG7	8.007614962580282
ILMN_2106874	CACNG8	1.7892404391923538
ILMN_2262462	CACTIN	6.005891123105841
ILMN_1792270	CACUL1	4.119803039864235
ILMN_1726574	CACYBP	10.381606210144577
ILMN_1810992	CAD	7.504950844376374
ILMN_1680132	CADM1	10.780411175037491
ILMN_1664679	CADM2	6.597133645569319
ILMN_1701827	CADM3	6.330968413028352
ILMN_1812096	CADM4	9.903124280152836
ILMN_1665547	CADPS	7.753670979637704
ILMN_1684461	CADPS2	5.574309665694051
ILMN_1745724	CAGE1	3.952928105558767
ILMN_1760199	CALB1	0.4299795312828485
ILMN_1748840	CALB2	8.95339628259112
ILMN_1807034	CALCA	2.7562239522574785
ILMN_2109371	CALCB	5.451070116497424
ILMN_1774427	CALCOCO1	5.384824986733324
ILMN_1755504	CALCOCO2	6.914593992889356
ILMN_1710219	CALCR	1.7288972919400587
ILMN_1758281	CALCRL	2.9467120170916368
ILMN_1730487	CALD1	9.437114969195436
ILMN_3242412	CALHM1	3.3492387505085492
ILMN_1766200	CALHM2	6.052194213685952
ILMN_3241364	CALHM3	0.133642471286481
ILMN_1778242	CALM1	12.958402708600856
ILMN_1687858	CALM2	14.504342436716152
ILMN_1666385	CALM3	14.669311317851395
ILMN_1733333	CALML3	1.148990025585201
ILMN_1820879	CALML3-AS1	2.8378891339851946
ILMN_1757210	CALML4	9.638058945609899
ILMN_1749118	CALML5	4.058252666366262
ILMN_1739162	CALML6	1.4240264059481493
ILMN_1778121	CALN1	8.449783346281
ILMN_1736256	CALR	10.379341540832549
ILMN_2167223	CALR3	0.6538247710516822
ILMN_1727194	CALU	10.648476894165997
ILMN_1771622	CALY	11.90970123921497
ILMN_2140990	CAMK1	7.471039281019113
ILMN_1751561	CAMK1D	7.882477184417026
ILMN_1804339	CAMK1G	7.844237894977765
ILMN_1666445	CAMK2A	6.311504437031444
ILMN_2376194	CAMK2B	9.110898230574264
ILMN_1683415	CAMK2D	7.131729941333749
ILMN_1809695	CAMK2G	10.015330597338039
ILMN_1794863	CAMK2N1	11.46951159035492
ILMN_1660633	CAMK2N2	7.527422969909083
ILMN_1767168	CAMK4	5.929610545934019
ILMN_1715372	CAMKK1	5.041587390892938
ILMN_1743021	CAMKK2	5.695948763840696
ILMN_1738099	CAMKMT	7.619678982891787
ILMN_1667381	CAMKV	12.356824078062251
ILMN_1714599	CAMLG	13.939869273786387
ILMN_1688580	CAMP	0.2574269800795573
ILMN_1811957	CAMSAP1	9.536957078600736
ILMN_1792660	CAMSAP2	8.938258195580861
ILMN_1809208	CAMSAP3	5.436374349423364
ILMN_1661940	CAMTA1	9.445466365521394
ILMN_1798867	CAMTA2	1.3062208587763646
ILMN_1744647	CAND1	9.74397313680023
ILMN_2073592	CAND2	8.726003996752253
ILMN_1664012	CANT1	8.541374800942863
ILMN_2401057	CANX	9.716915502037812
ILMN_1797604	CAP1	12.097920743523295
ILMN_1691237	CAP2	11.052421314445274
ILMN_1655821	CAPG	6.118943822105634
ILMN_1705261	CAPN1	6.906366957138178
ILMN_2252186	CAPN10	3.4243607566275145
ILMN_1765274	CAPN11	3.5067738293318977
ILMN_1787514	CAPN12	5.898669894299282
ILMN_1677108	CAPN13	0.0
ILMN_1695285	CAPN14	2.7307596166061887
ILMN_1763739	CAPN15	3.6175763427469074
ILMN_1716057	CAPN2	5.659090326637188
ILMN_1687971	CAPN3	7.6473801122601435
ILMN_1737089	CAPN5	11.037308981536569
ILMN_3243831	CAPN6	5.340171266017223
ILMN_1685022	CAPN7	7.291149932167559
ILMN_1783690	CAPN8	2.4969657513552934
ILMN_1731073	CAPN9	1.1435520302812094
ILMN_1655418	CAPNS1	10.766198596468179
ILMN_1699809	CAPNS2	0.0
ILMN_1782897	CAPRIN1	12.90181487266757
ILMN_1681118	CAPRIN2	8.664959702650268
ILMN_1757660	CAPS	7.636468841223924
ILMN_3307742	CAPS2	8.252466148993042
ILMN_2359306	CAPSL	1.9497751290034062
ILMN_1803742	CAPZA1	5.530770767879375
ILMN_1768870	CAPZA2	10.8765931128334
ILMN_2069196	CAPZA3	2.047397185524479
ILMN_1798980	CAPZB	10.585375339167902
ILMN_1743714	CARD10	6.640266282645849
ILMN_1721978	CARD11	5.726359592578686
ILMN_1671728	CARD14	8.01103266944937
ILMN_3252556	CARD16	4.381652108828221
ILMN_1707979	CARD17	1.8766448273185585
ILMN_1692349	CARD18	1.8386757744632856
ILMN_1659189	CARD19	10.054346383849841
ILMN_1779854	CARD6	2.762592095432416
ILMN_2192281	CARD8	6.870414538968407
ILMN_1712532	CARD9	1.9109133826341216
ILMN_1760889	CARF	2.511694221978113
ILMN_1809477	CARHSP1	12.915322478726148
ILMN_1680134	CARM1	11.6927562748187
ILMN_3244461	CARMIL1	4.310634986215352
ILMN_1746138	CARMIL2	5.696480108018
ILMN_3244860	CARMIL3	6.826812908785647
ILMN_1780460	CARNMT1	3.6377563561592
ILMN_1725746	CARNS1	2.904017119126714
ILMN_1765222	CARS2	6.5629852619352
ILMN_1702296	CARTPT	12.683245222203455
ILMN_1708983	CASC1	6.410536387799442
ILMN_2159300	CASC10	1.8065922713035558
ILMN_3247023	CASC15	7.278888886886276
ILMN_3306944	CASC2	0.7374249986082436
ILMN_1665004	CASC3	10.445263909734162
ILMN_2325574	CASC4	8.372368000164181
ILMN_3237569	CASC8	0.2152359190144205
ILMN_2139035	CASD1	8.37860660838147
ILMN_1654773	CASK	8.634848710309933
ILMN_1679039	CASKIN1	3.2598178038195615
ILMN_1768556	CASKIN2	0.4077027871387629
ILMN_2326512	CASP1	1.0552040129089424
ILMN_1797578	CASP10	5.0689397452397
ILMN_1739513	CASP14	5.389001972717199
ILMN_2410540	CASP2	10.685757667074867
ILMN_2388155	CASP3	10.263970254038627
ILMN_1678454	CASP4	3.4420839243403356
ILMN_1722158	CASP5	0.3572971456135039
ILMN_2367113	CASP6	5.854589170956655
ILMN_2362974	CASP7	4.074128884826719
ILMN_2377733	CASP8	0.4661237384338319
ILMN_1747129	CASP8AP2	0.1515752418852625
ILMN_1718070	CASP9	7.147204649954169
ILMN_1813949	CASQ1	1.005574537888124
ILMN_1722329	CASQ2	1.0390175061696783
ILMN_1767711	CASR	0.0
ILMN_1678061	CASS4	0.7923076973375432
ILMN_1655191	CASZ1	8.481618791693878
ILMN_1651705	CAT	3.646305174802165
ILMN_1776122	CATIP	0.865292204160447
ILMN_1789394	CATSPER1	1.023887407107796
ILMN_2403542	CATSPER2	4.77048025034603
ILMN_1794157	CATSPER2P1	7.094199957922942
ILMN_1693961	CATSPER3	0.6772865255635537
ILMN_1740419	CATSPER4	2.160820427032147
ILMN_1762091	CATSPERB	0.0
ILMN_3243788	CATSPERD	1.764716940177182
ILMN_1800031	CATSPERG	5.447339626158595
ILMN_1687583	CAV1	5.435815149059013
ILMN_1658835	CAV2	5.205988576282858
ILMN_1804980	CAV3	2.3985765506591163
ILMN_1780504	CBARP	0.6000419931960451
ILMN_2331062	CBFA2T2	7.171162259883406
ILMN_1771043	CBFA2T3	2.776875783446354
ILMN_1766408	CBFB	9.41571492753639
ILMN_2181968	CBL	8.102278191129232
ILMN_1685580	CBLB	8.69022723098387
ILMN_1811729	CBLC	0.738999897658129
ILMN_2073732	CBLL1	8.563325382981501
ILMN_1712461	CBLN1	8.137173383158629
ILMN_1796069	CBLN2	3.6693842499646863
ILMN_2053829	CBLN3	5.092234840733764
ILMN_1699768	CBLN4	3.0019743872291564
ILMN_1809003	CBR1	5.122489450158136
ILMN_1652237	CBR3	3.8260871391940134
ILMN_1813400	CBR4	8.326560783927063
ILMN_1804735	CBS	9.214953963408012
ILMN_2152010	CBWD1	5.271977405557424
ILMN_1657312	CBWD2	0.9140361486516405
ILMN_3248676	CBWD3	7.73870654528955
ILMN_2150352	CBWD5	8.203113271189789
ILMN_1659006	CBWD6	0.4049723861817191
ILMN_1770244	CBX1	10.147496769366942
ILMN_1770678	CBX2	9.12608484242004
ILMN_1790625	CBX3	9.792033060599069
ILMN_1724145	CBX4	9.703576692211731
ILMN_1813028	CBX5	8.855364986949718
ILMN_1691930	CBX6	8.96989709933529
ILMN_1657361	CBX7	5.8298613585052514
ILMN_1775183	CBX8	6.772045349565947
ILMN_1730879	CBY1	9.134552856518225
ILMN_3252733	CBY3	5.081080814306035
ILMN_1701127	CC2D1A	4.966786313689887
ILMN_2149935	CC2D1B	3.8818952941239058
ILMN_2406586	CC2D2A	3.607255166300067
ILMN_1809342	CC2D2B	0.15953451027557322
ILMN_1679127	CCAR1	4.803910270998775
ILMN_1804789	CCAR2	9.524153050303793
ILMN_2122511	CCBE1	11.150089850933304
ILMN_1796762	CCDC102A	6.675106404038648
ILMN_1811786	CCDC102B	0.0
ILMN_1791905	CCDC103	2.3732510120572603
ILMN_1677859	CCDC105	4.6689001063861415
ILMN_1682567	CCDC106	10.70125848963135
ILMN_1709630	CCDC107	7.65564850798053
ILMN_2163206	CCDC110	3.182625216651545
ILMN_1761101	CCDC112	9.433086302325641
ILMN_1775520	CCDC113	5.400829259816903
ILMN_1658376	CCDC114	0.1424468422431928
ILMN_1730347	CCDC115	10.484790581259555
ILMN_1795085	CCDC116	1.9380389813388117
ILMN_1809889	CCDC117	10.038028422792888
ILMN_1725071	CCDC12	10.377524882649436
ILMN_1714710	CCDC120	6.690127349080448
ILMN_1739054	CCDC121	5.35253106845109
ILMN_1705843	CCDC122	3.0958023184132752
ILMN_1811775	CCDC124	8.426592764553389
ILMN_3244319	CCDC125	10.172934646202782
ILMN_1751264	CCDC126	6.3610146965866035
ILMN_2214955	CCDC127	9.21618411541748
ILMN_2224918	CCDC129	3.5392076972063022
ILMN_2174875	CCDC13	2.949542122899255
ILMN_1758633	CCDC130	11.183100490279879
ILMN_1809883	CCDC134	3.71219615673856
ILMN_1706935	CCDC136	10.5118779802026
ILMN_1743506	CCDC137	4.617771227148414
ILMN_1767260	CCDC138	7.051649377166341
ILMN_1677239	CCDC14	10.090466649016212
ILMN_1691566	CCDC140	4.37555066446043
ILMN_1693711	CCDC141	0.5622848060878175
ILMN_1714936	CCDC142	0.4316310417684969
ILMN_1727646	CCDC144A	0.7269587042376381
ILMN_1708686	CCDC144B	5.387865605085274
ILMN_3242820	CCDC144CP	0.0
ILMN_1809491	CCDC144NL	2.697207825732138
ILMN_1790555	CCDC146	3.8870886334402663
ILMN_1663816	CCDC148	0.0
ILMN_1792276	CCDC149	1.7472616098816252
ILMN_1825660	CCDC15	6.033352604822913
ILMN_2235602	CCDC150	2.522844909267305
ILMN_3246065	CCDC151	6.660793058345359
ILMN_3238757	CCDC152	4.671476576739274
ILMN_3244162	CCDC155	4.830084523272522
ILMN_1808053	CCDC157	0.9072072792404233
ILMN_1727511	CCDC158	0.0
ILMN_2271699	CCDC159	0.6268889365132225
ILMN_1843081	CCDC160	3.2256525761015857
ILMN_3253105	CCDC166	0.18150599440147852
ILMN_1651987	CCDC167	11.282579057565632
ILMN_1816384	CCDC169	5.337559466060576
ILMN_1772588	CCDC170	2.0720721620406573
ILMN_1764188	CCDC171	6.09304138611495
ILMN_1702584	CCDC172	0.27890181324050367
ILMN_1655365	CCDC173	7.120587394653139
ILMN_1750144	CCDC174	9.638840587223369
ILMN_3178849	CCDC175	4.034091513902527
ILMN_1673320	CCDC178	5.1216607664156015
ILMN_1804953	CCDC18	5.120839713958844
ILMN_1793347	CCDC180	0.0
ILMN_1777963	CCDC181	0.0
ILMN_1700203	CCDC183	5.080825200298537
ILMN_3244698	CCDC183-AS1	2.1579302028922096
ILMN_1672121	CCDC184	10.907075566690486
ILMN_1798914	CCDC185	1.0303678110217367
ILMN_1734010	CCDC186	5.317960621276927
ILMN_1711725	CCDC187	4.1932154940711674
ILMN_1783425	CCDC188	2.3875419995507263
ILMN_2179726	CCDC189	8.358849671580463
ILMN_1656088	CCDC190	6.303130824568535
ILMN_1727526	CCDC191	4.359190047885477
ILMN_1781234	CCDC22	6.8793022213270705
ILMN_1718771	CCDC24	8.979438525795258
ILMN_1789266	CCDC25	10.227073646128776
ILMN_1733191	CCDC26	5.035418692884025
ILMN_1811167	CCDC27	4.840185711225127
ILMN_1798659	CCDC28A	9.174694880736945
ILMN_1778478	CCDC28B	9.722019072619549
ILMN_1671295	CCDC3	7.235529107505894
ILMN_1842740	CCDC30	1.3119103989883127
ILMN_1681136	CCDC33	6.198489932650716
ILMN_1657547	CCDC34	10.655058553475335
ILMN_1722863	CCDC36	2.7883607093315237
ILMN_1687813	CCDC38	2.847189781834395
ILMN_3239045	CCDC39	1.0702279819137985
ILMN_2214562	CCDC42	0.11831292872751038
ILMN_1743783	CCDC43	7.791265835045834
ILMN_1804522	CCDC47	6.407535550914681
ILMN_2302118	CCDC50	10.426454592741825
ILMN_1799579	CCDC51	8.109034343776196
ILMN_1715569	CCDC53	9.602648949691073
ILMN_1707311	CCDC54	3.0403444196937843
ILMN_2140342	CCDC57	2.70619790782573
ILMN_1686920	CCDC58	7.080113903590114
ILMN_1662318	CCDC59	10.18537341230641
ILMN_1745904	CCDC6	10.150800920683688
ILMN_1722446	CCDC60	6.694351687721292
ILMN_1663370	CCDC62	2.5277240496050615
ILMN_1773060	CCDC63	1.9104946893488097
ILMN_2227195	CCDC65	0.6755069831172481
ILMN_1683533	CCDC66	7.084589215674341
ILMN_1815326	CCDC68	3.5320000312847335
ILMN_1657680	CCDC69	0.6365496813866364
ILMN_1768877	CCDC7	4.333954999249112
ILMN_1749982	CCDC70	1.6130282674169016
ILMN_1768433	CCDC71	6.40971524996279
ILMN_1696029	CCDC71L	3.8395836325636066
ILMN_1730745	CCDC73	2.438402138076075
ILMN_1678086	CCDC74A	7.331085448054708
ILMN_3251383	CCDC74B	7.563505941077405
ILMN_2101375	CCDC77	7.971883473138697
ILMN_1760314	CCDC8	3.8236321339679993
ILMN_1803338	CCDC80	4.027778514878103
ILMN_1794534	CCDC81	4.986599949032708
ILMN_1791933	CCDC82	1.1457984426995893
ILMN_1792296	CCDC83	0.0
ILMN_1709227	CCDC84	6.626673866418282
ILMN_1669982	CCDC85A	6.165007187456301
ILMN_1657332	CCDC85B	6.850225030814122
ILMN_1838863	CCDC85C	10.055945707952882
ILMN_1792681	CCDC86	6.670487054096111
ILMN_1706691	CCDC87	0.5094147800611872
ILMN_1811050	CCDC88A	5.999247702445622
ILMN_1772208	CCDC88B	2.0020557392723637
ILMN_3248352	CCDC88C	2.2856299405858715
ILMN_1695972	CCDC89	1.2956654317216925
ILMN_1719190	CCDC9	3.3639974478841936
ILMN_2232166	CCDC90B	12.157492732040412
ILMN_1676523	CCDC91	6.461076484779698
ILMN_1731107	CCDC92	10.014910834316993
ILMN_3248263	CCDC93	8.540167936057534
ILMN_1703430	CCDC94	9.429057717341045
ILMN_1799710	CCDC96	5.172850256183069
ILMN_1801600	CCDC97	7.741633067704027
ILMN_1758537	CCER1	0.6121707387038425
ILMN_1673980	CCER2	6.665701450609025
ILMN_1674051	CCHCR1	4.870202304214144
ILMN_1660963	CCIN	2.491936396267303
ILMN_1712943	CCK	0.8564711122068434
ILMN_1656330	CCKAR	3.153467765917298
ILMN_1760088	CCKBR	3.0008473275563023
ILMN_2086965	CCL1	0.7380836349587955
ILMN_1725519	CCL11	0.7282704526751301
ILMN_1783593	CCL13	2.9510387141349086
ILMN_3192001	CCL14	4.9098988849068546
ILMN_1670658	CCL15	1.6673945238367924
ILMN_2045324	CCL16	0.8348259741397316
ILMN_1710186	CCL17	0.0
ILMN_1654411	CCL18	1.7064653708211441
ILMN_1769129	CCL19	4.109805259203833
ILMN_1720048	CCL2	7.851475632265431
ILMN_1657234	CCL20	2.0982575659482543
ILMN_1677505	CCL21	4.4317034547500445
ILMN_2160476	CCL22	0.0
ILMN_1686109	CCL23	0.6901724288721245
ILMN_1653766	CCL24	0.793515191437546
ILMN_1737817	CCL25	5.3148299799070875
ILMN_1659601	CCL26	3.3085637386199855
ILMN_2113606	CCL27	4.022348075863966
ILMN_2228845	CCL28	2.4945052040148736
ILMN_1671509	CCL3	1.6188536816610866
ILMN_1747355	CCL3L1	5.708138017748954
ILMN_2105573	CCL3L3	2.610382475114625
ILMN_1674563	CCL4	0.46251404450839795
ILMN_1716276	CCL4L1	1.0161757901242714
ILMN_2098126	CCL5	7.339120821810217
ILMN_1683456	CCL7	0.0
ILMN_1772964	CCL8	2.7423100406001417
ILMN_1784352	CCM2	10.677521753251282
ILMN_1748206	CCM2L	4.4193535482448025
ILMN_2157099	CCNA1	7.784611127679137
ILMN_1786125	CCNA2	9.708825466172161
ILMN_1712803	CCNB1	7.696876069425676
ILMN_1752394	CCNB1IP1	11.879438346173421
ILMN_1801939	CCNB2	11.003609304007819
ILMN_1754746	CCNB3	2.097833938964145
ILMN_1798705	CCNC	10.117003078570766
ILMN_1688480	CCND1	10.405107203332793
ILMN_2067656	CCND2	12.40050388479878
ILMN_1668721	CCND3	11.197443749952365
ILMN_1658743	CCNDBP1	5.881297472155853
ILMN_2374425	CCNE1	8.134934131331393
ILMN_1651260	CCNE2	0.39923365316466924
ILMN_1773119	CCNF	8.23012223651203
ILMN_1694491	CCNG1	12.400356427945772
ILMN_2228732	CCNG2	9.892271731113764
ILMN_1742250	CCNH	8.66043576668059
ILMN_1691942	CCNI	14.91576282301812
ILMN_2184575	CCNI2	4.601388319032423
ILMN_2206812	CCNJ	6.547860766000959
ILMN_1763745	CCNJL	4.758923017055596
ILMN_2094776	CCNL1	9.90735264534329
ILMN_2379226	CCNL2	5.975569209354888
ILMN_1676631	CCNO	4.1982207846143025
ILMN_1817255	CCNT1	10.273177491014671
ILMN_1722522	CCNT2	9.467203401254999
ILMN_2261784	CCNY	10.340664820243616
ILMN_2166524	CCNYL1	7.105488461615665
ILMN_1773200	CCP110	9.821687424551621
ILMN_1794190	CCPG1	9.140718252657825
ILMN_1678833	CCR1	1.143728033294745
ILMN_1666493	CCR10	5.5137760483839005
ILMN_1769895	CCR2	3.485108366552087
ILMN_1763322	CCR3	0.7697573816303461
ILMN_2086143	CCR4	0.5407979890261484
ILMN_3241644	CCR5	6.661789851780067
ILMN_2387696	CCR6	15.348441530352025
ILMN_1715131	CCR7	0.9024601774367076
ILMN_1739421	CCR8	3.339244436368121
ILMN_1664316	CCR9	4.846138105533542
ILMN_3190833	CCRL2	1.2151132439857335
ILMN_1766797	CCS	8.74999684633645
ILMN_1699217	CCSAP	5.771052587831211
ILMN_1653461	CCSER1	0.9528977655370977
ILMN_2129388	CCSER2	7.593711255230255
ILMN_1679382	CCT2	12.65953635824797
ILMN_2334989	CCT3	11.928871021737892
ILMN_1776073	CCT4	8.773445587176147
ILMN_1706246	CCT5	6.377684306125777
ILMN_1719611	CCT6A	10.06243290711731
ILMN_1699610	CCT6B	6.955211668925341
ILMN_2050617	CCT6P1	10.58926222118312
ILMN_2341793	CCT7	13.164181172397646
ILMN_1717868	CCT8	12.900581082232469
ILMN_1727272	CCT8L2	0.743473389800375
ILMN_1708604	CCZ1	8.123504605272514
ILMN_1713322	CCZ1B	8.561627495722067
ILMN_1799278	CD101	1.8628911179430112
ILMN_1680364	CD109	2.1622453803410946
ILMN_2396444	CD14	5.05366924486249
ILMN_2326713	CD151	12.066101466878111
ILMN_1742001	CD160	1.1082412937086736
ILMN_1733270	CD163	3.642054170355083
ILMN_1802780	CD163L1	10.40248598295215
ILMN_1783852	CD164	4.770690122283057
ILMN_1714118	CD164L2	0.4239511279699499
ILMN_1774071	CD177	1.51895466631177
ILMN_1665647	CD180	3.6380588700169003
ILMN_1782704	CD19	0.5321231619162695
ILMN_1723520	CD1A	1.5577334165221375
ILMN_1726230	CD1B	1.6373711995253142
ILMN_1654210	CD1C	3.1944085808334073
ILMN_1719433	CD1D	1.2830444996760455
ILMN_1784272	CD1E	4.44758211925303
ILMN_1695025	CD2	4.767787306459456
ILMN_1787750	CD200	8.33033760504784
ILMN_1750003	CD200R1	7.829518085196955
ILMN_1657358	CD200R1L	1.5758758153530197
ILMN_1718754	CD207	0.9696050960077027
ILMN_1676372	CD209	1.7303767310213305
ILMN_1792075	CD22	4.630084398836231
ILMN_1687825	CD226	0.0
ILMN_2060413	CD24	13.71558838456104
ILMN_1702534	CD244	1.6678080946437557
ILMN_1676924	CD247	6.209708616218147
ILMN_1726589	CD248	7.509132194110158
ILMN_1688959	CD27	0.4298343982475519
ILMN_3237319	CD27-AS1	10.4313059060135
ILMN_1701914	CD274	0.0
ILMN_2365307	CD276	9.754736621044094
ILMN_1822333	CD28	3.2237113836939244
ILMN_1730433	CD2AP	5.7112815266448855
ILMN_1796244	CD2BP2	10.72787637303553
ILMN_1693552	CD300A	0.36047781084372826
ILMN_1701906	CD300C	4.289139933054771
ILMN_1751095	CD300E	1.6487325841017035
ILMN_1782741	CD300LB	0.8923118182008452
ILMN_3240165	CD300LD	2.582533519371298
ILMN_2112357	CD300LF	0.5329769312756255
ILMN_2174805	CD300LG	3.6248121383559084
ILMN_1716797	CD302	3.6661670875055345
ILMN_2115633	CD320	8.812613094982124
ILMN_1747622	CD33	0.7180073893159221
ILMN_2341229	CD34	6.099829955273203
ILMN_1784863	CD36	1.4176143266957049
ILMN_2375825	CD37	0.2167358470024473
ILMN_2233783	CD38	5.065690879412558
ILMN_1724643	CD3D	3.9842451138239867
ILMN_1739794	CD3E	0.3512192634454767
ILMN_1747870	CD3EAP	4.181099711889637
ILMN_1717197	CD3G	3.19282680787085
ILMN_1727284	CD4	2.0794082174981363
ILMN_2367818	CD40	4.025352007279069
ILMN_1659077	CD40LG	0.7765102860948176
ILMN_1803429	CD44	4.147917067118824
ILMN_1771333	CD47	9.318980449302265
ILMN_2061043	CD48	0.6641678330121281
ILMN_1753112	CD5	0.0
ILMN_2208903	CD52	4.681794574297334
ILMN_1662843	CD53	3.6236841662805523
ILMN_1800540	CD55	0.7339272468135197
ILMN_1785268	CD58	5.849857374995381
ILMN_1724789	CD59	4.903318937694275
ILMN_1701497	CD5L	0.0
ILMN_1746565	CD6	2.5879035170275375
ILMN_2359907	CD68	10.49912893395943
ILMN_1651316	CD69	2.403415535500713
ILMN_1792538	CD7	4.008808211566982
ILMN_1760247	CD70	10.333433171491773
ILMN_1723004	CD72	5.045500008135195
ILMN_1736567	CD74	5.909218003768577
ILMN_1734878	CD79A	5.750643869231108
ILMN_1785439	CD79B	5.131261817681232
ILMN_1716736	CD80	1.3369743165659653
ILMN_1689953	CD81	14.41617448721867
ILMN_2392274	CD82	6.641140575664756
ILMN_1780582	CD83	6.934239122613977
ILMN_1698367	CD84	4.010542087658159
ILMN_1714602	CD86	5.1385264765327205
ILMN_2353732	CD8A	5.624877617265263
ILMN_1748601	CD8B	2.671044548665462
ILMN_1695423	CD9	5.747486351406999
ILMN_1704730	CD93	0.3064299823740915
ILMN_2415786	CD96	3.717166869874713
ILMN_2056032	CD99	11.20710729870852
ILMN_2388142	CD99L2	12.732439874477867
ILMN_1714592	CDA	2.7040377970954936
ILMN_1763878	CDADC1	3.2381625404559156
ILMN_2401906	CDAN1	14.168646597003232
ILMN_1678605	CDC123	9.41584084937458
ILMN_1774930	CDC14A	5.568246332893227
ILMN_2379560	CDC14B	7.391566782433977
ILMN_1751463	CDC14C	4.62241231421935
ILMN_2339796	CDC16	11.226869320692392
ILMN_1663390	CDC20	12.851785551532648
ILMN_1787292	CDC20B	3.2041356313405642
ILMN_1799688	CDC23	9.692423843349035
ILMN_1711005	CDC25A	8.776789714195695
ILMN_2338323	CDC25B	9.492896017331613
ILMN_1725260	CDC25C	7.679099128471876
ILMN_2210837	CDC26	10.670124735849521
ILMN_1746533	CDC27	0.6547633885317811
ILMN_1713006	CDC34	10.315632837392421
ILMN_1668369	CDC37	12.96940116617099
ILMN_1764185	CDC37L1	0.23133579726218434
ILMN_1737651	CDC40	8.800133803634722
ILMN_1675156	CDC42	9.989993503179164
ILMN_1781472	CDC42BPA	5.288009966809473
ILMN_1689989	CDC42BPB	7.1465070701851685
ILMN_1692342	CDC42BPG	0.3141248269644475
ILMN_1764927	CDC42EP1	6.5334034282538775
ILMN_1652777	CDC42EP2	4.319078182165198
ILMN_1736327	CDC42EP3	3.2883715750586067
ILMN_1745223	CDC42EP4	11.494790838895407
ILMN_1774982	CDC42EP5	8.939111469555078
ILMN_2349138	CDC42SE1	7.438424589349054
ILMN_2313926	CDC42SE2	9.25174409558099
ILMN_1670238	CDC45	6.5696865064680665
ILMN_1652907	CDC5L	8.125905288770948
ILMN_1785914	CDC6	2.086107308496303
ILMN_1741801	CDC7	8.157578451212649
ILMN_1701614	CDC73	3.198398207404519
ILMN_1660654	CDCA2	4.536920035555981
ILMN_1737728	CDCA3	7.915138525941388
ILMN_1753183	CDCA4	8.483905588003966
ILMN_1683450	CDCA5	9.400817296833223
ILMN_1737184	CDCA7	9.02152514443923
ILMN_2230683	CDCA7L	8.470179048912021
ILMN_1709294	CDCA8	8.673635605737529
ILMN_1724941	CDCP1	4.799395038178651
ILMN_2118621	CDCP2	2.0355169159621234
ILMN_1770940	CDH1	2.403815880689625
ILMN_1791270	CDH10	8.184037081848073
ILMN_1672611	CDH11	7.19872650302016
ILMN_1709269	CDH12	5.4906322427811896
ILMN_1766925	CDH13	4.836263088385997
ILMN_1784036	CDH15	5.479879546518969
ILMN_2095597	CDH16	3.9224388317362204
ILMN_1814015	CDH17	0.7833439956767719
ILMN_1733669	CDH18	5.213924704030115
ILMN_1734744	CDH19	4.085579559686848
ILMN_1779228	CDH2	12.946489058326648
ILMN_1775739	CDH20	4.624979902464264
ILMN_1753586	CDH22	5.123234431671698
ILMN_1779934	CDH23	7.0435285591503956
ILMN_1693928	CDH24	5.3849718455869935
ILMN_2323007	CDH26	3.478416151330217
ILMN_1704294	CDH3	6.4654248932786835
ILMN_1769891	CDH4	6.582116587194403
ILMN_1719236	CDH5	0.33326553761084293
ILMN_1766675	CDH6	6.974115846800951
ILMN_1716300	CDH7	2.201342712884577
ILMN_1757020	CDH8	0.7990933146129534
ILMN_1675454	CDH9	1.9180600312648648
ILMN_1663716	CDHR1	5.315376196340392
ILMN_1718173	CDHR2	4.789995465456433
ILMN_1809817	CDHR3	4.909502264870592
ILMN_1678714	CDHR4	4.6160196736128
ILMN_1744293	CDHR5	2.95036609615563
ILMN_1815812	CDIP1	6.725601507588756
ILMN_1770425	CDIPT	8.994590195740125
ILMN_1747911	CDK1	10.322653585491684
ILMN_1741459	CDK10	9.267671404556657
ILMN_1711078	CDK11A	4.551926997417324
ILMN_2359935	CDK11B	1.1450826030704906
ILMN_1707448	CDK12	4.664831906386181
ILMN_1778557	CDK13	6.525890439101303
ILMN_2171295	CDK14	5.8684999404565374
ILMN_1807771	CDK15	1.525900426450835
ILMN_1714569	CDK16	6.913193035958695
ILMN_1780824	CDK17	5.034298106316075
ILMN_1784110	CDK18	2.3593037474235277
ILMN_1676891	CDK19	8.608873924140552
ILMN_1665559	CDK2	9.180730805317182
ILMN_2357730	CDK20	10.097670205438423
ILMN_3245559	CDK2AP1	12.574729900523861
ILMN_1690653	CDK2AP2	7.530048091931872
ILMN_1767414	CDK3	4.793301086924184
ILMN_1689001	CDK4	10.194059280446487
ILMN_1781987	CDK5	8.331323643880477
ILMN_1730928	CDK5R1	10.788836227428321
ILMN_1717803	CDK5R2	6.40058916341151
ILMN_1711023	CDK5RAP1	9.500176499913458
ILMN_1655990	CDK5RAP2	9.661942690104791
ILMN_1812557	CDK5RAP3	9.827476930832296
ILMN_1802615	CDK6	6.849134825226362
ILMN_1778917	CDK7	10.18206351704778
ILMN_1777913	CDK8	8.146360280683831
ILMN_1747556	CDK9	9.87767055812877
ILMN_1788022	CDKAL1	6.626903136789899
ILMN_1724183	CDKL1	4.308868849180102
ILMN_1856533	CDKL2	6.797595901129074
ILMN_2217630	CDKL3	7.922034103924517
ILMN_1769769	CDKL4	0.24729035228214236
ILMN_2377536	CDKL5	2.4050525339063995
ILMN_1784602	CDKN1A	13.843358583065159
ILMN_1722811	CDKN1B	11.295663600949299
ILMN_1718565	CDKN1C	10.546276099670708
ILMN_1717714	CDKN2A	4.582723825226657
ILMN_1773066	CDKN2AIP	9.712713521489706
ILMN_2130078	CDKN2AIPNL	14.128110903930144
ILMN_1723198	CDKN2B	4.159639139338111
ILMN_3247350	CDKN2B-AS1	1.2682340452209242
ILMN_1758694	CDKN2C	4.164688214559006
ILMN_1748883	CDKN2D	11.754902360736848
ILMN_1666305	CDKN3	8.576888635033391
ILMN_1687291	CDNF	3.6822060135290617
ILMN_2234187	CDO1	9.759201165050298
ILMN_1699576	CDON	2.7618648552569347
ILMN_2325112	CDPF1	6.778264378303226
ILMN_1791114	CDR1	0.49153837068838974
ILMN_1720270	CDR2	9.89235116309901
ILMN_2128770	CDR2L	10.525940532807326
ILMN_1754658	CDRT1	5.0314228132305505
ILMN_1681943	CDRT15	0.5139243857178816
ILMN_1672275	CDRT15L2	0.6502793549808915
ILMN_2179022	CDRT15P1	0.0
ILMN_1683354	CDRT15P2	5.84112512014497
ILMN_1801476	CDS1	7.348422256596791
ILMN_1790973	CDS2	6.484230021609619
ILMN_1727880	CDSN	1.8851493651296096
ILMN_1651237	CDT1	7.757399829693004
ILMN_1810977	CDV3	10.26281071348532
ILMN_1815619	CDX1	1.3519585982831372
ILMN_1671058	CDX2	2.519968283035435
ILMN_1722603	CDX4	0.0
ILMN_2363185	CDY1	2.8963042636222784
ILMN_1662151	CDY1B	4.006948155314687
ILMN_2090029	CDY2A	0.0
ILMN_2097052	CDY2B	2.6501660548456076
ILMN_1678075	CDYL	6.618042661957055
ILMN_1880983	CDYL2	6.567762509418032
ILMN_1664330	CEACAM1	1.3424739869274374
ILMN_1775167	CEACAM16	2.656151829998259
ILMN_1752335	CEACAM19	4.563489316096156
ILMN_1774781	CEACAM20	0.17576257586543176
ILMN_1745949	CEACAM21	6.092409603979309
ILMN_1749266	CEACAM22P	1.3409058478320584
ILMN_1743570	CEACAM3	0.6247191530037444
ILMN_1657455	CEACAM4	4.9843795839958895
ILMN_1670959	CEACAM5	1.5886834781917853
ILMN_1712522	CEACAM6	0.3298119940992292
ILMN_1813957	CEACAM7	0.37999690257389823
ILMN_1806056	CEACAM8	0.7294925606932966
ILMN_1715715	CEBPA	7.023060238306435
ILMN_1693014	CEBPB	10.099728925390215
ILMN_1782050	CEBPD	10.056391290425228
ILMN_1779095	CEBPE	2.0078376019617137
ILMN_1716766	CEBPG	9.430775319307559
ILMN_1744147	CEBPZ	10.629823750263654
ILMN_1751851	CECR1	11.066999577437459
ILMN_1654690	CECR5	10.674576859782915
ILMN_3177532	CECR5-AS1	8.589951341810435
ILMN_1702229	CECR6	7.85906358962485
ILMN_1723418	CEL	3.5184726791266936
ILMN_1805902	CELA1	1.7963395244389222
ILMN_2202747	CELA2A	0.7018889831482786
ILMN_1688458	CELA2B	1.6144921150451637
ILMN_1677559	CELA3A	1.44439028987291
ILMN_1749515	CELA3B	3.1553813497878096
ILMN_1686516	CELF1	9.710053778413206
ILMN_1800638	CELF2	5.256596409379517
ILMN_1849653	CELF2-AS2	4.008623756272894
ILMN_1681234	CELF3	10.49753463259324
ILMN_2305249	CELF4	4.752963928899542
ILMN_1672871	CELF5	5.457558417587518
ILMN_1656045	CELF6	8.111980322623692
ILMN_1678947	CELP	0.16755091551824233
ILMN_1694482	CELSR1	2.7689245352271716
ILMN_1711208	CELSR2	9.627163774880506
ILMN_1691290	CELSR3	9.776966947647587
ILMN_1813704	CEMIP	3.2962005878600635
ILMN_2280816	CEMP1	3.376642522016756
ILMN_1720482	CEND1	7.766522315232567
ILMN_1801257	CENPA	7.610891100601065
ILMN_1664028	CENPB	9.854062263281003
ILMN_3238740	CENPBD1	4.76622164347352
ILMN_2229205	CENPC	2.835576279098214
ILMN_1716279	CENPE	7.706072175920866
ILMN_1664516	CENPF	8.352945759397992
ILMN_1693221	CENPH	7.090854358958797
ILMN_1658010	CENPI	2.918934871973624
ILMN_1661776	CENPJ	6.712805585287114
ILMN_1737195	CENPK	7.315543650746428
ILMN_1742779	CENPL	6.944097462912045
ILMN_2368718	CENPM	7.5704611173437835
ILMN_1720526	CENPN	9.918332725894748
ILMN_1787477	CENPO	6.494186910958487
ILMN_1748241	CENPP	4.193057137113375
ILMN_1670769	CENPQ	5.699565479959669
ILMN_1777129	CENPT	7.360811016463885
ILMN_1679438	CENPU	2.9572616384629473
ILMN_1729142	CENPV	12.598405047064489
ILMN_3296855	CENPVL1	4.693020110589974
ILMN_3249349	CENPVL2	0.47961105256492315
ILMN_1763907	CENPW	8.340153153191372
ILMN_2228453	CEP104	6.434863650525728
ILMN_1788629	CEP112	1.0489762611921327
ILMN_1781077	CEP120	4.685837585539204
ILMN_1768951	CEP126	0.5395785118280157
ILMN_1806825	CEP128	0.8022405470990418
ILMN_1746206	CEP131	9.39169225805478
ILMN_1693766	CEP135	7.288478620011428
ILMN_2199676	CEP152	5.516719175545437
ILMN_1781174	CEP162	5.083213297600247
ILMN_1740385	CEP164	6.09984720669958
ILMN_1755290	CEP170	7.0526958765339
ILMN_1664960	CEP170B	2.2772569497366226
ILMN_1677062	CEP170P1	1.8454068324044772
ILMN_2288483	CEP19	12.497680365101884
ILMN_1703754	CEP192	7.6126630428718265
ILMN_1799011	CEP250	4.954421560456991
ILMN_1746832	CEP290	5.754858531726722
ILMN_3235104	CEP295	6.983314623621794
ILMN_1742400	CEP350	7.478493458713333
ILMN_2223805	CEP41	8.72024943957126
ILMN_2213199	CEP44	10.567394758767831
ILMN_1747016	CEP55	6.353724489608926
ILMN_1791568	CEP57	6.522171689963074
ILMN_1734766	CEP57L1	5.256588394449741
ILMN_1787808	CEP63	8.12315521722004
ILMN_1808500	CEP68	6.328896461638494
ILMN_1741350	CEP70	6.226947117065065
ILMN_1800611	CEP72	4.913015295892253
ILMN_2154223	CEP76	2.9378304750757525
ILMN_3265365	CEP78	8.788576711941598
ILMN_1799113	CEP83	6.351042965502983
ILMN_1812489	CEP85	8.665132504719805
ILMN_1855286	CEP85L	6.2018615484456845
ILMN_1679971	CEP89	7.2259513190485505
ILMN_1686135	CEP95	9.374445665202098
ILMN_1736951	CEP97	1.2224963455937237
ILMN_1676588	CEPT1	9.542743297020117
ILMN_1690192	CER1	4.199683961237851
ILMN_1750563	CERCAM	6.741652517483662
ILMN_1767475	CERK	11.65215976737047
ILMN_1801091	CERKL	1.0345500833905452
ILMN_1673232	CERS1	7.264193080076385
ILMN_1726108	CERS2	8.368902015589379
ILMN_1743142	CERS3	2.6022658450247076
ILMN_1748057	CERS4	7.025418578137855
ILMN_2208495	CERS5	9.58132733260504
ILMN_1767662	CERS6	10.508504075137798
ILMN_2359945	CES1	1.718311969841501
ILMN_2150095	CES1P1	0.7583511433887565
ILMN_1696675	CES2	9.011525746972183
ILMN_2165975	CES3	5.521842130823257
ILMN_1699852	CES4A	7.07090436767592
ILMN_1784870	CES5A	3.83580384066439
ILMN_1710629	CES5AP1	0.9053618891676387
ILMN_1768624	CETN1	1.5397447111319555
ILMN_1695645	CETN2	12.418599600054039
ILMN_2224031	CETN3	9.966627374927354
ILMN_3234823	CETN4P	1.4273325870784819
ILMN_2098013	CETP	3.8435809688452474
ILMN_1770493	CFAP100	0.6136218201936918
ILMN_1691299	CFAP126	1.5031019527666991
ILMN_1686841	CFAP157	5.199779335377664
ILMN_1686373	CFAP161	0.35973388186220906
ILMN_2112599	CFAP20	9.756744444420752
ILMN_1771746	CFAP206	5.517340154239584
ILMN_1792456	CFAP36	9.466077446957653
ILMN_1805603	CFAP43	4.503698201371209
ILMN_2189037	CFAP44	2.38238929334582
ILMN_3245143	CFAP45	3.5029011115059685
ILMN_1762534	CFAP47	0.0
ILMN_1802539	CFAP52	2.9347861878679127
ILMN_1746949	CFAP53	4.549869368841098
ILMN_1717064	CFAP57	2.6476220990289447
ILMN_2100285	CFAP58	4.339065980890978
ILMN_1684629	CFAP61	2.8997657771046437
ILMN_1806488	CFAP65	0.8930463085939104
ILMN_1790315	CFAP69	5.144257852792128
ILMN_1784516	CFAP70	3.9046009528601076
ILMN_1663991	CFAP73	3.1728384448688582
ILMN_1663665	CFAP77	2.394275108635233
ILMN_3244574	CFAP97	5.336981977660475
ILMN_1726942	CFAP99	0.0
ILMN_1774287	CFB	5.563486236612529
ILMN_1668099	CFC1	5.833381733523658
ILMN_1781980	CFC1B	5.237041073455488
ILMN_1777190	CFD	8.357587449507546
ILMN_1800837	CFDP1	11.90361506884927
ILMN_1657803	CFH	6.313970854311325
ILMN_1754137	CFHR1	2.9145275970148457
ILMN_2045453	CFHR2	6.042868601284021
ILMN_1805799	CFHR3	4.3454121224180495
ILMN_1665855	CFHR4	0.0
ILMN_1718248	CFHR5	3.1609620026363783
ILMN_1727815	CFI	6.316273967155873
ILMN_1705617	CFL1	13.139277408825558
ILMN_1707356	CFL2	7.1904934278820045
ILMN_1789830	CFLAR	5.758635414836308
ILMN_1658121	CFP	3.392660207845838
ILMN_1705813	CFTR	4.088444331137
ILMN_1734176	CGA	5.23122581697677
ILMN_2044645	CGB1	4.606449335456309
ILMN_2171649	CGB2	0.799152138936071
ILMN_2153029	CGB3	5.342458384235511
ILMN_2163790	CGB5	3.271673431071131
ILMN_1739855	CGB7	1.9373023201195867
ILMN_1735579	CGB8	5.0089423802346005
ILMN_1752631	CGGBP1	10.929529743511397
ILMN_1746801	CGN	6.820692671576257
ILMN_1730229	CGNL1	7.02574688534276
ILMN_1774722	CGREF1	3.407534703889466
ILMN_1681008	CGRRF1	10.083523020455468
ILMN_1741021	CH25H	5.775101773541963
ILMN_1739241	CHAC1	1.6181229353200342
ILMN_2148150	CHAC2	1.7442789118577455
ILMN_1700652	CHAD	3.670419877544955
ILMN_3238072	CHADL	3.6711813492444456
ILMN_1669842	CHAF1A	2.5168907318649505
ILMN_1674231	CHAF1B	6.873331102927391
ILMN_1729976	CHAMP1	8.61001857856629
ILMN_1775997	CHAT	2.5254760730386843
ILMN_1672149	CHCHD1	8.25037451738378
ILMN_1740170	CHCHD10	10.575664272021841
ILMN_2191681	CHCHD2	14.002906327763931
ILMN_1673026	CHCHD3	8.948033476290432
ILMN_1813938	CHCHD4	9.454299269104993
ILMN_1797530	CHCHD5	11.45785556388464
ILMN_1785161	CHCHD6	11.020686217874085
ILMN_1744138	CHCHD7	8.603231237428036
ILMN_1654583	CHD1	9.161511303594166
ILMN_1786016	CHD1L	7.309253624645493
ILMN_2339284	CHD2	6.709407366947403
ILMN_2370414	CHD3	4.979714073985494
ILMN_1658411	CHD4	11.30103281409955
ILMN_1698148	CHD5	8.000212056435911
ILMN_2209163	CHD6	6.9312489893533895
ILMN_1677376	CHD7	9.280563882691306
ILMN_1806122	CHD8	9.136491913823273
ILMN_1762972	CHD9	9.714499549770402
ILMN_3251423	CHDH	3.2050974499592897
ILMN_1664630	CHEK1	7.943319694541074
ILMN_2395236	CHEK2	6.956751038241946
ILMN_1798083	CHERP	7.655160866855325
ILMN_1653828	CHFR	9.75118525951161
ILMN_1669410	CHGA	9.803580849160246
ILMN_1765966	CHGB	10.979409710516189
ILMN_3307868	CHI3L1	3.6202868039028417
ILMN_1685045	CHI3L2	0.8324910970265327
ILMN_1679647	CHIA	0.9837688539990227
ILMN_1763437	CHIC1	5.6315184670931595
ILMN_1679428	CHIC2	9.867329240171925
ILMN_2069615	CHID1	1.1227221621645087
ILMN_3249477	CHIT1	3.0534433164051564
ILMN_1658504	CHKA	8.07509818064341
ILMN_2331205	CHKB	8.60450659107252
ILMN_3236215	CHKB-AS1	2.1748613396522374
ILMN_1713347	CHL1	4.751829825033766
ILMN_1771238	CHM	8.1017547625532
ILMN_1747697	CHML	5.942579467501299
ILMN_1709439	CHMP1A	8.571559337453243
ILMN_1763265	CHMP1B	10.906437293184666
ILMN_1671893	CHMP2A	10.41546689684788
ILMN_1741176	CHMP2B	8.120623101775527
ILMN_2406043	CHMP3	9.356877056388319
ILMN_1715607	CHMP4A	9.637389800927231
ILMN_1771233	CHMP4B	9.566662881055363
ILMN_1711542	CHMP4C	2.0494068517526745
ILMN_3251545	CHMP5	12.53303821101631
ILMN_1706397	CHMP6	5.531071968370771
ILMN_1795933	CHMP7	6.06238866758946
ILMN_1678493	CHN1	10.921072092430377
ILMN_2403237	CHN2	8.546766949549754
ILMN_1726575	CHODL	5.734624539386503
ILMN_3240428	CHODL-AS1	1.4439699494267544
ILMN_1776337	CHORDC1	7.73428023629535
ILMN_1779401	CHP1	10.786254950824956
ILMN_1695631	CHP2	1.0196045630945534
ILMN_1731353	CHPF	8.260227772325468
ILMN_1772991	CHPF2	4.3000461244659
ILMN_1729112	CHPT1	9.478914464647827
ILMN_1722390	CHRAC1	2.9647961188686445
ILMN_1795582	CHRD	5.963414481677515
ILMN_1678233	CHRDL1	1.9627050651439972
ILMN_1682737	CHRDL2	5.153052842805075
ILMN_1791501	CHRFAM7A	5.723006582908146
ILMN_1751689	CHRM1	0.0
ILMN_1729402	CHRM2	3.455011336442242
ILMN_1887357	CHRM3	6.273430607552427
ILMN_1660882	CHRM4	1.8745204880491932
ILMN_1746646	CHRM5	0.5118790063444942
ILMN_1798700	CHRNA1	4.104586896792585
ILMN_1776314	CHRNA10	2.8824183274785367
ILMN_1698849	CHRNA2	5.139444477175135
ILMN_2154157	CHRNA3	9.083871493533126
ILMN_1729857	CHRNA4	6.134332130361056
ILMN_2110751	CHRNA5	11.00616650416545
ILMN_1756578	CHRNA6	3.2934799859796207
ILMN_1728501	CHRNA9	3.5082624419637107
ILMN_1741131	CHRNB1	8.310249194009062
ILMN_1676624	CHRNB2	0.27721628716109153
ILMN_1736218	CHRNB3	3.6990017790069802
ILMN_3249574	CHRNB4	4.7293268893567575
ILMN_1661355	CHRND	0.0
ILMN_1703346	CHRNE	5.395490170836773
ILMN_1784633	CHRNG	0.278914662730336
ILMN_1677719	CHST1	7.274878466948816
ILMN_1736828	CHST10	6.215582860471056
ILMN_1655880	CHST11	0.33664114810301987
ILMN_1735058	CHST12	8.173922863448496
ILMN_1734707	CHST13	1.1165959862030979
ILMN_1743340	CHST14	5.498072807940648
ILMN_1670926	CHST15	8.708446084572826
ILMN_1794011	CHST2	1.6166267674412502
ILMN_1723481	CHST3	8.88423273636157
ILMN_1696590	CHST4	0.8479809861035945
ILMN_1770853	CHST5	1.7441574408768477
ILMN_1670881	CHST6	5.205872430422255
ILMN_1732831	CHST7	7.892871910567757
ILMN_1795845	CHST8	7.354795481653871
ILMN_1700547	CHST9	1.3870486227643584
ILMN_1791576	CHSY1	10.1588843116387
ILMN_1740407	CHSY3	5.993010886134365
ILMN_1756705	CHTF18	5.667952425586134
ILMN_1736234	CHTOP	9.903655718847096
ILMN_1677041	CHUK	7.036416298642411
ILMN_1798177	CHURC1	8.225683885063695
ILMN_2048793	CIAO1	10.082133200005037
ILMN_1735199	CIAPIN1	8.819530843404774
ILMN_1793543	CIART	6.653662303129718
ILMN_1684205	CIB1	12.77708885903269
ILMN_1714489	CIB2	8.877261373945597
ILMN_1736013	CIB3	2.034915254800382
ILMN_1707713	CIB4	0.5556523954615364
ILMN_1784780	CIC	6.756578523259812
ILMN_1788184	CIDEA	5.528235998644547
ILMN_1668910	CIDEB	0.0
ILMN_1779597	CIDEC	3.8734832731456126
ILMN_1790471	CIDECP	10.357775474943706
ILMN_1773363	CIITA	0.5042253353565781
ILMN_1723847	CILP	4.187758564693914
ILMN_1684468	CILP2	3.7082210978030634
ILMN_1765257	CINP	7.69775886850407
ILMN_2097858	CIPC	8.428027163711711
ILMN_1671516	CIR1	9.117585772522672
ILMN_1674661	CIRBP	14.183348176922323
ILMN_2122953	CISD1	11.766857212613678
ILMN_1796397	CISD2	9.504887821458253
ILMN_3246724	CISD3	3.471985416297395
ILMN_1738207	CISH	5.113659424705087
ILMN_1695579	CIT	0.0
ILMN_1691641	CITED1	6.66291581326107
ILMN_1663092	CITED2	8.942095585229064
ILMN_1787691	CITED4	7.189678284847599
ILMN_1724659	CIZ1	5.644966483726407
ILMN_1674411	CKAP2	8.065053462447109
ILMN_1751776	CKAP2L	5.69225089276123
ILMN_1790891	CKAP4	11.164248799257985
ILMN_1748770	CKAP5	11.587207111141858
ILMN_1671478	CKB	13.019681288118221
ILMN_1712389	CKLF	10.096533657431609
ILMN_1757521	CKM	2.2710486410397612
ILMN_1732066	CKMT1A	9.22041691195061
ILMN_1763491	CKMT1B	8.075941041929925
ILMN_1764266	CKMT2	2.931420619414466
ILMN_1719256	CKS1B	12.403408005187387
ILMN_2072296	CKS2	12.727389387339075
ILMN_1700507	CLASP1	9.092522397797923
ILMN_1770548	CLASP2	10.034989998680208
ILMN_2146566	CLASRP	6.833361931772939
ILMN_1654875	CLC	4.35522616462998
ILMN_1797219	CLCA1	4.922551577315047
ILMN_1803236	CLCA2	0.0
ILMN_1679176	CLCA4	2.423540974175276
ILMN_1671933	CLCC1	8.033942141931488
ILMN_1661197	CLCF1	4.80532783229955
ILMN_1686865	CLCN1	0.9136084944203864
ILMN_1688633	CLCN2	6.3600474406790255
ILMN_1660837	CLCN3	9.867324717407417
ILMN_1728369	CLCN4	4.692609640691969
ILMN_1690327	CLCN5	5.081595733398994
ILMN_1763036	CLCN6	9.360196839158467
ILMN_1694731	CLCN7	9.839074028264587
ILMN_2364072	CLCNKA	7.319098098475391
ILMN_1798742	CLCNKB	3.571274455276671
ILMN_1724686	CLDN1	5.033850174827118
ILMN_1721818	CLDN10	4.466319912423873
ILMN_1754103	CLDN11	8.415085406286329
ILMN_1787657	CLDN12	10.319029590762543
ILMN_1661194	CLDN14	9.113872355977547
ILMN_1682226	CLDN15	7.2256814281925505
ILMN_1707670	CLDN16	1.373585365240272
ILMN_1815388	CLDN17	2.5113657481111207
ILMN_1696284	CLDN18	3.256382891917095
ILMN_1750097	CLDN19	4.950798903219548
ILMN_1795190	CLDN2	2.5071402810329557
ILMN_1729639	CLDN20	6.526033721495579
ILMN_1654759	CLDN22	3.1810720022263603
ILMN_1725338	CLDN23	6.9284518615821575
ILMN_3289458	CLDN24	2.4819192283640956
ILMN_1652931	CLDN25	4.703348160510852
ILMN_1723042	CLDN3	7.091600721432691
ILMN_2132458	CLDN4	2.6323734984839526
ILMN_1728197	CLDN5	6.8811804915520876
ILMN_1804531	CLDN6	0.5058649922770062
ILMN_2143685	CLDN7	0.6272585147547493
ILMN_1746676	CLDN8	3.521005296762207
ILMN_1740276	CLDN9	4.90772127570771
ILMN_2352563	CLDND1	11.41435218038378
ILMN_2077680	CLDND2	9.692345078589868
ILMN_2415303	CLEC10A	3.1903879583974493
ILMN_1807359	CLEC11A	9.435232732284344
ILMN_2403228	CLEC12A	2.822643382362063
ILMN_1657527	CLEC12B	0.6253497480429386
ILMN_2142185	CLEC14A	2.408700155628216
ILMN_1781752	CLEC16A	9.166833930263108
ILMN_1763398	CLEC17A	4.968084158107879
ILMN_1792437	CLEC18A	0.6088785909803605
ILMN_1717565	CLEC18B	8.56690288200956
ILMN_1730964	CLEC18C	3.387990479880083
ILMN_1691339	CLEC1A	0.11897634281282171
ILMN_1745103	CLEC1B	0.15643350073174908
ILMN_1779144	CLEC2A	1.2186428780436835
ILMN_1784608	CLEC2B	2.5302132674595113
ILMN_1678775	CLEC2D	14.814547830550842
ILMN_2220729	CLEC3A	1.4164978381769728
ILMN_1682176	CLEC3B	6.364122999104798
ILMN_2399363	CLEC4A	6.831120111992292
ILMN_1682259	CLEC4C	3.214062595665727
ILMN_1808979	CLEC4D	2.2971917537121906
ILMN_1771664	CLEC4E	4.229985523749263
ILMN_1723115	CLEC4F	0.9171053928241394
ILMN_2193817	CLEC4G	5.125514079586986
ILMN_1657086	CLEC4GP1	3.8340035788974647
ILMN_2322131	CLEC4M	0.0
ILMN_1780465	CLEC5A	0.0
ILMN_1742962	CLEC6A	4.495881509253187
ILMN_2323992	CLEC7A	1.9289377843273579
ILMN_2068274	CLEC9A	4.378010375430862
ILMN_1782729	CLECL1	2.235498356051052
ILMN_2050813	CLGN	4.174219398708504
ILMN_1805148	CLHC1	8.846865275503609
ILMN_1756982	CLIC1	11.401763901934258
ILMN_1795754	CLIC2	2.246065276865082
ILMN_1796423	CLIC3	0.3443305988187775
ILMN_2063586	CLIC4	10.911184566826277
ILMN_1778964	CLIC5	0.4035979160363674
ILMN_1699665	CLIC6	2.767399867733842
ILMN_1745076	CLINT1	9.504187794654777
ILMN_2404085	CLIP1	8.271817248887269
ILMN_2352190	CLIP2	8.389732140743888
ILMN_1789733	CLIP3	13.61493042084443
ILMN_1759792	CLIP4	7.355921126787003
ILMN_1679727	CLK1	11.159735499978341
ILMN_1676061	CLK2P1	3.8148608585537502
ILMN_2320336	CLK3	10.818441582510694
ILMN_1695853	CLK4	7.176121891625011
ILMN_2108865	CLLU1	1.1861916136822592
ILMN_2124221	CLLU1OS	0.2587482516122685
ILMN_1714522	CLMN	5.03621581585984
ILMN_1656248	CLMP	5.637815175672046
ILMN_1669281	CLN3	6.307169119340721
ILMN_1778203	CLN5	8.417260151645992
ILMN_1776267	CLN6	4.748362798132784
ILMN_1701094	CLN8	7.562173080264358
ILMN_3235979	CLNK	3.3608224463494465
ILMN_1736814	CLNS1A	11.95091641891176
ILMN_1869087	CLOCK	6.58302302426953
ILMN_1659976	CLP1	7.81936797741358
ILMN_1681235	CLPB	1.3271971103393845
ILMN_1725705	CLPP	10.541822716669882
ILMN_2131811	CLPS	0.39563929219409527
ILMN_3237520	CLPSL1	0.4823626797612146
ILMN_2054121	CLPSL2	5.496568167495234
ILMN_1665831	CLPTM1	8.795754260140178
ILMN_1752802	CLPTM1L	9.403930342750813
ILMN_1709894	CLPX	8.4357785226412
ILMN_1698745	CLRN1	7.598034500086341
ILMN_3246345	CLRN1-AS1	3.2871330052099172
ILMN_1796583	CLRN2	3.2969573522799123
ILMN_2067408	CLRN3	2.797940826476179
ILMN_1691165	CLSPN	0.8490657291906247
ILMN_2415179	CLSTN1	11.832126575282828
ILMN_1731237	CLSTN2	6.273463572206537
ILMN_1734021	CLSTN3	7.066543825072582
ILMN_2345837	CLTA	11.859183102865432
ILMN_1674609	CLTB	11.989888291256856
ILMN_1756779	CLTC	6.768943235823337
ILMN_1739734	CLTCL1	5.844674575157764
ILMN_1798298	CLU	7.117610497877553
ILMN_2242491	CLUAP1	15.518807502098383
ILMN_1770719	CLUH	7.270438186552783
ILMN_3237636	CLUHP3	2.02525111723912
ILMN_1682544	CLUL1	5.74423896562692
ILMN_1745765	CLVS1	2.724792859281616
ILMN_1804788	CLVS2	5.000632878291553
ILMN_1663538	CLYBL	8.454907093284127
ILMN_1770772	CMA1	2.7840157535323473
ILMN_2086612	CMAHP	5.270451357916297
ILMN_2125374	CMAS	11.08607801659882
ILMN_1709634	CMBL	10.9995776831811
ILMN_1707634	CMC1	7.57356617276153
ILMN_1783333	CMC2	12.81544503609765
ILMN_1738075	CMIP	12.57017648761114
ILMN_1913060	CMKLR1	2.810404846317366
ILMN_1738642	CMPK1	9.712726294562572
ILMN_1783621	CMPK2	2.528281508380362
ILMN_1705753	CMSS1	9.414203354505512
ILMN_1693494	CMTM1	5.2012451083647315
ILMN_1799030	CMTM2	0.1657969193316197
ILMN_1705442	CMTM3	9.922922084283622
ILMN_1815319	CMTM4	10.093328498201473
ILMN_1775373	CMTM5	2.593207545098988
ILMN_1696494	CMTM6	8.010775052038948
ILMN_1698934	CMTM7	11.438339072890118
ILMN_1710124	CMTM8	8.334675809015584
ILMN_3246953	CMTR1	8.081643960619937
ILMN_1814573	CMTR2	7.594729655427007
ILMN_1805765	CMYA5	0.0
ILMN_3307813	CNBD1	0.5959406084741091
ILMN_1653103	CNBD2	0.3499981324467984
ILMN_1769319	CNBP	12.652742738033757
ILMN_1694653	CNDP1	1.2476206144063962
ILMN_1726769	CNDP2	10.821154018720364
ILMN_1653134	CNEP1R1	9.630025877938676
ILMN_1803838	CNFN	7.790175195024425
ILMN_1786353	CNGA1	0.2397643304639608
ILMN_1659772	CNGA2	0.968758460439456
ILMN_1722135	CNGA3	5.353584577408603
ILMN_2087931	CNGA4	1.7968209930361192
ILMN_3250398	CNGB1	3.909135884401135
ILMN_1750859	CNGB3	1.408477034200675
ILMN_1903568	CNIH1	11.7866230956233
ILMN_1698733	CNIH2	11.399273204337213
ILMN_1749071	CNIH3	5.833882471129548
ILMN_1714759	CNIH4	11.493064226329592
ILMN_1718813	CNKSR1	3.6589316721398775
ILMN_1795756	CNKSR2	4.7680235118625305
ILMN_1748844	CNKSR3	7.296434496561197
ILMN_1810054	CNN1	5.683745752647081
ILMN_1770290	CNN2	11.42775365669526
ILMN_1782439	CNN3	13.538278621426505
ILMN_1657750	CNNM1	3.287538375657363
ILMN_1663975	CNNM2	4.388094218188781
ILMN_1662328	CNNM3	8.483086640510125
ILMN_1655720	CNNM4	5.524912666675458
ILMN_1669206	CNOT1	9.528833625904065
ILMN_2078334	CNOT10	7.438829995634802
ILMN_1708906	CNOT11	10.411899180666495
ILMN_1772651	CNOT2	9.736283078561991
ILMN_2207393	CNOT3	4.894818600511509
ILMN_1772677	CNOT4	8.609475715469657
ILMN_2083833	CNOT6L	5.62956068998495
ILMN_1656134	CNOT7	9.935865106481357
ILMN_2174612	CNOT8	9.93363881529589
ILMN_2044085	CNOT9	9.225861612694503
ILMN_1811758	CNP	3.963068932108628
ILMN_1795419	CNPPD1	8.330600644904681
ILMN_3246547	CNPY1	4.547191105806216
ILMN_3243471	CNPY2	10.092535819665795
ILMN_1669674	CNPY3	8.482060399331644
ILMN_2252408	CNPY4	7.347191583084921
ILMN_1813581	CNR1	7.963358121535553
ILMN_1741577	CNR2	0.1345798403395924
ILMN_3232894	CNRIP1	11.437877561635363
ILMN_1670263	CNST	9.991005054623148
ILMN_1761637	CNTD1	3.1376169159737177
ILMN_1807525	CNTD2	2.87415969690921
ILMN_1773113	CNTF	0.4029550651344233
ILMN_1809456	CNTFR	11.662362723783573
ILMN_3244276	CNTFR-AS1	1.569276767993232
ILMN_1684754	CNTLN	3.94559263983886
ILMN_2400407	CNTN1	8.81049380930716
ILMN_1718896	CNTN2	10.705485313781523
ILMN_1717599	CNTN3	2.2151765919248763
ILMN_1709471	CNTN4	0.0
ILMN_1727909	CNTN5	3.7808352008764428
ILMN_1699317	CNTN6	3.7265647345833544
ILMN_1692398	CNTNAP1	9.911357565528984
ILMN_1690223	CNTNAP2	11.273763679486569
ILMN_1717541	CNTNAP3	3.3220915284958177
ILMN_1704210	CNTNAP4	4.728486314790402
ILMN_1710394	CNTNAP5	6.283904024252106
ILMN_1758778	CNTRL	5.741688999132965
ILMN_1702044	CNTROB	4.816061718045284
ILMN_2081335	COA1	12.670233821827843
ILMN_2064898	COA3	12.162160167605508
ILMN_1732750	COA4	7.4372637073322805
ILMN_1683065	COA5	9.775046301953024
ILMN_1681741	COA6	6.700549793764154
ILMN_1757415	COA7	7.4814610896936635
ILMN_1753498	COASY	10.906995257473982
ILMN_1711888	COBL	4.663755870199689
ILMN_1761260	COBLL1	5.54015012583864
ILMN_1711514	COCH	8.922245485952986
ILMN_1791873	COG1	7.3109880484719865
ILMN_1776993	COG2	8.150406103525059
ILMN_1776154	COG3	8.188559081199246
ILMN_1703683	COG4	8.605051841756838
ILMN_1721535	COG5	7.489954220833053
ILMN_1779530	COG6	8.273814129103869
ILMN_1783815	COG7	5.574076346561341
ILMN_1725246	COG8	6.157710525510499
ILMN_1688034	COIL	9.114263966573889
ILMN_1672776	COL10A1	2.4901653471657546
ILMN_1789507	COL11A1	7.152450129984575
ILMN_2311456	COL11A2	3.8507894789497406
ILMN_1733756	COL12A1	6.773603552640959
ILMN_2370624	COL13A1	4.106723928972093
ILMN_1786598	COL14A1	5.491542952260576
ILMN_1768940	COL15A1	5.347009420068551
ILMN_1684554	COL16A1	7.558753798192616
ILMN_1651282	COL17A1	6.076500234974282
ILMN_1806733	COL18A1	9.203435548100948
ILMN_2116605	COL19A1	1.3407244721151146
ILMN_1701308	COL1A1	12.244782311847366
ILMN_2104356	COL1A2	12.118468122706494
ILMN_1753182	COL20A1	5.1584312094166345
ILMN_1792736	COL21A1	1.7113573107771796
ILMN_1784532	COL22A1	7.5052185517400005
ILMN_1666665	COL23A1	6.827467257872132
ILMN_1810996	COL24A1	3.8120017508915733
ILMN_1666523	COL25A1	2.440711394207539
ILMN_3248505	COL26A1	7.492210874882159
ILMN_1788377	COL27A1	0.3385084539025036
ILMN_3240788	COL28A1	2.003036775224454
ILMN_1674785	COL2A1	6.557590513467594
ILMN_1773079	COL3A1	11.718739107939435
ILMN_1653028	COL4A1	11.101981530125903
ILMN_1724994	COL4A2	7.239039818942339
ILMN_2272270	COL4A3	2.664117363812579
ILMN_1680109	COL4A3BP	7.880680605391227
ILMN_1778308	COL4A4	1.0531251406177429
ILMN_1742534	COL4A5	9.458791592373204
ILMN_1675857	COL4A6	5.643744513481892
ILMN_1706505	COL5A1	10.70798319070608
ILMN_1729117	COL5A2	10.79480994289627
ILMN_1796288	COL5A3	2.3562622959202506
ILMN_1732151	COL6A1	11.056490317692395
ILMN_1783909	COL6A2	9.26819058901787
ILMN_1706643	COL6A3	11.017965418931107
ILMN_1759302	COL6A4P1	1.958708705582363
ILMN_1685447	COL6A4P2	4.61792477658913
ILMN_1906482	COL6A5	4.781626907708373
ILMN_3237932	COL6A6	0.7437851535020165
ILMN_1751161	COL7A1	7.963536176106462
ILMN_1685433	COL8A1	7.6680930994058185
ILMN_1674050	COL8A2	7.166258319421185
ILMN_1814701	COL9A1	5.4102291389689405
ILMN_1685122	COL9A2	5.494349091473089
ILMN_1740155	COL9A3	2.7985465700848144
ILMN_1727178	COLCA1	0.0
ILMN_1658318	COLCA2	0.31703733804204987
ILMN_1662962	COLEC10	0.2671032688599034
ILMN_1735192	COLEC11	5.314011628745113
ILMN_1689088	COLEC12	7.251387444456115
ILMN_1727043	COLGALT1	9.933277798678512
ILMN_1736742	COLGALT2	8.056917938063892
ILMN_2329114	COLQ	5.23754953684235
ILMN_1761242	COMMD1	11.12753508426048
ILMN_2094905	COMMD10	9.250186952553122
ILMN_1683305	COMMD2	9.604578566694114
ILMN_1690392	COMMD3	12.474371647117946
ILMN_2096654	COMMD4	8.888070763368978
ILMN_2300396	COMMD5	9.090824374640063
ILMN_1777378	COMMD6	14.500898387608778
ILMN_1810334	COMMD7	11.536094184585565
ILMN_1765644	COMMD8	8.675247033481238
ILMN_1808821	COMMD9	9.48841111102187
ILMN_1677636	COMP	1.9474582775020572
ILMN_1730084	COMT	10.527017791102535
ILMN_1736752	COMTD1	8.08676940463107
ILMN_1811615	COPA	11.327973302894302
ILMN_1699112	COPB1	10.901840832526405
ILMN_1684385	COPB2	10.140316263718413
ILMN_1738103	COPE	11.407963553186958
ILMN_1708204	COPG1	9.057653547341312
ILMN_1809496	COPG2	9.082351818551738
ILMN_3242623	COPG2IT1	8.803373366085989
ILMN_1752947	COPRS	9.768998672808747
ILMN_1655827	COPS2	8.156699978704001
ILMN_1770732	COPS3	12.0488369576276
ILMN_1726755	COPS4	11.16998626220163
ILMN_1736002	COPS5	10.916935844714097
ILMN_1764431	COPS6	8.584179990777292
ILMN_1758412	COPS7A	10.221275450240793
ILMN_1784785	COPS7B	10.400287720121067
ILMN_2337941	COPS8	10.593609193725072
ILMN_1791171	COPS9	1.0113102365629583
ILMN_1728535	COPZ1	11.429554154612148
ILMN_1667361	COPZ2	4.074883871001014
ILMN_1666364	COQ10A	9.227583529331488
ILMN_1751615	COQ10B	11.042969309745695
ILMN_1756572	COQ2	8.317419100721317
ILMN_1801378	COQ3	9.596399548548254
ILMN_3234979	COQ4	1.974364944016186
ILMN_1770936	COQ5	11.558495068351766
ILMN_1783985	COQ6	8.238807380216212
ILMN_1689070	COQ7	5.8100207595656705
ILMN_1731064	COQ8A	8.697557407013496
ILMN_1700349	COQ8B	7.675211714905958
ILMN_1756898	COQ9	8.954744879904284
ILMN_1712998	CORIN	0.2985495448828316
ILMN_1713749	CORO1A	8.010631771129189
ILMN_1653708	CORO1B	9.28386026138767
ILMN_1745954	CORO1C	9.370609723784014
ILMN_1813746	CORO2A	9.30744126407444
ILMN_2084836	CORO2B	6.337416851439191
ILMN_1813386	CORO6	3.6534423868337687
ILMN_1795949	CORO7	7.807540555430372
ILMN_2071186	CORT	2.5888391322599467
ILMN_1788283	COTL1	7.915517150869579
ILMN_1670901	COX10	10.22736226921248
ILMN_1666280	COX11	8.223055806782098
ILMN_1804656	COX14	10.063846475211616
ILMN_1718309	COX15	8.913375693649948
ILMN_1706305	COX16	12.37673054337057
ILMN_2187718	COX17	12.818923157975263
ILMN_1752006	COX18	4.6622293539462945
ILMN_1656656	COX19	8.465024830021154
ILMN_1808584	COX20	9.600401442359816
ILMN_1652207	COX4I1	14.571989752174064
ILMN_1815634	COX4I2	2.2961568272912998
ILMN_1704477	COX5A	13.702519147695158
ILMN_1663512	COX5B	14.209561268756945
ILMN_1783636	COX6A1	12.829343353589385
ILMN_1752481	COX6A2	1.7910391006680364
ILMN_2154671	COX6B1	13.35996974589238
ILMN_1725547	COX6B2	3.08377584734122
ILMN_1654151	COX6C	13.485716512381211
ILMN_1662419	COX7A1	0.27647252834974134
ILMN_1701293	COX7A2	14.676692321985106
ILMN_3237665	COX7A2L	13.501268114485926
ILMN_2184049	COX7B	12.102183228130988
ILMN_1674658	COX7B2	0.2411813775661341
ILMN_1798189	COX7C	15.104649184064463
ILMN_1809495	COX8A	13.96982093362658
ILMN_1744432	COX8C	1.218710152383695
ILMN_1813206	CP	0.0
ILMN_1754364	CPA1	0.33083124648933665
ILMN_1807503	CPA2	3.1528747703410236
ILMN_1766551	CPA3	1.963634249547523
ILMN_1784294	CPA4	7.68389092963218
ILMN_1791530	CPA5	2.799237778443061
ILMN_1657295	CPA6	0.4805351049676938
ILMN_1726250	CPAMD8	4.575442213737309
ILMN_1685174	CPB1	2.8255310524738166
ILMN_1789003	CPB2	1.2366332583329196
ILMN_1703074	CPD	9.592510228874426
ILMN_1731374	CPE	11.617993498882472
ILMN_2369603	CPEB1	7.731901361338277
ILMN_2375484	CPEB2	6.510702903061628
ILMN_3294322	CPEB2-AS1	4.697325575134381
ILMN_1755954	CPEB3	8.532651693449003
ILMN_1722025	CPEB4	6.75741125401913
ILMN_3184724	CPED1	4.959385722000463
ILMN_1801703	CPLX1	8.298882132212862
ILMN_1669382	CPLX2	5.730602781808112
ILMN_1689515	CPLX3	4.255945674100673
ILMN_1707426	CPLX4	0.9059789454333801
ILMN_2299795	CPM	5.943063052377802
ILMN_1808674	CPN1	1.6043532387220847
ILMN_2357334	CPN2	4.180213310333854
ILMN_2276000	CPNE1	7.133640283326465
ILMN_1674665	CPNE2	4.122333831800266
ILMN_1773576	CPNE3	10.973719273966259
ILMN_1814770	CPNE4	9.031926072080738
ILMN_1806500	CPNE5	2.0267981790397
ILMN_1738058	CPNE6	4.00881215020851
ILMN_1742131	CPNE7	4.848972591575728
ILMN_2169761	CPNE8	8.14308119195711
ILMN_1678547	CPNE9	3.717505231056524
ILMN_1746086	CPO	0.0
ILMN_3240389	CPOX	8.013369682545626
ILMN_1662865	CPPED1	3.797249356060085
ILMN_2058795	CPQ	5.379748435270155
ILMN_1792748	CPS1	8.717762411036711
ILMN_1719963	CPS1-IT1	1.5507750400327707
ILMN_1654545	CPSF1	10.292831331938219
ILMN_2144116	CPSF2	7.337253561704364
ILMN_2087528	CPSF3	10.291069036403142
ILMN_1718013	CPSF3L	8.306097488572725
ILMN_1660426	CPSF4	10.856789958912685
ILMN_3246304	CPSF4L	4.687000851238615
ILMN_1795454	CPSF6	3.4571150019047834
ILMN_1680494	CPSF7	2.3697722308471376
ILMN_1687589	CPT1A	5.640678146552191
ILMN_1791754	CPT1B	3.8057392229777385
ILMN_1773855	CPT1C	9.832927454051836
ILMN_1678579	CPT2	8.377048664114747
ILMN_2234310	CPTP	4.902575131442072
ILMN_2400759	CPVL	6.375234659654379
ILMN_1749653	CPXCR1	3.759413150976378
ILMN_1712046	CPXM1	9.816200069711504
ILMN_1741688	CPXM2	4.895609806500014
ILMN_1759448	CPZ	4.364178702635094
ILMN_2388112	CR1	4.006194526786632
ILMN_3235652	CR1L	0.7669697117080796
ILMN_1684724	CR2	4.601954079785428
ILMN_1658040	CRABP1	13.992214075381343
ILMN_1690170	CRABP2	12.94702483068419
ILMN_1796436	CRACR2A	0.2964056958163902
ILMN_1745623	CRACR2B	8.762446512048493
ILMN_1690282	CRADD	9.986047028435577
ILMN_1660551	CRAMP1	6.463174572051924
ILMN_1737992	CRAT	6.811374417783454
ILMN_1762139	CRB1	2.153622128634199
ILMN_1681826	CRB2	3.8583641913998084
ILMN_1723092	CRB3	2.78368322926454
ILMN_2225735	CRBN	10.084689161948035
ILMN_2381537	CRCP	11.710289228166431
ILMN_1803452	CRCT1	2.994913980048645
ILMN_2334243	CREB1	14.173275300598645
ILMN_1703072	CREB3	4.212107998368565
ILMN_1749032	CREB3L1	1.8198112285628085
ILMN_1751097	CREB3L2	8.68956731132293
ILMN_1779524	CREB3L3	0.46615193695351564
ILMN_1711171	CREB3L4	4.951070538803709
ILMN_1731714	CREB5	7.720067576972561
ILMN_1809583	CREBBP	8.357009347098938
ILMN_1660223	CREBL2	3.9468946458806418
ILMN_2195821	CREBRF	7.886454866354927
ILMN_1784847	CREBZF	7.99032307975239
ILMN_1680624	CREG1	8.630735275101088
ILMN_1683998	CREG2	5.700215163205267
ILMN_1739558	CRELD1	11.074337238046601
ILMN_1748707	CRELD2	9.949971753724958
ILMN_1745318	CREM	1.7788490252192606
ILMN_1668035	CRH	4.077083426622685
ILMN_1761312	CRHBP	6.43595400742192
ILMN_1732426	CRHR1	4.458273722756839
ILMN_3307673	CRHR2	0.7436847341253333
ILMN_2146418	CRIM1	6.18086312840916
ILMN_1656920	CRIP1	10.301944359778508
ILMN_1694432	CRIP2	10.624911292668498
ILMN_1719455	CRIP3	2.127147251158716
ILMN_2140700	CRIPAK	6.755465263017496
ILMN_1813256	CRIPT	9.789950598498969
ILMN_1758212	CRISP1	1.3354479661804446
ILMN_1775569	CRISP2	3.558912918706957
ILMN_1814583	CRISP3	0.3553553274635673
ILMN_2151522	CRISPLD1	5.3366236562857745
ILMN_1790689	CRISPLD2	9.256033792094689
ILMN_1686805	CRK	9.834035564640015
ILMN_1690122	CRKL	11.315096195437187
ILMN_1681515	CRLF1	5.99051536908923
ILMN_1795304	CRLF2	3.2817032918191664
ILMN_2155228	CRLF3	6.56176620143972
ILMN_1737685	CRLS1	11.099663518211228
ILMN_1789541	CRMP1	13.574384443367988
ILMN_3250268	CRNDE	7.608050934219957
ILMN_1768640	CRNKL1	2.9063008828249504
ILMN_1727220	CRNN	1.6647380486849785
ILMN_1799672	CROCC	6.328696497389807
ILMN_3232270	CROCCP2	3.6642352012193022
ILMN_1795531	CROCCP3	4.6333808672411125
ILMN_1693090	CROT	2.622976782570179
ILMN_1780575	CRP	1.3664760420458375
ILMN_3244506	CRSP8P	10.126336052360186
ILMN_1658384	CRTAC1	4.61015673215616
ILMN_1796247	CRTAM	0.43055387568178594
ILMN_1665235	CRTAP	8.986933579870685
ILMN_1699843	CRTC1	2.382175068642285
ILMN_1657771	CRTC2	6.154864298369127
ILMN_3260715	CRTC3	8.147565128965054
ILMN_1844203	CRX	5.233526554368176
ILMN_2202637	CRY1	9.300397907216428
ILMN_1796180	CRY2	9.165019747491652
ILMN_1711015	CRYAA	5.969170903570429
ILMN_1729216	CRYAB	9.133387596935716
ILMN_1772214	CRYBA1	2.330893284545769
ILMN_2260313	CRYBA2	4.210912894495155
ILMN_1686362	CRYBA4	2.070631775036298
ILMN_1715879	CRYBB1	0.0
ILMN_1760708	CRYBB2	10.01454964651056
ILMN_1718929	CRYBB3	0.34133384209218937
ILMN_2190684	CRYBG3	2.3191119701185188
ILMN_1779304	CRYGA	5.8476273340434375
ILMN_1776266	CRYGB	3.8700439102547026
ILMN_2113417	CRYGC	5.626904731523787
ILMN_2100574	CRYGD	5.045236281284825
ILMN_1687409	CRYGN	2.1410608819166534
ILMN_1792597	CRYGS	4.684753152807464
ILMN_1714397	CRYL1	9.286998355449098
ILMN_1690179	CRYM	5.537448751857859
ILMN_1672389	CRYZ	10.119301825693617
ILMN_1762115	CRYZL1	9.433475519405013
ILMN_3307648	CS	13.127036114753546
ILMN_2119692	CSAD	8.340378436831541
ILMN_1815439	CSAG1	1.5679728373664303
ILMN_3260910	CSAG3	0.514988452128602
ILMN_1806787	CSDC2	7.797735938745746
ILMN_1685796	CSDE1	8.187664258388489
ILMN_1706238	CSE1L	10.436604146626264
ILMN_1805930	CSF1	1.0965091681545263
ILMN_1686623	CSF1R	2.7480525184508378
ILMN_1661861	CSF2	3.1132878174544607
ILMN_2376458	CSF2RA	12.300956663227899
ILMN_1798475	CSF2RB	2.584146279450963
ILMN_1697069	CSF3	0.9112984721099417
ILMN_2371280	CSF3R	1.183834366832409
ILMN_2055523	CSGALNACT1	1.9089972167793485
ILMN_1799208	CSGALNACT2	5.0803760502391295
ILMN_2363475	CSH1	0.7379813488486701
ILMN_2285280	CSH2	2.630050191313305
ILMN_1680436	CSHL1	6.958185202443931
ILMN_1754121	CSK	9.462324945537805
ILMN_1746945	CSMD1	5.8362623060179315
ILMN_1775432	CSMD2	5.829878625491447
ILMN_1659781	CSMD3	4.173645568504153
ILMN_1653006	CSN1S1	3.0343908026292756
ILMN_1807868	CSN1S2AP	3.2855373427934382
ILMN_1711579	CSN2	0.0
ILMN_1792400	CSN3	0.221053963580952
ILMN_1785988	CSNK1A1	9.608152936874587
ILMN_1671642	CSNK1A1L	2.147110342389822
ILMN_3309079	CSNK1A1P1	0.8096045214323176
ILMN_1720708	CSNK1D	10.447432687212347
ILMN_2415235	CSNK1E	13.769154117669132
ILMN_1704713	CSNK1G1	9.281828750627254
ILMN_1706521	CSNK1G2	12.244203521700655
ILMN_1652024	CSNK1G3	8.136174466884746
ILMN_2386355	CSNK2A1	10.316549450587331
ILMN_1723843	CSNK2A2	10.532607271246254
ILMN_1800461	CSNK2B	12.24067415862689
ILMN_1666894	CSPG4	6.048239920133611
ILMN_1691375	CSPG4P1Y	0.5211865158572905
ILMN_1688184	CSPG5	8.794534023287499
ILMN_2393994	CSPP1	7.495870865263701
ILMN_1703123	CSRNP1	9.103177267783673
ILMN_2187533	CSRNP2	8.621404213233847
ILMN_2078995	CSRNP3	7.361950146379525
ILMN_1811921	CSRP1	9.009620496896982
ILMN_1660806	CSRP2	10.60240303490001
ILMN_1796269	CSRP3	0.0
ILMN_1753449	CST1	1.1535052018305334
ILMN_1653748	CST11	0.4201237871802211
ILMN_2065383	CST13P	0.022059363834484355
ILMN_1673843	CST2	0.0
ILMN_1800354	CST3	11.701469423694187
ILMN_2185911	CST4	1.868611727950543
ILMN_1688022	CST5	2.565919854532724
ILMN_1698666	CST6	0.23240375031218652
ILMN_1679826	CST7	5.615456130901323
ILMN_1765103	CST8	0.5776143119851883
ILMN_1702372	CST9	0.3917512467715296
ILMN_1720485	CST9L	0.5019702481353918
ILMN_1669888	CSTA	1.0860211165621811
ILMN_1761797	CSTB	12.146682590906465
ILMN_1758339	CSTF1	5.215810802066233
ILMN_1653129	CSTF2	8.243029276354049
ILMN_1807515	CSTF2T	8.062811668645525
ILMN_2397880	CSTF3	11.027858433703322
ILMN_1726328	CSTL1	0.23173381851348737
ILMN_1679921	CT45A1	0.8291634828433523
ILMN_1664918	CT45A2	1.7004194391171754
ILMN_1672783	CT45A3	3.601160471187432
ILMN_2402042	CT45A5	1.7355781548565756
ILMN_1713126	CT45A6	0.4879074372660377
ILMN_1673271	CT47A1	2.5430225303203144
ILMN_1740223	CT47A11	0.3044716965937945
ILMN_2231845	CT47A6	5.004579176118942
ILMN_2057196	CT47A7	2.350068514584755
ILMN_1808984	CT55	4.92351679302345
ILMN_1749054	CT62	2.236466721245009
ILMN_1668108	CT83	1.307206945739
ILMN_2206413	CTAG1A	2.3507499659734545
ILMN_1719146	CTAG1B	3.6317650947402877
ILMN_2336585	CTAG2	4.581594009977373
ILMN_1802029	CTAGE1	0.6541416594624744
ILMN_2193195	CTAGE10P	3.743301646687749
ILMN_3204768	CTAGE11P	4.293228214984584
ILMN_1764697	CTAGE15	3.4617237571460606
ILMN_1690880	CTAGE5	3.2298221228676063
ILMN_1673329	CTAGE6	2.1249854808085584
ILMN_1804861	CTAGE9	2.5310852390152445
ILMN_1719158	CTBP1	10.47419735085996
ILMN_3250209	CTBP2	7.098983266377953
ILMN_2144573	CTBS	8.516736948094525
ILMN_1786015	CTCF	7.900423296899916
ILMN_1745395	CTCFL	4.268362373219797
ILMN_1831590	CTD-2297D10.2	0.9379523104628613
ILMN_2133638	CTDNEP1	8.628077485726848
ILMN_2407589	CTDP1	6.544569384212216
ILMN_1728163	CTDSP1	5.423223927624623
ILMN_1692962	CTDSP2	9.059310593031848
ILMN_2392189	CTDSPL	6.901954112971531
ILMN_1665655	CTDSPL2	7.2812973410265895
ILMN_1661804	CTF1	5.617693938880809
ILMN_1699829	CTGF	10.927884055727757
ILMN_2305112	CTH	7.260082789920407
ILMN_1725090	CTHRC1	7.063130673457096
ILMN_1655563	CTIF	8.71278585335072
ILMN_2348905	CTLA4	2.7971181019505433
ILMN_1804854	CTNNA1	13.077550678828898
ILMN_2197693	CTNNA2	8.956262191928438
ILMN_1758692	CTNNA3	0.5503408113618993
ILMN_1721901	CTNNAL1	9.206829666517455
ILMN_1746396	CTNNB1	9.699016453663466
ILMN_1688103	CTNNBIP1	9.152938246035436
ILMN_2063925	CTNNBL1	9.981685020737082
ILMN_1696806	CTNND1	6.403381893123697
ILMN_1716875	CTNND2	9.589357112148894
ILMN_1807719	CTNS	7.865602716193592
ILMN_1783285	CTPS1	8.681404016967425
ILMN_2392352	CTPS2	11.189824302620215
ILMN_1665164	CTR9	5.728253646332212
ILMN_2137654	CTRB1	1.2798018859182358
ILMN_1767643	CTRB2	5.1281175389084925
ILMN_1748730	CTRC	3.892929488237714
ILMN_1664863	CTRL	2.234396274163632
ILMN_1719286	CTSA	5.073236744110447
ILMN_2359742	CTSB	11.484207512087721
ILMN_1696347	CTSC	6.480423623239084
ILMN_1674038	CTSD	7.7638538524691265
ILMN_2387224	CTSE	1.5053330209628362
ILMN_1804955	CTSF	4.385590254222475
ILMN_1680424	CTSG	1.1509402326687783
ILMN_2390853	CTSH	8.00630025596037
ILMN_1758895	CTSK	7.13923541001654
ILMN_2374036	CTSL	11.321168677419818
ILMN_1769633	CTSO	5.345210747814984
ILMN_1743032	CTSS	0.35281850993015335
ILMN_1748352	CTSV	6.383832883662176
ILMN_1794364	CTSW	2.441722514526975
ILMN_1666269	CTSZ	0.5680924424313681
ILMN_1744912	CTTN	8.28766718416671
ILMN_1759920	CTTNBP2	3.062900669634504
ILMN_1719517	CTTNBP2NL	5.6587835083016165
ILMN_1682375	CTU1	5.98144313718609
ILMN_1779184	CTU2	6.528652276187725
ILMN_1759766	CTXN1	12.506714433783158
ILMN_3309049	CTXN2	4.615682100355154
ILMN_2205767	CTXN3	2.674652967113532
ILMN_1755203	CUBN	3.488367971319219
ILMN_1676665	CUEDC1	8.654048901509471
ILMN_1773018	CUEDC2	10.851796278412232
ILMN_1749629	CUL1	8.044517174395713
ILMN_1669252	CUL2	10.237720399889435
ILMN_1653670	CUL3	4.9258946565984525
ILMN_2331163	CUL4A	6.845614866612561
ILMN_2385161	CUL4B	8.088400918791839
ILMN_2176955	CUL5	9.415112439421483
ILMN_1672393	CUL7	6.481786676934873
ILMN_1806010	CUL9	6.412757826371101
ILMN_1712390	CUTA	13.237632815615568
ILMN_1765044	CUTC	8.477868425513456
ILMN_2278636	CUX1	7.490977033003535
ILMN_1669876	CUX2	5.930125637974737
ILMN_1734909	CUZD1	3.3781145939163983
ILMN_1713482	CWC15	11.677968099305149
ILMN_1674128	CWC22	4.283460587294111
ILMN_1720233	CWC25	7.325740700248727
ILMN_1686194	CWC27	10.559916899858147
ILMN_1651886	CWF19L1	11.144398382557945
ILMN_1668498	CWF19L2	8.511140329237849
ILMN_2180885	CWH43	1.1717402974534625
ILMN_1654072	CX3CL1	7.349339687081567
ILMN_1745788	CX3CR1	4.724400629639382
ILMN_1796925	CXADR	11.43944649276088
ILMN_1685323	CXADRP2	3.964491100096774
ILMN_3246761	CXADRP3	3.9625744897808475
ILMN_1787897	CXCL1	3.988044239932512
ILMN_1791759	CXCL10	5.501032126768668
ILMN_2067895	CXCL11	3.942389817232076
ILMN_1791447	CXCL12	7.8430162721119645
ILMN_1718552	CXCL13	1.3543345885465532
ILMN_1748323	CXCL14	6.92686535486726
ILMN_1728478	CXCL16	4.52034423491823
ILMN_1796337	CXCL17	3.472788278051162
ILMN_1682636	CXCL2	1.0602121333228693
ILMN_1709350	CXCL3	1.8697282417546368
ILMN_1752562	CXCL5	2.4346381329573106
ILMN_1779234	CXCL6	7.651312066676084
ILMN_1666733	CXCL8	3.3666681518277097
ILMN_1745356	CXCL9	0.49465772011833514
ILMN_1662524	CXCR1	1.2228642009314772
ILMN_1680397	CXCR2	4.15911906935704
ILMN_1691507	CXCR2P1	1.5213761648686426
ILMN_1797975	CXCR3	1.4582131226757327
ILMN_1801584	CXCR4	10.360097628098893
ILMN_2337931	CXCR5	2.593525969654395
ILMN_1674640	CXCR6	0.15291899423200236
ILMN_1651752	CXORF21	3.105451430483025
ILMN_1772943	CXORF23	5.05237378896532
ILMN_2047480	CXORF36	3.359155877684603
ILMN_1697864	CXORF38	6.6360888758910255
ILMN_2064655	CXORF40A	10.740036299884954
ILMN_2143261	CXORF40B	9.624768034257276
ILMN_3186408	CXORF49	3.1476940926600254
ILMN_3238823	CXORF49B	0.7466372627750033
ILMN_3259774	CXORF51A	2.297937421223832
ILMN_1872496	CXORF51B	2.746177709696278
ILMN_1730630	CXORF56	7.030068608267747
ILMN_1703279	CXORF57	9.426067180452291
ILMN_1692396	CXORF58	1.1469467682774472
ILMN_1661359	CXORF65	1.7390504392766655
ILMN_1729965	CXORF66	0.7974602056454857
ILMN_1815931	CXORF67	0.342666375108021
ILMN_1691276	CXXC1	10.678140544512331
ILMN_1763657	CXXC4	9.01491015593362
ILMN_3307729	CXXC5	12.642992076874487
ILMN_2378376	CYB561	7.946066227235719
ILMN_2129505	CYB561A3	5.775911631908548
ILMN_3256325	CYB561D1	9.683841014955199
ILMN_1738718	CYB561D2	6.733668113644916
ILMN_1714167	CYB5A	10.37754547979582
ILMN_1684321	CYB5B	11.908026871744346
ILMN_1670925	CYB5D1	7.032434471562161
ILMN_1696254	CYB5D2	8.51625803801472
ILMN_1729237	CYB5R1	9.076769673334997
ILMN_1739576	CYB5R2	4.892671650324732
ILMN_2308582	CYB5R3	12.997932416013178
ILMN_1688158	CYB5R4	5.595976442928335
ILMN_3246010	CYB5RL	5.909960318046186
ILMN_1744604	CYBA	9.826875402592373
ILMN_1682312	CYBB	2.7284624701427176
ILMN_2087692	CYBRD1	7.523126973252136
ILMN_1815115	CYC1	11.899231227989745
ILMN_1730416	CYCS	8.6510470195417
ILMN_3240354	CYCSP52	3.1038658953198177
ILMN_2355462	CYFIP1	8.754827254389943
ILMN_1677200	CYFIP2	11.593229728701928
ILMN_1758128	CYGB	8.426929423840003
ILMN_1717975	CYHR1	5.273805868490412
ILMN_2189701	CYLC1	1.1948216299033236
ILMN_1661903	CYLC2	1.218746870318661
ILMN_1775508	CYLD	5.885202872856046
ILMN_3247548	CYMP	3.902321137341095
ILMN_1768820	CYP11A1	6.138804683531029
ILMN_1801917	CYP11B1	2.0929245393097258
ILMN_1752099	CYP11B2	0.6226258373163928
ILMN_1760554	CYP17A1	0.6932182381602794
ILMN_1725234	CYP19A1	3.9342054665481165
ILMN_1807291	CYP1A1	0.8524235800001606
ILMN_1683607	CYP1A2	0.5407196594367777
ILMN_1693338	CYP1B1	6.2981912417448465
ILMN_3307139	CYP1B1-AS1	0.9300427787704321
ILMN_1718177	CYP20A1	8.171486583646073
ILMN_1773082	CYP21A2	3.3828655116046256
ILMN_1685663	CYP24A1	0.0
ILMN_1788131	CYP26A1	6.579243976781293
ILMN_1812297	CYP26B1	8.286625590420194
ILMN_1702769	CYP26C1	0.8391723795233901
ILMN_1704985	CYP27A1	7.720083225156306
ILMN_1740418	CYP27B1	1.4384699169272206
ILMN_1657749	CYP27C1	6.322860214521595
ILMN_2175455	CYP2A13	2.0442462132962413
ILMN_2091632	CYP2A6	0.5072731804629095
ILMN_1779051	CYP2A7	1.4533140962289892
ILMN_2215965	CYP2B6	1.4490950097053756
ILMN_2191192	CYP2B7P	3.413692831156888
ILMN_1683121	CYP2C18	1.8637596064427688
ILMN_1729191	CYP2C19	2.0331135360163435
ILMN_1769155	CYP2C8	1.6227549770055525
ILMN_1670652	CYP2C9	0.0
ILMN_1740648	CYP2D6	4.533125441909274
ILMN_2226519	CYP2D7	4.658929917347867
ILMN_1665437	CYP2E1	3.856483824333026
ILMN_1761669	CYP2F1	2.5298962430080083
ILMN_1758731	CYP2J2	4.272599236504426
ILMN_2119774	CYP2R1	8.241794248479179
ILMN_1705403	CYP2S1	3.530628429985461
ILMN_1790008	CYP2U1	5.040800491363711
ILMN_1744458	CYP2W1	0.5361577665515421
ILMN_1808650	CYP39A1	1.8346966915879612
ILMN_1772206	CYP3A4	1.7179972961456622
ILMN_1673591	CYP3A43	0.634000549871301
ILMN_1810942	CYP3A5	2.3925619705091075
ILMN_1685043	CYP3A7	0.8236835679088849
ILMN_1697433	CYP46A1	8.531072467359637
ILMN_1735816	CYP4A11	6.064595052995088
ILMN_2059780	CYP4A22	0.18043408219544932
ILMN_1659215	CYP4B1	3.144901378784873
ILMN_1719883	CYP4F11	1.4729342563575696
ILMN_1809384	CYP4F12	1.1809477506567412
ILMN_2178492	CYP4F2	2.5506698600480173
ILMN_1708303	CYP4F22	0.0
ILMN_3294277	CYP4F24P	2.4627298357732603
ILMN_1736190	CYP4F3	3.028147242889196
ILMN_3240717	CYP4F30P	0.360434847447005
ILMN_1718603	CYP4F8	1.0976586297753739
ILMN_2054607	CYP4V2	3.7652589663145775
ILMN_2175317	CYP4X1	6.998558540560381
ILMN_1747874	CYP4Z1	1.4889303935549743
ILMN_1814883	CYP4Z2P	3.058204120792791
ILMN_1664718	CYP51A1	8.194789052763381
ILMN_1749575	CYP7A1	0.3771771075245282
ILMN_1701661	CYP7B1	5.007382036571193
ILMN_1669802	CYP8B1	0.49180177378361223
ILMN_2188264	CYR61	6.968880701984657
ILMN_2223313	CYS1	2.0911753463258025
ILMN_1733276	CYSLTR1	1.5476135178666501
ILMN_1773204	CYSLTR2	1.105780179465856
ILMN_1814106	CYSRT1	5.9018526506065285
ILMN_1761566	CYSTM1	10.312467847032908
ILMN_1694084	CYTH1	9.53026501213541
ILMN_3188106	CYTH2	9.083297517453234
ILMN_2160727	CYTH3	6.314709562603583
ILMN_3238196	CYTH4	0.6747203576524199
ILMN_1746864	CYTIP	3.642611780188977
ILMN_2201596	CYTL1	1.520177377069773
ILMN_1812902	CYYR1	4.7350821018865075
ILMN_1846043	D21S2090E	2.8477165215560176
ILMN_2206272	D2HGDH	7.826931370839496
ILMN_1787251	DAAM1	9.70710289599305
ILMN_1752668	DAAM2	5.451939736728803
ILMN_1758871	DAB1	0.0
ILMN_1764228	DAB2	6.654842238631766
ILMN_1783161	DAB2IP	5.845099490719917
ILMN_1755741	DACH1	9.049438868939005
ILMN_1810210	DACH2	6.351504590906334
ILMN_2328094	DACT1	7.756322402267536
ILMN_1691790	DACT2	4.036401638176941
ILMN_1733851	DACT3	11.37927618680093
ILMN_1731619	DAD1	13.375169922014841
ILMN_1658425	DAG1	8.97507423601364
ILMN_1683682	DAGLA	6.602933569141411
ILMN_1658885	DAGLB	9.681184088149196
ILMN_1880796	DALIR	3.764871049890482
ILMN_1715703	DALRD3	7.51237565168783
ILMN_3248882	DANCR	9.364215536216259
ILMN_2230178	DAND5	5.098807288907705
ILMN_1737152	DAO	3.0200355439459323
ILMN_1658386	DAOA	3.8124309646130605
ILMN_2112493	DAP	8.841908407983496
ILMN_1781680	DAP3	10.591394605871237
ILMN_1708340	DAPK1	6.897182587966213
ILMN_1791847	DAPK2	2.5615734510291444
ILMN_1792710	DAPK3	6.351361794869344
ILMN_1687556	DAPL1	0.0
ILMN_2097410	DAPP1	13.471891745572563
ILMN_1813836	DARS	13.007830098745472
ILMN_1676191	DARS2	2.83023705958198
ILMN_1775042	DAW1	0.6465304756237494
ILMN_1708077	DAXX	6.093927818712937
ILMN_2175124	DAZ1	0.4990715008697073
ILMN_3250970	DAZ2	3.4408250199929564
ILMN_3247525	DAZ3	0.8976356840466363
ILMN_1754528	DAZ4	4.358793047129339
ILMN_1746257	DAZAP1	9.21371566477817
ILMN_1718988	DAZAP2	12.913465963572724
ILMN_1691636	DAZL	1.2321308184350852
ILMN_1778717	DBF4	5.325582262996184
ILMN_1679941	DBF4B	0.9191578896635676
ILMN_1746220	DBH	7.163564729480943
ILMN_2305544	DBI	11.831417928731659
ILMN_3247543	DBIL5P	0.4557182771031632
ILMN_1769926	DBN1	10.961227819117804
ILMN_2374352	DBNDD1	11.416111572290427
ILMN_1730612	DBNDD2	12.074052877569985
ILMN_1698307	DBNL	9.661645527444707
ILMN_1715555	DBP	7.074715794129804
ILMN_1678680	DBR1	6.192829151338009
ILMN_1714990	DBT	8.601091015433994
ILMN_1785197	DBX1	0.9064177323766464
ILMN_1724511	DBX2	2.198904818463825
ILMN_2181089	DCAF1	5.4372352998752795
ILMN_3235917	DCAF10	6.341414361075919
ILMN_2389376	DCAF11	10.243742648747292
ILMN_1786328	DCAF12	10.366224489863107
ILMN_1802766	DCAF12L1	4.9100439658993595
ILMN_1737961	DCAF12L2	3.2613293032956374
ILMN_1744611	DCAF13	6.8796554529307405
ILMN_3200465	DCAF13P3	1.6020339569735746
ILMN_2192620	DCAF15	7.656064258282334
ILMN_1753440	DCAF16	7.482296656506822
ILMN_1804597	DCAF17	5.951610605395511
ILMN_2385278	DCAF4	7.572612705055356
ILMN_1762879	DCAF4L1	4.627169772133504
ILMN_1768454	DCAF4L2	1.5152407704790682
ILMN_1735402	DCAF5	9.52239399238219
ILMN_1670000	DCAF6	8.000692804557664
ILMN_1682264	DCAF7	11.503024268301287
ILMN_3244963	DCAF8	8.741462485642268
ILMN_1796887	DCAF8L1	0.5609986809065974
ILMN_1812355	DCAF8L2	1.184625672643165
ILMN_1811648	DCAKD	11.45697070307194
ILMN_1701911	DCANP1	4.730436019079337
ILMN_1695604	DCBLD1	3.8101387310615227
ILMN_2174127	DCBLD2	10.185821420285242
ILMN_1665748	DCC	7.113289469283479
ILMN_1722554	DCD	1.8646879102989136
ILMN_1783383	DCDC1	1.0339339233380211
ILMN_1712419	DCDC2	1.7477928666254305
ILMN_1771636	DCDC2B	1.0649895783530499
ILMN_3233058	DCDC2C	0.9852118821147604
ILMN_1739640	DCHS1	5.710607873891981
ILMN_1731741	DCHS2	1.3271931008990074
ILMN_1651433	DCK	9.669926307838109
ILMN_2165354	DCLK1	10.770041320470375
ILMN_1719449	DCLK2	7.474347412957609
ILMN_3246264	DCLK3	1.9676830791511766
ILMN_1734096	DCLRE1A	6.463905658654402
ILMN_1655382	DCLRE1B	2.813118829935709
ILMN_2321931	DCLRE1C	8.548813307842408
ILMN_2347145	DCN	11.744432251280896
ILMN_1809285	DCP1A	8.91413741508952
ILMN_1743992	DCP1B	5.883882889634189
ILMN_1669905	DCP2	9.757327993344287
ILMN_1740737	DCPS	7.746409968307064
ILMN_1774491	DCST1	3.5956907056048295
ILMN_1793123	DCST2	0.3516316727424342
ILMN_1793730	DCSTAMP	0.0
ILMN_1701783	DCT	1.4155527715562881
ILMN_1802456	DCTD	10.184885157395835
ILMN_2412807	DCTN1	11.215364964180319
ILMN_3248583	DCTN1-AS1	6.102287913149579
ILMN_1662232	DCTN2	13.54025261517978
ILMN_1762281	DCTN3	12.863275824552714
ILMN_1741564	DCTN4	8.999906059456206
ILMN_1666192	DCTN5	10.174627782408868
ILMN_1744059	DCTN6	10.660325936065131
ILMN_3242459	DCTPP1	12.074466431688649
ILMN_1810719	DCUN1D1	7.181364556881589
ILMN_1692706	DCUN1D2	7.620068025814952
ILMN_1665455	DCUN1D3	8.39736657523219
ILMN_1801403	DCUN1D4	9.611482865266131
ILMN_1726839	DCUN1D5	11.209024547946754
ILMN_2361096	DCX	12.93022077409079
ILMN_1681437	DCXR	11.760011123324652
ILMN_1694530	DDA1	11.077995426258019
ILMN_1668507	DDAH1	8.798669110501137
ILMN_1770787	DDAH2	11.606932309942664
ILMN_1775937	DDB1	13.037804297126298
ILMN_1660817	DDB2	6.95733980736168
ILMN_2228463	DDC	7.165376492957086
ILMN_1780306	DDHD1	2.011195966833633
ILMN_1705871	DDHD2	10.814711882521374
ILMN_1767032	DDI1	2.1967177013705634
ILMN_1775861	DDI2	3.9005936317952177
ILMN_1790100	DDIAS	5.329917533434576
ILMN_1676984	DDIT3	9.558224902957688
ILMN_1661599	DDIT4	12.537003601350003
ILMN_1696537	DDIT4L	5.427377698332688
ILMN_1673450	DDN	3.923594372595767
ILMN_2393456	DDO	4.408114736766965
ILMN_1734231	DDOST	11.688018874262648
ILMN_1812262	DDR1	11.349456618466414
ILMN_2410523	DDR2	5.898810769471864
ILMN_1797828	DDRGK1	9.754135336085948
ILMN_1690982	DDT	12.789605077654727
ILMN_3244439	DDTL	2.383555993857757
ILMN_2182750	DDX1	10.808512225356871
ILMN_1753249	DDX10	8.598688516419026
ILMN_2345908	DDX11	3.966229622682509
ILMN_1675124	DDX17	8.190052730465345
ILMN_1756220	DDX18	10.554553065297752
ILMN_2197101	DDX19A	8.451171309165893
ILMN_2381841	DDX19B	11.500798301541245
ILMN_1694983	DDX20	3.1984258675227593
ILMN_1735461	DDX21	9.766095449539966
ILMN_1784218	DDX23	7.787113190420251
ILMN_1700628	DDX24	11.332385239098686
ILMN_2127897	DDX25	7.760592564444554
ILMN_1676759	DDX27	7.28076684750707
ILMN_1741736	DDX28	5.9070307269270295
ILMN_1781721	DDX31	7.058815829845817
ILMN_1747303	DDX39A	10.10070967290446
ILMN_1686626	DDX39B	11.542629118857091
ILMN_1794392	DDX3X	9.725006352383465
ILMN_1732039	DDX3Y	0.4845980608265558
ILMN_1752457	DDX4	0.7970960019023982
ILMN_1737344	DDX41	9.10445219335166
ILMN_1695983	DDX42	10.106490428124012
ILMN_1813893	DDX43	3.179925539472159
ILMN_1727001	DDX46	6.875727608041767
ILMN_1814859	DDX47	11.580443063111426
ILMN_1762225	DDX49	8.129101543606014
ILMN_1805344	DDX5	12.193962728089426
ILMN_1712320	DDX50	10.086879116497178
ILMN_2215382	DDX51	12.44566685979405
ILMN_2366790	DDX52	7.012575604755415
ILMN_1754163	DDX53	3.0967889409673077
ILMN_1812976	DDX54	4.908187294620265
ILMN_1797425	DDX55	9.260947615144728
ILMN_1679405	DDX56	8.797928847129686
ILMN_1797001	DDX58	3.2447908726902237
ILMN_1748077	DDX59	8.348888779938237
ILMN_1777340	DDX6	1.7960117144901975
ILMN_1795181	DDX60	3.3544518726059755
ILMN_3243928	DDX60L	2.0601752593428952
ILMN_1658902	DEAF1	9.246481945221111
ILMN_1659893	DEC1	0.8805421074840499
ILMN_1720838	DECR1	10.41417865582676
ILMN_1783337	DECR2	7.897769416644224
ILMN_2313074	DEDD	8.615905838328924
ILMN_1768031	DEDD2	11.34244097091696
ILMN_2145280	DEF6	6.172771042950264
ILMN_1656185	DEF8	9.703752930422077
ILMN_2193213	DEFA1	0.0
ILMN_2102721	DEFA1B	1.2821497909646749
ILMN_2165289	DEFA3	0.0
ILMN_1753347	DEFA4	2.2375600687047563
ILMN_1770424	DEFA5	4.400559485054997
ILMN_1759089	DEFA6	0.0
ILMN_1686573	DEFB1	2.2638355513062383
ILMN_1684308	DEFB103A	2.1257314672122063
ILMN_2132515	DEFB103B	0.6011849755908419
ILMN_1658346	DEFB104A	0.48853083965492416
ILMN_2177234	DEFB104B	1.4490350220065948
ILMN_1722505	DEFB105A	0.27820482768933935
ILMN_3249677	DEFB105B	1.497386561458371
ILMN_1741367	DEFB106A	3.6325632495825553
ILMN_2044081	DEFB106B	4.54375813175246
ILMN_2214594	DEFB107A	3.0101116571824122
ILMN_3244220	DEFB107B	2.1793279001380403
ILMN_1730448	DEFB108B	3.5907372267552113
ILMN_3241026	DEFB109P1	2.371065230843641
ILMN_2120325	DEFB110	1.0819364094009625
ILMN_2086654	DEFB112	1.4297508552954286
ILMN_3248356	DEFB113	0.0
ILMN_1800476	DEFB114	0.5439507012623033
ILMN_3248525	DEFB115	1.6944682967959788
ILMN_3238684	DEFB116	4.819473838241479
ILMN_1731598	DEFB118	2.237621619515662
ILMN_1725640	DEFB119	1.4252295890153945
ILMN_1677178	DEFB121	0.0
ILMN_1722538	DEFB123	6.042491775803846
ILMN_2104732	DEFB124	2.137127680295191
ILMN_1706077	DEFB125	1.6866205224923023
ILMN_1792172	DEFB126	0.0
ILMN_1694973	DEFB127	2.017513650430379
ILMN_2070583	DEFB128	4.0134325447127805
ILMN_2229865	DEFB129	0.9003994321020862
ILMN_3238931	DEFB130	1.210123860340295
ILMN_1655905	DEFB131	3.251249983523961
ILMN_1683887	DEFB132	1.9038019413002178
ILMN_3308325	DEFB133	0.6157230538564241
ILMN_1711790	DEFB135	0.2597013745401262
ILMN_1778631	DEFB136	0.0
ILMN_2048043	DEFB4A	0.16347604926030043
ILMN_1780058	DEGS1	9.721396345354629
ILMN_1768772	DEGS2	0.4216806646602578
ILMN_1747630	DEK	10.069160651698006
ILMN_1727315	DENND1A	8.418757357588126
ILMN_1862521	DENND1B	1.2370414003358905
ILMN_1767020	DENND1C	4.630177348097241
ILMN_1666503	DENND2A	10.027358298536399
ILMN_1815035	DENND2C	6.178828451211296
ILMN_1707088	DENND2D	1.59332905133604
ILMN_1692742	DENND3	3.8217339669364665
ILMN_2041161	DENND4A	5.059344913871133
ILMN_3245066	DENND4B	7.997197668060977
ILMN_1669599	DENND4C	8.261635288727307
ILMN_1785356	DENND5A	9.872761475459784
ILMN_1791593	DENND5B	6.286697088314003
ILMN_1653615	DENND6A	1.1771377719427425
ILMN_1659029	DENND6B	9.503734617848016
ILMN_1760954	DENR	10.25316818229731
ILMN_1802819	DEPDC1	4.7192570787430235
ILMN_1814600	DEPDC1B	6.45627590896832
ILMN_2135527	DEPDC4	5.93542867863884
ILMN_1658717	DEPDC5	5.595888948742104
ILMN_2383163	DEPDC7	4.095115599421275
ILMN_1756685	DEPTOR	4.797380072388096
ILMN_1811551	DERA	9.722975764867318
ILMN_2209748	DERL1	10.213689292495319
ILMN_1761969	DERL2	9.999250756037714
ILMN_1651415	DERL3	5.752711323861024
ILMN_1698995	DES	3.3021998932729235
ILMN_1737580	DESI1	7.582751944388664
ILMN_1660840	DESI2	9.81827643505962
ILMN_1661653	DET1	8.393662284221845
ILMN_1663062	DEUP1	0.6014342728112513
ILMN_1738866	DEXI	10.54015564397936
ILMN_1667213	DFFA	9.15355356625532
ILMN_1678962	DFFB	6.6271972670013355
ILMN_1670145	DFNA5	9.83664942898246
ILMN_1914857	DFNB59	5.94801220670157
ILMN_1704091	DGAT1	7.753459636750687
ILMN_1681520	DGAT2	1.2999468598921842
ILMN_1739830	DGAT2L6	0.5034622392685743
ILMN_3311025	DGCR10	3.9487027303907785
ILMN_3236211	DGCR11	8.156869991650524
ILMN_1719232	DGCR14	7.552375726303666
ILMN_1713301	DGCR2	7.693161843723522
ILMN_2221808	DGCR5	4.205821225437345
ILMN_1791396	DGCR6	11.699397916498556
ILMN_3245688	DGCR6L	10.068502007174448
ILMN_1694223	DGCR8	6.014905873031586
ILMN_3241987	DGCR9	1.4374044918158144
ILMN_1661544	DGKA	3.5856373534448216
ILMN_1810335	DGKB	5.472542063010938
ILMN_1765326	DGKD	7.5123316687732435
ILMN_1717946	DGKE	1.0612149571976461
ILMN_1741960	DGKG	0.31545459846371743
ILMN_1714087	DGKH	2.6008846757716295
ILMN_1718266	DGKI	2.895580445899873
ILMN_1707799	DGKK	0.6259588560788075
ILMN_1793017	DGKQ	7.778530833441384
ILMN_1757143	DGKZ	4.508732412617431
ILMN_1743432	DGUOK	13.111919686318645
ILMN_1725510	DHCR24	9.951362456798032
ILMN_2165867	DHCR7	10.191457919324682
ILMN_2405642	DHDDS	6.9221558166802994
ILMN_1689200	DHDH	8.432397022282567
ILMN_1782813	DHFR	4.232033882000455
ILMN_1762426	DHFR2	6.644557306570854
ILMN_1799996	DHH	0.2977663633382856
ILMN_1782993	DHODH	3.456433458078111
ILMN_2326997	DHPS	11.82623668251963
ILMN_1807206	DHRS1	9.801100821008895
ILMN_1756701	DHRS11	9.533655558205842
ILMN_1762327	DHRS12	6.039790593164391
ILMN_1790781	DHRS13	7.407519490561953
ILMN_2384857	DHRS2	6.583529221432222
ILMN_1752478	DHRS3	7.812261193152508
ILMN_2185884	DHRS4	8.184854536317978
ILMN_3187771	DHRS4-AS1	8.994347444954034
ILMN_1761450	DHRS4L2	5.567464738590561
ILMN_1807455	DHRS7	11.075651939643476
ILMN_1707901	DHRS7B	6.559086412508982
ILMN_3237936	DHRS7C	0.7576928696833484
ILMN_1727150	DHRS9	0.6805862640671325
ILMN_1704139	DHRSX	5.562055373342774
ILMN_1664369	DHTKD1	7.279823615112428
ILMN_2168449	DHX15	12.251455169529471
ILMN_1716922	DHX16	8.250590209445754
ILMN_2090123	DHX29	8.821074886530878
ILMN_1795218	DHX30	9.077440191336805
ILMN_1713688	DHX32	8.330474124076341
ILMN_1744308	DHX33	7.754041367304048
ILMN_1747506	DHX34	6.5181458304944
ILMN_1733667	DHX35	7.3614125988830885
ILMN_1738272	DHX36	9.446453427716184
ILMN_2192683	DHX37	8.167063541401863
ILMN_1735679	DHX38	6.96205069767696
ILMN_2248589	DHX40	10.037601240904136
ILMN_1652022	DHX57	2.440457161451748
ILMN_1678422	DHX58	5.113433746762507
ILMN_1687419	DHX8	5.110033088523926
ILMN_1656016	DHX9	8.978221553060138
ILMN_2310589	DIABLO	12.464548715198747
ILMN_2321416	DIAPH1	6.898412501703446
ILMN_1744046	DIAPH2	6.282360035199123
ILMN_2275533	DIAPH3	5.040219208654441
ILMN_1772692	DICER1	8.871451856427523
ILMN_1812934	DIDO1	6.695061857404084
ILMN_2089656	DIEXF	2.4404853094934906
ILMN_1803312	DIMT1	10.258676371491104
ILMN_1686291	DIO1	1.1476776721420001
ILMN_1737650	DIO2	2.3190348697306136
ILMN_2075067	DIO3	7.1900797471725335
ILMN_3245591	DIO3OS	4.804430671026469
ILMN_2277523	DIP2A	5.91658707337596
ILMN_2180352	DIP2B	9.407242121580953
ILMN_1676062	DIP2C	6.839574355639022
ILMN_1775048	DIRAS1	6.457916568509854
ILMN_1742846	DIRAS2	7.201151894210721
ILMN_1688877	DIRAS3	5.396501373960226
ILMN_1766986	DIRC1	1.2829330701795463
ILMN_1793743	DIRC2	8.364432067806112
ILMN_1890253	DIRC3	2.126954309630476
ILMN_1799796	DIS3	5.670713424753905
ILMN_1795822	DIS3L	8.655417586984543
ILMN_1745737	DIS3L2	6.662736794026499
ILMN_1719203	DISC1	2.764674850358714
ILMN_1744752	DISC2	1.605852270458609
ILMN_1695745	DISP1	6.598222418203492
ILMN_1813517	DISP2	6.284287901430574
ILMN_1767927	DISP3	5.907942181813346
ILMN_2276688	DIXDC1	8.199171463628403
ILMN_1671257	DKC1	9.517356458767402
ILMN_3266133	DKFZP434A062	0.1930466719758206
ILMN_1741621	DKFZP434I0714	5.896529228459209
ILMN_1892638	DKFZP564C152	10.952225847159404
ILMN_2216838	DKFZP586I1420	5.80422849746757
ILMN_3188058	DKFZP779M0652	5.1450375498166805
ILMN_1773337	DKK1	4.641634838743189
ILMN_1695506	DKK2	3.681070656727266
ILMN_2398159	DKK3	13.32323447526673
ILMN_1712729	DKK4	1.8571277855322823
ILMN_1721132	DKKL1	7.390769781403474
ILMN_1706583	DLAT	7.335881030254332
ILMN_1698020	DLC1	6.3484478368190125
ILMN_1664577	DLD	8.665007713808707
ILMN_2401987	DLEC1	2.0615958806480403
ILMN_2043918	DLEU1	7.398552076580532
ILMN_1784046	DLEU2	1.456003852375158
ILMN_2143011	DLEU2L	0.9364028665548888
ILMN_3307752	DLEU7	5.703975490196471
ILMN_1701958	DLG1	3.881306791242487
ILMN_1733043	DLG2	3.9834873831118522
ILMN_2336728	DLG3	6.637379377783167
ILMN_1768595	DLG4	11.050318157376305
ILMN_1744709	DLG5	7.464566465247873
ILMN_3249338	DLG5-AS1	2.2133244497124953
ILMN_1740450	DLGAP1	1.3464048083025155
ILMN_3307940	DLGAP1-AS1	2.612814711273312
ILMN_1864588	DLGAP1-AS5	3.0405432152298477
ILMN_1713139	DLGAP2	3.358990864839443
ILMN_1754842	DLGAP4	7.691636377900159
ILMN_1861123	DLGAP4-AS1	2.2776952355409503
ILMN_3239771	DLGAP5	8.18193878278552
ILMN_1797519	DLK1	14.739348852777034
ILMN_1676728	DLK2	7.788721704660685
ILMN_1743373	DLL1	10.021545668374168
ILMN_1736096	DLL3	10.964228004994503
ILMN_1690174	DLL4	2.8463546659379735
ILMN_1773228	DLST	9.153095865013483
ILMN_1672094	DLX1	6.122443194247151
ILMN_1692368	DLX2	3.2672556201094296
ILMN_1789357	DLX3	3.0149931786878716
ILMN_1771113	DLX4	4.68643001584542
ILMN_1759598	DLX5	4.43379268864983
ILMN_2225151	DLX6	0.0
ILMN_3242922	DLX6-AS1	3.0001669382293508
ILMN_1773885	DMAP1	10.011185804996607
ILMN_1681612	DMBT1	2.546948516746251
ILMN_1765993	DMBX1	0.6815430380885817
ILMN_2162367	DMC1	12.918906873276045
ILMN_1656315	DMD	5.034388893291422
ILMN_2117526	DMGDH	2.6542674831968456
ILMN_2391264	DMKN	4.45169396379238
ILMN_1775622	DMP1	2.60561493712712
ILMN_1689828	DMPK	5.588788538007118
ILMN_2209221	DMRT1	1.0430698544681787
ILMN_1751785	DMRT2	2.987879703984051
ILMN_1687220	DMRT3	0.22222335433214627
ILMN_1655521	DMRTA1	1.3505979331051527
ILMN_1699491	DMRTA2	3.805718830209704
ILMN_1754187	DMRTB1	3.2741853022869267
ILMN_3241323	DMRTC1	1.0025338493784177
ILMN_1756088	DMRTC1B	1.9922078576487177
ILMN_2178771	DMRTC2	0.031356568662234116
ILMN_2119486	DMTF1	9.393167715586596
ILMN_1671686	DMTN	6.2455627305509465
ILMN_1714352	DMWD	7.426926697118702
ILMN_1663646	DMXL1	0.26410293569532167
ILMN_1705663	DMXL2	7.200008444115514
ILMN_1664682	DNA2	6.301837715202399
ILMN_1776967	DNAAF1	3.449404287913708
ILMN_1769757	DNAAF2	8.0560063987151
ILMN_1772074	DNAAF3	1.5265224378123783
ILMN_1732537	DNAAF5	6.278901832706417
ILMN_1685052	DNAH1	5.880713865046846
ILMN_1848273	DNAH10	2.941501607298506
ILMN_1705244	DNAH11	1.360305869267413
ILMN_1770065	DNAH12	3.1773445038340378
ILMN_1779847	DNAH14	6.702644817125392
ILMN_1667737	DNAH17	0.8722716386740738
ILMN_1714296	DNAH2	5.984191263781661
ILMN_1813936	DNAH3	1.58373234866826
ILMN_1689829	DNAH5	1.999845378500862
ILMN_1884041	DNAH6	4.462099529122098
ILMN_1715203	DNAH7	0.6093000578377269
ILMN_1813799	DNAH9	2.30766912130214
ILMN_1745880	DNAI1	3.6370025017752874
ILMN_1756921	DNAI2	0.9087290405744378
ILMN_1672496	DNAJA1	13.216568008952095
ILMN_1770127	DNAJA2	12.016587268587179
ILMN_1662334	DNAJA3	10.787231264055423
ILMN_1776998	DNAJA4	3.176436016112479
ILMN_1775304	DNAJB1	10.729991404592274
ILMN_1753243	DNAJB11	11.86160036752504
ILMN_1712929	DNAJB12	7.180493356613632
ILMN_1689425	DNAJB13	1.029796020956442
ILMN_2415898	DNAJB14	6.5532677692802395
ILMN_2390974	DNAJB2	11.949135572269276
ILMN_2122081	DNAJB3	4.269518598654293
ILMN_2222317	DNAJB4	7.239179867381018
ILMN_1794056	DNAJB5	9.32587234314955
ILMN_2402416	DNAJB6	12.393100159566584
ILMN_1809307	DNAJB7	1.9880331038192889
ILMN_1768845	DNAJB8	2.8774202973841376
ILMN_1773742	DNAJB9	10.962000486722225
ILMN_1683234	DNAJC1	5.782119035781072
ILMN_2151541	DNAJC10	9.755090324555969
ILMN_1747903	DNAJC11	2.961220512903504
ILMN_2311020	DNAJC12	11.076538618137283
ILMN_1752281	DNAJC13	6.813180078347539
ILMN_1785177	DNAJC14	7.798891333730527
ILMN_1812666	DNAJC15	7.007921785403319
ILMN_1717078	DNAJC16	3.5084593886100275
ILMN_1703573	DNAJC17	6.8009027419025765
ILMN_1688730	DNAJC18	9.558797473239848
ILMN_1742109	DNAJC19	6.423857983415346
ILMN_2174296	DNAJC2	0.33861178235812117
ILMN_1714563	DNAJC21	6.518568874118965
ILMN_1749636	DNAJC22	4.314445572808111
ILMN_1685930	DNAJC24	7.437859127760848
ILMN_1778161	DNAJC25	8.630587658954584
ILMN_1767809	DNAJC25-GNG10	5.338380684271587
ILMN_1810436	DNAJC27	9.729032889954548
ILMN_1814204	DNAJC28	14.123924354918174
ILMN_1659843	DNAJC3	6.49872525862451
ILMN_3246801	DNAJC30	6.1541113690366975
ILMN_3307827	DNAJC4	9.678225375316932
ILMN_1789642	DNAJC5	7.906849217277045
ILMN_1654204	DNAJC5B	0.47396440414710544
ILMN_1725554	DNAJC5G	3.968991664473044
ILMN_1696079	DNAJC6	2.4224471633403524
ILMN_1663616	DNAJC7	8.854095965609039
ILMN_1698258	DNAJC8	12.492696607517766
ILMN_1799516	DNAJC9	10.266849384135535
ILMN_1730464	DNAL1	7.139316150708228
ILMN_1801845	DNAL4	10.491206847077406
ILMN_1745501	DNALI1	10.779781607246553
ILMN_1719616	DNASE1	5.669271695470884
ILMN_2380967	DNASE1L1	7.226111918813737
ILMN_1801366	DNASE1L2	2.497136197819703
ILMN_2049184	DNASE1L3	1.142006259043558
ILMN_1796245	DNASE2	9.234081663495667
ILMN_1789130	DNASE2B	1.4526813469574906
ILMN_1780991	DND1	1.8170515087626171
ILMN_1791679	DNER	10.609461890020855
ILMN_2160718	DNHD1	6.3994153707504005
ILMN_2112049	DNLZ	10.514682677919927
ILMN_1805200	DNM1	6.611852141465827
ILMN_2286800	DNM1L	8.972957444512051
ILMN_3242307	DNM1P35	1.2390076980931195
ILMN_1709024	DNM1P46	1.8104834042830718
ILMN_1656822	DNM2	6.795325881564373
ILMN_1680928	DNM3	8.898661313479131
ILMN_1702443	DNMBP	4.0835160758315565
ILMN_3235335	DNMBP-AS1	0.5188408725691421
ILMN_1760201	DNMT1	10.970252447701311
ILMN_1676128	DNMT3A	4.189611414182855
ILMN_2328972	DNMT3B	7.709596618350777
ILMN_2406634	DNMT3L	3.018930721294692
ILMN_1691393	DNPEP	6.692299302592915
ILMN_2380588	DNPH1	9.354676622786828
ILMN_2384001	DNTT	1.4244813975952866
ILMN_1691117	DNTTIP1	9.54910604758638
ILMN_1708345	DNTTIP2	0.3253425956798094
ILMN_1812477	DOC2A	5.9972521911360515
ILMN_1718401	DOC2B	2.261107861471197
ILMN_3205914	DOC2GP	0.3966024111445871
ILMN_1715789	DOCK1	5.402974154630468
ILMN_1702301	DOCK10	6.207342288883802
ILMN_1765860	DOCK11	7.925114363906221
ILMN_1799725	DOCK2	5.606258603944315
ILMN_1712352	DOCK3	6.543047594436286
ILMN_1801044	DOCK4	0.37769161911752347
ILMN_1752455	DOCK5	2.127191040918424
ILMN_1801226	DOCK6	8.242157501121353
ILMN_1678629	DOCK7	9.478325376276514
ILMN_1788931	DOCK8	0.41989392456948504
ILMN_1773413	DOCK9	0.4238223361576043
ILMN_1848913	DOCK9-AS2	0.9933374909054705
ILMN_1784977	DOHH	5.774924412822834
ILMN_1700086	DOK1	1.3930467524382522
ILMN_1791211	DOK2	1.1553126747766884
ILMN_1692225	DOK3	1.8649917282045416
ILMN_1774261	DOK4	8.87752137064319
ILMN_1728572	DOK5	8.809847785669595
ILMN_1785290	DOK6	6.6764722016422935
ILMN_1654212	DOK7	4.385849004024155
ILMN_1753627	DOLK	5.650504608418225
ILMN_1672042	DOLPP1	10.048757231026674
ILMN_1758629	DONSON	9.125959421861106
ILMN_1739156	DOPEY1	6.291048047402202
ILMN_2180239	DOPEY2	9.452281038669307
ILMN_1693559	DOT1L	2.251592423080984
ILMN_1692760	DPAGT1	9.461362935199306
ILMN_2047112	DPCD	10.181214496663994
ILMN_1687625	DPCR1	2.931790427554898
ILMN_1670779	DPEP1	2.740365740222998
ILMN_1689160	DPEP2	1.766075300953872
ILMN_1731275	DPEP3	1.117679431144596
ILMN_1769961	DPF1	8.799507988920125
ILMN_1734317	DPF2	10.963998146220534
ILMN_1734380	DPF3	6.468707580737234
ILMN_1735573	DPH1	2.572165658847766
ILMN_2375418	DPH2	9.340790297278634
ILMN_2349610	DPH3	9.690725814510857
ILMN_3216377	DPH3P1	2.3250207186964005
ILMN_1770048	DPH5	10.976378248559277
ILMN_2140207	DPH6	9.109454750787608
ILMN_1689932	DPH7	6.919477076678599
ILMN_2105308	DPM1	10.762983263680473
ILMN_1732049	DPM2	8.300132775504904
ILMN_2402674	DPM3	11.573854510666992
ILMN_1778425	DPP10	6.7862825926366455
ILMN_1907292	DPP10-AS3	1.872632838732428
ILMN_2349129	DPP3	8.279979995449969
ILMN_1692535	DPP4	4.127426675254539
ILMN_1712506	DPP6	6.285506827923985
ILMN_2252309	DPP7	10.495681384815269
ILMN_1759801	DPP8	7.522165039016996
ILMN_1673069	DPP9	6.81315618790325
ILMN_1780790	DPPA2	4.7800312304152435
ILMN_3267024	DPPA2P3	2.874577263936164
ILMN_3251278	DPPA3	4.9148459471775725
ILMN_1768721	DPPA4	8.357084765841861
ILMN_1813998	DPPA5	0.18229379323365125
ILMN_1653158	DPRX	1.455003625693965
ILMN_2051483	DPRXP4	2.143831416487726
ILMN_1708107	DPT	4.0300757213649065
ILMN_1791296	DPY19L1	9.136143335893616
ILMN_1801853	DPY19L2	4.791988277592012
ILMN_3237304	DPY19L2P1	4.735852397804855
ILMN_1760992	DPY19L2P2	3.2334271734069993
ILMN_1741908	DPY19L2P4	0.6205472448728465
ILMN_1725072	DPY19L3	7.024618346552543
ILMN_1775573	DPY19L4	7.388274620634312
ILMN_2131880	DPY30	11.974088478167682
ILMN_1795715	DPYD	2.3302679412172957
ILMN_1749324	DPYS	0.3216508802377123
ILMN_1672503	DPYSL2	14.330509494847133
ILMN_1679262	DPYSL3	14.140506200023994
ILMN_1792356	DPYSL4	12.304429175469076
ILMN_1804509	DPYSL5	3.1574863901946983
ILMN_1770502	DQX1	2.9209115313837017
ILMN_1759983	DR1	10.39685397458654
ILMN_1669376	DRAM1	5.691692688262267
ILMN_1808634	DRAM2	7.131596048480408
ILMN_2112301	DRAP1	10.91277341026539
ILMN_2047460	DRAXIN	11.09670694633745
ILMN_1687445	DRC1	0.8728357875239835
ILMN_1666631	DRC3	2.22034736474404
ILMN_1712067	DRC7	6.581487492347718
ILMN_1773210	DRD1	1.5762953638937516
ILMN_1675057	DRD2	6.219427225503544
ILMN_1738251	DRD3	8.437718328056093
ILMN_2112915	DRD4	8.061084716654095
ILMN_1689043	DRD5	1.06635260589904
ILMN_1658259	DRG1	11.053300184967176
ILMN_1810531	DRG2	7.507797093389463
ILMN_1766178	DRICH1	0.8533842396024459
ILMN_1790410	DROSHA	8.573769771792447
ILMN_1702329	DRP2	0.7880077252130778
ILMN_2402640	DSC1	1.9809349177155269
ILMN_1663119	DSC2	7.050042653891029
ILMN_1765363	DSC3	5.492625923452306
ILMN_1788759	DSCAM	5.637436265901095
ILMN_2075962	DSCAML1	0.0
ILMN_1776577	DSCC1	6.754505579914657
ILMN_1717099	DSCR3	8.595766907505798
ILMN_1762876	DSCR4	0.5774801923076341
ILMN_1706498	DSE	6.820160816860038
ILMN_2167915	DSEL	1.8732590832443095
ILMN_1794662	DSG1	4.248606964909907
ILMN_3251672	DSG2	8.862460160517893
ILMN_1655468	DSG3	1.515146507566131
ILMN_1812799	DSG4	2.0323610343128338
ILMN_1715905	DSN1	6.27907317475957
ILMN_1655614	DSP	4.915468451037846
ILMN_1694839	DSPP	0.80470417167056
ILMN_2394276	DST	3.7608354749450394
ILMN_1706426	DSTN	12.264796346087925
ILMN_2352023	DSTYK	8.64509137151404
ILMN_1774432	DTD1	10.687569143541177
ILMN_1704238	DTD2	6.155935836834942
ILMN_1765773	DTHD1	2.860285832335643
ILMN_1779711	DTL	5.2625115062785435
ILMN_1730201	DTNA	8.942906295232175
ILMN_1798819	DTNB	5.753368039336831
ILMN_1783806	DTNBP1	7.292318716910131
ILMN_1740861	DTWD1	8.09546363363089
ILMN_2054554	DTWD2	10.62848923504733
ILMN_1689002	DTX1	7.010030690649316
ILMN_2275098	DTX2	7.575473946720066
ILMN_1658677	DTX3	8.298507822441325
ILMN_1784380	DTX3L	0.515936492594266
ILMN_1653678	DTX4	1.3679315877442093
ILMN_2152768	DTYMK	6.047920686388398
ILMN_1686463	DUBR	2.5502029450502905
ILMN_2404182	DUOX1	2.155862912784461
ILMN_1786335	DUOX2	0.5519503108874191
ILMN_1710622	DUOXA1	0.2786685718358651
ILMN_1791711	DUOXA2	1.8239804226941245
ILMN_1656225	DUPD1	1.4773216204892803
ILMN_1653342	DUS1L	6.567314052734179
ILMN_1811650	DUS2	7.241896662627084
ILMN_1723235	DUS3L	7.267180188772691
ILMN_1776858	DUS4L	8.274782673130568
ILMN_1781285	DUSP1	11.541835782562211
ILMN_1759175	DUSP10	5.663208682566789
ILMN_1740171	DUSP11	8.223431528994992
ILMN_1767892	DUSP12	11.00121954740662
ILMN_1785592	DUSP13	5.828600049699463
ILMN_1666546	DUSP14	8.785404474036108
ILMN_2382471	DUSP15	7.976799552266495
ILMN_1764361	DUSP16	8.918959336342592
ILMN_1734288	DUSP18	7.061526860982384
ILMN_1722492	DUSP19	12.154295783409003
ILMN_1712959	DUSP2	5.864632037147548
ILMN_1746194	DUSP21	1.8357340051945847
ILMN_1813275	DUSP22	10.884521287898629
ILMN_1659462	DUSP23	8.26495395301257
ILMN_1667578	DUSP26	10.097465673487749
ILMN_2318932	DUSP27	5.240221790702498
ILMN_1741780	DUSP28	9.766772203420706
ILMN_1797522	DUSP3	11.098291482238933
ILMN_1808391	DUSP4	6.701882618284522
ILMN_1656501	DUSP5	7.814902865999676
ILMN_2051731	DUSP5P1	3.59490653852756
ILMN_2396020	DUSP6	8.180137842641805
ILMN_1782581	DUSP7	3.2866560490069276
ILMN_1743204	DUSP8	7.9216011288669295
ILMN_1712314	DUSP9	2.4450740620374023
ILMN_1721008	DUT	9.26258323112078
ILMN_1711055	DUX1	1.9727498973921689
ILMN_2191067	DUX3	1.8546328571199229
ILMN_2115813	DUX5	0.3129977598983272
ILMN_1778553	DUXA	4.974595160152989
ILMN_1655632	DVL1	1.0067264156773141
ILMN_1652163	DVL2	7.108111031070524
ILMN_2137464	DVL3	8.438019473699626
ILMN_1726990	DXO	8.099356880367495
ILMN_2164173	DYDC1	2.2530270913533186
ILMN_1760513	DYDC2	5.840528528503004
ILMN_1680130	DYM	10.161619100524293
ILMN_1746670	DYNAP	3.9124253743981776
ILMN_1780302	DYNC1H1	11.312319180868434
ILMN_1690397	DYNC1I1	9.339683179813958
ILMN_1773847	DYNC1I2	12.023363871202386
ILMN_1703844	DYNC1LI1	4.484637693205735
ILMN_1783448	DYNC1LI2	12.07985327922529
ILMN_2343310	DYNC2H1	6.7511312437414475
ILMN_1811836	DYNC2LI1	8.83309989931614
ILMN_1795227	DYNLL1	13.433558115620189
ILMN_1772796	DYNLL2	8.95838104792714
ILMN_1658053	DYNLRB1	11.848711764193306
ILMN_1697317	DYNLRB2	3.728061686791517
ILMN_1678766	DYNLT1	11.224194716773292
ILMN_1681890	DYNLT3	7.839973268997429
ILMN_1664560	DYRK1A	9.521822844620639
ILMN_1696991	DYRK1B	4.389819113322227
ILMN_2374244	DYRK2	8.8966144575756
ILMN_2400326	DYRK3	7.031628699841974
ILMN_1681269	DYRK4	11.20328226266201
ILMN_1810420	DYSF	5.098927193840755
ILMN_3244704	DYTN	0.9319117261954415
ILMN_1731025	DYX1C1	3.1742223131677445
ILMN_1664242	DZANK1	4.62880478077593
ILMN_1685431	DZIP1	6.469404465115207
ILMN_2078466	DZIP1L	5.987000530655365
ILMN_1763200	DZIP3	5.575791802880477
ILMN_2051469	E2F1	6.237220855165941
ILMN_1777233	E2F2	7.4464752852222595
ILMN_1669502	E2F3	8.505342604635056
ILMN_1761828	E2F4	8.84544083408194
ILMN_1782551	E2F5	9.229467740919327
ILMN_1656196	E2F6	10.044427288149588
ILMN_1798210	E2F7	5.055693908067019
ILMN_1811006	E2F8	0.681279354382959
ILMN_1720287	E4F1	10.45056763073521
ILMN_1685012	EAF1	8.501233755652239
ILMN_1708798	EAF2	6.32422215098634
ILMN_3243744	EAPP	9.670917005600268
ILMN_1758750	EARS2	8.51380027847428
ILMN_1791896	EBAG9	9.435787761863537
ILMN_1778681	EBF1	9.80686920336777
ILMN_1844919	EBF2	6.739257797268277
ILMN_1707232	EBF3	9.687049313246769
ILMN_3177727	EBF4	5.736558797949601
ILMN_1802653	EBI3	0.8617106920965402
ILMN_1672324	EBLN1	0.48438086386298784
ILMN_2186877	EBLN2	7.804899578095459
ILMN_1768127	EBNA1BP2	10.654279091227467
ILMN_2073604	EBP	10.919179200253877
ILMN_1805922	EBPL	11.68381296181826
ILMN_2206645	ECD	8.489670309592867
ILMN_1672174	ECE1	6.051303611106419
ILMN_2275248	ECE2	5.865460320725891
ILMN_2203491	ECEL1	9.777320470071318
ILMN_1653115	ECH1	11.466819499111269
ILMN_2167011	ECHDC1	7.846610851616334
ILMN_1671568	ECHDC2	5.899042303603959
ILMN_2072178	ECHDC3	7.228521138856801
ILMN_1718132	ECHS1	11.12004749542119
ILMN_2049303	ECI1	10.841106081583684
ILMN_1761131	ECI2	9.43584152976979
ILMN_2329735	ECM1	6.824805847174349
ILMN_1746763	ECM2	0.24269846748377946
ILMN_3202002	ECRP	0.05461538507726224
ILMN_1658415	ECSCR	3.054928100869008
ILMN_2233604	ECSIT	7.86707897950388
ILMN_1717173	ECT2	8.838934773170575
ILMN_1706193	ECT2L	5.384431194351799
ILMN_2381655	EDA	3.76082458354689
ILMN_1767233	EDA2R	4.705260336136869
ILMN_1767322	EDAR	1.9877964185932164
ILMN_1761820	EDARADD	6.963591192183334
ILMN_1724581	EDC3	7.468085354821086
ILMN_1665212	EDC4	9.765487909554464
ILMN_1755674	EDDM3A	3.6475844751331152
ILMN_1764402	EDDM3B	2.228234710800992
ILMN_1779828	EDEM1	7.276944402671007
ILMN_1711909	EDEM2	7.541491222544669
ILMN_2065299	EDEM3	7.085474289025567
ILMN_1726169	EDF1	13.603109426698294
ILMN_1689976	EDIL3	7.638727985248312
ILMN_1682775	EDN1	3.577180214706305
ILMN_1680814	EDN2	2.4418461383776884
ILMN_2358886	EDN3	3.6741117727635735
ILMN_1796629	EDNRA	7.716866885017911
ILMN_1751904	EDNRB	10.57717679655853
ILMN_1791656	EDRF1	8.287787672735732
ILMN_1743194	EEA1	6.151102230511559
ILMN_2347917	EED	6.177710836467192
ILMN_2038774	EEF1A1	15.812023161709405
ILMN_2108735	EEF1A2	14.01984726112756
ILMN_1730260	EEF1AKMT1	7.949230481127774
ILMN_2318725	EEF1B2	14.29701524077939
ILMN_2408039	EEF1D	12.925755563630098
ILMN_1725105	EEF1E1	10.812969802033054
ILMN_2262288	EEF1G	15.451561597936562
ILMN_1738383	EEF2	15.21956388847198
ILMN_1789171	EEF2K	6.811783129722947
ILMN_3250592	EEF2KMT	5.893210948514852
ILMN_1732375	EEFSEC	2.7301523938619394
ILMN_1811616	EEPD1	1.2363681023161448
ILMN_1699562	EFCAB1	4.27121935679659
ILMN_3266027	EFCAB10	0.6031036694891451
ILMN_2193315	EFCAB11	6.578588855624267
ILMN_1795514	EFCAB12	3.622920381925027
ILMN_1688422	EFCAB13	2.4231136205152075
ILMN_1697597	EFCAB14	8.188166023972068
ILMN_1694068	EFCAB2	0.0
ILMN_1726437	EFCAB3	4.238354911239688
ILMN_1762233	EFCAB5	0.0
ILMN_1669465	EFCAB6	5.123107550448956
ILMN_1822921	EFCAB6-AS1	3.7637390794453416
ILMN_1698673	EFCAB7	7.656410893382014
ILMN_3224108	EFCC1	4.276989487530876
ILMN_2350634	EFEMP1	8.591024013073392
ILMN_1653203	EFEMP2	9.484554541483206
ILMN_1704617	EFHB	3.7046477003500775
ILMN_1755051	EFHC1	7.55754751983277
ILMN_1791302	EFHC2	1.1513083713341932
ILMN_1779448	EFHD1	9.471670651529182
ILMN_1761463	EFHD2	10.115193661176418
ILMN_1729167	EFL1	7.136793560651036
ILMN_2371055	EFNA1	9.678538307180885
ILMN_1701009	EFNA2	1.4094875430593268
ILMN_1684256	EFNA3	2.3839011844902394
ILMN_1665696	EFNA4	7.5043586882690265
ILMN_1685616	EFNA5	2.110953562125776
ILMN_1654563	EFNB1	9.190261424518196
ILMN_1703852	EFNB2	8.498760386924365
ILMN_1695606	EFNB3	11.256049405113025
ILMN_1664776	EFR3A	8.43545308356723
ILMN_1849494	EFR3B	10.311297983547616
ILMN_1702105	EFS	6.309362140775651
ILMN_3275422	EFTUD1P1	5.225480749477261
ILMN_1738819	EFTUD2	9.209754204471563
ILMN_1690733	EGF	5.711647797753096
ILMN_3238618	EGFEM1P	6.106814950472066
ILMN_2057479	EGFL6	7.2139606971799735
ILMN_2381730	EGFL7	3.2902761881929585
ILMN_1693515	EGFL8	1.1447751385602152
ILMN_1654109	EGFLAM	5.763716683416713
ILMN_1798975	EGFR	6.198417492891682
ILMN_1749892	EGLN1	7.921633568492681
ILMN_2354391	EGLN2	11.558885205736182
ILMN_1667626	EGLN3	1.6316107330821383
ILMN_3247013	EGOT	4.574836259337837
ILMN_1762899	EGR1	7.0171298800245765
ILMN_1743199	EGR2	3.059219275855297
ILMN_1724280	EGR3	3.8595846531474027
ILMN_1764052	EGR4	0.735775117799183
ILMN_1803348	EHBP1	9.193753549212921
ILMN_3244457	EHBP1L1	3.620518391473194
ILMN_1651832	EHD1	10.660665216103327
ILMN_1808777	EHD2	5.995204850925574
ILMN_1671473	EHD3	5.105045899857029
ILMN_1720083	EHD4	7.084726736813707
ILMN_1708130	EHF	3.8767685867308592
ILMN_1701507	EHHADH	1.9551921742977163
ILMN_1706418	EHMT1	5.801175860981185
ILMN_1751081	EHMT2	6.9737755589806225
ILMN_1726138	EI24	8.337438371362975
ILMN_1775269	EID1	7.096092255377673
ILMN_1704472	EID2	8.180759072272656
ILMN_2051900	EID2B	12.672366596926063
ILMN_1776000	EID3	2.5894257551715985
ILMN_1803846	EIF1	14.406178699203394
ILMN_1717834	EIF1AD	2.9449615864088714
ILMN_1813240	EIF1AX	8.868517646126373
ILMN_2228976	EIF1AY	3.6509664186978816
ILMN_1679324	EIF1B	13.500898578557058
ILMN_1733305	EIF2A	10.918881280442918
ILMN_2156267	EIF2AK1	11.743769252455268
ILMN_1706502	EIF2AK2	8.103206936156075
ILMN_1724984	EIF2AK3	6.111571017971506
ILMN_1755114	EIF2AK4	9.514141951486277
ILMN_1753716	EIF2B1	9.200399124272716
ILMN_1713380	EIF2B2	10.788838690771756
ILMN_3237907	EIF2B3	7.646882958484615
ILMN_1687430	EIF2B4	10.137750649827352
ILMN_1688534	EIF2B5	9.343996633728992
ILMN_1712487	EIF2D	9.580677561894575
ILMN_1739821	EIF2S1	8.023942410368406
ILMN_1798014	EIF2S2	8.656507335816508
ILMN_1665717	EIF2S3	12.24844514105528
ILMN_1708164	EIF3A	9.886234553608716
ILMN_2379469	EIF3B	11.784629643894979
ILMN_2330410	EIF3C	6.83381065231373
ILMN_3238570	EIF3CL	8.148772674568546
ILMN_1739847	EIF3D	12.349183995710343
ILMN_1739257	EIF3E	14.738907577951084
ILMN_1694398	EIF3F	13.368577215670529
ILMN_1689446	EIF3G	12.277449150675016
ILMN_1683660	EIF3H	12.952169448644954
ILMN_1671291	EIF3I	13.077943722186264
ILMN_1809516	EIF3IP1	4.328589600423585
ILMN_1815345	EIF3J	8.928514127634438
ILMN_1689749	EIF3J-AS1	5.758518251303996
ILMN_1694057	EIF3K	12.391317162870296
ILMN_3240740	EIF3L	15.02434384795597
ILMN_2192693	EIF3M	12.856930633078564
ILMN_1722900	EIF4A1	14.130978275756325
ILMN_1685722	EIF4A2	14.443071168210643
ILMN_1667043	EIF4A3	11.047707939386987
ILMN_1655497	EIF4B	13.124847829724503
ILMN_3250077	EIF4E	6.359563048687471
ILMN_1687576	EIF4E1B	4.062914306811103
ILMN_1738326	EIF4E2	11.139614698930394
ILMN_2225144	EIF4E3	9.19188962109916
ILMN_1767324	EIF4EBP1	6.599485308739457
ILMN_1728083	EIF4EBP2	8.1924797514837
ILMN_2197225	EIF4EBP3	5.606594439825695
ILMN_1794967	EIF4ENIF1	8.067409089300908
ILMN_1768470	EIF4G1	9.160083964249905
ILMN_2380946	EIF4G2	13.046953420792116
ILMN_1775692	EIF4G3	8.215317669035064
ILMN_1776021	EIF4H	12.542296186702126
ILMN_1815733	EIF5	9.083127930333939
ILMN_1794522	EIF5A	10.628162538935944
ILMN_1735151	EIF5A2	6.776189308932326
ILMN_1766984	EIF5AL1	4.732852457441332
ILMN_1756767	EIF5B	7.510788430819502
ILMN_1787410	EIF6	10.380727828757438
ILMN_1693072	ELAC1	2.2321560526462876
ILMN_1718044	ELAC2	7.1479418376993
ILMN_1706635	ELANE	1.004457970452225
ILMN_1764873	ELAVL1	9.148403546548996
ILMN_1769369	ELAVL2	6.984559843138537
ILMN_1678618	ELAVL3	12.494740606692291
ILMN_2065254	ELAVL4	9.83431380064601
ILMN_1664010	ELF1	7.112115251168588
ILMN_1691559	ELF2	9.593327727555122
ILMN_1769201	ELF3	5.291098539855006
ILMN_1652082	ELF4	6.432318736807936
ILMN_1813270	ELF5	1.035147467844835
ILMN_3247713	ELFN1	4.24071708512276
ILMN_1658685	ELFN2	8.537418566044826
ILMN_1654289	ELK1	8.908885431314248
ILMN_1692335	ELK3	3.7037852511759977
ILMN_1771805	ELK4	5.8258507269789375
ILMN_1736048	ELL	6.607230847750181
ILMN_1655930	ELL2	6.369782655005128
ILMN_1771264	ELL3	3.721616020405106
ILMN_1784320	ELMO1	9.362243664967256
ILMN_2317730	ELMO2	9.118273094960497
ILMN_1752665	ELMO3	5.802332659974667
ILMN_1810604	ELMOD1	9.247980541285534
ILMN_1765159	ELMOD2	6.731893375133136
ILMN_1668065	ELMOD3	6.798610649161731
ILMN_1763091	ELMSAN1	8.380009552918914
ILMN_2385672	ELN	5.577293952606836
ILMN_1723185	ELOF1	9.769365975510077
ILMN_1798123	ELOVL1	6.588625108429315
ILMN_1716843	ELOVL2	5.888487181437516
ILMN_1692123	ELOVL3	4.735939136448795
ILMN_1737965	ELOVL4	10.587971241943649
ILMN_2174369	ELOVL5	10.201099638735016
ILMN_2111187	ELOVL6	10.677316334182569
ILMN_1740213	ELOVL7	1.9136097095434421
ILMN_1709132	ELP2	9.863320957249647
ILMN_1744068	ELP3	10.556185582379987
ILMN_1659339	ELP4	8.396787480802606
ILMN_2341690	ELP5	9.669401773683267
ILMN_1708382	ELP6	9.83205724278908
ILMN_3246560	EMB	0.8648501855181195
ILMN_1774779	EMBP1	4.241306706188708
ILMN_2153280	EMC1	8.29472172113247
ILMN_1786707	EMC10	6.704651359320962
ILMN_1777366	EMC2	4.979635434771102
ILMN_3240187	EMC3	11.516326435084574
ILMN_1798874	EMC4	11.585625962395518
ILMN_1758674	EMC6	11.668751365558618
ILMN_2150000	EMC7	12.404537357091705
ILMN_1722583	EMC8	7.269067404745889
ILMN_1755677	EMC9	9.26508928387554
ILMN_1685917	EMCN	0.5597792165785878
ILMN_1801421	EMD	13.224439589725455
ILMN_1750102	EME1	5.868891314324333
ILMN_1797074	EMG1	9.304644662515383
ILMN_1747499	EMID1	7.144989960639427
ILMN_1711439	EMILIN1	3.3127008278407692
ILMN_1697268	EMILIN2	5.8631055755091905
ILMN_1795266	EMILIN3	1.0747806091312122
ILMN_1729455	EML1	7.524478278408618
ILMN_3240541	EML2	8.882735185783213
ILMN_1772644	EML3	7.977411305187235
ILMN_1718297	EML4	9.55442582497008
ILMN_1771334	EML5	4.338489861482178
ILMN_1651938	EML6	3.5119381658289837
ILMN_1801616	EMP1	8.477076338812429
ILMN_1671270	EMP2	0.2509026902638033
ILMN_1765446	EMP3	9.822672334281563
ILMN_1812134	EMSY	4.704756953294274
ILMN_1674193	EMX1	2.287298414870109
ILMN_2187746	EMX2	5.579356581600417
ILMN_3241729	EMX2OS	7.811200402994843
ILMN_1709593	EN1	3.8705048843505296
ILMN_1685318	EN2	4.787623978520286
ILMN_1716552	ENAH	8.941593439154433
ILMN_1751375	ENAM	1.4166672228767219
ILMN_1779147	ENC1	9.321549846837106
ILMN_1699022	ENDOD1	7.279191015520053
ILMN_1722309	ENDOG	8.44591024553395
ILMN_2095908	ENDOU	1.91963653602269
ILMN_1678705	ENDOV	6.46763525797704
ILMN_1760778	ENG	2.6931437877663744
ILMN_3247320	ENHO	8.320624281821857
ILMN_1787324	ENKD1	9.988750810949867
ILMN_1735292	ENKUR	5.0920545378438735
ILMN_1710756	ENO1	14.577256901360107
ILMN_1896149	ENO1-AS1	0.0
ILMN_1765796	ENO2	12.673913424114582
ILMN_1678904	ENO3	9.737219692639707
ILMN_1711910	ENO4	1.6278298507126874
ILMN_1711878	ENOPH1	11.832870604393738
ILMN_1803676	ENOSF1	8.065659709188688
ILMN_1713471	ENOX1	3.324066231413397
ILMN_2415911	ENOX2	5.826835608566397
ILMN_1675325	ENPEP	5.558217166292522
ILMN_1825249	ENPP1	5.139152508119845
ILMN_1780799	ENPP2	9.556707313884816
ILMN_1749131	ENPP3	0.3377072886133403
ILMN_1781761	ENPP4	6.382801419494732
ILMN_1660727	ENPP5	2.6461364631707345
ILMN_1676383	ENPP6	0.0
ILMN_1675413	ENPP7	2.8991634771779555
ILMN_2364700	ENSA	9.641242079819568
ILMN_1811736	ENTHD1	0.23645415175652426
ILMN_1773125	ENTPD1	5.720581615335433
ILMN_1651599	ENTPD2	3.9896969527619284
ILMN_2087941	ENTPD3	8.291840572955628
ILMN_1806304	ENTPD4	7.655463913954328
ILMN_1745849	ENTPD5	5.547788758038577
ILMN_2091792	ENTPD6	9.544442435331671
ILMN_1758852	ENTPD7	5.673868981295205
ILMN_2298988	ENTPD8	1.7749795787031237
ILMN_2166865	ENY2	11.889751248150596
ILMN_2136455	EOGT	4.130035097201226
ILMN_1760509	EOMES	4.317504905415843
ILMN_1744665	EP300	5.419178400410551
ILMN_1673023	EP400	8.242356708221855
ILMN_1674308	EP400NL	1.0252143686095627
ILMN_1704753	EPAS1	4.313533198326608
ILMN_1667408	EPB41	7.015754451332362
ILMN_1716507	EPB41L1	7.80498954392364
ILMN_1805448	EPB41L2	7.331686895443156
ILMN_2109197	EPB41L3	9.029001737159804
ILMN_1791867	EPB41L4A	7.715473348201667
ILMN_3244583	EPB41L4A-AS1	13.38646304704193
ILMN_1689831	EPB41L4A-AS2	5.850012627126691
ILMN_1810051	EPB41L4B	5.634145605469397
ILMN_1770245	EPB41L5	8.847978964681387
ILMN_1814397	EPB42	0.0
ILMN_1746276	EPC1	7.337559294922563
ILMN_1656496	EPC2	3.9203233389531373
ILMN_2160210	EPCAM	7.0509128442286775
ILMN_1675797	EPDR1	8.961676382513675
ILMN_1762608	EPG5	5.14752279723578
ILMN_1664265	EPHA1	4.546993409145048
ILMN_3307616	EPHA10	8.316443187338198
ILMN_1699354	EPHA2	6.674626533350268
ILMN_1775931	EPHA3	7.255132179251373
ILMN_1672022	EPHA4	7.108130664631208
ILMN_1767342	EPHA5	2.816387596688926
ILMN_1719531	EPHA6	2.917379219372396
ILMN_1803637	EPHA7	0.6606734190271114
ILMN_2340599	EPHA8	7.05227891182273
ILMN_1692261	EPHB1	8.738846491963802
ILMN_2367384	EPHB2	7.339790271626672
ILMN_1741346	EPHB3	6.772142349672582
ILMN_2214910	EPHB4	5.492616739959651
ILMN_1802646	EPHB6	5.052686185722908
ILMN_1701025	EPHX1	6.342183922202726
ILMN_1709237	EPHX2	9.180755302510375
ILMN_1699750	EPHX3	3.626490665365994
ILMN_1719498	EPHX4	3.997556348014349
ILMN_1719468	EPM2A	6.72498786716293
ILMN_1682658	EPM2AIP1	9.819829158927538
ILMN_1772981	EPN1	12.574363957023662
ILMN_1815519	EPN2	7.697990148945544
ILMN_1726893	EPN3	1.0961385640668997
ILMN_1665671	EPO	0.8024861102928487
ILMN_2168347	EPOR	4.397159547231997
ILMN_2356378	EPPIN	0.5867082370713202
ILMN_1706708	EPPK1	2.6237541425312805
ILMN_1783695	EPRS	11.427569444476022
ILMN_1665357	EPS15	9.544771001676366
ILMN_1708369	EPS15L1	9.196703146402012
ILMN_1651699	EPS8	6.4551516346698605
ILMN_1671600	EPS8L1	6.5583929128239795
ILMN_1691047	EPS8L2	4.6705968146173635
ILMN_2384152	EPS8L3	4.833777286705218
ILMN_2388547	EPSTI1	1.2168667051043869
ILMN_1696133	EPT1	8.923288849357144
ILMN_1772631	EPX	0.0
ILMN_1677567	EPYC	0.2800795833595919
ILMN_1751069	EQTN	0.8445324314050336
ILMN_1718706	ERAL1	9.58982984636145
ILMN_2336220	ERAP1	5.614125529252832
ILMN_2123312	ERAP2	13.640681489215867
ILMN_1721386	ERAS	3.988713649532649
ILMN_2352131	ERBB2	9.015390511833115
ILMN_1737993	ERBB3	5.482442140217567
ILMN_1653728	ERBB4	1.455746393997077
ILMN_1805024	ERBIN	5.5310730694446475
ILMN_1852384	ERC1	5.711375596360604
ILMN_1769195	ERC2	8.024493641897019
ILMN_3242335	ERC2-IT1	1.7509463725437342
ILMN_2277676	ERCC1	10.719329414007609
ILMN_1815859	ERCC2	9.159267510967341
ILMN_1740216	ERCC3	7.796193162087113
ILMN_2192394	ERCC4	4.904221068670642
ILMN_1795495	ERCC5	9.107543675671879
ILMN_1786882	ERCC6	4.805547143342316
ILMN_2334205	ERCC6L	4.0847971215964325
ILMN_1753190	ERCC6L2	5.2107889836907795
ILMN_1792107	ERCC8	7.485559174110943
ILMN_1657248	EREG	2.995005291591866
ILMN_1652749	ERF	7.534959342906402
ILMN_1768301	ERG	2.258928047880791
ILMN_1664068	ERGIC1	5.144087561254595
ILMN_1712766	ERGIC2	6.525729779944374
ILMN_2359453	ERGIC3	12.891067320701517
ILMN_1781795	ERH	11.342414743627154
ILMN_3245659	ERI1	7.934205246826463
ILMN_3197652	ERI2	6.051430568851365
ILMN_3247882	ERI3	9.933924159302498
ILMN_2104696	ERICH1	8.988558033271044
ILMN_1751569	ERICH3	0.8980874277890671
ILMN_3247438	ERICH4	5.220429124962443
ILMN_2135709	ERICH5	1.8151472886558004
ILMN_1730601	ERICH6	0.39852295508607666
ILMN_1728889	ERICH6B	0.7881020185482882
ILMN_1724376	ERLEC1	9.130894727583827
ILMN_1730731	ERLIN1	6.394370396403084
ILMN_1700549	ERLIN2	7.642696237738295
ILMN_1715013	ERMAP	5.784641368865413
ILMN_1657064	ERMARD	7.039525091353351
ILMN_1682298	ERMN	3.325115395652016
ILMN_1751425	ERMP1	7.870276204463798
ILMN_1731231	ERN1	1.0674868788645477
ILMN_1678899	ERN2	4.603791754182694
ILMN_1744963	ERO1A	7.282532704835649
ILMN_1775211	ERO1B	3.9245835864620253
ILMN_1655261	ERP27	0.0
ILMN_2323048	ERP29	13.155203990013897
ILMN_1772156	ERP44	6.883851297357952
ILMN_1665510	ERRFI1	10.48121702553649
ILMN_2118663	ERV3-1	6.135347209261386
ILMN_1755392	ERVFRD-1	1.3799355127821744
ILMN_2072622	ERVMER34-1	2.1214597340211703
ILMN_1780637	ERVV-1	0.0
ILMN_1860939	ERVV-2	3.9848704603089367
ILMN_1785804	ERVW-1	4.686416756652405
ILMN_1668092	ESAM	4.271730874681839
ILMN_1682233	ESCO1	6.30359214159964
ILMN_1792947	ESCO2	0.5673713629182099
ILMN_1720285	ESD	12.550389106128067
ILMN_1777555	ESF1	1.1442441018431098
ILMN_2212878	ESM1	3.8247772672770886
ILMN_1742145	ESPL1	4.905848924763279
ILMN_1806710	ESPN	5.008275119181025
ILMN_2115862	ESPNL	4.9968291608716875
ILMN_1678535	ESR1	1.874785759534633
ILMN_2390457	ESR2	3.602213058096916
ILMN_1749180	ESRP1	1.196776710450695
ILMN_1729640	ESRP2	0.0
ILMN_1774272	ESRRA	5.421237249653046
ILMN_1707398	ESRRB	2.997896684868453
ILMN_1661994	ESRRG	7.165833032148309
ILMN_1807726	ESX1	4.875637733417666
ILMN_1761159	ESYT1	9.360256214924805
ILMN_2057573	ESYT2	9.673320573243188
ILMN_1745764	ESYT3	1.5561003999720049
ILMN_1780996	ETAA1	3.907090056105638
ILMN_2222992	ETF1	10.828726231208528
ILMN_1718924	ETFA	11.53507412259542
ILMN_2300970	ETFB	12.839757869470716
ILMN_1754410	ETFBKMT	0.25236370142701786
ILMN_1758034	ETFDH	6.8364230676477105
ILMN_1793267	ETHE1	5.990116022707137
ILMN_2316778	ETNK1	8.352786590137356
ILMN_1800130	ETNK2	8.533019375628841
ILMN_1757807	ETNPPL	2.330411230142955
ILMN_1687538	ETS1	9.603806878519851
ILMN_1720158	ETS2	6.995367044902487
ILMN_1685891	ETV1	1.2911942497984867
ILMN_1803906	ETV2	5.233595000232802
ILMN_1703180	ETV3	5.68833751524971
ILMN_1702657	ETV3L	0.0
ILMN_1753830	ETV4	7.476001767079906
ILMN_1739222	ETV5	7.951555639121115
ILMN_1789596	ETV6	5.235371814233603
ILMN_1700671	ETV7	3.636511332599832
ILMN_1702973	EVA1A	3.4951294420066046
ILMN_1769092	EVA1B	6.847311285242586
ILMN_1695959	EVA1C	4.63098888205824
ILMN_1671562	EVC	2.256800967954703
ILMN_1762735	EVC2	0.6109644336099445
ILMN_1733579	EVI2A	4.82350391562107
ILMN_2042651	EVI2B	1.795958132055593
ILMN_1746314	EVI5	8.522726750366695
ILMN_1747281	EVI5L	10.563474105796606
ILMN_1730622	EVL	14.271861946845332
ILMN_1727288	EVPL	2.02572417547429
ILMN_3208440	EVPLL	1.9508508993084408
ILMN_1766888	EVX1	1.3520868491046467
ILMN_1652291	EVX2	0.9328483972465879
ILMN_1727041	EWSR1	10.794906669173486
ILMN_1694772	EXD1	1.1532022192300335
ILMN_1771689	EXD2	8.711316178546065
ILMN_1735463	EXD3	5.118756734012402
ILMN_1673721	EXO1	6.423323390341383
ILMN_2117569	EXO5	10.605877368636712
ILMN_2347805	EXOC1	9.072647241438409
ILMN_2065783	EXOC2	7.8940403450498655
ILMN_1789419	EXOC3	7.373320122171845
ILMN_1659543	EXOC3L1	4.534187665563623
ILMN_1670038	EXOC3L2	0.3237758612384613
ILMN_1773017	EXOC3L4	2.3187931239651434
ILMN_1742827	EXOC4	9.767016853040817
ILMN_1788625	EXOC5	6.336687278696693
ILMN_1651628	EXOC6	7.351741796687407
ILMN_3243431	EXOC6B	2.6108080492628596
ILMN_1815012	EXOC7	9.71225904214068
ILMN_2083818	EXOC8	2.6782294754028855
ILMN_3246145	EXOG	5.187770789825062
ILMN_2396648	EXOSC1	11.508310011789186
ILMN_1670796	EXOSC10	9.44147194376264
ILMN_1697736	EXOSC2	6.59353281728059
ILMN_1708936	EXOSC3	9.854639412518074
ILMN_1745271	EXOSC4	7.4692687467921575
ILMN_1659725	EXOSC5	8.964448239528862
ILMN_1670218	EXOSC6	9.286464138157415
ILMN_2055477	EXOSC7	10.646137546252126
ILMN_1756162	EXOSC8	7.917993401501133
ILMN_2312719	EXOSC9	8.808358342818245
ILMN_1712066	EXPH5	1.2076486115712977
ILMN_2129927	EXT1	8.738774083797113
ILMN_1761259	EXT2	7.886760126477271
ILMN_1718783	EXTL1	5.370322055014419
ILMN_1797950	EXTL2	8.881484063487008
ILMN_1778226	EXTL3	8.920820522056397
ILMN_1807554	EYA1	7.1998124958666745
ILMN_2353129	EYA2	4.8751500388912845
ILMN_1790562	EYA3	8.714394773875126
ILMN_1671844	EYA4	3.0230289355251667
ILMN_3234936	EYS	7.008382909548193
ILMN_1791436	EZH1	5.1745250818601845
ILMN_2364529	EZH2	7.530336442611368
ILMN_3272378	EZR	11.496727350260736
ILMN_1902604	EZR-AS1	5.336655670027507
ILMN_1670708	F10	3.0558057128776466
ILMN_1764061	F11	4.3447500355501605
ILMN_2406532	F11R	3.1429699114251
ILMN_1671766	F12	9.441429317767868
ILMN_1717163	F13A1	0.9015618050877358
ILMN_1735489	F13B	0.0
ILMN_3249291	F2	0.3300879383925501
ILMN_2221507	F2R	15.537195332952583
ILMN_2041190	F2RL1	7.523408208789037
ILMN_1728923	F2RL2	4.465515734487289
ILMN_1707127	F2RL3	3.7275824980417105
ILMN_1797009	F3	4.915141180870914
ILMN_1709233	F5	4.136263503165831
ILMN_2358265	F7	5.081355493654619
ILMN_1691584	F8	4.7567578013498615
ILMN_1790249	F8A1	6.30429887225258
ILMN_3247893	F8A2	4.277497742411795
ILMN_1748092	F8A3	4.847003573300522
ILMN_1810651	F9	2.82435811379245
ILMN_1791531	FA2H	1.174053141596046
ILMN_1810915	FAAH	5.121956582127937
ILMN_1679158	FAAH2	4.053844668789236
ILMN_3304917	FAAHP1	2.4984743906020483
ILMN_1711823	FAAP100	10.38500848434377
ILMN_2097790	FAAP20	8.972710090591375
ILMN_2173891	FAAP24	5.4712836826421976
ILMN_1678965	FABP1	1.8612263314829274
ILMN_3248038	FABP12	0.8773399595639071
ILMN_1740479	FABP2	2.7362755691476353
ILMN_2136971	FABP3	5.767184007856379
ILMN_1773006	FABP4	4.268911604303978
ILMN_2146761	FABP5	12.46689678898501
ILMN_2217574	FABP5P3	1.690376646747504
ILMN_1721559	FABP6	8.684146772795765
ILMN_1745299	FABP7	12.077930516509843
ILMN_2159172	FABP9	1.795884023154082
ILMN_1758658	FADD	8.30687146527833
ILMN_1670134	FADS1	11.47414040800903
ILMN_2075065	FADS2	7.795889518123246
ILMN_2098643	FADS3	6.414691535532163
ILMN_1704790	FADS6	0.0
ILMN_1667016	FAF1	9.071935571054084
ILMN_1670472	FAF2	9.570744952540455
ILMN_1781536	FAH	7.891098054312746
ILMN_2246661	FAHD1	9.539202573689044
ILMN_2102951	FAHD2A	7.93959220662132
ILMN_2146657	FAHD2B	10.198969284004837
ILMN_3238428	FAHD2CP	5.724560977904578
ILMN_1690101	FAIM	6.8857820577861695
ILMN_1803855	FAIM2	9.860461332370226
ILMN_1675819	FAM101A	1.523629161509261
ILMN_1714418	FAM101B	5.3048060528408
ILMN_2401779	FAM102A	6.3258983120572845
ILMN_1786789	FAM102B	7.641623908546035
ILMN_2151441	FAM103A1	8.949372682688304
ILMN_1807201	FAM104A	8.428593830595569
ILMN_1705848	FAM104B	8.644184176566062
ILMN_1695711	FAM105A	7.079114762658167
ILMN_3235690	FAM106CP	2.142385450185928
ILMN_1743445	FAM107A	7.160354516641701
ILMN_1758672	FAM107B	8.84493084631375
ILMN_1743316	FAM109A	6.927014985117726
ILMN_1806487	FAM109B	0.0
ILMN_1782095	FAM110A	8.53850786113002
ILMN_1679217	FAM110B	7.1292500536813685
ILMN_2090641	FAM110C	0.5179563294068722
ILMN_2116299	FAM110D	2.899544502995423
ILMN_2410038	FAM111A	6.329996757807713
ILMN_1762622	FAM111B	1.5596497193197605
ILMN_1694070	FAM114A1	5.516809192609891
ILMN_1675701	FAM114A2	2.2461163831843227
ILMN_1745533	FAM117A	2.993467080727561
ILMN_1739942	FAM117B	10.55186604358874
ILMN_1809147	FAM118A	3.35983857085164
ILMN_1690329	FAM118B	5.770122262815911
ILMN_2163306	FAM120A	8.29231922493976
ILMN_3238859	FAM120AOS	8.767698786323356
ILMN_1679641	FAM120B	11.099694974605512
ILMN_1851547	FAM120C	4.819939721254708
ILMN_1723353	FAM122A	3.493746718380829
ILMN_2189605	FAM122B	11.317716950818626
ILMN_2145889	FAM122C	1.6592696976740193
ILMN_1674827	FAM124A	2.352787333419092
ILMN_1749878	FAM124B	0.20012572414031196
ILMN_1691980	FAM126A	5.267693256094826
ILMN_1779486	FAM126B	7.716393500372896
ILMN_1708143	FAM127A	11.597863124380746
ILMN_1686254	FAM127B	8.851691505389114
ILMN_3251536	FAM127C	7.3708360670681445
ILMN_1667966	FAM129A	4.133012585282833
ILMN_1661755	FAM129B	9.875220061684642
ILMN_1664063	FAM129C	3.312626140183765
ILMN_1729217	FAM131A	11.612832073335824
ILMN_1736127	FAM131B	8.078167260259436
ILMN_1812321	FAM131C	5.29921310531395
ILMN_1662949	FAM132A	7.0618263670947
ILMN_1781742	FAM133A	6.8408506846287915
ILMN_1777745	FAM133B	9.45239338021459
ILMN_3304435	FAM133CP	8.196159657693647
ILMN_1654851	FAM134A	9.439210162509243
ILMN_2387952	FAM134B	7.494879820502011
ILMN_1666449	FAM134C	7.295181937011932
ILMN_2225608	FAM135A	5.735323807241659
ILMN_3239500	FAM135B	3.9443181624935604
ILMN_1655307	FAM136A	9.987858106446273
ILMN_1752510	FAM13A	5.611849094317587
ILMN_3245879	FAM13A-AS1	4.105840834191426
ILMN_3258795	FAM13B	9.740791423621866
ILMN_1752343	FAM13C	4.860420412938844
ILMN_1786278	FAM149A	6.79488615641408
ILMN_3245452	FAM149B1	7.693199172527337
ILMN_1753933	FAM150A	4.8162905356102454
ILMN_3247082	FAM150B	4.931290214357854
ILMN_2167252	FAM151A	3.048157283380626
ILMN_1811450	FAM151B	4.257300534328015
ILMN_1745669	FAM153A	7.3816387805893475
ILMN_1826342	FAM155A	3.4592784474941847
ILMN_1670076	FAM155B	5.280994966796233
ILMN_1658160	FAM156A	8.54684331802738
ILMN_3244110	FAM156B	9.130230688557619
ILMN_3275129	FAM157A	0.8992417539306157
ILMN_3245733	FAM157B	0.0
ILMN_2185675	FAM159A	5.9350309612739345
ILMN_3242248	FAM160A1	3.801092356488647
ILMN_1713402	FAM160A2	7.083783538683863
ILMN_3231638	FAM160B1	9.578140896080564
ILMN_1802971	FAM160B2	7.227997526061756
ILMN_3238106	FAM161A	6.007701375570754
ILMN_1688031	FAM161B	5.043587657491109
ILMN_1803647	FAM162A	7.86012788968183
ILMN_1751326	FAM162B	7.9310128154948805
ILMN_1758599	FAM163A	6.106509378085234
ILMN_2093072	FAM163B	3.4718682156504044
ILMN_1670923	FAM166A	2.712979625132849
ILMN_3240534	FAM166B	3.5999635899684956
ILMN_1687213	FAM167A	8.856437635427953
ILMN_3261843	FAM167A-AS1	1.6594733995331523
ILMN_1659856	FAM167B	3.929168892169191
ILMN_1847308	FAM168A	9.837792407277155
ILMN_1677122	FAM168B	10.012931878302847
ILMN_1764704	FAM169A	4.847353839312906
ILMN_1674608	FAM169B	0.2664910754530531
ILMN_3239580	FAM170A	1.2882078316541927
ILMN_1738047	FAM170B	6.9250181863392335
ILMN_1749868	FAM171A1	10.626973077688428
ILMN_1791461	FAM171A2	5.573721934179392
ILMN_1653376	FAM171B	8.532395372959247
ILMN_1654542	FAM172A	9.762566051935389
ILMN_1773780	FAM173A	9.893361811133184
ILMN_1691946	FAM173B	5.2653607074378455
ILMN_1712577	FAM174A	8.687526827162609
ILMN_1652797	FAM174B	7.831130784346622
ILMN_3237177	FAM175A	11.483115092846404
ILMN_1762615	FAM175B	9.225089037139623
ILMN_2394438	FAM177A1	15.511675224415228
ILMN_1770576	FAM177B	1.9860485975391342
ILMN_1804993	FAM178B	4.811759216588098
ILMN_1775062	FAM179A	2.951618511313838
ILMN_1778876	FAM179B	6.454717180544551
ILMN_1663815	FAM180A	2.1812169721569665
ILMN_1778154	FAM180B	2.807107805569283
ILMN_1762696	FAM181A	7.92216340558871
ILMN_1735502	FAM181B	7.554353233754269
ILMN_3298870	FAM182B	5.440234359271357
ILMN_1777170	FAM183A	5.102935784626636
ILMN_3241104	FAM183CP	1.5035749438613324
ILMN_1696699	FAM184A	8.151288577460113
ILMN_1760403	FAM184B	4.825281496383664
ILMN_1709367	FAM186B	0.3930742600401808
ILMN_3236452	FAM187B	2.994973424855987
ILMN_1725594	FAM188A	10.006722364420604
ILMN_1698038	FAM188B	3.751072923061772
ILMN_1886092	FAM189A1	8.64899161862527
ILMN_2179717	FAM189A2	2.8930661389733703
ILMN_1795026	FAM189B	12.175208695151808
ILMN_2096604	FAM192A	9.027841206888448
ILMN_1651504	FAM193A	7.930374221984004
ILMN_2071682	FAM196A	8.113594241164085
ILMN_2068522	FAM197Y2P	1.5537869235748571
ILMN_1668219	FAM198A	0.656694323422799
ILMN_1761941	FAM198B	5.285949568005624
ILMN_1811121	FAM199X	5.6819878202207015
ILMN_1702199	FAM19A1	0.0877379543893388
ILMN_1691876	FAM19A2	6.268664595323332
ILMN_1764364	FAM19A3	3.512061384778557
ILMN_1658710	FAM19A4	5.429967998489043
ILMN_1712065	FAM19A5	3.387733303990929
ILMN_3235912	FAM200A	7.674054001379866
ILMN_1675803	FAM200B	8.167066480136029
ILMN_2101719	FAM204A	5.9890466976779235
ILMN_3235526	FAM205A	0.3269181611626402
ILMN_1870923	FAM205C	3.2655875900380393
ILMN_2191929	FAM206A	8.478113221452427
ILMN_2104924	FAM207A	7.03716633604462
ILMN_1661409	FAM208A	6.195416712466471
ILMN_1677311	FAM208B	4.251546795560494
ILMN_1744235	FAM209A	0.3399995830805631
ILMN_2148497	FAM209B	5.962657264310047
ILMN_1812091	FAM20A	1.2218346268817457
ILMN_1811373	FAM20B	10.034232996706793
ILMN_1712684	FAM20C	7.477055000415288
ILMN_1658110	FAM210A	6.321615422910032
ILMN_1708016	FAM210B	7.594471855384366
ILMN_1690454	FAM212A	7.6821890280355385
ILMN_1890614	FAM212B	6.342195450299446
ILMN_2118472	FAM213A	13.988376863104655
ILMN_3243682	FAM213B	7.142198051775385
ILMN_1700733	FAM214A	7.57814352069238
ILMN_1732609	FAM214B	8.327269179356458
ILMN_3263062	FAM215A	6.789844362550492
ILMN_2180371	FAM216A	10.776323492290622
ILMN_1797475	FAM216B	0.0
ILMN_2060719	FAM217A	0.4433404046003006
ILMN_1718712	FAM217B	8.30308978886203
ILMN_2225956	FAM218A	4.15302943104478
ILMN_1746633	FAM219A	8.565540610086684
ILMN_1657744	FAM219B	10.171696631031237
ILMN_2191313	FAM21A	4.485497581749866
ILMN_1727249	FAM21C	4.989346499746093
ILMN_1717219	FAM220A	10.03893434998561
ILMN_1674498	FAM221A	5.830076721276445
ILMN_1683232	FAM221B	0.8131042872541482
ILMN_1772446	FAM222A	7.716754096105233
ILMN_1812441	FAM222B	7.889386956827804
ILMN_3241201	FAM223A	1.0935342028399717
ILMN_3192359	FAM223B	0.10419733389331763
ILMN_1762573	FAM224A	0.19608175437853634
ILMN_1658060	FAM224B	0.2842875195044974
ILMN_3200795	FAM226B	6.2744100875178574
ILMN_3201500	FAM227A	0.6282208913491574
ILMN_1795984	FAM227B	3.5501783945468475
ILMN_1741049	FAM228A	1.5455662390095164
ILMN_1686889	FAM229B	5.256107504586345
ILMN_3248935	FAM231A	0.0
ILMN_3248462	FAM231B	0.3010310176104647
ILMN_3249001	FAM231C	5.160131705502009
ILMN_1810055	FAM234A	8.90045962020759
ILMN_1668619	FAM234B	9.249386527809804
ILMN_1783969	FAM24A	0.3615117240625727
ILMN_1659536	FAM24B	1.962043677348546
ILMN_3183838	FAM25A	2.7171973835337897
ILMN_3248127	FAM25C	4.980042925346424
ILMN_3249073	FAM25G	4.0032599925803165
ILMN_1741812	FAM26D	2.323786221827125
ILMN_3236080	FAM26E	4.274615314587445
ILMN_2066849	FAM26F	5.547184308393661
ILMN_3293843	FAM27C	7.4134029830917525
ILMN_3235449	FAM27E3	2.383626272471494
ILMN_3237241	FAM32A	10.82302682687657
ILMN_1761594	FAM35A	7.23327594144827
ILMN_1808356	FAM3A	10.765196777084569
ILMN_2355486	FAM3B	1.5121949076945878
ILMN_2368773	FAM3C	8.502825950994273
ILMN_1720433	FAM3D	0.03163678973244762
ILMN_3308168	FAM41AY2	0.0
ILMN_1706015	FAM43A	8.131337283977723
ILMN_1754921	FAM43B	7.540873045680452
ILMN_1691760	FAM45A	8.898616753587328
ILMN_1740466	FAM46A	10.144011310354463
ILMN_1808011	FAM46B	1.3896018400968948
ILMN_1713266	FAM46C	3.7203029379056303
ILMN_2207726	FAM46D	4.326553893710192
ILMN_1779861	FAM47A	2.5069172767678345
ILMN_1778940	FAM47B	2.1002194526079507
ILMN_2071473	FAM47C	2.8183564917117696
ILMN_3237062	FAM47E	1.6053632106099898
ILMN_1794038	FAM49A	7.7358443081230455
ILMN_2122374	FAM49B	8.409457789404378
ILMN_1725130	FAM50A	12.240079627994705
ILMN_2153466	FAM50B	1.919217824238232
ILMN_1658452	FAM53A	1.9705114850389531
ILMN_1704571	FAM53B	8.985665732820953
ILMN_1744508	FAM53C	11.291906000056485
ILMN_1673899	FAM57A	6.861136230534459
ILMN_3236491	FAM57B	7.830154914421295
ILMN_1770623	FAM58A	9.918813234583864
ILMN_3272603	FAM60A	11.835362923535493
ILMN_1689552	FAM63A	9.557027484229026
ILMN_1774259	FAM63B	5.088049404499
ILMN_1728972	FAM64A	8.694775388400517
ILMN_1680037	FAM65A	10.770669300789828
ILMN_1726597	FAM65B	7.805569095268083
ILMN_3242330	FAM65C	3.5234030158975536
ILMN_3286235	FAM66A	3.895882238716259
ILMN_3246688	FAM66D	3.0685181506878365
ILMN_3307791	FAM69A	8.751927569102138
ILMN_1669044	FAM69B	0.9383076075191035
ILMN_2173500	FAM69C	4.0185140796674865
ILMN_1709472	FAM71A	3.1615390169498006
ILMN_3243991	FAM71B	2.216477030690015
ILMN_1705659	FAM71C	1.8692418739629941
ILMN_1798547	FAM71D	0.5181336267645141
ILMN_1732717	FAM71E1	9.483181982841748
ILMN_3232949	FAM71E2	4.610051317635164
ILMN_1659464	FAM71F1	3.69791057626181
ILMN_1788806	FAM71F2	1.8356000930954777
ILMN_3238797	FAM72A	6.949316277382704
ILMN_1701882	FAM72B	8.776522289628785
ILMN_1719870	FAM72D	7.627118419169704
ILMN_3248190	FAM74A4	0.7080167141555874
ILMN_2133713	FAM76A	1.538776334023429
ILMN_2130514	FAM76B	7.919762768908839
ILMN_1801304	FAM78A	2.4910714093033404
ILMN_1749960	FAM78B	5.137300817078063
ILMN_1699623	FAM81A	0.0
ILMN_1759679	FAM81B	4.912242877573305
ILMN_2239774	FAM83A	1.349971231111723
ILMN_1888498	FAM83A-AS1	1.7052018653995276
ILMN_1782863	FAM83B	0.6652239803064176
ILMN_1673356	FAM83C	2.3605587525119485
ILMN_1781943	FAM83D	7.595737663383798
ILMN_1658301	FAM83E	0.4554768420329454
ILMN_1683231	FAM83F	7.490159926136983
ILMN_2122848	FAM83G	2.449746403582171
ILMN_1751328	FAM83H	1.6742042723695585
ILMN_2219199	FAM84A	2.028194016198852
ILMN_1670807	FAM84B	7.030913974426706
ILMN_1655051	FAM86B1	6.152237537185587
ILMN_3233739	FAM86B3P	4.907386141769449
ILMN_1753482	FAM86C1	2.47465424015626
ILMN_3239168	FAM86C2P	5.751071579952778
ILMN_3236135	FAM86DP	3.9615598969564467
ILMN_1651232	FAM86FP	3.5730463949434608
ILMN_3239946	FAM86HP	6.892118765748166
ILMN_3185784	FAM86JP	4.793636162630198
ILMN_2285817	FAM89A	8.729884287507618
ILMN_1804117	FAM89B	9.49491339696081
ILMN_1807448	FAM8A1	7.696880988889814
ILMN_1696684	FAM90A1	2.599779573777828
ILMN_1777322	FAM91A1	6.646687385710425
ILMN_1685856	FAM92A1	9.617740832880093
ILMN_3235997	FAM92A1P2	2.234533429240337
ILMN_1693071	FAM92B	3.4235759909220533
ILMN_3247201	FAM95B1	3.7623963446746997
ILMN_1761981	FAM96A	12.21497088417337
ILMN_1779813	FAM96B	11.8688427474278
ILMN_1735453	FAM98A	9.126706203280875
ILMN_2313330	FAM98B	4.6862942425119645
ILMN_1771870	FAM98C	7.694002797101324
ILMN_3230464	FAM99B	2.327623239550667
ILMN_1778039	FAM9A	0.7878825822208281
ILMN_2153936	FAM9B	1.76327831613001
ILMN_2098705	FAM9C	1.165278629619379
ILMN_2152178	FAN1	7.340090459202707
ILMN_1799224	FANCA	4.925171642744913
ILMN_1698252	FANCB	4.243661491772241
ILMN_1683112	FANCC	5.234253281690637
ILMN_2235137	FANCD2	8.559374178478468
ILMN_2071028	FANCD2OS	1.3923345815793116
ILMN_2043452	FANCE	10.246580857891903
ILMN_1682724	FANCF	2.443176115772356
ILMN_1758728	FANCG	9.584506265974046
ILMN_1655642	FANCI	5.985606368297699
ILMN_1754045	FANCL	7.626888165742122
ILMN_1811995	FANCM	0.9696673070672034
ILMN_1773126	FANK1	4.792444944144356
ILMN_2232854	FAP	4.305691879484909
ILMN_2143250	FAR1	8.617323524866498
ILMN_2202915	FAR2	7.131251804583994
ILMN_1678353	FARP1	9.871190023368976
ILMN_2062687	FARP2	5.277039849138578
ILMN_1793732	FARS2	8.74222764997876
ILMN_1778255	FARSA	7.236322578887493
ILMN_1874933	FARSA-AS1	1.8692625479893883
ILMN_1765696	FARSB	15.244631808672027
ILMN_1808132	FAS	1.1174571942231528
ILMN_1781824	FASLG	0.6647225001216088
ILMN_1784871	FASN	11.719312432332217
ILMN_2407464	FASTK	8.715656890326768
ILMN_1751362	FASTKD1	7.332337462310105
ILMN_2053567	FASTKD2	6.7518056577328665
ILMN_1750160	FASTKD3	6.66512268691445
ILMN_1733377	FASTKD5	8.261161176995225
ILMN_1754795	FAT1	10.47504056921184
ILMN_2128931	FAT2	2.1883040335030945
ILMN_1720162	FAT4	5.283494876907552
ILMN_1806914	FATE1	0.2509186992120118
ILMN_1664614	FAU	15.074554607014583
ILMN_1715096	FAXC	8.547343163417251
ILMN_1728742	FAXDC2	5.971669774631816
ILMN_1719205	FBL	12.317997458773453
ILMN_2353143	FBLIM1	4.439645917849668
ILMN_1767274	FBLL1	7.526002593146156
ILMN_1672536	FBLN1	11.093422227293383
ILMN_1774602	FBLN2	10.3618823272146
ILMN_2223941	FBLN5	7.897829998975958
ILMN_1735743	FBLN7	6.442103149188508
ILMN_1783182	FBN1	5.722748443876363
ILMN_1670899	FBN2	8.238143456227883
ILMN_1719755	FBN3	7.6680548292587565
ILMN_1728799	FBP1	4.546299681395558
ILMN_1804005	FBP2	4.235073323981704
ILMN_3245236	FBRS	8.45603254844133
ILMN_1760305	FBRSL1	6.0463144805606746
ILMN_1693438	FBXL12	8.70523813126227
ILMN_1791253	FBXL13	4.9838422342125455
ILMN_1767441	FBXL14	5.086491800220916
ILMN_1663379	FBXL15	8.863963060207281
ILMN_1697561	FBXL16	7.751867038292493
ILMN_3307782	FBXL18	8.642882454805136
ILMN_1671215	FBXL19	2.473558797416277
ILMN_3239236	FBXL19-AS1	7.2055964785393485
ILMN_1688639	FBXL2	8.467895249502677
ILMN_1754489	FBXL20	10.709336214783768
ILMN_1717252	FBXL21	4.567186724826208
ILMN_2199362	FBXL22	1.9904962707498923
ILMN_1794187	FBXL3	5.716828379243265
ILMN_1671393	FBXL4	0.11012729559545102
ILMN_2378100	FBXL5	9.34886120310963
ILMN_1799389	FBXL6	6.239122439717987
ILMN_1705035	FBXL7	4.949263588345835
ILMN_1682037	FBXL8	3.819298260090884
ILMN_2089616	FBXO10	4.433998751140476
ILMN_2285112	FBXO11	10.488912827323237
ILMN_1755281	FBXO15	7.391201167494259
ILMN_1715823	FBXO16	3.7298603195501605
ILMN_1714428	FBXO17	6.85248836612467
ILMN_1729430	FBXO18	8.508317403234221
ILMN_1803211	FBXO2	8.509133305620841
ILMN_1745887	FBXO21	11.272854129151845
ILMN_1786469	FBXO22	9.896311503194957
ILMN_2166706	FBXO22-AS1	3.5947793292716077
ILMN_1786304	FBXO24	1.7696207549531022
ILMN_2367477	FBXO25	3.4829327136742325
ILMN_1721360	FBXO27	3.4191821648582015
ILMN_2045911	FBXO28	8.84992200932207
ILMN_1729175	FBXO3	7.62116227914852
ILMN_1700232	FBXO30	7.249617626563193
ILMN_1771139	FBXO31	9.169567817441795
ILMN_1703955	FBXO32	8.135525786101004
ILMN_1664826	FBXO33	9.919553091132478
ILMN_1765060	FBXO34	8.805235903541833
ILMN_1756358	FBXO36	2.9168007817785835
ILMN_1754811	FBXO38	9.136096259080425
ILMN_1814890	FBXO39	0.28051308213331155
ILMN_1656691	FBXO4	2.3550010563825
ILMN_1762155	FBXO40	0.0
ILMN_1880834	FBXO41	3.9146337943316554
ILMN_1756874	FBXO42	5.520559753089649
ILMN_1670087	FBXO43	4.455735149808198
ILMN_1732182	FBXO44	6.395935465944309
ILMN_3241510	FBXO45	8.622199564356464
ILMN_2350266	FBXO46	5.764287714035832
ILMN_1797542	FBXO47	1.1607825589692424
ILMN_1656342	FBXO48	2.4507887073564665
ILMN_1710676	FBXO5	8.485187006506887
ILMN_1701455	FBXO6	6.194561454422352
ILMN_1745962	FBXO7	9.21167392072797
ILMN_1672843	FBXO8	10.22979579029178
ILMN_1717063	FBXO9	2.754973633518469
ILMN_2394571	FBXW11	10.596746679373043
ILMN_1674756	FBXW12	2.1774694243737067
ILMN_3251567	FBXW2	8.072225218097499
ILMN_1671427	FBXW4	8.926474093978316
ILMN_1701375	FBXW5	7.432965648171666
ILMN_1754279	FBXW7	9.171614644622737
ILMN_2342793	FBXW8	5.910141020422619
ILMN_1750661	FBXW9	8.99440564292797
ILMN_2206009	FCAMR	3.662207681524991
ILMN_2379967	FCAR	2.5857468929698846
ILMN_1688423	FCER1A	3.6064952146357623
ILMN_2123743	FCER1G	1.606733557714857
ILMN_1662451	FCER2	0.4180488343760869
ILMN_2189870	FCF1	7.359402564530068
ILMN_2302757	FCGBP	3.757535798765509
ILMN_2176063	FCGR1A	0.423010907273945
ILMN_2391051	FCGR1B	1.1015262095717613
ILMN_1666932	FCGR2A	5.318016054116773
ILMN_1660027	FCGR2B	7.3261856605892275
ILMN_2112580	FCGR3A	6.490874189885418
ILMN_2134453	FCGR3B	7.952022503911491
ILMN_1705302	FCGRT	7.954607861517751
ILMN_1654571	FCHO1	5.817986549939441
ILMN_1670322	FCHO2	4.762971438889614
ILMN_1783847	FCHSD1	4.289981194039016
ILMN_1815734	FCHSD2	7.632575396510614
ILMN_1775542	FCMR	0.0
ILMN_1668063	FCN1	4.45307435106299
ILMN_1793504	FCN2	0.16003390681412188
ILMN_2349771	FCN3	4.44570728480702
ILMN_2226183	FCRL1	0.0
ILMN_1791329	FCRL2	3.5258485478402997
ILMN_1699599	FCRL3	3.4197752133612376
ILMN_1738517	FCRL4	0.46456577011338734
ILMN_2105223	FCRL5	5.194810889219259
ILMN_2074762	FCRL6	0.18206702227970525
ILMN_1691071	FCRLA	0.0
ILMN_1782015	FCRLB	7.3449583512731005
ILMN_1725276	FDCSP	0.0
ILMN_2144088	FDFT1	14.4136868052367
ILMN_1804248	FDPS	9.392244137474913
ILMN_1699178	FDPSP2	4.479953458474047
ILMN_2198812	FDX1	0.8705630515831005
ILMN_1744628	FDX1L	8.212660601650096
ILMN_3243529	FDXACB1	4.699667785341046
ILMN_1811696	FDXR	1.3645250103180124
ILMN_1774091	FECH	6.284181619436597
ILMN_1719985	FEM1A	9.706839864272457
ILMN_1744239	FEM1B	6.361048533169953
ILMN_1703330	FEM1C	9.040588946129112
ILMN_2160929	FEN1	8.703210850279403
ILMN_1789618	FER	5.641462018711716
ILMN_1872488	FER1L4	2.286101030684764
ILMN_3247266	FER1L6	2.580777761186163
ILMN_1721475	FERD3L	1.9310347563261108
ILMN_1696585	FERMT1	1.8664912084994516
ILMN_1695290	FERMT2	9.83015542622469
ILMN_2366330	FERMT3	2.9160320310017434
ILMN_1693650	FES	3.7834009783620224
ILMN_1685483	FETUB	5.342425958009262
ILMN_1751460	FEV	3.088799649212515
ILMN_1779071	FEZ1	12.973995998270402
ILMN_1739586	FEZ2	10.714992157328593
ILMN_1813585	FEZF1	0.3004592765787866
ILMN_3285206	FEZF1-AS1	5.276277542395773
ILMN_1750706	FEZF2	1.0428455199842845
ILMN_1756285	FFAR1	4.038449323407055
ILMN_1797895	FFAR2	0.511916196937665
ILMN_1802735	FFAR3	3.891283444695574
ILMN_1755942	FFAR4	0.0
ILMN_1659947	FGA	4.936350891513668
ILMN_2114972	FGB	4.199047398182633
ILMN_1764314	FGD1	8.78644139914797
ILMN_2115011	FGD2	1.6887441314604317
ILMN_1772686	FGD3	7.255967436160744
ILMN_1698728	FGD4	3.063437203131984
ILMN_2104141	FGD5	4.896355650592344
ILMN_3211677	FGD5P1	5.568249799229123
ILMN_2190598	FGD6	5.260099955977119
ILMN_2349982	FGF1	5.418570770605825
ILMN_2110110	FGF10	0.907782683813978
ILMN_1719938	FGF11	9.453179680334708
ILMN_1851540	FGF12	6.3219935236078575
ILMN_1671777	FGF13	10.779621014129908
ILMN_1751495	FGF14	6.898829457680211
ILMN_3274671	FGF14-AS2	7.062344291051389
ILMN_1785564	FGF16	1.2249472332349736
ILMN_1781390	FGF17	4.374226271114849
ILMN_1693483	FGF18	5.971209118366743
ILMN_1760909	FGF19	3.244795394241233
ILMN_2105919	FGF2	6.284336833227697
ILMN_2153061	FGF20	4.673205839783378
ILMN_2056569	FGF21	4.610399048699336
ILMN_2095633	FGF22	0.26146899590261424
ILMN_1696488	FGF23	5.730580222047802
ILMN_1723227	FGF3	0.28652452581695903
ILMN_1677456	FGF4	1.926252786743822
ILMN_2399100	FGF5	2.1224757562927765
ILMN_2188091	FGF6	0.31263176989787894
ILMN_1731240	FGF7	0.9234938622682942
ILMN_3238752	FGF7P3	2.7509235473428078
ILMN_1676520	FGF7P6	4.495529085874983
ILMN_1812517	FGF8	2.5420010338855303
ILMN_1762531	FGF9	8.629039974324478
ILMN_1785404	FGFBP1	0.506639449643418
ILMN_1761945	FGFBP2	2.930809152133086
ILMN_1686961	FGFBP3	8.232151999953112
ILMN_1729369	FGFR1	1.473576194320067
ILMN_2411116	FGFR1OP	6.883552652051137
ILMN_1657436	FGFR1OP2	7.904827440564564
ILMN_1682270	FGFR2	1.1591954704881828
ILMN_1723123	FGFR3	11.416944884399882
ILMN_2410713	FGFR4	4.051889662595209
ILMN_1795865	FGFRL1	8.008395863615771
ILMN_1703188	FGG	0.8216856146111057
ILMN_1737604	FGGY	9.40548604342097
ILMN_1803597	FGL1	8.265750266337157
ILMN_1693009	FGL2	4.484962789224842
ILMN_1795158	FGR	4.740812151838704
ILMN_1719392	FH	11.234888692306226
ILMN_3236432	FHAD1	2.9576258471922547
ILMN_1699206	FHDC1	6.096077406472671
ILMN_1766123	FHIT	8.531442622738684
ILMN_1805842	FHL1	9.343379855940922
ILMN_2355831	FHL2	9.142523839236548
ILMN_1703558	FHL3	8.224087217187511
ILMN_1669023	FHL5	0.2143877902956227
ILMN_1651776	FHOD1	5.6252947996909555
ILMN_1761322	FHOD3	7.613466689700111
ILMN_1727135	FIBCD1	6.928862155467525
ILMN_1716247	FIBIN	4.744364164234387
ILMN_1657797	FIBP	11.192190293859412
ILMN_1778064	FICD	3.6557737464650875
ILMN_1800889	FIG4	8.717857874339476
ILMN_1707612	FIGF	4.455027074648405
ILMN_1801927	FIGLA	0.10484647317465755
ILMN_1676307	FIGN	4.170587002118614
ILMN_2389114	FIGNL1	5.659388768272947
ILMN_1777759	FIGNL2	10.673805424680943
ILMN_1657039	FILIP1	6.590147995726311
ILMN_2391150	FILIP1L	4.550780810144745
ILMN_1768743	FIP1L1	9.280013079743105
ILMN_1701966	FIRRE	6.517242390033487
ILMN_1658351	FIS1	11.505058907122093
ILMN_1764557	FITM1	4.198727326743316
ILMN_2338593	FITM2	2.0497218426146246
ILMN_1781803	FIZ1	7.645180099102828
ILMN_1746465	FJX1	8.465585424190982
ILMN_1659905	FKBP10	7.755490568077222
ILMN_1787345	FKBP11	6.524359457112936
ILMN_2150294	FKBP14	11.223356637642487
ILMN_1804863	FKBP15	5.413819170795622
ILMN_1683969	FKBP1A	9.453896217074876
ILMN_3239766	FKBP1AP1	5.66106319671696
ILMN_2303955	FKBP1B	10.292024083796813
ILMN_1674337	FKBP2	9.44950667435194
ILMN_2104784	FKBP3	10.319931316273104
ILMN_1782045	FKBP4	11.44845295887172
ILMN_1778444	FKBP5	9.152268414368388
ILMN_1815444	FKBP6	0.4676977070426494
ILMN_1717737	FKBP7	5.584524868871589
ILMN_1733947	FKBP8	6.320083456955689
ILMN_1666121	FKBP9	5.710347948975383
ILMN_1791052	FKBPL	6.350913216177999
ILMN_2368617	FKRP	6.074911612945388
ILMN_3238555	FKSG29	2.613042169995238
ILMN_2357386	FKTN	14.281919647988923
ILMN_1663667	FLAD1	9.151466477285773
ILMN_1655525	FLCN	5.949391084775829
ILMN_2134130	FLG	0.23615872559221096
ILMN_1743715	FLG2	1.0717699671180252
ILMN_1665738	FLI1	4.558122688765908
ILMN_1737170	FLII	7.787513202915712
ILMN_1831111	FLJ16779	3.8228547545068614
ILMN_1754114	FLJ20021	9.08797888826398
ILMN_1732860	FLJ26850	7.441105573626995
ILMN_3307149	FLJ34503	0.0
ILMN_1691966	FLJ35934	6.979037681231049
ILMN_3241684	FLJ36777	1.9060720982251258
ILMN_1912611	FLJ41130	4.649709999050816
ILMN_1870111	FLJ41455	10.62540486510638
ILMN_3244650	FLJ41941	3.5641911996699798
ILMN_3238221	FLJ42627	5.344812070776478
ILMN_1888349	FLJ42969	1.7510425579734707
ILMN_1773735	FLJ44635	4.536536619753009
ILMN_1687335	FLNA	2.138357441531371
ILMN_1664922	FLNB	8.300110335055214
ILMN_1715748	FLNC	10.020031243353388
ILMN_1661439	FLOT1	10.243696831917246
ILMN_1726222	FLOT2	11.766875434132102
ILMN_1685056	FLRT1	6.95477736754518
ILMN_1769615	FLRT2	4.716164330317644
ILMN_1805665	FLRT3	8.373409977389267
ILMN_1752307	FLT1	0.0
ILMN_1766363	FLT3	1.3162820651621843
ILMN_2091412	FLT3LG	0.41065825112039334
ILMN_1741673	FLT4	1.2992414547421638
ILMN_1661596	FLVCR1	1.533475352676394
ILMN_3301042	FLVCR1-AS1	7.69245880968841
ILMN_2204876	FLVCR2	8.479687396416487
ILMN_1690035	FLYWCH1	7.818756521396037
ILMN_1805796	FLYWCH2	8.485450876203265
ILMN_3238680	FMC1	11.479672450816658
ILMN_3248672	FMN1	0.6566816457385439
ILMN_1764795	FMN2	5.642378455080252
ILMN_1782748	FMNL1	1.9179124067633844
ILMN_1730491	FMNL2	7.363808253005583
ILMN_2395214	FMNL3	3.0065486273647735
ILMN_1684401	FMO1	3.17784369952354
ILMN_1732158	FMO2	5.264947167025137
ILMN_1808657	FMO3	1.150607941879931
ILMN_1677885	FMO4	2.1223143353514535
ILMN_1811632	FMO5	0.9252906867613894
ILMN_1672564	FMO6P	6.5100951278118195
ILMN_1771544	FMO9P	0.910598789156594
ILMN_1789639	FMOD	5.697754884432677
ILMN_1666097	FMR1	0.1338105126276228
ILMN_3259153	FMR1-AS1	4.37561892025698
ILMN_1657141	FMR1NB	0.2104984913910043
ILMN_1675646	FN1	5.019372975857344
ILMN_1801588	FN3K	4.207844371411069
ILMN_1652333	FN3KRP	10.664340269743002
ILMN_1797342	FNBP1	10.567345439806227
ILMN_1754600	FNBP1L	11.632879762585738
ILMN_2108938	FNBP4	10.526543520369774
ILMN_1734653	FNDC1	4.0787572665178
ILMN_1780172	FNDC11	5.563805944763122
ILMN_2362581	FNDC3A	7.870724710980202
ILMN_3253456	FNDC3B	8.647079790470094
ILMN_1663032	FNDC4	9.513102110827953
ILMN_1761084	FNDC5	11.376407110803852
ILMN_1682221	FNDC8	0.5482449196080753
ILMN_3240287	FNDC9	3.889991214103946
ILMN_1737343	FNIP1	7.429752736643504
ILMN_1819783	FNIP2	6.351146741526109
ILMN_1746494	FNTA	9.194711154265342
ILMN_1728517	FNTB	8.969625198508824
ILMN_1807177	FOCAD	8.70873526160786
ILMN_1681651	FOLH1	1.5901042316521863
ILMN_1677866	FOLH1B	2.2378759007470084
ILMN_2346339	FOLR1	0.9545820737208853
ILMN_1745963	FOLR2	2.1179956477720343
ILMN_1730454	FOLR3	2.385889125244225
ILMN_1790650	FOPNL	10.14507738342609
ILMN_1669523	FOS	9.989424502240627
ILMN_1751607	FOSB	6.172299352106378
ILMN_1771841	FOSL1	5.344273770256617
ILMN_1725175	FOSL2	6.825684548696732
ILMN_1766650	FOXA1	1.8001616716179683
ILMN_1668052	FOXA2	0.9960460585879353
ILMN_1792733	FOXA3	3.5209789206123467
ILMN_2224569	FOXB1	1.708846279137948
ILMN_1765014	FOXB2	1.798776188217347
ILMN_1738401	FOXC1	7.840150725231751
ILMN_1705201	FOXC2	6.226176198722101
ILMN_1704418	FOXD1	1.3179237952839227
ILMN_1789400	FOXD2	1.5154178882280656
ILMN_3309468	FOXD2-AS1	2.7681438400626033
ILMN_1737435	FOXD3	0.9653969226653176
ILMN_2173524	FOXD4	4.129500798351165
ILMN_1781867	FOXD4L1	3.6279133442725082
ILMN_2093508	FOXD4L3	1.0981190767545543
ILMN_3238576	FOXD4L4	6.0194676544102235
ILMN_3237169	FOXD4L5	1.7937814837575186
ILMN_3244100	FOXD4L6	0.6008089466810984
ILMN_1668651	FOXE1	2.4354679171794458
ILMN_1719934	FOXE3	0.666671869900036
ILMN_1680973	FOXF1	1.483850868581694
ILMN_1674934	FOXF2	0.6073010559468427
ILMN_2149946	FOXG1	1.4124558052181577
ILMN_1798808	FOXH1	4.7672878141232475
ILMN_1651437	FOXI1	4.9934859466027435
ILMN_1808388	FOXI2	1.1063142867791143
ILMN_3245306	FOXI3	5.8891906626873265
ILMN_1802190	FOXJ1	3.841801037359572
ILMN_1731648	FOXJ2	9.242263474993354
ILMN_2128668	FOXJ3	10.049325055091602
ILMN_2082244	FOXK1	9.288831277401615
ILMN_2310685	FOXK2	4.560827562377474
ILMN_1741692	FOXL1	2.2179919330292757
ILMN_1776596	FOXL2	3.8261050147719438
ILMN_1694470	FOXL2NB	3.8645122712249775
ILMN_2344971	FOXM1	5.909876755726523
ILMN_1666363	FOXN1	1.322597131964985
ILMN_1736510	FOXN2	9.114246966187416
ILMN_2106902	FOXN3	10.406526902610446
ILMN_1806892	FOXN3-AS1	2.4073387843150384
ILMN_1719069	FOXN4	3.74016580423608
ILMN_1738816	FOXO1	6.729081582481631
ILMN_1681703	FOXO3	11.468257657661077
ILMN_1712095	FOXO4	7.879946663089988
ILMN_3311135	FOXO6	1.1190502470593058
ILMN_1738179	FOXP1	5.7446385247320295
ILMN_1880280	FOXP1-IT1	4.4505600380723225
ILMN_1695355	FOXP2	4.051777886426002
ILMN_1768049	FOXP3	0.4111566610281967
ILMN_1773809	FOXP4	5.468654465391218
ILMN_1669046	FOXQ1	6.232198619273233
ILMN_1770460	FOXR1	2.3941205435172903
ILMN_1711758	FOXR2	0.8381122901387196
ILMN_1762312	FOXRED1	9.005925622789915
ILMN_2130635	FOXRED2	7.299124132485102
ILMN_1811790	FOXS1	2.971880162448228
ILMN_1713948	FPGS	4.536021484111096
ILMN_1727878	FPGT	0.468540999418054
ILMN_2092118	FPR1	3.2290006772555664
ILMN_1740875	FPR2	0.9380548539552059
ILMN_2203271	FPR3	0.5476193665552527
ILMN_1765480	FRA10AC1	2.340809558823996
ILMN_1806667	FRAS1	6.593382833843612
ILMN_1781416	FRAT1	4.177220366954499
ILMN_1788213	FRAT2	9.807310602397392
ILMN_1715452	FREM1	2.6835974994683855
ILMN_2091978	FREM2	2.939580615134775
ILMN_1686928	FREM3	0.38669344051052085
ILMN_1734696	FRG1	10.423692934584361
ILMN_3236543	FRG1BP	1.1068849615678558
ILMN_1760475	FRG2	0.8843951380780427
ILMN_2203266	FRG2B	2.126357464663353
ILMN_3243065	FRG2C	4.7408252094271734
ILMN_3198425	FRG2DP	0.6410811758474021
ILMN_1727605	FRK	0.9959644234333345
ILMN_1742390	FRMD1	0.0
ILMN_1698725	FRMD3	5.896330946309528
ILMN_1678961	FRMD4A	7.969244315724885
ILMN_1746420	FRMD4B	0.8147070278909291
ILMN_1727592	FRMD5	6.046739392927253
ILMN_1769282	FRMD6	7.248391181917633
ILMN_1792419	FRMD7	2.70293857861801
ILMN_3241870	FRMD8	6.596649247498323
ILMN_1754580	FRMPD1	0.0
ILMN_2356273	FRMPD2	0.9853977246726116
ILMN_1753507	FRMPD3	9.367770750146772
ILMN_1754018	FRMPD4	4.691158943517258
ILMN_2214734	FRRS1	7.424053819559831
ILMN_1760866	FRRS1L	5.6160054145033635
ILMN_1911605	FRS2	6.344942869504798
ILMN_1772605	FRS3	10.72828813083448
ILMN_1678437	FRY	2.77471537577561
ILMN_1747223	FRYL	8.074525536855125
ILMN_1716246	FRZB	9.75454171026214
ILMN_1756721	FSCB	4.227402662997876
ILMN_1808707	FSCN1	13.670305249497138
ILMN_1713247	FSCN2	2.4515415093794606
ILMN_1689635	FSCN3	2.4661168541452523
ILMN_1813490	FSD1	10.470004294731508
ILMN_1894653	FSD1L	2.5476993308670224
ILMN_1751084	FSD2	5.906248994852671
ILMN_1718877	FSHB	2.681299784112222
ILMN_2333449	FSHR	0.12261443471282686
ILMN_1716925	FSIP1	4.217727559139106
ILMN_1718172	FSIP2	2.126649519027323
ILMN_1700081	FST	7.807377231326722
ILMN_2201678	FSTL1	10.636172396923245
ILMN_1730670	FSTL3	7.246896439032916
ILMN_1661566	FSTL4	4.870046680054693
ILMN_1737981	FSTL5	8.352964584064798
ILMN_1663569	FTCD	5.0149726309471205
ILMN_1683146	FTH1	11.52992833465448
ILMN_2173835	FTH1P3	9.96752517083853
ILMN_1735439	FTHL17	1.6963248257210746
ILMN_1814823	FTL	15.200094850311439
ILMN_3238031	FTLP10	0.8301078064937055
ILMN_1702498	FTMT	1.0791617521133503
ILMN_2288070	FTO	9.117753664730907
ILMN_2401822	FTSJ1	8.763999139926137
ILMN_1811692	FTSJ3	6.508269112306543
ILMN_1776552	FUBP1	8.548811645062344
ILMN_2353033	FUBP3	10.295194287032295
ILMN_1752728	FUCA1	8.545695820927468
ILMN_1744914	FUCA2	8.532920002478258
ILMN_1704195	FUK	6.89484428511528
ILMN_1728540	FUNDC1	9.156080832885378
ILMN_1669118	FUNDC2	5.068546949188188
ILMN_1704785	FUOM	4.335784379823144
ILMN_1790228	FURIN	2.751056162246434
ILMN_2306066	FUS	5.465654015730302
ILMN_1712894	FUT1	2.1912496928604597
ILMN_1725683	FUT10	2.640336264832378
ILMN_1678862	FUT11	5.017499166492306
ILMN_1794659	FUT2	0.0
ILMN_1653358	FUT3	5.967986836712186
ILMN_1880256	FUT4	3.03007539061147
ILMN_1773310	FUT5	2.4838050931960085
ILMN_2312228	FUT6	6.650228288651188
ILMN_1724236	FUT7	2.1261235108174565
ILMN_1741422	FUT8	6.85632601065661
ILMN_3237703	FUT8-AS1	4.740660259713251
ILMN_1878007	FUT9	4.730861188832031
ILMN_1748836	FUZ	6.304512001459739
ILMN_2342515	FXN	3.668238579125734
ILMN_1679640	FXR1	11.391055951298261
ILMN_1738699	FXR2	8.19444006708882
ILMN_2345292	FXYD1	6.689821054967207
ILMN_1781045	FXYD2	5.45376080880862
ILMN_2376050	FXYD3	1.6008895860581245
ILMN_1725597	FXYD4	0.0
ILMN_2309848	FXYD5	9.514346937801962
ILMN_1768812	FXYD6	11.580766758418319
ILMN_1786118	FXYD7	8.484946617239677
ILMN_1796537	FYB	0.6815444683950799
ILMN_1709032	FYCO1	4.168859682239779
ILMN_1686555	FYN	9.051676023765035
ILMN_1670439	FYTTD1	9.977545980496805
ILMN_2222065	FZD1	6.483592742201634
ILMN_2105539	FZD10	4.066515763801868
ILMN_1653711	FZD2	10.900994212726244
ILMN_1703408	FZD3	9.478966059455628
ILMN_1743367	FZD4	5.626003255317016
ILMN_1798971	FZD5	3.3170603483427357
ILMN_1659297	FZD6	1.622416173205611
ILMN_1804351	FZD7	8.54145138210596
ILMN_1729368	FZD8	5.781601985278567
ILMN_1704398	FZD9	9.202572603915447
ILMN_1753207	FZR1	5.741288060914568
ILMN_1691846	G0S2	4.70058756527967
ILMN_1680643	G2E3	7.008068451069271
ILMN_2357809	G3BP1	6.416553820271012
ILMN_2381753	G3BP2	12.316910162564236
ILMN_2079890	G6PC	5.356345173322546
ILMN_2394421	G6PC2	3.467807638174199
ILMN_2127477	G6PC3	8.84566215931485
ILMN_2347949	G6PD	9.455302913625323
ILMN_2410783	GAA	7.128263564988629
ILMN_1781672	GAB1	4.457777547058515
ILMN_1665964	GAB2	9.881096368165657
ILMN_1805979	GAB3	0.16955750652624943
ILMN_1716182	GAB4	0.5159235514885776
ILMN_2050109	GABARAP	7.099018186008269
ILMN_2151281	GABARAPL1	11.911721682880724
ILMN_1796458	GABARAPL2	13.132825792905818
ILMN_1658965	GABBR1	3.053970330421007
ILMN_1660718	GABBR2	8.814795673535128
ILMN_1750029	GABPA	7.739383540297022
ILMN_1761147	GABPB1	8.71667289662651
ILMN_3236965	GABPB1-AS1	2.3721725149467408
ILMN_2161007	GABPB2	14.844917917208155
ILMN_1802633	GABRA1	1.0344442155530322
ILMN_1659678	GABRA2	4.8935829497646885
ILMN_1715551	GABRA3	1.7818011684545276
ILMN_1801408	GABRA4	2.003814487643363
ILMN_1707571	GABRA5	4.3325101300672415
ILMN_1798681	GABRA6	0.22953701271989635
ILMN_2159730	GABRB1	4.313169862855697
ILMN_1667362	GABRB2	1.4041748753172538
ILMN_1767503	GABRB3	7.904692078330065
ILMN_1779742	GABRD	0.7272661415609152
ILMN_2324202	GABRE	5.691251769098044
ILMN_1670606	GABRG1	0.0
ILMN_1800270	GABRG2	6.285179304853561
ILMN_1725808	GABRG3	3.887784128649035
ILMN_1689146	GABRP	3.425071594468863
ILMN_1793523	GABRQ	0.9894881357392579
ILMN_1760431	GABRR1	5.3670683216560775
ILMN_1676870	GABRR2	0.34239404254291544
ILMN_1700949	GABRR3	3.177435277287158
ILMN_2292646	GAD1	8.658625701773799
ILMN_1728301	GAD2	4.575128610052657
ILMN_2052208	GADD45A	9.533673102512061
ILMN_1718977	GADD45B	7.999547729502299
ILMN_1651498	GADD45G	9.839273067342118
ILMN_1751530	GADD45GIP1	6.111627692277616
ILMN_1700703	GADL1	0.6630047261795415
ILMN_3239440	GAGE10	0.40110937634636024
ILMN_3243856	GAGE12B	0.36692107820190506
ILMN_3243851	GAGE12C	4.126299766470795
ILMN_3236667	GAGE12D	0.3560324370565901
ILMN_3237846	GAGE12E	4.402159199008018
ILMN_3242920	GAGE12F	0.09526061782386297
ILMN_1664660	GAGE12G	3.424498672635624
ILMN_3244090	GAGE12H	2.5577897946256187
ILMN_2233576	GAGE12I	2.4964979714666455
ILMN_3243333	GAGE12J	0.8259207699297585
ILMN_3244168	GAGE2A	1.2086205377881718
ILMN_3245682	GAGE2B	5.844206181914195
ILMN_2203976	GAGE2C	1.1170557491054045
ILMN_3236963	GAGE2E	0.2916220432359915
ILMN_1715638	GAGE4	3.0390785416554436
ILMN_1738450	GAGE5	4.617886596862651
ILMN_1700918	GAGE6	1.4124958091187414
ILMN_1770467	GAGE7	1.4308026950614126
ILMN_2104486	GAGE8	1.0419369986834266
ILMN_1813775	GAK	10.385706215837635
ILMN_1682015	GAL	4.692831429570787
ILMN_1729905	GAL3ST1	5.200835622188772
ILMN_1714478	GAL3ST2	0.2237934369173442
ILMN_1697081	GAL3ST3	7.013239066699982
ILMN_1693452	GAL3ST4	8.507029777363403
ILMN_1799744	GALC	9.414266473703732
ILMN_1792168	GALE	8.30901625475805
ILMN_1803194	GALK1	11.339468143430024
ILMN_1732514	GALK2	7.5142056099574255
ILMN_1671482	GALM	5.914487635708409
ILMN_1737949	GALNS	5.496505645958087
ILMN_1803977	GALNT1	6.037406559174016
ILMN_1662556	GALNT10	4.320180385315935
ILMN_1651819	GALNT11	10.653927829180304
ILMN_1735157	GALNT12	5.696622573718741
ILMN_1738869	GALNT13	6.4082084932631895
ILMN_1722524	GALNT14	3.9598258062614042
ILMN_1813104	GALNT15	1.8905952516095017
ILMN_2077952	GALNT16	11.69109648238274
ILMN_1673773	GALNT18	6.852472341764421
ILMN_1814606	GALNT2	5.983756444709545
ILMN_1671039	GALNT3	7.21483483712542
ILMN_1739297	GALNT4	6.28728625889698
ILMN_1658575	GALNT5	4.081284450897854
ILMN_1677574	GALNT6	5.223794215930137
ILMN_1670748	GALNT7	0.570832070455019
ILMN_1782978	GALNT8	1.5491173013688728
ILMN_1653687	GALNT9	10.539375745304053
ILMN_1738212	GALNTL5	0.0
ILMN_3243773	GALNTL6	3.7523924375398354
ILMN_1746352	GALP	1.0984108709838492
ILMN_2151012	GALR1	3.159060944614271
ILMN_1733847	GALR2	5.5866336949964435
ILMN_1758100	GALR3	0.7680367675801971
ILMN_1657475	GALT	9.29472643110138
ILMN_1756469	GAMT	10.955192775794865
ILMN_3307901	GAN	4.632337800882554
ILMN_1739441	GANAB	9.618731656573305
ILMN_1812256	GANC	0.2702329043704125
ILMN_1794552	GAP43	11.41198992909696
ILMN_2038778	GAPDH	14.896278592103195
ILMN_2200153	GAPDHS	4.875820418762911
ILMN_3242271	GAPT	2.3768823896778066
ILMN_1671221	GAPVD1	9.273183832892078
ILMN_2412549	GAR1	9.431972605509985
ILMN_1707553	GAREM1	4.431207856040044
ILMN_1779347	GARNL3	7.230615030604031
ILMN_1771026	GARS	11.174693528451058
ILMN_1679476	GART	9.070067826182601
ILMN_1772910	GAS1	10.071805253266676
ILMN_1804569	GAS2	6.9869411292499946
ILMN_2370535	GAS2L1	1.5273569365706479
ILMN_3248566	GAS2L1P2	1.9336348439654973
ILMN_2045576	GAS2L2	3.0897979635737443
ILMN_2211003	GAS2L3	6.210419400982647
ILMN_1754378	GAS5	3.8251147521085365
ILMN_1779558	GAS6	9.131644821953369
ILMN_1745994	GAS7	7.125163202424723
ILMN_1783798	GAS8	5.639427464100961
ILMN_1712721	GAST	0.9112152241014347
ILMN_1797251	GATA1	2.324522670529252
ILMN_2102670	GATA2	2.5279139472496763
ILMN_2406656	GATA3	2.1557365615880966
ILMN_1749866	GATA4	2.7185291061480705
ILMN_1760153	GATA5	0.7673049230482253
ILMN_1695041	GATA6	0.8863970453814081
ILMN_1710863	GATAD1	6.957448292259696
ILMN_1673682	GATAD2A	11.596082273482082
ILMN_1766359	GATAD2B	6.757317068340718
ILMN_1753010	GATB	9.098603282515569
ILMN_1809034	GATC	7.080774035483583
ILMN_1729180	GATM	7.810330840998475
ILMN_1699631	GATS	9.4404503052165
ILMN_3297675	GATSL2	6.692660717748912
ILMN_2098418	GATSL3	7.3937870656414715
ILMN_2364110	GBA	7.239569553770102
ILMN_1674560	GBA2	7.187171204655313
ILMN_1664350	GBA3	2.045709114142808
ILMN_1741837	GBAP1	4.539223657414724
ILMN_1778611	GBAS	9.001497537939503
ILMN_1789702	GBE1	8.083002811142665
ILMN_2157544	GBF1	7.233336512065454
ILMN_1652906	GBGT1	5.550574894499224
ILMN_2148785	GBP1	4.124719424130276
ILMN_1782487	GBP1P1	0.8308063887248357
ILMN_1774077	GBP2	5.004554229509627
ILMN_1725314	GBP3	0.9643870859828877
ILMN_1771385	GBP4	2.5584475136576477
ILMN_2114568	GBP5	1.0622375495026388
ILMN_2121568	GBP6	1.0097256757063162
ILMN_2052172	GBP7	0.5478519795193829
ILMN_3240441	GBX1	3.4277154394173315
ILMN_1680320	GBX2	6.817424444401772
ILMN_1736162	GC	3.0757058752664546
ILMN_1800602	GCA	9.196729559677403
ILMN_1724437	GCAT	9.085188422269654
ILMN_1682206	GCC1	8.440477030528811
ILMN_2408730	GCC2	5.025998385361078
ILMN_2296843	GCDH	5.98335177987008
ILMN_1699724	GCFC2	4.552614882651593
ILMN_1724396	GCG	1.7206589885120724
ILMN_1725311	GCGR	3.102804838253999
ILMN_1812759	GCH1	5.553417051668877
ILMN_1694780	GCHFR	9.684314433289343
ILMN_1694472	GCK	6.434183051302789
ILMN_1815530	GCKR	4.08675119532951
ILMN_1730575	GCLC	7.515450312334671
ILMN_1788547	GCLM	6.183046636202683
ILMN_1695135	GCM1	5.147840485116387
ILMN_1728449	GCM2	1.6247313299606663
ILMN_1734312	GCN1	9.72175192890928
ILMN_1666545	GCNT1	0.906272421789272
ILMN_1680390	GCNT2	7.550285095996084
ILMN_1712082	GCNT3	0.0
ILMN_3236182	GCNT4	2.2336581923281433
ILMN_3249296	GCNT7	0.6788534426584961
ILMN_2272857	GCOM1	2.683212973704405
ILMN_1667449	GCSAM	1.0546317437296602
ILMN_1762204	GCSAML	0.6452577768137678
ILMN_2090782	GCSH	11.309861383216536
ILMN_1812494	GDA	2.0388089023693254
ILMN_1721801	GDAP1	7.412171057424931
ILMN_1760208	GDAP1L1	8.252449742172645
ILMN_1789059	GDAP2	4.682148594031867
ILMN_1728698	GDE1	7.725618153986232
ILMN_1728642	GDF1	2.3312090340975535
ILMN_1678191	GDF10	4.571687196174708
ILMN_1821280	GDF11	8.625767097117473
ILMN_2188862	GDF15	10.947379042246988
ILMN_2210111	GDF3	5.494276043196102
ILMN_1796471	GDF5	0.4315339965013208
ILMN_1757441	GDF6	0.6207227601517102
ILMN_1803881	GDF7	0.2226811956482042
ILMN_1734153	GDI1	10.543194369168019
ILMN_1754178	GDI2	12.223390789256866
ILMN_1674882	GDNF	3.890397444187629
ILMN_2106265	GDPD1	8.711756614548326
ILMN_1726549	GDPD2	3.7302995710408156
ILMN_1774901	GDPD3	5.679959297502223
ILMN_1742040	GDPD4	4.1322368639122695
ILMN_1701643	GDPD5	7.661782884489487
ILMN_1810855	GDPGP1	0.0
ILMN_1677092	GEM	8.137548467232016
ILMN_2344002	GEMIN2	9.545642380023557
ILMN_1770206	GEMIN4	8.006376364408824
ILMN_1663383	GEMIN5	6.028040732302479
ILMN_1707484	GEMIN6	8.838071641568499
ILMN_2327181	GEMIN7	3.331682490805442
ILMN_2364088	GEMIN8	8.847756841603331
ILMN_2159471	GEMIN8P4	0.8904414204065293
ILMN_3249840	GEN1	3.9224543564814702
ILMN_1701724	GET4	9.55323116743522
ILMN_1697176	GFAP	3.5404719709186083
ILMN_1768055	GFER	3.177765209684944
ILMN_1690420	GFI1	1.5682325344884092
ILMN_1742548	GFI1B	3.933872676625463
ILMN_1657682	GFM1	10.408580633460142
ILMN_1686668	GFM2	7.684223865768874
ILMN_1778240	GFOD1	9.415468016735291
ILMN_1744006	GFOD2	9.267169287315822
ILMN_2220187	GFPT1	9.738320821357703
ILMN_1709674	GFPT2	4.777021721911337
ILMN_1898518	GFRA1	9.866464989774736
ILMN_1656300	GFRA2	9.973542310455787
ILMN_1810716	GFRA3	3.510615544360921
ILMN_1662378	GFRA4	3.1104746046728664
ILMN_1691742	GFRAL	0.7109970985923701
ILMN_1654857	GFY	0.546710687251308
ILMN_2403851	GGA1	5.607163700985249
ILMN_1686152	GGA2	8.110246307690188
ILMN_1675982	GGA3	7.208046284426403
ILMN_3241953	GGACT	6.812358055936566
ILMN_2101526	GGCT	9.199898797167116
ILMN_1758232	GGCX	5.737998135031894
ILMN_1681754	GGH	10.400783797756999
ILMN_1691719	GGN	0.1548298618943955
ILMN_1725620	GGNBP2	9.607034965294172
ILMN_1692276	GGPS1	10.019418559532086
ILMN_2274240	GGT1	4.689830297916666
ILMN_2190486	GGT3P	4.1509735324514585
ILMN_1749372	GGT5	3.2120876978337463
ILMN_1788942	GGT6	2.146467714191743
ILMN_1737036	GGT7	6.004188541935894
ILMN_1748309	GGT8P	5.38675933678303
ILMN_2212780	GGTA1P	1.4753632307583529
ILMN_1692188	GGTLC1	4.787181431701419
ILMN_2403896	GGTLC2	0.0
ILMN_2328874	GH1	0.5213624439650983
ILMN_2413473	GH2	3.9071552079218907
ILMN_1746378	GHDC	6.2196570660136885
ILMN_1728467	GHITM	13.657549030611236
ILMN_1775814	GHR	0.6532889676380734
ILMN_1794372	GHRH	0.1645724477231174
ILMN_1740186	GHRHR	0.6056609149116201
ILMN_1696380	GHRL	1.3397648715197181
ILMN_3256106	GHRLOS	0.5020033315294573
ILMN_1806691	GHSR	2.837539013476975
ILMN_1656427	GID4	7.296084156246647
ILMN_1755909	GID8	10.530506755574118
ILMN_1731547	GIF	2.0573486326787
ILMN_1815639	GIGYF1	4.742744065647247
ILMN_1750718	GIGYF2	6.939814308585253
ILMN_1757186	GIMAP1	0.0
ILMN_1689371	GIMAP2	1.6801480641887856
ILMN_1748473	GIMAP4	3.4031493189831425
ILMN_1769383	GIMAP5	3.6990639361491464
ILMN_1757785	GIMAP6	0.6366512611961354
ILMN_2133316	GIMAP7	0.7082426352096598
ILMN_1747305	GIMAP8	5.093395006842347
ILMN_3177564	GIMD1	1.3763383389571686
ILMN_3249235	GIN1	8.343755857340977
ILMN_2220403	GINM1	7.582396804996255
ILMN_1697751	GINS1	3.0867628353007572
ILMN_1809590	GINS2	9.688176701617742
ILMN_1754272	GINS3	6.706427641999757
ILMN_1807501	GINS4	3.343675018349378
ILMN_1673805	GIP	1.665438693187135
ILMN_1796177	GIPC1	9.470605427609396
ILMN_2075476	GIPC2	0.3912672959641174
ILMN_3253728	GIPC3	4.447884603257557
ILMN_2082005	GIPR	0.0
ILMN_1733155	GIT1	6.9346089075325
ILMN_1760922	GIT2	8.411082709336908
ILMN_1727087	GJA1	8.00719094269783
ILMN_2200210	GJA10	1.6100573654825583
ILMN_1876266	GJA3	2.2181404248631402
ILMN_1671106	GJA4	1.7553314774238755
ILMN_1722753	GJA5	5.5120095344331
ILMN_1686867	GJA8	4.081688164492817
ILMN_1710161	GJA9	0.1894123789062789
ILMN_1799535	GJB1	2.3667029702532143
ILMN_1769388	GJB2	5.26970097380436
ILMN_1789575	GJB3	1.450483721444998
ILMN_1718268	GJB4	0.5704482315666496
ILMN_1735365	GJB5	0.0
ILMN_1718671	GJB6	4.941021490277344
ILMN_1801454	GJB7	0.3070925205451774
ILMN_2397484	GJC1	14.783127026081042
ILMN_1723048	GJC2	7.421683769950067
ILMN_1757629	GJC3	4.311308590312094
ILMN_1712396	GJD2	1.388607258255723
ILMN_1691743	GJD3	1.4036024764690005
ILMN_1654742	GJD4	2.2362517287804047
ILMN_2393296	GK	5.663988658556715
ILMN_1722330	GK2	1.0679218871965395
ILMN_1673892	GK5	6.150804733221665
ILMN_1736972	GKAP1	8.093616832027903
ILMN_1760103	GKN1	1.7156141506549922
ILMN_1813688	GKN2	5.4636741348094064
ILMN_1766637	GLA	9.451185494507472
ILMN_2397721	GLB1	10.697519037890991
ILMN_2217513	GLB1L	5.751746850972363
ILMN_2144401	GLB1L2	1.7650618654575585
ILMN_3248891	GLB1L3	0.3946850959854898
ILMN_1781431	GLCCI1	7.3548491250813335
ILMN_1714349	GLCE	8.227658600980169
ILMN_1806754	GLDC	10.348008115179145
ILMN_1704376	GLDN	5.313598528284568
ILMN_1754912	GLE1	9.729417141844507
ILMN_1772261	GLG1	11.586198201836815
ILMN_1779989	GLI1	0.8277244528379675
ILMN_1727577	GLI2	5.973916828558859
ILMN_1771962	GLI3	6.4757695575286265
ILMN_1782751	GLI4	5.135631482604078
ILMN_3247783	GLIDR	3.239695087242387
ILMN_1769245	GLIPR1	0.09585115901867636
ILMN_1768975	GLIPR1L1	2.506049344636145
ILMN_1769559	GLIPR1L2	1.171136843322591
ILMN_1652631	GLIPR2	9.695184457615253
ILMN_1736101	GLIS1	0.29098102526209624
ILMN_1710985	GLIS2	0.9910834345027721
ILMN_2402600	GLIS3	5.434840277495685
ILMN_3252418	GLIS3-AS1	4.363070871838033
ILMN_1739397	GLMN	8.84007058009457
ILMN_1698243	GLMP	9.337502552539634
ILMN_1702177	GLO1	12.488118543499906
ILMN_1738656	GLOD4	10.633355491797467
ILMN_2236440	GLOD5	0.7435047063436655
ILMN_1787257	GLP1R	0.2500229456781856
ILMN_1770675	GLP2R	0.014948606012635557
ILMN_1764797	GLRA1	1.7974037048872293
ILMN_1788786	GLRA2	10.202607974398921
ILMN_1787085	GLRA3	1.1175836806130095
ILMN_3241921	GLRA4	0.2979353312511483
ILMN_1669631	GLRB	6.81789527393203
ILMN_1737308	GLRX	10.352384921025717
ILMN_1680727	GLRX2	7.126730810345458
ILMN_3247462	GLRX3	11.138210666146882
ILMN_1796165	GLRX5	13.251074987179445
ILMN_2188722	GLS	9.179110706521854
ILMN_1677439	GLS2	7.012931304200457
ILMN_1656327	GLT1D1	2.7058573143629325
ILMN_1736060	GLT6D1	3.114110008508155
ILMN_1713290	GLT8D1	9.602818401660182
ILMN_1802654	GLT8D2	7.153996382123803
ILMN_1764380	GLTP	11.748511834242969
ILMN_1727195	GLTPD2	0.04317855940407018
ILMN_1782829	GLTSCR1	8.699169355915982
ILMN_1696127	GLTSCR1L	7.328708209636031
ILMN_1703565	GLTSCR2	14.03562177040959
ILMN_1713756	GLUD1	11.91959651016023
ILMN_1777521	GLUD2	2.9611422924181174
ILMN_1765208	GLUL	5.881804604731458
ILMN_1757477	GLYAT	3.39011849767642
ILMN_1769032	GLYATL1	1.1599317668565596
ILMN_2161820	GLYATL2	1.0765962984336206
ILMN_3253523	GLYATL3	4.5144772517399
ILMN_1663620	GLYCAM1	3.1427438043960527
ILMN_1791222	GLYCTK	4.551605060564146
ILMN_1703153	GLYR1	7.775188142688819
ILMN_2221046	GM2A	6.785947323345128
ILMN_1670532	GMCL1	7.014414093710637
ILMN_1711227	GMDS	9.641836730386935
ILMN_1727761	GMEB1	5.81030553198159
ILMN_1683204	GMEB2	7.925253994513036
ILMN_2093674	GMFB	11.212834881913862
ILMN_1711617	GMFG	5.216814134810751
ILMN_1805693	GMIP	1.1266871496315052
ILMN_1654479	GML	0.3673224584565011
ILMN_1788991	GMNC	0.8933730816332925
ILMN_1720114	GMNN	7.556920984623715
ILMN_1804476	GMPPA	8.25814272275736
ILMN_2412927	GMPPB	6.957567454102808
ILMN_1729487	GMPR	5.710588104267347
ILMN_2365595	GMPR2	10.999204391223834
ILMN_3242205	GMPS	10.672879168868642
ILMN_1802397	GNA11	7.35834198623558
ILMN_2216157	GNA12	6.784654112634159
ILMN_1758906	GNA13	9.557938517306033
ILMN_1686227	GNA14	2.5999204236910933
ILMN_1773963	GNA15	5.606161499364103
ILMN_1742044	GNAI1	7.589439113788809
ILMN_1775762	GNAI2	10.800464888079729
ILMN_1696003	GNAI3	9.889092104806034
ILMN_1746027	GNAL	7.044215882448939
ILMN_1730546	GNAO1	10.15691967117852
ILMN_1659923	GNAQ	8.934403999929318
ILMN_1769191	GNAS	14.79732461868597
ILMN_3239955	GNAS-AS1	3.4530186837831764
ILMN_1697315	GNAT1	5.288447108762668
ILMN_1745537	GNAT2	1.2467198900486762
ILMN_1766182	GNAZ	7.3738997962978345
ILMN_1760320	GNB1	13.644189194183348
ILMN_1761044	GNB1L	7.850274769237147
ILMN_1658928	GNB2	8.522243662785886
ILMN_2115336	GNB3	4.171897141546835
ILMN_1733249	GNB4	6.383126298885904
ILMN_2412294	GNB5	7.724097968896433
ILMN_1729417	GNE	9.11309743538945
ILMN_1757074	GNG10	10.178715299810873
ILMN_1782419	GNG11	10.590633741633166
ILMN_1673380	GNG12	7.204476638869374
ILMN_1730256	GNG13	3.1038317608935917
ILMN_1807925	GNG2	11.223075070275748
ILMN_1806147	GNG3	12.495452814218673
ILMN_1804357	GNG4	10.284043084650738
ILMN_1701854	GNG5	9.589752650405059
ILMN_1728107	GNG7	9.033488613798442
ILMN_1693269	GNG8	6.779960310721381
ILMN_2091100	GNGT1	7.1069268759476785
ILMN_1671237	GNGT2	5.73800183277426
ILMN_1789457	GNL1	9.694295939957437
ILMN_1761113	GNL2	11.560875935728818
ILMN_2324056	GNL3	10.2542248910635
ILMN_1708414	GNL3L	4.962436499219794
ILMN_1708779	GNLY	0.8222499794280397
ILMN_1736238	GNMT	1.018518558066816
ILMN_1699859	GNPAT	9.166682670848749
ILMN_1784709	GNPDA1	11.045292550592615
ILMN_1691567	GNPDA2	6.799125916885758
ILMN_1686235	GNPNAT1	8.294146019461651
ILMN_1736757	GNPTAB	8.16631429400279
ILMN_1764230	GNPTG	8.776187781412734
ILMN_1745991	GNRH1	6.835189515855434
ILMN_2354285	GNRH2	2.191475098947018
ILMN_2385918	GNRHR	0.0
ILMN_2224619	GNRHR2	1.271136118768314
ILMN_1744517	GNS	11.439740229621144
ILMN_1807152	GOLGA1	6.280101571699356
ILMN_1738821	GOLGA2	8.563196102253729
ILMN_2091113	GOLGA2P2Y	2.4193025127526666
ILMN_3235780	GOLGA2P3Y	4.119383021005412
ILMN_3246242	GOLGA2P7	4.438952572474659
ILMN_1733511	GOLGA3	9.993682482800049
ILMN_1776297	GOLGA4	6.635621743172039
ILMN_1773741	GOLGA5	9.753424461810553
ILMN_1750447	GOLGA6A	1.5936545318233328
ILMN_2144791	GOLGA6B	6.491950080672489
ILMN_1780143	GOLGA6C	4.632173359664306
ILMN_1708126	GOLGA6D	5.693748821656214
ILMN_1651980	GOLGA6L1	4.509667139774359
ILMN_3241535	GOLGA6L22	3.06031421982694
ILMN_1701624	GOLGA6L5P	2.3923528169829127
ILMN_3243175	GOLGA6L6	12.599747628519225
ILMN_1719993	GOLGA6L9	2.449760992230288
ILMN_1778673	GOLGA7	11.792512188265592
ILMN_1717887	GOLGA7B	5.09736749957273
ILMN_1712469	GOLGA8A	1.7804134879761087
ILMN_2103547	GOLGA8B	9.427222330228219
ILMN_3291594	GOLGA8DP	3.345726985668842
ILMN_3241725	GOLGA8IP	4.651580601723592
ILMN_3209883	GOLGA8O	1.1934731617658156
ILMN_1747935	GOLGB1	8.207337986099335
ILMN_2186216	GOLIM4	7.228053821821049
ILMN_1766405	GOLM1	7.7442317951561535
ILMN_1708841	GOLPH3	9.95380553280239
ILMN_1706764	GOLPH3L	7.046416995338657
ILMN_2137208	GOLT1A	7.169110453607737
ILMN_1767837	GOLT1B	10.375124887751218
ILMN_1685781	GON7	7.58334539163478
ILMN_2388585	GOPC	6.9774477224225135
ILMN_1761911	GORAB	7.617225174557368
ILMN_1716821	GORASP1	8.866299263057007
ILMN_1748018	GORASP2	10.24459452507895
ILMN_1798816	GOSR1	4.955737970106969
ILMN_1656293	GOSR2	7.580351454525437
ILMN_1656145	GOT1	11.350824680071808
ILMN_1778726	GOT1L1	4.6386652245617395
ILMN_1801348	GOT2	11.333539295388922
ILMN_1753575	GP1BA	8.251852154584192
ILMN_2311873	GP2	1.9242410304461641
ILMN_1780622	GP5	2.012595557222922
ILMN_1732269	GP6	4.233652122301469
ILMN_1743290	GP9	2.570486406969349
ILMN_1729170	GPA33	4.874823653715695
ILMN_1769702	GPAA1	9.296792111288015
ILMN_1749676	GPALPP1	4.890712864867747
ILMN_1758213	GPAM	7.095816353182631
ILMN_1742782	GPANK1	6.5244228315668495
ILMN_1721765	GPAT2	1.156717399831219
ILMN_1794875	GPAT3	3.452325950467941
ILMN_1740752	GPAT4	7.312724996124903
ILMN_1655625	GPATCH1	3.1756127021530456
ILMN_1728085	GPATCH11	3.5929199684542286
ILMN_1786036	GPATCH2	6.6116403065136575
ILMN_1840894	GPATCH2L	6.793357739547408
ILMN_1686929	GPATCH3	5.323813593528469
ILMN_2383305	GPATCH4	6.2770432735249075
ILMN_1764617	GPATCH8	4.50396831333659
ILMN_2316386	GPBAR1	4.148464181040923
ILMN_1711792	GPBP1	10.682416561090713
ILMN_1662719	GPBP1L1	6.76537241769272
ILMN_1801516	GPC1	7.350590654405321
ILMN_1651642	GPC2	12.030280345072654
ILMN_2051972	GPC3	8.498367237914266
ILMN_1789502	GPC4	9.69367259371124
ILMN_1688886	GPC5	6.136825806238324
ILMN_1805216	GPC6	9.053247556849358
ILMN_1701111	GPCPD1	8.610754974254416
ILMN_1764175	GPD1	1.7848601326990357
ILMN_1694106	GPD1L	9.480852487615385
ILMN_1723139	GPD2	2.694414667521926
ILMN_1795298	GPER1	4.934413289424444
ILMN_1766204	GPHA2	3.464589130707537
ILMN_1788650	GPHB5	5.042378527464531
ILMN_1677962	GPHN	8.59931898418002
ILMN_2173451	GPI	11.77559585400465
ILMN_1734076	GPIHBP1	3.049546968166624
ILMN_1684197	GPKOW	7.265148889112667
ILMN_1765419	GPLD1	1.4707638357252526
ILMN_1716869	GPM6A	10.34286073028906
ILMN_1704665	GPM6B	12.771532001410833
ILMN_1772719	GPN1	10.29997214826639
ILMN_1721741	GPN2	9.926556435434584
ILMN_3239426	GPN3	9.26182224441733
ILMN_2407389	GPNMB	4.908144625897383
ILMN_2107004	GPR1	9.322894336431373
ILMN_1796431	GPR101	4.4754818000246654
ILMN_1811048	GPR107	6.024361775081061
ILMN_2396571	GPR108	7.745067254420898
ILMN_1684931	GPR119	0.822141484451146
ILMN_1703765	GPR12	3.121219937632137
ILMN_1811171	GPR132	0.21856203176372083
ILMN_1658265	GPR135	1.1018911509633789
ILMN_1804332	GPR137	11.293853787415705
ILMN_2121816	GPR137B	7.833260010692957
ILMN_1741224	GPR137C	9.255447819456515
ILMN_1803218	GPR139	3.908357353050073
ILMN_2092333	GPR141	0.9934314529648746
ILMN_1669626	GPR142	1.8304757611577755
ILMN_1756261	GPR143	3.95004385700285
ILMN_1684227	GPR146	3.3443425558280566
ILMN_1703183	GPR148	0.3431415305706706
ILMN_1673712	GPR149	3.0690113989329233
ILMN_2192779	GPR15	2.8247605907520357
ILMN_1708428	GPR150	4.082202606340542
ILMN_1811039	GPR151	1.6297562181379925
ILMN_1659982	GPR152	0.0
ILMN_2146495	GPR153	5.5630791798841095
ILMN_1709194	GPR155	0.851426314081473
ILMN_1731498	GPR156	5.21830031352241
ILMN_1654703	GPR157	0.49465356199775784
ILMN_1727093	GPR158	3.9208901836470638
ILMN_3190247	GPR158-AS1	2.6163546420716655
ILMN_1662846	GPR160	0.0
ILMN_1730816	GPR162	12.191212830940147
ILMN_1668779	GPR17	2.7821970687641002
ILMN_1721672	GPR171	0.7300662303656446
ILMN_2298028	GPR173	3.1862309468693844
ILMN_1715404	GPR174	0.26759284235311837
ILMN_1748890	GPR176	1.7774514276708617
ILMN_1731294	GPR179	4.071364055128897
ILMN_1780368	GPR18	0.0
ILMN_1738712	GPR180	7.360952507687636
ILMN_1696810	GPR182	2.81084971752518
ILMN_3235514	GPR183	6.315486813311089
ILMN_1805973	GPR19	9.827112328268173
ILMN_1704464	GPR20	4.855539305438018
ILMN_1789696	GPR21	3.2507722230090113
ILMN_1684865	GPR22	5.8762425613017335
ILMN_1761766	GPR25	0.356433047584658
ILMN_1653267	GPR26	1.276497615610714
ILMN_1744034	GPR27	5.789984173377669
ILMN_1725271	GPR3	6.142547107930103
ILMN_1679962	GPR31	0.7518094980258293
ILMN_1651457	GPR32	2.989282929941457
ILMN_1701947	GPR34	2.2488322703693675
ILMN_1710221	GPR35	0.890345550643684
ILMN_2218935	GPR37	5.797460326667463
ILMN_1782944	GPR37L1	3.362521618301681
ILMN_1688768	GPR39	1.3731830068532422
ILMN_2074477	GPR4	0.5979126509600244
ILMN_2052487	GPR45	0.07104620561853266
ILMN_1694483	GPR50	3.1991982502431893
ILMN_2204280	GPR52	2.431172823298723
ILMN_1723274	GPR55	0.23841271581845444
ILMN_1796475	GPR6	3.7840636450463756
ILMN_1671225	GPR61	2.4405263125272874
ILMN_1756807	GPR62	0.36760144782027177
ILMN_1653648	GPR63	5.429781386080896
ILMN_2232121	GPR65	3.404597014072076
ILMN_1671142	GPR68	1.1133737050191748
ILMN_1772727	GPR75	0.44945988179745816
ILMN_1729932	GPR78	2.8484524583132376
ILMN_1763500	GPR82	1.2008951621610138
ILMN_2174341	GPR83	8.435577293374001
ILMN_1785345	GPR84	4.714931584324015
ILMN_1748338	GPR85	2.057908771592431
ILMN_1656422	GPR87	0.5643941333422237
ILMN_1812946	GPR88	0.6858458580299188
ILMN_2116594	GPR89B	8.1365834079446
ILMN_1787627	GPRASP1	4.614705154007711
ILMN_1754727	GPRASP2	10.160896422231422
ILMN_1682599	GPRC5A	0.5303252857048334
ILMN_1786034	GPRC5B	6.323606350557611
ILMN_2352090	GPRC5C	10.586565629724761
ILMN_1781145	GPRC5D	3.4088391376720577
ILMN_1732807	GPRC6A	4.494740908851392
ILMN_1653263	GPRIN1	8.204771602339854
ILMN_1803217	GPRIN2	0.6386560782031178
ILMN_1776435	GPRIN3	1.4145414232780835
ILMN_1795876	GPS1	12.060804501398492
ILMN_1815158	GPS2	7.868698879115372
ILMN_1751666	GPSM1	2.2388011830625034
ILMN_2139816	GPSM2	8.653260138106232
ILMN_1662799	GPSM3	4.4595618052777715
ILMN_1795257	GPT	2.452120426139775
ILMN_1684158	GPT2	9.072784145988663
ILMN_1749662	GPX1	12.148766162099585
ILMN_2133205	GPX2	1.6300996519872502
ILMN_1726666	GPX3	8.538663666142346
ILMN_2378952	GPX4	13.679961823854109
ILMN_2385416	GPX5	2.3305796257325277
ILMN_1740990	GPX6	3.2376468745452995
ILMN_1726030	GPX7	9.418921830352419
ILMN_3242038	GPX8	8.459455579033836
ILMN_1737157	GRAMD1A	11.504580874043207
ILMN_3237376	GRAMD1B	3.867329162722559
ILMN_2052717	GRAMD1C	0.3796127195182111
ILMN_1661443	GRAMD2	1.6291127437025175
ILMN_2065690	GRAMD3	2.815378226374758
ILMN_1723706	GRAMD4	6.784213495944036
ILMN_2264011	GRAP	5.676191198499134
ILMN_1778143	GRAP2	0.0
ILMN_1705210	GRASP	5.468644046517443
ILMN_1669617	GRB10	8.020529124227005
ILMN_2413816	GRB14	7.837174835857362
ILMN_1748797	GRB2	8.903064067202846
ILMN_2405254	GRB7	3.1760615935689382
ILMN_1721170	GREB1	7.111738237516157
ILMN_1752965	GREM1	6.503755430453353
ILMN_1678816	GREM2	4.766353450055234
ILMN_1769934	GRHL1	4.278835660875946
ILMN_2060145	GRHL2	1.5791155232620702
ILMN_2388874	GRHL3	2.99883912741872
ILMN_1664798	GRHPR	10.057979349983812
ILMN_2203299	GRIA1	4.478521485897178
ILMN_1660372	GRIA2	8.91103979475385
ILMN_1782043	GRIA3	8.391579942036307
ILMN_2322100	GRIA4	6.712244160274721
ILMN_1701993	GRID1	0.0
ILMN_1819028	GRID1-AS1	3.45102791698111
ILMN_1797331	GRID2	2.1550457849382942
ILMN_1696781	GRIFIN	0.5822934989570662
ILMN_1773114	GRIK1	5.185446224534522
ILMN_2396697	GRIK2	5.097754765162801
ILMN_1776666	GRIK3	5.475623739613433
ILMN_1799073	GRIK4	0.6894273038702737
ILMN_1679595	GRIK5	5.517018308279049
ILMN_1805404	GRIN1	8.98694770704339
ILMN_1798104	GRIN2A	5.114406141345863
ILMN_3307714	GRIN2B	3.515166488623238
ILMN_2227790	GRIN2C	5.303001284511946
ILMN_1740655	GRIN2D	2.231526051633777
ILMN_1758400	GRIN3A	3.579048741080536
ILMN_1699854	GRIN3B	6.553520248394366
ILMN_2370872	GRINA	9.42408867096935
ILMN_2304289	GRIP1	0.16832070742350014
ILMN_1693827	GRIP2	1.4532153918252753
ILMN_1761176	GRIPAP1	7.900561597500604
ILMN_2216438	GRK1	2.1555557979490607
ILMN_3307926	GRK2	10.751167547432265
ILMN_1668900	GRK3	2.206822458845138
ILMN_2405400	GRK4	9.007749636850912
ILMN_2096719	GRK5	10.647496250858268
ILMN_1681802	GRK6	6.43380600675986
ILMN_1767827	GRK7	0.0
ILMN_1693604	GRM2	9.304700121733523
ILMN_2078975	GRM3	6.979162054534676
ILMN_1752843	GRM4	5.929580393444836
ILMN_1688614	GRM5	2.9708385552590038
ILMN_1715977	GRM6	0.0
ILMN_1716680	GRM7	5.778347175827213
ILMN_1729212	GRM8	5.819331701724313
ILMN_1811702	GRN	8.170388125040372
ILMN_2413323	GRP	1.005009097952729
ILMN_1670817	GRPEL1	7.76708559894789
ILMN_1721138	GRPEL2	9.392669312693647
ILMN_2119123	GRPR	1.36251551229128
ILMN_1806601	GRSF1	10.00993779714989
ILMN_2142353	GRTP1	4.403226196132913
ILMN_1742166	GRWD1	7.884556133534551
ILMN_1793305	GRXCR1	0.168253541680228
ILMN_1796611	GRXCR2	2.794534879786464
ILMN_1772064	GSAP	4.172048654201391
ILMN_1655849	GSC	3.0916485492742893
ILMN_1734951	GSC2	0.5804186345642236
ILMN_2115974	GSDMA	5.475097754952395
ILMN_1666206	GSDMB	8.500214949973474
ILMN_1721732	GSDMC	0.9788303943443352
ILMN_1665428	GSDMD	3.0910675292599907
ILMN_1807767	GSE1	7.927423668089603
ILMN_1651693	GSG1	4.521724222114209
ILMN_1671055	GSG1L	1.8452935618339488
ILMN_1709085	GSG2	3.744010220448777
ILMN_1757569	GSK3A	0.0
ILMN_1779376	GSK3B	10.677714089540418
ILMN_1712748	GSKIP	9.619712001089955
ILMN_1801043	GSN	7.76871928796616
ILMN_1750130	GSPT1	11.873491828360594
ILMN_1730101	GSPT2	10.422845209999961
ILMN_1775182	GSR	8.408509518237404
ILMN_1683462	GSS	7.83650276895159
ILMN_1701831	GSTA1	1.0968254934405095
ILMN_2168747	GSTA2	0.7814790519712659
ILMN_1769083	GSTA3	5.678580239999008
ILMN_1771964	GSTA4	11.744488859890831
ILMN_1788122	GSTA5	0.4592112849306294
ILMN_3305768	GSTA7P	0.7690198242283546
ILMN_1691430	GSTCD	3.677220809567951
ILMN_1725241	GSTK1	9.22612309144273
ILMN_2391861	GSTM1	11.720780103031759
ILMN_2201580	GSTM2	11.51241610449042
ILMN_2193761	GSTM2P1	2.1193810330533847
ILMN_1736184	GSTM3	9.310711311402299
ILMN_1651800	GSTM4	6.798788121313216
ILMN_1750790	GSTM5	3.0239666734335695
ILMN_2227573	GSTO1	11.544343713278385
ILMN_1740234	GSTO2	8.88824291117891
ILMN_1679809	GSTP1	13.609911067186097
ILMN_1730054	GSTT1	9.809504220714722
ILMN_1789418	GSTT2	3.025320937386981
ILMN_3240433	GSTT2B	3.6566260037774345
ILMN_1666167	GSTTP1	0.027583785235140875
ILMN_2246548	GSTTP2	8.217682981053228
ILMN_2381296	GSTZ1	8.391570344636335
ILMN_1691467	GSX1	3.286209059825944
ILMN_1710727	GSX2	1.9923554465671547
ILMN_1762167	GTDC1	6.82323705131716
ILMN_1725247	GTF2A1	4.545431663926651
ILMN_1681616	GTF2A1L	4.192772323975812
ILMN_1753719	GTF2A2	11.941749443479141
ILMN_1737857	GTF2B	9.66618313789399
ILMN_1655921	GTF2E1	7.9062198880856505
ILMN_1664931	GTF2E2	11.82614467640444
ILMN_1748616	GTF2F1	9.890668424693137
ILMN_1745798	GTF2F2	10.873671001280348
ILMN_2157957	GTF2H1	2.2819674226148927
ILMN_1691485	GTF2H2	0.7905926190230309
ILMN_3242688	GTF2H2C_2	1.1678356918716466
ILMN_1725666	GTF2H3	7.497603136863095
ILMN_1800308	GTF2H4	9.178137157089347
ILMN_1739497	GTF2H5	11.845678299697802
ILMN_1673917	GTF2I	7.685696876788796
ILMN_1815668	GTF2IP1	10.657602221650185
ILMN_3239689	GTF2IP4	4.090244576620546
ILMN_1712628	GTF2IRD1	7.5250604866833095
ILMN_3247217	GTF2IRD1P1	2.752044701891078
ILMN_1809577	GTF2IRD2	5.475267170971723
ILMN_1680501	GTF2IRD2B	9.461069845900669
ILMN_1658464	GTF3A	11.235426949618708
ILMN_1789839	GTF3C1	7.163837570174919
ILMN_1746457	GTF3C2	7.998596499238442
ILMN_1789508	GTF3C3	10.253394084650717
ILMN_1885165	GTF3C4	5.1772742525790125
ILMN_1723895	GTF3C5	8.979162060367619
ILMN_1691578	GTF3C6	8.537217759341607
ILMN_1811378	GTPBP1	6.100208995619476
ILMN_2383754	GTPBP10	4.897349842426667
ILMN_1694475	GTPBP2	2.7387404788543495
ILMN_1748894	GTPBP3	10.157656769252885
ILMN_1742577	GTPBP4	11.39774871986831
ILMN_1776080	GTPBP6	11.042413386849718
ILMN_2286514	GTPBP8	7.902807363271379
ILMN_1771039	GTSE1	6.739748430959549
ILMN_2069632	GTSF1	3.33997297435801
ILMN_1812548	GTSF1L	2.0327219045378437
ILMN_1662086	GUCA1A	8.085407511801387
ILMN_2211728	GUCA1B	8.045257947022357
ILMN_1787360	GUCA1C	2.083210386664392
ILMN_1763749	GUCA2A	4.014181898718994
ILMN_1735578	GUCA2B	1.281100313152219
ILMN_1764410	GUCD1	9.841223654495725
ILMN_1720496	GUCY1A2	5.011194534654694
ILMN_1808590	GUCY1A3	4.923141862311927
ILMN_1782567	GUCY1B3	6.5390901646435
ILMN_2144663	GUCY2C	0.3418434807372716
ILMN_1795842	GUCY2D	2.257100057120548
ILMN_1723686	GUCY2F	4.3154763446209286
ILMN_1696330	GUF1	7.606623088873402
ILMN_1758398	GUK1	12.970910305637204
ILMN_1802690	GULP1	4.395541582567646
ILMN_1669878	GUSB	9.279597032647683
ILMN_3235718	GUSBP11	5.137878465009408
ILMN_1720857	GUSBP2	10.900521142811996
ILMN_1693523	GUSBP5	3.0751261200941493
ILMN_1668526	GVINP1	3.640073059219827
ILMN_1747183	GXYLT1	6.532910978606192
ILMN_2085844	GXYLT2	3.2000712393276256
ILMN_2230862	GYG1	10.595445350288207
ILMN_2319424	GYG2	10.259806456539911
ILMN_1799708	GYPA	0.88121115881822
ILMN_1683093	GYPB	1.1229368378703717
ILMN_1668039	GYPC	10.065696673396108
ILMN_2266962	GYPE	2.4458097156598644
ILMN_1711289	GYS1	4.6518610506642615
ILMN_1807745	GYS2	0.9373968653344118
ILMN_1763328	GZF1	5.089792228590981
ILMN_1779324	GZMA	1.9941156664363209
ILMN_2109489	GZMB	0.0
ILMN_1731233	GZMH	0.0
ILMN_1710734	GZMK	1.9120075512193282
ILMN_1690561	GZMM	2.3148734576962937
ILMN_2148527	H19	9.308318082229158
ILMN_1757467	H1F0	12.015218604877383
ILMN_1756125	H1FNT	2.8481940643292205
ILMN_1749108	H1FOO	0.7700844439248379
ILMN_1773964	H1FX	9.702635294485804
ILMN_1784556	H2AFB1	2.1275293099555483
ILMN_2226763	H2AFB2	0.22574200837537142
ILMN_1692715	H2AFB3	1.0291459001321768
ILMN_1708728	H2AFJ	9.877778684849842
ILMN_1706784	H2AFV	6.539140939666144
ILMN_2200331	H2AFX	7.742624003884326
ILMN_2373495	H2AFY	13.596544716227434
ILMN_1705570	H2AFY2	11.878623595441896
ILMN_1707858	H2AFZ	13.794687518432795
ILMN_1660283	H2BFWT	0.0
ILMN_2234730	H2BFXP	2.0007221259783936
ILMN_2106331	H3F3A	14.792923669739357
ILMN_2402930	H3F3AP4	14.78875365976775
ILMN_1695706	H3F3B	12.699651444474327
ILMN_1769705	H3F3C	13.81666049672185
ILMN_1721136	H6PD	5.02898878105568
ILMN_1715125	HAAO	4.879897224593732
ILMN_1737041	HABP2	0.0
ILMN_2107991	HABP4	9.881227100919443
ILMN_1725791	HACD1	8.064882100421842
ILMN_2170353	HACD2	9.081459638511225
ILMN_1737398	HACD3	11.624468701281813
ILMN_1690114	HACD4	9.879905111657523
ILMN_1740217	HACE1	6.872565306480709
ILMN_1723414	HACL1	9.731514890723188
ILMN_1719906	HADH	10.682605882261868
ILMN_1712751	HADHA	9.465320059446748
ILMN_2197846	HADHB	9.165463542003065
ILMN_1772731	HAGH	10.875446101086892
ILMN_1793201	HAGHL	7.723229820671075
ILMN_2074748	HAL	1.8375736182219249
ILMN_1729188	HAMP	4.032034208263021
ILMN_1680987	HAND1	0.3899157942687097
ILMN_2064902	HAND2	3.8868325723100416
ILMN_1887267	HAND2-AS1	4.692515981757624
ILMN_2211546	HAO1	3.629716711248149
ILMN_1767474	HAO2	1.9330159360956365
ILMN_1776861	HAP1	4.110276281036215
ILMN_1678812	HAPLN1	5.262251036420323
ILMN_1678788	HAPLN2	3.2731467006884514
ILMN_1654319	HAPLN3	2.042064018048349
ILMN_2165463	HAPLN4	3.4233225117925934
ILMN_1847602	HAR1A	3.116184569222522
ILMN_3240360	HAR1B	3.4390080910170204
ILMN_2163051	HARBI1	4.640012312078114
ILMN_1763523	HARS	10.771030921459856
ILMN_1715113	HARS2	9.159644730915506
ILMN_1754716	HAS1	5.852669051577248
ILMN_1792978	HAS2	5.141617787056899
ILMN_3241254	HAS2-AS1	5.060247724335187
ILMN_1794501	HAS3	6.628493352013279
ILMN_1725244	HAT1	7.68769980942696
ILMN_1745946	HAUS1	10.254986542362035
ILMN_1738482	HAUS2	10.393862271323238
ILMN_2160124	HAUS3	1.5890187361766277
ILMN_1771003	HAUS4	9.333138990911854
ILMN_3247504	HAUS5	1.5548544270847435
ILMN_1664139	HAUS6	0.6821940189530346
ILMN_2371700	HAUS7	9.697641570765708
ILMN_2365528	HAUS8	6.010325294453723
ILMN_1658405	HAVCR1P1	0.32244536342626434
ILMN_1693826	HAVCR2	6.531960809844718
ILMN_1750658	HAX1	9.721931629985967
ILMN_3240144	HBA1	2.962901385201949
ILMN_2127842	HBA2	4.754523570687009
ILMN_2100437	HBB	3.856893129281321
ILMN_1653814	HBBP1	4.91942828682789
ILMN_1820887	HBCBP	3.4960946611369113
ILMN_1815527	HBD	1.0698440475119255
ILMN_1651358	HBE1	0.0
ILMN_2121408	HBEGF	7.864949285533538
ILMN_1796678	HBG1	1.3921926461149774
ILMN_2084825	HBG2	4.860200773549786
ILMN_2091454	HBM	0.0
ILMN_2160764	HBP1	8.584081357027436
ILMN_1696183	HBQ1	9.924192465127378
ILMN_1659495	HBS1L	3.4633339881280474
ILMN_1713458	HBZ	4.979879355146541
ILMN_1811272	HCAR1	1.1186429842664918
ILMN_1750497	HCAR2	0.30787845681444226
ILMN_1782237	HCAR3	4.82551993683915
ILMN_1707236	HCCS	7.9338329912471375
ILMN_1732705	HCFC1	10.456864502150866
ILMN_1757877	HCFC1R1	11.813553012772104
ILMN_1674297	HCFC2	5.786260709365503
ILMN_1667229	HCG22	2.338081339845188
ILMN_3236741	HCG26	2.8493175540498417
ILMN_1746436	HCG27	2.6458675120326514
ILMN_1660923	HCG4	9.642828840132504
ILMN_1752182	HCG4B	1.5549597350061148
ILMN_1791771	HCK	5.156775706798714
ILMN_1727402	HCLS1	2.051989992505331
ILMN_1687404	HCN1	4.570276085487908
ILMN_2182101	HCN2	2.079298045011865
ILMN_1787256	HCN3	9.691563728013085
ILMN_1790810	HCN4	6.371681077218555
ILMN_1803945	HCP5	5.222502551512119
ILMN_2179739	HCRT	4.223771629045083
ILMN_1660217	HCRTR1	0.6160932150779814
ILMN_1678065	HCRTR2	6.304883534228126
ILMN_1699931	HCST	6.567491281933113
ILMN_1727458	HDAC1	11.607167635748427
ILMN_2102787	HDAC10	2.9727761698754347
ILMN_1684690	HDAC11	7.695283836398325
ILMN_1767747	HDAC2	12.625369497408371
ILMN_1772455	HDAC3	8.740251409843387
ILMN_1764396	HDAC4	3.5394928956888694
ILMN_1810856	HDAC5	7.8896776367086545
ILMN_1798546	HDAC6	9.540716639640898
ILMN_3266186	HDAC7	4.828457589122426
ILMN_1651544	HDAC8	5.800691732050722
ILMN_2408885	HDAC9	5.130338395438437
ILMN_1792323	HDC	0.0
ILMN_1753745	HDDC2	12.238180155454566
ILMN_1781638	HDDC3	8.355224561277298
ILMN_1765621	HDGF	9.166955021613807
ILMN_2189314	HDGFL1	4.866240520062318
ILMN_2325978	HDGFRP2	9.492905611603254
ILMN_1784256	HDGFRP3	10.039172066591354
ILMN_1702265	HDHD2	10.238500188435696
ILMN_1726466	HDHD3	7.364925864644441
ILMN_1756426	HDLBP	6.009402658451974
ILMN_1801891	HDX	3.464830756512715
ILMN_1787762	HEATR1	8.825419320230004
ILMN_1808219	HEATR3	5.656851617780394
ILMN_1765198	HEATR4	0.0
ILMN_3249669	HEATR5A	5.696491688414326
ILMN_2187487	HEATR5B	8.75591892933888
ILMN_1791106	HEATR6	7.536242115722096
ILMN_1675097	HEATR9	0.8307911687540601
ILMN_1802557	HEBP1	11.284793256277348
ILMN_1755077	HEBP2	11.416600213366692
ILMN_1770667	HECA	7.1445661636155675
ILMN_1706094	HECTD1	9.125357661704745
ILMN_1726636	HECTD2	10.282550289981765
ILMN_3240072	HECTD2-AS1	0.2187957845522972
ILMN_1656902	HECTD3	7.623161856911493
ILMN_3244516	HECTD4	8.808412467378025
ILMN_1790645	HECW1	4.162249474424166
ILMN_1775268	HECW2	4.604174925776406
ILMN_1666122	HEG1	6.097584688010083
ILMN_1707945	HELB	3.395237398966211
ILMN_1783610	HELLS	5.4742803444869
ILMN_1720440	HELQ	5.10183195072037
ILMN_1762835	HELZ	7.668044560322765
ILMN_1787509	HELZ2	9.45302067538431
ILMN_2413537	HEMGN	2.2384178877555994
ILMN_1731014	HEMK1	5.145078674090996
ILMN_1682428	HENMT1	8.002860068762399
ILMN_1659316	HEPACAM	3.1591356551626326
ILMN_1804593	HEPACAM2	3.5203136490169222
ILMN_1714523	HEPH	7.895255951543739
ILMN_3241132	HEPHL1	0.3792533462170585
ILMN_3246881	HEPN1	3.3216922134514335
ILMN_1786211	HERC1	8.388674306991453
ILMN_1813475	HERC2	6.814214552540541
ILMN_1754880	HERC2P2	4.821851172646056
ILMN_3247050	HERC2P7	1.3073266569177493
ILMN_1741032	HERC3	5.493099707317551
ILMN_1678922	HERC4	7.393815223603471
ILMN_1729749	HERC5	8.308543645778094
ILMN_1654639	HERC6	4.849104070922702
ILMN_1785158	HERPUD2	7.859512340380519
ILMN_1710284	HES1	6.122562506154196
ILMN_1709870	HES2	1.6619075437106174
ILMN_1696055	HES3	2.1661271610175383
ILMN_1653466	HES4	14.598395122099406
ILMN_1794742	HES5	11.972747154310127
ILMN_1694268	HES6	13.207764370105444
ILMN_2061768	HES7	4.874799429870742
ILMN_1742929	HESX1	3.9332780899374313
ILMN_1813911	HEXA	5.921089160950623
ILMN_3268535	HEXA-AS1	1.86775644079224
ILMN_1806692	HEXB	10.800537472448335
ILMN_1741180	HEXDC	6.1898221185646705
ILMN_1685115	HEXIM1	5.1602177414456145
ILMN_1701006	HEXIM2	7.729248502798744
ILMN_1788203	HEY1	8.84692289622289
ILMN_1682034	HEY2	4.9932440953209385
ILMN_1654324	HEYL	6.000707117143951
ILMN_2302632	HFE	2.2684436579351623
ILMN_2367694	HFE2	2.636893422649008
ILMN_1796572	HFM1	4.0195264619854
ILMN_1899338	HGC6.3	7.3443612420205655
ILMN_1737541	HGD	4.93862393198199
ILMN_1790149	HGF	2.767669755286645
ILMN_1701468	HGFAC	1.2294492080700548
ILMN_1663364	HGH1	4.555718986554308
ILMN_1715994	HGS	11.587026569738088
ILMN_1662413	HGSNAT	4.382430703787479
ILMN_1693853	HHAT	5.682198227004967
ILMN_1691355	HHATL	5.597839580709999
ILMN_1762712	HHEX	3.7034727685928335
ILMN_1675453	HHIP	1.6418257927135704
ILMN_1657972	HHIPL1	2.212726248005373
ILMN_1800101	HHIPL2	0.9222125482362186
ILMN_3307074	HHLA1	1.118746296752794
ILMN_1737076	HHLA2	1.311858402358045
ILMN_1802338	HHLA3	7.012930386802567
ILMN_1804150	HIBADH	9.738139007861077
ILMN_1656977	HIBCH	7.935884706569861
ILMN_1738825	HIC1	3.3013415533041055
ILMN_1652762	HIC2	11.379593733680188
ILMN_1654013	HID1	7.332980869625996
ILMN_2379788	HIF1A	7.418407995864764
ILMN_1681812	HIF1AN	5.91295982754043
ILMN_1808409	HIF3A	3.677201977250275
ILMN_1674522	HIGD1A	13.35557084851821
ILMN_1675936	HIGD1B	0.8726481655879605
ILMN_3249482	HIGD1C	1.9020967360304584
ILMN_1774334	HIGD2A	12.429894443513154
ILMN_1711021	HIGD2B	1.9709984241167435
ILMN_1781419	HIKESHI	9.437837572743346
ILMN_1659990	HILPDA	7.9753221814111335
ILMN_1667453	HINFP	8.621563356084906
ILMN_1807710	HINT1	14.190963101552322
ILMN_1697820	HINT2	10.232783598751828
ILMN_3251662	HINT3	7.555618478735656
ILMN_1701403	HIP1	8.417227331814095
ILMN_2396148	HIP1R	6.406804953711604
ILMN_1690951	HIPK1	2.1974954727951475
ILMN_1687440	HIPK2	8.874408568320211
ILMN_2337551	HIPK3	4.7473915721316144
ILMN_1715659	HIPK4	1.3683581244547487
ILMN_1813664	HIRA	3.435718404088833
ILMN_1678037	HIRIP3	9.683207563180268
ILMN_1692831	HIST1H1A	5.183458883155079
ILMN_1653251	HIST1H1B	2.395954917518338
ILMN_1757406	HIST1H1C	9.657255819070055
ILMN_1749789	HIST1H1D	4.668686201545513
ILMN_1746435	HIST1H1E	6.143184975779479
ILMN_1733684	HIST1H1T	0.7514678473295121
ILMN_1694166	HIST1H2AA	1.4828090670604677
ILMN_1753524	HIST1H2AB	6.021605733529301
ILMN_1792689	HIST1H2AC	8.836520853445522
ILMN_1742143	HIST1H2AD	0.6758255218892537
ILMN_1756849	HIST1H2AE	6.240677277058746
ILMN_1686478	HIST1H2AG	4.254462548142887
ILMN_2188451	HIST1H2AH	0.2234576849525353
ILMN_1663453	HIST1H2AI	0.32024088738536305
ILMN_1755318	HIST1H2AJ	1.042556843720696
ILMN_1694699	HIST1H2AK	2.5001060702186098
ILMN_3246993	HIST1H2AL	0.5808044845220423
ILMN_1756022	HIST1H2AM	5.468928382321097
ILMN_2108779	HIST1H2BA	0.0
ILMN_1750180	HIST1H2BB	1.770479797232314
ILMN_1680937	HIST1H2BC	1.8727374462154514
ILMN_1651496	HIST1H2BD	10.354923692758222
ILMN_1687947	HIST1H2BE	3.0293138553348338
ILMN_1779373	HIST1H2BF	0.7798177608339376
ILMN_1716195	HIST1H2BG	8.420281229844583
ILMN_1688666	HIST1H2BH	7.332293602504431
ILMN_1775925	HIST1H2BI	0.18392282024465625
ILMN_1658702	HIST1H2BJ	5.592820933631805
ILMN_1796179	HIST1H2BK	10.206577205500333
ILMN_1652998	HIST1H2BL	0.9508417574097453
ILMN_1736820	HIST1H2BM	1.4786269560887266
ILMN_1808907	HIST1H2BN	3.754660362951038
ILMN_1739076	HIST1H2BO	1.2186830921650975
ILMN_1776845	HIST1H3A	5.4957079418545804
ILMN_2222163	HIST1H3B	2.4093702174193976
ILMN_1712184	HIST1H3C	0.0
ILMN_1721127	HIST1H3D	5.3258634322393155
ILMN_3235949	HIST1H3E	6.235375263539496
ILMN_1788489	HIST1H3F	5.753052999336517
ILMN_1726815	HIST1H3G	2.5712902094572594
ILMN_1749368	HIST1H3H	6.230582056268464
ILMN_2207865	HIST1H3I	3.7495383882706883
ILMN_1707257	HIST1H3J	3.2935453854280925
ILMN_1723111	HIST1H4A	0.2058659025995264
ILMN_2165369	HIST1H4B	3.152707524219617
ILMN_2075334	HIST1H4C	13.029377131439567
ILMN_1676580	HIST1H4D	2.0940519998345986
ILMN_1681542	HIST1H4E	4.84162384545508
ILMN_2119320	HIST1H4F	2.8739226839582757
ILMN_1712808	HIST1H4G	0.7612552533274215
ILMN_1751120	HIST1H4H	0.6669491182521793
ILMN_1670033	HIST1H4I	5.004602940567962
ILMN_2224990	HIST1H4J	9.810161257854768
ILMN_1662359	HIST1H4K	12.012047245342833
ILMN_1782329	HIST1H4L	0.36371849192306477
ILMN_1659047	HIST2H2AA3	9.637866319322017
ILMN_3242900	HIST2H2AA4	10.221264580053424
ILMN_1747589	HIST2H2AB	3.0135448750662204
ILMN_1768973	HIST2H2AC	9.901740444899618
ILMN_1732071	HIST2H2BE	11.737245596545451
ILMN_1670093	HIST2H2BF	6.150996914096241
ILMN_3243527	HIST2H3A	0.4945303653419188
ILMN_1666179	HIST2H3C	1.349651764680616
ILMN_1793461	HIST2H3D	4.901807897717545
ILMN_2115340	HIST2H4A	7.078711758985712
ILMN_3238233	HIST2H4B	6.24081449448067
ILMN_1779648	HIST3H2A	11.477744919230993
ILMN_1764986	HIST3H2BB	3.420113988676359
ILMN_1707173	HIST3H3	1.0945611446741133
ILMN_2053992	HIST4H4	1.9652494924240644
ILMN_1735548	HIVEP1	5.3269841102162205
ILMN_1745447	HIVEP2	6.575858381068449
ILMN_1864166	HIVEP3	5.432848840270984
ILMN_1703906	HJURP	8.228709475248118
ILMN_2382990	HK1	12.690614738368533
ILMN_1723486	HK2	8.568043815966654
ILMN_1670302	HK3	0.7300084777320831
ILMN_1752502	HKDC1	0.8415831932904886
ILMN_1675150	HKR1	7.031957062208367
ILMN_2203950	HLA-A	12.663836687918582
ILMN_1778401	HLA-B	10.004155182919048
ILMN_1721113	HLA-C	6.396530474812542
ILMN_1695311	HLA-DMA	8.131216955266511
ILMN_1761733	HLA-DMB	6.007798146296332
ILMN_1659075	HLA-DOA	4.806697895708067
ILMN_1700428	HLA-DOB	2.713332818672034
ILMN_1772218	HLA-DPA1	5.664412354175169
ILMN_1749070	HLA-DPB1	2.250692239312152
ILMN_2205405	HLA-DPB2	2.725793911269919
ILMN_1680144	HLA-DQA2	3.7837496635394423
ILMN_1661266	HLA-DQB1	2.0833824559762912
ILMN_1689655	HLA-DRA	7.2031778138078115
ILMN_1715169	HLA-DRB1	6.488735932130858
ILMN_1717261	HLA-DRB3	9.349867661477253
ILMN_1752592	HLA-DRB4	6.762653881478278
ILMN_1697499	HLA-DRB5	6.365736140880336
ILMN_2066066	HLA-DRB6	5.891577644730311
ILMN_1765258	HLA-E	9.212655064152699
ILMN_2186806	HLA-F	9.149940190883163
ILMN_1656670	HLA-G	6.063318189336198
ILMN_2130441	HLA-H	10.545847291371414
ILMN_1792669	HLCS	6.085027017130411
ILMN_1722829	HLF	2.479155196667023
ILMN_1673820	HLTF	9.202192949957674
ILMN_1686862	HLX	4.924109500165028
ILMN_1807833	HM13	7.838587226782124
ILMN_1843949	HMBOX1	8.15398293947571
ILMN_1726306	HMBS	8.992691253627703
ILMN_1815682	HMCES	9.53690119482155
ILMN_1677308	HMCN1	0.17416249493576674
ILMN_1678290	HMG20A	7.966273132153167
ILMN_1651315	HMG20B	8.435055061521403
ILMN_2311537	HMGA1	10.807505112653288
ILMN_2344662	HMGA2	5.388557814243115
ILMN_2231242	HMGB1	6.527755516097443
ILMN_1654268	HMGB2	11.91450057455671
ILMN_1733519	HMGB3	9.087365246905835
ILMN_2103343	HMGB3P1	0.55787569268979
ILMN_2348031	HMGB4	0.156673323191692
ILMN_2122420	HMGCL	8.29942810256537
ILMN_2339192	HMGCLL1	8.36794607675793
ILMN_1657395	HMGCR	12.501735081882538
ILMN_1797728	HMGCS1	14.114900065359016
ILMN_1815203	HMGCS2	5.1158329525093515
ILMN_2151579	HMGN1	13.279641993427111
ILMN_2058141	HMGN2	13.051924298548725
ILMN_3307664	HMGN2P46	0.16387329711294032
ILMN_1731984	HMGN3	5.357293034023605
ILMN_1700518	HMGN4	11.569046033987446
ILMN_1749799	HMGN5	4.90166970856997
ILMN_3250585	HMGXB3	8.053333827360877
ILMN_1709173	HMHB1	1.2302349413518898
ILMN_1781942	HMMR	8.555494624745993
ILMN_1800512	HMOX1	6.384388717064982
ILMN_1658807	HMOX2	2.7253921619864623
ILMN_1728803	HMP19	12.188851601490006
ILMN_3242763	HMSD	0.8069850490927912
ILMN_1811022	HMX1	1.1914083116903516
ILMN_1671619	HMX2	3.898135867113538
ILMN_1765911	HMX3	2.9758130086237142
ILMN_2384591	HN1	12.333352738224335
ILMN_1706118	HN1L	7.68238967849974
ILMN_1659929	HNF1A	0.9823370595427061
ILMN_3245684	HNF1A-AS1	1.9627528735119544
ILMN_3235709	HNF1B	2.794923547065997
ILMN_2372124	HNF4A	5.706600379561221
ILMN_1743394	HNF4G	0.0
ILMN_1705984	HNMT	6.157524556241667
ILMN_1753279	HNRNPA0	11.889808463270475
ILMN_1815882	HNRNPA1	10.12469867309773
ILMN_1736894	HNRNPA1L2	6.168684677290998
ILMN_2220283	HNRNPA1P10	12.153229438128093
ILMN_2125675	HNRNPA1P33	11.971137833496945
ILMN_2369682	HNRNPA2B1	12.148793071457495
ILMN_1761083	HNRNPA3	8.713088158901934
ILMN_2174574	HNRNPA3P1	6.20248597645586
ILMN_1651262	HNRNPAB	11.228968757726792
ILMN_1695588	HNRNPC	10.835367292918088
ILMN_2154186	HNRNPCL1	4.054308976143915
ILMN_3245015	HNRNPCL2	6.1591254903404
ILMN_3244579	HNRNPCL3	7.59458293141088
ILMN_2321451	HNRNPD	12.638347411183567
ILMN_1653432	HNRNPDL	12.741353984261108
ILMN_1668179	HNRNPF	4.703471138759219
ILMN_3246409	HNRNPH1	11.444545705755347
ILMN_2362245	HNRNPH2	10.490674413435773
ILMN_1654920	HNRNPH3	10.755407551076852
ILMN_3179371	HNRNPK	12.194945803039728
ILMN_3206111	HNRNPKP3	3.290490331828714
ILMN_2389582	HNRNPL	10.131145345218371
ILMN_1791575	HNRNPLL	7.957328477884011
ILMN_1745385	HNRNPM	10.69898747343678
ILMN_3177285	HNRNPR	12.062181336274458
ILMN_2370135	HNRNPU	9.66548528087965
ILMN_1690268	HNRNPUL1	11.1841443218508
ILMN_2072091	HNRNPUL2	9.61825574574633
ILMN_1777591	HOGA1	0.7260749382415016
ILMN_1804568	HOMER1	4.818068269868706
ILMN_1811579	HOMER3	7.505267901882337
ILMN_1765550	HOMEZ	3.492099392385009
ILMN_1741406	HOOK1	5.988483599449865
ILMN_1682147	HOOK2	6.74877063143705
ILMN_1741464	HOOK3	6.223435193240344
ILMN_2316236	HOPX	7.53188034657954
ILMN_2215025	HORMAD1	0.6051618596529315
ILMN_1679139	HORMAD2	4.3290881016435
ILMN_3239700	HOTAIR	2.6286283459556103
ILMN_1866337	HOTTIP	5.51866840842893
ILMN_1700382	HOXA1	4.748077332950069
ILMN_1689336	HOXA10	5.019937233479709
ILMN_1738132	HOXA11	0.4191411187639064
ILMN_3249281	HOXA11-AS	1.2203835648150327
ILMN_1731349	HOXA13	0.4905981053786186
ILMN_1799836	HOXA2	9.798831290781902
ILMN_1760647	HOXA3	2.0635355128447466
ILMN_1677018	HOXA4	4.8512355378034755
ILMN_1753613	HOXA5	8.680938541865668
ILMN_1815570	HOXA6	5.023865577042455
ILMN_1706478	HOXA7	2.864699050540652
ILMN_1739582	HOXA9	7.895734923536062
ILMN_1718079	HOXB1	3.885682950602288
ILMN_1742677	HOXB13	0.9244257884800744
ILMN_1810274	HOXB2	12.012513838536046
ILMN_1689874	HOXB3	5.9436524854467825
ILMN_1654331	HOXB4	5.119859838326492
ILMN_1674908	HOXB5	9.043331367638332
ILMN_1768101	HOXB6	6.149917256962557
ILMN_1702125	HOXB7	5.287940933196483
ILMN_1798496	HOXB8	8.597019197996758
ILMN_1720406	HOXB9	2.2162247164531057
ILMN_1725899	HOXC10	2.1216604556602765
ILMN_1697342	HOXC11	0.349134126833752
ILMN_1760029	HOXC12	0.0
ILMN_1759676	HOXC13	5.971014909181592
ILMN_1719975	HOXC4	7.041215358720923
ILMN_1803907	HOXC5	4.08294850437053
ILMN_1794492	HOXC6	8.45601057579374
ILMN_1718285	HOXC8	4.597123708485277
ILMN_1718898	HOXC9	3.588522403863068
ILMN_1717381	HOXD1	3.6734623730998397
ILMN_1714691	HOXD10	4.335464848902325
ILMN_1746158	HOXD11	6.9649962295586585
ILMN_1783500	HOXD12	0.34251201718954
ILMN_1706901	HOXD13	0.26633924745455545
ILMN_1798076	HOXD3	6.755406418046106
ILMN_1672091	HOXD4	5.987005662651346
ILMN_1714988	HOXD8	1.8491091879946948
ILMN_1659792	HOXD9	0.39981396578545375
ILMN_1812433	HP	3.0572576805174285
ILMN_1701169	HP1BP3	6.5010733026067635
ILMN_1815033	HPCA	7.942093619820775
ILMN_1764850	HPCAL1	13.016061450281716
ILMN_1736976	HPCAL4	9.873037031304158
ILMN_1745688	HPD	1.5152891658358023
ILMN_1697703	HPDL	2.5558664824029074
ILMN_1698677	HPF1	8.638414397903754
ILMN_2166457	HPGD	4.842787464009821
ILMN_1713753	HPGDS	0.8573944201997262
ILMN_1687235	HPN	1.5722539162642997
ILMN_3232908	HPN-AS1	5.610825851494
ILMN_2155452	HPR	4.870994091259743
ILMN_2056975	HPRT1	10.921930578107334
ILMN_2267787	HPS1	5.684856744948228
ILMN_1762224	HPS3	6.286319118276366
ILMN_1808919	HPS4	6.2717143817509085
ILMN_2411731	HPS5	6.418578979019835
ILMN_1718537	HPS6	8.540180764000569
ILMN_1779547	HPSE	4.699395823353521
ILMN_1853632	HPSE2	4.729409381735339
ILMN_3242847	HPVC1	3.4891648385011114
ILMN_1668593	HPX	3.699893255415881
ILMN_3309940	HPYR1	1.2245289443607241
ILMN_1657505	HR	0.43574023422949004
ILMN_1773751	HRAS	9.416157069876284
ILMN_1655867	HRASLS	6.266969511949707
ILMN_1809259	HRASLS2	4.634603611521736
ILMN_1674349	HRASLS5	2.0999787653985402
ILMN_1864157	HRAT56	4.402265041194078
ILMN_1738773	HRC	10.597686513576427
ILMN_2189675	HRCT1	0.9077824037728294
ILMN_2193936	HRG	1.5161813056170506
ILMN_1673953	HRH1	5.559934832729456
ILMN_1722411	HRH2	0.0279874047469194
ILMN_1694273	HRH3	2.0735354304388003
ILMN_1810424	HRH4	2.3868050392618203
ILMN_2193706	HRK	8.89544675363488
ILMN_1687510	HRNR	1.8358775336127044
ILMN_1738237	HS1BP3	6.873640787527811
ILMN_1738987	HS2ST1	5.164050657430284
ILMN_2228035	HS3ST1	1.0944091266797227
ILMN_1712475	HS3ST2	6.50409826949058
ILMN_1692056	HS3ST3A1	8.73628768024246
ILMN_1761163	HS3ST3B1	2.159965593899899
ILMN_1802523	HS3ST5	1.1434280020823275
ILMN_1710416	HS3ST6	2.6502051598783574
ILMN_1759987	HS6ST1	6.530606837093015
ILMN_2415583	HS6ST2	9.21658721037762
ILMN_1870609	HS6ST2-AS1	4.403613502350556
ILMN_1721429	HS6ST3	0.10235425348689177
ILMN_1667030	HSBP1	13.245287154227485
ILMN_2184789	HSCB	10.951331634245372
ILMN_2389501	HSD11B1	2.035380749628405
ILMN_2317457	HSD11B1L	8.474359647817492
ILMN_1813350	HSD11B2	3.953213208691255
ILMN_1773623	HSD17B1	5.652497281703478
ILMN_2355971	HSD17B10	8.360956550507934
ILMN_1735367	HSD17B11	8.948826174625074
ILMN_2094106	HSD17B12	12.12580509835709
ILMN_1683844	HSD17B13	2.1652548871871904
ILMN_1809483	HSD17B14	8.144599592170996
ILMN_1808713	HSD17B2	3.216627767994615
ILMN_1765954	HSD17B3	1.9797364638036912
ILMN_1673795	HSD17B4	9.584066743726776
ILMN_1779855	HSD17B6	4.306190080277784
ILMN_1671661	HSD17B7	12.271112067670584
ILMN_1760506	HSD17B7P2	7.16201537065988
ILMN_1715324	HSD17B8	8.868352331246989
ILMN_1780693	HSD3B1	1.9874421496425672
ILMN_1733462	HSD3B2	2.9434520679500107
ILMN_1653042	HSD3B7	3.165072784514207
ILMN_3306691	HSD52	0.39756819712801533
ILMN_2112755	HSDL1	8.5720231524482
ILMN_1787843	HSDL2	8.462238830055488
ILMN_1667060	HSF1	5.780169322835959
ILMN_1800311	HSF2	9.853266301302343
ILMN_2135756	HSF2BP	4.787799349226666
ILMN_1704101	HSF4	4.307061658736189
ILMN_2346836	HSF5	0.3061952204310677
ILMN_1657572	HSFX1	3.713958551694494
ILMN_3239684	HSFX2	3.998714301022982
ILMN_1683214	HSFY1	3.161313278694191
ILMN_3239912	HSFY1P1	6.4519003946643565
ILMN_2401946	HSFY2	2.172583572871372
ILMN_1788017	HSH2D	0.7450417067074575
ILMN_2373515	HSP90AA1	14.452438838226813
ILMN_1673711	HSP90AB1	13.084628007355633
ILMN_2096116	HSP90B1	13.150999870530628
ILMN_2081087	HSPA12A	9.503462251897679
ILMN_1676897	HSPA12B	2.676897710007546
ILMN_3249645	HSPA13	9.633380617519181
ILMN_1797318	HSPA14	8.332866345093445
ILMN_1789074	HSPA1A	11.100644539603913
ILMN_1660436	HSPA1B	13.055668347056226
ILMN_1654566	HSPA1L	7.784219678666858
ILMN_1766499	HSPA2	4.286148286726662
ILMN_1734814	HSPA4	7.717033673980294
ILMN_1732468	HSPA4L	9.002930618230463
ILMN_1773865	HSPA5	9.711420248261888
ILMN_1658383	HSPA6	6.738435046188279
ILMN_3235964	HSPA7	6.72390804318261
ILMN_2413084	HSPA8	13.719085219295621
ILMN_1679209	HSPA9	11.393234801989385
ILMN_1674236	HSPB1	13.560183425307038
ILMN_1681340	HSPB11	8.928876999062112
ILMN_1671046	HSPB2	4.2851731373759145
ILMN_1720710	HSPB3	6.280158814365046
ILMN_1721283	HSPB6	1.8258826962285173
ILMN_2200836	HSPB7	0.38010491276006236
ILMN_1791280	HSPB8	7.236730640259615
ILMN_1666596	HSPB9	3.33137655197195
ILMN_1797031	HSPBAP1	6.234740110344046
ILMN_1678949	HSPBP1	7.9249012847957685
ILMN_2381397	HSPD1	13.294710149687916
ILMN_1803775	HSPE1	10.367591905219966
ILMN_1787548	HSPG2	2.17189482010492
ILMN_1712888	HSPH1	11.675633655380084
ILMN_1664303	HTATIP2	5.323391569288722
ILMN_2120575	HTATSF1	0.31364744103207426
ILMN_3307276	HTATSF1P2	3.7531977739640072
ILMN_1662481	HTN1	0.0
ILMN_2049909	HTN3	3.443732925312134
ILMN_1813690	HTR1A	0.1332348532941818
ILMN_1814206	HTR1B	0.0
ILMN_1804886	HTR1D	1.7857859629138224
ILMN_1794095	HTR1E	4.913337994603846
ILMN_1685285	HTR1F	0.4436209838185339
ILMN_1715496	HTR2A	2.096639955429427
ILMN_1735764	HTR2B	1.7980191633593055
ILMN_1660097	HTR2C	1.2188975438158471
ILMN_2371079	HTR3A	10.296076454120838
ILMN_1762210	HTR3B	5.656913065703342
ILMN_1739275	HTR3C	3.2028717583209096
ILMN_1711883	HTR3D	0.5601704913535039
ILMN_1778277	HTR3E	1.6332237841333737
ILMN_1676350	HTR4	5.777199378097371
ILMN_1721147	HTR5A	0.20602188679022523
ILMN_1800989	HTR6	1.4847706139038823
ILMN_1744217	HTR7	0.8257092986776735
ILMN_2164522	HTR7P1	3.669366458934817
ILMN_1676563	HTRA1	9.757484670225805
ILMN_1747204	HTRA2	8.98861862239927
ILMN_1812669	HTRA3	3.1615778861434816
ILMN_2099277	HTRA4	4.234745602296669
ILMN_3239435	HTT	4.573882990553838
ILMN_3241495	HULC	0.9268376185663052
ILMN_2224171	HUNK	1.1002619150547093
ILMN_1670462	HUS1	4.425499031803955
ILMN_1706410	HUS1B	6.0172787253514395
ILMN_1790987	HUWE1	7.3273195093934405
ILMN_1815168	HVCN1	5.443036342441342
ILMN_1739813	HYAL1	4.114853457273306
ILMN_1668283	HYAL2	8.483109907050196
ILMN_1667432	HYAL3	3.2832593016902094
ILMN_1704598	HYAL4	4.7377975445898
ILMN_3247059	HYALP1	5.201322554503975
ILMN_2286379	HYDIN	2.9445027046104255
ILMN_1706660	HYI	5.816635712646207
ILMN_2091707	HYKK	6.79137020695407
ILMN_1747078	HYLS1	5.319383744639334
ILMN_1686530	HYMAI	1.3280858621865541
ILMN_1673649	HYOU1	8.135474597786855
ILMN_2073543	HYPK	12.293739929393652
ILMN_1680156	HYPM	3.299175777429759
ILMN_2217329	IAH1	9.976396601879474
ILMN_1679527	IAPP	4.875022634405076
ILMN_1733956	IARS	8.916260849034334
ILMN_1671207	IARS2	9.380523840705129
ILMN_1657144	IBA57	4.096957494057263
ILMN_1719194	IBSP	2.4581425047851724
ILMN_1675669	IBTK	7.793755771952298
ILMN_1814787	ICA1	10.330326635049621
ILMN_1766366	ICA1L	7.100379688154149
ILMN_1812226	ICAM1	1.6582082345763043
ILMN_1786823	ICAM2	0.21894164315003162
ILMN_2212763	ICAM3	7.182028012212903
ILMN_1734660	ICAM4	4.6075506170582825
ILMN_1802524	ICAM5	5.343787390230797
ILMN_1772658	ICE1	6.086034628037679
ILMN_2346460	ICE2	6.190563529363473
ILMN_1709882	ICK	7.229550781014377
ILMN_1723021	ICMT	7.698364897304642
ILMN_1669927	ICOS	4.77361221297241
ILMN_1675671	ICOSLG	5.125223586181215
ILMN_1664861	ID1	10.426051690668451
ILMN_1793990	ID2	9.69754424955088
ILMN_1880113	ID2-AS1	4.427654043610285
ILMN_1732296	ID3	10.619673308288297
ILMN_1721758	ID4	5.519213031428457
ILMN_1769883	IDE	4.834383986693011
ILMN_2091347	IDH1	12.489935690839724
ILMN_1751753	IDH2	10.333268392804538
ILMN_1698533	IDH3A	7.279427068168771
ILMN_2373632	IDH3B	10.492219508333397
ILMN_1802706	IDH3G	9.81323942434299
ILMN_1755075	IDI1	10.908175302776032
ILMN_1727756	IDI2	1.8774860893308276
ILMN_1791306	IDNK	6.580684751716709
ILMN_3239965	IDO1	1.6875259408724028
ILMN_1670572	IDO2	4.760657050562496
ILMN_1758626	IDS	9.601807950883314
ILMN_1703041	IDUA	4.138130442505141
ILMN_1700584	IER2	7.387774827554349
ILMN_1682717	IER3	9.3304338041981
ILMN_1763539	IER3IP1	8.412564666127578
ILMN_1721833	IER5	8.925294230780917
ILMN_1755620	IER5L	7.825663085960623
ILMN_2348268	IFFO1	9.534604929076908
ILMN_3236367	IFFO2	6.5086825781014
ILMN_1710937	IFI16	6.746099544419081
ILMN_2058782	IFI27	7.955247193654192
ILMN_3272500	IFI27L1	11.730144528319103
ILMN_3238560	IFI27L2	11.61972374054554
ILMN_1807277	IFI30	2.79745037371813
ILMN_1745374	IFI35	5.793055246515908
ILMN_1760062	IFI44	6.075443715945389
ILMN_1835092	IFI44L	5.694236027245785
ILMN_1687384	IFI6	11.565373991519252
ILMN_1781373	IFIH1	0.6767988544319428
ILMN_1707695	IFIT1	6.4875541283743585
ILMN_1759155	IFIT1B	0.6600300132122362
ILMN_1739428	IFIT2	1.8806734940088514
ILMN_2239754	IFIT3	2.5525290152753923
ILMN_1696654	IFIT5	5.618430887045091
ILMN_1801246	IFITM1	9.086800536106482
ILMN_1673352	IFITM2	12.65163706615572
ILMN_1805750	IFITM3	12.124314657164618
ILMN_1770071	IFITM4P	4.061127026214243
ILMN_1711032	IFITM5	0.7747382389352526
ILMN_1688663	IFNA1	0.7995472839907202
ILMN_1769988	IFNA10	1.474414426987942
ILMN_1664595	IFNA13	0.938064118427835
ILMN_1742328	IFNA14	1.2985698438829332
ILMN_1733136	IFNA16	0.4159225952703564
ILMN_1652376	IFNA17	0.23939126815795223
ILMN_1698186	IFNA2	0.34383999694499173
ILMN_1675192	IFNA21	4.669505050666619
ILMN_1782448	IFNA4	1.9693906532106162
ILMN_1660195	IFNA5	0.056224698413667486
ILMN_1684538	IFNA6	0.5305472296968538
ILMN_2186745	IFNA7	1.09542735316937
ILMN_1678574	IFNA8	2.314331006679292
ILMN_1752923	IFNAR1	6.297667355395089
ILMN_1765146	IFNAR2	8.699898039494032
ILMN_1682245	IFNB1	0.5349128974109777
ILMN_3245702	IFNE	2.952437395359737
ILMN_2207291	IFNG	0.4664769996401323
ILMN_1675939	IFNGR1	10.709980233244622
ILMN_1764964	IFNGR2	11.41521978331563
ILMN_1676704	IFNK	0.0
ILMN_1684570	IFNL1	0.8824532999028282
ILMN_1662302	IFNL2	0.2525124639557418
ILMN_1768900	IFNL3	0.5576963484383589
ILMN_2405324	IFNLR1	4.859384079823307
ILMN_1781057	IFNW1	4.619727907887304
ILMN_1667561	IFRD1	10.52078790693992
ILMN_1742031	IFRD2	5.711475794096198
ILMN_1742379	IFT122	8.55816860382019
ILMN_1687037	IFT140	5.354365781475164
ILMN_1784178	IFT172	5.891429775507849
ILMN_3235216	IFT20	8.505853839255968
ILMN_1787951	IFT22	5.039625433742159
ILMN_1746492	IFT27	9.599219258279383
ILMN_1756877	IFT43	9.77979630418184
ILMN_1677080	IFT46	7.949530545071159
ILMN_1673172	IFT52	9.325474841360284
ILMN_1811636	IFT57	6.5798540963986385
ILMN_1777449	IFT74	7.262184070090906
ILMN_1760617	IFT80	5.036299690800604
ILMN_1743753	IFT81	6.228495794242556
ILMN_1669366	IFT88	6.743482864758171
ILMN_1717165	IGBP1	11.060543561530814
ILMN_2157709	IGBP1P1	6.917537034509934
ILMN_1744635	IGDCC3	11.806576797687542
ILMN_2139396	IGDCC4	9.174127038367622
ILMN_1709613	IGF1	3.8779042216161206
ILMN_1675048	IGF1R	5.789933872896757
ILMN_1699867	IGF2	3.3269294843402886
ILMN_1733807	IGF2BP1	4.029406948835642
ILMN_1702447	IGF2BP2	10.878138600033992
ILMN_1807423	IGF2BP3	9.691506246089126
ILMN_1807662	IGF2R	9.499152087406054
ILMN_2188966	IGFALS	2.396378008973467
ILMN_1728445	IGFBP1	0.41209733582779634
ILMN_1725193	IGFBP2	12.379610277443556
ILMN_1746085	IGFBP3	10.274239997500848
ILMN_1665865	IGFBP4	10.248754498360075
ILMN_2132982	IGFBP5	12.604045440095744
ILMN_1669362	IGFBP6	6.123368636917637
ILMN_2062468	IGFBP7	8.866884422203478
ILMN_1677158	IGFBPL1	5.483381579108198
ILMN_1743950	IGFL1	2.5508290999626584
ILMN_1790227	IGFL2	2.4659605490734022
ILMN_1679897	IGFL3	5.37313288065891
ILMN_1717695	IGFL4	0.15305427501665161
ILMN_1786426	IGFLR1	5.678181659659743
ILMN_1801909	IGHMBP2	5.384630960706672
ILMN_1685854	IGIP	6.594891339750858
ILMN_2393765	IGLL1	1.9548780869360705
ILMN_1685785	IGLON5	5.024234872549132
ILMN_1704675	IGSF1	6.586103313667986
ILMN_1682100	IGSF10	1.9182009384747636
ILMN_1753502	IGSF11	5.288266605869027
ILMN_1730039	IGSF21	6.0869843097456275
ILMN_1759757	IGSF22	0.25715285190677856
ILMN_1671865	IGSF23	0.19943695609334064
ILMN_1704353	IGSF3	10.468595603419592
ILMN_2344221	IGSF5	6.5023506459328
ILMN_1653498	IGSF6	1.1080148954964113
ILMN_1730432	IGSF8	5.602426896641185
ILMN_1693941	IGSF9	5.441460278427584
ILMN_1801953	IHH	1.4127749308541506
ILMN_1699362	IK	9.77593636678641
ILMN_2324994	IKBIP	6.200982658931339
ILMN_2211189	IKBKAP	3.8190340713809277
ILMN_1727142	IKBKB	6.96541451892692
ILMN_1755024	IKBKE	4.673752137222892
ILMN_1707308	IKBKG	9.303536234114208
ILMN_1676575	IKZF1	2.6154017831964604
ILMN_1893909	IKZF2	6.146293495569552
ILMN_1669692	IKZF3	6.110224690213705
ILMN_1741334	IKZF4	6.822268885621497
ILMN_1674024	IKZF5	7.489475873080082
ILMN_2073307	IL10	12.484613768275084
ILMN_1652825	IL10RA	2.427040512826108
ILMN_2230892	IL10RB	8.532870174895907
ILMN_1788107	IL11	6.140175823777795
ILMN_1671353	IL12A	2.1834892594429403
ILMN_1681132	IL12B	1.7178924718032362
ILMN_1815890	IL12RB1	5.084815448350655
ILMN_1761921	IL12RB2	1.4025827788915375
ILMN_2052511	IL13	0.0
ILMN_1768505	IL13RA1	8.480015249518503
ILMN_1688722	IL13RA2	9.869275192986974
ILMN_1724181	IL15	4.880138693853439
ILMN_1759958	IL15RA	3.915302873897326
ILMN_1813572	IL16	3.2256486213725064
ILMN_1774983	IL17A	4.558209442508422
ILMN_1766707	IL17B	3.4798336866865505
ILMN_1788109	IL17C	3.2962855560260462
ILMN_1753823	IL17D	9.76050528286743
ILMN_2188247	IL17F	0.0
ILMN_1728724	IL17RA	4.297469077794458
ILMN_1767523	IL17RB	3.7509119020190624
ILMN_1689357	IL17RC	2.909827760526586
ILMN_2407851	IL17RD	10.980738081428697
ILMN_2409876	IL17RE	4.993635604092474
ILMN_1722282	IL17REL	0.9430131118771544
ILMN_1778457	IL18	14.521744709504313
ILMN_2334296	IL18BP	6.698134684070173
ILMN_1781700	IL18R1	3.05038070952032
ILMN_1721762	IL18RAP	1.2571259880337762
ILMN_1682592	IL19	2.3611921132453104
ILMN_1658483	IL1A	0.5721600186116101
ILMN_1775501	IL1B	1.6766724452085644
ILMN_1790556	IL1F10	0.8113288437299501
ILMN_1810584	IL1R1	2.059341956400284
ILMN_1758371	IL1R2	0.09249740539329489
ILMN_2357062	IL1RAP	5.7556824323802305
ILMN_2160428	IL1RAPL1	8.556932016886138
ILMN_1767413	IL1RAPL2	1.758328677892427
ILMN_2242900	IL1RL1	7.739915422336023
ILMN_1762810	IL1RL2	0.9378037979147558
ILMN_1806249	IL1RN	4.277531751378916
ILMN_1704321	IL2	1.5155948677026443
ILMN_3248857	IL20	5.246215873433938
ILMN_1695107	IL20RA	3.418512270055345
ILMN_1765668	IL20RB	5.121641907066529
ILMN_1772674	IL21	0.8257070057561507
ILMN_1661687	IL21R	6.626975895665855
ILMN_1735208	IL22	3.5517728777188506
ILMN_1666175	IL22RA1	2.4645643880129735
ILMN_2307721	IL22RA2	3.763156726664743
ILMN_1715603	IL23A	1.6525926383471756
ILMN_1734937	IL23R	0.5895994255038146
ILMN_1725814	IL24	0.8534077676294526
ILMN_1720243	IL25	7.652256024845129
ILMN_2123182	IL26	0.0
ILMN_1753758	IL27	0.0
ILMN_1688152	IL27RA	7.590082530641996
ILMN_2108699	IL2RA	3.046310612069662
ILMN_1684349	IL2RB	2.7766932159146145
ILMN_1794386	IL2RG	0.6413293369509496
ILMN_1766320	IL3	0.33556890078117574
ILMN_2201866	IL31	0.0
ILMN_1667575	IL31RA	3.5652647978171355
ILMN_2368530	IL32	4.248177698267127
ILMN_1809099	IL33	2.7421465530187614
ILMN_1713686	IL34	2.473033991337559
ILMN_1704000	IL36A	0.4921168600162316
ILMN_1761927	IL36B	2.9348398178819415
ILMN_2158713	IL36G	1.4883991002914752
ILMN_1759141	IL36RN	0.14356047385079965
ILMN_1718275	IL37	2.1611249440379576
ILMN_1747344	IL3RA	4.356978278544787
ILMN_2389080	IL4	4.2360779048746835
ILMN_1659960	IL4I1	0.6288420957372779
ILMN_1652185	IL4R	5.01494793111276
ILMN_1709300	IL5	4.088796514923457
ILMN_1756455	IL5RA	5.8103054271083785
ILMN_1699651	IL6	1.9190811075505552
ILMN_1696394	IL6R	1.5669473783971428
ILMN_1849013	IL6ST	8.989885853394018
ILMN_1705769	IL7	2.303169448774321
ILMN_1691341	IL7R	2.1613555696907865
ILMN_1653704	IL9	3.093143147377614
ILMN_1794686	IL9R	3.3134225191424296
ILMN_2043079	ILDR1	2.197713939036256
ILMN_1814703	ILDR2	3.1395768212388275
ILMN_1745172	ILF2	12.465992548215802
ILMN_1669584	ILF3	8.882154884523468
ILMN_3235597	ILF3-AS1	9.976344771585913
ILMN_2364376	ILK	11.581342133488098
ILMN_1684647	ILKAP	8.006467804723918
ILMN_1769451	ILVBL	10.88234284580156
ILMN_3236536	IMMP1L	4.355673756288357
ILMN_1809292	IMMP2L	8.301412939828143
ILMN_1782579	IMMT	10.351347281128232
ILMN_1733696	IMP3	11.691831730488822
ILMN_2156982	IMP4	11.65874787182893
ILMN_1758811	IMPA1	9.210053859009717
ILMN_2094061	IMPA2	7.550464274080068
ILMN_2043845	IMPACT	5.070168112639294
ILMN_1696311	IMPAD1	8.606665539574207
ILMN_1676515	IMPDH1	10.579659627493191
ILMN_1705737	IMPDH2	12.915304779421993
ILMN_2226973	IMPG1	0.9350320073368609
ILMN_1679690	IMPG2	4.822715902440193
ILMN_1673704	INA	12.299628279904406
ILMN_1703316	INAFM1	13.003096236884451
ILMN_1704380	INCA1	3.740470334892894
ILMN_2355738	INCENP	6.770680120818593
ILMN_3238420	INE2	0.49326217030227965
ILMN_2393450	INF2	9.215553144931553
ILMN_1662243	ING1	7.651793533765402
ILMN_2085722	ING2	8.874165719967786
ILMN_2237746	ING3	8.074376203825912
ILMN_1809141	ING4	8.853153889754163
ILMN_1755911	ING5	6.152811450673892
ILMN_2196287	INGX	3.221177796165103
ILMN_1756443	INHA	1.4595694563056287
ILMN_1719547	INHBA	2.988834523980472
ILMN_1685714	INHBB	5.7860281105732705
ILMN_1765986	INHBC	1.1531440981412457
ILMN_1811767	INHBE	5.84225386085217
ILMN_2079098	INIP	13.507490828123226
ILMN_1781149	INMT	0.3342793956038421
ILMN_1678362	INO80	6.480644916440077
ILMN_1779040	INO80B	6.7012471538961575
ILMN_1730294	INO80C	8.887616220701814
ILMN_3240685	INO80D	7.931261683738502
ILMN_1724406	INO80E	8.550620097202009
ILMN_1667239	INPP1	10.31881444032272
ILMN_1652647	INPP4A	5.095964665832065
ILMN_2198878	INPP4B	5.888724963134063
ILMN_1749269	INPP5A	0.15599689047067603
ILMN_1810116	INPP5B	6.104120711335156
ILMN_1749920	INPP5D	4.518140410261618
ILMN_1811301	INPP5E	6.510981405674528
ILMN_1813650	INPP5F	7.847722140222082
ILMN_3241087	INPP5J	5.064549670521984
ILMN_3258628	INPP5K	7.088814555873051
ILMN_1728426	INPPL1	9.37311839851075
ILMN_1666966	INS	4.776670983587442
ILMN_2250521	INS-IGF2	0.15436693455105852
ILMN_2340643	INSC	5.771035794863727
ILMN_1793474	INSIG1	12.762996392400948
ILMN_1676629	INSIG2	8.419089967018069
ILMN_2226271	INSL3	3.5279900234332437
ILMN_1720540	INSL4	1.7281457155568571
ILMN_2060578	INSL5	2.8895477384074835
ILMN_1724254	INSL6	0.4107048069518871
ILMN_1797668	INSM1	7.436774714108982
ILMN_1795388	INSM2	4.022325991767279
ILMN_1670918	INSR	0.9596012674819173
ILMN_1715374	INSRR	2.148860043779219
ILMN_2317463	INTS1	9.426916699248617
ILMN_1679483	INTS10	9.032283453076682
ILMN_1725169	INTS12	9.985624749220593
ILMN_1686553	INTS2	7.783813580824593
ILMN_1756086	INTS3	8.726165311023653
ILMN_1660844	INTS4	9.294381108467968
ILMN_3280667	INTS4P2	7.688506342765966
ILMN_1796968	INTS5	6.475683942526211
ILMN_1655557	INTS6	8.380313914062969
ILMN_1905075	INTS6-AS1	4.3817972813089705
ILMN_2207419	INTS6L	5.202475775610019
ILMN_1718354	INTS7	5.08587325839687
ILMN_1759084	INTS8	7.33782142711745
ILMN_1777118	INTS9	8.065146523170329
ILMN_2183728	INTU	8.052976786157167
ILMN_1683766	INVS	4.270335091173865
ILMN_2392286	IP6K1	9.477645560593574
ILMN_3185709	IP6K2	10.012276878045784
ILMN_1738268	IP6K3	4.977317493966079
ILMN_1796497	IPCEF1	3.0997470447829767
ILMN_1724346	IPMK	4.585066970610508
ILMN_1684746	IPO11	8.587835850005765
ILMN_1651229	IPO13	6.98119833792433
ILMN_1798172	IPO4	6.703586939422318
ILMN_2166384	IPO5	9.907458099788693
ILMN_1652378	IPO7	7.659342339924824
ILMN_1753164	IPO8	3.4101115630119185
ILMN_1723117	IPO9	7.586077577182014
ILMN_1789106	IPP	7.952700343036592
ILMN_1732873	IPPK	3.6192829475229105
ILMN_3246604	IPW	6.0981845609772405
ILMN_1654598	IQCA1	1.4749464500162708
ILMN_2316104	IQCB1	9.40954365230249
ILMN_1774589	IQCC	7.5950965396764465
ILMN_1651710	IQCD	0.9802487107421465
ILMN_1689220	IQCE	0.03764265302611029
ILMN_1786570	IQCF1	1.1718439243540135
ILMN_1681576	IQCF2	3.0146229003701435
ILMN_1675018	IQCF3	2.8921261946197583
ILMN_1748927	IQCF5	4.168096121742443
ILMN_1769644	IQCF6	1.6306335330285382
ILMN_1802377	IQCG	6.633295078568146
ILMN_1714960	IQCH	2.076389538072756
ILMN_3234179	IQCJ	1.1332224728837528
ILMN_2081883	IQCK	9.842241526643226
ILMN_1803819	IQGAP1	6.170368382523716
ILMN_1769433	IQGAP2	5.007474016482639
ILMN_1695418	IQGAP3	2.662022443775258
ILMN_1808299	IQSEC1	8.594745303736973
ILMN_1658513	IQSEC2	4.250975831795002
ILMN_2282366	IQSEC3	4.642428710713578
ILMN_1682616	IQUB	5.372263202283745
ILMN_1849285	IRAIN	6.201838862440744
ILMN_2379130	IRAK1	8.985966454320755
ILMN_1779639	IRAK1BP1	6.337465579043104
ILMN_1745964	IRAK2	7.358675127488218
ILMN_1661695	IRAK3	3.260762309372627
ILMN_1692352	IRAK4	3.476583921761516
ILMN_1726554	IREB2	7.415540280695702
ILMN_1708375	IRF1	5.276395726952473
ILMN_1765547	IRF2	4.138572574940926
ILMN_1751171	IRF2BP1	5.197349159366007
ILMN_2394561	IRF2BP2	10.545053911043107
ILMN_1804396	IRF2BPL	10.529448131362035
ILMN_1765649	IRF3	7.533670571110165
ILMN_1754507	IRF4	5.338557465864354
ILMN_1670576	IRF5	4.832286811900062
ILMN_1725946	IRF6	5.234578217064009
ILMN_1798181	IRF7	8.432635837410658
ILMN_1666594	IRF8	4.214343822850033
ILMN_1745471	IRF9	8.189321886571456
ILMN_1789446	IRGC	1.3117694435016065
ILMN_1792955	IRGQ	2.1233571465530345
ILMN_1759232	IRS1	7.211238155316433
ILMN_2083469	IRS2	9.029669388338652
ILMN_1712774	IRS4	5.035244523278561
ILMN_1735353	IRX1	8.453321129086243
ILMN_1782412	IRX2	10.13110324636729
ILMN_1811468	IRX3	12.02326202555787
ILMN_1684108	IRX4	5.264521867502487
ILMN_1757736	IRX5	9.920773494763848
ILMN_1758705	IRX6	4.62787854893475
ILMN_2219556	ISCA1	9.583600647074595
ILMN_2136635	ISCA2	7.493506822211001
ILMN_2409062	ISCU	11.631357925233658
ILMN_2054019	ISG15	9.34471283645954
ILMN_1659913	ISG20	7.182263496331916
ILMN_1763390	ISL1	11.157146760934554
ILMN_1731086	ISL2	5.405966345836919
ILMN_1747593	ISLR	3.915434371869022
ILMN_1692739	ISLR2	10.935014591997385
ILMN_3239288	ISM1	4.569210766182873
ILMN_1673177	ISM2	3.7121144501033947
ILMN_1764861	ISOC1	9.038080099336872
ILMN_1769158	ISOC2	9.341539061529083
ILMN_3223871	ISPD	4.489196458049724
ILMN_1740351	IST1	11.66940863160819
ILMN_1781099	ISY1	8.306594073388304
ILMN_1747934	ISYNA1	9.355138874507206
ILMN_1752283	ITCH	6.08962060668829
ILMN_1900734	ITCH-IT1	8.96954164309646
ILMN_1693310	ITFG1	10.801829633004234
ILMN_1701244	ITFG2	8.142692679586611
ILMN_1802411	ITGA1	0.2365506615929602
ILMN_1700144	ITGA10	2.8923507258115215
ILMN_1651343	ITGA11	6.65813865801841
ILMN_1665792	ITGA2	4.406094571763562
ILMN_1721888	ITGA2B	3.2411796689780417
ILMN_1685397	ITGA3	6.755918786482959
ILMN_1747052	ITGA4	4.444231704265291
ILMN_1792679	ITGA5	7.347570152759553
ILMN_2359287	ITGA6	2.629256178323635
ILMN_1791409	ITGA7	5.571186179442324
ILMN_1660306	ITGA8	0.3769851416705139
ILMN_1813117	ITGA9	6.580756166730971
ILMN_1681945	ITGAD	0.9551289458632389
ILMN_1683927	ITGAE	10.778448602441545
ILMN_1749591	ITGAL	0.6981078812770111
ILMN_1685009	ITGAM	3.3637047176006143
ILMN_2169439	ITGAV	7.989753144421928
ILMN_1726175	ITGAX	1.3093957498688689
ILMN_1723467	ITGB1	12.170875547945235
ILMN_1690099	ITGB1BP1	10.071417651062797
ILMN_1671871	ITGB1BP2	2.1430108447978933
ILMN_2175912	ITGB2	8.22809729459962
ILMN_1733324	ITGB3	4.407093132413295
ILMN_1692790	ITGB3BP	4.749536071684797
ILMN_1653965	ITGB4	2.741571680061408
ILMN_1668374	ITGB5	8.75799629153648
ILMN_1789846	ITGB6	0.19575939393646802
ILMN_1777519	ITGB7	2.892094576551855
ILMN_1732921	ITGB8	4.83888079149754
ILMN_1653719	ITGBL1	4.343047530802811
ILMN_1755251	ITIH1	2.0138610452671535
ILMN_1808494	ITIH2	1.9770554557877318
ILMN_1757461	ITIH3	1.4501649600349122
ILMN_1718525	ITIH4	2.835877263715425
ILMN_2235707	ITIH5	15.422682426518753
ILMN_1709177	ITIH6	2.451675852444879
ILMN_1699160	ITK	5.3346948261782705
ILMN_2165993	ITLN1	0.27929309151902193
ILMN_2118129	ITLN2	3.297467571808155
ILMN_2076600	ITM2A	8.013689609266377
ILMN_1751708	ITM2B	11.99301809708493
ILMN_2366041	ITM2C	12.400546727106766
ILMN_1718334	ITPA	9.06682946442991
ILMN_1715674	ITPK1	6.814107774584083
ILMN_2134381	ITPK1-AS1	13.041707600117961
ILMN_1776516	ITPKA	6.21155487829056
ILMN_1700432	ITPKB	5.738905236109056
ILMN_1714945	ITPKC	5.861000724764047
ILMN_1789505	ITPR1	3.5661497466119427
ILMN_1736103	ITPR2	3.193417162481687
ILMN_1815500	ITPR3	7.056692364551264
ILMN_1805192	ITPRIP	8.439353045468843
ILMN_1798373	ITPRIPL1	3.1388138143038606
ILMN_1751034	ITPRIPL2	5.894003517246136
ILMN_1718769	ITSN1	9.595417039373078
ILMN_1714372	ITSN2	4.281122875147611
ILMN_1724207	IVD	6.214119287958755
ILMN_1775883	IVL	4.239957899246478
ILMN_1717877	IVNS1ABP	8.595130214165524
ILMN_1747241	IWS1	8.695372119749353
ILMN_1754491	IYD	0.6883788271707244
ILMN_1664165	IZUMO1	0.4001150784336338
ILMN_1684854	IZUMO2	0.7284482419309258
ILMN_1734346	IZUMO4	4.272012480749404
ILMN_1736015	JADE1	10.479468855257734
ILMN_1795285	JADE2	2.993897327253135
ILMN_1790518	JADE3	8.881756454646025
ILMN_1691376	JAG1	9.06138388745586
ILMN_1764729	JAG2	7.724649438399791
ILMN_3238036	JAGN1	7.910094277916184
ILMN_1793384	JAK1	7.784963924322746
ILMN_1683178	JAK2	4.7830275622186385
ILMN_1739667	JAK3	0.995325866150974
ILMN_1711949	JAKMIP1	4.867581957524562
ILMN_1702320	JAKMIP2	6.621392433686425
ILMN_3244738	JAKMIP3	2.2445259925546934
ILMN_1672350	JAM2	9.995206096077252
ILMN_1769575	JAM3	10.63482434492473
ILMN_1778723	JAML	3.925159027882323
ILMN_1764177	JARID2	9.759695488165681
ILMN_1856564	JARID2-AS1	3.803032546674652
ILMN_1682727	JAZF1	9.228755181400992
ILMN_3192813	JAZF1-AS1	1.8486293763391333
ILMN_2105441	JCHAIN	0.3022350436342997
ILMN_1747205	JDP2	6.696226875372517
ILMN_3246279	JHDM1D-AS1	2.407185069418674
ILMN_1700276	JKAMP	9.083147193280757
ILMN_1764970	JMJD1C	8.287762848392248
ILMN_1692896	JMJD4	3.183690255316369
ILMN_2412024	JMJD6	7.7803383441429235
ILMN_3236838	JMJD7	3.5741197392502406
ILMN_1697629	JMJD7-PLA2G4B	9.052457161297896
ILMN_1687921	JMJD8	10.851340379797927
ILMN_3251620	JMY	6.63394383682395
ILMN_1668535	JOSD1	9.041368314944611
ILMN_2169025	JOSD2	0.7407646321471382
ILMN_1693985	JPH1	4.665668374591258
ILMN_1802434	JPH2	8.487678633688619
ILMN_1688801	JPH3	9.436947928122171
ILMN_1758829	JPH4	6.940372027785795
ILMN_1839422	JRK	3.4611244637467053
ILMN_1696503	JRKL	5.493941755421282
ILMN_1739726	JSRP1	0.8727016035862563
ILMN_2206716	JTB	12.672808007309674
ILMN_1806023	JUN	12.01354910057096
ILMN_2086077	JUNB	4.235999113005062
ILMN_1810214	JUND	13.897889300849952
ILMN_1733811	JUP	8.625400320480274
ILMN_1774565	KAAG1	2.2056048191746647
ILMN_2241750	KALRN	3.9767311233590132
ILMN_1773427	KANK1	4.2801976866871945
ILMN_1716089	KANK2	6.221284396771477
ILMN_1755588	KANK3	5.2510259668137
ILMN_1776936	KANK4	8.57827914009237
ILMN_2200636	KANSL1	9.999669372135267
ILMN_3251616	KANSL1L	1.4261006855622045
ILMN_1713189	KANSL2	11.00257140702434
ILMN_3187852	KANSL3	10.69103492441082
ILMN_1777584	KARS	10.124051748865085
ILMN_1690386	KAT14	10.32255384098565
ILMN_1782247	KAT2A	10.97869769822441
ILMN_3243142	KAT2B	8.981327383706144
ILMN_2414366	KAT5	7.1382467956646165
ILMN_2095840	KAT6A	8.325486021902625
ILMN_1698441	KAT6B	3.8630007231901295
ILMN_1798187	KAT7	5.574289238520251
ILMN_1804679	KAT8	10.405044013519818
ILMN_2198393	KATNA1	7.971980278167336
ILMN_1722533	KATNAL1	9.871770645956394
ILMN_1656200	KATNAL2	5.363749237702922
ILMN_1735735	KATNB1	9.73662202679158
ILMN_1739854	KATNBL1	7.323894698266044
ILMN_3243233	KATNBL1P6	4.791248230956925
ILMN_1684755	KAZALD1	1.8283767784563525
ILMN_1798458	KAZN	7.209875221946992
ILMN_1784630	KBTBD11	11.194598415232248
ILMN_1713523	KBTBD12	0.43146897791754907
ILMN_1681308	KBTBD13	0.6532675467748433
ILMN_1784540	KBTBD2	9.609374212914545
ILMN_1743662	KBTBD3	8.188414311840754
ILMN_1687092	KBTBD4	8.095678130638023
ILMN_1658104	KBTBD6	7.907418510663507
ILMN_2044293	KBTBD7	7.448701355062273
ILMN_1716272	KBTBD8	6.329711025849037
ILMN_3245098	KC6	3.462805483742379
ILMN_1839052	KCMF1	5.209571679278306
ILMN_1872462	KCNA1	1.1230174724095765
ILMN_1811380	KCNA10	0.9822547378913509
ILMN_1792125	KCNA2	0.28146121334869467
ILMN_1702604	KCNA3	0.15405499942658316
ILMN_1651900	KCNA4	0.7371620890152067
ILMN_1790508	KCNA5	6.602294075865512
ILMN_1681916	KCNA6	4.804617790133194
ILMN_1715088	KCNA7	3.188408829185138
ILMN_1744968	KCNAB1	6.4663460507845265
ILMN_2342762	KCNAB2	4.204324508875369
ILMN_1755531	KCNAB3	0.0
ILMN_1711092	KCNB1	6.192866069729252
ILMN_1668236	KCNB2	6.1807043079891075
ILMN_1869243	KCNC1	5.770430981004672
ILMN_1657440	KCNC2	1.5795854255980657
ILMN_1747613	KCNC3	0.2676913225072836
ILMN_1792382	KCNC4	4.9506299035983306
ILMN_1668586	KCND1	5.624682645169558
ILMN_1748755	KCND2	5.132383811982996
ILMN_1727438	KCND3	4.3136526811185325
ILMN_2047618	KCNE1	0.0
ILMN_1769143	KCNE2	0.6332463896395798
ILMN_1789387	KCNE3	1.2194886570417618
ILMN_1703110	KCNE4	4.60736039925551
ILMN_1711650	KCNE5	3.823716041193985
ILMN_1671392	KCNF1	8.627881600610255
ILMN_1673769	KCNG1	7.9113522756094605
ILMN_1735062	KCNG2	5.533504566881185
ILMN_2335319	KCNG3	1.158733881163606
ILMN_1915971	KCNG4	4.749737109914148
ILMN_1891067	KCNH1	7.314980263310055
ILMN_1739987	KCNH2	8.383458067336672
ILMN_1704063	KCNH3	4.7961627389009465
ILMN_1800396	KCNH4	6.08249065999929
ILMN_1729963	KCNH5	5.36241160034137
ILMN_2235785	KCNH6	13.902008504639115
ILMN_1687219	KCNH7	3.0847495832618077
ILMN_1775348	KCNH8	6.649079393199649
ILMN_1744387	KCNIP1	9.072488601962279
ILMN_2325534	KCNIP2	4.485900489227652
ILMN_1744403	KCNIP3	6.677797808372923
ILMN_2387865	KCNIP4	9.541015573523753
ILMN_3242530	KCNIP4-IT1	1.8235744616021645
ILMN_2270802	KCNJ1	2.5183926635107987
ILMN_1808272	KCNJ10	6.265726888810619
ILMN_1699057	KCNJ11	0.330289433264173
ILMN_1794200	KCNJ12	4.6899341169304
ILMN_1709847	KCNJ13	3.1600257685490285
ILMN_1669446	KCNJ14	4.31756588972297
ILMN_1675756	KCNJ15	3.442058488797473
ILMN_1813741	KCNJ16	5.821664516249796
ILMN_3245270	KCNJ18	1.1803522028835751
ILMN_1780334	KCNJ2	3.4944803012957872
ILMN_1684945	KCNJ3	0.3663648554511347
ILMN_1800179	KCNJ4	9.159304008582604
ILMN_2137312	KCNJ5	2.82162425841967
ILMN_1805376	KCNJ6	6.578277878199823
ILMN_1735779	KCNJ8	6.951123056277513
ILMN_2177928	KCNJ9	0.0
ILMN_1718863	KCNK1	4.969164698039852
ILMN_1790885	KCNK10	5.927960667638065
ILMN_1711988	KCNK12	8.305765067439728
ILMN_1659352	KCNK13	2.82372556224758
ILMN_1788421	KCNK15	0.10197339923820224
ILMN_1792186	KCNK16	1.5405989484799087
ILMN_1717702	KCNK17	2.1240700504818864
ILMN_1766103	KCNK18	4.641276015862821
ILMN_2277334	KCNK2	2.9323944978657255
ILMN_1768483	KCNK3	8.95482931909259
ILMN_1721027	KCNK4	6.115232428489527
ILMN_1766918	KCNK5	1.3225710360886336
ILMN_1701173	KCNK6	5.583090875246391
ILMN_2304577	KCNK7	4.011522954646088
ILMN_1664919	KCNK9	1.8324340719340781
ILMN_2297765	KCNMA1	6.500884509062929
ILMN_1652065	KCNMB1	3.7055092802012273
ILMN_2332440	KCNMB2	6.634409687524053
ILMN_1712197	KCNMB3	4.779338375033162
ILMN_1727466	KCNMB4	9.427615715815143
ILMN_1674488	KCNN1	6.961800359359337
ILMN_1685636	KCNN2	5.189942679804774
ILMN_1801608	KCNN3	4.650450903165847
ILMN_1709937	KCNN4	4.564635445937031
ILMN_2409520	KCNQ1	0.945863832595062
ILMN_3248707	KCNQ1OT1	6.31659962578894
ILMN_1666776	KCNQ2	11.207383004229163
ILMN_1775004	KCNQ3	7.0945746653380075
ILMN_2415447	KCNQ4	1.8465720184680112
ILMN_1690833	KCNQ5	0.6500633089941288
ILMN_2404589	KCNRG	4.358278310989354
ILMN_1761903	KCNS1	3.1731530540807373
ILMN_2067596	KCNS2	3.3264173225350144
ILMN_2175112	KCNS3	7.243632401608063
ILMN_1702255	KCNT1	7.453347489429898
ILMN_2053345	KCNT2	5.413534054722137
ILMN_3244673	KCNU1	0.8266380984892359
ILMN_1736303	KCNV1	2.0979007344356284
ILMN_3248932	KCNV2	3.9811631345711653
ILMN_1692365	KCTD1	3.9388729630175447
ILMN_1719064	KCTD10	10.228735678282783
ILMN_1777513	KCTD11	5.999450348095517
ILMN_1742332	KCTD12	7.171168657929865
ILMN_1786843	KCTD13	8.550902831943132
ILMN_1731044	KCTD14	1.9671549885771915
ILMN_1786326	KCTD15	6.82802915218404
ILMN_1793378	KCTD16	6.650124823311738
ILMN_1798619	KCTD17	6.6291844462165415
ILMN_2150187	KCTD18	5.397248548163226
ILMN_1718900	KCTD2	8.26547166010867
ILMN_1803476	KCTD20	7.5062030972531675
ILMN_1809708	KCTD21	3.533568048889927
ILMN_2134555	KCTD3	9.514227302863759
ILMN_1724893	KCTD4	0.2916104555443107
ILMN_1672728	KCTD5	10.528790205006933
ILMN_2146372	KCTD6	9.698895874514767
ILMN_1769207	KCTD7	6.1899518894607395
ILMN_1754570	KCTD8	6.1166050966930925
ILMN_1653612	KCTD9	6.308466269880423
ILMN_1712505	KDELC1	6.917463198603701
ILMN_1651557	KDELC2	6.565414347005994
ILMN_2130411	KDELR1	12.486461901344919
ILMN_1724293	KDELR2	11.24660354155911
ILMN_1713901	KDELR3	7.558840352635454
ILMN_1676322	KDF1	1.7273989714101905
ILMN_1813840	KDM1A	11.293364791536385
ILMN_1781537	KDM1B	6.001546372249147
ILMN_3237966	KDM2A	7.705374974191966
ILMN_1794260	KDM2B	11.016404319488979
ILMN_1722532	KDM3A	8.115567781018086
ILMN_1706539	KDM3B	9.3267621947482
ILMN_1736650	KDM4A	5.212849890904234
ILMN_1720531	KDM4B	6.321107273064506
ILMN_1661770	KDM4C	4.988476356972405
ILMN_1669468	KDM4D	1.8956365301922211
ILMN_1755727	KDM5B	10.02782295676693
ILMN_1798224	KDM5C	4.999283642193887
ILMN_1685690	KDM5D	1.7764922345999627
ILMN_1654488	KDM6A	7.560399307887649
ILMN_2397521	KDM6B	4.353332201583374
ILMN_3238369	KDM7A	5.897583358601991
ILMN_1657838	KDM8	2.574310382561437
ILMN_1686405	KDR	2.0406775424447274
ILMN_2154052	KDSR	8.638584221812366
ILMN_2410772	KEAP1	8.824294778834405
ILMN_1738468	KEL	2.348209510059388
ILMN_2151304	KERA	2.876124392394892
ILMN_2163070	KHDC1	8.083749821111882
ILMN_3239950	KHDC1L	4.583821176950205
ILMN_2087608	KHDC3L	6.639925054301749
ILMN_2076640	KHDRBS1	12.457896448549263
ILMN_1658237	KHDRBS2	5.462482074140141
ILMN_1691747	KHDRBS3	10.641721642200949
ILMN_1678173	KHK	5.486907301777553
ILMN_1654392	KHNYN	6.7455264366625345
ILMN_1673936	KHSRP	9.627590769394223
ILMN_1797191	KIAA0040	3.1915828103763744
ILMN_3247375	KIAA0087	0.27831584368291945
ILMN_1718206	KIAA0100	4.0078935281440256
ILMN_2412521	KIAA0101	15.446475674982858
ILMN_1762990	KIAA0141	8.097341964897412
ILMN_1728676	KIAA0196	7.087121554304499
ILMN_2196550	KIAA0226L	5.006414484010051
ILMN_1795704	KIAA0232	7.036510362435187
ILMN_1657497	KIAA0319	1.5091679853938655
ILMN_1683277	KIAA0319L	7.683551011745585
ILMN_1659845	KIAA0355	9.653809865056617
ILMN_1847822	KIAA0368	8.993005795096193
ILMN_1701512	KIAA0391	8.764584690137713
ILMN_1661519	KIAA0408	6.712333644484024
ILMN_1793371	KIAA0430	9.244401563083974
ILMN_1693233	KIAA0513	7.8932929345307485
ILMN_1753426	KIAA0556	7.236998305097551
ILMN_1651684	KIAA0586	6.125079460258935
ILMN_1680010	KIAA0753	6.039095007438163
ILMN_1661495	KIAA0754	0.45911517932300544
ILMN_1791650	KIAA0825	2.538244908217868
ILMN_1690484	KIAA0895	8.219537684511742
ILMN_3244987	KIAA0895L	9.054994358817932
ILMN_1670752	KIAA0907	10.27915622651598
ILMN_1668469	KIAA0922	7.245985890095709
ILMN_1757347	KIAA0930	7.573493062318608
ILMN_1692394	KIAA1024	6.062959781474832
ILMN_1865663	KIAA1024L	4.771564924373189
ILMN_1782222	KIAA1033	1.6575190476004071
ILMN_1752273	KIAA1143	8.434014579549968
ILMN_2355033	KIAA1147	9.044220911706077
ILMN_1741971	KIAA1161	0.4181575988508004
ILMN_2376133	KIAA1191	11.914900644719063
ILMN_1732962	KIAA1210	2.6428130446176086
ILMN_1772326	KIAA1211	5.488240847684572
ILMN_1776121	KIAA1211L	1.7486487218917153
ILMN_1706960	KIAA1217	1.96620244473723
ILMN_1651865	KIAA1257	3.6064640644959205
ILMN_1771482	KIAA1324	5.847022130608444
ILMN_1652371	KIAA1324L	8.558201273396396
ILMN_1745389	KIAA1328	5.567049376740795
ILMN_1813635	KIAA1429	8.089365829275676
ILMN_1801178	KIAA1456	0.8705812227641933
ILMN_1798346	KIAA1468	8.423393760282506
ILMN_1700384	KIAA1522	6.846675411159349
ILMN_1728225	KIAA1524	2.383637750038467
ILMN_1728060	KIAA1549	2.7212584660819665
ILMN_1653836	KIAA1549L	6.423378492849824
ILMN_2229922	KIAA1551	7.539501474949293
ILMN_1722034	KIAA1586	5.089790045921903
ILMN_1707128	KIAA1614	1.285555653111371
ILMN_2158003	KIAA1683	5.573203614339865
ILMN_1689651	KIAA1755	0.922415266520583
ILMN_1719876	KIAA1804	3.175582234417366
ILMN_1735063	KIAA1841	1.0401764406877148
ILMN_1769140	KIAA1958	5.930467069457688
ILMN_1803483	KIAA2013	9.040684261349622
ILMN_1788400	KIAA2022	3.3675512278825246
ILMN_2106227	KIAA2026	5.509209476942264
ILMN_1679232	KIDINS220	10.376448495207256
ILMN_1794539	KIF11	6.564563080589817
ILMN_2105960	KIF12	3.541462983127881e-05
ILMN_1796108	KIF13A	3.2513189897533743
ILMN_1686562	KIF13B	4.636910353816861
ILMN_1808071	KIF14	6.759135451167331
ILMN_1753063	KIF15	6.268826382851217
ILMN_1772786	KIF16B	3.1225662945429566
ILMN_1666625	KIF17	5.244513771770022
ILMN_2132161	KIF18A	4.262432655783869
ILMN_3307850	KIF19	3.336943475834462
ILMN_1759330	KIF1A	13.258729513416291
ILMN_1735552	KIF1B	12.160010823201418
ILMN_1745813	KIF1BP	8.32199898868493
ILMN_1796749	KIF1C	1.5462590983667168
ILMN_1695658	KIF20A	8.54209823661233
ILMN_1712452	KIF20B	6.228512816015864
ILMN_1681249	KIF21A	10.954593276699077
ILMN_2163819	KIF21B	9.153016994361076
ILMN_3234884	KIF22	9.40396996524977
ILMN_1811472	KIF23	6.934604030026446
ILMN_1694126	KIF24	1.013313024959995
ILMN_1665903	KIF25	4.209159196416073
ILMN_3242725	KIF26A	5.661470890136868
ILMN_1673620	KIF26B	4.656034840989976
ILMN_2366795	KIF27	4.400947768766508
ILMN_1734476	KIF2A	9.148215086406031
ILMN_1652181	KIF2B	1.5447280008503264
ILMN_1685916	KIF2C	8.908901086461535
ILMN_1653385	KIF3A	1.0906785781413693
ILMN_1702279	KIF3B	8.783627533902674
ILMN_1797277	KIF3C	9.99138126615965
ILMN_1799667	KIF4A	6.361439515366883
ILMN_3238717	KIF4B	0.6347251442406855
ILMN_1812254	KIF5A	5.294328166775954
ILMN_1788160	KIF5B	9.392605469456292
ILMN_2212999	KIF5C	12.750909905525353
ILMN_1673716	KIF6	5.007468953558095
ILMN_1654916	KIF7	6.178599559964425
ILMN_1762192	KIF9	0.5684118059299738
ILMN_2119224	KIFAP3	11.356349783001818
ILMN_2222008	KIFC1	8.380700700430152
ILMN_1803018	KIFC2	8.113461857358763
ILMN_1710354	KIFC3	0.0
ILMN_1670298	KIN	3.8787120326462183
ILMN_1786810	KIR2DL1	3.680077453928716
ILMN_3244588	KIR2DL2	1.133913557158102
ILMN_1693207	KIR2DL4	2.4878341326352165
ILMN_2415650	KIR2DL5A	1.5438886874134046
ILMN_1793451	KIR2DL5B	4.173971056336169
ILMN_2166812	KIR2DS1	3.7518716194570154
ILMN_1686831	KIR2DS2	1.4592129670009186
ILMN_1793525	KIR2DS3	2.8628383908345403
ILMN_1772787	KIR2DS4	0.33056501056813287
ILMN_1691803	KIR2DS5	2.885019922569722
ILMN_2131828	KIR3DL1	3.471795641869857
ILMN_2190842	KIR3DL2	3.347751797192428
ILMN_1733426	KIR3DL3	1.2970057399276664
ILMN_3242156	KIR3DS1	0.0
ILMN_1742781	KIRREL	0.7865220941113386
ILMN_2382245	KIRREL2	5.393814542825996
ILMN_1674541	KIRREL3	0.7077579823733257
ILMN_1864512	KIRREL3-AS2	4.781055670014289
ILMN_1669404	KISS1	3.6822444979645685
ILMN_1673521	KISS1R	7.946465224058741
ILMN_1790160	KIT	7.861488244795194
ILMN_1808508	KITLG	6.899760532067614
ILMN_1779536	KIZ	5.5179950877224435
ILMN_1731688	KLB	5.977028413139031
ILMN_1654653	KLC1	13.317388617463864
ILMN_1779064	KLC2	5.193391526622908
ILMN_1805027	KLC3	3.4943232556924055
ILMN_1727199	KLC4	5.5288165818628
ILMN_1707304	KLF1	3.965490232336212
ILMN_2411897	KLF10	6.918895678555439
ILMN_1714444	KLF12	7.7748622175645075
ILMN_1679929	KLF13	9.205692689174386
ILMN_1681168	KLF14	0.12288905174597527
ILMN_1683133	KLF15	5.579589274264586
ILMN_1770451	KLF16	0.0405673727764301
ILMN_1744220	KLF17	0.503858980468161
ILMN_1735930	KLF2	7.513980182292291
ILMN_1670245	KLF3	3.399781838937526
ILMN_3270588	KLF3-AS1	4.485591412117615
ILMN_1779857	KLF4	4.3324059881037735
ILMN_1770293	KLF5	1.2437434350339822
ILMN_1735014	KLF6	11.13876783742508
ILMN_1662023	KLF7	5.3810237964895355
ILMN_1788793	KLF8	0.9970877758308094
ILMN_1778523	KLF9	7.39373718952413
ILMN_2055036	KLHDC1	1.6572557305579931
ILMN_1702635	KLHDC10	7.963998857487305
ILMN_1741204	KLHDC2	11.580539560045535
ILMN_1730940	KLHDC3	12.257036480977424
ILMN_1748034	KLHDC4	8.609578739782613
ILMN_1754312	KLHDC7A	2.5565674559539286
ILMN_1661314	KLHDC7B	0.3446348618447134
ILMN_1757288	KLHDC8A	4.9071667096512765
ILMN_1695246	KLHDC8B	11.207548659828076
ILMN_2405470	KLHDC9	8.630200872236543
ILMN_1809760	KLHL1	3.6520237131877322
ILMN_1715424	KLHL10	0.19957800651268223
ILMN_2049423	KLHL11	4.8785062941851765
ILMN_2164081	KLHL12	10.633592631099393
ILMN_2140510	KLHL13	9.07364892558511
ILMN_1748123	KLHL14	3.4013156587808058
ILMN_1701648	KLHL15	2.089703110385497
ILMN_1705602	KLHL17	5.682228564488259
ILMN_1655608	KLHL18	6.552879572180526
ILMN_1701837	KLHL2	6.602798503318446
ILMN_1756525	KLHL20	6.892565004612453
ILMN_1692785	KLHL21	5.0113315590821585
ILMN_1705390	KLHL22	10.285307558951716
ILMN_1732550	KLHL23	7.532396962454405
ILMN_1678671	KLHL24	10.078112011842718
ILMN_1804494	KLHL25	6.1285555311984155
ILMN_1805330	KLHL26	7.147664914211042
ILMN_1693401	KLHL28	9.47964535136256
ILMN_3178406	KLHL29	8.323898866489452
ILMN_1770641	KLHL3	7.717388479074471
ILMN_1780663	KLHL30	0.39263391697169475
ILMN_1805522	KLHL31	0.6448662150546906
ILMN_1751279	KLHL32	3.9303760270240287
ILMN_1662886	KLHL34	0.839093105822121
ILMN_1693471	KLHL35	9.767299191629006
ILMN_1703314	KLHL36	9.475371873423628
ILMN_2082699	KLHL38	1.1505339380831368
ILMN_1758978	KLHL4	2.707351165733883
ILMN_1754048	KLHL40	0.11160675641936592
ILMN_1690866	KLHL41	3.2874932856266743
ILMN_1727134	KLHL42	10.701740639174602
ILMN_1706687	KLHL5	8.939342874545359
ILMN_1768814	KLHL6	1.2008675103694237
ILMN_1760792	KLHL7	8.601098875573854
ILMN_2189222	KLHL8	9.376774384034421
ILMN_1664466	KLHL9	10.889955868912764
ILMN_1696450	KLK1	1.6233379101521388
ILMN_1802246	KLK10	3.667303602913097
ILMN_1695924	KLK11	1.8019799341013834
ILMN_1725912	KLK12	2.6359439773387803
ILMN_1666191	KLK13	0.0
ILMN_1750850	KLK14	1.6238566334503008
ILMN_2347097	KLK15	2.860758274396586
ILMN_2371917	KLK2	2.339581273325445
ILMN_1748981	KLK3	1.7009373413715032
ILMN_1792363	KLK4	3.7415073294553527
ILMN_2353054	KLK5	1.146958195480454
ILMN_1777541	KLK6	3.666660063185448
ILMN_1745570	KLK7	1.4374472204597637
ILMN_1705252	KLK8	1.866422270139472
ILMN_2124425	KLK9	0.0
ILMN_1800468	KLKB1	4.645187083618124
ILMN_2223618	KLKP1	2.5778070564366353
ILMN_3238213	KLLN	5.678582030817599
ILMN_2079655	KLRB1	2.921962872677083
ILMN_1752647	KLRC1	3.089216281467563
ILMN_1707328	KLRC2	1.1773635857234648
ILMN_2386790	KLRC3	2.8931881884440434
ILMN_1719093	KLRC4	4.689125889891721
ILMN_1799134	KLRD1	1.6064113037489582
ILMN_1685521	KLRF1	3.2206938979807105
ILMN_1658399	KLRG1	6.979277374958976
ILMN_1807691	KLRG2	1.9078355231149773
ILMN_2222443	KLRK1	2.701780424666616
ILMN_1730917	KMO	0.744836041109462
ILMN_1668683	KMT2A	6.061728698432215
ILMN_1715968	KMT2B	7.43391597557484
ILMN_1725300	KMT2C	6.23069961152711
ILMN_1802743	KMT2D	2.5376219072874995
ILMN_2259633	KMT2E	8.869519508317055
ILMN_3247329	KMT2E-AS1	1.6560608747227983
ILMN_1651936	KMT5A	7.795779264353823
ILMN_1669598	KMT5B	9.906862907550321
ILMN_1735168	KMT5C	4.189943234911562
ILMN_3247552	KNCN	4.827373665990802
ILMN_1702789	KNDC1	6.6741847162189165
ILMN_1753729	KNG1	1.2011765966933474
ILMN_1715437	KNL1	5.711789993142854
ILMN_1783712	KNOP1	6.6733975119497195
ILMN_2141807	KNSTRN	8.361865754760887
ILMN_1732516	KNTC1	7.7644992361659355
ILMN_1676005	KPNA1	8.858575266484776
ILMN_1721868	KPNA2	10.980165382416166
ILMN_1708427	KPNA3	9.03472474943622
ILMN_1664756	KPNA4	10.095920690077469
ILMN_1669700	KPNA5	0.2729437804744134
ILMN_1696021	KPNA6	9.344123359096978
ILMN_3256550	KPNA7	2.2359808957586673
ILMN_1703949	KPNB1	11.921590881917686
ILMN_1780649	KPRP	0.5753138931477819
ILMN_1679543	KPTN	7.122550962262781
ILMN_1728071	KRAS	8.529136285047251
ILMN_3239060	KRBA1	8.094158873747757
ILMN_1685202	KRBA2	4.244499736034023
ILMN_1710768	KRBOX4	6.551294952741635
ILMN_1745620	KRCC1	6.121510434603098
ILMN_1700994	KREMEN1	5.350568623817739
ILMN_2382290	KREMEN2	7.531356188773217
ILMN_2347748	KRI1	5.615258089701452
ILMN_2323418	KRIT1	7.173845102424122
ILMN_1767579	KRR1	5.2232791949051345
ILMN_1735712	KRT1	0.07231902005756656
ILMN_1716093	KRT10	11.832155860909056
ILMN_1781884	KRT12	2.370343634859684
ILMN_1721218	KRT13	0.8375842043641121
ILMN_1665035	KRT14	0.8491180216867441
ILMN_1770612	KRT15	2.678985451041013
ILMN_1736760	KRT16	1.8863511857526127
ILMN_1713813	KRT16P2	2.1212489885021113
ILMN_1666845	KRT17	4.645514457785675
ILMN_2185022	KRT17P5	1.4106378254147536
ILMN_1730848	KRT18	5.842787817809175
ILMN_1730777	KRT19	2.6432746560347242
ILMN_1669299	KRT2	0.0
ILMN_1794729	KRT20	2.615027374382206
ILMN_1801090	KRT222	5.488095050758305
ILMN_1791545	KRT23	0.6274278170972412
ILMN_1770663	KRT24	5.861395901787965
ILMN_1704497	KRT25	3.009378530746852
ILMN_1723404	KRT26	1.120489181542605
ILMN_1680828	KRT27	0.8385641205144289
ILMN_1666887	KRT28	0.0
ILMN_1695621	KRT3	4.916858655767357
ILMN_3238902	KRT31	4.672243801663474
ILMN_1807249	KRT32	0.0
ILMN_1731800	KRT33A	2.1365396690640566
ILMN_1770015	KRT33B	1.0092446617175554
ILMN_1770228	KRT34	2.093582381922675
ILMN_3245113	KRT35	1.0896539853439464
ILMN_1790252	KRT36	3.4066110540055887
ILMN_1740813	KRT37	1.9129275030838804
ILMN_1741544	KRT38	0.20113274994203192
ILMN_2114137	KRT39	1.344703226721669
ILMN_1744765	KRT4	1.393334969190332
ILMN_2201768	KRT40	0.0
ILMN_1801632	KRT5	0.171789080488298
ILMN_2219002	KRT6A	0.7047881020001534
ILMN_1698772	KRT6B	2.9529225127625227
ILMN_1754576	KRT6C	0.5924443589332431
ILMN_2163723	KRT7	1.924506523763351
ILMN_1716136	KRT71	0.0
ILMN_1695812	KRT72	2.7322210408839016
ILMN_1672120	KRT73	1.527044268011671
ILMN_1713272	KRT74	0.6001696761325571
ILMN_1721247	KRT75	3.2130012617713706
ILMN_1755786	KRT76	1.3856795691132795
ILMN_1801428	KRT77	1.5052784124017473
ILMN_1737653	KRT78	1.628936972248324
ILMN_2204940	KRT79	1.0267726027383444
ILMN_1753584	KRT8	7.422450744307603
ILMN_1705814	KRT80	1.3487582788283212
ILMN_1801442	KRT81	2.5356708804728485
ILMN_1676086	KRT82	0.39735889760252546
ILMN_1677586	KRT83	4.7540557107884425
ILMN_1806284	KRT84	2.1694969305733802
ILMN_1765072	KRT85	3.7853849848210874
ILMN_1792568	KRT9	3.4298550653828417
ILMN_2209260	KRTAP1-3	0.6251290506612256
ILMN_1707652	KRTAP1-5	0.48973391358141294
ILMN_1771174	KRTAP10-1	0.25890819711361596
ILMN_2135306	KRTAP10-10	2.977844283565584
ILMN_1776412	KRTAP10-11	5.564816388452386
ILMN_1754009	KRTAP10-12	1.5414833662301903
ILMN_1797201	KRTAP10-2	3.6631900289082373
ILMN_2206732	KRTAP10-3	5.855807921480999
ILMN_1762711	KRTAP10-4	1.6295869431885033
ILMN_1657191	KRTAP10-5	1.664788622201599
ILMN_1677392	KRTAP10-7	0.12496896683294915
ILMN_1793716	KRTAP10-8	0.5013440953551563
ILMN_2125829	KRTAP10-9	3.096123291871047
ILMN_1798206	KRTAP11-1	3.758851449082389
ILMN_2173797	KRTAP12-1	0.4186189998923964
ILMN_1697704	KRTAP12-2	3.883796320308811
ILMN_1714028	KRTAP12-3	2.350839798987448
ILMN_1780422	KRTAP12-4	1.2726769846254264
ILMN_1791951	KRTAP13-1	2.0735618519459695
ILMN_1758039	KRTAP13-2	0.0
ILMN_1780411	KRTAP13-3	1.756954051877705
ILMN_1761119	KRTAP13-4	2.905272008332904
ILMN_1684526	KRTAP15-1	0.8408660990724272
ILMN_3284078	KRTAP16-1	1.8285294792527953
ILMN_1713715	KRTAP17-1	3.374570301700771
ILMN_1801138	KRTAP19-1	1.1694334747055424
ILMN_1775879	KRTAP19-2	3.562701207587756
ILMN_1763883	KRTAP19-3	0.4148305172086024
ILMN_1656051	KRTAP19-4	0.5658894919101389
ILMN_1805469	KRTAP19-5	0.12868900858671095
ILMN_1784216	KRTAP19-6	2.674368598558569
ILMN_1748852	KRTAP19-7	4.32248118102721
ILMN_1780344	KRTAP2-2	0.564897046273254
ILMN_3246319	KRTAP2-3	1.4172798195847844
ILMN_1719105	KRTAP20-1	3.0915107502353174
ILMN_1740258	KRTAP20-2	0.0
ILMN_3309114	KRTAP20-3	4.865760535850288
ILMN_2195721	KRTAP21-1	3.746757322390119
ILMN_1791721	KRTAP21-2	3.3921320182986654
ILMN_3310940	KRTAP21-3	2.291307002956071
ILMN_1678828	KRTAP22-1	1.6846094767409638
ILMN_3310638	KRTAP22-2	0.18867092895652401
ILMN_1666823	KRTAP23-1	2.540059763802591
ILMN_1908490	KRTAP24-1	2.0112236168404305
ILMN_1914874	KRTAP25-1	0.4277263444782263
ILMN_1786908	KRTAP26-1	0.0
ILMN_1675546	KRTAP27-1	3.2826312444021153
ILMN_1652439	KRTAP3-1	2.284424915106443
ILMN_1662081	KRTAP3-2	2.708327301097895
ILMN_1780326	KRTAP4-1	2.2333306758327467
ILMN_1809382	KRTAP4-11	3.3941186308219
ILMN_1698584	KRTAP4-12	3.7657616142927934
ILMN_2059165	KRTAP4-2	0.5490242822291616
ILMN_1746434	KRTAP4-3	0.3533303087121839
ILMN_1714010	KRTAP4-4	3.6156957479208445
ILMN_1659475	KRTAP4-5	0.16642311563284026
ILMN_1680432	KRTAP4-7	5.028309256510493
ILMN_1684885	KRTAP4-8	4.31916623669797
ILMN_3241431	KRTAP4-9	1.2372643956388896
ILMN_2191003	KRTAP5-1	0.7166851204318635
ILMN_1703708	KRTAP5-10	2.7637694616867354
ILMN_1749989	KRTAP5-11	2.760229474652517
ILMN_1802360	KRTAP5-2	0.11955137382382929
ILMN_1701525	KRTAP5-3	3.8284358182869416
ILMN_1744383	KRTAP5-4	0.5230429228316972
ILMN_2159203	KRTAP5-5	0.27150874173130285
ILMN_2180380	KRTAP5-6	0.30782551534874886
ILMN_1791777	KRTAP5-7	3.8126471983758545
ILMN_2197990	KRTAP5-8	1.1435557582117275
ILMN_1766565	KRTAP5-9	0.5212986319288421
ILMN_3248668	KRTAP5-AS1	2.48398553595348
ILMN_2112942	KRTAP6-1	1.1199309835790061
ILMN_1722755	KRTAP6-2	0.47028289556099434
ILMN_1728440	KRTAP6-3	1.9987417780771686
ILMN_1730562	KRTAP7-1	3.1635132782152904
ILMN_1694419	KRTAP8-1	1.075002329966437
ILMN_3224662	KRTAP9-1	3.114359002708596
ILMN_1693976	KRTAP9-3	0.0
ILMN_1696738	KRTAP9-4	2.696446356834153
ILMN_1716822	KRTAP9-8	1.2037710723587054
ILMN_1715753	KRTAP9-9	0.3111260486134952
ILMN_1658802	KRTCAP2	12.10781398905854
ILMN_1700728	KRTCAP3	4.242580530803265
ILMN_1752548	KRTDAP	1.3616355951913937
ILMN_1754798	KSR1	5.20986880510543
ILMN_1873592	KSR2	6.020654440953003
ILMN_1703226	KTI12	8.883287557298301
ILMN_2339202	KTN1	9.47874574162062
ILMN_1790951	KXD1	10.20794362865429
ILMN_1748178	KY	0.3288170603967964
ILMN_1764096	KYAT1	9.136565625621449
ILMN_1778371	KYAT3	9.916664067165634
ILMN_1737514	KYNU	2.758742943405178
ILMN_1739238	L1CAM	7.225856941124001
ILMN_1769839	L1TD1	2.751221887044386
ILMN_1723211	L2HGDH	8.88984708797336
ILMN_1667374	L3HYPDH	5.373899389099626
ILMN_2400940	L3MBTL1	6.714275272995405
ILMN_2336109	L3MBTL2	7.729614685005792
ILMN_1727495	L3MBTL3	5.908268897984616
ILMN_3307954	L3MBTL4	3.9277086918975566
ILMN_1693431	LACC1	2.3553020920801297
ILMN_2203987	LACE1	1.8661575910674173
ILMN_1739375	LACRT	1.9650524817181336
ILMN_1703335	LACTB	9.117477327149043
ILMN_1660635	LACTB2	6.896895122742389
ILMN_1728215	LAD1	3.0495508714601782
ILMN_1813338	LAG3	3.5875951734450435
ILMN_1708151	LAGE3	11.313919503093539
ILMN_2389211	LAIR1	15.616698309590268
ILMN_2323933	LAIR2	0.9809040451809344
ILMN_1728255	LALBA	2.1496777224638444
ILMN_1696434	LAMA1	8.165088136858342
ILMN_2339266	LAMA2	4.979025535311579
ILMN_1688892	LAMA3	2.273250759655181
ILMN_1795442	LAMA4	6.524230514318801
ILMN_1773567	LAMA5	10.347196390959649
ILMN_1658709	LAMB1	8.02343624578946
ILMN_1752968	LAMB2	6.696392756197743
ILMN_3242152	LAMB2P1	6.260204817010909
ILMN_1715684	LAMB3	3.8768228096951844
ILMN_1792301	LAMB4	1.691261673336496
ILMN_1810852	LAMC1	9.338395386287557
ILMN_1653824	LAMC2	2.909696187529526
ILMN_1688642	LAMC3	7.48351932023536
ILMN_1782292	LAMP1	11.424743611939462
ILMN_2279961	LAMP2	11.091938893797625
ILMN_2170813	LAMP3	5.970708098672503
ILMN_1713561	LAMP5	12.08079298377632
ILMN_1815878	LAMTOR1	10.967898784985804
ILMN_3236928	LAMTOR2	12.161768082756716
ILMN_1659415	LAMTOR3	10.80901494389927
ILMN_1779735	LAMTOR4	12.16610051622363
ILMN_2220518	LAMTOR5	12.977405936169886
ILMN_1912834	LAMTOR5-AS1	4.3918238381919155
ILMN_2081988	LANCL1	10.447812595149157
ILMN_1708009	LANCL2	7.781004448505436
ILMN_2091753	LANCL3	3.949551170341049
ILMN_1683792	LAP3	7.883734089967784
ILMN_1745110	LAPTM4A	8.958656522149413
ILMN_2101832	LAPTM4B	12.66630399154639
ILMN_1772359	LAPTM5	1.3662798523981736
ILMN_1662038	LARGE1	9.065738475862295
ILMN_1697916	LARGE2	3.259969782757261
ILMN_1812395	LARP1	0.2894217363726883
ILMN_1733390	LARP1B	9.936019920017989
ILMN_2347888	LARP4	6.7798248444875355
ILMN_1766222	LARP4B	8.774842588854334
ILMN_1752810	LARP6	10.279286513308195
ILMN_2392717	LARP7	8.950970607037858
ILMN_1757317	LARS	10.002770218792534
ILMN_1700168	LARS2	6.942942903864925
ILMN_1774890	LAS1L	8.404941627528238
ILMN_1665909	LASP1	12.119945175435165
ILMN_1750188	LAT	4.034429966003385
ILMN_1803560	LAT2	0.7567227523142775
ILMN_2108029	LATS1	0.7107684786691024
ILMN_1703412	LATS2	5.041324321229798
ILMN_1769782	LAX1	5.465459036547162
ILMN_1716397	LAYN	6.631761726986611
ILMN_2315979	LBH	10.028843052320399
ILMN_1739345	LBHD1	10.402944765959337
ILMN_1732538	LBP	1.5338001027863848
ILMN_1768969	LBR	8.160195082041648
ILMN_2202134	LBX1	7.9324403059494815
ILMN_1808731	LBX2	0.6755071286024816
ILMN_3249231	LBX2-AS1	1.9052747515448247
ILMN_2052686	LCA5	6.385075000446215
ILMN_1665657	LCA5L	1.303813685966838
ILMN_1815102	LCAT	4.145826081422641
ILMN_1679960	LCE1A	0.1941870898391315
ILMN_1736655	LCE1B	2.5324209167642127
ILMN_3236932	LCE1C	0.8136363766433291
ILMN_1718420	LCE1D	0.9112871065456797
ILMN_1769684	LCE1E	4.915774324850823
ILMN_1716471	LCE1F	1.1452558553052055
ILMN_1653282	LCE2A	2.4780279382339905
ILMN_1795711	LCE2B	1.2848198131443553
ILMN_1709708	LCE2C	0.11418547254269878
ILMN_1656706	LCE2D	3.0048843205985025
ILMN_1756522	LCE3A	0.9778102762040436
ILMN_1787260	LCE3B	0.20434361100892617
ILMN_1728632	LCE3C	0.9213510691752597
ILMN_1718395	LCE3D	0.12312527176816
ILMN_1808220	LCE3E	2.4952907891526217
ILMN_3234941	LCE4A	1.9757695094081464
ILMN_1743296	LCE5A	1.9080812956968465
ILMN_3238649	LCE6A	1.7395041319394018
ILMN_1699991	LCK	4.869734552972737
ILMN_1708081	LCLAT1	7.837400447591453
ILMN_2312709	LCMT1	12.31137350696631
ILMN_1885448	LCMT1-AS1	4.635318664257578
ILMN_1667577	LCMT2	5.5245486049718755
ILMN_1721011	LCN1	4.723306854407408
ILMN_1688646	LCN10	1.2451923910719227
ILMN_1769116	LCN12	4.883223646838849
ILMN_1803862	LCN15	3.309800140029404
ILMN_1692223	LCN2	2.5266811854584135
ILMN_1792800	LCN6	0.0
ILMN_1761917	LCN8	0.015592887492197519
ILMN_1769993	LCN9	1.7186862748429277
ILMN_1747800	LCNL1	4.165246029126949
ILMN_2062381	LCOR	9.5864659657584
ILMN_1730085	LCORL	6.094082316133714
ILMN_1662932	LCP1	2.117902240023498
ILMN_1658962	LCP2	3.767320560748201
ILMN_1749026	LCT	1.4211372513392595
ILMN_1763537	LCTL	1.9123658721473324
ILMN_1660275	LDAH	7.299725952813021
ILMN_1811347	LDB1	5.165542480244301
ILMN_1800697	LDB2	9.983129374658484
ILMN_1713534	LDB3	4.214110265707846
ILMN_3249748	LDHA	14.15145295680617
ILMN_1758812	LDHAL6A	4.364368193930005
ILMN_1719788	LDHAL6B	1.4257764476938843
ILMN_1728132	LDHB	13.19524072626871
ILMN_2326324	LDHC	4.316367497480395
ILMN_2407346	LDHD	2.22387428334589
ILMN_2053415	LDLR	11.353875307657695
ILMN_1731343	LDLRAD1	4.002568872374923
ILMN_1734125	LDLRAD2	3.6800269572783084
ILMN_2129563	LDLRAD3	6.454688772796991
ILMN_1842305	LDLRAD4-AS1	2.8830397447106058
ILMN_1809040	LDLRAP1	3.027931758469831
ILMN_1788250	LDOC1	9.477186437310426
ILMN_1691425	LDOC1L	8.79256068418678
ILMN_2124361	LEAP2	5.562101209865357
ILMN_2375786	LECT1	5.059822026459981
ILMN_1717557	LECT2	0.20266953751458575
ILMN_1679185	LEF1	6.328585904528212
ILMN_1660317	LEFTY1	2.164140804428499
ILMN_1781256	LEFTY2	6.6730853075442385
ILMN_1684492	LEKR1	4.8038900891896965
ILMN_1810321	LELP1	2.187264605553183
ILMN_1785444	LEMD1	9.672729195975519
ILMN_1680860	LEMD2	8.60577387438353
ILMN_2183938	LEMD3	9.425400410177806
ILMN_1736447	LENEP	0.9834849475124235
ILMN_1679238	LENG1	6.837525783018599
ILMN_1654890	LENG8	5.129449968252355
ILMN_1732720	LENG9	0.4939539272311822
ILMN_1801553	LEO1	7.984898381031809
ILMN_2207505	LEP	9.369569046825584
ILMN_2234956	LEPR	6.452395562737006
ILMN_1661537	LEPROT	7.693804228247764
ILMN_1752591	LEPROTL1	10.378624824920715
ILMN_1710668	LETM1	6.74928512967832
ILMN_1714223	LETM2	3.7013063300763456
ILMN_1782743	LETMD1	10.871426997305873
ILMN_1777437	LEXM	6.669398223516715
ILMN_1663080	LFNG	8.232068788346576
ILMN_1723978	LGALS1	12.7446010691121
ILMN_1776283	LGALS12	4.336569785051761
ILMN_1794842	LGALS13	0.0
ILMN_1698318	LGALS14	4.030947090480674
ILMN_1659508	LGALS16	2.6800369704074467
ILMN_1687306	LGALS2	3.7235997548441646
ILMN_1803788	LGALS3	5.071592868777258
ILMN_1659688	LGALS3BP	8.023952633084475
ILMN_1694034	LGALS4	1.3145224781836513
ILMN_1661708	LGALS7	1.11418968963442
ILMN_2064860	LGALS7B	1.4919196185257082
ILMN_2356654	LGALS8	7.32652742685653
ILMN_2412214	LGALS9	4.81408986291819
ILMN_1656869	LGALS9B	4.554133030761387
ILMN_1766184	LGALS9C	0.3441618181526888
ILMN_1673548	LGALSL	8.982454762300085
ILMN_2171023	LGI1	8.60601424862878
ILMN_1767900	LGI2	8.485874551917588
ILMN_1737162	LGI3	2.1201463458067926
ILMN_1716461	LGI4	6.024852605408358
ILMN_1698019	LGMN	10.89952988736213
ILMN_1710408	LGR4	7.591322710802342
ILMN_1702310	LGR5	1.6599484415413956
ILMN_1662362	LGR6	3.3791340435737247
ILMN_2143427	LGSN	2.0934765337109145
ILMN_1765187	LHB	1.3414325455119434
ILMN_1788098	LHCGR	0.33505383711300624
ILMN_1767448	LHFP	9.917984317147788
ILMN_1725031	LHFPL1	0.4919232061287144
ILMN_1747744	LHFPL2	6.493882345370331
ILMN_1663718	LHFPL3	2.1458353009690883
ILMN_1841495	LHFPL4	8.655624348971212
ILMN_1788291	LHFPL5	3.594297960385459
ILMN_1752199	LHPP	9.928843601488202
ILMN_1683405	LHX1	5.401299832228659
ILMN_1807016	LHX2	3.8902330573223343
ILMN_1701340	LHX3	4.313313639421399
ILMN_1674366	LHX4	5.515002081869532
ILMN_1754815	LHX5	3.508615507717329
ILMN_1715189	LHX6	2.415399246003465
ILMN_1794818	LHX8	0.0
ILMN_1769385	LHX9	2.4361216001377852
ILMN_1736077	LIAS	8.830885526819612
ILMN_1738725	LIF	5.412156524111791
ILMN_1709094	LIFR	5.6255986473602775
ILMN_1706779	LIG1	8.416801922686945
ILMN_1660582	LIG3	8.736151232433086
ILMN_1680714	LIG4	6.503765189617031
ILMN_1734748	LILRA1	0.0
ILMN_1716983	LILRA2	0.7338842684805127
ILMN_1786303	LILRA3	1.6140361520558855
ILMN_1702385	LILRA4	2.3995801464627013
ILMN_1726545	LILRA5	3.217087573979564
ILMN_1694243	LILRA6	2.2050281405126264
ILMN_2316974	LILRB1	13.721910747389002
ILMN_1695744	LILRB2	2.989771411356172
ILMN_2406132	LILRB3	14.91385695877259
ILMN_1732919	LILRB5	5.368919675106185
ILMN_1668521	LIM2	0.0
ILMN_1704369	LIMA1	7.092614972813244
ILMN_2139761	LIMCH1	9.637067749064272
ILMN_1764747	LIMD1	0.37321519265404923
ILMN_1673867	LIMD2	1.817379979868293
ILMN_2183687	LIME1	7.667520308931901
ILMN_1698649	LIMK1	1.9482515921185453
ILMN_1660624	LIMK2	7.3332638601589215
ILMN_1733176	LIMS1	8.866430495519342
ILMN_1760493	LIMS2	3.8840051707825207
ILMN_1693665	LIMS3	6.177332105728159
ILMN_1748903	LIN28A	8.807816077658726
ILMN_1748697	LIN28B	9.405488888190506
ILMN_1656886	LIN37	7.237101297935301
ILMN_1797055	LIN52	7.898758534961714
ILMN_1724062	LIN54	6.008562271324743
ILMN_1806293	LIN7A	6.001879454602286
ILMN_1663444	LIN7B	9.932931874237855
ILMN_1691849	LIN7C	6.720966111861062
ILMN_2137084	LIN9	5.535204136033482
ILMN_3248428	LINC00028	0.0
ILMN_1821064	LINC00051	1.2913044793701622
ILMN_3307002	LINC00052	3.3189045543148556
ILMN_3249172	LINC00092	7.184849073506348
ILMN_3242091	LINC00094	7.893062436797606
ILMN_3243673	LINC00111	3.3862820352573464
ILMN_3240676	LINC00112	0.4040191507805703
ILMN_3248193	LINC00113	0.4354364946609411
ILMN_3237598	LINC00115	5.2005116440640515
ILMN_1693685	LINC00116	9.8586259693555
ILMN_3220934	LINC00152	5.239267010756508
ILMN_3244775	LINC00158	0.0797762533980584
ILMN_1821671	LINC00159	0.3773505895355332
ILMN_3244329	LINC00160	1.5922780591879786
ILMN_3230631	LINC00161	3.0235260538125384
ILMN_3244888	LINC00167	0.960098335305079
ILMN_3311190	LINC00173	5.43442143811115
ILMN_3243274	LINC00200	6.845985142330193
ILMN_3233239	LINC00202-2	6.957138670066571
ILMN_3287464	LINC00221	4.788735305660125
ILMN_1915098	LINC00226	4.931836117586284
ILMN_3238170	LINC00235	0.19625795859266262
ILMN_3233250	LINC00238	2.3430623365096146
ILMN_3246078	LINC00240	1.067774416301856
ILMN_3238082	LINC00244	2.5110250937943657
ILMN_3273154	LINC00261	2.705840360623054
ILMN_3254163	LINC00264	2.213073107105974
ILMN_3233716	LINC00265	2.4931956303198053
ILMN_3200758	LINC00282	0.6005963957821373
ILMN_1875096	LINC00284	2.34678559493409
ILMN_3311150	LINC00293	0.8528284723926117
ILMN_3244521	LINC00294	9.002923631371479
ILMN_3238102	LINC00298	3.274269222943872
ILMN_3258513	LINC00301	0.2520565298182277
ILMN_1809448	LINC00303	2.4298348445384055
ILMN_3246915	LINC00304	4.020209180092115
ILMN_3235163	LINC00320	0.36882857551808107
ILMN_3243121	LINC00323	0.547030253779647
ILMN_1901198	LINC00339	8.126133538093411
ILMN_3307206	LINC00341	2.3235119256489725
ILMN_3181474	LINC00346	3.4221447242572953
ILMN_1841019	LINC00347	5.431221039916789
ILMN_1856081	LINC00358	0.7614834823601276
ILMN_1893858	LINC00362	3.5662796048647043
ILMN_1846444	LINC00380	3.707036970654086
ILMN_1863230	LINC00382	4.996206175227608
ILMN_1877818	LINC00399	3.5333472609626178
ILMN_1905546	LINC00403	7.293539820916422
ILMN_3249175	LINC00426	4.1145537584705325
ILMN_1825640	LINC00441	6.385929032125979
ILMN_1882860	LINC00459	3.2182177639127896
ILMN_3288018	LINC00461	9.199744174259738
ILMN_3307509	LINC00469	1.7704066885529048
ILMN_3250066	LINC00470	5.545206083247141
ILMN_1666617	LINC00472	1.0810357250775144
ILMN_3262909	LINC00473	5.763245042625244
ILMN_1833212	LINC00476	3.428314249685741
ILMN_1803953	LINC00493	11.526242925439723
ILMN_3296219	LINC00494	0.41753858161937235
ILMN_3246107	LINC00515	5.78709618150243
ILMN_1713788	LINC00520	0.26152638449258125
ILMN_3261278	LINC00526	6.8420944550787475
ILMN_1849318	LINC00543	1.6241633007919487
ILMN_1889874	LINC00557	2.5737293099339382
ILMN_1879150	LINC00560	3.293374918467847
ILMN_1898235	LINC00563	4.513191284052339
ILMN_1896741	LINC00570	3.6709283150993794
ILMN_3307144	LINC00574	0.9504794769664436
ILMN_1834252	LINC00583	1.2310358118950253
ILMN_1691501	LINC00597	2.5925599111778
ILMN_1818677	LINC00599	7.386438546184851
ILMN_3289895	LINC00608	3.245062930315465
ILMN_3180113	LINC00612	1.7776107583467595
ILMN_3234142	LINC00623	10.578164092650148
ILMN_1882646	LINC00626	2.3531616511081945
ILMN_1886412	LINC00628	3.208284642558235
ILMN_1699113	LINC00632	4.81514992756601
ILMN_1913002	LINC00633	1.179679057567228
ILMN_1798043	LINC00634	5.056419942414849
ILMN_3230885	LINC00635	1.815563214730476
ILMN_3244060	LINC00636	6.482421178103258
ILMN_3245410	LINC00638	0.7922926528223625
ILMN_3241505	LINC00643	0.9624864807656532
ILMN_1692646	LINC00652	0.6415197892624871
ILMN_3306677	LINC00663	2.065947012860106
ILMN_3236970	LINC00667	7.0024294334594215
ILMN_1916702	LINC00672	5.998080246096787
ILMN_3237689	LINC00689	0.6577804907221061
ILMN_1728446	LINC00691	5.071647201560974
ILMN_3239576	LINC00704	2.074794935683173
ILMN_1833524	LINC00709	2.4393643448940048
ILMN_1759186	LINC00839	0.21380128776041218
ILMN_1901089	LINC00841	4.77334897484337
ILMN_1849041	LINC00853	3.9423731431842377
ILMN_1839190	LINC00854	3.8990254109586395
ILMN_1912710	LINC00856	2.518882039879594
ILMN_3218306	LINC00863	4.7941039425152026
ILMN_3239475	LINC00887	2.2286959800904587
ILMN_3236202	LINC00893	2.1521148164890254
ILMN_3245928	LINC00895	0.9897923017807214
ILMN_3266833	LINC00896	1.7577283880551418
ILMN_3285302	LINC00900	1.1635014037593947
ILMN_1825159	LINC00901	3.663283165125671
ILMN_1661004	LINC00905	0.0
ILMN_3242130	LINC00908	3.7143602554167874
ILMN_3263295	LINC00910	1.9501115330187921
ILMN_1914405	LINC00919	1.5628747719250018
ILMN_1790412	LINC00921	2.3994731679607644
ILMN_3236036	LINC00926	2.929618801746035
ILMN_3246405	LINC00930	3.1829013651883176
ILMN_3237296	LINC00934	0.3422600520415615
ILMN_1795835	LINC00936	10.272048992487653
ILMN_1780773	LINC00938	12.115670653201922
ILMN_3242362	LINC00950	7.473730006020317
ILMN_1851865	LINC00961	2.3685654370360725
ILMN_3283904	LINC00965	3.083874390855336
ILMN_1887987	LINC00968	0.8867429186966292
ILMN_1751227	LINC00997	6.702152848372741
ILMN_1660227	LINC00999	4.008580693494209
ILMN_3249711	LINC01000	3.099220782490406
ILMN_3272129	LINC01003	4.277248119278176
ILMN_3206804	LINC01018	11.791413267343508
ILMN_1843388	LINC01023	4.8439830738298655
ILMN_1845776	LINC01072	3.3366809702222944
ILMN_1903082	LINC01077	2.731435983180939
ILMN_2098947	LINC01089	5.439367798004742
ILMN_1777359	LINC01091	1.5141827258531746
ILMN_1849228	LINC01096	3.9676314897666223
ILMN_3307201	LINC01101	2.4779274752950733
ILMN_3235567	LINC01102	6.1160186784158475
ILMN_3268232	LINC01105	5.668721829135176
ILMN_1834323	LINC01107	3.572026142187435
ILMN_1784824	LINC01118	0.27447502084497216
ILMN_3246722	LINC01119	5.234648907406972
ILMN_1736882	LINC01120	0.5305219674476008
ILMN_3187435	LINC01126	1.6003898735479003
ILMN_1902123	LINC01132	4.728137969191756
ILMN_3247080	LINC01134	0.7119320161709438
ILMN_3240843	LINC01139	5.276782407294422
ILMN_3292042	LINC01142	4.5888315105466715
ILMN_1690382	LINC01144	1.2728719310683176
ILMN_1876620	LINC01152	0.2473883311844426
ILMN_1896277	LINC01153	4.111633776929861
ILMN_1870717	LINC01165	0.7692466313819087
ILMN_1836060	LINC01170	4.296636357978779
ILMN_1912513	LINC01177	4.200554980528258
ILMN_3242977	LINC01184	3.8605663313657064
ILMN_1699020	LINC01197	1.5898734802782712
ILMN_1874569	LINC01210	4.302985125949163
ILMN_1835925	LINC01221	2.3353265635481586
ILMN_1834592	LINC01230	3.3583405950611547
ILMN_1694458	LINC01235	3.8611818026478044
ILMN_1856031	LINC01243	4.142880812002441
ILMN_1825186	LINC01252	3.4692372954496853
ILMN_1860194	LINC01256	1.764225650759372
ILMN_3219097	LINC01257	2.6054641417230653
ILMN_1902658	LINC01278	9.531880468727989
ILMN_1883745	LINC01293	2.861647992330901
ILMN_3235143	LINC01300	8.04317093611688
ILMN_1906397	LINC01311	4.195472518555381
ILMN_1865056	LINC01315	9.302191109785522
ILMN_1857118	LINC01326	3.532145672998628
ILMN_1912505	LINC01340	2.697465723716075
ILMN_3231601	LINC01347	1.23804456610465
ILMN_3301155	LINC01348	0.38700133861132446
ILMN_1906957	LINC01364	5.250706646867158
ILMN_1841133	LINC01391	3.4158262843354774
ILMN_1856983	LINC01396	2.136563993101619
ILMN_3291578	LINC01405	0.8099985946790632
ILMN_1817003	LINC01412	4.470167002790135
ILMN_1874519	LINC01413	0.0
ILMN_1882569	LINC01416	1.982809428448771
ILMN_3247645	LINC01420	13.497099343445639
ILMN_1838767	LINC01451	3.0378481665437005
ILMN_1907861	LINC01479	3.2281316906449273
ILMN_3235046	LINC01512	2.964519798440364
ILMN_1867214	LINC01538	3.354244078758407
ILMN_1880341	LINC01546	2.0692917231211494
ILMN_3255679	LINC01547	1.750920525962121
ILMN_3249045	LINC01548	3.2738321223783875
ILMN_3247639	LINC01550	0.8105319827581718
ILMN_1807728	LINC01551	0.4892398705884378
ILMN_3235877	LINC01553	0.0
ILMN_3253599	LINC01554	3.352025179753856
ILMN_2149952	LINC01567	5.5237803237677525
ILMN_1871306	LINC01607	5.982817712157018
ILMN_1881313	LINC01615	1.9472548833283587
ILMN_1833300	LINCMD1	5.525285102395526
ILMN_1756755	LINGO1	9.552120452096013
ILMN_1695978	LINGO2	8.940583700668327
ILMN_3237058	LINGO3	0.7531790181318327
ILMN_2056815	LINGO4	0.4393051495825291
ILMN_1718063	LIPA	9.269959990933868
ILMN_2218002	LIPC	1.0538197945507561
ILMN_1670693	LIPE	4.039869313673092
ILMN_1917045	LIPE-AS1	4.760111709920686
ILMN_1781517	LIPF	4.853445345138865
ILMN_2189027	LIPG	9.921602214478709
ILMN_1729433	LIPH	1.5107885139602748
ILMN_1805609	LIPI	2.7656891245543904
ILMN_1784302	LIPJ	3.362823829184355
ILMN_2204467	LIPK	2.4257392730591882
ILMN_3248304	LIPM	2.620351728306964
ILMN_1674338	LIPN	2.203376840852239
ILMN_1717524	LIPT1	6.927515049979206
ILMN_1713934	LITAF	9.99534948272394
ILMN_1691848	LIX1	5.136431051058381
ILMN_1708098	LIX1L	8.333016742514715
ILMN_3245122	LKAAEAR1	1.345100131800219
ILMN_1798212	LLGL1	11.208677707094322
ILMN_1669575	LLGL2	2.691224980654025
ILMN_3240177	LLPH	9.905429403233533
ILMN_1715814	LMAN1	8.830180510443983
ILMN_1783566	LMAN1L	0.0781205077429719
ILMN_1776963	LMAN2	5.412504161484523
ILMN_1755221	LMAN2L	8.701105470995012
ILMN_1764522	LMBR1	8.619482609515027
ILMN_1757165	LMBR1L	6.701292624971707
ILMN_1652128	LMBRD1	11.35357147566584
ILMN_1866887	LMBRD2	8.17552253430251
ILMN_1754969	LMCD1	8.963131207567207
ILMN_1668249	LMF1	5.259443055184048
ILMN_1716056	LMF2	7.12459469068784
ILMN_1815716	LMLN	1.5165077138456429
ILMN_1696749	LMNA	9.156478243358622
ILMN_2126706	LMNB1	8.329481205954515
ILMN_1708101	LMNB2	10.976310420975954
ILMN_1725833	LMNTD1	0.09084703582236324
ILMN_1652602	LMNTD2	3.7372793116273146
ILMN_1662917	LMO1	7.401616844437332
ILMN_1800078	LMO2	7.58058874718737
ILMN_1813295	LMO3	9.866321561859307
ILMN_2117171	LMO4	11.261015675707206
ILMN_1770479	LMO7	0.6595615823948985
ILMN_1680948	LMOD1	0.8457190422328317
ILMN_1668451	LMOD2	3.5348013051300935
ILMN_1785703	LMOD3	10.548948095943237
ILMN_1724315	LMTK2	6.490025591036372
ILMN_1671898	LMX1A	0.17390226971034686
ILMN_1652866	LMX1B	3.3518392394933154
ILMN_1704166	LNP1	2.559391133623239
ILMN_1814737	LNPEP	4.925292028668037
ILMN_2055760	LNPK	8.386316371810317
ILMN_1713841	LNX1	0.39806867644432886
ILMN_1702124	LNX2	7.307896410826249
ILMN_3268883	LOC100126784	0.37922233374900155
ILMN_1832033	LOC100128059	2.0186075624892097
ILMN_3237165	LOC100128164	0.29166391970808425
ILMN_1909743	LOC100128175	4.128041643899489
ILMN_1846430	LOC100128239	4.245492579938495
ILMN_3235637	LOC100128288	11.806349663269907
ILMN_3272826	LOC100128361	4.169888141631522
ILMN_3265147	LOC100128398	4.504149906992489
ILMN_3237079	LOC100128573	0.0
ILMN_1873934	LOC100128651	2.010344612913816
ILMN_3190192	LOC100128905	4.459978212695448
ILMN_1826215	LOC100128922	0.6781884570383273
ILMN_3256478	LOC100129034	5.60456359791205
ILMN_3238491	LOC100129055	4.995994256803793
ILMN_3262263	LOC100129083	3.0839605485874135
ILMN_3258046	LOC100129138	4.964990617388417
ILMN_3273996	LOC100129148	4.897497331240825
ILMN_3269123	LOC100129216	0.0
ILMN_1883780	LOC100129434	2.069641681848129
ILMN_3248132	LOC100129534	4.906155148059455
ILMN_3236239	LOC100129550	7.3728312247280305
ILMN_3248619	LOC100130238	0.7785672094590023
ILMN_3249566	LOC100130264	1.7310185849766897
ILMN_3270853	LOC100130298	3.7911050745665364
ILMN_3256970	LOC100130370	1.0791016284695651
ILMN_3253404	LOC100130417	4.067075241788239
ILMN_3268048	LOC100130452	0.6608072538581425
ILMN_1858783	LOC100130453	4.981837440253021
ILMN_3257004	LOC100130476	7.078277830593399
ILMN_3269520	LOC100130673	4.351205131678145
ILMN_3273257	LOC100130691	1.9649441453325383
ILMN_1873967	LOC100130705	4.921891294009645
ILMN_1902094	LOC100130745	4.999821918834303
ILMN_1845347	LOC100130798	3.9530588064237726
ILMN_3246479	LOC100130872	2.722296801716663
ILMN_3268675	LOC100130880	3.892435209083846
ILMN_3238904	LOC100130987	3.636598902356281
ILMN_1879496	LOC100130992	0.5343587294342979
ILMN_1883769	LOC100131023	1.1498508099831077
ILMN_1910322	LOC100131034	3.2991949668238703
ILMN_1898023	LOC100131174	2.0829238007441258
ILMN_3278357	LOC100131257	4.132989335116995
ILMN_3208344	LOC100131347	0.0
ILMN_3244723	LOC100131496	3.2538243345518487
ILMN_3215047	LOC100131532	2.724047829734816
ILMN_3289182	LOC100131635	0.15374416047041464
ILMN_1865255	LOC100131662	4.256783253791593
ILMN_3244841	LOC100132111	0.7287220073320885
ILMN_3292297	LOC100132146	4.03912725252106
ILMN_3284009	LOC100132215	1.7134358378142018
ILMN_3201609	LOC100132781	1.3015003375814487
ILMN_3249275	LOC100132831	1.3810075434109879
ILMN_3239401	LOC100133050	1.5608065895763659
ILMN_3246781	LOC100133091	1.2276454833628938
ILMN_3277511	LOC100133315	4.964963964818209
ILMN_1833563	LOC100133461	0.5732219750808075
ILMN_3203238	LOC100133669	2.351801146781358
ILMN_3234989	LOC100133920	1.0937536663758436
ILMN_1916599	LOC100133985	3.1896016694011866
ILMN_3246871	LOC100134368	5.801418442300039
ILMN_3249658	LOC100134868	10.299708508002178
ILMN_3247177	LOC100190940	0.42784968206012824
ILMN_3246910	LOC100190986	5.429648079661136
ILMN_3245282	LOC100192426	1.7808093397479758
ILMN_1906437	LOC100240735	5.8768191988988745
ILMN_3293346	LOC100288123	3.9922743962692415
ILMN_1895504	LOC100288238	1.5209080760328142
ILMN_1909695	LOC100288590	3.6953978953794846
ILMN_1833831	LOC100288798	4.745309037238645
ILMN_1845157	LOC100288893	5.397202614057734
ILMN_1845037	LOC100419583	7.513849280441138
ILMN_1878670	LOC100420587	5.392340501106229
ILMN_3264989	LOC100505478	3.0733986966297056
ILMN_1846517	LOC100505715	7.723787492682614
ILMN_3305763	LOC100505841	5.301469408686424
ILMN_1879041	LOC100505920	4.147160724100313
ILMN_1721430	LOC100506127	2.397668109136307
ILMN_1845757	LOC100506136	2.630148043761604
ILMN_1819225	LOC100506368	2.253385266094162
ILMN_1762506	LOC100506422	4.2230891328801805
ILMN_1849192	LOC100506691	3.292207064657123
ILMN_1875354	LOC100507599	6.1371932690246815
ILMN_1818536	LOC100507657	1.2243498540999778
ILMN_1827050	LOC100652911	3.5547434252553867
ILMN_1860911	LOC100652930	4.91079485791803
ILMN_1820550	LOC100996419	6.326989074065747
ILMN_1831258	LOC100996549	5.570846798308833
ILMN_1864467	LOC100996671	4.027281623201111
ILMN_1904138	LOC101926963	0.7955841279933927
ILMN_1864204	LOC101926975	0.9828290216508891
ILMN_1914025	LOC101927038	5.931233875107122
ILMN_1850991	LOC101927066	0.09751111463975903
ILMN_1893335	LOC101927141	4.915125307995192
ILMN_1907467	LOC101927166	5.348651139865712
ILMN_1905829	LOC101927248	2.065969107020729
ILMN_1829664	LOC101927362	1.2326339147044978
ILMN_1884754	LOC101927418	0.042612527634145754
ILMN_1897725	LOC101927421	2.7516790138886744
ILMN_1890421	LOC101927505	4.472205494960192
ILMN_1844128	LOC101927531	2.0040539876653507
ILMN_1824016	LOC101927635	0.5300158560444092
ILMN_1851912	LOC101927690	4.463959800776769
ILMN_1839740	LOC101927762	2.68864794440386
ILMN_1887644	LOC101927845	2.711576392324531
ILMN_1879787	LOC101927855	3.2620681931227278
ILMN_1917206	LOC101928009	3.389025810397009
ILMN_1839469	LOC101928030	0.9392361895471257
ILMN_1881668	LOC101928107	1.3011284008786264
ILMN_1846776	LOC101928126	4.379862921091177
ILMN_1831563	LOC101928150	0.9064327469633268
ILMN_1854109	LOC101928207	0.35414470590532793
ILMN_1890788	LOC101928278	4.447409264283368
ILMN_1864558	LOC101928326	4.721655291151957
ILMN_1912130	LOC101928343	1.9889295268400993
ILMN_1861916	LOC101928370	2.8687518878104963
ILMN_1869288	LOC101928406	5.087345936977214
ILMN_1910948	LOC101928433	4.017425263141269
ILMN_1892345	LOC101928438	2.833687322371119
ILMN_1856998	LOC101928453	2.0129501820690847
ILMN_1821171	LOC101928519	2.2039340509623946
ILMN_1823582	LOC101928532	2.153048203355204
ILMN_1837348	LOC101928596	4.396005522112522
ILMN_1830334	LOC101928614	3.88757458919248
ILMN_1891324	LOC101928714	6.964537517619831
ILMN_1825421	LOC101928728	2.0042123592571213
ILMN_1892573	LOC101928778	0.4961213800224602
ILMN_1869781	LOC101928858	1.5512291085155203
ILMN_1867014	LOC101929034	2.569392608232702
ILMN_1826101	LOC101929054	0.4504047876101569
ILMN_1889624	LOC101929261	3.5834785840461625
ILMN_1858833	LOC101929288	1.2616191464176711
ILMN_1830606	LOC101929331	4.579315086290442
ILMN_1884723	LOC101929523	4.352761278651081
ILMN_1884001	LOC101929579	2.8065944113026653
ILMN_1878928	LOC101929622	4.436213528704882
ILMN_1910366	LOC101929625	4.72934138028269
ILMN_1911484	LOC101929633	3.8142922834879105
ILMN_1903670	LOC101929646	3.2059697339963034
ILMN_1881877	LOC101929697	2.2650673016766416
ILMN_1894712	LOC101929759	5.682858932384211
ILMN_1859584	LOC101930164	2.566108081492348
ILMN_1866290	LOC102467079	5.415203422683947
ILMN_1898096	LOC102467216	1.242194481052337
ILMN_1835052	LOC102467224	0.34375605973735235
ILMN_1884277	LOC102723617	5.774198875784446
ILMN_1877270	LOC102723757	5.301234691524702
ILMN_1816822	LOC102723834	0.7170070133836676
ILMN_1876039	LOC102723883	2.496635047288381
ILMN_1839719	LOC102724002	5.523235385518132
ILMN_1855346	LOC102724190	2.464499180374021
ILMN_1867546	LOC102724479	1.4211486209268391
ILMN_1891310	LOC102724552	3.611739172521897
ILMN_1850685	LOC102724804	2.7522397811267876
ILMN_1893395	LOC102725068	2.8499567410936617
ILMN_1891482	LOC102725080	1.2777185601140166
ILMN_1900235	LOC103611081	3.6344292857799254
ILMN_1902929	LOC105274304	4.526320337798232
ILMN_1882560	LOC105369266	6.877409933527109
ILMN_1831363	LOC105369911	3.6706503387881733
ILMN_1843259	LOC105370068	5.279926598568804
ILMN_1817816	LOC105370613	5.300174668172033
ILMN_1903487	LOC105370941	4.015803899687022
ILMN_1896431	LOC105371307	3.8116029155000692
ILMN_1852041	LOC105371506	3.8279077982171876
ILMN_1873677	LOC105371763	4.633544897632268
ILMN_1830824	LOC105371907	0.5776202468456019
ILMN_1883921	LOC105372028	3.0637930194404106
ILMN_1906681	LOC105372626	3.607644271108603
ILMN_1849418	LOC105372672	3.3233400901810346
ILMN_1867439	LOC105372881	5.8639702950570465
ILMN_1894521	LOC105373185	2.804880949751323
ILMN_1819258	LOC105373356	0.23773618661075036
ILMN_1842533	LOC105373460	4.322323501611702
ILMN_1823226	LOC105373984	3.215607964439158
ILMN_1819181	LOC105375297	0.2729231882183351
ILMN_1823752	LOC105375847	1.76780862639664
ILMN_1915345	LOC105376064	3.641849062750943
ILMN_1869348	LOC105376365	2.448758764814924
ILMN_1903651	LOC105376544	3.076803701263549
ILMN_1916786	LOC105376633	3.423214796817217
ILMN_1870303	LOC105377348	6.955292707733587
ILMN_1876912	LOC105377443	5.081901123011076
ILMN_1888935	LOC105378137	4.407036509628315
ILMN_1871155	LOC105378292	0.8859528063411245
ILMN_1827966	LOC105378367	4.025789950448938
ILMN_1877421	LOC105378397	4.84978897880871
ILMN_1822378	LOC105378828	1.838529882251511
ILMN_1854905	LOC105379183	2.283518149097526
ILMN_1846306	LOC105379362	11.414497864286538
ILMN_3245600	LOC107133515	12.304343758240785
ILMN_1859109	LOC107161159	2.8648166164850846
ILMN_1824032	LOC107984813	5.041445355723788
ILMN_1873540	LOC107987345	6.588090255858095
ILMN_1832920	LOC115110	1.5852178944303337
ILMN_1678300	LOC146880	10.976114456029187
ILMN_3244323	LOC148413	9.567889518363927
ILMN_3277119	LOC148696	3.2736686096987833
ILMN_1680580	LOC148709	2.872193072483513
ILMN_3200648	LOC151174	4.466989068844479
ILMN_3282764	LOC152225	1.1762633675703802
ILMN_1899760	LOC153577	0.34984653972801977
ILMN_1782753	LOC153684	5.151139141801983
ILMN_1762305	LOC154449	1.2832232022362653
ILMN_3237627	LOC154761	2.9191881315839328
ILMN_3244304	LOC155060	2.214964195519381
ILMN_1712597	LOC200726	0.9817498192847065
ILMN_3272109	LOC202181	4.681521497166217
ILMN_1711845	LOC220729	5.741376668437016
ILMN_3199608	LOC283332	4.926685498515343
ILMN_1659959	LOC283440	1.0905979282932992
ILMN_1911213	LOC283713	2.247010361013905
ILMN_3250345	LOC283788	7.157134928460359
ILMN_3199507	LOC283922	5.541735858851623
ILMN_1739325	LOC284023	8.614341642406934
ILMN_2083137	LOC284379	1.5411388475350203
ILMN_1882500	LOC284648	4.225332972248608
ILMN_1864749	LOC284933	2.6919399744696015
ILMN_1902594	LOC285147	2.9977899500242766
ILMN_1857510	LOC285422	5.253782176354898
ILMN_1838166	LOC286068	1.415117765504161
ILMN_1840957	LOC286083	3.2916406280512027
ILMN_3249162	LOC286238	1.0862760591732699
ILMN_1857335	LOC286254	6.349000502015149
ILMN_1817377	LOC286437	5.274121434304834
ILMN_1861057	LOC338620	3.1176286643186035
ILMN_3289407	LOC338963	5.775145721870029
ILMN_1764029	LOC339059	1.10554743222141
ILMN_3239103	LOC340357	1.6630068904966615
ILMN_1708214	LOC344967	0.32765477613833477
ILMN_1708905	LOC374443	5.156508916388739
ILMN_1704135	LOC388242	1.425041451810259
ILMN_1688661	LOC388813	0.7520317043705322
ILMN_1683149	LOC388882	1.6170224180324102
ILMN_1679632	LOC389033	2.3337801492432213
ILMN_1787063	LOC389199	1.4383004886304154
ILMN_1855587	LOC389273	4.018982245804632
ILMN_3239643	LOC389332	5.3314681653799765
ILMN_3248296	LOC389705	5.514973145390747
ILMN_1672526	LOC389834	0.0
ILMN_1671292	LOC390705	5.30018434223411
ILMN_2092496	LOC392196	1.1289669679958514
ILMN_1793686	LOC399815	1.0815208233776261
ILMN_1783743	LOC399886	1.6534973944496911
ILMN_1709314	LOC400002	2.764070062575477
ILMN_1709607	LOC400661	1.5781378838874895
ILMN_1894911	LOC400743	2.626603621878143
ILMN_1807464	LOC400867	0.0
ILMN_1786423	LOC400927	1.1298458405996354
ILMN_1709900	LOC400997	0.1451873839870436
ILMN_1791423	LOC401052	6.927820075701355
ILMN_3276859	LOC401127	6.59879080839124
ILMN_1784493	LOC401286	3.6215973982692944
ILMN_2072598	LOC401357	7.88259108713769
ILMN_1894367	LOC401463	5.115180918109773
ILMN_1670215	LOC401554	0.6542993110217854
ILMN_2198893	LOC407835	9.521311452272721
ILMN_3279365	LOC440040	2.8321862069532657
ILMN_1657378	LOC440446	0.9636787199822755
ILMN_3296002	LOC440461	0.5743668144088229
ILMN_3250389	LOC440895	7.090932150474526
ILMN_3248980	LOC441204	4.270878443655933
ILMN_3278170	LOC441455	8.964232684173401
ILMN_1731707	LOC441601	2.6991882917862924
ILMN_3239709	LOC441666	5.153054599501064
ILMN_3292784	LOC494141	3.8879537939740048
ILMN_1745071	LOC541473	3.7572841281391978
ILMN_2125747	LOC606724	7.850211412798011
ILMN_3239783	LOC613038	2.6475219677699773
ILMN_1702183	LOC613266	3.160604350883157
ILMN_3239625	LOC641367	4.956057940367622
ILMN_1740282	LOC642846	0.48762740441304603
ILMN_1688246	LOC642852	3.272133315829722
ILMN_3231203	LOC642929	0.8139420803304729
ILMN_1723774	LOC643201	3.266398032626791
ILMN_3200717	LOC643387	8.04287807961415
ILMN_3283141	LOC643802	5.819919089402947
ILMN_3237750	LOC644145	0.8874506332795802
ILMN_3278603	LOC644189	0.0
ILMN_1802489	LOC644285	0.0
ILMN_3235221	LOC644936	10.07489785207006
ILMN_3237991	LOC645166	8.143881384119878
ILMN_1769329	LOC645752	2.7100813712698746
ILMN_3243351	LOC646214	8.342120322955605
ILMN_1687708	LOC646471	0.8545342714086606
ILMN_3230582	LOC646626	4.093070064889882
ILMN_1799168	LOC646938	4.006936119509429
ILMN_1778456	LOC648987	0.0
ILMN_1685813	LOC650293	4.440367431873703
ILMN_3243827	LOC652276	0.26380695840283336
ILMN_1735165	LOC653653	0.646163005777789
ILMN_3285265	LOC653712	1.7697198023363396
ILMN_3234879	LOC653786	4.389007806970967
ILMN_3207406	LOC727896	1.4853688638414708
ILMN_3235234	LOC727924	4.290476367571688
ILMN_3235036	LOC728024	5.470544120286193
ILMN_1897013	LOC728323	0.3363188520605745
ILMN_1691949	LOC728554	12.38335273805025
ILMN_3238941	LOC728613	2.3831944313664146
ILMN_3226637	LOC728743	5.502116645379697
ILMN_3228393	LOC728752	2.1301017713351413
ILMN_3243102	LOC728989	2.32079199135246
ILMN_3297082	LOC729080	0.6373726864490531
ILMN_3300947	LOC729159	0.7537015166400822
ILMN_1865736	LOC729451	2.053381357458173
ILMN_2180519	LOC729603	14.821226549045095
ILMN_3249715	LOC729609	3.3094851456829932
ILMN_3249449	LOC729737	0.926515319223836
ILMN_1902558	LOC729815	3.231374252879924
ILMN_1851610	LOC729860	1.5863454432416193
ILMN_1909610	LOC729950	0.6834962808531153
ILMN_1793367	LOC729966	2.7781842541749895
ILMN_3305942	LOC729970	7.842507387932714
ILMN_3305735	LOC730101	7.144554071732016
ILMN_3305012	LOC730159	1.4624261531426501
ILMN_3305933	LOC730668	1.0469035306201007
ILMN_1845811	LOC731157	3.0413174652539112
ILMN_1796923	LOC81691	7.622442459980378
ILMN_1881514	LOC90768	5.859176055021933
ILMN_1797181	LOC93622	9.139381119161
ILMN_3236584	LOH12CR2	5.136613801696513
ILMN_1766125	LONP1	8.900060278679435
ILMN_1691480	LONP2	7.68915575073132
ILMN_1705953	LONRF1	7.949369288731808
ILMN_1751016	LONRF2	4.788138507269665
ILMN_1720452	LONRF3	1.9731108999885076
ILMN_1718387	LOR	1.229041876360186
ILMN_1695880	LOX	8.076892210845399
ILMN_3266265	LOXHD1	4.539269822364928
ILMN_1734950	LOXL1	6.032978668835568
ILMN_1656802	LOXL2	0.30865130216573067
ILMN_1733515	LOXL3	7.47895885839029
ILMN_2179083	LOXL4	7.668021683857081
ILMN_1766590	LPA	4.25707589887079
ILMN_1701441	LPAR1	7.234597235750872
ILMN_1662741	LPAR2	10.149883845042995
ILMN_3243253	LPAR3	3.90295723083061
ILMN_1670692	LPAR4	4.915167605974798
ILMN_2044453	LPAR5	3.8530815287012423
ILMN_1786429	LPAR6	7.827149799065114
ILMN_1702171	LPCAT1	6.705698017893485
ILMN_1796335	LPCAT2	4.9740112476969705
ILMN_1805225	LPCAT3	7.068512822973198
ILMN_1674759	LPCAT4	7.1943782337440245
ILMN_1687998	LPGAT1	5.612066857439959
ILMN_1671554	LPIN1	10.022308389070087
ILMN_1670028	LPIN2	7.317351481681416
ILMN_1786444	LPL	5.979255111804097
ILMN_1670767	LPO	2.0110992560588405
ILMN_1651254	LPP	10.007525990879195
ILMN_1742789	LPXN	8.673967556403129
ILMN_1673491	LRAT	5.090795225131446
ILMN_1652160	LRBA	7.460086773212119
ILMN_2199614	LRCH1	6.32958103769187
ILMN_1720606	LRCH2	9.499193652679041
ILMN_1757336	LRCH3	6.477065915597751
ILMN_1654518	LRCH4	9.578985355581802
ILMN_3296272	LRCOL1	0.7528747244786055
ILMN_3247653	LRFN1	5.774525846653936
ILMN_1758924	LRFN2	3.8493254332264812
ILMN_2103919	LRFN3	8.89046567348114
ILMN_1809417	LRFN4	7.024301602919233
ILMN_2139125	LRFN5	7.735120270543338
ILMN_1805228	LRG1	4.832353534168074
ILMN_1681720	LRGUK	2.2128969212748646
ILMN_2385662	LRIF1	0.784563991560005
ILMN_2128795	LRIG1	10.039738939140946
ILMN_1654099	LRIG2	7.974482448465156
ILMN_2075757	LRIG3	4.861703097621362
ILMN_1684339	LRIT1	1.9377776480431568
ILMN_2115677	LRIT2	0.7070556641793383
ILMN_1672255	LRIT3	1.7744860036521413
ILMN_1804419	LRMP	0.46298286874466954
ILMN_1669772	LRP1	5.665186464121756
ILMN_1670272	LRP10	9.576364206791625
ILMN_1676197	LRP11	8.503033401123409
ILMN_2092441	LRP12	2.8461148799121863
ILMN_1696587	LRP1B	3.018040790380818
ILMN_1723443	LRP2	4.666084849767186
ILMN_1792057	LRP2BP	4.004668758150909
ILMN_2127605	LRP3	10.545240900648018
ILMN_1675268	LRP4	6.264369933900492
ILMN_1702775	LRP5	8.647844482884997
ILMN_1718633	LRP5L	8.668499599935208
ILMN_1732913	LRP6	5.364732749098123
ILMN_1677765	LRP8	8.73905638320566
ILMN_1660341	LRPAP1	10.009056051395559
ILMN_1662417	LRPPRC	9.390862184969167
ILMN_1778890	LRR1	6.323064246501352
ILMN_1755383	LRRC1	8.047821621407282
ILMN_1754558	LRRC10	4.20581259684645
ILMN_1754441	LRRC10B	2.910611299707639
ILMN_1678998	LRRC14	8.42672987652631
ILMN_2241252	LRRC14B	0.9291630302055495
ILMN_1709717	LRRC15	5.246819635349357
ILMN_1652826	LRRC17	7.511914747781291
ILMN_1756683	LRRC18	2.2587933299864282
ILMN_1740949	LRRC19	1.1254123484160166
ILMN_1755047	LRRC2	0.9811687389113534
ILMN_1690523	LRRC20	10.39142310088627
ILMN_2314244	LRRC23	6.903734211861807
ILMN_1762290	LRRC24	5.187853870339009
ILMN_1766487	LRRC25	2.006242074907951
ILMN_2249018	LRRC26	8.48512712255818
ILMN_2230789	LRRC27	2.610274332233358
ILMN_1794968	LRRC28	10.085858909822203
ILMN_1727704	LRRC29	6.497139293635197
ILMN_1795055	LRRC3	7.457642940526573
ILMN_1664253	LRRC30	2.6709178237665743
ILMN_1803528	LRRC31	0.3763272748272893
ILMN_2129161	LRRC32	6.7566884313847595
ILMN_1753568	LRRC34	2.071523144935537
ILMN_1774389	LRRC36	3.614333021767088
ILMN_1783673	LRRC37A	5.483296196615381
ILMN_1790114	LRRC37A2	5.572676058621528
ILMN_1784578	LRRC37A3	0.17466003086021345
ILMN_2393693	LRRC37A4P	3.861689585293098
ILMN_1786771	LRRC37A6P	1.543302970714701
ILMN_1777895	LRRC37B	9.402966888252136
ILMN_1803801	LRRC38	5.205784048518807
ILMN_1719309	LRRC39	1.437352484257924
ILMN_2131447	LRRC3B	5.765803104997275
ILMN_3284069	LRRC3C	4.839340724239111
ILMN_1863994	LRRC3DN	7.516748178523652
ILMN_1794846	LRRC4	1.29158813973057
ILMN_1732509	LRRC40	7.785709695434895
ILMN_1712755	LRRC41	10.91886877769628
ILMN_1688479	LRRC42	10.253854932859964
ILMN_2133125	LRRC43	3.7629113466549398
ILMN_1754827	LRRC45	8.220477059702555
ILMN_1768818	LRRC46	4.281222070203427
ILMN_1668484	LRRC47	10.340026004048593
ILMN_1763941	LRRC49	9.846584078212981
ILMN_2297196	LRRC4B	7.025478846143746
ILMN_1663037	LRRC4C	6.872478611495116
ILMN_1712454	LRRC52	0.31531092732993593
ILMN_1796950	LRRC55	1.5692871442400798
ILMN_1759772	LRRC56	5.169789645105213
ILMN_1777106	LRRC57	6.027617542895445
ILMN_3251467	LRRC58	7.355985452239216
ILMN_1786259	LRRC59	5.432587449576438
ILMN_1739683	LRRC6	6.6301004650925535
ILMN_1669722	LRRC61	6.560269339924066
ILMN_1808537	LRRC66	0.0
ILMN_3247111	LRRC69	2.853816189127741
ILMN_1810593	LRRC7	2.6500813831568757
ILMN_3238216	LRRC70	0.0
ILMN_1681923	LRRC71	3.347796872020695
ILMN_3256748	LRRC72	4.462767361689598
ILMN_1691668	LRRC73	6.948742177464013
ILMN_1784464	LRRC74A	3.7042336275653827
ILMN_3209330	LRRC74B	1.3916359036672903
ILMN_2221784	LRRC75A	5.489706946349003
ILMN_1737255	LRRC75B	7.098825103505589
ILMN_1739840	LRRC8A	7.927226074963755
ILMN_1838313	LRRC8B	8.800644978259486
ILMN_2094396	LRRC8C	1.5424801080176553
ILMN_1763409	LRRC8D	7.739650247628987
ILMN_1669052	LRRC8E	4.9785907232174464
ILMN_2384807	LRRCC1	7.686058448952291
ILMN_3190226	LRRD1	0.5395662619997249
ILMN_2214997	LRRFIP1	9.860074970874106
ILMN_1772329	LRRFIP2	9.523746289881549
ILMN_3241661	LRRIQ3	2.4645528588930365
ILMN_2233513	LRRIQ4	0.0
ILMN_1760430	LRRK1	4.542266433872562
ILMN_2226015	LRRK2	2.86531610429395
ILMN_1720511	LRRN1	8.064746499567516
ILMN_1696657	LRRN2	9.228206200426985
ILMN_1773650	LRRN3	8.44435849177504
ILMN_1764885	LRRN4	4.1574025226947855
ILMN_1697054	LRRN4CL	1.389967101151601
ILMN_2179029	LRRTM1	5.710789338695079
ILMN_1748245	LRRTM2	7.742835161621031
ILMN_2053334	LRRTM3	3.7356382175039005
ILMN_1685472	LRRTM4	5.853178707877887
ILMN_1811102	LRSAM1	9.17268969586549
ILMN_1800302	LRTM1	4.314276276031841
ILMN_2190676	LRTM2	2.5278802325134717
ILMN_2185339	LRTOMT	7.235659073013168
ILMN_1682368	LRWD1	8.798062378924088
ILMN_1739154	LSAMP	8.90197007092155
ILMN_1705746	LSG1	6.439536472800043
ILMN_2218450	LSM1	11.849388335950758
ILMN_1751803	LSM10	11.147615292166726
ILMN_1702698	LSM11	6.393689811798879
ILMN_2092693	LSM12	9.32358878496884
ILMN_2079803	LSM14A	10.779239615848418
ILMN_1777725	LSM14B	5.555996545785281
ILMN_2070300	LSM2	12.670722479123425
ILMN_1719032	LSM3	12.387874629053643
ILMN_1788099	LSM4	12.018948884747909
ILMN_1737947	LSM5	12.56131485514805
ILMN_1675462	LSM6	7.004001359778209
ILMN_1678165	LSM7	13.114640926875325
ILMN_1805590	LSM8	7.809702586293638
ILMN_1804895	LSMEM1	5.735320720573166
ILMN_1775136	LSMEM2	1.8183512265189785
ILMN_2355225	LSP1	5.392951256010167
ILMN_3225978	LSP1P3	4.034903262978004
ILMN_1749396	LSR	4.613695176053988
ILMN_1715024	LSS	9.602678197282948
ILMN_1688373	LST1	5.136023330591818
ILMN_1795464	LTA	6.321640400546698
ILMN_1690342	LTA4H	12.505816634196178
ILMN_2376204	LTB	0.7706631384751939
ILMN_1747251	LTB4R	4.677860266429495
ILMN_1775359	LTB4R2	0.20386562686664153
ILMN_1785402	LTBP1	4.1840631124841625
ILMN_3248591	LTBP2	4.3114149380188405
ILMN_1805395	LTBP3	6.463775640317462
ILMN_1665219	LTBP4	8.205308939945605
ILMN_1667476	LTBR	1.1846370646676683
ILMN_1668247	LTC4S	0.17425731372481582
ILMN_1677920	LTF	5.110790068942764
ILMN_1679290	LTK	0.18168627648921756
ILMN_1760360	LTN1	8.05843537634621
ILMN_1805658	LTV1	8.281021512059437
ILMN_1765371	LUC7L	9.396272272884316
ILMN_1747099	LUC7L2	6.8193035860482105
ILMN_2299072	LUC7L3	8.608447482246701
ILMN_1790529	LUM	11.456088982618384
ILMN_1742738	LURAP1	5.652721399362939
ILMN_1701361	LURAP1L	3.159310906208883
ILMN_1714159	LUZP1	8.478905789124491
ILMN_1727101	LUZP2	4.5014128055183855
ILMN_1783905	LUZP4	0.6644131387778306
ILMN_3245756	LUZP6	1.7113742415401838
ILMN_3246826	LVRN	5.1139136353258445
ILMN_1723962	LXN	2.874759913815667
ILMN_1814270	LY6D	0.5621319027051767
ILMN_1695404	LY6E	9.54939748403981
ILMN_1785527	LY6G5B	0.45495555481013733
ILMN_1763467	LY6G5C	4.4043834838006415
ILMN_1669352	LY6G6C	4.492000276707658
ILMN_1696295	LY6G6D	0.47339966254209825
ILMN_1696567	LY6G6E	1.9975342538303806
ILMN_1783158	LY6G6F	4.262257007946258
ILMN_2237252	LY6H	13.166377075312257
ILMN_1738646	LY6K	2.16123403674582
ILMN_1757011	LY75	0.7220121613973131
ILMN_1807825	LY86	1.9535243562888533
ILMN_1756275	LY9	4.476095449213218
ILMN_1724533	LY96	0.9375645345411647
ILMN_2221564	LYAR	7.782461490491357
ILMN_1791838	LYG1	5.926551156345833
ILMN_1691606	LYG2	1.2661717593163486
ILMN_2216582	LYL1	5.434746001038786
ILMN_1781155	LYN	3.2696657928767596
ILMN_1716278	LYNX1	3.996429338198024
ILMN_1668863	LYPD1	10.072240182431418
ILMN_1724266	LYPD2	4.77939519993554
ILMN_1739605	LYPD3	5.419435863081872
ILMN_1809905	LYPD4	4.374792126877664
ILMN_1718033	LYPD5	2.461273095869855
ILMN_1776724	LYPD6	5.261897695650956
ILMN_1693119	LYPD6B	5.533888230436614
ILMN_1773455	LYPD8	2.236485231636736
ILMN_1666713	LYPLA1	9.046893075483572
ILMN_1764628	LYPLA2	7.470126387386134
ILMN_2142117	LYPLAL1	9.620906911499361
ILMN_1749244	LYRM1	10.986153639684858
ILMN_1703132	LYRM2	9.76320371699469
ILMN_1740927	LYRM4	10.183697528343066
ILMN_1744534	LYRM5	9.327754671001985
ILMN_3238623	LYRM7	7.3797140742161025
ILMN_2099487	LYRM9	5.48730177532077
ILMN_1792931	LYSMD1	8.326487813949855
ILMN_1724493	LYSMD2	8.338273215716427
ILMN_1766718	LYSMD3	4.397934476903579
ILMN_2159859	LYSMD4	9.155335843250194
ILMN_1675956	LYST	5.025426350247316
ILMN_1808114	LYVE1	0.4036821316116331
ILMN_2162972	LYZ	5.018409032657055
ILMN_1787196	LYZL1	4.476191376701986
ILMN_2163482	LYZL2	2.2455119021776544
ILMN_1747831	LYZL4	1.166058454524484
ILMN_1750902	LYZL6	4.248182777506305
ILMN_1661627	LZIC	8.076853801621922
ILMN_1815705	LZTFL1	7.363093932737669
ILMN_1805161	LZTR1	9.917529704711646
ILMN_1677261	LZTS1	6.884390589580833
ILMN_1763524	LZTS2	5.9164577077492355
ILMN_1797972	M1AP	0.7360954308122244
ILMN_2084353	M6PR	9.843627374473055
ILMN_1676749	MAATS1	6.48094593238893
ILMN_1703980	MAB21L1	5.976800289042998
ILMN_1789162	MAB21L2	6.110553795333364
ILMN_1772790	MAB21L3	3.7237313416917686
ILMN_3236169	MACC1	2.7771133571622078
ILMN_2301624	MACF1	8.43125605870992
ILMN_1740960	MACROD1	8.3023100584845
ILMN_1677485	MACROD2	4.418289687984611
ILMN_2358069	MAD1L1	5.5147071302897475
ILMN_1777564	MAD2L1	11.129098021850877
ILMN_1694711	MAD2L1BP	8.602405864021984
ILMN_1669550	MAD2L2	12.56705464237875
ILMN_1662824	MADCAM1	2.055211625407701
ILMN_2328224	MADD	7.39793503881937
ILMN_2327090	MAEA	8.169269515780195
ILMN_2211479	MAEL	0.6395966876977809
ILMN_1719543	MAF	5.749240106998815
ILMN_1713985	MAF1	7.977248987164125
ILMN_1661577	MAFA	0.553612703217617
ILMN_1889811	MAFA-AS1	5.819191353652737
ILMN_1764709	MAFB	7.742799700544417
ILMN_2322375	MAFF	7.372724165747108
ILMN_1692260	MAFG	6.63754716137846
ILMN_3235312	MAFG-AS1	4.541874843552816
ILMN_1705986	MAFK	0.7679702125628377
ILMN_1803773	MAG	3.9588319348147585
ILMN_1722830	MAGEA1	2.2582839734630187
ILMN_1741430	MAGEA10	4.908129533600492
ILMN_2267131	MAGEA11	4.948277330018168
ILMN_1718107	MAGEA12	3.2979130671533277
ILMN_1684607	MAGEA2	4.500933969544499
ILMN_1715393	MAGEA2B	0.12159166858177224
ILMN_1652276	MAGEA3	2.012364671326536
ILMN_2361714	MAGEA4	2.8330768743323573
ILMN_1750777	MAGEA5	4.296396403833712
ILMN_2372681	MAGEA6	3.9332975838320032
ILMN_2069912	MAGEA8	2.5038948844450473
ILMN_1693102	MAGEA9	3.432570985887493
ILMN_2075292	MAGEA9B	2.8219115565827053
ILMN_2413236	MAGEB1	2.0782497641421664
ILMN_1703034	MAGEB10	0.43046143220671573
ILMN_1710847	MAGEB16	0.7678508122012363
ILMN_1718448	MAGEB18	1.8485062034701139
ILMN_1688335	MAGEB2	2.6841138947657117
ILMN_1785114	MAGEB3	0.5704270931921326
ILMN_1808418	MAGEB4	0.5150972337382088
ILMN_1685572	MAGEB6	3.379131840323444
ILMN_1720041	MAGEC1	2.674652663692759
ILMN_1757152	MAGEC2	2.4776280671838995
ILMN_1659484	MAGEC3	1.93221339761783
ILMN_1775522	MAGED1	13.943266919279344
ILMN_1683576	MAGED2	10.488080431466756
ILMN_3245611	MAGED4	6.246510753789122
ILMN_1788817	MAGED4B	7.540074279278451
ILMN_2205032	MAGEE1	9.709925989902898
ILMN_1707066	MAGEE2	0.606754118787019
ILMN_1730202	MAGEF1	8.444693666337132
ILMN_1659659	MAGEH1	11.008599010083302
ILMN_1657478	MAGEL2	7.856202537226285
ILMN_1775853	MAGI1	6.125675916340732
ILMN_1715255	MAGI2	2.103297331884969
ILMN_1885944	MAGI2-AS1	5.009623535929788
ILMN_3301206	MAGIX	4.995347184032865
ILMN_2215656	MAGOH	7.737395520420236
ILMN_1676058	MAGOHB	0.6629014973760373
ILMN_1721349	MAGT1	11.605307406384314
ILMN_2182850	MAJIN	3.3705126561490957
ILMN_1803984	MAK	1.476337561845875
ILMN_1777139	MAK16	7.7714771047252205
ILMN_2327860	MAL	8.200214857189774
ILMN_1770653	MAL2	4.541121657504439
ILMN_2141650	MALAT1	2.0950784114870173
ILMN_2063168	MALL	0.36329445706178726
ILMN_3235727	MALRD1	1.5022659256888204
ILMN_1739798	MALSU1	10.23723141589788
ILMN_1730986	MALT1	5.575634400273947
ILMN_1679391	MAMDC2	3.4406052309576007
ILMN_1740759	MAMDC4	4.225199244837006
ILMN_1803060	MAML1	6.091098485023513
ILMN_1765729	MAML2	2.6806914128980934
ILMN_1795499	MAML3	1.0727043206774989
ILMN_1680856	MAMLD1	8.133698784038296
ILMN_1718770	MAMSTR	5.185561792687131
ILMN_1742187	MAN1A1	3.584979810733356
ILMN_1755120	MAN1A2	4.945708297779056
ILMN_1771957	MAN1B1	10.056382804632248
ILMN_1713807	MAN1C1	6.113432356894336
ILMN_2147435	MAN2A1	7.322725118868598
ILMN_1815148	MAN2A2	6.6955947138409195
ILMN_1759341	MAN2B1	7.120040766472773
ILMN_1768510	MAN2B2	9.53917435178567
ILMN_2111739	MAN2C1	7.83402868663044
ILMN_1800733	MANBA	8.099701839394442
ILMN_1673944	MANBAL	11.547559972571669
ILMN_1757026	MANEA	6.7454014084304506
ILMN_1662147	MANEAL	8.63797216614198
ILMN_2183510	MANF	12.100899645512156
ILMN_2142752	MANSC1	6.262006102576426
ILMN_3237204	MANSC4	1.2431183274189928
ILMN_1663640	MAOA	4.451763261623332
ILMN_1727360	MAOB	4.365069912515476
ILMN_1784175	MAP10	7.251079416724092
ILMN_1701558	MAP1A	7.45205239825025
ILMN_1680154	MAP1B	8.90169089791314
ILMN_1776188	MAP1LC3A	12.9962306296423
ILMN_1703244	MAP1LC3B	10.656326052744284
ILMN_3247613	MAP1LC3B2	3.364584552597212
ILMN_1711331	MAP1LC3C	6.766163014777066
ILMN_1796336	MAP1S	8.394911351956127
ILMN_1764201	MAP2	10.431971534413558
ILMN_1694240	MAP2K1	10.143160750616557
ILMN_1657968	MAP2K2	8.647187476392903
ILMN_1790534	MAP2K3	7.717771796305453
ILMN_2100689	MAP2K4	8.499915662860124
ILMN_1718129	MAP2K5	8.795360652923161
ILMN_1697729	MAP2K6	6.204186116130427
ILMN_1781104	MAP2K7	7.161976996440393
ILMN_1723020	MAP3K1	7.878571124936163
ILMN_1658152	MAP3K10	6.577295343515561
ILMN_1651788	MAP3K11	4.716346431424024
ILMN_1797189	MAP3K12	7.615819336903505
ILMN_1673896	MAP3K13	6.363892799230538
ILMN_1724070	MAP3K14	2.7049109819946295
ILMN_3290052	MAP3K14-AS1	4.2249411483102675
ILMN_1671437	MAP3K15	5.22355235606944
ILMN_2345758	MAP3K19	4.550548597078155
ILMN_1696265	MAP3K2	0.670513575246833
ILMN_2296697	MAP3K3	7.446224644768627
ILMN_1678087	MAP3K4	8.752518609082491
ILMN_1726547	MAP3K5	1.9313980643288182
ILMN_1694539	MAP3K6	8.606701947211066
ILMN_1810176	MAP3K7	9.271570146716307
ILMN_1699071	MAP3K7CL	4.769460070624695
ILMN_1741159	MAP3K8	4.142348437937491
ILMN_1735553	MAP3K9	5.300415105127354
ILMN_1734695	MAP4	12.336848587165647
ILMN_1665943	MAP4K1	8.131564749852023
ILMN_1723625	MAP4K2	10.249217790405263
ILMN_1813120	MAP4K3	7.274260041358546
ILMN_2375002	MAP4K4	8.939757711509463
ILMN_1759030	MAP4K5	8.263927574471834
ILMN_1712523	MAP6	12.376397551058815
ILMN_1688464	MAP6D1	9.167423525473602
ILMN_1712719	MAP7	6.450030459196451
ILMN_1777906	MAP7D1	12.532227911607107
ILMN_2080080	MAP7D2	7.177478329659105
ILMN_1662557	MAP7D3	4.10746773542651
ILMN_1789224	MAP9	2.97603726489352
ILMN_2235283	MAPK1	7.715896470332474
ILMN_1748281	MAPK10	11.352365137891466
ILMN_1735361	MAPK11	6.844264965268731
ILMN_1797786	MAPK12	7.472032759869912
ILMN_1749327	MAPK13	6.378252452352668
ILMN_1788002	MAPK14	7.004883901504269
ILMN_1768506	MAPK15	5.61178283082175
ILMN_1779279	MAPK1IP1L	9.057947980929807
ILMN_1667260	MAPK3	11.295855610585503
ILMN_1685886	MAPK4	7.138921965619626
ILMN_1757287	MAPK6	12.13216513693797
ILMN_1709623	MAPK7	6.726936238526444
ILMN_1849941	MAPK8	8.973698289259042
ILMN_1680434	MAPK8IP1	7.2594467427338865
ILMN_2262930	MAPK8IP2	2.5956098698008674
ILMN_1811574	MAPK8IP3	8.734875883669218
ILMN_2400292	MAPK9	8.564849582988083
ILMN_2268068	MAPKAP1	9.06746352609305
ILMN_1774844	MAPKAPK2	8.840022155175413
ILMN_1732452	MAPKAPK3	9.825784196278695
ILMN_2322935	MAPKAPK5	9.525749823695628
ILMN_1658261	MAPKBP1	3.203132684480254
ILMN_1777721	MAPRE1	12.324158372294272
ILMN_1695276	MAPRE2	9.39924742849125
ILMN_1734290	MAPRE3	8.583763683711735
ILMN_2310814	MAPT	12.670410881934254
ILMN_3247434	MAPT-AS1	0.6385096878341269
ILMN_3247621	MAPT-IT1	4.0643089077605135
ILMN_1799106	MARC1	7.0907578451943
ILMN_1665775	MARC2	4.704919371768136
ILMN_1681101	MARCH1	5.220546891142305
ILMN_3305472	MARCH10	3.177429293651836
ILMN_3234892	MARCH11	6.011158504552793
ILMN_1703142	MARCH2	8.760867510135904
ILMN_1735038	MARCH3	7.3685890032358
ILMN_1789991	MARCH4	8.213723602512754
ILMN_2047430	MARCH5	7.58664590566512
ILMN_1897741	MARCH6	10.637981950433202
ILMN_1717337	MARCH7	10.376860541548686
ILMN_2336335	MARCH8	6.167435551393474
ILMN_1748393	MARCH9	4.119786242549224
ILMN_1807042	MARCKS	13.721671626691387
ILMN_1714433	MARCKSL1	13.234630137165519
ILMN_1731503	MARCO	4.084178204355485
ILMN_1779800	MARK1	7.243797181035194
ILMN_2413572	MARK2	3.6637705808216077
ILMN_1704795	MARK3	7.514748734764125
ILMN_1651604	MARK4	0.6695395458625653
ILMN_1799819	MARS	9.123845417288724
ILMN_1679177	MARS2	8.099555175944335
ILMN_3227782	MARVELD1	0.0
ILMN_2293744	MARVELD2	0.17810075439642084
ILMN_1716616	MARVELD3	1.1266842419854546
ILMN_1788769	MAS1	1.1919501788476639
ILMN_1804758	MAS1L	1.655708558874136
ILMN_2240866	MASP1	6.944029697383676
ILMN_1709408	MASP2	2.1016046412311407
ILMN_1733366	MAST1	8.306636104344031
ILMN_1690922	MAST2	5.8812210461646925
ILMN_1738749	MAST3	7.531983452149511
ILMN_1738438	MAST4	4.165696322027308
ILMN_1682336	MASTL	6.59604695230989
ILMN_1767657	MAT1A	0.49405349251638286
ILMN_1737298	MAT2A	9.989427154706759
ILMN_1811367	MAT2B	11.58141525334621
ILMN_2319000	MATK	7.862652681737423
ILMN_2061116	MATN1	3.1898459726678134
ILMN_3265014	MATN1-AS1	1.0149923557456253
ILMN_1694840	MATN2	6.748899472254727
ILMN_1663171	MATN3	5.968776978827196
ILMN_1662126	MATN4	0.29000456492083193
ILMN_1815107	MATR3	13.678654535653001
ILMN_1685631	MAU2	7.868320473219504
ILMN_1800152	MAVS	1.7312441521424031
ILMN_1704236	MAX	6.646868938071435
ILMN_2409793	MAZ	6.906591111278776
ILMN_2364864	MB	1.8126361534250008
ILMN_1706645	MB21D1	0.0
ILMN_1700967	MB21D2	8.301427422064721
ILMN_2352580	MBD1	6.4956262740495285
ILMN_1717195	MBD2	8.667765165961802
ILMN_1679822	MBD3L1	0.7617159332780141
ILMN_2076758	MBD3L2	4.112869318658867
ILMN_1744773	MBD3L3	0.574132130506145
ILMN_3237226	MBD3L4	0.6855709084468335
ILMN_3236231	MBD3L5	2.030548277141619
ILMN_2055310	MBD4	10.507276423321048
ILMN_1800731	MBD5	6.141925759532957
ILMN_1746012	MBD6	7.668924376656032
ILMN_1664323	MBIP	8.81849610310228
ILMN_1745141	MBL1P	4.808035275313795
ILMN_1762464	MBL2	0.0
ILMN_1791438	MBLAC1	4.970730334816349
ILMN_1769449	MBLAC2	5.113624933296253
ILMN_1807304	MBNL1	7.462424752343504
ILMN_2364272	MBNL2	8.186396700456413
ILMN_2303166	MBNL3	3.8708963725710994
ILMN_1764082	MBOAT1	5.998415192594245
ILMN_2347424	MBOAT2	7.429803724013354
ILMN_3237139	MBOAT4	0.18097617632266083
ILMN_1722218	MBOAT7	8.129771321943764
ILMN_1672660	MBP	7.253723862066871
ILMN_2101651	MBTD1	8.19958955897859
ILMN_1651719	MBTPS1	9.088932927124917
ILMN_1860288	MBTPS2	7.50246314775563
ILMN_1653319	MC1R	7.865546380038534
ILMN_1778521	MC2R	0.30471204813797587
ILMN_1667754	MC3R	0.0
ILMN_1722445	MC4R	1.589474099296279
ILMN_1779501	MC5R	0.0
ILMN_1685275	MCAM	5.109129152902464
ILMN_1767679	MCAT	5.23454531821438
ILMN_1795503	MCC	2.3299895167200693
ILMN_1760174	MCCC1	7.592090465639944
ILMN_1769264	MCCC2	2.6054870134181614
ILMN_1763092	MCCD1	4.2448428324464835
ILMN_1735347	MCEE	9.684302759932102
ILMN_1762713	MCEMP1	2.098149345750334
ILMN_1752750	MCF2	4.356809393102348
ILMN_3307483	MCF2L	5.904377130902801
ILMN_1670217	MCF2L2	5.32114370969759
ILMN_1761808	MCFD2	8.160558876979971
ILMN_1685096	MCHR1	0.9788818871874551
ILMN_2383150	MCHR2	6.419301207414107
ILMN_1803988	MCL1	10.162553142022757
ILMN_2413898	MCM10	6.766443201349845
ILMN_1681503	MCM2	7.5605431629651205
ILMN_2224143	MCM3	9.744545061384784
ILMN_1784766	MCM3AP	8.650066275156108
ILMN_2065822	MCM3AP-AS1	3.3400570915531707
ILMN_1737205	MCM4	7.772967810994764
ILMN_1815169	MCM5	7.426601746401496
ILMN_1798654	MCM6	10.996872714673223
ILMN_1663195	MCM7	11.784545350392888
ILMN_1798581	MCM8	13.526666149540793
ILMN_1800181	MCM9	3.84193825739646
ILMN_1761411	MCMBP	2.666198769111235
ILMN_2113738	MCMDC2	12.393315276262094
ILMN_1764383	MCOLN1	5.986787349815754
ILMN_1660462	MCOLN2	2.3560333702265446
ILMN_1775962	MCOLN3	4.282676951584265
ILMN_1753122	MCPH1	5.945056606825464
ILMN_1733799	MCRIP1	10.581901159868218
ILMN_1730523	MCRIP2	8.679212829033277
ILMN_1784227	MCRS1	10.22683379222457
ILMN_1654685	MCTP1	3.1485204870965275
ILMN_1792682	MCTP2	0.0
ILMN_1751816	MCTS1	9.935680802953248
ILMN_1672759	MCU	7.498478950062574
ILMN_1801766	MCUB	8.997684215674758
ILMN_1761961	MCUR1	9.45848308292904
ILMN_1814122	MDC1	9.294887242012388
ILMN_1782798	MDFI	0.9973242154131013
ILMN_1717366	MDFIC	5.661336495257303
ILMN_1720595	MDGA1	6.993031339396576
ILMN_1684447	MDGA2	2.1917120380883675
ILMN_1656913	MDH1	13.010125928859656
ILMN_1683377	MDH1B	1.8862768736517666
ILMN_2079004	MDH2	13.748372403250256
ILMN_2349393	MDK	12.267977548221722
ILMN_1736460	MDM1	6.098406653561146
ILMN_1736829	MDM2	7.412298624771087
ILMN_1746020	MDM4	5.3062443514593065
ILMN_1741260	MDN1	3.8164095388966466
ILMN_1662263	MDP1	8.413463784760735
ILMN_1736042	ME1	5.966934367341331
ILMN_1675186	ME2	9.75410160605549
ILMN_1793615	ME3	8.136014603702401
ILMN_1727073	MEA1	9.395947339287007
ILMN_2076940	MEAF6	9.415008481086048
ILMN_1803367	MECOM	5.710658265546367
ILMN_1702715	MECP2	5.141504542025864
ILMN_1683160	MECR	5.911465965046539
ILMN_1721729	MED1	8.027300475147213
ILMN_1707631	MED10	11.425961241502314
ILMN_1762639	MED11	5.951683464061502
ILMN_1793386	MED12	6.6264139729298215
ILMN_1663425	MED12L	0.5986071701293473
ILMN_1806184	MED13	3.9889264963122706
ILMN_1683959	MED13L	5.472677901839488
ILMN_1739956	MED14	8.886431341757492
ILMN_1668748	MED15	5.8819415449474155
ILMN_1800451	MED16	10.684130286446793
ILMN_3240092	MED17	3.807796051019089
ILMN_1788528	MED18	3.095149746834526
ILMN_1754553	MED19	10.371825437050893
ILMN_1777526	MED20	10.581162701671714
ILMN_1773886	MED21	6.380328178338707
ILMN_1697218	MED22	10.403336097179917
ILMN_1674506	MED23	7.588125567226992
ILMN_1711853	MED24	9.181471370984546
ILMN_1811823	MED25	8.231628967592863
ILMN_1718171	MED26	6.428853194928816
ILMN_3251445	MED27	8.992364376068954
ILMN_1749821	MED28	11.492311664064294
ILMN_1728360	MED29	9.826553481889933
ILMN_1671603	MED30	11.04067521547699
ILMN_3251451	MED31	9.265452722028124
ILMN_1664641	MED4	8.932334415256122
ILMN_1654543	MED6	10.315236775868444
ILMN_3229552	MED7	7.636683416800313
ILMN_1736847	MED8	10.015614395475962
ILMN_1794108	MED9	6.38983413669428
ILMN_1696048	MEDAG	0.0
ILMN_1661888	MEF2A	4.05715934994508
ILMN_1742544	MEF2C	0.8410838020299641
ILMN_1763228	MEF2D	8.936808794144666
ILMN_1804738	MEFV	3.133708968076784
ILMN_2061435	MEG3	7.632682423267227
ILMN_3236808	MEG8	4.037006425240227
ILMN_1826572	MEG9	0.2684542897823931
ILMN_2146389	MEGF10	8.688320643690163
ILMN_1787179	MEGF11	0.45387366690190784
ILMN_3241441	MEGF6	5.0733146011995265
ILMN_1714181	MEGF8	6.4773076645637735
ILMN_2290118	MEGF9	6.4193270812451475
ILMN_1807524	MEI1	5.294408055782141
ILMN_1708907	MEIG1	5.591662273024242
ILMN_1754241	MEIOB	5.053903929577546
ILMN_1705685	MEIS1	9.847247230978745
ILMN_1695945	MEIS2	11.552641284059016
ILMN_1779997	MEIS3	8.638752355713649
ILMN_2205896	MEIS3P1	7.5107047419605
ILMN_2212909	MELK	8.214018483488935
ILMN_2259818	MELTF	4.170646698019415
ILMN_1741599	MEMO1	8.39463857032147
ILMN_2340877	MEN1	6.772286006955962
ILMN_2414568	MEOX1	2.684033835252329
ILMN_1777263	MEOX2	1.8021784042030713
ILMN_1659984	MEP1A	3.256769889739118
ILMN_1734694	MEP1B	1.3714971859694416
ILMN_2180827	MEPCE	4.946358103140521
ILMN_1786072	MEPE	3.0962856137153527
ILMN_2138589	MERTK	6.950976090619939
ILMN_1781565	MESDC1	5.106606723220371
ILMN_1719797	MESDC2	1.8541167690056
ILMN_1806603	MESP1	10.15411506362336
ILMN_1751911	MESP2	3.6056331868849214
ILMN_2278590	MEST	9.600186865122692
ILMN_3237149	MESTIT1	0.7259747533017213
ILMN_1715175	MET	8.073890886661934
ILMN_1785795	METAP1	9.557236171537957
ILMN_1740294	METAP1D	2.5803444454249767
ILMN_1670420	METAP2	11.274581269312833
ILMN_1712583	METRN	8.52192214966127
ILMN_2342066	METRNL	7.543084856696059
ILMN_3306997	METTL1	8.089508550308208
ILMN_1655780	METTL10	6.547520575962466
ILMN_3246612	METTL11B	0.41315601530740126
ILMN_3239525	METTL12	2.097970194759022
ILMN_2343624	METTL13	9.544432253288507
ILMN_2124523	METTL14	6.565180907138083
ILMN_1738342	METTL15	7.142202115651343
ILMN_1693290	METTL16	6.971843597051038
ILMN_1782257	METTL17	9.00078990092875
ILMN_1734915	METTL18	6.058110356155644
ILMN_2049364	METTL21A	12.505430758351137
ILMN_1723846	METTL21B	8.994893511158157
ILMN_1709319	METTL21C	0.0
ILMN_1658290	METTL22	8.887375561726179
ILMN_2382724	METTL23	9.438678143161502
ILMN_1745497	METTL25	3.2103271924935655
ILMN_1774990	METTL26	10.098012600841841
ILMN_1745699	METTL2A	5.685087529697412
ILMN_1735958	METTL2B	1.7005855943957189
ILMN_1655635	METTL3	8.43794706689969
ILMN_1738173	METTL4	6.37139339906874
ILMN_1691570	METTL5	10.617488183465902
ILMN_1661998	METTL6	7.12424611831068
ILMN_1656285	METTL7A	3.815123398258566
ILMN_2064725	METTL7B	1.1985723603444631
ILMN_1653980	METTL8	2.5267233606848722
ILMN_1726421	METTL9	8.859907766573343
ILMN_3239177	MEX3A	8.721740471340107
ILMN_1658989	MEX3B	8.901276678731538
ILMN_1658182	MEX3C	8.338606705099265
ILMN_1669268	MEX3D	8.02272441376232
ILMN_1676799	MFAP1	9.376306127738117
ILMN_1787981	MFAP2	8.020468337829895
ILMN_1708782	MFAP3	6.696668808105938
ILMN_1723277	MFAP3L	5.611071455867777
ILMN_1766914	MFAP4	10.030578587724646
ILMN_1733415	MFAP5	6.246130099884471
ILMN_1680171	MFF	9.58599230424788
ILMN_1756071	MFGE8	11.547220862768269
ILMN_1745686	MFHAS1	7.038414572998991
ILMN_1664186	MFN1	6.308986851372352
ILMN_1651385	MFN2	9.193148604373816
ILMN_1764577	MFNG	8.16653907055422
ILMN_1724355	MFRP	0.0
ILMN_1789751	MFSD1	6.154256878234759
ILMN_1674874	MFSD10	12.725127399074458
ILMN_1756152	MFSD11	8.834384317812416
ILMN_1813374	MFSD12	6.29667787486419
ILMN_1808566	MFSD13A	5.55562961777208
ILMN_1763007	MFSD14A	9.27640319936959
ILMN_1777058	MFSD14B	9.42083919610118
ILMN_3235410	MFSD14C	12.541436019160477
ILMN_1789638	MFSD2A	5.740693404792236
ILMN_2238383	MFSD2B	0.5623885933019946
ILMN_1718972	MFSD3	10.183090519531776
ILMN_1729734	MFSD4A	4.3234277721811445
ILMN_1691916	MFSD4B	0.2786788246120929
ILMN_1702065	MFSD5	6.691556577954497
ILMN_1710209	MFSD6	6.5600689365901275
ILMN_3241005	MFSD6L	4.670158969690485
ILMN_1672982	MFSD7	0.6562807048667963
ILMN_2123119	MFSD8	6.398993912327079
ILMN_1730028	MFSD9	4.330078501253346
ILMN_2372379	MGA	6.602908977738385
ILMN_1727177	MGAM	4.97461103384424
ILMN_3236160	MGARP	6.227152926208504
ILMN_1761912	MGAT1	8.882818636829032
ILMN_2342240	MGAT2	7.724990413674777
ILMN_1853824	MGAT3	10.392638522676181
ILMN_1755643	MGAT4A	6.479905346721304
ILMN_1796106	MGAT4B	7.767242734410476
ILMN_1704904	MGAT4C	5.018588353438568
ILMN_3238058	MGAT5	10.876325029453838
ILMN_1692477	MGAT5B	5.13429320615337
ILMN_1784428	MGC57346	8.751161779102945
ILMN_3251288	MGC70870	0.6220686744048476
ILMN_2152502	MGC72080	5.269309486931741
ILMN_1686750	MGEA5	12.238230938525518
ILMN_1738589	MGLL	4.16784060168339
ILMN_2176251	MGME1	9.62257059619983
ILMN_1795639	MGMT	11.255975130607586
ILMN_1651958	MGP	11.534518189268633
ILMN_1745697	MGRN1	7.468995340891215
ILMN_2355168	MGST1	8.553652077824724
ILMN_1802027	MGST2	8.51226078508255
ILMN_1751956	MGST3	12.566354312087062
ILMN_1745077	MIA	4.411261242566954
ILMN_1656743	MIA2	2.1633945058188897
ILMN_2312906	MIA3	4.505011040827192
ILMN_1864900	MIAT	10.555770753525518
ILMN_1788832	MIB1	6.521034067635477
ILMN_2385178	MIB2	8.278928359446883
ILMN_1797929	MICA	7.451184752241976
ILMN_1807972	MICAL1	7.575469934184923
ILMN_1785141	MICAL2	1.675110053411708
ILMN_1699634	MICAL3	1.9717137759996062
ILMN_1743232	MICALCL	1.9963470119868638
ILMN_1815130	MICALL1	1.8521270119650832
ILMN_1664581	MICALL2	3.8370120571571715
ILMN_1708006	MICB	4.823469278251186
ILMN_1807540	MICU1	7.779867600718294
ILMN_1738346	MICU2	9.67506811823049
ILMN_2047856	MICU3	5.854434137804481
ILMN_1761858	MID1	9.94389725298656
ILMN_2165473	MID1IP1	9.06299487509515
ILMN_1915188	MID2	7.88044117377223
ILMN_1746408	MIDN	10.322717810000002
ILMN_1793203	MIEF1	10.145006858184892
ILMN_1808295	MIEF2	5.138389296757916
ILMN_1727078	MIEN1	6.770986433245099
ILMN_1682232	MIER1	8.473614533849416
ILMN_1766159	MIER2	5.66329021005096
ILMN_1805910	MIER3	4.5717085157109185
ILMN_1807074	MIF	14.725181606811224
ILMN_1743806	MIF4GD	8.436293543836927
ILMN_2123559	MIGA1	9.963340940205326
ILMN_1701940	MIGA2	6.300268763501582
ILMN_1783843	MIIP	7.562620806807768
ILMN_1747347	MILR1	2.669434051350629
ILMN_1890598	MIMT1	3.422041651852018
ILMN_1689624	MINA	5.3329521634305275
ILMN_1874506	MINCR	1.0736406239676572
ILMN_1717101	MINK1	4.381718833228698
ILMN_1657860	MINOS1	8.32697171204028
ILMN_1664994	MINPP1	7.570206722675853
ILMN_1680644	MIOS	8.903847613976218
ILMN_1674353	MIOX	0.16400962145084508
ILMN_1676490	MIP	0.8188064407362948
ILMN_1669070	MIPEP	2.8893149008703816
ILMN_3307654	MIPOL1	4.464761949620535
ILMN_3309614	MIR1-1	0.7634630799868636
ILMN_1789950	MIR1-1HG	0.9687983924257993
ILMN_3309001	MIR1-2	1.5229584572773671
ILMN_3309339	MIR100	1.1462043629468341
ILMN_3244176	MIR100HG	9.656882538056552
ILMN_3309473	MIR101-1	2.739017052947562
ILMN_3308946	MIR101-2	0.54782063481847
ILMN_3309409	MIR106A	4.294809424860658
ILMN_3310186	MIR106B	0.3566534084490765
ILMN_3309779	MIR107	0.27579451640901803
ILMN_3309064	MIR10A	1.8641630775736557
ILMN_3309484	MIR10B	0.3706864651420531
ILMN_3309249	MIR1178	2.263403303991445
ILMN_3308205	MIR1179	0.1105424301032501
ILMN_3309104	MIR1180	0.45705262694799037
ILMN_3310855	MIR1183	0.6878161382963567
ILMN_3309164	MIR1185-1	7.7393845226482485
ILMN_3309859	MIR1197	1.3242127588727362
ILMN_3309109	MIR1200	1.8546503122305307
ILMN_3309904	MIR1202	0.49263107198631345
ILMN_3309884	MIR1203	0.9875342360131564
ILMN_3310391	MIR1204	5.168501879679766
ILMN_3310700	MIR1205	1.052817345827257
ILMN_3310890	MIR1206	3.8164127079971624
ILMN_3308758	MIR1207	0.0
ILMN_3310673	MIR1208	5.601070776580795
ILMN_3309524	MIR122	2.902473822969231
ILMN_3310306	MIR1224	4.486579594619041
ILMN_3308931	MIR1225	0.1612772165687286
ILMN_3309649	MIR1226	1.0206530383601728
ILMN_3308320	MIR1227	2.9800252978180457
ILMN_3308663	MIR1228	9.847720357924741
ILMN_3310720	MIR1229	1.3597167811936786
ILMN_3308520	MIR1231	1.8611360882935468
ILMN_3308876	MIR1234	0.8506127322099273
ILMN_3308475	MIR1236	1.0632643355100357
ILMN_3309041	MIR1237	4.862445367588513
ILMN_3309304	MIR1238	1.3267716288993794
ILMN_3309559	MIR124-2	2.0363911087081967
ILMN_1840175	MIR124-2HG	9.979284564345791
ILMN_3308545	MIR1243	3.3189546191455164
ILMN_3308708	MIR1245A	0.0
ILMN_3308355	MIR1246	0.9208864154816814
ILMN_3309448	MIR1247	6.170966470228554
ILMN_3308773	MIR1249	2.485249932291619
ILMN_3308395	MIR1250	0.41665162149228263
ILMN_3311035	MIR1251	0.6760463989002963
ILMN_3308901	MIR1252	0.0
ILMN_3308828	MIR1253	4.869347886222015
ILMN_3308896	MIR1255A	0.4328069449382786
ILMN_3309046	MIR1255B1	0.21359706011502708
ILMN_3311130	MIR1255B2	0.2810670050744455
ILMN_3309990	MIR1256	3.134814952108206
ILMN_3311055	MIR1257	2.5438708076750634
ILMN_3310543	MIR1258	5.363416814873726
ILMN_3310865	MIR125A	0.20134259818830166
ILMN_3308118	MIR125B1	1.6801533570393046
ILMN_3308743	MIR125B2	6.829269855039304
ILMN_3308073	MIR126	1.4358660052045764
ILMN_3309729	MIR1261	4.079314628791654
ILMN_3310830	MIR1262	0.2876145222744528
ILMN_3308658	MIR1263	0.6656375345067068
ILMN_3310528	MIR1264	1.1376515920127208
ILMN_3310030	MIR1265	3.1549342434353065
ILMN_3310251	MIR1266	0.7473416344762445
ILMN_3308916	MIR1267	4.872301762303983
ILMN_3308315	MIR1269A	0.3914377132260554
ILMN_3309244	MIR1271	1.9196142151793414
ILMN_3308986	MIR1272	1.5657703430809768
ILMN_3309839	MIR1275	1.5248743119339994
ILMN_3308698	MIR1276	1.0121891745494034
ILMN_3310730	MIR1277	4.782710321310019
ILMN_3309094	MIR1278	0.8352009668149901
ILMN_3310623	MIR128-1	4.818946455003513
ILMN_3308911	MIR128-2	3.9419634426631958
ILMN_3309419	MIR1281	2.9941087254840695
ILMN_3308225	MIR1282	0.4453861030968555
ILMN_3309499	MIR1284	0.18477250986011254
ILMN_3309909	MIR1286	0.8959332453416243
ILMN_3310093	MIR1288	0.9328691638369969
ILMN_3308068	MIR1289-1	4.100724115763101
ILMN_3308535	MIR1289-2	0.7734812852091529
ILMN_3308128	MIR129-1	1.0909518745641709
ILMN_3308505	MIR129-2	7.456045845352423
ILMN_3310960	MIR1290	0.5045791656410451
ILMN_3310421	MIR1292	0.0
ILMN_3308220	MIR1293	2.5701238661544674
ILMN_3309359	MIR1294	0.15657607085223232
ILMN_3309264	MIR1295A	0.22110907123365797
ILMN_3308133	MIR1296	0.7207173589464674
ILMN_3310075	MIR1297	0.25089714046419265
ILMN_3308783	MIR1298	2.095884809618859
ILMN_3310785	MIR1299	3.0169006181174107
ILMN_3309374	MIR1301	1.9220743012904784
ILMN_3310411	MIR1302-1	0.054289022967799916
ILMN_3309789	MIR1302-3	1.5281238716229921
ILMN_3309309	MIR1302-4	0.7502144957463548
ILMN_3310196	MIR1302-5	0.2694771379860809
ILMN_3308693	MIR1302-6	0.0
ILMN_3308991	MIR1302-7	0.18185108453014565
ILMN_3308703	MIR1302-8	0.5447447441135784
ILMN_3310603	MIR1305	0.8333850037851569
ILMN_3308808	MIR130A	2.6875627904575805
ILMN_3310221	MIR130B	0.7323563108296623
ILMN_3308560	MIR132	0.6156877223632412
ILMN_3308103	MIR1321	0.06614213720443674
ILMN_3308038	MIR1322	1.1118501899014535
ILMN_3310775	MIR1323	1.2488254050162497
ILMN_3310316	MIR1324	0.6629407787891795
ILMN_3309433	MIR133B	2.132246838426607
ILMN_3308043	MIR134	2.198916471085879
ILMN_3308460	MIR135A2	0.8888208983398204
ILMN_3308976	MIR135B	3.5763944178487814
ILMN_3309284	MIR137	0.6390861354966485
ILMN_3309924	MIR138-1	0.7805988018052918
ILMN_3310494	MIR138-2	1.727455013573504
ILMN_3309644	MIR139	0.3364054583800164
ILMN_3309849	MIR140	0.2676519989461171
ILMN_3310346	MIR141	0.0
ILMN_3309021	MIR142	0.0
ILMN_3309629	MIR144	2.981251953462951
ILMN_3309274	MIR1468	0.5685212415384228
ILMN_3308123	MIR146A	1.0701821017568165
ILMN_3310010	MIR146B	1.4260681883558608
ILMN_3308290	MIR1470	0.4001657066966445
ILMN_3308627	MIR1471	0.4719513618461006
ILMN_3309389	MIR147A	0.32159530310142254
ILMN_3308723	MIR148A	0.5882596492299168
ILMN_3308260	MIR148B	0.9614726457954564
ILMN_3308612	MIR149	0.14592499125393635
ILMN_3311065	MIR152	1.2450318028046337
ILMN_3309684	MIR153-1	0.7756180602664123
ILMN_3309384	MIR153-2	0.6492437898076734
ILMN_3309834	MIR1537	1.0482226190089483
ILMN_3308833	MIR154	1.4124312434905013
ILMN_3248910	MIR155HG	0.642627163882021
ILMN_3308305	MIR15A	0.5032306899556598
ILMN_3311010	MIR15B	2.5338757569325465
ILMN_3309594	MIR16-1	0.0
ILMN_3310141	MIR16-2	0.6276480434643873
ILMN_3300937	MIR17HG	3.7059440298645785
ILMN_3309289	MIR181A1	2.80259192567044
ILMN_3309659	MIR181A2	0.8659723059735415
ILMN_1874689	MIR181A2HG	7.247426785073387
ILMN_3309199	MIR181B1	0.8818392474007309
ILMN_3308866	MIR181B2	0.518580875394577
ILMN_3310201	MIR181C	1.683263626337941
ILMN_3309234	MIR181D	2.488567104744764
ILMN_3309560	MIR182	2.4802066596713153
ILMN_3310088	MIR1827	0.2671326337442613
ILMN_3310331	MIR183	1.142562692245788
ILMN_3309934	MIR184	0.36854297392633
ILMN_3311030	MIR185	5.165922148098118
ILMN_3310765	MIR186	0.7054963136831796
ILMN_3310880	MIR187	0.0
ILMN_3310618	MIR188	3.2798665050163645
ILMN_3308015	MIR18B	2.646018739871696
ILMN_3308622	MIR1908	3.8162555644247234
ILMN_3310151	MIR1909	3.3150175994446047
ILMN_3310486	MIR190A	0.4763589486354609
ILMN_3310685	MIR190B	1.24425140401306
ILMN_3309174	MIR191	1.2159610659653828
ILMN_3308966	MIR1910	2.4006478170348546
ILMN_3310216	MIR1911	0.4025044120696722
ILMN_3309819	MIR1912	2.604138828759178
ILMN_3308025	MIR1913	2.267758956452771
ILMN_3308435	MIR1914	0.47385699721722024
ILMN_3311075	MIR1915	1.7882374891635626
ILMN_3308906	MIR192	1.3037772478975374
ILMN_3308971	MIR193A	2.374474141004166
ILMN_3308048	MIR193B	0.5019785576720156
ILMN_3309478	MIR194-1	1.368851124837458
ILMN_3309955	MIR194-2	1.2008951741363336
ILMN_3308210	MIR195	2.2989478400359427
ILMN_3308881	MIR196A1	0.9077678231130091
ILMN_3310461	MIR196A2	0.21377100479343458
ILMN_3309089	MIR196B	0.33256096947555397
ILMN_3310755	MIR197	1.9630895490251197
ILMN_3308188	MIR1976	0.5837959861790692
ILMN_3310236	MIR199A1	1.2184783080412767
ILMN_3309754	MIR199A2	1.4970537469310579
ILMN_3309159	MIR199B	5.727639779895827
ILMN_3309894	MIR19B2	0.0
ILMN_3308803	MIR200A	1.8540625595094025
ILMN_3308380	MIR200B	2.56692381468376
ILMN_3308951	MIR200C	0.6368186111974344
ILMN_3310920	MIR202	2.909669587879234
ILMN_3310950	MIR203A	3.4536588109129287
ILMN_3308738	MIR204	1.8699140442045679
ILMN_3308295	MIR205	1.3228837138058271
ILMN_3309379	MIR2052	0.4023846461215592
ILMN_3309054	MIR2053	1.6185873136607238
ILMN_1759913	MIR205HG	0.8663489259746321
ILMN_3309549	MIR206	0.6771906909412406
ILMN_3311020	MIR208A	0.5506835190839693
ILMN_3309814	MIR208B	1.264395898504166
ILMN_3310835	MIR20B	0.0
ILMN_3310840	MIR21	5.338663403791041
ILMN_3310171	MIR210	0.47575414520128717
ILMN_3309599	MIR211	0.37751479305746916
ILMN_3310850	MIR2113	1.3997089978415336
ILMN_3310770	MIR2114	0.5164709258104666
ILMN_3310499	MIR2115	3.2344602914931273
ILMN_3310035	MIR2116	6.4987247477491605
ILMN_3310025	MIR2117	2.45033574048535
ILMN_3311005	MIR212	0.4805767439681284
ILMN_3308597	MIR214	1.177300881943445
ILMN_3309074	MIR215	0.1853250319029455
ILMN_3311045	MIR216A	0.3016780950508884
ILMN_3310613	MIR216B	0.3301974570495798
ILMN_3310446	MIR217	0.4932853968117361
ILMN_3308565	MIR218-1	1.3790489428591322
ILMN_3310376	MIR218-2	1.5440297644240228
ILMN_3311015	MIR219A2	4.660302509833252
ILMN_3310326	MIR221	3.1271017560078587
ILMN_3308485	MIR222	3.7658818889308705
ILMN_3308936	MIR223	0.966084373547493
ILMN_3309084	MIR224	0.1993590066317185
ILMN_3309529	MIR2276	0.9930188812978463
ILMN_3309294	MIR2278	3.177808914236151
ILMN_3309224	MIR23A	2.1855606468916107
ILMN_3308798	MIR23B	1.5946935467779255
ILMN_3310401	MIR24-1	0.37419873033943324
ILMN_3310573	MIR24-2	0.7206401674904352
ILMN_3309534	MIR25	3.870832834606278
ILMN_3310985	MIR26A1	0.0
ILMN_3308981	MIR26A2	0.0
ILMN_3308093	MIR26B	2.7899850189214637
ILMN_3309031	MIR27A	0.6940221253262155
ILMN_3310356	MIR27B	0.28078481985697074
ILMN_3309624	MIR296	1.6765892829604574
ILMN_3309679	MIR297	0.7277536142327911
ILMN_3310426	MIR298	1.6186825150739985
ILMN_3310695	MIR299	1.9079058658146575
ILMN_3310910	MIR29A	4.316552327055003
ILMN_3309699	MIR29B1	4.450335465415795
ILMN_3309664	MIR300	6.918121699817334
ILMN_3308385	MIR301A	0.9124539150166638
ILMN_3309579	MIR301B	0.0
ILMN_3308823	MIR302A	1.3796023719455708
ILMN_3308768	MIR302B	1.0945169106173889
ILMN_3308265	MIR302C	2.6149607323181843
ILMN_3310558	MIR302D	2.311049016076886
ILMN_3310181	MIR302E	0.24955327309568764
ILMN_3309939	MIR302F	1.2248820833271976
ILMN_3308525	MIR30A	1.0059466556112104
ILMN_3308370	MIR30B	1.9681792823725368
ILMN_3310815	MIR30C1	1.2046473965994033
ILMN_3310509	MIR30C2	0.0
ILMN_3308996	MIR30D	0.6948330463510084
ILMN_3309569	MIR30E	0.8857471910453568
ILMN_3308078	MIR31	1.6167305235209157
ILMN_1882512	MIR3142HG	0.11057387290899517
ILMN_3310070	MIR32	2.740359978611744
ILMN_3309099	MIR320A	4.512981966945993
ILMN_3309364	MIR320B1	1.5719757745885667
ILMN_3308886	MIR320B2	0.0
ILMN_3311125	MIR320C1	1.6306647723095045
ILMN_3310256	MIR323A	0.2830436772937619
ILMN_3309774	MIR324	1.4555570308269579
ILMN_3309985	MIR325	0.39099217416663673
ILMN_3310980	MIR326	3.6033642659786302
ILMN_3308173	MIR328	0.8819228872269044
ILMN_3308158	MIR330	7.565186574639232
ILMN_3308580	MIR331	2.8159275672462107
ILMN_3311110	MIR335	4.186169096570791
ILMN_3308415	MIR337	2.283122043240337
ILMN_3311040	MIR338	0.0
ILMN_3309189	MIR339	0.47774160605977717
ILMN_3308255	MIR33A	1.2187713776431586
ILMN_3311070	MIR33B	0.6338733905605751
ILMN_3309494	MIR340	0.6911471494066047
ILMN_3310301	MIR342	3.7499605715673905
ILMN_3310386	MIR345	7.09074761268657
ILMN_3308748	MIR346	2.5953737353792197
ILMN_3308455	MIR34A	1.2286928617030999
ILMN_3308921	MIR34B	1.027738887287612
ILMN_3310653	MIR361	3.8250292014918172
ILMN_3310206	MIR362	0.6386249447323257
ILMN_3309960	MIR363	2.392294128881699
ILMN_3309443	MIR365A	2.6080020765663265
ILMN_3310366	MIR365B	2.585738222101172
ILMN_3310800	MIR367	1.3832743338463933
ILMN_3310000	MIR369	2.261503006705244
ILMN_3308713	MIR370	1.1626055552687586
ILMN_3308956	MIR371A	3.5348288732568456
ILMN_3309438	MIR372	1.4154560247146373
ILMN_3309829	MIR373	5.315693381623725
ILMN_3308617	MIR374A	0.5969137051364654
ILMN_3309539	MIR374B	0.08703138600332105
ILMN_3311060	MIR375	2.973646478342024
ILMN_3308465	MIR376A1	0.9815804202973809
ILMN_3309674	MIR376A2	2.182752938602652
ILMN_3310598	MIR376B	0.0
ILMN_3310885	MIR376C	0.7124734478143208
ILMN_3308763	MIR377	1.378903242906712
ILMN_3309769	MIR379	0.6457090529542344
ILMN_3309463	MIR380	0.9022355895400866
ILMN_3310523	MIR381	0.3226849212611771
ILMN_3308575	MIR382	0.2980240603430588
ILMN_3309995	MIR383	3.889409056749523
ILMN_3311050	MIR384	0.5111039671067172
ILMN_3309945	MIR409	0.0
ILMN_3310045	MIR410	0.8835955578607025
ILMN_3310191	MIR411	0.46774322091492343
ILMN_3308678	MIR412	0.8883854079872258
ILMN_3310795	MIR421	0.23383254317232785
ILMN_3310396	MIR422A	0.7747749939883882
ILMN_3308053	MIR423	3.49583051256967
ILMN_3309804	MIR424	0.7580754337990155
ILMN_3310276	MIR425	0.3407131687535132
ILMN_3309133	MIR429	1.3506119228149511
ILMN_3309844	MIR448	5.296085640539598
ILMN_3308005	MIR449A	0.3861517170070858
ILMN_3309864	MIR449B	1.056403888040396
ILMN_3310406	MIR449C	0.3375026217248203
ILMN_3310336	MIR450A1	5.1157736082581025
ILMN_3309483	MIR450A2	1.3285729726701925
ILMN_3310935	MIR450B	2.950555992582908
ILMN_3308410	MIR451A	2.9974059491291154
ILMN_3309824	MIR452	1.5075992143806485
ILMN_3308926	MIR454	3.466795022259761
ILMN_3309919	MIR455	1.2422280531667058
ILMN_3310810	MIR483	2.25673444159279
ILMN_3309764	MIR485	1.001154855287139
ILMN_3309609	MIR486-1	1.169042955611512
ILMN_3309639	MIR487A	3.754807071339046
ILMN_3308340	MIR487B	1.605433536987303
ILMN_3308778	MIR488	8.244742970193927
ILMN_3308365	MIR489	2.6713899253175435
ILMN_3311080	MIR490	1.183921017500333
ILMN_3310261	MIR491	0.9572889093966102
ILMN_3308430	MIR493	0.49108437775170066
ILMN_3309394	MIR494	0.27965910102665764
ILMN_3309209	MIR495	1.4930398647593541
ILMN_3308425	MIR496	0.18351730739651775
ILMN_3308480	MIR497	0.0
ILMN_3309011	MIR498	4.964049226080918
ILMN_3309619	MIR499A	0.5733428940821671
ILMN_3309404	MIR503	0.699786995921008
ILMN_1673409	MIR503HG	6.025837729761128
ILMN_3309869	MIR504	1.2287950544188957
ILMN_3310381	MIR505	3.2665240016796173
ILMN_3310246	MIR506	1.0792473243503549
ILMN_3311000	MIR507	5.511747308568094
ILMN_3310476	MIR508	1.9020530016924162
ILMN_3309724	MIR509-2	1.0273070945592342
ILMN_3309214	MIR509-3	0.969488234023144
ILMN_3310690	MIR510	0.2361442573293294
ILMN_3310715	MIR512-2	2.2054565306045952
ILMN_3308871	MIR513A2	0.5139251440909448
ILMN_3308178	MIR514A2	0.8441096838626717
ILMN_3308230	MIR515-2	1.078757575433326
ILMN_3308400	MIR516A1	0.7250615284087661
ILMN_3308035	MIR517B	1.7562853648613876
ILMN_3310710	MIR518E	1.7609090712634254
ILMN_3308657	MIR518F	0.0
ILMN_3310760	MIR519A2	0.440863299331389
ILMN_3309414	MIR519B	0.988863202467754
ILMN_3310126	MIR519D	2.7469390878792694
ILMN_3310930	MIR519E	2.813656044239637
ILMN_3308856	MIR520H	0.3584772315032098
ILMN_3309158	MIR521-2	0.23023545446015048
ILMN_3308585	MIR523	0.7421967605971881
ILMN_3308245	MIR524	0.48879063180769594
ILMN_3308861	MIR525	0.39269785447530214
ILMN_3308108	MIR526A2	0.2463898941715811
ILMN_3308647	MIR532	0.7989441798433337
ILMN_3310975	MIR539	0.23615937609073653
ILMN_3310060	MIR541	1.160599434080483
ILMN_3310211	MIR542	3.508148066527118
ILMN_3309123	MIR543	0.8644984576932894
ILMN_3309669	MIR544A	0.3887988854873812
ILMN_3308330	MIR545	0.6256312926537152
ILMN_3310683	MIR548A1	0.7764119850047814
ILMN_3309259	MIR548A2	1.1396053383286822
ILMN_3310020	MIR548A3	0.0
ILMN_3309980	MIR548B	0.5418019759953836
ILMN_3309006	MIR548C	0.0
ILMN_3308350	MIR548E	0.9004552225277774
ILMN_3310990	MIR548F1	1.1052671646801355
ILMN_3309794	MIR548F2	0.308713143637248
ILMN_3310241	MIR548F3	0.0
ILMN_3310226	MIR548F4	0.5752593886119138
ILMN_3310945	MIR548F5	0.8915190410011208
ILMN_3310553	MIR548G	2.068434925848996
ILMN_3309565	MIR548H1	0.44998681459053597
ILMN_3308668	MIR548H3	2.3391731711602026
ILMN_3308250	MIR548H4	0.0
ILMN_3308540	MIR548I1	3.2352060424449403
ILMN_3308843	MIR548I2	0.38526930558919953
ILMN_3308285	MIR548I4	0.777470569567321
ILMN_3308020	MIR548J	1.2397938806708728
ILMN_3308495	MIR548K	3.561287956842843
ILMN_3308450	MIR548L	0.39876600664000944
ILMN_3308300	MIR548M	0.9937774082487719
ILMN_3309519	MIR548N	1.4958016455216347
ILMN_3310266	MIR548O	2.331556643447883
ILMN_3311120	MIR548P	0.33998876911573084
ILMN_3310578	MIR548Q	0.6278831880281913
ILMN_3309899	MIR549A	0.0
ILMN_3307997	MIR550A2	3.5592159891549904
ILMN_3310668	MIR551A	2.964496870076005
ILMN_3311090	MIR551B	2.532723859752999
ILMN_3308838	MIR552	0.0
ILMN_3310900	MIR553	1.070812201012263
ILMN_3309970	MIR554	1.5714735942211815
ILMN_3310231	MIR555	0.25213063885623255
ILMN_3309148	MIR556	0.0
ILMN_3309269	MIR557	5.6511307207696015
ILMN_3308818	MIR558	2.1175595566600056
ILMN_3309299	MIR559	1.2254030215093918
ILMN_3308652	MIR561	3.7812698763366215
ILMN_3309809	MIR562	1.4398259542500942
ILMN_3309489	MIR563	1.075418386496225
ILMN_3308490	MIR564	7.0059944299184975
ILMN_3310436	MIR567	0.1988303198826692
ILMN_3309324	MIR568	2.9138035361245955
ILMN_3309799	MIR569	4.591702056675998
ILMN_3309889	MIR570	1.2417834229560827
ILMN_3310108	MIR571	2.8229088666082482
ILMN_3310466	MIR572	2.8779454137936704
ILMN_3310705	MIR573	1.9494517800015874
ILMN_3309514	MIR574	0.34697490850650725
ILMN_3309153	MIR575	0.0
ILMN_3308602	MIR576	4.91040798164692
ILMN_3310870	MIR577	4.209862500892505
ILMN_3310995	MIR578	1.2467592115038901
ILMN_3310311	MIR579	0.8408851753176365
ILMN_3309734	MIR580	0.0
ILMN_3310860	MIR581	1.7773701585792017
ILMN_3308280	MIR582	1.0580793081615951
ILMN_3308200	MIR583	1.8476703896987976
ILMN_3308440	MIR584	0.7353013734322773
ILMN_3310538	MIR585	0.5482283077546003
ILMN_3310113	MIR586	10.29897465363031
ILMN_3310471	MIR587	0.1734367018093318
ILMN_3309314	MIR588	1.367636810038799
ILMN_3308083	MIR589	0.38403962167803024
ILMN_3308345	MIR590	0.5794350565548508
ILMN_3309069	MIR591	3.893113941929234
ILMN_3310341	MIR592	1.1609512498680101
ILMN_3310176	MIR593	1.177728811082669
ILMN_3309879	MIR595	1.0910874718335026
ILMN_3308215	MIR596	0.0
ILMN_3308642	MIR597	0.4949773750973819
ILMN_3310568	MIR598	2.7126486617031436
ILMN_3308813	MIR599	7.682344894378825
ILMN_3310518	MIR601	0.3980609927167504
ILMN_3310780	MIR602	0.9024404606424575
ILMN_3310820	MIR603	2.457236194301049
ILMN_3309744	MIR604	4.578143169557278
ILMN_3310136	MIR605	0.0
ILMN_3310563	MIR606	1.3388067728995325
ILMN_3308607	MIR607	7.578417979432033
ILMN_3308235	MIR608	0.4401418767851408
ILMN_3309399	MIR609	1.0781713810843252
ILMN_3309169	MIR610	0.5521994805905736
ILMN_3308500	MIR611	5.7969436285912685
ILMN_3308148	MIR612	0.510499022856023
ILMN_3310678	MIR613	0.5814163557903999
ILMN_3310080	MIR614	0.7879081855323079
ILMN_3308941	MIR616	0.5682738378173776
ILMN_3308632	MIR617	1.3515943593436823
ILMN_3308195	MIR618	0.2548656252369143
ILMN_3309239	MIR620	0.8962944278003383
ILMN_3310588	MIR623	0.7620636870180709
ILMN_3308673	MIR624	0.797709054930813
ILMN_3310805	MIR625	0.7184568440941623
ILMN_3310790	MIR626	0.2831495624294893
ILMN_3310161	MIR627	1.0111259088722084
ILMN_3309719	MIR628	0.25224012376934873
ILMN_3310121	MIR629	0.5534970689610296
ILMN_3308637	MIR630	5.770890200328985
ILMN_3310015	MIR631	2.1217630229856512
ILMN_3309554	MIR632	0.38434874839088895
ILMN_3310925	MIR633	0.9436833746122791
ILMN_3310633	MIR634	1.9919869539507797
ILMN_3308728	MIR635	5.902814752753849
ILMN_3308360	MIR636	2.6853454883327044
ILMN_3309509	MIR637	3.3220839090112015
ILMN_3309128	MIR638	2.3887978956370564
ILMN_3310514	MIR639	0.3241553212150508
ILMN_3309344	MIR640	0.7838839961316341
ILMN_3308190	MIR641	0.18920287116450282
ILMN_3308445	MIR642A	0.8282628317065625
ILMN_3311095	MIR643	3.2290822520071214
ILMN_3309950	MIR644A	4.49786500897932
ILMN_3310291	MIR645	3.4338585795866483
ILMN_3309574	MIR646	3.074609023996624
ILMN_3309254	MIR647	0.07229968283958128
ILMN_3308848	MIR648	0.5978732951401076
ILMN_3310895	MIR649	0.22691623474635633
ILMN_3310504	MIR651	0.7494707879776225
ILMN_3309369	MIR652	1.3828897346180835
ILMN_3309784	MIR653	0.9977158010865094
ILMN_3309026	MIR654	0.3597412360209185
ILMN_3308470	MIR655	0.2765831911606948
ILMN_3307992	MIR656	0.26931794231177136
ILMN_3310750	MIR657	4.433795392501825
ILMN_3310481	MIR658	3.560100636498165
ILMN_3309749	MIR659	0.3399872284730605
ILMN_3309914	MIR660	0.9784997630488653
ILMN_3311115	MIR663B	4.4572661507900255
ILMN_3310663	MIR665	4.694521318446591
ILMN_3309929	MIR668	0.3139708801034403
ILMN_3310825	MIR670	0.25118407626260825
ILMN_3309975	MIR7-1	4.269874767318743
ILMN_3310648	MIR7-2	1.5148451204594615
ILMN_3310040	MIR7-3	0.0
ILMN_3310875	MIR708	4.6276230325976035
ILMN_3310740	MIR718	0.512803996963865
ILMN_3310970	MIR744	1.4464051185128488
ILMN_3310955	MIR758	3.854003836577739
ILMN_3310533	MIR759	0.4882192741134916
ILMN_3310055	MIR760	2.084284136754271
ILMN_3310118	MIR761	1.5931275734922339
ILMN_3308240	MIR764	1.2150636281566982
ILMN_3308570	MIR765	0.44126352655994355
ILMN_3308530	MIR766	2.5372119138146405
ILMN_3308143	MIR767	0.0
ILMN_3309604	MIR769	0.19737147585422263
ILMN_3308010	MIR770	0.7433445054469882
ILMN_3308405	MIR802	0.28284137280796434
ILMN_3310735	MIR873	0.07175629236244098
ILMN_3310431	MIR874	0.223744617075627
ILMN_3310103	MIR875	3.582203680071854
ILMN_3310005	MIR876	0.43377997458537426
ILMN_3309544	MIR877	4.765677962866595
ILMN_3309329	MIR885	1.2843414349188296
ILMN_3308058	MIR887	0.6371011703466876
ILMN_3310456	MIR888	0.0
ILMN_3310548	MIR889	1.1601918017629362
ILMN_3309704	MIR890	2.336326639644141
ILMN_3310915	MIR891A	0.47468531188084856
ILMN_3310286	MIR891B	0.1805937015290837
ILMN_3309229	MIR892A	2.6543193577286948
ILMN_3308390	MIR892B	1.2011065841491562
ILMN_3309143	MIR9-1	2.1679161568425633
ILMN_3308420	MIR9-3	1.3801348925873123
ILMN_3309184	MIR920	1.0923245267617732
ILMN_3310628	MIR921	0.28135323647879756
ILMN_3308853	MIR924	0.5434833688917927
ILMN_1747678	MIR924HG	1.9454266690514659
ILMN_3308733	MIR92A2	1.7585239807789417
ILMN_3309319	MIR92B	0.06196102400348827
ILMN_3309059	MIR93	1.5066455018122957
ILMN_3308550	MIR933	2.5392936524786625
ILMN_3308793	MIR934	0.4216262823816968
ILMN_3310296	MIR937	1.5060485403556905
ILMN_3310098	MIR938	0.0
ILMN_3310371	MIR939	4.307920093102403
ILMN_3309219	MIR940	0.9641355537523313
ILMN_3308163	MIR941-2	0.5879831936719588
ILMN_3308063	MIR942	0.2778494839331376
ILMN_3310658	MIR943	2.34059991795568
ILMN_3308587	MIR944	1.5091629451314656
ILMN_3310583	MIR95	1.3842699302563333
ILMN_3309504	MIR96	0.40905748700857414
ILMN_3308592	MIR98	5.55991794699942
ILMN_3308891	MIR99A	0.0
ILMN_1690703	MIR99AHG	10.279305684931881
ILMN_3310166	MIR99B	2.9470922264454544
ILMN_3311100	MIRLET7A1	3.589429574555677
ILMN_3310131	MIRLET7A2	0.0
ILMN_3309179	MIRLET7C	0.0
ILMN_3309739	MIRLET7D	2.2090134799356114
ILMN_3310281	MIRLET7E	0.24847550018976516
ILMN_3309423	MIRLET7F1	3.8493350651449902
ILMN_3309965	MIRLET7F2	1.427510810736966
ILMN_3308153	MIRLET7G	1.1548909879095088
ILMN_3309204	MIRLET7I	3.1224362630700386
ILMN_1718069	MIS12	10.726347322495977
ILMN_1712386	MIS18A	6.554552125226661
ILMN_1666208	MIS18BP1	7.376106440877333
ILMN_1683905	MISP	6.056094881715801
ILMN_1803673	MISP3	7.669446822974527
ILMN_1677133	MITD1	7.271585361019787
ILMN_2304186	MITF	4.888284071288801
ILMN_1668969	MIXL1	0.422487182604624
ILMN_1734827	MKI67	2.1830829318383924
ILMN_1718718	MKKS	9.884205975707905
ILMN_1651767	MKL1	5.501051219520437
ILMN_1690807	MKL2	1.4617675481632502
ILMN_1742578	MKLN1	10.111204875100386
ILMN_1750429	MKNK1	7.19451196622521
ILMN_2347068	MKNK2	10.836305870745337
ILMN_1671583	MKRN1	12.23094241731233
ILMN_2056760	MKRN2	10.112675371690775
ILMN_3254519	MKRN2OS	1.5141360234437726
ILMN_3307668	MKRN3	7.177066025812313
ILMN_1737953	MKS1	6.280667411800963
ILMN_1681780	MKX	3.5606989572910375
ILMN_1710217	MLANA	0.5294297536270225
ILMN_1747725	MLC1	2.650205334397071
ILMN_1657495	MLEC	10.67988362156442
ILMN_1684439	MLF1	7.819118786588568
ILMN_1671885	MLF2	10.244219882893091
ILMN_1788363	MLH1	9.399947574745083
ILMN_1693107	MLH3	3.5065577097334018
ILMN_1769789	MLIP	0.1525674511564278
ILMN_1667825	MLKL	0.10918710793340432
ILMN_1706590	MLLT1	6.26486389190775
ILMN_1743538	MLLT10	8.967154363869533
ILMN_1759097	MLLT11	13.82635881057154
ILMN_1812473	MLLT3	5.222372406393201
ILMN_1718734	MLLT6	7.587213677210656
ILMN_1685858	MLN	4.948740184086342
ILMN_1742564	MLNR	0.21586078583888516
ILMN_1795342	MLPH	1.6344047183382961
ILMN_1789240	MLST8	8.644581247275505
ILMN_2401618	MLX	7.592406118552653
ILMN_1693987	MLXIP	1.1648127389632499
ILMN_2399919	MLXIPL	6.292473441067
ILMN_1651336	MLYCD	4.189326191454284
ILMN_1754315	MMAA	4.177789535719674
ILMN_1689156	MMAB	7.0654409332710735
ILMN_1803005	MMACHC	5.416738928114808
ILMN_1810759	MMADHC	11.549923056259859
ILMN_1733937	MMD	12.279540867588926
ILMN_1700240	MMD2	0.0
ILMN_1678170	MME	6.772013042515557
ILMN_1718488	MMEL1	2.83044182998305
ILMN_1776216	MMGT1	10.683935338452661
ILMN_1726448	MMP1	3.5255600863360868
ILMN_1741847	MMP10	5.21299707552998
ILMN_1655915	MMP11	6.944046765601627
ILMN_1768035	MMP12	0.6798463626591595
ILMN_1663873	MMP13	0.0
ILMN_1774739	MMP14	5.457841916707047
ILMN_1718646	MMP15	7.1948948659594505
ILMN_1914927	MMP16	6.463544582822784
ILMN_1700213	MMP17	1.3707570860430673
ILMN_1711062	MMP19	3.5514669351510446
ILMN_1762106	MMP2	4.480916037154698
ILMN_1803714	MMP20	1.7001500547500434
ILMN_1687950	MMP21	4.06726579919447
ILMN_2317701	MMP23A	3.269503460864893
ILMN_2193325	MMP23B	7.983190812508934
ILMN_1778333	MMP24	7.60764962554951
ILMN_1717207	MMP25	3.581413993849797
ILMN_2206080	MMP26	1.0150510108919615
ILMN_1679694	MMP27	1.2243675239943315
ILMN_1752952	MMP28	2.431935819758142
ILMN_1784459	MMP3	2.9899559712805837
ILMN_1685403	MMP7	0.9474253488617004
ILMN_1876466	MMP8	2.4512188751543262
ILMN_1796316	MMP9	2.278674977723951
ILMN_1660114	MMRN1	2.7130881189708984
ILMN_1715788	MMRN2	1.4081468738249596
ILMN_2174394	MMS19	10.596848303345897
ILMN_1783075	MMS22L	5.226680610583637
ILMN_2111237	MN1	9.515122506748797
ILMN_2083243	MNAT1	6.371929183064641
ILMN_2148796	MND1	8.019564136436216
ILMN_1738992	MNDA	1.9404744921520647
ILMN_2157240	MNS1	3.4407563356468427
ILMN_1792910	MNT	8.813055282589398
ILMN_3240365	MNX1	4.174201469206888
ILMN_1804988	MOAP1	11.100044622173373
ILMN_3242011	MOB1A	7.705961821620238
ILMN_1793349	MOB1B	5.329446812629401
ILMN_1706273	MOB2	8.244226677870186
ILMN_1721344	MOB3A	6.5572966775936665
ILMN_1717046	MOB3B	4.125039804538248
ILMN_1798288	MOB3C	6.256941615663821
ILMN_1733356	MOB4	10.577371102452009
ILMN_2298464	MOBP	3.009831573854885
ILMN_1673522	MOCOS	4.005145848114162
ILMN_2323801	MOCS1	7.485065291731993
ILMN_2274923	MOCS2	8.237102797496888
ILMN_1766652	MOCS3	0.5154907816139683
ILMN_2310001	MOG	2.2439106654009584
ILMN_1765971	MOGAT1	0.0
ILMN_1693891	MOGAT2	2.8372728262658917
ILMN_1694634	MOGAT3	3.2965959968557086
ILMN_1727642	MOGS	7.416112963486454
ILMN_1745282	MOK	7.764386763649409
ILMN_1696151	MON1A	6.012673797691938
ILMN_1771651	MON1B	7.144439642467077
ILMN_1697200	MON2	7.8142288827257325
ILMN_1808970	MORC1	1.5517077191236825
ILMN_2103591	MORC2	7.026511865975522
ILMN_3196690	MORC2-AS1	6.556136989503634
ILMN_1783702	MORC3	7.087722819333162
ILMN_1795463	MORC4	4.451665228183191
ILMN_1760676	MORF4L1	12.975305151973481
ILMN_1666156	MORF4L2	13.450332080306227
ILMN_1876729	MORF4L2-AS1	4.405484709251334
ILMN_1655161	MORN1	0.9450214242815438
ILMN_1777934	MORN3	3.155879963932749
ILMN_1788878	MORN4	9.295906583289055
ILMN_1748642	MORN5	0.38808294811627153
ILMN_1760479	MOS	5.1367923610809205
ILMN_1727798	MOSPD1	5.861221410189219
ILMN_1766094	MOSPD2	6.746011956572399
ILMN_1805345	MOSPD3	7.8476779017053
ILMN_1725700	MOV10	6.889023435078278
ILMN_1756211	MOV10L1	3.7433942688720347
ILMN_1687501	MOXD1	9.62380571090453
ILMN_3236116	MOXD2P	3.169767594363884
ILMN_2226324	MPC1	10.614998695102352
ILMN_1689432	MPC1L	1.7958348875545702
ILMN_1727813	MPC2	11.181670282032938
ILMN_1655654	MPDU1	8.714840590664414
ILMN_1707649	MPDZ	7.107941561568257
ILMN_1752355	MPEG1	5.394852708635214
ILMN_2371251	MPG	8.274719936800839
ILMN_1652085	MPHOSPH10	9.4600452688741
ILMN_1781360	MPHOSPH6	6.9056054302397305
ILMN_2054213	MPHOSPH8	4.872429775567483
ILMN_1654421	MPHOSPH9	7.3312997475143815
ILMN_1761262	MPI	7.814446400190778
ILMN_1776640	MPL	1.244853179192999
ILMN_1745119	MPLKIP	9.849860180198146
ILMN_2193214	MPND	6.649724655882237
ILMN_1705183	MPO	1.0483084484907195
ILMN_1733675	MPP1	8.230257643047636
ILMN_1654217	MPP2	8.844820306682633
ILMN_1724754	MPP3	7.387092181912244
ILMN_1705579	MPP4	0.0
ILMN_1750689	MPP5	7.306527167169617
ILMN_1679995	MPP6	5.490097953476373
ILMN_1721774	MPP7	2.619757413125735
ILMN_1776515	MPPE1	9.777616490835262
ILMN_1716362	MPPED1	2.4411642604697885
ILMN_2148193	MPPED2	5.918086826932613
ILMN_1774547	MPRIP	9.814247262364496
ILMN_1764596	MPST	9.641848908889378
ILMN_1691090	MPV17	8.920247344169075
ILMN_1654722	MPV17L	2.453788169763558
ILMN_1757134	MPV17L2	6.8847529582889875
ILMN_1810937	MPZ	2.193144892932439
ILMN_2386008	MPZL1	9.48837540946559
ILMN_1752932	MPZL2	3.8927730095991646
ILMN_1795739	MPZL3	1.9850869220010512
ILMN_2167416	MR1	0.0
ILMN_1659769	MRAP	0.4720623649761042
ILMN_1794829	MRAP2	7.139086854258321
ILMN_1748881	MRAS	6.137382191280044
ILMN_2203926	MRC1	0.8443337416561696
ILMN_1783946	MRC2	6.058688586485307
ILMN_1658636	MRE11A	5.763563463533571
ILMN_1713679	MREG	6.166162874136492
ILMN_2055165	MRFAP1	12.715426101315314
ILMN_1689774	MRFAP1L1	11.592094259324059
ILMN_1790136	MRGBP	9.991976367884483
ILMN_1714980	MRGPRD	3.8263661327506777
ILMN_2195015	MRGPRE	1.0298819230346703
ILMN_2075603	MRGPRF	1.143662099696884
ILMN_3299421	MRGPRG	1.2204970359688565
ILMN_3306978	MRGPRG-AS1	2.969580561246429
ILMN_1773156	MRGPRX1	0.4404029257862412
ILMN_2155932	MRGPRX2	2.7113742294736736
ILMN_1773546	MRGPRX3	1.4823885194834265
ILMN_1722227	MRGPRX4	2.3213074349284297
ILMN_1732089	MRI1	10.349482030931473
ILMN_1793643	MRM1	1.2262255513227587
ILMN_1815933	MRM2	6.65789409850239
ILMN_1689652	MRM3	7.626629729239041
ILMN_1800874	MRO	0.6033883533196923
ILMN_3185707	MROH1	1.9575765801202365
ILMN_3242934	MROH2B	0.9605958871075156
ILMN_1663010	MROH5	3.775360841188837
ILMN_3247556	MROH6	0.9081805861486898
ILMN_1792551	MROH7	1.4988923319271368
ILMN_1780356	MROH8	5.628403452468824
ILMN_1677974	MROH9	0.8792306683966674
ILMN_2076658	MRPL1	9.561189294749601
ILMN_2396002	MRPL10	9.263774787347627
ILMN_2316540	MRPL11	10.907778913390873
ILMN_1699603	MRPL12	9.345423163496191
ILMN_1671158	MRPL13	10.672165008229873
ILMN_2072603	MRPL14	10.744715390122266
ILMN_2103720	MRPL15	9.99973167526429
ILMN_1730685	MRPL16	8.811081949594906
ILMN_1797933	MRPL17	11.612274728883209
ILMN_1804479	MRPL18	11.000996988192997
ILMN_1771149	MRPL19	8.372774290810543
ILMN_1763264	MRPL2	8.432496666015593
ILMN_2189424	MRPL20	9.910577774231193
ILMN_2348050	MRPL21	11.141147131866383
ILMN_1748819	MRPL22	11.51047524396715
ILMN_1806123	MRPL23	10.277268326187196
ILMN_3244224	MRPL23-AS1	2.3195758217999893
ILMN_1695576	MRPL24	10.78834920041568
ILMN_1694950	MRPL28	8.437914010289628
ILMN_1713143	MRPL3	11.515379327227853
ILMN_1766154	MRPL30	10.2238408498794
ILMN_1749432	MRPL32	12.033975728358817
ILMN_1706326	MRPL33	13.032615333364163
ILMN_1783681	MRPL34	10.504195237662676
ILMN_2341952	MRPL35	9.14850051821793
ILMN_1800197	MRPL36	11.375170137114075
ILMN_2041327	MRPL37	11.996539837286134
ILMN_1719656	MRPL38	8.853224527149417
ILMN_1726391	MRPL39	9.648079654157327
ILMN_2352042	MRPL4	7.946688903640182
ILMN_1687403	MRPL40	9.659837582974012
ILMN_1705464	MRPL41	11.386421308526861
ILMN_2356895	MRPL42	9.796702669570308
ILMN_2042343	MRPL42P5	4.892625947358225
ILMN_2258774	MRPL43	11.165998708990005
ILMN_1671452	MRPL44	10.167157040249007
ILMN_1748650	MRPL45	11.489787487652107
ILMN_1722838	MRPL46	9.72794647245285
ILMN_2391522	MRPL47	8.831555640948876
ILMN_1773369	MRPL48	8.725095902893733
ILMN_1681324	MRPL49	8.691427316051591
ILMN_1664833	MRPL50	10.430286585691286
ILMN_2097421	MRPL51	12.119508188905357
ILMN_2311041	MRPL52	9.552147850163026
ILMN_1813682	MRPL53	11.103565421026685
ILMN_1658486	MRPL54	11.749457614182859
ILMN_2348090	MRPL55	9.88908656188378
ILMN_2203807	MRPL57	7.517606447190976
ILMN_2182198	MRPL58	9.00873331362993
ILMN_1773716	MRPL9	9.106454719891865
ILMN_1663664	MRPS10	9.780158715643234
ILMN_1722905	MRPS11	10.244593329336334
ILMN_2371964	MRPS12	12.197530187759371
ILMN_1779423	MRPS14	6.575405241874857
ILMN_1680703	MRPS15	10.686114235959556
ILMN_1775744	MRPS16	9.110401172783773
ILMN_1804851	MRPS17	10.05374353598658
ILMN_1730391	MRPS18A	8.787233086100988
ILMN_2121282	MRPS18B	10.48674136439037
ILMN_1658416	MRPS18C	11.810662417421483
ILMN_1815043	MRPS2	9.149613820079903
ILMN_1655765	MRPS21	12.848180995008244
ILMN_1655377	MRPS22	11.128077001941994
ILMN_1687359	MRPS23	9.226759911724132
ILMN_1802553	MRPS24	11.873164959792751
ILMN_1798826	MRPS25	9.319796915080282
ILMN_1676026	MRPS26	10.852973694529602
ILMN_1711414	MRPS27	10.300656737205202
ILMN_1718424	MRPS28	9.183770940404706
ILMN_1726743	MRPS30	10.374941119791805
ILMN_1654552	MRPS31	9.436188277435578
ILMN_2090567	MRPS31P5	6.018931057017386
ILMN_1741264	MRPS33	11.059836815502829
ILMN_2210482	MRPS34	8.58872906590995
ILMN_2189993	MRPS35	9.808095690130909
ILMN_1807095	MRPS36	6.904727201193613
ILMN_1760441	MRPS5	10.000860002009853
ILMN_1723874	MRPS6	13.03640823026749
ILMN_1813389	MRPS7	9.710838755506154
ILMN_1813207	MRPS9	10.074846537706984
ILMN_1680675	MRRF	9.39481097096633
ILMN_1778677	MRS2	7.582666621706125
ILMN_3238254	MRS2P2	0.8907815989241569
ILMN_1689800	MRTO4	7.744231977401494
ILMN_1798493	MRVI1	3.0661821658322244
ILMN_3181347	MRVI1-AS1	4.73136253265146
ILMN_2401714	MS4A1	5.141579453510926
ILMN_1794921	MS4A10	1.1991126749140932
ILMN_1731529	MS4A12	2.875815261978199
ILMN_2233689	MS4A13	2.9100033489873947
ILMN_1726189	MS4A14	0.7238966390216196
ILMN_1721088	MS4A15	0.1816043952778733
ILMN_1806721	MS4A2	2.262939008560728
ILMN_1695530	MS4A3	2.9048611267323814
ILMN_1741712	MS4A4A	2.524039396691098
ILMN_1752169	MS4A5	0.3334641566481212
ILMN_2359800	MS4A6A	3.4409195439966305
ILMN_1759933	MS4A6E	0.19735655129669535
ILMN_2331087	MS4A7	3.8618255671175956
ILMN_1808249	MS4A8	0.20317254785357722
ILMN_1773148	MSANTD2	6.216385764758939
ILMN_1714278	MSANTD3	9.201258739305176
ILMN_1801124	MSANTD4	10.135758960619906
ILMN_1741404	MSC	2.340926921980815
ILMN_3203916	MSC-AS1	1.3943185859418719
ILMN_1809435	MSGN1	3.6234238767767573
ILMN_1737413	MSH2	5.465705396705052
ILMN_2077130	MSH3	15.342516891357704
ILMN_1653146	MSH4	3.7447327681861893
ILMN_1810834	MSH5	5.6403721736631836
ILMN_1729051	MSH6	10.444173059299649
ILMN_1739601	MSI1	8.77476212794144
ILMN_1804448	MSI2	9.65882841664673
ILMN_3245973	MSL1	7.344365874820717
ILMN_3236373	MSL2	5.4237047250694275
ILMN_3226505	MSL3	8.197536545323914
ILMN_1678526	MSL3P1	0.2178443587552177
ILMN_2353161	MSLN	2.72745619743921
ILMN_1790906	MSMB	1.9622286699939018
ILMN_1720889	MSMO1	12.88903185440783
ILMN_2115135	MSMP	2.2982300684129493
ILMN_1659895	MSN	10.471030220265071
ILMN_1694400	MSR1	1.8621325687895849
ILMN_2228180	MSRA	6.297429381623469
ILMN_1719661	MSRB1	8.84178536707528
ILMN_1657977	MSRB2	12.38073574165494
ILMN_1676088	MSRB3	5.23674335740611
ILMN_2120547	MSS51	3.271762823635404
ILMN_1707464	MST1	9.418090928636728
ILMN_1688154	MST1R	0.0
ILMN_1780516	MSTN	1.5020359704390207
ILMN_1707337	MSTO1	6.145060420931888
ILMN_3238837	MSTO2P	2.393889538439068
ILMN_1777397	MSX1	7.424798794473143
ILMN_1766951	MSX2	3.511062202832274
ILMN_1688723	MSX2P1	2.500719482912633
ILMN_1691156	MT1A	8.549260418360342
ILMN_1733758	MT1B	2.595129250738417
ILMN_2173611	MT1E	4.895293297121379
ILMN_1718766	MT1F	9.941512926057692
ILMN_1715401	MT1G	0.4984067577314977
ILMN_2124802	MT1H	5.826965924139376
ILMN_3245209	MT1IP	3.7587052145895115
ILMN_1747409	MT1L	3.415225249435521
ILMN_1657435	MT1M	0.9582764640533684
ILMN_1775170	MT1X	7.87595885063173
ILMN_1686664	MT2A	7.820810717593478
ILMN_1675947	MT3	8.453553683363703
ILMN_1745345	MT4	0.5215109119502334
ILMN_1671911	MTA1	9.776577388806981
ILMN_1773763	MTA2	7.59905592469805
ILMN_1768751	MTA3	9.937990473148623
ILMN_1753639	MTAP	7.70130186368145
ILMN_1660222	MTBP	3.9622475190869975
ILMN_1703006	MTCH1	13.705209943286448
ILMN_1785218	MTCH2	7.796896461069423
ILMN_1705562	MTCL1	3.373345248373809
ILMN_1810838	MTDH	8.825556687181557
ILMN_2099249	MTERF1	5.688027944558676
ILMN_2388517	MTERF2	2.3349337501695873
ILMN_2044617	MTERF3	8.315427901182117
ILMN_1689899	MTERF4	5.412217573315612
ILMN_1763828	MTF1	7.075079526095993
ILMN_1733615	MTF2	8.95194775399128
ILMN_1672884	MTFMT	7.74795973713555
ILMN_2355665	MTFP1	10.731487752606911
ILMN_1774028	MTFR1	8.093476644186126
ILMN_3264466	MTFR1L	8.127416507881346
ILMN_1697998	MTFR2	5.7176417561804
ILMN_1775328	MTG1	0.2719506665617761
ILMN_1769014	MTG2	4.303805990299321
ILMN_1785324	MTHFD1	4.865862599765632
ILMN_1772521	MTHFD1L	8.500302051648736
ILMN_1674706	MTHFD2	10.66741200976562
ILMN_1734830	MTHFR	6.0100394586206
ILMN_1772302	MTHFS	7.605283792433473
ILMN_1797046	MTHFSD	3.751626566017969
ILMN_1765520	MTIF2	9.362904864613975
ILMN_1718271	MTIF3	9.849129764228879
ILMN_1686985	MTM1	5.83728929375449
ILMN_1660976	MTMR1	4.3451006431161785
ILMN_1778734	MTMR10	9.845625283111774
ILMN_1769299	MTMR11	7.618852768983842
ILMN_1802831	MTMR12	6.389363505732592
ILMN_1659240	MTMR14	9.295079638358606
ILMN_1659952	MTMR2	10.178797851327303
ILMN_1739641	MTMR3	8.565490750115574
ILMN_1771019	MTMR4	9.834516996783934
ILMN_1717180	MTMR6	8.959611570416948
ILMN_1787658	MTMR7	8.0133529358859
ILMN_1710652	MTMR8	0.6746462511261422
ILMN_1652521	MTMR9	9.816643144738835
ILMN_3290174	MTMR9LP	3.829031542313881
ILMN_1708845	MTNR1A	2.6109218662652443
ILMN_1811678	MTNR1B	3.1979456672875877
ILMN_2380740	MTO1	9.131242004870636
ILMN_1769031	MTOR	7.859989938499628
ILMN_1742569	MTPAP	8.955367363569295
ILMN_2180682	MTPN	12.219852239565801
ILMN_1670801	MTR	8.276570994048043
ILMN_2181992	MTRF1	3.72741692549787
ILMN_2175474	MTRF1L	9.414280345467397
ILMN_1718932	MTRR	7.9240298687925765
ILMN_2073289	MTSS1	10.447987635366719
ILMN_1780299	MTSS1L	2.6440379374413707
ILMN_1774742	MTTP	6.443721692574933
ILMN_1672605	MTURN	11.863059154810841
ILMN_2346727	MTUS1	5.626385609824766
ILMN_1753169	MTUS2	0.8153611907706275
ILMN_1667222	MTX1	8.396401956552822
ILMN_2306565	MTX2	10.892786036381535
ILMN_1679071	MTX3	8.780405582075415
ILMN_1756992	MUC1	7.739060378309176
ILMN_1799020	MUC12	6.852204646263954
ILMN_1651568	MUC13	0.9094620419117049
ILMN_1793537	MUC15	1.7537244443853905
ILMN_2125346	MUC16	3.321050070830345
ILMN_1724375	MUC17	1.1069583167809618
ILMN_2205622	MUC2	3.9458408095566373
ILMN_3240456	MUC21	2.0590618941884635
ILMN_1792039	MUC4	5.262143312963527
ILMN_1786343	MUC5B	4.683847285158292
ILMN_1727875	MUC6	3.963725685878144
ILMN_1798931	MUC7	0.42275210187234213
ILMN_1810978	MUCL1	2.392031731998856
ILMN_3235168	MUL1	10.436196981512856
ILMN_1764764	MUM1	10.202178610194503
ILMN_2124241	MUM1L1	4.920375603378626
ILMN_1654854	MURC	4.238338102979216
ILMN_1780937	MUS81	7.6113560090627
ILMN_1791190	MUSK	2.722250301709831
ILMN_1773814	MUSTN1	7.251346463492747
ILMN_1785113	MUT	9.80168540800751
ILMN_1714438	MUTYH	9.280266740880613
ILMN_2121207	MVB12A	10.504556629871546
ILMN_1652525	MVB12B	9.231552665622376
ILMN_1657550	MVD	9.375806833362388
ILMN_1786310	MVK	6.808196766911365
ILMN_1803277	MVP	7.91881696974151
ILMN_1662358	MX1	6.50483008734793
ILMN_2231928	MX2	1.4914352100080892
ILMN_2214678	MXD1	9.719859905456405
ILMN_1711904	MXD3	7.9726062354059435
ILMN_1756541	MXD4	11.018519454995056
ILMN_1794074	MXI1	8.483984799481382
ILMN_1803213	MXRA5	8.033346511400097
ILMN_1692077	MXRA7	9.546124516446767
ILMN_2068257	MXRA8	5.842551197586896
ILMN_2308849	MYADM	10.621476793852118
ILMN_1737513	MYADML	2.3920355284015407
ILMN_1711894	MYB	3.0303144464809417
ILMN_1806757	MYBBP1A	1.6681298546950536
ILMN_3241046	MYBL1	1.5456836849948041
ILMN_1709020	MYBL2	1.540616220059892
ILMN_2330170	MYBPC1	3.0528192963415646
ILMN_1799743	MYBPC2	0.0
ILMN_1781184	MYBPC3	3.7957691454985327
ILMN_1705297	MYBPH	2.8576766206296362
ILMN_1731215	MYBPHL	1.0782355246323612
ILMN_1680618	MYC	8.020386584785795
ILMN_1659620	MYCBP	0.4844436504997384
ILMN_1811972	MYCBP2	6.905158929180744
ILMN_1668649	MYCBPAP	2.7449844158934256
ILMN_1795270	MYCL	5.160742296008459
ILMN_2219767	MYCN	10.87923352734384
ILMN_3226059	MYCNOS	3.274906113815876
ILMN_2160906	MYCT1	3.7182257534320313
ILMN_1738523	MYD88	4.647067648102587
ILMN_1787844	MYDGF	10.352639961977752
ILMN_1710329	MYEF2	2.1773877843804934
ILMN_2198413	MYEOV	1.6247074958148913
ILMN_1796281	MYF5	3.7224789297120044
ILMN_1805802	MYF6	2.141792718081231
ILMN_1798923	MYH1	2.8873623562841595
ILMN_1815154	MYH10	11.179363714504985
ILMN_2368834	MYH11	0.7577495817752186
ILMN_1767090	MYH13	0.0
ILMN_2392370	MYH14	2.0125539502250827
ILMN_1797164	MYH15	0.2506287356807476
ILMN_2233339	MYH16	1.106250322003585
ILMN_1692638	MYH2	0.3599172345923269
ILMN_1795119	MYH3	1.0292338589978967
ILMN_1729251	MYH4	1.1031865178506963
ILMN_1784515	MYH6	4.027152244701635
ILMN_1669714	MYH7	4.059690734799228
ILMN_1784427	MYH7B	4.298942152775079
ILMN_1754244	MYH8	0.2448175698631915
ILMN_1722872	MYH9	9.669208894819329
ILMN_1805526	MYL1	4.264332128803311
ILMN_1694389	MYL10	2.7232420466387985
ILMN_1675848	MYL12A	10.493132401346239
ILMN_1654016	MYL12B	12.610551395030098
ILMN_1688417	MYL2	4.245089002922438
ILMN_1798992	MYL3	1.9489521603234647
ILMN_1684255	MYL4	3.707690951716397
ILMN_1746948	MYL5	7.868430063849051
ILMN_2326071	MYL6	14.982680647108085
ILMN_1713450	MYL6B	13.73289488462695
ILMN_1681857	MYL7	3.084981214725092
ILMN_1675062	MYL9	3.7800687663591668
ILMN_1656111	MYLIP	9.010351484357981
ILMN_1691476	MYLK	4.161186277370182
ILMN_2050183	MYLK2	3.785523829659484
ILMN_1718193	MYLK3	0.0
ILMN_3239568	MYLK4	2.8717875003843965
ILMN_1759962	MYLPF	0.0
ILMN_1672287	MYNN	8.629786054020759
ILMN_2232712	MYO10	6.622560669758311
ILMN_1756734	MYO15A	0.9335022981589843
ILMN_1801889	MYO16	5.985054964389903
ILMN_1780560	MYO18A	6.486845121682055
ILMN_1704245	MYO18B	0.0
ILMN_1750711	MYO19	6.689886749039798
ILMN_1704861	MYO1A	1.8708897841871304
ILMN_2093027	MYO1B	8.544595912400945
ILMN_1812616	MYO1C	5.025946686420333
ILMN_1805999	MYO1D	4.435720571710436
ILMN_1754943	MYO1E	2.2989013714421276
ILMN_1681239	MYO1F	2.18771257788999
ILMN_1692295	MYO1G	2.6611690226508378
ILMN_1845162	MYO1H	2.4976472662060223
ILMN_1765772	MYO3A	2.3263568266393846
ILMN_2096970	MYO3B	8.026312728426783
ILMN_1698225	MYO5A	5.927807660124391
ILMN_2341548	MYO5B	2.53336280240461
ILMN_1808789	MYO5C	4.202952376213457
ILMN_1727080	MYO6	8.749031308442738
ILMN_1811719	MYO7A	1.8846932366506468
ILMN_2329667	MYO7B	0.0
ILMN_2173919	MYO9A	7.595502599490634
ILMN_1672547	MYO9B	7.291629548299877
ILMN_2052335	MYOC	3.135527470723609
ILMN_1894500	MYOCD	3.886313689400913
ILMN_1740048	MYOD1	2.939964733838045
ILMN_1810289	MYOF	5.792406015523826
ILMN_1784365	MYOG	3.374136599989365
ILMN_1680344	MYOM1	4.625655779793541
ILMN_1716733	MYOM2	8.945450736130308
ILMN_1719581	MYOM3	0.6257169376146942
ILMN_1656395	MYOT	0.45337746455650857
ILMN_1731157	MYOZ1	6.343858046805628
ILMN_2041725	MYOZ2	1.7195170348564843
ILMN_1774350	MYOZ3	5.25360207705448
ILMN_1758272	MYPN	2.5596316346060424
ILMN_1704793	MYPOP	8.678163387634354
ILMN_1811437	MYRF	0.4235964517603715
ILMN_1787199	MYRFL	3.544582704397678
ILMN_1657230	MYRIP	4.069891228512149
ILMN_1721167	MYT1	9.823004096990893
ILMN_1685582	MYT1L	6.840810474566493
ILMN_3244358	MYT1L-AS1	1.8984719402906887
ILMN_2402581	MYZAP	2.9115691755634074
ILMN_2193233	MZB1	5.596755461170755
ILMN_1749838	MZF1	9.921450827677466
ILMN_3275337	MZF1-AS1	3.7054763638835375
ILMN_3243945	MZT1	10.602348003542494
ILMN_1733035	MZT2A	7.726492681015799
ILMN_1717184	MZT2B	1.0118283587151848
ILMN_2201966	N4BP1	6.076285351150155
ILMN_2222101	N4BP2	10.840981145655446
ILMN_2344650	N4BP2L1	6.18585997226953
ILMN_1737561	N4BP2L2	9.57404308525818
ILMN_1678531	N4BP3	2.923122684867012
ILMN_2315569	N6AMT1	7.491795638366416
ILMN_1721977	NAA10	10.101743840263522
ILMN_3236351	NAA11	1.360720284351174
ILMN_1669142	NAA15	6.866057341472357
ILMN_1801109	NAA16	7.835173830164844
ILMN_1689097	NAA20	11.704138139266325
ILMN_1788810	NAA25	8.48818365900926
ILMN_2128087	NAA30	6.752136201453806
ILMN_1810826	NAA35	8.106438522894416
ILMN_1691131	NAA38	10.499503715003483
ILMN_2178244	NAA40	2.3165547002955127
ILMN_2180606	NAA50	6.656541416192773
ILMN_1813423	NAA60	7.733053421191758
ILMN_1668605	NAAA	6.019411236855312
ILMN_1740024	NAALAD2	7.061538380908035
ILMN_1770963	NAALADL1	1.8705738290085625
ILMN_1808795	NAALADL2	0.846734755086342
ILMN_1774617	NAB1	7.866039376817063
ILMN_1721922	NAB2	8.161967371490709
ILMN_1785852	NABP1	6.406292009417075
ILMN_1704672	NABP2	9.681201103692429
ILMN_2167617	NACA	15.07900895113867
ILMN_2158548	NACA2	6.603329135485417
ILMN_1652246	NACAD	11.26692502570498
ILMN_2145250	NACAP1	9.855921600212577
ILMN_1658231	NACC1	4.3844727771377565
ILMN_1809522	NACC2	7.921342984578081
ILMN_1758963	NADK	6.468492154259188
ILMN_1698770	NADK2	7.7226170700520145
ILMN_1779034	NADSYN1	7.415578227988424
ILMN_1689665	NAE1	9.890128225907798
ILMN_1679891	NAF1	5.976698486114213
ILMN_1784651	NAGA	4.288863380847528
ILMN_1716547	NAGK	9.589614059433897
ILMN_1694980	NAGLU	6.661608983752956
ILMN_1675266	NAGPA	1.1285952015884548
ILMN_1758597	NAGS	3.9806326048006344
ILMN_1714148	NAIF1	7.334669445106917
ILMN_1684378	NAIP	2.247679397947252
ILMN_1736317	NALCN	3.0561217770540456
ILMN_1905045	NAMA	0.0
ILMN_1653871	NAMPT	9.203771956592504
ILMN_1659013	NANOG	0.8462215787395765
ILMN_3219380	NANOGNB	2.9346833593896373
ILMN_1752009	NANOS1	3.0763377400415592
ILMN_1694414	NANOS2	4.737845839250041
ILMN_1804007	NANOS3	9.57393286168803
ILMN_1667132	NANP	4.984937581200071
ILMN_1815874	NANS	8.017264097184581
ILMN_1699208	NAP1L1	12.118474795117548
ILMN_1703684	NAP1L2	6.662132582979762
ILMN_1785406	NAP1L3	10.935105344988896
ILMN_1804327	NAP1L4	11.16872784785989
ILMN_1773307	NAP1L5	10.612554722301864
ILMN_3221888	NAP1L6	5.398278118110148
ILMN_1713285	NAPA	6.5083460047702
ILMN_2181125	NAPB	12.220442744591997
ILMN_1762033	NAPEPLD	6.415493656785848
ILMN_1788268	NAPG	5.481936162661302
ILMN_1710752	NAPRT	8.603860557344982
ILMN_1784040	NAPSA	2.6130931375218913
ILMN_1723043	NAPSB	4.401803631394052
ILMN_2334693	NARF	11.314728723082018
ILMN_1813833	NARFL	6.541856054731557
ILMN_1732216	NARS	11.243652809063923
ILMN_1797332	NARS2	8.780037546986442
ILMN_2348975	NASP	8.038160003131123
ILMN_1743055	NAT1	0.39375177107261145
ILMN_1705594	NAT10	9.86303391723847
ILMN_1784113	NAT14	11.139942534641591
ILMN_2198859	NAT16	6.722952092455524
ILMN_1670903	NAT2	0.001006182936498448
ILMN_1765001	NAT6	5.996878353648572
ILMN_1815480	NAT8	0.7427538168306625
ILMN_1691264	NAT8B	4.4912930771442445
ILMN_3237830	NAT8L	1.0830279312121993
ILMN_1776088	NAT9	9.134604186939404
ILMN_1661735	NATD1	1.880302294696115
ILMN_1703374	NAV1	7.069791432550944
ILMN_2399300	NAV2	8.740298463005242
ILMN_1714600	NAV3	6.369783303962994
ILMN_1783546	NAXD	9.715757424437202
ILMN_1729533	NAXE	9.76396620398649
ILMN_1686392	NBAS	8.327047625567578
ILMN_1705346	NBEA	8.046827749850621
ILMN_1860308	NBEAL1	2.7850023678687816
ILMN_1660629	NBEAL2	4.227604978546117
ILMN_1671715	NBEAP1	0.8151549159018172
ILMN_1789599	NBL1	9.473290068359299
ILMN_1734833	NBN	7.882717691722468
ILMN_2410421	NBPF1	7.034977169176099
ILMN_2155719	NBPF10	8.781379991332807
ILMN_2177090	NBPF11	9.340591183971002
ILMN_2204664	NBPF14	5.755660743947973
ILMN_1675427	NBPF15	5.178987285103435
ILMN_1787169	NBPF22P	1.8925160667706766
ILMN_2265995	NBPF3	7.510534099653607
ILMN_1662908	NBPF6	4.351791252645945
ILMN_2320641	NBPF7	3.0530837202963714
ILMN_2115490	NBPF9	8.254602285741528
ILMN_1735333	NBR1	6.881556169577155
ILMN_1788538	NCALD	12.340105964253143
ILMN_1676289	NCAM1	10.840161227061998
ILMN_1749962	NCAM2	6.918828938096827
ILMN_1683211	NCAN	8.246797059383344
ILMN_1775008	NCAPD2	9.027646941281601
ILMN_1683441	NCAPD3	5.829411794665408
ILMN_1751444	NCAPG	7.745674440199632
ILMN_2066756	NCAPG2	6.407533244735461
ILMN_1657600	NCAPH	1.304332306952569
ILMN_1715908	NCAPH2	7.078217719776011
ILMN_1777528	NCBP1	8.86442909413096
ILMN_1720442	NCBP2	11.09374842119608
ILMN_3248614	NCBP2-AS2	7.006047585203507
ILMN_3248032	NCCRP1	4.570088439001342
ILMN_2359500	NCDN	6.975898586359612
ILMN_2061446	NCEH1	8.443775587922614
ILMN_1697309	NCF1	1.204159832447041
ILMN_2106725	NCF1B	0.29584461617587265
ILMN_2112988	NCF1C	3.330359658074814
ILMN_1796642	NCF2	4.804676035358457
ILMN_1757361	NCF4	4.046195172332347
ILMN_1698001	NCK1	10.157988867706992
ILMN_1724718	NCK2	10.122549165649128
ILMN_2322552	NCKAP1	9.15317084201925
ILMN_1674250	NCKAP1L	0.9187090618826094
ILMN_1809490	NCKAP5	5.338767960981207
ILMN_1763640	NCKAP5L	7.538509839828753
ILMN_1736623	NCKIPSD	8.274534768016483
ILMN_2121437	NCL	11.792978809313944
ILMN_3237632	NCLN	8.15784530755955
ILMN_3246014	NCMAP	1.0324532873583936
ILMN_1669033	NCOA1	7.737213628610054
ILMN_1769040	NCOA2	3.1554409768876437
ILMN_1708805	NCOA3	8.620846567165172
ILMN_1773906	NCOA4	12.84489296542264
ILMN_1770035	NCOA5	5.615319392080433
ILMN_1695797	NCOA6	9.11854230923793
ILMN_1687768	NCOA7	8.359362421403036
ILMN_2186369	NCOR1	6.987472876387972
ILMN_2340052	NCOR2	8.933320106132472
ILMN_1750761	NCR1	1.7227903239936024
ILMN_1761364	NCR2	3.592829298171887
ILMN_2044471	NCR3	0.33442838149524406
ILMN_1756784	NCS1	10.335910678002032
ILMN_1735180	NCSTN	11.5210718118807
ILMN_1749930	NDC1	6.724182896207561
ILMN_1664511	NDC80	6.554769630683772
ILMN_1739805	NDE1	7.971630587929919
ILMN_1705064	NDEL1	11.350404894755037
ILMN_1751452	NDFIP1	10.389144209618893
ILMN_1677396	NDFIP2	10.124218993797916
ILMN_1692058	NDN	12.934622718777346
ILMN_1689176	NDNF	8.246924884093326
ILMN_1694344	NDOR1	0.0
ILMN_1794803	NDP	6.260757421816765
ILMN_1809931	NDRG1	10.213486619871592
ILMN_2361603	NDRG2	9.147095582515293
ILMN_1738229	NDRG3	9.849759706525047
ILMN_2305225	NDRG4	12.203639282354866
ILMN_1807283	NDST1	6.072388335926294
ILMN_2206344	NDST2	7.681474359593438
ILMN_1801769	NDST3	2.2117942535148676
ILMN_2214117	NDST4	5.1683761418323
ILMN_1784286	NDUFA1	13.14374318500093
ILMN_2225698	NDUFA10	9.966545321415284
ILMN_2175712	NDUFA11	12.608556343715357
ILMN_1737738	NDUFA12	12.635662436685315
ILMN_1767139	NDUFA13	11.71564798796011
ILMN_3243890	NDUFA2	12.957631210537373
ILMN_1784641	NDUFA3	12.726797903390555
ILMN_1751258	NDUFA4	14.405343651063385
ILMN_1756573	NDUFA4L2	5.7289764821309594
ILMN_1759973	NDUFA5	3.792680966889467
ILMN_3238269	NDUFA6	10.567415657397794
ILMN_1675239	NDUFA7	11.360642086813066
ILMN_1759729	NDUFA8	11.750761458383922
ILMN_1760741	NDUFA9	9.83788022075442
ILMN_2179018	NDUFAB1	12.544877707433338
ILMN_1754421	NDUFAF1	8.810718200885109
ILMN_1682857	NDUFAF2	11.496042220553003
ILMN_2354515	NDUFAF3	12.3743063989255
ILMN_1659524	NDUFAF4	8.32378047957682
ILMN_1813344	NDUFAF5	10.286834255671547
ILMN_1727618	NDUFAF6	6.489844961537553
ILMN_1722186	NDUFAF7	9.487095541413423
ILMN_1724367	NDUFB1	6.331789152106638
ILMN_1811754	NDUFB10	12.043056987921224
ILMN_1749709	NDUFB11	12.810439935129855
ILMN_2117330	NDUFB2	13.493364189737441
ILMN_3246949	NDUFB2-AS1	2.4102787777650336
ILMN_2119945	NDUFB3	12.482095710713091
ILMN_1770589	NDUFB4	5.2820036739617455
ILMN_1807397	NDUFB5	13.523789972480209
ILMN_1763147	NDUFB6	11.397488324312901
ILMN_1813604	NDUFB7	12.614885017780027
ILMN_1661170	NDUFB8	13.67730598426202
ILMN_3243859	NDUFB9	10.78285450579765
ILMN_1733603	NDUFC1	9.924669067223189
ILMN_1694274	NDUFC2	5.855203316493895
ILMN_1728810	NDUFS1	3.655811171141373
ILMN_1789342	NDUFS2	6.384459769734993
ILMN_1756355	NDUFS3	12.653920687281817
ILMN_1812312	NDUFS4	12.613296843491002
ILMN_1776104	NDUFS5	13.682303130317935
ILMN_1794303	NDUFS6	0.7399932213572122
ILMN_1669966	NDUFS7	12.351107323142216
ILMN_1794132	NDUFS8	13.611636596768703
ILMN_1786718	NDUFV1	11.193522595014457
ILMN_2086417	NDUFV2	11.384782627034648
ILMN_2387731	NDUFV3	6.568427047376718
ILMN_1682831	NEB	4.667539977448726
ILMN_1808824	NEBL	6.296384132787462
ILMN_2218758	NECAB1	5.092004255329388
ILMN_1663437	NECAB2	9.637309978197218
ILMN_1749738	NECAB3	7.175612439890506
ILMN_1726359	NECAP1	10.705282015500552
ILMN_1749011	NECAP2	7.3590184428962155
ILMN_1695549	NECTIN1	4.806427259482411
ILMN_1718303	NECTIN2	9.734448270054596
ILMN_2188521	NECTIN3	9.39237097133078
ILMN_1749044	NECTIN4	0.4232541646130567
ILMN_1743208	NEDD1	6.12468596988962
ILMN_1703140	NEDD4	5.320498956114348
ILMN_1733627	NEDD4L	8.890074787922993
ILMN_2058070	NEDD8	13.986171167290516
ILMN_1758719	NEDD9	4.920349772693632
ILMN_1705153	NEFH	6.826210641696545
ILMN_1659086	NEFL	12.2502977772201
ILMN_2215989	NEFM	13.022725720980446
ILMN_1697804	NEGR1	1.7585163003872568
ILMN_1812622	NEIL1	4.499225101491668
ILMN_1715680	NEIL2	9.020622515147762
ILMN_1757697	NEIL3	4.762012533368062
ILMN_2162234	NEK1	5.021183765354344
ILMN_1800445	NEK10	4.246913269254803
ILMN_2365223	NEK11	4.984335375595088
ILMN_2051373	NEK2	9.579102567431883
ILMN_1695020	NEK3	8.015645470468781
ILMN_1721129	NEK4	5.5304465905253615
ILMN_2068093	NEK5	0.0
ILMN_1660871	NEK6	5.217713865271066
ILMN_1869897	NEK7	6.602457014230335
ILMN_1755138	NEK8	5.4930710216786975
ILMN_1698386	NEK9	1.1552716878236622
ILMN_1815083	NELFA	6.587802764091514
ILMN_1742432	NELFB	9.696590368200896
ILMN_1663954	NELFCD	9.033514893466402
ILMN_1765532	NELFE	7.6568982960328915
ILMN_1745817	NELL1	10.270559484807555
ILMN_1725417	NELL2	10.349178285642457
ILMN_1772489	NEMF	7.7510040674160825
ILMN_3306440	NEMP1	7.678216304205153
ILMN_3244954	NEMP2	1.1766072281030138
ILMN_2142554	NENF	12.41913660533127
ILMN_1696702	NEO1	10.4248974527513
ILMN_1689607	NEPRO	3.72220202968518
ILMN_1738147	NES	10.34437824578886
ILMN_1758311	NET1	8.867982490865204
ILMN_1825369	NETO1	7.771730689531161
ILMN_1760849	NETO2	9.692506281378307
ILMN_1763144	NEU1	10.167957018620271
ILMN_1752557	NEU2	1.9841372153952228
ILMN_1740524	NEU3	2.737134432033266
ILMN_2219683	NEU4	1.100803093560492
ILMN_1672081	NEURL1	4.691519189336106
ILMN_3245983	NEURL1B	7.637762645141179
ILMN_1777113	NEURL2	2.8623700646029064
ILMN_2407811	NEURL4	5.771957970782988
ILMN_1669425	NEUROD1	4.022940271399737
ILMN_1702217	NEUROD2	3.39023007700605
ILMN_1677608	NEUROD4	2.134639395863714
ILMN_1722559	NEUROD6	4.567085186418914
ILMN_1791030	NEUROG1	4.538743952364217
ILMN_1690993	NEUROG2	7.513326800485444
ILMN_1765244	NEUROG3	2.2621318303432596
ILMN_1783276	NEXN	5.426233618641664
ILMN_1726387	NF1	5.283151084924685
ILMN_1671267	NF2	5.252555920895035
ILMN_1791925	NFAM1	1.234244026234185
ILMN_1657199	NFASC	9.16051878257857
ILMN_1797594	NFAT5	5.401392237460318
ILMN_1707051	NFATC1	5.690300645646237
ILMN_1661083	NFATC2	0.6830779082363708
ILMN_2379080	NFATC2IP	9.075147416771653
ILMN_2360028	NFATC3	6.795447451776764
ILMN_1796018	NFATC4	5.554824087192038
ILMN_1711786	NFE2	1.5715527257227662
ILMN_1739450	NFE2L1	10.497666350039971
ILMN_1790909	NFE2L2	8.36319292102203
ILMN_2049766	NFE2L3	5.205976891606839
ILMN_1856634	NFIA	4.6975694913440895
ILMN_1778991	NFIB	7.358087533528772
ILMN_1848863	NFIC	3.761994017589258
ILMN_1707312	NFIL3	10.242462306008617
ILMN_1694325	NFIX	2.950162259476908
ILMN_1714965	NFKB1	8.435827132251434
ILMN_2390859	NFKB2	5.227880202312076
ILMN_1773154	NFKBIA	10.619107588515861
ILMN_1674152	NFKBIB	6.211537369603679
ILMN_1763560	NFKBID	5.7030308019451645
ILMN_1717313	NFKBIE	6.9030847550091154
ILMN_2046344	NFKBIL1	6.728671874708604
ILMN_1719695	NFKBIZ	6.283840186028048
ILMN_1718990	NFRKB	5.288210221487158
ILMN_1761314	NFS1	5.64000547780044
ILMN_2406468	NFU1	10.568981538961628
ILMN_1804610	NFX1	7.991921268998653
ILMN_1682197	NFXL1	8.06167963393724
ILMN_1690325	NFYA	7.984754801201422
ILMN_1668726	NFYB	6.267080886080637
ILMN_1810488	NFYC	9.47562524709706
ILMN_3244693	NFYC-AS1	5.477522436387507
ILMN_1800332	NGB	6.043487125689931
ILMN_2324998	NGDN	10.458040349899932
ILMN_1809613	NGEF	6.354759512296083
ILMN_1716608	NGF	5.736820927805025
ILMN_1752658	NGFR	8.483715750375861
ILMN_1728779	NGLY1	7.918818684218135
ILMN_1696214	NHEJ1	0.410489604493766
ILMN_1805457	NHLH1	5.061036773444932
ILMN_2208777	NHLH2	6.766816220301858
ILMN_1796746	NHLRC1	0.4895635946900266
ILMN_1698715	NHLRC2	6.391828918836818
ILMN_2393046	NHLRC3	7.824535101698179
ILMN_1684312	NHLRC4	4.646114772339387
ILMN_3231390	NHP2	12.21008076882216
ILMN_1715864	NHS	6.918146836919399
ILMN_1748694	NHSL2	4.11743779262738
ILMN_1807211	NICN1	10.484281005593735
ILMN_1674719	NID1	5.384387005041696
ILMN_1698706	NID2	2.1999492970237386
ILMN_1777066	NIF3L1	11.026382086774511
ILMN_1786189	NIFK	9.689644102418155
ILMN_1652072	NIM1K	7.200661719453652
ILMN_1724753	NIN	6.202028361544909
ILMN_1815086	NINJ1	9.934311571956309
ILMN_1731745	NINJ2	0.3818642449766089
ILMN_1789094	NINL	6.534348250013518
ILMN_1704305	NIP7	8.271133830272165
ILMN_1689274	NIPA1	10.228610189167608
ILMN_1720344	NIPA2	9.891037447108395
ILMN_1811593	NIPAL1	3.6355705919894654
ILMN_1774373	NIPAL2	4.409984974761995
ILMN_1684210	NIPAL3	7.49726165130371
ILMN_1713638	NIPAL4	2.8857518394935773
ILMN_2264625	NIPBL	8.19917446853877
ILMN_1805916	NIPSNAP1	11.934835545741867
ILMN_1700159	NIPSNAP3A	8.283422520773227
ILMN_3236656	NIPSNAP3B	6.05255568853421
ILMN_1735827	NISCH	10.536179886981515
ILMN_1698330	NIT1	5.904459466222282
ILMN_2200503	NIT2	7.879563314362259
ILMN_1739374	NKAIN1	7.722570565937569
ILMN_3249603	NKAIN2	7.142184654511406
ILMN_1813639	NKAIN4	8.368386847349107
ILMN_1675359	NKAP	7.025950557093235
ILMN_1797408	NKAPL	2.6017395224734883
ILMN_1692674	NKD1	5.516657611670094
ILMN_1731206	NKD2	10.33590466861885
ILMN_1682993	NKG7	1.6462651171520706
ILMN_1664216	NKIRAS1	9.60010352748794
ILMN_1653404	NKIRAS2	9.819867544954185
ILMN_1656933	NKPD1	3.4049507465869637
ILMN_1707534	NKRF	8.657789358728758
ILMN_1721621	NKTR	10.30720966423068
ILMN_1742725	NKX1-2	0.024501327715530957
ILMN_1728117	NKX2-1	0.26884925471238735
ILMN_1692280	NKX2-2	2.3328479606989028
ILMN_1796089	NKX2-3	1.4607558945817758
ILMN_1672971	NKX2-4	1.8685820276951715
ILMN_1800058	NKX2-5	0.25018713413370897
ILMN_1766678	NKX2-6	1.0498266930354079
ILMN_1755547	NKX2-8	3.5847786295518804
ILMN_1667162	NKX3-1	1.6419879860530864
ILMN_1782004	NKX3-2	2.9312306744651484
ILMN_1756254	NKX6-1	1.5570528957178447
ILMN_1786989	NKX6-2	7.196698119226362
ILMN_2159339	NKX6-3	4.765085628808387
ILMN_1724304	NLE1	6.539539729991444
ILMN_1739521	NLGN1	8.24318639673085
ILMN_1764158	NLGN2	9.698375418237356
ILMN_1759700	NLGN3	6.655442957421038
ILMN_2341067	NLGN4X	9.224920578567977
ILMN_2210199	NLGN4Y	0.2983378171030803
ILMN_1772814	NLK	8.706850983939852
ILMN_1742089	NLN	5.634088763428083
ILMN_1740576	NLRC3	4.802215310481231
ILMN_1796976	NLRC4	4.181747037067237
ILMN_1716704	NLRC5	1.5634462136323322
ILMN_1810045	NLRP1	0.5555455061723049
ILMN_1656992	NLRP10	4.944205436727882
ILMN_1790843	NLRP11	0.6880553011247784
ILMN_1716105	NLRP12	3.3165792342699807
ILMN_1739386	NLRP13	1.7477995055701527
ILMN_1782651	NLRP14	0.0
ILMN_1664878	NLRP2	8.201651441203765
ILMN_1712026	NLRP3	5.342294028703932
ILMN_1746820	NLRP4	0.879079572094127
ILMN_3249687	NLRP5	4.9213218521480515
ILMN_1702970	NLRP6	0.2689997889291968
ILMN_1652366	NLRP7	5.156920130726817
ILMN_2075794	NLRP8	12.061611860042868
ILMN_1698897	NLRP9	0.9502024461029821
ILMN_1698752	NLRX1	4.474846860831964
ILMN_2347592	NMB	7.854848225010488
ILMN_1735704	NMBR	0.38893799048295447
ILMN_2232430	NMD3	10.165660601601248
ILMN_1741133	NME1	13.315934280702486
ILMN_1662905	NME1-NME2	13.010813520338582
ILMN_1657884	NME2	9.269939800000067
ILMN_1669456	NME3	10.809413340839676
ILMN_1800634	NME4	11.154577021764348
ILMN_1784783	NME5	5.41612530110899
ILMN_2229032	NME6	8.043114557077372
ILMN_1716583	NME7	8.539291281175766
ILMN_1691334	NME8	4.13481872633653
ILMN_1686434	NME9	4.356097852992272
ILMN_1739541	NMI	5.528006173898576
ILMN_1692413	NMNAT1	5.240479534541186
ILMN_1803818	NMNAT2	9.413466457151253
ILMN_2153485	NMNAT3	7.463919067779657
ILMN_1709814	NMRAL1	9.550473904055837
ILMN_3210914	NMRAL1P1	2.9173814903727515
ILMN_1674650	NMRK1	6.746198014603078
ILMN_1776850	NMRK2	2.9155671263113683
ILMN_1679967	NMS	0.5461905400523611
ILMN_1762678	NMT1	8.482356243567416
ILMN_1656378	NMT2	8.818516613003991
ILMN_2162253	NMU	10.770025475881326
ILMN_1729287	NMUR1	0.4992016802808756
ILMN_1675009	NMUR2	0.3326312798346024
ILMN_1691413	NNAT	14.078661352986956
ILMN_1715508	NNMT	4.530146342750912
ILMN_1806634	NNT	9.186050870132993
ILMN_1665066	NOA1	10.041464985119301
ILMN_1689110	NOB1	8.087981045517353
ILMN_2288219	NOBOX	1.81736321388118
ILMN_1792820	NOC2L	5.814690768814035
ILMN_1651341	NOC2LP2	3.6710307125370907
ILMN_2187727	NOC3L	7.77596712341293
ILMN_1733107	NOC4L	5.977839355756892
ILMN_1689378	NOCT	8.470244368762788
ILMN_2114422	NOD1	4.377003662619168
ILMN_1762594	NOD2	0.0
ILMN_1712537	NODAL	1.6386024399988905
ILMN_1652287	NOG	4.877852955706245
ILMN_1775011	NOL10	6.451729500495993
ILMN_1688971	NOL11	9.512002322216382
ILMN_1759991	NOL12	10.623574473899149
ILMN_1813925	NOL3	6.593367230276194
ILMN_2087629	NOL4	6.7955227373783655
ILMN_1652219	NOL4L	1.5720963732932816
ILMN_2320250	NOL6	9.037797429975505
ILMN_1803853	NOL7	12.595822813794884
ILMN_1689747	NOL8	8.310666512246657
ILMN_1761181	NOL9	0.4735840066861525
ILMN_2184640	NOLC1	7.774089910802708
ILMN_1778316	NOM1	1.7074961276523304
ILMN_1678730	NOMO1	9.39030354910077
ILMN_1799856	NOMO2	10.257273346699437
ILMN_1663145	NOMO3	7.369677234709637
ILMN_2052790	NONO	13.458043718960113
ILMN_3240247	NOP10	12.833106518573414
ILMN_1750052	NOP14	6.487857871074131
ILMN_3247844	NOP14-AS1	5.635936448682773
ILMN_3247723	NOP16	7.710070982422145
ILMN_1723158	NOP2	8.487517657725858
ILMN_1787628	NOP56	9.49553469659798
ILMN_1748476	NOP58	10.013943219089684
ILMN_1698085	NOP9	5.267833109155648
ILMN_1803030	NOS1	1.3165151882057184
ILMN_1710315	NOS1AP	5.887177355913454
ILMN_3249361	NOS2	4.050559072360019
ILMN_1775224	NOS3	4.5639330101894435
ILMN_1759436	NOSIP	12.10920366989325
ILMN_1670099	NOSTRIN	1.8728886814713064
ILMN_1729161	NOTCH1	9.617528831392336
ILMN_1777845	NOTCH2	3.432259402534948
ILMN_1656254	NOTCH2NL	6.746680803794054
ILMN_1658926	NOTCH3	8.636313487727074
ILMN_1711157	NOTCH4	3.542387258507602
ILMN_1656495	NOTO	4.6985565209143125
ILMN_1744455	NOTUM	4.265345238602329
ILMN_1787186	NOV	6.334885782354431
ILMN_1811363	NOVA1	8.862530196386542
ILMN_1788388	NOVA2	3.9739432236859074
ILMN_1765355	NOX1	4.269773336765672
ILMN_1738277	NOX3	0.9710703255594358
ILMN_1735996	NOX4	7.426344806037448
ILMN_1775298	NOX5	1.9766781529616733
ILMN_1799589	NOXA1	4.713244780428767
ILMN_1708337	NOXO1	5.463525681787435
ILMN_1801053	NPAP1	0.7405352118534724
ILMN_1747067	NPAS1	6.8772972664229135
ILMN_1765558	NPAS2	2.4007171747137335
ILMN_1808326	NPAS3	6.974019260869336
ILMN_1726459	NPAS4	5.4054086763335425
ILMN_2120965	NPAT	4.176819275092048
ILMN_1777453	NPB	7.950420659477701
ILMN_1752681	NPBWR1	0.3590667743498066
ILMN_1769358	NPBWR2	3.179442942105218
ILMN_1713505	NPC1	8.389069695023426
ILMN_1787556	NPC1L1	0.8983293405050077
ILMN_1716678	NPC2	13.40301446753512
ILMN_2199313	NPDC1	7.7085010435290755
ILMN_1724194	NPEPL1	9.879554301674702
ILMN_2116127	NPEPPS	9.117428013117392
ILMN_1682503	NPFF	4.2710400794135515
ILMN_1783336	NPFFR1	0.570375643738873
ILMN_1739690	NPFFR2	4.722618077885163
ILMN_1784478	NPHP1	4.672669086160009
ILMN_1730539	NPHP3	7.635089748421848
ILMN_3237300	NPHP3-AS1	2.3639265172084327
ILMN_1808417	NPHP4	6.15097562056511
ILMN_1681116	NPHS1	0.7521968637962196
ILMN_1748378	NPHS2	1.7660087498673296
ILMN_1676986	NPIPA1	9.351961157814223
ILMN_1656868	NPIPB3	9.699508706451388
ILMN_3246766	NPIPB5	9.061587046820373
ILMN_1782070	NPL	3.404345429577793
ILMN_1807600	NPLOC4	7.377696349930073
ILMN_2379762	NPM1	1.8477923981182054
ILMN_1775736	NPM2	4.903105022163063
ILMN_2110252	NPM3	10.92346931499032
ILMN_1735762	NPNT	0.6271547213504799
ILMN_1750386	NPPA	4.217995504501348
ILMN_1763382	NPPB	7.339342427097159
ILMN_1675343	NPPC	7.200768694124537
ILMN_1779897	NPR1	5.471737847017504
ILMN_1808898	NPR2	6.518250306254199
ILMN_1665033	NPR3	2.1030754479350997
ILMN_2191568	NPRL2	11.111931128525042
ILMN_2369580	NPRL3	10.049861774633174
ILMN_3245281	NPS	1.3152958419846572
ILMN_1654534	NPSR1	6.020811744416996
ILMN_2336982	NPTN	11.23002890545341
ILMN_1814221	NPTX1	9.271393340634983
ILMN_1685608	NPTX2	9.888152666644576
ILMN_1684143	NPTXR	4.740326425973952
ILMN_1717462	NPVF	0.6090257009827805
ILMN_3246678	NPW	5.379442148301809
ILMN_1731062	NPY	4.519383438648179
ILMN_1667947	NPY1R	2.3004768452956896
ILMN_1660360	NPY2R	1.1816674929694866
ILMN_1652137	NPY4R	0.5717680477659065
ILMN_2047914	NPY5R	6.808321017447739
ILMN_2065273	NPY6R	0.7210929255717592
ILMN_1720282	NQO1	6.686775714967939
ILMN_1712918	NQO2	8.622968126464622
ILMN_1800160	NR0B1	3.7719076813861645
ILMN_2220978	NR0B2	0.23980760433457324
ILMN_1708249	NR1D1	6.11578071241675
ILMN_1676844	NR1D2	5.6886565551958626
ILMN_1678032	NR1H2	6.35451500939374
ILMN_1814022	NR1H3	8.257181637225964
ILMN_1708391	NR1H4	0.7604208965223312
ILMN_2323338	NR1I2	1.0536890416840927
ILMN_1684106	NR1I3	1.4279146913682148
ILMN_1728983	NR2C1	8.166494726727194
ILMN_3251303	NR2C2	6.625099772146206
ILMN_2135798	NR2C2AP	7.681104421986813
ILMN_1738580	NR2E1	5.342571715405136
ILMN_1751882	NR2E3	2.4433939286968838
ILMN_1786197	NR2F1	9.665535809099355
ILMN_2094360	NR2F2	7.817763885387781
ILMN_1672080	NR2F6	9.979582646802145
ILMN_1668525	NR3C1	4.671843943194921
ILMN_1661777	NR3C2	4.854185551962829
ILMN_2408566	NR4A1	4.659050530845351
ILMN_1782305	NR4A2	7.383343799906554
ILMN_1781812	NR4A3	3.261731175232472
ILMN_1815320	NR5A1	1.055221241686805
ILMN_2366654	NR5A2	4.987778353878407
ILMN_2352881	NR6A1	5.768737299707033
ILMN_3243603	NRADDP	2.2655941908810644
ILMN_2312587	NRAP	1.6172154798874123
ILMN_1692733	NRARP	3.661676731895202
ILMN_1775759	NRAS	9.192593427743704
ILMN_1820244	NRAV	5.694739180290868
ILMN_3237385	NRBF2	7.635593263729337
ILMN_1670096	NRBP1	7.138891966184467
ILMN_1733248	NRBP2	9.960600778896715
ILMN_2411236	NRCAM	9.555237125109917
ILMN_1800897	NRDC	10.266915832588307
ILMN_1740165	NRDE2	7.822638274622477
ILMN_1680738	NREP	13.663094823220755
ILMN_2326578	NRF1	4.148610532000048
ILMN_1737252	NRG1	9.135466215275867
ILMN_2337880	NRG2	1.2265129638466046
ILMN_1774945	NRG3	6.214287875250779
ILMN_1804662	NRG4	4.258852966406078
ILMN_1705686	NRGN	6.17522031092451
ILMN_1718629	NRIP1	7.861242938355076
ILMN_1664607	NRIP2	2.8236115815405523
ILMN_1759563	NRIP3	9.54651635159547
ILMN_1687392	NRK	5.83019171771794
ILMN_1740383	NRL	1.594159606221661
ILMN_1670809	NRM	8.076068400994606
ILMN_2150112	NRN1	7.97774565447103
ILMN_1711359	NRN1L	1.315968667651443
ILMN_1742547	NRP1	9.208150660041037
ILMN_2274306	NRP2	4.7583490417357375
ILMN_1746148	NRROS	2.626201897166062
ILMN_1653762	NRSN1	9.734293775511372
ILMN_1770911	NRSN2	8.14254440191605
ILMN_1665319	NRTN	4.443661298441616
ILMN_1673152	NRXN1	6.476603433934227
ILMN_1738684	NRXN2	11.42857601227759
ILMN_1658715	NRXN3	4.024359920772066
ILMN_2103295	NSA2	13.02233785222898
ILMN_1686136	NSD1	5.378283219425321
ILMN_1692163	NSDHL	11.282690870118058
ILMN_1680353	NSF	12.164688024793579
ILMN_1657624	NSFL1C	9.288331597460234
ILMN_3245395	NSFP1	3.3465579983741294
ILMN_1772627	NSG1	12.978192700240934
ILMN_1739210	NSL1	9.784891510051764
ILMN_1716596	NSMAF	7.133868364953622
ILMN_1697962	NSMCE1	10.407868127732039
ILMN_1693210	NSMCE2	9.930484344886748
ILMN_1738622	NSMCE3	6.527660837682159
ILMN_1679134	NSMCE4A	9.943103597550468
ILMN_1665095	NSMF	10.439154193739101
ILMN_1702541	NSRP1	4.965388541902365
ILMN_1680129	NSUN2	9.420124273870691
ILMN_1676280	NSUN3	6.964971833692991
ILMN_1716004	NSUN4	8.470869832251577
ILMN_1751958	NSUN5	9.00586155860884
ILMN_2352448	NSUN5P1	8.68474206965959
ILMN_1681899	NSUN5P2	7.5275500307548455
ILMN_1664646	NSUN6	7.646905845124322
ILMN_2205882	NSUN7	5.42918138518273
ILMN_1806432	NT5C	11.69900498839931
ILMN_1815796	NT5C1A	2.1354839445541516
ILMN_1756623	NT5C1B	2.485374907139697
ILMN_1682165	NT5C2	9.759182460723407
ILMN_2352121	NT5C3A	9.757509643176528
ILMN_1750511	NT5C3B	11.283552286323397
ILMN_1680673	NT5DC1	7.339085866295249
ILMN_1708743	NT5DC2	10.581346968636408
ILMN_1774281	NT5DC3	4.357912344790816
ILMN_1697220	NT5E	0.3292210198950414
ILMN_1675617	NT5M	7.05396943580243
ILMN_1815552	NTAN1	9.625201723826747
ILMN_1809364	NTF3	6.798136816004337
ILMN_3237085	NTF4	3.714229051165528
ILMN_2227968	NTHL1	9.162367694843754
ILMN_2351466	NTM	9.87342248656437
ILMN_2170515	NTMT1	9.495027324393378
ILMN_1873621	NTN1	7.181043661757517
ILMN_1656040	NTN3	2.033427008703565
ILMN_2113490	NTN4	5.945029461340238
ILMN_1767343	NTN5	5.282344994932339
ILMN_2189371	NTNG1	8.746164995148616
ILMN_1806448	NTNG2	5.154970431429627
ILMN_1657446	NTPCR	10.54447932302185
ILMN_1731777	NTRK1	4.7769149730563845
ILMN_2357855	NTRK2	8.226050678848166
ILMN_1734893	NTRK3	5.9420860731082685
ILMN_1764690	NTS	5.12105586027757
ILMN_1778831	NTSR1	3.8839641203157473
ILMN_1685719	NTSR2	3.7228842711298977
ILMN_1689318	NUAK1	9.43582593316729
ILMN_2094952	NUAK2	8.113620574716686
ILMN_1665291	NUB1	8.91535509072821
ILMN_1689342	NUBP1	8.18408202034309
ILMN_1657237	NUBP2	8.042732519832107
ILMN_2048811	NUBPL	10.891657457095954
ILMN_1722634	NUCB1	13.030556366264305
ILMN_1655913	NUCB2	8.182076545609744
ILMN_1869109	NUCKS1	13.10232557573133
ILMN_2097546	NUDC	12.56674324022592
ILMN_1678745	NUDCD1	5.612653201184728
ILMN_1751589	NUDCD2	9.64466870089405
ILMN_1796900	NUDCD3	9.176415028270204
ILMN_2330243	NUDT1	9.529894475051076
ILMN_1653274	NUDT10	6.347223867195886
ILMN_2189668	NUDT11	10.854841478637342
ILMN_1745988	NUDT12	0.10675427524749524
ILMN_1680420	NUDT13	1.7395840781405738
ILMN_1669788	NUDT14	9.858796733495138
ILMN_1751403	NUDT15	7.684377445308235
ILMN_1781996	NUDT16	7.975262476055505
ILMN_1735415	NUDT16L1	10.531754528074119
ILMN_3239937	NUDT16P1	1.9884065774619708
ILMN_1787408	NUDT17	1.706804053254256
ILMN_1787885	NUDT18	7.384712241777095
ILMN_1790282	NUDT19	0.8016649630024367
ILMN_1778347	NUDT2	11.855132101839592
ILMN_1798886	NUDT21	10.683029675179975
ILMN_1743582	NUDT22	6.933635087958727
ILMN_1724907	NUDT3	11.59468494871326
ILMN_1706378	NUDT4	5.133042534914217
ILMN_2049228	NUDT4P1	1.0413648993065088
ILMN_1711314	NUDT5	9.036315085089651
ILMN_1665192	NUDT6	6.885475063003013
ILMN_3226181	NUDT7	9.78973663617802
ILMN_2175659	NUDT8	4.365683979318173
ILMN_1680239	NUDT9	9.45628060406601
ILMN_2094351	NUDT9P1	0.0
ILMN_1658695	NUF2	6.652327290161327
ILMN_2166686	NUFIP1	7.142374013558693
ILMN_2102693	NUFIP2	8.280947578594345
ILMN_1719762	NUGGC	2.1320773334824104
ILMN_2160005	NUMA1	9.166331199059501
ILMN_2331266	NUMB	9.785032068053209
ILMN_1651538	NUMBL	7.010047490529864
ILMN_1815924	NUP107	8.767117353957007
ILMN_1751338	NUP133	9.542032080221285
ILMN_1705907	NUP153	8.143057641295242
ILMN_1768293	NUP155	8.101300158783785
ILMN_1652989	NUP160	8.131909267525739
ILMN_1715416	NUP188	5.713590625371467
ILMN_1673962	NUP205	9.303026172306968
ILMN_1784467	NUP210	7.040326432635818
ILMN_1741055	NUP210L	0.5886258233609426
ILMN_1666049	NUP214	7.537819040859792
ILMN_1815723	NUP35	6.210642090943556
ILMN_1771903	NUP37	9.707060750112394
ILMN_1762674	NUP43	5.523611603713472
ILMN_1725612	NUP50	7.800434492826443
ILMN_2061405	NUP54	8.829812833857074
ILMN_2378316	NUP58	5.795543463163373
ILMN_1738681	NUP62	11.560570700791823
ILMN_1756550	NUP62CL	9.347580462633816
ILMN_1669635	NUP85	7.929393535182445
ILMN_1734826	NUP88	8.622234799985113
ILMN_2196569	NUP93	10.076357094114698
ILMN_1732776	NUP98	7.257359663472941
ILMN_1789616	NUPL2	9.72767370347931
ILMN_2404688	NUPR1	6.0444779607884564
ILMN_3247813	NUPR2	1.3883775909795018
ILMN_2089902	NUS1	7.324978285705463
ILMN_1726720	NUSAP1	10.4492926054838
ILMN_1655046	NUTF2	9.26743655083031
ILMN_1737624	NUTM1	2.565914531266944
ILMN_1707694	NUTM2A	3.821848645439888
ILMN_3245897	NUTM2A-AS1	4.725213545719611
ILMN_1683119	NUTM2F	5.042781046650304
ILMN_2198802	NUTM2G	0.0
ILMN_1712636	NVL	8.673439089803377
ILMN_1721540	NWD1	0.0
ILMN_1669276	NWD2	2.1693825287673696
ILMN_2358652	NXF1	9.263688775736341
ILMN_2253537	NXF2	2.43075546775003
ILMN_1731280	NXF2B	0.8898598729541266
ILMN_1674343	NXF3	4.500370699983503
ILMN_1754260	NXF4	2.8545239961845024
ILMN_1687265	NXF5	2.8264328284733344
ILMN_1791226	NXN	8.974412930490242
ILMN_1742917	NXNL1	4.498852971675614
ILMN_1797660	NXNL2	2.120190502545994
ILMN_1860518	NXPE1	1.8247649582172993
ILMN_1672264	NXPE2	0.6347114392972654
ILMN_1814924	NXPE3	5.1166108295060555
ILMN_1806386	NXPE4	0.975032005410062
ILMN_1764271	NXPH1	6.4088505463278365
ILMN_1819640	NXPH2	6.086441404548899
ILMN_1714000	NXPH3	1.6686958895395492
ILMN_2237211	NXPH4	2.7290261750088383
ILMN_1760280	NXT1	11.220253364537305
ILMN_1785107	NXT2	5.987140843272105
ILMN_1755033	NYAP1	6.636224671465553
ILMN_1781890	NYAP2	5.548618301716265
ILMN_3236858	NYNRIN	6.995098686471446
ILMN_1782274	NYX	2.8786286319893573
ILMN_3243519	OACYLP	3.638437408368123
ILMN_1668345	OAF	7.703105840389626
ILMN_1804834	OARD1	9.069703447367528
ILMN_1658247	OAS1	5.6142380572294535
ILMN_1674063	OAS2	0.8822541046378106
ILMN_1745397	OAS3	2.6317685090951772
ILMN_1674811	OASL	3.1048483973096044
ILMN_2068747	OAT	11.129350944289236
ILMN_1773080	OAZ1	14.64673167381523
ILMN_3239460	OAZ2	9.273961053352116
ILMN_1681892	OAZ3	1.6690138306771625
ILMN_1789186	OBFC1	10.17133572134197
ILMN_1792607	OBP2A	1.8236684714154252
ILMN_1700666	OBP2B	0.45545350531205403
ILMN_1749667	OBSCN	3.8202733292877067
ILMN_1732408	OBSL1	5.254493576943893
ILMN_2121958	OC90	0.5725443439755074
ILMN_1746116	OCA2	5.678640758205925
ILMN_1757388	OCEL1	8.948401036503045
ILMN_2330495	OCIAD1	12.367271550333166
ILMN_1700306	OCIAD2	9.399897862653857
ILMN_1668899	OCLM	2.6584705405143754
ILMN_1724149	OCLN	0.4481816572699155
ILMN_3240349	OCM2	3.2918107163150303
ILMN_1760855	OCRL	10.460811309381969
ILMN_1677441	OCSTAMP	0.3260314015902102
ILMN_1729851	ODAM	0.0
ILMN_1748591	ODC1	14.142371171632348
ILMN_1708182	ODF1	4.84404670589385
ILMN_1698653	ODF2	8.65572022700656
ILMN_1702073	ODF2L	7.46055054718378
ILMN_3245811	ODF3	4.6418782085773325
ILMN_3241446	ODF3B	5.06488121090259
ILMN_1758008	ODF3L1	2.4064086229146437
ILMN_1787831	ODF3L2	3.9005333687213333
ILMN_1783656	ODF4	4.4022927719461515
ILMN_1906721	OFCC1	2.729686809419027
ILMN_1785266	OFD1	6.99908459974323
ILMN_1783266	OGDH	7.481381811408486
ILMN_1714577	OGDHL	7.727466078160687
ILMN_1677953	OGFOD1	8.983613283598848
ILMN_1704019	OGFOD2	3.0541776064295676
ILMN_2388539	OGFOD3	7.173042901243362
ILMN_1728224	OGFR	6.622610671630284
ILMN_1715809	OGFRL1	5.304250987196078
ILMN_2352609	OGG1	8.020938257709254
ILMN_2387105	OGN	5.721569462581769
ILMN_1697639	OGT	10.119218493823857
ILMN_2196984	OIP5	7.7593189623706955
ILMN_3297455	OIP5-AS1	9.856845438001898
ILMN_1693939	OIT3	1.7139888028741321
ILMN_1659820	OLA1	7.108541849005299
ILMN_1674696	OLAH	3.6002618417537033
ILMN_1742025	OLFM1	12.962117802816515
ILMN_2110271	OLFM2	6.685759837785131
ILMN_1729617	OLFM3	1.8495583360688077
ILMN_2116877	OLFM4	0.6791659839469101
ILMN_1776151	OLFML1	3.66613567796712
ILMN_1761425	OLFML2A	8.493357548183257
ILMN_1765557	OLFML2B	3.1368449585114284
ILMN_1727532	OLFML3	5.057072456665662
ILMN_1666089	OLIG1	1.0085117544506417
ILMN_1727567	OLIG2	2.9837683072328165
ILMN_1717205	OLIG3	2.9748257016341086
ILMN_3268880	OLMALINC	8.067646604118758
ILMN_1723035	OLR1	2.7672588704478858
ILMN_1670079	OMA1	6.811908970780185
ILMN_1749846	OMD	2.870958349213033
ILMN_1739235	OMG	1.5753112456086562
ILMN_1660408	OMP	0.08185652002780061
ILMN_2114812	ONECUT1	6.249909481150521
ILMN_1838320	ONECUT2	10.011789250510171
ILMN_2067444	ONECUT3	2.277696032259215
ILMN_3246793	OOEP	4.143230604189697
ILMN_1757220	OOSP2	0.1841839780721677
ILMN_1729775	OPA1	8.41583564160304
ILMN_2284591	OPA3	7.654202740685143
ILMN_1666090	OPALIN	0.5919754721291373
ILMN_1741698	OPCML	9.040811259010239
ILMN_1706845	OPHN1	2.2866835791963394
ILMN_1711030	OPLAH	5.720533200604266
ILMN_1677153	OPN1LW	0.6167257426097114
ILMN_1698444	OPN1MW	0.5156191473084677
ILMN_3241647	OPN1MW2	2.516955022830415
ILMN_1757379	OPN1SW	6.266390277084715
ILMN_1716988	OPN3	6.61304048719948
ILMN_1713029	OPN4	2.0528886811694442
ILMN_1784818	OPN5	3.310818489954243
ILMN_1707368	OPRD1	0.43332034821048154
ILMN_1714782	OPRK1	5.136192819715322
ILMN_2400922	OPRL1	9.459304251246387
ILMN_1803261	OPRM1	4.904195588495186
ILMN_1729476	OPRPN	3.428558795170417
ILMN_1781459	OPTC	1.1644443384272365
ILMN_2381899	OPTN	10.129213452895492
ILMN_1687046	OR10A2	4.257926552118771
ILMN_1716448	OR10A3	0.7052806592097
ILMN_1809520	OR10A4	3.256920541645331
ILMN_1704575	OR10A5	0.0
ILMN_1717125	OR10A6	2.6689401198257205
ILMN_1738246	OR10A7	2.153910319466175
ILMN_1690389	OR10AD1	4.965395858855188
ILMN_1695533	OR10AG1	3.455513578901495
ILMN_1790706	OR10C1	0.2549047584869503
ILMN_1748349	OR10G2	0.8124472606291531
ILMN_1726523	OR10G3	0.3598992678785373
ILMN_1810020	OR10G4	0.2552292665840632
ILMN_1814562	OR10G7	1.266903256168152
ILMN_1731717	OR10G8	0.0
ILMN_1732251	OR10G9	1.2791753291755965
ILMN_1787434	OR10H1	1.4825608758190911
ILMN_1670144	OR10H2	3.6433791729867395
ILMN_1731314	OR10H3	2.6918127530014506
ILMN_2103768	OR10H4	1.3862099443957276
ILMN_2188384	OR10H5	1.4242131302049685
ILMN_1809964	OR10J1	5.251073708344807
ILMN_1688537	OR10J3	0.11165829899961559
ILMN_1779555	OR10J5	0.4108368280054852
ILMN_1762634	OR10K1	1.157277246411309
ILMN_1708982	OR10K2	2.933253170182088
ILMN_1759242	OR10P1	2.3397776437864715
ILMN_1653073	OR10Q1	0.3410167412452146
ILMN_1728121	OR10R2	0.24002559827430428
ILMN_1768567	OR10S1	2.55519233458434
ILMN_1724873	OR10T2	1.4376678334071678
ILMN_1759087	OR10V1	1.00334275958341
ILMN_2200853	OR10W1	3.715248637557137
ILMN_1799327	OR10X1	0.8272536593048941
ILMN_1797393	OR10Z1	0.14270332898011148
ILMN_1785930	OR11A1	2.7298001749412037
ILMN_1660978	OR11G2	1.8383476451823648
ILMN_2072401	OR11H1	7.086146594071466
ILMN_2342651	OR11H12	3.4597433908911115
ILMN_1788855	OR11H4	2.1050523354282737
ILMN_1752218	OR11H6	1.506557929848987
ILMN_1785650	OR11L1	1.3250105179317562
ILMN_1771488	OR12D2	4.748688555550564
ILMN_1703197	OR12D3	2.9690371680044483
ILMN_1767244	OR13A1	3.8290306223423127
ILMN_1665806	OR13C2	2.143068345673605
ILMN_1735278	OR13C3	0.023771551905686417
ILMN_1739763	OR13C4	2.5834002186740235
ILMN_1720955	OR13C5	0.9520815218253058
ILMN_1667388	OR13C8	0.0
ILMN_2159183	OR13C9	3.883233664360134
ILMN_1807924	OR13D1	0.0
ILMN_1682330	OR13F1	0.10156039671328874
ILMN_1803621	OR13G1	0.2891632661215984
ILMN_1718219	OR13H1	0.0
ILMN_1753884	OR13J1	0.0
ILMN_1656724	OR14A16	0.7172343082805058
ILMN_1674997	OR14C36	1.8452501619017063
ILMN_1705745	OR14I1	0.6968234820193807
ILMN_1713602	OR14J1	0.0
ILMN_1673466	OR1A1	4.582837901351927
ILMN_1791773	OR1A2	5.086725428908231
ILMN_1765615	OR1B1	3.7386434140958547
ILMN_1813390	OR1C1	0.45658176076763635
ILMN_1757546	OR1D2	3.1388163227187906
ILMN_3235772	OR1D5	1.254695039869051
ILMN_1759521	OR1E1	0.677297627748627
ILMN_1807079	OR1E2	1.5986731251636537
ILMN_1710243	OR1F1	1.0145717867523105
ILMN_1804907	OR1F2P	1.7587336995971625
ILMN_2180064	OR1G1	1.0621979754373985
ILMN_1686659	OR1I1	0.7168752028830898
ILMN_2085933	OR1J1	4.1941803121939225
ILMN_1679973	OR1J2	3.458241430311355
ILMN_1686250	OR1J4	1.365057576578505
ILMN_1716249	OR1K1	1.745899754497584
ILMN_1736142	OR1L1	0.3648126174111863
ILMN_1812850	OR1L3	0.2562017787671886
ILMN_1714635	OR1L4	4.3454357932490115
ILMN_1762090	OR1L6	0.33813358618653905
ILMN_1688504	OR1L8	4.414599929597824
ILMN_1766401	OR1M1	0.0
ILMN_1739138	OR1N1	2.198683776216436
ILMN_1797797	OR1N2	5.379916134914168
ILMN_1745651	OR1Q1	0.5123629612918221
ILMN_1652424	OR1S1	1.4223684127813412
ILMN_1663913	OR1S2	1.5993924730825277
ILMN_1663562	OR2A1	3.8071990105765976
ILMN_1704859	OR2A12	1.0148088664419757
ILMN_1714891	OR2A14	3.5357043431959183
ILMN_1777638	OR2A2	3.259211032566437
ILMN_1738976	OR2A20P	4.863155500886408
ILMN_1743654	OR2A25	3.3982983703746457
ILMN_3240793	OR2A4	1.2424358467106644
ILMN_1744109	OR2A42	5.101335442884018
ILMN_1732024	OR2A5	1.8580136003949337
ILMN_2295747	OR2A7	1.0926736061279791
ILMN_2203544	OR2A9P	1.9966670248287253
ILMN_1749168	OR2AE1	0.6833488749800681
ILMN_1732467	OR2AG1	1.6025801500154824
ILMN_1657486	OR2AG2	1.485085432091686
ILMN_1702889	OR2AK2	1.1312363821862994
ILMN_1779412	OR2AT4	2.554893707613014
ILMN_1799282	OR2B11	1.3673989890426625
ILMN_1730728	OR2B2	5.198993753637005
ILMN_1748802	OR2B3	3.4275911946036133
ILMN_1795448	OR2B6	0.8143461264178659
ILMN_1744428	OR2C1	4.60365542202919
ILMN_1800595	OR2C3	0.0
ILMN_1744275	OR2D2	1.2732368921553485
ILMN_1707351	OR2D3	1.385706277202298
ILMN_1728067	OR2F1	0.24717446377709593
ILMN_1772073	OR2F2	1.4645618193955394
ILMN_1772179	OR2G2	0.52081431841553
ILMN_2092987	OR2G3	3.442089764149174
ILMN_1766087	OR2G6	0.0
ILMN_1691962	OR2H1	0.0
ILMN_1812980	OR2H2	1.8779930357042218
ILMN_2227377	OR2J2	0.4635914905966667
ILMN_1804722	OR2J3	0.4716807986796001
ILMN_1745801	OR2K2	0.0
ILMN_1701454	OR2L13	0.31230680912482783
ILMN_2130158	OR2L1P	0.9407190577943373
ILMN_1680225	OR2L2	1.4543199387657857
ILMN_1754846	OR2L3	4.272411875745517
ILMN_2129658	OR2L8	0.4187398164488582
ILMN_2194148	OR2M1P	2.979738866324309
ILMN_1769374	OR2M2	1.7620720341930562
ILMN_1674543	OR2M3	1.2704140295887736
ILMN_1795920	OR2M4	1.386103108190808
ILMN_1699872	OR2M5	0.27267835888276987
ILMN_1655713	OR2M7	0.974621237975378
ILMN_1801748	OR2S2	0.841494758924335
ILMN_1772882	OR2T1	3.4572914494600986
ILMN_1739168	OR2T10	0.0
ILMN_1760065	OR2T11	4.610062185062454
ILMN_1775467	OR2T12	4.582035015526561
ILMN_1656221	OR2T27	0.3371886116946132
ILMN_1663840	OR2T29	1.277756637599702
ILMN_1735906	OR2T3	0.149118091925608
ILMN_1738033	OR2T33	3.545064917053771
ILMN_1744834	OR2T34	1.3886951662799005
ILMN_1795254	OR2T35	0.7845425444724086
ILMN_1793151	OR2T4	0.6532356699116822
ILMN_2228155	OR2T5	0.0
ILMN_1720617	OR2T6	4.524213451800158
ILMN_1771209	OR2T8	0.27140019566931034
ILMN_1686534	OR2V2	0.7961898423366853
ILMN_1693487	OR2W1	0.36706839292495214
ILMN_1811927	OR2W3	4.972275531097021
ILMN_1758356	OR2W5	4.312419443370291
ILMN_1791587	OR2Y1	0.23211650077295928
ILMN_1779406	OR2Z1	2.603077874653803
ILMN_1798534	OR3A1	2.85416915175364
ILMN_1719848	OR3A2	3.4382013622112115
ILMN_1801987	OR3A3	0.87082653752006
ILMN_2129600	OR4A15	2.9437211897946907
ILMN_1808683	OR4A16	4.73191513302666
ILMN_1797169	OR4A47	0.14923968958895106
ILMN_1728894	OR4A5	1.0244848162573483
ILMN_1756038	OR4B1	1.2663135670854253
ILMN_1740816	OR4C11	3.0132295304961154
ILMN_1777706	OR4C12	2.389534714960742
ILMN_1730984	OR4C13	0.9959887654279206
ILMN_2153547	OR4C15	4.237061413745248
ILMN_1691811	OR4C16	0.9504986708635337
ILMN_1780041	OR4C3	1.4850226350735334
ILMN_1803291	OR4C45	4.220149150913155
ILMN_3251256	OR4C46	1.7768153786358425
ILMN_1718594	OR4C6	0.0
ILMN_1675425	OR4D1	2.673913083306221
ILMN_1800387	OR4D10	4.431105087723947
ILMN_1779078	OR4D11	0.3421024395660747
ILMN_1807883	OR4D2	2.4484650644340875
ILMN_1677270	OR4D5	1.34556280372378
ILMN_1813776	OR4D6	3.594954281175666
ILMN_1714841	OR4D9	0.16583439316318818
ILMN_1702807	OR4E2	0.7794564519466877
ILMN_1799942	OR4F15	0.49448563245076155
ILMN_1690796	OR4F16	1.5594055760454866
ILMN_3236198	OR4F17	2.965420948620166
ILMN_1690048	OR4F21	3.75633847644322
ILMN_3242693	OR4F29	2.369196464528818
ILMN_2200714	OR4F3	3.046487026682898
ILMN_1690200	OR4F4	2.8320823239179873
ILMN_2200738	OR4F5	1.167412612487378
ILMN_1697349	OR4F6	0.7721965450832302
ILMN_1696924	OR4K1	0.5759254612797124
ILMN_1760287	OR4K13	4.478610976633187
ILMN_1769912	OR4K14	3.0145448995871997
ILMN_1761294	OR4K15	1.1830727858734802
ILMN_1677954	OR4K17	1.9252616476394284
ILMN_1690004	OR4K2	1.597212890273583
ILMN_2123392	OR4K5	1.1153392751079878
ILMN_2330310	OR4L1	3.176357023417592
ILMN_1800923	OR4M1	4.606755432814104
ILMN_2206224	OR4M2	5.422385664021444
ILMN_1706649	OR4N2	2.7436847363862893
ILMN_1735042	OR4N4	2.2998522867225026
ILMN_1738700	OR4N5	0.9848147592535641
ILMN_1804845	OR4P4	1.7444301277049437
ILMN_1737373	OR4Q3	3.15871753982263
ILMN_1670149	OR4S1	2.5695741121863485
ILMN_1727352	OR4S2	0.3942806326772644
ILMN_1764512	OR4X1	3.721568429868133
ILMN_1688825	OR4X2	0.14319099289542062
ILMN_1797638	OR51A2	0.28705994759999803
ILMN_1744033	OR51A4	1.341164022138157
ILMN_1679012	OR51A7	2.164412931926895
ILMN_1770306	OR51B2	0.5653555338693337
ILMN_1779758	OR51B4	1.9966095258590675
ILMN_1657002	OR51B5	1.1590013211432924
ILMN_1789826	OR51B6	0.0
ILMN_1740031	OR51D1	2.992263887249214
ILMN_1750330	OR51E1	0.5452217843025771
ILMN_1719298	OR51E2	4.049674259807799
ILMN_1808825	OR51F1	3.5021158334439684
ILMN_1783225	OR51F2	0.780831219311445
ILMN_1659063	OR51G1	0.16125275830027314
ILMN_1743203	OR51G2	1.1688302005838895
ILMN_1815230	OR51I1	0.4937313320831402
ILMN_1700540	OR51I2	1.7872862485039622
ILMN_1697758	OR51L1	0.15041375644603427
ILMN_1766270	OR51M1	4.0329481765245125
ILMN_1765445	OR51Q1	3.0827936533427507
ILMN_1726969	OR51S1	0.7806123251573162
ILMN_1755869	OR51T1	3.5573628327946927
ILMN_1805062	OR51V1	1.5435896201732378
ILMN_1750153	OR52A1	0.0
ILMN_2178509	OR52A5	2.281328225788489
ILMN_1786946	OR52B2	0.5488820282308312
ILMN_1776846	OR52B4	0.0
ILMN_1811599	OR52B6	5.330257797386583
ILMN_1815548	OR52D1	3.283208336597099
ILMN_1708238	OR52E2	0.9164869372040908
ILMN_1734306	OR52E4	0.0
ILMN_1784834	OR52E6	2.9279648271519974
ILMN_1764613	OR52E8	0.8129708073959412
ILMN_1770701	OR52H1	0.8351526911451538
ILMN_1743226	OR52I1	2.292387096582973
ILMN_1768064	OR52I2	0.0
ILMN_1694774	OR52J3	1.4567711415433173
ILMN_1757795	OR52K1	4.460344525492046
ILMN_1730441	OR52K2	1.0919865556960038
ILMN_1765613	OR52L1	1.6750910432013413
ILMN_1725686	OR52M1	1.5095055775763726
ILMN_1770442	OR52N1	0.8284883777081076
ILMN_1681975	OR52N2	5.360923235114118
ILMN_1669135	OR52N4	0.4099577540357176
ILMN_1794767	OR52N5	5.915526816855675
ILMN_1762400	OR52R1	1.4035573301829034
ILMN_1702824	OR52W1	1.8564058794778733
ILMN_1667803	OR56A1	0.6801697511373765
ILMN_1719083	OR56A3	0.15910090755611803
ILMN_1705551	OR56A4	0.7740583428837763
ILMN_3280429	OR56A5	0.6226034778097747
ILMN_1724166	OR56B1	5.684980557125741
ILMN_1674659	OR56B4	1.4348068892940302
ILMN_1730209	OR5A1	3.7488947381937066
ILMN_1690696	OR5A2	0.8502335265037098
ILMN_1787849	OR5AC2	0.0
ILMN_1720756	OR5AK2	2.662290889918636
ILMN_1711929	OR5AN1	3.2781290102272957
ILMN_1780952	OR5AP2	3.4443562915001724
ILMN_1758663	OR5AR1	2.1846988349063285
ILMN_1698894	OR5AS1	3.9843928720736685
ILMN_1790744	OR5AU1	0.0
ILMN_1740776	OR5B12	0.388363919681504
ILMN_1813882	OR5B17	0.6529774864075959
ILMN_1708772	OR5B2	2.2176146434293558
ILMN_1724677	OR5B21	0.7334407334408096
ILMN_1693693	OR5B3	1.530587772175368
ILMN_1795178	OR5C1	1.7374457310305929
ILMN_1790238	OR5D13	0.44528077274137484
ILMN_1801240	OR5D14	2.983521270392011
ILMN_2082903	OR5D16	4.256427955850349
ILMN_1714449	OR5D18	2.5475598629470966
ILMN_1764216	OR5F1	3.1226648252249514
ILMN_1914266	OR5G5P	4.699329474620366
ILMN_1732901	OR5H1	0.5381091593939215
ILMN_1716061	OR5H14	0.8781758995495713
ILMN_1680886	OR5H15	1.1634103933149829
ILMN_1777084	OR5H2	0.03128370731805446
ILMN_1766438	OR5H6	0.4686141460889253
ILMN_1664771	OR5I1	0.334193409752272
ILMN_1689611	OR5J2	0.19796275074043337
ILMN_1790988	OR5K1	0.507724847966872
ILMN_1662735	OR5K2	1.2239809716737378
ILMN_2196609	OR5K3	0.6267930767107882
ILMN_1727522	OR5K4	4.004953185433834
ILMN_1692439	OR5L1	0.8682348256802662
ILMN_1708583	OR5L2	1.5971474571779174
ILMN_3240726	OR5M1	0.16643925731271983
ILMN_2136737	OR5M10	1.775236116278646
ILMN_1792254	OR5M11	0.0
ILMN_1696355	OR5M3	3.1444635839929322
ILMN_1803873	OR5M8	4.082423875224411
ILMN_1761042	OR5M9	3.109307862473931
ILMN_1721578	OR5P2	0.5928519204308131
ILMN_1774715	OR5P3	4.163091533127376
ILMN_1655449	OR5R1	2.5369187247920486
ILMN_1766698	OR5T1	0.0
ILMN_1723322	OR5T2	1.2261916345760417
ILMN_1703749	OR5T3	1.4951199441744922
ILMN_1683352	OR5V1	2.4805295516007133
ILMN_1757164	OR5W2	1.9546076026478927
ILMN_1686244	OR6A2	0.6627003979825389
ILMN_1691080	OR6B1	0.0
ILMN_1672658	OR6B2	0.12939533080959112
ILMN_1786267	OR6B3	0.25245274328212786
ILMN_1799246	OR6C1	0.0
ILMN_1800182	OR6C2	0.6916977630780798
ILMN_1703910	OR6C3	0.16903107415749807
ILMN_1708747	OR6C4	0.8809260389627696
ILMN_1711517	OR6C6	0.3854255632531604
ILMN_1763422	OR6C65	1.5551090973103348
ILMN_1763728	OR6C68	2.393401532914425
ILMN_2208895	OR6C70	1.7540575387313904
ILMN_1809148	OR6C74	1.5626464696759024
ILMN_1737144	OR6C75	2.2424648273712147
ILMN_1651940	OR6C76	0.08903681246649786
ILMN_1758129	OR6F1	0.2787400034320754
ILMN_1684901	OR6K2	0.0
ILMN_1781025	OR6K3	2.1098755646139984
ILMN_1714817	OR6K6	1.6376010978416893
ILMN_1815093	OR6M1	1.9067262062878332
ILMN_1754929	OR6N1	0.2141092286505509
ILMN_1724427	OR6N2	0.7122358089168824
ILMN_3308088	OR6P1	1.4081694709394725
ILMN_1686245	OR6Q1	0.17075545226454092
ILMN_2101270	OR6S1	0.5160382635834919
ILMN_1744886	OR6T1	0.389228805863753
ILMN_1715259	OR6V1	3.916161372553993
ILMN_2140895	OR6W1P	2.064439153389125
ILMN_1756210	OR6X1	1.0261426081212819
ILMN_1683046	OR6Y1	1.885472285503521
ILMN_1711557	OR7A10	1.37516145516076
ILMN_1704485	OR7A17	2.968536685356193
ILMN_1711353	OR7A5	0.0
ILMN_1729874	OR7C1	0.0
ILMN_1795018	OR7C2	4.920892803765337
ILMN_1722426	OR7D2	2.107220379573242
ILMN_1729020	OR7D4	0.7952405427442679
ILMN_2090351	OR7E156P	10.176542322059328
ILMN_2231177	OR7E24	5.103390114875093
ILMN_2199926	OR7E37P	1.9821343539307879
ILMN_2134723	OR7E91P	2.9111323677926912
ILMN_1789666	OR7G1	2.467158312115532
ILMN_1694051	OR7G2	4.814533816104453
ILMN_1797878	OR7G3	1.9821048973990993
ILMN_1666148	OR8A1	0.7504141035695318
ILMN_2123550	OR8B12	1.2566570957806034
ILMN_1815849	OR8B2	0.0
ILMN_1719241	OR8B3	0.47938784592498634
ILMN_1757259	OR8B4	1.619001769323294
ILMN_1720694	OR8B8	1.0415453524714973
ILMN_1742753	OR8D1	0.3544293953796265
ILMN_1745928	OR8D2	1.360737831219433
ILMN_1773278	OR8D4	0.336377439875114
ILMN_1768894	OR8G1	1.1566673073201394
ILMN_1787330	OR8G2	2.9935050972949657
ILMN_1740409	OR8G5	0.301534964045705
ILMN_2187002	OR8H1	1.1251959278091388
ILMN_1660686	OR8H2	2.470119474285513
ILMN_1768161	OR8H3	2.75701351428366
ILMN_1755775	OR8I2	2.6387001958300225
ILMN_1695940	OR8J1	0.8733508151979872
ILMN_2219038	OR8J3	2.8343367574331393
ILMN_1783643	OR8K1	0.11499086688402538
ILMN_1808262	OR8K3	0.4475518606099182
ILMN_1793962	OR8K5	4.216529334618319
ILMN_1690296	OR8S1	0.5864279609534035
ILMN_2206041	OR8U1	3.6078923152066156
ILMN_1722515	OR8U8	0.271332005692887
ILMN_2102356	OR8U9	4.3998643075729875
ILMN_1703883	OR9A2	2.35124670248717
ILMN_1739155	OR9A4	7.124582825144903
ILMN_2089097	OR9G1	1.6504373918277542
ILMN_1761987	OR9G4	0.1416221956280712
ILMN_1750510	OR9G9	1.8337760920505668
ILMN_1734690	OR9I1	2.6264966632707716
ILMN_1751432	OR9K2	0.855915296504052
ILMN_1741939	OR9Q1	0.0066906393385283815
ILMN_1780762	OR9Q2	2.374785679609269
ILMN_1724148	ORAI1	6.383251784491509
ILMN_1652928	ORAI2	1.4024133776266037
ILMN_1736628	ORAI3	2.9548590043833456
ILMN_1762549	ORAOV1	5.979804067128767
ILMN_1727459	ORC1	4.9386821612397656
ILMN_2061452	ORC2	5.957821999758617
ILMN_1784946	ORC3	8.423547195149778
ILMN_1740083	ORC4	6.301144300906528
ILMN_1705093	ORC5	9.573493486177606
ILMN_2215061	ORC6	15.344675743032562
ILMN_1696584	ORM1	1.5372574628666982
ILMN_1731785	ORM2	0.6537849862230249
ILMN_1698406	ORMDL1	10.25506318428524
ILMN_1774708	ORMDL2	3.719247556980615
ILMN_1662174	ORMDL3	8.022373223836249
ILMN_2361807	OS9	7.140213072893996
ILMN_1706376	OSBP	11.192610152869422
ILMN_1781966	OSBP2	4.82108243882634
ILMN_1669497	OSBPL10	6.205849108623329
ILMN_1687410	OSBPL11	5.609601853227371
ILMN_2405602	OSBPL1A	10.151561253808646
ILMN_1656482	OSBPL2	8.49070835568787
ILMN_2328378	OSBPL3	4.9421948479962685
ILMN_2307032	OSBPL5	8.76525593015946
ILMN_1756935	OSBPL6	6.870037868949957
ILMN_1720865	OSBPL7	7.174808847362748
ILMN_1782459	OSBPL8	7.715123761150799
ILMN_2313851	OSBPL9	9.709485857188486
ILMN_1741917	OSCAR	4.337849923758922
ILMN_2273572	OSCP1	7.489190675442882
ILMN_2049727	OSER1	11.934256794940374
ILMN_1753393	OSGEP	8.049896882835723
ILMN_2047676	OSGEPL1	7.343683205027525
ILMN_1757732	OSGIN2	8.682563045254831
ILMN_1780546	OSM	3.982097630445137
ILMN_2205999	OSMR	3.7904988499436167
ILMN_2197128	OSR1	5.9394023590231235
ILMN_1687002	OSR2	0.057254646655846196
ILMN_3247452	OST4	13.439166355590027
ILMN_3236156	OSTC	12.968597334081474
ILMN_1742456	OSTF1	7.857981965367248
ILMN_1720303	OSTM1	6.574817777925954
ILMN_1735745	OSTN	2.5292803468763174
ILMN_1749114	OTC	2.1492520940092366
ILMN_1779890	OTOA	0.9750655910700864
ILMN_1663347	OTOF	3.8606763743584533
ILMN_1866255	OTOGL	7.162808725926919
ILMN_2259155	OTOL1	0.0
ILMN_1758983	OTOP1	0.8342445881193443
ILMN_1715612	OTOP2	0.0
ILMN_1662734	OTOP3	0.5148290581217972
ILMN_1718124	OTOR	5.123732995493828
ILMN_1713274	OTOS	0.4666493709250536
ILMN_1659270	OTP	9.213660902443557
ILMN_1723871	OTUB1	7.955407154107433
ILMN_1799198	OTUB2	6.110187678181757
ILMN_1779280	OTUD3	4.382885415813424
ILMN_2287604	OTUD4	1.1282596963433134
ILMN_2088847	OTUD5	6.5823964897984375
ILMN_1730567	OTUD6A	3.1054859285207055
ILMN_2215631	OTUD6B	8.042657119356027
ILMN_1876124	OTUD6B-AS1	5.471797554913337
ILMN_2298160	OTUD7A	5.010522273764727
ILMN_3239298	OTUD7B	1.32722038987193
ILMN_1790062	OTULIN	6.845312423353182
ILMN_1691180	OTX1	0.07631311437121706
ILMN_2323465	OTX2	2.40020668353333
ILMN_1677610	OVCA2	2.5277100573408045
ILMN_1681194	OVCH1	0.39422555199038395
ILMN_1728147	OVCH2	0.36756446704934076
ILMN_1734542	OVGP1	7.59980796888918
ILMN_1692936	OVOL1	1.0025692348869117
ILMN_1724832	OVOL2	0.0
ILMN_1731851	OXA1L	10.956747660680703
ILMN_1813544	OXCT1	7.748391061621703
ILMN_1653730	OXCT2	6.920825869819102
ILMN_1765061	OXER1	2.37324558408478
ILMN_1709091	OXGR1	1.1577025282849447
ILMN_2043615	OXLD1	10.2231277766515
ILMN_1764770	OXNAD1	7.39722739852379
ILMN_1737462	OXR1	11.813565506976042
ILMN_1683992	OXSM	6.02297236009968
ILMN_1811489	OXSR1	10.022692159685024
ILMN_1735124	OXT	1.561283353885223
ILMN_1804929	OXTR	6.5290018682421875
ILMN_1758529	P2RX1	4.027279362909705
ILMN_2299450	P2RX2	6.594275697144359
ILMN_1654997	P2RX3	6.576598777486802
ILMN_1813846	P2RX4	6.855606007458647
ILMN_1677793	P2RX5	4.762664539110632
ILMN_3243924	P2RX6	6.25391157814109
ILMN_2112744	P2RX6P	3.1994562000318627
ILMN_1759326	P2RX7	4.766765828195207
ILMN_1842850	P2RY1	4.608680860149087
ILMN_1784774	P2RY10	4.673265491895008
ILMN_1752226	P2RY11	6.047314855184491
ILMN_2320164	P2RY12	3.1007695189199587
ILMN_1664525	P2RY13	0.41609340879404755
ILMN_2258409	P2RY14	1.6843500127873254
ILMN_1723535	P2RY2	1.179008427372167
ILMN_1721630	P2RY4	3.5790898926716603
ILMN_1790029	P2RY6	2.0983273519373102
ILMN_1768284	P2RY8	2.911740845553583
ILMN_1664294	P3H1	8.74120966838795
ILMN_1657373	P3H2	7.045375138564171
ILMN_1705682	P3H3	7.044955771607615
ILMN_1655663	P3H4	7.991046681780834
ILMN_1693334	P4HA1	11.025031348319324
ILMN_1795778	P4HA2	9.981235923083394
ILMN_1690121	P4HA3	2.6872906144953723
ILMN_1719303	P4HB	11.896216831955245
ILMN_3300313	P4HTM	10.65266775172292
ILMN_1728984	PA2G4	9.091666173101295
ILMN_2181748	PA2G4P4	1.2132954425090714
ILMN_1652753	PAAF1	10.312581940133025
ILMN_1761155	PABPC1	13.683052749248935
ILMN_1745409	PABPC1L2A	5.412836813038372
ILMN_2322446	PABPC1L2B	3.8226557578257605
ILMN_3300789	PABPC1P2	3.123590964596191
ILMN_1718128	PABPC3	6.371923232808503
ILMN_1757343	PABPC4	11.506026221391076
ILMN_3241262	PABPC4L	3.119906011472901
ILMN_1796926	PABPC5	8.936124411847143
ILMN_1759154	PABPN1	10.39239739993816
ILMN_2254943	PABPN1L	3.487707801489572
ILMN_2363744	PACRG	8.23523742119301
ILMN_1893532	PACRG-AS1	1.1020214682046676
ILMN_1897890	PACRG-AS2	6.097710932855191
ILMN_2205695	PACRGL	5.216935568646842
ILMN_1716488	PACS1	7.077183971132798
ILMN_1719864	PACS2	7.638666789721306
ILMN_1751020	PACSIN1	6.931813605352159
ILMN_1702396	PACSIN2	10.624754482052387
ILMN_1682957	PACSIN3	3.906940741805972
ILMN_1732323	PADI1	1.8209476368642912
ILMN_1771223	PADI2	5.286915721704138
ILMN_1758888	PADI3	2.6599620495940686
ILMN_1807529	PADI4	1.978480170517862
ILMN_1748221	PADI6	1.6660839381366968
ILMN_1748004	PAEP	1.2776673777322867
ILMN_1669508	PAF1	9.267975415144212
ILMN_1722276	PAFAH1B1	9.586749476203016
ILMN_1743319	PAFAH1B2	5.674012333805687
ILMN_1748093	PAFAH1B3	12.98113698329501
ILMN_1682919	PAFAH2	5.2257755161991755
ILMN_2055156	PAG1	6.534726119394794
ILMN_1778623	PAGE1	0.4748880136962248
ILMN_1724213	PAGE2	0.39220754101101724
ILMN_1706140	PAGE2B	0.16693764782700513
ILMN_1733722	PAGE3	2.6608450799394707
ILMN_1782754	PAGE4	0.9314947371552816
ILMN_1744656	PAGE5	0.9474491509403848
ILMN_2194828	PAGR1	10.536465080684687
ILMN_1662214	PAH	3.547470972896512
ILMN_2392546	PAICS	12.074520701067314
ILMN_2312386	PAIP1	7.433558274535163
ILMN_1784753	PAIP2	12.643985322587634
ILMN_1761993	PAIP2B	1.0215540728583592
ILMN_1767365	PAK1	9.956135876733407
ILMN_1726064	PAK1IP1	9.140876210698895
ILMN_1712687	PAK2	9.596358258177284
ILMN_2130218	PAK3	5.855914335041113
ILMN_1728887	PAK4	8.71493386115505
ILMN_1770938	PAK5	7.061431213331187
ILMN_1708223	PAK6	5.002497958245574
ILMN_1723793	PALB2	5.804142015840719
ILMN_1796751	PALD1	7.460493362654759
ILMN_1698732	PALLD	9.360525467298155
ILMN_1812031	PALM	12.55067655386656
ILMN_2369403	PALM2	4.741101988473382
ILMN_2281225	PALM2-AKAP2	0.5803523295195254
ILMN_1657235	PALM3	3.650350638151433
ILMN_1761206	PALMD	5.544914895482421
ILMN_2313901	PAM	11.792826915028556
ILMN_1763884	PAM16	11.03975171061704
ILMN_1658356	PAMR1	6.9394905849695165
ILMN_1658373	PAN2	8.082867141627663
ILMN_1681304	PAN3	8.090248684172279
ILMN_2316918	PANK1	5.679347849076769
ILMN_1708095	PANK2	8.136738413584473
ILMN_2195665	PANK3	8.718750929775254
ILMN_1743910	PANK4	6.754678887610935
ILMN_1697817	PANX1	6.498774511799255
ILMN_1694810	PANX2	8.558153425990806
ILMN_1811316	PANX3	2.1360712969124105
ILMN_2363058	PAOX	7.5483610594326835
ILMN_1681845	PAPD4	8.961769554572676
ILMN_1710571	PAPD5	8.395909475105974
ILMN_1756793	PAPD7	8.951195951263312
ILMN_1710495	PAPLN	0.6902668349293314
ILMN_1798354	PAPOLA	9.494879288474259
ILMN_1652088	PAPOLB	1.028489232931725
ILMN_1786275	PAPOLG	5.478409856998902
ILMN_1721770	PAPPA	7.8083269514266
ILMN_1792002	PAPPA2	1.8271813984331289
ILMN_1781819	PAPSS1	10.818232034705
ILMN_2410929	PAPSS2	4.583339454963423
ILMN_1716071	PAQR3	10.11638262271529
ILMN_1660793	PAQR4	10.384605787793797
ILMN_1806434	PAQR5	2.444322914073422
ILMN_1737631	PAQR6	4.8460979978747725
ILMN_1746618	PAQR7	8.640773085984224
ILMN_1694589	PAQR8	7.222011627225566
ILMN_1798327	PAQR9	2.185227171251916
ILMN_1710524	PARD3	5.24764069920015
ILMN_2324909	PARD3B	3.2776663234740755
ILMN_1654112	PARD6A	9.268689607688867
ILMN_1745154	PARD6B	4.231474545977075
ILMN_1674344	PARD6G	6.804384229028959
ILMN_2410428	PARG	7.197187385636879
ILMN_1714511	PARK2	3.4706514367504497
ILMN_1744713	PARK7	13.60280332272435
ILMN_1731354	PARL	10.769038969542544
ILMN_1656560	PARM1	7.7625443924483095
ILMN_1724811	PARN	8.07323584034748
ILMN_1686871	PARP1	11.330382616881431
ILMN_2262044	PARP10	3.7796477242548314
ILMN_2129877	PARP11	7.4875016281287685
ILMN_1718558	PARP12	2.360410971212096
ILMN_1691731	PARP14	4.610265639760242
ILMN_1776778	PARP15	1.903506036607703
ILMN_1812080	PARP16	5.212448739706874
ILMN_1757995	PARP2	9.12443388833684
ILMN_2397954	PARP3	8.36950428167626
ILMN_1776464	PARP4	8.021316782121259
ILMN_1662256	PARP6	8.934708131539844
ILMN_1806651	PARP8	10.23664418108123
ILMN_1731224	PARP9	4.710317205019671
ILMN_1727055	PARPBP	5.7692811852031225
ILMN_1696827	PARS2	5.62925240139571
ILMN_3307854	PART1	2.9132798712786223
ILMN_1849399	PARTICL	7.401523235763228
ILMN_3307892	PARVA	8.958623827850309
ILMN_1787919	PARVB	6.7296471082636735
ILMN_1695851	PARVG	1.5742585007552978
ILMN_1797295	PASD1	0.7409733352471872
ILMN_1667022	PASK	6.662195021277591
ILMN_3235416	PATE1	5.650713270105451
ILMN_2133784	PATE2	7.871019622110698
ILMN_3238982	PATE3	8.005258282561806
ILMN_3262321	PATE4	1.2889518251193886
ILMN_1747318	PATJ	5.63662143850425
ILMN_1680782	PATL1	9.106553907463296
ILMN_3229046	PATL2	1.878208979955704
ILMN_1759297	PATZ1	5.4520571640068765
ILMN_1806907	PAWR	7.765105964139161
ILMN_1682096	PAX1	0.733575545960128
ILMN_1734365	PAX2	3.7399764639367437
ILMN_1757053	PAX3	8.701496244533871
ILMN_1793101	PAX4	1.0988475711392316
ILMN_1687052	PAX5	0.07079245836966536
ILMN_2314140	PAX6	10.057960872418475
ILMN_1835658	PAX7	7.181091408008824
ILMN_2319292	PAX8	4.553810430674939
ILMN_3246060	PAX8-AS1	4.644482211500482
ILMN_1731506	PAX9	3.6800176118765506
ILMN_2251978	PAXBP1	9.324552261748977
ILMN_1680193	PAXIP1	7.345436006070728
ILMN_3218292	PAXIP1-AS1	11.122443486790948
ILMN_3231439	PAXIP1-AS2	0.96609155698537
ILMN_1768176	PBDC1	9.307400013822454
ILMN_1673673	PBK	9.147553981304126
ILMN_1789653	PBLD	5.720540108504086
ILMN_1729864	PBOV1	1.7126747700934437
ILMN_1784678	PBX1	9.214309933411164
ILMN_1682699	PBX2	10.610076904089704
ILMN_1810100	PBX3	12.773275623142027
ILMN_1700762	PBX4	7.567835968537814
ILMN_1814315	PBXIP1	2.2109841064400455
ILMN_1671489	PC	6.215598690948433
ILMN_3239648	PCA3	0.0
ILMN_3238767	PCAT18	2.473293600902368
ILMN_3236437	PCAT4	2.2382787210456345
ILMN_1786105	PCBD1	9.771366218390698
ILMN_1651364	PCBD2	5.268534389628882
ILMN_1673215	PCBP1	13.992412407432688
ILMN_2312296	PCBP2	13.829237105933393
ILMN_1687216	PCBP3	5.813166828748959
ILMN_1728498	PCBP4	11.108586814598974
ILMN_1714384	PCCA	9.310671067199221
ILMN_1761010	PCCB	11.163952472141252
ILMN_1716758	PCDH1	4.640284252903213
ILMN_1715458	PCDH10	6.801581549764516
ILMN_2329625	PCDH11X	3.2681628736598367
ILMN_2254722	PCDH11Y	2.6388153491440174
ILMN_1673129	PCDH12	2.523273114720333
ILMN_1776685	PCDH15	4.556623739785388
ILMN_2229877	PCDH18	9.204056884206995
ILMN_1805132	PCDH19	6.350638232138216
ILMN_1703572	PCDH20	5.022840664511297
ILMN_1670383	PCDH7	4.031127052593029
ILMN_1740623	PCDH8	6.311929619304288
ILMN_1752294	PCDH9	8.18341496990585
ILMN_1666659	PCDHA1	7.862468975088855
ILMN_1669474	PCDHA10	0.32717642560821963
ILMN_1740494	PCDHA11	3.8232000116096647
ILMN_2338687	PCDHA12	5.009937214029141
ILMN_2410449	PCDHA13	0.4415617028220263
ILMN_1656033	PCDHA2	5.362244340823665
ILMN_2290893	PCDHA3	5.8409887716442315
ILMN_1675822	PCDHA4	1.2316418859458482
ILMN_1702205	PCDHA5	2.177399467508997
ILMN_1799335	PCDHA6	1.3825082483354363
ILMN_2388461	PCDHA7	4.751326934768738
ILMN_1757303	PCDHA8	1.284770576951756
ILMN_1702420	PCDHA9	4.603291638695006
ILMN_1791833	PCDHAC1	0.8145132246621829
ILMN_1777024	PCDHAC2	4.367747734775444
ILMN_1744863	PCDHB1	1.536050858507269
ILMN_2041483	PCDHB10	6.837271326499244
ILMN_1747596	PCDHB11	0.5173880072907214
ILMN_1783671	PCDHB12	4.886024961420888
ILMN_1766950	PCDHB13	1.0404529497192507
ILMN_1778327	PCDHB14	4.9006518823259055
ILMN_1740857	PCDHB15	1.6560742307528198
ILMN_2100258	PCDHB16	5.755519674661442
ILMN_2185866	PCDHB17P	8.486988075627378
ILMN_2170476	PCDHB18P	2.9799342919399003
ILMN_1690237	PCDHB19P	7.133716304102094
ILMN_2227757	PCDHB2	11.752926097462053
ILMN_1745213	PCDHB3	4.274233859271173
ILMN_1722673	PCDHB4	5.144895266851409
ILMN_1814710	PCDHB5	1.2775317388146035
ILMN_1766377	PCDHB6	1.9501857719380171
ILMN_1738252	PCDHB7	0.5482677458018316
ILMN_1801051	PCDHB8	0.0
ILMN_2047885	PCDHB9	8.689039340546122
ILMN_2404516	PCDHGA1	3.5132192039856256
ILMN_2356331	PCDHGA10	5.472307758124331
ILMN_2386379	PCDHGA11	0.4354455565048374
ILMN_1653040	PCDHGA12	2.781485888850787
ILMN_1815131	PCDHGA2	0.35268202009222466
ILMN_1654228	PCDHGA3	3.2718323487067686
ILMN_1717168	PCDHGA4	0.29685740283181056
ILMN_2251963	PCDHGA5	3.371000061122666
ILMN_2411480	PCDHGA6	0.2907855091719857
ILMN_1748889	PCDHGA7	0.8714683808650605
ILMN_1793965	PCDHGA8	0.9430424414817238
ILMN_1711283	PCDHGA9	3.498389380438262
ILMN_1709824	PCDHGB1	5.41849510276867
ILMN_2391959	PCDHGB2	0.0
ILMN_1746708	PCDHGB3	2.0672171503820573
ILMN_1719533	PCDHGB4	3.2238995676547453
ILMN_1811103	PCDHGB5	0.5547547370299352
ILMN_1701644	PCDHGB6	7.136623538938525
ILMN_1737940	PCDHGB7	1.8897260015472526
ILMN_1803296	PCDHGB8P	0.6043723857142286
ILMN_1675428	PCDHGC3	5.2896615040732184
ILMN_1742538	PCDHGC4	2.632913266216649
ILMN_1655171	PCDHGC5	0.8433584591197155
ILMN_1676302	PCED1A	8.370891162351837
ILMN_1712431	PCED1B	4.162417890291619
ILMN_3247853	PCED1B-AS1	2.4825006656753357
ILMN_1798602	PCF11	5.561040626436185
ILMN_3243375	PCGEM1	0.0
ILMN_1757956	PCGF1	8.164608903774516
ILMN_1809859	PCGF2	10.091063108602194
ILMN_1803454	PCGF3	4.357035589753995
ILMN_1788059	PCGF5	4.011679318835395
ILMN_1656574	PCGF6	8.709237721655866
ILMN_1788024	PCID2	11.138270148754676
ILMN_2232368	PCIF1	5.17946366195999
ILMN_1731948	PCK1	3.801844833851215
ILMN_1671791	PCK2	6.952152262093571
ILMN_3230160	PCLO	5.85582561818918
ILMN_2042595	PCM1	9.598566942120156
ILMN_1671621	PCMT1	12.501052942721957
ILMN_1737426	PCMTD1	9.0369231446299
ILMN_1767848	PCMTD2	7.9333889612251625
ILMN_1694177	PCNA	9.095442491334294
ILMN_1807994	PCNP	12.21416034680543
ILMN_1810922	PCNT	8.553550846808609
ILMN_1740010	PCNX1	7.968270960109131
ILMN_1751793	PCNX2	5.685351997108341
ILMN_1783350	PCNX3	6.509322868954357
ILMN_1680781	PCNX4	9.822282358825015
ILMN_1707070	PCOLCE	7.691218019669775
ILMN_1746888	PCOLCE2	7.133815486458563
ILMN_1720093	PCP2	3.7890473976734866
ILMN_1682326	PCP4	10.326519712872871
ILMN_1681643	PCP4L1	3.781381546600697
ILMN_1710859	PCSK1	8.097623925893755
ILMN_1755582	PCSK1N	10.745968650876954
ILMN_1695003	PCSK2	0.19888399222082842
ILMN_1769018	PCSK4	6.411812351789625
ILMN_1767934	PCSK5	6.091408499856218
ILMN_2292592	PCSK6	4.367358864634461
ILMN_1699545	PCSK7	8.02931729633695
ILMN_1668850	PCSK9	5.185509858556102
ILMN_1802257	PCTP	5.342734492716744
ILMN_2113535	PCYOX1	8.862006989070347
ILMN_1815951	PCYOX1L	6.961158272324469
ILMN_1658310	PCYT1A	3.964666677353518
ILMN_1811597	PCYT1B	2.7981770904249625
ILMN_1652846	PCYT2	7.9882457205866935
ILMN_1693683	PDAP1	5.054223678191009
ILMN_1779037	PDC	3.3692352364512197
ILMN_1806725	PDCD1	0.4470256366690706
ILMN_1766024	PDCD10	9.50676345792433
ILMN_3236503	PDCD11	5.65776957635097
ILMN_2159272	PDCD1LG2	0.0
ILMN_1797684	PDCD2	10.402846131294492
ILMN_1706149	PDCD2L	9.055338792313087
ILMN_2396272	PDCD4	11.293356627531486
ILMN_3199489	PDCD4-AS1	5.001278335558871
ILMN_2228710	PDCD5	9.898293592088303
ILMN_1733931	PDCD6	10.843035501409075
ILMN_1693259	PDCD6IP	7.520345913898139
ILMN_2148290	PDCD7	15.148232201702905
ILMN_1694041	PDCL	8.09302494190448
ILMN_3251264	PDCL2	2.887336482866875
ILMN_1702806	PDCL3	8.816398736290386
ILMN_2128623	PDCL3P4	5.414993233809567
ILMN_1752197	PDDC1	8.416479480998072
ILMN_2121272	PDE10A	4.228705861892717
ILMN_1813325	PDE11A	2.088138932516742
ILMN_1660305	PDE12	7.820210129753815
ILMN_1778924	PDE1A	5.333797436526773
ILMN_1805098	PDE1B	5.410309431162903
ILMN_1667225	PDE1C	3.6874689564025513
ILMN_1681356	PDE2A	1.8300925206499585
ILMN_1805415	PDE3A	4.590416709431905
ILMN_2131381	PDE3B	2.171606265163525
ILMN_1785768	PDE4A	5.605405264477518
ILMN_2340259	PDE4B	8.39735367492175
ILMN_1761277	PDE4C	13.988632990722655
ILMN_1791483	PDE4D	7.851384810796124
ILMN_1659430	PDE4DIP	3.7244810460029583
ILMN_1810836	PDE5A	6.221980684636083
ILMN_2195319	PDE6A	2.0707143874001486
ILMN_1655974	PDE6B	5.722396707377325
ILMN_1730851	PDE6C	4.690779385889262
ILMN_1790680	PDE6D	10.498478959982629
ILMN_1718299	PDE6G	5.629958942280877
ILMN_1702965	PDE6H	3.610131977825173
ILMN_2278819	PDE7A	7.219802959518723
ILMN_1806533	PDE7B	5.9777594316310285
ILMN_2408946	PDE8A	5.695446657234854
ILMN_2301725	PDE8B	5.264376644188395
ILMN_2306540	PDE9A	9.889328670037608
ILMN_1698912	PDF	1.1359279200075905
ILMN_2342695	PDGFA	3.0886771992948443
ILMN_2394305	PDGFB	5.054561656884187
ILMN_1683023	PDGFC	8.305856380661378
ILMN_1803094	PDGFD	5.671693929850392
ILMN_1681949	PDGFRA	3.863457316351958
ILMN_1815057	PDGFRB	9.01640886823507
ILMN_1680339	PDGFRL	9.478706365933421
ILMN_1772369	PDHA1	9.647950565972973
ILMN_1665458	PDHA2	4.4216152100434325
ILMN_1739274	PDHB	11.31248163169996
ILMN_1652357	PDHX	9.081920402462561
ILMN_1804444	PDIA2	7.051905666532797
ILMN_1669753	PDIA3	2.240224264807001
ILMN_2075440	PDIA3P1	9.629946829463135
ILMN_1815261	PDIA4	7.3929130036832005
ILMN_1695763	PDIA5	8.509762860185072
ILMN_1680626	PDIA6	10.485408133922716
ILMN_1806328	PDIK1L	7.435151233141737
ILMN_1729203	PDILT	0.34414318608304856
ILMN_1670256	PDK1	4.574395594488575
ILMN_1705397	PDK2	5.710368414755297
ILMN_1827736	PDK3	9.641551709262133
ILMN_1684982	PDK4	2.05443078750888
ILMN_1788955	PDLIM1	8.610617062277022
ILMN_1669667	PDLIM2	4.161785716914122
ILMN_2230025	PDLIM3	9.431587892891372
ILMN_1663976	PDLIM4	0.0
ILMN_2361478	PDLIM5	6.814060202557951
ILMN_1690125	PDLIM7	11.61879873273562
ILMN_2218780	PDP1	3.59234932818997
ILMN_1797965	PDP2	5.939064670384177
ILMN_2387799	PDPK1	8.757631512587244
ILMN_1670490	PDPN	9.970917718680061
ILMN_1736856	PDPR	3.9729745681269635
ILMN_1731720	PDRG1	10.710800079899874
ILMN_1746696	PDS5B	6.95484866188053
ILMN_2080611	PDSS1	7.7592992687098965
ILMN_1662331	PDSS2	7.0519544070720706
ILMN_3249216	PDX1	1.5054953698531781
ILMN_3243705	PDXDC1	10.504954025547878
ILMN_1660277	PDXDC2P	7.545815833760763
ILMN_1672504	PDXK	10.022459854385183
ILMN_1736441	PDXP	12.837206907615142
ILMN_1747019	PDYN	3.049751915536868
ILMN_2103133	PDZD11	3.7303358773360444
ILMN_1729095	PDZD2	4.324015048537606
ILMN_1722869	PDZD3	0.042791291300792074
ILMN_1708916	PDZD4	10.73201646755473
ILMN_1712660	PDZD7	1.9379571525056623
ILMN_1696962	PDZD8	7.172496639020859
ILMN_1746829	PDZD9	0.47702984183662483
ILMN_1708341	PDZK1	5.571182172338026
ILMN_1708580	PDZK1IP1	0.7094552440799639
ILMN_2406304	PDZRN3	5.088736900510021
ILMN_1707323	PDZRN4	4.830712502508321
ILMN_1771376	PEA15	12.97416086122177
ILMN_1715771	PEAK1	3.587618024640596
ILMN_2407669	PEAR1	4.039571942812331
ILMN_1688089	PEBP1	11.906558208930926
ILMN_1734472	PEBP4	4.569954451774843
ILMN_1689518	PECAM1	1.8650752738070848
ILMN_1814120	PECR	8.058469115016893
ILMN_1729748	PEF1	9.338013561602187
ILMN_2297626	PEG10	10.968170020532122
ILMN_1675331	PEG3	1.4888140296697356
ILMN_3248202	PEG3-AS1	1.1487529858161878
ILMN_1679268	PELI1	10.008610872265404
ILMN_1780132	PELI2	8.484205262752102
ILMN_2176931	PELI3	4.985472830101743
ILMN_1770811	PELO	10.412822620968296
ILMN_1728684	PELP1	9.100275153436558
ILMN_1745806	PEMT	10.213610800921375
ILMN_1717674	PEPD	9.423173886323687
ILMN_1653125	PER1	2.0558483366890687
ILMN_1738095	PER2	7.016938623324841
ILMN_1660986	PER3	5.326885868866345
ILMN_3248570	PER4	1.0026444467660907
ILMN_1775829	PERP	6.88124125916961
ILMN_1656372	PES1	8.309905080837964
ILMN_3209832	PET100	12.525173294861808
ILMN_1748109	PEX1	7.185736232584947
ILMN_2315289	PEX10	6.005685713920688
ILMN_1690695	PEX11A	5.635620193310465
ILMN_1678546	PEX11B	10.083920692261456
ILMN_1710000	PEX11G	6.911619697670872
ILMN_2200708	PEX12	1.2757929021126693
ILMN_1683916	PEX13	6.963596923669564
ILMN_1763634	PEX14	6.598439666251822
ILMN_1701466	PEX16	10.271164908704037
ILMN_1658759	PEX19	9.213456905697191
ILMN_1743299	PEX2	10.410533443109927
ILMN_1770643	PEX26	1.8724773228307787
ILMN_2057389	PEX3	0.0
ILMN_1660232	PEX5	11.520882508196062
ILMN_2183891	PEX5L	2.9272319976844017
ILMN_1683279	PEX6	8.128895810304991
ILMN_1729650	PEX7	8.659288633135636
ILMN_1767037	PF4	0.4424115132758879
ILMN_1745522	PF4V1	1.270253541126353
ILMN_1755862	PFAS	8.106218827060857
ILMN_1717855	PFDN1	11.069652185077956
ILMN_1678754	PFDN2	5.9649787385020145
ILMN_1801762	PFDN4	6.688760756163877
ILMN_1755536	PFDN5	14.718569028092192
ILMN_1661490	PFDN6	8.98282090619568
ILMN_1741600	PFKFB1	3.2381035938555027
ILMN_1796560	PFKFB2	4.711919770596157
ILMN_2186061	PFKFB3	9.592652575743442
ILMN_1653292	PFKFB4	10.109163689648087
ILMN_1713037	PFKL	8.408502092396091
ILMN_2043809	PFKM	11.255447810003231
ILMN_1805737	PFKP	10.599404357230597
ILMN_2151817	PFN1	13.848749376004898
ILMN_2387496	PFN1P2	0.0
ILMN_1775448	PFN2	12.236468155883427
ILMN_1718018	PFN3	0.0
ILMN_1792383	PFN4	6.175608058085906
ILMN_1687842	PGA3	4.783689499131882
ILMN_2232630	PGA4	0.5590869968633655
ILMN_1717572	PGA5	2.126189197728394
ILMN_2112417	PGAM1	12.386658616428832
ILMN_1668072	PGAM2	2.163849864654624
ILMN_1706841	PGAM4	12.154432414254785
ILMN_1748027	PGAM5	1.9243789401116163
ILMN_2185665	PGAP1	7.816133397366763
ILMN_1755405	PGAP2	9.717139855541348
ILMN_1805636	PGAP3	8.00963609543861
ILMN_1791949	PGBD1	7.43829063718194
ILMN_1735075	PGBD2	1.8518076079914714
ILMN_1737416	PGBD3	3.537750720470154
ILMN_1651690	PGBD4	4.184201254764738
ILMN_1795484	PGC	1.6803778504806335
ILMN_1913475	PGCP1	0.9236021270681092
ILMN_1794165	PGD	12.007761512523677
ILMN_1809813	PGF	5.064343218220276
ILMN_1794707	PGGHG	7.023954290128946
ILMN_2156786	PGGT1B	5.8675974007025244
ILMN_1755749	PGK1	12.523661636016842
ILMN_2161955	PGK2	1.1027020042506914
ILMN_1797005	PGLS	10.078311113438687
ILMN_1704870	PGLYRP1	3.642763647161751
ILMN_3307921	PGLYRP2	2.77191564646002
ILMN_2046750	PGLYRP3	2.65370205969857
ILMN_1781389	PGLYRP4	4.7819782782890465
ILMN_1800659	PGM1	11.181264129522305
ILMN_1673543	PGM2	7.736299981676684
ILMN_1716265	PGM2L1	11.071015552073563
ILMN_1693620	PGM3	8.646768432015127
ILMN_2271149	PGM5	3.120785518252393
ILMN_3247400	PGM5-AS1	4.132064676046167
ILMN_2069399	PGM5P2	1.071046977524596
ILMN_2057566	PGP	6.626397569562658
ILMN_1707513	PGPEP1	1.210011700996157
ILMN_1679780	PGPEP1L	2.0808885709172014
ILMN_1811014	PGR	2.3793943453644952
ILMN_1684771	PGRMC1	13.632763203221728
ILMN_2195236	PGRMC2	10.390430592543899
ILMN_2075051	PGS1	8.51652810006058
ILMN_1736982	PHACTR1	7.423197988592018
ILMN_1790533	PHACTR2	5.83581877528299
ILMN_1666222	PHACTR3	10.96684339166634
ILMN_1736548	PHACTR4	9.487328651401308
ILMN_1728074	PHAX	9.485279497185358
ILMN_1692651	PHB	8.711022047332952
ILMN_1696087	PHB2	11.338184507931409
ILMN_1796710	PHC1	8.425610201653003
ILMN_1808047	PHC2	8.269914388938295
ILMN_1792353	PHC3	2.059784303264306
ILMN_1668242	PHEX	2.573947013542808
ILMN_1746968	PHF1	8.705769505344266
ILMN_1690138	PHF10	5.7195503724681585
ILMN_1776723	PHF11	7.814698469752572
ILMN_1730799	PHF12	5.393986764717798
ILMN_1761560	PHF13	9.764436890997688
ILMN_1697975	PHF14	6.962752911799343
ILMN_1713249	PHF19	7.45505446650002
ILMN_1720476	PHF2	8.776206840914513
ILMN_1813657	PHF20	7.975611893982841
ILMN_1732985	PHF20L1	6.609548678514021
ILMN_1699496	PHF21A	11.31605329295247
ILMN_1790154	PHF21B	9.95730003808345
ILMN_1746135	PHF23	9.19581035535703
ILMN_3246625	PHF24	6.297854980215598
ILMN_1798164	PHF3	10.09730075578428
ILMN_2112402	PHF5A	12.813832439217029
ILMN_1766110	PHF6	7.440468170736399
ILMN_1699514	PHF7	1.1548716340322795
ILMN_1711318	PHF8	2.357444209882957
ILMN_1704537	PHGDH	12.396404626214164
ILMN_1788689	PHIP	9.97065824032574
ILMN_1812503	PHKA1	6.359670943779588
ILMN_1814074	PHKA2	7.258982891778221
ILMN_1800447	PHKB	8.539702795256302
ILMN_2113102	PHKG1	3.4531777847718215
ILMN_1669607	PHKG2	7.485196844920726
ILMN_1687978	PHLDA1	9.315195828294799
ILMN_1671557	PHLDA2	4.195906598692339
ILMN_1659106	PHLDA3	8.216490837043644
ILMN_1666819	PHLDB1	9.97664167189371
ILMN_1719792	PHLDB2	3.596666944210396
ILMN_3307944	PHLDB3	2.685582272415312
ILMN_1814661	PHLPP1	5.463084832508643
ILMN_2083567	PHLPP2	6.305735078940344
ILMN_1688240	PHOSPHO1	1.8902229750832449
ILMN_1728380	PHOSPHO2	3.9164418021817227
ILMN_1670681	PHOX2A	4.098179665927421
ILMN_2193864	PHOX2B	10.30757195255085
ILMN_1676611	PHPT1	13.249559594869668
ILMN_3245476	PHRF1	9.436116491333557
ILMN_1803464	PHTF1	6.868297897776128
ILMN_2161508	PHTF2	1.9220081780030511
ILMN_1773073	PHYH	10.905656696600792
ILMN_2183692	PHYHD1	1.678529282695928
ILMN_1713387	PHYHIP	2.475244577875192
ILMN_1678710	PHYHIPL	9.110686143886396
ILMN_1673529	PHYKPL	7.281887391576283
ILMN_2071446	PI15	5.571547271721948
ILMN_1766264	PI16	3.9211970578151765
ILMN_1693192	PI3	0.382861926506779
ILMN_1750549	PI4K2A	6.6772966459240735
ILMN_1815134	PI4K2B	9.375050579796323
ILMN_3229812	PI4KA	5.03190489023625
ILMN_1656184	PI4KAP1	8.355450007867336
ILMN_1655126	PI4KAP2	9.823825010788072
ILMN_1666597	PI4KB	8.536346473741304
ILMN_1706186	PIANP	6.697313007347103
ILMN_1780598	PIAS1	9.533164544305441
ILMN_1694799	PIAS2	8.33303155481555
ILMN_1814966	PIAS3	5.71718291609751
ILMN_1802905	PIAS4	9.903587908903056
ILMN_1758111	PIBF1	5.909387570602473
ILMN_1715273	PICALM	10.017846002672547
ILMN_2373982	PICK1	8.396088553966223
ILMN_3243783	PICSAR	2.566343762339014
ILMN_1671891	PID1	7.548556489525471
ILMN_2406552	PIDD1	7.229898033984263
ILMN_1752249	PIEZO1	4.570226893274588
ILMN_1665686	PIEZO2	5.665484212475391
ILMN_2155272	PIF1	6.537847360470299
ILMN_1761278	PIFO	4.362611237064158
ILMN_1705985	PIGA	10.1623799837046
ILMN_1733311	PIGB	9.276604080985997
ILMN_1723632	PIGC	9.824758971995934
ILMN_1808938	PIGF	10.747557785512987
ILMN_1769751	PIGG	7.288194796089775
ILMN_1798395	PIGH	8.674509599077826
ILMN_1772743	PIGK	8.668032486296825
ILMN_1760332	PIGL	6.997789375503712
ILMN_1799860	PIGM	8.60992216807414
ILMN_1691112	PIGN	7.76751725520032
ILMN_2379931	PIGO	7.068835113378966
ILMN_1764871	PIGP	8.64776921478328
ILMN_1701413	PIGQ	9.481425513859795
ILMN_1685387	PIGR	0.0
ILMN_1691291	PIGS	9.004498929539041
ILMN_1738759	PIGT	9.779525330917927
ILMN_1738263	PIGU	9.820561730702579
ILMN_1762993	PIGV	6.029792712786885
ILMN_1743397	PIGW	4.5248282374428035
ILMN_1769508	PIGX	8.014123117824056
ILMN_1672366	PIGY	12.081145858610817
ILMN_1790352	PIGZ	6.819362091203352
ILMN_1675131	PIH1D1	8.677249844795496
ILMN_1769453	PIH1D2	0.08332352861849195
ILMN_1745006	PIH1D3	0.6230064322318993
ILMN_1652787	PIK3AP1	2.6444811740748504
ILMN_3251440	PIK3C2A	7.442612662517058
ILMN_2117323	PIK3C2B	7.572315890791778
ILMN_1738993	PIK3C2G	2.166858672055544
ILMN_1687896	PIK3C3	6.153509381766789
ILMN_1705468	PIK3CA	5.17752137196497
ILMN_1763347	PIK3CB	4.9700153591448935
ILMN_1766275	PIK3CD	6.6330724506851775
ILMN_1894072	PIK3CG	5.351733813424597
ILMN_1719986	PIK3IP1	9.482688920417596
ILMN_1760303	PIK3R1	7.20134965150947
ILMN_1726565	PIK3R2	11.742020989476046
ILMN_1692895	PIK3R3	3.914988266755762
ILMN_1715832	PIK3R4	5.750666353031729
ILMN_1681067	PIK3R5	2.1109898601092993
ILMN_3246957	PIK3R6	2.9195502844056125
ILMN_1671108	PIKFYVE	4.793675466053667
ILMN_2362858	PILRA	3.3345719141497323
ILMN_1723984	PILRB	0.360040000850207
ILMN_1815023	PIM1	9.487951996275411
ILMN_1748283	PIM2	7.98433749569994
ILMN_1789781	PIM3	3.8787946569115435
ILMN_1776375	PIN1	12.749354272748525
ILMN_3237693	PIN1P1	0.5709330934839575
ILMN_1729515	PIN4	6.918043894193624
ILMN_2134855	PIN4P1	5.504277239132738
ILMN_1666924	PINK1	8.92736838772595
ILMN_3293681	PINLYP	7.135756990038953
ILMN_1790309	PINX1	7.080359702253669
ILMN_2092077	PIP	2.3101198076757608
ILMN_1911042	PIP4K2A	11.062656410421395
ILMN_1741017	PIP4K2B	7.610878399323575
ILMN_1787308	PIP4K2C	7.932475147839604
ILMN_1769869	PIP5K1A	6.057128864427976
ILMN_1736654	PIP5K1B	2.834730520209369
ILMN_1668514	PIP5K1C	7.1838680831338735
ILMN_2103774	PIP5KL1	4.961000815645643
ILMN_1739050	PIPOX	2.228073566633016
ILMN_1676763	PIPSL	10.405950836599517
ILMN_1761247	PIR	7.4264699940581265
ILMN_3239213	PIRT	4.152394871244763
ILMN_1793934	PISD	8.390851485935766
ILMN_3309709	PISRT1	3.867699086821897
ILMN_1784207	PITHD1	11.79820317325567
ILMN_1715804	PITPNA	8.402296459915336
ILMN_1809245	PITPNB	8.1287134812202
ILMN_1670638	PITPNC1	6.337015439685042
ILMN_1653220	PITPNM1	9.74991811105028
ILMN_1725187	PITPNM2	5.179249495240915
ILMN_1751635	PITPNM3	0.8601398197227872
ILMN_1698072	PITRM1	8.134927734851251
ILMN_1674386	PITX1	3.3547273798829473
ILMN_1742218	PITX2	2.8830300977287338
ILMN_1666526	PITX3	1.6260387765325028
ILMN_1701220	PIWIL1	3.24123058361868
ILMN_1755350	PIWIL2	3.202835513982681
ILMN_1735693	PIWIL3	0.49063029215245596
ILMN_1769606	PIWIL4	3.1899229064977646
ILMN_2373566	PJA1	10.821238260786153
ILMN_1688702	PJA2	13.583598369316197
ILMN_2339028	PKD1	5.930729152219002
ILMN_2110422	PKD1L1	4.699994627689939
ILMN_2274586	PKD1L2	2.644618230504312
ILMN_1702401	PKD1L3	0.8762380888992821
ILMN_3308683	PKD1P1	3.6743580691174853
ILMN_2052891	PKD2	6.049676869976461
ILMN_1789361	PKD2L1	4.492458085980456
ILMN_1768262	PKD2L2	3.492522066339239
ILMN_3234837	PKDCC	8.407428174342305
ILMN_1673234	PKDREJ	1.8021264328934234
ILMN_1720034	PKHD1	1.4339399763818585
ILMN_1717886	PKHD1L1	3.4227520347104257
ILMN_2337974	PKIA	12.347348672538539
ILMN_2337263	PKIB	8.560132043353814
ILMN_2406169	PKIG	7.047874931135233
ILMN_1725172	PKLR	4.429450344263925
ILMN_2366634	PKM	10.118194663586719
ILMN_1766658	PKMYT1	3.4359035969382083
ILMN_2367710	PKN1	8.436895276798824
ILMN_1706825	PKN2	5.591566160626345
ILMN_1797184	PKN3	2.995646223479206
ILMN_1745365	PKNOX1	8.530508337369593
ILMN_1807689	PKNOX2	6.888320102715288
ILMN_1716424	PKP1	2.939007580833294
ILMN_2386973	PKP2	3.751700596278465
ILMN_1796141	PKP3	4.202750933923551
ILMN_1749410	PKP4	7.5314249697001605
ILMN_1792506	PLA1A	0.9634691472304772
ILMN_1762561	PLA2G10	2.2537159532421884
ILMN_1714956	PLA2G12A	4.785376675717513
ILMN_1808487	PLA2G12B	2.2047783427152594
ILMN_1756910	PLA2G15	7.091947744160325
ILMN_1667711	PLA2G16	8.942643058975529
ILMN_1721549	PLA2G1B	2.4536217859033482
ILMN_1740586	PLA2G2A	1.6031119841457666
ILMN_2233050	PLA2G2D	9.024191186012507
ILMN_1710590	PLA2G2E	0.7198118793566515
ILMN_1724799	PLA2G2F	1.432157427025783
ILMN_1746769	PLA2G3	5.0252973196534
ILMN_1803561	PLA2G4A	3.675747446567159
ILMN_1810191	PLA2G4C	8.762864428703066
ILMN_1662351	PLA2G4D	4.063311464164589
ILMN_1744211	PLA2G4F	1.2331105804786089
ILMN_1807171	PLA2G5	0.8742951902732127
ILMN_1697654	PLA2G6	5.3572730473453944
ILMN_1701195	PLA2G7	1.9464620307595313
ILMN_1704424	PLA2R1	1.605316081320133
ILMN_1810387	PLAA	7.7942856360279285
ILMN_1754207	PLAC1	5.660718736586141
ILMN_1654466	PLAC4	0.036077857789765085
ILMN_1653026	PLAC8	3.3349961889321897
ILMN_1655341	PLAC8L1	3.5235682931341787
ILMN_1790859	PLAC9	6.563861163090022
ILMN_1696270	PLAG1	7.775836340927892
ILMN_1815121	PLAGL1	5.3566244192151125
ILMN_1786601	PLAGL2	7.412638354175413
ILMN_1738742	PLAT	7.026901057352755
ILMN_1656057	PLAU	4.5850112018083635
ILMN_2374340	PLAUR	6.2023006852584786
ILMN_1736929	PLB1	3.3040069971873542
ILMN_1707286	PLBD1	6.642888148567824
ILMN_1734184	PLBD2	6.505593221759963
ILMN_1723969	PLCB1	6.395630416221267
ILMN_1724066	PLCB2	0.7902268658767589
ILMN_1714041	PLCB3	2.17642562374024
ILMN_1736426	PLCB4	4.938460277800631
ILMN_1769394	PLCD1	10.079299158117495
ILMN_1722798	PLCD3	5.136766302376468
ILMN_1808379	PLCD4	6.841565143178388
ILMN_1784447	PLCE1	4.323051779102163
ILMN_1740160	PLCG1	9.375645094390178
ILMN_1815719	PLCG2	2.588531215502274
ILMN_2043060	PLCH1	5.25723539150954
ILMN_2061565	PLCH2	7.661403234536338
ILMN_1718852	PLCL1	6.039554138401087
ILMN_1737025	PLCL2	7.7118595468122
ILMN_1747451	PLCXD1	9.25708316259299
ILMN_1840334	PLCXD2	5.1988594835119715
ILMN_1798841	PLCXD3	5.003439811171108
ILMN_1757769	PLCZ1	2.1805829047201537
ILMN_1719696	PLD1	6.066723804553779
ILMN_1697880	PLD2	5.701807608713456
ILMN_1666976	PLD3	12.75645824004574
ILMN_1695490	PLD4	4.1607353664868825
ILMN_1706051	PLD5	5.738449144909356
ILMN_3240586	PLD6	6.931313792382191
ILMN_1744268	PLEC	5.372261697970341
ILMN_1795762	PLEK	2.9940747017069924
ILMN_1811470	PLEK2	2.9566105187705953
ILMN_1662839	PLEKHA1	10.147044471910442
ILMN_1796339	PLEKHA2	7.602096728981162
ILMN_1797576	PLEKHA3	7.673349862656629
ILMN_1755173	PLEKHA4	7.19539002494126
ILMN_2096083	PLEKHA5	5.818160154059471
ILMN_1797557	PLEKHA6	7.530199057157127
ILMN_1702899	PLEKHA7	5.857164323650333
ILMN_1663185	PLEKHA8	0.6666939083116602
ILMN_1783231	PLEKHB1	5.726607429007205
ILMN_2297710	PLEKHB2	8.097112951071464
ILMN_1724271	PLEKHD1	0.6637063005248082
ILMN_1708041	PLEKHF1	5.753769925220841
ILMN_2106449	PLEKHF2	6.469439772726541
ILMN_2194561	PLEKHG1	6.2851627273334705
ILMN_1657836	PLEKHG2	2.2096315365729837
ILMN_1702020	PLEKHG4B	1.0345669287311903
ILMN_1780047	PLEKHG5	4.236905632000782
ILMN_1744614	PLEKHG6	2.765709442337952
ILMN_1664499	PLEKHG7	2.7223405871834654
ILMN_1699254	PLEKHH1	5.669881895173337
ILMN_1806752	PLEKHH2	3.4078615918597808
ILMN_1804652	PLEKHH3	9.13752217825545
ILMN_1697701	PLEKHJ1	6.192213396809166
ILMN_1683980	PLEKHM2	9.950954486664703
ILMN_2327625	PLEKHM3	2.390590064304661
ILMN_1711422	PLEKHN1	5.724752373878849
ILMN_1694213	PLEKHO1	9.51430221046379
ILMN_1689968	PLEKHO2	4.701797261456812
ILMN_1757099	PLEKHS1	0.5869397879536139
ILMN_1680963	PLET1	1.432784647996553
ILMN_1714446	PLG	0.6210149485803995
ILMN_1662807	PLGLA	3.1652866132250685
ILMN_2094416	PLGLB1	3.726285683048078
ILMN_3238364	PLGLB2	5.85141468308156
ILMN_1709043	PLGRKT	9.519116556019085
ILMN_1665562	PLIN1	0.3492189935554153
ILMN_2138765	PLIN2	10.267972642480723
ILMN_1660021	PLIN3	12.041873789999764
ILMN_2209993	PLIN5	8.044497623893564
ILMN_1736176	PLK1	6.49057690652134
ILMN_1717706	PLK2	5.137661095731176
ILMN_1679979	PLK3	0.9761159793805575
ILMN_1789123	PLK4	7.930720404350196
ILMN_2082865	PLLP	6.493553785250786
ILMN_2192245	PLN	4.737332839548999
ILMN_1684391	PLOD1	11.798745375405206
ILMN_1771599	PLOD2	9.311751997833936
ILMN_1774836	PLOD3	8.764962916566224
ILMN_1790106	PLP1	9.765181034853613
ILMN_1738767	PLP2	5.485909595758174
ILMN_2343278	PLPP1	7.939864530226089
ILMN_1710170	PLPP2	6.754240828216148
ILMN_2388800	PLPP3	8.828283845666453
ILMN_1689177	PLPP4	5.245396872647073
ILMN_1675406	PLPP5	7.469149412188539
ILMN_1802628	PLPP6	6.82419781058253
ILMN_1690839	PLPP7	7.217917350129212
ILMN_1753026	PLPPR1	9.617026798747132
ILMN_1667319	PLPPR2	9.097888075285157
ILMN_1722290	PLPPR3	8.143345254167984
ILMN_2172497	PLPPR4	6.450241039892124
ILMN_1705187	PLPPR5	7.482412969722939
ILMN_1749634	PLRG1	10.407774311229359
ILMN_2074044	PLS1	3.3354526828488886
ILMN_2041788	PLS3	10.158278891183132
ILMN_1745242	PLSCR1	2.791547330183846
ILMN_1763279	PLSCR2	1.9845496993912377
ILMN_1703433	PLSCR3	10.119867956545141
ILMN_1757338	PLSCR4	5.279121697865302
ILMN_1652871	PLSCR5	0.6772070515292601
ILMN_1773389	PLTP	9.55588802031584
ILMN_2194577	PLVAP	1.6149242416153404
ILMN_1815568	PLXDC1	4.085015675797628
ILMN_1753312	PLXDC2	6.666095492881326
ILMN_1791569	PLXNA1	7.844345517408755
ILMN_1680617	PLXNA2	5.968400644280078
ILMN_1719972	PLXNA3	7.303625401237862
ILMN_3231596	PLXNA4	6.602411185217075
ILMN_1742330	PLXNB1	7.459397142578833
ILMN_1763447	PLXNB2	8.909924189879108
ILMN_1686313	PLXNB3	1.2922200842409761
ILMN_2117623	PLXNC1	4.148307057147247
ILMN_1675222	PLXND1	5.296834224298179
ILMN_2293067	PM20D1	4.505106160404643
ILMN_1766000	PM20D2	5.384049769460254
ILMN_2098446	PMAIP1	6.692898140495448
ILMN_2170095	PMCH	0.9002920800726054
ILMN_1792589	PMCHL1	5.625272581702361
ILMN_1665994	PMEL	8.828232087942297
ILMN_1734276	PMEPA1	6.929292618889772
ILMN_1756445	PMF1	7.650638758219029
ILMN_1713867	PMFBP1	4.524388585027876
ILMN_1750861	PML	4.535152307800709
ILMN_1780236	PMM1	11.638283248278652
ILMN_1785336	PMM2	7.207311299101478
ILMN_1740706	PMP2	5.097054050818606
ILMN_1785646	PMP22	10.076982083553672
ILMN_1764239	PMPCA	9.92807604434164
ILMN_1728660	PMPCB	11.49849446972298
ILMN_1700847	PMS1	3.491421426418307
ILMN_1677887	PMS2	9.724297976511007
ILMN_2262198	PMS2CL	7.015994609653329
ILMN_1676411	PMS2P2	6.119856351438005
ILMN_3238751	PMS2P4	10.059088864830954
ILMN_1715896	PMVK	8.966123754945103
ILMN_1697189	PNCK	11.83461161990495
ILMN_3224934	PNISR	10.72593301604178
ILMN_1711810	PNKD	8.761159288431726
ILMN_1694111	PNKP	9.411333963478704
ILMN_1656132	PNLDC1	0.11586462378874246
ILMN_1685596	PNLIP	0.4056545841083125
ILMN_1775930	PNLIPRP1	1.4692824904535247
ILMN_1712613	PNLIPRP2	0.08206804925918783
ILMN_1678655	PNLIPRP3	0.18275430293605846
ILMN_1770850	PNMA1	9.382342843744576
ILMN_1790778	PNMA2	11.341412728927821
ILMN_1783805	PNMA3	11.250079838177184
ILMN_1750337	PNMA5	1.2316104786899682
ILMN_1759613	PNMA6A	7.862049760170392
ILMN_3299393	PNMAL1	10.400871528903568
ILMN_3245239	PNMAL2	3.544662752277952
ILMN_1710027	PNMT	1.4153183285462372
ILMN_1721703	PNN	9.310156502686231
ILMN_1753607	PNO1	7.388772027118399
ILMN_1676003	PNOC	1.6196214631499117
ILMN_2172174	PNP	9.185371499166381
ILMN_1808241	PNPLA1	0.42910453644048013
ILMN_1787923	PNPLA2	4.8811501077322115
ILMN_1691007	PNPLA3	2.382448209072774
ILMN_1664348	PNPLA4	6.0733260332841255
ILMN_1771364	PNPLA5	2.087747293081261
ILMN_1799614	PNPLA6	8.374543651724478
ILMN_1662587	PNPLA7	6.100570246906307
ILMN_1680223	PNPLA8	8.640800346579605
ILMN_1684289	PNPO	8.978590349820708
ILMN_2051408	PNPT1	13.88533851939877
ILMN_1789955	PNRC1	0.0
ILMN_2147306	PNRC2	10.025789569646175
ILMN_1780667	POC1A	9.526398619280616
ILMN_1667201	POC1B	7.628245878279555
ILMN_2225577	POC5	8.896400166509574
ILMN_1770800	PODN	3.731773164742549
ILMN_1803220	PODNL1	3.204943457123568
ILMN_2413158	PODXL	7.578295988272096
ILMN_1657347	PODXL2	10.383097713243616
ILMN_1760705	POF1B	2.6378296922370446
ILMN_2276758	POFUT1	13.041473915535056
ILMN_1775823	POFUT2	9.972022782907196
ILMN_1756669	POGK	9.913661536251569
ILMN_1811104	POGLUT1	8.889558615625749
ILMN_1652929	POGZ	7.05440406334846
ILMN_2191436	POLA1	7.170903210554845
ILMN_1696713	POLA2	7.599278002244238
ILMN_1767894	POLB	12.273113570829336
ILMN_1652580	POLD1	6.959898924559282
ILMN_3305304	POLD2	9.560436403775645
ILMN_1751773	POLD3	6.940554411914449
ILMN_1803772	POLD4	6.665048072366582
ILMN_1743499	POLDIP2	6.888533388794149
ILMN_1688000	POLDIP3	10.824866224891204
ILMN_1728199	POLE	5.3815429094918334
ILMN_1774336	POLE2	6.697493416276305
ILMN_1785198	POLE3	12.50032509241539
ILMN_1660063	POLE4	12.466785778782663
ILMN_2101930	POLG	7.806459666620538
ILMN_1671004	POLG2	6.821853377963329
ILMN_1658221	POLH	4.194251243739267
ILMN_1702218	POLI	0.5654337783746027
ILMN_1703474	POLK	0.8894823870648688
ILMN_1745787	POLL	5.607361625613073
ILMN_1716973	POLM	5.441890668751114
ILMN_1725166	POLN	0.29134746566925457
ILMN_1740291	POLQ	5.763625520550661
ILMN_1780758	POLR1A	3.688054881980836
ILMN_1794632	POLR1B	4.799682781778384
ILMN_1746686	POLR1C	9.378375994742951
ILMN_1767422	POLR1D	13.860877046275936
ILMN_2110167	POLR1E	10.369949630268684
ILMN_1782385	POLR2A	10.871542271841937
ILMN_2088172	POLR2B	9.501736793706945
ILMN_1659411	POLR2C	10.41734502720999
ILMN_1792672	POLR2D	8.97186593813469
ILMN_3239240	POLR2E	6.4908241393998205
ILMN_1745885	POLR2F	11.559031023925838
ILMN_1748438	POLR2G	12.540021372060627
ILMN_1689445	POLR2H	13.257061015054738
ILMN_1720542	POLR2I	11.656252102545041
ILMN_1657317	POLR2J	6.430145096754475
ILMN_3241970	POLR2J2	8.511358465369243
ILMN_1677138	POLR2J3	10.978523543706245
ILMN_1699383	POLR2J4	7.462239205805203
ILMN_1659026	POLR2K	6.609306113993515
ILMN_1670037	POLR2L	6.1477355795817905
ILMN_1809511	POLR2M	8.260576823733187
ILMN_1681837	POLR3A	8.848799888390266
ILMN_1767459	POLR3B	6.493765683379899
ILMN_1795678	POLR3C	9.213763179849318
ILMN_1685109	POLR3D	7.7024520727595815
ILMN_3241257	POLR3E	8.339718984792166
ILMN_1673966	POLR3F	7.535458519062843
ILMN_3251691	POLR3G	4.578174262752259
ILMN_1760667	POLR3GL	10.389610160766615
ILMN_1786024	POLR3H	6.8284522149321
ILMN_1801664	POLR3K	6.79376362674666
ILMN_1770356	POLRMT	8.416248425202804
ILMN_2145050	POM121	0.4470470438956362
ILMN_3235808	POM121C	10.349336871282722
ILMN_1699722	POM121L10P	4.456521032850374
ILMN_1737131	POM121L12	5.452715546630756
ILMN_3241154	POM121L1P	2.8716687859895296
ILMN_3304257	POM121L2	0.0
ILMN_3249444	POM121L4P	6.0581017480686645
ILMN_1721180	POM121L9P	4.3788963993596575
ILMN_1672899	POMC	6.215653464281189
ILMN_1693664	POMGNT1	10.5381653885989
ILMN_1792415	POMGNT2	8.507741869847049
ILMN_3249594	POMK	2.0659028480838257
ILMN_1693287	POMP	12.375361327723526
ILMN_2305721	POMT1	9.034855860345878
ILMN_1678805	POMT2	7.267154193558981
ILMN_1709800	POMZP3	7.561381802285971
ILMN_3307803	PON1	1.9718381824359692
ILMN_2354381	PON2	11.230446995413415
ILMN_1701007	PON3	3.944328032916944
ILMN_1768273	POP1	4.141280732380134
ILMN_1696383	POP4	6.731351969378725
ILMN_1687864	POP5	9.66582791375
ILMN_1680091	POP7	9.401185495995842
ILMN_1660282	POPDC2	3.901032830709109
ILMN_1652244	POPDC3	4.060309724505552
ILMN_1677768	POR	9.010626599102528
ILMN_2337058	PORCN	7.5315272305200756
ILMN_1790761	POSTN	7.680659543942071
ILMN_2327203	POT1	7.260169479044219
ILMN_1671474	POTEA	0.6139421547530701
ILMN_1772582	POTEB3	0.45085055567582794
ILMN_1753868	POTEC	4.941200484919113
ILMN_1671812	POTED	1.157513905528439
ILMN_3242016	POTEE	6.265986840777658
ILMN_3241758	POTEF	13.460726435196703
ILMN_3242191	POTEG	6.235752766209443
ILMN_3240795	POTEH	1.9197411680924026
ILMN_1770042	POTEI	0.40644445541891133
ILMN_1731816	POTEJ	2.02625625546925
ILMN_1706403	POU1F1	0.8692678720050213
ILMN_1811049	POU2AF1	2.5262649605352703
ILMN_1794333	POU2F1	7.9135972752143084
ILMN_1736311	POU2F2	0.5502216581345697
ILMN_1773613	POU2F3	3.6805444917098096
ILMN_2086981	POU3F1	5.246962605197527
ILMN_1725772	POU3F2	10.390245806664021
ILMN_1670274	POU3F3	2.1096746865795977
ILMN_1738003	POU3F4	4.56385549854766
ILMN_1738691	POU4F1	8.624221553071415
ILMN_1740035	POU4F2	10.160054018350218
ILMN_1796969	POU4F3	2.960867237421484
ILMN_1665632	POU5F1	4.89384326353684
ILMN_1815649	POU5F2	0.24864859933348518
ILMN_1805766	POU6F1	6.209266624355123
ILMN_1773914	POU6F2	1.7859199325479462
ILMN_1901305	POU6F2-AS1	4.703242298609105
ILMN_3243514	PP12613	4.959757941986444
ILMN_1863212	PP13004	0.0
ILMN_3237564	PP14571	2.2005264213568427
ILMN_3306963	PP2D1	1.2375652938795905
ILMN_1836218	PP7080	6.442315633114887
ILMN_1805827	PPA1	13.4824188569438
ILMN_2342455	PPA2	12.948253217414774
ILMN_1798459	PPAN	6.9002107623756
ILMN_2060105	PPAN-P2RY11	3.395938711180998
ILMN_1700488	PPARA	3.6053727136922316
ILMN_1674282	PPARD	5.430189534013608
ILMN_1800225	PPARG	4.11565777029687
ILMN_1750062	PPARGC1A	6.728707499715825
ILMN_2195703	PPARGC1B	0.7401458267113054
ILMN_1674302	PPAT	10.351698944054156
ILMN_1767281	PPBP	7.160702530081809
ILMN_3297280	PPBPP2	2.506937108244444
ILMN_1704941	PPCDC	0.8754632699085767
ILMN_1776094	PPCS	9.840017222891712
ILMN_1720430	PPDPF	9.345417029100867
ILMN_1652017	PPEF1	5.056172550741176
ILMN_1726602	PPEF2	2.7129218284919467
ILMN_1800164	PPFIA1	9.057978444999593
ILMN_1803318	PPFIA2	8.154411702194798
ILMN_1800262	PPFIA3	2.5838455385471515
ILMN_1679460	PPFIBP1	6.938014402605621
ILMN_1675656	PPFIBP2	5.644505598621035
ILMN_1791093	PPHLN1	10.037547699072347
ILMN_1704529	PPIA	10.099335987942503
ILMN_3236259	PPIAL4A	14.66356305461292
ILMN_3241899	PPIAL4C	4.018265036250284
ILMN_1710362	PPIAL4G	6.798057349288491
ILMN_1703622	PPIB	5.20088540767468
ILMN_1669032	PPIC	7.308337171493657
ILMN_2190851	PPID	5.782083785741715
ILMN_2348503	PPIE	10.223985793050433
ILMN_3241378	PPIEL	5.552900411076412
ILMN_1809607	PPIF	3.3244243358560586
ILMN_1807611	PPIG	8.502947103709221
ILMN_1801913	PPIH	10.091188238905913
ILMN_2054392	PPIL1	9.435988266686186
ILMN_1675273	PPIL2	3.9131636032356862
ILMN_1770020	PPIL3	12.895937972169149
ILMN_1799151	PPIL4	5.691981535921677
ILMN_1657058	PPIL6	7.695172362319092
ILMN_2278686	PPIP5K1	0.42067732027736965
ILMN_1785520	PPIP5K2	1.1461802824304597
ILMN_1806030	PPL	4.355860118813939
ILMN_1903159	PPM1A	9.477344013901558
ILMN_1716862	PPM1B	9.021671064877722
ILMN_1670875	PPM1D	9.283008856478494
ILMN_1708508	PPM1E	9.112102120149673
ILMN_2059535	PPM1F	10.086314854630942
ILMN_1806867	PPM1G	12.497280421147517
ILMN_1713846	PPM1H	7.552347715268161
ILMN_1799150	PPM1J	4.406077076555502
ILMN_2070044	PPM1K	8.251556687779429
ILMN_1856480	PPM1L	10.188762080577908
ILMN_1657810	PPM1M	7.731566172363414
ILMN_1803357	PPM1N	3.603827269685293
ILMN_1732772	PPME1	8.573314239507784
ILMN_1673798	PPOX	9.365299055893352
ILMN_1695827	PPP1CA	10.03090500590726
ILMN_2405018	PPP1CB	9.715863977722696
ILMN_1701855	PPP1CC	13.065694456793468
ILMN_1659058	PPP1R10	5.8324863731094405
ILMN_1747598	PPP1R11	11.270169737758374
ILMN_1739622	PPP1R12A	7.027672491260893
ILMN_1756289	PPP1R12B	7.70438035912177
ILMN_1685286	PPP1R12C	6.3357514333807465
ILMN_1748831	PPP1R13B	6.187353650338079
ILMN_1669390	PPP1R13L	3.2205471161845316
ILMN_1761968	PPP1R14A	9.406374441432044
ILMN_1659888	PPP1R14B	9.770278062541108
ILMN_1664855	PPP1R14C	10.008736799699797
ILMN_1788267	PPP1R14D	4.76946935378032
ILMN_1659936	PPP1R15A	11.857013824836526
ILMN_1670664	PPP1R15B	6.274813149446367
ILMN_1757882	PPP1R16A	8.381441486957238
ILMN_1727098	PPP1R16B	5.167732544854119
ILMN_1737819	PPP1R17	8.12141812086055
ILMN_1732967	PPP1R18	10.528193746692542
ILMN_2056606	PPP1R1A	11.35145438211751
ILMN_1759012	PPP1R1B	5.141198837402474
ILMN_1808217	PPP1R1C	8.471346407169447
ILMN_1683044	PPP1R2	9.65291176153556
ILMN_3271092	PPP1R21	8.785751644633164
ILMN_1677968	PPP1R26	6.513606492761361
ILMN_2162298	PPP1R27	4.551412314028726
ILMN_2045610	PPP1R2P3	1.2208835715480588
ILMN_2204142	PPP1R2P9	1.218853192143938
ILMN_1732739	PPP1R32	5.5484372820623316
ILMN_1741475	PPP1R35	9.319874465037097
ILMN_2154853	PPP1R36	1.3094643001713167
ILMN_3283073	PPP1R37	4.243912207510857
ILMN_1741649	PPP1R3A	0.9473101145714228
ILMN_1712236	PPP1R3B	3.511368010031345
ILMN_1736670	PPP1R3C	7.6141500137063005
ILMN_1781198	PPP1R3D	4.813805681589685
ILMN_1784822	PPP1R3F	8.394495526267644
ILMN_1800716	PPP1R3G	0.434544466107803
ILMN_1702413	PPP1R42	3.9345816374077653
ILMN_1808333	PPP1R7	8.318483253796925
ILMN_2321485	PPP1R8	8.940750635048325
ILMN_1741674	PPP1R9A	4.201027374733351
ILMN_1688865	PPP1R9B	2.858683736626221
ILMN_1722858	PPP2CA	13.024421693836542
ILMN_1675693	PPP2CB	8.638215850448336
ILMN_1810467	PPP2R1A	12.544328960734703
ILMN_1704656	PPP2R1B	7.382308585183135
ILMN_1788961	PPP2R2A	10.966421680052493
ILMN_1660732	PPP2R2B	12.69984074305202
ILMN_2401344	PPP2R2C	9.661406618424419
ILMN_1805652	PPP2R2D	7.523512893742169
ILMN_1656393	PPP2R3A	7.719904269969148
ILMN_1712257	PPP2R3B	6.929381992647212
ILMN_2214603	PPP2R3C	10.876792657505588
ILMN_1738784	PPP2R5A	6.571778205031162
ILMN_2124082	PPP2R5B	8.68981226055709
ILMN_1780913	PPP2R5C	3.9228126684571394
ILMN_1780940	PPP2R5D	8.816485325438896
ILMN_1666761	PPP2R5E	10.446292878597987
ILMN_1670970	PPP3CA	6.112698161589756
ILMN_1802669	PPP3CB	10.318524543436686
ILMN_1690546	PPP3CC	9.030171179316293
ILMN_1796962	PPP3R1	10.06543669973932
ILMN_1721271	PPP3R2	0.0
ILMN_3248975	PPP4C	10.041119818948346
ILMN_2345512	PPP4R1	9.346917090380073
ILMN_1805534	PPP4R1L	4.979227128474247
ILMN_2060891	PPP4R2	3.3737311050034564
ILMN_1661650	PPP4R3B	8.579769043567882
ILMN_1762018	PPP4R3CP	2.5622160647555856
ILMN_1775965	PPP4R4	6.613442021231873
ILMN_1745332	PPP5C	1.5478009722566053
ILMN_1664921	PPP6C	11.321390643956361
ILMN_1794085	PPP6R1	6.660700357672682
ILMN_1655922	PPP6R2	10.028641135912627
ILMN_1732725	PPP6R3	7.964203551662827
ILMN_1796210	PPRC1	7.568844321313619
ILMN_1669273	PPT1	11.192512803438513
ILMN_1750664	PPT2	7.875637717176905
ILMN_1800855	PPTC7	7.529556003704688
ILMN_2223380	PPWD1	7.608073375735253
ILMN_1751445	PPY	4.308026630234363
ILMN_2136926	PPY2P	0.4039992715867268
ILMN_2325234	PQBP1	10.702675547777558
ILMN_1798620	PQLC1	11.48824535909437
ILMN_2330597	PQLC2	3.0878256390236625
ILMN_1661160	PQLC2L	0.9210830696813684
ILMN_1814213	PQLC3	8.388195126485211
ILMN_3248384	PRAC1	5.256418303244771
ILMN_3236709	PRAC2	0.7228603231200011
ILMN_2229940	PRADC1	8.325832343189987
ILMN_1720578	PRAF2	9.474578672430113
ILMN_1711493	PRAM1	0.6522069005902869
ILMN_1700031	PRAME	6.790062075700192
ILMN_1652670	PRAMEF1	1.8615186819447225
ILMN_2312106	PRAMEF10	4.042767918292894
ILMN_3226405	PRAMEF11	1.2228527992537899
ILMN_1809304	PRAMEF12	0.7424556620742587
ILMN_3231785	PRAMEF14	0.14222708627292305
ILMN_3225858	PRAMEF15	1.395275183992072
ILMN_1738110	PRAMEF17	4.209186501073213
ILMN_3241950	PRAMEF18	0.0
ILMN_1762253	PRAMEF19	3.4190914698695214
ILMN_3240662	PRAMEF2	1.9584371952980755
ILMN_3240607	PRAMEF20	1.4918566909104187
ILMN_3236604	PRAMEF22	4.481760391118964
ILMN_1871229	PRAMEF34P	2.4170066736046536
ILMN_2221769	PRAMEF4	4.251782087315526
ILMN_2094648	PRAMEF5	0.9712747213223382
ILMN_2045270	PRAMEF6	0.0
ILMN_1670438	PRAMEF7	4.795333791790571
ILMN_1672478	PRAMEF8	1.8143718016501797
ILMN_2206592	PRAMEF9	2.166943117367936
ILMN_1815556	PRAP1	2.040447650261181
ILMN_2350301	PRB1	5.379168165969187
ILMN_2192595	PRB2	5.262690592104203
ILMN_2146648	PRB3	4.765936330165323
ILMN_1755704	PRB4	3.571319402492126
ILMN_1728934	PRC1	9.90275781104478
ILMN_1802843	PRCC	7.239833338748014
ILMN_3239534	PRCD	2.976817250556383
ILMN_1769091	PRCP	11.823258208183168
ILMN_2298159	PRDM1	3.073755459972166
ILMN_2352293	PRDM10	7.0107694067837585
ILMN_1886515	PRDM11	4.494385012159582
ILMN_1692758	PRDM12	0.11637539780762367
ILMN_1698753	PRDM13	2.445240269588593
ILMN_2163835	PRDM14	1.3524160518475188
ILMN_1682491	PRDM15	1.8665852643079877
ILMN_1697631	PRDM16	1.6473656619139196
ILMN_2258543	PRDM2	6.905441284735577
ILMN_1691432	PRDM4	10.251039594446876
ILMN_1700985	PRDM5	0.9754271433422081
ILMN_1662453	PRDM6	5.0179150093879805
ILMN_1732023	PRDM7	2.3247754723543825
ILMN_1802082	PRDM8	6.377221020652727
ILMN_1761598	PRDM9	5.6378426469933025
ILMN_2366391	PRDX1	12.575102886563082
ILMN_2395974	PRDX3	11.671788734750018
ILMN_2222234	PRDX4	13.040391607003007
ILMN_2383975	PRDX5	13.346255279396757
ILMN_1803180	PRDX6	12.231962813502191
ILMN_1733930	PREB	8.273102129824471
ILMN_2179652	PRELID1	9.72173101353381
ILMN_2383874	PRELID2	1.1419248678321303
ILMN_2232157	PRELID3A	8.114567239840792
ILMN_1728168	PRELID3B	9.881090429521157
ILMN_1707380	PRELP	2.6398321972316934
ILMN_1751887	PREP	8.95009927205386
ILMN_1666615	PREPL	10.455021583960407
ILMN_1777342	PREX1	6.129095567318689
ILMN_1661806	PREX2	0.6698085281983556
ILMN_1740633	PRF1	2.4048978218781123
ILMN_3310146	PRG1	1.380187953735448
ILMN_1729314	PRG2	3.905743564936973
ILMN_1659645	PRG3	0.19112740107633028
ILMN_3304072	PRG4	4.784663648363525
ILMN_1741356	PRICKLE1	7.542136987359072
ILMN_1683148	PRICKLE2	9.282452317760823
ILMN_1656942	PRICKLE3	2.0589873726249905
ILMN_1695868	PRICKLE4	12.00242964316643
ILMN_2210129	PRIM1	9.365560983515115
ILMN_1694100	PRIM2	2.3264237007267377
ILMN_1765299	PRIMA1	0.13707062499862951
ILMN_1716368	PRIMPOL	4.876339851566619
ILMN_2357577	PRKAA1	8.05542698317659
ILMN_1668778	PRKAA2	1.6336272992977798
ILMN_1793522	PRKAB1	9.391284290374928
ILMN_1786021	PRKAB2	9.890717770681006
ILMN_2395314	PRKACA	5.684571380963547
ILMN_2374234	PRKACB	7.591957064645107
ILMN_1808368	PRKACG	4.4294584905986305
ILMN_1751984	PRKAG1	9.522804139456055
ILMN_1797531	PRKAG2	8.32936261997069
ILMN_1716754	PRKAG3	0.1130335851002205
ILMN_1738632	PRKAR1A	12.233277631236007
ILMN_1674390	PRKAR1B	7.5440104357058
ILMN_1681888	PRKAR2A	7.478640583371774
ILMN_1684850	PRKAR2B	0.7030372960248433
ILMN_1771800	PRKCA	7.609200294023403
ILMN_3299520	PRKCB	8.823704712247544
ILMN_1801105	PRKCD	8.37647464266174
ILMN_1793476	PRKCDBP	5.487051277153303
ILMN_1717799	PRKCE	7.994312349028335
ILMN_1739812	PRKCG	3.452456502126395
ILMN_1780898	PRKCH	5.489132938876601
ILMN_1725188	PRKCI	6.703557033449513
ILMN_1733421	PRKCQ	5.236729270352436
ILMN_1893633	PRKCQ-AS1	5.601739421650909
ILMN_1777794	PRKCSH	10.958585802487681
ILMN_2386982	PRKCZ	10.54508160752527
ILMN_1785891	PRKD1	3.8745531420343937
ILMN_1753805	PRKD2	6.383239062800317
ILMN_1703196	PRKD3	4.915027327931982
ILMN_1769517	PRKDC	8.924486328102715
ILMN_1693519	PRKG1	3.7956497251368937
ILMN_1804870	PRKG2	3.6756786607395227
ILMN_1758474	PRKRA	10.82136648857911
ILMN_1804490	PRKRIP1	9.051096293299986
ILMN_2205050	PRKX	7.922305201904426
ILMN_1809352	PRL	0.1726141689266035
ILMN_1758266	PRLH	1.7238321474292118
ILMN_1655711	PRLHR	0.1256152840751286
ILMN_1669781	PRLR	4.895398134445732
ILMN_1675543	PRM1	2.439584030548322
ILMN_1681772	PRM2	0.33046573094569737
ILMN_1789482	PRM3	2.115710918362581
ILMN_2347234	PRMT1	11.579356754459702
ILMN_1675038	PRMT2	9.910845717011208
ILMN_1662964	PRMT3	8.193792922036748
ILMN_2403889	PRMT5	9.770127452136999
ILMN_2234229	PRMT6	7.749712231915663
ILMN_2082489	PRMT7	6.326051188738131
ILMN_1714121	PRMT8	6.392975062993847
ILMN_1778985	PRMT9	7.676430950418909
ILMN_1684795	PRND	0.4514724470989015
ILMN_1737988	PRNP	11.143548578423635
ILMN_1710772	PROB1	1.6442274583702277
ILMN_1687721	PROC	3.0992341530380596
ILMN_1663179	PROCA1	6.85905670849444
ILMN_1717262	PROCR	5.829498814641231
ILMN_1671365	PRODH	0.0
ILMN_1686259	PRODH2	0.2885535524554697
ILMN_1716259	PROK1	3.523086824189239
ILMN_1775257	PROK2	4.134922453212972
ILMN_1704751	PROKR1	0.0
ILMN_2043553	PROKR2	3.125675627808265
ILMN_1786720	PROM1	7.384029336161781
ILMN_1761946	PROM2	5.8712027523045025
ILMN_1730492	PROP1	4.483429201282918
ILMN_1671928	PROS1	9.290692154310456
ILMN_1748908	PROSC	10.205010623237678
ILMN_2391551	PROSER1	8.720182641818573
ILMN_2128639	PROSER2	6.420834706606606
ILMN_2195397	PROSER3	0.6779077579817869
ILMN_1752622	PROX1	0.901347188814349
ILMN_3248228	PROX2	4.89167478615562
ILMN_1664565	PROZ	1.2820861562438606
ILMN_1807243	PRPF18	7.405972693397048
ILMN_1769545	PRPF19	9.009577114411579
ILMN_1715392	PRPF3	9.968320903738045
ILMN_1719204	PRPF31	9.09413293191533
ILMN_1656274	PRPF38A	8.487363949764342
ILMN_1799299	PRPF38B	6.7945410978510425
ILMN_1692779	PRPF39	4.888510583338255
ILMN_1697440	PRPF4	10.24703012237111
ILMN_1659854	PRPF40A	7.570784493288559
ILMN_1789593	PRPF40B	5.558771462651431
ILMN_1736021	PRPF4B	6.706970120779965
ILMN_1659259	PRPF6	8.622393434360086
ILMN_1738677	PRPF8	11.07543580004502
ILMN_1723678	PRPH	13.446881750065415
ILMN_1807610	PRPH2	4.859275236313021
ILMN_1667050	PRPS1	11.118978160560873
ILMN_1655155	PRPS1L1	4.446474774499783
ILMN_1758104	PRPS2	8.34138816931138
ILMN_1768449	PRPSAP1	10.714141293640338
ILMN_2116661	PRPSAP2	9.87296501959761
ILMN_1782403	PRR11	6.993655211358747
ILMN_1782241	PRR12	2.8253181993672185
ILMN_2344204	PRR13	12.716970663917301
ILMN_1745329	PRR14	10.978931631426157
ILMN_3307887	PRR14L	10.125249208181863
ILMN_2203768	PRR15	1.8797540051680877
ILMN_1748970	PRR15L	5.432392859699721
ILMN_1709153	PRR16	2.5975387552620806
ILMN_1683316	PRR18	4.5609375284832545
ILMN_1779778	PRR19	4.165836033539013
ILMN_2284930	PRR20A	2.021536852067991
ILMN_3245936	PRR20B	1.0080106769644355
ILMN_3246071	PRR20C	4.155341473096383
ILMN_3246169	PRR20D	0.2373175622341388
ILMN_3246286	PRR20E	2.64837072268331
ILMN_1704043	PRR21	6.972536568061699
ILMN_1840252	PRR23A	3.345869387625578
ILMN_1721916	PRR23B	0.0
ILMN_3232389	PRR23D1	4.586780766796386
ILMN_1700889	PRR25	0.19346464547789954
ILMN_2231546	PRR27	3.288201165719073
ILMN_1750167	PRR3	8.695977023663199
ILMN_1720274	PRR30	3.3903988060906904
ILMN_3247835	PRR32	8.792609755365552
ILMN_1673743	PRR34	2.3192501551805482
ILMN_2185427	PRR35	3.283494510076826
ILMN_1753665	PRR4	7.9101077552848755
ILMN_1692664	PRR5	6.9373774399968875
ILMN_2054070	PRR5-ARHGAP8	4.952287525786598
ILMN_1697491	PRR5L	5.048420871131886
ILMN_1677509	PRR7	7.644932006127136
ILMN_1685140	PRRC1	9.422855037210184
ILMN_1760563	PRRC2A	7.972544077788282
ILMN_3247802	PRRC2B	8.400450307448757
ILMN_1743137	PRRC2C	8.403161702867143
ILMN_1781791	PRRG1	8.20533113184962
ILMN_2064150	PRRG2	4.104223340551795
ILMN_1836531	PRRG3	7.808783520530672
ILMN_2219437	PRRG4	7.4825979315112505
ILMN_1780357	PRRT1	6.85457334633675
ILMN_1724424	PRRT2	8.47191076219335
ILMN_1784985	PRRT3	6.7100533262960385
ILMN_1739496	PRRX1	6.485831100393207
ILMN_1790338	PRRX2	8.937012286779211
ILMN_1734773	PRSS1	2.8356022866616404
ILMN_1672720	PRSS12	7.039338127056291
ILMN_1692020	PRSS16	3.469807487333385
ILMN_1750234	PRSS2	1.160912442165955
ILMN_2382964	PRSS21	3.0876819766536667
ILMN_1776925	PRSS22	2.648047089860996
ILMN_1797776	PRSS23	7.52205255626017
ILMN_1775549	PRSS27	3.195664501990579
ILMN_1685699	PRSS3	3.8109511139537458
ILMN_1736831	PRSS33	0.3170848271062963
ILMN_1769580	PRSS35	6.863154554088028
ILMN_3239881	PRSS36	6.285752670409136
ILMN_1796092	PRSS37	0.9001676940195104
ILMN_1786524	PRSS38	0.16198753796522516
ILMN_2119584	PRSS3P2	1.4253993097796922
ILMN_1757294	PRSS42	6.254923796104953
ILMN_2138249	PRSS45	4.008869513968687
ILMN_1807272	PRSS48	0.40189830714870883
ILMN_1775615	PRSS50	1.0918684496834878
ILMN_2133187	PRSS53	6.751198337737759
ILMN_2400360	PRSS54	0.030524734049969384
ILMN_1806464	PRSS55	1.2091095692782
ILMN_1674447	PRSS56	2.22099467423917
ILMN_1673605	PRSS57	3.901712457438187
ILMN_1799067	PRSS58	2.216000336152569
ILMN_1796461	PRSS8	2.154752745538416
ILMN_1708516	PRTFDC1	8.333837754832809
ILMN_1705225	PRTG	6.830888246416492
ILMN_1668460	PRTN3	5.008372895944791
ILMN_1728914	PRUNE1	7.5374225581113565
ILMN_1810628	PRUNE2	8.815134713267025
ILMN_1786648	PRX	4.191906893678846
ILMN_2156971	PRY	1.6916799675667484
ILMN_1666140	PRY2	2.6555818735121908
ILMN_2355559	PSAP	14.312537935851083
ILMN_3238264	PSAPL1	2.4029057141505414
ILMN_1692938	PSAT1	11.255321728596352
ILMN_1771538	PSCA	2.885347679738182
ILMN_1806242	PSD	6.561767300659082
ILMN_1662963	PSD2	9.21875907180531
ILMN_1717477	PSD3	8.039564021537805
ILMN_2154115	PSD4	1.7308692264538097
ILMN_1796669	PSEN1	7.0730509460945
ILMN_1714417	PSEN2	8.200612639841369
ILMN_1669718	PSENEN	8.23107977384177
ILMN_1798000	PSG1	0.9110422083944263
ILMN_3226388	PSG10P	0.12931363013566874
ILMN_1706911	PSG11	0.0
ILMN_2188141	PSG2	1.65849615121781
ILMN_1685312	PSG3	1.0765095258506545
ILMN_2384745	PSG4	3.92554965854938
ILMN_2103709	PSG5	0.884985732449004
ILMN_2309615	PSG6	1.7826373527669492
ILMN_1772768	PSG7	1.2915248658850829
ILMN_1795106	PSG8	0.0
ILMN_1801776	PSG9	0.22964229789629795
ILMN_1788701	PSIP1	8.641490003919541
ILMN_1700770	PSKH1	0.7381785708146705
ILMN_1704176	PSKH2	0.0
ILMN_1709611	PSMA1	12.518141075277285
ILMN_2058512	PSMA2	8.489123955843644
ILMN_2387553	PSMA3	10.907604824458476
ILMN_2198376	PSMA4	12.338048070510254
ILMN_1759952	PSMA5	11.879507234983636
ILMN_2151818	PSMA6	13.495861121716688
ILMN_1659103	PSMA8	0.31591582375361854
ILMN_1789176	PSMB1	12.599763965531524
ILMN_1683026	PSMB10	11.945404958286781
ILMN_3235768	PSMB11	1.8314747985628392
ILMN_1764794	PSMB2	11.745276770649491
ILMN_1748651	PSMB3	12.654564528179938
ILMN_1737862	PSMB4	12.253628302188007
ILMN_1744649	PSMB5	12.464538688383557
ILMN_1666409	PSMB6	12.957142475296495
ILMN_1814156	PSMB7	12.727905815950047
ILMN_2390299	PSMB8	3.5403100703461448
ILMN_1798233	PSMB9	2.7307088154239345
ILMN_1736353	PSMC1	12.811121142437448
ILMN_1768784	PSMC2	10.64602995866765
ILMN_1809010	PSMC3	10.560244518349483
ILMN_2396948	PSMC3IP	7.68697627652194
ILMN_2395389	PSMC4	10.21641300789513
ILMN_1780189	PSMC5	10.93294567542934
ILMN_1655316	PSMC6	11.78185911838107
ILMN_1702837	PSMD1	9.338511158158466
ILMN_1776102	PSMD10	12.491841044853365
ILMN_1800952	PSMD11	6.492524343594821
ILMN_2368971	PSMD12	9.651972569899273
ILMN_2342121	PSMD13	7.687701163810139
ILMN_1737396	PSMD14	10.580913084552666
ILMN_1712432	PSMD2	9.926408861013096
ILMN_1796430	PSMD3	7.947753452977854
ILMN_1728355	PSMD4	12.022396628888998
ILMN_1720926	PSMD5	7.819251264693439
ILMN_3236498	PSMD5-AS1	5.531705825194062
ILMN_2155998	PSMD6	11.465571294048528
ILMN_1913537	PSMD6-AS2	1.9402773726567493
ILMN_1776173	PSMD7	10.755108180562067
ILMN_1733256	PSMD8	10.339169283455156
ILMN_1732767	PSMD9	6.742580168773724
ILMN_1806017	PSME1	11.392257912939668
ILMN_1786612	PSME2	11.495569896451116
ILMN_2346573	PSME3	7.336986457797331
ILMN_1763540	PSME4	9.276515035153816
ILMN_2291010	PSMF1	1.9814716403391888
ILMN_1659285	PSMG1	8.841207022278342
ILMN_2088410	PSMG2	10.70971018627747
ILMN_1802627	PSMG3	8.324547091358014
ILMN_3248764	PSMG3-AS1	4.630259705497754
ILMN_3224204	PSMG4	8.099910440953844
ILMN_1799669	PSORS1C1	4.788869602182064
ILMN_1653447	PSORS1C2	2.5449568991831
ILMN_3309634	PSORS1C3	0.4583939967321761
ILMN_1724490	PSPC1	8.464552672617726
ILMN_1776105	PSPH	8.230563854305442
ILMN_1789887	PSPN	1.6787712538838102
ILMN_2315964	PSRC1	7.482149779482573
ILMN_1717707	PSTK	7.458323569537079
ILMN_1703327	PSTPIP1	0.5387553462394344
ILMN_1713058	PSTPIP2	6.5479288573426615
ILMN_1746836	PTAFR	3.6225910841954145
ILMN_3237679	PTAR1	8.906155943342585
ILMN_1655154	PTBP1	11.688947132733785
ILMN_1707240	PTBP2	10.082715967806434
ILMN_1768197	PTBP3	10.221817864417192
ILMN_2225709	PTCD1	7.612718359129296
ILMN_2051867	PTCD2	7.723762720583863
ILMN_1714424	PTCD3	3.6392872537068186
ILMN_1800331	PTCH1	4.730525398644175
ILMN_1753329	PTCH2	0.5897383129954817
ILMN_1717393	PTCHD1	3.344877175788602
ILMN_2054481	PTCHD3	4.601099694487213
ILMN_1742467	PTCHD4	6.106338050594498
ILMN_2091920	PTCRA	2.9749952449565735
ILMN_1688753	PTDSS1	10.198738441805125
ILMN_1763723	PTDSS2	9.099279356087596
ILMN_1880406	PTEN	9.725406281181753
ILMN_3240160	PTENP1	1.334011536420711
ILMN_1688090	PTER	1.3065607093113518
ILMN_1654415	PTF1A	1.833758770499057
ILMN_2062714	PTGDR	0.7476695655666427
ILMN_1703326	PTGDR2	0.41789709896773486
ILMN_1664464	PTGDS	7.841366709665522
ILMN_1744929	PTGER1	4.562731277234962
ILMN_1703926	PTGER2	0.9064811920815896
ILMN_1743361	PTGER3	3.8233525290073502
ILMN_1795930	PTGER4	5.512283046479268
ILMN_1713829	PTGES	7.171579034574834
ILMN_2345015	PTGES2	10.237117296467007
ILMN_1719749	PTGES3	10.567828263175807
ILMN_1700461	PTGES3L-AARSD1	9.705673707681965
ILMN_2395652	PTGFR	4.713028850748097
ILMN_1743130	PTGFRN	8.1973500372548
ILMN_1747023	PTGIR	2.4767752647812755
ILMN_1667692	PTGIS	6.329384916498338
ILMN_2225537	PTGR1	9.090834008154276
ILMN_2105253	PTGR2	8.26630851247999
ILMN_2339835	PTGS1	2.4719881889637674
ILMN_2054297	PTGS2	3.7609383507928165
ILMN_2202048	PTH	4.321725993192856
ILMN_1795166	PTH1R	7.909404492438912
ILMN_1673553	PTH2	7.874168611917304
ILMN_1729075	PTH2R	0.9827357528609314
ILMN_2314169	PTHLH	4.397275613618574
ILMN_1714364	PTK2	11.66632468700402
ILMN_2330966	PTK2B	5.884221083024141
ILMN_2075800	PTK6	5.01672785938246
ILMN_2353202	PTK7	9.231904424113377
ILMN_1759954	PTMA	10.133940732927433
ILMN_1721046	PTMS	10.708200164688103
ILMN_1813753	PTN	8.772784116101846
ILMN_1700109	PTOV1	12.08871815804145
ILMN_1830842	PTOV1-AS1	1.906572406822009
ILMN_1760575	PTP4A1	9.123385518559031
ILMN_1689197	PTP4A2	0.8576392981927591
ILMN_2359710	PTP4A3	7.496367408833108
ILMN_1729123	PTPA	9.8932895022788
ILMN_1761031	PTPDC1	5.273062579845537
ILMN_3236945	PTPMT1	10.771952198724629
ILMN_1681591	PTPN1	10.468233508261205
ILMN_1778236	PTPN11	10.267876502083032
ILMN_2222074	PTPN12	9.225700237019353
ILMN_2374687	PTPN13	6.689283159642284
ILMN_1917341	PTPN14	3.396196374448364
ILMN_1770005	PTPN18	3.59629524901896
ILMN_2400030	PTPN2	7.100427339224584
ILMN_1663945	PTPN20	4.462924259764869
ILMN_1719664	PTPN21	3.4732810279170114
ILMN_1695640	PTPN22	4.457340991139691
ILMN_1654318	PTPN23	5.910847848904385
ILMN_1717294	PTPN3	7.499242858199392
ILMN_1793549	PTPN4	5.356860265618562
ILMN_2363966	PTPN5	5.6425341234834905
ILMN_1716578	PTPN6	0.6455192684390144
ILMN_1715214	PTPN7	4.729449888449149
ILMN_1789504	PTPN9	5.97844294061441
ILMN_2411794	PTPRA	10.336116100335271
ILMN_1672102	PTPRB	0.7201911647570564
ILMN_1804279	PTPRC	2.542305301291113
ILMN_1672417	PTPRCAP	2.6269861897663644
ILMN_2315789	PTPRD	9.256814791051525
ILMN_2383611	PTPRE	6.847465779562655
ILMN_2380163	PTPRF	12.416943173024947
ILMN_1779674	PTPRG	8.036399432034205
ILMN_1741465	PTPRH	7.021168987260281
ILMN_1731589	PTPRJ	2.0694904340116715
ILMN_1810962	PTPRK	6.636216199656481
ILMN_1744937	PTPRM	8.33845207074363
ILMN_1658576	PTPRN	7.571387030814633
ILMN_1728844	PTPRN2	7.137681929798003
ILMN_1720113	PTPRO	6.0039865625858075
ILMN_1721392	PTPRQ	2.6126587089233646
ILMN_1669172	PTPRR	5.3386411987536135
ILMN_2365644	PTPRS	5.490193401077794
ILMN_1743175	PTPRT	5.931995254196674
ILMN_2383300	PTPRU	7.895301601370206
ILMN_1797827	PTPRVP	0.6337970185724986
ILMN_1676616	PTPRZ1	10.012441420794785
ILMN_1757552	PTRF	9.868716683679752
ILMN_1763842	PTRH1	7.8468496579391855
ILMN_2311548	PTRH2	8.97711348370696
ILMN_1692707	PTRHD1	9.692013726006849
ILMN_2162328	PTS	12.280192874702658
ILMN_2042771	PTTG1	12.724536978177468
ILMN_2128750	PTTG1IP	12.37066138138543
ILMN_1744146	PTTG2	2.557024342813941
ILMN_2049021	PTTG3P	10.85831109186685
ILMN_1801842	PTX3	0.37087191873351805
ILMN_1799100	PTX4	4.205710003859379
ILMN_1710136	PUDP	9.574125494546736
ILMN_1779404	PUF60	12.855418847246746
ILMN_2401155	PUM1	11.57144276992947
ILMN_1728305	PUM2	8.51177448827405
ILMN_1665483	PUM3	7.757782387200052
ILMN_2127328	PURA	6.71253418883585
ILMN_1750079	PURB	10.307302940836308
ILMN_1709815	PURG	7.55739160305816
ILMN_1662658	PUS1	8.154469715665957
ILMN_1810591	PUS10	0.3091780477157695
ILMN_1694147	PUS3	8.481143016632297
ILMN_1779353	PUS7	5.72657625168461
ILMN_1747184	PUS7L	5.884616152440233
ILMN_1780315	PUSL1	7.2512855386703166
ILMN_2069224	PVALB	5.558297710994846
ILMN_1677305	PVR	7.51508980668384
ILMN_1688279	PVRIG	0.9968388251745122
ILMN_1732926	PVT1	7.217178364590008
ILMN_3245815	PWAR1	0.20008491841211637
ILMN_3248085	PWAR4	0.9806898554721029
ILMN_3241803	PWAR5	2.4002967973554754
ILMN_1743049	PWP1	9.753718510639821
ILMN_1698950	PWP2	3.729387489449234
ILMN_3310361	PWRN1	1.1094135211757792
ILMN_3309194	PWRN2	2.3346704866455608
ILMN_1771403	PWWP2A	5.999928991570936
ILMN_1764609	PWWP2B	7.701757949533572
ILMN_2363658	PXDN	8.739484108759351
ILMN_2158902	PXDNL	4.009189295359404
ILMN_1815063	PXK	6.444887509771578
ILMN_1799015	PXMP2	8.848596542752944
ILMN_1771728	PXMP4	3.9351964315183636
ILMN_1684440	PXN	5.326553498652134
ILMN_1812981	PXT1	1.8858618416023756
ILMN_2306955	PXYLP1	8.97585323703048
ILMN_1698766	PYCARD	4.217608392942797
ILMN_1796013	PYCR1	8.846271234232011
ILMN_1808568	PYCR2	8.434233434157717
ILMN_1686387	PYCRL	0.14812620013332942
ILMN_1694823	PYDC1	2.3504848948395076
ILMN_1672325	PYDC2	1.821956249396311
ILMN_1778360	PYGB	9.621135820232185
ILMN_1696187	PYGL	8.155984518975307
ILMN_1720849	PYGM	4.87873600221617
ILMN_1913641	PYGO1	7.95245472056758
ILMN_1695334	PYGO2	4.695885810838125
ILMN_2395981	PYHIN1	5.142895968539098
ILMN_1751431	PYM1	7.752671668910952
ILMN_3247826	PYROXD1	2.9017819849592392
ILMN_1684497	PYROXD2	3.246082426164881
ILMN_1703075	PYY	1.1833108850590992
ILMN_2070395	PYY2	0.0
ILMN_1708183	PZP	1.1927534588051856
ILMN_1763080	QARS	13.489470538822156
ILMN_1672443	QDPR	10.749955895973322
ILMN_1773485	QKI	7.5324306201578715
ILMN_1741727	QPCT	8.975740888726948
ILMN_1794468	QPCTL	4.77179479466236
ILMN_1700268	QPRT	11.675655763175024
ILMN_1718848	QRFP	0.0
ILMN_3241626	QRFPR	11.742065708117721
ILMN_1676002	QRICH1	9.825889066978096
ILMN_1695016	QRICH2	2.0874917267678077
ILMN_1733364	QRSL1	3.9086362238481343
ILMN_2147863	QSER1	5.64968564799641
ILMN_2411282	QSOX1	8.951747670383016
ILMN_1789384	QSOX2	8.360622509474677
ILMN_1780153	QTRT1	7.4721958364124035
ILMN_2155516	QTRT2	6.62994881000474
ILMN_1735474	R3HCC1	10.536244513236232
ILMN_2158594	R3HCC1L	6.040681030079998
ILMN_1754547	R3HDM1	7.386683763628842
ILMN_1764091	R3HDM2	7.189300040406434
ILMN_1808202	R3HDM4	10.290481296637795
ILMN_1774238	R3HDML	0.2200462234432684
ILMN_1793433	RAB10	12.25963307957124
ILMN_1712312	RAB11A	11.989262678657829
ILMN_1731135	RAB11B	6.363980596486901
ILMN_1692219	RAB11FIP1	9.768756119860553
ILMN_2072541	RAB11FIP2	8.894151603528362
ILMN_1708328	RAB11FIP3	10.242556068079105
ILMN_1681467	RAB11FIP4	7.048889053499409
ILMN_1740604	RAB11FIP5	9.253513058236011
ILMN_1670666	RAB12	6.865967494160377
ILMN_1788180	RAB13	7.504662017692087
ILMN_1735765	RAB14	6.207385674600723
ILMN_1731699	RAB15	7.8139509952864055
ILMN_2052373	RAB17	0.8540628990503332
ILMN_1691143	RAB18	7.501718103004415
ILMN_1785297	RAB19	0.5878940008489598
ILMN_2118864	RAB1A	9.763074934571124
ILMN_1664030	RAB1B	7.356050546195537
ILMN_1708881	RAB20	4.3223754431824775
ILMN_1746856	RAB21	8.917718143273298
ILMN_1786976	RAB22A	9.511191385824544
ILMN_2346997	RAB23	9.591869556804802
ILMN_1677843	RAB24	10.425783227874371
ILMN_1791826	RAB25	3.1156926489238486
ILMN_1790317	RAB26	6.92961692568187
ILMN_1665859	RAB27A	3.7464077088840173
ILMN_1837428	RAB27B	8.866667887667385
ILMN_2410864	RAB28	7.337597371804222
ILMN_1813685	RAB29	5.5563953563427235
ILMN_1652394	RAB2A	9.233963687778878
ILMN_1753002	RAB2B	12.874096317630707
ILMN_2214355	RAB30	7.4880405317418495
ILMN_1660691	RAB31	9.997108863487199
ILMN_2115434	RAB32	8.093297476816966
ILMN_1724708	RAB33A	10.948646899028999
ILMN_1727738	RAB33B	7.795558157307046
ILMN_1810486	RAB34	6.951558063919528
ILMN_1812571	RAB35	9.493531600722328
ILMN_1733045	RAB36	1.174262711355856
ILMN_1737364	RAB37	3.626538669658921
ILMN_2134974	RAB38	5.827245456555063
ILMN_1805255	RAB39A	1.8216598085648943
ILMN_1811889	RAB39B	0.8148556435365427
ILMN_1755369	RAB3A	7.293924474797136
ILMN_1722845	RAB3B	6.238840765809641
ILMN_1685750	RAB3C	11.478454844985498
ILMN_1731568	RAB3D	5.415468971719295
ILMN_1739876	RAB3GAP1	10.257820401323103
ILMN_3236423	RAB3GAP2	8.35535654549678
ILMN_1741632	RAB3IL1	7.823305499630688
ILMN_2291619	RAB3IP	10.551771683580741
ILMN_2218068	RAB40A	1.6526284831117055
ILMN_2059423	RAB40AL	0.22057630407398446
ILMN_2230566	RAB40B	8.998086867756477
ILMN_1712705	RAB40C	11.491043809150655
ILMN_1725649	RAB41	3.148492357443923
ILMN_2193717	RAB42	4.288929097945913
ILMN_2155480	RAB43	5.823937760986017
ILMN_1677824	RAB4A	9.433588850077522
ILMN_2109994	RAB4B	8.931368358267122
ILMN_1805800	RAB5A	9.940043098460501
ILMN_1752582	RAB5B	12.375587542553887
ILMN_1769665	RAB5C	9.24063525876082
ILMN_1800871	RAB6A	8.991698954164395
ILMN_1752299	RAB6B	12.214352941989903
ILMN_2132828	RAB6C	1.0175102717507611
ILMN_3215992	RAB6C-AS1	0.25885881403500854
ILMN_1716524	RAB7A	12.647305904375736
ILMN_1771688	RAB7B	0.0
ILMN_1760858	RAB8A	9.589932798752953
ILMN_2173004	RAB8B	9.832078069020634
ILMN_1750409	RAB9A	9.79502661920697
ILMN_1679092	RAB9B	6.411844949217212
ILMN_1779710	RAB9BP1	0.0
ILMN_2207363	RABAC1	12.161543592368501
ILMN_1719622	RABEP1	9.64078836046412
ILMN_1693466	RABEP2	1.964876000027915
ILMN_1741957	RABEPK	11.575862584691256
ILMN_2061950	RABGAP1	10.204678685649126
ILMN_1708721	RABGAP1L	5.683951184847772
ILMN_2230577	RABGEF1	6.728869770696526
ILMN_2299221	RABGGTA	6.623929998902438
ILMN_1790354	RABGGTB	11.159885089518731
ILMN_1691862	RABIF	5.59717904866875
ILMN_1724598	RABL2A	7.406575524111233
ILMN_2385688	RABL2B	10.055408940957124
ILMN_1662306	RABL3	6.459718784332815
ILMN_1760628	RABL6	7.543676160103344
ILMN_2359789	RAC1	12.749476551975361
ILMN_1709795	RAC2	4.9928492146914385
ILMN_1693340	RAC3	10.397911634033742
ILMN_2077550	RACGAP1	8.863525012472579
ILMN_1736500	RACK1	15.540689331552159
ILMN_1687782	RAD17	6.510028151709368
ILMN_1707548	RAD18	3.1130833293085662
ILMN_1748578	RAD21	9.414317543303529
ILMN_3252615	RAD21-AS1	0.8590486116619825
ILMN_3235588	RAD21L1	5.659984061139323
ILMN_1751571	RAD23A	9.60485129074724
ILMN_1722662	RAD23B	7.945204412157146
ILMN_1708789	RAD50	0.37033160093210576
ILMN_2363027	RAD51	7.373489029458754
ILMN_1670353	RAD51AP1	8.42532298252797
ILMN_1830985	RAD51AP2	0.8912706434887516
ILMN_1727831	RAD51B	3.4956006296819044
ILMN_1695386	RAD51C	9.448541770053563
ILMN_2370907	RAD51D	6.597959416322456
ILMN_1781345	RAD52	2.436386688363094
ILMN_1722127	RAD54B	6.879461701574719
ILMN_1658027	RAD54L	5.9831151673534615
ILMN_3244803	RAD54L2	8.691967645808072
ILMN_1684183	RAD9A	5.582004775381313
ILMN_1654677	RAD9B	3.3501715901036455
ILMN_3235279	RADIL	7.46676041288427
ILMN_1781454	RAE1	10.098972695137082
ILMN_2164007	RAET1E	2.804109902543384
ILMN_1798303	RAET1G	4.008034574128665
ILMN_3247069	RAET1K	3.6567371473706403
ILMN_2206126	RAET1L	2.4065276036525507
ILMN_1813489	RAF1	9.291721376904277
ILMN_1738818	RAG1	2.8650204494317357
ILMN_1702072	RAG2	0.26409928329223725
ILMN_2060770	RAI1	8.86804887444191
ILMN_1682139	RAI14	10.02457588563973
ILMN_1760574	RAI2	4.7031244178917975
ILMN_1755364	RALA	12.13555157780727
ILMN_1676358	RALB	10.157023658215213
ILMN_1791840	RALBP1	6.984874811040526
ILMN_2324574	RALGAPA1	8.201482378991207
ILMN_1726333	RALGAPA2	4.949506749714707
ILMN_1733115	RALGAPB	8.013484320669809
ILMN_1699856	RALGDS	12.532255482927825
ILMN_1674135	RALGPS1	9.39891304135813
ILMN_1813703	RALGPS2	6.374135107344938
ILMN_1690610	RALY	10.49575425265421
ILMN_1716803	RALYL	7.660641897609224
ILMN_1764754	RAMP1	4.518411891119627
ILMN_2149782	RAMP2	6.907188543926169
ILMN_3294106	RAMP2-AS1	13.608721677016208
ILMN_2065745	RAMP3	3.5764282602535395
ILMN_3307930	RAN	13.533138055836375
ILMN_2109156	RANBP1	12.035964174401906
ILMN_1667306	RANBP10	6.535225241246895
ILMN_1753092	RANBP17	0.5785879367921255
ILMN_1654866	RANBP2	3.887233548789771
ILMN_2318811	RANBP3	9.952004458224565
ILMN_2094856	RANBP3L	1.917285016058126
ILMN_1780842	RANBP6	8.398647635117158
ILMN_2141157	RANBP9	5.676949030160792
ILMN_1662198	RANGAP1	11.444574238329103
ILMN_1704261	RANGRF	5.353192721560415
ILMN_1809191	RAP1A	5.00372936704101
ILMN_1701434	RAP1B	7.396301093807801
ILMN_1776519	RAP1GAP	11.133224926812845
ILMN_2041236	RAP1GAP2	7.155614646881678
ILMN_1806266	RAP1GDS1	10.155617057989728
ILMN_1677404	RAP2A	9.850679144817724
ILMN_1677590	RAP2B	4.448298566565968
ILMN_1773561	RAP2C	9.303244154700186
ILMN_1910146	RAP2C-AS1	5.7164847545361654
ILMN_1769412	RAPGEF1	9.34304704966908
ILMN_3247261	RAPGEF2	7.859246588537715
ILMN_2135258	RAPGEF3	0.0
ILMN_1661802	RAPGEF4	5.732074109841253
ILMN_3236825	RAPGEF5	5.920410857411806
ILMN_1725992	RAPGEF6	8.365338619094658
ILMN_1758613	RAPGEFL1	6.262617083364535
ILMN_1783846	RAPH1	6.802704812858814
ILMN_1803303	RAPSN	4.012816145188689
ILMN_1659206	RARA	9.5019906633537
ILMN_1671151	RARB	6.832363470650915
ILMN_1737433	RARG	3.058597409855391
ILMN_1743620	RARRES1	2.846401581314264
ILMN_1810844	RARRES2	9.69896605740226
ILMN_1701613	RARRES3	0.0
ILMN_1751378	RARS	10.268521522166148
ILMN_1758214	RARS2	11.027363341102882
ILMN_1725312	RASA1	9.734901788106777
ILMN_1703688	RASA2	2.916347400184755
ILMN_1654586	RASA3	6.473639824561549
ILMN_1694404	RASA4	0.6484575266443776
ILMN_3249546	RASA4CP	6.4627167209340035
ILMN_1793517	RASAL1	4.529646017451111
ILMN_1673455	RASAL2	4.3911388365323845
ILMN_1795089	RASAL3	5.800258319132201
ILMN_1740426	RASD1	10.616223427930407
ILMN_2170209	RASD2	6.852175455634241
ILMN_1779517	RASEF	1.003927052996401
ILMN_1761990	RASGEF1A	0.0
ILMN_1796677	RASGEF1B	1.1640627883863781
ILMN_1681544	RASGEF1C	5.756906313225425
ILMN_1748083	RASGRF1	2.40507606679501
ILMN_1753377	RASGRF2	2.2150207109169404
ILMN_1768958	RASGRP1	5.0159154754859285
ILMN_1794594	RASGRP2	4.648320800076285
ILMN_1727045	RASGRP3	0.1405026721234633
ILMN_1714650	RASGRP4	1.436572506647014
ILMN_1755657	RASIP1	4.842495167375437
ILMN_1788813	RASL10B	6.4238281551201455
ILMN_1651902	RASL11A	4.120484493893142
ILMN_2148469	RASL11B	8.15749813354172
ILMN_1806403	RASL12	2.6160819545683256
ILMN_1734205	RASSF1	9.756789497366668
ILMN_1674790	RASSF10	2.8722484742057364
ILMN_2352303	RASSF2	7.262017557312711
ILMN_2226343	RASSF3	0.49974905573149453
ILMN_1690566	RASSF4	5.991174863565207
ILMN_2362902	RASSF5	8.842456503628965
ILMN_2352245	RASSF6	6.946328879893674
ILMN_1733110	RASSF7	8.926717490504235
ILMN_1736741	RASSF8	4.238533329773888
ILMN_1798855	RASSF9	4.068553504561405
ILMN_1740395	RAVER1	6.189561206480481
ILMN_1804737	RAVER2	6.333015644613204
ILMN_1689625	RAX	1.51580819670285
ILMN_1653412	RAX2	9.256990681812294
ILMN_1696591	RB1	6.571558998431537
ILMN_1736796	RB1CC1	9.697007875003974
ILMN_1674072	RBAK	2.260271560251421
ILMN_3251085	RBBP4	10.249943945894527
ILMN_1696532	RBBP5	7.735188174094194
ILMN_2309446	RBBP6	9.602701664364893
ILMN_1770053	RBBP7	10.041765302975035
ILMN_2363621	RBBP8	7.619634119029332
ILMN_1682863	RBBP8NL	0.45364838478935815
ILMN_1786050	RBBP9	7.910673901448589
ILMN_1751330	RBCK1	9.29475071605127
ILMN_1736130	RBFA	7.523327584609782
ILMN_1814316	RBFOX1	6.662655023545397
ILMN_1745130	RBFOX2	10.1598859250899
ILMN_1705324	RBFOX3	3.0739114156625544
ILMN_1732127	RBKS	6.946056561059216
ILMN_1782745	RBL1	1.2357894108290883
ILMN_1756999	RBL2	8.417796496434656
ILMN_2414014	RBM10	11.518527463013127
ILMN_1651712	RBM11	5.726614731717262
ILMN_1797698	RBM12	10.178402943703935
ILMN_1805778	RBM12B	7.636559080440132
ILMN_1700604	RBM14	11.404466576349847
ILMN_1666739	RBM15	9.147914346041924
ILMN_1673024	RBM15B	5.5523863145415175
ILMN_1781906	RBM17	9.520970848097905
ILMN_1802355	RBM18	9.396906193839758
ILMN_1774839	RBM19	3.837809618983126
ILMN_1749540	RBM20	4.6908287486848605
ILMN_1760256	RBM22	12.174765437616927
ILMN_1780756	RBM23	9.552460951909802
ILMN_1673941	RBM24	6.764896867926825
ILMN_1768117	RBM25	11.043587360868303
ILMN_1740716	RBM26	7.453807906560862
ILMN_3248026	RBM27	8.009281039004112
ILMN_1793033	RBM28	5.983433423224125
ILMN_1698213	RBM3	9.772513988534348
ILMN_1741244	RBM33	5.500747222483057
ILMN_1661485	RBM34	9.83817044247371
ILMN_2404049	RBM38	8.943802380804106
ILMN_2411963	RBM39	9.842659565928205
ILMN_1709042	RBM4	11.314778977657502
ILMN_1695717	RBM41	7.112582620771808
ILMN_1670456	RBM42	8.817659336222954
ILMN_1858599	RBM43	4.474280798763577
ILMN_2252021	RBM44	3.5381835353442486
ILMN_1680378	RBM45	6.607281498491954
ILMN_1664009	RBM46	1.248512748333039
ILMN_3224926	RBM47	2.705011080142892
ILMN_1742276	RBM48	6.688051544003316
ILMN_1743104	RBM4B	10.309426810371624
ILMN_1786893	RBM5	10.655084125063015
ILMN_1738239	RBM6	9.194080095253772
ILMN_2183331	RBM7	8.269278029400438
ILMN_1781870	RBM8A	3.67538298593297
ILMN_1666444	RBMS1	8.779123879658428
ILMN_1755411	RBMS2	7.489741814387679
ILMN_1675979	RBMS3	6.891578904207485
ILMN_2124951	RBMX	11.702748032273185
ILMN_2056551	RBMX2	9.122168179201791
ILMN_1763408	RBMXL1	6.590763191541659
ILMN_1804668	RBMXL2	0.21351594744478922
ILMN_1686637	RBMXL3	0.8546484850614791
ILMN_1800421	RBMY1A1	0.08770967154225327
ILMN_2174275	RBMY1A3P	1.767249555107772
ILMN_1716960	RBMY1B	0.6255856039529024
ILMN_3242490	RBMY1D	1.338829924058026
ILMN_1666417	RBMY1E	3.967516346773896
ILMN_2205022	RBMY1F	0.0
ILMN_1674678	RBMY1J	3.4156774229635603
ILMN_2202370	RBMY2EP	0.47029391943025484
ILMN_2145781	RBMY2FP	6.200905240393976
ILMN_3238832	RBMY3AP	4.344975501484753
ILMN_1656837	RBP1	13.356287613497386
ILMN_2219681	RBP2	5.084305871139938
ILMN_1705495	RBP3	0.3318564317876501
ILMN_1814719	RBP4	4.313864309295421
ILMN_2103024	RBP5	5.369594137750151
ILMN_1716465	RBP7	2.813371918821423
ILMN_1708537	RBPJ	5.943771373105719
ILMN_1798870	RBPJL	5.9855321177708625
ILMN_2323087	RBPMS	5.633687942734826
ILMN_1808238	RBPMS2	11.217185860309016
ILMN_1799890	RBSN	10.717624971951624
ILMN_1666670	RBX1	12.537491402517098
ILMN_1807147	RC3H1	0.5365471621852684
ILMN_1710738	RC3H2	8.558415202158207
ILMN_2367239	RCAN1	9.007246311671958
ILMN_2120210	RCAN2	9.574208908465572
ILMN_1688299	RCAN3	3.8853384060186276
ILMN_1695317	RCBTB1	5.994483765483793
ILMN_2148668	RCBTB2	7.884076739554245
ILMN_1707493	RCC1	7.987325200204715
ILMN_1679978	RCC1L	6.985422987031316
ILMN_1720124	RCC2	10.351751844841178
ILMN_2409318	RCCD1	7.469825411062839
ILMN_1685002	RCE1	8.337614733116476
ILMN_2386732	RCHY1	1.1167685475542355
ILMN_1813766	RCL1	7.116890341230341
ILMN_1800276	RCN1	12.288614968616544
ILMN_1662129	RCN2	12.877620939811244
ILMN_1809850	RCN3	8.598652266653302
ILMN_1743421	RCOR1	0.35338604875797563
ILMN_1791366	RCOR2	11.489112683533769
ILMN_1682095	RCOR3	9.755433590979061
ILMN_1749006	RCSD1	3.528488266631595
ILMN_1736453	RCVRN	4.643125508856234
ILMN_1741843	RD3	2.362787093896356
ILMN_1714335	RDH10	6.799471549265103
ILMN_1768719	RDH11	11.68190052460244
ILMN_1792182	RDH12	3.1351714210903254
ILMN_1660723	RDH13	5.801351561792952
ILMN_2222984	RDH14	10.488072979100986
ILMN_1810000	RDH16	6.123163179592422
ILMN_1773395	RDH5	5.7394356469142975
ILMN_1813296	RDH8	4.667966445870222
ILMN_2309534	RDM1	8.198684253871871
ILMN_1708611	RDX	9.121341407446192
ILMN_2145490	REC114	4.233340784643904
ILMN_1751886	REC8	8.925504889711137
ILMN_1688630	RECK	5.267055800182994
ILMN_2380999	RECQL	7.7653165114092
ILMN_1703092	RECQL4	5.648609216473631
ILMN_1692433	RECQL5	4.08868197249852
ILMN_1733746	REEP1	10.981316029060672
ILMN_1666057	REEP2	10.043542939963155
ILMN_1722642	REEP3	4.543099615241643
ILMN_1729611	REEP4	2.9958518900085145
ILMN_1758941	REEP5	11.275093803919459
ILMN_1697460	REEP6	8.286432524478174
ILMN_1802441	REG1A	3.1312763276756805
ILMN_1681462	REG1B	0.8218799604020465
ILMN_1785302	REG1CP	0.3017068556558546
ILMN_2382679	REG3A	2.8938187166084415
ILMN_1685062	REG3G	2.4664417378541095
ILMN_2169383	REG4	0.1085514464540591
ILMN_2124064	REL	4.118121976030242
ILMN_1705266	RELA	5.936493758530484
ILMN_1811258	RELB	5.337418267984911
ILMN_3233388	RELL1	7.213028017278884
ILMN_1652540	RELL2	7.531085838911133
ILMN_1800642	RELN	9.421690623245452
ILMN_1748614	RELT	3.904290426247563
ILMN_1719811	REM1	1.3428500276389943
ILMN_1745262	REM2	9.690181516266385
ILMN_1742272	REN	6.106286163678256
ILMN_1780057	RENBP	6.5628777609539375
ILMN_1665884	REP15	1.6581446912731577
ILMN_2404385	REPIN1	12.09985871400879
ILMN_2222768	REPS1	5.019159135490214
ILMN_1656934	REPS2	5.58941364072263
ILMN_1760933	RER1	9.78129068786073
ILMN_1802380	RERE	8.996982910229764
ILMN_1746359	RERG	3.536647690930387
ILMN_1897279	RERG-AS1	3.9367182201159996
ILMN_3243185	RERGL	1.235536446886461
ILMN_1651708	RESP18	6.952983907867317
ILMN_1727107	REST	4.2070250391600315
ILMN_1655610	RET	9.186679080159998
ILMN_1675190	RETN	0.46052340204500414
ILMN_1787379	RETNLB	5.080849671787618
ILMN_1702633	RETSAT	8.620388001932492
ILMN_1707062	REV1	9.162628780558185
ILMN_2199947	REV3L	6.1762831616308596
ILMN_1753008	REXO1	7.061250712465565
ILMN_3242842	REXO1L2P	0.7360815921866033
ILMN_1749009	REXO2	10.572845438623547
ILMN_1677452	REXO4	9.752666617375754
ILMN_2217935	RFC1	8.759172486622212
ILMN_1655733	RFC2	6.532894260418954
ILMN_1658143	RFC3	6.970476996616462
ILMN_1724489	RFC4	9.649083333544189
ILMN_1659364	RFC5	9.204553946422788
ILMN_2100458	RFESD	6.619486940547656
ILMN_1664111	RFFL	0.8043746321310983
ILMN_1690780	RFK	5.83965712922985
ILMN_1661427	RFNG	6.2184244145858685
ILMN_3247737	RFPL1	3.575020524418617
ILMN_2198594	RFPL1S	6.66329555528772
ILMN_2159311	RFPL2	0.7880774651499317
ILMN_1784654	RFPL3	5.732108326575155
ILMN_2401263	RFPL3S	5.327610794715676
ILMN_3227341	RFPL4A	6.869908377323731
ILMN_1809077	RFPL4B	0.7837627507674606
ILMN_1736285	RFT1	3.5415908226206714
ILMN_1800787	RFTN1	10.034903343553097
ILMN_1801441	RFTN2	9.240719020067962
ILMN_1661002	RFWD2	10.186542142262406
ILMN_1687107	RFWD3	7.513156713570626
ILMN_1725787	RFX1	5.369808853258147
ILMN_2396287	RFX2	2.5195479575674606
ILMN_2269392	RFX3	8.155104097616539
ILMN_1773289	RFX4	5.843781479274699
ILMN_1741200	RFX5	8.65998360560401
ILMN_2054261	RFX6	3.038429184931726
ILMN_3245625	RFX7	9.733548594525645
ILMN_1780987	RFXANK	9.25076894167509
ILMN_1652735	RFXAP	6.128666959815438
ILMN_1794950	RGAG1	1.9922649477016405
ILMN_1757537	RGAG4	7.52052727412375
ILMN_1658494	RGCC	7.449861205011991
ILMN_1654398	RGL1	8.781333790298586
ILMN_2124386	RGL2	7.495529441022934
ILMN_2074801	RGL3	2.1641492595132648
ILMN_1663422	RGL4	5.636256879387365
ILMN_1717636	RGMA	11.813162375438958
ILMN_1776213	RGMB	8.028453182094745
ILMN_1727770	RGN	3.8659713580348716
ILMN_2270607	RGP1	3.110324815513771
ILMN_2116827	RGPD1	6.032840636364173
ILMN_2056074	RGPD2	6.439689871527822
ILMN_1654200	RGPD3	5.041787002536226
ILMN_3236316	RGPD4-AS1	5.416172380855433
ILMN_2246256	RGPD5	4.999775399838843
ILMN_2165251	RGPD6	0.37348041088048767
ILMN_3238854	RGPD8	7.477683859957303
ILMN_2391219	RGR	5.244268876961269
ILMN_1656011	RGS1	0.829487041184557
ILMN_1733538	RGS10	12.09662732344191
ILMN_1763704	RGS11	9.023089267000547
ILMN_1722834	RGS12	8.513205667626432
ILMN_2407775	RGS13	1.9056785529760158
ILMN_1696828	RGS14	5.567731537654218
ILMN_1808226	RGS16	7.3260092174177025
ILMN_1725485	RGS17	9.669769330572679
ILMN_2101278	RGS18	3.3933284268162693
ILMN_1677085	RGS19	6.8904146092073
ILMN_2197365	RGS2	10.510476712608451
ILMN_1738558	RGS20	8.602416707628949
ILMN_3249598	RGS21	5.679206772316495
ILMN_1669983	RGS22	0.8857814633154274
ILMN_1724349	RGS3	6.575005028739786
ILMN_1758067	RGS4	10.318053239273459
ILMN_1651554	RGS5	4.213247294124774
ILMN_1778267	RGS6	4.908874688375959
ILMN_1685496	RGS7	7.465104964421298
ILMN_1654632	RGS7BP	1.018684164890862
ILMN_1808215	RGS8	1.2112314726031819
ILMN_1754468	RGS9	0.9254716217151882
ILMN_1675172	RGS9BP	4.6252932618149
ILMN_1811410	RHAG	0.38017242581506855
ILMN_2209766	RHBDD1	8.431244549845001
ILMN_1809437	RHBDD2	11.503023850562663
ILMN_1815264	RHBDD3	6.673042321382314
ILMN_1808404	RHBDF1	9.726649394711822
ILMN_1735792	RHBDF2	7.451035987556846
ILMN_2053538	RHBDL2	8.767197215465188
ILMN_1716019	RHBDL3	10.242270009685678
ILMN_1697412	RHBG	0.0
ILMN_2408663	RHCE	5.304122622149302
ILMN_1778687	RHCG	2.926490017810817
ILMN_1651373	RHD	0.27903125537313517
ILMN_1657949	RHEB	12.741862631559442
ILMN_1721029	RHEBL1	5.999296625333684
ILMN_2105923	RHNO1	8.304697433920362
ILMN_1803871	RHO	0.0
ILMN_1781290	RHOA	12.0829927298466
ILMN_1802205	RHOB	9.405250575558842
ILMN_2376502	RHOBTB1	3.5235902481260157
ILMN_2195957	RHOBTB2	6.355894357156486
ILMN_1744949	RHOBTB3	10.615271299392989
ILMN_2313730	RHOC	12.435480410046067
ILMN_2089167	RHOD	2.650735518321224
ILMN_1652918	RHOF	3.4641723795298165
ILMN_1739792	RHOG	8.18298891058789
ILMN_1684553	RHOH	3.2527556992829805
ILMN_1678215	RHOJ	6.009633311442038
ILMN_1810559	RHOQ	11.019070357955954
ILMN_1678504	RHOT1	10.814424673367549
ILMN_1669310	RHOT2	8.374133535662574
ILMN_3242586	RHOU	9.63736565372374
ILMN_1698484	RHOV	0.8225612137832691
ILMN_1776888	RHOXF1	4.346105429947521
ILMN_3243976	RHOXF2	0.3593136894715145
ILMN_1685228	RHOXF2B	3.9246035904963716
ILMN_1742003	RHPN1	6.111537699130399
ILMN_1753143	RHPN2	10.706712801785763
ILMN_1756880	RIBC1	2.9194940082074434
ILMN_1680349	RIBC2	0.0
ILMN_1689965	RIC1	3.568507456366586
ILMN_1749077	RIC3	8.002452384756799
ILMN_1770733	RIC8A	9.313416101709311
ILMN_1663532	RIC8B	8.862892680050875
ILMN_1705828	RICTOR	2.2229035754594135
ILMN_1807633	RIDA	9.201628341030453
ILMN_2149053	RIF1	6.24206076072326
ILMN_3249820	RIIAD1	7.32447232423607
ILMN_1800172	RILP	2.4353383014962966
ILMN_1805643	RILPL1	10.379667000753809
ILMN_1678490	RILPL2	5.608808156000081
ILMN_1676283	RIMBP2	6.507481755970937
ILMN_1732988	RIMBP3	8.98194614892229
ILMN_1799485	RIMBP3B	1.2812505295336065
ILMN_3244402	RIMBP3C	1.4954995077668658
ILMN_1706664	RIMKLA	5.8934558377646775
ILMN_3245707	RIMKLB	9.285363838337704
ILMN_1700759	RIMS1	2.695653018934444
ILMN_1665257	RIMS2	4.835018791516702
ILMN_1742382	RIMS3	11.877216081374987
ILMN_1746031	RIMS4	7.983227989308186
ILMN_1660858	RIN1	5.777147748105378
ILMN_1769546	RIN2	6.472383073072813
ILMN_1731736	RIN3	5.521781290786848
ILMN_1666399	RING1	11.878708615019143
ILMN_1790962	RINL	6.992326087930196
ILMN_1784584	RINT1	7.618609942772058
ILMN_1797534	RIOK1	7.503786460902436
ILMN_1655329	RIOK2	9.30971708336095
ILMN_1724700	RIOK3	11.795916299932708
ILMN_2119535	RIPK1	4.8501290130333
ILMN_1758939	RIPK2	9.38853218338325
ILMN_1763763	RIPK3	1.8035426072981557
ILMN_1680018	RIPK4	6.291995739137364
ILMN_3237594	RIPPLY1	0.8347832461546593
ILMN_2200915	RIPPLY2	3.167466170537878
ILMN_1709257	RIPPLY3	5.274843029943313
ILMN_1656335	RIT1	7.900856200867146
ILMN_1796673	RIT2	3.4687895153102346
ILMN_1667857	RITA1	9.272821759106362
ILMN_1751980	RLBP1	1.969654758221953
ILMN_1801156	RLF	7.982805105233493
ILMN_1727789	RLIM	2.729978181844697
ILMN_1796775	RLN1	0.44105319950701194
ILMN_1744887	RLN2	1.9420866397587888
ILMN_1717278	RLN3	0.7046855016333454
ILMN_1772973	RMDN1	3.1505513267692735
ILMN_1812302	RMDN2	0.1864321764058965
ILMN_1727309	RMDN3	9.756097091623499
ILMN_2151488	RMI1	8.782695749210347
ILMN_1790537	RMI2	8.529127558388574
ILMN_1694533	RMND1	7.804958897355853
ILMN_1714093	RMND5A	6.196375754292411
ILMN_1737847	RMND5B	7.292600827511543
ILMN_3242405	RMRP	4.818257816191281
ILMN_3245464	RMST	4.390176364782359
ILMN_2074860	RN7SK	12.654285239771061
ILMN_2041368	RN7SL1	15.360138461526581
ILMN_3243593	RNA18S5	11.723991934554233
ILMN_3251587	RNA28S5	13.554854846929878
ILMN_3234762	RNA5S9	9.255534082238702
ILMN_2333670	RNASE1	2.6060131253252377
ILMN_1684083	RNASE10	5.2502845026385465
ILMN_1733428	RNASE11	2.659538583140536
ILMN_1742118	RNASE12	0.0
ILMN_1762871	RNASE13	4.417999995391519
ILMN_1730628	RNASE2	3.176195884308243
ILMN_2113126	RNASE3	0.41197332664667496
ILMN_1776602	RNASE4	8.194689349324946
ILMN_1780533	RNASE6	1.2491548447977698
ILMN_1712849	RNASE7	2.242592239963226
ILMN_1716967	RNASE8	0.7029493947822826
ILMN_1655474	RNASE9	0.35941075384401594
ILMN_1726783	RNASEH1	9.68559745382816
ILMN_1810901	RNASEH2A	8.73251036246847
ILMN_1782488	RNASEH2B	6.18462873021354
ILMN_3251565	RNASEH2C	6.378449342779877
ILMN_3241136	RNASEK	11.845074222653457
ILMN_1671281	RNASEL	6.585101948183792
ILMN_1671565	RNASET2	11.884479133417825
ILMN_1651838	RND1	6.671389751089547
ILMN_1736533	RND2	11.892233259351011
ILMN_1759513	RND3	10.43532107222239
ILMN_1697529	RNF10	6.082278769092569
ILMN_1692199	RNF103	9.233356914142936
ILMN_1810785	RNF11	9.362736640403583
ILMN_1760209	RNF111	5.691116521147912
ILMN_1744676	RNF112	6.856486013288961
ILMN_1786388	RNF113A	9.499810972884413
ILMN_1768795	RNF113B	3.5266670655301744
ILMN_1792078	RNF114	10.595147602235349
ILMN_1811997	RNF115	8.223217476269392
ILMN_2356031	RNF121	9.167840565137316
ILMN_1691119	RNF122	8.12179621186904
ILMN_1663605	RNF123	8.445579519267444
ILMN_1821176	RNF125	5.404723611233353
ILMN_1790741	RNF126	8.589654388931278
ILMN_2174045	RNF126P1	4.697257383367945
ILMN_1775742	RNF128	5.9858197554261565
ILMN_2339748	RNF13	8.162545931090827
ILMN_1729294	RNF130	11.011503317223351
ILMN_1710026	RNF133	4.23081883191159
ILMN_1700660	RNF135	3.323914327831355
ILMN_1655165	RNF138	7.555191782145954
ILMN_2144064	RNF138P1	0.5212836715430988
ILMN_1811787	RNF139	0.7315234087605157
ILMN_1714461	RNF14	9.85426760281978
ILMN_1815010	RNF141	7.216529290158026
ILMN_1777660	RNF144A	10.392471134701356
ILMN_1752526	RNF144B	1.7211922955715873
ILMN_1710906	RNF145	7.760648382423273
ILMN_1685679	RNF146	9.684330214472835
ILMN_1763184	RNF148	1.3648452879488433
ILMN_1665877	RNF149	9.398384808796754
ILMN_1767446	RNF150	10.274494187014538
ILMN_1745330	RNF151	2.779189008821879
ILMN_2071826	RNF152	4.761726510579904
ILMN_1706266	RNF157	6.840570385789479
ILMN_1792389	RNF165	10.307553534514875
ILMN_1695356	RNF166	5.172834845553379
ILMN_1794726	RNF167	10.033716755557089
ILMN_1657158	RNF168	4.106491976567173
ILMN_1732969	RNF169	6.966352244194421
ILMN_1791505	RNF17	1.2923099480546008
ILMN_1709265	RNF170	6.737209432353311
ILMN_1741281	RNF175	9.604840183121409
ILMN_1755179	RNF180	5.778152173337091
ILMN_1655340	RNF181	12.16117004301726
ILMN_3243112	RNF182	7.7597849700552635
ILMN_1692591	RNF183	1.3406318773738342
ILMN_1691293	RNF185	4.714237025061167
ILMN_1811278	RNF186	2.667249602851522
ILMN_1707372	RNF187	7.459253754286706
ILMN_2381197	RNF19A	6.884901513489603
ILMN_1682081	RNF19B	6.551055593143499
ILMN_1651715	RNF2	4.985822114328809
ILMN_1710758	RNF20	10.049913830692173
ILMN_3237503	RNF207	2.442490214347844
ILMN_1722483	RNF208	3.2842585122938037
ILMN_1787259	RNF212	6.048707508781924
ILMN_1731203	RNF213	7.883926905973876
ILMN_1800420	RNF214	7.054720665785584
ILMN_1652313	RNF215	7.595758052799507
ILMN_1729980	RNF216	6.824789369433328
ILMN_3225534	RNF216P1	9.226503202531863
ILMN_1854349	RNF217	5.9613824697214035
ILMN_2070210	RNF219	9.834521555072596
ILMN_1694504	RNF220	9.923462212754263
ILMN_1798205	RNF222	0.4462825980930685
ILMN_1672332	RNF225	0.6421334689787948
ILMN_1717809	RNF24	7.73187536800652
ILMN_1713486	RNF25	7.36159496695666
ILMN_1762787	RNF26	8.246839134061444
ILMN_1758831	RNF31	8.42029197082971
ILMN_2215043	RNF32	4.294529468367056
ILMN_1786039	RNF34	10.403186961986412
ILMN_1793616	RNF38	10.629872423466134
ILMN_1730223	RNF39	3.619547421298917
ILMN_1687941	RNF4	8.909273421169175
ILMN_1808712	RNF40	7.8873958596819564
ILMN_1808095	RNF41	10.04599432587318
ILMN_1700606	RNF43	0.1408595979794144
ILMN_1660079	RNF44	8.557526180328107
ILMN_2044927	RNF5	9.966119925927044
ILMN_2052863	RNF5P1	9.803372435614596
ILMN_1725306	RNF6	4.997256973176078
ILMN_1711862	RNF7	13.322301536659934
ILMN_1677113	RNF8	7.621187920568965
ILMN_1688606	RNFT1	7.097892669441385
ILMN_3299905	RNFT2	10.104748014617533
ILMN_1734198	RNGTT	9.552163833967684
ILMN_2375599	RNH1	9.201009801669072
ILMN_1783873	RNLS	6.602932121483231
ILMN_1769637	RNMT	10.394908887395676
ILMN_2150284	RNPC3	5.739478848448737
ILMN_1738347	RNPEP	9.589518127487606
ILMN_1694730	RNPEPL1	3.0896397107175955
ILMN_1691843	RNPS1	11.355255712291745
ILMN_3245678	RNU1-1	8.818916870022274
ILMN_3246273	RNU1-3	9.404839716188736
ILMN_3247718	RNU105B	2.538383055961871
ILMN_3242818	RNU105C	4.481175846937483
ILMN_3245103	RNU11	7.043714626728079
ILMN_2057836	RNU2-1	1.1769410687739428
ILMN_3309453	RNU4-1	4.741931505969686
ILMN_3308138	RNU4-2	7.494431140824574
ILMN_3240594	RNU4ATAC	4.58189753326048
ILMN_3237617	RNU5A-1	5.207011715285297
ILMN_3236102	RNU5D-1	0.7575967824217139
ILMN_3308335	RNU6-1	11.876664736390202
ILMN_3241878	RNU6ATAC	6.33752450430217
ILMN_3236653	RNVU1-18	9.712664063082917
ILMN_3244646	RNVU1-7	9.085428473792373
ILMN_3237623	RNY1	8.390573800979583
ILMN_3239225	RNY3	7.371504844182706
ILMN_3241021	RNY4	8.455335820078968
ILMN_3246433	RNY5	8.809108812418625
ILMN_1806790	ROBO1	6.949847971547155
ILMN_2189306	ROBO2	3.995745132397801
ILMN_1731561	ROBO3	8.352127234447652
ILMN_1665449	ROBO4	2.2502373819744115
ILMN_1739583	ROCK1	3.438191893357333
ILMN_3248379	ROCK1P1	5.948335603027612
ILMN_2058337	ROCK2	15.333449626690026
ILMN_1722738	ROGDI	7.713804689995399
ILMN_1723743	ROM1	7.850216226338905
ILMN_1801633	ROMO1	13.37454694522703
ILMN_1668766	ROPN1	1.448746830793949
ILMN_1702055	ROPN1B	4.762176670842698
ILMN_1696466	ROPN1L	5.285030136609435
ILMN_1655904	ROR1	4.926706741252474
ILMN_1694426	ROR2	7.514416710743724
ILMN_1862909	RORA	5.051665853627614
ILMN_1746658	RORB	4.292719902046817
ILMN_1771126	RORC	2.721899774922863
ILMN_1811234	ROS1	0.0
ILMN_3266492	RP1	2.98284139109151
ILMN_1742054	RP1L1	0.6453774821977466
ILMN_1659255	RP2	6.481773783630164
ILMN_1687922	RP9	10.873091497930808
ILMN_3244444	RP9P	8.34620085320501
ILMN_2049642	RPA1	10.410276526626436
ILMN_1753582	RPA2	11.087997229708925
ILMN_1716895	RPA3	11.5992227201179
ILMN_1798880	RPA4	1.5072002038154675
ILMN_1770339	RPAIN	9.451148812867386
ILMN_1713605	RPAP1	6.846993281191389
ILMN_1657754	RPAP2	6.351060663427583
ILMN_1766916	RPAP3	7.945007582215326
ILMN_1699476	RPE	7.620605021043809
ILMN_1686770	RPE65	0.2598816252143492
ILMN_3227136	RPEL1	2.4626929570317833
ILMN_1655734	RPF1	8.755028958403873
ILMN_1664167	RPF2	11.218678694100143
ILMN_2336803	RPGR	4.782918992330075
ILMN_1803739	RPGRIP1	0.0
ILMN_1677581	RPGRIP1L	0.38591175114645054
ILMN_1663356	RPH3A	4.4152493501488435
ILMN_1693717	RPH3AL	5.40605547599671
ILMN_1714809	RPIA	8.247032252482834
ILMN_1712250	RPL10	0.47270508906904524
ILMN_2154566	RPL10A	15.4749677828226
ILMN_1737709	RPL10L	3.7129617700578517
ILMN_1672446	RPL11	14.966407884317746
ILMN_2116366	RPL12	15.290573620325238
ILMN_2413278	RPL13	11.996836594570633
ILMN_1713369	RPL13A	13.946000935702521
ILMN_1749234	RPL13AP17	1.4377494969012432
ILMN_1660376	RPL13AP20	15.479897792267346
ILMN_1659771	RPL13AP3	15.266325773040599
ILMN_3220792	RPL13AP5	15.71266492915783
ILMN_1789809	RPL13AP6	14.657724442250744
ILMN_2130180	RPL13P5	10.919471968511088
ILMN_1726460	RPL14	11.208106453987021
ILMN_1762747	RPL15	14.353036817997292
ILMN_2383097	RPL17	15.609072877256958
ILMN_2230624	RPL18	15.636035482859794
ILMN_2141452	RPL18A	15.535987507712107
ILMN_1701832	RPL19	15.15928018624083
ILMN_3194217	RPL19P12	14.269947464074583
ILMN_2290808	RPL21	13.589523257372838
ILMN_3214532	RPL21P28	12.602347870182202
ILMN_2079386	RPL22	13.175730473730644
ILMN_1797764	RPL22L1	3.292531506242062
ILMN_1755115	RPL23	14.17510475149136
ILMN_1788607	RPL23A	10.595401596821935
ILMN_2124757	RPL23AP32	7.039350505173187
ILMN_3239263	RPL23AP53	8.445179094023272
ILMN_2181241	RPL23AP64	10.945569782943572
ILMN_2222750	RPL23AP7	10.328491754370061
ILMN_3235148	RPL23AP87	11.90083714805091
ILMN_2160388	RPL24	15.335650928793184
ILMN_1731546	RPL26	14.643033153811333
ILMN_2110532	RPL26L1	11.110305722017708
ILMN_1656807	RPL27	15.495160353812295
ILMN_1713086	RPL27A	15.555921854171734
ILMN_1673509	RPL28	9.361562228776087
ILMN_1737517	RPL29	9.884375068648216
ILMN_2104409	RPL29P2	5.449730708294296
ILMN_2319994	RPL3	15.267112156595045
ILMN_1754303	RPL30	15.229660608033699
ILMN_1754195	RPL31	15.487599735544874
ILMN_1745171	RPL31P11	2.336787181325801
ILMN_1663799	RPL32	15.534880557070602
ILMN_2175020	RPL32P3	5.2884557159363
ILMN_1774823	RPL34	12.19147781637784
ILMN_2142815	RPL35	14.371736373613691
ILMN_1756360	RPL35A	15.115984247425729
ILMN_1685088	RPL36	14.71225870996314
ILMN_2112811	RPL36A	7.977009985898874
ILMN_2189936	RPL36AL	13.261430658901013
ILMN_1800796	RPL37	10.837178967290205
ILMN_2051519	RPL37A	14.88677260076436
ILMN_1765043	RPL38	15.667604387119994
ILMN_1737015	RPL39	15.309241739156446
ILMN_2108357	RPL39L	10.521656274340236
ILMN_1775175	RPL3L	2.0385337080207164
ILMN_1752285	RPL4	14.94368395870328
ILMN_2331890	RPL41	15.72031531335516
ILMN_2087080	RPL5	14.688062320181238
ILMN_1690494	RPL6	15.582779615298167
ILMN_1815292	RPL7	11.491284372164612
ILMN_1740749	RPL7A	13.47945788030956
ILMN_2220320	RPL7L1	14.251518938160002
ILMN_1764721	RPL8	14.655990659730065
ILMN_1750507	RPL9	15.37111112471072
ILMN_1709880	RPLP0	15.482926348291267
ILMN_2208491	RPLP0P2	0.06666797679026742
ILMN_2247594	RPLP1	15.438718578447263
ILMN_1755733	RPLP2	15.562868434596092
ILMN_1660533	RPN1	12.779535863372594
ILMN_1693421	RPN2	8.518874365523862
ILMN_1725969	RPP14	6.0434990392591255
ILMN_2186597	RPP21	13.211653087408054
ILMN_1695271	RPP25	5.709986013681163
ILMN_1683175	RPP25L	8.972093136807116
ILMN_1792283	RPP30	3.808154844172842
ILMN_1680386	RPP38	6.123032009153184
ILMN_1810423	RPP40	10.485617529162289
ILMN_1704056	RPPH1	8.59353312178603
ILMN_2209180	RPRD1A	10.694287206008793
ILMN_3243461	RPRD1B	7.304973992497256
ILMN_3238889	RPRD2	8.141630607163512
ILMN_1665425	RPRM	12.768541913312403
ILMN_1676504	RPRML	7.764590615821909
ILMN_1686954	RPS10	15.563000239513244
ILMN_1805348	RPS10P7	0.7958415056800288
ILMN_1740587	RPS11	15.65009857848012
ILMN_1782621	RPS12	15.681105807518717
ILMN_1777344	RPS13	14.638117607243487
ILMN_1666635	RPS14	15.530691261579243
ILMN_2046856	RPS15	15.402049973299567
ILMN_1787949	RPS15A	15.631252262750664
ILMN_1651850	RPS16	15.55778030038207
ILMN_2207533	RPS17	15.193876817522964
ILMN_1753534	RPS18	14.643982327511724
ILMN_1784717	RPS19	15.532064611845923
ILMN_2177965	RPS19BP1	10.339473277630248
ILMN_2218277	RPS2	15.500619654085448
ILMN_1701596	RPS20	15.265546394397328
ILMN_1800573	RPS21	12.26050912742336
ILMN_1772459	RPS23	12.335255825809467
ILMN_1656625	RPS24	15.319556618583258
ILMN_1746516	RPS25	15.677324816846719
ILMN_2209027	RPS26	11.648687439128329
ILMN_2180866	RPS26P11	13.098866792069282
ILMN_1660498	RPS27	15.660052713486754
ILMN_2048326	RPS27A	15.610225048564857
ILMN_1712678	RPS27L	12.933800100845076
ILMN_1651228	RPS28	13.059077949677137
ILMN_1694742	RPS29	15.641855077289764
ILMN_1760714	RPS3	15.376490063778826
ILMN_2139943	RPS3A	15.458734869551618
ILMN_1810577	RPS4X	15.074972496090185
ILMN_1783142	RPS4Y1	5.886399063376064
ILMN_2191331	RPS4Y2	2.86557261922656
ILMN_1707810	RPS5	15.419834697463694
ILMN_1656791	RPS6	14.582335917716074
ILMN_1715173	RPS6KA1	6.36517465083714
ILMN_1702501	RPS6KA2	9.564988722362418
ILMN_1806294	RPS6KA3	7.669693968469665
ILMN_1756204	RPS6KA4	6.630372673216294
ILMN_1657515	RPS6KA5	6.930490328603034
ILMN_1807968	RPS6KA6	4.0043581945469615
ILMN_1704557	RPS6KB1	9.27488485526616
ILMN_2364357	RPS6KB2	11.103709761672015
ILMN_1661000	RPS6KC1	6.687293936642434
ILMN_1667125	RPS6KL1	6.816825152887485
ILMN_1750722	RPS7	11.739884522049367
ILMN_3243700	RPS8	14.750512386860654
ILMN_1749447	RPS9	15.395457830419941
ILMN_2411723	RPSA	14.763140785507249
ILMN_1667114	RPSAP58	6.162799116808785
ILMN_3208973	RPSAP9	15.646441987774956
ILMN_1753439	RPTN	0.8173649287542205
ILMN_1793514	RPTOR	4.763783672350423
ILMN_1683082	RPUSD1	6.2732897446075695
ILMN_1730077	RPUSD2	8.68766106486421
ILMN_1795383	RPUSD3	9.17092927322946
ILMN_1730082	RPUSD4	11.186288520132775
ILMN_2186137	RRAD	4.956493292527233
ILMN_1783709	RRAGA	11.771836663007328
ILMN_1741219	RRAGB	10.12012666215597
ILMN_1760121	RRAGC	8.681232888846845
ILMN_1699772	RRAGD	10.860054004529962
ILMN_1780825	RRAS	10.347051521198283
ILMN_1667519	RRAS2	8.43076302767178
ILMN_2360784	RRBP1	9.491061066650817
ILMN_3307409	RREB1	4.472786878101611
ILMN_1743329	RRH	0.6055233974347506
ILMN_1771593	RRM1	10.89531224436206
ILMN_1678669	RRM2	5.789124540245066
ILMN_1698231	RRM2B	8.192140273603806
ILMN_1765401	RRN3	8.457107362077283
ILMN_1910120	RRN3P1	6.6799806411124125
ILMN_3246274	RRN3P2	4.008217716420163
ILMN_3246864	RRN3P3	1.9218447739705742
ILMN_1706413	RRNAD1	7.796324306331001
ILMN_1792960	RRP1	1.6695939529901802
ILMN_1767253	RRP12	7.1467400100754945
ILMN_1685661	RRP15	7.814004318574849
ILMN_1812973	RRP1B	6.837120806036276
ILMN_1815039	RRP36	10.043280267369335
ILMN_1688178	RRP7A	8.622370548194453
ILMN_3241853	RRP7BP	15.499531238275162
ILMN_2066667	RRP8	10.098843313059218
ILMN_1689972	RRP9	4.350302255636357
ILMN_1767658	RRS1	6.569118965991202
ILMN_1737563	RS1	1.885101028901766
ILMN_1809963	RSAD1	7.404369514017257
ILMN_1657871	RSAD2	4.67960144435753
ILMN_1791097	RSBN1	9.45538046059508
ILMN_1712027	RSBN1L	7.733739007673537
ILMN_1726704	RSC1A1	6.20375922859387
ILMN_1668834	RSF1	5.335434847976486
ILMN_1683990	RSG1	6.046283490924236
ILMN_1723729	RSL1D1	11.845481238476166
ILMN_2175465	RSL24D1	13.789950893230701
ILMN_1684571	RSPH1	3.9265122001523545
ILMN_1690757	RSPH10B	3.4579649854235583
ILMN_3239279	RSPH10B2	4.413866520161201
ILMN_1759863	RSPH14	6.218941425024352
ILMN_1788223	RSPH3	6.0233299087864935
ILMN_1689212	RSPH4A	4.56200998217124
ILMN_1741563	RSPH6A	2.0798865201868413
ILMN_1659985	RSPH9	7.870310656527138
ILMN_1682937	RSPO1	0.5765355680740457
ILMN_2081645	RSPO2	5.368864276902297
ILMN_1681983	RSPO3	1.4406311671080905
ILMN_1750625	RSPO4	0.6960510467850014
ILMN_1763694	RSPRY1	9.69490421798241
ILMN_1682494	RSRC1	7.141493742218738
ILMN_2358277	RSRC2	10.494808773180518
ILMN_1749915	RSRP1	7.679399498382605
ILMN_1721657	RSU1	4.238185861430282
ILMN_3246556	RSU1P2	5.030117700402291
ILMN_2384405	RTBDN	4.522391915665861
ILMN_2059294	RTCA	9.689723582321514
ILMN_1795991	RTCB	10.602274897330954
ILMN_1803162	RTEL1	7.591599004854018
ILMN_1791039	RTF1	4.445013939325997
ILMN_1771815	RTFDC1	12.220993263352655
ILMN_1680591	RTKN	7.263619701025227
ILMN_1740606	RTKN2	0.5314406194142794
ILMN_1756928	RTN1	13.797422795381047
ILMN_1749115	RTN2	7.335672332980175
ILMN_2363065	RTN3	12.190618359012133
ILMN_1730611	RTN4	12.293953736441273
ILMN_1758827	RTN4IP1	6.894467135452698
ILMN_1737484	RTN4R	10.063099290847953
ILMN_1778683	RTN4RL1	6.063999067904239
ILMN_1725098	RTN4RL2	3.2061102015237073
ILMN_1813450	RTP1	1.6630747992444999
ILMN_1776146	RTP2	4.3635943126117915
ILMN_2149204	RTP3	1.524077788235
ILMN_2173975	RTP4	3.632593956753245
ILMN_1717029	RTP5	7.695890107879599
ILMN_1735658	RTTN	8.594155190070136
ILMN_1763637	RUBCN	2.4158308860746565
ILMN_2310968	RUFY1	7.2173743273610995
ILMN_2245814	RUFY2	6.155858566161471
ILMN_1730931	RUFY3	11.71714846890547
ILMN_3307845	RUFY4	1.3193839163993613
ILMN_1733875	RUNDC1	7.447487080799953
ILMN_1756715	RUNDC3A	9.770613110986634
ILMN_1808157	RUNDC3B	10.156004675050502
ILMN_1801504	RUNX1	2.7571138669453847
ILMN_3184041	RUNX1-IT1	1.9769989208980976
ILMN_1812795	RUNX1T1	7.518441061983842
ILMN_2377746	RUNX2	4.409837041078073
ILMN_1751839	RUNX3	4.454903012478375
ILMN_1743747	RUSC1	11.445715865172835
ILMN_2114185	RUSC1-AS1	4.05840175869717
ILMN_1810037	RUSC2	8.178933756405137
ILMN_1693108	RUVBL1	8.399318810577194
ILMN_2120340	RUVBL2	9.53342469247078
ILMN_2316806	RWDD1	12.403358331834674
ILMN_1722156	RWDD2A	8.30503622890297
ILMN_1698233	RWDD2B	5.432318297870207
ILMN_1796835	RWDD3	7.360452005682252
ILMN_1708660	RWDD4	9.625465778715938
ILMN_1749150	RXFP1	0.0
ILMN_3240013	RXFP2	2.683469794859901
ILMN_1731621	RXFP3	0.20414725333147618
ILMN_1806099	RXFP4	2.0714337672797423
ILMN_1687315	RXRA	8.130465110803975
ILMN_1774074	RXRB	10.31400289440298
ILMN_1750624	RXRG	6.212578138506575
ILMN_1721842	RYBP	11.249743610639555
ILMN_1769671	RYK	10.433956577563306
ILMN_2411781	RYR1	5.792415939664394
ILMN_1760798	RYR2	4.104528082364612
ILMN_1796455	RYR3	3.8383840753243557
ILMN_1653494	S100A1	3.7590610660842905
ILMN_2046730	S100A10	12.368539215945331
ILMN_1750101	S100A11	6.635768961123717
ILMN_1748915	S100A12	0.20279997179037149
ILMN_2407168	S100A13	11.220335422385626
ILMN_1783287	S100A14	6.184261874512681
ILMN_1728049	S100A16	5.880756956982139
ILMN_1725852	S100A2	0.0
ILMN_1712545	S100A3	0.24105782595830205
ILMN_1684306	S100A4	5.960625063970084
ILMN_1810857	S100A5	1.5710096098938464
ILMN_1713636	S100A6	6.612356487560014
ILMN_1757351	S100A7	0.7533843643037247
ILMN_1673191	S100A7A	0.48054095544108594
ILMN_2179283	S100A7L2	0.8450987497297274
ILMN_1729801	S100A8	2.0940225205456926
ILMN_1750974	S100A9	0.23557712468550573
ILMN_1771710	S100B	4.138426439497645
ILMN_1715695	S100G	0.34849126110144096
ILMN_1801216	S100P	0.0
ILMN_2294274	S100PBP	9.559627888814578
ILMN_2054707	S100Z	1.5147190048335883
ILMN_1653504	S1PR1	6.731710850046787
ILMN_1812452	S1PR2	1.6674013338285851
ILMN_1703531	S1PR3	4.405889586027268
ILMN_1784737	S1PR4	5.143537471398656
ILMN_2073184	S1PR5	1.9488253157035773
ILMN_2304512	SAA1	3.459757117387381
ILMN_1728262	SAA2	0.0
ILMN_1668055	SAA4	2.3546766309045517
ILMN_1658678	SAAL1	10.244003130331526
ILMN_1776674	SAC3D1	9.209809584189069
ILMN_1765019	SACM1L	7.195910182639171
ILMN_2131523	SACS	6.720827615613601
ILMN_1657204	SAE1	13.136236693624822
ILMN_1722059	SAFB	11.003707944825393
ILMN_2069446	SAFB2	9.55859117477567
ILMN_1758619	SAG	0.0
ILMN_1744786	SAGE1	1.646625560920202
ILMN_1657888	SALL1	2.13113293134026
ILMN_1740842	SALL2	9.970405507630899
ILMN_1707065	SALL3	2.4988274924879232
ILMN_1695687	SALL4	8.07498868811274
ILMN_1658821	SAMD1	5.683022424565667
ILMN_1767801	SAMD10	5.895090872439941
ILMN_1709067	SAMD11	5.489465295204428
ILMN_1824136	SAMD12	5.7173654120125486
ILMN_1783131	SAMD13	4.0322748215515825
ILMN_1760688	SAMD14	8.468578943098775
ILMN_3243606	SAMD15	8.147298180110278
ILMN_1659158	SAMD3	3.252554008286522
ILMN_2119297	SAMD4A	4.399626971366927
ILMN_1753467	SAMD4B	5.016795272865605
ILMN_1755215	SAMD5	3.5487025569906283
ILMN_1748150	SAMD7	4.204209681958676
ILMN_2105177	SAMD8	6.372986098187371
ILMN_1814305	SAMD9	0.1350246246890988
ILMN_1799467	SAMD9L	1.0740128965356204
ILMN_1721026	SAMHD1	0.08071783721743134
ILMN_1671932	SAMM50	11.498377245964283
ILMN_1684887	SAMSN1	2.7667326564796895
ILMN_1700044	SAP130	8.992520579080239
ILMN_1752793	SAP18	8.876233190983875
ILMN_1700896	SAP30	8.665402036274934
ILMN_2199022	SAP30BP	5.992430606575664
ILMN_1757781	SAP30L	9.758102175463888
ILMN_2134765	SAPCD1	6.665333294028515
ILMN_1702197	SAPCD2	8.371388273909401
ILMN_1657697	SAR1A	10.014019684327074
ILMN_1736888	SAR1B	9.99967644951153
ILMN_1780141	SARAF	14.01629050029666
ILMN_1704973	SARDH	2.1553921394118674
ILMN_1746265	SARM1	6.189393880529216
ILMN_1680967	SARNP	12.523016230424675
ILMN_1786972	SARS	11.076241197893545
ILMN_1655684	SARS2	9.68843092437598
ILMN_1680145	SART1	2.1348965119350414
ILMN_1714896	SART3	3.438224206213965
ILMN_2185984	SASH1	7.467085074905665
ILMN_1697554	SASH3	3.481266206855116
ILMN_2089458	SASS6	5.985847711605736
ILMN_1753342	SAT1	13.376532155100252
ILMN_1746883	SAT2	10.874177765671114
ILMN_1690646	SATB1	5.271949373866277
ILMN_1738657	SATB2	3.6966428128183857
ILMN_3268228	SATB2-AS1	4.019761779198431
ILMN_1713351	SATL1	6.230794689861966
ILMN_2050654	SAV1	4.935298965221984
ILMN_1764959	SAXO1	2.0296767816521664
ILMN_2184884	SAXO2	0.0
ILMN_1716728	SAYSD1	7.159725276627468
ILMN_1679045	SBDS	8.39954022983304
ILMN_1765725	SBDSP1	9.847622922799511
ILMN_1703246	SBF1	10.059166622835672
ILMN_3210416	SBF1P1	2.519264787479528
ILMN_2123665	SBF2	7.196894934014914
ILMN_1743040	SBF2-AS1	3.1249623198932475
ILMN_1728298	SBK1	12.84829765295237
ILMN_3246489	SBK2	1.2681028946440465
ILMN_1739943	SBNO1	4.217047907262293
ILMN_1808811	SBNO2	5.062875754847858
ILMN_1712759	SBSN	0.2851832011058167
ILMN_1808245	SBSPON	4.826388319447854
ILMN_1677607	SC5D	10.156994202511388
ILMN_1694194	SCAF1	4.7998567101903165
ILMN_3251511	SCAF11	9.219518579202688
ILMN_1659874	SCAF4	6.989883059929401
ILMN_1681675	SCAF8	8.261523707982267
ILMN_1722387	SCAI	6.984152743542384
ILMN_1728907	SCAMP1	11.403890820694171
ILMN_1654893	SCAMP2	5.69090767001335
ILMN_1793712	SCAMP3	10.588994568722214
ILMN_1800843	SCAMP4	5.291396564552149
ILMN_1753345	SCAMP5	9.509967167903776
ILMN_1794230	SCAND1	10.988558145977018
ILMN_1745917	SCAND2P	4.9798370575951365
ILMN_1677534	SCAP	11.468685199702621
ILMN_1811178	SCAPER	8.639865798816027
ILMN_1746376	SCARA3	4.899077801991592
ILMN_1751062	SCARA5	2.4919724859267496
ILMN_2183409	SCARB1	7.204046099030187
ILMN_1814726	SCARB2	13.324529064209583
ILMN_2390946	SCARF1	2.6325828675828027
ILMN_1655405	SCARF2	8.027812899216878
ILMN_3241016	SCARNA1	0.0
ILMN_3246209	SCARNA10	8.431217122204712
ILMN_3236010	SCARNA11	3.6506680580187516
ILMN_3248223	SCARNA12	4.978530427499819
ILMN_3235325	SCARNA13	7.462869257197339
ILMN_3247636	SCARNA14	0.6658620345681219
ILMN_2199574	SCARNA15	1.4284018576899673
ILMN_3237446	SCARNA16	5.571241262198243
ILMN_3245822	SCARNA17	2.3961284953403434
ILMN_3241373	SCARNA18	4.895526462163044
ILMN_3241941	SCARNA2	2.3087505772542207
ILMN_3245471	SCARNA20	0.3009862121255121
ILMN_3246869	SCARNA21	4.284383726514727
ILMN_3238358	SCARNA22	1.4453653148445105
ILMN_3243966	SCARNA23	0.7935777182886917
ILMN_3247648	SCARNA27	0.0
ILMN_3244216	SCARNA3	0.0
ILMN_3240069	SCARNA4	3.24691906848469
ILMN_3236408	SCARNA5	1.9323915933013172
ILMN_3241869	SCARNA6	0.4788147612091705
ILMN_3248663	SCARNA7	4.7573686470508925
ILMN_3247159	SCARNA8	2.337346210924283
ILMN_1805064	SCARNA9	4.336317491148145
ILMN_3235851	SCARNA9L	3.880425862576949
ILMN_1758196	SCART1	2.2407326171373216
ILMN_1795839	SCCPDH	9.487065483209912
ILMN_1689329	SCD	14.113521082459748
ILMN_2237428	SCD5	10.86621857441576
ILMN_1710325	SCEL	2.5425103936156823
ILMN_1800543	SCFD1	9.009702166611406
ILMN_1708891	SCFD2	5.354338276241902
ILMN_1703178	SCG2	12.33930592796672
ILMN_2197946	SCG3	9.210426186357774
ILMN_2065773	SCG5	11.901714625811914
ILMN_1655347	SCGB1A1	4.4245686047616894
ILMN_3299330	SCGB1B2P	6.563783699097783
ILMN_1768099	SCGB1C1	0.25035195276513955
ILMN_1813950	SCGB1C2	0.43069909268931017
ILMN_1781656	SCGB1D1	2.056906351694175
ILMN_1714536	SCGB1D2	1.0261613366320341
ILMN_1802104	SCGB1D4	0.0
ILMN_1732398	SCGB2A1	0.335953698893237
ILMN_1723333	SCGB2A2	1.9333177458522106
ILMN_1768756	SCGB2B2	1.0098046087473522
ILMN_1679666	SCGB3A1	2.6707058282932867
ILMN_1670306	SCGB3A2	2.6431422454016684
ILMN_1789648	SCGN	5.750921921117005
ILMN_1794598	SCHIP1	9.61570885032399
ILMN_3307757	SCIMP	5.537427699374736
ILMN_1813561	SCIN	2.3959589162779262
ILMN_1797107	SCLT1	2.6452622235529764
ILMN_1722742	SCLY	5.3192591221540715
ILMN_1653861	SCMH1	9.728967622651039
ILMN_1776653	SCML1	10.882907526120393
ILMN_1698191	SCML2	7.519948232254349
ILMN_1747436	SCML4	3.166484748158531
ILMN_1801666	SCN10A	0.0
ILMN_1797892	SCN11A	0.0
ILMN_1741059	SCN1A	2.5358931090162584
ILMN_1801302	SCN1B	4.0003527251487805
ILMN_1732782	SCN2A	6.305048182663872
ILMN_1676998	SCN2B	4.515134513977526
ILMN_2387395	SCN3A	6.476592654513137
ILMN_2412822	SCN3B	9.910580037612222
ILMN_1731914	SCN4A	1.2771152890475708
ILMN_1695947	SCN4B	4.013231710978015
ILMN_1773802	SCN5A	4.399724381816241
ILMN_1773271	SCN7A	4.592067512414239
ILMN_1781951	SCN8A	1.4570586696754162
ILMN_1672591	SCN9A	6.211711329712429
ILMN_2375651	SCNM1	10.094076055242033
ILMN_1713995	SCNN1A	0.9312865087670544
ILMN_1740917	SCNN1B	3.9528503238859702
ILMN_2153837	SCNN1G	3.7898505659940356
ILMN_1728975	SCO1	10.419535469017974
ILMN_1701621	SCO2	8.366960489703454
ILMN_1768050	SCOC	11.575947702481358
ILMN_1694776	SCP2	5.374532926792509
ILMN_1739198	SCP2D1	3.369617862312273
ILMN_1767470	SCPEP1	8.405561777743918
ILMN_1726204	SCRG1	9.753387874104543
ILMN_1726516	SCRIB	9.585581000067377
ILMN_1756439	SCRN1	11.1788371694182
ILMN_1662016	SCRN2	5.622642887036895
ILMN_2116516	SCRN3	5.555697789628994
ILMN_1741617	SCRT1	5.075415254110212
ILMN_1706682	SCRT2	6.85546702163235
ILMN_1705763	SCT	2.3600121326235484
ILMN_1772537	SCTR	6.306044449121405
ILMN_1739714	SCUBE1	4.805712944579422
ILMN_1779416	SCUBE2	6.793428446218794
ILMN_1659359	SCUBE3	4.296550315906306
ILMN_3238178	SCX	2.9650470040527335
ILMN_2400874	SCYL1	10.681343140755095
ILMN_1711919	SCYL2	9.121542698305449
ILMN_1743427	SCYL3	6.011733121162447
ILMN_1735360	SDAD1	8.719125159511355
ILMN_1815308	SDC1	10.228125410265259
ILMN_1784553	SDC2	8.045645925919226
ILMN_1802418	SDC3	3.074729921228938
ILMN_1663042	SDC4	7.774329653435892
ILMN_1693088	SDC4P	1.8824699213632206
ILMN_2363586	SDCBP	10.02708756896502
ILMN_1705107	SDCBP2	7.150892342237632
ILMN_1803997	SDCCAG3	9.213394805649507
ILMN_1728802	SDCCAG8	6.929980694255975
ILMN_1748291	SDE2	9.766541599823077
ILMN_1713978	SDF2	10.653826843488673
ILMN_1749213	SDF2L1	9.973963312312007
ILMN_1696065	SDF4	9.125679596534024
ILMN_2051232	SDHA	10.45729293963563
ILMN_2070355	SDHAF1	10.105811419059892
ILMN_3238633	SDHAF2	10.321732274234643
ILMN_1771348	SDHAF3	10.629712421764495
ILMN_1728057	SDHAF4	9.271679283045282
ILMN_1750093	SDHAP1	12.570396095230961
ILMN_3248781	SDHAP2	10.924674717229456
ILMN_2148679	SDHAP3	5.722416604429141
ILMN_1667257	SDHB	11.548892191477696
ILMN_1746241	SDHC	10.349845754347433
ILMN_1698487	SDHD	9.637394765484553
ILMN_1908918	SDIM1	7.542091199199466
ILMN_2405353	SDK1	4.954682528316277
ILMN_1715991	SDPR	2.055537585101027
ILMN_3236661	SDR16C5	0.9097436401413533
ILMN_1771629	SDR39U1	9.615785160292658
ILMN_1798817	SDR42E1	1.9740951022111641
ILMN_1739882	SDR9C7	3.7256445970428924
ILMN_1811114	SDS	1.8631093080261125
ILMN_1750674	SDSL	9.068050471463692
ILMN_1708886	SEBOX	4.819437047419381
ILMN_1693490	SEC11A	12.398855594748717
ILMN_1701681	SEC11C	11.866199045092523
ILMN_3297880	SEC13	10.578086699721087
ILMN_2285802	SEC14L1	7.651769257227499
ILMN_3226276	SEC14L1P1	6.382634171956469
ILMN_1684211	SEC14L2	2.3179108155428936
ILMN_1675770	SEC14L3	0.7799648612945592
ILMN_1742947	SEC14L4	1.1078188470020753
ILMN_1687268	SEC14L5	4.827956090574171
ILMN_2126344	SEC16A	8.138610159779063
ILMN_1748719	SEC16B	0.5557116881093723
ILMN_3249074	SEC1P	1.6020190955187579
ILMN_1775036	SEC22A	9.680564884722784
ILMN_1784238	SEC22B	8.64943365726801
ILMN_2290618	SEC22C	10.900676637304459
ILMN_1790311	SEC23A	7.925086748573871
ILMN_1657483	SEC23B	10.449338244728258
ILMN_1690690	SEC23IP	7.855188162331992
ILMN_2126832	SEC24A	6.545152211917466
ILMN_2334303	SEC24B	9.035797854568823
ILMN_1676600	SEC24C	10.801069938982861
ILMN_1656386	SEC24D	6.825030710091778
ILMN_1733050	SEC31B	4.734251063958347
ILMN_1659564	SEC61A1	11.98850241109826
ILMN_1779381	SEC61A2	8.366923928073058
ILMN_1801852	SEC61B	13.016735955472909
ILMN_2367020	SEC61G	13.616542784511644
ILMN_1762003	SEC62	6.963107684546677
ILMN_1763989	SEC63	7.6681731313753865
ILMN_1736481	SECISBP2	9.879701244286384
ILMN_1784333	SECISBP2L	8.569031890991601
ILMN_1652277	SECTM1	4.486382363679438
ILMN_2381138	SEH1L	7.219929247125239
ILMN_1726496	SEL1L	2.388719641645513
ILMN_1797822	SEL1L3	8.189121675421019
ILMN_2193892	SELE	2.444401029119238
ILMN_1680652	SELENBP1	5.377997597161992
ILMN_2134110	SELK	11.81503206996207
ILMN_1724422	SELL	0.5592737824744356
ILMN_1651429	SELM	9.758359933048542
ILMN_1769787	SELO	7.254707541175088
ILMN_1715417	SELP	2.5039811552380473
ILMN_1734855	SELPLG	0.7770611395782349
ILMN_1746368	SELT	10.024091521946284
ILMN_1655374	SELV	7.587521258527203
ILMN_1765641	SEMA3A	7.217704912949631
ILMN_1653501	SEMA3B	3.5526416827453127
ILMN_1695475	SEMA3C	6.819152543924855
ILMN_2099773	SEMA3D	0.5589470747164939
ILMN_2154322	SEMA3E	10.936644973865036
ILMN_1761540	SEMA3F	5.5230606400800974
ILMN_1676067	SEMA3G	0.3902153777705426
ILMN_1702787	SEMA4A	6.113800462459729
ILMN_1672589	SEMA4B	6.972933824004439
ILMN_2115669	SEMA4C	7.857743686317387
ILMN_1687533	SEMA4D	9.504955061481317
ILMN_1805007	SEMA4F	8.839220693415674
ILMN_1678974	SEMA4G	6.895908662899019
ILMN_1880012	SEMA5A	5.176187122162899
ILMN_1794370	SEMA5B	8.21283781018612
ILMN_1713529	SEMA6A	8.802823001068637
ILMN_1712914	SEMA6B	8.070337845635889
ILMN_1813503	SEMA6C	7.472896405360829
ILMN_1806407	SEMA6D	2.6199453126548025
ILMN_1756312	SEMA7A	4.82118726331215
ILMN_2312498	SEMG1	2.5570351373727833
ILMN_2169783	SEMG2	0.3830021157060754
ILMN_2123567	SENP2	8.071069176790616
ILMN_1751147	SENP3	1.7432428910936597
ILMN_3251634	SENP5	8.444678798954984
ILMN_2054233	SENP6	6.120150152703322
ILMN_2382354	SENP7	9.297480282250389
ILMN_1767690	SENP8	3.179698258439378
ILMN_2407082	SEP15	10.711586405345189
ILMN_2176768	SEPHS1	11.011836883842017
ILMN_1687824	SEPHS2	8.48797974666503
ILMN_1760890	SEPN1	9.502960020393008
ILMN_1785071	SEPP1	5.254777344921698
ILMN_1750092	SEPSECS	5.150688389957841
ILMN_1671854	SEPT1	5.118250617488572
ILMN_2343757	SEPT10	5.705349198037861
ILMN_1788778	SEPT11	9.811915889298165
ILMN_1788061	SEPT12	5.304166015076759
ILMN_2055925	SEPT14	1.1977123415564999
ILMN_2365711	SEPT2	12.777589101686438
ILMN_1746673	SEPT3	13.529771403124599
ILMN_1776157	SEPT4	10.733742015643529
ILMN_1789627	SEPT5	11.464588927367119
ILMN_2399264	SEPT6	10.639488114496443
ILMN_1729019	SEPT7	7.76858545959213
ILMN_3239164	SEPT7P2	5.280493548294921
ILMN_1721910	SEPT8	5.364447981279035
ILMN_1769118	SEPT9	13.046173648249747
ILMN_2045994	SEPW1	11.508782308152561
ILMN_1812169	SERAC1	5.937262479977371
ILMN_1773968	SERBP1	9.27759683522873
ILMN_2382558	SERF1A	7.660900637957776
ILMN_1655011	SERF1B	11.548447519108612
ILMN_1789136	SERF2	13.41099235696838
ILMN_1760049	SERGEF	9.388458462116304
ILMN_2231298	SERHL2	1.8691878394265309
ILMN_1741613	SERINC1	10.298084027057634
ILMN_2111932	SERINC2	7.161335633013522
ILMN_1815656	SERINC3	9.911835187156642
ILMN_1704512	SERINC4	4.304557744192807
ILMN_3307705	SERINC5	4.878944187775925
ILMN_1706817	SERP1	9.17349846138167
ILMN_1696767	SERP2	10.089519570458885
ILMN_2338452	SERPINA1	4.874271275741822
ILMN_1793628	SERPINA10	4.07864665709624
ILMN_2316955	SERPINA11	2.3789405969686857
ILMN_1670669	SERPINA12	0.2729720132240778
ILMN_1743046	SERPINA13P	1.563268138056143
ILMN_1788874	SERPINA3	5.0269860688476
ILMN_1759631	SERPINA4	3.861878381630003
ILMN_1759910	SERPINA5	2.6567299806168054
ILMN_2215418	SERPINA6	0.0
ILMN_1705243	SERPINA7	0.0
ILMN_1683933	SERPINA9	1.8460529939035786
ILMN_1679133	SERPINB1	5.653415768982161
ILMN_2147424	SERPINB10	3.2143236496495913
ILMN_1694917	SERPINB11	2.424422109348083
ILMN_2234517	SERPINB12	0.0
ILMN_1769759	SERPINB13	3.2442277297672124
ILMN_2150851	SERPINB2	3.030745647772754
ILMN_1703855	SERPINB3	1.1953216941593618
ILMN_1782716	SERPINB4	0.0
ILMN_1793888	SERPINB5	3.372738829783032
ILMN_1712400	SERPINB6	10.307893324518856
ILMN_1767685	SERPINB7	2.645461837243407
ILMN_1718960	SERPINB8	5.477193403967849
ILMN_1742052	SERPINB9	4.189155901413399
ILMN_1762605	SERPINC1	2.2830314807916774
ILMN_1707975	SERPIND1	0.0
ILMN_1744381	SERPINE1	5.212866279720035
ILMN_1655595	SERPINE2	11.6890966143665
ILMN_3242398	SERPINE3	1.7096715886965406
ILMN_2141482	SERPINF1	6.6898773552034845
ILMN_1740005	SERPINF2	1.3364760279276473
ILMN_1670305	SERPING1	8.586758859893864
ILMN_1751028	SERPINH1	11.216413309547406
ILMN_1814333	SERPINI1	7.675778296445053
ILMN_1726225	SERPINI2	0.25492942666686585
ILMN_1794017	SERTAD1	8.97721295245562
ILMN_1651347	SERTAD2	9.639903727582121
ILMN_1801934	SERTAD3	9.156615617410262
ILMN_1730794	SERTAD4	8.248844337205929
ILMN_3241665	SERTAD4-AS1	8.026670098114883
ILMN_1797526	SERTM1	5.642678939302752
ILMN_1800626	SESN1	9.721458826762467
ILMN_1751598	SESN2	5.34142577920064
ILMN_1694027	SESN3	7.871819912770846
ILMN_1724495	SESTD1	8.629057953092556
ILMN_1742238	SET	13.094028256814546
ILMN_1720513	SETBP1	8.355897884148552
ILMN_1714327	SETD1A	6.967109959936209
ILMN_1813573	SETD1B	3.408510844632796
ILMN_1769473	SETD2	9.669896544723121
ILMN_1724504	SETD3	10.710081778927112
ILMN_1751075	SETD4	8.458023962999171
ILMN_1724009	SETD6	5.947350947550391
ILMN_1720916	SETD7	1.102624115472569
ILMN_1757636	SETD9	6.571656913510982
ILMN_1718207	SETDB1	8.220639524770219
ILMN_1731644	SETDB2	8.628704911852665
ILMN_1682404	SETMAR	8.873493824602965
ILMN_1763436	SETX	6.742049790596247
ILMN_1658809	SEZ6	7.8543871171906785
ILMN_1684320	SEZ6L	2.72053751672277
ILMN_2413779	SEZ6L2	12.398027525517039
ILMN_1712560	SF1	6.13813364911358
ILMN_1655809	SF3A1	4.865671902261099
ILMN_1754220	SF3A2	11.149239686219014
ILMN_1705151	SF3A3	11.511053304225202
ILMN_1706075	SF3B1	10.639114189563221
ILMN_1775939	SF3B2	11.39195529270119
ILMN_1803110	SF3B3	7.873953683047302
ILMN_1722648	SF3B4	10.567122784015046
ILMN_1689389	SF3B5	11.64928158966707
ILMN_1703720	SF3B6	13.469697112798107
ILMN_1763887	SFI1	3.598460648327803
ILMN_1741585	SFMBT1	4.368635885355957
ILMN_1660125	SFMBT2	2.8917366499711505
ILMN_1806607	SFN	0.9051804707942095
ILMN_1769931	SFPQ	4.536074131911614
ILMN_1671905	SFR1	8.449064191885325
ILMN_2149164	SFRP1	10.548001856471876
ILMN_1722898	SFRP2	8.880269418988156
ILMN_1810172	SFRP4	5.326893469565093
ILMN_1790026	SFRP5	0.5389756343696978
ILMN_1692575	SFSWAP	8.56607634983599
ILMN_1734895	SFT2D1	9.55406037193158
ILMN_1668378	SFT2D2	6.163459572915152
ILMN_1765746	SFT2D3	5.044349710877339
ILMN_3310065	SFTA1P	0.8031316946621513
ILMN_1703864	SFTA2	1.2412609978698088
ILMN_3239821	SFTA3	1.551828192068915
ILMN_1678533	SFTPA1	0.4708372070636271
ILMN_2359835	SFTPB	2.0215025196321066
ILMN_2206949	SFTPC	1.0639369715453995
ILMN_1768575	SFTPD	5.529132063634402
ILMN_2205935	SFXN1	9.255514699979548
ILMN_1795976	SFXN2	2.479923099938237
ILMN_1662910	SFXN3	6.435579472678033
ILMN_1658437	SFXN4	9.955483199912088
ILMN_1767337	SFXN5	3.867156830346774
ILMN_1741007	SGCA	4.683874105165477
ILMN_2194467	SGCB	7.509730059808561
ILMN_1702861	SGCD	5.259410835159323
ILMN_1674620	SGCE	10.84904896404573
ILMN_1659649	SGCG	4.866047114957934
ILMN_1718519	SGCZ	3.698591290279009
ILMN_1684789	SGF29	8.020557964711378
ILMN_1664362	SGIP1	9.216601425953236
ILMN_1702487	SGK1	7.707012619162522
ILMN_1679233	SGK2	2.2912431466947116
ILMN_3240222	SGK223	10.213568632601666
ILMN_1747020	SGK3	4.995691575464118
ILMN_1740505	SGMS1	1.7334952109695214
ILMN_1685176	SGMS2	2.2165472452640924
ILMN_1730825	SGO1	6.34538500338784
ILMN_1746699	SGO2	4.607474546230596
ILMN_1761531	SGPL1	7.022700870587561
ILMN_1679837	SGPP1	6.222863727406549
ILMN_1811364	SGPP2	4.361098288150423
ILMN_2133675	SGSH	7.635389584383557
ILMN_1762207	SGSM1	7.8026694363267985
ILMN_1779171	SGSM2	11.625447191960541
ILMN_1679614	SGSM3	7.720268388036465
ILMN_1677800	SGTA	8.82348643990141
ILMN_2109343	SGTB	4.066277362240616
ILMN_2061185	SH2B1	7.255582548828401
ILMN_1669833	SH2B2	5.006803878958164
ILMN_1752046	SH2B3	7.840091776339317
ILMN_1705892	SH2D1A	5.9440815266253955
ILMN_1701237	SH2D1B	1.9142729553848896
ILMN_1733874	SH2D2A	4.768019121128596
ILMN_1772466	SH2D3A	4.8259673351588726
ILMN_1775734	SH2D3C	7.7310690082989915
ILMN_1679322	SH2D4A	1.288084936365628
ILMN_2156965	SH2D4B	0.7147115772416174
ILMN_1754126	SH2D5	8.62813432186595
ILMN_1726457	SH2D6	1.656766566579216
ILMN_3245175	SH2D7	0.7999548627057359
ILMN_1761875	SH3BGR	4.716471392060664
ILMN_1702835	SH3BGRL	10.9694920599096
ILMN_1762764	SH3BGRL2	10.117448710397296
ILMN_1737163	SH3BGRL3	9.997136527285589
ILMN_1692539	SH3BP1	3.8579634882545615
ILMN_1801914	SH3BP2	2.696686833353791
ILMN_1785330	SH3BP4	8.576653041582015
ILMN_1814773	SH3BP5	5.319351142000476
ILMN_1665384	SH3BP5L	6.973936828418728
ILMN_1653133	SH3D19	4.350004965400038
ILMN_1789140	SH3D21	1.2835796468773384
ILMN_1788062	SH3GL1	9.182087873297968
ILMN_1661491	SH3GL2	10.33739847433059
ILMN_1760990	SH3GL3	10.033247287310099
ILMN_1766045	SH3GLB1	9.585587492032595
ILMN_2158336	SH3GLB2	10.75611685661219
ILMN_1810782	SH3KBP1	10.347781544611339
ILMN_1743103	SH3PXD2A	9.165528987986884
ILMN_1764723	SH3PXD2B	6.714163304559789
ILMN_1656826	SH3RF1	6.446901949137982
ILMN_1661137	SH3RF2	3.415109870020713
ILMN_1743275	SH3RF3	6.136537519876253
ILMN_1756595	SH3TC1	3.486412201511445
ILMN_1693981	SH3TC2	4.1862584390445265
ILMN_1712231	SH3YL1	7.47760639174025
ILMN_1747754	SHANK1	0.0
ILMN_1814790	SHANK2	5.770592745287163
ILMN_1794780	SHARPIN	6.354998549091859
ILMN_1732612	SHB	6.975960280176299
ILMN_1706579	SHBG	5.828424895427115
ILMN_1721022	SHC1	10.016258335296426
ILMN_1721087	SHC2	7.646089604969659
ILMN_1770905	SHC3	4.888915951429262
ILMN_1807050	SHC4	5.850329343222707
ILMN_2182482	SHCBP1	14.616497913218808
ILMN_1726023	SHCBP1L	0.27286570034092833
ILMN_1789166	SHD	11.353749873455996
ILMN_2133996	SHE	5.575452685117896
ILMN_2093427	SHF	7.212411335977869
ILMN_2128128	SHFM1	12.406572170118197
ILMN_1652693	SHH	0.1897511251295446
ILMN_1760412	SHISA2	7.024302384103074
ILMN_2287543	SHISA3	5.629096787965255
ILMN_1677942	SHISA4	3.0857628060196602
ILMN_2139100	SHISA5	11.937987455834511
ILMN_1732584	SHISA6	2.344630751673908
ILMN_3230102	SHISA7	1.7766400559025888
ILMN_1672074	SHISA8	2.4115955223187635
ILMN_3225058	SHISA9	0.5050189837620745
ILMN_1765493	SHKBP1	5.767509085421967
ILMN_2402463	SHMT1	4.372820721276814
ILMN_1661264	SHMT2	11.540096760587927
ILMN_2158242	SHOC2	8.838668121288814
ILMN_1781679	SHOX	1.2214553575154135
ILMN_1702979	SHOX2	5.803381765406339
ILMN_2216918	SHPK	9.400135131032101
ILMN_1722423	SHPRH	6.073721357908112
ILMN_2189458	SHQ1	5.504508160375896
ILMN_1738322	SHROOM1	0.6218679641758948
ILMN_1681777	SHROOM2	9.27246114379293
ILMN_1685540	SHROOM3	7.207584486341793
ILMN_2206188	SHROOM4	10.669780927126991
ILMN_1805992	SHTN1	10.14316600469039
ILMN_1739144	SI	5.651132775433115
ILMN_1743412	SIAE	0.97585976321559
ILMN_1711627	SIAH1	11.284253053966088
ILMN_1801313	SIAH2	8.402432986173546
ILMN_1714739	SIAH3	5.226057393581543
ILMN_1795118	SIDT1	2.6197519878405187
ILMN_1791912	SIDT2	10.950624835357496
ILMN_1736965	SIGIRR	4.251490822330157
ILMN_1725320	SIGLEC1	0.6103508524357841
ILMN_1655549	SIGLEC10	0.0
ILMN_1674593	SIGLEC11	0.2762678627485915
ILMN_1724709	SIGLEC12	4.599842222804187
ILMN_3243061	SIGLEC14	4.041935566871396
ILMN_1797293	SIGLEC15	0.9712825015561877
ILMN_2229261	SIGLEC16	1.1035502110443616
ILMN_1652381	SIGLEC5	3.9485721769889204
ILMN_1685630	SIGLEC6	4.621777575440128
ILMN_1681415	SIGLEC7	3.200086894905731
ILMN_1730295	SIGLEC8	0.4166578887726029
ILMN_1795236	SIGLEC9	1.596237929337491
ILMN_1699309	SIGLECL1	4.037528656501899
ILMN_3306742	SIGMAR1	8.254736392546429
ILMN_1717639	SIK1	8.835280215049174
ILMN_3239795	SIK2	6.688937680296964
ILMN_1732343	SIK3	8.351820457798079
ILMN_1653524	SIKE1	3.6579189788724906
ILMN_1678729	SIL1	11.08453479155122
ILMN_1696279	SIM1	2.7142365904904797
ILMN_1700448	SIM2	6.3458591703521625
ILMN_1763326	SIMC1	8.384869128553625
ILMN_1805996	SIN3A	9.434212277546282
ILMN_1788315	SIN3B	6.586136612948436
ILMN_1682930	SIPA1	6.8278720481111455
ILMN_2128162	SIPA1L1	4.8934748290696595
ILMN_1732923	SIPA1L2	10.398911594871281
ILMN_1765872	SIPA1L3	5.896489841262877
ILMN_1758146	SIRPA	8.960338310630162
ILMN_1733997	SIRPB1	0.0
ILMN_1697353	SIRPB2	1.0401886792263861
ILMN_1769886	SIRPD	4.594298248941297
ILMN_1676780	SIRPG	0.5953210862847155
ILMN_1739083	SIRT1	7.725213209606338
ILMN_1723494	SIRT2	7.541527753292577
ILMN_1733985	SIRT3	2.418518570743939
ILMN_1657868	SIRT4	7.3435969120663245
ILMN_1683059	SIRT5	7.728827703232142
ILMN_1654246	SIRT6	2.567404906095379
ILMN_2077858	SIRT7	5.83375788758697
ILMN_1788531	SIT1	4.841326523904871
ILMN_3300972	SIVA1	12.156657087163468
ILMN_1812702	SIX1	3.188883264384991
ILMN_1663772	SIX2	0.0
ILMN_1799076	SIX3	2.5549379719254017
ILMN_1743402	SIX4	7.653804795500086
ILMN_1793672	SIX5	8.25626001976787
ILMN_1786631	SIX6	2.6651519795869025
ILMN_1771224	SKA1	4.600062351290275
ILMN_3249807	SKA2	10.450418660986019
ILMN_1736816	SKA3	5.921885192586128
ILMN_1751400	SKAP1	1.3355753530132102
ILMN_1657129	SKAP2	7.056243745362136
ILMN_1710598	SKI	7.188408641510692
ILMN_3239861	SKIDA1	8.149627203577282
ILMN_1736834	SKIL	4.427507936092954
ILMN_1774109	SKINT1L	0.5936149536484021
ILMN_1666512	SKIV2L	9.492022721725363
ILMN_1651513	SKIV2L2	8.114254980816218
ILMN_3180722	SKOR2	3.298036557351365
ILMN_1711766	SKP1	11.427455548860316
ILMN_3301353	SKP1P2	0.3852324766764848
ILMN_1665538	SKP2	10.039570571690755
ILMN_2345898	SLA	4.535275376175451
ILMN_1673357	SLA2	3.2965332708521893
ILMN_1746784	SLAIN1	8.766612576967459
ILMN_3234775	SLAIN2	5.76910617336809
ILMN_1770768	SLAMF1	0.0
ILMN_1760109	SLAMF6	3.677713113826505
ILMN_1710923	SLAMF7	2.161876056977626
ILMN_1667224	SLAMF8	1.894825101043635
ILMN_2227248	SLAMF9	2.5646461244115977
ILMN_1753353	SLBP	9.001122947070575
ILMN_1776112	SLC10A1	0.3030993106216148
ILMN_1683670	SLC10A2	1.6370554418571146
ILMN_1712887	SLC10A3	6.517288886514456
ILMN_1673637	SLC10A4	6.5132334467498545
ILMN_1737323	SLC10A5	0.40616955037921
ILMN_1792933	SLC10A6	0.03913218836710274
ILMN_1732489	SLC10A7	6.6975652315291825
ILMN_1741165	SLC11A1	0.646376873139839
ILMN_1745034	SLC11A2	9.897588282812853
ILMN_1688162	SLC12A1	0.656481534315546
ILMN_1720996	SLC12A2	6.981679000808023
ILMN_1679011	SLC12A3	1.6881947474253938
ILMN_2084059	SLC12A4	6.202268731871318
ILMN_2129910	SLC12A5	8.699758040758194
ILMN_1767992	SLC12A6	6.372648143052391
ILMN_1753254	SLC12A7	0.41717534128470835
ILMN_1762529	SLC12A8	6.411460659095147
ILMN_1695962	SLC12A9	8.471351911750867
ILMN_2204430	SLC13A1	4.340805503018625
ILMN_1792744	SLC13A2	3.704868962188241
ILMN_1658519	SLC13A3	4.591374530886152
ILMN_1663723	SLC13A4	2.295054491877582
ILMN_1676192	SLC13A5	1.2904805195239522
ILMN_1805561	SLC14A1	4.402717403600026
ILMN_1664320	SLC14A2	0.9059191882481942
ILMN_1652857	SLC15A1	0.6896657153266553
ILMN_2211739	SLC15A2	3.766996309204938
ILMN_2085862	SLC15A3	6.92796851494349
ILMN_2076463	SLC15A4	8.357426636997898
ILMN_1757052	SLC16A1	1.2789673827684758
ILMN_1782938	SLC16A10	7.903745681297582
ILMN_2115777	SLC16A11	0.8456131086071794
ILMN_2180929	SLC16A12	14.509743111382717
ILMN_1714252	SLC16A13	4.052261906657725
ILMN_1736546	SLC16A14	9.51203024979209
ILMN_1703886	SLC16A2	7.757011244643988
ILMN_2364022	SLC16A3	12.122900997537945
ILMN_1804673	SLC16A4	3.584180781041187
ILMN_1803720	SLC16A5	2.8222820586016293
ILMN_1729691	SLC16A6	5.750912821685911
ILMN_1847494	SLC16A7	2.425614428702748
ILMN_1731165	SLC16A8	0.0
ILMN_1732410	SLC16A9	10.194319641921652
ILMN_1722716	SLC17A1	1.6547075231978772
ILMN_1773586	SLC17A2	3.9957551013815
ILMN_1690979	SLC17A3	4.164624609301959
ILMN_1720461	SLC17A4	3.6568493474807853
ILMN_1684434	SLC17A5	1.2477835280725906
ILMN_1666904	SLC17A6	8.980480417689181
ILMN_1770629	SLC17A7	7.363910165949563
ILMN_1767842	SLC17A8	0.004963061868236024
ILMN_1785405	SLC17A9	4.403646473650895
ILMN_1786785	SLC18A1	6.059782589961778
ILMN_2070003	SLC18A2	0.0
ILMN_2180171	SLC18A3	3.195158160930348
ILMN_1669831	SLC18B1	8.643871879966397
ILMN_1698996	SLC19A1	3.5268968235871054
ILMN_2201668	SLC19A2	8.368812034831098
ILMN_1716359	SLC19A3	4.749564614578278
ILMN_1658917	SLC1A1	5.641160027785099
ILMN_1785380	SLC1A2	7.459301099575529
ILMN_1738552	SLC1A3	8.047910250767204
ILMN_1656904	SLC1A4	5.6748660787629275
ILMN_1707720	SLC1A5	7.37098350900769
ILMN_2171471	SLC1A6	4.184478413169701
ILMN_1704629	SLC1A7	3.8642214085479867
ILMN_1672662	SLC20A1	9.849485886895428
ILMN_1813763	SLC20A2	7.131297059990598
ILMN_1715742	SLC22A1	4.77178388856128
ILMN_1797119	SLC22A10	1.3715093493282697
ILMN_1735386	SLC22A11	4.566343062132154
ILMN_2408748	SLC22A12	3.1158900858303347
ILMN_1777665	SLC22A13	1.3994361954660455
ILMN_1700417	SLC22A14	1.9367187968904511
ILMN_1730639	SLC22A15	6.737478386154581
ILMN_1763609	SLC22A16	0.47155692045270553
ILMN_1653200	SLC22A17	11.423268426526827
ILMN_2382505	SLC22A18	7.754057314610914
ILMN_1691048	SLC22A18AS	2.0483688738520773
ILMN_2334193	SLC22A2	1.5650954327944504
ILMN_3239050	SLC22A20	4.355305327149744
ILMN_3227263	SLC22A23	7.661162596206498
ILMN_3249105	SLC22A24	1.7585646215676458
ILMN_1740676	SLC22A25	0.5196131002363457
ILMN_2048478	SLC22A3	0.4925826161296338
ILMN_1685057	SLC22A4	4.50548495059145
ILMN_1699357	SLC22A5	4.539136607136119
ILMN_2405391	SLC22A6	3.212759216387981
ILMN_1706615	SLC22A7	4.4391676362767525
ILMN_1783756	SLC22A8	0.0
ILMN_1777657	SLC22A9	2.3890072225432357
ILMN_2376553	SLC23A1	3.6572064425743633
ILMN_1746578	SLC23A2	7.276458940080736
ILMN_1788118	SLC23A3	0.0
ILMN_1747395	SLC24A1	4.7040048735203515
ILMN_1711826	SLC24A2	5.327531518270533
ILMN_1663519	SLC24A3	5.337706064602074
ILMN_1815949	SLC24A4	4.7848056109509
ILMN_1786045	SLC24A5	1.1261785536087576
ILMN_1813671	SLC25A1	10.816885881275866
ILMN_1804090	SLC25A10	5.396588225530841
ILMN_1664168	SLC25A11	8.27301258178929
ILMN_1788053	SLC25A12	6.804840911199186
ILMN_1668012	SLC25A13	7.9392358035492565
ILMN_1667670	SLC25A15	9.201448211655054
ILMN_1806032	SLC25A16	6.0812906253401495
ILMN_1737312	SLC25A17	6.0038227584366055
ILMN_1754864	SLC25A18	5.066690402768644
ILMN_1666553	SLC25A19	7.144657476919818
ILMN_1813670	SLC25A2	0.0
ILMN_1741392	SLC25A20	8.280908807118394
ILMN_1780417	SLC25A21	2.679759363437213
ILMN_3273144	SLC25A21-AS1	4.940575780200539
ILMN_1687958	SLC25A22	9.548945892339916
ILMN_1679949	SLC25A23	11.253356485632581
ILMN_1711838	SLC25A24	4.622011855925423
ILMN_1791728	SLC25A25	10.68205532848865
ILMN_1750981	SLC25A26	9.748765961621638
ILMN_1698726	SLC25A27	6.488337122112867
ILMN_1790472	SLC25A28	10.312188829431115
ILMN_1697544	SLC25A29	8.770743350336254
ILMN_2332713	SLC25A3	13.199997081239973
ILMN_1725692	SLC25A30	4.703240060549024
ILMN_1669846	SLC25A31	3.33937523263675
ILMN_1683212	SLC25A32	0.36714368082453985
ILMN_1685974	SLC25A33	2.097551940348756
ILMN_1709399	SLC25A34	3.1618827380589583
ILMN_1724612	SLC25A35	1.604470706104757
ILMN_1766528	SLC25A36	9.066767951634887
ILMN_1715969	SLC25A37	8.089440706240705
ILMN_1781231	SLC25A38	8.458448919258133
ILMN_1743911	SLC25A39	11.406659476010745
ILMN_3249524	SLC25A3P1	2.02513363848159
ILMN_2211780	SLC25A4	11.518073524318075
ILMN_2054362	SLC25A40	7.168326928347503
ILMN_1708398	SLC25A41	0.2833308386613309
ILMN_2222880	SLC25A42	10.106864784239194
ILMN_2142284	SLC25A43	5.125125389168505
ILMN_1810514	SLC25A44	9.509386996899675
ILMN_1810727	SLC25A45	4.727876480299437
ILMN_1720311	SLC25A46	8.63866900006118
ILMN_1803300	SLC25A47	0.8575787995148757
ILMN_1746952	SLC25A48	4.423764520082686
ILMN_1774062	SLC25A5	14.15043905364609
ILMN_1772492	SLC25A51	13.465980003223246
ILMN_2186078	SLC25A52	0.42111906130980614
ILMN_2152422	SLC25A53	0.8870918695840754
ILMN_3240838	SLC25A6	12.766454170592437
ILMN_1808306	SLC26A1	3.9450248145782223
ILMN_1755016	SLC26A10	5.136713239144064
ILMN_1672930	SLC26A11	2.4611137252108484
ILMN_1801491	SLC26A2	5.245493084382439
ILMN_1760087	SLC26A3	0.16867168805736343
ILMN_1652465	SLC26A4	0.1778311215452553
ILMN_3274543	SLC26A4-AS1	4.583728226219518
ILMN_1717710	SLC26A5	3.214989479512816
ILMN_1785252	SLC26A6	9.879002239173337
ILMN_1705172	SLC26A7	1.3710588206541947
ILMN_1755843	SLC26A8	4.102257136336456
ILMN_1726081	SLC26A9	1.0139675227905387
ILMN_1787718	SLC27A1	7.7880690449757095
ILMN_1700831	SLC27A2	4.072875210518224
ILMN_1719627	SLC27A3	11.462774617214535
ILMN_1655039	SLC27A4	1.2331368837542669
ILMN_1725366	SLC27A5	8.79288741459751
ILMN_1741592	SLC27A6	6.01754955483586
ILMN_1815165	SLC28A1	3.8931787031628904
ILMN_1801886	SLC28A2	1.5193255776288213
ILMN_1741014	SLC28A3	0.2837134850198898
ILMN_2279377	SLC29A1	5.342127002638519
ILMN_1730809	SLC29A2	6.738970033792197
ILMN_1717326	SLC29A3	5.872764204060932
ILMN_1801377	SLC29A4	10.560945642871454
ILMN_1659027	SLC2A1	11.102293384654745
ILMN_2120247	SLC2A10	6.214686105879622
ILMN_1767717	SLC2A11	6.6771595057339335
ILMN_1766261	SLC2A12	3.7979743254989984
ILMN_1741502	SLC2A13	0.0
ILMN_1668865	SLC2A14	7.558864969892777
ILMN_1755720	SLC2A2	0.5551069185900496
ILMN_1775708	SLC2A3	13.120491328413381
ILMN_1782545	SLC2A4	1.1973928390575945
ILMN_1740430	SLC2A4RG	6.946454021409894
ILMN_1671337	SLC2A5	4.574775304066946
ILMN_1778321	SLC2A6	7.786669090880274
ILMN_1707370	SLC2A7	1.0847573759630196
ILMN_1724609	SLC2A8	11.076253135115543
ILMN_1738406	SLC2A9	2.8651177828162635
ILMN_1745021	SLC30A1	8.31695775876098
ILMN_1783672	SLC30A10	3.8149074847300306
ILMN_2415421	SLC30A2	4.936233448797183
ILMN_1805807	SLC30A3	7.367555338989721
ILMN_1653098	SLC30A4	0.9375654490728843
ILMN_1709728	SLC30A5	9.633323494183937
ILMN_2151168	SLC30A6	3.3082962623434518
ILMN_1789999	SLC30A7	9.464871393272654
ILMN_1774869	SLC30A8	2.5867244601938806
ILMN_1799128	SLC30A9	9.902052040784293
ILMN_1804562	SLC31A1	7.934724548946346
ILMN_1758938	SLC31A2	3.8247734015674415
ILMN_1697512	SLC32A1	7.561029270523046
ILMN_1702683	SLC33A1	6.739585059781813
ILMN_1659991	SLC34A1	1.635921400759921
ILMN_2184109	SLC34A2	4.316098216737674
ILMN_1754053	SLC34A3	0.0
ILMN_1741440	SLC35A1	10.153903709882977
ILMN_1742731	SLC35A2	10.088725954029023
ILMN_1653429	SLC35A3	6.906643388256523
ILMN_2105966	SLC35A4	6.534919432867987
ILMN_1709817	SLC35A5	7.344794665347332
ILMN_1727840	SLC35B1	10.487785001386523
ILMN_1789001	SLC35B2	9.314452197059472
ILMN_1682910	SLC35B3	7.679495116794683
ILMN_1697959	SLC35B4	7.633418062197929
ILMN_1680104	SLC35C1	6.0525157319546565
ILMN_1754235	SLC35C2	9.155162540047717
ILMN_2057768	SLC35D1	3.782252428275102
ILMN_1706571	SLC35D2	8.56579752774313
ILMN_1702419	SLC35D3	0.28201473308854463
ILMN_2059173	SLC35E1	9.863424283333154
ILMN_1651209	SLC35E2	3.1299417839826336
ILMN_3228585	SLC35E2B	10.260570717568156
ILMN_1749521	SLC35E3	7.589322188319435
ILMN_1803728	SLC35E4	2.8625097576705585
ILMN_1749848	SLC35F1	9.942122180363585
ILMN_2075189	SLC35F2	4.882514263209715
ILMN_1794959	SLC35F3	5.582435476469759
ILMN_2206554	SLC35F5	7.661018734399987
ILMN_1812688	SLC35F6	6.255337158562859
ILMN_1690464	SLC35G1	0.0
ILMN_1728202	SLC35G2	8.024984180644603
ILMN_1797432	SLC35G3	2.998712070586993
ILMN_1794728	SLC35G4	0.9899837080030781
ILMN_1715988	SLC35G5	4.264206080022789
ILMN_3246673	SLC35G6	5.498574786312774
ILMN_2124471	SLC36A1	4.490500243614809
ILMN_1793182	SLC36A2	0.0
ILMN_1771509	SLC36A3	0.0
ILMN_2082324	SLC36A4	6.6974269100788595
ILMN_1687495	SLC37A1	6.79974867714414
ILMN_2201413	SLC37A2	0.0
ILMN_2307598	SLC37A3	8.762277661118977
ILMN_1678678	SLC37A4	9.87419964962403
ILMN_1769911	SLC38A1	8.375967011912946
ILMN_2277419	SLC38A10	3.942841099635267
ILMN_1709635	SLC38A11	4.739077973216818
ILMN_1651799	SLC38A2	8.320950864705567
ILMN_1672382	SLC38A3	0.8235790355363131
ILMN_1794890	SLC38A4	3.3601482964406144
ILMN_1695058	SLC38A5	4.5413036445737385
ILMN_1696622	SLC38A6	5.57384963586896
ILMN_1784105	SLC38A7	4.144319575021609
ILMN_2284077	SLC38A8	4.853044694851772
ILMN_1773643	SLC38A9	6.358928368841176
ILMN_2116714	SLC39A1	9.860558966215267
ILMN_1656129	SLC39A10	8.04981267002462
ILMN_1742705	SLC39A11	4.994042075236231
ILMN_1718949	SLC39A12	1.2783193520997191
ILMN_1730937	SLC39A13	3.7174613447067375
ILMN_1764629	SLC39A14	7.318515389713192
ILMN_1810025	SLC39A2	1.4841750749455616
ILMN_2234970	SLC39A3	9.881050268991094
ILMN_1706386	SLC39A4	4.072290256518886
ILMN_1794951	SLC39A5	3.143119761496664
ILMN_1750394	SLC39A6	9.799483736813702
ILMN_2383077	SLC39A7	6.857551244831772
ILMN_1695316	SLC39A8	4.704664229930782
ILMN_1756878	SLC39A9	6.417430849436472
ILMN_1754247	SLC3A1	1.4431116159517439
ILMN_1726456	SLC3A2	11.044137093846137
ILMN_2053103	SLC40A1	5.701074452334189
ILMN_1656186	SLC41A1	6.006140046861868
ILMN_1747197	SLC41A2	4.146398958179041
ILMN_2356111	SLC41A3	11.306479824222208
ILMN_1780924	SLC43A1	0.6432186788821846
ILMN_1787127	SLC43A2	9.845155076153894
ILMN_1658407	SLC43A3	5.818108568158532
ILMN_1700695	SLC44A1	9.561006306271166
ILMN_1771987	SLC44A2	11.960593501566306
ILMN_1658498	SLC44A3	5.51226709778176
ILMN_2274775	SLC44A4	14.512244685502267
ILMN_1744003	SLC44A5	3.4602716928127215
ILMN_2324162	SLC45A1	7.018541997336122
ILMN_1654165	SLC45A2	4.2007163600065205
ILMN_1726114	SLC45A3	7.080867063584688
ILMN_2391976	SLC45A4	4.212346820009178
ILMN_1673681	SLC46A1	5.134633514882669
ILMN_1707585	SLC46A2	3.1185715477161815
ILMN_1658639	SLC46A3	5.662358317680462
ILMN_1670325	SLC47A1	0.42653776392975723
ILMN_1693912	SLC47A2	0.6220567253858026
ILMN_3247587	SLC48A1	7.413446965117061
ILMN_1772809	SLC4A1	0.25358435721893363
ILMN_1748779	SLC4A10	1.0652025388345263
ILMN_1735156	SLC4A11	2.580645940774847
ILMN_1750876	SLC4A1AP	6.381910052388875
ILMN_2078389	SLC4A2	5.024708814761497
ILMN_1793630	SLC4A3	6.013543907674769
ILMN_1734897	SLC4A4	2.7048594382220053
ILMN_2273224	SLC4A5	10.281489614608866
ILMN_2200917	SLC4A7	8.37994960742742
ILMN_2303669	SLC4A8	7.621418996320891
ILMN_1748979	SLC4A9	0.0
ILMN_1776522	SLC50A1	7.926472412601882
ILMN_1789096	SLC51A	2.3125140654308782
ILMN_1750312	SLC51B	0.0
ILMN_1683492	SLC52A1	1.417012728191018
ILMN_2041577	SLC52A2	8.791688868333027
ILMN_1740923	SLC52A3	3.667028015101927
ILMN_1681526	SLC5A1	2.5059084572289323
ILMN_2412849	SLC5A10	6.40576502807323
ILMN_2228780	SLC5A11	0.8939202710131106
ILMN_2296510	SLC5A12	6.271679999800173
ILMN_2070102	SLC5A2	1.1212309867675196
ILMN_1787813	SLC5A3	7.247985747696615
ILMN_1678650	SLC5A4	0.2643174605706455
ILMN_1711275	SLC5A5	0.11850510555722664
ILMN_1741054	SLC5A6	8.3713283029247
ILMN_1803748	SLC5A7	6.847827587859768
ILMN_1811221	SLC5A8	7.073680766370717
ILMN_1748366	SLC5A9	4.266355985476018
ILMN_1744191	SLC6A1	5.433464058993227
ILMN_1704446	SLC6A10P	9.696687834699928
ILMN_1798577	SLC6A11	2.1089381063139396
ILMN_1780831	SLC6A12	3.4498325432578416
ILMN_1707710	SLC6A13	1.3162875842795114
ILMN_1706813	SLC6A14	1.06879920178468
ILMN_1659166	SLC6A15	7.58369129507027
ILMN_1723287	SLC6A16	8.068230056743232
ILMN_1723837	SLC6A17	4.905084110637912
ILMN_1813964	SLC6A18	0.4843561097167978
ILMN_1724021	SLC6A19	1.5406054563299973
ILMN_1765607	SLC6A2	1.6430602688445122
ILMN_1687986	SLC6A20	5.216579332354203
ILMN_2105797	SLC6A3	1.244708293414876
ILMN_1683694	SLC6A4	0.36817778477691826
ILMN_1739284	SLC6A5	2.5833815166629432
ILMN_1673586	SLC6A6	1.5352153656396503
ILMN_1780222	SLC6A7	4.488693851863282
ILMN_1806349	SLC6A8	8.222484755341748
ILMN_1714445	SLC6A9	6.137204851280411
ILMN_1683859	SLC7A1	10.040019688948208
ILMN_1681087	SLC7A10	5.260275451249584
ILMN_1655229	SLC7A11	0.8736744605155545
ILMN_1680032	SLC7A13	0.0
ILMN_1676602	SLC7A14	8.97617487912247
ILMN_1781400	SLC7A2	5.2635417141801915
ILMN_1660730	SLC7A3	7.8358894021721754
ILMN_1774229	SLC7A4	3.9988215498547954
ILMN_1720373	SLC7A5	10.304521741522455
ILMN_2234515	SLC7A5P2	15.449323641605703
ILMN_1812559	SLC7A6	5.89880728368098
ILMN_1692049	SLC7A6OS	7.197664750899029
ILMN_1807894	SLC7A8	6.242616302030236
ILMN_1735445	SLC7A9	3.0573507716660786
ILMN_1816603	SLC8A1	4.782700436294127
ILMN_1698846	SLC8A2	9.45891604871557
ILMN_1712023	SLC8A3	5.608828596657922
ILMN_1701655	SLC8B1	8.086978235963045
ILMN_1800425	SLC9A1	8.335668815617309
ILMN_1738849	SLC9A2	3.822409012810972
ILMN_1734550	SLC9A3	3.047722992333139
ILMN_1680925	SLC9A3R1	8.09366562224713
ILMN_1765833	SLC9A3R2	0.0
ILMN_2112730	SLC9A4	4.946551264590521
ILMN_1714023	SLC9A5	5.911174423629995
ILMN_1677829	SLC9A6	9.007382829782278
ILMN_1898723	SLC9A7	9.772973527789786
ILMN_3296096	SLC9A7P1	3.4216652774397267
ILMN_1690625	SLC9A8	4.246385296100093
ILMN_1758315	SLC9A9	1.8731331172995143
ILMN_1673417	SLC9B1	2.4460603065969804
ILMN_1662768	SLC9B2	6.285322470476436
ILMN_1711111	SLC9C1	1.4616699440679926
ILMN_1753129	SLC9C2	2.608682357852977
ILMN_1680016	SLCO1A2	4.295402899276559
ILMN_1771118	SLCO1B1	5.058601075569431
ILMN_1687319	SLCO1B3	0.03478134958646652
ILMN_2050959	SLCO1B7	2.171771414549822
ILMN_1792317	SLCO1C1	3.51189396136847
ILMN_1705231	SLCO2A1	0.0
ILMN_1761199	SLCO2B1	3.1638134984286768
ILMN_1654735	SLCO3A1	6.560554276994733
ILMN_1727200	SLCO4A1	5.754064877529085
ILMN_3243616	SLCO4A1-AS1	0.7226912788659036
ILMN_1686464	SLCO4C1	4.892466694681345
ILMN_1758324	SLCO5A1	3.360521152560699
ILMN_1761717	SLCO6A1	2.42806437204069
ILMN_1673322	SLED1	4.64202475722889
ILMN_1805985	SLF1	6.979438026806309
ILMN_1710207	SLF2	8.058434904063295
ILMN_1752520	SLFN11	6.522201201595801
ILMN_1728236	SLFN12	3.861766141787886
ILMN_2215862	SLFN13	3.098556489488678
ILMN_1656949	SLFN14	2.665254185877346
ILMN_1769550	SLFN5	1.4292073310784748
ILMN_1777637	SLFNL1	0.0
ILMN_1661945	SLIRP	13.464865171964268
ILMN_1756959	SLIT1	6.853965463324845
ILMN_1676449	SLIT2	8.229762433894455
ILMN_1811313	SLIT3	5.819889489202601
ILMN_2096623	SLITRK1	7.432753628617974
ILMN_1795170	SLITRK2	6.636340443569748
ILMN_1736969	SLITRK3	3.5582164211786296
ILMN_2199768	SLITRK4	8.062040684524517
ILMN_1789040	SLITRK5	7.045103294994889
ILMN_1813197	SLITRK6	0.24955840155245027
ILMN_1700834	SLK	6.329860618513455
ILMN_1783120	SLMAP	8.215891597930996
ILMN_1778595	SLN	3.2663269325154
ILMN_2114720	SLPI	1.3034976148835624
ILMN_2395204	SLTM	8.81016156486992
ILMN_1685369	SLU7	8.961737623740687
ILMN_1705080	SLURP1	3.104239821774174
ILMN_2368575	SLX1A	7.7312459590466736
ILMN_1664993	SLX1B	4.984329076874587
ILMN_1732885	SLX4	7.561836607069158
ILMN_1715625	SLX4IP	3.542397485293206
ILMN_3238814	SMA4	5.185250700154005
ILMN_1670540	SMAD1	5.035921703355798
ILMN_1771203	SMAD2	6.826398894429135
ILMN_1682738	SMAD3	7.6668697557358785
ILMN_1741477	SMAD4	10.698878432643198
ILMN_1674551	SMAD5	10.340110126508094
ILMN_3304064	SMAD5-AS1	1.9754871216616126
ILMN_1767068	SMAD6	7.687810484683361
ILMN_2203891	SMAD7	6.347241439993621
ILMN_1839481	SMAD9	7.239083395681278
ILMN_1804415	SMAGP	5.1788486270893515
ILMN_1768271	SMAP1	9.817849498212258
ILMN_2081682	SMAP2	11.692402123121582
ILMN_2376263	SMARCA1	10.501732904436903
ILMN_1791702	SMARCA2	8.943445174316887
ILMN_1814173	SMARCA4	12.003970518562555
ILMN_2223130	SMARCA5	7.483121815562605
ILMN_1741976	SMARCAD1	7.661225846111396
ILMN_1752111	SMARCAL1	7.4309934906775235
ILMN_1758823	SMARCB1	9.93088530411132
ILMN_1694603	SMARCC1	10.531649167434354
ILMN_1773620	SMARCC2	8.016005277222952
ILMN_1728845	SMARCD1	11.379724724195412
ILMN_2309180	SMARCD3	9.525317412320419
ILMN_1747857	SMARCE1	10.529726447179216
ILMN_1652006	SMC1A	6.276381282325534
ILMN_1762526	SMC1B	3.3006098219145894
ILMN_2411190	SMC2	7.216294266222686
ILMN_1718807	SMC3	9.136257178581014
ILMN_2330861	SMC4	6.677673159651168
ILMN_1757132	SMC5	2.2794979572195455
ILMN_1654001	SMC6	2.1636069808267973
ILMN_1808148	SMCHD1	3.920401708044837
ILMN_3247334	SMCO1	5.144652438052983
ILMN_1680776	SMCO2	3.7002695693349263
ILMN_1756939	SMCO3	1.9706441287820506
ILMN_1798270	SMCO4	9.90943810328493
ILMN_1814631	SMCP	3.456826419366376
ILMN_3240236	SMCR5	7.6278121456081225
ILMN_1794147	SMCR8	2.074765414711472
ILMN_1706859	SMDT1	9.450090998984853
ILMN_1801383	SMG1	8.49262436927251
ILMN_3249624	SMG1P1	7.6945483108489405
ILMN_2200562	SMG1P5	1.3170431166371863
ILMN_2126239	SMG5	9.26706682329778
ILMN_1682981	SMG6	5.6448153809705905
ILMN_1706553	SMG7	8.906703492422823
ILMN_1807533	SMG8	9.27537065606656
ILMN_1737005	SMG9	7.329977465410188
ILMN_1683828	SMIM10	0.0
ILMN_3246515	SMIM10L2A	6.008027330969763
ILMN_1661066	SMIM10L2B	5.701534599884321
ILMN_3238845	SMIM11A	9.41935817126256
ILMN_1693226	SMIM12	5.0203049397389545
ILMN_1889752	SMIM13	8.02690136507117
ILMN_1713892	SMIM14	12.001058438774175
ILMN_2066210	SMIM15	3.962116459935151
ILMN_1677385	SMIM19	9.928151322050898
ILMN_2054382	SMIM21	1.7002364662261993
ILMN_3284429	SMIM22	1.4448815567846758
ILMN_1688445	SMIM23	2.0034834724412076
ILMN_1774375	SMIM24	3.2615672931578437
ILMN_1684368	SMIM3	5.5145161039764545
ILMN_3245869	SMIM4	9.772547447175274
ILMN_1694759	SMIM7	9.683173953867582
ILMN_2413141	SMIM8	6.945211587650804
ILMN_1693932	SMLR1	1.5038747689993306
ILMN_1675609	SMN1	6.9675489129598125
ILMN_2336393	SMN2	6.931789986459754
ILMN_1691789	SMNDC1	10.422236579621421
ILMN_1782098	SMO	7.089308811907841
ILMN_2410938	SMOC1	5.937517686145099
ILMN_1719641	SMOC2	6.061862620028379
ILMN_1775380	SMOX	8.626402823908116
ILMN_1741684	SMPD1	6.065388950949822
ILMN_1672176	SMPD2	5.065432358415975
ILMN_1802316	SMPD3	6.885302249930806
ILMN_1782795	SMPD4	6.071783934696367
ILMN_1796349	SMPDL3A	7.941613146928152
ILMN_1789913	SMPDL3B	1.1810551724000442
ILMN_1778743	SMPX	2.427129365273234
ILMN_1798535	SMR3A	0.9992198088749061
ILMN_1673355	SMR3B	1.8705447910602262
ILMN_1694305	SMS	11.967083033263629
ILMN_1785618	SMTN	5.8020427532364485
ILMN_1704956	SMTNL1	4.0635325169740835
ILMN_1740728	SMTNL2	4.422415899326963
ILMN_1764803	SMU1	8.955839070026085
ILMN_1804642	SMUG1	9.041826036874676
ILMN_1779492	SMURF1	5.910141662771853
ILMN_1675429	SMURF2	3.3682451231077892
ILMN_1696054	SMYD1	0.0
ILMN_1721605	SMYD2	8.767974119297294
ILMN_1741954	SMYD3	10.139070332795148
ILMN_2086238	SMYD4	6.618675714216593
ILMN_1663827	SMYD5	5.361973657291286
ILMN_1758086	SNAI1	0.17826745710492295
ILMN_1655740	SNAI2	5.239076729116934
ILMN_1690262	SNAI3	1.7589821717298066
ILMN_3233272	SNAI3-AS1	5.9872303629225625
ILMN_1687519	SNAP23	5.005228438031004
ILMN_1740555	SNAP25	11.107486961736178
ILMN_1659857	SNAP29	6.050756907014762
ILMN_3243982	SNAP47	9.186623877263415
ILMN_1733648	SNAP91	10.306420745007209
ILMN_2093389	SNAPC1	9.101033878571785
ILMN_1698478	SNAPC2	10.203311689860733
ILMN_2224300	SNAPC3	1.5558458028456574
ILMN_1677484	SNAPC4	8.499634870950722
ILMN_1683273	SNAPC5	6.586663518940583
ILMN_1799969	SNAPIN	8.703314762928146
ILMN_1881909	SNAR-A1	7.3784745047064115
ILMN_3309138	SNAR-I	0.9386852697377496
ILMN_1701933	SNCA	11.421025865468968
ILMN_1807969	SNCAIP	8.872434353599237
ILMN_2397846	SNCB	7.6880977182625445
ILMN_1653161	SNCG	10.590725916939606
ILMN_1775111	SND1	10.90570606176658
ILMN_1652066	SNED1	1.3825866782956382
ILMN_1766171	SNF8	8.924559364506509
ILMN_3236713	SNHG1	12.491175795929204
ILMN_2409078	SNHG10	3.5189936133474085
ILMN_1791884	SNHG11	8.581932467517474
ILMN_3249059	SNHG12	4.352137201334095
ILMN_1898124	SNHG15	10.584966222963331
ILMN_3235326	SNHG17	9.32353794061328
ILMN_3269835	SNHG20	0.19096358225526444
ILMN_2179579	SNHG3	3.0735128047519376
ILMN_1661673	SNHG4	5.837546339143871
ILMN_2200659	SNHG5	13.665887261686473
ILMN_3248443	SNHG6	14.06365651973037
ILMN_3227023	SNHG7	12.190292539134797
ILMN_3309349	SNHG8	12.820316385088212
ILMN_3238785	SNHG9	9.95689076763915
ILMN_1651278	SNIP1	8.421990272703718
ILMN_1788251	SNN	7.122049563753886
ILMN_3245893	SNORA1	5.127466524238883
ILMN_2189842	SNORA10	7.413149954260258
ILMN_3236955	SNORA11	5.618858630136947
ILMN_3239704	SNORA11B	0.3764148309952236
ILMN_3240883	SNORA11C	4.504850611347137
ILMN_3242448	SNORA11D	6.526098189573566
ILMN_3238435	SNORA12	6.61129428279214
ILMN_3241985	SNORA13	5.668774763799321
ILMN_3241036	SNORA14A	0.12099131604592639
ILMN_3241140	SNORA14B	4.892505833543355
ILMN_3241884	SNORA15	0.5160466525270317
ILMN_3246465	SNORA16A	2.166801303487539
ILMN_3248658	SNORA16B	0.0
ILMN_3243129	SNORA17A	4.251724592311567
ILMN_3243908	SNORA17B	3.89509057385551
ILMN_3244348	SNORA18	9.007585928335724
ILMN_3242748	SNORA19	0.23600913618004238
ILMN_3245228	SNORA20	3.3834037146501585
ILMN_3244343	SNORA21	5.121894083564723
ILMN_3246713	SNORA22	4.260571559721739
ILMN_3247939	SNORA23	1.106373485399774
ILMN_3248890	SNORA24	8.969885737777005
ILMN_1682038	SNORA25	9.355514535743486
ILMN_3238613	SNORA26	4.834615557020425
ILMN_3248811	SNORA27	3.1046732444491423
ILMN_3235096	SNORA28	4.982681784123631
ILMN_3236594	SNORA29	4.290511480103375
ILMN_3248232	SNORA2A	1.0476084517188073
ILMN_3249538	SNORA2B	1.1709366017015828
ILMN_3240231	SNORA2C	2.955504450522378
ILMN_3238259	SNORA30	2.9278821389427208
ILMN_3239162	SNORA31	2.195061830164892
ILMN_2085525	SNORA32	6.171462225327736
ILMN_2096747	SNORA33	6.721021886867394
ILMN_3249351	SNORA35	2.794853668103833
ILMN_3241814	SNORA36A	0.4989543146106256
ILMN_3247494	SNORA36B	2.9691429914021588
ILMN_3235334	SNORA36C	2.9918522880590324
ILMN_3243135	SNORA37	4.893704926873009
ILMN_3244597	SNORA38	4.279956292973426
ILMN_3235270	SNORA38B	3.7131590845646674
ILMN_3239108	SNORA3A	5.3225887850532425
ILMN_3238078	SNORA3B	6.369922672514842
ILMN_3238672	SNORA4	5.669126329084843
ILMN_3247222	SNORA40	0.0
ILMN_3241798	SNORA41	4.09875417289195
ILMN_3239276	SNORA46	1.926262084503423
ILMN_3238670	SNORA47	3.424587333296588
ILMN_3235264	SNORA48	2.0491495303260234
ILMN_3235231	SNORA49	4.9204043874015815
ILMN_3242825	SNORA50A	0.43892697571905703
ILMN_3237562	SNORA50C	7.814028695253993
ILMN_3235316	SNORA51	1.4454535829731583
ILMN_3247679	SNORA52	2.5355322392794633
ILMN_3239932	SNORA53	1.6195526386585462
ILMN_3237035	SNORA54	0.43494818877501235
ILMN_3238745	SNORA55	3.7233952689495564
ILMN_3240280	SNORA56	3.7815209316043905
ILMN_3235404	SNORA57	8.190100205673746
ILMN_3242067	SNORA58	5.473194826312734
ILMN_3240116	SNORA59A	6.652429117642007
ILMN_3247251	SNORA59B	2.3334973625337314
ILMN_3236942	SNORA5A	1.960443843085472
ILMN_3244678	SNORA5B	3.571669132650193
ILMN_3246708	SNORA5C	4.32796745285104
ILMN_3245365	SNORA6	5.891907707197777
ILMN_3243894	SNORA60	1.4479234983831226
ILMN_3245458	SNORA61	6.037963147385537
ILMN_1700074	SNORA62	6.634758278379731
ILMN_3249167	SNORA63	7.084670598383782
ILMN_1709604	SNORA64	7.162726722081563
ILMN_1787326	SNORA65	5.805448276834131
ILMN_1689616	SNORA66	4.297768000916097
ILMN_3247018	SNORA67	8.760211261457128
ILMN_3244592	SNORA68	5.4663455150383875
ILMN_3244883	SNORA69	2.123772052692002
ILMN_1730773	SNORA70	8.555420663302806
ILMN_3243972	SNORA70B	5.2025449488527995
ILMN_3245878	SNORA70C	5.3836928553836145
ILMN_3245605	SNORA71A	4.271668340869172
ILMN_3243667	SNORA71B	1.4400136788018598
ILMN_3240216	SNORA71C	0.8518406688710615
ILMN_3241937	SNORA71D	2.3409822591513656
ILMN_3245764	SNORA71E	0.6804058391082614
ILMN_3240418	SNORA72	6.015876815685359
ILMN_3240022	SNORA73A	3.2823340377734387
ILMN_3243677	SNORA73B	3.3346438019772937
ILMN_3236224	SNORA74A	0.7588943648805087
ILMN_3246935	SNORA74B	0.47955928461343444
ILMN_3240150	SNORA75	2.9242149974794813
ILMN_3243428	SNORA77	6.539784285053385
ILMN_3244940	SNORA78	1.7713946777166738
ILMN_3246206	SNORA79	1.1608080869915816
ILMN_3241993	SNORA7A	1.8946329180198294
ILMN_1660900	SNORA7B	8.855443474529137
ILMN_3238707	SNORA8	9.985974965936714
ILMN_3238554	SNORA80A	6.003982999142203
ILMN_3248575	SNORA80E	4.680864930035545
ILMN_3248440	SNORA81	1.54320648614903
ILMN_3244154	SNORA84	3.6585198915837487
ILMN_3235969	SNORA9	0.6886328229634363
ILMN_3238955	SNORD10	5.174932697518591
ILMN_1673181	SNORD100	4.104006911176598
ILMN_1697989	SNORD101	2.828029324775747
ILMN_3243909	SNORD102	0.5888837757305249
ILMN_3234751	SNORD103A	3.4714399437332535
ILMN_3247303	SNORD103C	6.339710773005678
ILMN_3248218	SNORD104	7.362940046511123
ILMN_3234984	SNORD105	1.1638766981069655
ILMN_1750402	SNORD107	0.15634261770486826
ILMN_1780508	SNORD108	0.2987495800828666
ILMN_3245599	SNORD109A	0.19305420074551527
ILMN_1787980	SNORD109B	4.619974005302999
ILMN_3237971	SNORD11	3.460666728952569
ILMN_3235397	SNORD110	4.289539076630458
ILMN_3237039	SNORD111	0.4880780936384159
ILMN_3241848	SNORD111B	0.6888559142337093
ILMN_3238950	SNORD112	0.7642216197545562
ILMN_3309874	SNORD113-1	3.814213678387867
ILMN_3310905	SNORD113-2	0.02944895288436154
ILMN_3310321	SNORD113-3	2.590642445127225
ILMN_3310156	SNORD113-4	3.7258131714015996
ILMN_3308183	SNORD113-5	1.1226690879863965
ILMN_3309279	SNORD113-6	2.1500706661578066
ILMN_3308555	SNORD113-7	4.876906495651057
ILMN_3308275	SNORD113-8	0.0
ILMN_3309854	SNORD113-9	1.9709480138555222
ILMN_3308753	SNORD114-1	3.8953575613336775
ILMN_3309036	SNORD114-11	4.890666231206008
ILMN_3311105	SNORD114-13	0.20985360811063936
ILMN_3309428	SNORD114-17	0.7146676226898042
ILMN_3309654	SNORD114-19	1.7723358750390472
ILMN_3311085	SNORD114-2	6.447810408846092
ILMN_3308030	SNORD114-24	0.553283605486286
ILMN_3309334	SNORD114-27	0.42691895695997867
ILMN_3308375	SNORD114-29	1.1310959354472094
ILMN_3310416	SNORD114-3	3.628685741793589
ILMN_3310050	SNORD114-30	0.21393989082433038
ILMN_3310451	SNORD114-31	2.3951184319738554
ILMN_3309689	SNORD114-4	2.6671733962673305
ILMN_3309458	SNORD114-7	2.882379693742426
ILMN_3308000	SNORD114-8	0.3105699945163947
ILMN_3310085	SNORD115-45	0.5542257139193775
ILMN_3308113	SNORD115-48	0.9732265295692395
ILMN_3308515	SNORD116-13	1.8956174030561435
ILMN_2107655	SNORD116-2	2.459417394568774
ILMN_3310745	SNORD116-27	0.7764245069818273
ILMN_3310593	SNORD116-29	0.4002710680113697
ILMN_2067520	SNORD116-4	0.014807744785589383
ILMN_3242908	SNORD117	4.053388757413255
ILMN_3245376	SNORD119	0.9177931972440408
ILMN_3238478	SNORD11B	3.206069392563995
ILMN_3236049	SNORD12	5.045669378343713
ILMN_3246715	SNORD121A	0.7453524843103478
ILMN_3238972	SNORD123	0.4482432872021309
ILMN_3249543	SNORD125	4.249174169598307
ILMN_3236804	SNORD126	1.1297685072212695
ILMN_3242633	SNORD127	0.3228734374682405
ILMN_3240002	SNORD12B	3.6819352384177964
ILMN_3249286	SNORD12C	4.138815890523187
ILMN_1892403	SNORD13	7.519028689181217
ILMN_3308310	SNORD139	7.6202739625015345
ILMN_1799381	SNORD14A	7.137312017373694
ILMN_1707598	SNORD14B	3.8934183528743396
ILMN_1754332	SNORD14C	6.525965015478191
ILMN_1689294	SNORD14D	5.237348952359935
ILMN_1767869	SNORD15A	3.132109736857087
ILMN_1713832	SNORD15B	4.937248744057214
ILMN_1669210	SNORD16	4.637440374992387
ILMN_3240781	SNORD17	4.885974312840305
ILMN_3237050	SNORD18A	0.21252248018925926
ILMN_1680179	SNORD18B	0.8438860995778912
ILMN_1721749	SNORD18C	0.7906452510067217
ILMN_3243049	SNORD19	0.0
ILMN_3236052	SNORD19B	0.009799160683487062
ILMN_3244281	SNORD1A	2.842321491099414
ILMN_3245554	SNORD1B	0.8582371950008757
ILMN_3246944	SNORD1C	1.303745694719571
ILMN_3237309	SNORD2	0.381648668066534
ILMN_3241738	SNORD20	0.590979175261011
ILMN_1774973	SNORD21	6.1117541633125585
ILMN_1724884	SNORD22	6.294210274525677
ILMN_3237251	SNORD24	1.383923833644002
ILMN_1784328	SNORD25	8.966997809282818
ILMN_1691550	SNORD26	0.5927491297578958
ILMN_1755004	SNORD27	0.5206387580738988
ILMN_1656303	SNORD28	0.7697201363479512
ILMN_1666599	SNORD30	5.687172688142436
ILMN_2072391	SNORD31	7.463975816255299
ILMN_1743217	SNORD32A	8.942446255559153
ILMN_3247170	SNORD32B	5.566120480362994
ILMN_1682354	SNORD33	6.7157335334205435
ILMN_2165762	SNORD34	5.6448871931225755
ILMN_1667609	SNORD35A	8.559828241326665
ILMN_1694367	SNORD35B	8.965015329333685
ILMN_2135175	SNORD36A	8.10390409404589
ILMN_3237044	SNORD36B	1.8117293497384956
ILMN_2160160	SNORD36C	5.815360360974824
ILMN_3240595	SNORD37	3.5160798268429914
ILMN_1684278	SNORD38A	5.683022503895729
ILMN_1741944	SNORD38B	4.347759983534714
ILMN_3239574	SNORD3A	10.385024019593223
ILMN_3241034	SNORD3C	9.338616332583918
ILMN_3242315	SNORD3D	10.335306429595894
ILMN_3245549	SNORD41	1.6585547683031023
ILMN_1668661	SNORD42A	0.19540043410103095
ILMN_1810762	SNORD42B	4.981823998037966
ILMN_1739086	SNORD43	3.600510055718018
ILMN_3240848	SNORD44	3.5578833777242402
ILMN_3242525	SNORD45A	1.4538354750488311
ILMN_3240576	SNORD45B	0.49599669321379736
ILMN_3236110	SNORD45C	3.7190833392461635
ILMN_1682402	SNORD46	6.207758923836541
ILMN_3236650	SNORD47	4.5192413112398695
ILMN_2157020	SNORD48	5.355495162732904
ILMN_3248562	SNORD49A	2.6329559673492846
ILMN_1716441	SNORD4A	5.647016045896748
ILMN_1720794	SNORD4B	5.265492702667803
ILMN_3237236	SNORD5	0.4567234726460365
ILMN_3308788	SNORD50A	1.1099097349260234
ILMN_3247444	SNORD50B	1.9106986110670239
ILMN_3240306	SNORD51	4.279123404426078
ILMN_3246391	SNORD52	4.2934937488292775
ILMN_3245541	SNORD53	4.411105837410792
ILMN_1663681	SNORD54	1.2047950313737104
ILMN_1680393	SNORD55	7.517033626738076
ILMN_2209515	SNORD56	5.06641327240203
ILMN_1715396	SNORD56B	1.5971519884269174
ILMN_3241139	SNORD57	3.6519874127084115
ILMN_3236149	SNORD58A	1.2564226197793502
ILMN_3238028	SNORD58B	2.4759821943789184
ILMN_3239331	SNORD58C	1.0389134387424497
ILMN_3239851	SNORD59A	2.028993963769057
ILMN_3242164	SNORD59B	4.269145197507263
ILMN_3234756	SNORD6	7.233665411924666
ILMN_3238481	SNORD60	0.0
ILMN_3237439	SNORD61	0.1135605235617686
ILMN_3248270	SNORD62B	2.693575784100617
ILMN_3248394	SNORD63	3.024588002860862
ILMN_1735689	SNORD64	2.3197398420411446
ILMN_3246353	SNORD65	5.327909880568551
ILMN_3247671	SNORD66	1.4395963461451255
ILMN_3248712	SNORD67	5.5004379379467165
ILMN_2082762	SNORD68	8.802058197453741
ILMN_3309694	SNORD69	6.928081735489819
ILMN_3236404	SNORD7	3.525052428024017
ILMN_3237685	SNORD70	0.23718805069245197
ILMN_3239272	SNORD71	3.3377269706145345
ILMN_3243450	SNORD72	2.0452904238066796
ILMN_1667288	SNORD73A	5.144256984366544
ILMN_3246754	SNORD74	0.5707078178240815
ILMN_3247148	SNORD76	2.0361720498555047
ILMN_3248294	SNORD77	0.1425532272507328
ILMN_3249211	SNORD78	0.2802197335406158
ILMN_3241793	SNORD79	0.4003605603211506
ILMN_3248874	SNORD8	4.857625907151944
ILMN_3243244	SNORD80	6.540318569472114
ILMN_1653927	SNORD83A	0.6043500495243548
ILMN_3244157	SNORD83B	8.06961154368955
ILMN_3245672	SNORD84	3.310553438220754
ILMN_3243248	SNORD87	2.5611698088112624
ILMN_3236097	SNORD88B	3.1586080305616675
ILMN_3237615	SNORD88C	1.599950491806987
ILMN_3238662	SNORD89	7.847253210339125
ILMN_3244449	SNORD9	2.336992116436759
ILMN_3240108	SNORD90	1.944354014575658
ILMN_3241369	SNORD91A	1.908303812856806
ILMN_3242443	SNORD91B	1.6106990542495918
ILMN_3245759	SNORD92	1.3167446004620948
ILMN_3246529	SNORD93	0.2573022890683793
ILMN_3245274	SNORD94	5.543548781644701
ILMN_3243452	SNORD95	6.320128579453088
ILMN_3244640	SNORD96A	5.746838005796669
ILMN_3247008	SNORD96B	0.3637272660575734
ILMN_3242144	SNORD97	2.013578200554798
ILMN_3247625	SNORD98	0.0
ILMN_3248703	SNORD99	5.660400492284186
ILMN_1757532	SNPH	6.6485278242230414
ILMN_2107184	SNRK	9.116937194723105
ILMN_3235185	SNRNP200	9.273238835969941
ILMN_1801118	SNRNP25	9.84867186403979
ILMN_3239621	SNRNP27	10.751879741254898
ILMN_1772845	SNRNP35	6.484360768552018
ILMN_3247064	SNRNP40	9.550787273741308
ILMN_1754304	SNRNP48	7.016359936105651
ILMN_1732053	SNRNP70	12.017032597354948
ILMN_1779399	SNRPA	9.811003771065488
ILMN_1715179	SNRPA1	11.87040947636094
ILMN_1799103	SNRPB	11.839376224418524
ILMN_1690706	SNRPB2	11.93154332431922
ILMN_2086064	SNRPC	10.915387944927943
ILMN_1768393	SNRPD1	7.775774489896828
ILMN_2369785	SNRPD2	15.192714937566985
ILMN_1794599	SNRPD3	7.204949968556442
ILMN_2046199	SNRPE	4.1051932529265995
ILMN_2067370	SNRPF	13.017974800441626
ILMN_1683562	SNRPG	13.416095219784074
ILMN_2372082	SNRPN	13.111781314374864
ILMN_1753241	SNTA1	7.612470243858496
ILMN_1793410	SNTB1	1.399598761304113
ILMN_1808374	SNTB2	7.383933505085139
ILMN_1727975	SNTG1	0.0
ILMN_2041780	SNTG2	0.0
ILMN_2404320	SNTN	0.49788435838521705
ILMN_1763460	SNU13	12.828462147511123
ILMN_2364535	SNUPN	7.630513204733368
ILMN_1660000	SNURF	12.356720274896396
ILMN_1688413	SNW1	8.888385647182448
ILMN_2365484	SNX1	6.697296667977985
ILMN_2170949	SNX10	8.571517234963197
ILMN_1683950	SNX11	9.495221684715718
ILMN_1759003	SNX12	8.324247315879125
ILMN_1797082	SNX13	6.869592244622826
ILMN_2361570	SNX14	9.29003924853464
ILMN_2378670	SNX15	5.717639271557847
ILMN_1787415	SNX16	7.4195890510137845
ILMN_1732810	SNX17	10.143179632085678
ILMN_3234093	SNX18	2.3850982722940963
ILMN_1788211	SNX19	7.330976200661361
ILMN_1691575	SNX2	9.89804274049172
ILMN_1687439	SNX20	2.57053862688616
ILMN_1768282	SNX21	5.855992583330766
ILMN_2080760	SNX22	8.32797013702436
ILMN_2085236	SNX24	7.187431730358747
ILMN_1714401	SNX27	10.185914547825597
ILMN_1775357	SNX29	5.305945172467472
ILMN_1709164	SNX29P2	6.9505283751837075
ILMN_1740180	SNX3	12.853573999533559
ILMN_1738491	SNX30	8.827009993587252
ILMN_1766770	SNX31	6.227541623715354
ILMN_1683737	SNX32	4.380923046363996
ILMN_1736093	SNX33	7.253425188976852
ILMN_1738736	SNX4	9.530248011209908
ILMN_1673676	SNX5	9.052971691851894
ILMN_1807873	SNX6	9.728118609573748
ILMN_1685077	SNX7	6.949750227604993
ILMN_1857017	SNX8	8.289432986456696
ILMN_1726366	SNX9	1.6426362771608938
ILMN_1699100	SOAT1	4.830933348211094
ILMN_2058270	SOAT2	3.1872739019597076
ILMN_1666502	SOBP	9.965789605129652
ILMN_1774733	SOCS1	6.6964597026486805
ILMN_2131861	SOCS2	10.233055998053604
ILMN_1781001	SOCS3	4.791494982419745
ILMN_2413259	SOCS4	8.09811339140454
ILMN_1785286	SOCS5	7.557907021642265
ILMN_1657077	SOCS6	1.2869529056631586
ILMN_1753683	SOCS7	4.871381670989851
ILMN_1662438	SOD1	13.183223306102471
ILMN_2336781	SOD2	9.087160381361427
ILMN_1690034	SOD3	0.5317380097809613
ILMN_1693004	SOGA1	7.2018788729261205
ILMN_2083925	SOGA3	3.9890742669547934
ILMN_1656383	SOHLH1	0.3785162840532843
ILMN_1798615	SOHLH2	5.374288661362027
ILMN_2247664	SON	10.683951112854977
ILMN_1749792	SORBS1	7.230000537657596
ILMN_1716407	SORBS2	7.794309786111593
ILMN_1789338	SORBS3	9.277647951462107
ILMN_1680251	SORCS1	9.14418195646387
ILMN_1729225	SORCS2	6.427731922633026
ILMN_1698516	SORCS3	3.911497974521821
ILMN_2285375	SORD	5.754106293010448
ILMN_1759818	SORL1	6.907100271669171
ILMN_1707077	SORT1	8.887098537119636
ILMN_1767135	SOS1	4.6785915923226105
ILMN_1764414	SOS2	4.495478008717453
ILMN_1781242	SOST	3.0819947465748445
ILMN_1715463	SOSTDC1	7.037052202463847
ILMN_1779882	SOWAHA	6.1244854810781
ILMN_2072045	SOWAHB	0.7720535908286584
ILMN_1724040	SOWAHC	9.514103943077776
ILMN_1692849	SOWAHD	1.4244274172037847
ILMN_1716070	SOX1	0.020879463373378107
ILMN_1653750	SOX10	3.0761700425506553
ILMN_1773459	SOX11	11.316863962314601
ILMN_1736974	SOX12	9.536149064164338
ILMN_1683755	SOX13	8.312690250805241
ILMN_1675364	SOX14	1.9360088279815117
ILMN_1784217	SOX15	7.616477489887053
ILMN_1671092	SOX17	0.16899859292719543
ILMN_1812968	SOX18	2.1711041337086106
ILMN_2177156	SOX2	11.701872097749524
ILMN_3242257	SOX2-OT	2.8808516472049317
ILMN_1783185	SOX21	10.006118980884693
ILMN_1653055	SOX3	10.388048310477359
ILMN_1702430	SOX30	5.733004154126042
ILMN_1815745	SOX4	11.24856826022333
ILMN_1718912	SOX5	3.737644399633266
ILMN_2287958	SOX6	0.9380410513027809
ILMN_1815032	SOX7	4.891134883667343
ILMN_1789244	SOX8	11.20743636138159
ILMN_1805466	SOX9	8.193128893109856
ILMN_1676010	SP1	8.085668180266389
ILMN_2390586	SP100	3.4004808253765493
ILMN_1672661	SP110	4.240700377361062
ILMN_1778599	SP140	3.631852074866977
ILMN_1658858	SP140L	3.1973225366170523
ILMN_1666482	SP2	6.1422242231803965
ILMN_1756942	SP3	8.979045202033094
ILMN_2145997	SP4	8.275319012960589
ILMN_1775956	SP5	1.3469356316186152
ILMN_1769721	SP6	4.106303473400255
ILMN_1689461	SP7	3.1523417226486785
ILMN_2306630	SP8	7.129943079647492
ILMN_1678423	SPA17	9.889141948659436
ILMN_1807123	SPACA1	3.670463625159947
ILMN_1775408	SPACA3	3.1952643647164174
ILMN_1806749	SPACA4	0.7423060982293257
ILMN_3251668	SPACA5	0.9390595226581812
ILMN_1739343	SPACA5B	0.9177514137814621
ILMN_3247848	SPACA6	8.882802511017202
ILMN_1680178	SPACA7	0.32112326327667473
ILMN_1813837	SPACA9	8.538644864885764
ILMN_1712773	SPAG1	4.134096492133717
ILMN_1710889	SPAG11A	3.966490091411387
ILMN_1662629	SPAG11B	1.6447315984255224
ILMN_1768732	SPAG16	8.469868763291132
ILMN_1693114	SPAG17	0.5886169882316671
ILMN_1684620	SPAG4	7.3408243486544125
ILMN_2141259	SPAG5	5.921159903945397
ILMN_2313378	SPAG6	3.066349134675709
ILMN_1684446	SPAG7	10.140657997174918
ILMN_1754370	SPAG8	2.7504893327306554
ILMN_2263718	SPAG9	9.594619547174718
ILMN_1661251	SPAM1	3.128899642292293
ILMN_2233319	SPANXA1	2.5476488284923016
ILMN_1653415	SPANXA2	4.105785388563924
ILMN_2211030	SPANXB1	5.951646219201719
ILMN_2198300	SPANXC	1.668037693981927
ILMN_1713125	SPANXD	4.05560435724241
ILMN_1654459	SPANXN1	0.09085759532914235
ILMN_1720259	SPANXN2	0.0
ILMN_1691953	SPANXN3	0.006073939348730832
ILMN_1808463	SPANXN4	0.0
ILMN_1679348	SPANXN5	0.20021127333968455
ILMN_1796734	SPARC	11.050665977183499
ILMN_2218208	SPARCL1	8.415209170990016
ILMN_1796738	SPAST	8.132440288612228
ILMN_1800838	SPATA12	1.3280918400568398
ILMN_1742824	SPATA13	2.011860123274063
ILMN_1753131	SPATA16	0.8278465145390811
ILMN_1686096	SPATA17	3.4973978237631758
ILMN_1667948	SPATA18	3.3234615115076713
ILMN_1702097	SPATA19	2.585479239230287
ILMN_1681135	SPATA2	6.603428307320413
ILMN_1687247	SPATA20	8.884229104456184
ILMN_1705337	SPATA21	0.0
ILMN_2171934	SPATA22	1.0100848145378862
ILMN_1769478	SPATA24	7.294235522277028
ILMN_1785476	SPATA25	3.370401320198102
ILMN_1691111	SPATA2L	8.46817198075856
ILMN_1709379	SPATA31A1	2.413236850628519
ILMN_1788638	SPATA31A3	0.947807686361999
ILMN_3246786	SPATA31A5	2.289064322556067
ILMN_3194147	SPATA31A6	5.268451962298009
ILMN_1793830	SPATA31A7	1.534747974522164
ILMN_3273268	SPATA31C1	7.688595791522911
ILMN_1908043	SPATA31C2	0.0
ILMN_1698769	SPATA31D1	1.4690405657402223
ILMN_3242663	SPATA31D3	1.017086989007322
ILMN_3186578	SPATA31D4	0.9420773717079719
ILMN_1765791	SPATA31E1	3.2831194771785674
ILMN_1670707	SPATA32	4.308020167210545
ILMN_1759261	SPATA33	1.798236176271453
ILMN_2195892	SPATA4	6.482492559319695
ILMN_3307113	SPATA41	1.5423603241087502
ILMN_1723568	SPATA45	0.5937053687811932
ILMN_1738979	SPATA5	3.2010215876384973
ILMN_1729179	SPATA5L1	7.142647328557639
ILMN_1775926	SPATA6	4.537755253974043
ILMN_2138754	SPATA6L	4.012645069783675
ILMN_1652409	SPATA7	10.897025569951206
ILMN_2168421	SPATA8	1.333852622982983
ILMN_1685272	SPATA9	4.331223642693989
ILMN_1722906	SPATC1	2.652106970175031
ILMN_1716838	SPATC1L	7.951211485101443
ILMN_1711681	SPATS1	1.8017186691569418
ILMN_2203463	SPATS2	8.252603718291091
ILMN_1683678	SPATS2L	8.477846931004875
ILMN_2181432	SPC24	9.209389798834655
ILMN_1814281	SPC25	4.590669204595576
ILMN_1665280	SPCS1	12.387346163326953
ILMN_1809488	SPCS2	11.78731680954695
ILMN_3307700	SPCS3	8.605892819709167
ILMN_2161330	SPDEF	2.466452041532882
ILMN_1695357	SPDL1	6.265642467382205
ILMN_2366587	SPDYA	5.334251439940307
ILMN_1777476	SPDYC	3.0990951999624756
ILMN_1718311	SPDYE1	4.069283205784499
ILMN_2144654	SPDYE2	0.7407389770174952
ILMN_3283592	SPDYE2B	7.220003757494417
ILMN_2411384	SPDYE3	4.14417090468403
ILMN_1733466	SPDYE4	0.5115682669411755
ILMN_1712031	SPDYE6	5.698527775322989
ILMN_1656233	SPDYE8P	14.622517638490812
ILMN_3255061	SPECC1	7.770573260031089
ILMN_1779185	SPECC1L	10.297011631342054
ILMN_1738418	SPEF1	4.926076159989323
ILMN_1806003	SPEF2	4.2592847568071255
ILMN_1740052	SPEG	6.527546341129341
ILMN_2056932	SPEM1	4.116885836861955
ILMN_1802611	SPEN	9.164209957643967
ILMN_2161222	SPERT	2.806961608234269
ILMN_1668426	SPESP1	2.9331279936063144
ILMN_1665049	SPG11	7.618075494231834
ILMN_1801236	SPG20	5.540857752473943
ILMN_1657423	SPG21	10.148310809047642
ILMN_1754529	SPG7	9.747114552570917
ILMN_1718832	SPHAR	8.263213877304242
ILMN_2357134	SPHK1	1.5303544561743057
ILMN_1729281	SPHK2	9.047429639606383
ILMN_1763412	SPHKAP	2.957681032933595
ILMN_1696463	SPI1	3.100206195715325
ILMN_2143314	SPIB	1.6155620557902761
ILMN_1755124	SPIC	5.7162899235449025
ILMN_1742380	SPICE1	1.9548477666076296
ILMN_1887174	SPIDR	8.227061122718906
ILMN_1702407	SPIN1	5.7454183495480535
ILMN_1736713	SPIN2A	5.213542335892794
ILMN_2317555	SPIN2B	7.5079452799770445
ILMN_1801045	SPIN3	8.163377541030913
ILMN_1684563	SPIN4	9.02419901905799
ILMN_1787266	SPINK1	1.170249821730325
ILMN_1697543	SPINK13	1.0771695409853301
ILMN_1667544	SPINK14	1.0371901310018585
ILMN_1763516	SPINK2	3.638966794436756
ILMN_1681263	SPINK4	0.07627515263141911
ILMN_1690017	SPINK5	4.099456995234888
ILMN_1811479	SPINK6	0.5807111542767694
ILMN_1720984	SPINK7	0.012489470705911053
ILMN_1728898	SPINK8	0.0
ILMN_2045351	SPINK9	3.49406094044712
ILMN_1724946	SPINT1	4.577844412089344
ILMN_1800739	SPINT2	11.760065346137274
ILMN_3236045	SPINT3	6.0939419425239505
ILMN_1723279	SPINT4	0.9140364704784439
ILMN_1757845	SPIRE1	10.510718924229801
ILMN_1703284	SPIRE2	7.4570471870622805
ILMN_1801040	SPN	7.889606047696588
ILMN_1681016	SPNS1	9.95502676615133
ILMN_3301749	SPNS2	7.606691566443673
ILMN_1668984	SPNS3	0.6374331651509574
ILMN_2392747	SPO11	5.55510482609679
ILMN_1784948	SPOCD1	1.4953533966287627
ILMN_1746013	SPOCK1	10.875999862708243
ILMN_1656287	SPOCK2	12.075367065607308
ILMN_2342559	SPOCK3	2.130281812718244
ILMN_1791890	SPON1	9.200267207447258
ILMN_1676099	SPON2	0.3861383508204768
ILMN_2397024	SPOP	11.057888733079608
ILMN_1807649	SPOPL	6.376814000726721
ILMN_1803317	SPOUT1	7.150902187134516
ILMN_1651354	SPP1	4.997527992932066
ILMN_1659072	SPP2	0.6899285785355148
ILMN_1734229	SPPL2A	6.457396749396152
ILMN_1672461	SPPL2B	5.464450644390561
ILMN_1744094	SPPL2C	5.470811916094221
ILMN_1657405	SPPL3	6.7800995697437605
ILMN_1705849	SPR	2.525392593483753
ILMN_1804277	SPRED1	9.082476071519414
ILMN_1791232	SPRED2	6.106660542256516
ILMN_1651609	SPRED3	1.9003030552402314
ILMN_2132898	SPRN	6.946736073372506
ILMN_1716591	SPRR1A	8.01082296463009
ILMN_1711174	SPRR1B	5.064253514138558
ILMN_1795359	SPRR2A	2.732139239911758
ILMN_1806059	SPRR2B	1.952150876953026
ILMN_2197577	SPRR2C	0.078365561471208
ILMN_1746322	SPRR2D	3.331212915371617
ILMN_1701239	SPRR2E	0.633851408034392
ILMN_1674367	SPRR2F	1.7407205214870523
ILMN_1702127	SPRR2G	0.7022769024417
ILMN_1810835	SPRR3	0.2543493966670297
ILMN_1777949	SPRR4	4.405407429494488
ILMN_1655485	SPRTN	6.505451023550795
ILMN_2329914	SPRY1	9.166441466626376
ILMN_2089329	SPRY2	9.816670781618607
ILMN_1791078	SPRY3	0.4358192984989763
ILMN_2086105	SPRY4	6.5928493482611055
ILMN_1788095	SPRYD3	9.245425056487043
ILMN_1729868	SPRYD4	6.585385129968589
ILMN_2223350	SPRYD7	8.463433820461406
ILMN_1714170	SPSB1	6.274461022614923
ILMN_1787541	SPSB2	7.4441165123528945
ILMN_1682864	SPSB3	11.706635653330244
ILMN_1736682	SPSB4	5.28314408445821
ILMN_1717935	SPTA1	2.6705782623326066
ILMN_2095133	SPTAN1	9.912671453200725
ILMN_1663106	SPTB	2.5105505020320122
ILMN_1661335	SPTBN1	9.60840137594023
ILMN_1667079	SPTBN2	5.887810523080976
ILMN_2406439	SPTBN4	5.648093861346407
ILMN_1807609	SPTBN5	0.0
ILMN_2249473	SPTLC1	12.036075938069876
ILMN_1704290	SPTLC2	5.689027344913736
ILMN_2233454	SPTLC3	2.578260889495116
ILMN_1699676	SPTSSA	9.42619107408149
ILMN_1658649	SPTSSB	1.9069357031302216
ILMN_1728699	SPTY2D1	7.162961393042458
ILMN_1763311	SPX	4.937055615167075
ILMN_1761016	SPZ1	0.2980731525783877
ILMN_2041293	SQLE	12.455906656470075
ILMN_1667199	SQRDL	2.582907918850334
ILMN_1662618	SQSTM1	11.67632164609188
ILMN_2062754	SRA1	8.833255543449422
ILMN_1798827	SRBD1	7.798872412279116
ILMN_1729987	SRC	8.989631665633434
ILMN_1750641	SRCAP	2.134520116465659
ILMN_1821388	SRCIN1	5.596638824915959
ILMN_1793241	SRD5A1	8.784788806725334
ILMN_1788895	SRD5A2	3.134197399538832
ILMN_1678435	SRD5A3	0.9892354623784184
ILMN_1663035	SREBF1	7.379739783970554
ILMN_2217661	SREBF2	5.691371373687008
ILMN_2373266	SREK1	7.196241129301041
ILMN_1728001	SREK1IP1	4.439494668105058
ILMN_1803398	SRF	10.334862358579672
ILMN_1721024	SRFBP1	6.665619880260565
ILMN_1677432	SRGAP1	5.565829539114529
ILMN_1759549	SRGAP2	5.834631727649416
ILMN_2400644	SRGAP3	8.13689567553922
ILMN_2169152	SRGN	4.287650412826142
ILMN_2400219	SRI	9.045455094937969
ILMN_1736692	SRL	8.532069263026221
ILMN_1661337	SRM	9.154305481633013
ILMN_1744200	SRMS	1.662532532562451
ILMN_2234758	SRP14	13.77172558004735
ILMN_2192032	SRP19	9.639830731264473
ILMN_2312275	SRP54	11.081262887662419
ILMN_1703524	SRP68	9.707065426653402
ILMN_1683888	SRP72	9.730113039066788
ILMN_2099594	SRP9	13.400709459813326
ILMN_1798804	SRPK1	9.629629755639874
ILMN_1657451	SRPK2	8.510738043689479
ILMN_1697338	SRPK3	1.3038741279540067
ILMN_1785660	SRPRA	9.000798943389306
ILMN_1751072	SRPRB	10.897385743230556
ILMN_1709486	SRPX	7.7910783408804605
ILMN_1676213	SRPX2	4.282987444060422
ILMN_1753515	SRR	6.484874118780437
ILMN_1666306	SRRD	7.118892784413792
ILMN_1697670	SRRM1	11.11731438401757
ILMN_1734602	SRRM2	10.498200944463314
ILMN_1894057	SRRM2-AS1	5.0704941288206244
ILMN_1811820	SRRM4	7.755280209133307
ILMN_3309016	SRRM5	4.129055375905709
ILMN_2358202	SRRT	10.659650158066665
ILMN_1795341	SRSF1	10.785180814237876
ILMN_2354649	SRSF10	6.930699048749326
ILMN_1657790	SRSF11	7.502226915684436
ILMN_1775345	SRSF12	9.23418093956386
ILMN_1696407	SRSF2	11.015752106138763
ILMN_1723212	SRSF3	8.277865374414846
ILMN_2175075	SRSF4	11.824625648585545
ILMN_1761996	SRSF5	11.335421116747517
ILMN_1697469	SRSF6	12.504099454448157
ILMN_1778836	SRSF7	9.254050967749494
ILMN_1772702	SRSF8	10.500108738700954
ILMN_1760683	SRSF9	12.273909166037962
ILMN_1804822	SRXN1	8.347841846007679
ILMN_1748182	SRY	1.449803127096698
ILMN_1805646	SS18	8.673769999068174
ILMN_1676625	SS18L1	9.983296611771118
ILMN_1796407	SS18L2	12.615092566657957
ILMN_1672006	SSB	10.930139421247759
ILMN_1809478	SSBP1	10.269234090603108
ILMN_1711608	SSBP2	10.893637605231284
ILMN_2361163	SSBP3	7.705931161196797
ILMN_2327346	SSBP4	9.069854227963756
ILMN_1800002	SSC4D	0.6305117551918512
ILMN_3290428	SSC5D	4.700908836201887
ILMN_1742260	SSFA2	7.430587306452957
ILMN_1727671	SSH1	0.809696177440088
ILMN_1672834	SSH2	7.501192535607518
ILMN_1755234	SSH3	3.645304445696303
ILMN_1809612	SSMEM1	0.27367168820498106
ILMN_1715705	SSNA1	8.961554822749491
ILMN_1775486	SSPN	6.382753816416975
ILMN_3237755	SSPO	6.321598981996409
ILMN_1750693	SSR1	9.532127571520547
ILMN_1783226	SSR2	12.342880666130569
ILMN_1806906	SSR3	6.5847220552194345
ILMN_1680403	SSR4	13.616372493460938
ILMN_2233099	SSRP1	8.21601877669215
ILMN_1728714	SSSCA1	7.494784900605553
ILMN_1812824	SST	13.028919915917777
ILMN_1673998	SSTR1	4.377612398444421
ILMN_2152257	SSTR2	9.798117962156702
ILMN_1774749	SSTR3	3.8887160860607985
ILMN_1684200	SSTR4	0.606326466168821
ILMN_1690563	SSTR5	0.0
ILMN_1664956	SSU72	12.2105512752292
ILMN_1666731	SSUH2	7.114535104183495
ILMN_1690680	SSX1	3.051655545630288
ILMN_2404327	SSX2	3.2340252898244746
ILMN_1720844	SSX2IP	6.402726838351559
ILMN_1690971	SSX3	4.774338756969136
ILMN_1717025	SSX4	5.129538167280265
ILMN_2402303	SSX4B	4.085733658514603
ILMN_1714818	SSX5	0.8300006502134414
ILMN_1726257	SSX7	0.1309572117714908
ILMN_1765204	ST13	11.961023947953594
ILMN_1726308	ST13P4	11.096319940818482
ILMN_1699887	ST14	1.7219665617501796
ILMN_1713422	ST18	3.3245068035493883
ILMN_3301818	ST20	2.0388651884206532
ILMN_1683313	ST3GAL1	8.603933038877402
ILMN_1714165	ST3GAL2	5.926832433222622
ILMN_1699472	ST3GAL3	9.406749425494718
ILMN_2204545	ST3GAL4	6.856147038298574
ILMN_1713496	ST3GAL5	9.164649507787603
ILMN_1781560	ST3GAL6	6.178385570556742
ILMN_1773470	ST5	6.416242102165945
ILMN_1756501	ST6GAL1	9.159444821570933
ILMN_1797102	ST6GAL2	0.19695887799730347
ILMN_1772951	ST6GALNAC1	0.8370556376432678
ILMN_1658706	ST6GALNAC2	3.2319666912131684
ILMN_2127379	ST6GALNAC3	6.83578094644405
ILMN_2413064	ST6GALNAC4	8.472129595525017
ILMN_1773959	ST6GALNAC5	3.1493535918963045
ILMN_1691736	ST6GALNAC6	7.427192465169841
ILMN_1702175	ST7	9.206986539331234
ILMN_1700719	ST7-AS1	4.604207637005894
ILMN_1700981	ST7-AS2	0.655097527399426
ILMN_3246810	ST7-OT3	1.47492391365531
ILMN_1768840	ST7-OT4	2.1721047722586673
ILMN_2410113	ST7L	5.7918736170762335
ILMN_1664859	ST8SIA1	8.514081288836152
ILMN_1758461	ST8SIA2	8.652758848891938
ILMN_1855910	ST8SIA3	7.460295890981858
ILMN_2253732	ST8SIA4	6.291457341622188
ILMN_1735584	ST8SIA5	6.018730735567896
ILMN_1698508	ST8SIA6	0.7195966285473593
ILMN_1655987	STAB1	0.33682501049533276
ILMN_1677497	STAB2	0.6631705360359671
ILMN_1774127	STAC	4.188937562185364
ILMN_1718295	STAC2	5.983493582645733
ILMN_1656595	STAC3	5.337821803533012
ILMN_2151048	STAG1	7.151043675695885
ILMN_1782609	STAG2	9.209725585086888
ILMN_1787275	STAG3	5.184492371195664
ILMN_1765409	STAM	9.198187304855207
ILMN_1781135	STAM2	7.321074725180101
ILMN_1739253	STAMBP	10.299798525723391
ILMN_1682799	STAMBPL1	8.229844561873078
ILMN_3247998	STAP1	1.067394996606308
ILMN_1657631	STAP2	6.775212794848408
ILMN_1689702	STAR	2.3284832773439814
ILMN_1717052	STARD10	9.696391436279093
ILMN_2257607	STARD13	5.801718827878935
ILMN_1657095	STARD3	6.722345191913399
ILMN_2228873	STARD3NL	11.396612140709069
ILMN_1716224	STARD4	4.560104767572516
ILMN_1784364	STARD5	5.638290300474972
ILMN_1657044	STARD6	1.0029203033366585
ILMN_1740819	STARD7	10.552283084989378
ILMN_1799600	STARD8	4.83949741253815
ILMN_1777325	STAT1	9.614465801090804
ILMN_1690921	STAT2	9.593972664223557
ILMN_2401978	STAT3	9.276671296163226
ILMN_1785202	STAT4	7.0137854354803
ILMN_1753547	STAT5A	7.2640655768726115
ILMN_1684034	STAT5B	7.365898075883014
ILMN_1763198	STAT6	6.343646005251517
ILMN_2322356	STATH	1.6936155716507049
ILMN_2327276	STAU1	12.046389457851772
ILMN_1769720	STAU2	9.219098000694528
ILMN_1673950	STBD1	5.991511603089585
ILMN_1758164	STC1	8.035421861453516
ILMN_1691884	STC2	7.362077763636925
ILMN_1733094	STEAP1	3.932637490863273
ILMN_1809101	STEAP2	5.095567707629453
ILMN_2383349	STEAP3	3.022403706356497
ILMN_1772036	STEAP4	0.0
ILMN_1665311	STH	1.1177710863186554
ILMN_2413650	STIL	6.838392538121863
ILMN_2064694	STIM1	6.8496159788124125
ILMN_1738449	STIM2	7.029453662026771
ILMN_1789510	STIP1	11.13236242355893
ILMN_1651692	STK10	4.978386638412012
ILMN_1751871	STK11	4.088752741631346
ILMN_1690085	STK11IP	6.926315167629537
ILMN_1742520	STK16	5.33095890678673
ILMN_1776428	STK17A	1.785800241542206
ILMN_1798543	STK17B	6.978592570930977
ILMN_2402363	STK19	11.623804969215541
ILMN_1655163	STK24	12.307813840488725
ILMN_1668090	STK25	10.415394620091778
ILMN_1676159	STK26	10.764775315442618
ILMN_1666453	STK3	7.230412997612924
ILMN_2284496	STK31	3.3743583423442103
ILMN_1756612	STK32A	6.639557845473217
ILMN_2216637	STK32B	8.175809647090485
ILMN_1672302	STK32C	6.453128150982233
ILMN_1778213	STK33	6.451393457817709
ILMN_1727809	STK35	7.101050085078174
ILMN_1693538	STK36	8.36991398680083
ILMN_2152581	STK38	8.155630599892609
ILMN_1755792	STK38L	6.063412148455424
ILMN_1791328	STK39	11.874592799230884
ILMN_1711383	STK4	9.587852271020436
ILMN_2075927	STK40	10.650112714046001
ILMN_1745713	STKLD1	3.6871896960861714
ILMN_1657796	STMN1	10.493833469380194
ILMN_1795679	STMN2	15.259745499463163
ILMN_3244117	STMN3	14.16182643348621
ILMN_1731397	STMN4	13.519063027294434
ILMN_1696243	STMND1	3.1580288540027577
ILMN_1766657	STOM	7.4452995210080966
ILMN_1801130	STOML1	7.906628958069131
ILMN_1663002	STOML2	11.802927863672188
ILMN_1761866	STOML3	2.0851758025528766
ILMN_1668592	STON1	6.489311497396862
ILMN_1656409	STON1-GTF2A1L	1.9331895776969565
ILMN_1670705	STON2	0.43115234262074553
ILMN_1664014	STOX1	4.7348184609739326
ILMN_1803256	STOX2	10.561539991122821
ILMN_2187071	STPG1	4.049428098176352
ILMN_1805995	STPG2	3.819705322712499
ILMN_1795673	STPG3	2.1286502334951773
ILMN_1769634	STRA13	11.38891306533042
ILMN_1807652	STRA6	2.631665938847417
ILMN_1721689	STRA8	0.1812813942701923
ILMN_2315694	STRADA	10.593172727103362
ILMN_1701386	STRADB	9.032787599404907
ILMN_1731194	STRAP	12.519168966587124
ILMN_1808783	STRBP	8.37502872413706
ILMN_2170930	STRC	6.4671779547508725
ILMN_1791217	STRIP1	7.379296880838333
ILMN_2161286	STRIP2	9.330342721400042
ILMN_1749882	STRN	7.877579912759956
ILMN_1772946	STRN3	9.309914876699308
ILMN_1696190	STRN4	6.896726188752925
ILMN_1778956	STS	1.6811297981599143
ILMN_1746090	STT3A	11.255750641421393
ILMN_2194448	STT3B	8.892249187467145
ILMN_2157421	STUB1	9.6345311528604
ILMN_1664592	STUM	5.415743501141255
ILMN_1753712	STX10	8.32687115141462
ILMN_1884050	STX11	0.5311113610651004
ILMN_1773901	STX12	10.316262349219139
ILMN_1741942	STX16	11.244698758043507
ILMN_1750896	STX17	4.163431974384621
ILMN_1696126	STX18	5.508672457296345
ILMN_1840273	STX18-AS1	5.134273026942975
ILMN_1775587	STX19	3.414475319648132
ILMN_1760160	STX1A	7.915811671786315
ILMN_3234081	STX1B	10.01934272966275
ILMN_1747775	STX2	9.24159264223121
ILMN_1659544	STX3	7.295942102280574
ILMN_1680313	STX4	5.6231670377566045
ILMN_1749345	STX5	11.228268166758433
ILMN_2157951	STX6	9.166667380820266
ILMN_1792518	STX7	8.696641235803373
ILMN_1752895	STX8	10.664558188821749
ILMN_2414878	STXBP1	9.62188371365501
ILMN_2159453	STXBP2	1.0579625991166184
ILMN_1764168	STXBP3	7.755084321143102
ILMN_1707391	STXBP4	3.595631405245305
ILMN_1684402	STXBP5	2.7198342127561292
ILMN_3235109	STXBP5L	3.9135436876557734
ILMN_1750912	STXBP6	6.331999424978459
ILMN_1802105	STYK1	4.734900381831299
ILMN_1697024	STYX	9.687762934408296
ILMN_2210729	STYXL1	9.479901506650675
ILMN_1736054	SUB1	10.637329487861864
ILMN_2150019	SUCLA2	9.240560700313702
ILMN_1779616	SUCLG1	11.763292185906797
ILMN_1652379	SUCLG2	9.081079537141209
ILMN_1839335	SUCLG2-AS1	2.342042881863913
ILMN_1681601	SUCNR1	4.352454262967034
ILMN_1791524	SUCO	2.508706161420388
ILMN_1757754	SUDS3	3.346503403745347
ILMN_1804361	SUFU	0.0
ILMN_1763011	SUGCT	6.950106537150646
ILMN_1711270	SUGP2	12.214161113020268
ILMN_2054725	SUGT1	8.756933244675903
ILMN_3248915	SUGT1P3	2.448919593081222
ILMN_1702363	SULF1	7.136422415286412
ILMN_2345142	SULF2	9.801179369175044
ILMN_2404795	SULT1A1	11.576660331350388
ILMN_2400372	SULT1A2	6.519969147489466
ILMN_3250049	SULT1A3	5.429344686363616
ILMN_1678293	SULT1A4	0.8476078733298137
ILMN_1733443	SULT1B1	1.7679498340912507
ILMN_2415329	SULT1C2	2.3989042242248058
ILMN_1653463	SULT1C3	0.4088437607269273
ILMN_1772148	SULT1C4	5.67214112386936
ILMN_1704163	SULT1E1	1.9851965218426129
ILMN_1692983	SULT2A1	0.8210731240258594
ILMN_1727589	SULT2B1	5.079694903158058
ILMN_1653386	SULT6B1	5.453502035271569
ILMN_1753472	SUMF1	5.82940849989058
ILMN_2345872	SUMF2	12.107895359089904
ILMN_2379835	SUMO1	3.5245827246564105
ILMN_1785615	SUMO1P1	0.3585860121621743
ILMN_1732080	SUMO1P3	8.89665464373084
ILMN_2333594	SUMO2	13.774659966143753
ILMN_1725642	SUMO3	12.81755709892407
ILMN_1665203	SUMO4	2.764506623905335
ILMN_1772316	SUN1	8.763849823582314
ILMN_2099301	SUN2	12.384228066131143
ILMN_1657847	SUN3	2.286560101018871
ILMN_1734645	SUN5	3.14100761993142
ILMN_1803745	SUOX	8.790586013860954
ILMN_1781516	SUPT16H	10.804239592001577
ILMN_1669555	SUPT20H	8.49248939706561
ILMN_3309589	SUPT20HL1	2.009366190756353
ILMN_3242997	SUPT20HL2	2.6532607046251635
ILMN_1813277	SUPT3H	9.23991531151768
ILMN_1766245	SUPT4H1	10.077276911465386
ILMN_1703866	SUPT5H	8.75509745264144
ILMN_1758717	SUPT6H	6.437250790091139
ILMN_2072875	SUPT7L	2.1789079160097606
ILMN_1750008	SUPV3L1	8.017052284622158
ILMN_1663407	SURF1	9.614355833456395
ILMN_1781628	SURF2	6.744398079967367
ILMN_1690761	SURF4	10.410775287348724
ILMN_1778032	SURF6	9.048177679462484
ILMN_1709750	SUSD1	6.395223250837181
ILMN_1693270	SUSD2	6.165399682503298
ILMN_1785570	SUSD3	2.986679258653813
ILMN_2360307	SUSD4	8.048527667307136
ILMN_1771878	SUSD5	4.624990404066353
ILMN_2226917	SUSD6	6.712281359380452
ILMN_1781479	SUV39H1	7.944074986697093
ILMN_1789351	SUV39H2	5.695865494750373
ILMN_1797813	SUZ12	10.77727015221481
ILMN_1702009	SV2A	7.722434178509052
ILMN_1806306	SV2B	6.9781342790922425
ILMN_1724352	SV2C	2.9563105533138194
ILMN_2050023	SVBP	12.523091729496139
ILMN_2112638	SVEP1	6.541785012533104
ILMN_1671404	SVIL	8.147055881150804
ILMN_3243204	SVIP	4.45769974859317
ILMN_1764780	SVOP	9.197391204068436
ILMN_1754555	SVOPL	2.018051858596191
ILMN_1785175	SWAP70	8.551048406189485
ILMN_1811555	SWI5	10.205671798872093
ILMN_1707943	SWSAP1	4.326417037576571
ILMN_1692834	SWT1	7.084276225910831
ILMN_2089175	SYAP1	10.098966970859365
ILMN_1738989	SYBU	9.595893384862702
ILMN_1732189	SYCE1	0.5476936132979632
ILMN_3187623	SYCE1L	8.169641341640608
ILMN_3249682	SYCE2	3.859800766241285
ILMN_1738962	SYCN	4.121182431922035
ILMN_2218248	SYCP1	2.567956179381327
ILMN_2095704	SYCP2	1.9761149265115632
ILMN_1779743	SYCP2L	3.967868708780957
ILMN_2123521	SYCP3	4.467820648060755
ILMN_1755822	SYDE1	4.2376826843235085
ILMN_1691403	SYDE2	4.736763884210491
ILMN_2394498	SYF2	11.591087472512276
ILMN_2059549	SYK	0.4308906162698866
ILMN_1802089	SYMPK	7.578171394278262
ILMN_2407703	SYN1	9.403238146850688
ILMN_1757081	SYN2	6.83719507969372
ILMN_2282019	SYN3	4.229385247748799
ILMN_1771261	SYNC	4.264566094484109
ILMN_1727740	SYNCRIP	10.106324943062965
ILMN_2206474	SYNDIG1	4.43880753999684
ILMN_3238323	SYNDIG1L	3.563555720785013
ILMN_1785427	SYNE1	4.843598803922011
ILMN_2391419	SYNE2	5.406522068399538
ILMN_1718925	SYNE3	3.408231335562867
ILMN_1801697	SYNE4	1.7457542630760434
ILMN_1704015	SYNGAP1	0.0
ILMN_1727805	SYNGR1	10.068497406649659
ILMN_1789011	SYNGR2	0.0
ILMN_1786379	SYNGR3	7.601069176875498
ILMN_1726924	SYNGR4	0.0
ILMN_1701991	SYNJ1	8.026448065114394
ILMN_2215119	SYNJ2	2.832193595397912
ILMN_1697793	SYNJ2BP	8.858751157725163
ILMN_1712075	SYNM	6.768593101576045
ILMN_1711491	SYNPO	0.0
ILMN_1688220	SYNPO2	4.28274405313918
ILMN_1690253	SYNPO2L	0.663195951827125
ILMN_1733860	SYNPR	6.040685086567617
ILMN_1805247	SYNRG	2.7582399679696477
ILMN_1701483	SYP	9.701268502992834
ILMN_1764087	SYPL1	10.026793696433131
ILMN_1679279	SYPL2	0.21504882881655107
ILMN_1756590	SYS1	8.152017723569857
ILMN_1742881	SYT1	10.1255505545612
ILMN_1731958	SYT10	0.7639948595043439
ILMN_1717934	SYT11	14.289173116358787
ILMN_1815610	SYT12	4.956091137491052
ILMN_1658499	SYT13	11.701116085584987
ILMN_2181670	SYT14	4.364389151740254
ILMN_1747160	SYT15	7.339007135551344
ILMN_1670725	SYT16	1.2091073979142148
ILMN_1657760	SYT17	7.266390530498096
ILMN_3183806	SYT2	3.5961679557304738
ILMN_1724774	SYT3	5.9112187722555065
ILMN_1768705	SYT4	13.725439622755147
ILMN_1755571	SYT5	2.397832225940771
ILMN_1696167	SYT6	4.758848985763864
ILMN_2380938	SYT7	10.494996692624975
ILMN_1679836	SYT8	1.8467129969708098
ILMN_1728496	SYT9	5.272164353975922
ILMN_1750785	SYTL1	6.484759550352066
ILMN_2336609	SYTL2	8.524376468492518
ILMN_1720623	SYTL3	3.1048680055874764
ILMN_1719599	SYTL4	3.725156094773476
ILMN_1680726	SYTL5	4.164934068107251
ILMN_1803143	SYVN1	9.47514861096689
ILMN_1707503	SZRD1	10.974316096152736
ILMN_1701315	SZT2	2.66472952045024
ILMN_1794551	T	0.702060432919574
ILMN_2197164	TAAR1	4.149583880912994
ILMN_2412141	TAAR2	1.2320689546993537
ILMN_3309584	TAAR3	2.582187848197222
ILMN_1754510	TAAR5	1.9579844286907617
ILMN_1694077	TAAR6	2.3975311199605165
ILMN_1772523	TAAR8	3.593286004225691
ILMN_1762024	TAAR9	2.662437001128254
ILMN_1709114	TAB1	7.289184775869477
ILMN_1672331	TAB2	4.872637063863255
ILMN_1748272	TAB3	3.801838466005227
ILMN_2384409	TAC1	9.161160899348332
ILMN_2406184	TAC3	5.413498910417057
ILMN_2304878	TAC4	2.2446301219122295
ILMN_1770084	TACC1	9.2206483144087
ILMN_2315780	TACC2	8.902442727191863
ILMN_1724407	TACC3	7.494327707381867
ILMN_1685112	TACO1	9.076963640285447
ILMN_1817438	TACR1	4.156957291352622
ILMN_1753006	TACR2	4.048319904314035
ILMN_1658369	TACR3	6.102457504222617
ILMN_1739001	TACSTD2	1.710677162692388
ILMN_2194649	TADA1	10.14853204261331
ILMN_1680682	TADA2A	4.499351550573748
ILMN_3239378	TADA2B	6.587834250776132
ILMN_1674866	TADA3	8.830486148937196
ILMN_2346358	TAF1	5.140326705401077
ILMN_1721093	TAF10	11.621124543346205
ILMN_1690545	TAF11	3.9533369438220003
ILMN_1653367	TAF12	9.250082604691421
ILMN_2061327	TAF13	4.8342516506067925
ILMN_1678707	TAF15	11.224097848907752
ILMN_1805158	TAF1A	6.401149805754297
ILMN_1667977	TAF1B	6.477083283683438
ILMN_1671839	TAF1C	9.773672256606183
ILMN_3235027	TAF1D	7.3279254932939155
ILMN_1799939	TAF1L	7.695232896797144
ILMN_1694888	TAF2	7.614136797545696
ILMN_1742524	TAF3	4.4673122646755274
ILMN_1737535	TAF4	7.6184093502140655
ILMN_1771949	TAF4B	0.8172818769519452
ILMN_1684802	TAF5	7.21967107592868
ILMN_1797056	TAF5L	3.0648966981930417
ILMN_2378708	TAF6	6.182328635762008
ILMN_1727281	TAF6L	7.727930603487557
ILMN_1759460	TAF7	10.53899876492709
ILMN_1755638	TAF7L	0.46499045933453553
ILMN_1697175	TAF8	6.529229948718736
ILMN_1784880	TAF9B	7.275612532507393
ILMN_1676408	TAGAP	1.6800515882814346
ILMN_1778668	TAGLN	10.825820043582453
ILMN_2090105	TAGLN2	9.800723421405902
ILMN_1698179	TAGLN3	13.47468276294854
ILMN_1748450	TAL1	0.9246384975803515
ILMN_2135833	TAL2	2.8648956530399086
ILMN_1746588	TALDO1	11.352601670778563
ILMN_1793724	TAMM41	9.343828101854072
ILMN_1772278	TANC1	5.022325254186313
ILMN_3244286	TANC2	7.147373408486455
ILMN_1789405	TANGO2	4.652037190808001
ILMN_3237721	TANGO6	3.785821787874337
ILMN_1715069	TANK	8.272329228670479
ILMN_1758087	TAOK1	5.206566750758198
ILMN_1701487	TAOK2	4.513987809096416
ILMN_3307863	TAOK3	6.042179235438126
ILMN_1751079	TAP1	7.288513140899116
ILMN_1759250	TAP2	5.262477452877353
ILMN_1742450	TAPBP	8.041429726070193
ILMN_1805449	TAPBPL	4.74781868433607
ILMN_1693882	TAPT1	6.921496134891407
ILMN_1903049	TAPT1-AS1	4.414233449061272
ILMN_1803036	TARBP1	7.414834003043816
ILMN_1729767	TARBP2	9.45213553591381
ILMN_1677532	TARDBP	7.3162512136254385
ILMN_1683604	TARM1	2.856898009779797
ILMN_1723944	TARP	3.1797349705691516
ILMN_1685480	TARS	9.53448724543282
ILMN_1778187	TARS2	6.55289956522871
ILMN_1720267	TARSL2	5.551048192234831
ILMN_1655240	TAS1R2	3.3976541777592715
ILMN_2108135	TAS1R3	0.0
ILMN_1809098	TAS2R1	1.0657129870839188
ILMN_1811799	TAS2R10	3.750087658716892
ILMN_1696528	TAS2R13	0.8489108979221642
ILMN_1801349	TAS2R14	3.6101493702189895
ILMN_1706672	TAS2R16	0.7956249867823487
ILMN_1694485	TAS2R19	2.446615572514615
ILMN_1772091	TAS2R20	3.1509597909032165
ILMN_1718253	TAS2R3	1.7774279621837688
ILMN_3238772	TAS2R30	1.751255441644779
ILMN_1807759	TAS2R31	0.576185604820772
ILMN_1751637	TAS2R38	0.0
ILMN_1759475	TAS2R39	2.368473317126558
ILMN_1745038	TAS2R4	1.4167007517691665
ILMN_1760732	TAS2R40	3.1644455827112026
ILMN_1693303	TAS2R41	4.576788953154496
ILMN_1707668	TAS2R42	2.277340789348564
ILMN_1730477	TAS2R43	4.693774632212793
ILMN_1702830	TAS2R45	1.702766217876567
ILMN_1811572	TAS2R46	2.0779891864455267
ILMN_1752867	TAS2R5	0.7903831764995078
ILMN_1802731	TAS2R50	0.0
ILMN_1715923	TAS2R60	0.47015890235808583
ILMN_1739653	TAS2R7	0.0
ILMN_1807159	TAS2R8	1.8516661929277163
ILMN_1732309	TAS2R9	2.558344549345888
ILMN_1707326	TASP1	5.384698877451882
ILMN_1791678	TAT	0.9180687825848303
ILMN_2179397	TATDN1	8.943916408887446
ILMN_1734138	TATDN2	7.909764081166437
ILMN_2330371	TATDN3	10.198551477056453
ILMN_1793118	TAX1BP1	11.607732245929592
ILMN_1803392	TAX1BP3	10.110410233116824
ILMN_2358733	TAZ	7.0225035892031515
ILMN_1674373	TBATA	4.454915548582913
ILMN_1754947	TBC1D1	4.11720994036235
ILMN_1693726	TBC1D10A	7.178984051965336
ILMN_1668639	TBC1D10B	6.50416317170162
ILMN_1710434	TBC1D10C	0.0
ILMN_1743324	TBC1D12	5.657482891256328
ILMN_1662161	TBC1D13	7.382805828161778
ILMN_1779886	TBC1D14	8.919828208217405
ILMN_1803941	TBC1D15	9.243989941985621
ILMN_1758457	TBC1D16	9.03414347032338
ILMN_1756542	TBC1D17	5.261851554819789
ILMN_1692844	TBC1D19	8.050398643983462
ILMN_1769876	TBC1D2	4.630586919498156
ILMN_1742869	TBC1D20	7.138726107498996
ILMN_1778897	TBC1D21	2.289823208971079
ILMN_3251227	TBC1D22A	7.416432474747352
ILMN_2123730	TBC1D22B	6.240704787357635
ILMN_2228044	TBC1D23	6.789198490310288
ILMN_2060212	TBC1D24	5.146946091719841
ILMN_1681855	TBC1D25	5.9561702439994155
ILMN_1707741	TBC1D26	2.7865304823031978
ILMN_1737850	TBC1D28	3.1194604912335406
ILMN_1702538	TBC1D29	0.0
ILMN_2064606	TBC1D2B	7.659632292738448
ILMN_1744240	TBC1D31	6.568835557988695
ILMN_2228196	TBC1D32	9.731177614644759
ILMN_2153679	TBC1D3B	6.736732091801826
ILMN_1693802	TBC1D3C	6.274138628547623
ILMN_2068991	TBC1D3F	6.511757903206604
ILMN_3181406	TBC1D3P1-DHX40P1	2.8816523571113
ILMN_3287849	TBC1D3P5	0.3956755055461339
ILMN_1688098	TBC1D4	5.181919433136783
ILMN_1767433	TBC1D5	6.4204285814106
ILMN_1661622	TBC1D7	10.452718711753962
ILMN_1701604	TBC1D8B	3.1058597249309465
ILMN_1703891	TBC1D9	8.355271497431337
ILMN_2390227	TBC1D9B	7.843016220174391
ILMN_1726239	TBCA	14.10830447836261
ILMN_1790953	TBCB	12.165609902482702
ILMN_1743352	TBCC	8.280614826189405
ILMN_1796411	TBCCD1	6.528803157049524
ILMN_1795400	TBCD	8.578020410193204
ILMN_1725183	TBCE	10.039529424425966
ILMN_1776333	TBCEL	2.7279497995149495
ILMN_1769601	TBCK	6.3870790672021345
ILMN_1739967	TBK1	7.600850049972645
ILMN_1808846	TBKBP1	5.935146826656076
ILMN_1744795	TBL1X	8.216586056795787
ILMN_1798657	TBL1XR1	7.907108082699587
ILMN_1812328	TBL1Y	2.867326070771431
ILMN_1764489	TBL2	8.04691709008547
ILMN_2177413	TBL3	6.670553025105505
ILMN_1697117	TBP	8.005620448884166
ILMN_1708147	TBPL1	10.970002837171863
ILMN_1694928	TBPL2	1.5214347048480887
ILMN_1739366	TBR1	1.8599776161430948
ILMN_1778134	TBRG1	4.275628615862364
ILMN_1783728	TBRG4	9.081332516211447
ILMN_2248112	TBX1	4.579116962235836
ILMN_2223056	TBX10	7.889485963682257
ILMN_1721580	TBX15	4.637695925106118
ILMN_2298577	TBX18	5.001948295018351
ILMN_1783563	TBX19	5.7197007329429885
ILMN_1792256	TBX2	4.692856533612248
ILMN_2259815	TBX20	1.8610754628322042
ILMN_1692714	TBX21	7.10994728474929
ILMN_1664276	TBX22	4.923629135719054
ILMN_1713449	TBX3	4.27426817222187
ILMN_1745827	TBX4	0.4802804957529023
ILMN_2376958	TBX5	2.6624078377315024
ILMN_1679958	TBX6	1.4542162851042235
ILMN_1739178	TBXA2R	0.5596825380853753
ILMN_2282641	TBXAS1	4.21868313199053
ILMN_1734596	TC2N	0.0
ILMN_2297069	TCAF1	14.890033576595764
ILMN_1778202	TCAF2	8.928388715535647
ILMN_1671387	TCAIM	8.477671493603683
ILMN_3239922	TCAM1P	6.196510229990433
ILMN_1804316	TCAP	3.3765734312787647
ILMN_2357770	TCEA1	10.508926976231097
ILMN_1665526	TCEA2	10.456489720889511
ILMN_1726928	TCEA3	7.122783458594642
ILMN_2398403	TCEAL1	9.22247424207554
ILMN_1765310	TCEAL2	10.603153273078913
ILMN_1734190	TCEAL3	11.955489911990789
ILMN_1748625	TCEAL4	12.521024125572376
ILMN_1749073	TCEAL5	4.712677853113307
ILMN_3251393	TCEAL6	0.3508641150893909
ILMN_1753525	TCEAL7	11.846704156400612
ILMN_2402272	TCEAL8	10.69606409092546
ILMN_1679838	TCEAL9	12.136648431126474
ILMN_3243621	TCEANC	1.68833939045918
ILMN_1673544	TCEANC2	6.30656939892624
ILMN_2066020	TCEB1	12.365622433991966
ILMN_1733927	TCEB2	14.110549948325641
ILMN_1808110	TCEB3	8.51579641206339
ILMN_1774705	TCEB3B	1.072360925490052
ILMN_1810590	TCEB3C	0.0
ILMN_1690705	TCEB3CL	5.101195625936039
ILMN_2398039	TCERG1	8.627528599047931
ILMN_1809095	TCERG1L	5.592991055105881
ILMN_2314007	TCF12	9.292428881987615
ILMN_1745041	TCF15	4.99793153559955
ILMN_2317618	TCF19	2.915071874452355
ILMN_2368068	TCF20	9.09794332269157
ILMN_1728570	TCF21	2.546851879233251
ILMN_1788729	TCF23	3.7261898382361256
ILMN_3271138	TCF24	4.843081383030902
ILMN_1814971	TCF25	12.253767321070312
ILMN_1664434	TCF3	8.70405925249109
ILMN_1814194	TCF4	6.585541352878724
ILMN_1707005	TCF7	4.545980225102338
ILMN_1733841	TCF7L1	4.98056928923597
ILMN_1672486	TCF7L2	4.482340229471267
ILMN_1814247	TCFL5	7.700455229999869
ILMN_1681248	TCHH	2.922975488140921
ILMN_1675808	TCHHL1	0.2267246209253997
ILMN_1665058	TCHP	5.318480208902105
ILMN_1711994	TCIRG1	2.735541793653784
ILMN_1788841	TCL1A	1.4821718156795383
ILMN_2382309	TCL1B	3.6226429255354256
ILMN_1768469	TCN1	0.0
ILMN_1740572	TCN2	6.827106814354433
ILMN_1744941	TCOF1	2.0134509689960978
ILMN_1776347	TCP1	10.620492469595733
ILMN_2041355	TCP10	1.2143321184872466
ILMN_1754656	TCP10L	7.15369352664009
ILMN_1662117	TCP11	4.476538470734759
ILMN_1713174	TCP11L1	8.852788321766715
ILMN_1772780	TCP11L2	5.381804969712135
ILMN_1700001	TCTA	6.753180168306162
ILMN_1667720	TCTE1	0.0
ILMN_1722217	TCTE3	1.5602617989499319
ILMN_1751868	TCTEX1D1	2.848548848714831
ILMN_1700955	TCTEX1D2	11.838060862033984
ILMN_1774476	TCTEX1D4	5.041361953681267
ILMN_1685124	TCTN1	9.696913773430966
ILMN_1706345	TCTN2	4.141182070616975
ILMN_1678652	TCTN3	8.237923789041961
ILMN_1777096	TDG	9.691077504713265
ILMN_2132379	TDGF1	2.374336843932842
ILMN_1782862	TDGF1P3	1.3452990257616253
ILMN_2146817	TDH	1.3222945917546092
ILMN_1716859	TDO2	2.470117168228468
ILMN_2285713	TDP1	11.10331726484234
ILMN_1785821	TDP2	5.358210587554633
ILMN_2175094	TDRD1	8.727836064377682
ILMN_1751630	TDRD10	1.2475365872347743
ILMN_3241282	TDRD12	4.849869866699857
ILMN_1745811	TDRD3	7.425622031258786
ILMN_1700887	TDRD5	0.0
ILMN_1660261	TDRD6	4.976414084682994
ILMN_1705241	TDRD7	4.356146096522662
ILMN_2169490	TDRD9	2.0817735266007937
ILMN_3243037	TDRG1	4.728379389578043
ILMN_1792726	TDRKH	6.951123969419268
ILMN_1679241	TDRP	5.97705483030174
ILMN_1735055	TEAD1	3.226358738810505
ILMN_1682781	TEAD2	10.779409067948833
ILMN_1814002	TEAD3	6.276974583285711
ILMN_1705301	TEAD4	6.909766823995304
ILMN_1666969	TEC	4.132798209990292
ILMN_1767651	TECPR1	5.883393598308603
ILMN_1764456	TECPR2	0.972254638023856
ILMN_1720799	TECR	11.683642579084646
ILMN_1781280	TECRL	1.351438685806509
ILMN_1744784	TECTA	2.6387923563913573
ILMN_1731213	TECTB	0.3288714795655372
ILMN_1686992	TEDDM1	4.558424695292131
ILMN_1706511	TEF	5.9734310480216655
ILMN_3307733	TEFM	8.260096756119983
ILMN_2066151	TEK	3.678918269808573
ILMN_1654570	TEKT1	5.174465242965703
ILMN_2043173	TEKT2	5.800643898029018
ILMN_1799099	TEKT3	0.8884255076537624
ILMN_1727732	TEKT4	1.1120863604717848
ILMN_1706832	TEKT5	0.13951944097202024
ILMN_1685079	TELO2	1.7981135779753117
ILMN_3239959	TEN1	5.854669199573471
ILMN_1904578	TENM1	6.847035705698755
ILMN_2285032	TENM2	3.04668482801276
ILMN_2336094	TENM3	8.103444484042816
ILMN_3239775	TENM4	7.566938171799202
ILMN_1770682	TEP1	0.944909943631484
ILMN_1670440	TEPP	5.9515263520002195
ILMN_2056687	TEPSIN	3.8527320301061923
ILMN_1791376	TERB2	4.68231584464209
ILMN_1766573	TERC	1.2472198085582706
ILMN_1694847	TERF1	8.62215968091122
ILMN_1768488	TERF2	8.756318992947653
ILMN_1657983	TERF2IP	12.409020417767687
ILMN_2373119	TERT	3.0899172574684286
ILMN_1746243	TES	5.930258662845856
ILMN_1750181	TESC	8.055767601957882
ILMN_1791067	TESK1	8.421806744074317
ILMN_1654370	TESK2	4.224074238158746
ILMN_2389528	TESMIN	5.724664066485257
ILMN_3247163	TET1	8.505624659166136
ILMN_1788818	TET2	3.8483546894811034
ILMN_1653529	TEX10	8.486311092822385
ILMN_2211235	TEX101	0.13745787670948345
ILMN_2273595	TEX11	4.474328806395749
ILMN_1803803	TEX12	0.32206891499567275
ILMN_1741719	TEX13A	0.8391547155245807
ILMN_1674615	TEX13B	1.3720909740392848
ILMN_3272096	TEX13C	1.6833691910553903
ILMN_1685490	TEX14	1.3380326697646858
ILMN_1685909	TEX15	1.3498848696287384
ILMN_1730351	TEX19	4.315995654050783
ILMN_1731181	TEX2	9.00604530861122
ILMN_1671249	TEX22	1.358435311851722
ILMN_1726054	TEX26	2.858814001372479
ILMN_1692272	TEX261	4.2722270283920185
ILMN_1781623	TEX264	7.844686893326685
ILMN_1670139	TEX28	0.6699169653590916
ILMN_2042792	TEX29	3.929527061009125
ILMN_1682774	TEX30	7.8858675231632125
ILMN_1663417	TEX33	5.059808548986619
ILMN_1722788	TEX35	1.1452012059895862
ILMN_3247792	TEX36-AS1	1.3780810174877394
ILMN_1774219	TEX37	0.9468520273963309
ILMN_1772903	TEX38	0.700151677932282
ILMN_3248086	TEX40	1.1068925509393963
ILMN_3287874	TEX41	4.533314038465389
ILMN_1806520	TEX43	0.0
ILMN_1733318	TEX9	4.600003876445023
ILMN_1768425	TF	6.503386034023026
ILMN_1715661	TFAM	10.123794739136343
ILMN_3251695	TFAMP1	6.621925685769643
ILMN_1765574	TFAP2A	9.447644050969394
ILMN_1758404	TFAP2B	3.856700136993266
ILMN_1683891	TFAP2C	3.2237632958455347
ILMN_1659378	TFAP2D	2.9969910573576963
ILMN_1790595	TFAP2E	3.775380402287695
ILMN_1814657	TFAP4	5.466954963595202
ILMN_1733562	TFB1M	8.939687301389855
ILMN_2067708	TFB2M	9.382914201170843
ILMN_1738750	TFCP2	8.620667017070485
ILMN_1736527	TFCP2L1	3.04584765983814
ILMN_1661717	TFDP1	8.826015212747302
ILMN_2116639	TFDP2	8.655146548370578
ILMN_1651763	TFDP3	0.9847924100607551
ILMN_1764826	TFE3	6.9103728496815116
ILMN_1733616	TFEB	3.544844089423833
ILMN_1711332	TFEC	4.617224377675486
ILMN_1722489	TFF1	0.17860093272052868
ILMN_1663919	TFF2	0.10697502082698214
ILMN_1811387	TFF3	5.127420721121234
ILMN_1812474	TFG	10.696784359986362
ILMN_1672571	TFIP11	9.24108929961501
ILMN_1707124	TFPI	5.114552271634678
ILMN_2068104	TFPI2	8.161704147576772
ILMN_1709451	TFPT	8.298878901001368
ILMN_1724738	TFR2	0.8314140767554316
ILMN_1674243	TFRC	10.47842913338939
ILMN_1747586	TG	1.8454921752482338
ILMN_1685567	TGDS	7.064606228077888
ILMN_1805175	TGFA	2.493489563298546
ILMN_2129668	TGFB1	1.078769369010292
ILMN_2389876	TGFB1I1	7.676054420406687
ILMN_1812526	TGFB2	4.9778845241806735
ILMN_1687652	TGFB3	7.82203087739174
ILMN_1663866	TGFBI	10.04130678890413
ILMN_1745927	TGFBR1	3.1627308319646565
ILMN_1726245	TGFBR2	5.7880081062987925
ILMN_1784287	TGFBR3	8.596103067892384
ILMN_1691030	TGFBR3L	0.8435057326414667
ILMN_1696870	TGFBRAP1	4.552642742056694
ILMN_2318638	TGIF1	8.901706849512953
ILMN_1709044	TGIF2	8.234307015253814
ILMN_3237497	TGIF2LX	2.645025053525049
ILMN_3241861	TGIF2LY	2.623542444827681
ILMN_1721134	TGM1	5.181541897301819
ILMN_1705750	TGM2	5.15926095206419
ILMN_1786847	TGM3	5.558238415415889
ILMN_1669363	TGM4	0.7898186773005714
ILMN_2259966	TGM5	4.37534046304265
ILMN_1776214	TGM6	5.438313210726132
ILMN_1691164	TGM7	2.3381045473371587
ILMN_1651735	TGOLN2	10.393308523126075
ILMN_1651506	TGS1	6.502254400892844
ILMN_1677273	TH	11.552160326022253
ILMN_1811624	THADA	4.435112860097719
ILMN_1757272	THAP1	8.077985653368758
ILMN_1767542	THAP10	9.000262434384231
ILMN_1780699	THAP11	10.34904994438254
ILMN_1655622	THAP12	10.923239830309514
ILMN_1686461	THAP2	5.056550855178419
ILMN_1766128	THAP3	6.076566131687283
ILMN_2183261	THAP4	5.7198365861101115
ILMN_1769150	THAP5	2.849563046213189
ILMN_1661424	THAP6	5.937945656970896
ILMN_1652486	THAP7	6.2983735977081485
ILMN_1790109	THAP8	4.558381082946345
ILMN_1809054	THAP9	2.3665765518646764
ILMN_1759787	THBD	1.3433949741947835
ILMN_1686116	THBS1	6.248437895969687
ILMN_1678842	THBS2	8.661557692983541
ILMN_1804663	THBS3	8.250931997269179
ILMN_1736078	THBS4	7.868650651042262
ILMN_1705372	THEG	4.362356560571943
ILMN_1682120	THEM4	5.323842250966522
ILMN_1665923	THEM5	4.357280139925776
ILMN_1777740	THEM6	10.08044499348997
ILMN_1684040	THEMIS	0.0
ILMN_1735143	THEMIS2	2.9997329459258246
ILMN_2093720	THG1L	7.197980708827093
ILMN_1782688	THNSL1	6.137476049386628
ILMN_2173294	THNSL2	9.066741565112991
ILMN_1802157	THOC1	7.97801801181345
ILMN_1696883	THOC2	7.38714581471767
ILMN_2415926	THOC3	10.043236652211048
ILMN_1667883	THOC5	9.345909784567029
ILMN_1679880	THOC6	6.318685977366775
ILMN_1805028	THOC7	11.827306276715285
ILMN_1726659	THOP1	7.7200368887083215
ILMN_1737943	THPO	1.9504800010756975
ILMN_1718182	THRA	8.609803969243666
ILMN_1671028	THRAP3	8.062026354460205
ILMN_1696683	THRB	1.3243273031509186
ILMN_1794844	THRSP	0.21403896031108074
ILMN_2399588	THSD1	2.9695163413884007
ILMN_1726352	THSD4	7.163443887476601
ILMN_1762360	THSD7A	2.772049346409942
ILMN_1737168	THTPA	1.2143677167798628
ILMN_2108339	THUMPD1	9.36802185766872
ILMN_1787511	THUMPD2	9.132837107965358
ILMN_1671902	THUMPD3	5.204502834090467
ILMN_1701112	THUMPD3-AS1	0.18693957040036843
ILMN_1779875	THY1	9.84183774733149
ILMN_2357361	THYN1	9.990308166244532
ILMN_2388466	TIA1	9.85503068290024
ILMN_2055634	TIAF1	9.425246338643735
ILMN_1796855	TIAL1	9.722949144242957
ILMN_1655577	TIAM1	6.3731064974184575
ILMN_2358560	TIAM2	6.379625315675156
ILMN_1724863	TICAM1	5.690264220075161
ILMN_1651346	TICAM2	8.053070519774826
ILMN_1674662	TICRR	3.430790427924683
ILMN_1815690	TIE1	4.140426845400786
ILMN_1686454	TIFA	4.3995937818809345
ILMN_1878866	TIFAB	2.102591972193874
ILMN_1791792	TIGAR	8.145183839713967
ILMN_1777579	TIGD1	4.8992302927057665
ILMN_1690066	TIGD2	5.879194900306771
ILMN_1695878	TIGD3	3.4424232340338308
ILMN_2226435	TIGD4	0.0
ILMN_1705774	TIGD5	7.942935686849193
ILMN_1703984	TIGD6	5.671818259175729
ILMN_1676905	TIGD7	7.294800524358757
ILMN_2125017	TIGIT	3.357229852742148
ILMN_1750678	TIMD4	0.0
ILMN_1735093	TIMELESS	9.533423726754094
ILMN_1765332	TIMM10	10.031792327825181
ILMN_1773850	TIMM10B	8.093150552327378
ILMN_1686557	TIMM13	0.0
ILMN_1656798	TIMM17A	5.294742642764102
ILMN_1813260	TIMM17B	10.099967713797996
ILMN_2182531	TIMM21	10.385210537390472
ILMN_1706959	TIMM22	9.564948199911896
ILMN_1679555	TIMM23	11.967454137003978
ILMN_1784031	TIMM44	8.280347243468825
ILMN_1752229	TIMM50	0.14461222530960433
ILMN_1722239	TIMM8A	7.009738727903951
ILMN_1738938	TIMM8B	7.888585310763793
ILMN_1653709	TIMM9	9.4666292104351
ILMN_2193175	TIMMDC1	6.501173061416683
ILMN_1711566	TIMP1	12.229276903254073
ILMN_1721876	TIMP2	11.600817597178557
ILMN_1701461	TIMP3	6.0390010125509335
ILMN_1663399	TIMP4	3.6707503847246943
ILMN_1810684	TINAG	4.30126520854377
ILMN_1807169	TINAGL1	0.20459731665500872
ILMN_1697420	TINF2	10.537333217820487
ILMN_1765578	TIPARP	9.69234067013549
ILMN_1761939	TIPIN	5.446095113112704
ILMN_1781457	TIPRL	9.726402491230822
ILMN_2290679	TIRAP	3.5414444717710807
ILMN_1743763	TJAP1	9.324669314623895
ILMN_1691499	TJP1	7.8977695550010205
ILMN_1664978	TJP2	5.192976190139942
ILMN_1806037	TK1	5.070705793157084
ILMN_1766814	TK2	4.839544744121384
ILMN_1678619	TKFC	4.612035275096008
ILMN_1736597	TKT	12.82813225120347
ILMN_1674009	TKTL1	7.956551334400149
ILMN_1713533	TKTL2	0.0
ILMN_1784655	TLCD1	5.371213655313376
ILMN_1668465	TLDC1	2.9122673459825648
ILMN_1807067	TLDC2	0.6037497663007171
ILMN_1751572	TLE1	8.46949389437194
ILMN_1814917	TLE2	5.617181700552666
ILMN_2234412	TLE3	6.597918781569713
ILMN_2103761	TLE4	8.870240256843315
ILMN_1661299	TLE6	5.464198859278675
ILMN_1811029	TLK1	6.764943120631558
ILMN_1663486	TLK2	8.934262593960831
ILMN_1699814	TLL1	2.5075808026259554
ILMN_1755158	TLL2	1.818578756315868
ILMN_1696643	TLN1	6.226024770045837
ILMN_1700042	TLN2	6.9510497319452815
ILMN_1731048	TLR1	0.0
ILMN_2298366	TLR10	1.4252440076886081
ILMN_1772387	TLR2	0.0
ILMN_1689578	TLR3	2.965413334071299
ILMN_1706217	TLR4	0.9888596112215721
ILMN_1722981	TLR5	2.5537400709043037
ILMN_1749287	TLR6	2.3626660923184155
ILMN_1677827	TLR7	1.1149592061158131
ILMN_1682251	TLR8	2.8624997918720663
ILMN_1679798	TLR9	2.0233391193715407
ILMN_1677564	TLX1	4.309575315629244
ILMN_1793016	TLX2	0.6768345545048527
ILMN_1806344	TLX3	3.8495424639972575
ILMN_2143148	TM2D1	11.488952484028289
ILMN_1741171	TM2D2	5.661991564058952
ILMN_1761120	TM2D3	11.831818396372055
ILMN_1770338	TM4SF1	3.787662927629252
ILMN_1739170	TM4SF18	0.450146852274504
ILMN_1668842	TM4SF19	1.7641396441010706
ILMN_1775830	TM4SF20	1.3780191768500345
ILMN_1792404	TM4SF4	0.4638993476854008
ILMN_2167808	TM4SF5	0.9733048890550728
ILMN_1750961	TM6SF1	5.850841943738474
ILMN_1757757	TM6SF2	1.1286206105135645
ILMN_1690040	TM7SF2	10.184639832882764
ILMN_1803995	TM7SF3	9.246303946431354
ILMN_1709334	TM9SF1	7.876179840287512
ILMN_1785765	TM9SF2	10.524822280667843
ILMN_1669931	TM9SF3	7.993538768712522
ILMN_1674421	TM9SF4	9.180117921061369
ILMN_1735004	TMA16	1.8547206856983627
ILMN_1707783	TMA7	13.642267371902653
ILMN_1705213	TMBIM1	5.89706350613485
ILMN_1664750	TMBIM4	10.504934912322575
ILMN_1693311	TMBIM6	12.97020146826764
ILMN_1792812	TMC1	2.010956985640885
ILMN_1710269	TMC2	4.721724255159659
ILMN_1712407	TMC3	4.4304737607910525
ILMN_1803219	TMC4	7.000558565645979
ILMN_1730117	TMC5	2.023761468662899
ILMN_1794677	TMC6	6.33902944217794
ILMN_1689306	TMC7	4.769569433194718
ILMN_2211534	TMC8	4.367186833803989
ILMN_1677963	TMCC1	6.78579284719342
ILMN_1659024	TMCC2	6.123572037023936
ILMN_1685493	TMCC3	2.0655519529895625
ILMN_1793829	TMCO1	12.19709476391734
ILMN_1773333	TMCO2	1.5738641529397144
ILMN_2220739	TMCO3	8.846849374673587
ILMN_1781276	TMCO4	0.36465768750656125
ILMN_1652719	TMCO5A	2.5792596904101206
ILMN_2180624	TMCO6	5.882863679391986
ILMN_1693045	TMED1	10.709121367280508
ILMN_1736585	TMED10	10.178560232368985
ILMN_2213558	TMED10P1	12.120968619855525
ILMN_1654939	TMED2	11.266771695399795
ILMN_1719316	TMED3	13.610629789698365
ILMN_1804148	TMED4	10.590940576447572
ILMN_1803279	TMED5	9.658843839086488
ILMN_1748899	TMED6	0.5875998241871606
ILMN_1672405	TMED7	10.369095809359738
ILMN_1676670	TMED8	1.6660777256159764
ILMN_1743655	TMED9	11.984607919575152
ILMN_1729498	TMEFF1	9.411928432783307
ILMN_1730645	TMEFF2	11.751210616205668
ILMN_1698259	TMEM100	7.604619728493893
ILMN_1667716	TMEM101	10.571673822491617
ILMN_1755224	TMEM102	0.2962417293849146
ILMN_1677736	TMEM104	0.33878781325931656
ILMN_1783973	TMEM105	4.519243635584878
ILMN_3249244	TMEM106A	9.79695371150664
ILMN_1726288	TMEM106B	8.651467989421091
ILMN_1692511	TMEM106C	9.53011540708625
ILMN_2413331	TMEM107	7.869859311614294
ILMN_1669709	TMEM108	7.567531952677245
ILMN_2092756	TMEM109	6.18006564590311
ILMN_2175265	TMEM11	7.385959351738166
ILMN_1705224	TMEM110	1.9738574466033105
ILMN_1667418	TMEM114	8.81056867798405
ILMN_1712035	TMEM115	8.968910259663192
ILMN_2052871	TMEM116	8.948924343256627
ILMN_1809894	TMEM117	4.731328248221381
ILMN_1738116	TMEM119	1.9049283637882193
ILMN_1654516	TMEM120A	10.451369333325157
ILMN_1720498	TMEM120B	3.1346333898316026
ILMN_1723145	TMEM121	1.4956302064761047
ILMN_1724139	TMEM123	10.913707659179787
ILMN_1685709	TMEM125	3.4795380265149674
ILMN_2217809	TMEM126A	10.404807388070259
ILMN_2145518	TMEM126B	11.54467213580528
ILMN_1721563	TMEM127	5.114499686845818
ILMN_2194229	TMEM128	5.795721730914523
ILMN_1663033	TMEM129	6.098324898656172
ILMN_1748812	TMEM130	8.568469548978438
ILMN_1753608	TMEM131	9.382687386872643
ILMN_2317923	TMEM132A	9.315825528283519
ILMN_3240241	TMEM132B	7.793138231300517
ILMN_1687792	TMEM132C	4.593864667045767
ILMN_1763612	TMEM132D	6.272911994160624
ILMN_1730516	TMEM133	2.41779256466762
ILMN_1770977	TMEM134	9.539853433614452
ILMN_1700202	TMEM135	7.19915793266507
ILMN_1815346	TMEM136	9.888342838884522
ILMN_1664761	TMEM138	7.5737400190610265
ILMN_1683470	TMEM139	0.0
ILMN_1736863	TMEM140	2.940168492548132
ILMN_1774066	TMEM141	10.21308469771529
ILMN_1732187	TMEM143	7.484289670813204
ILMN_1708110	TMEM144	1.3800043702580203
ILMN_1789112	TMEM145	10.138856676597118
ILMN_1803624	TMEM147	10.757949686310821
ILMN_1785191	TMEM14A	11.00529146340748
ILMN_1685258	TMEM14B	11.043166555242317
ILMN_2175131	TMEM14C	13.250504767347868
ILMN_2299612	TMEM150A	7.9781766880377525
ILMN_1776313	TMEM150B	4.277867527147694
ILMN_1797047	TMEM150C	5.166055482204995
ILMN_1709659	TMEM151A	5.4993856020035565
ILMN_3247088	TMEM151B	6.915619379160762
ILMN_1683494	TMEM154	4.455678955496443
ILMN_1809947	TMEM155	5.579145396782098
ILMN_2095660	TMEM156	6.5973923091409965
ILMN_1792455	TMEM158	11.074300083234169
ILMN_1655876	TMEM159	9.343365811969894
ILMN_1704024	TMEM160	11.446639896711284
ILMN_1708900	TMEM161A	6.0114966819938545
ILMN_1807580	TMEM161B	5.479908812282073
ILMN_1751901	TMEM163	9.343260091738637
ILMN_3241091	TMEM164	9.49878798606316
ILMN_1773935	TMEM165	7.794003882816711
ILMN_3251560	TMEM167A	11.048678377063924
ILMN_1795893	TMEM167B	10.46056473004529
ILMN_1758679	TMEM168	6.210646999084081
ILMN_1813796	TMEM169	8.672227578269371
ILMN_2210386	TMEM17	12.470442999102707
ILMN_2212590	TMEM170A	8.448652344462806
ILMN_3236428	TMEM170B	8.759473398854075
ILMN_1728009	TMEM171	0.3188041072798933
ILMN_2145116	TMEM173	3.1327196329808555
ILMN_1776263	TMEM174	0.0
ILMN_1654629	TMEM175	8.918618698258783
ILMN_1791511	TMEM176A	7.833442938732088
ILMN_1847047	TMEM176B	5.206399019365128
ILMN_1756402	TMEM177	7.917008837959707
ILMN_2104295	TMEM178A	10.366972877830896
ILMN_3214477	TMEM178B	5.437398501895775
ILMN_1733757	TMEM179B	10.636974638684991
ILMN_1772700	TMEM18	7.04892443371418
ILMN_1710078	TMEM181	8.907021132564479
ILMN_1806801	TMEM182	3.876634911360037
ILMN_1752589	TMEM183A	12.313389723508507
ILMN_2172269	TMEM183B	12.34743626628318
ILMN_1815937	TMEM184A	0.9621045693847307
ILMN_1747460	TMEM184B	7.791446199087042
ILMN_3237779	TMEM184C	8.637336302811278
ILMN_1738276	TMEM185A	9.348417364972791
ILMN_2231020	TMEM185B	6.4705765169714065
ILMN_2230998	TMEM186	5.681312853100156
ILMN_2198185	TMEM187	7.388923450163815
ILMN_2162989	TMEM189	9.24372482193775
ILMN_1677446	TMEM189-UBE2V1	8.13078326723111
ILMN_3251207	TMEM19	7.860154411137208
ILMN_1815773	TMEM190	1.9823298717503401
ILMN_3228529	TMEM191A	7.5214647328054385
ILMN_1687266	TMEM191B	9.77651140392083
ILMN_1780618	TMEM192	7.0451282986219175
ILMN_2125084	TMEM196	2.1352337761965363
ILMN_1688637	TMEM198	6.865130158863451
ILMN_1652687	TMEM198B	0.33515920976745056
ILMN_1748481	TMEM199	8.137560744594861
ILMN_1784661	TMEM2	8.35558228174019
ILMN_1725387	TMEM200A	7.6947864858124815
ILMN_1682231	TMEM200B	0.6166798665129583
ILMN_1710536	TMEM200C	3.3502584770112556
ILMN_1738420	TMEM201	4.209950433025223
ILMN_2245523	TMEM202	4.13789954615341
ILMN_2073010	TMEM203	9.34677037086845
ILMN_1751559	TMEM204	2.2742880913298573
ILMN_1730734	TMEM205	11.966393185707178
ILMN_3247821	TMEM206	10.44910917541633
ILMN_1704022	TMEM207	5.837656287813572
ILMN_1700419	TMEM208	9.778383853433832
ILMN_1748926	TMEM209	8.829612043862497
ILMN_1676257	TMEM211	0.0
ILMN_1739126	TMEM213	1.2237977809014715
ILMN_3297644	TMEM214	7.348943963094057
ILMN_1798037	TMEM215	0.32271274968709146
ILMN_1732577	TMEM216	10.085244547912472
ILMN_1756238	TMEM217	3.7204800609703153
ILMN_2395856	TMEM218	8.777537953753088
ILMN_1737644	TMEM219	10.241307452751174
ILMN_2105549	TMEM220	0.6182444839887243
ILMN_3261382	TMEM221	0.9432699394600674
ILMN_1793632	TMEM222	8.136433493162675
ILMN_2263144	TMEM223	7.331574532477956
ILMN_1749516	TMEM225	0.8668224808144691
ILMN_1824665	TMEM229A	2.977654725901125
ILMN_3234828	TMEM229B	4.534655414854265
ILMN_1806312	TMEM230	10.849345925836701
ILMN_2394523	TMEM231	8.058666306198914
ILMN_1707954	TMEM232	4.953143388316983
ILMN_3242676	TMEM233	0.5018627542469914
ILMN_2190266	TMEM234	6.852057490173309
ILMN_1684180	TMEM236	5.047151570335755
ILMN_1800958	TMEM237	10.022955113541324
ILMN_1748827	TMEM238	2.7279845981257806
ILMN_1748257	TMEM240	5.969988750045271
ILMN_1690442	TMEM241	6.871460339834791
ILMN_1682444	TMEM242	5.078850615763845
ILMN_1751143	TMEM243	7.366295540239681
ILMN_1724915	TMEM244	2.6703718527793843
ILMN_1788384	TMEM245	8.106264906785212
ILMN_1809323	TMEM246	7.975411608852539
ILMN_1681062	TMEM247	2.649252571389081
ILMN_1729130	TMEM248	7.426345839037649
ILMN_1651745	TMEM25	5.362463590478392
ILMN_3193306	TMEM251	9.866162609749912
ILMN_1715653	TMEM252	1.2491793906423023
ILMN_3187462	TMEM253	5.175859592852424
ILMN_1672717	TMEM254	9.014887659970997
ILMN_3240048	TMEM254-AS1	2.48368925881447
ILMN_1699978	TMEM255A	6.715620105957911
ILMN_2343273	TMEM255B	3.042686158412105
ILMN_2201533	TMEM256	13.82651038719346
ILMN_1684016	TMEM257	3.967247997628006
ILMN_1786759	TMEM258	14.30391433336515
ILMN_1703288	TMEM259	9.641738908673458
ILMN_1809639	TMEM26	2.4794898304479256
ILMN_1758093	TMEM260	4.271975158275626
ILMN_1769409	TMEM261	9.097624862412253
ILMN_1804611	TMEM263	7.772353332386839
ILMN_1808956	TMEM266	7.145381803210847
ILMN_2150465	TMEM267	11.111143199401623
ILMN_1803652	TMEM268	6.459627426723389
ILMN_1772894	TMEM27	6.118021412364389
ILMN_1735680	TMEM30A	8.846462583133517
ILMN_1752935	TMEM30B	0.9947613469520168
ILMN_1710312	TMEM31	8.356825292919991
ILMN_1832208	TMEM33	9.181685813052349
ILMN_2227266	TMEM35A	11.11140824481668
ILMN_3265343	TMEM35B	4.3194670832588375
ILMN_1670672	TMEM37	2.0699055795509076
ILMN_1765584	TMEM38A	4.774173853280247
ILMN_1669940	TMEM38B	9.396516002339892
ILMN_1770373	TMEM39A	6.957134024739545
ILMN_2212714	TMEM39B	8.347419409271737
ILMN_2149292	TMEM40	0.7651506567507064
ILMN_1685602	TMEM41A	7.93042785206896
ILMN_1678004	TMEM41B	10.834224019329111
ILMN_1760245	TMEM42	10.446653473207418
ILMN_1698605	TMEM43	9.488948189197464
ILMN_1688848	TMEM44	8.878146674203379
ILMN_1770922	TMEM45A	7.884651257576441
ILMN_1771120	TMEM45B	0.47831267352095813
ILMN_2129234	TMEM47	9.710609548034688
ILMN_1689704	TMEM5	7.818117430949294
ILMN_1745368	TMEM50A	6.638499995942997
ILMN_1757391	TMEM50B	9.474789711019191
ILMN_1674985	TMEM51	8.164555606560485
ILMN_1668246	TMEM52	6.083121459963355
ILMN_1727606	TMEM52B	2.933285437211208
ILMN_1688041	TMEM53	6.875749218399034
ILMN_2059689	TMEM54	8.501178085613729
ILMN_1752117	TMEM55A	9.003981473406695
ILMN_1770742	TMEM55B	10.137300561850948
ILMN_1782429	TMEM56	1.6679448245463033
ILMN_1718831	TMEM57	8.31659517241633
ILMN_1792508	TMEM59	12.475768179549192
ILMN_1730945	TMEM59L	10.450271223089407
ILMN_1752213	TMEM60	10.4932256679557
ILMN_1667115	TMEM61	1.4556246798716705
ILMN_1745807	TMEM62	6.890134756784824
ILMN_1719649	TMEM63A	0.3486730278886818
ILMN_1728349	TMEM63B	7.758372516680514
ILMN_1792094	TMEM63C	4.498269090185487
ILMN_1853876	TMEM64	8.362888177996986
ILMN_2068122	TMEM65	2.6710473473147487
ILMN_1705049	TMEM67	6.394952043098125
ILMN_1702244	TMEM68	5.043328546242888
ILMN_3251312	TMEM69	10.096745578725066
ILMN_1739032	TMEM70	5.69207469518982
ILMN_1674402	TMEM71	1.2586436467593072
ILMN_1664074	TMEM72	1.317170476202461
ILMN_1887656	TMEM72-AS1	5.066375935036566
ILMN_2066534	TMEM74	4.4085059057403235
ILMN_1751228	TMEM74B	11.673382496682
ILMN_2090802	TMEM79	8.195856897911481
ILMN_1689868	TMEM80	6.699563337594849
ILMN_1725971	TMEM81	0.0
ILMN_1703648	TMEM82	2.6919143649015105
ILMN_1797021	TMEM86A	3.833365963158855
ILMN_2049417	TMEM86B	5.835445183122459
ILMN_1716816	TMEM87A	11.371159212960762
ILMN_1679693	TMEM87B	2.6208068697271636
ILMN_1757129	TMEM88	5.584001304352224
ILMN_1810696	TMEM88B	0.0
ILMN_1694339	TMEM89	1.9739076848360915
ILMN_1741371	TMEM8A	8.980228703516685
ILMN_1708029	TMEM8B	12.021439178063304
ILMN_1661514	TMEM8C	2.137758148725458
ILMN_1686748	TMEM9	11.711018327293631
ILMN_2211065	TMEM91	10.486577342562246
ILMN_2092223	TMEM92	0.005927798355691818
ILMN_2059211	TMEM94	6.786962913378879
ILMN_1766422	TMEM95	0.8828208299007732
ILMN_1710962	TMEM97	12.216010735676484
ILMN_1779182	TMEM98	11.109440410900445
ILMN_1758173	TMEM99	10.00338576696546
ILMN_2100815	TMEM9B	10.753741619944082
ILMN_1661142	TMF1	8.202058726345877
ILMN_1726745	TMIE	2.4675684318025146
ILMN_1771467	TMIGD1	5.0513442936094775
ILMN_2160577	TMIGD2	2.3368482836292386
ILMN_1733259	TMIGD3	0.5159226137580492
ILMN_1683575	TMLHE	8.634272105077688
ILMN_1736911	TMOD1	8.604368213730746
ILMN_3250273	TMOD2	9.599647051091244
ILMN_1809484	TMOD3	5.605291904110369
ILMN_1794163	TMOD4	4.868409080241683
ILMN_1768816	TMPO	8.030238273784477
ILMN_3266964	TMPO-AS1	3.0885487514737893
ILMN_1758102	TMPPE	4.681302475865851
ILMN_1712162	TMPRSS11A	5.0458160308480515
ILMN_1748675	TMPRSS11B	2.3012602882523736
ILMN_1746928	TMPRSS11D	0.6920481872957439
ILMN_1740007	TMPRSS11E	0.5667050538215421
ILMN_1742586	TMPRSS11F	3.9001348585812665
ILMN_2203147	TMPRSS12	5.982511015942272
ILMN_2220845	TMPRSS15	6.68035260820988
ILMN_1791123	TMPRSS2	1.012491996598169
ILMN_1700475	TMPRSS3	4.682438772332191
ILMN_1706021	TMPRSS4	4.170620447667088
ILMN_1739214	TMPRSS5	2.5126188629288033
ILMN_1725014	TMPRSS6	0.5384944012858324
ILMN_2041648	TMPRSS7	5.190188786085588
ILMN_1770387	TMPRSS9	1.9718988489276785
ILMN_1812392	TMSB10	15.583687163439082
ILMN_1681737	TMSB15A	14.20749630851794
ILMN_1737283	TMSB15B	13.731604805151639
ILMN_1683271	TMSB4X	15.696198473120333
ILMN_1776195	TMSB4Y	0.3016853276478912
ILMN_1811426	TMTC1	5.807511244570571
ILMN_1805645	TMTC2	6.0496613512696085
ILMN_2119555	TMTC3	6.798030631595437
ILMN_1762095	TMTC4	7.73965104659548
ILMN_1666050	TMUB1	8.580954311094912
ILMN_2311779	TMUB2	10.39538038503658
ILMN_1691181	TMX1	10.088954709729164
ILMN_1799367	TMX2	10.22921522008113
ILMN_2047206	TMX3	6.920009748135745
ILMN_2204754	TMX4	7.649551049704928
ILMN_1719759	TNC	10.015588915247704
ILMN_1728106	TNF	0.9408231150732357
ILMN_1655429	TNFAIP1	9.06664604769808
ILMN_1727689	TNFAIP2	1.6459639207244336
ILMN_1702691	TNFAIP3	5.656651256549733
ILMN_1785732	TNFAIP6	6.0793695972851
ILMN_2414325	TNFAIP8	5.894185877405253
ILMN_1684346	TNFAIP8L1	5.279165558149721
ILMN_1744113	TNFAIP8L2	0.0
ILMN_1682099	TNFAIP8L3	4.61528492988243
ILMN_1721316	TNFRSF10A	3.983968853777446
ILMN_1699265	TNFRSF10B	11.578360127625457
ILMN_1672114	TNFRSF10C	5.164598512335558
ILMN_1666022	TNFRSF10D	5.851631828496154
ILMN_1698952	TNFRSF11A	2.078553841060328
ILMN_1676663	TNFRSF11B	1.0461554373161002
ILMN_1689004	TNFRSF12A	6.652606723435183
ILMN_1759075	TNFRSF13B	0.5737552768422988
ILMN_1731742	TNFRSF13C	1.1615903610931644
ILMN_1697409	TNFRSF14	5.86356347775473
ILMN_1768016	TNFRSF17	0.0
ILMN_2349633	TNFRSF18	0.7932132283700933
ILMN_1704154	TNFRSF19	9.611059498630643
ILMN_1685005	TNFRSF1A	7.841696046431049
ILMN_1764788	TNFRSF1B	3.44310359855316
ILMN_1699695	TNFRSF21	11.42839615814333
ILMN_2299661	TNFRSF25	0.9104071925461349
ILMN_1710204	TNFRSF4	4.04261395225327
ILMN_1661825	TNFRSF6B	1.1028621434296502
ILMN_1770711	TNFRSF8	0.0
ILMN_1813379	TNFRSF9	6.521287399715603
ILMN_1801307	TNFSF10	0.07090209841846525
ILMN_1673175	TNFSF11	3.3294732841309593
ILMN_1680003	TNFSF12	4.4012365927623245
ILMN_1670188	TNFSF12-TNFSF13	4.416082370139946
ILMN_1784264	TNFSF13	3.661652593596703
ILMN_2066858	TNFSF13B	8.093741948663448
ILMN_2363392	TNFSF14	10.872079354794321
ILMN_2106380	TNFSF15	8.561730731558244
ILMN_1738335	TNFSF18	2.167849246875459
ILMN_2089875	TNFSF4	3.179454936306462
ILMN_1761778	TNFSF8	3.7989755294878584
ILMN_1751464	TNFSF9	8.197500963252901
ILMN_1687442	TNIK	3.440095980788661
ILMN_1703650	TNIP1	7.823190485914938
ILMN_2168933	TNIP2	6.223843756681991
ILMN_1707591	TNIP3	3.197315380449068
ILMN_1724096	TNK1	1.065086884097279
ILMN_1669703	TNK2	9.427303207491393
ILMN_1657891	TNKS	7.045608677871988
ILMN_1690826	TNKS1BP1	6.52716334858973
ILMN_1763269	TNKS2	0.5186078095825039
ILMN_1763587	TNMD	4.890874839694599
ILMN_1753789	TNN	2.6739385576957964
ILMN_1809842	TNNC1	4.529482524300459
ILMN_1693428	TNNC2	1.0843261344448853
ILMN_1690050	TNNI1	1.17818806398595
ILMN_2169261	TNNI2	0.16105899126115047
ILMN_1768637	TNNI3	8.203976837032766
ILMN_1799141	TNNI3K	2.5904240848813256
ILMN_2115991	TNNT1	3.8605670881783567
ILMN_1664071	TNNT2	4.932242198860693
ILMN_1720231	TNNT3	1.6572711874894985
ILMN_2150797	TNP1	3.9596597420448636
ILMN_1795250	TNP2	0.5304300466597264
ILMN_1837935	TNPO1	8.937063468690338
ILMN_1656066	TNPO2	11.912593391821746
ILMN_1683811	TNPO3	8.754373562701273
ILMN_1806492	TNR	1.351173085565997
ILMN_1714622	TNRC6A	7.766854849135734
ILMN_1726786	TNRC6B	8.702170169448358
ILMN_1746871	TNRC6C	4.669129839096503
ILMN_1807919	TNS1	4.370813877071169
ILMN_1722732	TNS2	2.9325769636867562
ILMN_1667893	TNS3	6.66066931372344
ILMN_1716370	TNS4	4.097577626380641
ILMN_2115350	TNXA	3.722147945421123
ILMN_1708615	TNXB	2.0329750236110415
ILMN_1672004	TOB1	9.597088345438976
ILMN_1748884	TOB2	3.798674530695853
ILMN_1657832	TOB2P1	0.6904597959826907
ILMN_1660938	TOE1	5.327372524132103
ILMN_1765523	TOLLIP	6.033711442959852
ILMN_2082314	TOM1	9.898794944295288
ILMN_1802642	TOM1L1	2.2092981278491455
ILMN_1655068	TOM1L2	6.888815387773728
ILMN_3251472	TOMM20	14.022333687189773
ILMN_3245697	TOMM20L	2.6127276751437676
ILMN_1714623	TOMM22	11.233679036619066
ILMN_1721128	TOMM34	10.269386108536596
ILMN_1683475	TOMM40	11.101754043910418
ILMN_2065606	TOMM40L	8.610054442513077
ILMN_1808661	TOMM5	11.488707564722015
ILMN_3235113	TOMM6	12.968324852560341
ILMN_1674069	TOMM7	14.2780559966746
ILMN_1746426	TOMM70	10.92673053941732
ILMN_1781383	TONSL	2.7195265878913104
ILMN_2192316	TOP1	5.791240193412044
ILMN_2405628	TOP1MT	8.21971969392789
ILMN_2086952	TOP1P1	0.9142193993817779
ILMN_2043109	TOP1P2	6.176049025017214
ILMN_1686097	TOP2A	11.077902057278267
ILMN_1777663	TOP2B	11.03801823418543
ILMN_2072973	TOP3A	6.168032819578962
ILMN_1765021	TOP3B	6.74214523679428
ILMN_1690843	TOPAZ1	0.0
ILMN_1684929	TOPBP1	7.828228903838209
ILMN_1749218	TOPORS	7.1933081699481844
ILMN_1805812	TOR1A	8.350744654906284
ILMN_1729318	TOR1AIP1	8.35428490192043
ILMN_2113938	TOR1AIP2	5.589458071283485
ILMN_1724333	TOR1B	7.378223977493618
ILMN_2177832	TOR2A	7.424100984859791
ILMN_1768181	TOR3A	5.102635130638641
ILMN_1813641	TOR4A	3.43054239464209
ILMN_1788886	TOX	7.138510497882403
ILMN_2082209	TOX2	9.808434095751121
ILMN_2413833	TOX3	8.488311826105226
ILMN_1743131	TOX4	7.715232845935692
ILMN_1779356	TP53	7.399209862259716
ILMN_2099745	TP53AIP1	4.413065363523555
ILMN_1664440	TP53BP1	9.42741049201861
ILMN_1779706	TP53BP2	8.961873348816736
ILMN_1715669	TP53I11	6.789279272276147
ILMN_1666178	TP53I13	11.42735054186555
ILMN_2358919	TP53I3	7.149049087707201
ILMN_1714108	TP53INP1	9.178452176815423
ILMN_1686906	TP53INP2	8.269714055404249
ILMN_1764851	TP53RK	7.446412048724741
ILMN_3236112	TP53TG1	4.717255803707655
ILMN_2159152	TP53TG3	1.5626120702746247
ILMN_1722091	TP53TG5	2.9777794438708036
ILMN_3305055	TP63	1.8120383558529811
ILMN_1778188	TP73	0.2002747873868034
ILMN_3247223	TPBG	6.044923770936624
ILMN_1761445	TPBGL	0.9956218847235667
ILMN_1737805	TPCN1	0.5288770743476499
ILMN_1726873	TPCN2	3.503406243218196
ILMN_2381064	TPD52	9.03896813763609
ILMN_1714383	TPD52L1	8.046600894463287
ILMN_1699570	TPD52L2	12.451066561793645
ILMN_1738395	TPD52L3	3.888173812743922
ILMN_2199298	TPGS1	5.896523420063539
ILMN_1671693	TPGS2	11.270763391854475
ILMN_1679115	TPH1	3.5971662564971347
ILMN_1734352	TPH2	5.075168821346957
ILMN_1707627	TPI1	13.230738970642513
ILMN_1684114	TPI1P2	11.209205963688325
ILMN_1804629	TPK1	5.559466365328844
ILMN_2360710	TPM1	10.461376860940227
ILMN_1789196	TPM2	11.448669533501901
ILMN_1697567	TPM3	8.377961244414744
ILMN_1761801	TPM3P9	5.398066541333115
ILMN_2140974	TPM4	8.003259093765339
ILMN_1740185	TPMT	7.874739261402854
ILMN_2357155	TPO	6.067630589225508
ILMN_1729234	TPP1	8.62404712857269
ILMN_1667657	TPP2	4.258970178698179
ILMN_1718687	TPPP	6.493831981412015
ILMN_2196409	TPPP2	0.37460524362471875
ILMN_1797744	TPPP3	7.125619897457671
ILMN_1730999	TPR	8.62283317792785
ILMN_1790350	TPRG1	0.0
ILMN_1727479	TPRG1L	11.326985875861412
ILMN_1690307	TPRKB	9.850297047501064
ILMN_1736536	TPRX1	0.0
ILMN_2120631	TPRXL	0.3768899707134725
ILMN_2169801	TPSAB1	1.458403191770591
ILMN_3243238	TPSB2	2.1745299402794047
ILMN_1808512	TPSD1	0.019653130861149497
ILMN_1769219	TPSG1	1.4290010173256542
ILMN_1651950	TPST1	9.666876615400685
ILMN_2329679	TPST2	10.834798219982327
ILMN_2094718	TPT1	15.77744522573736
ILMN_3247325	TPT1-AS1	8.652197239294003
ILMN_2329483	TPTE	0.2796774532965474
ILMN_1785010	TPTE2	5.037035835119764
ILMN_1675930	TPTE2P3	2.853536039686933
ILMN_2183424	TPTE2P6	5.6003647201815
ILMN_2126399	TPTEP1	3.3801130843874563
ILMN_1796949	TPX2	9.097236433242223
ILMN_1731043	TRA2A	9.021518266872153
ILMN_1742798	TRA2B	11.050595864082295
ILMN_1755737	TRABD	10.286077193153554
ILMN_3235176	TRABD2A	1.2391674140493556
ILMN_1777905	TRABD2B	4.422556049689018
ILMN_1765851	TRADD	4.995802838548449
ILMN_1698218	TRAF1	4.642642157687672
ILMN_1691487	TRAF2	5.077266720415742
ILMN_2383774	TRAF3	6.066375732426315
ILMN_1806728	TRAF3IP1	4.288312919529301
ILMN_1701514	TRAF3IP2	6.607495768970245
ILMN_1780397	TRAF3IP3	3.4784919929003233
ILMN_1763104	TRAF4	8.243703163969471
ILMN_1740493	TRAF5	6.532014797198212
ILMN_2392143	TRAF6	7.183052761440834
ILMN_2405991	TRAF7	6.583793194326282
ILMN_1758250	TRAFD1	8.30459073635735
ILMN_1715540	TRAIP	5.349472913253158
ILMN_1782069	TRAK1	9.996849285997952
ILMN_1781691	TRAK2	5.9484158506686775
ILMN_1737146	TRAM1	11.668015863218253
ILMN_1674855	TRAM1L1	3.4829749610146785
ILMN_1788783	TRAM2	4.728022510921363
ILMN_1750321	TRANK1	4.306889872339942
ILMN_1699737	TRAP1	10.44913935179727
ILMN_1716913	TRAPPC1	11.046162874848177
ILMN_1778464	TRAPPC10	4.235582074982425
ILMN_1752086	TRAPPC11	9.513158317971762
ILMN_1693317	TRAPPC12	7.7555388070212645
ILMN_1726930	TRAPPC13	8.069163355185056
ILMN_1673275	TRAPPC2	11.384885799726234
ILMN_2211122	TRAPPC2B	9.900266817340157
ILMN_1747058	TRAPPC2L	11.188302083396316
ILMN_1751627	TRAPPC3	10.495636780155829
ILMN_3246699	TRAPPC3L	1.134037425662331
ILMN_1814650	TRAPPC4	11.07098201928048
ILMN_2372639	TRAPPC5	10.681814341670664
ILMN_1775703	TRAPPC6A	10.584930879135063
ILMN_2369104	TRAPPC6B	9.665897892818464
ILMN_1796240	TRAPPC8	8.03732996391369
ILMN_1711368	TRAPPC9	7.0893199729369565
ILMN_2124833	TRAT1	3.685935243063019
ILMN_1890134	TRAV20	0.16445732056721127
ILMN_1693674	TRDN	5.2172455420368875
ILMN_1661003	TREH	2.0126465340420245
ILMN_1688231	TREM1	0.5941740886462789
ILMN_1701248	TREM2	4.48179495858169
ILMN_1690783	TREML1	1.5532865811548602
ILMN_1740864	TREML2	3.0557165704858122
ILMN_1802904	TREML3P	0.33471768346016195
ILMN_2205322	TREML4	0.22087397182814894
ILMN_2074894	TREML5P	0.45395308770008785
ILMN_1792076	TRERF1	8.826867358590748
ILMN_1676997	TREX1	3.252185913159525
ILMN_1680892	TREX2	1.4283009751481757
ILMN_1694817	TRH	7.2933383912612255
ILMN_1797063	TRHDE	0.33667056409405166
ILMN_1719393	TRHR	0.8957533505023738
ILMN_1774083	TRIAP1	10.58100059474337
ILMN_1803811	TRIB1	8.449121685698543
ILMN_1714700	TRIB2	9.53962278132657
ILMN_1787815	TRIB3	8.922392006577768
ILMN_1778755	TRIL	7.329593885126769
ILMN_1746788	TRIM10	3.772639030343438
ILMN_1718619	TRIM11	7.591450575375414
ILMN_2262275	TRIM13	9.644098898279188
ILMN_1713542	TRIM14	5.122981917021915
ILMN_1754476	TRIM15	2.287448451674622
ILMN_1661220	TRIM16	2.8895969066322125
ILMN_2193443	TRIM16L	1.7555526005452589
ILMN_1698237	TRIM17	3.6043567850446787
ILMN_1745079	TRIM2	10.0146620441795
ILMN_1678054	TRIM21	6.136200330041127
ILMN_1779252	TRIM22	5.2542111642983516
ILMN_1752741	TRIM23	8.633223001028332
ILMN_1799642	TRIM24	8.16260183638752
ILMN_1813625	TRIM25	5.017357739921702
ILMN_1738704	TRIM26	7.161759970723591
ILMN_1655482	TRIM27	6.9480138316214655
ILMN_1736575	TRIM28	9.651572120129389
ILMN_1741755	TRIM29	3.570828172688763
ILMN_1810441	TRIM3	7.288156457619799
ILMN_2362477	TRIM31	4.754607722884418
ILMN_1654737	TRIM32	7.801721258513566
ILMN_1682316	TRIM33	9.710895174136674
ILMN_2255142	TRIM34	1.929239521604573
ILMN_1671765	TRIM35	6.923345548703608
ILMN_1724350	TRIM36	8.969590410671024
ILMN_1704383	TRIM37	8.539745613463454
ILMN_1697971	TRIM38	0.29729117102734
ILMN_1736562	TRIM39	8.15513787267726
ILMN_2323385	TRIM4	9.662438292735528
ILMN_1653591	TRIM40	3.591949632300698
ILMN_1729495	TRIM41	9.390464719971396
ILMN_1718142	TRIM42	2.4691632869029565
ILMN_1784230	TRIM43	4.006455729542829
ILMN_1725901	TRIM43B	2.0209164516502582
ILMN_1796063	TRIM44	10.445871546989489
ILMN_1684352	TRIM45	5.11056484889806
ILMN_1770865	TRIM46	6.245866044462807
ILMN_1712708	TRIM47	2.2064083637735545
ILMN_1762021	TRIM48	3.6470654351784666
ILMN_3251638	TRIM49	1.6858077564603011
ILMN_1759504	TRIM49B	2.1511433736226584
ILMN_1785209	TRIM49C	4.920818256357289
ILMN_1681848	TRIM49D1	2.0857218146000576
ILMN_3242226	TRIM49D2	0.571605920116498
ILMN_2404665	TRIM5	7.0299187528847265
ILMN_1700408	TRIM50	1.658896525993094
ILMN_1753648	TRIM51	5.495277675695618
ILMN_1754130	TRIM52	4.9819496562641925
ILMN_1717915	TRIM54	3.2050742778882384
ILMN_1672479	TRIM55	0.4683082620918571
ILMN_1666376	TRIM56	5.7776791140506525
ILMN_1705458	TRIM58	2.934243494928704
ILMN_1784799	TRIM59	2.168087906239771
ILMN_1656910	TRIM6	5.633003140469326
ILMN_1791099	TRIM6-TRIM34	2.327823193658519
ILMN_2094631	TRIM60	4.242832208933989
ILMN_1706265	TRIM61	3.4286436085758143
ILMN_1666852	TRIM62	5.43149604455422
ILMN_1702489	TRIM63	3.096285319548986
ILMN_1768365	TRIM64	0.3772525132427831
ILMN_3206531	TRIM64C	1.630141721133856
ILMN_1764165	TRIM65	5.262738258600845
ILMN_3235584	TRIM66	8.186908373050796
ILMN_1667915	TRIM67	3.44796741706633
ILMN_1694174	TRIM68	7.797098617631247
ILMN_1813430	TRIM69	5.827826980664362
ILMN_1756657	TRIM7	5.002457263743892
ILMN_2225061	TRIM71	3.377163321031649
ILMN_1720717	TRIM72	2.905564679397237
ILMN_1790253	TRIM73	7.136037145675289
ILMN_2172547	TRIM74	2.8467121313893156
ILMN_1746704	TRIM8	11.071358690887502
ILMN_1763433	TRIM9	8.484645670592256
ILMN_1709877	TRIML1	6.117835498819267
ILMN_1666893	TRIML2	1.3883634808060457
ILMN_1805792	TRIO	5.910037463089886
ILMN_1735788	TRIOBP	8.398304609896497
ILMN_2161746	TRIP10	6.7383960625038215
ILMN_1658144	TRIP11	7.618025439135663
ILMN_1720241	TRIP12	8.318237187610768
ILMN_1796589	TRIP13	7.30929268276147
ILMN_1661173	TRIP4	7.861036867471
ILMN_1713990	TRIP6	8.951477277557432
ILMN_3243899	TRIQK	8.30962931816734
ILMN_1727692	TRIT1	9.575390176457441
ILMN_1700028	TRMO	7.257470111690725
ILMN_1812940	TRMT1	9.302403728176978
ILMN_1741005	TRMT10A	5.945837451055375
ILMN_3251477	TRMT10B	6.786904735072405
ILMN_1672565	TRMT10C	6.860666907397605
ILMN_1805481	TRMT11	10.298677004627924
ILMN_1690802	TRMT112	13.88864689189266
ILMN_1809944	TRMT12	7.965590059974701
ILMN_1659786	TRMT13	7.255442203334394
ILMN_1665300	TRMT1L	7.07386798539353
ILMN_1671913	TRMT2A	6.092212098659297
ILMN_1779663	TRMT2B	4.675057796359306
ILMN_1798129	TRMT44	6.385542592838625
ILMN_2167922	TRMT5	12.856730882655024
ILMN_1765085	TRMT6	4.910875250443545
ILMN_1675577	TRMT61A	5.887837960927083
ILMN_1706558	TRMT61B	5.692914976193772
ILMN_1733703	TRMU	6.59535005827883
ILMN_1732722	TRNAU1AP	5.784200380825791
ILMN_1695946	TRNP1	8.531027537496081
ILMN_1655924	TRNT1	6.985006294266779
ILMN_2409642	TRO	11.54723367995251
ILMN_1700337	TROAP	7.04803110882395
ILMN_2311518	TROVE2	10.547455060537699
ILMN_1656371	TRPA1	1.8393113201267959
ILMN_1674380	TRPC1	7.732782871398279
ILMN_1661657	TRPC2	0.4206128791594245
ILMN_2094377	TRPC3	4.674300446199398
ILMN_1782295	TRPC4	3.7606603907750427
ILMN_2402805	TRPC4AP	9.773830588594734
ILMN_1772242	TRPC5	4.131985442476987
ILMN_1656410	TRPC6	0.7760544881591697
ILMN_1683909	TRPC7	0.16351382144918467
ILMN_1791653	TRPM1	0.43466472170318227
ILMN_1815938	TRPM3	4.8895990006857835
ILMN_1679401	TRPM4	11.882125415514949
ILMN_1706805	TRPM5	0.37909995334141455
ILMN_1814296	TRPM6	2.058434679718751
ILMN_1667047	TRPM7	2.218459014524612
ILMN_1661637	TRPM8	2.677244272438749
ILMN_1814557	TRPS1	5.38528286807719
ILMN_2364674	TRPT1	11.364684059332163
ILMN_1813568	TRPV1	5.342899105404438
ILMN_2049536	TRPV2	6.47427871953126
ILMN_1802901	TRPV3	3.624086475533113
ILMN_2362346	TRPV4	1.16878775502835
ILMN_2176758	TRPV5	2.8051885645939065
ILMN_2272412	TRPV6	1.7232824412831242
ILMN_1660368	TRRAP	9.574871472201702
ILMN_1744574	TRUB1	7.170996466647331
ILMN_2116075	TRUB2	6.166011181443094
ILMN_1806963	TSACC	2.746264290661678
ILMN_2246510	TSC1	8.147254531143036
ILMN_1714216	TSC2	7.083959399754787
ILMN_1787567	TSC22D1	12.352600859503527
ILMN_2124187	TSC22D2	8.922539331604936
ILMN_1748124	TSC22D3	11.230747787710348
ILMN_1721636	TSC22D4	6.490969773531613
ILMN_1734486	TSEN15	9.945572670363736
ILMN_1746393	TSEN2	6.531775225200584
ILMN_2368292	TSEN34	12.117008252711225
ILMN_1657509	TSEN54	5.875926788040096
ILMN_2097954	TSFM	7.242034872233667
ILMN_3246534	TSG1	5.297047591174289
ILMN_1747146	TSG101	11.521056679050766
ILMN_1674645	TSGA10	3.7549804518102117
ILMN_1765427	TSGA10IP	0.719654225750403
ILMN_1758790	TSGA13	0.49473409285371694
ILMN_1652578	TSHB	0.992052272598649
ILMN_1746712	TSHR	3.122200144814315
ILMN_1718907	TSHZ1	6.617729196494989
ILMN_1655611	TSHZ2	8.918590528449652
ILMN_1743933	TSHZ3	8.251990531737244
ILMN_3245550	TSIX	0.7756991091987082
ILMN_1656291	TSKS	0.48922790335281885
ILMN_1801443	TSKU	8.092274779958009
ILMN_1801098	TSLP	4.044422200715434
ILMN_1768913	TSN	0.8333065145159498
ILMN_1781027	TSNARE1	1.201604093198254
ILMN_1713668	TSNAX	8.82865972881138
ILMN_1657194	TSNAXIP1	3.869449795891526
ILMN_1747546	TSPAN1	3.946713877645591
ILMN_1656194	TSPAN10	1.1922296327670943
ILMN_1842065	TSPAN11	4.29119837417966
ILMN_1768115	TSPAN12	6.213215422986397
ILMN_1669881	TSPAN13	11.918046682430791
ILMN_1785060	TSPAN14	7.290618710619252
ILMN_1803850	TSPAN15	4.827630238348043
ILMN_1743465	TSPAN16	0.8189372716004327
ILMN_1777881	TSPAN17	11.37834942734851
ILMN_1699980	TSPAN18	7.9390197125675295
ILMN_1746349	TSPAN19	1.0692288616718495
ILMN_1810093	TSPAN2	1.572761758278925
ILMN_1790549	TSPAN3	11.909896337714896
ILMN_1725079	TSPAN31	10.447838260421939
ILMN_1760449	TSPAN32	0.14650870297665672
ILMN_1749403	TSPAN33	9.184671693296023
ILMN_1718607	TSPAN4	10.99532659470497
ILMN_1799028	TSPAN5	8.297475079845606
ILMN_1730998	TSPAN6	10.234850530891046
ILMN_2120695	TSPAN7	11.909104006209825
ILMN_1683263	TSPAN8	0.8968804874641831
ILMN_1729453	TSPAN9	11.616242642176353
ILMN_1699901	TSPEAR	1.457443759429115
ILMN_1681679	TSPO	11.50393127084127
ILMN_1669208	TSPO2	2.4514257002226936
ILMN_2111229	TSPOAP1	6.019025057008587
ILMN_1716236	TSPY1	4.750446995579723
ILMN_1693860	TSPY2	3.9190083805247173
ILMN_1737360	TSPY26P	7.96201712137973
ILMN_2197750	TSPY3	1.1727100601052665
ILMN_1658315	TSPY4	2.1934394856330672
ILMN_1808923	TSPY8	0.2306440433314132
ILMN_1779014	TSPYL1	10.579930090307549
ILMN_2347298	TSPYL2	7.903110602265589
ILMN_1740500	TSPYL4	9.294861045139628
ILMN_1737972	TSPYL5	0.7131675624315593
ILMN_1701264	TSPYL6	6.654198963654326
ILMN_1775761	TSR1	7.737127816377438
ILMN_1670948	TSR2	11.120558491961566
ILMN_1713884	TSR3	6.895548553876502
ILMN_2129349	TSSC1	9.854136702018605
ILMN_3238977	TSSC2	4.617337948027744
ILMN_1802753	TSSC4	9.968650022473604
ILMN_1794666	TSSK1B	1.893536064109454
ILMN_1738843	TSSK2	4.907024281491998
ILMN_1760369	TSSK3	1.9010394365324161
ILMN_1723381	TSSK4	1.8185559385057148
ILMN_1791637	TSSK6	4.4094954758284635
ILMN_1691572	TST	10.339672379601376
ILMN_1697777	TSTA3	7.546762137299708
ILMN_3234456	TSTD1	4.708139933609289
ILMN_1684520	TSTD2	6.941837606905835
ILMN_1763231	TTBK1	4.21632120017665
ILMN_1705834	TTBK2	1.1940208675222348
ILMN_1743303	TTC1	8.169783538310444
ILMN_2183784	TTC12	5.0724569642517165
ILMN_1745573	TTC13	8.900061332970195
ILMN_2390472	TTC14	8.24408478958558
ILMN_1737271	TTC16	4.696736838611927
ILMN_1660810	TTC17	9.002679510785784
ILMN_2192385	TTC19	9.706972502358196
ILMN_1715332	TTC21A	4.162478827755263
ILMN_2217955	TTC21B	0.9353103190412719
ILMN_2122760	TTC22	1.9779890289906568
ILMN_1789807	TTC23L	3.6741312500603236
ILMN_1730963	TTC24	0.6563982908789474
ILMN_1710303	TTC25	6.212900435118724
ILMN_1676555	TTC26	5.752334820187218
ILMN_1757730	TTC27	8.547560011170988
ILMN_1755487	TTC28	7.129625149693065
ILMN_3272681	TTC28-AS1	0.61235594881261
ILMN_1694979	TTC29	1.3673321898611956
ILMN_1728605	TTC3	13.049843636386429
ILMN_1735822	TTC30A	6.0188158730454395
ILMN_1668795	TTC30B	3.9250185598006913
ILMN_1696375	TTC31	6.097288884923773
ILMN_2083593	TTC32	8.171358338464396
ILMN_1807088	TTC33	7.813355589569518
ILMN_2289623	TTC36	2.948740478166019
ILMN_1795911	TTC37	9.159807734750094
ILMN_1692464	TTC38	7.414030481674547
ILMN_2297570	TTC39A	0.3178453974951258
ILMN_1769290	TTC39B	6.105208382926125
ILMN_1746720	TTC39C	7.7655107256865845
ILMN_3310271	TTC3P1	0.5640316419633594
ILMN_1678140	TTC4	10.43952990359095
ILMN_1760651	TTC41P	1.0749386526821432
ILMN_1706455	TTC5	9.216196017485135
ILMN_1697160	TTC7A	3.1470876103245984
ILMN_1718971	TTC7B	5.273291969842208
ILMN_2401927	TTC8	7.754855588926188
ILMN_3243117	TTC9	4.7438991385833
ILMN_1682123	TTC9B	8.83975436278143
ILMN_2183389	TTC9C	9.150698846781802
ILMN_1713129	TTF1	8.24032631129961
ILMN_1810228	TTF2	6.007800213483928
ILMN_1741398	TTI1	6.013722873253641
ILMN_1760400	TTI2	10.064037607262119
ILMN_1788166	TTK	7.960269037809886
ILMN_1764043	TTL	9.186876123889972
ILMN_2372795	TTLL1	7.704972128045021
ILMN_1799329	TTLL10	0.20012035219445856
ILMN_1784356	TTLL11	5.875178544385925
ILMN_1663113	TTLL12	7.875554642514075
ILMN_1697086	TTLL2	4.122185616685909
ILMN_1785535	TTLL3	4.444644499341363
ILMN_1746846	TTLL4	5.810822551989799
ILMN_1754655	TTLL5	7.076301859744883
ILMN_1788394	TTLL6	3.9151139212819577
ILMN_1848916	TTLL7	6.405065238865721
ILMN_1757411	TTLL9	4.355176421647839
ILMN_2415634	TTN	6.734739521628881
ILMN_1741862	TTPA	0.337933983661054
ILMN_2364131	TTPAL	6.577330354119581
ILMN_2198912	TTR	2.662782666097383
ILMN_2204360	TTTY1	0.7132317824830384
ILMN_2149793	TTTY10	0.498407508856489
ILMN_2163540	TTTY11	4.472929279457566
ILMN_2098499	TTTY12	0.0
ILMN_2080309	TTTY13	0.8872089706883582
ILMN_2143383	TTTY14	2.2114866937397504
ILMN_2077896	TTTY15	0.601610166776377
ILMN_2145470	TTTY16	1.5422907283198395
ILMN_2055396	TTTY17A	3.6029541233149645
ILMN_3245112	TTTY17B	0.31728979549371994
ILMN_3244082	TTTY17C	1.8062237982019596
ILMN_2089365	TTTY18	1.6622157672731157
ILMN_2099858	TTTY19	2.53110883235152
ILMN_3249050	TTTY1B	0.45385051598151976
ILMN_2048223	TTTY2	2.5522806385819314
ILMN_1768489	TTTY20	0.26626725849702204
ILMN_2224230	TTTY21	1.7894895171716936
ILMN_3246344	TTTY21B	0.663255048349463
ILMN_3249639	TTTY22	0.691724456602286
ILMN_3236300	TTTY23	0.24036194593789537
ILMN_1767355	TTTY23B	1.2310961510927192
ILMN_3242975	TTTY2B	3.1682404009081995
ILMN_1669640	TTTY3	0.3277159584189016
ILMN_3239945	TTTY3B	1.210753098143683
ILMN_2066116	TTTY4	0.16296105422822132
ILMN_3242632	TTTY4B	4.4414146695233585
ILMN_1689843	TTTY4C	0.20626098407447332
ILMN_2164478	TTTY5	1.1434175040525734
ILMN_2211959	TTTY6	4.053379439950223
ILMN_1673390	TTTY6B	1.7316885269866427
ILMN_1810319	TTTY7	3.9085255409619593
ILMN_1736175	TTTY7B	2.81682638185273
ILMN_2087817	TTTY8	2.2788430485159306
ILMN_3240008	TTTY8B	0.0
ILMN_1796326	TTTY9A	0.7999901458891713
ILMN_2197608	TTTY9B	0.7932937318926169
ILMN_1758497	TTYH1	12.342202782174631
ILMN_1695829	TTYH2	7.195457333493281
ILMN_1692731	TTYH3	9.469424964285288
ILMN_1755352	TUB	10.565339206686998
ILMN_2148819	TUBA1A	15.643523460044996
ILMN_1800261	TUBA1B	14.495108084663734
ILMN_1742167	TUBA1C	15.285522518233108
ILMN_1679482	TUBA3C	1.621907703762913
ILMN_2215640	TUBA3D	7.755855790154162
ILMN_1652464	TUBA3E	6.053834205535572
ILMN_2050434	TUBA3FP	15.376693496466453
ILMN_1784300	TUBA4A	7.162026861090447
ILMN_1677635	TUBA4B	0.0
ILMN_1793659	TUBA8	1.7263426720210318
ILMN_1670385	TUBAL3	5.1573075335613385
ILMN_1665583	TUBB	14.123922089789327
ILMN_1710280	TUBB1	3.749972145548011
ILMN_2038775	TUBB2A	12.993872368482862
ILMN_1680874	TUBB2B	15.661674980276594
ILMN_1791726	TUBB3	14.70411790128374
ILMN_1682459	TUBB4A	9.855910804018025
ILMN_1780769	TUBB4B	11.387707266420348
ILMN_1702636	TUBB6	8.486897297780311
ILMN_2178994	TUBB8	0.9618688404349851
ILMN_1749253	TUBD1	5.242311417258175
ILMN_1764398	TUBE1	7.11649711733687
ILMN_1695731	TUBG1	10.760729103295196
ILMN_1701052	TUBG2	10.159185438346382
ILMN_1775074	TUBGCP2	9.098634167214906
ILMN_1696110	TUBGCP3	5.067518211338684
ILMN_1792173	TUBGCP4	7.112085768588115
ILMN_1803045	TUBGCP5	6.628625456108067
ILMN_1766803	TUBGCP6	7.562017565891314
ILMN_1738369	TUFM	10.996307274693317
ILMN_1781374	TUFT1	9.717703470629145
ILMN_1682783	TUG1	11.81531374531165
ILMN_2163547	TULP1	0.2960261962127892
ILMN_2091221	TULP2	0.2089502234357494
ILMN_1719199	TULP3	6.586306582400034
ILMN_1720965	TULP4	8.904323799335009
ILMN_1707350	TUSC1	6.739685186623233
ILMN_1804329	TUSC2	8.648049840524969
ILMN_2354547	TUSC3	11.054800310573398
ILMN_1776852	TUSC5	1.4177780949132404
ILMN_1880905	TUSC7	0.0
ILMN_1786108	TUT1	8.162143667661402
ILMN_3241250	TVP23A	5.745404826752856
ILMN_1661593	TVP23B	9.347192116834348
ILMN_1789407	TVP23C	7.76938803086654
ILMN_1681203	TWF1	7.349442868511965
ILMN_1703305	TWF2	9.310504308108419
ILMN_1672908	TWIST1	7.896365337843871
ILMN_1677429	TWIST2	6.595060139188139
ILMN_1781121	TWISTNB	6.527588077218325
ILMN_2214144	TWSG1	9.953136221839118
ILMN_1741143	TXK	3.2094623820570773
ILMN_1737084	TXLNA	10.30508703735755
ILMN_2107482	TXLNB	0.5359304411591815
ILMN_1882000	TXLNG	7.129925523042175
ILMN_2038776	TXN	13.799782691239864
ILMN_1654457	TXN2	5.8397504971985645
ILMN_1771862	TXNDC11	7.011560491555568
ILMN_1783753	TXNDC12	11.652100254323978
ILMN_1662848	TXNDC15	7.951679295556786
ILMN_1709740	TXNDC16	6.989694114759697
ILMN_1659437	TXNDC17	12.172016231888795
ILMN_1653607	TXNDC2	3.7602342875782493
ILMN_1788108	TXNDC5	10.502560817694054
ILMN_1707461	TXNDC8	2.348977417448699
ILMN_1731137	TXNDC9	7.843859688848897
ILMN_1697448	TXNIP	14.478539148535837
ILMN_1756860	TXNL1	8.743656995306928
ILMN_1790218	TXNL4A	5.284445891207826
ILMN_1748488	TXNL4B	6.330224366552513
ILMN_1717056	TXNRD1	8.231205610099503
ILMN_1657893	TXNRD2	7.546695796642922
ILMN_1678310	TXNRD3NB	0.2414421564921109
ILMN_1676955	TYK2	10.112337709385933
ILMN_2109708	TYMP	7.921853749210473
ILMN_1806040	TYMS	9.538942789291076
ILMN_1796074	TYMSOS	8.573042320451668
ILMN_1788774	TYR	0.44547431311833235
ILMN_1740169	TYRO3	8.74039046564066
ILMN_1778977	TYROBP	0.3018966901200321
ILMN_2054652	TYRP1	4.239962680961493
ILMN_1775677	TYSND1	7.673669070351206
ILMN_1736135	TYW1	7.530247905159272
ILMN_3298694	TYW1B	8.90529312701087
ILMN_1726842	TYW3	4.1654124104061045
ILMN_1785955	TYW5	3.657138951130559
ILMN_1772113	U2AF1	9.59832321888919
ILMN_1779177	U2AF1L4	7.390959102161553
ILMN_1768930	U2AF2	10.174218720248918
ILMN_2286334	U2SURP	7.853614803527196
ILMN_1758209	UACA	3.894741008170385
ILMN_1742461	UAP1	9.216023832749967
ILMN_1719998	UAP1L1	7.551398301570951
ILMN_3297945	UBA1	12.346519958056499
ILMN_1742872	UBA2	7.659910981348144
ILMN_2324157	UBA3	8.255760928728739
ILMN_2408450	UBA5	7.974956200579242
ILMN_1782977	UBA52	15.598066086950743
ILMN_1675085	UBA6	8.380725974433314
ILMN_1794612	UBA7	3.72736059037471
ILMN_1807044	UBAC1	10.841419253346698
ILMN_1713993	UBAC2	10.473134590595524
ILMN_1733863	UBALD1	5.762325698774678
ILMN_1775498	UBALD2	7.358707645941306
ILMN_1807596	UBAP1	9.479378405574069
ILMN_1667507	UBAP1L	0.0
ILMN_1716157	UBAP2	6.4276640724810585
ILMN_1814789	UBAP2L	9.59431228572081
ILMN_1684450	UBASH3A	2.056696030025828
ILMN_1653856	UBASH3B	8.534799719858652
ILMN_2191428	UBB	14.858407190023891
ILMN_2038773	UBC	15.767957203834387
ILMN_1678841	UBD	2.73111031545122
ILMN_2307455	UBE2A	10.409180400417261
ILMN_1663099	UBE2B	3.918321050838659
ILMN_2301083	UBE2C	12.226081519221758
ILMN_1787988	UBE2D1	0.5798997710665263
ILMN_1699503	UBE2D2	9.408730617559568
ILMN_2320853	UBE2D3	12.459332456651822
ILMN_1707084	UBE2D4	8.946983520043398
ILMN_3239223	UBE2DNL	3.037533011821431
ILMN_1806778	UBE2E1	12.546706973571615
ILMN_1707475	UBE2E2	12.194082648819924
ILMN_2390338	UBE2E3	12.559732657804872
ILMN_2164242	UBE2F	10.669030728353759
ILMN_1814465	UBE2G1	9.003447080545566
ILMN_1785179	UBE2G2	9.375155127379774
ILMN_1757644	UBE2H	8.294213465346262
ILMN_1810474	UBE2I	12.148026596521253
ILMN_1713759	UBE2J1	9.99963737708146
ILMN_2387990	UBE2J2	5.992886540650237
ILMN_1782954	UBE2K	8.72503061473203
ILMN_1769520	UBE2L6	12.819767805749121
ILMN_1701331	UBE2M	12.520623846042747
ILMN_2161015	UBE2MP1	1.8472303696966181
ILMN_1793651	UBE2N	11.009997446743474
ILMN_1772925	UBE2NL	1.121992324006789
ILMN_1746579	UBE2O	7.148421627635222
ILMN_1776325	UBE2Q1	7.538938845412418
ILMN_1683817	UBE2Q2	10.670886430455482
ILMN_1769540	UBE2Q2P1	1.6145655059728956
ILMN_3235825	UBE2Q2P2	5.350090414458857
ILMN_1675721	UBE2R2	6.637533624575275
ILMN_2217289	UBE2S	5.926066868183142
ILMN_1711470	UBE2T	10.16938395628811
ILMN_1725870	UBE2U	1.0773289821087226
ILMN_1726107	UBE2V1	7.081120254465531
ILMN_1770515	UBE2V2	11.065710340440424
ILMN_1717420	UBE2W	8.730941987836294
ILMN_1692168	UBE2Z	9.238017625948613
ILMN_1764549	UBE3A	10.401852740243019
ILMN_1752027	UBE3B	5.871002938385685
ILMN_2181363	UBE3C	8.357206419292977
ILMN_1719103	UBE3D	5.626835103936163
ILMN_1739259	UBE4A	7.7286285595902955
ILMN_1675674	UBE4B	9.360994849240765
ILMN_1700811	UBFD1	8.724811741541231
ILMN_1651872	UBIAD1	8.157045575703947
ILMN_1810729	UBL3	10.832343574191107
ILMN_1742147	UBL4A	8.64212508126523
ILMN_1806394	UBL4B	1.1369633302495286
ILMN_2340065	UBL5	12.793491889279887
ILMN_1733991	UBL7	8.260579691360418
ILMN_2202481	UBLCP1	9.195219198977835
ILMN_2399503	UBN1	9.192639256455951
ILMN_3248928	UBN2	6.9616234273319995
ILMN_1774784	UBOX5	5.449508900150821
ILMN_1784410	UBP1	9.328980948041226
ILMN_1688622	UBQLN1	11.423660932903182
ILMN_1680770	UBQLN2	9.871843894339035
ILMN_1796639	UBQLN3	2.895911905878645
ILMN_1789349	UBQLN4	10.571549782662142
ILMN_1748907	UBQLNL	2.6134637147305444
ILMN_1795964	UBR1	2.8205173229942484
ILMN_1663489	UBR2	8.690081790148133
ILMN_3242176	UBR3	7.840018021688479
ILMN_1699226	UBR4	8.737167215530322
ILMN_2204726	UBR5	8.767290189653812
ILMN_1794914	UBTD1	8.045358536550511
ILMN_1731412	UBTD2	9.525719693441287
ILMN_1806946	UBTF	6.557920717012998
ILMN_3206537	UBTFL1	0.7944280624260308
ILMN_1812769	UBXN1	12.41782329579977
ILMN_1726798	UBXN10	3.4397205388169882
ILMN_2376416	UBXN11	6.80762082277996
ILMN_1776038	UBXN2A	7.812979964527194
ILMN_3236556	UBXN2B	9.052838911022725
ILMN_1781097	UBXN4	10.210905526486977
ILMN_1658624	UBXN6	10.052223219141913
ILMN_1743594	UBXN7	4.641831515582843
ILMN_1731891	UBXN8	6.423556007032158
ILMN_3239254	UCA1	5.497905067817217
ILMN_1757387	UCHL1	13.296924892861663
ILMN_1660111	UCHL3	8.75167914693096
ILMN_1731612	UCHL5	8.32078376756636
ILMN_1719785	UCK1	6.280626355825526
ILMN_1768662	UCK2	8.227465133688602
ILMN_2050255	UCKL1	9.516719284704669
ILMN_3300568	UCKL1-AS1	1.249524171886016
ILMN_1773497	UCMA	3.306794472709754
ILMN_2084073	UCN	8.095147388895334
ILMN_1652413	UCN2	0.1123237988964116
ILMN_1750469	UCN3	2.0006661024484598
ILMN_1677617	UCP1	1.5125383767278235
ILMN_1685625	UCP2	6.342647643135489
ILMN_1750521	UCP3	1.6499452169997024
ILMN_1711452	UEVLD	5.294107337515414
ILMN_2110281	UFC1	11.069515571105983
ILMN_1665737	UFD1L	6.126588233336267
ILMN_2058975	UFL1	5.919904494285592
ILMN_1757646	UFM1	10.506112340491446
ILMN_1771601	UFSP1	0.5769356535594499
ILMN_1756311	UFSP2	10.71269456370733
ILMN_1736939	UGCG	8.368550921184436
ILMN_1729563	UGDH	9.217921699387569
ILMN_2360291	UGGT1	5.014898699949229
ILMN_1788387	UGGT2	7.225746460709746
ILMN_2389151	UGP2	10.143976986430767
ILMN_1744817	UGT1A1	1.2592711192149022
ILMN_1740233	UGT1A10	0.5968185285567993
ILMN_2206420	UGT1A3	7.019492735083193
ILMN_1697967	UGT1A4	0.9375248329342205
ILMN_1707828	UGT1A5	0.0
ILMN_1758907	UGT1A6	5.458408432326479
ILMN_1764607	UGT1A7	3.228939498694569
ILMN_2061537	UGT1A8	0.7209991727488605
ILMN_1795872	UGT1A9	2.7437976409227915
ILMN_1721926	UGT2A1	1.6646356369467752
ILMN_3244688	UGT2A2	0.7211080853816284
ILMN_2121979	UGT2A3	3.8844568554096965
ILMN_1742444	UGT2B10	0.31954614309053214
ILMN_2162819	UGT2B11	4.582075436869341
ILMN_2048414	UGT2B15	0.554380454754737
ILMN_1808677	UGT2B17	5.329304645009259
ILMN_1781859	UGT2B28	0.9528735769448633
ILMN_2206500	UGT2B4	2.486507819258461
ILMN_1718833	UGT2B7	3.109579762513169
ILMN_2133038	UGT3A1	0.9532159460397734
ILMN_1655565	UGT3A2	4.5144183764502195
ILMN_1758816	UGT8	3.239537228675578
ILMN_1859946	UHMK1	10.28351601591963
ILMN_1786065	UHRF1	9.666723052568782
ILMN_3242462	UHRF1BP1	7.848293885002882
ILMN_1737705	UHRF1BP1L	5.875346845509136
ILMN_1691444	UHRF2	7.556006612042551
ILMN_1691188	UIMC1	11.339531596203466
ILMN_1738407	ULBP1	5.561477624708753
ILMN_3238676	ULBP2	6.667631185181182
ILMN_1769910	ULBP3	1.097419796982907
ILMN_1705144	ULK1	11.357465229402356
ILMN_1715482	ULK2	7.2950855682481075
ILMN_1679495	ULK3	6.355746539486103
ILMN_3236866	ULK4	3.308249962216092
ILMN_3303673	UMAD1	7.0726139926672245
ILMN_1740585	UMOD	2.9405426147953992
ILMN_1665246	UMODL1	1.0379896904685635
ILMN_1757437	UMPS	4.142176518811216
ILMN_1664698	UNC119	10.628764763498788
ILMN_3245351	UNC119B	7.235198001936361
ILMN_1722849	UNC13A	5.342548785607666
ILMN_1669747	UNC13B	7.274959715857013
ILMN_2306661	UNC13C	4.063218642727916
ILMN_1773380	UNC13D	3.216557944304729
ILMN_2395932	UNC45A	8.326178044183813
ILMN_1698739	UNC45B	3.8449608752818563
ILMN_1766981	UNC50	9.746014686078729
ILMN_1712913	UNC5A	8.166056589132516
ILMN_2176502	UNC5B	4.7089509849994515
ILMN_1687875	UNC5C	5.413437665237326
ILMN_1745491	UNC5CL	3.357225322025279
ILMN_1703826	UNC5D	2.316698587374161
ILMN_1695061	UNC79	6.0619270609519775
ILMN_2073520	UNC80	5.478563656912627
ILMN_1746652	UNC93A	1.2909825125104657
ILMN_2193591	UNC93B1	5.921388399684375
ILMN_1800795	UNCX	7.487020737376517
ILMN_1683120	UNG	10.01748162102034
ILMN_2192469	UNK	1.9020586968819755
ILMN_1674996	UNKL	6.185801721759223
ILMN_3235051	UNQ6494	2.1386374273877222
ILMN_3249654	UOX	1.2031574598585366
ILMN_1678690	UPB1	2.951820746641508
ILMN_1688011	UPF1	7.502798454631843
ILMN_2383693	UPF2	9.889165063827425
ILMN_1705515	UPF3A	8.499423059125618
ILMN_1798163	UPF3B	9.439754908074137
ILMN_1655637	UPK1A	5.480653392532001
ILMN_1812679	UPK1B	1.8423746844048388
ILMN_1685934	UPK2	0.879991117320163
ILMN_1718477	UPK3A	2.4760370680866766
ILMN_1706441	UPK3B	3.760248447248643
ILMN_3236765	UPK3BL	10.21316489328148
ILMN_1798256	UPP1	10.5567213726307
ILMN_1652037	UPP2	1.536678399891148
ILMN_2154101	UPRT	7.905807524655537
ILMN_1745152	UQCC1	9.419638746858448
ILMN_1790461	UQCC2	11.940529525351494
ILMN_3240370	UQCC3	8.268478538941915
ILMN_1781986	UQCR10	10.345997758228226
ILMN_1745049	UQCR11	7.361678191429707
ILMN_1759453	UQCRB	10.676994733542221
ILMN_1711729	UQCRBP1	13.36410122693298
ILMN_1671191	UQCRC1	11.24915504743966
ILMN_1718853	UQCRC2	10.725578205708883
ILMN_1701749	UQCRFS1	13.127872465393478
ILMN_2232936	UQCRH	14.084953433943648
ILMN_1718136	UQCRHL	13.482141159220346
ILMN_1666471	UQCRQ	13.908226651208073
ILMN_3248347	URAD	0.6131665548277038
ILMN_3258730	URAHP	2.264603360192757
ILMN_3245151	URB1	4.097189067361775
ILMN_3249406	URB2	6.263320570619869
ILMN_1777811	URGCP	8.849104931454308
ILMN_1774196	URM1	11.134499934846405
ILMN_1668533	UROC1	3.397435824948252
ILMN_1740742	UROD	11.286665892413948
ILMN_1797384	UROS	11.264240353203073
ILMN_1765880	USB1	9.14749792721142
ILMN_1664243	USE1	7.006807089444837
ILMN_1777982	USF1	9.274199941848282
ILMN_2324672	USF2	8.895483048271993
ILMN_1675445	USF3	0.6341629502909919
ILMN_1668946	USH1C	0.8015734972548189
ILMN_1717852	USH1G	6.276252980514702
ILMN_1731101	USH2A	3.7363271626133643
ILMN_1693274	USHBP1	0.5827369602235756
ILMN_1773313	USMG5	10.349211725843732
ILMN_1692121	USO1	9.750227224899367
ILMN_1696975	USP1	8.303639809696916
ILMN_1721116	USP10	9.386036629663304
ILMN_1664537	USP11	10.734393035656332
ILMN_1687284	USP12	4.69805374341783
ILMN_3251526	USP13	7.823227980386206
ILMN_2402947	USP14	7.744823417808404
ILMN_1665557	USP15	7.658322101648335
ILMN_2397231	USP16	8.521998725984792
ILMN_2335123	USP17L2	0.9363918355221111
ILMN_1754640	USP17L24	3.7679571199277286
ILMN_3298384	USP17L26	1.7475004548583326
ILMN_3237089	USP17L27	4.1917309929905375
ILMN_3237186	USP17L28	4.301713098944961
ILMN_3237263	USP17L29	2.130071941844967
ILMN_3298585	USP17L30	2.42805556846058
ILMN_3236992	USP17L5	0.8134894184785396
ILMN_3194480	USP17L6P	4.0265679256891955
ILMN_3240420	USP18	4.0540738948829125
ILMN_1718679	USP19	4.821913414046526
ILMN_1653940	USP2	6.345929779006501
ILMN_1750325	USP20	0.5295746894207999
ILMN_2349006	USP21	7.720851158482023
ILMN_1666609	USP22	8.363980716446394
ILMN_1684594	USP24	8.562114177886368
ILMN_1670764	USP25	3.20467466370342
ILMN_1744794	USP26	3.4237185975511664
ILMN_1704377	USP27X	5.141226314964166
ILMN_1794306	USP28	2.317541505503114
ILMN_1682795	USP29	0.0
ILMN_1725862	USP3	10.898972671348218
ILMN_1741455	USP30	6.1167943129424005
ILMN_1661156	USP31	1.080256829306757
ILMN_1653337	USP32	4.590365483414687
ILMN_3246453	USP32P1	0.19700135476744748
ILMN_1704295	USP32P2	1.691878476009581
ILMN_1723536	USP33	7.954633385379783
ILMN_1739454	USP34	7.73293906592244
ILMN_1739384	USP35	7.168059189588949
ILMN_1686319	USP37	6.4716811653665935
ILMN_1704876	USP38	8.839061200198927
ILMN_1659523	USP39	9.59920600678728
ILMN_1798712	USP4	8.627634825166604
ILMN_1757536	USP40	4.08329942969592
ILMN_2115696	USP42	9.339980585060768
ILMN_2093188	USP43	1.8724458085970455
ILMN_2364819	USP44	5.160256988239881
ILMN_2380453	USP45	3.4327835753912983
ILMN_1724410	USP46	7.761751593803353
ILMN_1722953	USP47	6.370296690776325
ILMN_1756873	USP48	6.423231917345098
ILMN_1680279	USP49	10.655364996494116
ILMN_1671494	USP5	10.352163763583565
ILMN_1660536	USP50	0.0
ILMN_1882248	USP51	4.236536431277558
ILMN_1795275	USP53	3.7527573607267755
ILMN_1738971	USP54	4.313230341898154
ILMN_1721727	USP6	4.457474114195423
ILMN_2311826	USP6NL	7.148811526429131
ILMN_1729319	USP7	7.7768125514528705
ILMN_1715188	USP8	6.827368863408622
ILMN_1656165	USP9X	8.915236782898736
ILMN_2056795	USP9Y	1.1489290237903622
ILMN_1662686	USPL1	9.627190436630553
ILMN_1700024	UST	6.832413757359294
ILMN_1768793	UTF1	0.7732904138665546
ILMN_2130838	UTP11	10.119876690950099
ILMN_2095820	UTP14A	8.015354675304158
ILMN_1686645	UTP14C	8.05669503926974
ILMN_1735908	UTP15	5.746232021307658
ILMN_1779584	UTP18	7.060591915552577
ILMN_2102580	UTP20	1.9346805188295795
ILMN_1774860	UTP23	7.805381122428581
ILMN_1745423	UTP3	7.2241519571852715
ILMN_1796235	UTP4	9.549821346685372
ILMN_1778238	UTP6	10.06600113397929
ILMN_1655296	UTRN	5.890303632307802
ILMN_1671818	UTS2	10.465839796712382
ILMN_1812093	UTS2B	6.98068141743054
ILMN_1747962	UTS2R	3.396505696447466
ILMN_2264634	UTY	2.4798897316372464
ILMN_1761069	UVRAG	6.845200232736612
ILMN_1810225	UVSSA	6.810510374154002
ILMN_1776334	UXS1	2.5577603270625118
ILMN_1671314	UXT	12.886766150195136
ILMN_1799024	VAC14	5.692728727411624
ILMN_1737611	VAMP1	8.861963656062558
ILMN_1713491	VAMP2	11.644851422194767
ILMN_1714527	VAMP3	8.500595099213982
ILMN_1761363	VAMP4	8.647544136310467
ILMN_1809467	VAMP5	7.17259496799764
ILMN_1690524	VAMP7	9.584742510989253
ILMN_2190084	VAMP8	6.052447892164646
ILMN_1685929	VANGL1	0.0
ILMN_1715647	VANGL2	11.230244378651504
ILMN_1779410	VAPA	5.330765283920246
ILMN_1901947	VAPB	5.954197803012094
ILMN_1696601	VARS	9.495360886128347
ILMN_1737585	VARS2	9.599824752617073
ILMN_1796216	VASH1	8.40170309311071
ILMN_1692698	VASH2	8.49671353078068
ILMN_1667295	VASN	8.530665735684629
ILMN_1812001	VASP	3.10300841069142
ILMN_1700690	VAT1	10.989170293293924
ILMN_1749466	VAT1L	10.173278362669825
ILMN_1717334	VAV1	2.5923315037502013
ILMN_1794781	VAV2	8.662268634733186
ILMN_1657679	VAV3	6.882377443491376
ILMN_1771058	VAX1	0.7592780985236259
ILMN_1760047	VAX2	5.43610105008986
ILMN_2223010	VBP1	12.159554523818537
ILMN_2307903	VCAM1	8.428510989186302
ILMN_1687301	VCAN	10.431448850184935
ILMN_1795429	VCL	10.612209954069408
ILMN_1777220	VCP	10.760081927498307
ILMN_1682180	VCPIP1	6.847290651219822
ILMN_2394193	VCPKMT	9.3374963131303
ILMN_1684886	VCX	6.724051948581601
ILMN_1706028	VCX2	4.969367626895333
ILMN_2366642	VCX3A	7.164265704681324
ILMN_2166716	VCX3B	6.7970716811050105
ILMN_2170157	VCY	3.1859176004754346
ILMN_1720947	VCY1B	0.0
ILMN_2175601	VDAC1	12.465997170634159
ILMN_2221066	VDAC2	0.0
ILMN_1729816	VDAC3	12.445242467137986
ILMN_2319952	VDR	2.844944583407148
ILMN_2375879	VEGFA	8.366021433545571
ILMN_1726981	VEGFB	12.43844048348359
ILMN_1701204	VEGFC	5.933398152735969
ILMN_1782352	VENTX	1.4679261750723025
ILMN_3231823	VENTXP1	5.756661680911364
ILMN_2203748	VENTXP7	2.9024999479999227
ILMN_1684336	VEPH1	1.0173328233026981
ILMN_1705310	VEZF1	10.86866721771308
ILMN_1774828	VEZT	9.71098478381246
ILMN_1757497	VGF	13.343410662434176
ILMN_1719753	VGLL1	4.635339739012484
ILMN_1762714	VGLL2	3.626309475679656
ILMN_1714586	VGLL3	0.0
ILMN_1768480	VGLL4	10.772643047408716
ILMN_1738579	VHL	10.047330763285919
ILMN_1779481	VHLL	0.4654487391587498
ILMN_1661750	VIL1	0.2890909578367811
ILMN_1778650	VILL	0.09885571178799812
ILMN_1782538	VIM	15.250537179484771
ILMN_1787680	VIMP	12.095554895567721
ILMN_1794638	VIP	4.056001297315663
ILMN_1734440	VIPAS39	8.506052560609708
ILMN_2199389	VIPR1	5.473957473762321
ILMN_1683939	VIPR2	2.304471742335197
ILMN_1709434	VIT	3.985007301272202
ILMN_1739946	VKORC1	12.950163215725775
ILMN_1802894	VKORC1L1	9.64775555167449
ILMN_2361862	VLDLR	7.911719332885956
ILMN_3243324	VLDLR-AS1	7.086960377748898
ILMN_1682694	VMA21	11.355736864586945
ILMN_1789467	VMAC	1.1279309217584277
ILMN_1735910	VMO1	4.115267629075445
ILMN_1692754	VMP1	10.251825695604646
ILMN_1742046	VN1R1	4.853541637400119
ILMN_2122926	VN1R2	4.568595235497271
ILMN_1738828	VN1R4	3.353942158707881
ILMN_1767070	VN1R5	4.843196259556215
ILMN_1674574	VNN1	2.255339254790078
ILMN_1678939	VNN2	2.1814786811238482
ILMN_2387680	VNN3	4.429140103563359
ILMN_1757827	VOPP1	8.719262194844731
ILMN_1738549	VPREB1	0.0
ILMN_1700147	VPREB3	5.200520741501445
ILMN_1717781	VPS11	6.047334062810404
ILMN_1855746	VPS13A	5.936890504082503
ILMN_3188165	VPS13A-AS1	4.371315907829797
ILMN_2268409	VPS13B	5.52943757695467
ILMN_2398865	VPS13C	5.121400841768068
ILMN_1656840	VPS13D	1.886756618686215
ILMN_1778078	VPS16	10.58222495531316
ILMN_1721575	VPS18	6.566594151434848
ILMN_2149566	VPS25	9.899961421203491
ILMN_2344850	VPS26A	10.524361341339903
ILMN_1736751	VPS26B	9.325524557604398
ILMN_1790797	VPS28	10.89667874660495
ILMN_1704619	VPS29	11.092100203784375
ILMN_1662316	VPS33A	7.718929842526692
ILMN_1789243	VPS33B	8.716673166972035
ILMN_1761721	VPS35	10.92201006794871
ILMN_1802519	VPS36	8.306570024036521
ILMN_2161832	VPS37A	8.826799524159338
ILMN_1710427	VPS37B	7.420395651748156
ILMN_1789233	VPS37C	10.370136661934655
ILMN_1692865	VPS37D	12.513392037363756
ILMN_1770388	VPS39	6.588718350085042
ILMN_1703379	VPS41	10.08990917704343
ILMN_1683243	VPS45	9.603189429138082
ILMN_1708946	VPS4A	8.049323801920606
ILMN_1792587	VPS4B	8.497667966485086
ILMN_1716342	VPS50	4.0689490559366766
ILMN_2077094	VPS51	11.663711547017678
ILMN_1666632	VPS52	7.960749645974616
ILMN_1912997	VPS53	5.596973004444249
ILMN_1761086	VPS54	7.079647888714387
ILMN_1722774	VPS72	9.811912694030651
ILMN_1678268	VPS8	8.369685841047742
ILMN_1693630	VPS9D1	7.40768256469045
ILMN_3263702	VPS9D1-AS1	4.199822200854654
ILMN_1805828	VRK1	8.372784049170267
ILMN_1750088	VRK2	2.7529817747828056
ILMN_1771697	VRK3	7.706659743484233
ILMN_2055218	VRTN	3.2920984143171594
ILMN_1806198	VSIG1	0.7960885662608025
ILMN_1790197	VSIG10	5.255943019587671
ILMN_1765979	VSIG10L	6.2578374293131676
ILMN_1666536	VSIG2	3.0769344834957786
ILMN_1669409	VSIG4	3.768579401077565
ILMN_1730740	VSIG8	1.0341729992953037
ILMN_1676413	VSNL1	6.549306879342162
ILMN_1763455	VSTM1	1.4763849357137875
ILMN_3242125	VSTM2A	6.05674096889393
ILMN_3297876	VSTM2B	7.685345973481334
ILMN_1715927	VSTM2L	9.319924717959358
ILMN_1742473	VSTM4	5.099639709220628
ILMN_1652946	VSTM5	2.673025610055379
ILMN_1680015	VSX1	1.7338716543257933
ILMN_1721449	VSX2	5.423352822011419
ILMN_1813010	VTA1	8.035534027261324
ILMN_1753101	VTCN1	0.0
ILMN_1810848	VTI1A	1.3373411483635689
ILMN_1693136	VTI1B	9.532865922385104
ILMN_1691127	VTN	0.06001981209943145
ILMN_3309759	VTRNA1-1	3.3350666334328913
ILMN_3310441	VTRNA1-2	0.5914626572630536
ILMN_3310643	VTRNA2-1	1.2323008982054355
ILMN_1781636	VWA1	4.506155536496888
ILMN_1807556	VWA3A	7.278339401232977
ILMN_2094786	VWA3B	4.844381857362859
ILMN_1764769	VWA5A	8.088614854694397
ILMN_2135456	VWA5B1	2.8554256594348444
ILMN_1756393	VWA5B2	1.7614365778204837
ILMN_1712836	VWA7	1.7926779874074326
ILMN_1808260	VWA8	5.970867695611027
ILMN_1736448	VWC2	5.938706119217368
ILMN_2386631	VWC2L	1.8086120598692956
ILMN_1760315	VWCE	7.520007783886825
ILMN_1699275	VWDE	2.9486608421657867
ILMN_1752755	VWF	0.28104379989399997
ILMN_2374692	WAC	9.711102710091092
ILMN_1693668	WAPL	6.953252112954544
ILMN_2337655	WARS	8.983362631561342
ILMN_2323979	WARS2	3.991618373414552
ILMN_1760027	WAS	6.168528293429836
ILMN_2342174	WASF1	5.827262746231113
ILMN_1684051	WASF2	7.679754598050469
ILMN_1810797	WASF3	11.165639974009336
ILMN_1655952	WASH1	12.06261126441371
ILMN_3248844	WASH2P	6.696017432713333
ILMN_1713406	WASH3P	10.284700383425799
ILMN_3239735	WASH7P	6.118217831636734
ILMN_1666004	WASL	9.263319409624087
ILMN_2093231	WBP1	10.595619491719523
ILMN_1766435	WBP11	10.352708593418752
ILMN_1782994	WBP11P1	5.488095460949761
ILMN_1658830	WBP1L	8.105128513255307
ILMN_1788604	WBP2	12.404480435354005
ILMN_1672960	WBP2NL	1.5332662189841513
ILMN_1697906	WBP4	7.939919884073216
ILMN_1701557	WBSCR17	3.2563521347261166
ILMN_1697348	WBSCR22	8.98222679604993
ILMN_1719170	WBSCR27	4.14369928742346
ILMN_1664267	WBSCR28	1.9329445120849256
ILMN_1730631	WDCP	9.650179187614635
ILMN_1676448	WDFY1	10.958769205149524
ILMN_1802292	WDFY2	6.8798386685377535
ILMN_1670518	WDFY3	3.908544758066601
ILMN_3236551	WDFY4	1.9819945686027614
ILMN_1756043	WDHD1	5.305232927562185
ILMN_1717010	WDPCP	4.694643034792416
ILMN_1780036	WDR1	10.64916179506733
ILMN_1662896	WDR11	7.771606544714472
ILMN_1770692	WDR12	9.660533272829602
ILMN_1805512	WDR13	10.319515100474527
ILMN_2367440	WDR17	4.666678885626442
ILMN_1694479	WDR18	11.699282751646187
ILMN_1655117	WDR19	8.968610767212867
ILMN_1707199	WDR20	9.093470818979903
ILMN_1761442	WDR24	7.380843075980618
ILMN_1704351	WDR25	8.1663961092213
ILMN_1719343	WDR26	8.767047444446552
ILMN_1688160	WDR27	5.1424194857387375
ILMN_1711254	WDR3	4.475864589105968
ILMN_2387180	WDR31	2.0908841305990618
ILMN_1670172	WDR33	12.084465333986545
ILMN_1685928	WDR34	6.801922497039777
ILMN_1789879	WDR35	4.731838474454821
ILMN_1727184	WDR36	7.404617592483156
ILMN_2096405	WDR37	9.298132107273856
ILMN_2077008	WDR38	3.9014982310804633
ILMN_1656628	WDR4	7.075192695664458
ILMN_1778488	WDR41	9.705615454795927
ILMN_1704621	WDR44	6.453799097415216
ILMN_2251279	WDR45	6.246193983952781
ILMN_1685763	WDR45B	10.680249344568834
ILMN_2212354	WDR46	7.890550058083394
ILMN_1741869	WDR47	9.673935530515813
ILMN_1762103	WDR48	8.951193380478228
ILMN_1757180	WDR49	5.166917395999205
ILMN_1728626	WDR5	8.127472455541495
ILMN_1724986	WDR53	6.207158999045764
ILMN_1658289	WDR54	12.740809323300256
ILMN_1678957	WDR55	6.679197457839927
ILMN_1795428	WDR59	8.857773220549388
ILMN_1665622	WDR5B	1.0119777994988914
ILMN_1669484	WDR6	11.053358623780914
ILMN_1793290	WDR60	7.836593286206543
ILMN_1665887	WDR61	9.995338870030578
ILMN_1673073	WDR62	1.6360890519085212
ILMN_1653771	WDR63	3.3073160660184455
ILMN_1797204	WDR64	5.253679131563129
ILMN_1800341	WDR66	4.98924286573406
ILMN_2383516	WDR7	7.60305584475153
ILMN_2131392	WDR70	8.563977291691897
ILMN_1763196	WDR72	6.076040788350951
ILMN_1702592	WDR73	6.9647239264305965
ILMN_2270845	WDR74	8.686081518010639
ILMN_1801869	WDR75	9.972240608760714
ILMN_1803192	WDR76	2.6821353333331994
ILMN_1742889	WDR77	6.637616575066732
ILMN_1670554	WDR78	2.71312871954335
ILMN_1805863	WDR81	1.6246233846885536
ILMN_1679655	WDR82	10.870055988966536
ILMN_1719763	WDR83	8.803683784752353
ILMN_1757914	WDR83OS	11.875983277989697
ILMN_1700248	WDR86	10.870431027685717
ILMN_1679728	WDR87	3.9553451555141197
ILMN_1754913	WDR88	0.7172596996062213
ILMN_1659517	WDR89	7.1145015496834105
ILMN_1698185	WDR90	6.002222709174316
ILMN_1652223	WDR91	6.200180043189948
ILMN_1662065	WDR92	4.717575087287158
ILMN_1733254	WDR93	0.3350445529953591
ILMN_1735275	WDSUB1	8.577099450625793
ILMN_1707600	WDTC1	0.8705181664858127
ILMN_1695491	WDYHV1	10.556812333068383
ILMN_1778561	WEE1	7.498980828635797
ILMN_3236472	WEE2	1.8927964590468154
ILMN_1660808	WFDC1	2.41842696886223
ILMN_2120429	WFDC10A	0.17797185891446865
ILMN_1661076	WFDC10B	1.610109588240464
ILMN_1749398	WFDC11	1.2612485641945346
ILMN_1659085	WFDC12	0.9229133698521811
ILMN_1723113	WFDC13	0.38850614217163154
ILMN_3307693	WFDC2	8.24986845685729
ILMN_1740415	WFDC3	3.467124505063285
ILMN_1744923	WFDC5	4.333029942951749
ILMN_1685761	WFDC6	1.8255121988838556
ILMN_1799548	WFDC8	3.6182496449301205
ILMN_1677734	WFDC9	0.0
ILMN_1809601	WFIKKN1	0.9622836629640679
ILMN_1662837	WFIKKN2	0.0
ILMN_1759023	WFS1	8.487254980355468
ILMN_2279873	WHAMM	6.570338381427969
ILMN_1729077	WHAMMP2	0.3251740849535504
ILMN_1758390	WHAMMP3	0.8371428325948628
ILMN_1717434	WHRN	5.3236303851189
ILMN_1766112	WHSC1	6.051520122010207
ILMN_1807379	WHSC1L1	7.125692816986956
ILMN_1720566	WI2-2373I1.2	0.4353575289837101
ILMN_1721541	WIF1	6.398145739198152
ILMN_1668417	WIPF1	5.740936633761958
ILMN_1775171	WIPF2	3.9102694595305008
ILMN_1674149	WIPF3	3.5450995029085335
ILMN_1781386	WIPI1	8.602619616566487
ILMN_2321292	WIPI2	8.342433960463104
ILMN_1713499	WISP1	3.350531076450986
ILMN_1812461	WISP2	2.453475104513934
ILMN_1755631	WISP3	2.7123317871283343
ILMN_3244363	WIZ	6.459151209691169
ILMN_2283325	WLS	9.564290466215473
ILMN_1876924	WNK1	8.871400058955961
ILMN_1761684	WNK2	4.42920960348306
ILMN_2394552	WNK3	6.734841524019417
ILMN_1669114	WNK4	0.3580860775329083
ILMN_1814443	WNT1	2.9740860135192224
ILMN_1658426	WNT10A	1.7025419121732952
ILMN_1712283	WNT10B	3.135971843710802
ILMN_1662188	WNT11	6.003524767771712
ILMN_1679215	WNT16	3.5651455726382353
ILMN_1694011	WNT2	3.918735243890087
ILMN_1740269	WNT2B	4.722778951712671
ILMN_1803593	WNT3	6.2700023896792025
ILMN_1815700	WNT3A	1.4772950057360872
ILMN_1666392	WNT4	7.57445302601564
ILMN_1800317	WNT5A	6.877437836499511
ILMN_1772824	WNT5B	7.036662112699656
ILMN_1795706	WNT6	0.9484260100742002
ILMN_1778575	WNT7A	10.314748551579127
ILMN_2153495	WNT7B	6.973144036819565
ILMN_1727252	WNT8A	2.585357027710165
ILMN_1749675	WNT8B	0.0
ILMN_3307767	WNT9A	5.419964243215887
ILMN_1703459	WNT9B	0.6277980584482857
ILMN_1693669	WRAP53	7.926132029064152
ILMN_1711166	WRAP73	8.213774416550251
ILMN_2085922	WRB	9.249464927033257
ILMN_1679881	WRN	7.530453769061165
ILMN_2332105	WRNIP1	9.90073114226695
ILMN_2415748	WSB1	12.255935163645361
ILMN_1746664	WSB2	9.609566631982462
ILMN_1774330	WSCD1	9.444372884045407
ILMN_1813230	WSCD2	2.97232585306851
ILMN_1887823	WSPAR	3.338904375881637
ILMN_1802174	WT1	4.3158834704310065
ILMN_3237912	WT1-AS	2.480097390698425
ILMN_2279339	WTAP	10.362952612398502
ILMN_3251464	WTH3DI	0.7284445243453298
ILMN_1801223	WTIP	6.982188921610579
ILMN_1658619	WWC1	8.06660879029641
ILMN_2207170	WWC2	2.0399842994324504
ILMN_1687592	WWC3	6.879582933923299
ILMN_1804841	WWOX	5.707363226898249
ILMN_1804328	WWP1	8.462800712433774
ILMN_1659703	WWP2	9.867740485802171
ILMN_1787115	WWTR1	0.9570807920518679
ILMN_1771057	XAB2	9.782156210004523
ILMN_1884878	XACT	2.567515208505686
ILMN_1742618	XAF1	8.740649317975036
ILMN_1678116	XAGE1E	4.66699847207681
ILMN_2190541	XAGE2	3.4179548202974304
ILMN_1782271	XAGE3	1.2256398189106543
ILMN_1667847	XAGE5	0.0
ILMN_2365465	XBP1	11.584527907141597
ILMN_2224955	XCL1	1.487643763613649
ILMN_1666257	XCL2	0.46152607969415577
ILMN_1764034	XCR1	4.16474117650801
ILMN_1712632	XDH	0.26598533111552086
ILMN_1782558	XG	0.0
ILMN_1781222	XGY2	2.38180363825416
ILMN_1815361	XIAP	6.565415751836291
ILMN_1802160	XIRP1	0.0
ILMN_1705865	XIRP2	2.006571666553316
ILMN_1764573	XIST	9.218837872997698
ILMN_1759117	XK	3.770331901657444
ILMN_1803609	XKR3	0.24039548308155578
ILMN_1661309	XKR4	8.417134472693498
ILMN_1799097	XKR5	0.4940363618707644
ILMN_1731175	XKR6	6.7587156080482105
ILMN_1789691	XKR7	0.06822656654548559
ILMN_2087303	XKR8	5.554231599002054
ILMN_1733846	XKR9	1.5623440787711187
ILMN_1769071	XKRX	4.166821317745232
ILMN_1697937	XKRY	0.5098531235485017
ILMN_3246624	XKRY2	0.1931382183150586
ILMN_1787591	XPA	7.06507362947961
ILMN_1790807	XPC	8.814474577382724
ILMN_1669015	XPNPEP1	11.509464281965526
ILMN_1743357	XPNPEP2	4.694235274445147
ILMN_2054928	XPNPEP3	14.286052596642788
ILMN_1725121	XPO1	10.832396524192673
ILMN_1657873	XPO4	7.746177163720542
ILMN_1759495	XPO5	8.247025332303057
ILMN_1755235	XPO6	8.919815109599488
ILMN_2174884	XPO7	8.759219144519319
ILMN_2188374	XPOT	7.318563007540944
ILMN_2104106	XPR1	11.636451070742742
ILMN_1751743	XRCC1	10.208607546263638
ILMN_2204909	XRCC2	10.566689221837061
ILMN_1696266	XRCC3	5.644219194637163
ILMN_2379695	XRCC4	2.146237813625191
ILMN_2105983	XRCC5	10.986810675802007
ILMN_2166506	XRCC6	11.728368448482847
ILMN_3235907	XRCC6P5	1.80708769461927
ILMN_1809086	XRN1	6.580274458998747
ILMN_1727617	XRN2	9.906019973908133
ILMN_1789134	XRRA1	5.359519880474671
ILMN_1671116	XXYLT1	10.948407915950353
ILMN_1794349	XYLB	1.1904471410859085
ILMN_1830462	XYLT1	6.97547428344068
ILMN_1799815	XYLT2	8.551591104294976
ILMN_1793508	YAE1D1	6.53261146967268
ILMN_1765606	YAF2	8.66753742510494
ILMN_1709479	YAP1	8.07073364983246
ILMN_1766010	YARS	11.669810728546429
ILMN_1782635	YARS2	8.730410579963506
ILMN_1795836	YBEY	10.786015546984139
ILMN_2124769	YBX1	14.345592673650701
ILMN_1755354	YBX2	6.116659071542255
ILMN_1782788	YBX3	11.64464105643823
ILMN_1812580	YDJC	6.983776010760301
ILMN_1676899	YEATS2	9.044406622249769
ILMN_1801387	YEATS4	9.07708535695885
ILMN_1691466	YES1	8.649768036538207
ILMN_1712975	YIF1A	11.10280648139693
ILMN_2363668	YIF1B	11.18318811614382
ILMN_2052163	YIPF1	10.748293838141352
ILMN_1675106	YIPF2	6.912656873847339
ILMN_1673604	YIPF3	11.047426270726346
ILMN_1782444	YIPF4	9.27658801468127
ILMN_1714756	YIPF5	8.868726455880173
ILMN_1803939	YIPF6	11.070555875410728
ILMN_1769144	YIPF7	4.1063343494509725
ILMN_1658679	YJEFN3	6.862737364161106
ILMN_1695998	YKT6	2.1788532528166447
ILMN_3239789	YLPM1	3.80414040789107
ILMN_1734316	YME1L1	8.494081943128746
ILMN_1678919	YOD1	9.074092428666697
ILMN_1795338	YPEL1	8.830430690371523
ILMN_1677098	YPEL2	8.361009053060444
ILMN_1791147	YPEL3	9.03060085704526
ILMN_1726624	YPEL4	7.760843307966894
ILMN_1711069	YPEL5	10.900100218053888
ILMN_1736008	YRDC	11.386757700219134
ILMN_1707506	YTHDC1	11.25741622374771
ILMN_1725760	YTHDC2	5.722947982836412
ILMN_1753885	YTHDF1	10.018470431925229
ILMN_1730658	YTHDF2	9.583474468794131
ILMN_1657470	YTHDF3	8.808657217876878
ILMN_1694385	YWHAB	12.678469017590757
ILMN_2252136	YWHAE	8.623598306281517
ILMN_3279996	YWHAEP1	0.9733941180142857
ILMN_1709767	YWHAEP7	1.89543605395974
ILMN_2228809	YWHAG	11.941228669017795
ILMN_1728512	YWHAH	13.965637433397212
ILMN_1674385	YWHAQ	14.187049371269739
ILMN_1801928	YWHAZ	13.94326620441325
ILMN_1770892	YY1	11.02951149929608
ILMN_1752303	YY1AP1	10.330748616285907
ILMN_3284530	YY1P2	4.535566835665908
ILMN_1814994	YY2	3.545661642098653
ILMN_1783329	ZACN	0.14292298594585787
ILMN_1795063	ZADH2	6.522239988553415
ILMN_1768110	ZAK	6.566964941187643
ILMN_1692602	ZAN	3.8291935340665706
ILMN_1674838	ZAP70	3.952984306289648
ILMN_1798807	ZAR1	0.6621517952229539
ILMN_1668436	ZAR1L	0.0
ILMN_1760503	ZBBX	7.119690711587299
ILMN_1694466	ZBED1	9.619488048191096
ILMN_1651365	ZBED2	0.0
ILMN_1683215	ZBED3	2.355102335418072
ILMN_1782129	ZBED4	7.749467290027229
ILMN_2093500	ZBED5	11.138348150221349
ILMN_1678863	ZBED6CL	5.000425607690759
ILMN_1727553	ZBED8	7.561070664047535
ILMN_2246154	ZBED9	5.954919213920963
ILMN_1765994	ZBP1	4.494513614576672
ILMN_1750246	ZBTB1	2.312198735739634
ILMN_1673222	ZBTB10	3.8604616377448
ILMN_1691395	ZBTB11	4.811938815642596
ILMN_3237156	ZBTB11-AS1	3.800389460684824
ILMN_2140380	ZBTB12	2.971807084437907
ILMN_1772522	ZBTB14	8.14507424266727
ILMN_2305407	ZBTB16	9.074441501936613
ILMN_1711048	ZBTB17	8.188929050263793
ILMN_2399686	ZBTB18	4.858387576993712
ILMN_1766247	ZBTB2	4.707243225581434
ILMN_1878029	ZBTB20	8.312659283302647
ILMN_1782110	ZBTB21	6.963352527610279
ILMN_3241524	ZBTB22	9.63192607663728
ILMN_1659937	ZBTB24	7.1840786380694475
ILMN_2048982	ZBTB25	5.831214854217072
ILMN_1718668	ZBTB26	3.640438222951047
ILMN_1689189	ZBTB3	8.044116757995457
ILMN_1732981	ZBTB32	5.816422777241236
ILMN_1673138	ZBTB33	10.13196244362471
ILMN_1655206	ZBTB34	8.405047842766944
ILMN_1785960	ZBTB37	0.357811117748206
ILMN_2248863	ZBTB38	4.670347368434506
ILMN_1681154	ZBTB39	6.624995007004201
ILMN_2097793	ZBTB4	8.541763540517799
ILMN_1784037	ZBTB40	5.793138053672252
ILMN_1661189	ZBTB41	7.0178701963087375
ILMN_3239445	ZBTB42	6.063169465256892
ILMN_1731113	ZBTB43	8.101774646985293
ILMN_1707481	ZBTB44	6.4237921047923905
ILMN_1661484	ZBTB45	7.94300447800578
ILMN_1710092	ZBTB46	9.103139280556679
ILMN_1699440	ZBTB47	5.105156215465026
ILMN_1801101	ZBTB48	8.352878358307121
ILMN_2103388	ZBTB49	6.137529985491614
ILMN_1757262	ZBTB5	9.397494612119859
ILMN_1727218	ZBTB6	5.582061387319132
ILMN_1656118	ZBTB7A	7.2347517860572745
ILMN_1914073	ZBTB7B	5.555563153623113
ILMN_1796737	ZBTB7C	5.187009425996908
ILMN_2264205	ZBTB8A	6.132087110500447
ILMN_2057399	ZBTB8OS	6.116175665561733
ILMN_1688853	ZBTB9	7.892855614164334
ILMN_1789558	ZC2HC1A	8.717109800947734
ILMN_3235761	ZC2HC1B	3.9473873139802884
ILMN_2354269	ZC2HC1C	5.667574518678667
ILMN_2075847	ZC3H10	6.626636518163298
ILMN_1715574	ZC3H11A	2.0524429787271425
ILMN_1672295	ZC3H12A	2.2647405030527685
ILMN_1814629	ZC3H12B	6.20709943295948
ILMN_3237956	ZC3H12C	7.917123171393404
ILMN_3243312	ZC3H12D	1.2461415220228533
ILMN_3246140	ZC3H13	3.468310255779363
ILMN_2335669	ZC3H14	7.40302558138464
ILMN_2062112	ZC3H15	9.500020583968226
ILMN_1658834	ZC3H18	5.296303745344798
ILMN_1702389	ZC3H3	8.825257530508006
ILMN_2087575	ZC3H4	7.138042611286752
ILMN_1660852	ZC3H6	5.383811919356536
ILMN_1693227	ZC3H7A	8.868231896505629
ILMN_1685873	ZC3H7B	4.276171185947537
ILMN_1657837	ZC3H8	7.056976037556432
ILMN_1667068	ZC3HAV1	6.692134765050398
ILMN_2226751	ZC3HAV1L	4.857811391660188
ILMN_1761479	ZC3HC1	9.735226527290385
ILMN_3248906	ZC4H2	8.788472378721153
ILMN_1769104	ZCCHC10	4.572680679574899
ILMN_2373099	ZCCHC11	7.895660640477792
ILMN_1679984	ZCCHC12	11.903732094872245
ILMN_1658074	ZCCHC13	1.78209219891742
ILMN_1743456	ZCCHC14	7.945883299741236
ILMN_1786004	ZCCHC16	0.21493051216657486
ILMN_1761844	ZCCHC17	10.807379073068214
ILMN_3275580	ZCCHC18	8.8389004091166
ILMN_1714402	ZCCHC2	0.0
ILMN_1754660	ZCCHC24	6.470041343307394
ILMN_1786852	ZCCHC3	7.359226426616982
ILMN_1693245	ZCCHC4	2.0153192417228367
ILMN_1749429	ZCCHC5	2.001074760559643
ILMN_1779677	ZCCHC6	4.36861009801268
ILMN_1744980	ZCCHC7	10.094409219944392
ILMN_1792092	ZCCHC8	7.9251727560904115
ILMN_1723007	ZCCHC9	9.58760661000252
ILMN_1659082	ZCRB1	6.0086537774957245
ILMN_1751963	ZCWPW1	7.917477261743645
ILMN_2054461	ZCWPW2	2.0139415068771735
ILMN_1740711	ZDBF2	5.719077909582427
ILMN_2094313	ZDHHC1	6.455259119494258
ILMN_1694514	ZDHHC11	10.240246693229508
ILMN_1703370	ZDHHC12	6.083868785342202
ILMN_1684663	ZDHHC13	7.53104966964026
ILMN_2309926	ZDHHC14	6.7838177929010675
ILMN_1737320	ZDHHC15	5.264576646043202
ILMN_1763568	ZDHHC16	10.06287767385628
ILMN_1697153	ZDHHC17	9.355762093067657
ILMN_1668270	ZDHHC18	7.240284098142447
ILMN_1766896	ZDHHC19	5.647261934518124
ILMN_1769783	ZDHHC2	6.380394494893146
ILMN_1654141	ZDHHC20	5.873762698872309
ILMN_1715526	ZDHHC21	1.4325292878291374
ILMN_1654606	ZDHHC22	7.824468550938687
ILMN_1736901	ZDHHC23	5.318717159860159
ILMN_1687626	ZDHHC24	5.400043879407633
ILMN_2201347	ZDHHC3	6.874426313933316
ILMN_3307025	ZDHHC4	9.882301574319987
ILMN_1679358	ZDHHC5	7.940139383941272
ILMN_1739659	ZDHHC6	9.337064459624656
ILMN_1730568	ZDHHC7	9.764607735356657
ILMN_1789492	ZDHHC8	10.928546162550653
ILMN_3249651	ZDHHC8P1	6.606223622500632
ILMN_1803824	ZDHHC9	11.270188759544
ILMN_1762231	ZEB1	6.22805667329503
ILMN_1829989	ZEB1-AS1	8.340701007295323
ILMN_1688698	ZEB2	6.620805086861355
ILMN_1654032	ZER1	6.483597006851832
ILMN_1730907	ZFAND1	10.36506496102322
ILMN_1694671	ZFAND2A	11.3453929441104
ILMN_1653718	ZFAND2B	9.43977571214274
ILMN_1720053	ZFAND3	8.894916601868792
ILMN_1668566	ZFAND4	0.8122818601861358
ILMN_1795228	ZFAND5	12.530510178447834
ILMN_1778803	ZFAND6	10.264182007301004
ILMN_3188984	ZFAS1	14.112228629136425
ILMN_1679301	ZFAT	2.3994711417687977
ILMN_2177575	ZFAT-AS1	0.200200267495804
ILMN_3244096	ZFC3H1	7.264224471102074
ILMN_1717677	ZFHX2	1.7660204138768438
ILMN_1808587	ZFHX3	8.81994175676205
ILMN_1657606	ZFHX4	7.014379506863434
ILMN_3238898	ZFHX4-AS1	3.1686072540709076
ILMN_2133936	ZFP1	6.997432869324485
ILMN_1764694	ZFP14	7.301197370196125
ILMN_1723886	ZFP2	5.894028440410698
ILMN_1766544	ZFP28	2.370791346835044
ILMN_1782079	ZFP3	3.6632871609260014
ILMN_1742976	ZFP30	6.184228466296568
ILMN_1720829	ZFP36	8.164006005981362
ILMN_1675448	ZFP36L1	10.390202221982882
ILMN_2150258	ZFP36L2	7.841527855573461
ILMN_1793578	ZFP37	7.664177905376554
ILMN_1767839	ZFP41	1.931216649631846
ILMN_1751127	ZFP42	1.8352649221399329
ILMN_1679389	ZFP57	6.227478137651663
ILMN_3242738	ZFP62	4.028927346469399
ILMN_2251375	ZFP64	5.820654394490255
ILMN_1681367	ZFP69	4.509100929236014
ILMN_2048388	ZFP69B	6.159149296955931
ILMN_1740490	ZFP82	5.253754502794292
ILMN_1684628	ZFP90	10.337320211561018
ILMN_1665423	ZFP91	10.49806067776922
ILMN_1812604	ZFP92	1.9820601548389039
ILMN_1693039	ZFPL1	8.604576966232342
ILMN_1651438	ZFPM1	7.963137540076141
ILMN_1814077	ZFPM2	1.8465043566067962
ILMN_1814113	ZFR	11.08820978252969
ILMN_3242993	ZFR2	8.241327810710901
ILMN_1687484	ZFX	5.677207993410517
ILMN_1804958	ZFY	3.3587249352669577
ILMN_2358382	ZFYVE1	6.350379831804719
ILMN_2140999	ZFYVE16	6.65745742152027
ILMN_1780698	ZFYVE19	8.616327377418793
ILMN_2197030	ZFYVE21	9.879574779993359
ILMN_1798061	ZFYVE26	7.024459401215064
ILMN_2322972	ZFYVE27	7.302189021012047
ILMN_1763267	ZFYVE28	0.0
ILMN_1776848	ZFYVE9	5.480931494820201
ILMN_2121774	ZG16	3.9966003337375575
ILMN_1753139	ZG16B	2.6924640982459116
ILMN_1794643	ZGPAT	8.483510069159612
ILMN_1754017	ZGRF1	0.21896332623007272
ILMN_2402558	ZHX1	6.371258303586338
ILMN_2184966	ZHX2	8.111857358104135
ILMN_1774387	ZHX3	5.709947149051831
ILMN_1774005	ZIC1	1.4051382351059252
ILMN_1696339	ZIC2	10.288652134862057
ILMN_1681805	ZIC3	5.55161204279403
ILMN_2120624	ZIC4	2.0552870537368872
ILMN_1783881	ZIC5	3.986749006609077
ILMN_1719646	ZIK1	7.4708219538373015
ILMN_1775138	ZIM2	2.8118240129953533
ILMN_1794353	ZIM3	5.0260883300723345
ILMN_2139052	ZKSCAN1	5.546846826058501
ILMN_1771135	ZKSCAN2	7.609321127554542
ILMN_1750967	ZKSCAN3	6.727122203649805
ILMN_1804571	ZKSCAN4	7.883815105107952
ILMN_1695847	ZKSCAN5	5.4458288229281
ILMN_1761409	ZKSCAN7	7.2035188761988325
ILMN_1811755	ZKSCAN8	5.212397708685308
ILMN_1745343	ZMAT2	10.841916640765483
ILMN_2361104	ZMAT3	13.545744837848302
ILMN_3226708	ZMAT4	5.896047276198529
ILMN_1745421	ZMAT5	10.157094806587674
ILMN_1771627	ZMIZ1	10.638893333292112
ILMN_1760718	ZMIZ2	5.582627079996392
ILMN_1656413	ZMPSTE24	8.469874082309895
ILMN_1702763	ZMYM1	7.15633856913158
ILMN_1661636	ZMYM2	9.030874299499219
ILMN_1656316	ZMYM3	8.741817272767365
ILMN_1688404	ZMYM4	9.252777625186157
ILMN_2343036	ZMYM5	6.213163791525904
ILMN_1657632	ZMYM6	6.99622791320713
ILMN_2125763	ZMYND10	0.7944562843079596
ILMN_1754234	ZMYND11	10.378700785530786
ILMN_1655545	ZMYND12	7.464798000077713
ILMN_1778136	ZMYND15	0.6211317449646908
ILMN_1757627	ZMYND19	8.91556685652174
ILMN_2386179	ZMYND8	7.5662611249024465
ILMN_1763208	ZNF10	7.709520217835341
ILMN_1681608	ZNF100	3.212655266027943
ILMN_1695079	ZNF101	4.4456941794930875
ILMN_2043265	ZNF106	8.173295498845114
ILMN_1766974	ZNF107	2.2514409076026864
ILMN_1815885	ZNF112	6.473389606177609
ILMN_1746831	ZNF114	4.641681773450394
ILMN_1723018	ZNF117	3.8464857709083744
ILMN_1784577	ZNF12	6.096522460147951
ILMN_1766613	ZNF121	1.3866163910231928
ILMN_1686360	ZNF124	3.4970413445629376
ILMN_2178088	ZNF131	6.0134779771859295
ILMN_1812898	ZNF132	5.469816188984961
ILMN_2174081	ZNF133	7.69109620196151
ILMN_1768809	ZNF134	7.305799193860909
ILMN_1726368	ZNF135	4.970969360759393
ILMN_1692641	ZNF136	1.7206991590551863
ILMN_1676240	ZNF138	7.374216004101214
ILMN_1692145	ZNF14	12.70799405878278
ILMN_1727923	ZNF140	5.6040470290584095
ILMN_1694203	ZNF141	0.47231203113208436
ILMN_1674399	ZNF143	8.421055351279383
ILMN_2054442	ZNF146	9.114427653582556
ILMN_2143822	ZNF148	7.993152379711997
ILMN_1806779	ZNF155	5.2181095409526845
ILMN_1777194	ZNF157	2.8992490119103405
ILMN_2332795	ZNF16	7.563655576674837
ILMN_1777049	ZNF160	7.651321825790269
ILMN_1806502	ZNF165	5.193232016602052
ILMN_1696583	ZNF169	1.288024820046045
ILMN_1751692	ZNF17	7.3977062680866945
ILMN_1663158	ZNF174	7.243291615261991
ILMN_1675788	ZNF175	6.228841127259564
ILMN_1787539	ZNF177	8.87637501418743
ILMN_1806713	ZNF18	7.663495734678847
ILMN_1913232	ZNF180	4.176741006447798
ILMN_1790230	ZNF181	2.51691406098965
ILMN_2337835	ZNF182	7.289670907769998
ILMN_2226628	ZNF184	7.002068946680905
ILMN_1802888	ZNF185	9.63238821461303
ILMN_1806809	ZNF189	6.137208739135747
ILMN_1730175	ZNF19	2.1122850226456555
ILMN_1688515	ZNF195	7.691362371392419
ILMN_2270900	ZNF197	7.463269488739471
ILMN_1687884	ZNF2	5.667470607073604
ILMN_1670377	ZNF20	9.008735931775691
ILMN_1809951	ZNF200	6.656363989369239
ILMN_1792990	ZNF202	5.177104063090028
ILMN_2079508	ZNF204P	4.669855024035129
ILMN_1713521	ZNF205	7.44682328423919
ILMN_3305563	ZNF205-AS1	1.869980025522853
ILMN_1778177	ZNF207	11.44286842133326
ILMN_1793317	ZNF208	2.142542690000058
ILMN_1811195	ZNF211	7.600472635176008
ILMN_1684964	ZNF212	8.533621649298647
ILMN_1758337	ZNF213	8.11097058386962
ILMN_1797701	ZNF214	4.525242817105251
ILMN_1749502	ZNF215	3.36616554335385
ILMN_1755303	ZNF217	7.444328474450017
ILMN_1688295	ZNF219	8.483263899295665
ILMN_2117904	ZNF22	9.949575779178
ILMN_1688765	ZNF221	0.0
ILMN_1723253	ZNF222	4.55775355378274
ILMN_1815578	ZNF223	10.251580688531423
ILMN_1661293	ZNF224	4.664465223356113
ILMN_1674064	ZNF225	4.755588959090315
ILMN_2363273	ZNF226	8.268993932723925
ILMN_1721034	ZNF227	6.846911018319016
ILMN_1669506	ZNF229	1.0455700888696817
ILMN_1720027	ZNF23	7.749253900135394
ILMN_1757825	ZNF230	1.9163240570362463
ILMN_2139351	ZNF232	8.375272858594041
ILMN_1711357	ZNF233	1.2085496041293926
ILMN_2103397	ZNF234	5.981361022471064
ILMN_1806782	ZNF235	4.581845931707526
ILMN_1790918	ZNF236	4.116640647100969
ILMN_1748427	ZNF239	7.346058121308631
ILMN_1654357	ZNF24	4.360432849604499
ILMN_1662192	ZNF248	7.8379052302737096
ILMN_1808765	ZNF25	10.057331511714919
ILMN_1757230	ZNF250	8.256777405702065
ILMN_1656404	ZNF251	5.7066643627575715
ILMN_3243961	ZNF252P	6.446475246641916
ILMN_1769099	ZNF253	1.2175890147134678
ILMN_1657729	ZNF254	5.6089886639558495
ILMN_1757408	ZNF256	8.238495834408466
ILMN_1707775	ZNF257	2.900611937946169
ILMN_1691798	ZNF26	7.943724264652151
ILMN_1665205	ZNF260	7.778622702380076
ILMN_1692620	ZNF263	10.60378958626808
ILMN_1795435	ZNF264	6.99215260513679
ILMN_1753782	ZNF266	7.906107143832895
ILMN_1671010	ZNF267	0.7248657530891894
ILMN_1750457	ZNF268	5.410485417991729
ILMN_1775073	ZNF273	2.789296953196789
ILMN_1688629	ZNF274	9.012527140558861
ILMN_2243553	ZNF275	8.472364326842357
ILMN_1721339	ZNF276	4.971862005427658
ILMN_1681628	ZNF277	11.06332081508742
ILMN_1709377	ZNF28	4.585013850018714
ILMN_1802094	ZNF280A	0.04394416810592394
ILMN_1654697	ZNF280B	5.337723225000059
ILMN_2061310	ZNF280C	9.026892961762199
ILMN_1767142	ZNF280D	7.3856801527070735
ILMN_1683127	ZNF281	8.518149988377562
ILMN_1668185	ZNF282	7.362000384058697
ILMN_1667589	ZNF283	4.514750895643418
ILMN_1760120	ZNF284	2.0566191741097914
ILMN_2107933	ZNF285	5.547916159477103
ILMN_1663858	ZNF286A	7.644075773124048
ILMN_3236346	ZNF286B	9.36266255539425
ILMN_1693597	ZNF287	0.5078364133890633
ILMN_1714412	ZNF292	6.45055931452966
ILMN_1693242	ZNF296	6.937803223929041
ILMN_1778560	ZNF3	6.312839681936038
ILMN_1728230	ZNF30	7.52640030913722
ILMN_1676983	ZNF300	1.7497390950596425
ILMN_1692200	ZNF300P1	3.966449447881404
ILMN_2307450	ZNF302	8.214382907718111
ILMN_1656504	ZNF304	4.464488433686447
ILMN_1687827	ZNF311	0.18573922529362272
ILMN_1680347	ZNF317	8.453196316742806
ILMN_1792305	ZNF318	6.995427243992911
ILMN_1711361	ZNF319	7.744745131817826
ILMN_1695362	ZNF32	9.189450082482368
ILMN_2103480	ZNF320	7.3720837999111595
ILMN_3251742	ZNF322	10.914964998042484
ILMN_1745784	ZNF324	7.314290473996056
ILMN_1700766	ZNF324B	5.724401713881954
ILMN_1662021	ZNF326	4.895399692724207
ILMN_1689059	ZNF329	9.218973264771643
ILMN_1710873	ZNF330	8.329125351462187
ILMN_1711199	ZNF331	8.58306272548503
ILMN_1759017	ZNF333	6.99750115932988
ILMN_1787366	ZNF335	2.6438426850293975
ILMN_1663160	ZNF337	7.426879305726562
ILMN_2352590	ZNF33A	7.163380788548914
ILMN_1742935	ZNF33B	7.754211956003843
ILMN_2124816	ZNF34	8.042978471997827
ILMN_2043728	ZNF341	3.9032512284509195
ILMN_1810832	ZNF343	6.115628396984356
ILMN_1778886	ZNF345	4.295218958091965
ILMN_1732554	ZNF346	5.055225708120078
ILMN_1779522	ZNF347	2.862973714830726
ILMN_1692100	ZNF35	7.267974571937228
ILMN_1755850	ZNF350	3.4322865723634624
ILMN_1714848	ZNF354A	3.586236921619665
ILMN_1770266	ZNF354B	2.324850390185576
ILMN_1690276	ZNF354C	1.164563675044297
ILMN_1662340	ZNF358	11.375669626131772
ILMN_1686968	ZNF362	9.399571316648608
ILMN_1658094	ZNF365	5.829067516361782
ILMN_1733535	ZNF366	4.301405069315779
ILMN_2200880	ZNF367	3.5421100697506973
ILMN_1707596	ZNF37A	6.266218008297212
ILMN_3300604	ZNF37BP	2.712311243431678
ILMN_1782284	ZNF382	0.29069726535582097
ILMN_1799488	ZNF383	5.3697382382781385
ILMN_1764891	ZNF384	7.111138121160451
ILMN_1786722	ZNF385A	6.02896188462406
ILMN_3304200	ZNF385B	6.320895392134459
ILMN_1710268	ZNF385D	7.238099224228706
ILMN_1699758	ZNF391	3.6295365459837594
ILMN_2115949	ZNF394	12.108117258466416
ILMN_1772876	ZNF395	8.820835845038335
ILMN_1776164	ZNF396	1.85340708552322
ILMN_1685467	ZNF397	7.118508924167702
ILMN_2344047	ZNF398	5.833107278580603
ILMN_1682227	ZNF404	5.2820839466586875
ILMN_1741300	ZNF407	6.003879744622773
ILMN_1739618	ZNF408	7.951100899321976
ILMN_2299260	ZNF41	3.324642354161169
ILMN_1773247	ZNF410	9.478797344995744
ILMN_1771093	ZNF414	5.8319795257224145
ILMN_1664292	ZNF415	8.614945029086112
ILMN_1767811	ZNF416	5.433882746152602
ILMN_1760294	ZNF417	5.292040834129696
ILMN_1658173	ZNF418	6.040545090910126
ILMN_1680693	ZNF419	10.112454470845167
ILMN_1720431	ZNF420	1.041360987935888
ILMN_2154950	ZNF423	8.155458078595885
ILMN_1683932	ZNF425	5.62570551918147
ILMN_1673804	ZNF426	7.166467918309363
ILMN_1652754	ZNF428	13.889643281531837
ILMN_1695413	ZNF429	2.764755879814047
ILMN_1768129	ZNF43	1.5153905240389491
ILMN_2158164	ZNF430	14.249327970902376
ILMN_1804820	ZNF431	6.684721370495477
ILMN_1693788	ZNF432	6.070338950069023
ILMN_1718950	ZNF433	8.227386250161786
ILMN_1714473	ZNF436	6.340263012763541
ILMN_1678494	ZNF438	5.757431411546746
ILMN_1792972	ZNF439	4.826145020640576
ILMN_1701852	ZNF44	0.4102030543548804
ILMN_1740589	ZNF440	0.4306841011597205
ILMN_1799529	ZNF441	2.95501632537572
ILMN_1663754	ZNF442	6.877984069767996
ILMN_2104967	ZNF443	7.584682488578498
ILMN_1727300	ZNF444	7.245581708008802
ILMN_1665397	ZNF445	0.0
ILMN_1743767	ZNF446	6.434371129897357
ILMN_1796927	ZNF449	2.234383553019992
ILMN_1771884	ZNF45	5.441425794037116
ILMN_1706734	ZNF451	9.362697002655773
ILMN_1706506	ZNF454	1.7577736267566044
ILMN_1676237	ZNF460	5.9427962623820525
ILMN_2185264	ZNF461	1.0635338097689997
ILMN_1686679	ZNF462	8.362508113880063
ILMN_1779015	ZNF467	9.775527241268893
ILMN_1690863	ZNF470	2.4051052238689308
ILMN_2191720	ZNF471	0.6277031405128871
ILMN_2346649	ZNF473	8.662946750853534
ILMN_1710722	ZNF474	3.4715221893276413
ILMN_1652969	ZNF479	0.9969484679963022
ILMN_1722302	ZNF48	3.384465313188772
ILMN_2126423	ZNF480	3.4416758694635092
ILMN_2279834	ZNF483	9.945658512842568
ILMN_1683854	ZNF484	8.186425767449999
ILMN_2186626	ZNF485	4.286955094913053
ILMN_1805668	ZNF486	13.24979170809024
ILMN_1810678	ZNF487	3.2734235117200896
ILMN_3240605	ZNF488	1.8118014529243887
ILMN_3307719	ZNF490	6.171090187160993
ILMN_1664096	ZNF491	4.971582192212558
ILMN_1662659	ZNF492	2.604857626141545
ILMN_2278653	ZNF493	7.399121193585831
ILMN_1774757	ZNF496	4.461399747036107
ILMN_1791519	ZNF497	1.641426881567621
ILMN_1700238	ZNF500	7.00239760053658
ILMN_1658158	ZNF501	1.5960125859093057
ILMN_1655167	ZNF502	4.841573833909687
ILMN_1787265	ZNF503	8.587212722633032
ILMN_3243390	ZNF506	0.20671659389632646
ILMN_1652300	ZNF507	4.794816233581709
ILMN_2146968	ZNF510	3.5585274709432286
ILMN_1800390	ZNF511	9.592353468145001
ILMN_1730824	ZNF512	10.810463600521464
ILMN_1766346	ZNF512B	6.369960568445792
ILMN_1791069	ZNF513	7.322836428183131
ILMN_2215211	ZNF514	6.45643975348785
ILMN_1699648	ZNF516	1.950702927643368
ILMN_1697773	ZNF517	5.869559264889458
ILMN_1742541	ZNF518A	8.564905246072675
ILMN_1682449	ZNF518B	6.790725861906265
ILMN_1734734	ZNF519	7.373996450254427
ILMN_2225548	ZNF521	6.8752009174004
ILMN_1810147	ZNF524	4.225626765885733
ILMN_1748432	ZNF525	1.8527398964365902
ILMN_1756631	ZNF526	8.510675983916535
ILMN_1707816	ZNF527	5.42309924236714
ILMN_2100834	ZNF528	2.0889311777074338
ILMN_1660193	ZNF529	9.40368719233262
ILMN_1761348	ZNF530	1.1528589024616682
ILMN_1731358	ZNF532	9.6386102252318
ILMN_3225767	ZNF534	0.0
ILMN_1772155	ZNF536	8.283298287031089
ILMN_1681846	ZNF540	7.3244317496655675
ILMN_1793841	ZNF542P	0.5744223985454123
ILMN_1716658	ZNF543	6.489144061872007
ILMN_1797903	ZNF544	7.361238507030634
ILMN_1820645	ZNF546	3.2635952638508425
ILMN_1739814	ZNF547	0.6123054996442229
ILMN_1728228	ZNF548	7.947435165585102
ILMN_2227495	ZNF549	13.047312068910308
ILMN_1762046	ZNF551	3.3253960660027264
ILMN_1700563	ZNF552	2.314224726982018
ILMN_1736267	ZNF555	5.040088259000327
ILMN_1704441	ZNF556	4.3372628920058665
ILMN_2346137	ZNF557	7.761750402888396
ILMN_1766195	ZNF558	6.975855575563162
ILMN_1677785	ZNF559	6.963625621700667
ILMN_1798974	ZNF560	1.0202511090601296
ILMN_1717049	ZNF561	5.1085182617781015
ILMN_1672940	ZNF562	6.623556161967255
ILMN_2218401	ZNF563	3.9360122109670415
ILMN_2217212	ZNF564	6.8777666424329125
ILMN_2310019	ZNF565	6.2744555711815275
ILMN_2125880	ZNF566	5.6988325847212735
ILMN_1687544	ZNF567	5.117968488156048
ILMN_2229610	ZNF568	4.520263540324289
ILMN_2225104	ZNF569	2.2930478840108965
ILMN_1691333	ZNF57	5.538580988633083
ILMN_1812118	ZNF570	6.477387017309783
ILMN_2093864	ZNF571	5.763270102806452
ILMN_1802974	ZNF572	4.491356983348054
ILMN_1658080	ZNF573	7.393552182559939
ILMN_1790460	ZNF574	3.1483248053269506
ILMN_1771852	ZNF575	0.34022684771019773
ILMN_1687711	ZNF576	8.196027212944223
ILMN_2212823	ZNF577	9.235441590984648
ILMN_1761722	ZNF579	6.483596559858927
ILMN_1688565	ZNF580	8.010677626952813
ILMN_1679093	ZNF581	10.556081659107223
ILMN_1660176	ZNF582	4.536307487813093
ILMN_3248301	ZNF583	5.046829353328831
ILMN_1742923	ZNF584	5.900522323842935
ILMN_1764415	ZNF585A	6.52694286772991
ILMN_1773835	ZNF585B	2.951634332973278
ILMN_1666727	ZNF586	9.72259727314358
ILMN_2078141	ZNF587	3.8492929978055415
ILMN_1654612	ZNF589	5.729053817946787
ILMN_1671104	ZNF592	5.13126159123038
ILMN_1703441	ZNF593	10.852833308096855
ILMN_1726199	ZNF594	3.3512256526785245
ILMN_2084489	ZNF595	0.0
ILMN_1725679	ZNF596	1.0451315845449798
ILMN_1833376	ZNF597	5.009355354240421
ILMN_2075818	ZNF598	9.33769855584921
ILMN_1664928	ZNF599	4.289180410322609
ILMN_1678457	ZNF600	6.3516881918290515
ILMN_1712269	ZNF605	4.336794284253103
ILMN_1681829	ZNF606	6.946408077364947
ILMN_1780146	ZNF607	4.0249284793302635
ILMN_1712798	ZNF608	7.718831075424643
ILMN_1799082	ZNF609	6.549863227886209
ILMN_1746924	ZNF610	3.413634230165485
ILMN_1757900	ZNF611	5.401924239380269
ILMN_1671895	ZNF613	6.647563997808433
ILMN_1763641	ZNF614	6.381272572867584
ILMN_1672135	ZNF615	7.25588602721183
ILMN_1719219	ZNF616	6.3575314083445145
ILMN_1717094	ZNF618	8.42586367179517
ILMN_1742288	ZNF620	0.5058240357526514
ILMN_1785926	ZNF621	7.473742880721418
ILMN_1776109	ZNF622	11.320919133973353
ILMN_1738046	ZNF623	4.000004144952375
ILMN_1670122	ZNF624	4.483178143160994
ILMN_2101410	ZNF625	4.4243335411070515
ILMN_3250147	ZNF626	7.602678172091874
ILMN_2197519	ZNF627	11.52281847556705
ILMN_1789358	ZNF628	1.6641927129001823
ILMN_1810891	ZNF629	7.562825773130229
ILMN_2172124	ZNF630	5.390593139326892
ILMN_3299804	ZNF638	7.663104851305849
ILMN_2122022	ZNF639	3.847279047166045
ILMN_1731666	ZNF641	5.155440900135148
ILMN_1730118	ZNF644	8.713270520829784
ILMN_1811098	ZNF645	0.9416773204898292
ILMN_1675479	ZNF646	2.0240878831104214
ILMN_1747279	ZNF648	0.232175253593508
ILMN_1699249	ZNF649	6.587582553093842
ILMN_2155322	ZNF652	13.054642080770021
ILMN_1696276	ZNF653	7.901853000613353
ILMN_2271894	ZNF654	6.286313320199394
ILMN_1769673	ZNF655	6.947732128731649
ILMN_1703435	ZNF658	1.6270323680200507
ILMN_3242253	ZNF658B	4.1124405058884665
ILMN_1721849	ZNF660	1.4203866512827492
ILMN_1692340	ZNF662	0.0986972721793599
ILMN_1670640	ZNF664	7.638178813710844
ILMN_1770634	ZNF665	0.4015285165817266
ILMN_2186127	ZNF667	2.9911697658109886
ILMN_3268403	ZNF667-AS1	0.7041661641329947
ILMN_1739236	ZNF668	8.401422398475978
ILMN_2093748	ZNF669	7.913830289528373
ILMN_2085446	ZNF670	3.460929149053115
ILMN_1713454	ZNF671	7.655699412235559
ILMN_1669094	ZNF672	9.826898106160973
ILMN_3237839	ZNF674	15.476098842458649
ILMN_3247311	ZNF674-AS1	6.172597383365741
ILMN_1741640	ZNF675	4.138155446513465
ILMN_3244291	ZNF676	5.843071372582643
ILMN_1802093	ZNF677	2.4710817150244684
ILMN_2095789	ZNF678	0.0
ILMN_1666420	ZNF679	5.60038713966545
ILMN_1730888	ZNF680	6.005968481856949
ILMN_2155025	ZNF681	1.9978587824019431
ILMN_2313889	ZNF682	12.626279376012803
ILMN_1678238	ZNF683	4.494324772891867
ILMN_1751393	ZNF684	4.501578026330017
ILMN_1662952	ZNF687	3.1159565148206485
ILMN_1736577	ZNF688	5.973422603283837
ILMN_1759008	ZNF689	9.307004671905414
ILMN_2176882	ZNF69	11.537772060271408
ILMN_2045175	ZNF691	4.617149148763981
ILMN_1800750	ZNF692	7.109794624418272
ILMN_1747943	ZNF695	6.271049914156365
ILMN_1712517	ZNF696	8.052292571769263
ILMN_3249501	ZNF697	7.511164220167006
ILMN_2205162	ZNF699	3.965758151434611
ILMN_2137066	ZNF7	6.969089569977503
ILMN_1867663	ZNF70	6.529979255271823
ILMN_2068435	ZNF700	8.60154129648198
ILMN_1743067	ZNF701	3.4367297127169056
ILMN_1663281	ZNF702P	3.5053252785461755
ILMN_2415128	ZNF703	1.8425153197321456
ILMN_1849186	ZNF704	6.268961697906403
ILMN_1812416	ZNF705A	0.5623465711814809
ILMN_3245033	ZNF705B	3.258526416098104
ILMN_1742280	ZNF705D	4.521400254759336
ILMN_3276071	ZNF705E	1.4430387294309004
ILMN_3241350	ZNF705G	5.098997899948835
ILMN_1702384	ZNF706	9.544605086242742
ILMN_1782021	ZNF707	3.519768476064277
ILMN_1771799	ZNF708	1.6626045993683116
ILMN_1690581	ZNF709	2.360562046504268
ILMN_1738793	ZNF71	0.5103167921536004
ILMN_1788700	ZNF710	0.0
ILMN_1800253	ZNF711	5.114885111491151
ILMN_1688138	ZNF713	5.576142680581467
ILMN_1748254	ZNF714	5.592257022529824
ILMN_3301478	ZNF716	7.262094843660505
ILMN_2131926	ZNF718	5.050781028583667
ILMN_1805271	ZNF721	8.850183966991343
ILMN_3274364	ZNF727	0.6600654369709349
ILMN_3248500	ZNF733P	4.493321937378241
ILMN_3221499	ZNF735	2.358582889259448
ILMN_3298107	ZNF736	4.021826642594433
ILMN_3185429	ZNF737	3.0995456874243597
ILMN_3225102	ZNF738	12.02900931067735
ILMN_2383871	ZNF74	10.531041934484442
ILMN_2225254	ZNF740	3.3262160567883954
ILMN_1706342	ZNF746	9.491221771716853
ILMN_1762098	ZNF747	5.057497938006931
ILMN_2148298	ZNF749	4.154513445201465
ILMN_1700583	ZNF750	0.5525694143504545
ILMN_1666552	ZNF75A	5.689222391949886
ILMN_1761490	ZNF75D	7.915538413323966
ILMN_1804263	ZNF76	5.733469703281508
ILMN_1764854	ZNF761	4.6486569929340815
ILMN_1727183	ZNF763	7.752442251946863
ILMN_1727938	ZNF764	4.068938656756053
ILMN_3251460	ZNF765	2.9625950818602345
ILMN_1793673	ZNF766	7.384906862387585
ILMN_1791820	ZNF768	7.000586190955169
ILMN_1734608	ZNF77	7.6170559369635304
ILMN_1734254	ZNF770	9.199540496534029
ILMN_1708632	ZNF771	4.498703955924705
ILMN_1738124	ZNF772	6.269424156702153
ILMN_1685365	ZNF773	7.1503644850067865
ILMN_1760339	ZNF774	1.1387752662161896
ILMN_1691702	ZNF775	7.309683314564617
ILMN_1701464	ZNF776	6.788085872597868
ILMN_3235517	ZNF777	8.389678384702572
ILMN_1749606	ZNF778	3.6497793201133235
ILMN_1655788	ZNF780A	2.8751437308811005
ILMN_1668291	ZNF780B	2.9844123003138265
ILMN_2141455	ZNF781	3.4670944179172367
ILMN_1741313	ZNF782	0.7323849256395695
ILMN_1715718	ZNF784	7.199119419674674
ILMN_1676459	ZNF785	6.308349526888546
ILMN_1713706	ZNF786	10.606630573191921
ILMN_1791388	ZNF787	10.293572292517892
ILMN_3305466	ZNF788	6.036783904085277
ILMN_1810127	ZNF789	7.478863997412908
ILMN_1794122	ZNF79	2.7692886690484038
ILMN_3236975	ZNF790	1.888806860418531
ILMN_1758105	ZNF791	8.095784005751634
ILMN_1669696	ZNF792	6.999335069707541
ILMN_1806333	ZNF793	1.4829393756520677
ILMN_3247154	ZNF799	2.4721832313197365
ILMN_1785379	ZNF8	4.361317973630801
ILMN_1673299	ZNF80	5.680207533444015
ILMN_1688346	ZNF800	6.759639407915419
ILMN_1655644	ZNF804A	2.4090680392060153
ILMN_1694080	ZNF804B	0.7401277015550773
ILMN_2225348	ZNF805	7.511937669273067
ILMN_2116242	ZNF808	2.7091733329932723
ILMN_1673744	ZNF81	1.3173110116488371
ILMN_1749809	ZNF813	4.798024486290971
ILMN_1700307	ZNF815P	7.698260285860781
ILMN_1728710	ZNF816	6.200866120905918
ILMN_2151075	ZNF821	9.773182618491242
ILMN_2256359	ZNF823	7.9994976582023485
ILMN_1727574	ZNF827	7.934473557981309
ILMN_1718259	ZNF829	1.9166795709488447
ILMN_2190414	ZNF83	8.066476563967903
ILMN_2154603	ZNF830	9.334962095766574
ILMN_2093775	ZNF831	2.7811101216194203
ILMN_1804268	ZNF835	1.7967035860806837
ILMN_3244836	ZNF836	3.055062041313621
ILMN_3226700	ZNF837	4.320350696770641
ILMN_2186858	ZNF839	8.171613931820932
ILMN_3300358	ZNF84	7.746845507991026
ILMN_3235593	ZNF841	6.772124404461219
ILMN_3249372	ZNF843	3.094913734471748
ILMN_3238123	ZNF844	6.306171987832854
ILMN_3237579	ZNF845	6.422182877578226
ILMN_1737568	ZNF846	1.4470587841945648
ILMN_1747824	ZNF85	0.666739351003922
ILMN_3245380	ZNF860	6.295359692410119
ILMN_1662165	ZNF862	3.2784112875034954
ILMN_3249629	ZNF865	1.7039365280207628
ILMN_3226663	ZNF876P	14.239335587174962
ILMN_3249439	ZNF878	0.8017016178040143
ILMN_3251653	ZNF883	4.905662834833613
ILMN_1802053	ZNF91	10.494366805731369
ILMN_1665327	ZNF92	4.341886448870572
ILMN_1724158	ZNF93	7.445504394829478
ILMN_1691705	ZNF98	3.7653675628019356
ILMN_2229624	ZNF99	3.557222216209697
ILMN_1745148	ZNFX1	5.346487989457434
ILMN_1741491	ZNHIT1	12.29524401482274
ILMN_1810392	ZNHIT2	6.80014031621331
ILMN_1812478	ZNHIT3	13.661692476969698
ILMN_1668540	ZNHIT6	9.42602244575062
ILMN_1692486	ZNRD1	10.70565420576753
ILMN_1742775	ZNRF1	3.2997419052317283
ILMN_1769503	ZNRF2	0.0
ILMN_1667452	ZNRF2P1	8.187761234783649
ILMN_1788738	ZNRF3	5.6022692296203
ILMN_1744545	ZNRF4	0.04792460269344386
ILMN_1654473	ZP1	0.4673524748228892
ILMN_1674519	ZP2	0.327101850756294
ILMN_1805377	ZP3	11.521715643967951
ILMN_1711662	ZP4	0.0
ILMN_1683614	ZPBP	0.42316218127640465
ILMN_1666357	ZPBP2	1.604056043543177
ILMN_1779031	ZPLD1	1.1378846047323272
ILMN_1753790	ZPR1	9.020367837456208
ILMN_1757742	ZRANB1	7.727260683395115
ILMN_1703015	ZRANB2	11.125574528626863
ILMN_1809857	ZRANB3	2.165633404641057
ILMN_1773868	ZRSR2	10.217886181509716
ILMN_1716999	ZSCAN1	0.0
ILMN_1744398	ZSCAN10	1.1601784592595876
ILMN_3240829	ZSCAN12P1	4.334579384910054
ILMN_1809566	ZSCAN16	6.105231867103437
ILMN_1654946	ZSCAN18	12.08063940247827
ILMN_1726512	ZSCAN2	9.325191847108757
ILMN_1765000	ZSCAN20	3.703784130681356
ILMN_1789410	ZSCAN21	8.276584219717572
ILMN_1704765	ZSCAN22	0.3023851641776689
ILMN_3244501	ZSCAN23	0.6377153598195536
ILMN_1739368	ZSCAN25	4.172837077377182
ILMN_1691772	ZSCAN29	5.804929070374626
ILMN_3245223	ZSCAN30	3.5304043491405626
ILMN_1655748	ZSCAN31	6.530176607013696
ILMN_1684591	ZSCAN32	7.7574892869714205
ILMN_1725718	ZSCAN4	1.8245591684240765
ILMN_1675007	ZSCAN5A	2.2272883829430765
ILMN_3244172	ZSCAN5B	2.1555912587504578
ILMN_1669516	ZSCAN9	8.9007781351551
ILMN_1812856	ZSWIM1	8.861539030775402
ILMN_1747923	ZSWIM2	2.3083798334657977
ILMN_2283196	ZSWIM3	6.97007842626357
ILMN_2150654	ZSWIM4	10.126337450676841
ILMN_1742069	ZSWIM5	6.557281241494867
ILMN_1777061	ZSWIM6	9.94341152168245
ILMN_3298167	ZSWIM7	10.187363326872505
ILMN_1669433	ZSWIM8	9.107456336962256
ILMN_1796119	ZUFSP	9.194539457940076
ILMN_1712556	ZW10	9.072427981437864
ILMN_1700378	ZWILCH	5.643364036306962
ILMN_2362549	ZWINT	6.082939940345793
ILMN_1896406	ZXDA	4.760779465698231
ILMN_1685547	ZXDB	5.513598826959164
ILMN_2348512	ZXDC	6.012645764144781
ILMN_1723439	ZYG11A	0.2407560390568497
ILMN_1656676	ZYG11B	11.308863654591113
ILMN_1701875	ZYX	10.499966117061943
ILMN_1786396	ZZEF1	6.3557275673689375
ILMN_1653618	ZZZ3	8.370694128730234
