dataset	Name	pathway	ES	NES	nominal_p	dataset_FDR	FWER p-val	Tag %	Gene %	leading_genes
GSE46798_exposure_corrected	prerank	Regulation of gene expression by Hypoxia-inducible Factor	0.7407621129980605	2.107010151607482	0.0037593984962406013	0.5115041330099145	0.34	1/11	0.00%	EPO
GSE46798_exposure_corrected	prerank	RA biosynthesis pathway	0.5666674557661325	1.9541272715305522	0.004016064257028112	0.7029649341779902	0.655	6/22	8.97%	CYP26C1;RDH10;RDH5;CYP26A1;AKR1C3;ADH4
GSE46798_exposure_corrected	prerank	Erythropoietin activates Phosphoinositide-3-kinase (PI3K)	0.6699062057452059	1.9488495230669962	0.011363636363636364	0.48206674045639736	0.666	1/12	0.00%	EPO
GSE46798_exposure_corrected	prerank	Miscellaneous substrates	0.6654217304193678	1.9332946400013402	0.00784313725490196	0.38963332783835336	0.692	7/11	18.39%	CYP4F3;CYP4A22;CYP2U1;CYP2W1;CYP4B1;CYP4F11;CYP4A11
GSE46798_exposure_corrected	prerank	Erythropoietin activates RAS	0.6282113918228821	1.9312984206307744	0.00909090909090909	0.31453265195582036	0.695	1/14	0.00%	EPO
GSE46798_exposure_corrected	prerank	Fatty acids	0.592182255555689	1.8856954526090368	0.011857707509881422	0.33570402468030996	0.772	12/15	22.39%	CYP4F3;CYP4A22;CYP4F8;CYP4B1;CYP2B6;CYP2A13;CYP4F11;CYP2F1;CYP4A11;CYP2J2;CYP4F12;CYP2D6
GSE46798_exposure_corrected	prerank	NOTCH1 Intracellular Domain Regulates Transcription	-0.5671046553539487	-1.8555254322182422	0.001184834123222749	1.0	0.506	23/48	20.33%	HES1;HEYL;RPS27A;HDAC4;MAMLD1;TLE1;HDAC3;NBEA;HDAC10;CREBBP;MYC;HDAC2;TLE4;HES5;TBL1XR1;NCOR2;UBC;KAT2B;SKP1;HDAC6;HIF1A;RBX1;TLE2
GSE46798_exposure_corrected	prerank	NF-kB activation through FADD/RIP-1 pathway mediated by caspase-8 and -10	0.6291413439270702	1.8468624594167418	0.0	0.3473948748658496	0.84	1/12	0.03%	RNF135
GSE46798_exposure_corrected	prerank	NOTCH2 intracellular domain regulates transcription	-0.7558180036518474	-1.829734870450388	0.0	1.0	0.589	6/11	12.76%	HES1;CREB1;FCER2;MAMLD1;NOTCH2;HES5
GSE46798_exposure_corrected	prerank	Signaling by NOTCH1	-0.5167354770633902	-1.8149611171184603	0.0	0.8243416014594507	0.642	32/74	20.33%	HES1;HEYL;ARRB1;RPS27A;ITCH;HDAC4;MAMLD1;TLE1;HDAC3;NBEA;HDAC10;CREBBP;MYC;HDAC2;TLE4;HES5;NEURL1;TBL1XR1;NEURL1B;NCOR2;ADAM17;JAG1;DTX2;UBC;CNTN1;KAT2B;SKP1;HDAC6;HIF1A;PSENEN;RBX1;TLE2
GSE46798_exposure_corrected	prerank	SEMA3A-Plexin repulsion signaling by inhibiting Integrin adhesion	-0.6984145606305552	-1.7837177744369341	0.0	0.7658519279338285	0.739	7/14	11.07%	FYN;SEMA3A;PLXNA4;NRP1;FARP2;PLXNA3;PLXNA1
GSE46798_exposure_corrected	prerank	Signaling by Erythropoietin	0.4871465671007453	1.7824160516246597	0.021164021164021163	0.4112698113651885	0.917	1/25	0.00%	EPO
GSE46798_exposure_corrected	prerank	RORA,B,C and NR1D1 (REV-ERBA) regulate gene expression	-0.6010991536034035	-1.7749322705183317	0.0037313432835820895	0.659827227754705	0.768	14/25	24.39%	HDAC3;RORC;NCOA6;CREBBP;RORA;CPT1A;TBL1XR1;CHD9;SMARCD3;NCOA2;NR1D1;MED1;NRIP1;CARM1
GSE46798_exposure_corrected	prerank	Signaling by NOTCH1 PEST Domain Mutants in Cancer	-0.5111301885766919	-1.7321840721595076	0.0011534025374855825	0.4710321181718493	0.896	23/58	20.08%	HES1;HEYL;RPS27A;HDAC4;MAMLD1;HDAC3;HDAC10;CREBBP;MYC;HDAC2;HES5;NEURL1;TBL1XR1;NEURL1B;NCOR2;ADAM17;JAG1;UBC;KAT2B;SKP1;HDAC6;PSENEN;RBX1
GSE46798_exposure_corrected	prerank	Constitutive Signaling by NOTCH1 HD+PEST Domain Mutants	-0.5111301885766919	-1.7321840721595076	0.0011534025374855825	0.4710321181718493	0.896	23/58	20.08%	HES1;HEYL;RPS27A;HDAC4;MAMLD1;HDAC3;HDAC10;CREBBP;MYC;HDAC2;HES5;NEURL1;TBL1XR1;NEURL1B;NCOR2;ADAM17;JAG1;UBC;KAT2B;SKP1;HDAC6;PSENEN;RBX1
GSE46798_exposure_corrected	prerank	Constitutive Signaling by NOTCH1 PEST Domain Mutants	-0.5111301885766919	-1.7321840721595076	0.0011534025374855825	0.4710321181718493	0.896	23/58	20.08%	HES1;HEYL;RPS27A;HDAC4;MAMLD1;HDAC3;HDAC10;CREBBP;MYC;HDAC2;HES5;NEURL1;TBL1XR1;NEURL1B;NCOR2;ADAM17;JAG1;UBC;KAT2B;SKP1;HDAC6;PSENEN;RBX1
GSE46798_exposure_corrected	prerank	Signaling by NOTCH1 HD+PEST Domain Mutants in Cancer	-0.5111301885766919	-1.7321840721595076	0.0011534025374855825	0.4710321181718493	0.896	23/58	20.08%	HES1;HEYL;RPS27A;HDAC4;MAMLD1;HDAC3;HDAC10;CREBBP;MYC;HDAC2;HES5;NEURL1;TBL1XR1;NEURL1B;NCOR2;ADAM17;JAG1;UBC;KAT2B;SKP1;HDAC6;PSENEN;RBX1
GSE46798_exposure_corrected	prerank	Signaling by NOTCH1 in Cancer	-0.5111301885766919	-1.7321840721595076	0.0011534025374855825	0.4710321181718493	0.896	23/58	20.08%	HES1;HEYL;RPS27A;HDAC4;MAMLD1;HDAC3;HDAC10;CREBBP;MYC;HDAC2;HES5;NEURL1;TBL1XR1;NEURL1B;NCOR2;ADAM17;JAG1;UBC;KAT2B;SKP1;HDAC6;PSENEN;RBX1
GSE46798_exposure_corrected	prerank	Purinergic signaling in leishmaniasis infection	-0.5888641482463776	-1.72770223699634	0.01107011070110701	0.4081889016243501	0.906	8/26	10.03%	IL1B;PSTPIP1;ENTPD1;NFKB2;P2RX7;NLRP3;IL18;SUGT1
GSE46798_exposure_corrected	prerank	Cell recruitment (pro-inflammatory response)	-0.5888641482463776	-1.72770223699634	0.01107011070110701	0.4081889016243501	0.906	8/26	10.03%	IL1B;PSTPIP1;ENTPD1;NFKB2;P2RX7;NLRP3;IL18;SUGT1
GSE46798_exposure_corrected	prerank	Sema3A PAK dependent Axon repulsion	-0.6593561423673028	-1.7240303020149237	0.0025974025974025974	0.3880615928130776	0.915	9/16	19.01%	FYN;SEMA3A;PLXNA4;NRP1;PAK2;PLXNA3;PLXNA1;PAK1;PLXNA2
GSE46798_exposure_corrected	prerank	Highly calcium permeable postsynaptic nicotinic acetylcholine receptors	-0.7386343522666744	-1.7191436069562427	0.00546448087431694	0.37725649809783246	0.926	1/10	0.02%	CHRNA5
GSE46798_exposure_corrected	prerank	FCGR activation	-0.7015131422975007	-1.7141993955360544	0.009510869565217392	0.3692370797091022	0.94	4/12	5.45%	FCGR3A;FYN;LYN;FGR
GSE46798_exposure_corrected	prerank	CRMPs in Sema3A signaling	-0.6455423180718505	-1.711982442678733	0.008928571428571428	0.35246443581079406	0.944	12/16	26.88%	FYN;SEMA3A;PLXNA4;NRP1;PLXNA3;PLXNA1;DPYSL3;DPYSL2;PLXNA2;CRMP1;GSK3B;DPYSL4
GSE46798_exposure_corrected	prerank	Defective homologous recombination repair (HRR) due to BRCA2 loss of function	-0.5456305019466635	-1.7018072553027865	0.00850546780072904	0.34273827855155353	0.959	20/38	28.61%	XRCC2;TOP3A;RHNO1;RBBP8;RAD51B;RAD51;RAD17;RAD51D;BARD1;HUS1;KAT5;TOPBP1;RPA3;NBN;ATM;ATRIP;RMI1;RPA1;RAD51C;WRN
GSE46798_exposure_corrected	prerank	Diseases of DNA Double-Strand Break Repair	-0.5456305019466635	-1.7018072553027865	0.00850546780072904	0.34273827855155353	0.959	20/38	28.61%	XRCC2;TOP3A;RHNO1;RBBP8;RAD51B;RAD51;RAD17;RAD51D;BARD1;HUS1;KAT5;TOPBP1;RPA3;NBN;ATM;ATRIP;RMI1;RPA1;RAD51C;WRN
GSE46798_exposure_corrected	prerank	Signaling by NOTCH2	-0.5530186113693406	-1.695276204010674	0.003708281829419036	0.34336544706561656	0.965	13/32	19.78%	HES1;CREB1;RPS27A;FCER2;MAMLD1;NOTCH2;HES5;NEURL1;NEURL1B;JAG1;UBC;CNTN1;PSENEN
GSE46798_exposure_corrected	prerank	Nucleotide-binding domain, leucine rich repeat containing receptor (NLR) signaling pathways	-0.5069925686065977	-1.6937412488886834	0.002277904328018223	0.331771833459861	0.967	18/55	20.09%	BIRC3;AIM2;PSTPIP1;RPS27A;ITCH;NFKB2;BCL2L1;TNFAIP3;P2RX7;TRAF6;NLRP3;SUGT1;CASP4;MAP3K7;UBC;UBE2N;BIRC2;CYLD
GSE46798_exposure_corrected	prerank	Inflammasomes	-0.6094182278634809	-1.6914713725792652	0.003931847968545216	0.3227992874757489	0.972	7/21	10.03%	AIM2;PSTPIP1;NFKB2;BCL2L1;P2RX7;NLRP3;SUGT1
GSE46798_exposure_corrected	prerank	Presynaptic phase of homologous DNA pairing and strand exchange	-0.540729332099523	-1.6796692109889084	0.00966183574879227	0.34422914447922265	0.982	20/37	28.61%	XRCC2;TOP3A;RHNO1;RBBP8;RAD51B;RAD51;RAD17;RAD51D;BARD1;HUS1;KAT5;TOPBP1;RPA3;NBN;ATM;ATRIP;RMI1;RPA1;RAD51C;WRN
GSE46798_exposure_corrected	prerank	Signaling by NOTCH	-0.43728943158726374	-1.676606462353622	0.0	0.34034272701247437	0.983	77/174	28.95%	HES1;POFUT1;HEYL;ARRB1;CREB1;TNRC6C;SMAD3;RPS27A;RAB6A;ITCH;HDAC4;FLT4;FCER2;MAMLD1;LFNG;TLE1;HDAC3;NBEA;AGO1;PSMD14;MFNG;ELANE;PSMA4;NOTCH3;HDAC10;ATP2A2;PSMC5;RFNG;CREBBP;NOTCH2;POGLUT1;MYC;HDAC2;PSMD1;PSMC3;AGO3;TLE4;FABP7;HES5;NEURL1;TBL1XR1;NEURL1B;NCOR2;ADAM17;PBX1;MIR449A;JAG1;STAT1;DTX2;UBC;PSMA3;CNTN1;KAT2B;PSMB2;SKP1;HDAC6;HIF1A;PSENEN;WWC1;RBX1;TLE2;SEL1L;PSMB7;SNW1;PSMB4;AGO2;DNER;PSMD11;ST3GAL3;PSMD13;PSMA5;ARRB2;ADRM1;PSMA6;PSMA2;AKT1;TMED2
GSE46798_exposure_corrected	prerank	BMAL1:CLOCK,NPAS2 activates circadian expression	-0.5821386537966315	-1.6730568273294864	0.007444168734491315	0.33753231416563706	0.987	15/24	24.91%	NPAS2;NCOA6;CREBBP;NAMPT;TBL1XR1;AVP;CHD9;SMARCD3;SERPINE1;NCOA2;KLF15;MED1;NOCT;CARM1;BHLHE40
GSE46798_exposure_corrected	prerank	TRAF3-dependent IRF activation pathway	0.5497181205589846	1.6625178836824608	0.026515151515151516	0.6205402350281422	0.99	1/14	0.03%	RNF135
GSE46798_exposure_corrected	prerank	Signaling by cytosolic FGFR1 fusion mutants	-0.6089552448396035	-1.6493271518313348	0.0076824583866837385	0.40502815860115016	0.998	10/17	28.37%	LRRFIP1;ZMYM2;GAB2;CPSF6;STAT1;CUX1;TRIM24;PIK3CA;PIK3R1;FGFR1OP2
GSE46798_exposure_corrected	prerank	Activation of NF-kappaB in B cells	-0.4935719549502135	-1.6428370503997611	0.004592422502870264	0.41481178680303404	0.998	26/52	31.02%	BCL10;RPS27A;PRKCB;PSMD14;PSMA4;PSMC5;REL;PSMD1;PSMC3;MAP3K7;UBC;PSMA3;PSMB2;SKP1;FBXW11;MALT1;PSMB7;PSMB4;PSMD11;PSMD13;PSMA5;ADRM1;PSMA6;PSMA2;PSMC6;PSMD2
GSE46798_exposure_corrected	prerank	Degradation of DVL	-0.5129368032707506	-1.633737377641842	0.0035087719298245615	0.43437111722339744	0.998	29/42	38.81%	DVL3;RPS27A;DVL1;PSMD14;PSMA4;PSMC5;PSMD1;PSMC3;HECW1;UBC;PSMA3;PSMB2;RBX1;CUL3;PSMB7;PSMB4;PSMD11;PSMD13;PSMA5;ADRM1;PSMA6;PSMA2;PSMC6;PSMD2;PSMC1;PSMB3;PSMB6;DVL2;PSMB1
GSE46798_exposure_corrected	prerank	NOTCH3 Intracellular Domain Regulates Transcription	-0.5594862048977522	-1.630812150490482	0.008717310087173101	0.4298554891374076	0.998	12/25	22.59%	HES1;HEYL;MAMLD1;NOTCH3;CREBBP;FABP7;HES5;PBX1;STAT1;KAT2B;WWC1;SNW1
GSE46798_exposure_corrected	prerank	DNA Double-Strand Break Repair	-0.42954173034071746	-1.6300225073558359	0.0010649627263045794	0.4186577873182523	0.998	75/164	32.03%	TDP1;XRCC2;KDM4B;BAP1;SMARCA5;XRCC4;DCLRE1C;RPS27A;TOP3A;RHNO1;RBBP8;RAD51B;RAD51;RAD17;POLH;RAD51D;BARD1;HUS1;PSMD14;PSMA4;UBE2V2;RIF1;PSMC5;TIMELESS;RFC1;CUL4B;SPIDR;KAT5;PARP2;TOPBP1;PSMD1;PSMC3;UBC;XRCC5;UBE2N;PSMA3;RPA3;PSMB2;POLD3;NBN;RBX1;CHEK2;CUL4A;ATM;PSMB7;POLL;ATRIP;SLX1A;PSMB4;RMI1;EME1;PARP1;GEN1;CCNA1;RPA1;KDM4A;PSMD11;XRCC1;RAD51C;POLE2;UIMC1;PSMD13;PSMA5;PRKDC;ADRM1;PSMA6;PSMA2;WRN;MUS81;RTEL1;PSMC6;PSMD2;TP53;MDC1;BRIP1
GSE46798_exposure_corrected	prerank	Acetylcholine binding and downstream events	-0.667962227684581	-1.6255930352632013	0.010738255033557046	0.40719842206193796	0.998	1/12	0.02%	CHRNA5
GSE46798_exposure_corrected	prerank	Postsynaptic nicotinic acetylcholine receptors	-0.667962227684581	-1.6255930352632013	0.010738255033557046	0.40719842206193796	0.998	1/12	0.02%	CHRNA5
GSE46798_exposure_corrected	prerank	Resolution of D-Loop Structures	-0.5307787604760592	-1.6242996766838524	0.015990159901599015	0.3995503927318557	0.998	20/32	32.03%	XRCC2;TOP3A;RBBP8;RAD51B;RAD51;RAD51D;BARD1;SPIDR;KAT5;NBN;ATM;SLX1A;RMI1;EME1;GEN1;RAD51C;WRN;MUS81;RTEL1;BRIP1
GSE46798_exposure_corrected	prerank	HDR through Homologous Recombination (HRR)	-0.4743267918207833	-1.6214462227418496	0.008073817762399077	0.3984795031997283	0.998	32/64	30.63%	XRCC2;RPS27A;TOP3A;RHNO1;RBBP8;RAD51B;RAD51;RAD17;POLH;RAD51D;BARD1;HUS1;RFC1;SPIDR;KAT5;TOPBP1;UBC;RPA3;POLD3;NBN;ATM;ATRIP;SLX1A;RMI1;EME1;GEN1;RPA1;RAD51C;POLE2;WRN;MUS81;RTEL1
GSE46798_exposure_corrected	prerank	Eicosanoids	0.586016127193935	1.6203071054093823	0.045112781954887216	0.6754115347478982	0.995	8/11	21.54%	CYP4F3;CYP4A22;CYP4F8;CYP8B1;CYP4B1;CYP4F11;CYP4A11;CYP4F12
GSE46798_exposure_corrected	prerank	Homologous DNA Pairing and Strand Exchange	-0.5138307268240139	-1.6181451800136786	0.012048192771084338	0.39822114111873774	0.998	20/40	28.61%	XRCC2;TOP3A;RHNO1;RBBP8;RAD51B;RAD51;RAD17;RAD51D;BARD1;HUS1;KAT5;TOPBP1;RPA3;NBN;ATM;ATRIP;RMI1;RPA1;RAD51C;WRN
GSE46798_exposure_corrected	prerank	Netrin-1 signaling	-0.509422754125957	-1.6167116847966403	0.007067137809187279	0.39087838532307784	0.998	26/42	32.70%	MYO10;FYN;NTN1;ROBO1;NTN4;SLIT2;PTK2;PITPNA;PTPN11;TRPC1;DOCK1;ABLIM2;RGMA;PLCG1;DSCAM;DCC;SIAH1;RGMB;WASL;NEO1;UNC5A;UNC5B;SIAH2;TRIO;ABLIM1;RAC1
GSE46798_exposure_corrected	prerank	Degradation of beta-catenin by the destruction complex	-0.4661201167184319	-1.6096688261571244	0.004514672686230248	0.40479691349754915	1.0	37/69	33.45%	RPS27A;TLE1;PSMD14;PSMA4;PSMC5;AMER1;APC;MYC;PSMD1;PSMC3;TLE4;FRAT1;UBC;CTBP2;PSMA3;PSMB2;PPP2R5D;SKP1;RBX1;TLE2;CTBP1;PSMB7;PPP2R5E;PSMB4;GSK3B;PPP2CA;PSMD11;PSMD13;PSMA5;ADRM1;PSMA6;PSMA2;PPP2R1A;PSMC6;PSMD2;ZRANB1;PSMC1
GSE46798_exposure_corrected	prerank	Regulation of Apoptosis	-0.5104059766060032	-1.6079276867110905	0.008323424494649227	0.4005431770358309	1.0	27/38	38.81%	RPS27A;PSMD14;PSMA4;PAK2;PSMC5;PSMD1;PSMC3;OPA1;UBC;OMA1;PSMA3;PSMB2;PSMB7;PSMB4;PSMD11;PSMD13;PSMA5;ADRM1;PSMA6;PSMA2;ARHGAP10;PSMC6;PSMD2;PSMC1;PSMB3;PSMB6;PSMB1
GSE46798_exposure_corrected	prerank	Signaling by the B Cell Receptor (BCR)	-0.4482241096358717	-1.6075726915333943	0.0	0.3915394404527522	1.0	48/95	33.45%	BCL10;ORAI2;VAV1;FYN;LYN;CD79A;RPS27A;DAPP1;PRKCB;PSMD14;PIK3CD;PSMA4;PPP3CB;PSMC5;REL;PSMD1;PSMC3;SH3KBP1;STIM1;MAP3K7;UBC;TRPC1;PSMA3;PLCG2;PSMB2;SKP1;PPP3R1;FBXW11;HRAS;MALT1;PSMB7;PSMB4;PSMD11;PSMD13;PSMA5;PIK3R1;ADRM1;PPP3CA;PSMA6;PSMA2;PSMC6;CALM1;PSMD2;NFATC3;CD19;CD22;AHCYL1;PSMC1
GSE46798_exposure_corrected	prerank	Resolution of D-loop Structures through Holliday Junction Intermediates	-0.528155602738934	-1.6059710111077854	0.015950920245398775	0.38659135314340065	1.0	18/31	29.59%	XRCC2;TOP3A;RBBP8;RAD51B;RAD51;RAD51D;BARD1;SPIDR;KAT5;NBN;ATM;SLX1A;RMI1;EME1;GEN1;RAD51C;WRN;MUS81
GSE46798_exposure_corrected	prerank	Circadian clock	-0.4408245302130748	-1.60350198939092	0.0	0.38669549512000273	1.0	46/107	28.52%	CREB1;RPS27A;NPAS2;UBE2D1;HDAC3;RAI1;PSMD14;RORC;PSMA4;PSMC5;NCOA6;CREBBP;RORA;CPT1A;PSMD1;PSMC3;NAMPT;TBL1XR1;AVP;CHD9;SMARCD3;SERPINE1;UBC;NCOA2;NR1D1;PSMA3;PER3;PSMB2;SKP1;KLF15;FBXW11;RBX1;MED1;PSMB7;NRIP1;PSMB4;NOCT;CARM1;BHLHE40;PSMD11;PSMD13;PSMA5;CRTC2;ADRM1;PSMA6;PSMA2
GSE46798_exposure_corrected	prerank	Presynaptic nicotinic acetylcholine receptors	-0.6686656250360061	-1.6013605411806806	0.013404825737265416	0.38531834074648524	1.0	1/11	0.02%	CHRNA5
GSE46798_exposure_corrected	prerank	Diseases of DNA repair	-0.4914689074336235	-1.6011199254346085	0.010817307692307692	0.37702896100609673	1.0	23/48	29.28%	XRCC2;MSH3;TOP3A;RHNO1;RBBP8;RAD51B;RAD51;RAD17;MSH2;RAD51D;BARD1;HUS1;KAT5;TOPBP1;RPA3;NBN;ATM;ATRIP;RMI1;RPA1;RAD51C;WRN;MSH6
GSE46798_exposure_corrected	prerank	Formation of the beta-catenin:TCF transactivating complex	-0.5226872227017414	-1.598520735638774	0.014510278113663845	0.3768049516212096	1.0	12/33	21.21%	CDC73;TLE1;LEO1;SMARCA4;CREBBP;PYGO2;KAT5;MYC;TLE4;PYGO1;TLE2;TCF4
GSE46798_exposure_corrected	prerank	Hedgehog ligand biogenesis	-0.4857221933782169	-1.597511178885023	0.008083140877598153	0.37137845656132623	1.0	26/50	31.02%	IHH;RPS27A;PSMD14;PSMA4;PSMC5;GPC5;PSMD1;PSMC3;ADAM17;DHH;UBC;DISP2;PSMA3;PSMB2;ERLEC1;SEL1L;PSMB7;PSMB4;PSMD11;PSMD13;PSMA5;ADRM1;PSMA6;PSMA2;PSMC6;PSMD2
GSE46798_exposure_corrected	prerank	SPOP-mediated proteasomal degradation of PD-L1(CD274)	-0.49436599672625076	-1.597015094403499	0.01061320754716981	0.36461217763708126	1.0	28/43	37.06%	RPS27A;YWHAG;PSMD14;PSMA4;PSMC5;PSMD1;PSMC3;UBC;PSMA3;PSMB2;RBX1;CUL3;PSMB7;PSMB4;PSMD11;PSMD13;PSMA5;ADRM1;PSMA6;PSMA2;SPOP;PSMC6;PSMD2;PSMC1;PSMB3;CCND1;CSNK2A2;PSMB6
GSE46798_exposure_corrected	prerank	LGI-ADAM interactions	-0.6276324720016511	-1.5927187605417048	0.023351648351648352	0.37120533051326643	1.0	6/14	11.25%	CACNG4;ADAM22;LGI2;LGI1;ADAM11;STX1B
GSE46798_exposure_corrected	prerank	Signaling by NOTCH3	-0.47978879856915324	-1.5921454412804705	0.005813953488372093	0.365159916256336	1.0	17/49	19.84%	HES1;HEYL;RPS27A;MAMLD1;NOTCH3;CREBBP;FABP7;HES5;NEURL1;NEURL1B;PBX1;JAG1;STAT1;UBC;KAT2B;PSENEN;WWC1
GSE46798_exposure_corrected	prerank	Expression and translocation of olfactory receptors	0.29714639564406536	1.5871148473978003	0.0	0.710543724697223	0.998	87/342	13.11%	OR7D2;OR2AT4;OR6K3;OR6C2;OR51E1;OR51A7;OR8H3;OR6C68;OR51S1;OR10A6;OR4N2;OR2M3;OR51I2;OR4C16;OR10G7;OR8B4;OR6X1;OR2A14;OR2T6;OR5AK2;OR5H1;OR1D2;OR52B6;OR4D1;OR52N1;OR5T2;OR10G9;OR12D3;OR5AS1;OR13C3;OR13F1;OR1L3;OR2Y1;OR4A47;OR5J2;OR6C76;OR6F1;OR9Q1;OR10G4;OR2L13;OR56A3;OR6N1;OR1L1;OR4K14;OR2T29;OR10A3;OR1L6;OR6T1;OR10H4;OR5D18;OR14A16;OR1S2;OR9K2;OR51I1;OR6S1;OR9Q2;OR2D2;OR4D10;OR51A4;OR5K4;OR5B2;OR4N4;OR2T33;OR1I1;OR2B3;OR5K1;OR3A1;OR4K15;OR1Q1;OR3A3;OR10A7;OR2J3;OR4B1;OR2T34;OR4F15;OR10A4;OR10H1;OR2B2;OR8B3;OR10AD1;OR52W1;OR10G2;OR2J2;OR5M3;OR2L3;OR9A2;OR56A1
GSE46798_exposure_corrected	prerank	Expression of BMAL (ARNTL), CLOCK, and NPAS2	-0.5180108357753287	-1.5855449059750741	0.013268998793727383	0.380028026284669	1.0	16/34	24.39%	CREB1;NPAS2;HDAC3;RAI1;RORC;NCOA6;CREBBP;RORA;TBL1XR1;CHD9;SMARCD3;NCOA2;NR1D1;MED1;NRIP1;CARM1
GSE46798_exposure_corrected	prerank	Olfactory Signaling Pathway	0.2944768849939918	1.5832766152007927	0.0	0.6642253255775616	0.998	88/349	13.11%	OR7D2;OR2AT4;OR6K3;OR6C2;OR51E1;OR51A7;OR8H3;OR6C68;OR51S1;OR10A6;OR4N2;OR2M3;OR51I2;OR4C16;OR10G7;OR8B4;OR6X1;OR2A14;OR2T6;OR5AK2;OR5H1;OR1D2;OR52B6;OR4D1;OR52N1;OR5T2;OR10G9;OR12D3;OR5AS1;OR13C3;OR13F1;OR1L3;OR2Y1;OR4A47;OR5J2;OR6C76;OR6F1;OR9Q1;OR10G4;OR2L13;OR56A3;OR6N1;OR1L1;OR4K14;OR2T29;OR10A3;OR1L6;OR6T1;OR10H4;OR5D18;OR14A16;OR1S2;CNGA2;OR9K2;OR51I1;OR6S1;OR9Q2;OR2D2;OR4D10;OR51A4;OR5K4;OR5B2;OR4N4;OR2T33;OR1I1;OR2B3;OR5K1;OR3A1;OR4K15;OR1Q1;OR3A3;OR10A7;OR2J3;OR4B1;OR2T34;OR4F15;OR10A4;OR10H1;OR2B2;OR8B3;OR10AD1;OR52W1;OR10G2;OR2J2;OR5M3;OR2L3;OR9A2;OR56A1
GSE46798_exposure_corrected	prerank	Vif-mediated degradation of APOBEC3G	-0.507939614113139	-1.5828680781652926	0.009615384615384616	0.38150385714356605	1.0	26/37	38.81%	RPS27A;APOBEC3G;PSMD14;PSMA4;PSMC5;PSMD1;PSMC3;UBC;PSMA3;CUL5;PSMB2;RBX1;PSMB7;PSMB4;PSMD11;PSMD13;PSMA5;ADRM1;PSMA6;PSMA2;PSMC6;PSMD2;PSMC1;PSMB3;PSMB6;PSMB1
GSE46798_exposure_corrected	prerank	UCH proteinases	-0.45345924001486004	-1.5784709593649806	0.002188183807439825	0.38876077345599075	1.0	39/69	37.06%	BAP1;ASXL1;RPS27A;TGFBR2;OGT;BARD1;PSMD14;PSMA4;PSMC5;NFRKB;PSMD1;PSMC3;UBC;PSMA3;PSMB2;MBD5;UCHL5;USP15;PSMB7;PSMB4;YY1;HCFC1;PSMD11;PSMD13;PSMA5;NEDD8;ADRM1;PSMA6;PSMA2;PSMC6;PSMD2;PSMC1;ASXL2;PSMB3;SENP8;INO80C;MBD6;INO80D;PSMB6
GSE46798_exposure_corrected	prerank	Defective HDR through Homologous Recombination Repair (HRR) due to PALB2 loss of BRCA1 binding function	-0.5509789448080721	-1.577035796377672	0.016270337922403004	0.3578979181354923	1.0	13/23	28.61%	XRCC2;TOP3A;RBBP8;RAD51B;RAD51;RAD51D;BARD1;KAT5;NBN;ATM;RMI1;RAD51C;WRN
GSE46798_exposure_corrected	prerank	Defective homologous recombination repair (HRR) due to BRCA1 loss of function	-0.5509789448080721	-1.577035796377672	0.016270337922403004	0.3578979181354923	1.0	13/23	28.61%	XRCC2;TOP3A;RBBP8;RAD51B;RAD51;RAD51D;BARD1;KAT5;NBN;ATM;RMI1;RAD51C;WRN
GSE46798_exposure_corrected	prerank	Defective HDR through Homologous Recombination Repair (HRR) due to PALB2 loss of BRCA2/RAD51/RAD51C binding function	-0.5509789448080721	-1.577035796377672	0.016270337922403004	0.3578979181354923	1.0	13/23	28.61%	XRCC2;TOP3A;RBBP8;RAD51B;RAD51;RAD51D;BARD1;KAT5;NBN;ATM;RMI1;RAD51C;WRN
GSE46798_exposure_corrected	prerank	Defective homologous recombination repair (HRR) due to PALB2 loss of function	-0.5509789448080721	-1.577035796377672	0.016270337922403004	0.3578979181354923	1.0	13/23	28.61%	XRCC2;TOP3A;RBBP8;RAD51B;RAD51;RAD51D;BARD1;KAT5;NBN;ATM;RMI1;RAD51C;WRN
GSE46798_exposure_corrected	prerank	Impaired BRCA2 binding to PALB2	-0.5509789448080721	-1.577035796377672	0.016270337922403004	0.3578979181354923	1.0	13/23	28.61%	XRCC2;TOP3A;RBBP8;RAD51B;RAD51;RAD51D;BARD1;KAT5;NBN;ATM;RMI1;RAD51C;WRN
GSE46798_exposure_corrected	prerank	Fcgamma receptor (FCGR) dependent phagocytosis	-0.44716264122153304	-1.5767092778511549	0.0066815144766146995	0.35262560791744024	1.0	36/86	29.04%	FCGR3A;MYO10;VAV1;FYN;LYN;PLPP4;WAS;FGR;VAV3;WIPF3;PTK2;PRKCE;CYFIP2;WASF1;MYO5A;PAK1;PLCG2;DOCK1;ARPC2;PLPP5;PIK3CB;PIK3CA;PLCG1;HCK;ARPC5;NCKIPSD;PLD1;ACTR3;ABI2;WASL;NCKAP1L;HSP90AA1;PIK3R1;BRK1;VAV2;FCGR2A
GSE46798_exposure_corrected	prerank	Signaling by CSF3 (G-CSF)	-0.5375740912512956	-1.5742696018145013	0.011152416356877323	0.35392795837671703	1.0	13/28	22.81%	LYN;RPS27A;UBE2D1;GAB2;UBE2D2;RNF7;PTPN11;STAT1;UBC;CUL5;SOCS3;CSF3R;HCK
GSE46798_exposure_corrected	prerank	Impaired BRCA2 binding to RAD51	-0.5178878193955713	-1.5678355585173842	0.02111801242236025	0.3707834601432816	1.0	15/32	24.32%	TOP3A;RHNO1;RBBP8;RAD51;RAD17;BARD1;HUS1;KAT5;TOPBP1;RPA3;NBN;ATM;ATRIP;RMI1;RPA1
GSE46798_exposure_corrected	prerank	RHO GTPases Activate ROCKs	-0.5718641989355886	-1.565508321655658	0.0196078431372549	0.3719678676153422	1.0	9/19	21.35%	PPP1R12B;ROCK2;PPP1R12A;PAK1;MYH14;RHOB;ROCK1;RHOA;MYH11
GSE46798_exposure_corrected	prerank	RHOH GTPase cycle	-0.5027869047551434	-1.5648910483608127	0.023752969121140142	0.36836991057059826	1.0	23/35	37.93%	ROCK2;UACA;PAK2;MTR;PAK6;PAK4;RALGAPA1;PAK1;ROCK1;DBT;RAB7A;PAK5;ARHGDIB;FAM91A1;SLC4A7;TUBA1B;ZAP70;STOM;LAMTOR1;CSK;ARHGDIA;RHOH;DBN1
GSE46798_exposure_corrected	prerank	GABA synthesis, release, reuptake and degradation	-0.5706669922939754	-1.5648394923669844	0.0258732212160414	0.3625573532972874	1.0	8/19	20.88%	ABAT;SLC6A13;GAD1;ALDH5A1;SNAP25;RAB3A;VAMP2;RIMS1
GSE46798_exposure_corrected	prerank	Cytochrome P450 - arranged by substrate type	0.3604675568837288	1.5631234612336704	0.03125	0.6726398910182438	0.999	8/62	4.86%	CYP26C1;CYP21A2;CYP4F3;CYP3A5;CYP26A1;CYP3A4;CYP2C18;CYP4A22
GSE46798_exposure_corrected	prerank	p53-Independent G1/S DNA Damage Checkpoint	-0.47812504990886756	-1.5627931089308282	0.011655011655011656	0.3574691984165183	1.0	26/49	31.02%	RPS27A;PLK3;PSMD14;PSMA4;PSMC5;PSMD1;PSMC3;NEK11;UBC;PSMA3;PSMB2;SKP1;FBXW11;RBX1;CHEK2;PSMB7;PSMB4;GSK3B;PSMD11;PSMD13;PSMA5;ADRM1;PSMA6;PSMA2;PSMC6;PSMD2
GSE46798_exposure_corrected	prerank	Ubiquitin-Mediated Degradation of Phosphorylated Cdc25A	-0.47812504990886756	-1.5627931089308282	0.011655011655011656	0.3574691984165183	1.0	26/49	31.02%	RPS27A;PLK3;PSMD14;PSMA4;PSMC5;PSMD1;PSMC3;NEK11;UBC;PSMA3;PSMB2;SKP1;FBXW11;RBX1;CHEK2;PSMB7;PSMB4;GSK3B;PSMD11;PSMD13;PSMA5;ADRM1;PSMA6;PSMA2;PSMC6;PSMD2
GSE46798_exposure_corrected	prerank	Semaphorin interactions	-0.4531605319425633	-1.5607230423066163	0.010089686098654708	0.3585534231927636	1.0	33/64	32.70%	SEMA3E;ROCK2;FYN;SEMA3A;PLXNA4;MET;NRP1;FARP2;PAK2;PLXNA3;PLXNA1;SEMA6A;PLXNB3;ARHGEF12;PAK1;MYH14;ERBB2;RHOB;DPYSL3;ROCK1;DPYSL2;RHOA;PLXNA2;MYH11;CRMP1;SEMA4D;GSK3B;DPYSL4;HSP90AA1;PLXNB1;ITGB1;RHOC;RAC1
GSE46798_exposure_corrected	prerank	Regulation of IFNA/IFNB signaling	0.44531537911692193	1.5597878146048867	0.038461538461538464	0.634232827907321	0.999	5/25	5.60%	IFNAR1;IFNA6;USP18;IFNA5;IFNA1
GSE46798_exposure_corrected	prerank	Inactivation of CSF3 (G-CSF) signaling	-0.5442534169551346	-1.5587920523298153	0.02	0.3592939032763978	1.0	11/23	22.81%	LYN;RPS27A;UBE2D1;UBE2D2;RNF7;STAT1;UBC;CUL5;SOCS3;CSF3R;HCK
GSE46798_exposure_corrected	prerank	Oxygen-dependent proline hydroxylation of Hypoxia-inducible Factor Alpha	-0.47359180962527025	-1.558098172272768	0.00813953488372093	0.3561667975547313	1.0	33/49	39.13%	WTIP;RPS27A;UBE2D1;PSMD14;PSMA4;PSMC5;UBE2D2;PSMD1;PSMC3;UBC;PSMA3;PSMB2;HIF1A;LIMD1;RBX1;PSMB7;PSMB4;CUL2;PSMD11;PSMD13;PSMA5;ADRM1;PSMA6;PSMA2;EGLN2;PSMC6;PSMD2;PSMC1;PSMB3;PSMB6;EGLN1;PSMB1;VHL
GSE46798_exposure_corrected	prerank	FGFRL1 modulation of FGFR1 signaling	0.5371785577562868	1.5576998721103426	0.06692913385826772	0.597555518922356	0.999	7/13	21.19%	FGF2;FGF22;FGF3;SPRED1;FGF5;FGF10;FGF4
GSE46798_exposure_corrected	prerank	Autodegradation of the E3 ubiquitin ligase COP1	-0.4998737616377158	-1.5532844213459265	0.01566265060240964	0.36608114402014547	1.0	25/36	38.81%	RPS27A;PSMD14;PSMA4;PSMC5;PSMD1;PSMC3;UBC;PSMA3;PSMB2;ATM;PSMB7;PSMB4;PSMD11;PSMD13;PSMA5;ADRM1;PSMA6;PSMA2;PSMC6;PSMD2;TP53;PSMC1;PSMB3;PSMB6;PSMB1
GSE46798_exposure_corrected	prerank	Induction of Cell-Cell Fusion	0.5326882238935466	1.5471044488629015	0.06028368794326241	0.5845383039351906	0.999	6/12	11.87%	ANO1;TMPRSS2;ANO3;ANO10;FURIN;ANO5
GSE46798_exposure_corrected	prerank	Proteasome assembly	-0.46619139515383856	-1.5460060450383113	0.012557077625570776	0.38586944624677005	1.0	29/50	38.81%	PSMB11;POMP;PSMD14;PSMA4;PSMC5;PSMD4;PSMD1;PSMC3;PSME4;PSME3;PSMA3;PSMB2;PSMB7;PSMB4;PSMD11;PSMD13;PSMA5;PSMB9;PSMG2;ADRM1;PSMA6;PSMA2;PSMC6;PSMD2;PSMC1;PSMB3;PSMB6;PSMG1;PSMB1
GSE46798_exposure_corrected	prerank	Regulation of activated PAK-2p34 by proteasome mediated degradation	-0.4991227641048192	-1.5435638383770882	0.016826923076923076	0.3888795763974149	1.0	24/35	38.81%	RPS27A;PSMD14;PSMA4;PAK2;PSMC5;PSMD1;PSMC3;UBC;PSMA3;PSMB2;PSMB7;PSMB4;PSMD11;PSMD13;PSMA5;ADRM1;PSMA6;PSMA2;PSMC6;PSMD2;PSMC1;PSMB3;PSMB6;PSMB1
GSE46798_exposure_corrected	prerank	Depolymerization of the Nuclear Lamina	-0.6111799189850143	-1.5422184985677152	0.030095759233926128	0.3882844624772906	1.0	7/14	20.42%	CNEP1R1;PRKCB;EMD;PRKCA;CTDNEP1;LMNB1;LEMD2
GSE46798_exposure_corrected	prerank	HDR through Single Strand Annealing (SSA)	-0.49515454435269923	-1.5406953237493584	0.025609756097560974	0.38861839719502106	1.0	15/36	24.32%	TOP3A;RHNO1;RBBP8;RAD51;RAD17;BARD1;HUS1;KAT5;TOPBP1;RPA3;NBN;ATM;ATRIP;RMI1;RPA1
GSE46798_exposure_corrected	prerank	NOD1/2 Signaling Pathway	-0.5053905462023391	-1.5398544052427778	0.021712907117008445	0.38615572657460745	1.0	11/35	20.09%	BIRC3;RPS27A;ITCH;TNFAIP3;TRAF6;CASP4;MAP3K7;UBC;UBE2N;BIRC2;CYLD
GSE46798_exposure_corrected	prerank	Trafficking of GluR2-containing AMPA receptors	-0.5778400754068518	-1.5395691640260567	0.02165605095541401	0.38173866711038	1.0	9/17	17.49%	GRIA3;PRKCB;TSPAN7;NSF;PRKCA;GRIA4;GRIP1;AP2A1;GRIA2
GSE46798_exposure_corrected	prerank	Regulation of Expression and Function of Type I Classical Cadherins	-0.4124529764654103	-1.539526487858533	0.0031380753138075313	0.37177133727305656	1.0	77/144	37.06%	ZMYM2;FYN;MIR9-3;TNRC6C;GANAB;RPS27A;EPS15;UCA1;FOXJ2;TLE1;AGO1;PSMD14;PSMA4;PSMC5;SMARCA4;RBBP7;MYC;HDAC2;PSMD1;PSMC3;PCSK6;AGO3;SPCS2;CTSS;UBC;ZNF217;ANK3;CTBP2;PSMA3;PSMB2;ZBTB33;KLF9;CTSB;PRKCSH;CTBP1;PSMB7;PCSK7;FOXQ1;VCL;PSMB4;AGO2;TGIF2;ACTC1;PSMD11;ZEB1;MYCN;MIR9-1;PKM;PSMD13;PSMA5;SEC11A;SEC11C;POMT2;ADRM1;PSMA6;PSMA2;RBBP4;RACK1;PSMC6;PSMD2;SUZ12;ARID1A;CTNND1;SPCS1;PSMC1;STRAP;CTNNA1;PSMB3;CTSL;DDOST;TCF12;TNRC6A;EED;KDM1A;ZEB2;CSNK2A2;PSMB6
GSE46798_exposure_corrected	prerank	Regulation of CDH1 Expression and Function	-0.4124529764654103	-1.539526487858533	0.0031380753138075313	0.37177133727305656	1.0	77/144	37.06%	ZMYM2;FYN;MIR9-3;TNRC6C;GANAB;RPS27A;EPS15;UCA1;FOXJ2;TLE1;AGO1;PSMD14;PSMA4;PSMC5;SMARCA4;RBBP7;MYC;HDAC2;PSMD1;PSMC3;PCSK6;AGO3;SPCS2;CTSS;UBC;ZNF217;ANK3;CTBP2;PSMA3;PSMB2;ZBTB33;KLF9;CTSB;PRKCSH;CTBP1;PSMB7;PCSK7;FOXQ1;VCL;PSMB4;AGO2;TGIF2;ACTC1;PSMD11;ZEB1;MYCN;MIR9-1;PKM;PSMD13;PSMA5;SEC11A;SEC11C;POMT2;ADRM1;PSMA6;PSMA2;RBBP4;RACK1;PSMC6;PSMD2;SUZ12;ARID1A;CTNND1;SPCS1;PSMC1;STRAP;CTNNA1;PSMB3;CTSL;DDOST;TCF12;TNRC6A;EED;KDM1A;ZEB2;CSNK2A2;PSMB6
GSE46798_exposure_corrected	prerank	Non-canonical inflammasome activation	-0.6074062528427896	-1.5390683441946826	0.030013642564802184	0.36833265303510937	1.0	5/14	13.84%	IL1B;IL18;CALM2;GBP1;CASP4
GSE46798_exposure_corrected	prerank	RUNX3 regulates NOTCH signaling	-0.6061973596415644	-1.537793169099071	0.028985507246376812	0.3675068784701259	1.0	6/14	22.59%	HES1;MAMLD1;CREBBP;JAG1;KAT2B;SNW1
GSE46798_exposure_corrected	prerank	Metabolism of Angiotensinogen to Angiotensins	0.49370617856029464	1.5374187643826933	0.05725190839694656	0.5738421407703038	0.999	8/16	13.94%	CTSZ;CTSG;CPA3;ENPEP;CPB1;CES1;MME;REN
GSE46798_exposure_corrected	prerank	NOTCH4 Intracellular Domain Regulates Transcription	-0.5592335674585003	-1.5367106058395175	0.0234375	0.3661713577312202	1.0	7/20	12.76%	HES1;SMAD3;FLT4;MAMLD1;CREBBP;NOTCH2;HES5
GSE46798_exposure_corrected	prerank	Host Interactions of HIV factors	-0.42096585304921647	-1.5364485873703422	0.004287245444801715	0.3622486507644449	1.0	69/113	40.17%	NUP35;FYN;RPS27A;AP1M2;NUP188;PSIP1;APOBEC3G;NUP88;PSMD14;PSMA4;PAK2;PSMC5;RANGAP1;CCNT1;PSMD1;PSMC3;NUP98;NUP133;AP1S2;UBC;AP2A1;PSMA3;NUP160;B2M;CUL5;PSMB2;AP1M1;SKP1;NUP93;RBX1;XPO1;SLC25A5;PSMB7;KPNB1;HCK;PSMB4;CD28;PSMD11;NUP214;PSMD13;PSMA5;ADRM1;PSMA6;PSMA2;SLC25A6;AAAS;PSMC6;PSMD2;AP1B1;POM121C;PACS1;RAC1;NUP37;HMGA1;SLC25A4;PSMC1;AP2M1;NUP205;PSMB3;AP2A2;RANBP1;PSMB6;ATP6V1H;NUP62;PSMB1;RCC1;NUP107;ARF1;ELMO1
GSE46798_exposure_corrected	prerank	FCGR3A-mediated phagocytosis	-0.45591899994902924	-1.5362778629051062	0.01951779563719862	0.34947477416541683	1.0	24/59	28.72%	FCGR3A;MYO10;VAV1;FYN;LYN;WAS;FGR;VAV3;WIPF3;PTK2;CYFIP2;WASF1;MYO5A;DOCK1;ARPC2;HCK;ARPC5;NCKIPSD;ACTR3;ABI2;WASL;NCKAP1L;BRK1;VAV2
GSE46798_exposure_corrected	prerank	Parasite infection	-0.45591899994902924	-1.5362778629051062	0.01951779563719862	0.34947477416541683	1.0	24/59	28.72%	FCGR3A;MYO10;VAV1;FYN;LYN;WAS;FGR;VAV3;WIPF3;PTK2;CYFIP2;WASF1;MYO5A;DOCK1;ARPC2;HCK;ARPC5;NCKIPSD;ACTR3;ABI2;WASL;NCKAP1L;BRK1;VAV2
GSE46798_exposure_corrected	prerank	Leishmania phagocytosis	-0.45591899994902924	-1.5362778629051062	0.01951779563719862	0.34947477416541683	1.0	24/59	28.72%	FCGR3A;MYO10;VAV1;FYN;LYN;WAS;FGR;VAV3;WIPF3;PTK2;CYFIP2;WASF1;MYO5A;DOCK1;ARPC2;HCK;ARPC5;NCKIPSD;ACTR3;ABI2;WASL;NCKAP1L;BRK1;VAV2
GSE46798_exposure_corrected	prerank	Notch-HLH transcription pathway	-0.5190261757333302	-1.536070681975371	0.026683608640406607	0.34589110397439055	1.0	13/28	22.59%	HDAC4;MAMLD1;HDAC3;NOTCH3;HDAC10;CREBBP;NOTCH2;HDAC2;TBL1XR1;NCOR2;KAT2B;HDAC6;SNW1
GSE46798_exposure_corrected	prerank	Downstream signaling events of B Cell Receptor (BCR)	-0.44848611211252365	-1.5319585136334835	0.01805869074492099	0.35360528150685794	1.0	32/66	31.63%	BCL10;RPS27A;PRKCB;PSMD14;PSMA4;PPP3CB;PSMC5;REL;PSMD1;PSMC3;MAP3K7;UBC;PSMA3;PSMB2;SKP1;PPP3R1;FBXW11;HRAS;MALT1;PSMB7;PSMB4;PSMD11;PSMD13;PSMA5;ADRM1;PPP3CA;PSMA6;PSMA2;PSMC6;CALM1;PSMD2;NFATC3
GSE46798_exposure_corrected	prerank	GSK3B and BTRC:CUL1-mediated-degradation of NFE2L2	-0.4811398085779888	-1.5314805397311873	0.016568047337278107	0.35085684164256514	1.0	26/40	38.81%	RPS27A;PSMD14;PSMA4;PSMC5;PSMD1;PSMC3;UBC;PSMA3;PSMB2;SKP1;RBX1;PSMB7;PSMB4;GSK3B;PSMD11;PSMD13;PSMA5;ADRM1;PSMA6;PSMA2;PSMC6;PSMD2;PSMC1;PSMB3;PSMB6;PSMB1
GSE46798_exposure_corrected	prerank	Adherens junctions interactions	-0.3994311641254966	-1.5307893873557457	0.0010256410256410256	0.3490366071623296	1.0	105/206	37.06%	HEYL;ADAM19;ZMYM2;FYN;MIR9-3;TNRC6C;GANAB;RPS27A;ZC3H12A;EPS15;CDH10;CDH7;UCA1;FOXJ2;TLE1;FARP2;AGO1;CDH11;PSMD14;PSMA4;HACE1;PSMC5;CDH12;SMARCA4;CADM1;RBBP7;MYC;HDAC2;PSMD1;PSMC3;PCSK6;AGO3;SPCS2;CTSS;UBC;ZNF217;IL6ST;ANK3;CTBP2;PSMA3;PSMB2;DOCK1;BIRC2;ZBTB33;CADM3;NECTIN3;KLF9;CDH17;CDH6;SOX10;CTSB;IL6R;PRKCSH;CTBP1;PSMB7;PCSK7;CADM2;FOXQ1;VCL;PSMB4;CDH13;AGO2;TGIF2;ACTC1;MIR451A;PSMD11;ZEB1;MYCN;MIR9-1;PKM;CDH4;PSMD13;PSMA5;SEC11A;SEC11C;POMT2;ADRM1;PSMA6;PSMA2;VAV2;RBBP4;RACK1;PSMC6;PSMD2;SUZ12;ARID1A;CTNND1;JAK2;RAC1;SPCS1;PSMC1;ANG;STRAP;CTNNA1;PSMB3;CTSL;DDOST;TCF12;TNRC6A;EED;KDM1A;ZEB2;CDH2;CSNK2A2;PSMB6
GSE46798_exposure_corrected	prerank	Nephrin family interactions	-0.5501114021534574	-1.5287543619901383	0.03289473684210526	0.3511150144473058	1.0	13/22	32.38%	CD2AP;FYN;SPTAN1;KIRREL2;SPTBN1;PIK3CB;PIK3CA;ACTN1;WASL;PIK3R1;ACTN2;NCK2;PIK3R2
GSE46798_exposure_corrected	prerank	Hh mutants abrogate ligand secretion	-0.4748290703754356	-1.5286619785969109	0.012971698113207548	0.3473784646807467	1.0	23/44	31.02%	IHH;RPS27A;PSMD14;PSMA4;PSMC5;PSMD1;PSMC3;DHH;UBC;PSMA3;PSMB2;ERLEC1;SEL1L;PSMB7;PSMB4;PSMD11;PSMD13;PSMA5;ADRM1;PSMA6;PSMA2;PSMC6;PSMD2
GSE46798_exposure_corrected	prerank	Regulation of MECP2 expression and activity	-0.5007920658965055	-1.5281397530272192	0.02289156626506024	0.3448354452214507	1.0	12/32	13.68%	HIPK2;CREB1;TNRC6C;HDAC3;AGO1;HTT;FOXG1;CAMK2D;HDAC2;AGO3;TBL1XR1;NCOR2
GSE46798_exposure_corrected	prerank	Interconversion of nucleotide di- and triphosphates	-0.5143077137071386	-1.5272448318681056	0.024875621890547265	0.34367033789770063	1.0	16/30	31.70%	CMPK1;AK1;NUDT13;AK8;AK4;GLRX;AK7;DTYMK;NME1;NME2;AK6;TYMS;CTPS2;CTPS1;RRM2;RRM1
GSE46798_exposure_corrected	prerank	Regulation of Homotypic Cell-Cell Adhesion	-0.40587376535736475	-1.5269269018924305	0.002074688796680498	0.34093224340176514	1.0	83/162	37.06%	HEYL;ADAM19;ZMYM2;FYN;MIR9-3;TNRC6C;GANAB;RPS27A;ZC3H12A;EPS15;UCA1;FOXJ2;TLE1;AGO1;CDH11;PSMD14;PSMA4;PSMC5;SMARCA4;RBBP7;MYC;HDAC2;PSMD1;PSMC3;PCSK6;AGO3;SPCS2;CTSS;UBC;ZNF217;ANK3;CTBP2;PSMA3;PSMB2;ZBTB33;KLF9;SOX10;CTSB;PRKCSH;CTBP1;PSMB7;PCSK7;FOXQ1;VCL;PSMB4;AGO2;TGIF2;ACTC1;MIR451A;PSMD11;ZEB1;MYCN;MIR9-1;PKM;PSMD13;PSMA5;SEC11A;SEC11C;POMT2;ADRM1;PSMA6;PSMA2;RBBP4;RACK1;PSMC6;PSMD2;SUZ12;ARID1A;CTNND1;SPCS1;PSMC1;STRAP;CTNNA1;PSMB3;CTSL;DDOST;TCF12;TNRC6A;EED;KDM1A;ZEB2;CSNK2A2;PSMB6
GSE46798_exposure_corrected	prerank	TICAM1, RIP1-mediated IKK complex recruitment	-0.5637932030000783	-1.5266644339722293	0.020942408376963352	0.3380805466511598	1.0	8/19	18.50%	BIRC3;RPS27A;UBE2D1;TRAF6;UBE2D2;UBC;UBE2N;BIRC2
GSE46798_exposure_corrected	prerank	Mitophagy	-0.483348260557685	-1.5244186591338196	0.014405762304921969	0.34077063999721285	1.0	19/36	33.13%	RPS27A;FUNDC1;UBE2D2;MFN1;OPTN;PINK1;UBC;UBE2N;MTERF3;TBK1;ATG12;TOMM70;TOMM7;VDAC1;MAP1LC3A;TOMM40;PGAM5;ATG5;VDAC3
GSE46798_exposure_corrected	prerank	DNA Double Strand Break Response	-0.43644780184150134	-1.5226763442723217	0.011135857461024499	0.34248850773296574	1.0	45/76	37.36%	KDM4B;BAP1;SMARCA5;RPS27A;BARD1;PSMD14;PSMA4;UBE2V2;PSMC5;CUL4B;KAT5;PSMD1;PSMC3;UBC;UBE2N;PSMA3;PSMB2;NBN;RBX1;CHEK2;CUL4A;ATM;PSMB7;PSMB4;KDM4A;PSMD11;UIMC1;PSMD13;PSMA5;ADRM1;PSMA6;PSMA2;PSMC6;PSMD2;TP53;MDC1;PSMC1;MAPK8;ABL1;PSMB3;PIAS4;PHF6;UBXN1;PSMB6;EYA1
GSE46798_exposure_corrected	prerank	AUF1 (hnRNP D0) binds and destabilizes mRNA	-0.479182462419977	-1.5219470044467946	0.015151515151515152	0.3412976538459831	1.0	25/40	38.81%	RPS27A;PSMD14;PSMA4;PSMC5;PSMD1;PSMC3;HNRNPD;UBC;PSMA3;PSMB2;PSMB7;PSMB4;PSMD11;PSMD13;PSMA5;PABPC1;ADRM1;PSMA6;PSMA2;PSMC6;PSMD2;PSMC1;PSMB3;PSMB6;PSMB1
GSE46798_exposure_corrected	prerank	Signaling by CSF1 (M-CSF) in myeloid cells	-0.5070265310936218	-1.5197230995282631	0.022727272727272728	0.34431260347562315	1.0	14/30	24.70%	FYN;LYN;RPS27A;GAB2;PIK3CD;CSF1R;PTPN11;STAT1;UBC;PLCG2;PIK3CB;PIK3CA;HCK;CBL
GSE46798_exposure_corrected	prerank	FLT3 signaling in disease	-0.5085115149667417	-1.5193117264523228	0.032569360675512665	0.3418686159748927	1.0	14/28	27.88%	ZMYM2;RPS27A;GAB2;BCL2L1;ETV6;SPTBN1;PTPN11;NOX4;UBC;HRAS;TRIP11;PIK3CA;CBL;PIK3R1
GSE46798_exposure_corrected	prerank	GSK3B-mediated proteasomal degradation of PD-L1(CD274)	-0.4754312135506753	-1.517221957802234	0.021176470588235293	0.34449115688788806	1.0	26/41	38.81%	RPS27A;PSMD14;PSMA4;PSMC5;PSMD1;PSMC3;UBC;PSMA3;PSMB2;SKP1;RBX1;PSMB7;PSMB4;GSK3B;PSMD11;PSMD13;PSMA5;ADRM1;PSMA6;PSMA2;PSMC6;PSMD2;PSMC1;PSMB3;PSMB6;PSMB1
GSE46798_exposure_corrected	prerank	Degradation of AXIN	-0.4743875414797204	-1.5165861130527065	0.026128266033254157	0.3431244021011656	1.0	25/40	38.81%	RPS27A;PSMD14;PSMA4;PSMC5;PSMD1;PSMC3;UBC;PSMA3;PSMB2;PSMB7;PSMB4;PSMD11;PSMD13;PSMA5;ADRM1;PSMA6;PSMA2;PSMC6;PSMD2;PSMC1;PSMB3;TNKS2;PSMB6;TNKS;PSMB1
GSE46798_exposure_corrected	prerank	Ubiquitin-dependent degradation of Cyclin D	-0.4839414946167674	-1.5160346670796494	0.023952095808383235	0.34113726015570345	1.0	25/37	38.81%	RPS27A;PSMD14;PSMA4;PSMC5;PSMD1;PSMC3;UBC;PSMA3;PSMB2;PSMB7;PSMB4;GSK3B;PSMD11;PSMD13;PSMA5;ADRM1;PSMA6;PSMA2;PSMC6;PSMD2;PSMC1;PSMB3;CCND1;PSMB6;PSMB1
GSE46798_exposure_corrected	prerank	TRAF6 mediated IRF7 activation	0.4174978902083477	1.5153346326727772	0.06349206349206349	0.5981285668307311	0.999	5/29	6.93%	RNF135;IFNA6;IFNA5;IFNA1;TRAF2
GSE46798_exposure_corrected	prerank	E3 ubiquitin ligases ubiquitinate target proteins	-0.4756659793925391	-1.5126420105499703	0.02033492822966507	0.3481047162457504	1.0	14/42	16.84%	BCL10;RPS27A;CDC73;UBE2D1;PEX13;LEO1;UBE2V2;WAC;UBE2D2;HLTF;RAD18;RNF144A;UBC;UBE2N
GSE46798_exposure_corrected	prerank	The NLRP3 inflammasome	-0.5752087401500353	-1.5113503507383472	0.03162055335968379	0.34833549271884784	1.0	5/16	10.03%	PSTPIP1;NFKB2;P2RX7;NLRP3;SUGT1
GSE46798_exposure_corrected	prerank	Activation of PPARGC1A (PGC-1alpha) by phosphorylation	0.548092977715076	1.5113254755438292	0.08469055374592833	0.5762416072444494	0.999	2/10	8.98%	PRKAA2;PRKAB1
GSE46798_exposure_corrected	prerank	Stabilization of p53	-0.4770760801877887	-1.5102955290739233	0.019230769230769232	0.3477679855552795	1.0	27/41	38.81%	RPS27A;PSMD14;PSMA4;PSMC5;PSMD1;PSMC3;UBC;PSMA3;PSMB2;CHEK2;ATM;PSMB7;PSMB4;PSMD11;PSMD13;PSMA5;ADRM1;PSMA6;PSMA2;PSMC6;PSMD2;TP53;PSMC1;PSMB3;PSMB6;MDM4;PSMB1
GSE46798_exposure_corrected	prerank	Synthesis of PIPs at the early endosome membrane	-0.5662179579585269	-1.5102672834457342	0.04129032258064516	0.34447511260577846	1.0	10/16	28.46%	PIK3C3;INPP5F;PIK3C2A;MTMR2;INPP4A;MTMR10;PI4K2B;PIK3R4;PIKFYVE;MTMR4
GSE46798_exposure_corrected	prerank	Chromatin modifying enzymes	-0.394826920237937	-1.5067630253344577	0.002074688796680498	0.35113523996657126	1.0	92/196	36.73%	KMT2D;ASH1L;ATXN7;SUDS3;KDM4B;MSL3;PADI4;NSD1;NFKB2;KAT7;HDAC3;KDM7A;UTY;OGT;KDM6B;KDM3A;DR1;SMARCA2;EP400;HDAC10;SMARCD1;SMYD3;SMARCA4;CREBBP;EPC1;PADI1;KAT5;RBBP7;HDAC2;MTA1;AEBP2;SUPT3H;SMARCE1;RUVBL2;TBL1XR1;MORF4L1;NCOR2;SMARCD3;KMT5C;NCOA2;KAT2B;RCOR1;CHD4;PHF21A;PHF2;KDM4C;YEATS2;SETDB1;PAX3;MEAF6;SMYD2;USP22;BRWD1;HCFC1;CARM1;KDM4A;TAF12;SAP18;SMARCC2;ACTL6B;ELP2;SETD6;BRPF3;ARID5B;SMARCB1;RBBP4;COPRS;KDM5B;GATAD2A;SETDB2;KAT6A;SETD7;MSL1;SUZ12;ARID2;RPS2;SAP30L;ARID1A;JAK2;KDM2B;JADE1;DMAP1;ZZZ3;ARID4A;ING4;HMG20B;EED;KDM1A;DOT1L;CCND1;ASH2L;PRMT7
GSE46798_exposure_corrected	prerank	Regulation of RAS by GAPs	-0.4560639961640474	-1.5063719490629048	0.010332950631458095	0.3490347434681454	1.0	31/52	39.34%	RPS27A;PSMD14;PSMA4;PSMC5;NF1;PSMD1;PSMC3;UBC;PSMA3;PSMB2;HRAS;RBX1;CUL3;PSMB7;PSMB4;PSMD11;PSMD13;PSMA5;ADRM1;PSMA6;PSMA2;KBTBD7;RASAL3;PSMC6;PSMD2;PSMC1;RASA2;PSMB3;PSMB6;PSMB1;DAB2IP
GSE46798_exposure_corrected	prerank	Antigen activates B Cell Receptor (BCR) leading to generation of second messengers	-0.49667256722569947	-1.5031907816003092	0.03902439024390244	0.35509112470662957	1.0	11/30	17.79%	ORAI2;VAV1;FYN;LYN;CD79A;DAPP1;PIK3CD;SH3KBP1;STIM1;TRPC1;PLCG2
GSE46798_exposure_corrected	prerank	Ion homeostasis	-0.44915802135660743	-1.501272116505794	0.015294117647058824	0.3574073982187629	1.0	20/53	20.46%	ORAI2;ATP2B1;CLIC2;FXYD2;PLN;ATP2A2;CAMK2D;ATP1A3;FXYD6;STIM1;TRPC1;SLC8A3;ABCC9;FXYD7;SRI;ASPH;FXYD1;RYR2;CAMK2B;SLC8A2
GSE46798_exposure_corrected	prerank	Processing of Intronless Pre-mRNAs	-0.5428455052989525	-1.5008717862062908	0.033121019108280254	0.35530717081431035	1.0	7/20	13.41%	CSTF3;NUDT21;NCBP2;CPSF3;WDR33;CPSF6;CLP1
GSE46798_exposure_corrected	prerank	Cellular hexose transport	-0.5437949675081087	-1.5007666882210327	0.03666245259165613	0.3522412081336745	1.0	11/21	24.75%	SLC2A1;SLC2A14;SLC2A10;SLC2A9;MIR32;SLC2A6;SLC5A10;SLC45A3;SLC5A4;SLC2A3;SLC2A4
GSE46798_exposure_corrected	prerank	Regulation of ornithine decarboxylase (ODC)	-0.4796999637584045	-1.500700778044826	0.021686746987951807	0.34935484763556035	1.0	24/36	40.80%	OAZ1;PSMD14;PSMA4;PSMC5;PSMD1;PSMC3;PSMA3;PSMB2;PSMB7;PSMB4;PSMD11;OAZ2;PSMD13;PSMA5;ADRM1;PSMA6;PSMA2;PSMC6;PSMD2;PSMC1;PSMB3;PSMB6;PSMB1;OAZ3
GSE46798_exposure_corrected	prerank	TCR signaling	-0.41787894182605473	-1.4988295434037275	0.008639308855291577	0.35151636459522856	1.0	53/100	37.06%	BCL10;RPS27A;LAT;HLA-DRB3;WAS;UBE2D1;TRAF6;PSMD14;PSMA4;PAK2;PSMC5;UBE2D2;PSMD1;PSMC3;MAP3K7;UBC;PAK1;UBE2N;PSMA3;ENAH;PLCG2;PSMB2;SKP1;FBXW11;PIK3CB;PIK3CA;PTEN;MALT1;PSMB7;PLCG1;HLA-DRA;PSMB4;TRAT1;PSMD11;PSMD13;PSMA5;PIK3R1;ADRM1;PSMA6;PSMA2;PAG1;PDPK1;PSMC6;PSMD2;ZAP70;PIK3R2;PSMC1;CD101;PSMB3;CSK;HLA-DPB1;CD3D;PSMB6
GSE46798_exposure_corrected	prerank	Heme signaling	-0.46344276848728355	-1.4986307492081758	0.02112676056338028	0.34902578990194866	1.0	17/46	24.39%	CREB1;NPAS2;HDAC3;RAI1;HBB;NCOA6;CREBBP;RORA;TBL1XR1;CHD9;SMARCD3;NCOA2;NR1D1;XPO1;MED1;NRIP1;CARM1
GSE46798_exposure_corrected	prerank	Metabolic disorders of biological oxidation enzymes	0.40455136506303996	1.4974744690617214	0.05555555555555555	0.5820479005251631	0.999	2/31	0.69%	CYP26C1;CYP21A2
GSE46798_exposure_corrected	prerank	Ub-specific processing proteases	-0.3952975331313462	-1.497068806765332	0.006329113924050633	0.3505654657988447	1.0	81/146	39.12%	BIRC3;IL33;ATXN7;SUDS3;ARRB1;USP49;SMAD3;RPS27A;RNF123;ADRB2;TRAF6;WDR48;PSMD14;PSMA4;USP9X;PSMC5;MYC;PSMD1;USP11;PSMC3;TAF9B;MAP3K7;UBC;USP7;PSMA3;USP13;STAM2;PSMB2;BIRC2;USP16;HIF1A;CYLD;PTRH2;PTEN;USP15;PSMB7;PSMB4;USP22;TOMM70;CCNA1;FKBP8;USP5;RHOT1;PSMD11;VDAC1;RIPK1;PSMD13;PSMA5;USP26;ARRB2;ADRM1;PSMA6;PSMA2;USP2;USP34;USP14;USP42;FOXO4;USP24;PSMC6;SIAH2;PSMD2;SMAD2;MAT2B;TP53;USP48;VDAC3;PSMC1;CFTR;PSMB3;TNKS2;PSMB6;USP10;TNKS;SKP2;MDM4;CCP110;TAB1;TOMM20;PSMB1;USP47
GSE46798_exposure_corrected	prerank	PINK1-PRKN Mediated Mitophagy	-0.4991235284028006	-1.4967131744063888	0.021144278606965175	0.34856044342704573	1.0	17/29	33.13%	RPS27A;UBE2D2;MFN1;OPTN;PINK1;UBC;UBE2N;MTERF3;TBK1;ATG12;TOMM70;TOMM7;VDAC1;MAP1LC3A;TOMM40;ATG5;VDAC3
GSE46798_exposure_corrected	prerank	Resolution of D-loop Structures through Synthesis-Dependent Strand Annealing (SDSA)	-0.512198554518588	-1.495346130402907	0.03504380475594493	0.34938189667577085	1.0	15/25	32.03%	XRCC2;TOP3A;RBBP8;RAD51B;RAD51;RAD51D;BARD1;KAT5;NBN;ATM;RMI1;RAD51C;WRN;RTEL1;BRIP1
GSE46798_exposure_corrected	prerank	Glycogen synthesis	-0.5852908053003905	-1.494641157500962	0.03483870967741935	0.34833789507124924	1.0	6/14	8.35%	NHLRC1;RPS27A;GYG2;GBE1;UGP2;EPM2A
GSE46798_exposure_corrected	prerank	Homology Directed Repair	-0.4124321054889494	-1.4941215084169615	0.019889502762430938	0.3468076644545986	1.0	42/98	32.03%	XRCC2;RPS27A;TOP3A;RHNO1;RBBP8;RAD51B;RAD51;RAD17;POLH;RAD51D;BARD1;HUS1;UBE2V2;TIMELESS;RFC1;SPIDR;KAT5;PARP2;TOPBP1;UBC;UBE2N;RPA3;POLD3;NBN;ATM;ATRIP;SLX1A;RMI1;EME1;PARP1;GEN1;CCNA1;RPA1;XRCC1;RAD51C;POLE2;UIMC1;WRN;MUS81;RTEL1;MDC1;BRIP1
GSE46798_exposure_corrected	prerank	RUNX1 interacts with co-factors whose precise effect on RUNX1 targets is not known	-0.4815665422388645	-1.4919117255916963	0.02955082742316785	0.3499431240663401	1.0	20/35	37.13%	HIPK2;RNF2;SMARCA2;SMARCD1;SMARCA4;SMARCE1;CBFB;SMARCD3;SCMH1;CBX6;SMARCC2;ACTL6B;BMI1;SMARCB1;AUTS2;ARID2;ARID1A;RYBP;CSNK2A2;PHC1
GSE46798_exposure_corrected	prerank	FCERI mediated NF-kB activation	-0.4365112734558134	-1.490654018604434	0.01583710407239819	0.35078761385419716	1.0	30/66	31.02%	BCL10;LYN;RPS27A;UBE2D1;TRAF6;PSMD14;PSMA4;PSMC5;UBE2D2;PSMD1;PSMC3;MAP3K7;UBC;UBE2N;PSMA3;PSMB2;SKP1;FBXW11;MALT1;PSMB7;PSMB4;PSMD11;PSMD13;PSMA5;ADRM1;PSMA6;PSMA2;PDPK1;PSMC6;PSMD2
GSE46798_exposure_corrected	prerank	Hh mutants are degraded by ERAD	-0.46954652127501106	-1.4883407179459422	0.02031063321385902	0.35441754086785204	1.0	25/41	38.81%	RPS27A;PSMD14;PSMA4;PSMC5;PSMD1;PSMC3;UBC;PSMA3;PSMB2;ERLEC1;SEL1L;PSMB7;PSMB4;PSMD11;PSMD13;PSMA5;ADRM1;PSMA6;PSMA2;PSMC6;PSMD2;PSMC1;PSMB3;PSMB6;PSMB1
GSE46798_exposure_corrected	prerank	Downstream TCR signaling	-0.42520332784277887	-1.488241660010281	0.016483516483516484	0.3517822908001191	1.0	42/80	37.06%	BCL10;RPS27A;HLA-DRB3;UBE2D1;TRAF6;PSMD14;PSMA4;PSMC5;UBE2D2;PSMD1;PSMC3;MAP3K7;UBC;UBE2N;PSMA3;PSMB2;SKP1;FBXW11;PIK3CB;PIK3CA;PTEN;MALT1;PSMB7;HLA-DRA;PSMB4;TRAT1;PSMD11;PSMD13;PSMA5;PIK3R1;ADRM1;PSMA6;PSMA2;PDPK1;PSMC6;PSMD2;PIK3R2;PSMC1;PSMB3;HLA-DPB1;CD3D;PSMB6
GSE46798_exposure_corrected	prerank	Downregulation of SMAD2/3:SMAD4 transcriptional activity	-0.4975905024164594	-1.4878053762493322	0.03515151515151515	0.3500790732166391	1.0	15/30	24.96%	SMAD3;RPS27A;UBE2D1;USP9X;SKI;NCOR2;SERPINE1;STAT1;UBC;TRIM33;SNW1;PPM1A;PARP1;TGIF2;SKIL
GSE46798_exposure_corrected	prerank	G alpha (z) signalling events	-0.45937812798179267	-1.487325116385131	0.03076923076923077	0.3487287293920415	1.0	28/44	36.95%	ADCY9;GNAZ;PRKCB;RGS4;RGS17;ADCY1;GNAI3;GNG5;PRKCA;PRKCH;PRKCE;GNG8;GNB1;ADRA2B;GNGT2;RGS19;ADCY8;GNAI2;ADRA2A;GNAI1;ADCY7;GNB5;PRKCG;GNB4;GNG7;ADCY3;ADCY4;GNB2
GSE46798_exposure_corrected	prerank	Signaling by NOTCH4	-0.4267207785457965	-1.4869714213685206	0.01463963963963964	0.34705170762688736	1.0	33/70	31.02%	HES1;SMAD3;RPS27A;FLT4;MAMLD1;PSMD14;PSMA4;PSMC5;CREBBP;NOTCH2;PSMD1;PSMC3;HES5;JAG1;UBC;PSMA3;KAT2B;PSMB2;SKP1;PSENEN;RBX1;PSMB7;SNW1;PSMB4;PSMD11;PSMD13;PSMA5;ADRM1;PSMA6;PSMA2;AKT1;PSMC6;PSMD2
GSE46798_exposure_corrected	prerank	Repression of WNT target genes	-0.5992343582402646	-1.4854698253310987	0.046703296703296704	0.348595251838825	1.0	6/13	21.77%	TLE1;MYC;TLE4;CTBP2;TLE2;CTBP1
GSE46798_exposure_corrected	prerank	Activation of STAT3 by cadherin engagement	-0.4282369436891689	-1.484515494945709	0.019296254256526674	0.3483503292941774	1.0	38/74	35.26%	RPS27A;FARP2;CDH11;PSMD14;PSMA4;HACE1;PSMC5;PSMD1;PSMC3;CTSS;UBC;IL6ST;PSMA3;PSMB2;DOCK1;BIRC2;CTSB;IL6R;PSMB7;VCL;PSMB4;ACTC1;PSMD11;PSMD13;PSMA5;ADRM1;PSMA6;PSMA2;VAV2;PSMC6;PSMD2;CTNND1;JAK2;RAC1;PSMC1;CTNNA1;PSMB3;CTSL
GSE46798_exposure_corrected	prerank	Lysine catabolism	-0.6123222065295413	-1.4805145202510366	0.03537414965986395	0.35751647030073885	1.0	7/12	25.57%	HYKK;AASS;CRYM;ALDH7A1;PHYKPL;GCDH;AADAT
GSE46798_exposure_corrected	prerank	TGF-beta receptor signaling in EMT (epithelial to mesenchymal transition)	-0.5670586009608927	-1.480269488280139	0.045871559633027525	0.35541999270490005	1.0	6/16	18.85%	RPS27A;CGN;TGFBR2;PARD3;UBC;RHOA
GSE46798_exposure_corrected	prerank	HDR through Homologous Recombination (HRR) or Single Strand Annealing (SSA)	-0.41078353813653246	-1.4799560533081602	0.0200445434298441	0.35363348054814137	1.0	39/92	32.03%	XRCC2;RPS27A;TOP3A;RHNO1;RBBP8;RAD51B;RAD51;RAD17;POLH;RAD51D;BARD1;HUS1;UBE2V2;TIMELESS;RFC1;SPIDR;KAT5;TOPBP1;UBC;UBE2N;RPA3;POLD3;NBN;ATM;ATRIP;SLX1A;RMI1;EME1;GEN1;CCNA1;RPA1;RAD51C;POLE2;UIMC1;WRN;MUS81;RTEL1;MDC1;BRIP1
GSE46798_exposure_corrected	prerank	MAPK6/MAPK4 signaling	-0.4265720175089479	-1.4797219874977214	0.01557285873192436	0.35159865138699176	1.0	49/76	38.81%	FOXO1;TNRC6C;RPS27A;AGO1;PSMD14;PSMA4;MAPK4;PAK2;PSMC5;MYC;PSMD1;PSMC3;AGO3;NCOA3;UBC;PAK1;PSMA3;PSMB2;CDC42EP2;MAPKAPK5;PRKACB;CDC14B;XPO1;PSMB7;MMP2;PSMB4;ETV4;AGO2;PSMD11;PSMD13;PSMA5;ADRM1;PSMA6;PSMA2;PSMC6;PSMD2;IGF2BP1;RAC1;PSMC1;CDK1;PSMB3;KALRN;TNRC6A;PSMB6;CDC42;FOXO3;TNRC6B;PRKACA;PSMB1
GSE46798_exposure_corrected	prerank	G2/M DNA damage checkpoint	-0.443210596753842	-1.479641101996025	0.029239766081871343	0.3491200427743097	1.0	31/57	35.96%	TOP3A;RHNO1;RBBP8;RAD17;YWHAG;BARD1;HUS1;UBE2V2;WEE1;KAT5;TOPBP1;YWHAQ;YWHAH;UBE2N;RPA3;NBN;CHEK2;ATM;ATRIP;RMI1;CCNA1;RPA1;UIMC1;WRN;TP53;MDC1;BRIP1;YWHAB;CDK1;BLM;PIAS4
GSE46798_exposure_corrected	prerank	PCP/CE pathway	-0.42271183517550703	-1.4793117885204943	0.015300546448087432	0.3474611147168596	1.0	46/77	38.81%	DVL3;RPS27A;DVL1;PRKCB;PSMD14;PSMA4;PSMC5;WNT4;WNT1;PRICKLE1;PRKCA;PSMD1;PSMC3;DAAM1;UBC;AP2A1;VANGL2;PSMA3;PSMB2;RHOA;ROR1;PSMB7;PSMB4;PFN1;FZD7;PSMD11;PSMD13;PSMA5;ARRB2;ADRM1;PSMA6;PSMA2;FZD6;PSMC6;PSMD2;RAC1;FZD1;PRKCG;PSMC1;AP2M1;PSMB3;CLTB;AP2A2;PSMB6;DVL2;PSMB1
GSE46798_exposure_corrected	prerank	NIK-->noncanonical NF-kB signaling	-0.4599820587932626	-1.4791942149400739	0.030373831775700934	0.34535942031754624	1.0	23/44	31.02%	RPS27A;NFKB2;PSMD14;PSMA4;PSMC5;PSMD1;PSMC3;UBA3;UBC;PSMA3;PSMB2;SKP1;FBXW11;PSMB7;PSMB4;PSMD11;PSMD13;PSMA5;ADRM1;PSMA6;PSMA2;PSMC6;PSMD2
GSE46798_exposure_corrected	prerank	YAP1- and WWTR1 (TAZ)-stimulated gene expression	-0.5830493304586237	-1.4777743869810236	0.05962059620596206	0.3467496732058574	1.0	5/14	17.78%	TEAD1;HIPK2;TEAD3;TBX5;KAT2B
GSE46798_exposure_corrected	prerank	Degradation of CRY and PER proteins	-0.4553626535763843	-1.4768698661050945	0.02564102564102564	0.3467921814969605	1.0	24/46	31.02%	RPS27A;UBE2D1;PSMD14;PSMA4;PSMC5;PSMD1;PSMC3;UBC;PSMA3;PER3;PSMB2;SKP1;FBXW11;RBX1;PSMB7;PSMB4;PSMD11;PSMD13;PSMA5;ADRM1;PSMA6;PSMA2;PSMC6;PSMD2
GSE46798_exposure_corrected	prerank	Dectin-1 mediated noncanonical NF-kB signaling	-0.45761256324639465	-1.4763438324593283	0.030338389731621937	0.34578773077802194	1.0	23/45	31.02%	RPS27A;NFKB2;PSMD14;PSMA4;PSMC5;PSMD1;PSMC3;UBA3;UBC;PSMA3;PSMB2;SKP1;FBXW11;PSMB7;PSMB4;PSMD11;PSMD13;PSMA5;ADRM1;PSMA6;PSMA2;PSMC6;PSMD2
GSE46798_exposure_corrected	prerank	RNA Polymerase II Transcription Elongation	-0.4437840633721245	-1.474741154317009	0.023148148148148147	0.3454034878648236	1.0	11/52	9.18%	CTDP1;MLLT3;CDC73;SSRP1;POLR2G;EAF1;LEO1;GTF2F2;NCBP2;GTF2H3;CCNT1
GSE46798_exposure_corrected	prerank	Formation of RNA Pol II elongation complex	-0.4437840633721245	-1.474741154317009	0.023148148148148147	0.3454034878648236	1.0	11/52	9.18%	CTDP1;MLLT3;CDC73;SSRP1;POLR2G;EAF1;LEO1;GTF2F2;NCBP2;GTF2H3;CCNT1
GSE46798_exposure_corrected	prerank	Biotin transport and metabolism	-0.6230633043595036	-1.4742779934655879	0.04225352112676056	0.3442939580750504	1.0	7/11	26.30%	ACACB;HLCS;PDZD11;ACACA;MCCC1;SLC5A6;PCCA
GSE46798_exposure_corrected	prerank	SCF-beta-TrCP mediated degradation of Emi1	-0.46717690487905744	-1.4740215422856207	0.031839622641509434	0.34251486545754034	1.0	24/40	38.81%	RPS27A;PSMD14;PSMA4;PSMC5;PSMD1;PSMC3;UBC;PSMA3;PSMB2;SKP1;PSMB7;PSMB4;PSMD11;PSMD13;PSMA5;ADRM1;PSMA6;PSMA2;PSMC6;PSMD2;PSMC1;PSMB3;PSMB6;PSMB1
GSE46798_exposure_corrected	prerank	Signaling by FLT3 fusion proteins	-0.5337309514497872	-1.470462755743303	0.044642857142857144	0.3501304447154603	1.0	8/19	21.38%	ZMYM2;GAB2;ETV6;SPTBN1;NOX4;HRAS;TRIP11;PIK3CA
GSE46798_exposure_corrected	prerank	Ribosome-associated quality control	-0.3915308668753428	-1.4700880087735224	0.007306889352818371	0.348706692564148	1.0	57/140	31.02%	RPS28;RPS4Y1;RPS27;RPS27A;RPS12;RPS15;UBE2D1;ABCE1;RPL18;RPL24;RPL5;RPL23;PSMD14;RPL6;PSMA4;PSMC5;TRIP4;UBE2D2;RPS4X;RPL10A;PSMD1;PSMC3;RPL32;RPL7;RPS11;HBS1L;RPL17;UBC;RPL37;PSMA3;NEMF;RPL21;PSMB2;RBX1;RPL36A;RPL36AL;PSMB7;RPLP2;PSMB4;PELO;CUL2;RPL11;ZNF598;RPL9;PSMD11;PSMD13;PSMA5;ADRM1;ASCC2;PSMA6;PSMA2;RPS8;RPS23;PSMC6;RPS13;RPS20;PSMD2
GSE46798_exposure_corrected	prerank	G2/M Checkpoints	-0.40114262130057227	-1.4688891387077494	0.016181229773462782	0.3495664981285488	1.0	57/115	33.53%	ORC6;MCM8;RPS27A;TOP3A;RHNO1;RBBP8;RAD17;YWHAG;BARD1;HUS1;PSMD14;PSMA4;UBE2V2;PSMC5;WEE1;KAT5;TOPBP1;YWHAQ;PSMD1;PSMC3;MCM7;YWHAH;DBF4;UBC;UBE2N;PSMA3;RPA3;PSMB2;ORC4;NBN;ORC2;ORC3;CHEK2;ATM;PSMB7;ATRIP;PSMB4;RMI1;CCNA1;RPA1;PSMD11;UIMC1;PSMD13;PSMA5;ADRM1;PSMA6;PSMA2;WRN;PSMC6;PSMD2;TP53;MDC1;BRIP1;YWHAB;CDC7;PSMC1;CDK1
GSE46798_exposure_corrected	prerank	Degradation of CDH1	-0.4443848980625873	-1.4678443109917643	0.02088167053364269	0.34996041626993113	1.0	30/52	35.26%	FYN;RPS27A;EPS15;UCA1;PSMD14;PSMA4;PSMC5;PSMD1;PSMC3;CTSS;UBC;PSMA3;PSMB2;CTSB;PSMB7;PSMB4;PSMD11;PSMD13;PSMA5;ADRM1;PSMA6;PSMA2;RACK1;PSMC6;PSMD2;CTNND1;PSMC1;CTNNA1;PSMB3;CTSL
GSE46798_exposure_corrected	prerank	Phosphorylated BMAL1:CLOCK (ARNTL:CLOCK) activates expression of core clock genes	-0.5251819186065175	-1.4675921904701648	0.03870967741935484	0.3482252587495236	1.0	7/21	17.81%	CREB1;NPAS2;RORC;CREBBP;RORA;NR1D1;PER3
GSE46798_exposure_corrected	prerank	TCF dependent signaling in response to WNT	-0.38794897347182605	-1.463562033934839	0.005213764337851929	0.3572404574248263	1.0	82/159	38.81%	DVL3;RPS27A;CDC73;DVL1;TLE1;SOX4;CXXC4;LEO1;PSMD14;PSMA4;PSMC5;SMARCA4;SFRP2;CREBBP;PYGO2;AMER1;WNT4;KAT5;APC;PIP5K1B;WNT1;MYC;PSMD1;PSMC3;HECW1;TLE4;RNF43;FRAT1;UBC;PSMA3;PYGO1;PSMB2;PPP2R5D;SOX2;RBX1;TLE2;WNT9A;XPO1;TCF4;CUL3;CHD8;CTBP1;PSMB7;PPP2R5E;SFRP1;PSMB4;RSPO3;KREMEN1;GSK3B;PPP2CA;PSMD11;LGR4;PSMD13;PSMA5;ADRM1;SRY;PSMA6;PSMA2;AKT1;LRP6;USP34;LRP5;CSNK1G2;PPP2R1A;FZD6;PSMC6;WNT3;PSMD2;BCL9;FZD1;PSMC1;PSMB3;SOX6;RSPO1;TNKS2;ASH2L;CSNK2A2;PSMB6;TNKS;YWHAZ;DVL2;PSMB1
GSE46798_exposure_corrected	prerank	Defective CFTR causes cystic fibrosis	-0.4534343668517418	-1.4630846743649213	0.03044496487119438	0.3562113669959872	1.0	26/46	35.08%	RPS27A;ERLIN1;PSMD14;PSMA4;PSMC5;PSMD1;PSMC3;UBC;PSMA3;PSMB2;ERLEC1;SEL1L;PSMB7;PSMB4;RNF185;PSMD11;PSMD13;PSMA5;ADRM1;PSMA6;PSMA2;PSMC6;PSMD2;PSMC1;CFTR;PSMB3
GSE46798_exposure_corrected	prerank	Fc epsilon receptor (FCERI) signaling	-0.4002885620539886	-1.4616737480488786	0.011969532100108813	0.357954022664681	1.0	56/115	33.58%	BCL10;VAV1;FYN;LYN;RPS27A;LAT;UBE2D1;GAB2;TRAF6;PSMD14;PSMA4;PAK2;VAV3;PPP3CB;PSMC5;UBE2D2;PSMD1;PSMC3;MAPK9;MAP3K7;UBC;PAK1;UBE2N;PSMA3;PLCG2;PSMB2;SKP1;PPP3R1;FBXW11;HRAS;MAP2K4;PIK3CB;PIK3CA;MALT1;PSMB7;PLCG1;PSMB4;PSMD11;PSMD13;PSMA5;PIK3R1;ADRM1;PPP3CA;PSMA6;PSMA2;VAV2;PDPK1;PSMC6;CALM1;PSMD2;NFATC3;PIK3R2;RAC1;AHCYL1;PSMC1;MAPK8
GSE46798_exposure_corrected	prerank	Acetylcholine regulates insulin secretion	-0.6144908124949338	-1.457066422984189	0.05322128851540616	0.36936450048047426	1.0	3/10	10.91%	GNAQ;CHRM3;PRKCA
GSE46798_exposure_corrected	prerank	Regulation of RUNX3 expression and activity	-0.4564769592593047	-1.4560352272688037	0.02937720329024677	0.3699280959600306	1.0	24/43	38.81%	RPS27A;PSMD14;PSMA4;PSMC5;PSMD1;PSMC3;CBFB;UBC;PSMA3;PSMB2;PSMB7;PSMB4;PSMD11;PSMD13;PSMA5;ADRM1;PSMA6;PSMA2;PSMC6;PSMD2;PSMC1;PSMB3;PSMB6;PSMB1
GSE46798_exposure_corrected	prerank	RAB GEFs exchange GTP for GDP on RABs	-0.40908924989102324	-1.4559591991072067	0.016574585635359115	0.36773886106325526	1.0	37/88	29.21%	TRAPPC8;DENND2C;DENND6A;RAB6A;GDI1;GDI2;RAB9B;TRAPPC13;DENND2A;RAB6B;SBF2;DENND4C;TRAPPC11;CHML;HPS4;TRAPPC6B;TRAPPC3;RAB31;SBF1;RAB3A;TRAPPC2;RAB7A;RIN2;TRAPPC12;HPS1;RAB10;DENND2D;RAB21;RAB18;RAB8B;DENND1B;AKT3;TRAPPC9;AKT1;DENND6B;RAB39A;ANKRD27
GSE46798_exposure_corrected	prerank	Signaling by WNT	-0.3741730891460218	-1.4553074350195265	0.0030643513789581204	0.3671536529353617	1.0	131/255	38.95%	TNRC6C;DVL3;RPS27A;CDC73;DVL1;TLE1;PRKCB;AGO1;NLK;SOX4;CXXC4;LEO1;PSMD14;PSMA4;PPP3CB;PSMC5;SMARCA4;SFRP2;CREBBP;PYGO2;AMER1;WNT4;GNAT2;KAT5;APC;PIP5K1B;GNG5;WNT1;PRICKLE1;MYC;PRKCA;PSMD1;PSMC3;AGO3;HECW1;TLE4;DAAM1;GNG8;WNT16;MAP3K7;GNAO1;RNF43;GNB1;WNT2;FRAT1;UBC;AP2A1;VANGL2;VPS26A;GNGT2;CTBP2;PSMA3;PYGO1;PSMB2;PPP2R5D;SKP1;PPP3R1;RHOA;SOX2;RBX1;TLE2;WNT9A;XPO1;ROR1;VPS29;TCF4;CUL3;CHD8;CTBP1;PSMB7;PPP2R5E;SFRP1;PSMB4;RSPO3;PFN1;KREMEN1;AGO2;FZD7;GSK3B;PPP2CA;PSMD11;LGR4;PORCN;PSMD13;PSMA5;ARRB2;ADRM1;WNT7B;PPP3CA;SRY;PSMA6;PSMA2;AKT1;LRP6;USP34;LRP5;CSNK1G2;PPP2R1A;FZD6;PSMC6;CALM1;WNT3;PSMD2;GNB5;TMED5;BCL9;ZRANB1;RAC1;FZD1;PRKCG;PSMC1;AP2M1;PSMB3;SOX6;RSPO1;CLTB;GNB4;TNKS2;GNG7;AP2A2;TNRC6A;ASH2L;GNB2;CSNK2A2;PSMB6;TNKS;YWHAZ;TNRC6B;DVL2;PSMB1;PLCB1
GSE46798_exposure_corrected	prerank	Diseases of signal transduction by growth factor receptors and second messengers	-0.3633234498138866	-1.4550814177649576	0.0	0.3653900940106451	1.0	189/440	33.76%	HES1;FXR1;LRRFIP1;IL10;HEYL;FOXO1;ZMYM2;VAV1;RNF213;FYN;LYN;IHH;ARRB1;CREB1;TNRC6C;SMAD3;CLIP1;RPS27A;BCL11A;FOXO6;HDAC4;FAM131B;MAMLD1;EREG;GAB2;ATIC;MET;BCL2L1;TGFBR2;HDAC3;EIF2AK3;AGK;KDM7A;POLR2G;AGO1;WDR48;PSMD14;PIK3CD;PSMA4;CNKSR2;HDAC10;ETV6;SPTBN1;PSMC5;GTF2F2;MCL1;CREBBP;KIAA1549;NCBP2;IL22;DUSP9;AMER1;MAP2K2;NF1;APC;CPSF6;KIT;MYC;CAMK2D;HDAC2;STRN;MSN;PSMD1;PSMC3;AGO3;ALK;FGF1;PAPSS1;PIK3CG;HES5;DUSP8;MTOR;NEURL1;TBL1XR1;BCL2A1;NEURL1B;MAPK9;NCOR2;ADAM17;FGF9;PRR5;PTPN11;RNF43;DHH;JAG1;STAT1;NOX4;UBC;FGFR3;DUSP6;ERBB2;CTBP2;PSMA3;FRS3;CD80;KSR2;KAT2B;KITLG;CUX1;WDCP;MLST8;PSMB2;PPP2R5D;SKP1;TRIM24;PRKAR1A;QKI;HDAC6;FAM114A2;NTRK3;HRAS;SHOC2;TRIP11;CAMK2B;PSENEN;RBX1;ERLEC1;SEL1L;PIK3CB;RICTOR;PIK3CA;PTEN;NRG1;CTBP1;PSMB7;PLCG1;SNW1;PPP2R5E;VCL;PSMB4;MAP3K11;KREMEN1;NTRK2;AGGF1;AGO2;CBL;MARK3;HIP1;TRAT1;GSK3B;PPP2CA;CD28;PSMD11;PORCN;AP3B1;KIF5B;PSMD13;PSMA5;ARRB2;DUSP16;HSP90AA1;PIK3R1;AKT3;ADRM1;FGFR1OP2;PSMA6;PSMA2;AKT1;LRP6;PDPK1;FOXO4;LRP5;PPP2R1A;CNKSR1;FGA;FZD6;PSMC6;CALM1;NRG3;PSMD2;SMAD2;MPRIP;ZAP70;TRAK1;TP53;PDGFRB;CD19;YWHAB;JAK2;PIK3R2;ZC3HC1;RAC1;CDKN1B;ZC3HAV1;BIRC6;PSMC1;MAPK8;DCTN1;FGG
GSE46798_exposure_corrected	prerank	DNA Damage/Telomere Stress Induced Senescence	-0.4920647586355118	-1.4530333185389819	0.030525030525030524	0.36892423659659385	1.0	16/27	34.18%	EP400;KAT5;UBN1;HIRA;LMNB1;CABIN1;TERF1;NBN;TERF2;ATM;CCNA1;TP53;CDKN1B;HMGA1;POT1;HMGA2
GSE46798_exposure_corrected	prerank	FCGR3A-mediated IL10 synthesis	-0.4600858064354281	-1.4520231394845622	0.04981773997569866	0.36954746363936736	1.0	14/37	22.81%	FCGR3A;ADCY9;IL10;FYN;LYN;CREB1;FGR;ADCY1;PLCG2;PRKAR1A;PRKACB;ADCY8;PLCG1;HCK
GSE46798_exposure_corrected	prerank	EPHA-mediated growth cone collapse	-0.4834751933964534	-1.4513501563895579	0.04708798017348203	0.3691076750332927	1.0	11/29	21.35%	ROCK2;FYN;LYN;EPHA10;EPHA2;EFNA5;EPHA3;MYH14;ROCK1;RHOA;MYH11
GSE46798_exposure_corrected	prerank	Fanconi Anemia Pathway	-0.4671556893050977	-1.450830842019474	0.04257907542579075	0.368276943587266	1.0	17/35	24.32%	RPS27A;FAN1;FAAP24;WDR48;UBE2T;FANCI;FANCC;POLN;UBC;FANCL;FANCE;RPA3;ATRIP;SLX1A;FANCB;EME1;RPA1
GSE46798_exposure_corrected	prerank	HIV Infection	-0.37535642248991685	-1.4506531609900415	0.006172839506172839	0.3664482477319036	1.0	109/210	38.89%	NUP35;CTDP1;FYN;XRCC4;RPS27A;VPS4A;AP1M2;NUP188;TAF1L;PSIP1;APOBEC3G;SSRP1;NUP88;POLR2G;PSMD14;CCR5;PSMA4;CHMP4A;PAK2;PSMC5;GTF2F2;NCBP2;RANGAP1;GTF2H3;CCNT1;NMT1;TAF3;PSMD1;PSMC3;NUP98;NUP133;AP1S2;TAF9B;TAF4;UBC;XRCC5;AP2A1;VPS37B;PSMA3;NUP160;B2M;CUL5;PSMB2;AP1M1;SKP1;TAF11;GTF2H5;ELL;NUP93;RBX1;GTF2A1;RNMT;TAF8;XPO1;SLC25A5;PSMB7;KPNB1;HCK;PSMB4;TCEA1;CHMP4C;CHMP4B;TAF12;MVB12B;CD28;PSMD11;NUP214;SUPT16H;PSMD13;PSMA5;RNGTT;ADRM1;VTA1;PSMA6;PSMA2;SLC25A6;AAAS;PSMC6;PSMD2;AP1B1;POM121C;PACS1;RAC1;TAF4B;NUP37;VPS37A;HMGA1;SLC25A4;PSMC1;TBP;AP2M1;TAF15;NUP205;CCNH;PSMB3;GTF2H1;GTF2A2;AP2A2;RANBP1;CHMP6;MNAT1;PDCD6IP;PSMB6;ATP6V1H;MVB12A;TAF7L;NUP62;PSMB1;RCC1
GSE46798_exposure_corrected	prerank	Pre-NOTCH Processing in Golgi	-0.5405145373241342	-1.4501393676460101	0.05736636245110821	0.3655516108704605	1.0	7/18	9.93%	RAB6A;LFNG;MFNG;NOTCH3;ATP2A2;RFNG;NOTCH2
GSE46798_exposure_corrected	prerank	RND2 GTPase cycle	-0.45788975394258247	-1.4491677237906024	0.03268765133171913	0.3658532623989609	1.0	21/40	32.38%	ANKRD26;KIDINS220;EPHA2;PTPN13;ARHGAP5;TNFAIP1;KTN1;NISCH;UBXN11;DLG5;ALDH3A2;VANGL2;FRS3;FNBP1;LRRC1;PIK3R1;KCTD13;ARHGAP1;TXNL1;DST;PIK3R2
GSE46798_exposure_corrected	prerank	CLEC7A (Dectin-1) signaling	-0.4133957510228755	-1.4476866850069405	0.02242152466367713	0.3681372234623829	1.0	40/83	33.45%	IL1B;BCL10;RPS27A;UBE2D1;NFKB2;TRAF6;PSMD14;PSMA4;PPP3CB;PSMC5;UBE2D2;PSMD1;PSMC3;UBA3;MAP3K7;UBC;UBE2N;PSMA3;PLCG2;PSMB2;SKP1;PPP3R1;FBXW11;MALT1;PSMB7;PSMB4;PSMD11;PSMD13;PSMA5;ADRM1;PPP3CA;PSMA6;PSMA2;PDPK1;PSMC6;CALM1;PSMD2;NFATC3;AHCYL1;PSMC1
GSE46798_exposure_corrected	prerank	RHOV GTPase cycle	-0.46996152921709744	-1.4476568137672658	0.04721549636803874	0.3659438564326403	1.0	20/36	31.31%	ZNF512B;SPTAN1;ARHGEF7;CEP97;EPHA2;USP9X;PAK2;SPTBN1;PAK6;DLG5;MYO9A;PAK4;PAK1;MAP3K11;PARD6B;WASL;PIK3R1;TXNL1;DST;NCK2
GSE46798_exposure_corrected	prerank	Metabolism of polyamines	-0.4443525749128699	-1.4473582215837595	0.032520325203252036	0.36462541466391757	1.0	28/44	43.64%	OAZ1;PSMD14;PSMA4;PSMC5;PSMD1;PSMC3;PSMA3;PSMB2;PSMB7;PSMB4;PSMD11;OAZ2;PSMD13;PSMA5;ADRM1;PSMA6;PSMA2;PSMC6;AMD1;PSMD2;PSMC1;PSMB3;PSMB6;PSMB1;OAZ3;SAT1;SMS;PAOX
GSE46798_exposure_corrected	prerank	FBXL7 down-regulates AURKA during mitotic entry and in early mitosis	-0.45426714683674535	-1.44721802254311	0.03263403263403263	0.36296257202790494	1.0	25/40	38.81%	RPS27A;PSMD14;PSMA4;PSMC5;PSMD1;PSMC3;UBC;PSMA3;PSMB2;SKP1;RBX1;PSMB7;PSMB4;PSMD11;PSMD13;PSMA5;ADRM1;PSMA6;PSMA2;PSMC6;PSMD2;PSMC1;PSMB3;PSMB6;PSMB1
GSE46798_exposure_corrected	prerank	Ion transport by P-type ATPases	-0.42921946915846393	-1.4467608928628448	0.03161592505854801	0.361991409272751	1.0	23/53	24.49%	ATP11C;ATP2B1;FXYD2;PLN;ATP8A2;ATP2A2;CAMK2D;ATP8A1;ATP1A3;FXYD6;PDZD11;FXYD7;ATP10A;ATP7B;SRI;CUTC;ATP8B4;FXYD1;CAMK2B;ATP9A;ATP7A;ATP13A2;ATP8B3
GSE46798_exposure_corrected	prerank	Transcriptional Regulation by E2F6	-0.4661374872909014	-1.4460340343128923	0.054696789536266346	0.3619601922102891	1.0	22/34	41.02%	CBX3;RBBP8;RAD51;RNF2;EPC1;RBBP7;PCGF2;APAF1;BMI1;RBBP4;RRM2;L3MBTL2;CBX5;SUZ12;CDC7;RYBP;PCGF6;EED;PHC1;MGA;TFDP2;E2F1
GSE46798_exposure_corrected	prerank	Signaling by TGF-beta Receptor Complex	-0.4035671818205941	-1.4459056365420806	0.01735357917570499	0.36015329336903046	1.0	31/92	24.96%	TGFB3;SMAD3;RPS27A;UBE2D1;CGN;TGFBR2;USP9X;PARD3;E2F5;CCNT1;COL1A2;MYC;SKI;ITGB8;NCOR2;SERPINE1;STAT1;UBC;TGFB2;RHOA;UCHL5;XPO1;USP15;TRIM33;SNW1;FBN1;PPM1A;PARP1;TGIF2;CBL;SKIL
GSE46798_exposure_corrected	prerank	Transcriptional activity of SMAD2/SMAD3:SMAD4 heterotrimer	-0.4408198649106286	-1.4450686283197942	0.03592120509849363	0.36027154982597787	1.0	19/49	24.96%	SMAD3;RPS27A;UBE2D1;USP9X;E2F5;CCNT1;COL1A2;MYC;SKI;NCOR2;SERPINE1;STAT1;UBC;TRIM33;SNW1;PPM1A;PARP1;TGIF2;SKIL
GSE46798_exposure_corrected	prerank	Beta-catenin independent WNT signaling	-0.3915399968627707	-1.4446692718069354	0.011764705882352941	0.35927660633910746	1.0	70/131	38.95%	TNRC6C;DVL3;RPS27A;DVL1;PRKCB;AGO1;NLK;PSMD14;PSMA4;PPP3CB;PSMC5;WNT4;GNAT2;GNG5;WNT1;PRICKLE1;MYC;PRKCA;PSMD1;PSMC3;AGO3;DAAM1;GNG8;MAP3K7;GNAO1;GNB1;UBC;AP2A1;VANGL2;GNGT2;PSMA3;PSMB2;PPP3R1;RHOA;ROR1;PSMB7;PSMB4;PFN1;AGO2;FZD7;PSMD11;PSMD13;PSMA5;ARRB2;ADRM1;PPP3CA;PSMA6;PSMA2;FZD6;PSMC6;CALM1;PSMD2;GNB5;RAC1;FZD1;PRKCG;PSMC1;AP2M1;PSMB3;CLTB;GNB4;GNG7;AP2A2;TNRC6A;GNB2;PSMB6;TNRC6B;DVL2;PSMB1;PLCB1
GSE46798_exposure_corrected	prerank	Enterobacterial factors antagonize host defense	-0.5680338180403255	-1.444218092659747	0.06391478029294274	0.35843612017087284	1.0	6/14	15.92%	RPS27A;CALM2;UBE2D2;GBP1;CASP4;UBC
GSE46798_exposure_corrected	prerank	Transport of vitamins, nucleosides, and related molecules	-0.47705737633165224	-1.4433358686689184	0.039950062421972535	0.35864255291111063	1.0	18/32	38.84%	SLC35A1;SLC27A6;SLC35D1;SLC33A1;SLC27A1;PDZD11;SLC35B3;SLC28A1;SLC25A5;SLC29A2;LCN15;SLC5A6;SLC29A4;SLC25A6;SLC25A4;ARL2;SLC27A4;LCN9
GSE46798_exposure_corrected	prerank	BBSome-mediated cargo-targeting to cilium	-0.49933351089218814	-1.4427595703404403	0.05867970660146699	0.3582389567388492	1.0	6/23	8.95%	BBS12;BBS5;BBS10;TCP1;BBS9;BBS1
GSE46798_exposure_corrected	prerank	Regulation of CDH1 Function	-0.42944924019240194	-1.4425769843179106	0.027745664739884393	0.3566622118216905	1.0	32/59	35.26%	FYN;RPS27A;EPS15;UCA1;PSMD14;PSMA4;PSMC5;PSMD1;PSMC3;CTSS;UBC;PSMA3;PSMB2;CTSB;PSMB7;VCL;PSMB4;ACTC1;PSMD11;PSMD13;PSMA5;ADRM1;PSMA6;PSMA2;RACK1;PSMC6;PSMD2;CTNND1;PSMC1;CTNNA1;PSMB3;CTSL
GSE46798_exposure_corrected	prerank	PECAM1 interactions	-0.5930343560641562	-1.4416726890162952	0.06747638326585695	0.35726963995976635	1.0	5/12	22.11%	FYN;LYN;PECAM1;PTPN11;PLCG1
GSE46798_exposure_corrected	prerank	IRAK1 recruits IKK complex upon TLR7/8 or 9 stimulation	-0.572573890785787	-1.4413399419474293	0.05013192612137203	0.3541085627012903	1.0	5/14	16.84%	PELI3;RPS27A;TRAF6;UBC;UBE2N
GSE46798_exposure_corrected	prerank	IRAK1 recruits IKK complex	-0.572573890785787	-1.4413399419474293	0.05013192612137203	0.3541085627012903	1.0	5/14	16.84%	PELI3;RPS27A;TRAF6;UBC;UBE2N
GSE46798_exposure_corrected	prerank	Cellular responses to mechanical stimuli	-0.396058121556575	-1.4408032724953945	0.01735357917570499	0.35381932545020733	1.0	54/101	37.17%	ADCY9;RAMP2;FYN;FLT4;P2RX7;PECAM1;GNAQ;NLRP3;PIK3CD;ADCY1;PTK2;GNG5;P2RY2;PKN2;TRPV4;MTOR;GNG8;PRR5;GNB1;STAT1;GNGT2;ANXA2;MLST8;PRKAR1A;PRKACB;CACNA2D1;PIK3CB;RICTOR;PIK3CA;ADCY8;CALCRL;VCL;MMP14;PPP2CA;CACNB3;GJA1;AKT1;PDPK1;ADCY7;PPP2R1A;CALM1;ITGB1;GNB5;PIK3R2;CACNA1H;CAPNS1;ABL1;CACNB2;GNB4;GNG7;ADCY3;ADCY4;GNB2;MAPKAP1
GSE46798_exposure_corrected	prerank	Kinesins	-0.4245369624061143	-1.439816296978892	0.034324942791762014	0.3546129558588061	1.0	18/59	16.68%	KIF6;CENPE;KIF21A;KIF3A;KIF5C;KIF26B;TUBA1A;KIF1B;KIF21B;TUBB4A;TUBA8;KIF1A;KIF20A;KIFAP3;TUBB2B;KIF2A;TUBA3E;KIF3B
GSE46798_exposure_corrected	prerank	GLI3 is processed to GLI3R by the proteasome	-0.4465751357799663	-1.4391544992368792	0.03419811320754717	0.35445980969582097	1.0	29/44	39.40%	RPS27A;PSMD14;PSMA4;PSMC5;PSMD1;PSMC3;UBC;PSMA3;PSMB2;SKP1;PRKACB;RBX1;PSMB7;PSMB4;GSK3B;PSMD11;PSMD13;PSMA5;ADRM1;PSMA6;PSMA2;PSMC6;PSMD2;PSMC1;PSMB3;PSMB6;PRKACA;PSMB1;GLI3
GSE46798_exposure_corrected	prerank	Negative regulation of NOTCH4 signaling	-0.4472449231720476	-1.4387720462804696	0.030915576694411414	0.3534811767149566	1.0	27/42	38.81%	RPS27A;PSMD14;PSMA4;PSMC5;PSMD1;PSMC3;UBC;PSMA3;PSMB2;SKP1;RBX1;PSMB7;PSMB4;PSMD11;PSMD13;PSMA5;ADRM1;PSMA6;PSMA2;AKT1;PSMC6;PSMD2;PSMC1;PSMB3;PSMB6;YWHAZ;PSMB1
GSE46798_exposure_corrected	prerank	Aggrephagy	-0.45132186951319364	-1.4386301649286406	0.036773428232502965	0.351976543777553	1.0	20/41	30.97%	RPS27A;DYNC1LI2;TUBA1A;PCNT;TUBB4A;TUBA8;DYNC1I1;TUBB2B;TUBA3E;UBC;UBE2N;DYNC1H1;HDAC6;DYNC1I2;HSF1;HSP90AA1;IFT88;VIM;DYNLL1;TUBA1B
GSE46798_exposure_corrected	prerank	IKK complex recruitment mediated by RIP1	-0.5042560019556521	-1.4383513392498677	0.05816831683168317	0.3507552654570934	1.0	9/23	18.50%	BIRC3;RPS27A;UBE2D1;TRAF6;CD14;UBE2D2;UBC;UBE2N;BIRC2
GSE46798_exposure_corrected	prerank	Transcriptional regulation by RUNX3	-0.41121500530283833	-1.4373997626981814	0.014573991031390135	0.35144010669310694	1.0	35/83	32.35%	HES1;TEAD1;SMAD3;ITGA4;RPS27A;TEAD3;HDAC4;MAMLD1;PSMD14;RORC;PSMA4;PSMC5;CREBBP;MYC;PSMD1;PSMC3;CBFB;JAG1;UBC;PSMA3;KAT2B;PSMB2;PSMB7;SNW1;PSMB4;PSMD11;PSMD13;PSMA5;ADRM1;PSMA6;PSMA2;PSMC6;PSMD2;TP53;ZFHX3
GSE46798_exposure_corrected	prerank	Regulation of PTEN stability and activity	-0.429740061545581	-1.4371642873470714	0.03248259860788863	0.3501890136463441	1.0	32/54	38.81%	RPS27A;NEDD4;PSMD14;PSMA4;PSMC5;PSMD1;PSMC3;UBC;PSMA3;USP13;PSMB2;PTEN;PSMB7;OTUD3;PSMB4;PSMD11;PSMD13;PSMA5;AKT3;ADRM1;PSMA6;PSMA2;AKT1;PSMC6;PSMD2;PSMC1;PSMB3;TNKS2;CSNK2A2;PSMB6;TNKS;PSMB1
GSE46798_exposure_corrected	prerank	Attenuation phase	0.3914505745925342	1.435046541724079	0.08415841584158416	0.7286006977503103	1.0	8/28	10.68%	RLN1;HSPA6;HSPA2;SERPINH1;HSPB2;DNAJB1;UBB;CRYBA4
GSE46798_exposure_corrected	prerank	GPVI-mediated activation cascade	-0.463593470262254	-1.4334736063791038	0.051932367149758456	0.358410881195219	1.0	18/34	32.70%	VAV1;FYN;LYN;LAT;VAV3;COL1A2;PIK3CG;PTPN11;RHOB;PLCG2;RHOA;PIK3CB;PIK3CA;PIK3R1;VAV2;PDPK1;PIK3R2;RAC1
GSE46798_exposure_corrected	prerank	Glutamate binding, activation of AMPA receptors and synaptic plasticity	-0.4695190344056124	-1.4333960969613757	0.04353083434099154	0.35474484966014896	1.0	18/31	35.89%	CACNG4;GRIA3;PRKCB;TSPAN7;NSF;PRKCA;CAMK2D;GRIA4;GRIP1;AP2A1;GRIA2;CAMK2B;DLG4;MYO6;PRKCG;EPB41L1;AP2M1;AP2A2
GSE46798_exposure_corrected	prerank	Trafficking of AMPA receptors	-0.4695190344056124	-1.4333960969613757	0.04353083434099154	0.35474484966014896	1.0	18/31	35.89%	CACNG4;GRIA3;PRKCB;TSPAN7;NSF;PRKCA;CAMK2D;GRIA4;GRIP1;AP2A1;GRIA2;CAMK2B;DLG4;MYO6;PRKCG;EPB41L1;AP2M1;AP2A2
GSE46798_exposure_corrected	prerank	Signaling by SCF-KIT	-0.44738256241658314	-1.432935116279479	0.04132231404958678	0.3539915327428291	1.0	23/42	32.70%	VAV1;FYN;LYN;SH2B2;GAB2;FER;KIT;PRKCA;PTPRU;PTPN11;STAT1;KITLG;HRAS;GRAP;PIK3CA;CBL;CMA1;PIK3R1;MMP9;GRB10;JAK2;PIK3R2;RAC1
GSE46798_exposure_corrected	prerank	Presynaptic depolarization and calcium channel opening	-0.5854939009532864	-1.4325796113847649	0.06720430107526881	0.353156727392097	1.0	7/12	26.33%	CACNG4;CACNA1E;CACNA2D2;CACNA2D3;CACNA1A;CACNA2D1;CACNB3
GSE46798_exposure_corrected	prerank	DNA Repair	-0.3621091604477272	-1.429938686003801	0.0010245901639344263	0.35835702105757045	1.0	140/304	37.42%	MBD4;TDP1;XRCC2;KDM4B;BAP1;SMARCA5;XRCC4;MSH3;DCLRE1C;RPS27A;TOP3A;RHNO1;RBBP8;FAN1;RAD51B;XPC;RAD51;RAD17;POLH;MSH2;POLR2G;RAD51D;FAAP24;WDR48;BARD1;HUS1;PSMD14;PSMA4;UBE2V2;RIF1;PSMC5;UBE2T;FANCI;NFRKB;GTF2H3;TIMELESS;RFC1;CUL4B;SPIDR;COPS2;KAT5;PARP2;TOPBP1;FANCC;PSMD1;PSMC3;RAD23B;RAD18;POLN;XAB2;USP43;COPS6;UBC;XRCC5;UBE2L6;UBE2N;USP7;FANCL;PSMA3;FANCE;RPA3;PSMB2;POLD3;TERF1;GTF2H5;NBN;ELL;SMUG1;RBX1;TERF2;COPS7A;CHEK2;CUL4A;ATM;PSMB7;POLL;ATRIP;SLX1A;FANCB;PSMB4;TCEA1;PIAS1;YY1;RMI1;EME1;PARP1;GEN1;AQR;CCNA1;RPA1;KDM4A;PSMD11;XRCC1;RAD51C;POLE2;UIMC1;PSMD13;PSMA5;CETN2;PRKDC;ADRM1;ASCC2;PSMA6;PSMA2;WRN;COPS3;MSH6;RAD23A;MUS81;RTEL1;PSMC6;PSMD2;TP53;MDC1;BRIP1;MLH1;RNF111;PSMC1;MAPK8;GPS1;POT1;ABL1;BLM;CCNH;PSMB3;GTF2H1;ERCC5;PMS2;INO80C;PIAS4;MNAT1;PHF6;UBXN1;TDG;FAAP100;INO80D;PSMB6;LIG3;EYA1;USP10
GSE46798_exposure_corrected	prerank	SARS-CoV-1 modulates host translation machinery	-0.4551730848600826	-1.4276324078780906	0.05112960760998811	0.36287820805443494	1.0	6/37	2.57%	RPS28;RPS4Y1;RPS27;RPS27A;RPS12;RPS15
GSE46798_exposure_corrected	prerank	Co-stimulation by CD28	-0.43852178432635	-1.4274417952520546	0.03444316877152698	0.3614546562002616	1.0	30/47	40.19%	VAV1;FYN;LYN;PIK3CD;PAK2;PIK3CG;MTOR;PRR5;PAK1;CD80;MLST8;PPP2R5D;PIK3CB;RICTOR;PIK3CA;PPP2R5E;PPP2CA;CD28;PIK3R1;AKT3;AKT1;PDPK1;PPP2R1A;PIK3R2;RAC1;YES1;MAPKAP1;CDC42;PIK3R6;PIK3R5
GSE46798_exposure_corrected	prerank	Neddylation	-0.3660675424168228	-1.4269229478599041	0.009211873080859774	0.3611842475114825	1.0	102/223	35.69%	DCUN1D1;FBXO21;RPS27A;KLHL13;FBXO10;UBE2D1;FEM1C;PUM2;KCTD6;FBXW8;DCAF17;DCAF13;FBXO11;BTBD6;PSMD14;PSMA4;PSMC5;DCAF5;DCUN1D2;ASB16;AMER1;DCAF11;ASB4;CUL4B;COPS2;SOCS2;LRRC41;UBE2D2;SPSB4;RBBP7;FBXO30;NUB1;PSMD1;PSMC3;UBA3;WDTC1;RNF7;WSB2;FBXL4;FBXO17;COPS6;UBC;ASB9;PSMA3;FBXW5;CCDC22;CUL5;PSMB2;SKP1;FBXW11;NAE1;HIF1A;DCAF8;DCUN1D4;RBX1;SOCS3;COPS7A;CUL4A;KLHL20;CUL3;PSMB7;KLHL5;WSB1;PSMB4;DDA1;FEM1A;CUL7;CUL2;FBXL14;PSMD11;KCTD7;PSMD13;PSMA5;NEDD8;ADRM1;UBXN7;PSMA6;PSMA2;KBTBD7;TULP4;COPS3;KLHL2;DCAF10;CAND1;PSMC6;PSMD2;DCAF6;ASB5;FBXO6;FBXL5;KLHL42;PSMC1;ASB3;GPS1;DCAF16;KLHL9;COMMD4;PSMB3;SENP8;FBXO44;ASB17;FBXO32
GSE46798_exposure_corrected	prerank	Ribosome Quality Control (RQC) complex extracts and degrades nascent peptide	-0.39313684684955347	-1.4268786814340841	0.02912621359223301	0.3594518179075853	1.0	38/98	28.52%	RPS27A;UBE2D1;RPL18;RPL24;RPL5;RPL23;PSMD14;RPL6;PSMA4;PSMC5;UBE2D2;RPL10A;PSMD1;PSMC3;RPL32;RPL7;RPL17;UBC;RPL37;PSMA3;NEMF;RPL21;PSMB2;RBX1;RPL36A;RPL36AL;PSMB7;RPLP2;PSMB4;CUL2;RPL11;RPL9;PSMD11;PSMD13;PSMA5;ADRM1;PSMA6;PSMA2
GSE46798_exposure_corrected	prerank	Positive epigenetic regulation of rRNA expression	-0.4540742107656485	-1.4263629550601142	0.05380116959064327	0.3588910042648775	1.0	13/41	19.25%	CBX3;SMARCA5;TAF1A;DEK;SF3B1;TAF1D;RBBP7;HDAC2;MTA1;DDX21;KAT2B;CHD4;POLR1C
GSE46798_exposure_corrected	prerank	ABC-family protein mediated transport	-0.4024336105845741	-1.4255028888609365	0.02074235807860262	0.35939772392312286	1.0	37/86	28.53%	RPS27A;ABCC4;ERLIN1;ABCA3;PSMD14;ABCB7;PSMA4;PSMC5;ABCB1;PSMD1;PSMC3;ABCA8;ABCA5;ABCC11;ABCA4;UBC;ABCC9;ABCB9;PEX19;PSMA3;PSMB2;ERLEC1;ABCA2;SEL1L;PSMB7;PSMB4;ABCD3;ABCC5;RNF185;PSMD11;ABCF1;PSMD13;PSMA5;ADRM1;PSMA6;PSMA2;ABCB4
GSE46798_exposure_corrected	prerank	Antigen processing: Ubiquitination & Proteasome degradation	-0.3596728494308479	-1.4251298998276833	0.004056795131845842	0.35855861843149534	1.0	145/283	40.32%	RNF213;TRIM63;RNF19A;FBXO21;RPS27A;RNF123;KLHL13;ITCH;FBXO10;UBE2D1;NEDD4;UBE4A;TRIM11;KCTD6;FBXW8;TRIM69;FBXO11;BTBD6;PSMD14;UBE2Q1;PSMA4;HERC3;UBE2V2;HACE1;TRIP12;RBCK1;PSMC5;TRIM41;ASB16;ASB4;RNF14;LRRC41;MEX3C;UBE2D2;SPSB4;FBXO30;PSMD1;PSMC3;UBA3;UFL1;UNKL;RNF7;RNF6;UBA6;FBXL4;HECTD1;FBXO17;UBC;UBE2G2;ASB9;UBE2L6;TRIM71;UBE2N;TRIM36;PSMA3;FBXW5;CUL5;WWP1;PSMB2;SKP1;RNF126;FBXW11;GLMN;HERC6;RBX1;LRSAM1;ARIH2;SOCS3;HUWE1;UBE2H;KLHL20;CUL3;CDC26;PSMB7;ANAPC4;KLHL5;WSB1;PSMB4;DZIP3;CBLB;CUL7;UBA5;UBE2E2;UBE3C;CUL2;HERC1;FBXL14;SIAH1;PSMD11;UBA1;KCTD7;PSMD13;PSMA5;UBE2O;ADRM1;PSMA6;PSMA2;TPP2;RNF217;KBTBD7;RNF115;KLHL2;ANAPC13;UBE2G1;PSMC6;SIAH2;PSMD2;UBE2R2;RLIM;ASB5;ANAPC1;FBXO6;UBE2U;FBXL5;UBE2K;KLHL42;UBR2;RNF111;PSMC1;ASB3;KLHL9;PSMB3;TRIM9;CDC16;FBXO44;ASB17;FBXO32;FBXL12;UBE2J1;PSMB6;FBXL22;UBR1;TRIM39;SKP2;NPEPPS;HECTD3;FBXO9;PSMB1;FBXL19;VHL;TRIM21;RNF138;UBE2E1;PJA2;TRAIP
GSE46798_exposure_corrected	prerank	Regulation of CDH1 mRNA translation by microRNAs	-0.5622974166029718	-1.4250660265959405	0.07702523240371846	0.35695424382215635	1.0	8/14	26.99%	MIR9-3;TNRC6C;AGO1;MYC;AGO3;AGO2;MYCN;MIR9-1
GSE46798_exposure_corrected	prerank	Removal of aminoterminal propeptides from gamma-carboxylated proteins	0.5156602823087928	1.423289100507938	0.10112359550561797	0.7309679228761723	1.0	3/10	8.42%	F10;FURIN;F9
GSE46798_exposure_corrected	prerank	Regulation of TP53 Activity through Phosphorylation	-0.401700256850385	-1.4231352256779364	0.031818181818181815	0.36061671057919886	1.0	36/90	24.63%	STK11;HIPK2;RPS27A;TOP3A;RHNO1;RBBP8;PLK3;TAF1L;RAD17;SSRP1;TP53RK;BARD1;HUS1;DYRK2;KAT5;TOPBP1;TAF3;TP53INP1;NUAK1;TAF9B;PRKAB2;TAF4;UBC;RPA3;PRKAA1;MAPKAPK5;TAF11;NBN;TAF8;CHEK2;ATM;ATRIP;RMI1;CCNA1;RPA1;TAF12
GSE46798_exposure_corrected	prerank	Negative Regulation of DNA Double Strand Break Response	-0.4453095806580754	-1.4228359991162005	0.03341288782816229	0.35963614646318665	1.0	23/42	31.02%	RPS27A;BARD1;PSMD14;PSMA4;PSMC5;CUL4B;PSMD1;PSMC3;UBC;PSMA3;PSMB2;RBX1;CUL4A;PSMB7;PSMB4;PSMD11;PSMD13;PSMA5;ADRM1;PSMA6;PSMA2;PSMC6;PSMD2
GSE46798_exposure_corrected	prerank	Synaptic adhesion-like molecules	-0.5138842394993138	-1.4219476805247313	0.07388535031847134	0.36044728931429293	1.0	15/21	39.25%	LRFN4;GRIA3;PTPRD;LRFN3;GRIA4;GRIN2B;GRIN2D;RTN3;DLG4;LRFN2;DLG3;PTPRF;GRIN2C;FLOT2;GRIA1
GSE46798_exposure_corrected	prerank	Regulation of cholesterol biosynthesis by SREBP (SREBF)	-0.4299181867776565	-1.4217127263082456	0.038857142857142854	0.35942491313858904	1.0	23/55	24.97%	IDI1;NCOA6;FDPS;ACACB;CREBBP;HMGCR;INSIG2;SC5D;MBTPS1;MBTPS2;TBL1XR1;CHD9;INSIG1;SMARCD3;ACACA;ELOVL6;NCOA2;HMGCS1;MED1;KPNB1;SREBF2;CARM1;SEC24B
GSE46798_exposure_corrected	prerank	Cardiac conduction	-0.3826275756682399	-1.4207243747094978	0.021482277121374866	0.36057267545968064	1.0	43/125	21.24%	KCNJ2;ORAI2;HIPK2;SCN2A;ATP2B1;CLIC2;CACNG4;FGF12;FXYD2;KCNK10;KCNK3;PLN;SCN9A;SCN7A;ATP2A2;KCND1;FGF11;KCNIP4;KCNIP1;CAMK2D;CACNA2D2;ATP1A3;FXYD6;KCNK2;STIM1;CORIN;KCNK17;TRPC1;SLC8A3;TBX5;ABCC9;FXYD7;SRI;KAT2B;ASPH;KCNK16;FXYD1;RYR2;CAMK2B;SLC8A2;SCN1A;FGF14;KCNH2
GSE46798_exposure_corrected	prerank	Activation of gene expression by SREBF (SREBP)	-0.448465936169295	-1.4203228908448646	0.052570093457943924	0.360113890604364	1.0	17/42	24.39%	IDI1;NCOA6;FDPS;ACACB;CREBBP;HMGCR;SC5D;TBL1XR1;CHD9;SMARCD3;ACACA;ELOVL6;NCOA2;HMGCS1;MED1;SREBF2;CARM1
GSE46798_exposure_corrected	prerank	Cell-cell junction organization	-0.36798584061896905	-1.4200061475073664	0.007150153217568948	0.3592832769486881	1.0	114/236	37.06%	HEYL;ADAM19;ZMYM2;FYN;CLDN9;MIR9-3;TNRC6C;GANAB;RPS27A;ZC3H12A;EPS15;CDH10;CDH7;UCA1;FOXJ2;TLE1;FARP2;AGO1;CDH11;PSMD14;PSMA4;HACE1;PARD3;PSMC5;CDH12;SMARCA4;CADM1;CLDN14;RBBP7;MYC;CLDN18;HDAC2;PSMD1;PSMC3;PCSK6;AGO3;SPCS2;CTSS;UBC;ZNF217;IL6ST;ANK3;CTBP2;PSMA3;PSMB2;DOCK1;BIRC2;ZBTB33;CADM3;NECTIN3;CLDN10;KLF9;CDH17;CDH6;SOX10;CTSB;IL6R;PRKCSH;CTBP1;PSMB7;PCSK7;CADM2;FOXQ1;VCL;PSMB4;CDH13;AGO2;TGIF2;ACTC1;MIR451A;PARD6B;PSMD11;ZEB1;MYCN;MIR9-1;PKM;CDH4;PSMD13;PSMA5;SEC11A;SEC11C;POMT2;ADRM1;PSMA6;PSMA2;VAV2;CLDN11;RBBP4;CLDN15;RACK1;PSMC6;PSMD2;SUZ12;ARID1A;CTNND1;JAK2;RAC1;SPCS1;PSMC1;ANG;STRAP;CTNNA1;PSMB3;CTSL;DDOST;TCF12;TNRC6A;EED;KDM1A;ZEB2;CDH2;CLDN20;CSNK2A2;PSMB6
GSE46798_exposure_corrected	prerank	IRAK4 deficiency (TLR2/4)	0.451896896898137	1.417017921781765	0.06521739130434782	0.717924249141708	1.0	5/16	13.37%	IRAK4;S100A8;LY96;BTK;TLR4
GSE46798_exposure_corrected	prerank	Defective GALNT3 causes HFTC	-0.5558633684677693	-1.4164697055200228	0.0799475753604194	0.3677094667576295	1.0	3/14	4.30%	GALNT3;MUC5B;MUC17
GSE46798_exposure_corrected	prerank	Gamma-carboxylation, transport, and amino-terminal cleavage of proteins	0.5022725452264077	1.4133973443606431	0.09433962264150944	0.6986965122577302	1.0	3/11	8.42%	F10;FURIN;F9
GSE46798_exposure_corrected	prerank	Regulation of signaling by CBL	-0.49998553067491736	-1.4118017555931013	0.06641123882503193	0.3789797998535104	1.0	12/22	27.88%	VAV1;FYN;LYN;RPS27A;PIK3CD;RAPGEF1;UBC;PIK3CB;PIK3CA;HCK;CBL;PIK3R1
GSE46798_exposure_corrected	prerank	Activated point mutants of FGFR2	0.4307328059934924	1.4104820756472456	0.09803921568627451	0.6798483385535643	1.0	8/17	17.69%	FGF2;FGF22;FGF20;FGF6;FGF7;FGF3;FGF5;FGF10
GSE46798_exposure_corrected	prerank	IFIT antiviral response	-0.4124918480144875	-1.4104180922509089	0.03299203640500569	0.3809667679956092	1.0	27/61	31.96%	RPS28;RPS4Y1;RPS27;RPS27A;RPS12;RPS15;EIF3M;EIF3B;EIF3A;RPS4X;DDX58;EIF3E;RPS11;STAT1;EIF3J;IFIT1;SKP1;EIF3K;EIF1AX;EIF3H;EIF3L;IFIT5;RPS8;RPS23;RPS13;RPS20;RPS2
GSE46798_exposure_corrected	prerank	Free fatty acids regulate insulin secretion	-0.581993255435312	-1.409768282733144	0.0796221322537112	0.3810032755417474	1.0	3/11	12.99%	GNAQ;FFAR1;ACSL4
GSE46798_exposure_corrected	prerank	Regulation of actin dynamics for phagocytic cup formation	-0.4200602370138563	-1.4097132149563432	0.04838709677419355	0.3793535777079213	1.0	23/61	29.04%	FCGR3A;MYO10;VAV1;WAS;VAV3;WIPF3;PTK2;CYFIP2;WASF1;MYO5A;PAK1;DOCK1;ARPC2;ARPC5;NCKIPSD;ACTR3;ABI2;WASL;NCKAP1L;HSP90AA1;BRK1;VAV2;FCGR2A
GSE46798_exposure_corrected	prerank	EGR2 and SOX10-mediated initiation of Schwann cell myelination	-0.4775635929263706	-1.4093036344056664	0.049443757725587144	0.3786811092602407	1.0	10/29	11.03%	TEAD1;NAB1;ADGRG6;UTRN;LAMC1;POU3F1;PRX;SMARCA4;HMGCR;HDAC2
GSE46798_exposure_corrected	prerank	VEGFR2 mediated vascular permeability	-0.47622873620714345	-1.408800231829377	0.06471306471306472	0.3783290203518356	1.0	18/27	37.17%	VAV1;PAK2;VAV3;MTOR;PRR5;PAK1;MLST8;RICTOR;HSP90AA1;AKT3;AKT1;VAV2;PDPK1;CALM1;CTNND1;RAC1;CTNNA1;MAPKAP1
GSE46798_exposure_corrected	prerank	Leishmania infection	-0.3746281452024067	-1.4086331953621398	0.015690376569037656	0.3752936820072626	1.0	59/159	29.04%	IL1B;FCGR3A;ADCY9;MYO10;IL10;VAV1;FYN;LYN;GNAZ;CREB1;DVL3;PSTPIP1;ENTPD1;WAS;NFKB2;CYSLTR1;DVL1;P2RX7;FGR;NLRP3;IL18;VAV3;WIPF3;ADCY1;GNAI3;SUGT1;PTK2;GNG5;RHBDF2;CYFIP2;WASF1;MYO5A;GNG8;ADAM17;NT5E;GNB1;GNGT2;PLCG2;DOCK1;PRKAR1A;ARPC2;PRKACB;ADCY8;PLCG1;HCK;ARPC5;NCKIPSD;GNAI2;FZD7;ACTR3;TXNIP;ABI2;WASL;NCKAP1L;GNAI1;CYSLTR2;BRK1;VAV2;FCGR2A
GSE46798_exposure_corrected	prerank	Parasitic Infection Pathways	-0.3746281452024067	-1.4086331953621398	0.015690376569037656	0.3752936820072626	1.0	59/159	29.04%	IL1B;FCGR3A;ADCY9;MYO10;IL10;VAV1;FYN;LYN;GNAZ;CREB1;DVL3;PSTPIP1;ENTPD1;WAS;NFKB2;CYSLTR1;DVL1;P2RX7;FGR;NLRP3;IL18;VAV3;WIPF3;ADCY1;GNAI3;SUGT1;PTK2;GNG5;RHBDF2;CYFIP2;WASF1;MYO5A;GNG8;ADAM17;NT5E;GNB1;GNGT2;PLCG2;DOCK1;PRKAR1A;ARPC2;PRKACB;ADCY8;PLCG1;HCK;ARPC5;NCKIPSD;GNAI2;FZD7;ACTR3;TXNIP;ABI2;WASL;NCKAP1L;GNAI1;CYSLTR2;BRK1;VAV2;FCGR2A
GSE46798_exposure_corrected	prerank	Degradation of GLI1 by the proteasome	-0.4353160821089834	-1.4084976301907302	0.03905325443786982	0.37399372856633806	1.0	28/44	38.81%	RPS27A;ITCH;PSMD14;PSMA4;PSMC5;PSMD1;PSMC3;UBC;PSMA3;PSMB2;SKP1;PRKACB;RBX1;PSMB7;PSMB4;PSMD11;PSMD13;PSMA5;ADRM1;PSMA6;PSMA2;PSMC6;PSMD2;PSMC1;PSMB3;PSMB6;PRKACA;PSMB1
GSE46798_exposure_corrected	prerank	DCC mediated attractive signaling	-0.5633836606678082	-1.4082071960066505	0.06887417218543046	0.37308253811394915	1.0	10/14	32.70%	FYN;NTN1;PTK2;DOCK1;ABLIM2;DCC;WASL;TRIO;ABLIM1;RAC1
GSE46798_exposure_corrected	prerank	tRNA Aminoacylation	-0.49634245536023736	-1.406995587572989	0.07720588235294118	0.3748343066105784	1.0	5/24	4.86%	DARS2;PPA2;AARS2;FARSB;HARS2
GSE46798_exposure_corrected	prerank	High laminar flow shear stress activates signaling by PIEZO1 and PECAM1:CDH5:KDR in endothelial cells	-0.4078450022924203	-1.406380412358908	0.04638009049773756	0.3749991362044786	1.0	40/67	37.17%	ADCY9;RAMP2;FYN;FLT4;PECAM1;GNAQ;PIK3CD;ADCY1;GNG5;P2RY2;PKN2;TRPV4;MTOR;GNG8;PRR5;GNB1;GNGT2;MLST8;PRKAR1A;PRKACB;PIK3CB;RICTOR;PIK3CA;ADCY8;CALCRL;VCL;MMP14;AKT1;PDPK1;ADCY7;CALM1;GNB5;PIK3R2;CAPNS1;GNB4;GNG7;ADCY3;ADCY4;GNB2;MAPKAP1
GSE46798_exposure_corrected	prerank	Role of phospholipids in phagocytosis	-0.4876818865283037	-1.4057168107537068	0.07711757269279393	0.37503215064953105	1.0	13/25	33.25%	FCGR3A;PLPP4;PRKCE;PLCG2;PLPP5;PIK3CB;PIK3CA;PLCG1;PLD1;PIK3R1;FCGR2A;PIK3R2;AHCYL1
GSE46798_exposure_corrected	prerank	mRNA Splicing - Minor Pathway	-0.41917960452447245	-1.4050233016772238	0.04971098265895954	0.3751321321885653	1.0	13/52	18.30%	PDCD7;ZCRB1;POLR2G;SNRNP200;SNRNP35;SF3B1;DDX23;GTF2F2;NCBP2;ZRSR2;SF3B3;SRSF1;SNRPD1
GSE46798_exposure_corrected	prerank	RND3 GTPase cycle	-0.43709095363053435	-1.402861929172325	0.06470588235294118	0.3795551010305621	1.0	21/41	32.38%	ANKRD26;EPHA2;PTPN13;ARHGAP5;TNFAIP1;KTN1;NISCH;UBXN11;CCDC88A;DLG5;ARHGAP21;RND3;VANGL2;ROCK1;DSP;CPD;PIK3R1;KCTD13;TXNL1;DST;PIK3R2
GSE46798_exposure_corrected	prerank	Activation of HOX genes during differentiation	-0.4136797412420596	-1.402125243482713	0.046857142857142854	0.3783183378592659	1.0	16/62	14.36%	KMT2D;RARB;HOXC4;MEIS1;HDAC3;POLR2G;HOXD3;HOXA3;NCOA6;CREBBP;RBBP7;HOXA4;PAGR1;NCOA3;PCGF2;PBX1
GSE46798_exposure_corrected	prerank	Activation of anterior HOX genes in hindbrain development during early embryogenesis	-0.4136797412420596	-1.402125243482713	0.046857142857142854	0.3783183378592659	1.0	16/62	14.36%	KMT2D;RARB;HOXC4;MEIS1;HDAC3;POLR2G;HOXD3;HOXA3;NCOA6;CREBBP;RBBP7;HOXA4;PAGR1;NCOA3;PCGF2;PBX1
GSE46798_exposure_corrected	prerank	EPHB-mediated forward signaling	-0.43872078342203075	-1.4010034425144233	0.045507584597432905	0.37974221441554984	1.0	29/42	49.67%	ROCK2;FYN;LYN;PTK2;EPHB1;GRIN2B;PAK1;ROCK1;RHOA;ARPC2;HRAS;ARPC5;ACTR3;EFNB1;WASL;RAC1;KALRN;YES1;EPHB2;CDC42;EPHB6;ACTR2;ARPC1A;EFNB3;CFL1;GRIN1;ITSN1;ACTG1;TIAM1
GSE46798_exposure_corrected	prerank	Orc1 removal from chromatin	-0.4203484751187419	-1.395905654955733	0.04822043628013777	0.3921571572026498	1.0	28/56	31.02%	ORC6;MCM8;RPS27A;PSMD14;PSMA4;PSMC5;PSMD1;PSMC3;MCM7;UBC;PSMA3;PSMB2;SKP1;ORC4;RBX1;ORC2;ORC3;PSMB7;PSMB4;CCNA1;PSMD11;PSMD13;PSMA5;ADRM1;PSMA6;PSMA2;PSMC6;PSMD2
GSE46798_exposure_corrected	prerank	CHD6, CHD7, CHD8, CHD9 subfamily	-0.5309721554782506	-1.394919915065762	0.07378129117259552	0.39293684422875397	1.0	4/17	21.73%	CHD6;CREBBP;CHD9;CHD8
GSE46798_exposure_corrected	prerank	Formation of a pool of free 40S subunits	-0.3834958090905338	-1.3949187416631137	0.035830618892508145	0.3912134370172244	1.0	30/102	22.41%	RPS28;RPS4Y1;RPS27;RPS27A;RPS12;RPS15;RPL18;RPL24;RPL5;RPL23;RPL6;EIF3M;EIF3B;EIF3A;RPS4X;RPL10A;RPL32;EIF3E;RPL7;RPS11;RPL17;EIF3J;RPL37;RPL21;EIF3K;RPL36A;RPL36AL;EIF1AX;EIF3H;RPLP2
GSE46798_exposure_corrected	prerank	Chromatin organization	-0.356862071905324	-1.3945521528078528	0.003061224489795918	0.39042781551289263	1.0	130/293	36.73%	KMT2D;CBX3;CHD6;ASH1L;ATXN7;SUDS3;KDM4B;MSL3;PADI4;NSD1;BCL11A;CDC73;ZNF592;NFKB2;KAT7;DPF2;SSRP1;HDAC3;ADNP;KDM7A;UTY;OGT;KDM6B;KDM3A;LEO1;DR1;SMARCA2;EP400;SF3B1;HDAC10;SMARCD1;SMYD3;ZMYND8;SMARCA4;CREBBP;CDK2AP1;DPF3;EPC1;PADI1;KAT5;RBBP7;CHD5;HDAC2;MTA1;AEBP2;NR2F2;SUPT3H;SMARCE1;RUVBL2;TBL1XR1;BRD7;MORF4L1;CHD9;NCOR2;SMARCD3;SF3B3;KMT5C;NCOA2;BRD9;MYOG;KAT2B;SNRPD1;RCOR1;CHD4;PHF21A;PHF2;TCF4;KDM4C;PWWP2A;CHD8;YEATS2;SETDB1;PAX3;MEAF6;SMYD2;USP22;CHD1;BRWD1;HCFC1;CARM1;KDM4A;TAF12;SAP18;SMARCC2;ACTL6B;CBX1;ELP2;SETD6;BRPF3;ARID5B;SUPT16H;SMARCB1;RBBP4;SNRPF;ADNP2;COPRS;KDM5B;SS18L1;GATAD2A;SETDB2;KAT6A;SETD7;MSL1;SUZ12;ARID2;RPS2;SAP30L;ARID1A;JAK2;DHX15;PWWP2B;KDM2B;JADE1;NR2C2;DMAP1;ZZZ3;ARID4A;ING4;SF3B4;TCF12;HMG20B;IKZF2;EED;PHF6;KDM1A;DOT1L;CCND1;ASH2L;SNRPB2;PRMT7
GSE46798_exposure_corrected	prerank	C-type lectin receptors (CLRs)	-0.3793890465655381	-1.3944042021939622	0.027455121436114043	0.3891088722299562	1.0	51/121	31.84%	IL1B;BCL10;FYN;LYN;MUC5B;RPS27A;UBE2D1;NFKB2;MUC17;TRAF6;PSMD14;PSMA4;PAK2;PPP3CB;PSMC5;CREBBP;UBE2D2;CLEC4A;PSMD1;PSMC3;UBA3;MAP3K7;UBC;PAK1;UBE2N;MUC15;PSMA3;PLCG2;PSMB2;SKP1;PPP3R1;FBXW11;HRAS;PRKACB;MALT1;PSMB7;PSMB4;MUC7;PSMD11;PSMD13;PSMA5;ADRM1;PPP3CA;PSMA6;PSMA2;PDPK1;PSMC6;CALM1;PSMD2;NFATC3;CLEC4D
GSE46798_exposure_corrected	prerank	Neurotoxicity of clostridium toxins	-0.5983708831711014	-1.394265481582927	0.08221024258760108	0.3878565088764705	1.0	7/10	28.55%	SV2B;STX1B;SV2A;SNAP25;VAMP2;VAMP1;SYT1
GSE46798_exposure_corrected	prerank	AKT phosphorylates targets in the nucleus	-0.5978700877195153	-1.3921030441587443	0.0856353591160221	0.3923314842675419	1.0	3/10	2.91%	FOXO1;CREB1;FOXO6
GSE46798_exposure_corrected	prerank	Response of endothelial cells to shear stress	-0.3870448805556341	-1.3917727413725083	0.03808487486398259	0.39160468111575414	1.0	48/91	37.17%	ADCY9;RAMP2;FYN;FLT4;PECAM1;GNAQ;NLRP3;PIK3CD;ADCY1;PTK2;GNG5;P2RY2;PKN2;TRPV4;MTOR;GNG8;PRR5;GNB1;STAT1;GNGT2;ANXA2;MLST8;PRKAR1A;PRKACB;PIK3CB;RICTOR;PIK3CA;ADCY8;CALCRL;VCL;MMP14;PPP2CA;AKT1;PDPK1;ADCY7;PPP2R1A;CALM1;ITGB1;GNB5;PIK3R2;CAPNS1;ABL1;GNB4;GNG7;ADCY3;ADCY4;GNB2;MAPKAP1
GSE46798_exposure_corrected	prerank	Processing of DNA double-strand break ends	-0.41530384981630436	-1.3908097023339996	0.048894062863795114	0.39283079618601136	1.0	20/58	24.32%	RPS27A;TOP3A;RHNO1;RBBP8;RAD17;BARD1;HUS1;UBE2V2;TIMELESS;KAT5;TOPBP1;UBC;UBE2N;RPA3;NBN;ATM;ATRIP;RMI1;CCNA1;RPA1
GSE46798_exposure_corrected	prerank	Formation of Senescence-Associated Heterochromatin Foci (SAHF)	-0.5806163090493051	-1.3904877302698107	0.09078590785907859	0.3920719061248349	1.0	8/11	34.18%	EP400;UBN1;HIRA;LMNB1;CABIN1;TP53;HMGA1;HMGA2
GSE46798_exposure_corrected	prerank	COPI-independent Golgi-to-ER retrograde traffic	-0.4190147324876293	-1.3886899433547482	0.06060606060606061	0.3954543233555213	1.0	16/51	17.50%	RAB6A;DCTN6;DCTN4;DYNC1LI2;CAPZA1;TUBA1A;RAB6B;ACTR10;TUBB4A;TUBA8;DYNC1I1;TUBB2B;BICD2;DCTN2;TUBA3E;DYNC1H1
GSE46798_exposure_corrected	prerank	Pre-NOTCH Expression and Processing	-0.411041437073626	-1.3872958390223682	0.04555808656036447	0.3980106970756738	1.0	15/60	11.71%	POFUT1;TNRC6C;RAB6A;MAMLD1;LFNG;AGO1;MFNG;ELANE;NOTCH3;ATP2A2;RFNG;CREBBP;NOTCH2;POGLUT1;AGO3
GSE46798_exposure_corrected	prerank	Vpu mediated degradation of CD4	-0.4457344114056596	-1.3867221093412068	0.05995203836930456	0.39802929611982335	1.0	24/37	38.81%	RPS27A;PSMD14;PSMA4;PSMC5;PSMD1;PSMC3;UBC;PSMA3;PSMB2;SKP1;PSMB7;PSMB4;PSMD11;PSMD13;PSMA5;ADRM1;PSMA6;PSMA2;PSMC6;PSMD2;PSMC1;PSMB3;PSMB6;PSMB1
GSE46798_exposure_corrected	prerank	Protein ubiquitination	-0.4039665383001114	-1.3829864741445432	0.04942528735632184	0.40693342790363174	1.0	19/62	16.88%	BCL10;RPS27A;CDC73;UBE2D1;PEX13;LEO1;UBE2V2;USP9X;UBE2T;WAC;UBE2D2;HLTF;RAD18;RNF144A;UBA6;UBC;UBE2G2;UBE2N;USP7
GSE46798_exposure_corrected	prerank	Cell-Cell communication	-0.35352025135779114	-1.3826456997363517	0.00508130081300813	0.40620237640400186	1.0	138/295	37.06%	CD2AP;HEYL;ADAM19;ZMYM2;FYN;CLDN9;MIR9-3;TNRC6C;GANAB;RPS27A;SPTAN1;ZC3H12A;EPS15;CDH10;CDH7;UCA1;FOXJ2;TLE1;FBLIM1;FARP2;AGO1;KIRREL2;CDH11;PSMD14;PSMA4;HACE1;PARD3;SPTBN1;PSMC5;CDH12;SMARCA4;CADM1;CLDN14;PTK2;RBBP7;MYC;CLDN18;HDAC2;PSMD1;PSMC3;PCSK6;AGO3;SPCS2;ARHGEF6;PTPN11;CTSS;UBC;ZNF217;IL6ST;ANK3;PARVA;CTBP2;PSMA3;PSMB2;DOCK1;BIRC2;ZBTB33;CADM3;NECTIN3;CLDN10;KLF9;CDH17;CDH6;SOX10;PIK3CB;CTSB;IL6R;PIK3CA;PRKCSH;CTBP1;PSMB7;PCSK7;CADM2;FOXQ1;FLNA;VCL;PSMB4;CDH13;CD47;AGO2;TGIF2;ACTC1;MIR451A;ACTN1;PARD6B;PXN;PSMD11;ZEB1;MYCN;WASL;LAMC2;MIR9-1;PKM;CDH4;PSMD13;PSMA5;SEC11A;PIK3R1;SEC11C;POMT2;ADRM1;PSMA6;PSMA2;VAV2;CLDN11;RBBP4;CLDN15;RACK1;ACTN2;PSMC6;PSMD2;DST;ITGB1;NCK2;SUZ12;ARID1A;CTNND1;JAK2;PIK3R2;RAC1;SPCS1;PSMC1;ANG;STRAP;CTNNA1;SIRPA;PSMB3;CTSL;DDOST;TCF12;TNRC6A;EED;KDM1A;ZEB2;CDH2;CLDN20;CSNK2A2;PSMB6
GSE46798_exposure_corrected	prerank	Asymmetric localization of PCP proteins	-0.42443852689070943	-1.3822312056780774	0.057736720554272515	0.40572412627217097	1.0	28/49	38.81%	RPS27A;PSMD14;PSMA4;PSMC5;PRICKLE1;PSMD1;PSMC3;UBC;VANGL2;PSMA3;PSMB2;PSMB7;PSMB4;FZD7;PSMD11;PSMD13;PSMA5;ADRM1;PSMA6;PSMA2;PSMC6;PSMD2;FZD1;PSMC1;PSMB3;PSMB6;DVL2;PSMB1
GSE46798_exposure_corrected	prerank	Scavenging of heme from plasma	0.4698956023661106	1.3816697351420038	0.09055118110236221	0.7410614489718651	1.0	3/12	3.12%	HP;JCHAIN;APOL1
GSE46798_exposure_corrected	prerank	Processing of antigen in germinal center B cells	-0.3874188732229805	-1.381228006254985	0.0420353982300885	0.4067241185374693	1.0	31/92	22.56%	CTSF;HLA-DRB3;DCTN6;CENPE;DCTN4;DYNC1LI2;KIF3A;KIF5C;CAPZA1;CTSC;TUBA1A;ACTR10;TUBB4A;TUBA8;DYNC1I1;KIF20A;KIFAP3;TUBB2B;KIF2A;CTSS;DCTN2;TUBA3E;KIF3B;DYNC1H1;HLA-DMA;RAB7A;CTSB;KIF15;KIF5A;DYNC1I2;HLA-DRA
GSE46798_exposure_corrected	prerank	Negative Regulation of CDH1 Gene Transcription	-0.45732835813558764	-1.3804822637349559	0.0683453237410072	0.4073313458499416	1.0	19/35	36.54%	ZMYM2;TLE1;SMARCA4;RBBP7;HDAC2;ZNF217;CTBP2;ZBTB33;CTBP1;FOXQ1;TGIF2;ZEB1;PKM;RBBP4;SUZ12;TCF12;EED;KDM1A;ZEB2
GSE46798_exposure_corrected	prerank	Sema4D induced cell migration and growth-cone collapse	-0.49808404668451683	-1.3799021454786222	0.08575197889182058	0.4074940638569642	1.0	11/20	32.11%	ROCK2;ARHGEF12;MYH14;ERBB2;RHOB;ROCK1;RHOA;MYH11;SEMA4D;PLXNB1;RHOC
GSE46798_exposure_corrected	prerank	RNA polymerase II transcribes snRNA genes	-0.3948352723963252	-1.3798586960868755	0.0425531914893617	0.40595217589558935	1.0	20/75	22.32%	SNAPC1;ELL2;RNU2-1;INTS1;POLR2G;ZNF143;GTF2F2;PHAX;INTS2;NCBP2;CCNT1;ELL3;INTS8;ICE1;TAF11;ELL;GTF2A1;TAF8;INTS6;ICE2
GSE46798_exposure_corrected	prerank	Regulation of expression of SLITs and ROBOs	-0.3653515880577724	-1.3791307798626575	0.013626834381551363	0.4062788849803084	1.0	61/155	31.02%	RPS28;RPS4Y1;RPS27;RPS27A;RPS12;RPS15;ISL1;RPL18;RPL24;RPL5;ROBO1;RPL23;PSMD14;RPL6;PSMA4;PSMC5;SLIT2;NCBP2;RPS4X;RPL10A;PSMD1;PSMC3;RPL32;RPL7;RPS11;RPL17;UBC;RPL37;PSMA3;RPL21;PSMB2;LHX4;RBX1;RPL36A;RPL36AL;CASC3;PSMB7;RPLP2;PSMB4;HOXA2;CUL2;RPL11;UPF2;ROBO2;RPL9;PSMD11;PSMD13;PSMA5;PABPC1;ADRM1;PSMA6;PSMA2;RPS8;RPS23;MSI1;UPF3B;MAGOH;PSMC6;RPS13;RPS20;PSMD2
GSE46798_exposure_corrected	prerank	Signaling by Hedgehog	-0.37088603541422593	-1.378381360488407	0.021344717182497332	0.4067835043962452	1.0	56/131	31.02%	ADCY9;IHH;ARRB1;RPS27A;CDC73;ITCH;IFT122;IFT172;PSMD14;KIF3A;PSMA4;PSMC5;INTU;GPC5;ADCY1;TUBA1A;TUBB4A;PSMD1;PSMC3;TUBB2B;ADAM17;DHH;DYNC2H1;UBC;DISP2;PSMA3;PSMB2;SKP1;PRKAR1A;EVC2;PRKACB;WDR19;RBX1;ERLEC1;SEL1L;CUL3;PSMB7;ADCY8;PSMB4;GSK3B;PSMD11;PSMD13;PSMA5;ARRB2;IFT88;ADRM1;PSMA6;PSMA2;DZIP1;SPOP;OFD1;SMO;ADCY7;PSMC6;TUBA1B;PSMD2
GSE46798_exposure_corrected	prerank	Nonhomologous End-Joining (NHEJ)	-0.4550720190855603	-1.378264131126232	0.09975669099756691	0.4054429611660198	1.0	14/30	28.04%	TDP1;XRCC4;DCLRE1C;BARD1;UBE2V2;RIF1;KAT5;XRCC5;UBE2N;NBN;ATM;POLL;UIMC1;PRKDC
GSE46798_exposure_corrected	prerank	G1/S DNA Damage Checkpoints	-0.4004549977157318	-1.3763566285174975	0.05304740406320542	0.40923901423982395	1.0	35/64	38.81%	RPS27A;PLK3;PSMD14;PSMA4;PSMC5;PSMD1;PSMC3;NEK11;UBC;PSMA3;PSMB2;SKP1;FBXW11;RBX1;CHEK2;ATM;PSMB7;PSMB4;CCNA1;GSK3B;PSMD11;PSMD13;PSMA5;ADRM1;PSMA6;PSMA2;PSMC6;PSMD2;TP53;CDKN1B;PSMC1;PSMB3;PSMB6;MDM4;PSMB1
GSE46798_exposure_corrected	prerank	Degradation of GLI2 by the proteasome	-0.4240658353175933	-1.3754854852718426	0.06595995288574794	0.40999332132561267	1.0	28/44	38.81%	RPS27A;PSMD14;PSMA4;PSMC5;PSMD1;PSMC3;UBC;PSMA3;PSMB2;SKP1;PRKACB;RBX1;PSMB7;PSMB4;GSK3B;PSMD11;PSMD13;PSMA5;ADRM1;PSMA6;PSMA2;PSMC6;PSMD2;PSMC1;PSMB3;PSMB6;PRKACA;PSMB1
GSE46798_exposure_corrected	prerank	Calnexin/calreticulin cycle	-0.4777290408375759	-1.3753110193498004	0.07462686567164178	0.4088209994637426	1.0	12/25	26.95%	TRIM13;GANAB;RPS27A;EDEM3;PDIA3;AMFR;UBC;RNF139;SEL1L;PRKCSH;RNF185;MAN1B1
GSE46798_exposure_corrected	prerank	Interleukin-4 and Interleukin-13 signaling	-0.37468091510991214	-1.3751043338479758	0.028601694915254237	0.4077548956901136	1.0	51/105	32.73%	IL1B;IL10;MAOA;FOXO1;OPRD1;IL2RG;FCER2;BCL2L1;SAA1;ALOX5;F13A1;LAMA5;IL18;RORC;MCL1;RORA;VCAM1;NDN;IL17A;COL1A2;MYC;FSCN1;STAT1;STAT6;S1PR1;HIF1A;SOX2;SOCS3;CCL11;IL6R;ICAM1;MMP2;VEGFA;RHOU;ZEB1;IL23A;HSP90AA1;PIK3R1;AKT1;ALOX15;CXCL8;PTGS2;VIM;BCL2;ITGB1;POU2F1;TP53;MMP9;IL13RA2;JAK2;BCL6
GSE46798_exposure_corrected	prerank	HDACs deacetylate histones	-0.4596008635397888	-1.3738828008934079	0.07682926829268293	0.4098533599328684	1.0	19/31	38.48%	SUDS3;HDAC3;HDAC10;RBBP7;HDAC2;MTA1;TBL1XR1;NCOR2;RCOR1;CHD4;PHF21A;SAP18;RBBP4;GATAD2A;SAP30L;ARID4A;HMG20B;KDM1A;MTA3
GSE46798_exposure_corrected	prerank	RHOJ GTPase cycle	-0.41494946143637446	-1.371622177839215	0.056128293241695305	0.4150455716323987	1.0	27/53	34.79%	WAS;DIAPH3;ARHGEF7;RHOJ;PREX1;ARHGAP5;PAK2;PAK4;ARHGAP21;STEAP3;PAK1;FNBP1;OCRL;RAB7A;CDC42BPB;GJA1;WASL;PIK3R1;ARHGAP1;SLC4A7;SNAP23;TRIO;STOM;LAMTOR1;PIK3R2;ARHGAP26;CPNE8
GSE46798_exposure_corrected	prerank	N-glycan antennae elongation in the medial/trans-Golgi	-0.4675877300490105	-1.3709139314258252	0.08302354399008674	0.41564988747748066	1.0	18/26	39.06%	MAN2A1;MGAT4C;ST8SIA6;MGAT3;CHST10;B4GALT5;MGAT5;MGAT2;ST8SIA3;CGA;ST8SIA2;B4GALT3;CHST8;ST6GAL1;MGAT4B;FUT8;FUCA1;B4GALT1
GSE46798_exposure_corrected	prerank	Miscellaneous transport and binding events	-0.4647445372603037	-1.3701938653601606	0.0906801007556675	0.416004761222505	1.0	13/27	31.90%	MAGT1;DMTN;ADD2;ADD1;ADD3;NIPAL3;NIPAL2;LRRC8B;MRS2;MMGT1;NIPA1;AZGP1;LRRC8A
GSE46798_exposure_corrected	prerank	Signaling by VEGF	-0.3760482380822447	-1.3698915011055748	0.031487513572204126	0.41524132180380546	1.0	45/104	33.25%	ROCK2;VAV1;FYN;FLT4;NRP1;SHB;PRKCB;PAK2;VAV3;PTK2;PRKCA;CYFIP2;MTOR;WASF1;PRR5;PAK1;ROCK1;MLST8;DOCK1;RHOA;HRAS;PRKACB;MAPKAPK3;PIK3CB;RICTOR;PIK3CA;PLCG1;SPHK1;VEGFA;PXN;ABI2;NCKAP1L;HSP90AA1;PIK3R1;AKT3;BRK1;AKT1;VAV2;PDPK1;CALM1;NCK2;CTNND1;PIK3R2;RAC1;AHCYL1
GSE46798_exposure_corrected	prerank	RHOBTB1 GTPase cycle	-0.4729943659346386	-1.3686808604041738	0.0986093552465234	0.4170890120278373	1.0	12/23	33.94%	ROCK2;SPEN;COPS2;ROCK1;HNRNPC;SRRM1;CUL3;STK38;MYO6;TXNL1;VIM;GPS1
GSE46798_exposure_corrected	prerank	Condensation of Prophase Chromosomes	0.4508194340859574	1.368663751396727	0.10384615384615385	0.7535449162277225	1.0	5/13	17.80%	SMC4;NCAPD3;PLK1;SMC2;CCNB1
GSE46798_exposure_corrected	prerank	ABC transporter disorders	-0.40053801149197543	-1.3684664336273058	0.056818181818181816	0.41610999392448955	1.0	34/63	38.98%	RPS27A;ERLIN1;ABCA3;PSMD14;PSMA4;PSMC5;ABCA1;PSMD1;PSMC3;UBC;ABCC9;PSMA3;PSMB2;ERLEC1;SEL1L;PSMB7;PSMB4;RNF185;PSMD11;PSMD13;PSMA5;ADRM1;PSMA6;PSMA2;ABCB4;LMBRD1;PSMC6;PSMD2;PSMC1;CFTR;PSMB3;PSMB6;PSMB1;ABCB6
GSE46798_exposure_corrected	prerank	PKMTs methylate histone lysines	-0.43093782585371054	-1.368458624502166	0.0743801652892562	0.414529990866346	1.0	18/41	36.52%	KMT2D;ASH1L;NSD1;NFKB2;SMYD3;RBBP7;AEBP2;KMT5C;SETDB1;SMYD2;SETD6;RBBP4;SETDB2;SETD7;SUZ12;EED;DOT1L;ASH2L
GSE46798_exposure_corrected	prerank	Signaling by Retinoic Acid	0.3445112948963418	1.3680350459831967	0.08433734939759036	0.7287520900548714	1.0	4/41	2.97%	CYP26C1;RDH10;RDH5;CYP26A1
GSE46798_exposure_corrected	prerank	Deubiquitination	-0.3529488893464694	-1.3670376382802512	0.01344364012409514	0.4171565655865706	1.0	119/218	39.12%	BIRC3;IL33;ATXN7;SUDS3;BAP1;ARRB1;USP49;ASXL1;SMAD3;RPS27A;RNF123;ADRB2;TNIP1;UBE2D1;TNFAIP3;TGFBR2;TRAF6;OGT;WDR48;BARD1;NLRP3;PSMD14;PSMA4;USP9X;PSMC5;NFRKB;TNIP2;APC;MYC;PSMD1;USP11;PSMC3;RAD23B;TAF9B;MAP3K7;STAMBPL1;UBC;USP7;PSMA3;USP13;JOSD1;KAT2B;STAM2;PSMB2;BIRC2;USP16;RHOA;MBD5;HIF1A;CYLD;UCHL5;PTRH2;PTEN;USP15;PSMB7;OTUD3;STAMBP;PSMB4;USP22;TOMM70;YY1;YOD1;CCNA1;HCFC1;FKBP8;USP5;RHOT1;PSMD11;VDAC1;RIPK1;UIMC1;PSMD13;PSMA5;NEDD8;USP26;ARRB2;ADRM1;JOSD2;PSMA6;PSMA2;MAVS;USP2;USP34;USP14;RAD23A;USP42;FOXO4;USP24;PSMC6;SIAH2;PSMD2;SMAD2;MAT2B;TP53;ZRANB1;USP48;VDAC3;PSMC1;CDK1;CFTR;ASXL2;PSMB3;SENP8;INO80C;TNKS2;MBD6;INO80D;OTUD5;PSMB6;USP10;TNKS;SKP2;MDM4;CCP110;TAB1;TOMM20;PSMB1;STAM;USP47
GSE46798_exposure_corrected	prerank	Regulated Necrosis	-0.41268376987834976	-1.3669829146582486	0.07291666666666667	0.4156981081306193	1.0	9/55	7.36%	IL1B;BIRC3;CFLAR;RPS27A;ITCH;OGT;IL18;ELANE;CHMP4A
GSE46798_exposure_corrected	prerank	Formation of the ternary complex, and subsequently, the 43S complex	-0.40918438217615144	-1.3666340083168034	0.06936416184971098	0.41508244879545564	1.0	22/52	31.96%	RPS28;RPS4Y1;RPS27;RPS27A;RPS12;RPS15;EIF3M;EIF3B;EIF3A;RPS4X;EIF3E;RPS11;EIF3J;EIF3K;EIF1AX;EIF3H;EIF3L;RPS8;RPS23;RPS13;RPS20;RPS2
GSE46798_exposure_corrected	prerank	Interleukin-6 signaling	-0.5642202045842993	-1.3665630759401914	0.10975609756097561	0.4137032285672486	1.0	7/11	32.36%	PTPN11;STAT1;IL6ST;SOCS3;IL6R;CBL;JAK2
GSE46798_exposure_corrected	prerank	Cell junction organization	-0.35194638824671975	-1.3664931552144703	0.012219959266802444	0.41236246614578287	1.0	123/263	37.06%	HEYL;ADAM19;ZMYM2;FYN;CLDN9;MIR9-3;TNRC6C;GANAB;RPS27A;ZC3H12A;EPS15;CDH10;CDH7;UCA1;FOXJ2;TLE1;FBLIM1;FARP2;AGO1;CDH11;PSMD14;PSMA4;HACE1;PARD3;PSMC5;CDH12;SMARCA4;CADM1;CLDN14;RBBP7;MYC;CLDN18;HDAC2;PSMD1;PSMC3;PCSK6;AGO3;SPCS2;ARHGEF6;CTSS;UBC;ZNF217;IL6ST;ANK3;PARVA;CTBP2;PSMA3;PSMB2;DOCK1;BIRC2;ZBTB33;CADM3;NECTIN3;CLDN10;KLF9;CDH17;CDH6;SOX10;CTSB;IL6R;PRKCSH;CTBP1;PSMB7;PCSK7;CADM2;FOXQ1;FLNA;VCL;PSMB4;CDH13;AGO2;TGIF2;ACTC1;MIR451A;ACTN1;PARD6B;PXN;PSMD11;ZEB1;MYCN;LAMC2;MIR9-1;PKM;CDH4;PSMD13;PSMA5;SEC11A;SEC11C;POMT2;ADRM1;PSMA6;PSMA2;VAV2;CLDN11;RBBP4;CLDN15;RACK1;PSMC6;PSMD2;DST;ITGB1;SUZ12;ARID1A;CTNND1;JAK2;RAC1;SPCS1;PSMC1;ANG;STRAP;CTNNA1;PSMB3;CTSL;DDOST;TCF12;TNRC6A;EED;KDM1A;ZEB2;CDH2;CLDN20;CSNK2A2;PSMB6
GSE46798_exposure_corrected	prerank	SCF(Skp2)-mediated degradation of p27/p21	-0.41619632516362426	-1.3663457546236422	0.06844547563805105	0.4112832730093293	1.0	28/48	38.81%	RPS27A;PSMD14;PSMA4;PSMC5;PSMD1;PSMC3;UBC;PSMA3;PSMB2;SKP1;PSMB7;PSMB4;CCNA1;PSMD11;PSMD13;PSMA5;ADRM1;PSMA6;PSMA2;PSMC6;PSMD2;CDKN1B;PSMC1;PSMB3;CCND1;PSMB6;SKP2;PSMB1
GSE46798_exposure_corrected	prerank	RNA Polymerase I Promoter Escape	-0.4591060791804994	-1.3662849514967983	0.09336609336609336	0.4098900325530136	1.0	20/29	45.14%	CBX3;TAF1A;GTF2H3;TAF1D;UBTF;GTF2H5;POLR1C;POLR1E;TBP;CCNH;GTF2H1;MNAT1;PHF6;POLR1B;POLR1D;TAF1C;POLR2H;POLR2K;POLR1A;ERCC2
GSE46798_exposure_corrected	prerank	RHOC GTPase cycle	-0.39744202081214897	-1.365834729529884	0.04820627802690583	0.4097790198740589	1.0	20/70	19.08%	ROCK2;STK10;ABR;FMNL2;DIAPH3;ARHGEF25;SLK;PREX1;ARHGAP5;LMAN1;PKN2;ARHGAP39;DAAM1;VAPB;ARHGAP21;ARHGEF12;ARHGEF1;ROCK1;RHOA;PKN1
GSE46798_exposure_corrected	prerank	Hedgehog 'off' state	-0.3769719231327978	-1.3656327488115514	0.04185022026431718	0.40887541326688787	1.0	42/95	31.02%	ADCY9;RPS27A;ITCH;IFT122;IFT172;PSMD14;KIF3A;PSMA4;PSMC5;INTU;ADCY1;TUBA1A;TUBB4A;PSMD1;PSMC3;TUBB2B;DYNC2H1;UBC;PSMA3;PSMB2;SKP1;PRKAR1A;PRKACB;WDR19;RBX1;PSMB7;ADCY8;PSMB4;GSK3B;PSMD11;PSMD13;PSMA5;IFT88;ADRM1;PSMA6;PSMA2;OFD1;SMO;ADCY7;PSMC6;TUBA1B;PSMD2
GSE46798_exposure_corrected	prerank	Extra-nuclear estrogen signaling	-0.3878919079032458	-1.3655225055776197	0.05139664804469274	0.4076874772925623	1.0	39/72	39.81%	CREB1;EREG;GNAI3;PTK2;GNG5;STRN;GNG8;GNB1;UHMK1;GNGT2;HRAS;XPO1;PIK3CA;SPHK1;MMP2;ZDHHC7;GNAI2;HSP90AA1;PIK3R1;GNAI1;AKT3;AKT1;PDPK1;CALM1;BCL2;GNB5;MMP9;PIK3R2;CDKN1B;MMP3;GNB4;GNG7;SHC1;CAV2;CCND1;GNB2;FOXO3;SRF;GNG2
GSE46798_exposure_corrected	prerank	Signaling by ROBO receptors	-0.35280035666058773	-1.3654879937899245	0.011258955987717503	0.40626929647137755	1.0	88/201	33.52%	RPS28;RPS4Y1;RPS27;RPS27A;RPS12;RPS15;ISL1;RPL18;NTN1;RPL24;NRP1;RPL5;ROBO1;CAP2;RPL23;PSMD14;RPL6;PSMA4;PAK2;PPP3CB;PSMC5;SLIT2;NCBP2;PRKCA;RPS4X;RPL10A;PSMD1;PSMC3;RPL32;NELL2;ARHGAP39;PAK6;RPL7;SRGAP3;PAK4;RPS11;RPL17;UBC;RPL37;PAK1;PSMA3;CXCL12;ENAH;RPL21;PSMB2;RHOA;PRKACB;LHX4;RBX1;RPL36A;PAK5;RPL36AL;CASC3;PSMB7;RPLP2;GPC1;PSMB4;PFN1;HOXA2;CUL2;RPL11;DCC;UPF2;ROBO2;RPL9;PSMD11;PSMD13;PSMA5;PABPC1;ADRM1;PSMA6;PSMA2;RPS8;FLRT3;RPS23;MSI1;UPF3B;MAGOH;PSMC6;RPS13;RPS20;PSMD2;NCK2;RPS2;ZSWIM8;RAC1;PSMC1;RPL4
GSE46798_exposure_corrected	prerank	Defects in vitamin and cofactor metabolism	-0.48830781607934026	-1.3646577815036298	0.0958904109589041	0.407192125573789	1.0	11/20	28.69%	MMAA;MTR;HLCS;CUBN;ACACA;MTRR;MMADHC;MCCC1;PCCA;LMBRD1;MMAB
GSE46798_exposure_corrected	prerank	FOXO-mediated transcription of oxidative stress, metabolic and neuronal genes	-0.4621552031140862	-1.3644483762805961	0.07881773399014778	0.40633846108771304	1.0	9/29	17.37%	FOXO1;TRIM63;SMAD3;FOXO6;SIRT3;PLXNA4;HDAC2;IGFBP1;CAT
GSE46798_exposure_corrected	prerank	Class I MHC mediated antigen processing & presentation	-0.3414156478360152	-1.3634401572209485	0.005045408678102927	0.4076069565969466	1.0	178/358	41.09%	ERAP2;PIK3C3;RNF213;TRIM63;RNF19A;FBXO21;RPS27A;RNF123;KLHL13;ITCH;FBXO10;UBE2D1;NEDD4;UBE4A;TRIM11;PDIA3;KCTD6;FBXW8;CD14;TRIM69;FBXO11;BTBD6;PSMD14;UBE2Q1;PSMA4;HERC3;UBE2V2;HACE1;TRIP12;RBCK1;PSMC5;TRIM41;ASB16;ASB4;RNF14;LRRC41;MEX3C;UBE2D2;SPSB4;FBXO30;PSMD1;PSMC3;UBA3;UFL1;UNKL;RNF7;RNF6;UBA6;S100A9;FBXL4;CTSS;HECTD1;FBXO17;UBC;UBE2G2;ASB9;UBE2L6;ATG14;TRIM71;UBE2N;TRIM36;PSMA3;FBXW5;B2M;CUL5;WWP1;SEC22B;PSMB2;SKP1;RNF126;FBXW11;GLMN;HERC6;MRC1;RBX1;LRSAM1;ARIH2;SOCS3;HUWE1;UBE2H;KLHL20;CUL3;CDC26;PSMB7;ANAPC4;KLHL5;WSB1;HMGB1;PSMB4;TLR6;DZIP3;PIK3R4;CBLB;CUL7;UBA5;UBE2E2;SEC24B;UBE3C;CUL2;HERC1;FBXL14;SIAH1;PSMD11;UBA1;BCAP31;KCTD7;PSMD13;PSMA5;UBE2O;PSMB9;ADRM1;PSMA6;PSMA2;TPP2;RNF217;KBTBD7;RNF115;KLHL2;TAPBP;ANAPC13;SNAP23;UBE2G1;FGA;PSMC6;SIAH2;PSMD2;UBE2R2;SEC61G;RLIM;ASB5;ANAPC1;SEC24A;FBXO6;HLA-G;UBE2U;FBXL5;UBE2K;KLHL42;UBR2;RNF111;PSMC1;ASB3;FGG;HLA-E;KLHL9;PSMB3;TRIM9;CTSL;CDC16;FBXO44;ASB17;FBXO32;FBXL12;UBE2J1;PSMB6;FBXL22;UBR1;TRIM39;SEC23A;SKP2;NPEPPS;HECTD3;FBXO9;PSMB1;CYBB;FBXL19;VHL;TRIM21;RNF138;HLA-C;UBE2E1;PJA2;TRAIP;BLMH;STX4;NCF2;RNF41;CANX
GSE46798_exposure_corrected	prerank	RUNX2 regulates bone development	-0.4498141574797247	-1.3625160844742386	0.08680142687277051	0.40880830815185304	1.0	5/31	5.36%	HES1;IHH;HDAC4;SP7;HDAC3
GSE46798_exposure_corrected	prerank	Hedgehog 'on' state	-0.395142611171992	-1.361679063751178	0.05027932960893855	0.40965854941010227	1.0	32/68	31.02%	IHH;ARRB1;RPS27A;CDC73;ITCH;PSMD14;KIF3A;PSMA4;PSMC5;PSMD1;PSMC3;DHH;UBC;PSMA3;PSMB2;EVC2;RBX1;CUL3;PSMB7;PSMB4;PSMD11;PSMD13;PSMA5;ARRB2;ADRM1;PSMA6;PSMA2;DZIP1;SPOP;SMO;PSMC6;PSMD2
GSE46798_exposure_corrected	prerank	Dengue virus modulates apoptosis	-0.5309193861612412	-1.359942226658099	0.10013175230566534	0.41332016879881	1.0	8/15	27.34%	PIK3C3;MTOR;PRR5;ATG14;MLST8;RICTOR;PIK3R4;RIPK1
GSE46798_exposure_corrected	prerank	Translation initiation complex formation	-0.3997903568441298	-1.3569967673574268	0.06689734717416378	0.4204503498527485	1.0	33/59	41.07%	RPS28;RPS4Y1;RPS27;RPS27A;RPS12;RPS15;EIF3M;EIF3B;EIF3A;RPS4X;EIF3E;RPS11;EIF3J;EIF4A2;EIF3K;EIF1AX;EIF3H;EIF3L;PABPC1;RPS8;RPS23;RPS13;RPS20;RPS2;RPS7;EIF4B;EIF2S1;EIF4A1;RPS27L;EIF2S2;RPS24;RPS16;RPS18
GSE46798_exposure_corrected	prerank	Transmission across Chemical Synapses	-0.3473114792847756	-1.3569704769805604	0.015306122448979591	0.41903089452895004	1.0	78/260	21.53%	CHRNA5;ADCY9;KCNJ2;MAOA;GABRB3;CREB1;GABRA2;HTR3A;ABAT;SLC6A13;CACNG4;ARHGEF7;NPTN;NBEA;GRIA3;PRKCB;CACNA1E;TSPAN7;SLC38A1;GAD1;GLRA2;RPS6KA2;GLS;GABBR2;ADCY1;TUBA1A;GNAI3;ALDH5A1;TUBB4A;TUBA8;GNG5;NSF;PRKCA;CAMK2D;CACNA2D2;SLC1A2;KCNJ16;SLC17A7;SYN2;LIN7A;TUBB2B;PRKAB2;GRIA4;GNG8;ACHE;GRIP1;GNB1;CHRNA6;GRIN2B;TUBA3E;AP2A1;CACNA2D3;GNGT2;GRIK4;PPFIA3;CAMKK1;GRIA2;SNAP25;SLC22A2;PRKAA1;PRKAR1A;RAB3A;GRIN2D;HRAS;SLC22A1;SYN1;CACNA1A;PRKACB;KCNJ3;VAMP2;CAMK2B;CACNA2D1;GLS2;RIMS1;NEFL;HTR3B;NRG1;PPM1F
GSE46798_exposure_corrected	prerank	Transcriptional Regulation by MECP2	-0.3985026025788387	-1.3558755282541146	0.054871220604703244	0.4206061063583504	1.0	24/63	24.51%	HIPK2;CREB1;TNRC6C;MET;HDAC3;AGO1;HTT;FOXG1;GAD1;PTPN4;CAMK2D;HDAC2;AGO3;DGCR8;TBL1XR1;NCOR2;GRIN2B;GRIA2;CAMK2B;RBFOX1;SOX2;PTEN;AGO2;SLC2A3
GSE46798_exposure_corrected	prerank	The CRY:PER:kinase complex represses transactivation by the BMAL:CLOCK (ARNTL:CLOCK) complex	-0.5481665147201373	-1.3554911197778376	0.09299191374663072	0.42032227880341005	1.0	5/13	17.81%	NPAS2;CREBBP;RORA;NR1D1;PER3
GSE46798_exposure_corrected	prerank	Mitochondrial tRNA aminoacylation	-0.5081242245002295	-1.355440611406426	0.11603650586701435	0.418967328280744	1.0	10/18	34.35%	DARS2;PPA2;AARS2;HARS2;PARS2;EARS2;RARS2;FARS2;VARS2;WARS2
GSE46798_exposure_corrected	prerank	Gene and protein expression by JAK-STAT signaling after Interleukin-12 stimulation	-0.4324882325630357	-1.3532725401296972	0.09518072289156626	0.4237641148270243	1.0	16/36	24.35%	IL10;HNRNPA2B1;PDCD4;MTAP;TCP1;PAK2;CAPZA1;PITPNA;MSN;GSTO1;ANXA2;LMNB1;STAT4;HNRNPF;RALA;SOD2
GSE46798_exposure_corrected	prerank	Selective autophagy	-0.37739502083312976	-1.352877133006368	0.04017857142857143	0.4233936493819644	1.0	39/85	30.97%	RPS27A;FUNDC1;DYNC1LI2;TUBA1A;PCNT;UBE2D2;TUBB4A;TUBA8;DYNC1I1;MFN1;OPTN;TUBB2B;PRKAB2;PINK1;TUBA3E;UBC;UBE2N;DYNC1H1;MTERF3;HDAC6;TBK1;ATG12;ATM;DYNC1I2;TOMM70;TOMM7;HSF1;VDAC1;PEX5;HSP90AA1;MAP1LC3A;IFT88;TOMM40;PGAM5;PRKAG1;VIM;DYNLL1;ATG5;TUBA1B
GSE46798_exposure_corrected	prerank	Glutamate Neurotransmitter Release Cycle	-0.47816855731298	-1.3527853582034228	0.10861423220973783	0.42222474668140253	1.0	19/23	48.06%	GLS;SLC1A2;SLC17A7;PPFIA3;SNAP25;RAB3A;VAMP2;GLS2;RIMS1;SLC1A3;SYT1;UNC13B;PPFIA2;TSPOAP1;SLC1A7;STX1A;SLC38A2;CPLX1;PPFIA1
GSE46798_exposure_corrected	prerank	RHO GTPases activate CIT	-0.4959926407205652	-1.3527642139912222	0.1016949152542373	0.42079298909558366	1.0	11/18	32.78%	PPP1R12B;PPP1R12A;MYH14;PRC1;RHOB;RHOA;MYH11;DLG4;RHOC;RAC1;CDKN1B
GSE46798_exposure_corrected	prerank	Norepinephrine Neurotransmitter Release Cycle	-0.5178613252369301	-1.3522447850389292	0.10052219321148825	0.42083262600780597	1.0	12/16	37.82%	MAOA;PPFIA3;SNAP25;SLC22A2;RAB3A;SLC22A1;VAMP2;RIMS1;SYT1;UNC13B;PPFIA2;TSPOAP1
GSE46798_exposure_corrected	prerank	IRAK2 mediated activation of TAK1 complex	-0.5802604635988177	-1.3517461103684514	0.11007957559681697	0.4207650662988268	1.0	4/10	15.92%	RPS27A;TRAF6;MAP3K7;UBC
GSE46798_exposure_corrected	prerank	Potential therapeutics for SARS	-0.3733974499932292	-1.3513404226840935	0.042116630669546434	0.4205069164577488	1.0	49/96	36.30%	SUDS3;ROCK2;VAV1;CD79A;ITGA4;CYSLTR1;FXYD2;PTGES3;RBBP7;HDAC2;ATP1A3;MTA1;FXYD6;SH3KBP1;AP2A1;ACE2;FXYD7;S1PR1;PLCG2;ROCK1;FXYD1;RCOR1;CHD4;TBK1;RBX1;PHF21A;IL6R;CUL3;CRBN;SAP18;VEGFA;RIPK1;HSP90AA1;FKBP4;RBBP4;ATP1B1;IFNGR2;GATAD2A;ITGB1;SAP30L;JAK2;ARID4A;AP2M1;ATP1A4;IFNAR2;AP2A2;IMPDH1;HMG20B;KDM1A
GSE46798_exposure_corrected	prerank	Cyclin A:Cdk2-associated events at S phase entry	-0.3893017135009253	-1.3513243527358725	0.0592841163310962	0.41908252322282574	1.0	39/73	38.81%	LIN54;RPS27A;PSMD14;LIN52;PSMA4;PSMC5;E2F5;WEE1;MYC;PSMD1;PSMC3;UBC;PSMA3;PSMB2;SKP1;PSMB7;PSMB4;CCNA1;PSMD11;PSMD13;PSMA5;AKT3;ADRM1;PSMA6;PSMA2;AKT1;RBBP4;PSMC6;PSMD2;CDKN1B;PSMC1;CCNH;PSMB3;CDC25B;MNAT1;CCND1;PSMB6;SKP2;PSMB1
GSE46798_exposure_corrected	prerank	Programmed Cell Death	-0.352516134189281	-1.3503758331782778	0.016563146997929608	0.42037907751097764	1.0	79/185	31.49%	IL1B;BIRC3;CFLAR;RPS27A;SPTAN1;ITCH;BCL2L1;YWHAG;CD14;OGT;UACA;PSMD14;IL18;ELANE;PSMA4;CHMP4A;PAK2;PSMC5;NMT1;PTK2;APC;ADD1;YWHAQ;SATB1;PSMD1;TP53BP2;PSMC3;DAPK1;CASP4;OPA1;YWHAH;APAF1;DNM1L;UBC;OMA1;PSMA3;ROCK1;PSMB2;BIRC2;PPP3R1;LMNB1;BBC3;DSP;OCLN;PSMB7;KPNB1;HMGB1;PSMB4;CHMP4C;CHMP4B;CASP6;CASP5;HMGB2;GSN;DCC;PSMD11;BCAP31;RIPK1;PSMD13;PSMA5;HSP90AA1;AKT3;ADRM1;PSMA6;PSMA2;AKT1;UNC5A;CASP3;CARD8;ARHGAP10;UNC5B;VIM;DFFA;DYNLL1;PSMC6;TICAM1;BCL2;PSMD2;TP53
GSE46798_exposure_corrected	prerank	Co-stimulation by ICOS	-0.5616403475824207	-1.350371536625296	0.11373092926490985	0.4189576053236358	1.0	9/11	40.19%	PIK3CD;PIK3CG;PIK3CB;PIK3CA;PIK3R1;PIK3R2;ICOSLG;PIK3R6;PIK3R5
GSE46798_exposure_corrected	prerank	VEGFA-VEGFR2 Pathway	-0.3736114446232456	-1.3483059949533578	0.045951859956236324	0.423692184944368	1.0	43/97	33.25%	ROCK2;VAV1;FYN;SHB;PRKCB;PAK2;VAV3;PTK2;PRKCA;CYFIP2;MTOR;WASF1;PRR5;PAK1;ROCK1;MLST8;DOCK1;RHOA;HRAS;PRKACB;MAPKAPK3;PIK3CB;RICTOR;PIK3CA;PLCG1;SPHK1;VEGFA;PXN;ABI2;NCKAP1L;HSP90AA1;PIK3R1;AKT3;BRK1;AKT1;VAV2;PDPK1;CALM1;NCK2;CTNND1;PIK3R2;RAC1;AHCYL1
GSE46798_exposure_corrected	prerank	Regulation of gene expression in late stage (branching morphogenesis) pancreatic bud precursor cells	-0.5129514739982138	-1.3475476090065275	0.12077922077922078	0.42443613348424164	1.0	6/16	22.87%	HES1;MAMLD1;CREBBP;KAT2B;SNW1;ONECUT3
GSE46798_exposure_corrected	prerank	Regulation of TP53 Activity	-0.35777846662592755	-1.3463250895809467	0.0423728813559322	0.4265824259212023	1.0	76/155	35.16%	STK11;HIPK2;RPS27A;TOP3A;RHNO1;RBBP8;PLK3;TAF1L;RAD17;SSRP1;TP53RK;BARD1;HUS1;PIP4K2A;DYRK2;KAT5;RBBP7;TOPBP1;HDAC2;TAF3;TP53BP2;TP53INP1;NUAK1;MTOR;TAF9B;PRKAB2;BRD7;CCNG1;PRR5;TAF4;UBC;USP7;RPA3;MLST8;PRKAA1;MAPKAPK5;TAF11;CHD4;NBN;TAF8;CHEK2;ATM;RICTOR;ATRIP;MEAF6;SMYD2;RMI1;CCNA1;RPA1;TAF12;PPP2CA;PIP4K2C;BRPF3;SUPT16H;AKT3;AKT1;WRN;USP2;L3MBTL1;RBBP4;PDPK1;SETD9;PPP2R1A;PRKAG1;GATAD2A;KAT6A;RFFL;TP53;BRIP1;TAF4B;CDK1;PPP1R13L;TBP;TAF15;BLM;CDK5R1
GSE46798_exposure_corrected	prerank	RHO GTPase cycle	-0.3355643126733372	-1.345017512314777	0.0010050251256281408	0.42876443853311624	1.0	195/436	35.77%	ZNF512B;ANKRD26;ROCK2;VAV1;STK10;ABR;FMNL2;SPTAN1;KIDINS220;WAS;DIAPH3;DOCK3;ARHGEF25;SLK;ARHGEF7;RHOJ;ARHGAP15;CEP97;SPEN;ARHGAP6;FARP2;ARAP1;PREX1;DIAPH2;UACA;EPHA2;PTPN13;ARHGAP5;SLITRK3;USP9X;PAK2;TNFAIP1;VAV3;RAPGEF1;SPTBN1;KTN1;MTR;WIPF3;NISCH;FGD3;LMAN1;COPS2;GNA13;SH3PXD2A;ARHGAP11A;EMD;PKN2;PLXNA1;FAM13A;ARHGAP24;ADD3;UBXN11;CCDC88A;STMN2;DOCK5;CYFIP2;WASF1;ARHGAP39;DAAM1;PAK6;DLG5;VAPB;SWAP70;ARHGAP22;WDR91;ARHGEF6;SRGAP3;MYO9A;PAK4;SCFD1;FARP1;RALGAPA1;ARHGAP21;JAG1;ALDH3A2;KCTD3;RND3;STEAP3;VANGL2;ARHGEF12;ARAP3;PAK1;RHOQ;RHOB;ARHGEF1;FRS3;NDUFA5;FNBP1;STAM2;OCRL;ROCK1;HNRNPC;DBT;DOCK1;LMNB1;CDC42EP2;RHOA;PKN1;SLITRK5;RAB7A;DSP;PAK5;ARFGAP2;SRRM1;PIK3CA;GFOD1;CUL3;EPSTI1;SOWAHC;ABCD3;MAP3K11;ARHGDIB;ARHGAP4;DDX39B;DLC1;CDC42BPB;FAM135A;DOCK11;BASP1;ACTC1;FAM91A1;PLD1;CPD;ACTN1;PARD6B;AKAP12;RHOU;LRRC1;GJA1;RHOBTB2;ABI2;WASL;BCAP31;FGD4;DOCK7;ESYT1;IL32;NCKAP1L;STK38;SHMT2;DOCK9;HSP90AA1;PCDH7;PIK3R1;KCTD13;ARAP2;RHPN1;ARHGAP1;BRK1;VAV2;DDRGK1;ANKFY1;ARHGAP28;SLC4A7;AAAS;ARHGAP10;SNAP23;MYO6;TXNL1;VIM;STIP1;PLXNB1;ARHGAP33;TUBA1B;DST;ZAP70;ITGB1;NCK2;TRIO;FGD1;CCT6A;STOM;LAMTOR1;RHOC;DOCK10;PIK3R2;RACGAP1;RAC1;ARMCX3;TEX2;HMOX2;ARHGAP26;LETM1;RRAS2;GPS1;CFTR;CHN2;PHIP;TIAM2;CPNE8;GOPC;IQGAP2;CSK;KALRN;HINT2
GSE46798_exposure_corrected	prerank	Cyclin E associated events during G1/S transition	-0.38867876760784753	-1.3446248548269422	0.06509539842873176	0.4285077596181761	1.0	38/71	38.81%	LIN54;RPS27A;PSMD14;LIN52;PSMA4;PSMC5;E2F5;WEE1;MYC;PSMD1;PSMC3;UBC;PSMA3;PSMB2;SKP1;PSMB7;PSMB4;CCNA1;PSMD11;PSMD13;PSMA5;AKT3;ADRM1;PSMA6;PSMA2;AKT1;RBBP4;PSMC6;PSMD2;CDKN1B;PSMC1;CCNH;PSMB3;MNAT1;CCND1;PSMB6;SKP2;PSMB1
GSE46798_exposure_corrected	prerank	Sema4D in semaphorin signaling	-0.46407594879508873	-1.3442493457915168	0.10230179028132992	0.42807107912604386	1.0	13/24	32.70%	ROCK2;MET;ARHGEF12;MYH14;ERBB2;RHOB;ROCK1;RHOA;MYH11;SEMA4D;PLXNB1;RHOC;RAC1
GSE46798_exposure_corrected	prerank	Interleukin-3, Interleukin-5 and GM-CSF signaling	-0.41053553809090926	-1.3440015443702893	0.08314087759815242	0.4272502274867144	1.0	28/48	38.75%	VAV1;FYN;LYN;RPS27A;IL2RG;GAB2;CSF2RA;CSF2RB;PIK3CD;RAPGEF1;IL5RA;PTPN11;UBC;PIK3CB;PIK3CA;HCK;CBL;IL3RA;PIK3R1;IL2;JAK2;PIK3R2;INPPL1;YES1;SHC1;IL2RB;YWHAZ;PRKACA
GSE46798_exposure_corrected	prerank	RHOA GTPase cycle	-0.3606692879510258	-1.3430438597316126	0.033934252386002124	0.4287248826104719	1.0	59/141	33.31%	ROCK2;VAV1;STK10;ABR;DIAPH3;ARHGEF25;SLK;ARHGEF7;ARHGAP6;ARAP1;PREX1;ARHGAP5;VAV3;KTN1;LMAN1;ARHGAP11A;PKN2;FAM13A;ARHGAP24;ARHGAP39;DAAM1;VAPB;ARHGAP22;MYO9A;SCFD1;FARP1;ARHGAP21;ARHGEF12;ARAP3;ARHGEF1;ROCK1;RHOA;PKN1;SOWAHC;ABCD3;ARHGDIB;ARHGAP4;DLC1;ACTC1;PLD1;BCAP31;PCDH7;PIK3R1;ARAP2;RHPN1;ARHGAP1;VAV2;DDRGK1;ARHGAP28;AAAS;ARHGAP10;SNAP23;TRIO;STOM;PIK3R2;RACGAP1;TEX2;HMOX2;ARHGAP26
GSE46798_exposure_corrected	prerank	DNA Damage Recognition in GG-NER	-0.42732061160086854	-1.342826049938879	0.09541062801932366	0.42788967449601645	1.0	17/38	29.53%	RPS27A;XPC;NFRKB;CUL4B;COPS2;PARP2;RAD23B;COPS6;UBC;RBX1;COPS7A;CUL4A;YY1;PARP1;CETN2;COPS3;RAD23A
GSE46798_exposure_corrected	prerank	The role of GTSE1 in G2/M progression after G2 checkpoint	-0.3942342392355414	-1.339696977202399	0.06278538812785388	0.4356777765520978	1.0	29/62	33.53%	RPS27A;PSMD14;PSMA4;PSMC5;TUBA1A;TUBB4A;TUBA8;PSMD1;PSMC3;TUBB2B;TUBA3E;UBC;PSMA3;PSMB2;PSMB7;PSMB4;PSMD11;PSMD13;PSMA5;HSP90AA1;ADRM1;PSMA6;PSMA2;PSMC6;TUBA1B;PSMD2;TP53;PSMC1;CDK1
GSE46798_exposure_corrected	prerank	p53-Dependent G1/S DNA damage checkpoint	-0.40482334654785973	-1.3393488475924686	0.0660486674391657	0.4340270024858959	1.0	29/50	38.81%	RPS27A;PSMD14;PSMA4;PSMC5;PSMD1;PSMC3;UBC;PSMA3;PSMB2;CHEK2;ATM;PSMB7;PSMB4;CCNA1;PSMD11;PSMD13;PSMA5;ADRM1;PSMA6;PSMA2;PSMC6;PSMD2;TP53;CDKN1B;PSMC1;PSMB3;PSMB6;MDM4;PSMB1
GSE46798_exposure_corrected	prerank	p53-Dependent G1 DNA Damage Response	-0.40482334654785973	-1.3393488475924686	0.0660486674391657	0.4340270024858959	1.0	29/50	38.81%	RPS27A;PSMD14;PSMA4;PSMC5;PSMD1;PSMC3;UBC;PSMA3;PSMB2;CHEK2;ATM;PSMB7;PSMB4;CCNA1;PSMD11;PSMD13;PSMA5;ADRM1;PSMA6;PSMA2;PSMC6;PSMD2;TP53;CDKN1B;PSMC1;PSMB3;PSMB6;MDM4;PSMB1
GSE46798_exposure_corrected	prerank	Abortive elongation of HIV-1 transcript in the absence of Tat	-0.46992686085970703	-1.3387363863475066	0.1092964824120603	0.4344491273090887	1.0	4/23	8.83%	CTDP1;POLR2G;GTF2F2;NCBP2
GSE46798_exposure_corrected	prerank	Constitutive Signaling by AKT1 E17K in Cancer	-0.4653642598613277	-1.3386806944803875	0.09171974522292993	0.43318898188986266	1.0	16/25	38.25%	FOXO1;CREB1;FOXO6;MTOR;PRR5;MLST8;RICTOR;GSK3B;AKT3;AKT1;PDPK1;FOXO4;CDKN1B;CASP9;MAPKAP1;FOXO3
GSE46798_exposure_corrected	prerank	Cdc20:Phospho-APC/C mediated degradation of Cyclin A	-0.3983351203679642	-1.3375627211719119	0.07175398633257403	0.43489774567788564	1.0	32/58	37.06%	RPS27A;UBE2D1;PSMD14;PSMA4;PSMC5;PSMD1;PSMC3;UBC;PSMA3;PSMB2;BUB1B;CDC26;PSMB7;ANAPC4;ANAPC15;PSMB4;CCNA1;PSMD11;PSMD13;PSMA5;ADRM1;PSMA6;PSMA2;PSMC6;PSMD2;ANAPC1;PSMC1;CDK1;PSMB3;CDC16;BUB3;PSMB6
GSE46798_exposure_corrected	prerank	Signaling by NOTCH1 HD Domain Mutants in Cancer	-0.5124968775795853	-1.3369174920515936	0.12321660181582361	0.43401411608102414	1.0	6/15	15.92%	RPS27A;NEURL1;NEURL1B;ADAM17;JAG1;UBC
GSE46798_exposure_corrected	prerank	Constitutive Signaling by NOTCH1 HD Domain Mutants	-0.5124968775795853	-1.3369174920515936	0.12321660181582361	0.43401411608102414	1.0	6/15	15.92%	RPS27A;NEURL1;NEURL1B;ADAM17;JAG1;UBC
GSE46798_exposure_corrected	prerank	RHOBTB3 ATPase cycle	-0.5677882830646719	-1.3365614206561467	0.12244897959183673	0.43364165741118216	1.0	5/10	26.86%	RAB9B;LRRC41;HTR7;CUL3;RHOBTB3
GSE46798_exposure_corrected	prerank	Rab regulation of trafficking	-0.3656867392796573	-1.336257056084033	0.04333694474539545	0.4331657514253764	1.0	45/119	29.21%	TRAPPC8;DENND2C;DENND6A;RAB6A;GDI1;TBC1D20;GDI2;RAB9B;RABEP1;TRAPPC13;DENND2A;RAB6B;SBF2;DENND4C;OPTN;TRAPPC11;CHML;HPS4;GGA2;TRAPPC6B;TRAPPC3;RAB11A;RAB31;SBF1;RAB3A;TRAPPC2;RAB7A;RIN2;TRAPPC12;HPS1;RAB33A;RAB10;DENND2D;RAB21;RABGAP1;RAB18;RAB8B;DENND1B;TSC1;AKT3;TRAPPC9;AKT1;DENND6B;RAB39A;ANKRD27
GSE46798_exposure_corrected	prerank	RND1 GTPase cycle	-0.42011751972840183	-1.3361662292524887	0.08523409363745499	0.43203264960063964	1.0	23/41	33.59%	ANKRD26;KIDINS220;EPHA2;PTPN13;ARHGAP5;PLXNA1;UBXN11;CCDC88A;STMN2;DLG5;ALDH3A2;VANGL2;FRS3;DSP;EPSTI1;FAM135A;CPD;PIK3R1;TXNL1;STIP1;DST;PIK3R2;RRAS2
GSE46798_exposure_corrected	prerank	Synthesis of PIPs at the late endosome membrane	-0.5573990946825194	-1.3352547216312272	0.11318242343541944	0.4332374075834242	1.0	6/11	28.46%	PIK3C3;PIK3C2A;MTMR2;PIK3R4;PIKFYVE;MTMR4
GSE46798_exposure_corrected	prerank	TNF signaling	-0.39575674461102306	-1.334362270851958	0.08710801393728224	0.43445478188023134	1.0	15/55	20.09%	BIRC3;CFLAR;RPS27A;UBE2D1;TNFAIP3;RBCK1;UBE2D2;OPTN;ADAM17;TRAF1;MAP3K7;UBC;BIRC2;TBK1;CYLD
GSE46798_exposure_corrected	prerank	Regulation of TNFR1 signaling	-0.4051679984249687	-1.333410846765294	0.0971563981042654	0.4358902784482207	1.0	13/46	20.09%	BIRC3;CFLAR;RPS27A;UBE2D1;TNFAIP3;RBCK1;UBE2D2;OPTN;TRAF1;UBC;BIRC2;TBK1;CYLD
GSE46798_exposure_corrected	prerank	Regulation of CDH11 mRNA translation by microRNAs	-0.5606045656386511	-1.333344160506708	0.12087912087912088	0.43468561195817734	1.0	6/11	25.18%	TNRC6C;AGO1;CDH11;AGO3;AGO2;MIR451A
GSE46798_exposure_corrected	prerank	Regulation of Expression and Function of Type II Classical Cadherins	-0.43962081051801344	-1.3316005822969095	0.10120481927710843	0.43857666764667474	1.0	7/33	11.71%	HEYL;ADAM19;TNRC6C;ZC3H12A;AGO1;CDH11;AGO3
GSE46798_exposure_corrected	prerank	Diseases of carbohydrate metabolism	-0.4378624871342622	-1.3312738413120462	0.09307875894988067	0.43818587488484334	1.0	10/33	17.73%	NHLRC1;RPS27A;GYG2;GALNS;GBE1;HYAL1;EPM2A;HGSNAT;UBC;ALDOB
GSE46798_exposure_corrected	prerank	Activation of the mRNA upon binding of the cap-binding complex and eIFs, and subsequent binding to 43S	-0.3906828472206073	-1.330336122711892	0.0882016036655212	0.43971483537727296	1.0	33/60	41.07%	RPS28;RPS4Y1;RPS27;RPS27A;RPS12;RPS15;EIF3M;EIF3B;EIF3A;RPS4X;EIF3E;RPS11;EIF3J;EIF4A2;EIF3K;EIF1AX;EIF3H;EIF3L;PABPC1;RPS8;RPS23;RPS13;RPS20;RPS2;RPS7;EIF4B;EIF2S1;EIF4A1;RPS27L;EIF2S2;RPS24;RPS16;RPS18
GSE46798_exposure_corrected	prerank	Cargo trafficking to the periciliary membrane	-0.3856402995621996	-1.329848978141708	0.08764044943820225	0.439697890461801	1.0	21/69	21.26%	BBS12;BBS5;EXOC7;BBS10;TCP1;BBS9;BBS1;TUBA1A;TUBB4A;TUBA8;ARL3;TUBB2B;ASAP1;EXOC4;NPHP3;TUBA3E;RAB11A;BBS2;HDAC6;UNC119B;CNGA4
GSE46798_exposure_corrected	prerank	RNA Polymerase I Transcription	-0.41049952633495584	-1.3292336074474054	0.0935672514619883	0.4401739300145052	1.0	29/47	45.14%	CBX3;TAF1A;GTF2H3;TAF1D;RBBP7;HDAC2;MTA1;KAT2B;UBTF;GTF2H5;CHD4;POLR1C;RBBP4;POLR1E;GATAD2A;TBP;CCNH;GTF2H1;MNAT1;PHF6;POLR1B;POLR1D;MTA3;TAF1C;POLR2H;MAPK3;POLR2K;POLR1A;ERCC2
GSE46798_exposure_corrected	prerank	Neurotransmitter release cycle	-0.4055569532414958	-1.3290109682571676	0.08796296296296297	0.43938731469772807	1.0	19/49	20.88%	MAOA;ABAT;SLC6A13;GAD1;GLS;ALDH5A1;SLC1A2;SLC17A7;SYN2;LIN7A;PPFIA3;SNAP25;SLC22A2;RAB3A;SLC22A1;SYN1;VAMP2;GLS2;RIMS1
GSE46798_exposure_corrected	prerank	Translation	-0.335394132746976	-1.3288712429611091	0.0030272452068617556	0.4384970848871623	1.0	150/326	40.25%	RPS28;DARS2;RPS4Y1;PPA2;SRP9;RPS27;RPS27A;RPS12;RPS15;UBE2D1;ABCE1;MTIF2;RPL18;AARS2;MRPL57;FARSB;SRP72;HARS2;RPL24;RPL5;RPL23;PSMD14;RPL6;PTCD3;PSMA4;MRPL42;EIF3M;PSMC5;MRPS17;TRIP4;EIF3B;MRPL1;UBE2D2;MRPL47;EIF3A;RPS4X;RPL10A;PSMD1;PSMC3;RPL32;SPCS2;EIF3E;EIF2B3;RPL7;PARS2;SRPRA;MTIF3;RPS11;HBS1L;RPL17;UBC;EIF3J;RPL37;MRPL39;DAP3;PSMA3;NEMF;EIF4A2;RPL21;PSMB2;MRPS18B;EIF3K;RBX1;RPL36A;RPL36AL;EARS2;MRPS33;PSMB7;EIF1AX;EEF1A2;EIF3H;SRP14;RPLP2;CHCHD1;PSMB4;MRPL9;MRPL44;MRPS7;MRPS23;SRP19;EIF3L;PELO;MTRF1L;CUL2;RPL11;ZNF598;MRPS15;RPL9;PSMD11;MRPL51;GFM2;PSMD13;PSMA5;MRPL50;PABPC1;SEC11A;SEC11C;MRPL3;ADRM1;ASCC2;MRPL40;PSMA6;EEF2;PPA1;PSMA2;RPS8;RPS23;TRAM1;PSMC6;RPS13;RPS20;PSMD2;SEC61G;SSR1;RARS2;RPS2;FARS2;SPCS1;PSMC1;MRPL10;RPL4;VARS2;WARS2;PSMB3;RPS7;KLHDC10;MRPS14;MRPS22;EEF1A1;GSPT2;EIF4B;ETF1;PSMB6;MRPL30;MRPS16;EIF2S1;EIF4A1;RPS27L;RPL14;EIF2S2;PSMB1;SSR4;ASCC3;MRPL58;SARS2;MRPL53;MRPS27;MRPL20;TSFM;RPS24
GSE46798_exposure_corrected	prerank	Sphingolipid catabolism	-0.5538203731825793	-1.328780542042231	0.11005434782608696	0.43735016766519663	1.0	6/12	23.78%	ACER2;ALDH3B1;ACER3;ALDH3A2;PLPP3;ALDH3B2
GSE46798_exposure_corrected	prerank	Unblocking of NMDA receptors, glutamate binding and activation	-0.4822755433463438	-1.3280866342323818	0.11963589076723016	0.4380464743828295	1.0	13/21	32.75%	GRIA3;CAMK2D;GRIA4;GRIN2B;GRIA2;GRIN2D;CAMK2B;NEFL;DLG4;ACTN2;CALM1;DLG3;GRIN2C
GSE46798_exposure_corrected	prerank	Dengue Virus Infection	-0.3360623809610169	-1.3273985438217335	0.010080645161290322	0.43873199492574416	1.0	121/329	32.41%	PIK3C3;HNRNPU;HNRNPA2B1;LYN;MAGT1;CSTF3;RPS27A;CDC73;RPL18;SDC1;SRSF11;NUDT21;PDIA3;POLR2G;SRRM2;BCAS2;CD14;SNRNP200;LEO1;SF3B1;DDX23;HNRNPH1;GTF2F2;GPC5;NCBP2;BTF3;CPSF3;NMT1;PPIL3;HDLBP;WDR33;CPSF6;CWC22;CAMK2D;SRSF3;DYNLT1;PROS1;UBA3;PCBP1;STT3B;SPCS2;MTOR;CLP1;C1S;PRR5;UBA6;HNRNPD;SF3B3;VTN;C4B;HYOU1;XAB2;HNRNPA0;UBC;ELAVL1;AP2A1;ATG14;EIF4G2;DDX5;CD300A;PEX19;EIF4A2;ELAVL2;SRSF1;DNAJC10;HNRNPC;MLST8;SNRPD1;HNRNPH2;C4BPA;CAMK2B;ACOT2;MRC1;TYRO3;NACA;GPC2;SRRM1;XPO1;HNRNPF;RICTOR;CDC40;HNRNPR;KPNB1;SNW1;GPC1;PIK3R4;PTBP1;AQR;UBA5;P4HA1;RTN3;GRPEL1;LY6E;KPNA3;CD33;UBA1;RIPK1;PABPC1;SEC11A;HSP90AA1;PIK3R1;SEC11C;PABPN1;MAVS;EIF4G3;SRSF6;SNRPF;VIM;SUN2;SCAP;PAPOLA;EXOC1;DNAJB11;RBM10;GPC4;EIF4E3;MMP9;PPIL1;MAPRE3;DHX15;HNRNPA3
GSE46798_exposure_corrected	prerank	Sensory processing of sound by inner hair cells of the cochlea	-0.38918722259705635	-1.3272544262791632	0.07264472190692395	0.43784166994688634	1.0	19/66	19.77%	MYO3B;PLS1;SPTAN1;ATP2B1;PCLO;CAPZA1;SPTBN1;EPS8;STRC;CACNA2D2;MSN;GRXCR1;PCDH15;CTBP2;SNAP25;RAB3A;SYN1;VAMP2;SYP
GSE46798_exposure_corrected	prerank	Glycogen storage diseases	-0.5155568552713501	-1.3269061861569567	0.11225806451612903	0.4376107116807336	1.0	8/15	24.52%	NHLRC1;RPS27A;GYG2;GBE1;EPM2A;UBC;GYG1;GAA
GSE46798_exposure_corrected	prerank	Acyl chain remodelling of PC	-0.4590362196214235	-1.3257953210930962	0.1270440251572327	0.43944028740949514	1.0	8/24	20.45%	PLB1;MBOAT2;PLA2G2D;LPCAT4;PLA2G4C;PLA2G12A;PLA2G5;PLBD1
GSE46798_exposure_corrected	prerank	Maturation of spike protein_9694548	-0.41695911125121526	-1.3255479481445112	0.10278113663845223	0.4387296655505471	1.0	24/41	41.09%	MAGT1;GANAB;MAN2A1;ST3GAL1;MGAT4C;ST6GALNAC3;ZDHHC2;STT3B;ZDHHC3;PRKCSH;MGAT5;MGAT2;MAN1B1;ZDHHC8;ST3GAL3;ZDHHC9;ST6GAL1;MGAT4B;DDOST;TUSC3;ST3GAL2;FUT8;RPN2;CANX
GSE46798_exposure_corrected	prerank	Factors involved in megakaryocyte development and platelet production	-0.34803286778948633	-1.325543853730322	0.043248945147679324	0.43741703018346306	1.0	64/152	32.70%	MAFF;KIF6;SH2B2;DOCK3;RAD51B;CENPE;KIF21A;KIF3A;KIF5C;HBB;CAPZA1;KIF26B;TUBA1A;WEE1;IFNA10;VPS45;KIF1B;KIF21B;TUBB4A;TUBA8;ITPK1;HDAC2;MFN1;IFNA7;KIF1A;KIF20A;KIFAP3;DOCK5;TUBB2B;KIF2A;TUBA3E;MAFG;KIF3B;DOCK1;PRKAR1A;RCOR1;PRKACB;PHF21A;KIF15;KIF5A;CARMIL1;IFNA14;GATA1;DOCK11;HBG2;GATA6;IFNA13;CABLES2;RAD51C;DOCK7;KIF5B;IFNA8;KIFC2;DOCK9;EHD1;KIF23;GATA5;TUBA1B;TP53;CBX5;DOCK10;JAK2;RACGAP1;RAC1
GSE46798_exposure_corrected	prerank	Cross-presentation of soluble exogenous antigens (endosomes)	-0.41789113454900156	-1.325367719052607	0.08778173190984578	0.43664642045160057	1.0	23/39	38.81%	PSMD14;PSMA4;PSMC5;PSMD1;PSMC3;PSMA3;PSMB2;MRC1;PSMB7;PSMB4;PSMD11;PSMD13;PSMA5;PSMB9;ADRM1;PSMA6;PSMA2;PSMC6;PSMD2;PSMC1;PSMB3;PSMB6;PSMB1
GSE46798_exposure_corrected	prerank	RUNX1 regulates transcription of genes involved in differentiation of HSCs	-0.3982909451157228	-1.3249092275129835	0.08515535097813579	0.43674457887232715	1.0	31/55	37.06%	RPS27A;ITCH;SPI1;PSMD14;PSMA4;PSMC5;PSMD1;PSMC3;CBFB;UBC;PSMA3;PSMB2;PSMB7;PSMB4;GATA1;PSMD11;PSMD13;PSMA5;ADRM1;PSMA6;PSMA2;PSMC6;PSMD2;LMO1;PSMC1;ABL1;CCNH;PSMB3;TCF12;MNAT1;PSMB6
GSE46798_exposure_corrected	prerank	RHOF GTPase cycle	-0.4180068104787409	-1.324384044828104	0.10372960372960373	0.4369375243469506	1.0	19/40	29.90%	DIAPH3;DIAPH2;ARHGAP5;ADD3;ARHGAP39;FARP1;ARHGAP21;STEAP3;LMNB1;RAB7A;SOWAHC;BASP1;ACTN1;AKAP12;ESYT1;PIK3R1;ARHGAP1;SLC4A7;SNAP23
GSE46798_exposure_corrected	prerank	STAT5 activation downstream of FLT3 ITD mutants	-0.569224400749333	-1.3241199433455444	0.12380952380952381	0.4363622575433169	1.0	4/10	15.87%	GAB2;BCL2L1;PTPN11;NOX4
GSE46798_exposure_corrected	prerank	Signaling by EGFR	-0.4020137098357347	-1.3232871738587182	0.0944700460829493	0.4373484119777604	1.0	29/51	39.61%	RPS27A;EPS15;EREG;ARHGEF7;SH3KBP1;LRIG1;ADAM17;PTPN11;UBC;STAM2;HRAS;PIK3CA;PLCG1;CBL;PXN;SPRY2;ADAM12;PIK3R1;PAG1;EPN1;SPRY1;SH3GL1;CSK;SHC1;EPS15L1;PTPN12;CDC42;STAM;SH3GL2
GSE46798_exposure_corrected	prerank	Regulation of PLK1 Activity at G2/M Transition	-0.3706047576364112	-1.322945190081075	0.07386990077177508	0.43706836993314685	1.0	47/84	42.13%	NINL;PPP1R12B;RPS27A;HAUS2;YWHAG;CEP152;CEP63;BORA;TUBA1A;PCNT;PPP1R12A;TUBB4A;OPTN;CEP164;DCTN2;UBC;DYNC1H1;SKP1;FBXW11;CEP76;DYNC1I2;CKAP5;CEP70;CEP192;CEP41;CETN2;HSP90AA1;OFD1;CEP57;PPP2R1A;DYNLL1;CDK1;PLK4;DCTN1;PAFAH1B1;CLASP1;PCM1;ODF2;CEP131;CCP110;PRKACA;HAUS7;CCNB2;HAUS1;ACTR1A;CDK5RAP2;CEP290
GSE46798_exposure_corrected	prerank	Activation of GABAB receptors	-0.41804043487852444	-1.3226470673332853	0.10501193317422435	0.4353543021876876	1.0	22/40	36.95%	ADCY9;KCNJ2;GABBR2;ADCY1;GNAI3;GNG5;KCNJ16;GNG8;GNB1;GNGT2;KCNJ3;ADCY8;GNAI2;GNAI1;ADCY7;GNB5;KCNJ6;GNB4;GNG7;ADCY3;ADCY4;GNB2
GSE46798_exposure_corrected	prerank	GABA B receptor activation	-0.41804043487852444	-1.3226470673332853	0.10501193317422435	0.4353543021876876	1.0	22/40	36.95%	ADCY9;KCNJ2;GABBR2;ADCY1;GNAI3;GNG5;KCNJ16;GNG8;GNB1;GNGT2;KCNJ3;ADCY8;GNAI2;GNAI1;ADCY7;GNB5;KCNJ6;GNB4;GNG7;ADCY3;ADCY4;GNB2
GSE46798_exposure_corrected	prerank	Ribosomal scanning and start codon recognition	-0.3896715275678033	-1.3212971235869406	0.09919261822376009	0.4381431930905112	1.0	32/59	41.07%	RPS28;RPS4Y1;RPS27;RPS27A;RPS12;RPS15;EIF3M;EIF3B;EIF3A;RPS4X;EIF3E;RPS11;EIF3J;EIF4A2;EIF3K;EIF1AX;EIF3H;EIF3L;RPS8;RPS23;RPS13;RPS20;RPS2;RPS7;EIF4B;EIF2S1;EIF4A1;RPS27L;EIF2S2;RPS24;RPS16;RPS18
GSE46798_exposure_corrected	prerank	Telomere Extension By Telomerase	-0.459747304468791	-1.3190807348592637	0.11949685534591195	0.44314527897099065	1.0	10/23	24.26%	ANKRD28;NOP10;RUVBL2;DKC1;PIF1;PPP6C;TERF1;TERF2;NHP2;CCNA1
GSE46798_exposure_corrected	prerank	Macroautophagy	-0.34848748781520966	-1.3190543851184693	0.039403620873269436	0.44196440994234165	1.0	58/139	30.97%	PIK3C3;ATG4C;RPS27A;ATG10;FUNDC1;AMBRA1;DYNC1LI2;CHMP4A;TUBA1A;PCNT;UBE2D2;TUBB4A;TUBA8;DYNC1I1;LAMTOR3;MFN1;GABARAPL1;OPTN;TUBB2B;MTOR;PRKAB2;PINK1;TUBA3E;UBC;ATG14;UBE2N;DYNC1H1;ATG3;MLST8;PRKAA1;MTERF3;HDAC6;TBK1;ATG12;ATM;DYNC1I2;TOMM70;PIK3R4;CHMP4C;CHMP4B;TOMM7;HSF1;RRAGD;VDAC1;PEX5;TSC1;HSP90AA1;MAP1LC3A;IFT88;TOMM40;PGAM5;ATG13;PRKAG1;VIM;DYNLL1;RB1CC1;ATG5;TUBA1B
GSE46798_exposure_corrected	prerank	Transcriptional regulation by RUNX1	-0.3482864639723091	-1.318396685387722	0.03347280334728033	0.44258905298206025	1.0	78/165	37.13%	KMT2D;HIPK2;TNRC6C;FOXP3;RPS27A;ITCH;RNF2;SOCS4;PRKCB;KCTD6;AGO1;SPI1;PSMD14;PSMA4;SMARCA2;SMARCD1;PSMC5;SMARCA4;CREBBP;THBS1;LGALS3;CR1;PSMD1;PSMC3;AGO3;ELF2;SMARCE1;CBFB;SMARCD3;PTPN11;MIR215;UBC;SCMH1;PSMA3;KAT2B;PSMB2;SOCS3;OCLN;GP1BA;PSMB7;CBX6;PSMB4;RSPO3;GATA1;AGO2;SMARCC2;ACTL6B;CCND2;PSMD11;PSMD13;PSMA5;ADRM1;PSMA6;PSMA2;BMI1;SMARCB1;AUTS2;PSMC6;IL2;PSMD2;ARID2;ARID1A;LMO1;PSMC1;RYBP;ABL1;CCNH;PSMB3;CTSL;TCF12;MNAT1;TNRC6A;CCND1;ASH2L;LIFR;CSNK2A2;PSMB6;PHC1
GSE46798_exposure_corrected	prerank	APC:Cdc20 mediated degradation of cell cycle proteins prior to satisfation of the cell cycle checkpoint	-0.3910947018502436	-1.3183339799798175	0.0873015873015873	0.4414784012768848	1.0	32/59	37.06%	RPS27A;UBE2D1;PSMD14;PSMA4;PSMC5;PSMD1;PSMC3;UBC;PSMA3;PSMB2;BUB1B;CDC26;PSMB7;ANAPC4;ANAPC15;PSMB4;CCNA1;PSMD11;PSMD13;PSMA5;ADRM1;PSMA6;PSMA2;PSMC6;PSMD2;ANAPC1;PSMC1;CDK1;PSMB3;CDC16;BUB3;PSMB6
GSE46798_exposure_corrected	prerank	Golgi-to-ER retrograde transport	-0.3547576361436286	-1.3176617528191992	0.050213675213675216	0.44200849802600345	1.0	52/132	30.97%	KIF6;RAB6A;DCTN6;CENPE;KIF21A;DCTN4;DYNC1LI2;ARCN1;KIF3A;KIF5C;CAPZA1;KIF26B;TUBA1A;RAB6B;ACTR10;KIF1B;KIF21B;TUBB4A;TUBA8;NSF;DYNC1I1;KIF1A;KIF20A;KIFAP3;TUBB2B;KIF2A;BICD2;DCTN2;TUBA3E;NBAS;KIF3B;DYNC1H1;COPB1;ARF3;SEC22B;COPA;ARFGAP2;KIF15;KIF5A;DYNC1I2;TMED7;RAB18;BICD1;KIF5B;KIFC2;KIF23;NAPB;TMED2;COPG1;DYNLL1;RAB1A;TUBA1B
GSE46798_exposure_corrected	prerank	Somatic hypermutation of immunoglobulin genes	-0.3486822220777751	-1.3174226000733935	0.033578174186778595	0.44136934823511376	1.0	41/157	20.20%	KMT2D;CTDP1;MLLT3;RPS27A;CDC73;NFKB2;TAF1L;HOXC4;DPF2;SSRP1;POLH;EXOSC10;MCM3AP;MSH2;POLR2G;EAF1;LEO1;SMARCA2;SMARCD1;NCOA6;GTF2F2;SMARCA4;CREBBP;E2F5;RFC1;CCNT1;DPF3;MPHOSPH6;TAF3;PAGR1;SMARCE1;TAF9B;SMARCD3;TAF4;UBC;STAT6;POLD3;TAF11;ELL;E2F7;TAF8
GSE46798_exposure_corrected	prerank	Metallothioneins bind metals	-0.551771438475022	-1.3173321302653556	0.14965034965034965	0.44036055535686636	1.0	3/11	12.72%	MT1G;MT1A;MT1F
GSE46798_exposure_corrected	prerank	Vitamin D (calciferol) metabolism	0.47638509101543125	1.3172874087975435	0.16161616161616163	0.8667505260157524	1.0	5/11	10.01%	LRP2;GC;LDLRAP1;VDR;LGMN
GSE46798_exposure_corrected	prerank	RHOB GTPase cycle	-0.3848052160391806	-1.3158778088442904	0.0703125	0.44336081808998995	1.0	30/67	33.31%	ROCK2;STK10;ABR;DIAPH3;ARHGEF25;SLK;PREX1;ARHGAP5;PKN2;ARHGAP39;DAAM1;MYO9A;ARHGAP21;ARHGEF12;RHOB;ARHGEF1;ROCK1;PKN1;SOWAHC;DLC1;ACTC1;PCDH7;PIK3R1;ARHGAP1;VAV2;SNAP23;STOM;PIK3R2;RACGAP1;ARHGAP26
GSE46798_exposure_corrected	prerank	Chaperone Mediated Autophagy	-0.4649939856351586	-1.3157124990879536	0.12563451776649745	0.44259854422772454	1.0	12/22	36.11%	RPS27A;HBB;PCNT;UBC;HDAC6;GFAP;HSP90AA1;IFT88;VIM;CFTR;EEF1A1;PARK7
GSE46798_exposure_corrected	prerank	Matriglycan biosynthesis on DAG1	-0.557416787145068	-1.3146889444811158	0.1402524544179523	0.4442767900116179	1.0	3/10	5.02%	LARGE1;FKTN;SLC35A1
GSE46798_exposure_corrected	prerank	RHO GTPases activate PAKs	-0.4714536713981705	-1.3145099714124693	0.11282051282051282	0.4435828040426699	1.0	8/21	22.75%	PPP1R12B;CTTN;PAK2;PPP1R12A;PAK1;MYH14;MYH11;FLNA
GSE46798_exposure_corrected	prerank	Neuronal System	-0.3301273813935553	-1.314345536412823	0.010070493454179255	0.44279623028841536	1.0	119/396	22.06%	CHRNA5;ADCY9;KCNJ2;KCNH6;MAOA;GJC1;GABRB3;KCNH1;NRXN2;CREB1;GABRA2;HTR3A;ABAT;SLC6A13;LRFN4;LRRTM4;CACNG4;KCNH8;KCNN3;ARHGEF7;KCNMB3;KCNK10;NPTN;NBEA;GRIA3;PRKCB;KCNK3;KCNQ5;KCNH5;CACNA1E;TSPAN7;SLITRK3;SLC38A1;NLGN3;GAD1;GLRA2;RPS6KA2;GLS;GABBR2;KCND1;HCN4;ADCY1;TUBA1A;GNAI3;DLGAP4;ALDH5A1;TUBB4A;TUBA8;GNG5;KCNV1;NSF;PRKCA;CAMK2D;CACNA2D2;PTPRD;LRFN3;SLC1A2;KCNJ16;NLGN1;SLC17A7;SYN2;LIN7A;KCNK2;TUBB2B;KCNC1;PRKAB2;LRRTM2;GRIA4;GNG8;ACHE;GRIP1;KCNA3;GNB1;CHRNA6;GRIN2B;KCNK17;TUBA3E;AP2A1;CACNA2D3;ABCC9;KCNB1;GNGT2;GRIK4;PPFIA3;CAMKK1;GRIA2;SNAP25;SYT7;EPB41L2;SLC22A2;KCNK16;PRKAA1;PRKAR1A;RAB3A;GRIN2D;KCNG1;NRXN1;NTRK3;HRAS;SLC22A1;SYN1;CACNA1A;SLITRK5;PRKACB;KCNJ3;VAMP2;NLGN2;CAMK2B;CACNA2D1;LRRC4B;GLS2;RIMS1;NEFL;KCNH2;HTR3B;NRG1;PPM1F;EPB41L3;ADCY8
GSE46798_exposure_corrected	prerank	Interleukin-21 signaling	-0.5647572516844203	-1.3140428461535671	0.14486638537271448	0.4423179255523287	1.0	4/10	18.89%	IL2RG;STAT1;IL21;STAT4
GSE46798_exposure_corrected	prerank	Interleukin receptor SHC signaling	-0.4452441012890347	-1.3138489783367653	0.10804020100502512	0.4415633651994591	1.0	16/27	37.56%	IL2RG;GAB2;CSF2RA;CSF2RB;PIK3CD;IL5RA;PIK3CB;PIK3CA;IL3RA;PIK3R1;IL2;JAK2;PIK3R2;INPPL1;SHC1;IL2RB
GSE46798_exposure_corrected	prerank	Regulation of endogenous retroelements by Piwi-interacting RNAs (piRNAs)	-0.4312586958929061	-1.3124808097458491	0.11826697892271663	0.44412121018983197	1.0	17/35	32.28%	DPF2;SMARCA2;SMARCD1;SMARCA4;DPF3;RBBP7;HDAC2;MTA1;SMARCE1;SMARCD3;CHD4;SMARCC2;SMARCB1;RBBP4;SS18L1;GATAD2A;ARID1A
GSE46798_exposure_corrected	prerank	HCMV Early Events	-0.3720178610402071	-1.3106926316332284	0.06533776301218161	0.44781004051281637	1.0	31/76	33.01%	NUP35;CREB1;NUP188;NUP88;HDAC3;DYNC1LI2;TUBA1A;TUBB4A;TUBA8;RBBP7;DYNC1I1;NUP98;NUP133;TUBB2B;TBL1XR1;NCOR2;TUBA3E;DYNC1H1;NUP160;NUP93;DYNC1I2;CBX1;NUP214;RBBP4;AAAS;DYNLL1;TUBA1B;ITGB1;POM121C;SUZ12;NUP37
GSE46798_exposure_corrected	prerank	alpha-linolenic acid (ALA) metabolism	-0.5275375032385297	-1.3090226954162059	0.1553672316384181	0.44988489713534724	1.0	7/13	32.61%	ELOVL1;ACOX1;HSD17B4;ACSL1;ELOVL5;SCP2;FADS2
GSE46798_exposure_corrected	prerank	alpha-linolenic (omega3) and linoleic (omega6) acid metabolism	-0.5275375032385297	-1.3090226954162059	0.1553672316384181	0.44988489713534724	1.0	7/13	32.61%	ELOVL1;ACOX1;HSD17B4;ACSL1;ELOVL5;SCP2;FADS2
GSE46798_exposure_corrected	prerank	APC/C:Cdc20 mediated degradation of Securin	-0.39307480815758566	-1.308628446012585	0.09371428571428571	0.4498503374823534	1.0	31/53	40.02%	RPS27A;UBE2D1;PSMD14;PSMA4;PSMC5;PSMD1;PSMC3;UBC;PSMA3;PSMB2;CDC26;PSMB7;ANAPC4;ANAPC15;PSMB4;PSMD11;PSMD13;PSMA5;ADRM1;PSMA6;PSMA2;PSMC6;PSMD2;ANAPC1;PSMC1;PSMB3;CDC16;PSMB6;PTTG1;PSMB1;UBE2E1
GSE46798_exposure_corrected	prerank	Loss of Nlp from mitotic centrosomes	-0.3792794976826245	-1.3084511084313641	0.09841628959276018	0.4479610756433759	1.0	38/66	42.13%	NINL;HAUS2;YWHAG;CEP152;CEP63;TUBA1A;PCNT;TUBB4A;CEP164;DCTN2;DYNC1H1;CEP76;DYNC1I2;CKAP5;CEP70;CEP192;CEP41;CETN2;HSP90AA1;OFD1;CEP57;PPP2R1A;DYNLL1;CDK1;PLK4;DCTN1;PAFAH1B1;CLASP1;PCM1;ODF2;CEP131;CCP110;PRKACA;HAUS7;HAUS1;ACTR1A;CDK5RAP2;CEP290
GSE46798_exposure_corrected	prerank	Loss of proteins required for interphase microtubule organization from the centrosome	-0.3792794976826245	-1.3084511084313641	0.09841628959276018	0.4479610756433759	1.0	38/66	42.13%	NINL;HAUS2;YWHAG;CEP152;CEP63;TUBA1A;PCNT;TUBB4A;CEP164;DCTN2;DYNC1H1;CEP76;DYNC1I2;CKAP5;CEP70;CEP192;CEP41;CETN2;HSP90AA1;OFD1;CEP57;PPP2R1A;DYNLL1;CDK1;PLK4;DCTN1;PAFAH1B1;CLASP1;PCM1;ODF2;CEP131;CCP110;PRKACA;HAUS7;HAUS1;ACTR1A;CDK5RAP2;CEP290
GSE46798_exposure_corrected	prerank	RHOBTB GTPase Cycle	-0.42111258493304715	-1.3072068273141817	0.12408759124087591	0.4504517863095043	1.0	18/35	34.51%	ROCK2;SPEN;COPS2;ROCK1;HNRNPC;SRRM1;CUL3;DDX39B;ACTN1;RHOBTB2;STK38;HSP90AA1;MYO6;TXNL1;VIM;CCT6A;GPS1;PHIP
GSE46798_exposure_corrected	prerank	EPH-Ephrin signaling	-0.36160818696257124	-1.307049724053586	0.06941431670281996	0.4496203972744937	1.0	40/92	36.10%	ROCK2;FYN;LYN;ARHGEF7;EPHA10;EPHA2;PAK2;VAV3;EFNA5;PTK2;EPHA3;EPHB1;GRIN2B;AP2A1;PAK1;MYH14;ROCK1;RHOA;ARPC2;HRAS;PSENEN;MYH11;MMP2;ARPC5;ACTR3;EFNB1;WASL;DNM1;VAV2;NCK2;MMP9;RAC1;EFNA3;AP2M1;CLTB;KALRN;AP2A2;PSEN2;YES1;EPHB2
GSE46798_exposure_corrected	prerank	Pyroptosis	-0.4558947363947444	-1.306692855008391	0.13933415536374846	0.4494295133110835	1.0	11/25	31.49%	IL1B;IL18;ELANE;CHMP4A;CASP4;HMGB1;CHMP4C;CHMP4B;CASP5;CASP3;TP53
GSE46798_exposure_corrected	prerank	Receptor Mediated Mitophagy	-0.5377770010325149	-1.3059017710269434	0.14168937329700274	0.45021714969772364	1.0	6/11	37.02%	FUNDC1;ATG12;MAP1LC3A;PGAM5;ATG5;CSNK2A2
GSE46798_exposure_corrected	prerank	TRAF6 mediated NF-kB activation	0.3667129805808199	1.3052485135173972	0.1050228310502283	0.882038480559546	1.0	1/24	0.03%	RNF135
GSE46798_exposure_corrected	prerank	RHO GTPases activate PKNs	-0.4220539823147941	-1.3040026449093751	0.1111111111111111	0.45416859413548955	1.0	14/34	21.35%	PPP1R12B;YWHAG;PPP1R12A;PKN2;YWHAQ;YWHAH;NCOA2;PAK1;MYH14;RHOB;RHOA;PKN1;KDM4C;MYH11
GSE46798_exposure_corrected	prerank	TP53 Regulates Transcription of Genes Involved in Cytochrome C Release	-0.46813994483431765	-1.3022730359761387	0.1421383647798742	0.45797409307293613	1.0	9/20	21.19%	TRIAP1;CREBBP;TP53BP2;BNIP3L;TP53INP1;STEAP3;BBC3;PRELID3A;ATM
GSE46798_exposure_corrected	prerank	Affinity selection of immunoglobulins	-0.3323259783408232	-1.3021087933637656	0.018367346938775512	0.45599543120872194	1.0	78/277	22.56%	KMT2D;CTDP1;CD79A;ITGA4;CTSF;MLLT3;RPS27A;CDC73;HLA-DRB3;NFKB2;TAF1L;DCTN6;HOXC4;DPF2;SSRP1;POLH;EXOSC10;MCM3AP;MSH2;CENPE;POLR2G;DCTN4;EAF1;DYNC1LI2;LEO1;KIF3A;KIF5C;SMARCA2;CAPZA1;SMARCD1;CTSC;NCOA6;GTF2F2;SMARCA4;CREBBP;E2F5;TUBA1A;RFC1;CCNT1;ACTR10;DPF3;VCAM1;TUBB4A;TUBA8;CR1;MPHOSPH6;DYNC1I1;TAF3;KIF20A;KIFAP3;PAGR1;TUBB2B;SMARCE1;TAF9B;KIF2A;SMARCD3;CTSS;TAF4;DCTN2;TUBA3E;UBC;KIF3B;STAT6;DYNC1H1;IL21;HLA-DMA;POLD3;TAF11;RAB7A;ELL;E2F7;TAF8;CTSB;KIF15;KIF5A;ICAM1;DYNC1I2;HLA-DRA
GSE46798_exposure_corrected	prerank	Immunoglobulin maturation	-0.3323259783408232	-1.3021087933637656	0.018367346938775512	0.45599543120872194	1.0	78/277	22.56%	KMT2D;CTDP1;CD79A;ITGA4;CTSF;MLLT3;RPS27A;CDC73;HLA-DRB3;NFKB2;TAF1L;DCTN6;HOXC4;DPF2;SSRP1;POLH;EXOSC10;MCM3AP;MSH2;CENPE;POLR2G;DCTN4;EAF1;DYNC1LI2;LEO1;KIF3A;KIF5C;SMARCA2;CAPZA1;SMARCD1;CTSC;NCOA6;GTF2F2;SMARCA4;CREBBP;E2F5;TUBA1A;RFC1;CCNT1;ACTR10;DPF3;VCAM1;TUBB4A;TUBA8;CR1;MPHOSPH6;DYNC1I1;TAF3;KIF20A;KIFAP3;PAGR1;TUBB2B;SMARCE1;TAF9B;KIF2A;SMARCD3;CTSS;TAF4;DCTN2;TUBA3E;UBC;KIF3B;STAT6;DYNC1H1;IL21;HLA-DMA;POLD3;TAF11;RAB7A;ELL;E2F7;TAF8;CTSB;KIF15;KIF5A;ICAM1;DYNC1I2;HLA-DRA
GSE46798_exposure_corrected	prerank	Differentiation of naive CD4+ T cells to T helper 2 cells (Th2 cells)	-0.3753954504433803	-1.301645950572546	0.08574610244988864	0.45605730769844555	1.0	23/75	23.39%	ETS1;HDAC4;MAMLD1;RNF2;HDAC3;HDAC10;SMARCA4;CREBBP;NOTCH2;RBBP7;HDAC2;SATB1;MTA1;TBL1XR1;NCOR2;SCMH1;STAT6;KAT2B;HDAC6;CHD4;SNW1;CBX6;YY1
GSE46798_exposure_corrected	prerank	GTP hydrolysis and joining of the 60S ribosomal subunit	-0.3536601136241514	-1.3013465672096611	0.08090614886731391	0.455635155420887	1.0	31/113	22.41%	RPS28;RPS4Y1;RPS27;RPS27A;RPS12;RPS15;RPL18;RPL24;RPL5;RPL23;RPL6;EIF3M;EIF3B;EIF3A;RPS4X;RPL10A;RPL32;EIF3E;RPL7;RPS11;RPL17;EIF3J;RPL37;EIF4A2;RPL21;EIF3K;RPL36A;RPL36AL;EIF1AX;EIF3H;RPLP2
GSE46798_exposure_corrected	prerank	Protein methylation	-0.4966405604991354	-1.3013144701582267	0.12933333333333333	0.45449596197309694	1.0	9/16	40.01%	METTL21A;EEF1AKMT1;VCPKMT;ETFB;EEF2;CALM1;RPS2;EEF1A1;PRMT3
GSE46798_exposure_corrected	prerank	Fibrin formation	-0.5494664390208663	-1.3006969577972671	0.1424731182795699	0.45506238977053837	1.0	5/11	33.76%	SERPINA5;F13A1;SERPINE2;FGA;FGG
GSE46798_exposure_corrected	prerank	Regulation of mRNA stability by proteins that bind AU-rich elements	-0.3714757100209614	-1.3003526068811904	0.08250825082508251	0.45488193288057216	1.0	38/74	38.81%	RPS27A;ZFP36L1;PSMD14;PSMA4;PSMC5;PRKCA;PSMD1;PSMC3;HNRNPD;UBC;ELAVL1;PSMA3;PSMB2;XPO1;PSMB7;PSMB4;PSMD11;NUP214;EXOSC9;PSMD13;PSMA5;PABPC1;ADRM1;PSMA6;PSMA2;AKT1;PSMC6;EXOSC2;PSMD2;EXOSC3;YWHAB;DCP2;PSMC1;PSMB3;PSMB6;EXOSC4;YWHAZ;PSMB1
GSE46798_exposure_corrected	prerank	RMTs methylate histone arginines	-0.4378468687205955	-1.3001879517559485	0.11636363636363636	0.45414745017870994	1.0	20/28	43.06%	SMARCA2;SMARCD1;SMARCA4;RBBP7;SMARCE1;SMARCD3;CARM1;SMARCC2;ACTL6B;SMARCB1;COPRS;ARID2;RPS2;ARID1A;JAK2;CCND1;PRMT7;PRMT3;CDK4;ACTL6A
GSE46798_exposure_corrected	prerank	Arachidonate metabolism	0.31086401328612134	1.3001689927415778	0.09774436090225563	0.8723875738498714	1.0	15/55	12.91%	CBR1;CYP4F3;PON3;HPGD;ALOXE3;ALOX12;CYP4A22;AKR1C3;CYP2U1;CYP4F8;GGT1;GGT5;FAAH2;CYP8B1;HPGDS
GSE46798_exposure_corrected	prerank	N-Glycan antennae elongation	-0.5100727982854562	-1.299836796519556	0.1553133514986376	0.453905433551666	1.0	10/15	39.06%	MGAT4C;ST8SIA6;B4GALT5;MGAT5;ST8SIA3;ST8SIA2;B4GALT3;ST6GAL1;MGAT4B;B4GALT1
GSE46798_exposure_corrected	prerank	The canonical retinoid cycle in rods (twilight vision)	0.39941645879108534	1.2993951838107982	0.14977973568281938	0.8479735298966158	1.0	8/21	17.10%	RDH10;RDH5;LRAT;RLBP1;HSD17B6;STRA6;RDH16;HSD17B1
GSE46798_exposure_corrected	prerank	Surfactant metabolism	0.3577677895771946	1.2979726488456989	0.12980769230769232	0.8267732550048921	1.0	8/27	11.34%	ADORA2B;SFTA3;SFTPC;DMBT1;SFTPA1;PGA4;TTF1;SFTPB
GSE46798_exposure_corrected	prerank	Phospholipase C-mediated cascade: FGFR1	0.42874586022108996	1.2976845244405848	0.15918367346938775	0.8034330233518177	1.0	8/15	17.69%	FGF2;FGF22;FGF20;FGFR1;FGF6;FGF3;FGF5;FGF10
GSE46798_exposure_corrected	prerank	L13a-mediated translational silencing of Ceruloplasmin expression	-0.35383436918137795	-1.297281589207836	0.07934782608695652	0.4599033614997655	1.0	31/112	22.41%	RPS28;RPS4Y1;RPS27;RPS27A;RPS12;RPS15;RPL18;RPL24;RPL5;RPL23;RPL6;EIF3M;EIF3B;EIF3A;RPS4X;RPL10A;RPL32;EIF3E;RPL7;RPS11;RPL17;EIF3J;RPL37;EIF4A2;RPL21;EIF3K;RPL36A;RPL36AL;EIF1AX;EIF3H;RPLP2
GSE46798_exposure_corrected	prerank	APC/C:Cdc20 mediated degradation of mitotic proteins	-0.3829079389584664	-1.296962541961167	0.09841628959276018	0.4596642527047366	1.0	35/61	40.02%	RPS27A;UBE2D1;PSMD14;PSMA4;PSMC5;PSMD1;PSMC3;UBC;PSMA3;PSMB2;BUB1B;CDC26;PSMB7;ANAPC4;ANAPC15;PSMB4;CCNA1;PSMD11;PSMD13;PSMA5;ADRM1;PSMA6;PSMA2;PSMC6;PSMD2;ANAPC1;PSMC1;CDK1;PSMB3;CDC16;BUB3;PSMB6;PTTG1;PSMB1;UBE2E1
GSE46798_exposure_corrected	prerank	DAG1 glycosylations	-0.4913700466184382	-1.2962998819622447	0.13770053475935828	0.46042941001045495	1.0	4/16	5.02%	B3GALNT2;LARGE1;FKTN;SLC35A1
GSE46798_exposure_corrected	prerank	Glycogen metabolism	-0.44517972061860356	-1.2961885457899873	0.13559322033898305	0.4595558658028838	1.0	10/26	15.92%	NHLRC1;RPS27A;GYG2;GBE1;PYGL;UGP2;EPM2A;PHKB;PYGM;UBC
GSE46798_exposure_corrected	prerank	ZNF598 and the Ribosome-associated Quality Trigger (RQT) complex dissociate a ribosome stalled on a no-go mRNA	-0.3601405322720835	-1.2956930408562868	0.08478260869565217	0.459849078206685	1.0	25/97	20.44%	RPS28;RPS4Y1;RPS27;RPS27A;RPS12;RPS15;UBE2D1;RPL18;RPL24;RPL5;RPL23;RPL6;TRIP4;UBE2D2;RPS4X;RPL10A;RPL32;RPL7;RPS11;RPL17;UBC;RPL37;RPL21;RPL36A;RPL36AL
GSE46798_exposure_corrected	prerank	RHO GTPases Activate WASPs and WAVEs	-0.4182613886511588	-1.2947045085619713	0.13374233128834356	0.46142497004759264	1.0	24/36	45.54%	WAS;WIPF3;PTK2;CYFIP2;WASF1;ARPC2;ARPC5;NCKIPSD;ACTR3;ABI2;WASL;NCKAP1L;BRK1;RAC1;ABL1;CDC42;WASF3;NCKAP1;ACTR2;MAPK3;BAIAP2;GRB2;ABI1;ARPC1A
GSE46798_exposure_corrected	prerank	FGFR2 ligand binding and activation	0.37952981216430853	1.2943508164437953	0.14285714285714285	0.7904293149330005	1.0	9/20	17.69%	FGF2;FGF22;FGF20;FGFBP1;FGF6;FGF7;FGF3;FGF5;FGF10
GSE46798_exposure_corrected	prerank	Regulation of localization of FOXO transcription factors	-0.5331078764609951	-1.294313968093552	0.14809590973201692	0.46133749342568675	1.0	10/12	38.38%	FOXO1;FOXO6;YWHAG;YWHAQ;AKT3;AKT1;FOXO4;YWHAB;FOXO3;YWHAZ
GSE46798_exposure_corrected	prerank	Dengue Virus Attachment and Entry	-0.39736310262394114	-1.2936526858535835	0.11405529953917051	0.4620496174399738	1.0	21/42	35.89%	SDC1;CD14;GPC5;PROS1;UBA3;UBA6;AP2A1;CD300A;MRC1;TYRO3;GPC2;GPC1;UBA5;LY6E;CD33;UBA1;PIK3R1;GPC4;MAPRE3;AP2M1;AP2A2
GSE46798_exposure_corrected	prerank	Activation of RAC1	-0.5164793680288284	-1.293565670291094	0.1581081081081081	0.4610728886172106	1.0	7/13	20.40%	ROBO1;PAK2;SLIT2;PAK6;PAK4;PAK1;PAK5
GSE46798_exposure_corrected	prerank	PELO:HBS1L and ABCE1 dissociate a ribosome on a non-stop mRNA	-0.3619812170812705	-1.2935152423719054	0.08842794759825327	0.4600269467998535	1.0	23/91	20.44%	RPS28;RPS4Y1;RPS27;RPS27A;RPS12;RPS15;ABCE1;RPL18;RPL24;RPL5;RPL23;RPL6;RPS4X;RPL10A;RPL32;RPL7;RPS11;HBS1L;RPL17;RPL37;RPL21;RPL36A;RPL36AL
GSE46798_exposure_corrected	prerank	ALK mutants bind TKIs	-0.5265713258901897	-1.2920214163728239	0.1409028727770178	0.46323102564030566	1.0	8/12	34.29%	BCL11A;EIF2AK3;STRN;ALK;PRKAR1A;HIP1;BIRC6;EML4
GSE46798_exposure_corrected	prerank	Recruitment and ATM-mediated phosphorylation of repair and signaling proteins at DNA double strand breaks	-0.4127209757428418	-1.291452287371294	0.11058263971462545	0.4637694626076949	1.0	22/39	37.36%	KDM4B;BAP1;SMARCA5;RPS27A;BARD1;UBE2V2;KAT5;UBC;UBE2N;NBN;CHEK2;ATM;KDM4A;UIMC1;TP53;MDC1;MAPK8;ABL1;PIAS4;PHF6;UBXN1;EYA1
GSE46798_exposure_corrected	prerank	Translation of Structural Proteins_9694635	-0.3824154738571129	-1.2912651823333645	0.10867052023121387	0.46315321254870967	1.0	30/60	38.63%	MAGT1;GANAB;RPS27A;MAN2A1;ST3GAL1;MGAT4C;PARP14;ST6GALNAC3;PARP4;ZDHHC2;STT3B;SRPK1;UBC;ZDHHC3;PRKCSH;MGAT5;MGAT2;GSK3B;MAN1B1;ZDHHC8;ST3GAL3;SRPK2;PARP16;ZDHHC9;ST6GAL1;MGAT4B;DDOST;TUSC3;ST3GAL2;FUT8
GSE46798_exposure_corrected	prerank	RAF-independent MAPK1/3 activation	-0.4541461166604253	-1.290675899381874	0.1351010101010101	0.4636128531720904	1.0	18/23	51.21%	DUSP9;MAP2K2;DUSP8;PTPN11;DUSP6;IL6ST;IL6R;DUSP16;JAK2;DUSP4;CDK1;DUSP7;MAPK3;MAP2K1;IL6;PEA15;TYK2;DUSP1
GSE46798_exposure_corrected	prerank	Regulation of FOXO transcriptional activity by acetylation	-0.5598555973025794	-1.2902208195204066	0.15796897038081806	0.46379585671835727	1.0	6/10	29.75%	FOXO1;SIRT3;CREBBP;KAT2B;TXNIP;FOXO4
GSE46798_exposure_corrected	prerank	Autodegradation of Cdh1 by Cdh1:APC/C	-0.38922179305976934	-1.2899716575159483	0.10544611819235226	0.4632790626484447	1.0	28/52	37.06%	RPS27A;UBE2D1;PSMD14;PSMA4;PSMC5;PSMD1;PSMC3;UBC;PSMA3;PSMB2;CDC26;PSMB7;ANAPC4;ANAPC15;PSMB4;PSMD11;PSMD13;PSMA5;ADRM1;PSMA6;PSMA2;PSMC6;PSMD2;ANAPC1;PSMC1;PSMB3;CDC16;PSMB6
GSE46798_exposure_corrected	prerank	JNK (c-Jun kinases) phosphorylation and  activation mediated by activated human TAK1	-0.4641567286926951	-1.289819210328084	0.14518147684605756	0.46252443104512814	1.0	7/21	19.83%	RPS27A;TRAF6;MAPK9;MAP3K7;UBC;UBE2N;MAP2K4
GSE46798_exposure_corrected	prerank	Diseases associated with the TLR signaling cascade	0.3559262163929255	1.2893461195114297	0.15816326530612246	0.7850560095455652	1.0	3/30	2.10%	IRAK4;TLR10;S100A8
GSE46798_exposure_corrected	prerank	CD28 dependent PI3K/Akt signaling	-0.4402778214300623	-1.287829628854953	0.14476885644768855	0.46731999104647287	1.0	16/27	32.38%	FYN;PIK3CD;PIK3CG;MTOR;PRR5;CD80;MLST8;PIK3CB;RICTOR;PIK3CA;CD28;PIK3R1;AKT3;AKT1;PDPK1;PIK3R2
GSE46798_exposure_corrected	prerank	Bacterial Infection Pathways	-0.35236352058193604	-1.2846387869678242	0.08090614886731391	0.4754918451698696	1.0	40/102	28.55%	RNF213;SFPQ;RPS27A;EPS15;MET;LAMA5;LAMC1;HBB;MAP2K2;LAMC3;CALM2;UBE2D2;SV2B;STX1B;GBP1;SV2A;SH3KBP1;CASP4;ANTXR1;UBC;ENO1;SNAP25;STAM2;B2M;RAB7A;VAMP2;MRC1;MAP2K4;VAMP1;KPNB1;CBL;GUCY2C;LAMA2;LAMC2;COL4A4;COL4A2;DUSP16;HSP90AA1;EEF2;SYT1
GSE46798_exposure_corrected	prerank	Regulation of CDH11 Expression and Function	-0.43107860028325995	-1.2833761915054438	0.1407766990291262	0.477827892645023	1.0	6/30	11.71%	HEYL;ADAM19;TNRC6C;AGO1;CDH11;AGO3
GSE46798_exposure_corrected	prerank	Differentiation of T cells	-0.3644902778747727	-1.2830315289404686	0.09340659340659341	0.47761124523777837	1.0	27/86	23.39%	ETS1;HDAC4;MAMLD1;IL12RB2;RNF2;HDAC3;HDAC10;SMARCA4;CREBBP;NOTCH2;RBBP7;HDAC2;SATB1;MTA1;TBL1XR1;NCOR2;STAT1;SCMH1;STAT6;CXCR3;KAT2B;STAT4;HDAC6;CHD4;SNW1;CBX6;YY1
GSE46798_exposure_corrected	prerank	Interleukin-1 family signaling	-0.34292474149155316	-1.282818336757868	0.06038135593220339	0.4770728658799836	1.0	53/135	31.49%	IL1B;IL33;IL1RL1;PELI3;SMAD3;RPS27A;NFKB2;SAA1;ALOX5;TRAF6;PTPN20;PTPN13;PSMD14;IL18;PSMA4;PSMC5;PTPN4;TNIP2;LRRC14;SIGIRR;PSMD1;PSMC3;PTPN23;MAP3K7;PTPN11;S100A12;UBC;UBE2N;PSMA3;PSMB2;SKP1;FBXW11;TBK1;MAP2K4;RBX1;PSMB7;HMGB1;PSMB4;IL1RAPL1;PTPN9;PSMD11;MAP3K3;PSMD13;PSMA5;PTPN7;ADRM1;PSMA6;PSMA2;USP14;IL18RAP;PSMC6;PSMD2;TP53
GSE46798_exposure_corrected	prerank	SARS-CoV-1 Infection	-0.3409226918816488	-1.2826164697804543	0.06786850477200425	0.4765079113877023	1.0	59/142	36.04%	RPS28;PIK3C3;RPS4Y1;SMAD3;GANAB;RPS27;RPS27A;RPS12;RPS15;ITCH;ZCRB1;BCL2L1;ST3GAL1;YWHAG;TRAF6;PARP14;NLRP3;CHMP4A;ST6GALNAC3;PARP4;RPS4X;YWHAQ;YWHAH;RPS11;SERPINE1;UBC;ACE2;IFIT1;DDX5;NMI;TBK1;PRKCSH;NPIPB3;KPNB1;TOMM70;PIK3R4;CHMP4C;CHMP4B;GSK3B;ST3GAL3;RIPK1;PKLR;MAVS;RPS8;RPS23;PDPK1;PSMC6;RPS13;RPS20;RPS2;YWHAB;PARP16;PPIH;ST6GAL1;TKFC;RPS7;CTSL;CHMP6;EEF1A1
GSE46798_exposure_corrected	prerank	TNF receptor superfamily (TNFSF) members mediating non-canonical NF-kB pathway	-0.48135464429400454	-1.2825164459603873	0.17532467532467533	0.4756458119352775	1.0	2/17	0.99%	BIRC3;TNFSF14
GSE46798_exposure_corrected	prerank	Regulation of CDH1 Gene Transcription	-0.4060801094052304	-1.2819224918762433	0.12018669778296383	0.4761464256911322	1.0	23/45	36.54%	ZMYM2;FOXJ2;TLE1;SMARCA4;RBBP7;HDAC2;ZNF217;CTBP2;ZBTB33;KLF9;CTBP1;FOXQ1;TGIF2;ZEB1;PKM;RBBP4;SUZ12;ARID1A;STRAP;TCF12;EED;KDM1A;ZEB2
GSE46798_exposure_corrected	prerank	Sealing of the nuclear envelope (NE) by ESCRT-III	-0.42428138291437906	-1.281899088266048	0.14460784313725492	0.47503065804960515	1.0	13/30	30.97%	VPS4A;SPAST;CHMP4A;TUBA1A;TUBB4A;TUBA8;TUBB2B;TUBA3E;LEMD2;CHMP4C;CHMP4B;IST1;TUBA1B
GSE46798_exposure_corrected	prerank	N-glycan trimming in the ER and Calnexin/Calreticulin cycle	-0.4182172046949131	-1.2812374368584234	0.14648910411622276	0.4757858931038049	1.0	14/33	26.95%	TRIM13;GANAB;RPS27A;EDEM3;PDIA3;RAD23B;AMFR;UBC;RNF139;SEL1L;PRKCSH;RNF185;MLEC;MAN1B1
GSE46798_exposure_corrected	prerank	SUMOylation of chromatin organization proteins	-0.38469566847086417	-1.2811337431219687	0.10496613995485328	0.47489732003611645	1.0	35/56	46.44%	NUP35;HDAC4;NUP188;RNF2;NUP88;HDAC2;SATB1;NUP98;NUP133;PCGF2;SCMH1;NUP160;NUP93;PIAS1;NUP214;BMI1;AAAS;L3MBTL2;POM121C;CBX5;SUZ12;NUP37;NUP205;PHC1;ZBED1;NUP62;SATB2;NUP107;CBX8;NUP210;NUP155;NUP43;NUP58;SUMO1;HDAC1
GSE46798_exposure_corrected	prerank	Dengue Virus-Host Interactions	-0.3315505328001681	-1.28073414300096	0.04020618556701031	0.4748494976598666	1.0	78/222	32.41%	PIK3C3;HNRNPU;HNRNPA2B1;CSTF3;CDC73;RPL18;SDC1;SRSF11;NUDT21;POLR2G;SRRM2;BCAS2;SNRNP200;LEO1;SF3B1;DDX23;HNRNPH1;GTF2F2;GPC5;NCBP2;CPSF3;PPIL3;WDR33;CPSF6;CWC22;CAMK2D;SRSF3;DYNLT1;PCBP1;MTOR;CLP1;C1S;PRR5;HNRNPD;SF3B3;VTN;C4B;XAB2;HNRNPA0;ELAVL1;ATG14;DDX5;PEX19;ELAVL2;SRSF1;HNRNPC;MLST8;SNRPD1;HNRNPH2;C4BPA;CAMK2B;GPC2;SRRM1;HNRNPF;RICTOR;CDC40;HNRNPR;SNW1;GPC1;PIK3R4;PTBP1;AQR;GRPEL1;RIPK1;HSP90AA1;PABPN1;MAVS;SRSF6;SNRPF;VIM;PAPOLA;EXOC1;RBM10;GPC4;MMP9;PPIL1;DHX15;HNRNPA3
GSE46798_exposure_corrected	prerank	Early SARS-CoV-2 Infection Events	-0.4057341695441573	-1.280392340201333	0.13875598086124402	0.47461621967201767	1.0	13/36	24.48%	PIK3C3;ZCRB1;SDC1;NRP1;CHMP4A;GPC5;ACE2;DDX5;GPC2;GPC1;PIK3R4;CHMP4C;CHMP4B
GSE46798_exposure_corrected	prerank	Autophagy	-0.3353764282386372	-1.2803709464318516	0.056962025316455694	0.4735074831980115	1.0	62/154	30.97%	PIK3C3;ATG4C;RPS27A;ATG10;FUNDC1;AMBRA1;DYNC1LI2;HBB;CHMP4A;TUBA1A;PCNT;UBE2D2;TUBB4A;TUBA8;DYNC1I1;LAMTOR3;MFN1;GABARAPL1;OPTN;TUBB2B;MTOR;PRKAB2;PINK1;TUBA3E;UBC;ATG14;UBE2N;VPS37B;DYNC1H1;ATG3;MLST8;PRKAA1;MTERF3;HDAC6;TBK1;ATG12;ATM;DYNC1I2;TOMM70;GFAP;PIK3R4;CHMP4C;CHMP4B;TOMM7;MVB12B;HSF1;RRAGD;VDAC1;PEX5;TSC1;HSP90AA1;MAP1LC3A;IFT88;TOMM40;PGAM5;ATG13;PRKAG1;VIM;DYNLL1;RB1CC1;ATG5;TUBA1B
GSE46798_exposure_corrected	prerank	Cap-dependent Translation Initiation	-0.3461190423902185	-1.2800875885435627	0.08993576017130621	0.47195012927122054	1.0	32/120	22.41%	RPS28;RPS4Y1;RPS27;RPS27A;RPS12;RPS15;RPL18;RPL24;RPL5;RPL23;RPL6;EIF3M;EIF3B;EIF3A;RPS4X;RPL10A;RPL32;EIF3E;EIF2B3;RPL7;RPS11;RPL17;EIF3J;RPL37;EIF4A2;RPL21;EIF3K;RPL36A;RPL36AL;EIF1AX;EIF3H;RPLP2
GSE46798_exposure_corrected	prerank	Eukaryotic Translation Initiation	-0.3461190423902185	-1.2800875885435627	0.08993576017130621	0.47195012927122054	1.0	32/120	22.41%	RPS28;RPS4Y1;RPS27;RPS27A;RPS12;RPS15;RPL18;RPL24;RPL5;RPL23;RPL6;EIF3M;EIF3B;EIF3A;RPS4X;RPL10A;RPL32;EIF3E;EIF2B3;RPL7;RPS11;RPL17;EIF3J;RPL37;EIF4A2;RPL21;EIF3K;RPL36A;RPL36AL;EIF1AX;EIF3H;RPLP2
GSE46798_exposure_corrected	prerank	Antigen processing: Ub, ATP-independent proteasomal degradation	-0.4761359277596441	-1.2795594704621696	0.17631917631917632	0.47240215044940603	1.0	12/18	38.81%	PSMA4;PSMA3;PSMB2;PSMB7;PSMB4;PSMA5;PSMB9;PSMA6;PSMA2;PSMB3;PSMB6;PSMB1
GSE46798_exposure_corrected	prerank	Metabolism of folate and pterines	-0.48455474913041496	-1.279192493867958	0.17562254259501967	0.47230167549245355	1.0	5/16	11.48%	DHFR2;DHFR;MTHFD1;MTHFD2;MTHFD1L
GSE46798_exposure_corrected	prerank	NOTCH2 Activation and Transmission of Signal to the Nucleus	-0.4489860172893345	-1.2791112902703596	0.16603295310519645	0.47136407196134594	1.0	8/22	19.78%	RPS27A;NOTCH2;NEURL1;NEURL1B;JAG1;UBC;CNTN1;PSENEN
GSE46798_exposure_corrected	prerank	Disassembly of the destruction complex and recruitment of AXIN to the membrane	-0.43081335458297443	-1.2780915540025377	0.13503649635036497	0.47302261779243465	1.0	15/30	33.07%	DVL3;DVL1;AMER1;APC;WNT1;FRAT1;PPP2R5D;PPP2R5E;GSK3B;PPP2CA;LRP6;LRP5;CSNK1G2;PPP2R1A;FZD1
GSE46798_exposure_corrected	prerank	Nephron development	-0.5069797285769764	-1.2769343623113103	0.1556420233463035	0.47513482078631514	1.0	5/13	15.31%	LHX1;LFNG;IRX1;WNT4;JAG1
GSE46798_exposure_corrected	prerank	RHOU GTPase cycle	-0.40886406571981193	-1.2768170168274238	0.13032886723507917	0.4743583632076647	1.0	18/39	32.38%	SPTAN1;ARHGEF7;EPHA2;USP9X;PAK2;SPTBN1;DLG5;ARHGEF6;PAK4;PAK1;STAM2;RHOU;PIK3R1;MYO6;TXNL1;DST;NCK2;PIK3R2
GSE46798_exposure_corrected	prerank	Kidney development	-0.3983522136904106	-1.2760314968792728	0.11757857974388825	0.47547448817376925	1.0	15/45	16.12%	GDNF;PLAC8;LHX1;SIX1;GFRA1;FOXC2;LFNG;IRX1;SLIT2;PAX8;WNT4;HOXD11;HOXA6;JAG1;RET
GSE46798_exposure_corrected	prerank	Protein-protein interactions at synapses	-0.36652483320969886	-1.2752768748084675	0.10444444444444445	0.4764630338629407	1.0	43/82	37.27%	NRXN2;LRFN4;LRRTM4;GRIA3;SLITRK3;NLGN3;DLGAP4;PTPRD;LRFN3;NLGN1;LIN7A;LRRTM2;GRIA4;GRIN2B;PPFIA3;SYT7;EPB41L2;GRIN2D;NRXN1;NTRK3;SLITRK5;NLGN2;LRRC4B;EPB41L3;PDLIM5;IL1RAPL1;RTN3;SLITRK2;LRRTM3;DLG4;LRFN2;SYT1;SLITRK1;DLG3;PTPRF;DLGAP2;GRIN2C;EPB41L1;PPFIA2;SLITRK4;LRRTM1;DBNL;BEGAIN
GSE46798_exposure_corrected	prerank	CaMK IV-mediated phosphorylation of CREB	-0.543909116828488	-1.2750406936629084	0.16899441340782123	0.4759988863573866	1.0	4/10	19.60%	CREB1;CAMK2D;CAMKK1;CAMK2B
GSE46798_exposure_corrected	prerank	Dectin-2 family	-0.44223248739978394	-1.272124878681138	0.16136919315403422	0.4834107876198147	1.0	7/24	17.79%	FYN;LYN;MUC5B;MUC17;CLEC4A;MUC15;PLCG2
GSE46798_exposure_corrected	prerank	Regulation of commissural axon pathfinding by SLIT and ROBO	-0.5466843017021374	-1.2714454756183406	0.18194640338504936	0.48419134664389885	1.0	6/10	26.07%	NTN1;ROBO1;SLIT2;NELL2;DCC;ROBO2
GSE46798_exposure_corrected	prerank	B-WICH complex positively regulates rRNA expression	-0.4379332983347152	-1.270126558124051	0.1597051597051597	0.48685731389426656	1.0	17/27	45.12%	SMARCA5;TAF1A;DEK;SF3B1;TAF1D;DDX21;KAT2B;POLR1C;GSK3B;POLR1E;TBP;POLR1B;POLR1D;TAF1C;POLR2H;POLR2K;POLR1A
GSE46798_exposure_corrected	prerank	RNA Polymerase II Pre-transcription Events	-0.36085881213343524	-1.2698069953624573	0.12430011198208286	0.4866371367321753	1.0	20/75	20.20%	CTDP1;MLLT3;CDC73;TAF1L;SSRP1;POLR2G;EAF1;LEO1;GTF2F2;NCBP2;GTF2H3;CCNT1;TAF3;TAF9B;TAF4;TAF11;GTF2H5;ELL;GTF2A1;TAF8
GSE46798_exposure_corrected	prerank	Activated NOTCH1 Transmits Signal to the Nucleus	-0.4167869632531423	-1.2695340143249478	0.16507177033492823	0.4862372619140581	1.0	11/31	19.78%	ARRB1;RPS27A;ITCH;NEURL1;NEURL1B;ADAM17;JAG1;DTX2;UBC;CNTN1;PSENEN
GSE46798_exposure_corrected	prerank	Antigen Presentation: Folding, assembly and peptide loading of class I MHC	-0.427489617336697	-1.2694098525318525	0.150920245398773	0.4854736397951554	1.0	15/29	41.09%	ERAP2;PIK3C3;PDIA3;ATG14;B2M;PIK3R4;SEC24B;BCAP31;TAPBP;SEC24A;HLA-G;HLA-E;SEC23A;HLA-C;CANX
GSE46798_exposure_corrected	prerank	Signaling by ALK	-0.43079943153204614	-1.2692364125444766	0.14538558786346398	0.4847960599265234	1.0	12/27	27.88%	PTN;IL2RG;HDAC3;MYC;HDAC2;ALK;HIF1A;PIK3CB;PIK3CA;PLCG1;MYCN;PIK3R1
GSE46798_exposure_corrected	prerank	SHC-mediated cascade:FGFR1	0.3823720164766983	1.2691420491329026	0.15384615384615385	0.8304972659822765	1.0	9/20	17.69%	FGF2;FGF22;FGF20;SOS1;FGFR1;FGF6;FGF3;FGF5;FGF10
GSE46798_exposure_corrected	prerank	Synthesis of IP2, IP, and Ins in the cytosol	0.4028000781174697	1.267847693543874	0.16996047430830039	0.8132343080105652	1.0	3/14	4.92%	INPP5B;INPP4B;INPP5A
GSE46798_exposure_corrected	prerank	Cell Cycle Checkpoints	-0.3251905807753055	-1.2677081798552678	0.048254620123203286	0.4881347175594057	1.0	110/247	35.96%	ORC6;CENPI;MCM8;CLIP1;RPS27;ZWINT;RPS27A;KNL1;TOP3A;RHNO1;RBBP8;UBE2D1;PLK3;RAD17;NUF2;YWHAG;CENPE;DYNC1LI2;BARD1;HUS1;PSMD14;SKA2;PSMA4;UBE2V2;PSMC5;SPDL1;RANGAP1;WEE1;KAT5;TOPBP1;DYNC1I1;YWHAQ;PSMD1;PSMC3;NUP98;MCM7;NUP133;NEK11;KIF2A;YWHAH;DBF4;UBC;SGO1;UBE2N;KNTC1;PSMA3;DYNC1H1;NUP160;RPA3;PSMB2;PPP2R5D;SKP1;FBXW11;ORC4;NBN;RBX1;ORC2;ORC3;SPC24;BUB1B;XPO1;CHEK2;ATM;CDC26;PSMB7;ANAPC4;DYNC1I2;ANAPC15;PPP2R5E;ATRIP;PSMB4;RMI1;CCNA1;RPA1;CKAP5;CENPN;GSK3B;PPP2CA;PSMD11;UIMC1;PSMD13;PSMA5;ADRM1;CENPP;PSMA6;PSMA2;WRN;PPP2R1A;DYNLL1;PSMC6;PSMD2;NSL1;TP53;MDC1;BRIP1;YWHAB;ANAPC1;CDC7;CDKN1B;NUP37;PSMC1;CDK1;PAFAH1B1;BLM;PSMB3;CLASP1;CDC16;SGO2;CENPH;PIAS4
GSE46798_exposure_corrected	prerank	AURKA Activation by TPX2	-0.3641250111710625	-1.2673451788369805	0.13205417607223477	0.4880707918893887	1.0	39/69	42.13%	NINL;HAUS2;YWHAG;CEP152;CEP63;TUBA1A;PCNT;HMMR;TUBB4A;CEP164;DCTN2;DYNC1H1;CEP76;DYNC1I2;CKAP5;CEP70;CEP192;CEP41;CETN2;HSP90AA1;OFD1;CEP57;PPP2R1A;DYNLL1;CDK1;PLK4;DCTN1;PAFAH1B1;CLASP1;PCM1;ODF2;CEP131;CCP110;PRKACA;HAUS7;HAUS1;ACTR1A;CDK5RAP2;CEP290
GSE46798_exposure_corrected	prerank	CDC42 GTPase cycle	-0.3356937520819535	-1.2669659583644197	0.06680584551148225	0.4879997221353895	1.0	62/151	32.65%	ABR;FMNL2;WAS;DIAPH3;ARHGEF25;ARHGEF7;ARAP1;PREX1;ARHGAP5;PAK2;VAV3;KTN1;WIPF3;FGD3;GNA13;SH3PXD2A;ARHGAP24;ARHGAP39;DAAM1;PAK6;ARHGAP22;WDR91;ARHGEF6;SRGAP3;PAK4;FARP1;ARHGAP21;KCTD3;STEAP3;ARHGEF12;ARAP3;PAK1;FNBP1;CDC42EP2;RAB7A;PAK5;ARFGAP2;MAP3K11;ARHGDIB;ARHGAP4;DLC1;CDC42BPB;DOCK11;PLD1;WASL;FGD4;DOCK7;DOCK9;PIK3R1;ARAP2;ARHGAP1;VAV2;ARHGAP10;SNAP23;ARHGAP33;TRIO;FGD1;STOM;LAMTOR1;DOCK10;PIK3R2;RACGAP1
GSE46798_exposure_corrected	prerank	ER-Phagosome pathway	-0.35893918876437925	-1.2668268162926022	0.125	0.4872334662894213	1.0	35/79	33.80%	RPS27A;PDIA3;CD14;PSMD14;PSMA4;PSMC5;PSMD1;PSMC3;S100A9;UBC;PSMA3;B2M;SEC22B;PSMB2;PSMB7;HMGB1;PSMB4;TLR6;PSMD11;PSMD13;PSMA5;PSMB9;ADRM1;PSMA6;PSMA2;TAPBP;SNAP23;FGA;PSMC6;PSMD2;SEC61G;HLA-G;PSMC1;FGG;HLA-E
GSE46798_exposure_corrected	prerank	Regulation of KIT signaling	-0.4932158334591498	-1.2666648696921126	0.16447368421052633	0.4865275705043947	1.0	5/16	10.91%	FYN;LYN;SH2B2;KIT;PRKCA
GSE46798_exposure_corrected	prerank	Regulation of T cell activation by CD28 family	-0.3286881372998767	-1.26634878050182	0.05737704918032787	0.48625609177231677	1.0	96/212	37.17%	TEAD1;VAV1;FYN;LYN;TNRC6C;MAGT1;RPS27A;HLA-DRB3;TEAD3;NFKB2;ERLIN1;YWHAG;AGO1;PSMD14;PIK3CD;PSMA4;PAK2;PSMC5;CREBBP;RBBP7;MYC;PSMD1;PSMC3;AGO3;PIK3CG;STT3B;MTOR;PRKAB2;PRR5;PTPN11;STAT1;UBC;PAK1;PSMA3;CD80;MLST8;PSMB2;PRKAA1;PPP2R5D;SKP1;HIF1A;RBX1;ERLEC1;SEL1L;PIK3CB;RICTOR;PIK3CA;CUL3;PSMB7;HLA-DRA;PPP2R5E;PSMB4;AGO2;MIR148A;GSK3B;RNF185;PPP2CA;CD28;PSMD11;MYCN;PSMD13;PSMA5;PIK3R1;AKT3;ADRM1;PSMA6;PSMA2;AKT1;B3GNT3;RBBP4;SPOP;PDPK1;PPP2R1A;PRKAG1;PSMC6;PSMD2;SUZ12;PIK3R2;RAC1;PSMC1;ICOSLG;PSMB3;MIR152;DDOST;CSK;YES1;HLA-DPB1;TNRC6A;EED;CD3D;CCND1;ASH2L;TUSC3;CSNK2A2;PSMB6;MAPKAP1
GSE46798_exposure_corrected	prerank	Leishmania parasite growth and survival	-0.3617896859682031	-1.2658006759328984	0.1385809312638581	0.48555504527383725	1.0	37/74	36.95%	FCGR3A;ADCY9;IL10;FYN;LYN;GNAZ;CREB1;CYSLTR1;FGR;ADCY1;GNAI3;GNG5;RHBDF2;GNG8;ADAM17;GNB1;GNGT2;PLCG2;PRKAR1A;PRKACB;ADCY8;PLCG1;HCK;GNAI2;GNAI1;CYSLTR2;FCGR2A;ADCY7;CALM1;GNB5;AHCYL1;GNB4;GNG7;ADCY3;YES1;ADCY4;GNB2
GSE46798_exposure_corrected	prerank	Anti-inflammatory response favouring Leishmania parasite infection	-0.3617896859682031	-1.2658006759328984	0.1385809312638581	0.48555504527383725	1.0	37/74	36.95%	FCGR3A;ADCY9;IL10;FYN;LYN;GNAZ;CREB1;CYSLTR1;FGR;ADCY1;GNAI3;GNG5;RHBDF2;GNG8;ADAM17;GNB1;GNGT2;PLCG2;PRKAR1A;PRKACB;ADCY8;PLCG1;HCK;GNAI2;GNAI1;CYSLTR2;FCGR2A;ADCY7;CALM1;GNB5;AHCYL1;GNB4;GNG7;ADCY3;YES1;ADCY4;GNB2
GSE46798_exposure_corrected	prerank	SRP-dependent cotranslational protein targeting to membrane	-0.3455856728072941	-1.2653567421497338	0.09498399146211313	0.48571829179392323	1.0	42/111	33.52%	RPS28;RPS4Y1;SRP9;RPS27;RPS27A;RPS12;RPS15;RPL18;SRP72;RPL24;RPL5;RPL23;RPL6;RPS4X;RPL10A;RPL32;SPCS2;RPL7;SRPRA;RPS11;RPL17;RPL37;RPL21;RPL36A;RPL36AL;SRP14;RPLP2;SRP19;RPL11;RPL9;SEC11A;SEC11C;RPS8;RPS23;TRAM1;RPS13;RPS20;SEC61G;SSR1;RPS2;SPCS1;RPL4
GSE46798_exposure_corrected	prerank	Signaling by Leptin	-0.5277792376500118	-1.2652222989141775	0.19694868238557559	0.48499714179290776	1.0	4/11	20.43%	LEP;PTPN11;LEPR;SOCS3
GSE46798_exposure_corrected	prerank	Regulation of TP53 Degradation	-0.4098777135967565	-1.264338966282508	0.1437125748502994	0.48646386464970826	1.0	23/36	38.13%	RPS27A;MTOR;CCNG1;PRR5;UBC;USP7;MLST8;CHEK2;ATM;RICTOR;CCNA1;PPP2CA;AKT3;AKT1;USP2;PDPK1;PPP2R1A;RFFL;TP53;CDK1;MAPKAP1;DAXX;MDM4
GSE46798_exposure_corrected	prerank	mRNA Polyadenylation	-0.3411872036200826	-1.2638183421123959	0.08907741251325557	0.48677942051944084	1.0	32/126	22.61%	HNRNPU;HNRNPA2B1;CSTF3;RPS27A;SRSF11;NUDT21;POLR2G;SRRM2;SF3B1;HNRNPH1;GTF2F2;NCBP2;CPSF3;WDR33;CPSF6;SRSF3;PCBP1;CLP1;HNRNPD;SF3B3;SNRPC;UBC;DDX5;SRSF1;HNRNPC;SNRPD1;HNRNPH2;RBM25;HNRNPF;CDC40;HNRNPR;PRPF40A
GSE46798_exposure_corrected	prerank	Recognition of DNA damage by PCNA-containing replication complex	-0.42134598115530886	-1.26365790375205	0.16129032258064516	0.48616018319307447	1.0	12/30	27.33%	RPS27A;WDR48;RFC1;CUL4B;RAD18;UBC;RPA3;POLD3;RBX1;CUL4A;RPA1;POLE2
GSE46798_exposure_corrected	prerank	Condensation of Prometaphase Chromosomes	0.44966186762878124	1.2634307894807453	0.1888111888111888	0.8081605886753898	1.0	4/11	17.80%	SMC4;NCAPH;SMC2;CCNB1
GSE46798_exposure_corrected	prerank	CaM pathway	-0.40249355493388894	-1.2623831280488274	0.15042117930204574	0.4875654459118042	1.0	13/34	23.54%	ADCY9;CREB1;NBEA;ADCY1;PRKCA;CAMK2D;PDE1A;CAMKK1;PRKAR1A;PRKACB;CAMK2B;ADCY8;PDE1B
GSE46798_exposure_corrected	prerank	Calmodulin induced events	-0.40249355493388894	-1.2623831280488274	0.15042117930204574	0.4875654459118042	1.0	13/34	23.54%	ADCY9;CREB1;NBEA;ADCY1;PRKCA;CAMK2D;PDE1A;CAMKK1;PRKAR1A;PRKACB;CAMK2B;ADCY8;PDE1B
GSE46798_exposure_corrected	prerank	Signaling by ALK fusions and activated point mutants	-0.354477914258564	-1.2622386164262442	0.10572687224669604	0.4858373355514006	1.0	39/90	34.29%	IL10;RNF213;TNRC6C;RPS27A;BCL11A;ATIC;EIF2AK3;AGO1;MCL1;IL22;STRN;MSN;AGO3;ALK;BCL2A1;MAPK9;STAT1;UBC;FRS3;WDCP;SKP1;PRKAR1A;RBX1;PIK3CB;PIK3CA;PLCG1;VCL;AGO2;HIP1;KIF5B;PIK3R1;ZAP70;TP53;PIK3R2;ZC3HC1;BIRC6;MAPK8;DCTN1;EML4
GSE46798_exposure_corrected	prerank	Signaling by ALK in cancer	-0.354477914258564	-1.2622386164262442	0.10572687224669604	0.4858373355514006	1.0	39/90	34.29%	IL10;RNF213;TNRC6C;RPS27A;BCL11A;ATIC;EIF2AK3;AGO1;MCL1;IL22;STRN;MSN;AGO3;ALK;BCL2A1;MAPK9;STAT1;UBC;FRS3;WDCP;SKP1;PRKAR1A;RBX1;PIK3CB;PIK3CA;PLCG1;VCL;AGO2;HIP1;KIF5B;PIK3R1;ZAP70;TP53;PIK3R2;ZC3HC1;BIRC6;MAPK8;DCTN1;EML4
GSE46798_exposure_corrected	prerank	DAG and IP3 signaling	-0.3890292972846879	-1.2619925539712262	0.14167650531286896	0.48541896832100384	1.0	15/40	23.54%	ADCY9;CREB1;NBEA;ADCY1;PRKCA;CAMK2D;PRKCE;PDE1A;CAMKK1;PRKAR1A;PRKACB;CAMK2B;ADCY8;PLCG1;PDE1B
GSE46798_exposure_corrected	prerank	HATs acetylate histones	-0.3632742108964437	-1.2618797263504524	0.10650224215246637	0.48457201004872147	1.0	40/77	44.48%	ATXN7;MSL3;KAT7;OGT;DR1;EP400;CREBBP;EPC1;KAT5;RBBP7;SUPT3H;RUVBL2;MORF4L1;NCOA2;KAT2B;YEATS2;PAX3;MEAF6;USP22;HCFC1;TAF12;ELP2;BRPF3;KAT6A;MSL1;JADE1;DMAP1;ZZZ3;ING4;KANSL1;ENY2;MORF4L2;ELP3;MSL2;ELP4;ACTL6A;PHF20;RUVBL1;YEATS4;HAT1
GSE46798_exposure_corrected	prerank	ESR-mediated signaling	-0.33057031731090786	-1.2617388480268297	0.06528497409326425	0.48388873083387873	1.0	74/159	36.95%	KDM4B;CREB1;TNRC6C;EREG;KCTD6;POLR2G;STAG2;AGO1;GTF2F2;CREBBP;CCNT1;PTGES3;GNAI3;PTK2;KAT5;GNG5;MYC;FOXA1;STRN;AGO3;NCOA3;GNG8;CBFB;TFF1;GNB1;UHMK1;NCOA2;CXXC5;ZNF217;GNGT2;DDX5;CXCL12;KAT2B;HRAS;GTF2A1;XPO1;PIK3CA;MED1;SPHK1;MMP2;NRIP1;ZDHHC7;YY1;CHD1;CARM1;AGO2;GNAI2;RAD21;HSP90AA1;PIK3R1;GNAI1;AKT3;AKT1;FKBP4;PDPK1;CALM1;BCL2;GNB5;POU2F1;MMP9;PIK3R2;CDKN1B;TBP;FKBP5;MMP3;GTF2A2;GNB4;GNG7;TNRC6A;SHC1;CAV2;KDM1A;CCND1;GNB2
GSE46798_exposure_corrected	prerank	SARS-CoV-2 modulates host translation machinery	-0.380746412319725	-1.2611397542312202	0.136986301369863	0.484410823004582	1.0	7/50	4.53%	RPS28;RPS4Y1;RPS27;RPS27A;RPS12;RPS15;GEMIN6
GSE46798_exposure_corrected	prerank	Platelet Adhesion to exposed collagen	-0.4923606019189224	-1.2609055924674053	0.1984126984126984	0.48396138316855986	1.0	5/15	13.46%	FYN;LYN;GP9;COL1A2;GP5
GSE46798_exposure_corrected	prerank	Activation of SMO	-0.4759538276617141	-1.2603949339882339	0.170076726342711	0.48430084886929664	1.0	7/17	29.49%	IHH;ARRB1;KIF3A;DHH;EVC2;ARRB2;SMO
GSE46798_exposure_corrected	prerank	MAP3K8 (TPL2)-dependent MAPK1/3 activation	-0.49009892791691667	-1.2602581324602369	0.1802168021680217	0.4836266255961025	1.0	6/16	19.83%	RPS27A;TNIP2;UBC;SKP1;FBXW11;MAP2K4
GSE46798_exposure_corrected	prerank	Regulation of TP53 Expression and Degradation	-0.40627799656038477	-1.2600960114660555	0.14558472553699284	0.4829907935295035	1.0	23/37	38.13%	RPS27A;MTOR;CCNG1;PRR5;UBC;USP7;MLST8;CHEK2;ATM;RICTOR;CCNA1;PPP2CA;AKT3;AKT1;USP2;PDPK1;PPP2R1A;RFFL;TP53;CDK1;MAPKAP1;DAXX;MDM4
GSE46798_exposure_corrected	prerank	HCMV Infection	-0.3494076201342873	-1.2599361319626325	0.09251101321585903	0.4823624899410778	1.0	39/100	33.20%	NUP35;CREB1;VPS4A;NUP188;NUP88;HDAC3;DYNC1LI2;CHMP4A;TUBA1A;VPS36;TUBB4A;TUBA8;RBBP7;DYNC1I1;NUP98;NUP133;TUBB2B;TBL1XR1;NCOR2;TUBA3E;VPS37B;DYNC1H1;NUP160;NUP93;DYNC1I2;CHMP4C;CHMP4B;MVB12B;CBX1;NUP214;RBBP4;AAAS;DYNLL1;TUBA1B;ITGB1;POM121C;SUZ12;NUP37;VPS37A
GSE46798_exposure_corrected	prerank	Pausing and recovery of Tat-mediated HIV elongation	-0.4243417143584542	-1.2593103643464596	0.1668726823238566	0.48196508288548634	1.0	5/27	9.18%	CTDP1;SSRP1;POLR2G;GTF2F2;CCNT1
GSE46798_exposure_corrected	prerank	Tat-mediated HIV elongation arrest and recovery	-0.4243417143584542	-1.2593103643464596	0.1668726823238566	0.48196508288548634	1.0	5/27	9.18%	CTDP1;SSRP1;POLR2G;GTF2F2;CCNT1
GSE46798_exposure_corrected	prerank	Interleukin-12 signaling	-0.38870901980928807	-1.259266026389036	0.14982164090368608	0.48100873422112295	1.0	17/45	24.35%	IL10;HNRNPA2B1;PDCD4;MTAP;IL12RB2;TCP1;PAK2;CAPZA1;PITPNA;MSN;GSTO1;ANXA2;LMNB1;STAT4;HNRNPF;RALA;SOD2
GSE46798_exposure_corrected	prerank	Ephrin signaling	-0.4619881926886289	-1.2585490894325753	0.1625487646293888	0.48200990770543756	1.0	13/19	46.19%	FYN;ARHGEF7;PAK2;EPHB1;PAK1;EFNB1;NCK2;RAC1;EPHB2;EPHB6;GIT1;SDCBP;EFNB3
GSE46798_exposure_corrected	prerank	Diseases of Immune System	0.3293890595748769	1.2584662278903174	0.14689265536723164	0.8048595247627347	1.0	3/35	2.10%	IRAK4;TLR10;S100A8
GSE46798_exposure_corrected	prerank	G2/M Transition	-0.3277249615759441	-1.256246674231021	0.0694300518134715	0.4876429246503776	1.0	82/183	37.09%	NINL;PPP1R12B;CDK11A;LIN54;RPS27A;HAUS2;YWHAG;CEP152;PSMD14;LIN52;PSMA4;CEP63;BORA;PSMC5;TUBA1A;WEE1;PCNT;PPP1R12A;HMMR;TUBB4A;TUBA8;OPTN;PSMD1;PSMC3;TUBB2B;MIS18BP1;CEP164;DCTN2;TUBA3E;UBC;SGO1;PSMA3;DYNC1H1;PSMB2;SKP1;FBXW11;PHLDA1;RBX1;CEP76;XPO1;PSMB7;DYNC1I2;PSMB4;CCNA1;CKAP5;CEP70;CEP192;PPP2CA;PSMD11;CEP41;PSMD13;PSMA5;CETN2;HSP90AA1;ADRM1;PSMA6;PSMA2;NME7;RBBP4;OFD1;TUBGCP4;CEP57;PPP2R1A;DYNLL1;PSMC6;TUBA1B;PSMD2;TP53;PSMC1;CDK1;PLK4;DCTN1;PAFAH1B1;CCNH;PSMB3;CLASP1;CDC25B;MNAT1;PCM1;ODF2;PSMB6;CEP131
GSE46798_exposure_corrected	prerank	Deadenylation of mRNA	-0.44207335052479235	-1.2541547873448222	0.17861635220125785	0.49260535628335195	1.0	15/22	43.76%	CNOT4;PAN2;PAN3;TNKS1BP1;EIF4A2;CNOT11;PABPC1;CNOT9;CNOT3;CNOT1;EIF4B;EIF4A1;CNOT7;PAIP1;PARN
GSE46798_exposure_corrected	prerank	Phospholipase C-mediated cascade; FGFR2	0.38229038481110833	1.2528897559192822	0.16115702479338842	0.8033737262224847	1.0	8/18	17.69%	FGF2;FGF22;FGF20;FGF6;FGF7;FGF3;FGF5;FGF10
GSE46798_exposure_corrected	prerank	Regulation of PD-L1(CD274) Post-translational modification	-0.35403144676213505	-1.2524832359263074	0.11	0.4963150329456121	1.0	42/82	37.06%	MAGT1;RPS27A;ERLIN1;YWHAG;PSMD14;PSMA4;PSMC5;PSMD1;PSMC3;STT3B;PRKAB2;UBC;PSMA3;PSMB2;PRKAA1;SKP1;RBX1;ERLEC1;SEL1L;CUL3;PSMB7;PSMB4;GSK3B;RNF185;PSMD11;PSMD13;PSMA5;ADRM1;PSMA6;PSMA2;B3GNT3;SPOP;PRKAG1;PSMC6;PSMD2;PSMC1;PSMB3;DDOST;CCND1;TUSC3;CSNK2A2;PSMB6
GSE46798_exposure_corrected	prerank	RHO GTPase Effectors	-0.3190522847911742	-1.2520565593852666	0.04056795131845842	0.4964181852874602	1.0	133/259	42.54%	PPP1R12B;PIK3C3;ROCK2;CENPI;DVL3;CTTN;CLIP1;RPS27;ZWINT;FMNL2;KNL1;WAS;DIAPH3;DVL1;NUF2;YWHAG;PRKCB;CENPE;DIAPH2;DYNC1LI2;SKA2;PAK2;SPDL1;KTN1;WIPF3;RANGAP1;TUBA1A;PPP1R12A;PTK2;TUBB4A;TUBA8;PKN2;PRKCA;DYNC1I1;YWHAQ;NUP98;CYFIP2;NUP133;TUBB2B;WASF1;DAAM1;KIF2A;YWHAH;S100A9;TUBA3E;NCOA2;PAK1;RHOQ;MYH14;SGO1;PRC1;RHOB;KNTC1;DYNC1H1;NUP160;ROCK1;PPP2R5D;RHOA;ARPC2;PKN1;SPC24;BUB1B;XPO1;KDM4C;MYH11;KIF5A;DYNC1I2;PPP2R5E;FLNA;PFN1;PIK3R4;ARPC5;CKAP5;NCKIPSD;CENPN;ACTR3;PPP2CA;ABI2;WASL;NCKAP1L;KIF5B;DLG4;RHPN1;CENPP;BRK1;PDPK1;PPP2R1A;DYNLL1;CALM1;TUBA1B;SCAI;ITGB1;NSL1;YWHAB;RHOC;RAC1;CDKN1B;NUP37;CFTR;PAFAH1B1;ABL1;CTNNA1;CLASP1;GOPC;IQGAP2;SGO2;CENPH;KDM1A;BUB3;RTKN;CDC42;NDEL1;YWHAZ;DVL2;CYBB;WASF3;NOXO1;SRF;NUP107;DSN1;INCENP;RHOG;NCF2;NCKAP1;KLC1;ACTR2;NDC80;IQGAP3;MAPK3;BAIAP2;CENPF;PPP2R1B;KIF14
GSE46798_exposure_corrected	prerank	Activation of APC/C and APC/C:Cdc20 mediated degradation of mitotic proteins	-0.3685126276320754	-1.2513004250112487	0.1319052987598647	0.4975365619561496	1.0	35/62	40.02%	RPS27A;UBE2D1;PSMD14;PSMA4;PSMC5;PSMD1;PSMC3;UBC;PSMA3;PSMB2;BUB1B;CDC26;PSMB7;ANAPC4;ANAPC15;PSMB4;CCNA1;PSMD11;PSMD13;PSMA5;ADRM1;PSMA6;PSMA2;PSMC6;PSMD2;ANAPC1;PSMC1;CDK1;PSMB3;CDC16;BUB3;PSMB6;PTTG1;PSMB1;UBE2E1
GSE46798_exposure_corrected	prerank	Signaling by Interleukins	-0.31146797816410815	-1.2512755879289403	0.018036072144288578	0.49651949712231563	1.0	168/433	32.38%	IL1B;IL33;IL1RL1;IL10;MAOA;FOXO1;HNRNPA2B1;PELI3;VAV1;PDCD4;FYN;LYN;CREB1;IL20;OPRD1;SMAD3;RPS27A;MTAP;IL2RG;FCER2;NFKB2;IL12RB2;GAB2;BCL2L1;SDC1;MAPK7;SAA1;CSF2RA;ALOX5;F13A1;TRAF6;CSF2RB;LAMA5;PTPN20;PTAFR;CCL5;PTPN13;PSMD14;IL18;RORC;CCR5;PIK3CD;PSMA4;RPS6KA2;TCP1;PAK2;CAPZA1;RAPGEF1;CLCF1;PSMC5;MCL1;SMARCA4;IL22;PTPN4;TNIP2;STX3;CCR1;RORA;SOCS2;VCAM1;CTF1;CSF1R;NDN;LRRC14;SIGIRR;IL17A;COL1A2;MYC;PITPNA;MSN;PSMD1;PSMC3;IL5RA;FSCN1;PTPN23;MAPK9;GSTO1;MAP3K7;PTPN11;S100A12;STAT1;UBC;DUSP6;PRTN3;IL6ST;UBE2N;STAT6;S1PR1;PSMA3;CD80;SNAP25;ANXA2;IL21;PSMB2;PPP2R5D;SKP1;LMNB1;FBXW11;IL25;STAT4;HIF1A;VAMP2;TBK1;MAP2K4;SOX2;RBX1;SOCS3;MAPKAPK3;IL9;CCL11;HNRNPF;PIK3CB;IL7;IL6R;PIK3CA;CSF3R;PSMB7;ICAM1;MMP2;HCK;HMGB1;PSMB4;BRWD1;RALA;TSLP;SOD2;CBL;IL1RAPL1;PTPN9;PPP2CA;VEGFA;RHOU;CCL3;PSMD11;ZEB1;IL3RA;IL32;MAP3K3;PSMD13;PSMA5;IL23A;HSP90AA1;PIK3R1;PTPN7;ADRM1;PSMA6;PSMA2;AKT1;ALOX15;CASP3;CXCL8;USP14;IL18RAP;PTGS2;PPP2R1A;VIM;PSMC6;IL2;BCL2;PSMD2;ITGB1;POU2F1;TP53;MMP9;IL13RA2;HAVCR2;JAK2;PIK3R2
GSE46798_exposure_corrected	prerank	Regulation of necroptotic cell death	-0.41886277455584164	-1.2505475105213841	0.1433915211970075	0.4964502228023428	1.0	5/30	6.11%	BIRC3;CFLAR;RPS27A;ITCH;OGT
GSE46798_exposure_corrected	prerank	RIPK1-mediated regulated necrosis	-0.41886277455584164	-1.2505475105213841	0.1433915211970075	0.4964502228023428	1.0	5/30	6.11%	BIRC3;CFLAR;RPS27A;ITCH;OGT
GSE46798_exposure_corrected	prerank	HSF1-dependent transactivation	0.3321489799490418	1.2495185073901454	0.1511627906976744	0.7952637758586467	1.0	8/38	7.49%	CRYAB;RLN1;HSPA6;HSPA2;SERPINH1;HSPB2;DNAJB1;UBB
GSE46798_exposure_corrected	prerank	TICAM1,TRAF6-dependent induction of TAK1 complex	-0.5234826270139703	-1.2492482542681225	0.1868279569892473	0.49891136187365615	1.0	4/11	15.92%	RPS27A;TRAF6;MAP3K7;UBC
GSE46798_exposure_corrected	prerank	Regulation of APC/C activators between G1/S and early anaphase	-0.3652695690116051	-1.2492190859151777	0.13851351351351351	0.4979092235311417	1.0	33/66	37.06%	RPS27A;UBE2D1;PSMD14;PSMA4;PSMC5;PSMD1;PSMC3;UBC;PSMA3;PSMB2;SKP1;BUB1B;CDC26;PSMB7;ANAPC4;ANAPC15;PSMB4;CCNA1;PSMD11;PSMD13;PSMA5;ADRM1;PSMA6;PSMA2;PSMC6;PSMD2;ANAPC1;PSMC1;CDK1;PSMB3;CDC16;BUB3;PSMB6
GSE46798_exposure_corrected	prerank	FGFR1 ligand binding and activation	0.3914929285819306	1.2486074797628095	0.18181818181818182	0.7801210246512832	1.0	10/17	21.19%	FGF2;FGF22;FGF20;FGFR1;FGF6;FGF3;FGF5;FGF10;TGFBR3;FGF4
GSE46798_exposure_corrected	prerank	FOXO-mediated transcription	-0.36892871324566107	-1.2474655151434575	0.14055299539170507	0.5020246231743387	1.0	29/65	32.78%	FOXO1;STK11;TRIM63;SMAD3;FOXO6;SIRT3;PLXNA4;YWHAG;FOXG1;CREBBP;HDAC2;YWHAQ;PINK1;IGFBP1;CAT;KAT2B;BBC3;SOD2;BTG1;TXNIP;AKT3;AKT1;FOXO4;SMAD2;GCK;INS;YWHAB;BCL6;CDKN1B
GSE46798_exposure_corrected	prerank	Cellular response to hypoxia	0.2909940214865635	1.2472918819881866	0.13559322033898305	0.766389134497841	1.0	1/58	0.00%	EPO
GSE46798_exposure_corrected	prerank	Disorders of Developmental Biology	-0.45777103096441263	-1.2472580537695934	0.20599739243807041	0.5015635356206185	1.0	4/18	13.68%	KMT2D;HDAC3;TBL1XR1;NCOR2
GSE46798_exposure_corrected	prerank	Carboxyterminal post-translational modifications of tubulin	-0.3889901498153209	-1.2467797752949898	0.15846338535414164	0.5019234872313959	1.0	14/42	22.76%	VASH2;AGBL1;TUBA1A;TUBB4A;TTL;TUBA8;TUBB2B;TTLL4;TUBA3E;TTLL1;VASH1;TPGS2;LRRC49;TTLL7
GSE46798_exposure_corrected	prerank	Oncogenic MAPK signaling	-0.3585590790044174	-1.24646473239326	0.13267543859649122	0.5017611722145588	1.0	37/79	33.76%	FXR1;ARRB1;FAM131B;AGK;KDM7A;CNKSR2;KIAA1549;DUSP9;MAP2K2;NF1;CAMK2D;PAPSS1;DUSP8;DUSP6;KSR2;TRIM24;QKI;FAM114A2;HRAS;SHOC2;CAMK2B;VCL;MAP3K11;AGGF1;MARK3;AP3B1;ARRB2;DUSP16;CNKSR1;FGA;CALM1;MPRIP;TRAK1;YWHAB;JAK2;ZC3HAV1;FGG
GSE46798_exposure_corrected	prerank	Pausing and recovery of HIV elongation	-0.41593094680564474	-1.2461195349096743	0.17589175891758918	0.5005909416284474	1.0	5/28	9.18%	CTDP1;SSRP1;POLR2G;GTF2F2;CCNT1
GSE46798_exposure_corrected	prerank	HIV elongation arrest and recovery	-0.41593094680564474	-1.2461195349096743	0.17589175891758918	0.5005909416284474	1.0	5/28	9.18%	CTDP1;SSRP1;POLR2G;GTF2F2;CCNT1
GSE46798_exposure_corrected	prerank	Mitotic G2-G2/M phases	-0.3241269381881882	-1.246108168167492	0.08032955715756952	0.4995641125072462	1.0	96/185	42.53%	NINL;PPP1R12B;CDK11A;LIN54;RPS27A;HAUS2;YWHAG;CEP152;PSMD14;LIN52;PSMA4;CEP63;BORA;PSMC5;TUBA1A;WEE1;PCNT;PPP1R12A;HMMR;TUBB4A;TUBA8;OPTN;PSMD1;PSMC3;TUBB2B;MIS18BP1;CEP164;DCTN2;TUBA3E;UBC;SGO1;PSMA3;DYNC1H1;PSMB2;SKP1;FBXW11;PHLDA1;RBX1;CEP76;XPO1;PSMB7;DYNC1I2;PSMB4;CCNA1;CKAP5;CEP70;CEP192;PPP2CA;PSMD11;CEP41;PSMD13;PSMA5;CETN2;HSP90AA1;ADRM1;PSMA6;PSMA2;NME7;RBBP4;OFD1;TUBGCP4;CEP57;PPP2R1A;DYNLL1;PSMC6;TUBA1B;PSMD2;TP53;PSMC1;CDK1;PLK4;DCTN1;PAFAH1B1;CCNH;PSMB3;CLASP1;CDC25B;MNAT1;PCM1;ODF2;PSMB6;CEP131;CCP110;PRKACA;PSMB1;HAUS7;CCNB2;E2F3;HAUS1;ACTR1A;E2F1;TUBGCP2;CDK5RAP2;CEP290;CENPF;PPP2R1B
GSE46798_exposure_corrected	prerank	Assembly of the pre-replicative complex	-0.36097245215585655	-1.2460689815109525	0.13258426966292136	0.49862917642819793	1.0	35/71	35.58%	ORC6;MCM8;RPS27A;UBE2D1;PSMD14;PSMA4;PSMC5;PSMD1;PSMC3;MCM7;UBC;GMNN;PSMA3;PSMB2;ORC4;ORC2;ORC3;CDC26;PSMB7;ANAPC4;KPNB1;ANAPC15;PSMB4;PSMD11;PSMD13;PSMA5;ADRM1;PSMA6;PSMA2;PSMC6;PSMD2;ANAPC1;PSMC1;PSMB3;CDC16
GSE46798_exposure_corrected	prerank	Sulfur amino acid metabolism	-0.42566106359319533	-1.2458801205772405	0.17063989962358847	0.4981014155162722	1.0	5/27	8.96%	SLC25A10;MTAP;TSTD1;MTR;CDO1
GSE46798_exposure_corrected	prerank	Phase I - Functionalization of compounds	0.26366278459913456	1.2457709406984665	0.12	0.7544450462755812	1.0	10/99	4.86%	CYP26C1;CYP21A2;CYP4F3;CYP3A5;AIP;AOC2;CYP26A1;CYP3A4;CYP2C18;CYP4A22
GSE46798_exposure_corrected	prerank	Ca-dependent events	-0.3944320701029723	-1.245591785040051	0.1656590084643289	0.4979179009313426	1.0	13/36	23.54%	ADCY9;CREB1;NBEA;ADCY1;PRKCA;CAMK2D;PDE1A;CAMKK1;PRKAR1A;PRKACB;CAMK2B;ADCY8;PDE1B
GSE46798_exposure_corrected	prerank	GABA receptor activation	-0.37342626702043563	-1.2448427916747025	0.1359447004608295	0.4990133804902601	1.0	28/57	36.95%	ADCY9;KCNJ2;GABRB3;GABRA2;NPTN;GABBR2;ADCY1;GNAI3;GNG5;KCNJ16;GNG8;GNB1;GNGT2;KCNJ3;ADCY8;GNAI2;GABRA5;GNAI1;ADCY7;GNB5;KCNJ6;GABRB2;GABRA1;GNB4;GNG7;ADCY3;ADCY4;GNB2
GSE46798_exposure_corrected	prerank	Processing of Capped Intron-Containing Pre-mRNA	-0.3182116930735717	-1.244412068446178	0.05583756345177665	0.49909140082366393	1.0	150/288	46.70%	PDCD7;NUP35;HNRNPU;HNRNPA2B1;CSTF3;RPS27A;SF1;WBP4;ZCRB1;LUC7L3;METTL3;NUP188;DHX8;SRSF11;NUP88;NUDT21;POLR2G;SRRM2;BCAS2;SNRNP200;SNU13;SNRNP35;SF3B1;DDX23;HNRNPH1;GTF2F2;NCBP2;ZMAT2;CPSF3;PPIL3;WDR33;CPSF6;CWC22;SRSF3;GPATCH1;NUP98;PCBP1;ZRSR2;NUP133;CLP1;HNRNPD;SF3B3;XAB2;SNRPC;UBC;SARNP;DDX5;PPWD1;NUP160;SRSF1;HNRNPC;SNRPD1;HNRNPH2;GLE1;RBM25;NUP93;GCFC2;SRRM1;HNRNPF;WTAP;CDC40;CASC3;PRKRIP1;HNRNPR;SNW1;PRPF40A;LSM6;THOC7;DDX39B;PTBP1;THOC1;AQR;SAP18;LUZP4;LENG1;NUP214;IK;SRSF10;SNRNP27;PABPN1;TFIP11;SDE2;SRSF6;SNRPF;AAAS;UPF3B;LSM3;MAGOH;PAPOLA;SLU7;POM121C;RBM10;PPIL1;RNF113A;DHX15;HNRNPA3;NUP37;PPIH;NUP205;CSTF2T;DHX35;SF3B4;PRPF38A;DDX41;SNRPB2;PRCC;SNRPA1;SRSF4;SRSF5;SMNDC1;SNRNP40;NUP62;SNRPD3;NUP107;USP39;HNRNPM;CWC15;POLR2B;POLR2H;PRPF6;SNRNP70;CWF19L2;FAM32A;SRSF12;CPSF1;NUP210;SNRPE;PPP1R8;CWC27;CPSF4;LSM2;MAGOHB;WDR70;SNIP1;NUP155;DHX38;RBM39;POLR2K;POLDIP3;NUP43;FYTTD1;NUP58;PRPF31;SYMPK;PCBP2;LSM5;EFTUD2;POLR2A;CCAR1;CHTOP
GSE46798_exposure_corrected	prerank	Neurotransmitter receptors and postsynaptic signal transmission	-0.32399203214544775	-1.2443360321996197	0.07046632124352331	0.4982383188543325	1.0	54/198	22.06%	CHRNA5;ADCY9;KCNJ2;GABRB3;CREB1;GABRA2;HTR3A;CACNG4;ARHGEF7;NPTN;NBEA;GRIA3;PRKCB;TSPAN7;GLRA2;RPS6KA2;GABBR2;ADCY1;TUBA1A;GNAI3;TUBB4A;TUBA8;GNG5;NSF;PRKCA;CAMK2D;KCNJ16;LIN7A;TUBB2B;PRKAB2;GRIA4;GNG8;GRIP1;GNB1;CHRNA6;GRIN2B;TUBA3E;AP2A1;GNGT2;GRIK4;CAMKK1;GRIA2;PRKAA1;PRKAR1A;GRIN2D;HRAS;PRKACB;KCNJ3;CAMK2B;NEFL;HTR3B;NRG1;PPM1F;ADCY8
GSE46798_exposure_corrected	prerank	RNA Polymerase I Transcription Initiation	-0.3934604275827785	-1.2439285253496613	0.15695600475624258	0.49838413504120627	1.0	27/43	46.44%	TAF1A;GTF2H3;TAF1D;RBBP7;HDAC2;MTA1;KAT2B;UBTF;GTF2H5;CHD4;POLR1C;RBBP4;POLR1E;GATAD2A;TBP;CCNH;GTF2H1;MNAT1;POLR1B;POLR1D;MTA3;TAF1C;POLR2H;POLR2K;POLR1A;ERCC2;HDAC1
GSE46798_exposure_corrected	prerank	Creation of C4 and C2 activators	0.4112486073737744	1.2424024265482592	0.2029520295202952	0.7486108110488005	1.0	3/13	4.53%	MASP2;C1QC;C1QB
GSE46798_exposure_corrected	prerank	Response to metal ions	-0.4902364419019245	-1.2423097278367883	0.19315068493150686	0.5020798703629276	1.0	3/14	12.72%	MT1G;MT1A;MT1F
GSE46798_exposure_corrected	prerank	Apoptosis	-0.3303022369346664	-1.241978004371052	0.09483667017913593	0.5019323174996823	1.0	79/155	37.74%	CFLAR;RPS27A;SPTAN1;BCL2L1;YWHAG;CD14;UACA;PSMD14;PSMA4;PAK2;PSMC5;NMT1;PTK2;APC;ADD1;YWHAQ;SATB1;PSMD1;TP53BP2;PSMC3;DAPK1;OPA1;YWHAH;APAF1;DNM1L;UBC;OMA1;PSMA3;ROCK1;PSMB2;BIRC2;PPP3R1;LMNB1;BBC3;DSP;OCLN;PSMB7;KPNB1;HMGB1;PSMB4;CASP6;HMGB2;GSN;DCC;PSMD11;BCAP31;RIPK1;PSMD13;PSMA5;AKT3;ADRM1;PSMA6;PSMA2;AKT1;UNC5A;CASP3;CARD8;ARHGAP10;UNC5B;VIM;DFFA;DYNLL1;PSMC6;TICAM1;BCL2;PSMD2;TP53;YWHAB;PSMC1;MAPK8;PSMB3;AVEN;TICAM2;CASP9;PSMB6;DBNL;DSG2;GAS2;CYCS
GSE46798_exposure_corrected	prerank	STAT3 nuclear events downstream of ALK signaling	-0.536319572615347	-1.2403656021303788	0.20970042796005706	0.5054225085199495	1.0	4/10	19.37%	IL2RG;HDAC3;HDAC2;HIF1A
GSE46798_exposure_corrected	prerank	Glyoxylate metabolism and glycine degradation	0.3770496375380434	1.239662194633427	0.16666666666666666	0.7404243293660914	1.0	6/18	15.03%	AGXT2;AGXT;HOGA1;OGDH;GNMT;HAO1
GSE46798_exposure_corrected	prerank	Processing of Capped Intronless Pre-mRNA	-0.4127524438425979	-1.2390048209276447	0.181044957472661	0.507256650000121	1.0	7/29	13.41%	CSTF3;NUDT21;NCBP2;CPSF3;WDR33;CPSF6;CLP1
GSE46798_exposure_corrected	prerank	RNA Polymerase II Transcription Termination	-0.4127524438425979	-1.2390048209276447	0.181044957472661	0.507256650000121	1.0	7/29	13.41%	CSTF3;NUDT21;NCBP2;CPSF3;WDR33;CPSF6;CLP1
GSE46798_exposure_corrected	prerank	Cargo concentration in the ER	0.3155399898076414	1.2385419129489952	0.16666666666666666	0.7282663730777382	1.0	4/32	3.52%	MIA2;CTSZ;FOLR1;F8
GSE46798_exposure_corrected	prerank	PRC2 methylates histones and DNA	-0.48255151530432727	-1.2376340054270696	0.20264900662251656	0.5100946852306008	1.0	9/14	36.19%	RBBP7;AEBP2;DNMT3B;MTF2;JARID2;PHF19;RBBP4;SUZ12;EED
GSE46798_exposure_corrected	prerank	ER Quality Control Compartment (ERQC)	-0.4497162300997513	-1.235453067298025	0.20358514724711907	0.5154532888006698	1.0	10/20	29.98%	TRIM13;RPS27A;EDEM3;AMFR;UBC;RNF139;SEL1L;RNF185;MAN1B1;EDEM1
GSE46798_exposure_corrected	prerank	SWI/SNF chromatin remodelers	-0.4223771921641496	-1.2353042972927832	0.18392204628501826	0.5147807884905528	1.0	16/28	32.28%	BCL11A;DPF2;SMARCA2;SMARCD1;SMARCA4;DPF3;SMARCE1;BRD7;SMARCD3;BRD9;SMARCC2;ACTL6B;SMARCB1;SS18L1;ARID2;ARID1A
GSE46798_exposure_corrected	prerank	Regulation of TP53 Activity through Acetylation	-0.42073307422011724	-1.2351173582630883	0.17676143386897405	0.5143264585431451	1.0	14/27	31.49%	PIP4K2A;RBBP7;HDAC2;BRD7;CHD4;MEAF6;PIP4K2C;BRPF3;AKT3;AKT1;RBBP4;GATAD2A;KAT6A;TP53
GSE46798_exposure_corrected	prerank	SRC activates STAT3 in a quantitative manner, through Cadherin-11 (CDH11), RAC1 and gp130 (IL6ST)	-0.43059167794377917	-1.2351009286672279	0.1970074812967581	0.5133115808691191	1.0	14/23	40.17%	RPS27A;FARP2;CDH11;CTSS;UBC;DOCK1;CTSB;VAV2;CTNND1;RAC1;CTNNA1;CTSL;CDC42;ELMO1
GSE46798_exposure_corrected	prerank	Switching of origins to a post-replicative state	-0.3549564132145796	-1.2347916749707586	0.13325867861142218	0.5132131609398103	1.0	31/77	28.52%	ORC6;MCM8;RPS27A;UBE2D1;PSMD14;PSMA4;PSMC5;PSMD1;PSMC3;MCM7;UBC;GMNN;PSMA3;PSMB2;SKP1;ORC4;RBX1;ORC2;ORC3;CDC26;PSMB7;ANAPC4;ANAPC15;PSMB4;CCNA1;PSMD11;PSMD13;PSMA5;ADRM1;PSMA6;PSMA2
GSE46798_exposure_corrected	prerank	PTEN Regulation	-0.3292597062389891	-1.2347868546128598	0.09272918861959958	0.5121744081054813	1.0	66/133	38.81%	TNRC6C;RPS27A;MIR25;NEDD4;RNF2;HDAC3;AGO1;PSMD14;PSMA4;PSMC5;RBBP7;HDAC2;LAMTOR3;PSMD1;PSMC3;MTA1;AGO3;MTOR;UBC;USP7;SCMH1;PSMA3;USP13;MLST8;PSMB2;RCOR1;CHD4;PTEN;PSMB7;OTUD3;CBX6;PSMB4;AGO2;PSMD11;RRAGD;PSMD13;PSMA5;AKT3;ADRM1;PSMA6;PSMA2;BMI1;AKT1;RBBP4;GATAD2A;PSMC6;PSMD2;TP53;SUZ12;LAMTOR1;MIR205;PSMC1;PSMB3;TNKS2;TNRC6A;EED;KDM1A;MIR21;CSNK2A2;PSMB6;PHC1;TNKS;RRAGB;TNRC6B;MTA3;PSMB1
GSE46798_exposure_corrected	prerank	InlB-mediated entry of Listeria monocytogenes into host cell	-0.4801068199511147	-1.2337994052038963	0.2	0.5140577789766941	1.0	6/15	17.83%	RPS27A;EPS15;MET;SH3KBP1;UBC;STAM2
GSE46798_exposure_corrected	prerank	Keratinization	0.24907150357051885	1.2335760924317145	0.045454545454545456	0.7286006977503103	1.0	47/193	14.62%	LCE3E;KRTAP21-2;SPRR2E;KRTAP21-3;DSG3;LIPK;KRT34;KRT14;KRTAP22-1;KRTAP5-7;KRTAP4-1;KRT73;KRT1;FLG;KRT38;KRT5;KRTAP5-2;KRTAP5-5;KRTAP12-3;KRT13;KRTAP16-1;KRT12;KRTAP10-8;KRT15;KLK5;SPRR1B;FURIN;LCE1F;KRT27;KRTAP19-4;KRTAP5-8;KRTAP12-4;PPL;KRT4;DSG4;KRT7;KRTAP19-1;KRTAP23-1;LCE6A;KRTAP9-1;KRTAP8-1;KRT85;DSG1;SPRR2A;KRTAP10-5;KRTAP10-3;KRTAP13-3
GSE46798_exposure_corrected	prerank	Gastrin-CREB signalling pathway via PKC and MAPK	-0.4625246670174814	-1.2333980332897065	0.19300518134715025	0.5140919820228199	1.0	5/18	19.04%	CREB1;MAPK7;RPS6KA2;PRKCA;HRAS
GSE46798_exposure_corrected	prerank	Antimicrobial peptides	0.2673214218514759	1.232542322345183	0.0851063829787234	0.7172927018816382	1.0	22/73	13.91%	DEFB1;DEFB129;S100A8;CD4;CTSG;DEFB124;DEFB135;BPIFB4;LTF;S100A7A;LEAP2;LCN2;HTN3;LYZ;SEMG1;PGLYRP1;BPIFA1;CCR2;PGLYRP3;DEFB127;DEFA4;DEFB115
GSE46798_exposure_corrected	prerank	Regulation of CDH11 gene transcription	-0.535434975338063	-1.2313142001165267	0.22297297297297297	0.5191536644128737	1.0	2/10	6.78%	HEYL;CDH11
GSE46798_exposure_corrected	prerank	Nuclear Envelope Breakdown	-0.3746722944779859	-1.231180452859403	0.15916955017301038	0.5185296050358048	1.0	17/51	21.80%	NUP35;NUP188;NEK6;CNEP1R1;NUP88;PRKCB;NEK7;EMD;PRKCA;NUP98;NUP133;NUP160;CTDNEP1;LMNB1;NUP93;LEMD2;VRK1
GSE46798_exposure_corrected	prerank	SHC-mediated cascade:FGFR2	0.3466274159660251	1.230567319448361	0.17370892018779344	0.708963235813601	1.0	9/23	17.69%	FGF2;FGF22;FGF20;SOS1;FGF6;FGF7;FGF3;FGF5;FGF10
GSE46798_exposure_corrected	prerank	Role of second messengers in netrin-1 signaling	-0.529035221889848	-1.2297536473923738	0.21958041958041957	0.5214853488041179	1.0	5/10	25.87%	NTN1;PITPNA;TRPC1;PLCG1;DCC
GSE46798_exposure_corrected	prerank	FGFR1 mutant receptor activation	-0.41145334738476996	-1.2294207919231201	0.18851435705368288	0.5214573287984057	1.0	10/30	21.38%	LRRFIP1;ZMYM2;GAB2;CPSF6;FGF1;FGF9;STAT1;CUX1;TRIM24;PIK3CA
GSE46798_exposure_corrected	prerank	ATP-dependent chromatin remodelers	-0.33520359539634026	-1.2286387698286005	0.12367864693446089	0.5226191935856478	1.0	50/125	32.77%	CBX3;CHD6;BCL11A;CDC73;ZNF592;DPF2;SSRP1;ADNP;LEO1;SMARCA2;SF3B1;SMARCD1;ZMYND8;SMARCA4;CREBBP;CDK2AP1;DPF3;RBBP7;CHD5;HDAC2;MTA1;NR2F2;SMARCE1;BRD7;CHD9;SMARCD3;SF3B3;BRD9;MYOG;SNRPD1;CHD4;TCF4;PWWP2A;CHD8;CHD1;SMARCC2;ACTL6B;CBX1;SUPT16H;SMARCB1;RBBP4;SNRPF;ADNP2;SS18L1;GATAD2A;ARID2;ARID1A;DHX15;PWWP2B;NR2C2
GSE46798_exposure_corrected	prerank	Cilium Assembly	-0.3180508263382632	-1.227767612779509	0.08633093525179857	0.5241104874569992	1.0	76/215	31.04%	NINL;BBS12;TNRC6C;HAUS2;BBS5;YWHAG;CEP97;IFT122;AGO1;CEP152;IFT172;KIF3A;EXOC7;DYNLRB1;BBS10;CEP63;TCP1;BBS9;BBS1;E2F5;TUBA1A;PCNT;TUBB4A;TUBA8;TTBK2;AGO3;CCNO;RFX3;ARL3;KIFAP3;TMEM216;TUBB2B;CEP164;ASAP1;MIR449A;DYNC2H1;EXOC4;DCTN2;NPHP3;TUBA3E;KIF3B;RAB11A;GMNN;TCTN1;DYNC1H1;IFT74;BBS2;HDAC6;TRIP11;UNC119B;WDR19;CEP76;CNGA4;TMEM67;DYNC1I2;IFT22;KIF17;IFT43;AGO2;CKAP5;CEP70;RAB11FIP3;CEP192;CEP41;CETN2;HSP90AA1;RFX2;IFT88;INPP5E;OFD1;SMO;CEP57;PPP2R1A;DYNLL1;TUBA1B;EXOC1
GSE46798_exposure_corrected	prerank	Formation of Incision Complex in GG-NER	-0.38336387810767975	-1.2267742778277912	0.17857142857142858	0.5260311704550529	1.0	23/43	36.02%	RPS27A;XPC;UBE2V2;GTF2H3;CUL4B;PARP2;RAD23B;UBC;UBE2N;RPA3;GTF2H5;RBX1;CUL4A;PIAS1;PARP1;RPA1;CETN2;RAD23A;RNF111;CCNH;GTF2H1;ERCC5;MNAT1
GSE46798_exposure_corrected	prerank	mRNA 3'-end processing	-0.32608568508205776	-1.2263146141999397	0.11214953271028037	0.5263376500495884	1.0	79/151	46.70%	HNRNPU;HNRNPA2B1;CSTF3;RPS27A;SRSF11;NUDT21;POLR2G;SRRM2;SF3B1;HNRNPH1;GTF2F2;NCBP2;CPSF3;WDR33;CPSF6;SRSF3;PCBP1;CLP1;HNRNPD;SF3B3;SNRPC;UBC;SARNP;DDX5;SRSF1;HNRNPC;SNRPD1;HNRNPH2;RBM25;SRRM1;HNRNPF;CDC40;CASC3;HNRNPR;PRPF40A;THOC7;DDX39B;PTBP1;THOC1;LUZP4;SRSF10;PABPN1;SRSF6;SNRPF;UPF3B;MAGOH;PAPOLA;SLU7;RBM10;DHX15;HNRNPA3;CSTF2T;SF3B4;SNRPB2;SNRPA1;SRSF4;SRSF5;SMNDC1;SNRPD3;HNRNPM;POLR2B;POLR2H;SNRNP70;SRSF12;CPSF1;SNRPE;PPP1R8;CPSF4;MAGOHB;DHX38;RBM39;POLR2K;POLDIP3;FYTTD1;SYMPK;PCBP2;POLR2A;CCAR1;CHTOP
GSE46798_exposure_corrected	prerank	Type I hemidesmosome assembly	0.43013831418823045	1.2256376625671102	0.18620689655172415	0.709038094703262	1.0	2/11	4.95%	KRT14;KRT5
GSE46798_exposure_corrected	prerank	Viral mRNA Translation	-0.34230942331873093	-1.225459189336949	0.1323851203501094	0.5279056941429022	1.0	21/90	20.44%	RPS28;RPS4Y1;RPS27;RPS27A;RPS12;RPS15;RPL18;RPL24;RPL5;RPL23;RPL6;RPS4X;RPL10A;RPL32;RPL7;RPS11;RPL17;RPL37;RPL21;RPL36A;RPL36AL
GSE46798_exposure_corrected	prerank	Cholesterol biosynthesis	-0.41830212231291203	-1.2249963485863669	0.1929611650485437	0.5282093394568902	1.0	15/27	37.10%	HSD17B7;IDI1;FDPS;HMGCR;SC5D;HMGCS1;SREBF2;IDI2;DHCR24;PLPP6;MSMO1;SQLE;GGPS1;ACAT2;ARV1
GSE46798_exposure_corrected	prerank	Interleukin-10 signaling	-0.38472027581571766	-1.2242977176809864	0.1774580335731415	0.5291754296800517	1.0	8/44	9.51%	IL1B;IL10;FCER2;PTAFR;CCL5;IL18;CCR5;CCR1
GSE46798_exposure_corrected	prerank	Transcriptional activation of mitochondrial biogenesis	-0.3719486656153176	-1.2237472687595023	0.17106773823191734	0.5297928587124778	1.0	27/51	37.74%	CREB1;SIRT3;HDAC3;NCOA6;CREBBP;TBL1XR1;CHD9;SMARCD3;NCOA2;NR1D1;NRF1;MED1;HCFC1;SOD2;CARM1;TFB2M;CRTC2;MTERF1;TFB1M;CALM1;TFAM;GABPA;MEF2C;SSBP1;CRTC1;GABPB1;CYCS
GSE46798_exposure_corrected	prerank	Z-decay: degradation of maternal mRNAs by zygotically expressed factors	-0.5239171873062516	-1.2219123557602038	0.20527045769764216	0.5341914384006342	1.0	7/10	42.03%	EIF4A2;DIS3L2;PABPC1;PABPN1;EIF4B;EIF4A1;PAIP1
GSE46798_exposure_corrected	prerank	Transport to the Golgi and subsequent modification	-0.3177330377543088	-1.221740994482886	0.09513960703205791	0.5335943765260619	1.0	75/182	33.97%	ANK2;GOSR1;CNIH3;SPTAN1;MAN2A1;DCTN6;ANKRD28;TBC1D20;MGAT4C;MAN1C1;DCTN4;DYNC1LI2;ARCN1;CAPZA1;SPTBN1;CTSC;TUBA1A;ACTR10;LMAN1;ST8SIA6;TUBB4A;TUBA8;MAN1A2;NSF;DYNC1I1;COG5;TUBB2B;SEC23IP;TRAPPC6B;TRAPPC3;SCFD1;DCTN2;TUBA3E;ANK3;CNIH2;PPP6C;DYNC1H1;COPB1;ARF3;SEC22B;TRAPPC2;SEC31B;MGAT3;COPA;CHST10;ARFGAP2;DYNC1I2;B4GALT5;MGAT5;TMED7;LMAN2;MGAT2;SEC24B;NAPB;TRAPPC9;TMED2;ANK1;ST8SIA3;USO1;COPG1;DYNLL1;RAB1A;TUBA1B;BET1;CGA;INS;ST8SIA2;SPTBN2;SEC24A;B4GALT3;CHST8;DCTN1;ST6GAL1;GORASP1;MGAT4B
GSE46798_exposure_corrected	prerank	Formation of the canonical BAF (cBAF) complex	-0.46317211020171506	-1.221689384189689	0.20939086294416243	0.5327279346411801	1.0	6/18	13.02%	DPF2;SMARCA2;SMARCD1;SMARCA4;DPF3;SMARCE1
GSE46798_exposure_corrected	prerank	Phosphorylation of CLOCK, acetylation of BMAL1 (ARNTL) at target gene promoters	-0.52259848787306	-1.2212275371503951	0.2196765498652291	0.5330185266891911	1.0	4/10	17.81%	CREBBP;RORA;NR1D1;PER3
GSE46798_exposure_corrected	prerank	G-protein mediated events	-0.36384700078329746	-1.2210163159025096	0.18341121495327103	0.5325751015212796	1.0	26/52	39.74%	ADCY9;CREB1;NBEA;GNAQ;ADCY1;GNAI3;PRKCA;CAMK2D;PDE1A;CAMKK1;PRKAR1A;PRKACB;CAMK2B;ADCY8;PDE1B;GNAI2;GNAI1;ADCY7;CALM1;AHCYL1;PRKCG;ADCY3;ADCY4;PRKACA;PLCB1;GRK2
GSE46798_exposure_corrected	prerank	Cobalamin (Cbl, vitamin B12) transport and metabolism	-0.45532067674239884	-1.220136934498735	0.2248062015503876	0.5341199457511491	1.0	8/18	18.10%	MMAA;CTRB1;MTR;PRSS1;CUBN;MTRR;PRSS3;MMADHC
GSE46798_exposure_corrected	prerank	COPI-dependent Golgi-to-ER retrograde traffic	-0.3372253121229906	-1.2191994113858176	0.15309446254071662	0.5357665985340161	1.0	37/98	30.97%	KIF6;CENPE;KIF21A;ARCN1;KIF3A;KIF5C;KIF26B;TUBA1A;KIF1B;KIF21B;TUBB4A;TUBA8;NSF;KIF1A;KIF20A;KIFAP3;TUBB2B;KIF2A;TUBA3E;NBAS;KIF3B;COPB1;ARF3;SEC22B;COPA;ARFGAP2;KIF15;KIF5A;TMED7;KIF5B;KIFC2;KIF23;NAPB;TMED2;COPG1;RAB1A;TUBA1B
GSE46798_exposure_corrected	prerank	Signaling by BRAF and RAF1 fusions	-0.3593971936452328	-1.2187436638441624	0.17913832199546487	0.5361193767804752	1.0	30/63	33.76%	FXR1;ARRB1;FAM131B;AGK;KDM7A;CNKSR2;KIAA1549;MAP2K2;CAMK2D;PAPSS1;KSR2;TRIM24;QKI;FAM114A2;HRAS;CAMK2B;VCL;AGGF1;MARK3;AP3B1;ARRB2;CNKSR1;FGA;CALM1;MPRIP;TRAK1;YWHAB;JAK2;ZC3HAV1;FGG
GSE46798_exposure_corrected	prerank	Transcription of the HIV genome	-0.35438635813081204	-1.2186172694223483	0.1790193842645382	0.5354585226541808	1.0	28/65	36.02%	CTDP1;TAF1L;SSRP1;POLR2G;GTF2F2;NCBP2;GTF2H3;CCNT1;TAF3;TAF9B;TAF4;TAF11;GTF2H5;ELL;GTF2A1;RNMT;TAF8;TCEA1;TAF12;SUPT16H;RNGTT;TAF4B;TBP;TAF15;CCNH;GTF2H1;GTF2A2;MNAT1
GSE46798_exposure_corrected	prerank	HIV Transcription Elongation	-0.38552872122662313	-1.2179256224534392	0.1901913875598086	0.5343190002624799	1.0	7/39	9.18%	CTDP1;SSRP1;POLR2G;GTF2F2;NCBP2;GTF2H3;CCNT1
GSE46798_exposure_corrected	prerank	Tat-mediated elongation of the HIV-1 transcript	-0.38552872122662313	-1.2179256224534392	0.1901913875598086	0.5343190002624799	1.0	7/39	9.18%	CTDP1;SSRP1;POLR2G;GTF2F2;NCBP2;GTF2H3;CCNT1
GSE46798_exposure_corrected	prerank	Formation of HIV-1 elongation complex containing HIV-1 Tat	-0.38552872122662313	-1.2179256224534392	0.1901913875598086	0.5343190002624799	1.0	7/39	9.18%	CTDP1;SSRP1;POLR2G;GTF2F2;NCBP2;GTF2H3;CCNT1
GSE46798_exposure_corrected	prerank	RNA Polymerase III Abortive And Retractive Initiation	-0.3798124721369617	-1.2178128842798488	0.1910902696365768	0.5326098222252548	1.0	21/41	41.07%	NFIB;SNAPC1;GTF3C2;CRCP;ZNF143;BDP1;SSB;POLR3A;POLR3GL;POLR1C;POLR3H;GTF3A;POU2F1;GTF3C3;NFIC;TBP;POLR3E;POLR1D;POLR3F;POLR3B;POLR2H
GSE46798_exposure_corrected	prerank	RNA Polymerase III Transcription	-0.3798124721369617	-1.2178128842798488	0.1910902696365768	0.5326098222252548	1.0	21/41	41.07%	NFIB;SNAPC1;GTF3C2;CRCP;ZNF143;BDP1;SSB;POLR3A;POLR3GL;POLR1C;POLR3H;GTF3A;POU2F1;GTF3C3;NFIC;TBP;POLR3E;POLR1D;POLR3F;POLR3B;POLR2H
GSE46798_exposure_corrected	prerank	mRNA Splicing	-0.3162180090651375	-1.2173490313024726	0.09072164948453608	0.5330476442386414	1.0	108/208	46.67%	PDCD7;HNRNPU;HNRNPA2B1;SF1;WBP4;ZCRB1;LUC7L3;DHX8;SRSF11;POLR2G;SRRM2;BCAS2;SNRNP200;SNU13;SNRNP35;SF3B1;DDX23;HNRNPH1;GTF2F2;NCBP2;ZMAT2;PPIL3;CWC22;SRSF3;GPATCH1;PCBP1;ZRSR2;HNRNPD;SF3B3;XAB2;SNRPC;DDX5;PPWD1;SRSF1;HNRNPC;SNRPD1;HNRNPH2;RBM25;GCFC2;SRRM1;HNRNPF;CDC40;CASC3;PRKRIP1;HNRNPR;SNW1;PRPF40A;LSM6;DDX39B;PTBP1;AQR;SAP18;LENG1;IK;SRSF10;SNRNP27;TFIP11;SDE2;SRSF6;SNRPF;UPF3B;LSM3;MAGOH;SLU7;RBM10;PPIL1;RNF113A;DHX15;HNRNPA3;PPIH;DHX35;SF3B4;PRPF38A;DDX41;SNRPB2;PRCC;SNRPA1;SRSF4;SRSF5;SMNDC1;SNRNP40;SNRPD3;USP39;HNRNPM;CWC15;POLR2B;POLR2H;PRPF6;SNRNP70;CWF19L2;FAM32A;SRSF12;SNRPE;PPP1R8;CWC27;LSM2;MAGOHB;WDR70;SNIP1;DHX38;RBM39;POLR2K;PRPF31;PCBP2;LSM5;EFTUD2;POLR2A;CCAR1
GSE46798_exposure_corrected	prerank	Sensory processing of sound	-0.3525368618483545	-1.2167730300550228	0.17114093959731544	0.5336366415650429	1.0	19/73	19.77%	MYO3B;PLS1;SPTAN1;ATP2B1;PCLO;CAPZA1;SPTBN1;EPS8;STRC;CACNA2D2;MSN;GRXCR1;PCDH15;CTBP2;SNAP25;RAB3A;SYN1;VAMP2;SYP
GSE46798_exposure_corrected	prerank	L1CAM interactions	-0.33186160179274016	-1.2153691962653623	0.1346153846153846	0.5368617081939852	1.0	54/116	37.02%	ANK2;SCN2A;SPTAN1;ALCAM;NRP1;NRCAM;LAMC1;SCN9A;SCN7A;RPS6KA2;SPTBN1;CNTN2;TUBA1A;MAP2K2;TUBB4A;TUBA8;MSN;TUBB2B;GAP43;LYPLA2;TUBA3E;DCX;AP2A1;RPS6KA4;PAK1;ANK3;CNTN1;DPYSL2;CHL1;CNTN6;SCN1A;NFASC;DNM3;SHTN1;ITGA9;DNM1;DLG4;KCNQ2;VAV2;ANK1;L1CAM;TUBA1B;DLG3;ITGB1;RDX;SCN3A;SPTBN2;RAC1;AP2M1;CD24;AP2A2;EPHB2;NCAN;CSNK2A2
GSE46798_exposure_corrected	prerank	Assembly of the 9+0 primary cilium	-0.31714761229339683	-1.2140760860693627	0.11295336787564766	0.5396704148883517	1.0	66/185	31.04%	NINL;BBS12;HAUS2;BBS5;YWHAG;CEP97;IFT122;CEP152;IFT172;KIF3A;EXOC7;DYNLRB1;BBS10;CEP63;TCP1;BBS9;BBS1;TUBA1A;PCNT;TUBB4A;TUBA8;TTBK2;ARL3;KIFAP3;TMEM216;TUBB2B;CEP164;ASAP1;DYNC2H1;EXOC4;DCTN2;NPHP3;TUBA3E;KIF3B;RAB11A;TCTN1;DYNC1H1;IFT74;BBS2;HDAC6;TRIP11;UNC119B;WDR19;CEP76;CNGA4;TMEM67;DYNC1I2;IFT22;KIF17;IFT43;CKAP5;CEP70;RAB11FIP3;CEP192;CEP41;CETN2;HSP90AA1;IFT88;INPP5E;OFD1;SMO;CEP57;PPP2R1A;DYNLL1;TUBA1B;EXOC1
GSE46798_exposure_corrected	prerank	Response of EIF2AK4 (GCN2) to amino acid deficiency	-0.33229443455380464	-1.2140046804061293	0.15128755364806867	0.5388350450452396	1.0	23/102	20.44%	RPS28;RPS4Y1;EIF2AK4;RPS27;RPS27A;RPS12;RPS15;RPL18;RPL24;RPL5;RPL23;RPL6;GCN1;RPS4X;RPL10A;RPL32;RPL7;RPS11;RPL17;RPL37;RPL21;RPL36A;RPL36AL
GSE46798_exposure_corrected	prerank	Potassium Channels	-0.3366167332493568	-1.2139891893509505	0.1423913043478261	0.5378794818959156	1.0	28/101	19.34%	KCNJ2;KCNH6;KCNH1;KCNH8;KCNN3;KCNMB3;KCNK10;KCNK3;KCNQ5;KCNH5;GABBR2;KCND1;HCN4;GNG5;KCNV1;KCNJ16;KCNK2;KCNC1;GNG8;KCNA3;GNB1;KCNK17;ABCC9;KCNB1;GNGT2;KCNK16;KCNG1;KCNJ3
GSE46798_exposure_corrected	prerank	Integration of energy metabolism	-0.33170105802761785	-1.2133632686972586	0.14113785557986872	0.5386131722201574	1.0	30/105	19.48%	ADCY9;SLC2A1;STK11;ACLY;CACNA1E;GNAQ;ADIPOQ;FFAR1;ACACB;CHRM3;ADCY1;GNG5;PRKCA;CACNA2D2;AGPAT1;ACSL4;PRKAB2;GNG8;ACACA;GLP1R;GNB1;KCNB1;GNGT2;SNAP25;PPP2R5D;PRKAR1A;GCG;CACNA1A;PRKACB;VAMP2
GSE46798_exposure_corrected	prerank	RHOG GTPase cycle	-0.3506689979549077	-1.21326804479324	0.1664804469273743	0.5378530697472279	1.0	39/71	40.77%	VAV1;DIAPH3;DOCK3;PREX1;EPHA2;ARHGAP5;PAK2;VAV3;KTN1;LMAN1;EMD;DOCK5;ARHGAP39;VAPB;PAK4;ARHGAP21;NDUFA5;DOCK1;RAB7A;MAP3K11;ARHGDIB;PLD1;ESYT1;SHMT2;PIK3R1;ARHGAP1;VAV2;ITGB1;TRIO;LAMTOR1;LETM1;IQGAP2;KALRN;ARHGDIA;DSG2;CDC42;MCF2L;RHOG;ERBIN
GSE46798_exposure_corrected	prerank	APC truncation mutants have impaired AXIN binding	-0.48125741435560393	-1.2122793966803291	0.21333333333333335	0.5346552457311154	1.0	7/14	30.11%	AMER1;APC;PPP2R5D;PPP2R5E;GSK3B;PPP2CA;PPP2R1A
GSE46798_exposure_corrected	prerank	Signaling by AMER1 mutants	-0.48125741435560393	-1.2122793966803291	0.21333333333333335	0.5346552457311154	1.0	7/14	30.11%	AMER1;APC;PPP2R5D;PPP2R5E;GSK3B;PPP2CA;PPP2R1A
GSE46798_exposure_corrected	prerank	Signaling by AXIN mutants	-0.48125741435560393	-1.2122793966803291	0.21333333333333335	0.5346552457311154	1.0	7/14	30.11%	AMER1;APC;PPP2R5D;PPP2R5E;GSK3B;PPP2CA;PPP2R1A
GSE46798_exposure_corrected	prerank	Signaling by APC mutants	-0.48125741435560393	-1.2122793966803291	0.21333333333333335	0.5346552457311154	1.0	7/14	30.11%	AMER1;APC;PPP2R5D;PPP2R5E;GSK3B;PPP2CA;PPP2R1A
GSE46798_exposure_corrected	prerank	Truncations of AMER1 destabilize the destruction complex	-0.48125741435560393	-1.2122793966803291	0.21333333333333335	0.5346552457311154	1.0	7/14	30.11%	AMER1;APC;PPP2R5D;PPP2R5E;GSK3B;PPP2CA;PPP2R1A
GSE46798_exposure_corrected	prerank	AXIN missense mutants destabilize the destruction complex	-0.48125741435560393	-1.2122793966803291	0.21333333333333335	0.5346552457311154	1.0	7/14	30.11%	AMER1;APC;PPP2R5D;PPP2R5E;GSK3B;PPP2CA;PPP2R1A
GSE46798_exposure_corrected	prerank	EGFR downregulation	-0.40658974613243204	-1.2115336957550757	0.19530284301606923	0.5358671790808238	1.0	17/29	39.61%	RPS27A;EPS15;EREG;ARHGEF7;SH3KBP1;UBC;STAM2;CBL;SPRY2;EPN1;SPRY1;SH3GL1;EPS15L1;PTPN12;CDC42;STAM;SH3GL2
GSE46798_exposure_corrected	prerank	Mitotic G1 phase and G1/S transition	-0.32587949912409614	-1.2110783082732222	0.1271186440677966	0.5362270947766415	1.0	60/137	35.08%	ORC6;LYN;MCM8;LIN54;RPS27A;DYRK1A;DHFR;PSMD14;LIN52;PSMA4;PSMC5;E2F5;WEE1;MYC;PSMD1;PSMC3;MCM7;DBF4;UBC;GMNN;PSMA3;RPA3;PSMB2;SKP1;ORC4;CDKN1C;ORC2;ORC3;PSMB7;PSMB4;CCNA1;RPA1;PPP2CA;CCND2;POLA1;PSMD11;POLE2;PSMD13;PSMA5;POLA2;TYMS;AKT3;ADRM1;PSMA6;PSMA2;AKT1;RBBP4;PPP2R1A;RRM2;PSMC6;PSMD2;CDKN2D;JAK2;CDC7;CDKN1B;PSMC1;CDK1;ABL1;CCNH;PSMB3
GSE46798_exposure_corrected	prerank	MAPK family signaling cascades	-0.30799332147527986	-1.2092654116461103	0.06370070778564206	0.5406309600274132	1.0	123/303	33.76%	IL17RD;FOXO1;GDNF;FYN;ARRB1;TNRC6C;TEK;RPS27A;GFRA1;LAT;SPTAN1;IL2RG;EREG;MET;BCL2L1;CSF2RA;AGO1;CSF2RB;ANGPT1;PSMD14;PSMA4;CNKSR2;MAPK4;PAK2;SPTBN1;PSMC5;DUSP9;MAP2K2;NF1;PTK2;KIT;MYC;CAMK2D;LAMTOR3;PSMD1;PSMC3;IL5RA;AGO3;FGF1;NCOA3;DUSP8;FGF9;PTPN11;GRIN2B;UBC;FGFR3;RET;DUSP6;PAK1;ERBB2;IL6ST;PSMA3;FRS3;KSR2;KITLG;PSMB2;PPP2R5D;CDC42EP2;GRIN2D;MAPKAPK5;HRAS;SHOC2;PRKACB;CAMK2B;RBX1;CDC14B;XPO1;NEFL;PIK3CB;IL6R;PIK3CA;NRG1;PSPN;CUL3;PSMB7;PPP2R5E;MMP2;VCL;PSMB4;ETV4;MAP3K11;AGO2;MARK3;PPP2CA;ABHD17C;PSMD11;IL3RA;PSMD13;PSMA5;ARRB2;DUSP16;PIK3R1;PTPN7;DLG4;ADRM1;PSMA6;PSMA2;KBTBD7;ABHD17A;RASAL3;PPP2R1A;ACTN2;CNKSR1;FGA;PSMC6;IL2;CALM1;DLG3;NRG3;PSMD2;IGF2BP1;PDGFRB;YWHAB;JAK2;PIK3R2;SPTBN2;RAC1;DUSP4;ZDHHC9;PSMC1;RASA2;CDK1;FGG
GSE46798_exposure_corrected	prerank	ERCC6 (CSB) and EHMT2 (G9a) positively regulate rRNA expression	-0.47009678214807116	-1.2076554924230802	0.2352168199737188	0.5444133528433615	1.0	7/15	30.52%	CBX3;RBBP7;HDAC2;MTA1;CHD4;RBBP4;GATAD2A
GSE46798_exposure_corrected	prerank	O-linked glycosylation of mucins	-0.35783500099675924	-1.2060877968498194	0.1870748299319728	0.547820501306198	1.0	23/56	30.09%	GALNT3;GCNT4;MUC5B;ST3GAL1;MUC17;GALNT8;B3GNT6;ST6GALNAC3;B3GNT4;C1GALT1;B3GNT8;MUC15;B3GNT9;A4GNT;GALNT9;GALNT12;B4GALT5;MUC7;ST3GAL3;GCNT1;B3GNT3;C1GALT1C1;GALNT13
GSE46798_exposure_corrected	prerank	Intra-Golgi and retrograde Golgi-to-ER traffic	-0.3144467326212782	-1.2060598494986052	0.10662525879917184	0.546877027409847	1.0	72/201	30.97%	ALPP;KIF6;GOSR1;RAB6A;MAN2A1;DCTN6;VTI1A;CENPE;KIF21A;MAN1C1;DCTN4;RAB9B;DYNC1LI2;ARCN1;KIF3A;KIF5C;CAPZA1;KIF26B;TUBA1A;RAB6B;ACTR10;VPS45;KIF1B;KIF21B;TUBB4A;TUBA8;MAN1A2;NSF;DYNC1I1;KIF1A;KIF20A;COG5;KIFAP3;TUBB2B;KIF2A;BICD2;GOLGA1;RABEPK;DCTN2;TUBA3E;NBAS;NAA35;KIF3B;DYNC1H1;COPB1;CUX1;ARF3;SEC22B;TRIP11;COPA;ARFGAP2;KIF15;KIF5A;DYNC1I2;TMED7;RAB36;RAB18;BICD1;SCOC;RHOBTB3;KIF5B;VPS51;KIFC2;KIF23;NAPB;IGF2R;RAB39A;TMED2;COPG1;DYNLL1;RAB1A;TUBA1B
GSE46798_exposure_corrected	prerank	Nonsense Mediated Decay (NMD) independent of the Exon Junction Complex (EJC)	-0.3335021412378192	-1.205458848303594	0.14285714285714285	0.5475946977110535	1.0	22/96	20.44%	RPS28;RPS4Y1;RPS27;RPS27A;RPS12;RPS15;RPL18;RPL24;RPL5;RPL23;RPL6;NCBP2;RPS4X;RPL10A;RPL32;RPL7;RPS11;RPL17;RPL37;RPL21;RPL36A;RPL36AL
GSE46798_exposure_corrected	prerank	Formation of HIV elongation complex in the absence of HIV Tat	-0.3800503443978484	-1.205444063667447	0.20743405275779375	0.5466139116453823	1.0	7/40	9.18%	CTDP1;SSRP1;POLR2G;GTF2F2;NCBP2;GTF2H3;CCNT1
GSE46798_exposure_corrected	prerank	Advanced glycosylation endproduct receptor signaling	-0.4857612503855915	-1.2053156164173677	0.22764227642276422	0.545987426113711	1.0	11/13	43.82%	SAA1;CAPZA1;LGALS3;S100A12;PRKCSH;HMGB1;AGER;DDOST;CAPZA2;MAPK3;APP
GSE46798_exposure_corrected	prerank	Serotonin Neurotransmitter Release Cycle	-0.4633750561062656	-1.2044231059777741	0.2275132275132275	0.5476140354926716	1.0	11/16	37.82%	SYN2;PPFIA3;SNAP25;RAB3A;SYN1;VAMP2;RIMS1;SYT1;UNC13B;PPFIA2;TSPOAP1
GSE46798_exposure_corrected	prerank	Complex I biogenesis	-0.35741555305095146	-1.2043413564834002	0.18191964285714285	0.546800631266365	1.0	22/58	31.96%	NDUFA8;NUBPL;NDUFV2;NDUFB9;NDUFAF5;NDUFB10;NDUFS1;NDUFA5;NDUFB3;NDUFAF4;TIMMDC1;NDUFAF1;LYRM2;NDUFA1;NDUFAF2;ACAD9;TMEM186;NDUFA6;NDUFAF3;SFXN4;NDUFA7;HSCB
GSE46798_exposure_corrected	prerank	SARS-CoV-1-host interactions	-0.33179305565015327	-1.2035001984209	0.14594594594594595	0.5482307913228127	1.0	35/98	32.04%	RPS28;RPS4Y1;SMAD3;RPS27;RPS27A;RPS12;RPS15;ITCH;BCL2L1;YWHAG;TRAF6;NLRP3;RPS4X;YWHAQ;YWHAH;RPS11;SERPINE1;UBC;IFIT1;NMI;TBK1;NPIPB3;KPNB1;TOMM70;RIPK1;PKLR;MAVS;RPS8;RPS23;PDPK1;PSMC6;RPS13;RPS20;RPS2;YWHAB
GSE46798_exposure_corrected	prerank	Tie2 Signaling	-0.44513083328582204	-1.2033370214892052	0.21855146124523506	0.5477031721840367	1.0	8/18	21.38%	TEK;ANGPT1;ANGPT4;PTPN11;GRB14;HRAS;PIK3CB;PIK3CA
GSE46798_exposure_corrected	prerank	Phase 0 - rapid depolarisation	-0.4008450286359555	-1.2030886836489674	0.19827586206896552	0.5474220741571771	1.0	16/30	32.15%	SCN2A;CACNG4;FGF12;SCN9A;SCN7A;FGF11;CAMK2D;CACNA2D2;CAMK2B;SCN1A;FGF14;FGF13;RANGRF;CALM1;SCN3A;CACNG6
GSE46798_exposure_corrected	prerank	Peptide chain elongation	-0.33677202096776493	-1.2018421802668617	0.15536105032822758	0.5498934846290202	1.0	21/90	20.44%	RPS28;RPS4Y1;RPS27;RPS27A;RPS12;RPS15;RPL18;RPL24;RPL5;RPL23;RPL6;RPS4X;RPL10A;RPL32;RPL7;RPS11;RPL17;RPL37;RPL21;RPL36A;RPL36AL
GSE46798_exposure_corrected	prerank	HDMs demethylate histones	-0.4204565365776472	-1.2012789090806295	0.2247765006385696	0.5504894521305046	1.0	11/21	32.64%	KDM4B;KDM7A;UTY;KDM6B;KDM3A;PHF2;KDM4C;KDM4A;ARID5B;KDM5B;KDM2B
GSE46798_exposure_corrected	prerank	Signaling by FGFR1 in disease	-0.38296919408051117	-1.2010770073364574	0.22033898305084745	0.5500793312484465	1.0	12/37	22.11%	LRRFIP1;ZMYM2;GAB2;CPSF6;FGF1;FGF9;STAT1;CUX1;TRIM24;HRAS;PIK3CA;PLCG1
GSE46798_exposure_corrected	prerank	HIV Life Cycle	-0.321580310931398	-1.2001964428444793	0.13127001067235858	0.5516151569381679	1.0	60/143	36.02%	NUP35;CTDP1;XRCC4;RPS27A;VPS4A;NUP188;TAF1L;PSIP1;SSRP1;NUP88;POLR2G;CCR5;CHMP4A;GTF2F2;NCBP2;RANGAP1;GTF2H3;CCNT1;NMT1;TAF3;NUP98;NUP133;TAF9B;TAF4;UBC;XRCC5;VPS37B;NUP160;TAF11;GTF2H5;ELL;NUP93;GTF2A1;RNMT;TAF8;XPO1;TCEA1;CHMP4C;CHMP4B;TAF12;MVB12B;NUP214;SUPT16H;RNGTT;VTA1;AAAS;POM121C;TAF4B;NUP37;VPS37A;HMGA1;TBP;TAF15;NUP205;CCNH;GTF2H1;GTF2A2;RANBP1;CHMP6;MNAT1
GSE46798_exposure_corrected	prerank	Late Phase of HIV Life Cycle	-0.3243717548175571	-1.1999388028418676	0.14193548387096774	0.5513641433697973	1.0	60/130	38.89%	NUP35;CTDP1;RPS27A;VPS4A;NUP188;TAF1L;SSRP1;NUP88;POLR2G;CHMP4A;GTF2F2;NCBP2;RANGAP1;GTF2H3;CCNT1;NMT1;TAF3;NUP98;NUP133;TAF9B;TAF4;UBC;VPS37B;NUP160;TAF11;GTF2H5;ELL;NUP93;GTF2A1;RNMT;TAF8;XPO1;TCEA1;CHMP4C;CHMP4B;TAF12;MVB12B;NUP214;SUPT16H;RNGTT;VTA1;AAAS;POM121C;TAF4B;NUP37;VPS37A;TBP;TAF15;NUP205;CCNH;GTF2H1;GTF2A2;RANBP1;CHMP6;MNAT1;PDCD6IP;MVB12A;TAF7L;NUP62;RCC1
GSE46798_exposure_corrected	prerank	FGFR2b ligand binding and activation	0.4409634319230636	1.1998727255835777	0.2158273381294964	0.7735080351862377	1.0	6/10	17.69%	FGF2;FGF22;FGFBP1;FGF7;FGF3;FGF10
GSE46798_exposure_corrected	prerank	mRNA Splicing - Major Pathway	-0.3134657152297097	-1.199616415399635	0.11363636363636363	0.5512714894534597	1.0	104/198	46.67%	HNRNPU;HNRNPA2B1;SF1;WBP4;LUC7L3;DHX8;SRSF11;POLR2G;SRRM2;BCAS2;SNRNP200;SNU13;SF3B1;DDX23;HNRNPH1;GTF2F2;NCBP2;ZMAT2;PPIL3;CWC22;SRSF3;GPATCH1;PCBP1;HNRNPD;SF3B3;XAB2;SNRPC;DDX5;PPWD1;SRSF1;HNRNPC;SNRPD1;HNRNPH2;RBM25;GCFC2;SRRM1;HNRNPF;CDC40;CASC3;PRKRIP1;HNRNPR;SNW1;PRPF40A;LSM6;DDX39B;PTBP1;AQR;SAP18;LENG1;IK;SRSF10;SNRNP27;TFIP11;SDE2;SRSF6;SNRPF;UPF3B;LSM3;MAGOH;SLU7;RBM10;PPIL1;RNF113A;DHX15;HNRNPA3;PPIH;DHX35;SF3B4;PRPF38A;DDX41;SNRPB2;PRCC;SNRPA1;SRSF4;SRSF5;SMNDC1;SNRNP40;SNRPD3;USP39;HNRNPM;CWC15;POLR2B;POLR2H;PRPF6;SNRNP70;CWF19L2;FAM32A;SRSF12;SNRPE;PPP1R8;CWC27;LSM2;MAGOHB;WDR70;SNIP1;DHX38;RBM39;POLR2K;PRPF31;PCBP2;LSM5;EFTUD2;POLR2A;CCAR1
GSE46798_exposure_corrected	prerank	Synthesis, secretion, and deacylation of Ghrelin	-0.4448663856573088	-1.199603165486638	0.23289473684210527	0.5503109147716048	1.0	14/19	41.35%	IGF1;LEP;SPCS2;ACHE;GCG;PCSK1;BCHE;SEC11A;SEC11C;INS;SPCS1;UCN;GH1;KLF4
GSE46798_exposure_corrected	prerank	Lanosterol biosynthesis	-0.47806416764777726	-1.1993245191903263	0.24119947848761408	0.5501994469796908	1.0	9/14	34.85%	IDI1;FDPS;HMGCR;HMGCS1;IDI2;PLPP6;SQLE;GGPS1;ACAT2
GSE46798_exposure_corrected	prerank	Infection with Enterobacteria	-0.37740190396524254	-1.1978605632261412	0.21983273596176822	0.5535298104569977	1.0	16/39	30.83%	RPS27A;LAMA5;LAMC1;HBB;LAMC3;CALM2;UBE2D2;GBP1;CASP4;UBC;LAMA2;LAMC2;COL4A4;COL4A2;COL5A2;CALM1
GSE46798_exposure_corrected	prerank	Plasma lipoprotein clearance	-0.386878942081166	-1.196790922363228	0.21445783132530122	0.5555461752197379	1.0	9/36	16.11%	PCSK9;RPS27A;LDLR;LSR;HDLBP;APOC1;CUBN;UBC;AP2A1
GSE46798_exposure_corrected	prerank	Synthesis of bile acids and bile salts via 27-hydroxycholesterol	-0.47054256275995027	-1.1964495239676811	0.23027166882276842	0.5555914801915736	1.0	6/14	23.06%	AKR1D1;AKR1C4;CYP7B1;AKR1C2;NCOA2;CYP7A1
GSE46798_exposure_corrected	prerank	Voltage gated Potassium channels	-0.37465612293154105	-1.1960980625922832	0.2296037296037296	0.5556024314502618	1.0	13/42	22.74%	KCNH6;KCNH1;KCNH8;KCNQ5;KCNH5;KCND1;KCNV1;KCNC1;KCNA3;KCNB1;KCNG1;KCNH2;KCNC4
GSE46798_exposure_corrected	prerank	Formation of the cornified envelope	0.24633379947623962	1.1958746499441157	0.12244897959183673	0.7715867670416338	1.0	27/121	14.10%	LCE3E;SPRR2E;DSG3;LIPK;KRT34;KRT14;KRT73;KRT1;FLG;KRT38;KRT5;KRT13;KRT12;KRT15;KLK5;SPRR1B;FURIN;LCE1F;KRT27;PPL;KRT4;DSG4;KRT7;LCE6A;KRT85;DSG1;SPRR2A
GSE46798_exposure_corrected	prerank	SARS-CoV Infections	-0.29834428864831547	-1.1958411006142742	0.06124497991967871	0.5553440913720912	1.0	169/407	36.04%	RPS28;SUDS3;NUP35;PIK3C3;RPS4Y1;ROCK2;VAV1;CD79A;MAGT1;SMAD3;ITGA4;GANAB;RPS27;RPS27A;RPS12;RPS15;ITCH;ZCRB1;MAN2A1;CYSLTR1;NUP188;BCL2L1;ST3GAL1;SDC1;FXYD2;GEMIN6;YWHAG;NRP1;NUP88;VPS41;MGAT4C;TRAF6;PARP14;NLRP3;CHMP4A;ST6GALNAC3;GPC5;CREBBP;PTGES3;IFNA10;VPS45;RBBP7;IL17A;PARP4;HDAC2;RPS4X;YWHAQ;ATP1A3;MTA1;NUP98;FXYD6;IFNA7;ZDHHC2;STT3B;SH3KBP1;NUP133;SRPK1;ANO4;MASP1;YWHAH;MAP3K7;PTPN11;RPS11;SERPINE1;STAT1;UBC;AP2A1;ACE2;IFIT1;ATG14;FXYD7;UBE2N;DDX5;VPS39;S1PR1;NMI;PLCG2;NUP160;B2M;ZDHHC3;ROCK1;SNRPD1;FXYD1;RCOR1;CHD4;TBK1;NUP93;RBX1;GPC2;PHF21A;IL6R;PRKCSH;CUL3;NPIPB3;KPNB1;GEMIN5;GPC1;MGAT5;TOMM70;IFNA14;PIK3R4;CHMP4C;GEMIN2;CHMP4B;CRBN;SAP18;MGAT2;SEC24B;GSK3B;VEGFA;NUP214;GJA1;MAN1B1;ZDHHC8;ST3GAL3;IFNA8;RIPK1;HSP90AA1;AKT3;SRPK2;PKLR;AKT1;MAVS;FKBP4;RPS8;RBBP4;SNRPF;RPS23;PDPK1;AAAS;ATP1B1;G3BP1;IFNGR2;GATAD2A;PSMC6;RPS13;RPS20;ITGB1;POM121C;GPC4;RPS2;YWHAB;SAP30L;JAK2;SEC24A;PARP16;HLA-G;NUP37;PPIH;ZDHHC9;HLA-E;ST6GAL1;MGAT4B;ARID4A;AP2M1;NUP205;TKFC;GEMIN7;RPS7;CTSL;DDOST;VPS33A;ATP1A4;IFNAR2;AP2A2;IMPDH1;HMG20B;CHMP6;EEF1A1
GSE46798_exposure_corrected	prerank	Synthesis of active ubiquitin: roles of E1 and E2 enzymes	-0.39486815538561804	-1.1946504652825487	0.231990231990232	0.557833070677158	1.0	15/29	33.21%	RPS27A;UBE2D1;USP9X;UBE2T;UBE2D2;UBA6;UBC;UBE2G2;USP7;UBE2H;USP5;UBA1;UBE2G1;UBE2R2;UBE2K
GSE46798_exposure_corrected	prerank	Mitochondrial calcium ion transport	-0.43280806248697967	-1.1945353396936187	0.24399494310998734	0.5571390094878863	1.0	10/20	37.29%	MICU1;YME1L1;SLC8A3;VDAC1;MICU2;VDAC3;LETM1;PARL;MICU3;AFG3L2
GSE46798_exposure_corrected	prerank	Asparagine N-linked glycosylation	-0.3011024583043306	-1.1944820784892678	0.08787878787878788	0.5563116190971144	1.0	119/303	34.11%	TRIM13;MAGT1;ANK2;GANAB;GOSR1;RPS27A;CNIH3;SPTAN1;PMM2;MAN2A1;DCTN6;ANKRD28;TBC1D20;ST3GAL1;ST8SIA4;SLC35A1;EDEM3;FPGT;MGAT4C;PDIA3;MAN1C1;DCTN4;DYNC1LI2;ARCN1;GNPNAT1;ALG10;CAPZA1;ST6GALNAC3;SPTBN1;CTSC;AMDHD2;TUBA1A;ACTR10;LMAN1;ST8SIA6;PGM3;TUBB4A;TUBA8;MAN1A2;NSF;ALG8;DYNC1I1;RAD23B;COG5;STT3B;TUBB2B;SEC23IP;TRAPPC6B;TRAPPC3;SCFD1;UAP1;DCTN2;AMFR;TUBA3E;UBC;RFT1;DHRSX;ANK3;CNIH2;PPP6C;DYNC1H1;COPB1;ARF3;SEC22B;TRAPPC2;SEC31B;MGAT3;ST3GAL5;MPI;RNF139;COPA;CHST10;ARFGAP2;SEL1L;ST8SIA1;PRKCSH;DYNC1I2;B4GALT5;MGAT5;HK1;TMED7;ALG5;LMAN2;MGAT2;SEC24B;RNF185;ALG2;MLEC;MAN1B1;ST3GAL3;SRD5A3;NAPB;TRAPPC9;TMED2;ANK1;ST8SIA3;ALG3;USO1;EDEM1;COPG1;DYNLL1;RAB1A;TUBA1B;BET1;CGA;INS;ST8SIA2;SPTBN2;DPAGT1;SEC24A;B4GALT3;CHST8;PSMC1;DCTN1;ST6GAL1;GORASP1;NEU2;MGAT4B;ALG9
GSE46798_exposure_corrected	prerank	Muscle contraction	-0.30738882164631753	-1.1928986512191222	0.14669421487603307	0.5600734067907985	1.0	54/194	21.35%	KCNJ2;TTN;ORAI2;HIPK2;SCN2A;ATP2B1;CLIC2;CACNG4;FGF12;FXYD2;KCNK10;TMOD2;KCNK3;PLN;SCN9A;SCN7A;PAK2;ATP2A2;KCND1;FGF11;KCNIP4;KCNIP1;CAMK2D;CACNA2D2;ATP1A3;FXYD6;KCNK2;TMOD1;STIM1;TNNI2;MYH8;CORIN;KCNK17;TRPC1;SLC8A3;TBX5;SORBS1;PAK1;ABCC9;FXYD7;SRI;ANXA2;KAT2B;ASPH;KCNK16;FXYD1;RYR2;CAMK2B;SLC8A2;SCN1A;FGF14;KCNH2;CACNA1I;MYH11
GSE46798_exposure_corrected	prerank	Reduction of cytosolic Ca++ levels	-0.484751292111493	-1.1927373301706183	0.2673130193905817	0.5595049829669608	1.0	5/12	20.46%	ATP2B1;ATP2A2;SLC8A3;SRI;SLC8A2
GSE46798_exposure_corrected	prerank	TNFR1-induced NF-kappa-B signaling pathway	-0.39064957712478765	-1.190998225206948	0.22289890377588306	0.5637843841456499	1.0	10/32	20.09%	BIRC3;RPS27A;TNFAIP3;RBCK1;OPTN;TRAF1;MAP3K7;UBC;BIRC2;CYLD
GSE46798_exposure_corrected	prerank	Cell surface interactions at the vascular wall	-0.32545179257109796	-1.189656034341149	0.16276595744680852	0.5667452680821607	1.0	37/132	23.00%	SPN;IGLL1;FYN;LYN;TREM1;ITGA4;JAML;TEK;PSG7;SDC1;PECAM1;ESAM;PROCR;TSPAN7;ANGPT1;SLC7A6;SLC7A5;SELP;COL1A2;PSG4;PROS1;ANGPT4;PTPN11;PSG9;SLC7A8;GRB14;HRAS;GYPB;CD99L2;CD99;CD244;PIK3CB;PIK3CA;PLCG1;OLR1;CXADR;GPC1
GSE46798_exposure_corrected	prerank	G protein gated Potassium channels	-0.40281087469567917	-1.1878583299747885	0.2325	0.5690045334934363	1.0	8/28	19.34%	KCNJ2;GABBR2;GNG5;KCNJ16;GNG8;GNB1;GNGT2;KCNJ3
GSE46798_exposure_corrected	prerank	Activation of G protein gated Potassium channels	-0.40281087469567917	-1.1878583299747885	0.2325	0.5690045334934363	1.0	8/28	19.34%	KCNJ2;GABBR2;GNG5;KCNJ16;GNG8;GNB1;GNGT2;KCNJ3
GSE46798_exposure_corrected	prerank	Inhibition  of voltage gated Ca2+ channels via Gbeta/gamma subunits	-0.40281087469567917	-1.1878583299747885	0.2325	0.5690045334934363	1.0	8/28	19.34%	KCNJ2;GABBR2;GNG5;KCNJ16;GNG8;GNB1;GNGT2;KCNJ3
GSE46798_exposure_corrected	prerank	Influenza Viral RNA Transcription and Replication	-0.31827501197961394	-1.187776998591124	0.16526315789473683	0.5682163049816799	1.0	30/136	20.44%	RPS28;NUP35;RPS4Y1;RPS27;RPS27A;RPS12;RPS15;RPL18;NUP188;RPL24;NUP88;RPL5;POLR2G;RPL23;RPL6;GTF2F2;RPS4X;RPL10A;NUP98;RPL32;NUP133;RPL7;RPS11;RPL17;RPL37;NUP160;RPL21;NUP93;RPL36A;RPL36AL
GSE46798_exposure_corrected	prerank	MAPK1/MAPK3 signaling	-0.30430506209921004	-1.1877483229531787	0.09137055837563451	0.5673083125411977	1.0	104/262	33.76%	IL17RD;GDNF;FYN;ARRB1;TEK;RPS27A;GFRA1;LAT;SPTAN1;IL2RG;EREG;MET;BCL2L1;CSF2RA;CSF2RB;ANGPT1;PSMD14;PSMA4;CNKSR2;SPTBN1;PSMC5;DUSP9;MAP2K2;NF1;PTK2;KIT;CAMK2D;LAMTOR3;PSMD1;PSMC3;IL5RA;FGF1;DUSP8;FGF9;PTPN11;GRIN2B;UBC;FGFR3;RET;DUSP6;ERBB2;IL6ST;PSMA3;FRS3;KSR2;KITLG;PSMB2;PPP2R5D;GRIN2D;HRAS;SHOC2;CAMK2B;RBX1;NEFL;PIK3CB;IL6R;PIK3CA;NRG1;PSPN;CUL3;PSMB7;PPP2R5E;VCL;PSMB4;MAP3K11;MARK3;PPP2CA;ABHD17C;PSMD11;IL3RA;PSMD13;PSMA5;ARRB2;DUSP16;PIK3R1;PTPN7;DLG4;ADRM1;PSMA6;PSMA2;KBTBD7;ABHD17A;RASAL3;PPP2R1A;ACTN2;CNKSR1;FGA;PSMC6;IL2;CALM1;DLG3;NRG3;PSMD2;PDGFRB;YWHAB;JAK2;PIK3R2;SPTBN2;DUSP4;ZDHHC9;PSMC1;RASA2;CDK1;FGG
GSE46798_exposure_corrected	prerank	Negative regulation of NMDA receptor-mediated neuronal transmission	-0.4208929098469072	-1.1874291990993269	0.24516129032258063	0.5672336886836182	1.0	11/21	32.75%	CAMK2D;GRIN2B;GRIN2D;CAMK2B;NEFL;PPM1F;DLG4;ACTN2;CALM1;DLG3;GRIN2C
GSE46798_exposure_corrected	prerank	Glycosaminoglycan-protein linkage region biosynthesis	-0.3948291542334362	-1.1873448896469676	0.23522167487684728	0.5664748636692177	1.0	12/29	31.53%	B3GAT1;SDC1;GPC5;XYLT1;GPC2;UXS1;GPC1;VCAN;XYLT2;B3GALT6;FAM20B;GPC4
GSE46798_exposure_corrected	prerank	RAC2 GTPase cycle	-0.33591877919128166	-1.1871974137216332	0.18514412416851442	0.5659495127769181	1.0	45/86	41.19%	VAV1;ABR;DIAPH3;DOCK3;PREX1;EPHA2;PAK2;VAV3;LMAN1;EMD;ARHGAP39;VAPB;SWAP70;PAK4;ARHGAP21;PAK1;DOCK1;SLITRK5;RAB7A;PIK3CA;ABI2;ESYT1;NCKAP1L;PIK3R1;ARHGAP1;BRK1;VAV2;ITGB1;TRIO;LAMTOR1;DOCK10;PIK3R2;RACGAP1;ARMCX3;ARHGAP26;ARHGDIA;DSG2;ARHGAP17;CDC42;CYBB;MTX1;CDC42EP4;ERBIN;NCF2;NCKAP1
GSE46798_exposure_corrected	prerank	Chemokine receptors bind chemokines	-0.3583276343561864	-1.1869046048015999	0.22350230414746544	0.5657983673248861	1.0	17/54	17.51%	CXCL16;CXCL9;XCL1;CCR4;CCL28;CCR6;CCL5;CCR5;PPBP;CCR1;CCR10;CXCR2;CCR9;CXCR5;CXCR3;CCRL2;CXCL12
GSE46798_exposure_corrected	prerank	Other semaphorin interactions	-0.43263731840421066	-1.186239392736278	0.24937655860349128	0.5667059049815685	1.0	6/19	19.01%	SEMA3E;PLXNA4;PLXNA1;SEMA6A;PLXNB3;PLXNA2
GSE46798_exposure_corrected	prerank	CDK-mediated phosphorylation and removal of Cdc6	-0.35137801456038936	-1.1854649007870386	0.2048331415420023	0.5681301996921821	1.0	28/58	35.58%	RPS27A;UBE2D1;PSMD14;PSMA4;PSMC5;PSMD1;PSMC3;UBC;PSMA3;PSMB2;CDC26;PSMB7;ANAPC4;ANAPC15;PSMB4;CCNA1;PSMD11;PSMD13;PSMA5;ADRM1;PSMA6;PSMA2;PSMC6;PSMD2;ANAPC1;PSMC1;PSMB3;CDC16
GSE46798_exposure_corrected	prerank	Nonsense-Mediated Decay (NMD)	-0.3231869293013676	-1.1853239667045912	0.1717062634989201	0.566583050635179	1.0	38/116	30.73%	RPS28;RPS4Y1;RPS27;RPS27A;RPS12;RPS15;RPL18;RPL24;RPL5;RPL23;RPL6;NCBP2;RPS4X;RPL10A;RPL32;RPL7;RPS11;RPL17;RPL37;RPL21;RPL36A;RPL36AL;CASC3;RPLP2;SMG1;RPL11;SMG8;UPF2;PPP2CA;RPL9;PABPC1;RPS8;RPS23;UPF3B;PPP2R1A;MAGOH;RPS13;RPS20
GSE46798_exposure_corrected	prerank	Nonsense Mediated Decay (NMD) enhanced by the Exon Junction Complex (EJC)	-0.3231869293013676	-1.1853239667045912	0.1717062634989201	0.566583050635179	1.0	38/116	30.73%	RPS28;RPS4Y1;RPS27;RPS27A;RPS12;RPS15;RPL18;RPL24;RPL5;RPL23;RPL6;NCBP2;RPS4X;RPL10A;RPL32;RPL7;RPS11;RPL17;RPL37;RPL21;RPL36A;RPL36AL;CASC3;RPLP2;SMG1;RPL11;SMG8;UPF2;PPP2CA;RPL9;PABPC1;RPS8;RPS23;UPF3B;PPP2R1A;MAGOH;RPS13;RPS20
GSE46798_exposure_corrected	prerank	Plasma lipoprotein assembly, remodeling, and clearance	-0.3358315871841731	-1.1852077240550078	0.20467185761957732	0.5659880069514319	1.0	21/74	19.38%	PCSK9;APOA5;RPS27A;ALB;BMP1;LDLR;LMF2;LSR;HDLBP;ABCA1;PCSK6;APOC1;MBTPS1;MBTPS2;CUBN;UBC;AP2A1;CIDEC;CREB3L3;PRKACB;ANGPTL8
GSE46798_exposure_corrected	prerank	Eukaryotic Translation Termination	-0.3299239050610466	-1.1851225514653894	0.17320261437908496	0.5652855400746978	1.0	21/93	20.44%	RPS28;RPS4Y1;RPS27;RPS27A;RPS12;RPS15;RPL18;RPL24;RPL5;RPL23;RPL6;RPS4X;RPL10A;RPL32;RPL7;RPS11;RPL17;RPL37;RPL21;RPL36A;RPL36AL
GSE46798_exposure_corrected	prerank	Transcriptional regulation of white adipocyte differentiation	-0.3370749144897696	-1.1850676161796028	0.197136563876652	0.5644798454579812	1.0	24/84	24.75%	LEP;MED11;HDAC3;FABP4;ADIPOQ;NCOA6;CREBBP;WNT1;PLIN1;NR2F2;NCOA3;TBL1XR1;CHD9;NCOR2;SMARCD3;NCOA2;MED4;CDK19;MED25;MED1;SREBF2;KLF5;CARM1;SLC2A4
GSE46798_exposure_corrected	prerank	Interleukin-2 family signaling	-0.3676453007699288	-1.1846000890973132	0.21403508771929824	0.564862388707169	1.0	22/44	37.56%	IL2RG;GAB2;CSF2RA;CSF2RB;PIK3CD;IL5RA;STAT1;IL21;STAT4;IL9;PIK3CB;PIK3CA;IL3RA;PIK3R1;IL2;HAVCR2;JAK2;PIK3R2;INPPL1;SHC1;LGALS9;IL2RB
GSE46798_exposure_corrected	prerank	Interleukin-37 signaling	-0.42359937405974124	-1.1843138313392736	0.24935400516795866	0.5646373771412846	1.0	10/21	28.01%	SMAD3;PTPN20;PTPN13;PTPN4;SIGIRR;PTPN23;PTPN11;TBK1;PTPN9;PTPN7
GSE46798_exposure_corrected	prerank	Synthesis, secretion, and inactivation of Glucose-dependent Insulinotropic Polypeptide (GIP)	-0.47569927971640924	-1.1841591608379007	0.2630853994490358	0.5641159633608213	1.0	9/13	33.06%	ISL1;FFAR1;GIP;SPCS2;PCSK1;PAX6;SEC11A;SEC11C;SPCS1
GSE46798_exposure_corrected	prerank	SLC-mediated transmembrane transport	-0.30536788249513985	-1.1835825010968786	0.12703252032520326	0.5647847907231563	1.0	85/233	30.96%	SLC2A1;SLC25A10;SLC2A14;SLC5A8;SLC12A6;SLC4A5;SLC7A2;SLC6A13;SLC13A1;SLC6A9;SLC44A4;SLC2A10;SLC22A7;SLC24A5;SLC35A1;SLC2A9;SLC9A7;SLC12A5;MIR32;EMB;SLC38A1;SLC17A1;SLC13A2;SLC7A6;SLC27A6;SLC20A2;SLC7A5;SLC12A2;SLC14A2;SLC35D1;SLC30A2;SLC7A1;SLC39A14;SLC33A1;SLC2A6;SLC1A2;SLC17A7;SLC5A10;SLC27A1;PDZD11;SLC35B3;AVP;SLC10A6;SLC8A3;SLC9A1;SLC1A4;SLC9A3;SLC45A3;SLCO1C1;SLC7A8;SRI;SLC22A2;SLC22A15;SLC5A4;SLC22A1;SLC28A1;SLC8A2;SLC9A9;SLC25A5;SLC26A7;SLC29A2;SLC24A3;SLC5A7;SLC7A3;LCN15;SLC2A3;SLC22A16;SLC2A4;SLC5A6;SLC41A2;SLC22A11;SLC40A1;SLC29A4;SLC1A3;SLC25A11;SLC16A3;SLC47A1;SLC47A2;SLC25A6;SLC4A7;AHCYL2;SLC26A11;SLC5A12;CALM1;SLC39A2
GSE46798_exposure_corrected	prerank	Major pathway of rRNA processing in the nucleolus and cytosol	-0.3098960726766627	-1.183513252786328	0.15822130299896586	0.5640283334141747	1.0	66/179	32.40%	RPS28;RPS4Y1;RPS27;RPS27A;RPS12;RPS15;RPL18;WDR12;RPL24;EXOSC10;RPL5;TBL3;SNU13;DCAF13;RPL23;RPL6;UTP14A;WDR36;MPHOSPH6;RPS4X;UTP15;RPL10A;FBL;RPL32;DDX21;FCF1;RPL7;PES1;RPS11;RPL17;UTP14C;RPL37;WDR46;RPL21;RIOK1;BOP1;RPL36A;RPL36AL;RPP40;UTP20;RPLP2;TSR1;WDR75;ERI1;UTP4;RPL11;RPL9;LAS1L;EXOSC9;NOL12;RIOK3;BMS1;DHX37;EMG1;RPS8;RPS23;GNL3;LTV1;RPS13;RPS20;EXOSC2;HEATR1;EXOSC3;RPS2;NOL6;PELP1
GSE46798_exposure_corrected	prerank	Signaling by KIT in disease	-0.426385975604012	-1.183482345956995	0.23730964467005075	0.5622099588392021	1.0	13/20	44.75%	FYN;LYN;KIT;STAT1;HRAS;PIK3CA;PIK3R1;JAK2;PIK3R2;YES1;GRB2;NRAS;LCK
GSE46798_exposure_corrected	prerank	Signaling by phosphorylated juxtamembrane, extracellular and kinase domain KIT mutants	-0.426385975604012	-1.183482345956995	0.23730964467005075	0.5622099588392021	1.0	13/20	44.75%	FYN;LYN;KIT;STAT1;HRAS;PIK3CA;PIK3R1;JAK2;PIK3R2;YES1;GRB2;NRAS;LCK
GSE46798_exposure_corrected	prerank	VEGFR2 mediated cell proliferation	-0.42917272391237093	-1.1833314782563513	0.2522639068564036	0.5616880802336917	1.0	9/19	33.25%	PRKCB;PRKCA;HRAS;PLCG1;SPHK1;VEGFA;PDPK1;CALM1;AHCYL1
GSE46798_exposure_corrected	prerank	AMPK-induced ERAD and lysosome mediated degradation of PD-L1(CD274)	-0.3609333660064414	-1.1830598434399162	0.20327102803738317	0.5615374562701851	1.0	26/52	31.02%	RPS27A;ERLIN1;PSMD14;PSMA4;PSMC5;PSMD1;PSMC3;PRKAB2;UBC;PSMA3;PSMB2;PRKAA1;ERLEC1;SEL1L;PSMB7;PSMB4;RNF185;PSMD11;PSMD13;PSMA5;ADRM1;PSMA6;PSMA2;PRKAG1;PSMC6;PSMD2
GSE46798_exposure_corrected	prerank	Interactions of Vpr with host cellular proteins	-0.38211198459513024	-1.182923704140175	0.24850657108721624	0.5609719156511551	1.0	17/36	34.70%	NUP35;NUP188;PSIP1;NUP88;NUP98;NUP133;NUP160;NUP93;SLC25A5;NUP214;SLC25A6;AAAS;POM121C;NUP37;HMGA1;SLC25A4;NUP205
GSE46798_exposure_corrected	prerank	Co-inhibition by CTLA4	-0.42968690245112734	-1.1827328113005633	0.2598225602027883	0.56054771271332	1.0	10/21	30.11%	FYN;LYN;PTPN11;CD80;PPP2R5D;PPP2R5E;PPP2CA;AKT3;AKT1;PPP2R1A
GSE46798_exposure_corrected	prerank	G-protein beta:gamma signalling	-0.38555828611696374	-1.1820649447765477	0.23636363636363636	0.5615312041248718	1.0	20/32	40.19%	GNG5;PIK3CG;GNG8;ARHGEF6;GNB1;PAK1;GNGT2;RHOA;AKT3;AKT1;PDPK1;GNB5;GNB4;GNG7;GNB2;CDC42;PLCB1;GNG2;PIK3R6;PIK3R5
GSE46798_exposure_corrected	prerank	Regulation of endogenous retroelements	-0.3381087359945988	-1.1819735866954197	0.1936193619361936	0.5608366815119764	1.0	21/77	19.24%	ZNF669;ZNF680;ZNF425;DPF2;ZNF320;SMARCA2;SMARCD1;SMARCA4;DPF3;ZNF33A;RBBP7;HDAC2;MTA1;ZNF519;SMARCE1;SMARCD3;ZNF382;ZNF454;ZNF816;ZNF273;CHD4
GSE46798_exposure_corrected	prerank	Mucopolysaccharidoses	-0.5000081967092953	-1.1819376396791086	0.26170798898071623	0.5599915237663214	1.0	5/11	32.20%	GALNS;HYAL1;HGSNAT;ARSB;NAGLU
GSE46798_exposure_corrected	prerank	CD28 dependent Vav1 pathway	-0.49038531781450956	-1.1809481619698925	0.2546419098143236	0.5617434198784349	1.0	5/12	17.52%	VAV1;FYN;PAK2;PAK1;CD80
GSE46798_exposure_corrected	prerank	TRIF (TICAM1)-mediated TLR4 signaling	-0.3223053686615338	-1.1807896255211359	0.17219251336898395	0.5602992171826182	1.0	28/108	20.56%	BIRC3;CREB1;RPS27A;UBE2D1;NFKB2;MAPK7;SAA1;TRAF6;CD14;RPS6KA2;TNIP2;UBE2D2;LRRC14;OPTN;MAPK9;MAP3K7;PTPN11;S100A12;UBC;DUSP6;UBE2N;PPP2R5D;SKP1;BIRC2;FBXW11;TBK1;MAP2K4;MAPKAPK3
GSE46798_exposure_corrected	prerank	MyD88-independent TLR4 cascade	-0.3223053686615338	-1.1807896255211359	0.17219251336898395	0.5602992171826182	1.0	28/108	20.56%	BIRC3;CREB1;RPS27A;UBE2D1;NFKB2;MAPK7;SAA1;TRAF6;CD14;RPS6KA2;TNIP2;UBE2D2;LRRC14;OPTN;MAPK9;MAP3K7;PTPN11;S100A12;UBC;DUSP6;UBE2N;PPP2R5D;SKP1;BIRC2;FBXW11;TBK1;MAP2K4;MAPKAPK3
GSE46798_exposure_corrected	prerank	RHOQ GTPase cycle	-0.3541201373485944	-1.1803024286669304	0.2171945701357466	0.5608210057125301	1.0	30/57	38.08%	DIAPH3;ARHGEF7;PREX1;ARHGAP5;PAK2;PAK4;ARHGAP21;STEAP3;PAK1;RHOQ;FNBP1;CDC42EP2;RAB7A;GFOD1;DLC1;CDC42BPB;GJA1;WASL;ARHGAP1;SLC4A7;SNAP23;ARHGAP33;STOM;LAMTOR1;ARHGAP26;CFTR;CPNE8;GOPC;ARHGAP17;CDC42
GSE46798_exposure_corrected	prerank	M Phase	-0.297513956892047	-1.1796928949127494	0.09778225806451613	0.5616268049804692	1.0	149/332	38.90%	NINL;NUP35;CENPI;BLZF1;CLIP1;RPS27;ZWINT;RPS27A;HAUS2;KNL1;VPS4A;UBE2D1;NUP188;NEK6;CNEP1R1;NUF2;YWHAG;NUP88;PRKCB;CENPE;STAG2;CEP152;DYNC1LI2;PSMD14;SKA2;PSMA4;SPAST;CHMP4A;NEK7;CEP63;PSMC5;SPDL1;RANGAP1;TUBA1A;PCNT;TUBB4A;TUBA8;EMD;PRKCA;DYNC1I1;PSMD1;PSMC3;NUP98;NUMA1;KIF20A;NUP133;TUBB2B;KIF2A;CEP164;DCTN2;TUBA3E;UBC;SGO1;KNTC1;PSMA3;DYNC1H1;NUP160;PSMB2;PPP2R5D;CTDNEP1;LMNB1;PPP2R2D;NUP93;SPC24;LEMD2;BUB1B;CEP76;XPO1;VRK1;CDC26;PSMB7;ANAPC4;KPNB1;DYNC1I2;ANAPC15;PPP2R5E;PSMB4;CHMP4C;CHMP4B;CKAP5;CEP70;CENPN;PDS5B;CEP192;RAD21;PPP2CA;PSMD11;NUP214;NIPBL;NCAPH2;CEP41;PSMD13;PSMA5;CETN2;HSP90AA1;IST1;SIRT2;KIF23;ADRM1;CENPP;PSMA6;PSMA2;NME7;OFD1;TUBGCP4;MCPH1;AAAS;CEP57;USO1;PPP2R1A;ARPP19;DYNLL1;PSMC6;RAB1A;TUBA1B;PSMD2;POM121C;NSL1;ANAPC1;NUP37;PSMC1;CDK1;PLK4;DCTN1;GORASP1;EML4;PAFAH1B1;NUP205;PSMB3;CLASP1;CDC16;SGO2;CENPH;CHMP6;PCM1;BUB3;ODF2;CSNK2A2;PSMB6;CEP131;PTTG1;NDEL1;CCP110;GOLGA2;PRKACA;NUP62;PSMB1;RCC1;HAUS7
GSE46798_exposure_corrected	prerank	Beta-catenin phosphorylation cascade	-0.4445968431014645	-1.179522813081661	0.2630208333333333	0.5612078473778103	1.0	8/17	30.11%	AMER1;APC;FRAT1;PPP2R5D;PPP2R5E;GSK3B;PPP2CA;PPP2R1A
GSE46798_exposure_corrected	prerank	Alpha-protein kinase 1 signaling pathway	-0.49275742001732953	-1.1790188852635377	0.2523489932885906	0.5616288491814577	1.0	4/11	15.92%	RPS27A;TRAF6;MAP3K7;UBC
GSE46798_exposure_corrected	prerank	Formation of the anterior neural plate	-0.493129025797982	-1.179011005686634	0.2714486638537271	0.5607198432115309	1.0	5/11	22.03%	POU5F1;POU3F1;GBX2;SOX2;PAX6
GSE46798_exposure_corrected	prerank	RHOD GTPase cycle	-0.35785116213288154	-1.1784717042159465	0.2102803738317757	0.5613978358493197	1.0	30/51	37.93%	DIAPH3;DIAPH2;ARHGAP5;LMAN1;EMD;PLXNA1;ADD3;ARHGAP39;PAK6;VAPB;ARHGAP21;STEAP3;LMNB1;RAB7A;PAK5;ACTN1;AKAP12;ESYT1;PIK3R1;ARHGAP1;ANKFY1;SLC4A7;PLXNB1;PIK3R2;RACGAP1;ARHGAP26;CPNE8;HINT2;ARHGAP17;DBN1
GSE46798_exposure_corrected	prerank	Receptor-type tyrosine-protein phosphatases	-0.43263681979037555	-1.1781190140540503	0.24293059125964012	0.5614998162514814	1.0	12/19	34.45%	SLITRK3;PTPRD;PPFIA3;NTRK3;SLITRK5;LRRC4B;IL1RAPL1;SLITRK2;SLITRK1;PTPRF;PPFIA2;SLITRK4
GSE46798_exposure_corrected	prerank	HDR through MMEJ (alt-NHEJ)	-0.49916337209652806	-1.177318730689456	0.2647058823529412	0.5628344527568792	1.0	5/11	26.33%	RBBP8;PARP2;NBN;PARP1;XRCC1
GSE46798_exposure_corrected	prerank	Platelet sensitization by LDL	-0.4465771666331161	-1.176896749950266	0.2483574244415243	0.5631394816223204	1.0	8/17	33.73%	PECAM1;FGR;PTPN11;PPP2R5D;PPP2R5E;PPP2CA;PPP2R1A;LRP8
GSE46798_exposure_corrected	prerank	Aflatoxin activation and detoxification	0.36417828213773057	1.1767870357859138	0.23214285714285715	0.8191516464601267	1.0	7/18	20.01%	CYP3A5;CYP3A4;GGT1;GGT5;CYP2A13;ACY3;CYP1A2
GSE46798_exposure_corrected	prerank	Sensory perception of taste	-0.37469434875575797	-1.1765077762609861	0.23625730994152047	0.5633878073236684	1.0	13/39	21.90%	KCNJ2;SCN2A;TRPM4;SCN9A;GRM4;TAS2R8;TAS2R1;TAS2R43;CALHM3;GNB1;SCNN1B;TAS2R40;CALHM1
GSE46798_exposure_corrected	prerank	G1/S Transition	-0.3221868984522721	-1.1763817464538913	0.18211206896551724	0.5627941901511434	1.0	56/119	37.06%	ORC6;MCM8;LIN54;RPS27A;DHFR;PSMD14;LIN52;PSMA4;PSMC5;E2F5;WEE1;MYC;PSMD1;PSMC3;MCM7;DBF4;UBC;GMNN;PSMA3;RPA3;PSMB2;SKP1;ORC4;ORC2;ORC3;PSMB7;PSMB4;CCNA1;RPA1;PPP2CA;POLA1;PSMD11;POLE2;PSMD13;PSMA5;POLA2;TYMS;AKT3;ADRM1;PSMA6;PSMA2;AKT1;RBBP4;PPP2R1A;RRM2;PSMC6;PSMD2;CDC7;CDKN1B;PSMC1;CDK1;CCNH;PSMB3;MNAT1;CCND1;PSMB6
GSE46798_exposure_corrected	prerank	SUMOylation of RNA binding proteins	-0.36474585494398587	-1.176050443568546	0.2266355140186916	0.5627958939471729	1.0	27/46	45.78%	NUP35;NUP188;RNF2;NUP88;NUP98;NUP133;PCGF2;SCMH1;NUP160;HNRNPC;NUP93;NUP214;BMI1;AAAS;POM121C;NUP37;NUP205;PHC1;NUP62;NUP107;CBX8;NUP210;NOP58;NUP155;NUP43;NUP58;SUMO1
GSE46798_exposure_corrected	prerank	Gamma-carboxylation of protein precursors	0.4318498029394136	1.1748671265946549	0.25842696629213485	0.8105039345177818	1.0	2/10	8.42%	F10;F9
GSE46798_exposure_corrected	prerank	HS-GAG biosynthesis	-0.3777848175397489	-1.1748379989431135	0.2342786683107275	0.5652694442880202	1.0	11/32	23.00%	NDST4;SDC1;HS3ST3A1;HS2ST1;GPC5;EXT2;HS6ST2;HS6ST1;GPC2;EXTL2;GPC1
GSE46798_exposure_corrected	prerank	Interleukin-12 family signaling	-0.34945941967849187	-1.1746433623005805	0.23130841121495327	0.5648762711332143	1.0	19/54	24.35%	IL10;HNRNPA2B1;PDCD4;MTAP;IL12RB2;TCP1;PAK2;CAPZA1;PITPNA;MSN;GSTO1;STAT1;IL6ST;ANXA2;LMNB1;STAT4;HNRNPF;RALA;SOD2
GSE46798_exposure_corrected	prerank	Interaction between L1 and Ankyrins	-0.3976607518846377	-1.1744815728245213	0.2560386473429952	0.5644153138415827	1.0	15/28	32.42%	ANK2;SCN2A;SPTAN1;NRCAM;SCN9A;SCN7A;SPTBN1;ANK3;SCN1A;NFASC;KCNQ2;ANK1;L1CAM;SCN3A;SPTBN2
GSE46798_exposure_corrected	prerank	Intraflagellar transport	-0.36458074113257366	-1.1738464201273466	0.23104265402843602	0.5652142022324669	1.0	16/45	24.04%	IFT122;IFT172;KIF3A;DYNLRB1;TUBA1A;TUBB4A;KIFAP3;TUBB2B;DYNC2H1;KIF3B;IFT74;TRIP11;WDR19;IFT22;KIF17;IFT43
GSE46798_exposure_corrected	prerank	RNA Polymerase I Transcription Termination	-0.4020662096429348	-1.1734990299549082	0.2524630541871921	0.5653066234609393	1.0	18/27	45.14%	TAF1A;GTF2H3;TAF1D;UBTF;GTF2H5;POLR1C;POLR1E;TBP;CCNH;GTF2H1;MNAT1;POLR1B;POLR1D;TAF1C;POLR2H;POLR2K;POLR1A;ERCC2
GSE46798_exposure_corrected	prerank	POU5F1 (OCT4), SOX2, NANOG repress genes related to differentiation	0.4272262469923733	1.1727252575946938	0.2826086956521739	0.8032875680003769	1.0	3/10	10.10%	CDX2;NANOG;DKK1
GSE46798_exposure_corrected	prerank	Negative regulation of MET activity	-0.41935789027219067	-1.172223377441523	0.2574002574002574	0.5679760265659378	1.0	7/21	17.83%	RPS27A;EPS15;MET;SH3KBP1;LRIG1;UBC;STAM2
GSE46798_exposure_corrected	prerank	Translation of Replicase and Assembly of the Replication Transcription Complex_9694676	-0.46625618158814575	-1.1721078818002584	0.27520435967302453	0.5674135464432413	1.0	5/14	24.48%	PIK3C3;CHMP4A;PIK3R4;CHMP4C;CHMP4B
GSE46798_exposure_corrected	prerank	SLC-mediated transport of organic anions	-0.3777331832424622	-1.171722011810647	0.2488095238095238	0.5676406973697458	1.0	13/35	28.01%	SLC25A10;SLC5A8;SLC44A4;SLC22A7;EMB;SLC13A2;AVP;SLC10A6;SLCO1C1;SLC5A7;SLC22A11;SLC25A11;SLC16A3
GSE46798_exposure_corrected	prerank	CHD3, CHD4, CHD5 subfamily	-0.37450477872691385	-1.1711440164573383	0.24793388429752067	0.568286039020402	1.0	10/39	12.31%	CBX3;ZNF592;ADNP;ZMYND8;CDK2AP1;RBBP7;CHD5;HDAC2;MTA1;NR2F2
GSE46798_exposure_corrected	prerank	Cytoprotection by HMOX1	-0.3525322009097054	-1.1710978584179517	0.21071012805587894	0.56749530979822	1.0	21/54	26.26%	ALB;HDAC3;NLRP3;HBB;NCOA6;CREBBP;COX5A;TBL1XR1;CHD9;NCOR2;SMARCD3;NCOA2;COX7C;COX7A2L;COX7B;MED1;CARM1;COX6C;FABP1;TXNIP;BLVRA
GSE46798_exposure_corrected	prerank	Estrogen-dependent gene expression	-0.3271134765786793	-1.1706677778345718	0.1927710843373494	0.5678234995201523	1.0	31/91	25.63%	KDM4B;TNRC6C;KCTD6;POLR2G;STAG2;AGO1;GTF2F2;CREBBP;CCNT1;PTGES3;KAT5;MYC;FOXA1;AGO3;NCOA3;CBFB;TFF1;NCOA2;CXXC5;ZNF217;DDX5;CXCL12;KAT2B;GTF2A1;MED1;NRIP1;YY1;CHD1;CARM1;AGO2;RAD21
GSE46798_exposure_corrected	prerank	Regulation of PD-L1(CD274) expression	-0.31095996568878354	-1.1701329136061407	0.17981072555205047	0.5684552356168486	1.0	62/144	37.06%	TEAD1;TNRC6C;MAGT1;RPS27A;TEAD3;NFKB2;ERLIN1;YWHAG;AGO1;PSMD14;PSMA4;PSMC5;CREBBP;RBBP7;MYC;PSMD1;PSMC3;AGO3;STT3B;PRKAB2;STAT1;UBC;PSMA3;PSMB2;PRKAA1;SKP1;HIF1A;RBX1;ERLEC1;SEL1L;CUL3;PSMB7;PSMB4;AGO2;MIR148A;GSK3B;RNF185;PSMD11;MYCN;PSMD13;PSMA5;ADRM1;PSMA6;PSMA2;B3GNT3;RBBP4;SPOP;PRKAG1;PSMC6;PSMD2;SUZ12;PSMC1;PSMB3;MIR152;DDOST;TNRC6A;EED;CCND1;ASH2L;TUSC3;CSNK2A2;PSMB6
GSE46798_exposure_corrected	prerank	DNA Replication Pre-Initiation	-0.33014022487018146	-1.1700688892084161	0.2141280353200883	0.5676935153346532	1.0	40/88	33.45%	ORC6;MCM8;RPS27A;UBE2D1;PSMD14;PSMA4;PSMC5;PSMD1;PSMC3;MCM7;DBF4;UBC;GMNN;PSMA3;RPA3;PSMB2;ORC4;ORC2;ORC3;CDC26;PSMB7;ANAPC4;KPNB1;ANAPC15;PSMB4;RPA1;POLA1;PSMD11;POLE2;PSMD13;PSMA5;POLA2;ADRM1;PSMA6;PSMA2;PSMC6;PSMD2;ANAPC1;CDC7;PSMC1
GSE46798_exposure_corrected	prerank	SARS-CoV-1 targets host intracellular signalling and regulatory pathways	-0.4436939766130614	-1.1699345948953668	0.26052631578947366	0.567139472451336	1.0	8/16	32.04%	SMAD3;YWHAG;YWHAQ;YWHAH;SERPINE1;PDPK1;PSMC6;YWHAB
GSE46798_exposure_corrected	prerank	NOTCH3 Activation and Transmission of Signal to the Nucleus	-0.3975776108127249	-1.1693618910838626	0.23647798742138365	0.5678573401052465	1.0	7/25	19.78%	RPS27A;NOTCH3;NEURL1;NEURL1B;JAG1;UBC;PSENEN
GSE46798_exposure_corrected	prerank	Epigenetic regulation of gene expression	-0.30034627817336274	-1.1688122814817483	0.13008130081300814	0.5684528727936004	1.0	57/247	19.33%	KMT2D;CBX3;SUDS3;SMARCA5;ZNF669;TAF1A;ZNF680;ZNF425;PSIP1;DPF2;ZNF320;HDAC3;FABP4;OGT;DR1;DEK;SMARCA2;ADIPOQ;SF3B1;SMARCD1;NCOA6;SMARCA4;CREBBP;GTF2H3;TAF1D;DPF3;ZNF33A;RBBP7;HDAC2;MTA1;AEBP2;PLIN1;TET1;ZNF519;PAGR1;NCOA3;SMARCE1;TBL1XR1;DDX21;NCOR2;SMARCD3;ZNF382;DNMT3B;ZNF454;MTF2;NCOA2;CIDEC;ZNF816;KAT2B;ZNF273;UBTF;RRP8;MED4;GTF2H5;CHD4;POLR1C;PHLDA1
GSE46798_exposure_corrected	prerank	Metabolism of water-soluble vitamins and cofactors	-0.3175473216279377	-1.1684865291754412	0.20423280423280424	0.5684370935276549	1.0	29/120	18.10%	MMAA;DHFR2;SLC25A51;SLC2A1;SLC5A8;NNMT;CTRB1;DHFR;PARP14;MTHFD1;PANK2;ACACB;MTHFD2;MTR;HLCS;PARP4;MTHFD1L;PRSS1;NAMPT;NMRK2;PDZD11;CUBN;GSTO1;ACACA;NT5E;DCAKD;MTRR;PRSS3;MMADHC
GSE46798_exposure_corrected	prerank	Toll Like Receptor 3 (TLR3) Cascade	-0.31975493957233464	-1.1682648018945263	0.2053763440860215	0.568074159607228	1.0	26/104	20.56%	BIRC3;CREB1;RPS27A;UBE2D1;NFKB2;MAPK7;SAA1;TRAF6;RPS6KA2;TNIP2;UBE2D2;LRRC14;OPTN;MAPK9;MAP3K7;S100A12;UBC;DUSP6;UBE2N;PPP2R5D;SKP1;BIRC2;FBXW11;TBK1;MAP2K4;MAPKAPK3
GSE46798_exposure_corrected	prerank	Dengue Virus Genome Translation and Replication	-0.33415491499746663	-1.1680865497098327	0.20487264673311184	0.5676938653547331	1.0	37/81	39.97%	MAGT1;RPS27A;PDIA3;BTF3;NMT1;HDLBP;STT3B;SPCS2;HNRNPD;HYOU1;UBC;EIF4G2;EIF4A2;DNAJC10;ACOT2;NACA;XPO1;KPNB1;P4HA1;RTN3;KPNA3;PABPC1;SEC11A;SEC11C;EIF4G3;VIM;SUN2;SCAP;DNAJB11;EIF4E3;SPCS1;DDOST;TUSC3;EIF4A1;IPO7;ATL2;RPN2
GSE46798_exposure_corrected	prerank	Opioid Signalling	-0.32537884590002525	-1.1673829555815862	0.18599562363238512	0.5687731241108286	1.0	43/88	39.81%	ADCY9;PDE4C;CREB1;NBEA;GNAQ;PPP3CB;ADCY1;GNAI3;GNG5;PRKCA;CAMK2D;PDE1A;GNG8;GNB1;GNGT2;CAMKK1;PDE4A;PPP2R5D;PPP3R1;PRKAR1A;PRKACB;CAMK2B;ADCY8;PDE1B;GNAI2;PPP2CA;GNAI1;PPP3CA;ADCY7;PPP2R1A;CALM1;GNB5;AHCYL1;PRKCG;GNB4;GNG7;ADCY3;ADCY4;GNB2;PRKACA;PLCB1;GRK2;GNG2
GSE46798_exposure_corrected	prerank	rRNA processing in the nucleus and cytosol	-0.3045270953722142	-1.167023780037632	0.17458677685950413	0.5689548803229174	1.0	69/189	32.40%	RPS28;RPS4Y1;RPS27;RPS27A;RPS12;RPS15;RPL18;WDR12;RPL24;EXOSC10;RPL5;TBL3;SNU13;DCAF13;RPL23;RPL6;UTP14A;WDR36;MPHOSPH6;RPS4X;UTP15;RPL10A;NOP10;FBL;RPL32;DDX21;FCF1;DKC1;RPL7;PES1;RPS11;RPL17;UTP14C;RPL37;WDR46;RPL21;RIOK1;BOP1;RPL36A;RPL36AL;RPP40;UTP20;RPLP2;TSR1;WDR75;NHP2;ERI1;UTP4;RPL11;RPL9;LAS1L;EXOSC9;NOL12;RIOK3;BMS1;DHX37;EMG1;RPS8;RPS23;GNL3;LTV1;RPS13;RPS20;EXOSC2;HEATR1;EXOSC3;RPS2;NOL6;PELP1
GSE46798_exposure_corrected	prerank	Formation of neuronal progenitor and neuronal BAF (npBAF and nBAF)	-0.4138904880354751	-1.1666571159084735	0.25529265255292655	0.5691109407797292	1.0	8/24	13.94%	BCL11A;DPF2;SMARCA2;SMARCD1;SMARCA4;DPF3;SMARCE1;SMARCD3
GSE46798_exposure_corrected	prerank	Translation of Replicase and Assembly of the Replication Transcription Complex_9679504	-0.4737683632522752	-1.1665661874293907	0.2639664804469274	0.568509008271434	1.0	5/13	24.48%	PIK3C3;CHMP4A;PIK3R4;CHMP4C;CHMP4B
GSE46798_exposure_corrected	prerank	RAF/MAP kinase cascade	-0.29890157416385105	-1.16533406548961	0.12703252032520326	0.5710043317108026	1.0	100/256	33.76%	IL17RD;GDNF;FYN;ARRB1;TEK;RPS27A;GFRA1;LAT;SPTAN1;IL2RG;EREG;MET;BCL2L1;CSF2RA;CSF2RB;ANGPT1;PSMD14;PSMA4;CNKSR2;SPTBN1;PSMC5;DUSP9;MAP2K2;NF1;PTK2;KIT;CAMK2D;LAMTOR3;PSMD1;PSMC3;IL5RA;FGF1;DUSP8;FGF9;GRIN2B;UBC;FGFR3;RET;DUSP6;ERBB2;PSMA3;FRS3;KSR2;KITLG;PSMB2;PPP2R5D;GRIN2D;HRAS;SHOC2;CAMK2B;RBX1;NEFL;PIK3CB;PIK3CA;NRG1;PSPN;CUL3;PSMB7;PPP2R5E;VCL;PSMB4;MAP3K11;MARK3;PPP2CA;ABHD17C;PSMD11;IL3RA;PSMD13;PSMA5;ARRB2;DUSP16;PIK3R1;PTPN7;DLG4;ADRM1;PSMA6;PSMA2;KBTBD7;ABHD17A;RASAL3;PPP2R1A;ACTN2;CNKSR1;FGA;PSMC6;IL2;CALM1;DLG3;NRG3;PSMD2;PDGFRB;YWHAB;JAK2;PIK3R2;SPTBN2;DUSP4;ZDHHC9;PSMC1;RASA2;FGG
GSE46798_exposure_corrected	prerank	ERK/MAPK targets	-0.4162251231160743	-1.1653039530233933	0.2522179974651457	0.5702096188281285	1.0	14/22	42.53%	MAPK7;RPS6KA2;DUSP6;PPP2R5D;PPP2CA;PPP2R1A;DUSP4;MEF2C;DUSP7;RPS6KA3;MEF2A;DUSP3;MAPK3;PPP2R1B
GSE46798_exposure_corrected	prerank	TRAF6 mediated IRF7 activation in TLR7/8 or 9 signaling	0.37991976311555464	1.1652842545198616	0.2540322580645161	0.8146767936710824	1.0	1/13	0.04%	IRAK4
GSE46798_exposure_corrected	prerank	Formation of annular gap junctions	0.4059427747132363	1.16516416514908	0.24609375	0.8012518974644726	1.0	3/11	12.80%	DNM2;DAB2;CLTC
GSE46798_exposure_corrected	prerank	RHO GTPases Activate Formins	-0.3126061236025888	-1.1647280166095753	0.179596174282678	0.571045107689102	1.0	42/136	25.97%	CENPI;DVL3;CLIP1;RPS27;ZWINT;FMNL2;KNL1;DIAPH3;DVL1;NUF2;CENPE;DIAPH2;DYNC1LI2;SKA2;SPDL1;RANGAP1;TUBA1A;TUBB4A;TUBA8;DYNC1I1;NUP98;NUP133;TUBB2B;DAAM1;KIF2A;TUBA3E;SGO1;RHOB;KNTC1;DYNC1H1;NUP160;PPP2R5D;RHOA;SPC24;BUB1B;XPO1;DYNC1I2;PPP2R5E;PFN1;CKAP5;CENPN;PPP2CA
GSE46798_exposure_corrected	prerank	RHOBTB2 GTPase cycle	-0.40773931561024773	-1.1647084566736585	0.2752179327521793	0.570197981563329	1.0	13/23	37.93%	HNRNPC;SRRM1;CUL3;DDX39B;ACTN1;RHOBTB2;STK38;HSP90AA1;MYO6;TXNL1;CCT6A;PHIP;DBN1
GSE46798_exposure_corrected	prerank	Metabolism of non-coding RNA	-0.35476181608898427	-1.1645547337140203	0.23632130384167638	0.5688396529147758	1.0	31/52	45.55%	NUP35;NUP188;GEMIN6;NUP88;PHAX;NCBP2;NUP98;NUP133;NUP160;SNRPD1;NUP93;SNUPN;GEMIN5;GEMIN2;NUP214;SNRPF;AAAS;POM121C;NUP37;CLNS1A;NUP205;GEMIN7;NUP62;SNRPD3;GEMIN4;NUP107;NUP210;SNRPE;NUP155;NUP43;NUP58
GSE46798_exposure_corrected	prerank	snRNP Assembly	-0.35476181608898427	-1.1645547337140203	0.23632130384167638	0.5688396529147758	1.0	31/52	45.55%	NUP35;NUP188;GEMIN6;NUP88;PHAX;NCBP2;NUP98;NUP133;NUP160;SNRPD1;NUP93;SNUPN;GEMIN5;GEMIN2;NUP214;SNRPF;AAAS;POM121C;NUP37;CLNS1A;NUP205;GEMIN7;NUP62;SNRPD3;GEMIN4;NUP107;NUP210;SNRPE;NUP155;NUP43;NUP58
GSE46798_exposure_corrected	prerank	Interleukin-1 signaling	-0.3208546565721535	-1.1644881999971242	0.2134344528710726	0.5681355450033162	1.0	42/98	35.30%	IL1B;PELI3;RPS27A;NFKB2;SAA1;TRAF6;PSMD14;PSMA4;PSMC5;TNIP2;LRRC14;PSMD1;PSMC3;MAP3K7;S100A12;UBC;UBE2N;PSMA3;PSMB2;SKP1;FBXW11;MAP2K4;RBX1;PSMB7;HMGB1;PSMB4;PSMD11;MAP3K3;PSMD13;PSMA5;ADRM1;PSMA6;PSMA2;USP14;PSMC6;PSMD2;TP53;PSMC1;TIFA;IL1RN;PSMB3;AGER
GSE46798_exposure_corrected	prerank	Metal ion SLC transporters	-0.3666731513060578	-1.1641543483577335	0.25559481743227325	0.5682097775330643	1.0	21/43	38.46%	SLC24A5;SLC9A7;SLC30A2;SLC39A14;SLC8A3;SLC9A1;SLC9A3;SRI;SLC8A2;SLC9A9;SLC24A3;SLC41A2;SLC40A1;CALM1;SLC39A2;SLC39A7;SLC24A2;SLC41A1;SLC9A6;SLC39A6;SLC30A10
GSE46798_exposure_corrected	prerank	Anchoring of the basal body to the plasma membrane	-0.3252345244275693	-1.1639805013842386	0.21334792122538293	0.567797377772933	1.0	46/92	42.13%	NINL;HAUS2;YWHAG;CEP97;CEP152;CEP63;TUBA1A;PCNT;TUBB4A;TTBK2;TMEM216;CEP164;DCTN2;RAB11A;TCTN1;DYNC1H1;CEP76;TMEM67;DYNC1I2;CKAP5;CEP70;CEP192;CEP41;CETN2;HSP90AA1;OFD1;CEP57;PPP2R1A;DYNLL1;CDK1;AHI1;PLK4;DCTN1;PAFAH1B1;CLASP1;PCM1;ODF2;CEP131;CCP110;PRKACA;HAUS7;MKS1;HAUS1;ACTR1A;CDK5RAP2;CEP290
GSE46798_exposure_corrected	prerank	Extension of Telomeres	-0.3572725495989785	-1.16308042893992	0.23361144219308702	0.5693897590813052	1.0	19/48	30.63%	ANKRD28;DSCC1;RFC1;NOP10;RUVBL2;DKC1;PIF1;PPP6C;RPA3;POLD3;TERF1;TERF2;NHP2;CCNA1;RPA1;POLA1;POLA2;WRN;RTEL1
GSE46798_exposure_corrected	prerank	Mismatch Repair	-0.4455659808853081	-1.1626757433903383	0.2582781456953642	0.5697230560234382	1.0	8/15	35.63%	MSH3;MSH2;RPA3;POLD3;RPA1;MSH6;MLH1;PMS2
GSE46798_exposure_corrected	prerank	EPH-ephrin mediated repulsion of cells	-0.3490803607419942	-1.1624743365272578	0.22753792298716452	0.5693922882708211	1.0	23/51	36.10%	FYN;LYN;EPHA10;EPHA2;VAV3;EFNA5;EPHA3;EPHB1;AP2A1;PSENEN;MMP2;EFNB1;DNM1;VAV2;MMP9;RAC1;EFNA3;AP2M1;CLTB;AP2A2;PSEN2;YES1;EPHB2
GSE46798_exposure_corrected	prerank	rRNA modification in the nucleus and cytosol	-0.3457602755982184	-1.1619749322337332	0.2269585253456221	0.5699031645507975	1.0	36/58	44.44%	TBL3;SNU13;DCAF13;UTP14A;WDR36;UTP15;NOP10;FBL;FCF1;DKC1;UTP14C;WDR46;UTP20;WDR75;NHP2;UTP4;BMS1;DHX37;EMG1;HEATR1;RPS2;NOL6;RPS7;UTP11;KRR1;UTP3;THUMPD1;TSR3;NAT10;NOP56;DDX52;SNORD3A;UTP6;RCL1;NOP58;NOP2
GSE46798_exposure_corrected	prerank	Glycoprotein hormones	-0.5048767589731449	-1.1614757558516644	0.28711484593837533	0.5704304637657751	1.0	4/10	15.12%	INHA;INHBE;TSHB;INHBB
GSE46798_exposure_corrected	prerank	Regulation of endogenous retroelements by KRAB-ZFP proteins	-0.3543761188279556	-1.160919112313656	0.2497055359246172	0.5711570732764857	1.0	14/46	19.24%	ZNF669;ZNF680;ZNF425;ZNF320;ZNF33A;RBBP7;HDAC2;MTA1;ZNF519;ZNF382;ZNF454;ZNF816;ZNF273;CHD4
GSE46798_exposure_corrected	prerank	Organelle biogenesis and maintenance	-0.29592038287656175	-1.1609131249165798	0.1347517730496454	0.570302555125001	1.0	101/286	31.08%	NINL;BBS12;CREB1;TNRC6C;HAUS2;BBS5;SIRT3;YWHAG;CEP97;IFT122;HDAC3;AGO1;CEP152;IFT172;KIF3A;EXOC7;DYNLRB1;BBS10;CEP63;TCP1;NCOA6;BBS9;CREBBP;BBS1;E2F5;TUBA1A;PCNT;TUBB4A;TUBA8;TTBK2;AGO3;CCNO;RFX3;ARL3;KIFAP3;TMEM216;TUBB2B;PRKAB2;TBL1XR1;CHD9;SMARCD3;CEP164;ASAP1;MIR449A;DYNC2H1;EXOC4;DCTN2;NPHP3;APOO;TUBA3E;NCOA2;NR1D1;KIF3B;RAB11A;GMNN;TCTN1;DYNC1H1;IFT74;BBS2;HDAC6;NRF1;TRIP11;UNC119B;WDR19;IMMT;CEP76;CNGA4;MED1;TMEM67;DYNC1I2;IFT22;KIF17;IFT43;HCFC1;SOD2;CARM1;AGO2;CKAP5;CEP70;RAB11FIP3;CEP192;TFB2M;CEP41;CETN2;HSP90AA1;RFX2;IFT88;CRTC2;MTERF1;INPP5E;OFD1;SMO;CEP57;PPP2R1A;PRKAG1;TFB1M;DYNLL1;CALM1;TUBA1B;EXOC1;TFAM
GSE46798_exposure_corrected	prerank	PPARA activates gene expression	-0.31818842547230924	-1.1589440586261777	0.19805194805194806	0.5750122882336363	1.0	50/116	36.41%	MED11;APOA5;AHR;ARNT2;NPAS2;ACOX1;HDAC3;NCOA6;CREBBP;HMGCR;RORA;CPT1A;ABCA1;ME1;SLC27A1;NCOA3;TBL1XR1;CHD9;NCOR2;SMARCD3;NCOA2;NR1D1;ANKRD1;MED4;NRF1;CDK19;HMGCS1;MED25;MED1;SREBF2;CYP7A1;CARM1;FABP1;MED29;ACSL1;TNFRSF21;AGT;ABCB4;NR1H4;FAM120B;AHRR;MED26;MED8;TIAM2;MED31;CYP1A1;MED10;NR1H3;NFYB;RGL1
GSE46798_exposure_corrected	prerank	PLC beta mediated events	-0.3469919504819554	-1.1587167964584812	0.2540792540792541	0.5748016690812272	1.0	14/48	23.54%	ADCY9;CREB1;NBEA;GNAQ;ADCY1;PRKCA;CAMK2D;PDE1A;CAMKK1;PRKAR1A;PRKACB;CAMK2B;ADCY8;PDE1B
GSE46798_exposure_corrected	prerank	POU5F1 (OCT4), SOX2, NANOG activate genes related to proliferation	0.40723936872874367	1.1586015008206805	0.25	0.8092574712102302	1.0	3/12	3.62%	FGF2;DPPA4;NANOG
GSE46798_exposure_corrected	prerank	Selenocysteine synthesis	-0.3227186478417267	-1.1585941876207873	0.19912948857453755	0.5742832084664825	1.0	21/93	20.44%	RPS28;RPS4Y1;RPS27;RPS27A;RPS12;RPS15;RPL18;RPL24;RPL5;RPL23;RPL6;RPS4X;RPL10A;RPL32;RPL7;RPS11;RPL17;RPL37;RPL21;RPL36A;RPL36AL
GSE46798_exposure_corrected	prerank	COPI-mediated anterograde transport	-0.32047343093550307	-1.1580028872194055	0.2252448313384113	0.5751540177097781	1.0	40/99	33.87%	ANK2;GOSR1;SPTAN1;DCTN6;DCTN4;DYNC1LI2;ARCN1;CAPZA1;SPTBN1;TUBA1A;ACTR10;TUBB4A;TUBA8;NSF;DYNC1I1;COG5;TUBB2B;DCTN2;TUBA3E;ANK3;DYNC1H1;COPB1;ARF3;COPA;ARFGAP2;DYNC1I2;TMED7;NAPB;TMED2;ANK1;USO1;COPG1;DYNLL1;RAB1A;TUBA1B;BET1;INS;SPTBN2;DCTN1;GORASP1
GSE46798_exposure_corrected	prerank	Regulation of MITF-M-dependent genes involved in pigmentation	-0.3682998751014094	-1.1578224792333005	0.26941176470588235	0.5748017037844653	1.0	14/41	24.75%	CREB1;DPF2;SMARCA2;SYTL2;SMARCD1;SMARCA4;DPF3;SMARCE1;MYO5A;SMARCD3;MLPH;SOX10;MLANA;SMARCC2
GSE46798_exposure_corrected	prerank	Hormone ligand-binding receptors	-0.46869235441162993	-1.1575387016141454	0.2946793997271487	0.5747381449662843	1.0	3/12	13.14%	GPHA2;GNRH1;TSHB
GSE46798_exposure_corrected	prerank	Sodium/Calcium exchangers	-0.48424983057628346	-1.1566533408513775	0.31029810298102983	0.5763627495342669	1.0	7/11	32.82%	SLC24A5;SLC8A3;SRI;SLC8A2;SLC24A3;CALM1;SLC24A2
GSE46798_exposure_corrected	prerank	MITF-M-regulated melanocyte development	-0.3102788254466304	-1.1558309734336467	0.1816261879619852	0.5778309623773471	1.0	43/148	26.26%	TBX2;CREB1;TNRC6C;MET;DPF2;TFEC;YWHAG;AGO1;SMARCA2;SYTL2;SMARCD1;SMARCA4;CREBBP;DPF3;KIT;AGO3;STT3B;SMARCE1;BCL2A1;MYO5A;SMARCD3;YWHAH;SERPINE1;EDN3;MLPH;ATP6V1B2;ATP6V1E1;KITLG;SOX2;ATP6AP2;SOX10;XPO1;ATP6V1D;MLANA;PAX3;ATP6V0E2;AGO2;SMARCC2;MARK3;EDNRB;GSK3B;PXN;ZEB1
GSE46798_exposure_corrected	prerank	Nicotinate metabolism	-0.39064497027452666	-1.1550790189444367	0.2720677146311971	0.5791483209113718	1.0	8/29	14.57%	SLC25A51;SLC5A8;NNMT;PARP14;PARP4;NAMPT;NMRK2;NT5E
GSE46798_exposure_corrected	prerank	PI Metabolism	-0.3275328930543648	-1.155050527758038	0.22630992196209587	0.5783765679062005	1.0	39/81	32.47%	PIK3C3;INPP5F;GDPD1;SYNJ2;PIK3C2A;PTPN13;PIK3CD;PIP4K2A;MTMR2;SACM1L;SBF2;PIP5K1B;PLEKHA2;PIK3CG;MTMR6;GDPD3;PLEKHA1;PLEKHA6;OCRL;ARF3;INPP4A;SBF1;MTMR10;PNPLA6;PIK3CB;PIK3CA;PTEN;PI4K2B;PIK3R4;PLEKHA5;PIP4K2C;PIKFYVE;PIK3R1;MTMR4;INPP5E;INPP5J;PNPLA7;PIK3R2;PIK3C2B
GSE46798_exposure_corrected	prerank	Evasion by RSV of host interferon responses	0.3052979165724089	1.1549728147285279	0.2	0.8074802248283268	1.0	5/31	7.49%	IFNAR1;IFNA6;IFNA5;IFNA1;UBB
GSE46798_exposure_corrected	prerank	Defects in cobalamin (B12) metabolism	-0.4745256165911924	-1.1538424589406737	0.30013642564802184	0.5809225887573634	1.0	7/12	28.69%	MMAA;MTR;CUBN;MTRR;MMADHC;LMBRD1;MMAB
GSE46798_exposure_corrected	prerank	SUMOylation of DNA damage response and repair proteins	-0.33130630898460206	-1.1537015930349774	0.23660714285714285	0.5804307621419587	1.0	34/76	37.13%	NUP35;XRCC4;NUP188;XPC;RNF2;NUP88;NSMCE3;STAG2;NSMCE1;NUP98;NUP133;PCGF2;SMC5;NSMCE4A;SCMH1;NUP160;NUP93;PIAS1;PARP1;RPA1;RAD21;NUP214;CETN2;BMI1;WRN;AAAS;POM121C;MDC1;NUP37;NUP205;BLM;PIAS4;TDG;PHC1
GSE46798_exposure_corrected	prerank	Recruitment of NuMA to mitotic centrosomes	-0.32300116656648836	-1.1535774181010185	0.23128491620111732	0.5799388177757547	1.0	49/90	44.27%	NINL;HAUS2;YWHAG;CEP152;CEP63;TUBA1A;PCNT;TUBB4A;TUBA8;NUMA1;TUBB2B;CEP164;DCTN2;TUBA3E;DYNC1H1;CEP76;DYNC1I2;CKAP5;CEP70;CEP192;CEP41;CETN2;HSP90AA1;NME7;OFD1;TUBGCP4;CEP57;PPP2R1A;DYNLL1;TUBA1B;CDK1;PLK4;DCTN1;PAFAH1B1;CLASP1;PCM1;ODF2;CEP131;CCP110;PRKACA;HAUS7;HAUS1;ACTR1A;TUBGCP2;CDK5RAP2;CEP290;TUBAL3;TUBB;MAPRE1
GSE46798_exposure_corrected	prerank	Initiation of coagulation cascade	0.3237471865969986	1.1534373956458548	0.22666666666666666	0.7992195102681424	1.0	8/23	17.77%	VWF;F10;F8;F9;SDC3;GPC3;SDC4;AGRN
GSE46798_exposure_corrected	prerank	Degradation of cysteine and homocysteine	-0.45858570206366944	-1.1533418866681395	0.29649595687331537	0.5796910591726641	1.0	3/14	8.96%	SLC25A10;TSTD1;CDO1
GSE46798_exposure_corrected	prerank	Intra-Golgi traffic	-0.35587807574208724	-1.1528597594138994	0.25870069605568446	0.5802236836935181	1.0	9/44	12.70%	ALPP;GOSR1;MAN2A1;VTI1A;MAN1C1;VPS45;MAN1A2;NSF;COG5
GSE46798_exposure_corrected	prerank	Synthesis of DNA	-0.3184338072486758	-1.1527254518573222	0.21553610503282275	0.5797326704694215	1.0	39/106	28.52%	ORC6;MCM8;RPS27A;UBE2D1;PSMD14;PSMA4;PSMC5;RFC1;PSMD1;PSMC3;MCM7;UBC;GMNN;PSMA3;RPA3;PSMB2;SKP1;POLD3;ORC4;GINS1;RBX1;ORC2;ORC3;CDC26;PSMB7;ANAPC4;ANAPC15;PSMB4;CCNA1;RPA1;POLA1;PSMD11;POLE2;PSMD13;PSMA5;POLA2;ADRM1;PSMA6;PSMA2
GSE46798_exposure_corrected	prerank	G alpha (q) signalling events	-0.297546253304757	-1.1521923647301693	0.15201654601861428	0.5803971627741406	1.0	56/209	23.67%	QRFPR;PROK2;DGKD;CREB1;DGKG;LPAR5;XCL1;ARHGEF25;CYSLTR1;HCRTR1;MCHR2;MAPK7;SAA1;PTAFR;GNAQ;RGS4;RGS17;GNRH1;RPS6KA2;UTS2;FFAR1;CHRM3;EDNRA;TACR1;GNG5;P2RY2;GPRC6A;PRKCA;PRKCH;KNG1;EDN2;P2RY6;PRKCE;DGKB;AVP;RGS5;GNG8;TAC3;LPAR2;MLNR;GNB1;EDN3;NPSR1;GNGT2;GRK5;HRAS;GCG;KISS1;PROK1;RGS19;DGKQ;PIK3CA;BRS3;DAGLB;RGS21;TAC1
GSE46798_exposure_corrected	prerank	CTNNB1 S45 mutants aren't phosphorylated	-0.45137602151617573	-1.1521825406532193	0.29521276595744683	0.575258780191145	1.0	7/15	30.11%	AMER1;APC;PPP2R5D;PPP2R5E;GSK3B;PPP2CA;PPP2R1A
GSE46798_exposure_corrected	prerank	CTNNB1 S33 mutants aren't phosphorylated	-0.45137602151617573	-1.1521825406532193	0.29521276595744683	0.575258780191145	1.0	7/15	30.11%	AMER1;APC;PPP2R5D;PPP2R5E;GSK3B;PPP2CA;PPP2R1A
GSE46798_exposure_corrected	prerank	CTNNB1 T41 mutants aren't phosphorylated	-0.45137602151617573	-1.1521825406532193	0.29521276595744683	0.575258780191145	1.0	7/15	30.11%	AMER1;APC;PPP2R5D;PPP2R5E;GSK3B;PPP2CA;PPP2R1A
GSE46798_exposure_corrected	prerank	Signaling by GSK3beta mutants	-0.45137602151617573	-1.1521825406532193	0.29521276595744683	0.575258780191145	1.0	7/15	30.11%	AMER1;APC;PPP2R5D;PPP2R5E;GSK3B;PPP2CA;PPP2R1A
GSE46798_exposure_corrected	prerank	Signaling by CTNNB1 phospho-site mutants	-0.45137602151617573	-1.1521825406532193	0.29521276595744683	0.575258780191145	1.0	7/15	30.11%	AMER1;APC;PPP2R5D;PPP2R5E;GSK3B;PPP2CA;PPP2R1A
GSE46798_exposure_corrected	prerank	CTNNB1 S37 mutants aren't phosphorylated	-0.45137602151617573	-1.1521825406532193	0.29521276595744683	0.575258780191145	1.0	7/15	30.11%	AMER1;APC;PPP2R5D;PPP2R5E;GSK3B;PPP2CA;PPP2R1A
GSE46798_exposure_corrected	prerank	FRS-mediated FGFR1 signaling	0.34689259558071217	1.1521723393283851	0.24875621890547264	0.7906378998859511	1.0	10/22	17.69%	FGF2;FGF22;FGF20;SOS1;FRS2;FGFR1;FGF6;FGF3;FGF5;FGF10
GSE46798_exposure_corrected	prerank	Transport of Mature Transcript to Cytoplasm	-0.3287585667238381	-1.1516546581406863	0.23314917127071824	0.5757483958004954	1.0	47/82	46.70%	NUP35;NUP188;SRSF11;NUP88;NCBP2;CPSF3;WDR33;SRSF3;NUP98;NUP133;SARNP;NUP160;SRSF1;GLE1;NUP93;SRRM1;CDC40;CASC3;THOC7;DDX39B;THOC1;LUZP4;NUP214;SRSF6;AAAS;UPF3B;MAGOH;SLU7;POM121C;NUP37;NUP205;SRSF4;SRSF5;NUP62;NUP107;CPSF1;NUP210;CPSF4;MAGOHB;NUP155;DHX38;POLDIP3;NUP43;FYTTD1;NUP58;SYMPK;CHTOP
GSE46798_exposure_corrected	prerank	Formation of the ureteric bud	-0.42180383210554806	-1.1511738144262178	0.3064516129032258	0.5762067182342748	1.0	6/20	10.70%	GDNF;SIX1;GFRA1;FOXC2;SLIT2;HOXD11
GSE46798_exposure_corrected	prerank	MAPK3 (ERK1) activation	-0.4869193575788425	-1.1508678200421634	0.31163434903047094	0.5761806044917043	1.0	9/10	50.46%	PTPN11;IL6ST;IL6R;JAK2;CDK1;MAPK3;MAP2K1;IL6;TYK2
GSE46798_exposure_corrected	prerank	SUMOylation of transcription cofactors	-0.3586200332476716	-1.1505863964729037	0.26223776223776224	0.5760762610137553	1.0	14/43	23.32%	HIPK2;RNF2;CREBBP;UHRF2;NCOR2;PCGF2;NCOA2;SCMH1;DDX5;ZNF131;CTBP1;DDX17;NRIP1;PIAS1
GSE46798_exposure_corrected	prerank	Mitotic Anaphase	-0.2978997576368397	-1.1503554617684633	0.17761806981519507	0.5758611930349141	1.0	91/216	35.99%	NUP35;CENPI;CLIP1;RPS27;ZWINT;RPS27A;KNL1;VPS4A;UBE2D1;NUP188;NUF2;CENPE;STAG2;DYNC1LI2;PSMD14;SKA2;PSMA4;SPAST;CHMP4A;PSMC5;SPDL1;RANGAP1;TUBA1A;TUBB4A;TUBA8;EMD;DYNC1I1;PSMD1;PSMC3;NUP98;NUP133;TUBB2B;KIF2A;TUBA3E;UBC;SGO1;KNTC1;PSMA3;DYNC1H1;NUP160;PSMB2;PPP2R5D;LMNB1;NUP93;SPC24;LEMD2;BUB1B;XPO1;VRK1;CDC26;PSMB7;ANAPC4;KPNB1;DYNC1I2;ANAPC15;PPP2R5E;PSMB4;CHMP4C;CHMP4B;CKAP5;CENPN;PDS5B;RAD21;PPP2CA;PSMD11;PSMD13;PSMA5;IST1;SIRT2;ADRM1;CENPP;PSMA6;PSMA2;PPP2R1A;DYNLL1;PSMC6;TUBA1B;PSMD2;NSL1;ANAPC1;NUP37;PSMC1;CDK1;PAFAH1B1;NUP205;PSMB3;CLASP1;CDC16;SGO2;CENPH;CHMP6
GSE46798_exposure_corrected	prerank	Selenoamino acid metabolism	-0.3138576997739553	-1.1499244188616675	0.2126068376068376	0.576165185257181	1.0	21/109	16.38%	RPS28;RPS4Y1;NNMT;RPS27;RPS27A;RPS12;RPS15;RPL18;RPL24;RPL5;HNMT;RPL23;RPL6;RPS4X;RPL10A;PAPSS1;RPL32;RPL7;RPS11;RPL17;RPL37
GSE46798_exposure_corrected	prerank	Passive transport by Aquaporins	0.3914459844414506	1.1498708219959441	0.2690909090909091	0.7854485081129453	1.0	3/12	7.66%	AQP8;AQP7;AQP12A
GSE46798_exposure_corrected	prerank	Lysosphingolipid and LPA receptors	-0.4452035288393004	-1.1490848874218338	0.3010610079575597	0.5775784607770925	1.0	6/14	29.37%	LPAR5;LPAR2;S1PR1;PLPPR2;S1PR4;PLPPR5
GSE46798_exposure_corrected	prerank	FCERI mediated MAPK activation	-0.3791325064563436	-1.1490500687005598	0.26065773447015833	0.5768296593756163	1.0	11/31	22.11%	VAV1;LYN;LAT;PAK2;VAV3;MAPK9;PAK1;PLCG2;HRAS;MAP2K4;PLCG1
GSE46798_exposure_corrected	prerank	Antimicrobial mechanism of IFN-stimulated genes	-0.29669333817686583	-1.1490099317250264	0.20468431771894094	0.5760830506575997	1.0	75/215	33.01%	RPS28;NUP35;RPS4Y1;RPS27;RPS27A;RPS12;RPS15;NEDD4;ABCE1;NUP188;NUP88;DUS2;FAAP24;EIF3M;TUBA1A;EIF3B;EIF3A;TUBB4A;TUBA8;FANCC;RPS4X;NUP98;DDX58;GBP1;NUP133;TUBB2B;EIF3E;OASL;SNCA;RPS11;ADAR;STAT1;TUBA3E;UBC;EIF3J;IFIT1;UBE2L6;EIF4G2;UBE2N;FANCL;EIF4A2;FANCE;NUP160;SKP1;EIF3K;NUP93;EIF1AX;PLCG1;KPNB1;EIF3H;SPHK1;FLNA;FANCB;EIF2AK2;EIF3L;PPP2CA;NUP214;KPNA3;IFIT5;MAVS;EIF4G3;RPS8;RPS23;AAAS;PPP2R1A;RPS13;RPS20;TUBA1B;POM121C;TP53;EIF4E3;RPS2;PRKRA;FLNB;NUP37
GSE46798_exposure_corrected	prerank	Recruitment of mitotic centrosome proteins and complexes	-0.3252325593812245	-1.1484727244886164	0.2408026755852843	0.5758287270356507	1.0	42/78	42.13%	NINL;CDK11A;HAUS2;YWHAG;CEP152;CEP63;TUBA1A;PCNT;TUBB4A;CEP164;DCTN2;DYNC1H1;CEP76;DYNC1I2;CKAP5;CEP70;CEP192;CEP41;CETN2;HSP90AA1;NME7;OFD1;TUBGCP4;CEP57;PPP2R1A;DYNLL1;CDK1;PLK4;DCTN1;PAFAH1B1;CLASP1;PCM1;ODF2;CEP131;CCP110;PRKACA;HAUS7;HAUS1;ACTR1A;TUBGCP2;CDK5RAP2;CEP290
GSE46798_exposure_corrected	prerank	Centrosome maturation	-0.3252325593812245	-1.1484727244886164	0.2408026755852843	0.5758287270356507	1.0	42/78	42.13%	NINL;CDK11A;HAUS2;YWHAG;CEP152;CEP63;TUBA1A;PCNT;TUBB4A;CEP164;DCTN2;DYNC1H1;CEP76;DYNC1I2;CKAP5;CEP70;CEP192;CEP41;CETN2;HSP90AA1;NME7;OFD1;TUBGCP4;CEP57;PPP2R1A;DYNLL1;CDK1;PLK4;DCTN1;PAFAH1B1;CLASP1;PCM1;ODF2;CEP131;CCP110;PRKACA;HAUS7;HAUS1;ACTR1A;TUBGCP2;CDK5RAP2;CEP290
GSE46798_exposure_corrected	prerank	Chk1/Chk2(Cds1) mediated inactivation of Cyclin B:Cdk1 complex	-0.44553577272871964	-1.1473559357067558	0.2923898531375167	0.5779705268220721	1.0	9/15	38.38%	YWHAG;WEE1;YWHAQ;YWHAH;CHEK2;CCNA1;YWHAB;CDK1;YWHAZ
GSE46798_exposure_corrected	prerank	Mitotic Metaphase and Anaphase	-0.29695679174454415	-1.1472067123617293	0.18237704918032788	0.5775542755958306	1.0	91/217	35.99%	NUP35;CENPI;CLIP1;RPS27;ZWINT;RPS27A;KNL1;VPS4A;UBE2D1;NUP188;NUF2;CENPE;STAG2;DYNC1LI2;PSMD14;SKA2;PSMA4;SPAST;CHMP4A;PSMC5;SPDL1;RANGAP1;TUBA1A;TUBB4A;TUBA8;EMD;DYNC1I1;PSMD1;PSMC3;NUP98;NUP133;TUBB2B;KIF2A;TUBA3E;UBC;SGO1;KNTC1;PSMA3;DYNC1H1;NUP160;PSMB2;PPP2R5D;LMNB1;NUP93;SPC24;LEMD2;BUB1B;XPO1;VRK1;CDC26;PSMB7;ANAPC4;KPNB1;DYNC1I2;ANAPC15;PPP2R5E;PSMB4;CHMP4C;CHMP4B;CKAP5;CENPN;PDS5B;RAD21;PPP2CA;PSMD11;PSMD13;PSMA5;IST1;SIRT2;ADRM1;CENPP;PSMA6;PSMA2;PPP2R1A;DYNLL1;PSMC6;TUBA1B;PSMD2;NSL1;ANAPC1;NUP37;PSMC1;CDK1;PAFAH1B1;NUP205;PSMB3;CLASP1;CDC16;SGO2;CENPH;CHMP6
GSE46798_exposure_corrected	prerank	Intracellular signaling by second messengers	-0.28877724709980546	-1.1471101443233513	0.1432896064581231	0.5769663767666414	1.0	140/305	38.81%	ADCY9;IL33;IL1RL1;FOXO1;VAV1;FYN;CREB1;TNRC6C;RPS27A;MIR25;FOXO6;NEDD4;EREG;GAB2;MET;RNF2;HDAC3;TRAF6;NBEA;AGO1;PSMD14;PIK3CD;PSMA4;PIP4K2A;PSMC5;ADCY1;RBBP7;PIP5K1B;KIT;PRKCA;CAMK2D;HDAC2;STRN;LAMTOR3;PSMD1;PSMC3;MTA1;AGO3;FGF1;PIK3CG;PRKCE;MTOR;PDE1A;FGF9;PRR5;PTPN11;UBC;FGFR3;ERBB2;USP7;SCMH1;CAMKK1;PSMA3;USP13;CD80;KITLG;MLST8;PSMB2;PPP2R5D;PRKAR1A;NTRK3;RCOR1;CHD4;PRKACB;CAMK2B;PIK3CB;RICTOR;PIK3CA;PTEN;NRG1;PSMB7;ADCY8;PLCG1;OTUD3;PPP2R5E;CBX6;PSMB4;PDE1B;NTRK2;AGO2;TRAT1;GSK3B;PPP2CA;CD28;PSMD11;RRAGD;PIP4K2C;PSMD13;PSMA5;PIK3R1;AKT3;ADRM1;PSMA6;PSMA2;BMI1;AKT1;RBBP4;PDPK1;FOXO4;ADCY7;PPP2R1A;GATAD2A;PSMC6;CALM1;NRG3;PSMD2;TP53;SUZ12;PDGFRB;CD19;INS;LAMTOR1;MIR205;PIK3R2;RAC1;CDKN1B;AHCYL1;PRKCG;PSMC1;PSMB3;PIK3AP1;TNKS2;ADCY3;TNRC6A;EED;CASP9;KDM1A;ADCY4;MIR21;CSNK2A2;PSMB6;PHC1;MAPKAP1;TNKS;RRAGB;FOXO3;TNRC6B;MTA3;PRKACA;PSMB1
GSE46798_exposure_corrected	prerank	HSP90 chaperone cycle for steroid hormone receptors (SHR) in the presence of ligand	-0.3437859660333765	-1.147046034319691	0.23859649122807017	0.5763354916451108	1.0	14/55	17.50%	DCTN6;DCTN4;DYNC1LI2;CAPZA1;TUBA1A;ACTR10;PTGES3;TUBB4A;TUBA8;DYNC1I1;TUBB2B;DCTN2;TUBA3E;DYNC1H1
GSE46798_exposure_corrected	prerank	Translesion Synthesis by POLH	-0.42801051463329876	-1.1469304885418508	0.2929032258064516	0.5757956912719949	1.0	6/18	24.32%	RPS27A;POLH;RFC1;UBC;RPA3;RPA1
GSE46798_exposure_corrected	prerank	Separation of Sister Chromatids	-0.3017592425940974	-1.1459466674908547	0.183991683991684	0.5776024134411276	1.0	73/172	35.85%	CENPI;CLIP1;RPS27;ZWINT;RPS27A;KNL1;UBE2D1;NUF2;CENPE;STAG2;DYNC1LI2;PSMD14;SKA2;PSMA4;PSMC5;SPDL1;RANGAP1;TUBA1A;TUBB4A;TUBA8;DYNC1I1;PSMD1;PSMC3;NUP98;NUP133;TUBB2B;KIF2A;TUBA3E;UBC;SGO1;KNTC1;PSMA3;DYNC1H1;NUP160;PSMB2;PPP2R5D;SPC24;BUB1B;XPO1;CDC26;PSMB7;ANAPC4;DYNC1I2;ANAPC15;PPP2R5E;PSMB4;CKAP5;CENPN;PDS5B;RAD21;PPP2CA;PSMD11;PSMD13;PSMA5;ADRM1;CENPP;PSMA6;PSMA2;PPP2R1A;DYNLL1;PSMC6;TUBA1B;PSMD2;NSL1;ANAPC1;NUP37;PSMC1;PAFAH1B1;PSMB3;CLASP1;CDC16;SGO2;CENPH
GSE46798_exposure_corrected	prerank	Fertilization	0.3249100026695975	1.1452203827634904	0.2682926829268293	0.7874728949547026	1.0	6/23	9.97%	CATSPER4;CATSPERD;ADAM20;ZP2;IZUMO2;CD9
GSE46798_exposure_corrected	prerank	Eukaryotic Translation Elongation	-0.3189479074988095	-1.1447018811301266	0.22306855277475518	0.5801220367143244	1.0	23/94	22.41%	RPS28;RPS4Y1;RPS27;RPS27A;RPS12;RPS15;RPL18;RPL24;RPL5;RPL23;RPL6;RPS4X;RPL10A;RPL32;RPL7;RPS11;RPL17;RPL37;RPL21;RPL36A;RPL36AL;EEF1A2;RPLP2
GSE46798_exposure_corrected	prerank	RHO GTPases activate KTN1	-0.47314896452405364	-1.1445850344002932	0.29931972789115646	0.579655720964761	1.0	8/11	41.59%	KTN1;RHOA;KIF5A;KIF5B;RAC1;CDC42;RHOG;KLC1
GSE46798_exposure_corrected	prerank	Signaling by WNT in cancer	-0.37540596425237077	-1.1444056177858508	0.2805755395683453	0.579313151342595	1.0	15/34	30.65%	AMER1;APC;RNF43;CTBP2;PPP2R5D;CTBP1;PPP2R5E;KREMEN1;GSK3B;PPP2CA;PORCN;LRP6;LRP5;PPP2R1A;FZD6
GSE46798_exposure_corrected	prerank	Listeria monocytogenes entry into host cells	-0.4128449457126608	-1.143963593352002	0.29936305732484075	0.5796377001020538	1.0	6/20	17.83%	RPS27A;EPS15;MET;SH3KBP1;UBC;STAM2
GSE46798_exposure_corrected	prerank	Regulation of CDH11 function	-0.47736250989693785	-1.143215377951041	0.2839506172839506	0.5809148361508474	1.0	2/11	6.78%	ADAM19;CDH11
GSE46798_exposure_corrected	prerank	Regulation of insulin secretion	-0.3253599728621341	-1.1430114933822568	0.2536475869809203	0.5806816224203653	1.0	35/75	39.81%	SLC2A1;CACNA1E;GNAQ;FFAR1;CHRM3;GNG5;PRKCA;CACNA2D2;ACSL4;GNG8;GLP1R;GNB1;KCNB1;GNGT2;SNAP25;PRKAR1A;GCG;CACNA1A;PRKACB;VAMP2;ADCY8;GNAI2;CACNB3;ADRA2A;GNAI1;GNB5;INS;AHCYL1;CACNB2;GNB4;GNG7;GNB2;PRKACA;PLCB1;GNG2
GSE46798_exposure_corrected	prerank	Apoptotic execution phase	-0.3548500298177676	-1.1425499744510386	0.28537735849056606	0.5811108251994597	1.0	21/46	30.24%	SPTAN1;PAK2;PTK2;APC;ADD1;SATB1;DNM1L;ROCK1;BIRC2;LMNB1;DSP;OCLN;KPNB1;HMGB1;CASP6;HMGB2;GSN;BCAP31;CASP3;VIM;DFFA
GSE46798_exposure_corrected	prerank	RUNX2 regulates osteoblast differentiation	-0.4003798349833362	-1.1424045934244584	0.29161451814768463	0.5806501357525216	1.0	3/24	5.36%	HES1;SP7;HDAC3
GSE46798_exposure_corrected	prerank	Acyl chain remodelling of PE	-0.40541175749299696	-1.1421453479346941	0.308953341740227	0.5805517880800335	1.0	7/22	20.45%	MBOAT2;PLA2G2D;LPCAT4;PLA2G4C;PLA2G12A;PLA2G5;PLBD1
GSE46798_exposure_corrected	prerank	Interaction of NuRD complexes with transcription factors	-0.3858221671584253	-1.1418910175638681	0.2857142857142857	0.5804113079995924	1.0	8/29	12.31%	ZNF592;ZMYND8;CDK2AP1;RBBP7;CHD5;HDAC2;MTA1;NR2F2
GSE46798_exposure_corrected	prerank	Interleukin-20 family signaling	-0.3931965179142454	-1.1415744381139445	0.28378378378378377	0.5805011421697192	1.0	6/25	20.43%	IL20;IL22;PTPN11;STAT1;STAT4;SOCS3
GSE46798_exposure_corrected	prerank	RAF activation	-0.37531446731671014	-1.1415695754609252	0.2815533980582524	0.5796889877112315	1.0	14/33	32.36%	MAP2K2;CAMK2D;PPP2R5D;HRAS;SHOC2;CAMK2B;PPP2R5E;MAP3K11;MARK3;PPP2CA;PPP2R1A;CALM1;YWHAB;JAK2
GSE46798_exposure_corrected	prerank	RAC1 GTPase cycle	-0.29634688215715044	-1.140745169661263	0.20833333333333334	0.5811204670516174	1.0	69/178	32.70%	VAV1;ABR;WAS;DIAPH3;DOCK3;ARHGEF25;ARHGEF7;ARHGAP15;FARP2;ARAP1;PREX1;EPHA2;ARHGAP5;PAK2;VAV3;KTN1;WIPF3;NISCH;GNA13;EMD;PKN2;FAM13A;ARHGAP24;DOCK5;CYFIP2;WASF1;ARHGAP39;PAK6;SWAP70;ARHGAP22;ARHGEF6;SRGAP3;PAK4;FARP1;ARHGAP21;JAG1;ARAP3;PAK1;DOCK1;PKN1;RAB7A;PAK5;PIK3CA;ARHGDIB;ARHGAP4;DLC1;DOCK11;PLD1;ABI2;WASL;DOCK7;ESYT1;NCKAP1L;DOCK9;PIK3R1;ARAP2;ARHGAP1;BRK1;VAV2;ARHGAP10;SNAP23;ARHGAP33;ITGB1;TRIO;LAMTOR1;DOCK10;PIK3R2;RACGAP1;RAC1
GSE46798_exposure_corrected	prerank	PI-3K cascade:FGFR1	0.3445619078403822	1.14070286705155	0.275	0.7897142539066097	1.0	9/20	17.69%	FGF2;FGF22;FGF20;FRS2;FGFR1;FGF6;FGF3;FGF5;FGF10
GSE46798_exposure_corrected	prerank	Peptide hormone biosynthesis	-0.4762758627809027	-1.1399265893292785	0.31923601637107774	0.5824951700085552	1.0	5/12	19.45%	INHA;INHBE;TSHB;INHBB;PCSK1
GSE46798_exposure_corrected	prerank	IRAK2 mediated activation of TAK1 complex upon TLR7/8 or 9 stimulation	-0.44493647376391726	-1.1395669271865438	0.29896907216494845	0.5826161360707833	1.0	5/15	15.92%	RPS27A;TRAF6;CD14;MAP3K7;UBC
GSE46798_exposure_corrected	prerank	Amyloid fiber formation	-0.3398959989328586	-1.1394217021817292	0.2763761467889908	0.5822141004793999	1.0	20/51	31.87%	RPS27A;SAA1;USP9X;TSPAN15;SORL1;BACE1;GGA2;SNCA;UBC;UBE2L6;TSPAN33;B2M;PSENEN;TGFBI;TSPAN5;GSN;SIAH1;FGA;SIAH2;INS
GSE46798_exposure_corrected	prerank	Platelet activation, signaling and aggregation	-0.2920020893878333	-1.1391582384039396	0.18431771894093688	0.5820801602958103	1.0	92/252	33.25%	TGFB3;IGF1;TTN;FERMT3;VAV1;FYN;LYN;DGKD;ARRB1;DGKG;ISLR;LAT;ABCC4;ALB;PECAM1;F13A1;PRKCB;MMRN1;GNAQ;PPBP;VAV3;PLEK;GP9;THBS1;GNAI3;PTK2;SELP;OLA1;GNA13;GNG5;COL1A2;PRKCA;PRKCH;PROS1;KNG1;PIK3CG;PRKCE;ITIH4;DGKB;GP5;GNG8;FAM3C;PTPN11;GNB1;SERPINE1;ADRA2B;PCYOX1L;GNGT2;RHOB;THPO;MANF;TGFB2;PLCG2;RHOA;DGKQ;PIK3CB;PIK3CA;GP1BA;APLP2;FLNA;VCL;DAGLB;PFN1;GNAI2;ACTN1;VEGFA;BRPF3;PLG;HRG;ARRB2;ADRA2A;PCDH7;PIK3R1;GNAI1;TEX264;AKT1;VAV2;DGKI;PDPK1;ACTN2;SCCPDH;FGA;CALM1;DAGLA;GNB5;DGKE;ABHD6;PIK3R2;P2RY12;RAC1;ABHD12;PRKCG
GSE46798_exposure_corrected	prerank	MECP2 regulates neuronal receptors and channels	-0.42658780448398037	-1.1390229539357009	0.30156657963446476	0.5816275967147339	1.0	6/18	17.49%	CREB1;MET;PTPN4;HDAC2;GRIN2B;GRIA2
GSE46798_exposure_corrected	prerank	NF-kB is activated and signals survival	-0.4559890843720569	-1.1382123365207124	0.2961487383798141	0.583014337632198	1.0	3/13	15.92%	RPS27A;TRAF6;UBC
GSE46798_exposure_corrected	prerank	HSF1 activation	0.3133571020051804	1.1366255515462584	0.22413793103448276	0.790517890729102	1.0	7/31	10.68%	RLN1;HSPA6;SERPINH1;HSPB2;DNAJB1;UBB;CRYBA4
GSE46798_exposure_corrected	prerank	Regulation of lipid metabolism by PPARalpha	-0.3106538613719466	-1.136456423310485	0.2297734627831715	0.586937528552986	1.0	50/118	36.41%	MED11;APOA5;AHR;ARNT2;NPAS2;ACOX1;HDAC3;NCOA6;CREBBP;HMGCR;RORA;CPT1A;ABCA1;ME1;SLC27A1;NCOA3;TBL1XR1;CHD9;NCOR2;SMARCD3;NCOA2;NR1D1;ANKRD1;MED4;NRF1;CDK19;HMGCS1;MED25;MED1;SREBF2;CYP7A1;CARM1;FABP1;MED29;ACSL1;TNFRSF21;AGT;ABCB4;NR1H4;FAM120B;AHRR;MED26;MED8;TIAM2;MED31;CYP1A1;MED10;NR1H3;NFYB;RGL1
GSE46798_exposure_corrected	prerank	Signaling by FLT3 ITD and TKD mutants	-0.4304442429430617	-1.1362532542674526	0.2989556135770235	0.5866664681919449	1.0	6/16	21.38%	GAB2;BCL2L1;PTPN11;NOX4;HRAS;PIK3CA
GSE46798_exposure_corrected	prerank	Infection with Mycobacterium tuberculosis	-0.3909157086487002	-1.1348649352838993	0.29207920792079206	0.5896457254749007	1.0	9/25	22.24%	RNF213;SFPQ;RPS27A;UBC;ENO1;B2M;RAB7A;MRC1;KPNB1
GSE46798_exposure_corrected	prerank	rRNA processing	-0.29472001409906295	-1.1346962534117417	0.20764462809917356	0.5893136317428573	1.0	72/204	32.40%	RPS28;RPS4Y1;RPS27;RPS27A;RPS12;RPS15;RPL18;WDR12;RPL24;EXOSC10;RPL5;TBL3;SNU13;DCAF13;RPL23;RPL6;UTP14A;WDR36;MPHOSPH6;RPS4X;UTP15;RPL10A;NOP10;FBL;RPL32;DDX21;FCF1;DKC1;RPL7;PES1;RPS11;RPL17;UTP14C;RPL37;WDR46;RPUSD3;RPL21;MTERF3;RIOK1;BOP1;RPL36A;RPL36AL;RPP40;UTP20;RPLP2;TSR1;WDR75;NHP2;ERI1;UTP4;RPL11;RPL9;LAS1L;EXOSC9;NOL12;RIOK3;BMS1;DHX37;EMG1;RPS8;RPS23;GNL3;LTV1;TFB1M;RPS13;RPS20;EXOSC2;HEATR1;EXOSC3;RPS2;NOL6;PELP1
GSE46798_exposure_corrected	prerank	Signaling by MET	-0.3201355427103858	-1.1341542314504263	0.2759776536312849	0.5900457917963389	1.0	32/78	34.54%	RPS27A;COL11A1;EPS15;MET;LAMA5;LAMC1;RAPGEF1;LAMC3;PTK2;COL1A2;SH3KBP1;LRIG1;TNS3;PTPN11;UBC;STAM2;HRAS;HPN;PIK3CA;COL3A1;CBL;LAMA2;LAMC2;DOCK7;RAB4B;PIK3R1;COL5A2;ITGB1;RAC1;SH3GL1;ITGA3;COL5A1
GSE46798_exposure_corrected	prerank	Assembly of the 9+2 motile cilia	-0.3806290182367847	-1.134074394593106	0.28588807785888076	0.5885983649406058	1.0	8/30	17.16%	TNRC6C;AGO1;E2F5;AGO3;CCNO;RFX3;MIR449A;GMNN
GSE46798_exposure_corrected	prerank	Transcriptional regulation of multiciliogenesis	-0.3806290182367847	-1.134074394593106	0.28588807785888076	0.5885983649406058	1.0	8/30	17.16%	TNRC6C;AGO1;E2F5;AGO3;CCNO;RFX3;MIR449A;GMNN
GSE46798_exposure_corrected	prerank	Early Phase of HIV Life Cycle	-0.44513308144391	-1.133992934842753	0.3032679738562091	0.5879752818254667	1.0	4/14	16.08%	XRCC4;PSIP1;CCR5;XRCC5
GSE46798_exposure_corrected	prerank	Triglyceride biosynthesis	0.4087284797287465	1.1330231358151899	0.2943396226415094	0.7911732151589411	1.0	4/11	14.30%	GK;GK2;AGMO;DGAT2
GSE46798_exposure_corrected	prerank	Translocation of SLC2A4 (GLUT4) to the plasma membrane	-0.32579496197144614	-1.1329732563370458	0.27570621468926554	0.5898793088052945	1.0	31/70	32.70%	YWHAG;KIF3A;EXOC7;TUBA1A;RALGAPA2;TUBB4A;TUBA8;YWHAQ;KIFAP3;TUBB2B;PRKAB2;MYO5A;YWHAH;EXOC4;TUBA3E;RHOQ;KIF3B;RAB11A;VAMP2;RAB10;RALA;C2CD5;SLC2A4;AKT1;SNAP23;PRKAG1;CALM1;TUBA1B;EXOC1;YWHAB;RAC1
GSE46798_exposure_corrected	prerank	Adenylate cyclase inhibitory pathway	-0.4687309833513521	-1.132579624091039	0.3154929577464789	0.5901661150723357	1.0	9/12	36.33%	ADCY9;ADCY1;GNAI3;ADCY8;GNAI2;GNAI1;ADCY7;ADCY3;ADCY4
GSE46798_exposure_corrected	prerank	Endogenous sterols	-0.39404407029074323	-1.132466457680407	0.2885085574572127	0.5896362322403921	1.0	12/25	33.61%	AHR;ARNT2;CYP7B1;NCOA2;CYP4V2;CYP1B1;CYP7A1;CYP11A1;FDX1;NR1H4;AHRR;CYP46A1
GSE46798_exposure_corrected	prerank	ADP signalling through P2Y purinoceptor 12	-0.4051766419812506	-1.1322701306486	0.31512071156289706	0.5893651883612389	1.0	13/21	39.81%	GNAI3;GNG5;GNG8;GNB1;GNGT2;GNAI2;GNAI1;GNB5;P2RY12;GNB4;GNG7;GNB2;GNG2
GSE46798_exposure_corrected	prerank	Formation of the HIV-1 Early Elongation Complex	-0.37023379223467967	-1.1315846471322817	0.28640776699029125	0.5896246599030099	1.0	5/33	8.90%	CTDP1;POLR2G;GTF2F2;NCBP2;GTF2H3
GSE46798_exposure_corrected	prerank	Formation of the Early Elongation Complex	-0.37023379223467967	-1.1315846471322817	0.28640776699029125	0.5896246599030099	1.0	5/33	8.90%	CTDP1;POLR2G;GTF2F2;NCBP2;GTF2H3
GSE46798_exposure_corrected	prerank	The role of Nef in HIV-1 replication and disease pathogenesis	-0.382402542091755	-1.1305109539409652	0.3070283600493218	0.5917332746121916	1.0	17/28	40.17%	FYN;AP1M2;PAK2;AP1S2;AP2A1;B2M;AP1M1;HCK;CD28;AP1B1;PACS1;RAC1;AP2M1;AP2A2;ATP6V1H;ARF1;ELMO1
GSE46798_exposure_corrected	prerank	Signaling by TGFB family members	-0.2990793837530499	-1.1301918676724312	0.24763903462749212	0.5918879116469272	1.0	50/158	27.63%	TGFB3;ARRB1;TNRC6C;SMAD3;RPS27A;UBE2D1;CGN;INHA;TGFBR2;TIMP2;BMPR2;AGO1;USP9X;PARD3;E2F5;CCNT1;COL1A2;MYC;SKI;ITGB8;AGO3;NCOR2;INHBB;SERPINE1;STAT1;UBC;MYOG;TGFB2;RHOA;PSENEN;BMP2;UCHL5;XPO1;TCF4;USP15;TRIM33;SNW1;FBN1;PPM1A;ZFYVE16;PARP1;MMP14;AGO2;TGIF2;CBL;SKIL;ACVR1B;MYCN;NEDD8;ARRB2
GSE46798_exposure_corrected	prerank	Physiological factors	-0.44354604443379597	-1.1301488010119694	0.31409395973154364	0.59119790953974	1.0	4/14	17.78%	HIPK2;CORIN;TBX5;KAT2B
GSE46798_exposure_corrected	prerank	Oxidative Stress Induced Senescence	-0.3290551725614882	-1.1299286803827573	0.2787258248009101	0.5909707115106124	1.0	35/66	42.86%	TNRC6C;RPS27A;RNF2;AGO1;KDM6B;RBBP7;AGO3;MAPK9;UBC;TNIK;SCMH1;MIR24-1;MAPKAPK5;MAP2K4;MAPKAPK3;CBX6;BMI1;RBBP4;TP53;SUZ12;CDKN2D;MAPK8;TNRC6A;EED;PHC1;MAP4K4;MDM4;TNRC6B;E2F3;MAP2K3;TFDP2;E2F1;MAPK3;CBX8;CDK4
GSE46798_exposure_corrected	prerank	Diseases associated with O-glycosylation of proteins	-0.3360334991078185	-1.1298248754333362	0.26749435665914223	0.5904047559117237	1.0	17/63	18.47%	GALNT3;MUC5B;LARGE1;LFNG;MUC17;ADAMTS1;NOTCH3;ADAMTS10;THBS1;NOTCH2;C1GALT1;ADAMTS3;SPON2;SPON1;ADAMTSL3;MUC15;ADAMTS8
GSE46798_exposure_corrected	prerank	APC/C:Cdh1 mediated degradation of Cdc20 and other APC/C:Cdh1 targeted proteins in late mitosis/early G1	-0.33600609489451744	-1.129602282297837	0.26022727272727275	0.5902432681554582	1.0	32/59	40.02%	RPS27A;UBE2D1;PSMD14;PSMA4;PSMC5;PSMD1;PSMC3;UBC;PSMA3;PSMB2;CDC26;PSMB7;ANAPC4;ANAPC15;PSMB4;PSMD11;PSMD13;PSMA5;ADRM1;PSMA6;PSMA2;PSMC6;PSMD2;ANAPC1;PSMC1;PSMB3;CDC16;PSMB6;PTTG1;SKP2;PSMB1;UBE2E1
GSE46798_exposure_corrected	prerank	SMAD2/SMAD3:SMAD4 heterotrimer regulates transcription	-0.3673266794629994	-1.1287303132907525	0.30518697225572977	0.5918543761371697	1.0	8/35	15.92%	SMAD3;RPS27A;E2F5;CCNT1;COL1A2;MYC;SERPINE1;UBC
GSE46798_exposure_corrected	prerank	Global Genome Nucleotide Excision Repair (GG-NER)	-0.317308586556106	-1.1285442660657081	0.26028921023359286	0.5915549927766861	1.0	37/84	37.34%	RPS27A;XPC;UBE2V2;NFRKB;GTF2H3;RFC1;CUL4B;COPS2;PARP2;RAD23B;COPS6;UBC;UBE2N;RPA3;POLD3;GTF2H5;RBX1;COPS7A;CUL4A;PIAS1;YY1;PARP1;RPA1;XRCC1;POLE2;CETN2;COPS3;RAD23A;RNF111;GPS1;CCNH;GTF2H1;ERCC5;INO80C;MNAT1;INO80D;LIG3
GSE46798_exposure_corrected	prerank	Vasopressin regulates renal water homeostasis via Aquaporins	-0.3490252154892952	-1.1282836522335915	0.28554641598119856	0.5914534388490481	1.0	24/42	40.15%	ADCY9;ADCY1;GNG5;AVP;GNG8;GNB1;GNGT2;RAB11A;PRKAR1A;PRKACB;ADCY8;AQP3;ADCY7;GNB5;RAB11FIP2;GNB4;GNG7;ADCY3;ADCY4;GNB2;AQP4;PRKACA;GNG2;AQP1
GSE46798_exposure_corrected	prerank	Activation of ATR in response to replication stress	-0.3673079913592622	-1.1280441600621132	0.30288461538461536	0.5912624694481764	1.0	12/36	24.32%	ORC6;MCM8;RAD17;HUS1;MCM7;DBF4;RPA3;ORC4;ORC2;ORC3;ATRIP;RPA1
GSE46798_exposure_corrected	prerank	Transcriptional regulation of pluripotent stem cells	0.3077539758680384	1.1276446358039198	0.2756756756756757	0.796263550159781	1.0	4/30	3.62%	CDX2;FGF2;DPPA4;NANOG
GSE46798_exposure_corrected	prerank	Transport of Mature mRNA derived from an Intron-Containing Transcript	-0.3264318371737386	-1.127226939877534	0.2785234899328859	0.5926192719157357	1.0	41/73	45.55%	NUP35;NUP188;SRSF11;NUP88;NCBP2;SRSF3;NUP98;NUP133;SARNP;NUP160;SRSF1;GLE1;NUP93;SRRM1;CDC40;CASC3;THOC7;DDX39B;THOC1;LUZP4;NUP214;SRSF6;AAAS;UPF3B;MAGOH;SLU7;POM121C;NUP37;NUP205;SRSF4;SRSF5;NUP62;NUP107;NUP210;MAGOHB;NUP155;DHX38;POLDIP3;NUP43;FYTTD1;NUP58
GSE46798_exposure_corrected	prerank	FGFR4 ligand binding and activation	0.3707684806309694	1.126509099837018	0.2567049808429119	0.7885217718955325	1.0	5/14	16.90%	FGF2;FGF20;FGF19;FGF6;FGFR4
GSE46798_exposure_corrected	prerank	Dissolution of Fibrin Clot	-0.45633756956706933	-1.1261303943030456	0.3194263363754889	0.5947543400704715	1.0	7/13	27.24%	SERPINE1;ANXA2;SERPINE2;PLAT;S100A10;PLG;HRG
GSE46798_exposure_corrected	prerank	FRS-mediated FGFR2 signaling	0.3178398442493338	1.1261161346852384	0.25125628140703515	0.7786198622628548	1.0	10/25	17.69%	FGF2;FGF22;FGF20;SOS1;FRS2;FGF6;FGF7;FGF3;FGF5;FGF10
GSE46798_exposure_corrected	prerank	Disorders of transmembrane transporters	-0.29821264486151	-1.1255454503824471	0.2390852390852391	0.5956171866694278	1.0	53/153	31.57%	NUP35;SLC2A1;SLC12A6;RPS27A;NUP188;SLC2A10;ERLIN1;SLC24A5;SLC35A1;ABCA3;NUP88;SLC2A9;PSMD14;PSMA4;PSMC5;SLC20A2;SLC33A1;ABCA1;PSMD1;PSMC3;NUP98;NUP133;AVP;UBC;ABCC9;PSMA3;NUP160;PSMB2;NUP93;ERLEC1;SLC9A9;SEL1L;PSMB7;PSMB4;HK1;SLC5A7;RNF185;SLC40A1;PSMD11;NUP214;SLC1A3;PSMD13;PSMA5;ADRM1;PSMA6;PSMA2;ABCB4;LMBRD1;AAAS;PSMC6;PSMD2;POM121C;GCK
GSE46798_exposure_corrected	prerank	Methylation	-0.44554147784523385	-1.124915575499332	0.3200531208499336	0.5965151039196027	1.0	4/13	16.04%	NNMT;MTR;GSTO1;MTRR
GSE46798_exposure_corrected	prerank	RNA Polymerase III Transcription Initiation From Type 3 Promoter	-0.37801557317735357	-1.124696954220562	0.31234866828087166	0.5962668502839844	1.0	15/28	41.07%	SNAPC1;CRCP;ZNF143;BDP1;POLR3A;POLR3GL;POLR1C;POLR3H;POU2F1;TBP;POLR3E;POLR1D;POLR3F;POLR3B;POLR2H
GSE46798_exposure_corrected	prerank	Antigen processing-Cross presentation	-0.3116463737723672	-1.1246650944769974	0.2629310344827586	0.5955658333276339	1.0	46/94	41.51%	RPS27A;PDIA3;CD14;PSMD14;PSMA4;PSMC5;PSMD1;PSMC3;S100A9;CTSS;UBC;PSMA3;B2M;SEC22B;PSMB2;MRC1;PSMB7;HMGB1;PSMB4;TLR6;PSMD11;PSMD13;PSMA5;PSMB9;ADRM1;PSMA6;PSMA2;TAPBP;SNAP23;FGA;PSMC6;PSMD2;SEC61G;HLA-G;PSMC1;FGG;HLA-E;PSMB3;CTSL;PSMB6;PSMB1;CYBB;HLA-C;STX4;NCF2;SEC61B
GSE46798_exposure_corrected	prerank	ER to Golgi Anterograde Transport	-0.29640310915176804	-1.1241979943351967	0.240625	0.59600736223365	1.0	56/151	32.60%	ANK2;GOSR1;CNIH3;SPTAN1;DCTN6;ANKRD28;TBC1D20;DCTN4;DYNC1LI2;ARCN1;CAPZA1;SPTBN1;CTSC;TUBA1A;ACTR10;LMAN1;TUBB4A;TUBA8;NSF;DYNC1I1;COG5;TUBB2B;SEC23IP;TRAPPC6B;TRAPPC3;SCFD1;DCTN2;TUBA3E;ANK3;CNIH2;PPP6C;DYNC1H1;COPB1;ARF3;SEC22B;TRAPPC2;SEC31B;COPA;ARFGAP2;DYNC1I2;TMED7;LMAN2;SEC24B;NAPB;TRAPPC9;TMED2;ANK1;USO1;COPG1;DYNLL1;RAB1A;TUBA1B;BET1;INS;SPTBN2;SEC24A
GSE46798_exposure_corrected	prerank	Regulation of RUNX2 expression and activity	-0.33607169477774484	-1.1238945678300862	0.28865979381443296	0.5960899383119432	1.0	26/56	31.02%	RPS27A;PSMD14;PSMA4;PSMC5;PSMD1;PSMC3;CBFB;STAT1;UBC;PSMA3;WWP1;PSMB2;SKP1;RBX1;BMP2;PSMB7;PSMB4;GSK3B;PSMD11;PSMD13;PSMA5;ADRM1;PSMA6;PSMA2;PSMC6;PSMD2
GSE46798_exposure_corrected	prerank	Negative regulation of MAPK pathway	-0.35292496690598013	-1.12368827343099	0.295906432748538	0.5958693176451754	1.0	22/43	42.53%	RPS27A;DUSP9;MAP2K2;DUSP8;UBC;DUSP6;PPP2R5D;HRAS;PPP2R5E;MARK3;PPP2CA;DUSP16;PTPN7;PPP2R1A;YWHAB;DUSP4;PAQR3;DUSP7;PEBP1;RAF1;MAPK3;PPP2R1B
GSE46798_exposure_corrected	prerank	DNA Replication	-0.3049905936846766	-1.123286893370041	0.2623126338329764	0.5961773555174719	1.0	52/122	35.58%	ORC6;MCM8;RPS27A;TOP3A;UBE2D1;PSMD14;PSMA4;PSMC5;RFC1;PSMD1;PSMC3;MCM7;DBF4;UBC;GMNN;PSMA3;RPA3;PSMB2;SKP1;POLD3;ORC4;GINS1;RBX1;ORC2;ORC3;CDC26;PSMB7;ANAPC4;KPNB1;ANAPC15;PSMB4;CCNA1;RPA1;POLA1;PSMD11;POLE2;PSMD13;PSMA5;POLA2;EXOG;ADRM1;PSMA6;PSMA2;PSMC6;PSMD2;ANAPC1;CDC7;PSMC1;POLG;SSBP1;PSMB3;CDC16
GSE46798_exposure_corrected	prerank	EML4 and NUDC in mitotic spindle formation	-0.3062829970084533	-1.1226138915406143	0.24489795918367346	0.5970960151104533	1.0	32/114	22.60%	CENPI;CLIP1;RPS27;ZWINT;KNL1;NEK6;NUF2;CENPE;DYNC1LI2;SKA2;NEK7;SPDL1;RANGAP1;TUBA1A;TUBB4A;TUBA8;DYNC1I1;NUP98;NUP133;TUBB2B;KIF2A;TUBA3E;SGO1;KNTC1;DYNC1H1;NUP160;PPP2R5D;SPC24;BUB1B;XPO1;DYNC1I2;PPP2R5E
GSE46798_exposure_corrected	prerank	RNA Polymerase III Transcription Initiation	-0.35987866624442	-1.1221260226201062	0.2921615201900237	0.5975866218778925	1.0	21/36	46.04%	SNAPC1;GTF3C2;CRCP;ZNF143;BDP1;POLR3A;POLR3GL;POLR1C;POLR3H;GTF3A;POU2F1;GTF3C3;TBP;POLR3E;POLR1D;POLR3F;POLR3B;POLR2H;GTF3C4;POLR2K;SNAPC4
GSE46798_exposure_corrected	prerank	TRAF6-mediated induction of TAK1 complex within TLR4 complex	-0.43157304664114726	-1.1218628546185372	0.32989690721649484	0.5974717894055137	1.0	5/16	15.92%	RPS27A;TRAF6;CD14;MAP3K7;UBC
GSE46798_exposure_corrected	prerank	Dual Incision in GG-NER	-0.35190771038752644	-1.1218628050445614	0.28795180722891567	0.5966730303287684	1.0	14/41	27.33%	RPS27A;GTF2H3;RFC1;CUL4B;PARP2;UBC;RPA3;POLD3;GTF2H5;RBX1;CUL4A;PARP1;RPA1;POLE2
GSE46798_exposure_corrected	prerank	Transcriptional regulation by RUNX2	-0.30921916542291855	-1.1218139440141395	0.27009646302250806	0.5960295131911262	1.0	35/102	28.59%	HES1;IHH;RPS27A;HDAC4;SP7;HDAC3;PSMD14;PSMA4;PSMC5;ITGBL1;LGALS3;PSMD1;PSMC3;CBFB;STAT1;UBC;PSMA3;WWP1;PSMB2;SKP1;RBM14;HDAC6;RBX1;BMP2;PSMB7;PSMB4;GSK3B;PSMD11;PSMD13;PSMA5;AKT3;ADRM1;PSMA6;PSMA2;AKT1
GSE46798_exposure_corrected	prerank	Synthesis of PIPs at the plasma membrane	-0.33341426488488407	-1.1216834285249393	0.2893226176808266	0.5955830906152881	1.0	27/53	35.29%	SYNJ2;PIK3C2A;PTPN13;PIK3CD;PIP4K2A;MTMR2;SBF2;PIP5K1B;PLEKHA2;PIK3CG;MTMR6;PLEKHA1;PLEKHA6;OCRL;INPP4A;PIK3CB;PIK3CA;PTEN;PI4K2B;PLEKHA5;PIP4K2C;PIK3R1;INPP5J;PIK3R2;PIK3C2B;INPP5K;INPPL1
GSE46798_exposure_corrected	prerank	NR1H3 & NR1H2 regulate gene expression linked to cholesterol transport and efflux	-0.3520388332343517	-1.1216042640523305	0.29589371980676327	0.5949696026779869	1.0	9/42	13.68%	TNRC6C;HDAC3;AGO1;KDM3A;ABCA1;AGO3;APOC1;TBL1XR1;NCOR2
GSE46798_exposure_corrected	prerank	O-linked glycosylation	-0.30829024042287584	-1.1211184882215535	0.24704618689581095	0.5954450024962419	1.0	32/111	22.78%	GALNT3;GCNT4;B3GALNT2;MUC5B;LARGE1;FKTN;ST3GAL1;MUC17;ADAMTS1;SLC35A1;MMRN1;GALNT8;B3GNT6;ADAMTS10;ST6GALNAC3;THBS1;B3GNT4;C1GALT1;ADAMTS3;SPON2;SPON1;ADAMTSL3;B3GNT8;MUC15;ADAMTS8;B3GNT9;A4GNT;POFUT2;CHST10;GALNT9;GALNT12;B4GALT5
GSE46798_exposure_corrected	prerank	ISG15 antiviral mechanism	-0.32461289843500574	-1.1201395327879562	0.28236607142857145	0.5973518477301407	1.0	47/72	49.54%	NUP35;RPS27A;NEDD4;NUP188;NUP88;NUP98;NUP133;STAT1;UBC;IFIT1;UBE2L6;EIF4G2;UBE2N;EIF4A2;NUP160;NUP93;PLCG1;KPNB1;EIF2AK2;NUP214;KPNA3;EIF4G3;AAAS;POM121C;EIF4E3;FLNB;NUP37;NUP205;MX2;MX1;EIF4A1;NUP62;NUP107;UBE2E1;MAPK3;PPM1B;NUP210;NUP155;ARIH1;NUP43;NUP58;EIF4E2;KPNA2;KPNA7;KPNA1;UBA52;NUP153
GSE46798_exposure_corrected	prerank	Assembly and cell surface presentation of NMDA receptors	-0.35300484991321	-1.1198129476412284	0.30145278450363194	0.5974946988625832	1.0	18/42	32.75%	NBEA;TUBA1A;TUBB4A;TUBA8;CAMK2D;LIN7A;TUBB2B;GRIN2B;TUBA3E;GRIN2D;CAMK2B;NEFL;KIF17;DLG4;ACTN2;TUBA1B;DLG3;GRIN2C
GSE46798_exposure_corrected	prerank	Signaling by FGFR in disease	-0.3277477962461905	-1.1182963252203266	0.2840909090909091	0.6007537767620077	1.0	16/62	22.11%	LRRFIP1;ZMYM2;GAB2;POLR2G;GTF2F2;NCBP2;CPSF6;FGF1;FGF9;STAT1;FGFR3;CUX1;TRIM24;HRAS;PIK3CA;PLCG1
GSE46798_exposure_corrected	prerank	FOXO-mediated transcription of cell cycle genes	-0.4208843031807157	-1.1182050293530412	0.3359375	0.6002540843984352	1.0	3/17	6.97%	FOXO1;SMAD3;FOXG1
GSE46798_exposure_corrected	prerank	G beta:gamma signalling through PI3Kgamma	-0.38771498346091177	-1.1181122706151456	0.3193916349809886	0.5997080206119276	1.0	16/25	40.19%	GNG5;PIK3CG;GNG8;GNB1;GNGT2;RHOA;AKT3;AKT1;PDPK1;GNB5;GNB4;GNG7;GNB2;GNG2;PIK3R6;PIK3R5
GSE46798_exposure_corrected	prerank	Retinoid cycle disease events	0.3858392165767482	1.1179225642982706	0.30855018587360594	0.7721253033642642	1.0	5/13	12.44%	RDH5;LRAT;OPN1MW;RLBP1;STRA6
GSE46798_exposure_corrected	prerank	Diseases of the neuronal system	0.3858392165767482	1.1179225642982706	0.30855018587360594	0.7721253033642642	1.0	5/13	12.44%	RDH5;LRAT;OPN1MW;RLBP1;STRA6
GSE46798_exposure_corrected	prerank	Diseases associated with visual transduction	0.3858392165767482	1.1179225642982706	0.30855018587360594	0.7721253033642642	1.0	5/13	12.44%	RDH5;LRAT;OPN1MW;RLBP1;STRA6
GSE46798_exposure_corrected	prerank	Adipogenesis	-0.3086807075692037	-1.1175050726467886	0.2745945945945946	0.6006552965002218	1.0	30/108	24.75%	LEP;HNRNPU;MED11;HDAC3;FABP4;ADIPOQ;EBF2;NCOA6;CREBBP;RBBP7;WNT1;HDAC2;MTA1;PLIN1;NR2F2;NCOA3;TBL1XR1;CHD9;NCOR2;SMARCD3;NCOA2;MED4;CHD4;CDK19;MED25;MED1;SREBF2;KLF5;CARM1;SLC2A4
GSE46798_exposure_corrected	prerank	RNA Polymerase III Transcription Termination	-0.3907541601612949	-1.1170984862457256	0.32914572864321606	0.6009131680741016	1.0	13/23	41.07%	NFIB;CRCP;SSB;POLR3A;POLR3GL;POLR1C;POLR3H;NFIC;POLR3E;POLR1D;POLR3F;POLR3B;POLR2H
GSE46798_exposure_corrected	prerank	Influenza Infection	-0.2956029615733503	-1.1169801023739307	0.24765868886576484	0.6004717822481598	1.0	50/158	31.96%	RPS28;NUP35;RPS4Y1;RPS27;RPS27A;RPS12;RPS15;RPL18;NUP188;RPL24;NUP88;RPL5;POLR2G;RPL23;RPL6;GTF2F2;RPS4X;RPL10A;NUP98;GBP1;RPL32;NUP133;RPL7;RPS11;RPL17;RPL37;NUP160;RPL21;NUP93;RPL36A;RPL36AL;XPO1;KPNB1;RPLP2;EIF2AK2;PARP1;RPL11;RPL9;NUP214;KPNA3;HSP90AA1;PABPN1;RPS8;RPS23;SLC25A6;AAAS;RPS13;RPS20;POM121C;RPS2
GSE46798_exposure_corrected	prerank	Assembly of active LPL and LIPC lipase complexes	-0.40947518342582245	-1.1164052610278723	0.31607629427792916	0.6013026944436604	1.0	8/19	19.38%	APOA5;LMF2;PCSK6;MBTPS1;MBTPS2;CIDEC;CREB3L3;ANGPTL8
GSE46798_exposure_corrected	prerank	Formation of TC-NER Pre-Incision Complex	-0.3379804206377839	-1.1163891900044267	0.3194444444444444	0.600553994520613	1.0	15/51	24.21%	RPS27A;POLR2G;GTF2H3;CUL4B;COPS2;XAB2;COPS6;UBC;USP7;GTF2H5;RBX1;COPS7A;CUL4A;TCEA1;AQR
GSE46798_exposure_corrected	prerank	Co-inhibition by PD-1	-0.2952733771698797	-1.1159541669994664	0.252092050209205	0.6009859966654295	1.0	68/162	37.06%	TEAD1;TNRC6C;MAGT1;RPS27A;HLA-DRB3;TEAD3;NFKB2;ERLIN1;YWHAG;AGO1;PSMD14;PSMA4;PSMC5;CREBBP;RBBP7;MYC;PSMD1;PSMC3;AGO3;STT3B;PRKAB2;PTPN11;STAT1;UBC;PSMA3;PSMB2;PRKAA1;SKP1;HIF1A;RBX1;ERLEC1;SEL1L;CUL3;PSMB7;HLA-DRA;PSMB4;AGO2;MIR148A;GSK3B;RNF185;PSMD11;MYCN;PSMD13;PSMA5;ADRM1;PSMA6;PSMA2;B3GNT3;RBBP4;SPOP;PRKAG1;PSMC6;PSMD2;SUZ12;PSMC1;PSMB3;MIR152;DDOST;CSK;HLA-DPB1;TNRC6A;EED;CD3D;CCND1;ASH2L;TUSC3;CSNK2A2;PSMB6
GSE46798_exposure_corrected	prerank	Regulation of MITF-M-dependent genes involved in cell cycle and proliferation	-0.40855651951070754	-1.115901168793147	0.3289817232375979	0.6003466890974276	1.0	2/18	4.08%	TBX2;MET
GSE46798_exposure_corrected	prerank	Late endosomal microautophagy	-0.36658419867196235	-1.1153955704243619	0.31773399014778325	0.6009360677571944	1.0	17/34	37.96%	RPS27A;HBB;CHMP4A;PCNT;UBC;VPS37B;HDAC6;CHMP4C;CHMP4B;MVB12B;IFT88;VIM;VPS37A;CFTR;CHMP6;PARK7;MVB12A
GSE46798_exposure_corrected	prerank	Glycosphingolipid catabolism	0.28662142650766753	1.1153043161386378	0.3076923076923077	0.770053929303158	1.0	12/37	15.53%	GBA3;NEU1;ARSI;ARSJ;STS;ARSF;GLB1L2;NEU3;SMPD3;SMPD2;GLB1L;ARSG
GSE46798_exposure_corrected	prerank	CHD chromatin remodelers	-0.31059876461841907	-1.1151339483884264	0.2883569096844396	0.6008391179581263	1.0	42/98	38.48%	CBX3;CHD6;CDC73;ZNF592;SSRP1;ADNP;LEO1;SF3B1;ZMYND8;CREBBP;CDK2AP1;RBBP7;CHD5;HDAC2;MTA1;NR2F2;CHD9;SF3B3;MYOG;SNRPD1;CHD4;TCF4;PWWP2A;CHD8;CHD1;CBX1;SUPT16H;RBBP4;SNRPF;ADNP2;GATAD2A;DHX15;PWWP2B;NR2C2;SF3B4;TCF12;IKZF2;PHF6;SNRPB2;SNRPA1;SMNDC1;MTA3
GSE46798_exposure_corrected	prerank	Signaling by activated point mutants of FGFR1	0.402002963373233	1.1148706976702978	0.28102189781021897	0.7611580112469433	1.0	6/11	21.19%	FGF2;FGF20;FGFR1;FGF6;FGF5;FGF4
GSE46798_exposure_corrected	prerank	Cell Cycle, Mitotic	-0.27719382353901667	-1.1144418841080135	0.17417417417417416	0.601967620686394	1.0	194/479	37.09%	NINL;ORC6;PPP1R12B;NUP35;LYN;CENPI;CDK11A;MCM8;BLZF1;LIN54;CLIP1;RPS27;ZWINT;RPS27A;HAUS2;KNL1;VPS4A;UBE2D1;NUP188;NEK6;CNEP1R1;DYRK1A;NUF2;YWHAG;NUP88;PRKCB;CENPE;STAG2;DHFR;CEP152;DYNC1LI2;PSMD14;SKA2;LIN52;PSMA4;SPAST;CHMP4A;NEK7;CEP63;BORA;PSMC5;SPDL1;RANGAP1;E2F5;TUBA1A;RFC1;WEE1;PCNT;PPP1R12A;HMMR;TUBB4A;TUBA8;EMD;MYC;PRKCA;DYNC1I1;OPTN;PSMD1;PSMC3;NUP98;NUMA1;KIF20A;MCM7;NUP133;TUBB2B;KIF2A;MIS18BP1;CEP164;DBF4;DCTN2;TUBA3E;UBC;SGO1;GMNN;KNTC1;PSMA3;DYNC1H1;NUP160;RPA3;PSMB2;PPP2R5D;SKP1;CTDNEP1;LMNB1;FBXW11;POLD3;ORC4;PHLDA1;GINS1;PPP2R2D;CDKN1C;NUP93;RBX1;ORC2;ORC3;SPC24;LEMD2;BUB1B;CEP76;XPO1;VRK1;CDC26;PSMB7;ANAPC4;KPNB1;DYNC1I2;ANAPC15;PPP2R5E;PSMB4;CHMP4C;CCNA1;RPA1;CHMP4B;CKAP5;CEP70;CENPN;PDS5B;CEP192;RAD21;GSK3B;PPP2CA;CCND2;POLA1;PSMD11;NUP214;NIPBL;NCAPH2;POLE2;CEP41;PSMD13;PSMA5;POLA2;TYMS;CETN2;HSP90AA1;IST1;SIRT2;KIF23;AKT3;ADRM1;CENPP;PSMA6;PSMA2;AKT1;NME7;RBBP4;OFD1;TUBGCP4;MCPH1;AAAS;CEP57;USO1;PPP2R1A;ARPP19;RRM2;DYNLL1;PSMC6;RAB1A;TUBA1B;PSMD2;POM121C;NSL1;TP53;CDKN2D;ANAPC1;JAK2;CDC7;CDKN1B;NUP37;PSMC1;CDK1;PLK4;DCTN1;GORASP1;EML4;PAFAH1B1;NUP205;ABL1;CCNH;PSMB3;CLASP1;CDC16;SGO2;CENPH;CDC25B;CHMP6;MNAT1;PCM1;CCND1;BUB3;ODF2;CSNK2A2;PSMB6;CEP131
GSE46798_exposure_corrected	prerank	Long-term potentiation	-0.39402903230756486	-1.1136993262603474	0.3194805194805195	0.6032176189525165	1.0	12/23	32.75%	CAMK2D;GRIN2B;GRIA2;GRIN2D;CAMK2B;NEFL;NRG1;DLG4;ACTN2;CALM1;DLG3;GRIN2C
GSE46798_exposure_corrected	prerank	MITF-M-dependent gene expression	-0.30700867277300353	-1.1132501926532288	0.2870967741935484	0.6036303594651437	1.0	31/107	26.26%	TBX2;CREB1;TNRC6C;MET;DPF2;AGO1;SMARCA2;SYTL2;SMARCD1;SMARCA4;DPF3;AGO3;STT3B;SMARCE1;BCL2A1;MYO5A;SMARCD3;SERPINE1;MLPH;ATP6V1B2;ATP6V1E1;SOX2;ATP6AP2;SOX10;ATP6V1D;MLANA;ATP6V0E2;AGO2;SMARCC2;PXN;ZEB1
GSE46798_exposure_corrected	prerank	Defective GALNT12 causes CRCS1	-0.43500902917430917	-1.112744505209161	0.3495400788436268	0.6041978563570133	1.0	5/14	23.92%	MUC5B;MUC17;MUC15;GALNT12;MUC7
GSE46798_exposure_corrected	prerank	Formation of the nephric duct	0.33952093516427484	1.1118844482192118	0.2946058091286307	0.7602095758843987	1.0	6/18	8.10%	FGF2;MECOM;PAX2;GATA3;HOXB4;EMX2
GSE46798_exposure_corrected	prerank	Inwardly rectifying K+ channels	-0.3650031768218137	-1.1106163720270306	0.32043530834340994	0.609085610288564	1.0	9/34	19.34%	KCNJ2;GABBR2;GNG5;KCNJ16;GNG8;GNB1;ABCC9;GNGT2;KCNJ3
GSE46798_exposure_corrected	prerank	Synthesis of glycosylphosphatidylinositol (GPI)	-0.417181972678102	-1.1106006430373334	0.3316062176165803	0.60833652705384	1.0	7/18	29.66%	PIGX;PIGQ;PIGM;PIGV;PIGA;PIGF;PIGP
GSE46798_exposure_corrected	prerank	Interleukin-17 signaling	-0.32169157091509476	-1.110514540524323	0.3004484304932735	0.6077487265859927	1.0	18/69	20.56%	CREB1;RPS27A;MAPK7;TRAF6;RPS6KA2;TNIP2;IL17A;MAPK9;MAP3K7;UBC;DUSP6;UBE2N;PPP2R5D;SKP1;FBXW11;IL25;MAP2K4;MAPKAPK3
GSE46798_exposure_corrected	prerank	Metabolism of amine-derived hormones	0.3283021080120671	1.1091233811827055	0.2938388625592417	0.7584521547265584	1.0	10/21	15.67%	DUOXA2;DIO2;IYD;DUOXA1;SLC5A5;TXNDC11;AANAT;DUOX2;TPH1;DDC
GSE46798_exposure_corrected	prerank	Transport of nucleosides and free purine and pyrimidine bases across the plasma membrane	-0.4576883140386683	-1.1082344428496413	0.3286908077994429	0.6130313732762173	1.0	7/12	37.49%	SLC28A1;SLC25A5;SLC29A2;SLC29A4;SLC25A6;SLC25A4;ARL2
GSE46798_exposure_corrected	prerank	Cytosolic sensors of pathogen-associated DNA	-0.32809206293564935	-1.1073433614162165	0.2835990888382688	0.6147010930675181	1.0	14/61	19.64%	LRRFIP1;AIM2;RPS27A;NFKB2;CRCP;IFI16;CREBBP;UBC;POLR3A;XRCC5;POLR3GL;STAT6;POLR1C;TBK1
GSE46798_exposure_corrected	prerank	Vpr-mediated nuclear import of PICs	-0.3639733314963598	-1.1066447166478233	0.3401688781664656	0.6156768609524464	1.0	20/33	45.55%	NUP35;NUP188;PSIP1;NUP88;NUP98;NUP133;NUP160;NUP93;NUP214;AAAS;POM121C;NUP37;HMGA1;NUP205;NUP62;NUP107;NUP210;NUP155;NUP43;NUP58
GSE46798_exposure_corrected	prerank	DNA Damage Bypass	-0.3426709449269913	-1.1063575448669163	0.3290246768507638	0.6156566069038717	1.0	13/46	21.13%	RPS27A;POLH;WDR48;RFC1;CUL4B;RAD18;USP43;UBC;UBE2L6;RPA3;POLD3;RBX1;CUL4A
GSE46798_exposure_corrected	prerank	Regulation of pyruvate dehydrogenase (PDH) complex	-0.4325876054984749	-1.1059860984971772	0.33819628647214856	0.6158124683274333	1.0	12/15	47.56%	PDK1;PDK3;PDHA1;PDHA2;GSTZ1;PDHX;PDK2;DLD;PDHB;DLAT;PDP2;PDP1
GSE46798_exposure_corrected	prerank	TGF-beta receptor signaling activates SMADs	-0.34010465523852507	-1.1056596392436877	0.31494252873563217	0.6158766031953296	1.0	16/47	31.24%	TGFB3;SMAD3;RPS27A;TGFBR2;ITGB8;UBC;TGFB2;UCHL5;XPO1;USP15;FBN1;CBL;NEDD8;MTMR4;SMAD2;ITGB1
GSE46798_exposure_corrected	prerank	Glycolysis	-0.3164799798987219	-1.1056168343601955	0.29978118161925604	0.615187756450651	1.0	28/72	31.57%	NUP35;HK2;NUP188;NUP88;PFKFB3;HKDC1;NUP98;PFKFB4;NUP133;ENO1;ALDOB;NUP160;PPP2R5D;PGM2L1;PRKACB;ALDOC;NUP93;ENO2;PFKM;HK1;PPP2CA;NUP214;PKM;PKLR;AAAS;PPP2R1A;POM121C;GCK
GSE46798_exposure_corrected	prerank	SARS-CoV-2 targets host intracellular signalling and regulatory pathways	-0.4540824860846872	-1.1056063955896906	0.37551581843191195	0.6144354133998785	1.0	7/12	32.04%	YWHAG;YWHAQ;YWHAH;AKT3;AKT1;PDPK1;YWHAB
GSE46798_exposure_corrected	prerank	RAC3 GTPase cycle	-0.30874341736797895	-1.1055838241421616	0.29385964912280704	0.6137012887164189	1.0	41/92	33.31%	ABR;DIAPH3;ARHGAP15;ARHGAP6;PREX1;EPHA2;ARHGAP5;SLITRK3;PAK2;RAPGEF1;LMAN1;EMD;WASF1;ARHGAP39;SWAP70;PAK4;ARHGAP21;JAG1;ARAP3;PAK1;OCRL;SLITRK5;RAB7A;ARHGDIB;ABI2;ESYT1;IL32;NCKAP1L;PIK3R1;ARAP2;ARHGAP1;BRK1;VAV2;SNAP23;ITGB1;TRIO;LAMTOR1;DOCK10;PIK3R2;RACGAP1;ARHGAP26
GSE46798_exposure_corrected	prerank	MAP kinase activation	-0.32672478789406706	-1.1049847044179029	0.3169336384439359	0.6144336457592875	1.0	16/62	20.56%	CREB1;RPS27A;MAPK7;TRAF6;RPS6KA2;TNIP2;MAPK9;MAP3K7;UBC;DUSP6;UBE2N;PPP2R5D;SKP1;FBXW11;MAP2K4;MAPKAPK3
GSE46798_exposure_corrected	prerank	Thrombin signalling through proteinase activated receptors (PARs)	-0.3618224122532301	-1.1047471241062332	0.33170731707317075	0.6142580493398033	1.0	15/32	42.08%	ARRB1;GNAQ;GNA13;GNG5;GNG8;GNB1;GNGT2;ARRB2;GNB5;GNB4;GNG7;GNB2;GNG2;GNA12;MAPK3
GSE46798_exposure_corrected	prerank	Transport of Mature mRNA Derived from an Intronless Transcript	-0.34784760679205384	-1.1046991615230395	0.3364595545134818	0.6135945892756839	1.0	24/41	46.22%	NUP35;NUP188;NUP88;NCBP2;CPSF3;WDR33;NUP98;NUP133;NUP160;NUP93;NUP214;AAAS;POM121C;NUP37;NUP205;NUP62;NUP107;CPSF1;NUP210;CPSF4;NUP155;NUP43;NUP58;SYMPK
GSE46798_exposure_corrected	prerank	Mismatch repair (MMR) directed by MSH2:MSH3 (MutSbeta)	-0.43107718817597623	-1.1044796752840678	0.3324396782841823	0.6133826808154903	1.0	7/14	35.63%	MSH3;MSH2;RPA3;POLD3;RPA1;MLH1;PMS2
GSE46798_exposure_corrected	prerank	RAB geranylgeranylation	-0.3241437521316259	-1.1044163550641168	0.31496062992125984	0.6127786865183756	1.0	30/63	37.91%	RAB6A;RAB9B;RAB6B;RAB15;CHML;RAB11A;RAB31;RAB3A;RAB7A;RAB22A;RAB33A;RAB10;RAB3B;RAB3C;RAB36;RAB21;RAB18;RAB8B;RAB20;RAB37;RAB4B;RAB39A;RAB1A;RAB2B;RAB30;PTP4A2;RAB29;RAB23;RAB5B;RAB13
GSE46798_exposure_corrected	prerank	PIP3 activates AKT signaling	-0.2801053917298443	-1.1039299143133579	0.2568250758341759	0.6133216107311756	1.0	100/266	32.78%	IL33;IL1RL1;FOXO1;VAV1;FYN;CREB1;TNRC6C;RPS27A;MIR25;FOXO6;NEDD4;EREG;GAB2;MET;RNF2;HDAC3;TRAF6;AGO1;PSMD14;PIK3CD;PSMA4;PIP4K2A;PSMC5;RBBP7;PIP5K1B;KIT;HDAC2;STRN;LAMTOR3;PSMD1;PSMC3;MTA1;AGO3;FGF1;PIK3CG;MTOR;FGF9;PRR5;PTPN11;UBC;FGFR3;ERBB2;USP7;SCMH1;PSMA3;USP13;CD80;KITLG;MLST8;PSMB2;PPP2R5D;NTRK3;RCOR1;CHD4;PIK3CB;RICTOR;PIK3CA;PTEN;NRG1;PSMB7;OTUD3;PPP2R5E;CBX6;PSMB4;NTRK2;AGO2;TRAT1;GSK3B;PPP2CA;CD28;PSMD11;RRAGD;PIP4K2C;PSMD13;PSMA5;PIK3R1;AKT3;ADRM1;PSMA6;PSMA2;BMI1;AKT1;RBBP4;PDPK1;FOXO4;PPP2R1A;GATAD2A;PSMC6;NRG3;PSMD2;TP53;SUZ12;PDGFRB;CD19;INS;LAMTOR1;MIR205;PIK3R2;RAC1;CDKN1B
GSE46798_exposure_corrected	prerank	Deactivation of the beta-catenin transactivating complex	-0.3449421816108074	-1.1038107342752306	0.3185011709601874	0.612859188542892	1.0	13/44	21.77%	RPS27A;TLE1;SOX4;PYGO2;APC;TLE4;UBC;PYGO1;SOX2;TLE2;XPO1;CHD8;CTBP1
GSE46798_exposure_corrected	prerank	MHC class II antigen presentation	-0.29920706168023414	-1.1037594320370827	0.28115015974440893	0.6122111070097189	1.0	36/122	22.56%	CTSF;HLA-DRB3;AP1M2;DCTN6;CENPE;DCTN4;DYNC1LI2;KIF3A;KIF5C;CAPZA1;CTSC;TUBA1A;ACTR10;TUBB4A;TUBA8;DYNC1I1;KIF20A;KIFAP3;AP1S2;TUBB2B;KIF2A;CTSS;DCTN2;TUBA3E;AP2A1;KIF3B;DYNC1H1;HLA-DMA;AP1M1;RAB7A;DNM3;CTSB;KIF15;KIF5A;DYNC1I2;HLA-DRA
GSE46798_exposure_corrected	prerank	Signaling by RAF1 mutants	-0.3451845041185731	-1.1031327980660308	0.3317591499409681	0.6131580949580727	1.0	17/41	35.52%	ARRB1;CNKSR2;MAP2K2;CAMK2D;KSR2;HRAS;CAMK2B;VCL;MARK3;ARRB2;CNKSR1;FGA;CALM1;YWHAB;JAK2;FGG;CSK
GSE46798_exposure_corrected	prerank	Cellular Senescence	-0.2963309518253495	-1.1029149706519135	0.292972972972973	0.6129483429941907	1.0	59/130	41.02%	ETS1;TNRC6C;RPS27A;UBE2D1;MAPK7;RNF2;AGO1;KDM6B;EP400;RPS6KA2;KAT5;RBBP7;AGO3;MAPK9;UBN1;UBC;TNIK;SCMH1;HIRA;MIR24-1;LMNB1;CABIN1;MAPKAPK5;TERF1;NBN;MAP2K4;TERF2;MAPKAPK3;ATM;CDC26;ANAPC4;ANAPC15;CBX6;CCNA1;BMI1;RBBP4;CXCL8;TP53;SUZ12;CDKN2D;ANAPC1;CDKN1B;HMGA1;MAPK8;POT1;HMGA2;CDC16;TNRC6A;EED;PHC1;MAP4K4;MDM4;TNRC6B;RPS6KA3;E2F3;UBE2E1;MAP2K3;TFDP2;E2F1
GSE46798_exposure_corrected	prerank	DAP12 signaling	-0.3697106445773862	-1.1026956883122856	0.3564356435643564	0.6127458151195077	1.0	15/28	36.14%	FYN;LAT;VAV3;PLCG2;B2M;HRAS;PIK3CB;PIK3CA;PLCG1;PIK3R1;VAV2;PIK3R2;RAC1;HLA-E;SHC1
GSE46798_exposure_corrected	prerank	Interactions of Rev with host cellular proteins	-0.3549298023708609	-1.1019048587410838	0.32855436081242534	0.6140095107136917	1.0	23/36	45.55%	NUP35;NUP188;NUP88;RANGAP1;NUP98;NUP133;NUP160;NUP93;XPO1;KPNB1;NUP214;AAAS;POM121C;NUP37;NUP205;RANBP1;NUP62;RCC1;NUP107;NUP210;NUP155;NUP43;NUP58
GSE46798_exposure_corrected	prerank	Termination of O-glycan biosynthesis	-0.3982594442739843	-1.1016238765511026	0.3346153846153846	0.6139076667508311	1.0	4/21	7.85%	MUC5B;ST3GAL1;MUC17;ST6GALNAC3
GSE46798_exposure_corrected	prerank	Serine metabolism	-0.46082485847237886	-1.1014593394717593	0.34081346423562414	0.6135446206456148	1.0	6/11	30.33%	SERINC1;SERINC5;SERINC3;PHGDH;SDSL;SRR
GSE46798_exposure_corrected	prerank	Microtubule-dependent trafficking of connexons from Golgi to the plasma membrane	-0.410938561478266	-1.1004368609574815	0.3530961791831357	0.6156192546105015	1.0	5/18	15.91%	TUBA1A;TUBB4A;TUBA8;TUBB2B;TUBA3E
GSE46798_exposure_corrected	prerank	Mitotic Prophase	-0.3115254645832066	-1.1001114263343919	0.31353135313531355	0.6157127089843376	1.0	34/80	34.70%	NUP35;BLZF1;NUP188;NEK6;CNEP1R1;NUP88;PRKCB;NEK7;EMD;PRKCA;NUP98;NUMA1;NUP133;NUP160;CTDNEP1;LMNB1;PPP2R2D;NUP93;LEMD2;VRK1;PPP2CA;NUP214;NCAPH2;MCPH1;AAAS;USO1;PPP2R1A;ARPP19;RAB1A;POM121C;NUP37;CDK1;GORASP1;NUP205
GSE46798_exposure_corrected	prerank	Nuclear Envelope (NE) Reassembly	-0.31577750076789973	-1.09956262090234	0.3067552602436323	0.6163268821037735	1.0	25/74	28.02%	NUP35;VPS4A;NUP188;SPAST;CHMP4A;RANGAP1;TUBA1A;TUBB4A;TUBA8;EMD;NUP98;NUP133;TUBB2B;TUBA3E;NUP160;LMNB1;NUP93;LEMD2;VRK1;KPNB1;CHMP4C;CHMP4B;PPP2CA;IST1;SIRT2
GSE46798_exposure_corrected	prerank	Processing of SMDT1	-0.43522250812237573	-1.099082322472908	0.3748344370860927	0.616893064300848	1.0	6/14	37.29%	MICU1;YME1L1;MICU2;PARL;MICU3;AFG3L2
GSE46798_exposure_corrected	prerank	PKA-mediated phosphorylation of CREB	-0.39343434875707806	-1.0977603617971265	0.34318766066838047	0.6195443943382496	1.0	7/19	22.06%	ADCY9;CREB1;NBEA;ADCY1;PRKAR1A;PRKACB;ADCY8
GSE46798_exposure_corrected	prerank	Chromosome Maintenance	-0.30964775261287536	-1.0965825102275524	0.3086283185840708	0.62203023381275	1.0	29/87	29.20%	SMARCA5;CENPI;KNL1;CENPW;ANKRD28;DSCC1;POLR2G;RFC1;RBBP7;NOP10;RUVBL2;DKC1;MIS18BP1;PIF1;PPP6C;RPA3;POLD3;TERF1;TERF2;NHP2;CCNA1;RPA1;OIP5;CENPN;POLA1;POLA2;CENPP;WRN;RBBP4
GSE46798_exposure_corrected	prerank	FGFR3 ligand binding and activation	-0.44302135050828456	-1.095950822462013	0.3583106267029973	0.6222381001999633	1.0	4/13	15.97%	GALNT3;FGF1;FGF9;FGFR3
GSE46798_exposure_corrected	prerank	FGFR3c ligand binding and activation	-0.44302135050828456	-1.095950822462013	0.3583106267029973	0.6222381001999633	1.0	4/13	15.97%	GALNT3;FGF1;FGF9;FGFR3
GSE46798_exposure_corrected	prerank	Neurexins and neuroligins	-0.336200918543505	-1.0952137176459886	0.3395348837209302	0.6234555885227	1.0	25/52	37.27%	NRXN2;LRRTM4;NLGN3;DLGAP4;NLGN1;LIN7A;LRRTM2;GRIN2B;SYT7;EPB41L2;GRIN2D;NRXN1;NLGN2;EPB41L3;PDLIM5;LRRTM3;DLG4;SYT1;DLG3;DLGAP2;GRIN2C;EPB41L1;LRRTM1;DBNL;BEGAIN
GSE46798_exposure_corrected	prerank	TNFR2 non-canonical NF-kB pathway	-0.3091881850665184	-1.094398697922745	0.32963374028856823	0.6246898170684838	1.0	28/83	28.52%	BIRC3;TNFSF15;TNFSF14;RPS27A;TNFSF4;NFKB2;TNFSF8;PSMD14;PSMA4;PSMC5;PSMD1;PSMC3;UBA3;UBC;PSMA3;PSMB2;SKP1;BIRC2;FBXW11;EDARADD;PSMB7;PSMB4;PSMD11;PSMD13;PSMA5;ADRM1;PSMA6;PSMA2
GSE46798_exposure_corrected	prerank	Signal transduction by L1	-0.39307165470544747	-1.0938068972098907	0.3641025641025641	0.625481514093313	1.0	13/21	47.11%	NRP1;MAP2K2;PAK1;ITGA9;VAV2;L1CAM;ITGB1;RAC1;CSNK2A2;MAPK3;ITGA5;MAP2K1;NCAM1
GSE46798_exposure_corrected	prerank	Fatty acyl-CoA biosynthesis	-0.34545050297563834	-1.0937581381338641	0.32448733413751507	0.6248309341718792	1.0	10/36	17.22%	ELOVL1;HACD4;ACLY;PPT2;ACSL4;ACSL6;HSD17B12;ACACA;ELOVL6;ACSBG1
GSE46798_exposure_corrected	prerank	PI3K/AKT Signaling in Cancer	-0.2994498831242019	-1.093716941489035	0.32142857142857145	0.6241701498029668	1.0	43/109	32.78%	FOXO1;VAV1;FYN;CREB1;FOXO6;EREG;GAB2;MET;PIK3CD;KIT;STRN;FGF1;PIK3CG;MTOR;FGF9;PRR5;PTPN11;FGFR3;ERBB2;CD80;KITLG;MLST8;NTRK3;PIK3CB;RICTOR;PIK3CA;PTEN;NRG1;NTRK2;TRAT1;GSK3B;CD28;PIK3R1;AKT3;AKT1;PDPK1;FOXO4;NRG3;PDGFRB;CD19;PIK3R2;RAC1;CDKN1B
GSE46798_exposure_corrected	prerank	Formation of the embryonic stem cell BAF (esBAF) complex	-0.4141896383991931	-1.0920977076110054	0.3434343434343434	0.6275289462211301	1.0	6/18	13.94%	BCL11A;DPF2;SMARCD1;SMARCA4;SMARCE1;SMARCD3
GSE46798_exposure_corrected	prerank	Synthesis of Leukotrienes (LT) and Eoxins (EX)	0.3369377149744339	1.0906127819184577	0.3278008298755187	0.8044143866722987	1.0	8/18	18.39%	CYP4F3;CYP4A22;CYP4F8;GGT1;GGT5;CYP4B1;CYP4F11;CYP4A11
GSE46798_exposure_corrected	prerank	Metalloprotease DUBs	-0.4220583356452732	-1.0901209582140723	0.36093143596377747	0.6318260811777396	1.0	8/16	22.37%	RPS27A;BARD1;NLRP3;PSMD14;STAMBPL1;UBC;KAT2B;STAMBP
GSE46798_exposure_corrected	prerank	Rev-mediated nuclear export of HIV RNA	-0.3548557147730287	-1.089391488068594	0.34251497005988024	0.6330604965861982	1.0	22/34	45.55%	NUP35;NUP188;NUP88;RANGAP1;NUP98;NUP133;NUP160;NUP93;XPO1;NUP214;AAAS;POM121C;NUP37;NUP205;RANBP1;NUP62;RCC1;NUP107;NUP210;NUP155;NUP43;NUP58
GSE46798_exposure_corrected	prerank	PI-3K cascade:FGFR2	0.3123387931898	1.0891194131527888	0.33185840707964603	0.7990485834726703	1.0	9/23	17.69%	FGF2;FGF22;FGF20;FRS2;FGF6;FGF7;FGF3;FGF5;FGF10
GSE46798_exposure_corrected	prerank	Signaling by NTRK2 (TRKB)	-0.3797302016825546	-1.088962982003774	0.3695652173913043	0.6334768838987755	1.0	13/25	36.14%	FYN;DOCK3;PTPN11;GRIN2B;FRS3;HRAS;PIK3CA;PLCG1;NTRK2;PIK3R1;RAC1;CDK5R1;SHC1
GSE46798_exposure_corrected	prerank	APC/C-mediated degradation of cell cycle proteins	-0.31461092116715306	-1.0874003193859303	0.3169642857142857	0.6360980405461331	1.0	36/73	38.81%	RPS27A;UBE2D1;PSMD14;PSMA4;PSMC5;PSMD1;PSMC3;UBC;PSMA3;PSMB2;SKP1;BUB1B;CDC26;PSMB7;ANAPC4;ANAPC15;PSMB4;CCNA1;PSMD11;PSMD13;PSMA5;ADRM1;PSMA6;PSMA2;PSMC6;PSMD2;ANAPC1;PSMC1;CDK1;PSMB3;CDC16;BUB3;PSMB6;PTTG1;SKP2;PSMB1
GSE46798_exposure_corrected	prerank	Regulation of mitotic cell cycle	-0.31461092116715306	-1.0874003193859303	0.3169642857142857	0.6360980405461331	1.0	36/73	38.81%	RPS27A;UBE2D1;PSMD14;PSMA4;PSMC5;PSMD1;PSMC3;UBC;PSMA3;PSMB2;SKP1;BUB1B;CDC26;PSMB7;ANAPC4;ANAPC15;PSMB4;CCNA1;PSMD11;PSMD13;PSMA5;ADRM1;PSMA6;PSMA2;PSMC6;PSMD2;ANAPC1;PSMC1;CDK1;PSMB3;CDC16;BUB3;PSMB6;PTTG1;SKP2;PSMB1
GSE46798_exposure_corrected	prerank	Caspase-mediated cleavage of cytoskeletal proteins	-0.44569026203133905	-1.0845017129444185	0.36265223274695535	0.6430025328876993	1.0	10/12	43.96%	SPTAN1;ADD1;CASP6;GSN;CASP3;VIM;DBNL;GAS2;MAPT;CASP8
GSE46798_exposure_corrected	prerank	RNA Polymerase III Transcription Initiation From Type 1 Promoter	-0.3634171476415214	-1.0838183234303433	0.3528693528693529	0.6440571527274341	1.0	17/28	44.98%	GTF3C2;CRCP;BDP1;POLR3A;POLR3GL;POLR1C;POLR3H;GTF3A;GTF3C3;TBP;POLR3E;POLR1D;POLR3F;POLR3B;POLR2H;GTF3C4;POLR2K
GSE46798_exposure_corrected	prerank	Defective EXT2 causes exostoses 2	-0.4194574714680704	-1.082891448487192	0.37101063829787234	0.6449360595447915	1.0	5/14	23.00%	SDC1;GPC5;EXT2;GPC2;GPC1
GSE46798_exposure_corrected	prerank	Defective EXT1 causes exostoses 1, TRPS2 and CHDS	-0.4194574714680704	-1.082891448487192	0.37101063829787234	0.6449360595447915	1.0	5/14	23.00%	SDC1;GPC5;EXT2;GPC2;GPC1
GSE46798_exposure_corrected	prerank	Transcriptional and post-translational regulation of MITF-M expression and activity	-0.3280452231531555	-1.0826295825027397	0.37122969837587005	0.6448255038081127	1.0	16/52	28.14%	CREB1;TFEC;YWHAG;CREBBP;KIT;YWHAH;EDN3;KITLG;SOX2;SOX10;XPO1;PAX3;MARK3;EDNRB;GSK3B;AKT3
GSE46798_exposure_corrected	prerank	Response of Mtb to phagocytosis	-0.38309861349606994	-1.0824562073779307	0.37281795511221943	0.6444513741373791	1.0	7/22	22.24%	RNF213;SFPQ;RPS27A;UBC;ENO1;RAB7A;KPNB1
GSE46798_exposure_corrected	prerank	Ethanol oxidation	-0.44175900218105674	-1.0819457082942652	0.33655172413793105	0.645001774501641	1.0	2/12	7.17%	ADH5;ALDH1A1
GSE46798_exposure_corrected	prerank	Translation of Structural Proteins_9683701	-0.3684125726476843	-1.081646690131215	0.3635220125786163	0.6449431501655826	1.0	10/28	27.12%	GANAB;RPS27A;ST3GAL1;PARP14;ST6GALNAC3;PARP4;UBC;PRKCSH;GSK3B;ST3GAL3
GSE46798_exposure_corrected	prerank	Defective TPR may confer susceptibility towards thyroid papillary carcinoma (TPC)	-0.35778019446046994	-1.081288244750127	0.3711217183770883	0.6442999127463022	1.0	19/31	45.55%	NUP35;NUP188;NUP88;NUP98;NUP133;NUP160;NUP93;NUP214;AAAS;POM121C;GCK;NUP37;NUP205;NUP62;NUP107;NUP210;NUP155;NUP43;NUP58
GSE46798_exposure_corrected	prerank	Regulation of Glucokinase by Glucokinase Regulatory Protein	-0.35778019446046994	-1.081288244750127	0.3711217183770883	0.6442999127463022	1.0	19/31	45.55%	NUP35;NUP188;NUP88;NUP98;NUP133;NUP160;NUP93;NUP214;AAAS;POM121C;GCK;NUP37;NUP205;NUP62;NUP107;NUP210;NUP155;NUP43;NUP58
GSE46798_exposure_corrected	prerank	Interleukin-35 Signalling	-0.440504260528097	-1.0807591919645447	0.39072847682119205	0.6449712410488593	1.0	4/12	18.89%	IL12RB2;STAT1;IL6ST;STAT4
GSE46798_exposure_corrected	prerank	Transport of Mature mRNAs Derived from Intronless Transcripts	-0.338181235193647	-1.0797154310782953	0.3616279069767442	0.6469172078837735	1.0	24/42	46.22%	NUP35;NUP188;NUP88;NCBP2;CPSF3;WDR33;NUP98;NUP133;NUP160;NUP93;NUP214;AAAS;POM121C;NUP37;NUP205;NUP62;NUP107;CPSF1;NUP210;CPSF4;NUP155;NUP43;NUP58;SYMPK
GSE46798_exposure_corrected	prerank	Signal amplification	-0.3557949127216998	-1.0793629737630945	0.3589108910891089	0.6470977182861786	1.0	14/32	36.95%	GNAQ;GNAI3;GNA13;GNG5;GNG8;GNB1;GNGT2;GNAI2;GNAI1;GNB5;P2RY12;GNB4;GNG7;GNB2
GSE46798_exposure_corrected	prerank	G beta:gamma signalling through CDC42	-0.39276876170066966	-1.079032404263865	0.36726804123711343	0.6472790740673007	1.0	12/20	39.81%	GNG5;GNG8;ARHGEF6;GNB1;PAK1;GNGT2;GNB5;GNB4;GNG7;GNB2;CDC42;GNG2
GSE46798_exposure_corrected	prerank	Maturation of nucleoprotein_9694631	-0.42147682022087624	-1.0788270315738973	0.3904382470119522	0.6470659607422978	1.0	11/14	52.23%	PARP14;PARP4;SRPK1;GSK3B;SRPK2;PARP16;PARP9;SUMO1;UBE2I;PARP6;CSNK1A1
GSE46798_exposure_corrected	prerank	SLC-mediated transport of inorganic anions	-0.35374871260702323	-1.0785380797638604	0.3501199040767386	0.6470629171495755	1.0	8/33	9.59%	SLC5A8;SLC12A6;SLC4A5;SLC13A1;SLC12A5;SLC17A1;SLC20A2;SLC12A2
GSE46798_exposure_corrected	prerank	Synthesis of Prostaglandins (PG) and Thromboxanes (TX)	0.36049536927755893	1.077348145981718	0.3436293436293436	0.8259303742430228	1.0	5/14	12.91%	CBR1;HPGD;AKR1C3;CYP8B1;HPGDS
GSE46798_exposure_corrected	prerank	Transcriptional Regulation by TP53	-0.27158192431431855	-1.0771960186631477	0.29162462159434915	0.6498370002492384	1.0	150/343	38.47%	CTDP1;STK11;HIPK2;CNOT4;TNRC6C;RPS27A;TOP3A;IGFBP3;RHNO1;RBBP8;PLK3;TAF1L;RAD17;YWHAG;SSRP1;MSH2;POLR2G;AGO1;RAD51D;TRIAP1;TP53RK;BARD1;HUS1;PIP4K2A;GLS;GTF2F2;FANCI;CREBBP;GTF2H3;CCNT1;ARID3A;DYRK2;KAT5;RBBP7;G6PD;TOPBP1;COX5A;HDAC2;FANCC;TAF3;YWHAQ;LAMTOR3;TP53BP2;AGO3;BNIP3L;TP53INP1;NUAK1;MTOR;PERP;TAF9B;PRKAB2;BRD7;TNKS1BP1;CCNG1;PRR5;YWHAH;APAF1;TAF4;UBC;STEAP3;USP7;COX7C;RPA3;MLST8;PRKAA1;BBC3;MAPKAPK5;TAF11;COX7A2L;GTF2H5;CHD4;NBN;ELL;COX7B;E2F7;PRELID3A;TAF8;GLS2;CHEK2;ATM;RICTOR;PTEN;ATRIP;MEAF6;SMYD2;TCEA1;RMI1;CNOT11;CCNA1;RPA1;CARM1;AGO2;TAF12;COX6C;CASP6;PPP2CA;RRAGD;PIP4K2C;BRPF3;SUPT16H;TSC1;AKT3;AKT1;WRN;USP2;L3MBTL1;RBBP4;PDPK1;SETD9;PPP2R1A;PRKAG1;CNOT9;GATAD2A;KAT6A;RFFL;TP53;MDC1;COX6A1;BRIP1;YWHAB;LAMTOR1;CNOT3;CNOT1;TAF4B;BCL6;CDKN1B;MLH1;CDK1;PPP1R13L;TBP;TAF15;BLM;CCNH;CDK5R1;GTF2H1;PMS2;MNAT1;TNRC6A;CSNK2A2;MAPKAP1;BTG2;CYCS;DAXX;GPI;MDM4;RRAGB;PRDX5;YWHAZ;TAF7L;TNRC6B
GSE46798_exposure_corrected	prerank	MET activates PTK2 signaling	-0.36056360039526253	-1.076437755480292	0.36317780580075665	0.6510110258843262	1.0	7/30	10.63%	COL11A1;MET;LAMA5;LAMC1;LAMC3;PTK2;COL1A2
GSE46798_exposure_corrected	prerank	Nuclear Pore Complex (NPC) Disassembly	-0.34769907697373265	-1.0748664641325019	0.37964071856287424	0.6543186475247079	1.0	22/35	45.55%	NUP35;NUP188;NEK6;NUP88;NEK7;NUP98;NUP133;NUP160;NUP93;NUP214;AAAS;POM121C;NUP37;CDK1;NUP205;NUP62;CCNB2;NUP107;NUP210;NUP155;NUP43;NUP58
GSE46798_exposure_corrected	prerank	Formation of the polybromo-BAF (pBAF) complex	-0.4194711377891033	-1.074240195779953	0.3706111833550065	0.6551983693934864	1.0	6/16	13.94%	SMARCA2;SMARCD1;SMARCA4;SMARCE1;BRD7;SMARCD3
GSE46798_exposure_corrected	prerank	Ion channel transport	-0.27958367008992413	-1.0738875653523832	0.32633788037775446	0.6553786780173315	1.0	46/174	19.60%	SLC9C1;RPS27A;ATP11C;ATP2B1;UNC80;CLIC2;ATP6V0D2;FXYD2;PLN;TRPM4;MCOLN2;ATP8A2;ATP2A2;WNK1;BEST3;TPCN2;TTYH3;CAMK2D;TRPV4;ATP8A1;ATP1A3;FXYD6;PDZD11;ANO4;WNK3;UNC79;TRPV5;UBC;TRPC1;TRPV2;SCNN1B;FXYD7;ATP10A;ATP7B;SGK3;CLCN3;ATP6V1B2;SRI;ATP6V1E1;CUTC;ASPH;ATP8B4;WWP1;FXYD1;RYR2;CAMK2B
GSE46798_exposure_corrected	prerank	S Phase	-0.28644385655180055	-1.0728545276738188	0.3217665615141956	0.6573409749895233	1.0	51/147	29.20%	ORC6;MCM8;LIN54;RPS27A;UBE2D1;STAG2;PSMD14;LIN52;PSMA4;PSMC5;E2F5;RFC1;WEE1;MYC;PSMD1;PSMC3;MCM7;UBC;GMNN;PSMA3;RPA3;PSMB2;SKP1;POLD3;ORC4;GINS1;RBX1;ORC2;ORC3;CDC26;PSMB7;ANAPC4;ANAPC15;PSMB4;CCNA1;RPA1;PDS5B;RAD21;GSK3B;POLA1;PSMD11;POLE2;PSMD13;PSMA5;POLA2;AKT3;ADRM1;PSMA6;PSMA2;AKT1;RBBP4
GSE46798_exposure_corrected	prerank	MASTL Facilitates Mitotic Progression	-0.46020855375294595	-1.0728127022801235	0.38636363636363635	0.6566490577193504	1.0	7/10	42.53%	PPP2R2D;PPP2CA;PPP2R1A;ARPP19;CDK1;ENSA;PPP2R1B
GSE46798_exposure_corrected	prerank	Metabolism of nucleotides	-0.29713058809083503	-1.0726498922259091	0.3465783664459161	0.6562992366713061	1.0	37/95	36.16%	ENTPD1;ATIC;CMPK1;AK1;GMPR2;NUDT13;AK8;AK4;NUDT15;UCK1;GLRX;PUDP;NT5E;AK7;HPRT1;ITPA;DTYMK;AMPD1;GMPS;DPYD;ENTPD2;NME1;NME2;AK6;AMPD2;TYMS;ENTPD4;CTPS2;CTPS1;RRM2;RRM1;ADK;TYMP;NUDT1;GDA;IMPDH1;NUDT16
GSE46798_exposure_corrected	prerank	Sensory processing of sound by outer hair cells of the cochlea	-0.32531935467084055	-1.072468625319116	0.3565714285714286	0.6560172455630858	1.0	9/51	15.08%	MYO3B;PLS1;SPTAN1;SPTBN1;EPS8;STRC;MSN;GRXCR1;PCDH15
GSE46798_exposure_corrected	prerank	Somitogenesis	-0.3332068821256692	-1.0714744203414193	0.37753882915173237	0.6578558168111831	1.0	22/43	38.81%	LFNG;PSMD14;PSMA4;PSMC5;PSMD1;PSMC3;PSMA3;PSMB2;PSMB7;PSMB4;PSMD11;PSMD13;PSMA5;ADRM1;PSMA6;PSMA2;PSMC6;PSMD2;PSMC1;PSMB3;PSMB6;PSMB1
GSE46798_exposure_corrected	prerank	SUMOylation of DNA methylation proteins	-0.4110140352193843	-1.0713848752111303	0.3911917098445596	0.6572952065278572	1.0	10/16	48.18%	RNF2;PCGF2;DNMT3B;SCMH1;BMI1;PHC1;CBX8;SUMO1;DNMT1;UBE2I
GSE46798_exposure_corrected	prerank	Transport of Ribonucleoproteins into the Host Nucleus	-0.35266534002582456	-1.0710682924387533	0.39354066985645936	0.6573430517434371	1.0	19/31	45.55%	NUP35;NUP188;NUP88;NUP98;NUP133;NUP160;NUP93;KPNB1;NUP214;AAAS;POM121C;NUP37;NUP205;NUP62;NUP107;NUP210;NUP155;NUP43;NUP58
GSE46798_exposure_corrected	prerank	Transcription of E2F targets under negative control by DREAM complex	-0.3912052356257687	-1.0709397037098538	0.39766839378238344	0.6569227689001493	1.0	4/19	10.76%	LIN54;LIN52;E2F5;MYC
GSE46798_exposure_corrected	prerank	Prolonged ERK activation events	-0.42620870602798666	-1.0708203513107066	0.4051490514905149	0.6564268272879137	1.0	3/14	9.74%	KIDINS220;RAPGEF1;MAP2K2
GSE46798_exposure_corrected	prerank	Synthesis of bile acids and bile salts via 24-hydroxycholesterol	-0.43860707937674126	-1.070808652047587	0.391820580474934	0.6556935834635648	1.0	4/13	23.17%	AKR1D1;AKR1C4;AKR1C2;ABCD3
GSE46798_exposure_corrected	prerank	p130Cas linkage to MAPK signaling for integrins	0.3423252140027095	1.0704796937989616	0.3333333333333333	0.8375526929326708	1.0	5/15	19.78%	VWF;BCAR1;TLN1;CRK;ITGB3
GSE46798_exposure_corrected	prerank	Resolution of Abasic Sites (AP sites)	-0.3384213446693039	-1.0700116000365016	0.37223587223587223	0.6570493947636966	1.0	10/37	27.33%	MBD4;RFC1;PARP2;RPA3;POLD3;SMUG1;PARP1;RPA1;XRCC1;POLE2
GSE46798_exposure_corrected	prerank	Mitochondrial mRNA modification	-0.4571061963167798	-1.0692518080936633	0.40463215258855584	0.6582855566293787	1.0	4/10	18.77%	TRMT61B;MTPAP;RPUSD3;MTERF3
GSE46798_exposure_corrected	prerank	Regulation of TP53 Activity through Methylation	-0.39043671881314007	-1.0691774017192825	0.3929024081115336	0.6576740318379987	1.0	10/19	39.55%	RPS27A;UBC;CHEK2;ATM;SMYD2;L3MBTL1;SETD9;TP53;MDM4;JMY
GSE46798_exposure_corrected	prerank	MET promotes cell motility	-0.33587719030955004	-1.0689079534467012	0.3882783882783883	0.6576335917299085	1.0	18/41	34.54%	COL11A1;MET;LAMA5;LAMC1;RAPGEF1;LAMC3;PTK2;COL1A2;TNS3;COL3A1;LAMA2;LAMC2;DOCK7;COL5A2;ITGB1;RAC1;ITGA3;COL5A1
GSE46798_exposure_corrected	prerank	IP6 and IP7 transport between cytosol and nucleus	-0.35770360318388983	-1.0688970747069986	0.38822115384615385	0.6553468365831329	1.0	18/29	45.55%	NUP35;NUP188;NUP88;NUP98;NUP133;NUP160;NUP93;NUP214;AAAS;POM121C;NUP37;NUP205;NUP62;NUP107;NUP210;NUP155;NUP43;NUP58
GSE46798_exposure_corrected	prerank	IP3 and IP4 transport between cytosol and nucleus	-0.35770360318388983	-1.0688970747069986	0.38822115384615385	0.6553468365831329	1.0	18/29	45.55%	NUP35;NUP188;NUP88;NUP98;NUP133;NUP160;NUP93;NUP214;AAAS;POM121C;NUP37;NUP205;NUP62;NUP107;NUP210;NUP155;NUP43;NUP58
GSE46798_exposure_corrected	prerank	IPs transport between nucleus and cytosol	-0.35770360318388983	-1.0688970747069986	0.38822115384615385	0.6553468365831329	1.0	18/29	45.55%	NUP35;NUP188;NUP88;NUP98;NUP133;NUP160;NUP93;NUP214;AAAS;POM121C;NUP37;NUP205;NUP62;NUP107;NUP210;NUP155;NUP43;NUP58
GSE46798_exposure_corrected	prerank	SUMOylation of SUMOylation proteins	-0.34933897547913595	-1.0684829775654674	0.400726392251816	0.6556636719875671	1.0	21/34	45.78%	NUP35;NUP188;NUP88;NUP98;NUP133;NUP160;NUP93;NUP214;AAAS;POM121C;TOPORS;NUP37;NUP205;PIAS4;NUP62;NUP107;NUP210;NUP155;NUP43;NUP58;SUMO1
GSE46798_exposure_corrected	prerank	Formation of the non-canonical BAF (ncBAF) complex	-0.42726902604423034	-1.068131295246668	0.3918741808650065	0.6558282522788975	1.0	7/14	30.30%	SMARCA2;SMARCD1;SMARCA4;SMARCD3;BRD9;SMARCC2;SS18L1
GSE46798_exposure_corrected	prerank	Meiotic recombination	-0.35990722599384717	-1.067652688599762	0.37982565379825656	0.6562678317132835	1.0	4/26	4.45%	DMC1;TOP3A;RBBP8;RAD51
GSE46798_exposure_corrected	prerank	activated TAK1 mediates p38 MAPK activation	-0.3819904829456481	-1.0671927556974201	0.38598726114649684	0.6566617805872488	1.0	6/22	20.56%	RPS27A;TRAF6;MAP3K7;UBC;UBE2N;MAPKAPK3
GSE46798_exposure_corrected	prerank	Peptide ligand-binding receptors	-0.2774367233487367	-1.0668991255016405	0.34093264248704663	0.6567256160879168	1.0	41/188	17.51%	QRFPR;CXCL16;PROK2;SSTR2;OPRD1;CXCL9;XCL1;CCR4;CCL28;CCR6;HCRTR1;MCHR2;SAA1;RLN3;CCL5;CCR5;PPBP;UTS2;C5AR2;EDNRA;CCR1;TACR1;C5AR1;NPY5R;KNG1;CCR10;EDN2;CXCR2;AVP;SSTR1;TAC3;MLNR;CCR9;MAS1;EDN3;CXCR5;NPSR1;INSL5;CXCR3;CCRL2;CXCL12
GSE46798_exposure_corrected	prerank	Nef mediated downregulation of MHC class I complex cell surface expression	-0.45968080092736224	-1.0666853524804913	0.39657631954350925	0.6565210617175343	1.0	6/10	32.34%	AP1M2;AP1S2;B2M;AP1M1;AP1B1;PACS1
GSE46798_exposure_corrected	prerank	Metabolism of carbohydrates and carbohydrate derivatives	-0.27080738939524673	-1.066488195212679	0.33534743202416917	0.656252778790345	1.0	101/292	31.57%	CHPF2;NUP35;SLC2A1;NHLRC1;B3GAT1;HK2;RPS27A;NDST4;GYG2;NUP188;ST3GAL1;SDC1;GALNS;HS3ST3A1;HS2ST1;NUP88;FUT6;GBE1;PYGL;CHP1;ALDH1A1;CHST14;HYAL1;UGP2;EPM2A;KERA;GPC5;EXT2;PFKFB3;HKDC1;HMMR;G6PD;XYLT1;NUP98;FUT4;CHST15;PFKFB4;CHST1;B3GNT4;PAPSS1;PHKB;CHSY3;NUP133;SLC35B3;HS6ST2;PYGM;MAN2B2;GLB1L3;CHST12;HGSNAT;UBC;HS6ST1;SLC9A1;ENO1;ALDOB;NUP160;PPP2R5D;MANBA;PGM2L1;PRKACB;ALDOC;NUP93;ENO2;GPC2;PRPS2;PFKM;EXTL2;UXS1;GALT;B4GALT5;GPC1;ABCC5;VCAN;HK1;GYG1;CHSY1;GAA;PPP2CA;FUT5;NUP214;PRPS1;ST3GAL3;PKM;XYLT2;HYAL3;PKLR;B3GALT6;B3GNT3;NDST2;AAAS;FAM20B;PPP2R1A;SLC26A11;CHST3;GALE;ARSB;CALM1;ACAN;POM121C;GPC4;GCK
GSE46798_exposure_corrected	prerank	Peroxisomal lipid metabolism	-0.36704336625550793	-1.0658811537301391	0.3819530284301607	0.6570864232415697	1.0	11/27	30.48%	ACOX1;HSD17B4;SLC25A17;ALDH3A2;ECI2;CRAT;ACOX3;PHYH;ACBD4;DECR2;SCP2
GSE46798_exposure_corrected	prerank	Termination of translesion DNA synthesis	-0.3541454275957676	-1.0653567439618516	0.3817733990147783	0.6576274209728399	1.0	8/31	18.66%	RPS27A;POLH;RFC1;USP43;UBC;UBE2L6;RPA3;POLD3
GSE46798_exposure_corrected	prerank	Thyroxine biosynthesis	0.3624702154211441	1.064360621476774	0.34108527131782945	0.847584105113197	1.0	6/14	6.65%	DUOXA2;DIO2;IYD;DUOXA1;SLC5A5;TXNDC11
GSE46798_exposure_corrected	prerank	Signaling by FGFR3	-0.33641174051400785	-1.0642258274206593	0.37365269461077844	0.6597753046516547	1.0	16/40	30.11%	GALNT3;RPS27A;FGF1;FGF9;PTPN11;UBC;FGFR3;FRS3;HRAS;PIK3CA;PLCG1;CBL;PPP2CA;SPRY2;PIK3R1;PPP2R1A
GSE46798_exposure_corrected	prerank	CD209 (DC-SIGN) signaling	-0.3897495927788933	-1.061194237873975	0.4213197969543147	0.6667149300220399	1.0	7/21	19.32%	FYN;LYN;PAK2;CREBBP;PAK1;HRAS;PRKACB
GSE46798_exposure_corrected	prerank	Cellular response to starvation	-0.27981189315716354	-1.060118645901838	0.35962145110410093	0.668688986411107	1.0	61/151	38.57%	RPS28;RPS4Y1;EIF2AK4;RPS27;RPS27A;RPS12;RPS15;ATP6V0D2;RPL18;RPL24;RPL5;RPL23;RPL6;KPTN;GCN1;RPS4X;RPL10A;LAMTOR3;RPL32;MTOR;SH3BP4;RPL7;RPS11;RPL17;RPL37;WDR59;ATP6V1B2;ATP6V1E1;RPL21;MLST8;RPL36A;RPL36AL;ATP6V1D;RPLP2;ATP6V0E2;ATP6V1C2;IMPACT;FNIP1;RPL11;RPL9;RRAGD;SZT2;RPS8;RPS23;RPS13;RPS20;ASNS;RPS2;LAMTOR1;WDR24;RPL4;RPS7;ATP6V1G2;FNIP2;ATP6V1H;EIF2S1;RRAGB;RPS27L;ATP6V1G1;RPL14;EIF2S2
GSE46798_exposure_corrected	prerank	Gap junction degradation	0.3614032524946367	1.0593683306635346	0.35271317829457366	0.8538357763565592	1.0	3/12	12.80%	DNM2;DAB2;CLTC
GSE46798_exposure_corrected	prerank	Regulation of PD-L1(CD274) transcription	-0.3340645170098904	-1.059122330673123	0.3957597173144876	0.6704120290532615	1.0	6/41	10.76%	TEAD1;TEAD3;NFKB2;CREBBP;RBBP7;MYC
GSE46798_exposure_corrected	prerank	Beta defensins	0.2914163940290743	1.0581440763548073	0.36548223350253806	0.8473896305572602	1.0	8/26	15.30%	DEFB1;DEFB129;DEFB124;DEFB135;CCR2;DEFB127;DEFB115;DEFB114
GSE46798_exposure_corrected	prerank	Estrogen-dependent nuclear events downstream of ESR-membrane signaling	-0.3691985753029792	-1.0580678714199718	0.41161290322580646	0.6724164587532357	1.0	13/22	42.08%	CREB1;EREG;PTK2;UHMK1;XPO1;AKT3;AKT1;BCL2;CDKN1B;CCND1;FOXO3;SRF;MAPK3
GSE46798_exposure_corrected	prerank	Downregulation of TGF-beta receptor signaling	-0.364737136777698	-1.0564492822792753	0.4154228855721393	0.675969883427427	1.0	7/26	21.41%	SMAD3;RPS27A;TGFBR2;UBC;UCHL5;XPO1;USP15
GSE46798_exposure_corrected	prerank	Uptake and actions of bacterial toxins	-0.3576964101824831	-1.0563448269106932	0.39457459926017263	0.6754522792683453	1.0	14/28	30.83%	MAP2K2;SV2B;STX1B;SV2A;ANTXR1;SNAP25;VAMP2;MAP2K4;VAMP1;GUCY2C;HSP90AA1;EEF2;SYT1;CALM1
GSE46798_exposure_corrected	prerank	GPER1 signaling	-0.3287614821295757	-1.055129867159809	0.40572792362768495	0.677916339368733	1.0	24/43	39.81%	ADCY9;GNAZ;ADCY1;GNAI3;GNG5;GNG8;GNB1;GNGT2;PRKAR1A;PRKACB;ADCY8;GNAI2;GNAI1;ADCY7;ITGB1;GNB5;GNB4;GNG7;ADCY3;SHC1;ADCY4;GNB2;PRKACA;GNG2
GSE46798_exposure_corrected	prerank	CREB1 phosphorylation through the activation of Adenylate Cyclase	-0.4292921151161669	-1.0541089731258881	0.41201117318435754	0.6798541839716088	1.0	5/12	22.06%	CREB1;ADCY1;PRKAR1A;PRKACB;ADCY8
GSE46798_exposure_corrected	prerank	Peroxisomal protein import	-0.3081436683997977	-1.0532984254305073	0.3945578231292517	0.6812505755653128	1.0	22/62	30.48%	RPS27A;UBE2D1;ACOX1;PEX13;USP9X;HSD17B4;AGPS;UBE2D2;MPV17;UBC;ECI2;CAT;ACOT2;PEX7;CRAT;IDH1;ACOX3;PHYH;PEX5;DECR2;PEX6;SCP2
GSE46798_exposure_corrected	prerank	SUMOylation of ubiquitinylation proteins	-0.33261253565713367	-1.053230158344145	0.4122497055359246	0.6806380707675034	1.0	22/38	45.78%	NUP35;NUP188;NUP88;NUP98;NUP133;NUP160;NUP93;PIAS1;NUP214;AAAS;POM121C;NUP37;NUP205;PIAS4;NUP62;VHL;NUP107;NUP210;NUP155;NUP43;NUP58;SUMO1
GSE46798_exposure_corrected	prerank	p75NTR recruits signalling complexes	-0.422693184495652	-1.0529129563410422	0.41534391534391535	0.680655081034061	1.0	3/13	15.92%	RPS27A;TRAF6;UBC
GSE46798_exposure_corrected	prerank	G0 and Early G1	-0.35433813061359287	-1.0522302356710493	0.417910447761194	0.6816889915286736	1.0	5/27	10.76%	LIN54;DYRK1A;LIN52;E2F5;MYC
GSE46798_exposure_corrected	prerank	Viral Messenger RNA Synthesis	-0.3293411211351384	-1.0520613080626564	0.397196261682243	0.6814017268161756	1.0	24/43	46.57%	NUP35;NUP188;NUP88;POLR2G;GTF2F2;NUP98;NUP133;NUP160;NUP93;NUP214;AAAS;POM121C;NUP37;NUP205;NUP62;NUP107;POLR2B;POLR2H;NUP210;NUP155;POLR2K;NUP43;NUP58;POLR2A
GSE46798_exposure_corrected	prerank	Depyrimidination	-0.4065138850148853	-1.0509796436282064	0.40185676392572944	0.6818074316172591	1.0	4/15	20.13%	MBD4;TERF1;SMUG1;TERF2
GSE46798_exposure_corrected	prerank	Cleavage of the damaged pyrimidine	-0.4065138850148853	-1.0509796436282064	0.40185676392572944	0.6818074316172591	1.0	4/15	20.13%	MBD4;TERF1;SMUG1;TERF2
GSE46798_exposure_corrected	prerank	Recognition and association of DNA glycosylase with site containing an affected pyrimidine	-0.4065138850148853	-1.0509796436282064	0.40185676392572944	0.6818074316172591	1.0	4/15	20.13%	MBD4;TERF1;SMUG1;TERF2
GSE46798_exposure_corrected	prerank	Synthesis of bile acids and bile salts via 7alpha-hydroxycholesterol	-0.3734676970599707	-1.0507114261811372	0.41707920792079206	0.6817409458312865	1.0	9/22	30.48%	AKR1D1;AKR1C4;HSD17B4;AKR1C2;NCOA2;CYP7A1;ABCD3;NR1H4;SCP2
GSE46798_exposure_corrected	prerank	Nucleotide Excision Repair	-0.28865795990369947	-1.0507036921626467	0.39087947882736157	0.6809936354214344	1.0	43/108	37.34%	RPS27A;XPC;POLR2G;UBE2V2;NFRKB;GTF2H3;RFC1;CUL4B;COPS2;PARP2;RAD23B;XAB2;COPS6;UBC;UBE2N;USP7;RPA3;POLD3;GTF2H5;ELL;RBX1;COPS7A;CUL4A;TCEA1;PIAS1;YY1;PARP1;AQR;RPA1;XRCC1;POLE2;CETN2;COPS3;RAD23A;RNF111;GPS1;CCNH;GTF2H1;ERCC5;INO80C;MNAT1;INO80D;LIG3
GSE46798_exposure_corrected	prerank	SUMOylation	-0.2772395855373988	-1.0506582542763216	0.3772204806687565	0.6803455354894686	1.0	75/172	39.26%	NUP35;HIPK2;XRCC4;HDAC4;NFKB2;NUP188;XPC;RNF2;NUP88;NSMCE3;STAG2;NR4A2;SENP2;CREBBP;RANGAP1;RORA;HDAC2;NSMCE1;SATB1;MTA1;NUP98;HIC1;NUP133;UHRF2;NCOR2;PCGF2;SMC5;DNMT3B;NCOA2;NSMCE4A;SCMH1;DDX5;NUP160;HNRNPC;UBA2;ZNF131;NUP93;NR2C1;CTBP1;SP3;DDX17;NRIP1;EIF2AK2;PIAS1;TOP2B;PARP1;RPA1;RAD21;NUP214;CETN2;BMI1;WRN;AAAS;NR1H4;L3MBTL2;POM121C;TP53;CBX5;MDC1;SUZ12;TOPORS;NUP37;NUP205;BLM;NR1H3;PIAS4;PARK7;TDG;PHC1;ZBED1;DAXX;NUP62;SATB2;VHL;NR1I2
GSE46798_exposure_corrected	prerank	Josephin domain DUBs	-0.4421665461108407	-1.050258369025298	0.3907894736842105	0.6805767551789189	1.0	6/11	29.53%	RPS27A;RAD23B;UBC;JOSD1;JOSD2;RAD23A
GSE46798_exposure_corrected	prerank	Regulation of TBK1, IKKε-mediated activation of IRF3, IRF7 upon TLR3 ligation	-0.4372266768958325	-1.0501260483887918	0.4185082872928177	0.6801047636694806	1.0	6/11	30.84%	RPS27A;OPTN;UBC;TBK1;TANK;TICAM1
GSE46798_exposure_corrected	prerank	Ca2+ pathway	-0.3132150719024994	-1.0497427804342496	0.39035591274397247	0.6803117365083233	1.0	15/62	18.57%	TNRC6C;AGO1;NLK;PPP3CB;GNAT2;GNG5;MYC;PRKCA;AGO3;GNG8;MAP3K7;GNAO1;GNB1;GNGT2;PPP3R1
GSE46798_exposure_corrected	prerank	Signaling by PDGFR in disease	-0.38170306196549797	-1.049196513975231	0.41304347826086957	0.680966467953372	1.0	13/19	44.50%	WDR48;ETV6;STRN;STAT1;HRAS;PIK3CB;PIK3CA;PIK3R1;PIK3R2;PDGFRA;GRB2;GOLGA4;NRAS
GSE46798_exposure_corrected	prerank	TP53 Regulates Transcription of Cell Death Genes	-0.325287432012849	-1.0488926624026746	0.42441860465116277	0.6809720846590457	1.0	12/44	21.19%	IGFBP3;TRIAP1;CREBBP;TP53BP2;BNIP3L;TP53INP1;PERP;APAF1;STEAP3;BBC3;PRELID3A;ATM
GSE46798_exposure_corrected	prerank	RNA Polymerase III Transcription Initiation From Type 2 Promoter	-0.3543725309970551	-1.0483440531890347	0.4039167686658507	0.6815791587595277	1.0	16/27	44.98%	GTF3C2;CRCP;BDP1;POLR3A;POLR3GL;POLR1C;POLR3H;GTF3C3;TBP;POLR3E;POLR1D;POLR3F;POLR3B;POLR2H;GTF3C4;POLR2K
GSE46798_exposure_corrected	prerank	Defective B3GALTL causes PpS	0.2818231037541463	1.0477168120553202	0.3248407643312102	0.8717767424334948	1.0	4/35	2.08%	ADAMTS9;ADAMTS4;SEMA5A;ADAMTS2
GSE46798_exposure_corrected	prerank	Metabolism of steroid hormones	0.2799536340156905	1.0472722234844027	0.3103448275862069	0.863299245509478	1.0	7/34	9.49%	CYP21A2;HSD17B14;LHB;STAR;AKR1B15;STS;HSD3B1
GSE46798_exposure_corrected	prerank	Defective C1GALT1C1 causes TNPS	-0.4059929332720517	-1.0472236767640202	0.4095607235142119	0.6837615020803595	1.0	6/15	29.68%	MUC5B;MUC17;C1GALT1;MUC15;MUC7;C1GALT1C1
GSE46798_exposure_corrected	prerank	WNT ligand biogenesis and trafficking	-0.36053441728154967	-1.046550093284795	0.42574257425742573	0.6847160359156734	1.0	11/25	31.36%	WNT4;WNT1;WNT16;WNT2;VPS26A;WNT9A;VPS29;PORCN;WNT7B;WNT3;TMED5
GSE46798_exposure_corrected	prerank	Epigenetic regulation of adipogenesis genes by MLL3 and MLL4 complexes	-0.30132187735015575	-1.0457656609385308	0.4033519553072626	0.6843539426383939	1.0	15/74	19.33%	KMT2D;HDAC3;FABP4;ADIPOQ;NCOA6;CREBBP;PLIN1;PAGR1;NCOA3;TBL1XR1;NCOR2;NCOA2;CIDEC;MED4;PHLDA1
GSE46798_exposure_corrected	prerank	Epigenetic regulation of gene expression by MLL3 and MLL4 complexes	-0.30132187735015575	-1.0457656609385308	0.4033519553072626	0.6843539426383939	1.0	15/74	19.33%	KMT2D;HDAC3;FABP4;ADIPOQ;NCOA6;CREBBP;PLIN1;PAGR1;NCOA3;TBL1XR1;NCOR2;NCOA2;CIDEC;MED4;PHLDA1
GSE46798_exposure_corrected	prerank	MLL4 and MLL3 complexes regulate expression of PPARG target genes in adipogenesis and hepatic steatosis	-0.30132187735015575	-1.0457656609385308	0.4033519553072626	0.6843539426383939	1.0	15/74	19.33%	KMT2D;HDAC3;FABP4;ADIPOQ;NCOA6;CREBBP;PLIN1;PAGR1;NCOA3;TBL1XR1;NCOR2;NCOA2;CIDEC;MED4;PHLDA1
GSE46798_exposure_corrected	prerank	RET signaling	-0.33157240243174113	-1.0447632310188215	0.40543735224586286	0.6860387541430903	1.0	14/40	22.11%	GDNF;GFRA1;GAB2;MAPK7;PIK3CD;PRKCA;PTPN11;DOK6;RET;PRKACB;PIK3CB;PIK3CA;PSPN;PLCG1
GSE46798_exposure_corrected	prerank	Diseases of branched-chain amino acid catabolism	-0.4205782014208469	-1.0444816224000912	0.41486486486486485	0.6859923831721932	1.0	8/13	46.02%	ACAT1;ECHS1;DBT;MCCC1;HIBCH;BCKDHB;DLD;IVD
GSE46798_exposure_corrected	prerank	Azathioprine ADME	-0.3673671832627118	-1.0444558540716247	0.4322250639386189	0.6853037974593819	1.0	11/23	28.72%	VAV1;ABCC4;VAV3;NUDT15;HPRT1;GMPS;SLC29A2;ABCC5;NME1;NME2;VAV2
GSE46798_exposure_corrected	prerank	Metabolism of vitamins and cofactors	-0.27166243238876436	-1.043476363625496	0.3862704918032787	0.6871263348966979	1.0	58/191	28.76%	MMAA;DHFR2;SLC25A51;PLB1;SLC2A1;SLC5A8;NNMT;SDC1;LRP1;AKR1C4;CTRB1;DHFR;PARP14;MTHFD1;PANK2;LDLR;GPC5;ACACB;MTHFD2;MTR;HLCS;PARP4;MTHFD1L;PRSS1;NAMPT;NMRK2;PDZD11;CUBN;GSTO1;ACACA;NT5E;CLPS;DCAKD;MTRR;PRSS3;MMADHC;PNLIP;MCCC1;GPC2;GPC1;NMRK1;SLC2A3;COQ7;PANK4;NADSYN1;SLC5A6;IDH1;ACO1;PCCA;CYB5R3;PDSS2;SHMT2;HSP90AA1;NADK;LMBRD1;AKT1;MMAB;RBP2
GSE46798_exposure_corrected	prerank	Late SARS-CoV-2 Infection Events	-0.300016957399184	-1.0425979107420948	0.3951612903225806	0.6886149097857797	1.0	24/72	28.30%	MAGT1;GANAB;RPS27A;MAN2A1;ST3GAL1;MGAT4C;PARP14;ST6GALNAC3;PARP4;ZDHHC2;STT3B;SRPK1;ANO4;UBC;ACE2;ZDHHC3;PRKCSH;MGAT5;MGAT2;GSK3B;MAN1B1;ZDHHC8;ST3GAL3;SRPK2
GSE46798_exposure_corrected	prerank	SARS-CoV-2 Infection	-0.26340928928414137	-1.041566964199216	0.39235412474849096	0.6904734114989266	1.0	129/290	39.97%	RPS28;NUP35;PIK3C3;RPS4Y1;MAGT1;GANAB;RPS27;RPS27A;RPS12;RPS15;ZCRB1;MAN2A1;NUP188;ST3GAL1;SDC1;GEMIN6;YWHAG;NRP1;NUP88;VPS41;MGAT4C;TRAF6;PARP14;NLRP3;CHMP4A;ST6GALNAC3;GPC5;CREBBP;IFNA10;VPS45;IL17A;PARP4;RPS4X;YWHAQ;NUP98;IFNA7;ZDHHC2;STT3B;NUP133;SRPK1;ANO4;MASP1;YWHAH;MAP3K7;PTPN11;RPS11;STAT1;UBC;ACE2;ATG14;UBE2N;DDX5;VPS39;NUP160;B2M;ZDHHC3;SNRPD1;TBK1;NUP93;GPC2;PRKCSH;GEMIN5;GPC1;MGAT5;TOMM70;IFNA14;PIK3R4;CHMP4C;GEMIN2;CHMP4B;MGAT2;SEC24B;GSK3B;NUP214;GJA1;MAN1B1;ZDHHC8;ST3GAL3;IFNA8;HSP90AA1;AKT3;SRPK2;AKT1;MAVS;RPS8;SNRPF;RPS23;PDPK1;AAAS;G3BP1;RPS13;RPS20;POM121C;GPC4;RPS2;YWHAB;SEC24A;PARP16;HLA-G;NUP37;ZDHHC9;HLA-E;ST6GAL1;MGAT4B;NUP205;TKFC;GEMIN7;RPS7;CTSL;DDOST;VPS33A;IFNAR2;CHMP6;TUSC3;SEC23A;ST3GAL2;RPS27L;VPS16;YWHAZ;FUT8;TAB1;NUP62;VHL;SNRPD3;G3BP2;HLA-C;GEMIN4;NUP107;RPN2
GSE46798_exposure_corrected	prerank	Defects of Coagulation cascade	0.3050034183639052	1.0414786724043295	0.33624454148471616	0.8724360031085886	1.0	4/20	8.42%	VWF;F10;F8;F9
GSE46798_exposure_corrected	prerank	Defensins	0.2711158657205751	1.0412617237598756	0.3699421965317919	0.8633636633293704	1.0	10/32	15.30%	DEFB1;DEFB129;CD4;DEFB124;DEFB135;CCR2;DEFB127;DEFA4;DEFB115;DEFB114
GSE46798_exposure_corrected	prerank	Signaling by PDGFRA extracellular domain mutants	-0.42326513346942873	-1.0406555337828753	0.4302788844621514	0.6912352929556558	1.0	9/12	44.50%	STAT1;HRAS;PIK3CB;PIK3CA;PIK3R1;PIK3R2;PDGFRA;GRB2;NRAS
GSE46798_exposure_corrected	prerank	Signaling by PDGFRA transmembrane, juxtamembrane and kinase domain mutants	-0.42326513346942873	-1.0406555337828753	0.4302788844621514	0.6912352929556558	1.0	9/12	44.50%	STAT1;HRAS;PIK3CB;PIK3CA;PIK3R1;PIK3R2;PDGFRA;GRB2;NRAS
GSE46798_exposure_corrected	prerank	Platelet calcium homeostasis	-0.3486272065923779	-1.0402414350791678	0.41854636591478694	0.6915519861791182	1.0	8/28	20.46%	ORAI2;ATP2B1;P2RX7;ATP2A2;STIM1;SLC8A3;SRI;SLC8A2
GSE46798_exposure_corrected	prerank	Biological oxidations	0.2077022962440716	1.0401032810072288	0.3333333333333333	0.8577349692673623	1.0	34/205	12.29%	CYP26C1;GSTA1;CYP21A2;ABHD14B;CYP4F3;GSTA2;CYP3A5;UGT1A7;AIP;AOC2;CYP26A1;SULT1B1;CYP3A4;CYP2C18;ACSM1;CYP4A22;ACSM2B;GSS;GSTA5;UGT3A2;GLYAT;CYP2U1;CBR3;ADH4;CYP4F8;SULT1E1;SULT2A1;GGT1;GGT5;UGT1A9;CYP2W1;UGT2B7;CYP8B1;CES1
GSE46798_exposure_corrected	prerank	SUMO E3 ligases SUMOylate target proteins	-0.274086810611519	-1.0396366726007493	0.40083945435466944	0.6923618569367501	1.0	73/167	39.26%	NUP35;HIPK2;XRCC4;HDAC4;NFKB2;NUP188;XPC;RNF2;NUP88;NSMCE3;STAG2;NR4A2;CREBBP;RANGAP1;RORA;HDAC2;NSMCE1;SATB1;MTA1;NUP98;HIC1;NUP133;UHRF2;NCOR2;PCGF2;SMC5;DNMT3B;NCOA2;NSMCE4A;SCMH1;DDX5;NUP160;HNRNPC;ZNF131;NUP93;NR2C1;CTBP1;SP3;DDX17;NRIP1;EIF2AK2;PIAS1;TOP2B;PARP1;RPA1;RAD21;NUP214;CETN2;BMI1;WRN;AAAS;NR1H4;L3MBTL2;POM121C;TP53;CBX5;MDC1;SUZ12;TOPORS;NUP37;NUP205;BLM;NR1H3;PIAS4;PARK7;TDG;PHC1;ZBED1;DAXX;NUP62;SATB2;VHL;NR1I2
GSE46798_exposure_corrected	prerank	Digestion	-0.35724114391593426	-1.038292922996738	0.41336633663366334	0.6950140603093545	1.0	10/23	25.90%	CEL;AMY1B;AMY1A;AMY2A;CLPS;LIPF;GUCA2B;PNLIP;GUCY2C;CHIT1
GSE46798_exposure_corrected	prerank	MAP2K and MAPK activation	-0.3280754785975204	-1.0379856371023042	0.39740566037735847	0.6949664973847254	1.0	16/40	37.80%	IL17RD;ARRB1;CNKSR2;MAP2K2;LAMTOR3;KSR2;HRAS;VCL;MARK3;ARRB2;CNKSR1;FGA;YWHAB;FGG;CSK;PEBP1
GSE46798_exposure_corrected	prerank	Maturation of DENV proteins	-0.31323471795055424	-1.0378266986995937	0.42757009345794394	0.6946213492795723	1.0	36/52	52.39%	MAGT1;RPS27A;PDIA3;NMT1;STT3B;SPCS2;HYOU1;UBC;DNAJC10;ACOT2;XPO1;KPNB1;P4HA1;KPNA3;SEC11A;SEC11C;SCAP;DNAJB11;SPCS1;DDOST;TUSC3;IPO7;RPN2;CANX;PRKG1;SUMO1;KPNA2;UBE2I;KPNA7;DPM1;KPNA1;UBA52;OST4;DAD1;DPM2;KPNA4
GSE46798_exposure_corrected	prerank	TRP channels	-0.34746177262079675	-1.036491888607844	0.4260869565217391	0.6972857033608516	1.0	9/27	27.34%	TRPM4;MCOLN2;TRPV4;TRPV5;TRPC1;TRPV2;TRPC4AP;TRPM6;RIPK1
GSE46798_exposure_corrected	prerank	IRE1alpha activates chaperones	-0.317702962428117	-1.0359734248170596	0.4055619930475087	0.6978123233085892	1.0	17/47	33.76%	FKBP14;ADD1;SRPRA;HYOU1;ERN1;EXTL2;TPP1;CUL7;TATDN2;EDEM1;XBP1;WFS1;DNAJB11;SSR1;PDIA6;DNAJB9;DCTN1
GSE46798_exposure_corrected	prerank	Nuclear RNA decay	-0.3335330560122181	-1.0350551020027368	0.4206060606060606	0.6994510225222793	1.0	15/32	39.70%	ZFC3H1;EXOSC10;NCBP2;ZC3H4;MPHOSPH6;EXOSC9;ZC3H3;PABPN1;EXOSC2;RBM26;EXOSC3;ZCCHC8;WDR82;EXOSC4;YTHDC1
GSE46798_exposure_corrected	prerank	MAPK targets/ Nuclear events mediated by MAP kinases	-0.34177127802707485	-1.0348263414851633	0.45153374233128835	0.6992553217534239	1.0	17/31	42.53%	CREB1;MAPK7;RPS6KA2;MAPK9;DUSP6;PPP2R5D;PPP2CA;PPP2R1A;DUSP4;MAPK8;MEF2C;DUSP7;RPS6KA3;MEF2A;DUSP3;MAPK3;PPP2R1B
GSE46798_exposure_corrected	prerank	Digestion of dietary carbohydrate	-0.43571656516638346	-1.0343783058860034	0.44537815126050423	0.6996544943982552	1.0	3/11	8.28%	AMY1B;AMY1A;AMY2A
GSE46798_exposure_corrected	prerank	Metabolism of nitric oxide: NOS3 activation and regulation	0.3230264507998938	1.0338779600210348	0.4017467248908297	0.8691471023383512	1.0	2/17	1.11%	DNM2;SPR
GSE46798_exposure_corrected	prerank	Phenylalanine and tyrosine metabolism	0.3652778911044423	1.033757753105662	0.38321167883211676	0.8600991758553995	1.0	1/11	0.15%	PAH
GSE46798_exposure_corrected	prerank	Integrin signaling	0.2897465749493646	1.0336514072735399	0.3172043010752688	0.8511926512113392	1.0	6/26	12.62%	VWF;SOS1;SYK;BCAR1;RASGRP1;TLN1
GSE46798_exposure_corrected	prerank	The activation of arylsulfatases	0.3496325782100062	1.0314758922244867	0.38405797101449274	0.8487814923730848	1.0	5/12	15.53%	ARSI;ARSJ;STS;ARSF;ARSG
GSE46798_exposure_corrected	prerank	Endosomal Sorting Complex Required For Transport (ESCRT)	-0.3417303304061861	-1.030902536531393	0.41566265060240964	0.70785475245545	1.0	15/31	39.05%	RPS27A;VPS4A;CHMP4A;VPS36;UBC;VPS37B;STAM2;CHMP4C;CHMP4B;MVB12B;VTA1;VPS37A;CHMP6;MVB12A;STAM
GSE46798_exposure_corrected	prerank	Signaling by ERBB2	-0.3115470265285503	-1.0307232983462067	0.42923433874709976	0.7075702416415064	1.0	31/50	44.50%	FYN;RPS27A;EREG;PRKCA;PRKCE;UBC;ERBB2;CUL5;RHOA;HRAS;PIK3CA;NRG1;PLCG1;HSP90AA1;PIK3R1;AKT3;AKT1;NRG3;YES1;SHC1;PTPN12;PTPN18;ERBIN;RNF41;ERBB4;MEMO1;STUB1;GRB2;PRKCD;USP8;NRAS
GSE46798_exposure_corrected	prerank	Regulation of clotting cascade	-0.31651273579079325	-1.030553279629297	0.4307511737089202	0.7072422068786496	1.0	16/49	23.22%	SERPINA5;SDC1;PROCR;GPC5;GP9;PROS1;KNG1;GP5;F11;SERPINE1;PRTN3;SERPINE2;GPC2;GP1BA;GPC1;SERPINA10
GSE46798_exposure_corrected	prerank	Transcription-Coupled Nucleotide Excision Repair (TC-NER)	-0.2949325807555296	-1.0305520253633746	0.43018018018018017	0.70646926457605	1.0	37/76	45.40%	RPS27A;POLR2G;GTF2H3;RFC1;CUL4B;COPS2;XAB2;COPS6;UBC;USP7;RPA3;POLD3;GTF2H5;ELL;RBX1;COPS7A;CUL4A;TCEA1;AQR;RPA1;XRCC1;POLE2;COPS3;GPS1;CCNH;GTF2H1;ERCC5;MNAT1;LIG3;POLR2B;POLR2H;POLE4;RFC4;ERCC1;POLR2K;ERCC2;UVSSA
GSE46798_exposure_corrected	prerank	TAK1-dependent IKK and NF-kappa-B activation	-0.32142387148982704	-1.0304990821167896	0.42123687281213534	0.7058011799408879	1.0	9/43	16.84%	RPS27A;NFKB2;SAA1;TRAF6;LRRC14;MAP3K7;S100A12;UBC;UBE2N
GSE46798_exposure_corrected	prerank	Heparan sulfate/heparin (HS-GAG) metabolism	-0.32295614809596984	-1.029950376308995	0.43546441495778043	0.7064615626294695	1.0	12/40	23.00%	NDST4;SDC1;HS3ST3A1;HS2ST1;GPC5;EXT2;HS6ST2;HGSNAT;HS6ST1;GPC2;EXTL2;GPC1
GSE46798_exposure_corrected	prerank	Nucleosome assembly	-0.3511461826344875	-1.0297412607746204	0.4449877750611247	0.7053978315923952	1.0	4/26	2.86%	SMARCA5;CENPI;KNL1;CENPW
GSE46798_exposure_corrected	prerank	Deposition of new CENPA-containing nucleosomes at the centromere	-0.3511461826344875	-1.0297412607746204	0.4449877750611247	0.7053978315923952	1.0	4/26	2.86%	SMARCA5;CENPI;KNL1;CENPW
GSE46798_exposure_corrected	prerank	Negative regulation of FLT3	0.34092489227645584	1.0296183471226115	0.39316239316239315	0.8455435506081456	1.0	5/15	10.53%	ABL2;SOCS6;UBB;FLT3;PTPRJ
GSE46798_exposure_corrected	prerank	HCMV Late Events	-0.30781738340929554	-1.0291415124642562	0.43071593533487296	0.7062030793353081	1.0	24/55	39.95%	NUP35;VPS4A;NUP188;NUP88;CHMP4A;VPS36;NUP98;NUP133;VPS37B;NUP160;NUP93;CHMP4C;CHMP4B;MVB12B;NUP214;AAAS;POM121C;NUP37;VPS37A;NUP205;CHMP6;MVB12A;NUP62;NUP107
GSE46798_exposure_corrected	prerank	O-glycosylation of TSR domain-containing proteins	0.27002095271774557	1.0287795944582416	0.37267080745341613	0.8391496714786991	1.0	4/36	2.08%	ADAMTS9;ADAMTS4;SEMA5A;ADAMTS2
GSE46798_exposure_corrected	prerank	TNFs bind their physiological receptors	-0.3524122836336949	-1.0281632794429727	0.44289340101522845	0.7077836468433897	1.0	4/26	6.01%	TNFSF15;TNFSF14;TNFSF4;TNFSF8
GSE46798_exposure_corrected	prerank	Aspirin ADME	0.26289989151777193	1.0281220014935828	0.38636363636363635	0.8325598683729752	1.0	10/41	12.29%	UGT1A7;ABCC3;CYP3A4;BSG;ACSM2B;UGT3A2;GLYAT;UGT1A9;UGT2B7;CES1
GSE46798_exposure_corrected	prerank	Resolution of Sister Chromatid Cohesion	-0.27937034385043985	-1.0276995257089994	0.4276595744680851	0.708198750735091	1.0	36/122	25.97%	CENPI;CLIP1;RPS27;ZWINT;KNL1;NUF2;CENPE;STAG2;DYNC1LI2;SKA2;SPDL1;RANGAP1;TUBA1A;TUBB4A;TUBA8;DYNC1I1;NUP98;NUP133;TUBB2B;KIF2A;TUBA3E;SGO1;KNTC1;DYNC1H1;NUP160;PPP2R5D;SPC24;BUB1B;XPO1;DYNC1I2;PPP2R5E;CKAP5;CENPN;PDS5B;RAD21;PPP2CA
GSE46798_exposure_corrected	prerank	Coagulation pathway	-0.30986571716482636	-1.0267076453806463	0.4308571428571429	0.7098301019288652	1.0	17/55	23.22%	SERPINA5;SDC1;F13A1;PROCR;GPC5;GP9;PROS1;KNG1;GP5;F11;SERPINE1;PRTN3;SERPINE2;GPC2;GP1BA;GPC1;SERPINA10
GSE46798_exposure_corrected	prerank	Role of LAT2/NTAL/LAB on calcium mobilization	-0.38658023166700406	-1.0265262131285415	0.4340369393139842	0.7095146633618478	1.0	10/16	36.14%	FYN;LYN;GAB2;PIK3CB;PIK3CA;PIK3R1;PDPK1;PIK3R2;MS4A2;SHC1
GSE46798_exposure_corrected	prerank	Amplification of signal from the kinetochores	-0.28650794851566364	-1.0260407009256363	0.4268689057421452	0.7092860267333662	1.0	28/93	25.97%	CENPI;CLIP1;RPS27;ZWINT;KNL1;NUF2;CENPE;DYNC1LI2;SKA2;SPDL1;RANGAP1;DYNC1I1;NUP98;NUP133;KIF2A;SGO1;KNTC1;DYNC1H1;NUP160;PPP2R5D;SPC24;BUB1B;XPO1;DYNC1I2;PPP2R5E;CKAP5;CENPN;PPP2CA
GSE46798_exposure_corrected	prerank	Amplification  of signal from unattached  kinetochores via a MAD2  inhibitory signal	-0.28650794851566364	-1.0260407009256363	0.4268689057421452	0.7092860267333662	1.0	28/93	25.97%	CENPI;CLIP1;RPS27;ZWINT;KNL1;NUF2;CENPE;DYNC1LI2;SKA2;SPDL1;RANGAP1;DYNC1I1;NUP98;NUP133;KIF2A;SGO1;KNTC1;DYNC1H1;NUP160;PPP2R5D;SPC24;BUB1B;XPO1;DYNC1I2;PPP2R5E;CKAP5;CENPN;PPP2CA
GSE46798_exposure_corrected	prerank	Specification of the neural plate border	-0.38897000955932093	-1.0257704286797946	0.46772068511198944	0.7091692147357803	1.0	6/17	22.70%	POU5F1;MSX1;GBX2;PAX7;SOX2;PAX3
GSE46798_exposure_corrected	prerank	Oncogene Induced Senescence	-0.3307221600208445	-1.0248210895480048	0.44538834951456313	0.7108262015035144	1.0	18/35	43.84%	ETS1;TNRC6C;RPS27A;AGO1;AGO3;UBC;MIR24-1;TP53;CDKN2D;TNRC6A;MDM4;TNRC6B;E2F3;TFDP2;E2F1;MAPK3;CDK4;ETS2
GSE46798_exposure_corrected	prerank	Mitochondrial unfolded protein response (UPRmt)	-0.3811833658483932	-1.0244231796244903	0.4447403462050599	0.7110966004511519	1.0	7/18	28.59%	DEFA5;SIRT3;CAT;NRF1;SOD2;HSF1;AKT1
GSE46798_exposure_corrected	prerank	ERKs are inactivated	-0.41344208052077047	-1.0242684729682392	0.45725915875169604	0.7107441569602124	1.0	10/13	42.53%	MAPK7;DUSP6;PPP2R5D;PPP2CA;PPP2R1A;DUSP4;DUSP7;DUSP3;MAPK3;PPP2R1B
GSE46798_exposure_corrected	prerank	Sensory perception of sweet, bitter, and umami (glutamate) taste	-0.33499554246617624	-1.0240501142588583	0.4511904761904762	0.7105110864254178	1.0	11/34	21.90%	SCN2A;TRPM4;SCN9A;GRM4;TAS2R8;TAS2R1;TAS2R43;CALHM3;GNB1;TAS2R40;CALHM1
GSE46798_exposure_corrected	prerank	Cholesterol biosynthesis via desmosterol (Bloch pathway)	-0.43968275380270755	-1.023731655649109	0.45722300140252453	0.7104938462081989	1.0	2/10	12.09%	HSD17B7;SC5D
GSE46798_exposure_corrected	prerank	TBC/RABGAPs	-0.32074581839776584	-1.0237001654747337	0.4548651817116061	0.7098245162772964	1.0	19/42	40.73%	RAB6A;TBC1D20;RABEP1;RAB6B;OPTN;GGA2;RAB11A;RAB7A;RAB33A;RABGAP1;RAB8B;TSC1;POLG;TBC1D16;TBC1D15;GABARAPL2;RAB5B;TBC1D10B;TBC1D17
GSE46798_exposure_corrected	prerank	Formation of tubulin folding intermediates by CCT/TriC	-0.3508337365699695	-1.0216484300864233	0.4334170854271357	0.7142668655621378	1.0	6/25	15.91%	TCP1;TUBA1A;TUBB4A;TUBA8;TUBB2B;TUBA3E
GSE46798_exposure_corrected	prerank	Formation of apoptosome	-0.4309168581794996	-1.0214805380680905	0.4559228650137741	0.7131808186564881	1.0	7/11	42.08%	UACA;APAF1;CARD8;AVEN;CASP9;CYCS;MAPK3
GSE46798_exposure_corrected	prerank	Regulation of the apoptosome activity	-0.4309168581794996	-1.0214805380680905	0.4559228650137741	0.7131808186564881	1.0	7/11	42.08%	UACA;APAF1;CARD8;AVEN;CASP9;CYCS;MAPK3
GSE46798_exposure_corrected	prerank	Mitochondrial Fatty Acid Beta-Oxidation	-0.32364418176634835	-1.0207358596331917	0.4296028880866426	0.7143133196412254	1.0	19/36	42.95%	MMAA;MCAT;ACAA2;ECHS1;ACOT2;DECR1;ACAD10;PCCA;ACOT12;ACAD11;ACSF2;ACOT9;PCTP;ACADM;THEM5;HADHA;ACADVL;MECR;NDUFAB1
GSE46798_exposure_corrected	prerank	Somatic hypermutation of immunoglobulin genes by error-prone mismatch repair (MMR)	-0.36092745856509756	-1.0206755353533747	0.4475703324808184	0.7137080110777249	1.0	6/22	18.66%	RPS27A;POLH;MSH2;RFC1;UBC;POLD3
GSE46798_exposure_corrected	prerank	Telomere Maintenance	-0.3023138076194285	-1.0199826529336122	0.4323699421965318	0.714740287979529	1.0	33/62	47.17%	ANKRD28;DSCC1;POLR2G;RFC1;NOP10;RUVBL2;DKC1;PIF1;PPP6C;RPA3;POLD3;TERF1;TERF2;NHP2;CCNA1;RPA1;POLA1;POLA2;WRN;RTEL1;POT1;BLM;DAXX;POLR2B;POLR2H;RFC4;ACD;RUVBL1;TEN1;POLR2K;TERF2IP;POLR2A;CCNA2
GSE46798_exposure_corrected	prerank	Transcription of E2F targets under negative control by p107 (RBL1) and p130 (RBL2) in complex with HDAC1	-0.39262893747448424	-1.0199542619947208	0.4464993394980185	0.7140533510609266	1.0	3/16	8.98%	LIN54;LIN52;E2F5
GSE46798_exposure_corrected	prerank	Signaling by moderate kinase activity BRAF mutants	-0.3171710237238884	-1.0197177966959898	0.4505882352941176	0.7116137378315442	1.0	18/44	35.52%	ARRB1;CNKSR2;MAP2K2;CAMK2D;KSR2;HRAS;CAMK2B;VCL;MAP3K11;MARK3;ARRB2;CNKSR1;FGA;CALM1;YWHAB;JAK2;FGG;CSK
GSE46798_exposure_corrected	prerank	Signaling by RAS mutants	-0.3171710237238884	-1.0197177966959898	0.4505882352941176	0.7116137378315442	1.0	18/44	35.52%	ARRB1;CNKSR2;MAP2K2;CAMK2D;KSR2;HRAS;CAMK2B;VCL;MAP3K11;MARK3;ARRB2;CNKSR1;FGA;CALM1;YWHAB;JAK2;FGG;CSK
GSE46798_exposure_corrected	prerank	Paradoxical activation of RAF signaling by kinase inactive BRAF	-0.3171710237238884	-1.0197177966959898	0.4505882352941176	0.7116137378315442	1.0	18/44	35.52%	ARRB1;CNKSR2;MAP2K2;CAMK2D;KSR2;HRAS;CAMK2B;VCL;MAP3K11;MARK3;ARRB2;CNKSR1;FGA;CALM1;YWHAB;JAK2;FGG;CSK
GSE46798_exposure_corrected	prerank	Signaling downstream of RAS mutants	-0.3171710237238884	-1.0197177966959898	0.4505882352941176	0.7116137378315442	1.0	18/44	35.52%	ARRB1;CNKSR2;MAP2K2;CAMK2D;KSR2;HRAS;CAMK2B;VCL;MAP3K11;MARK3;ARRB2;CNKSR1;FGA;CALM1;YWHAB;JAK2;FGG;CSK
GSE46798_exposure_corrected	prerank	Post-chaperonin tubulin folding pathway	-0.3600998161027444	-1.0189383434300052	0.46446700507614214	0.7128529210687822	1.0	5/22	15.91%	TUBA1A;TUBB4A;TUBA8;TUBB2B;TUBA3E
GSE46798_exposure_corrected	prerank	Stimuli-sensing channels	-0.28035650932106426	-1.018559932575158	0.4432314410480349	0.713062440724428	1.0	25/101	18.97%	SLC9C1;RPS27A;UNC80;CLIC2;TRPM4;MCOLN2;WNK1;BEST3;TPCN2;TTYH3;TRPV4;ANO4;WNK3;UNC79;TRPV5;UBC;TRPC1;TRPV2;SCNN1B;SGK3;CLCN3;SRI;ASPH;WWP1;RYR2
GSE46798_exposure_corrected	prerank	Mismatch repair (MMR) directed by MSH2:MSH6 (MutSalpha)	-0.3955362877984645	-1.0181046025880804	0.4330175913396482	0.7134318590564982	1.0	7/14	35.63%	MSH2;RPA3;POLD3;RPA1;MSH6;MLH1;PMS2
GSE46798_exposure_corrected	prerank	Regulation of PTEN mRNA translation	-0.37312300682021704	-1.0180056333889012	0.4735483870967742	0.7129335529033218	1.0	10/19	38.47%	TNRC6C;MIR25;AGO1;AGO3;PTEN;AGO2;MIR205;TNRC6A;MIR21;TNRC6B
GSE46798_exposure_corrected	prerank	FGFR2 alternative splicing	-0.3487392981461237	-1.0176096921611402	0.4434782608695652	0.7132307186604976	1.0	9/25	25.02%	POLR2G;HNRNPH1;GTF2F2;NCBP2;TIA1;HNRNPF;RBFOX2;PTBP1;TIAL1
GSE46798_exposure_corrected	prerank	Regulation of pyruvate metabolism	-0.33731818229419824	-1.0173895797158812	0.4528763769889841	0.713047754323811	1.0	25/33	49.30%	RPS27A;ME1;PDK1;PDK3;UBC;PDHA1;GID8;PDHA2;PKM;GSTZ1;PDHX;WDR26;PGAM5;MKLN1;PDK2;RMND5B;DLD;PDHB;DLAT;GID4;PDP2;ARMC8;PDP1;LDHA;UBA52
GSE46798_exposure_corrected	prerank	SLC-mediated transport of neurotransmitters	0.30162893715926264	1.017308107504686	0.38207547169811323	0.8570967185357529	1.0	8/21	13.96%	SLC6A7;SLC6A14;SLC17A8;SLC6A4;SLC6A20;SLC25A18;SLC17A6;SLC6A19
GSE46798_exposure_corrected	prerank	Nuclear import of Rev protein	-0.3314052319972944	-1.0168662455528819	0.4606205250596659	0.7136233127281199	1.0	20/33	45.55%	NUP35;NUP188;NUP88;NUP98;NUP133;NUP160;NUP93;KPNB1;NUP214;AAAS;POM121C;NUP37;NUP205;NUP62;RCC1;NUP107;NUP210;NUP155;NUP43;NUP58
GSE46798_exposure_corrected	prerank	Dengue virus activates/modulates innate and adaptive immune responses	-0.3459113995194685	-1.016735223455198	0.4640605296343001	0.7131960526213195	1.0	10/26	31.48%	CDC73;LEO1;C1S;VTN;C4B;C4BPA;HSP90AA1;MAVS;EXOC1;RBM10
GSE46798_exposure_corrected	prerank	TP53 regulates transcription of additional cell cycle genes whose exact role in the p53 pathway remain uncertain	-0.3780707769502818	-1.0163095933241406	0.46433203631647213	0.7134972666849595	1.0	10/19	40.61%	CNOT4;PLK3;TNKS1BP1;CNOT11;CNOT9;TP53;CNOT3;CNOT1;BTG2;CNOT7
GSE46798_exposure_corrected	prerank	Transport of the SLBP independent Mature mRNA	-0.33050698328462674	-1.016211224818883	0.45758661887694146	0.7130242867629354	1.0	19/34	45.55%	NUP35;NUP188;NUP88;NCBP2;NUP98;NUP133;NUP160;NUP93;NUP214;AAAS;POM121C;NUP37;NUP205;NUP62;NUP107;NUP210;NUP155;NUP43;NUP58
GSE46798_exposure_corrected	prerank	WNT5A-dependent internalization of FZD4	-0.39437270169833955	-1.0158009555588092	0.48226018396846254	0.7133194905008413	1.0	9/15	38.74%	PRKCB;PRKCA;AP2A1;ARRB2;PRKCG;AP2M1;CLTB;AP2A2;DVL2
GSE46798_exposure_corrected	prerank	Activation of NMDA receptors and postsynaptic events	-0.2843191037585864	-1.0156730991700023	0.46813186813186813	0.7128987787430999	1.0	38/92	32.75%	CREB1;ARHGEF7;NBEA;GRIA3;RPS6KA2;ADCY1;TUBA1A;TUBB4A;TUBA8;CAMK2D;LIN7A;TUBB2B;PRKAB2;GRIA4;GRIN2B;TUBA3E;CAMKK1;GRIA2;PRKAA1;PRKAR1A;GRIN2D;HRAS;PRKACB;CAMK2B;NEFL;NRG1;PPM1F;ADCY8;KIF17;DLG4;PDPK1;PRKAG1;ACTN2;CALM1;TUBA1B;DLG3;RAC1;GRIN2C
GSE46798_exposure_corrected	prerank	RUNX3 regulates p14-ARF	-0.4414966393390265	-1.0144055825241582	0.45234899328859063	0.7152539318410118	1.0	2/10	13.75%	HDAC4;CBFB
GSE46798_exposure_corrected	prerank	Maturation of nucleoprotein_9683610	-0.43564718821794235	-1.014315522016869	0.4633471645919779	0.7147212399225522	1.0	8/10	50.21%	PARP14;PARP4;GSK3B;PARP16;PARP9;SUMO1;UBE2I;PARP6
GSE46798_exposure_corrected	prerank	Signaling by EGFR in Cancer	-0.3500818374407394	-1.014306918333149	0.4497549019607843	0.7139981070292322	1.0	9/23	27.88%	RPS27A;EREG;UBC;HRAS;PIK3CA;PLCG1;CBL;HSP90AA1;PIK3R1
GSE46798_exposure_corrected	prerank	VLDLR internalisation and degradation	-0.3937873859089943	-1.014240154880119	0.4674634794156706	0.7134025741344434	1.0	4/16	16.11%	PCSK9;RPS27A;UBC;AP2A1
GSE46798_exposure_corrected	prerank	ADORA2B mediated anti-inflammatory cytokines production	-0.32009895510555264	-1.0140561594136628	0.46060606060606063	0.713127606023051	1.0	23/41	39.81%	ADCY9;GNAZ;CREB1;ADCY1;GNAI3;GNG5;GNG8;GNB1;GNGT2;PRKAR1A;PRKACB;ADCY8;GNAI2;GNAI1;ADCY7;GNB5;GNB4;GNG7;ADCY3;ADCY4;GNB2;PRKACA;GNG2
GSE46798_exposure_corrected	prerank	Gap-filling DNA repair synthesis and ligation in TC-NER	-0.2994340810950169	-1.0128991666062626	0.4557823129251701	0.7152075798527815	1.0	18/62	27.33%	RPS27A;POLR2G;GTF2H3;RFC1;CUL4B;XAB2;UBC;USP7;RPA3;POLD3;GTF2H5;RBX1;CUL4A;TCEA1;AQR;RPA1;XRCC1;POLE2
GSE46798_exposure_corrected	prerank	Metabolism of amino acids and derivatives	-0.25457285294438464	-1.0121557778227563	0.45336008024072216	0.7163327605132335	1.0	104/345	31.02%	HAL;RPS28;ACMSD;HYKK;RPS4Y1;TPO;SLC25A10;DIO1;NNMT;RPS27;RPS27A;RPS12;RPS15;MTAP;RPL18;TSTD1;DUOX1;RPL24;RPL5;OAZ1;HNMT;CARNMT1;RPL23;PSMD14;RPL6;PSMA4;AASS;GLS;PSMC5;MTR;CDO1;SLC7A5;ASRGL1;TMLHE;RPS4X;RPL10A;PSMD1;PSMC3;FTCD;SERINC1;NAALAD2;PAPSS1;BCAT1;RPL32;TSHB;RPL7;CRYM;ALDH7A1;PHYKPL;PRODH2;RPS11;RPL17;SERINC5;MTRR;RPL37;PSMA3;RPL21;ACAT1;ECHS1;DBT;PSMB2;MCCC1;RPL36A;RPL36AL;GLS2;RIMKLB;GRHPR;CKMT1A;PSMB7;RPLP2;SERINC3;PSMB4;CRAT;GCDH;PCBD1;RPL11;PHGDH;AADAT;CKM;RPL9;PSMD11;OAZ2;RIDA;KYAT3;NMRAL1;PSMD13;GATM;PSMA5;SDSL;ADRM1;PSMA6;PSMA2;GSTZ1;RPS8;RPS23;SRR;EEFSEC;SLC25A13;PSMC6;RPS13;RPS20;AMD1;ASNS;PSMD2
GSE46798_exposure_corrected	prerank	G alpha (i) signalling events	-0.2557537483933709	-1.0117474496745307	0.47963340122199594	0.7165766149382659	1.0	89/299	28.34%	ADCY9;CXCL16;PDE4C;GNAZ;SSTR2;CREB1;OPRD1;CXCL9;LPAR5;CCR4;GRM7;CCL28;CCR6;MCHR2;SAA1;RLN3;NBEA;CNR1;CCL5;GNAQ;RGS4;RGS17;CCR5;PPBP;PPP3CB;GABBR2;GRM4;TAS2R8;ADCY1;GRM3;GNAI3;CCR1;HRH4;GNAT2;GNG5;C5AR1;TAS2R1;PRKCA;CAMK2D;NPY5R;KNG1;CCR10;CXCR2;PDE1A;RGS5;SSTR1;GNG8;TAS2R43;LPAR2;HTR5A;GNB1;CCR9;ADRA2B;CXCR5;GNGT2;INSL5;CAMKK1;CXCR3;CXCL12;PDE4A;PPP2R5D;PPP3R1;PRKAR1A;PRKACB;CAMK2B;TAS2R40;SSTR4;RGS19;ADCY8;RRH;CCL16;PDE1B;RGS21;HCAR3;RGS11;NPY2R;OPRL1;GNAI2;S1PR4;PPP2CA;GRM2;GPR183;CCL25;RGS12;ADRA2A;AGT;GNAI1;PPP3CA;OPN1LW
GSE46798_exposure_corrected	prerank	COPII-mediated vesicle transport	-0.29184807979017974	-1.0109636171341516	0.46756152125279643	0.7177200519705546	1.0	30/67	39.25%	CNIH3;ANKRD28;TBC1D20;CTSC;LMAN1;NSF;SEC23IP;TRAPPC6B;TRAPPC3;SCFD1;CNIH2;PPP6C;SEC22B;TRAPPC2;SEC31B;LMAN2;SEC24B;NAPB;TRAPPC9;TMED2;USO1;RAB1A;BET1;SEC24A;GORASP1;MCFD2;SEC22A;SEC23A;GOLGA2;GRIA1
GSE46798_exposure_corrected	prerank	Constitutive Signaling by Ligand-Responsive EGFR Cancer Variants	-0.36680881452873	-1.0109186637745091	0.4706616729088639	0.7163586103462933	1.0	8/19	27.88%	RPS27A;UBC;HRAS;PIK3CA;PLCG1;CBL;HSP90AA1;PIK3R1
GSE46798_exposure_corrected	prerank	Signaling by Ligand-Responsive EGFR Variants in Cancer	-0.36680881452873	-1.0109186637745091	0.4706616729088639	0.7163586103462933	1.0	8/19	27.88%	RPS27A;UBC;HRAS;PIK3CA;PLCG1;CBL;HSP90AA1;PIK3R1
GSE46798_exposure_corrected	prerank	Mitotic Prometaphase	-0.26315384011670157	-1.0109171367353202	0.4670781893004115	0.7156196674014743	1.0	93/196	42.53%	NINL;CENPI;CLIP1;RPS27;ZWINT;HAUS2;KNL1;NEK6;NUF2;YWHAG;CENPE;STAG2;CEP152;DYNC1LI2;SKA2;NEK7;CEP63;SPDL1;RANGAP1;TUBA1A;PCNT;TUBB4A;TUBA8;DYNC1I1;NUP98;NUMA1;NUP133;TUBB2B;KIF2A;CEP164;DCTN2;TUBA3E;SGO1;KNTC1;DYNC1H1;NUP160;PPP2R5D;SPC24;BUB1B;CEP76;XPO1;DYNC1I2;PPP2R5E;CKAP5;CEP70;CENPN;PDS5B;CEP192;RAD21;PPP2CA;CEP41;CETN2;HSP90AA1;CENPP;NME7;OFD1;TUBGCP4;CEP57;PPP2R1A;DYNLL1;TUBA1B;NSL1;NUP37;CDK1;PLK4;DCTN1;EML4;PAFAH1B1;CLASP1;SGO2;CENPH;PCM1;BUB3;ODF2;CSNK2A2;CEP131;NDEL1;CCP110;PRKACA;HAUS7;CCNB2;NUP107;HAUS1;DSN1;INCENP;ACTR1A;SMC3;TUBGCP2;NDC80;CDK5RAP2;CEP290;CENPF;PPP2R1B
GSE46798_exposure_corrected	prerank	NEP/NS2 Interacts with the Cellular Export Machinery	-0.3338460863200258	-1.0106839676205281	0.46265060240963857	0.7154630288523717	1.0	19/31	45.55%	NUP35;NUP188;NUP88;NUP98;NUP133;NUP160;NUP93;XPO1;NUP214;AAAS;POM121C;NUP37;NUP205;NUP62;NUP107;NUP210;NUP155;NUP43;NUP58
GSE46798_exposure_corrected	prerank	Molecules associated with elastic fibres	-0.32527490518146607	-1.0101055121096527	0.4651442307692308	0.7161539957181636	1.0	10/37	22.85%	TGFB3;FBLN5;FBN3;ITGB8;VTN;TGFB2;BMP2;MFAP2;EMILIN3;FBN1
GSE46798_exposure_corrected	prerank	Chylomicron assembly	0.3806776150318094	1.0089089360640822	0.4205298013245033	0.8752004418820235	1.0	10/10	61.95%	APOC3;APOC2;APOE;APOB;SAR1B;P4HB;MTTP;APOA1;APOA2;APOA4
GSE46798_exposure_corrected	prerank	Class C/3 (Metabotropic glutamate/pheromone receptors)	-0.32984460799158366	-1.0084176961835565	0.4669867947178872	0.7195500825384521	1.0	8/32	14.04%	GRM7;GABBR2;GRM4;TAS2R8;GRM3;GPRC6A;TAS2R1;TAS2R43
GSE46798_exposure_corrected	prerank	Signaling by ERBB4	-0.29842084057961077	-1.007858254151112	0.4660633484162896	0.7201917257644549	1.0	23/57	36.14%	GABRB3;RPS27A;ITCH;NEDD4;EREG;STMN1;ADAM17;UBC;CXCL12;WWP1;HRAS;PSENEN;PIK3CA;NRG1;GFAP;PIK3R1;DLG4;NRG3;WWOX;GABRB2;GABRA1;PSEN2;SHC1
GSE46798_exposure_corrected	prerank	Activation of BAD and translocation to mitochondria	-0.3882334970673621	-1.0062872549798356	0.4697173620457604	0.723351873330332	1.0	8/15	32.04%	YWHAG;YWHAQ;YWHAH;PPP3R1;AKT3;AKT1;BCL2;YWHAB
GSE46798_exposure_corrected	prerank	PD-L1(CD274) glycosylation and translocation to plasma membrane	-0.3675678382250517	-1.004861357186759	0.46134020618556704	0.7260890813849162	1.0	4/19	15.92%	MAGT1;RPS27A;STT3B;UBC
GSE46798_exposure_corrected	prerank	Transport of connexons to the plasma membrane	-0.37179939493762687	-1.0034102931050703	0.4836173001310616	0.7289578970229172	1.0	5/19	15.91%	TUBA1A;TUBB4A;TUBA8;TUBB2B;TUBA3E
GSE46798_exposure_corrected	prerank	Gastrulation	-0.27409130423055444	-1.0024722659409135	0.4719222462203024	0.7304467523638217	1.0	37/114	28.52%	IHH;SMAD3;LHX1;POU5F1;MAMLD1;FOXC2;LFNG;PSMD14;PSMA4;POU3F1;PSMC5;PAX8;CREBBP;FOXA1;MSX1;PSMD1;PSMC3;PSMA3;KAT2B;GBX2;PSMB2;PAX7;SOX2;OCLN;TRIM33;PSMB7;PAX6;SNW1;PAX3;PSMB4;GATA6;PSMD11;PSMD13;PSMA5;ADRM1;PSMA6;PSMA2
GSE46798_exposure_corrected	prerank	Signaling by NTRKs	-0.2678631790547398	-1.0022244628421764	0.4742489270386266	0.7302870886571396	1.0	63/134	42.82%	ID2;FYN;CREB1;KIDINS220;DOCK3;NAB1;MAPK7;RPS6KA2;RAPGEF1;MAP2K2;VGF;EGR4;PCSK6;PTPN11;GRIN2B;AP2A1;DUSP6;FRS3;PPP2R5D;RHOA;NTRK3;HRAS;CHD4;NAB2;MAPKAPK3;PIK3CB;DNM3;PIK3CA;PLCG1;TRIB1;NTRK2;RALA;PCSK5;PPP2CA;DNM1;PIK3R1;ID4;PPP2R1A;RIT2;YWHAB;PIK3R2;RAC1;DUSP4;MEF2C;AP2M1;CDK5R1;NTRK1;TCF12;AP2A2;SHC1;ASCL1;DUSP7;RPS6KA3;MEF2A;DUSP3;SH3GL2;SRF;RRAD;RALGDS;MAPK3;PPP2R1B;CDK5R2;GRB2
GSE46798_exposure_corrected	prerank	Phospholipase C-mediated cascade; FGFR4	0.3178140770733175	1.0021112021304655	0.38910505836575876	0.8880601935802935	1.0	5/15	16.90%	FGF2;FGF20;FGF19;FGF6;FGFR4
GSE46798_exposure_corrected	prerank	Pyruvate metabolism	-0.3091268438174788	-1.0008674852565362	0.4770857814336075	0.7328518373112448	1.0	29/49	45.23%	RPS27A;LDHB;ME1;PDK1;PDK3;UBC;PDHA1;ME2;GID8;PDHA2;VDAC1;PKM;PKLR;GSTZ1;PDHX;WDR26;PGAM5;MKLN1;LDHAL6B;PDK2;RMND5B;LDHAL6A;FAHD1;DLD;PDHB;DLAT;GID4;PDP2;ARMC8
GSE46798_exposure_corrected	prerank	Incretin synthesis, secretion, and inactivation	-0.3550599316526673	-0.9997759539958756	0.4675984752223634	0.7347204455921718	1.0	11/22	27.90%	LEP;ISL1;FFAR1;GIP;SPCS2;GNB1;GCG;PCSK1;PAX6;SEC11A;SEC11C
GSE46798_exposure_corrected	prerank	Negative epigenetic regulation of rRNA expression	-0.30864154645053776	-0.9989058417258404	0.45528455284552843	0.7361063289842054	1.0	28/46	46.46%	SUDS3;SMARCA5;TAF1A;GTF2H3;TAF1D;HDAC2;DNMT3B;UBTF;RRP8;GTF2H5;POLR1C;SAP18;POLR1E;SAP30L;TBP;CCNH;GTF2H1;MNAT1;POLR1B;POLR1D;TAF1C;POLR2H;ARID4B;POLR2K;POLR1A;ERCC2;HDAC1;DNMT1
GSE46798_exposure_corrected	prerank	Synthesis of bile acids and bile salts	-0.3281303547072017	-0.9987617936054154	0.47635933806146574	0.7356796049879611	1.0	16/33	36.67%	AKR1D1;AKR1C4;HSD17B4;CYP7B1;OSBPL3;AKR1C2;NCOA2;CYP7A1;ABCD3;OSBPL6;NR1H4;SCP2;OSBP;CYP46A1;OSBPL7;OSBPL9
GSE46798_exposure_corrected	prerank	Somatic hypermutation of immunoglobulin genes by error-prone base excision repair (BER)	-0.3654785517534277	-0.9986746586006706	0.4640102827763496	0.7351542701871757	1.0	5/19	18.66%	RPS27A;POLH;RFC1;UBC;POLD3
GSE46798_exposure_corrected	prerank	NR1H2 and NR1H3-mediated signaling	-0.3029445007111457	-0.998216057509317	0.4876325088339223	0.7355762622435797	1.0	24/52	41.94%	TNRC6C;HDAC3;AGO1;KDM3A;ABCA1;AGO3;APOC1;PLIN1;TBL1XR1;NCOR2;NRIP1;KDM4A;AGO2;FABP6;APOC4;MIR613;NR1H3;TNRC6A;KDM1A;UGT1A3;TNRC6B;CETP;RXRA;NCOR1
GSE46798_exposure_corrected	prerank	Nuclear events mediated by NFE2L2	-0.28092780358732233	-0.9980591915035683	0.48156424581005586	0.7352020958769256	1.0	31/82	31.02%	CHD6;RPS27A;BCL2L1;PSMD14;PSMA4;PSMC5;CREBBP;G6PD;MYC;PSMD1;PSMC3;ME1;UBC;MAFG;PSMA3;PSMB2;SKP1;RBX1;PSMB7;PSMB4;GSK3B;IDH1;PSMD11;PSMD13;PSMA5;ADRM1;PSMA6;PSMA2;PSMC6;BCL2;PSMD2
GSE46798_exposure_corrected	prerank	Base-Excision Repair, AP Site Formation	-0.3690593492716747	-0.9980122045829667	0.4728682170542636	0.734576434919975	1.0	4/17	20.13%	MBD4;TERF1;SMUG1;TERF2
GSE46798_exposure_corrected	prerank	Glucagon-type ligand receptors	-0.3262663005551685	-0.9976223893100233	0.4833948339483395	0.7348232685765269	1.0	15/32	36.95%	SCT;GIP;GNG5;GNG8;GLP1R;GNB1;GNGT2;GCG;VIP;GHRHR;SCTR;GNB5;GNB4;GNG7;GNB2
GSE46798_exposure_corrected	prerank	Thromboxane signalling through TP receptor	-0.3498632001024112	-0.9973552064840588	0.5083870967741936	0.7346930631410679	1.0	6/24	16.56%	GNAQ;GNA13;GNG5;GNG8;GNB1;GNGT2
GSE46798_exposure_corrected	prerank	NS1 Mediated Effects on Host Pathways	-0.312509686675194	-0.9970001335192071	0.4865810968494749	0.7348522254249373	1.0	28/42	49.54%	NUP35;NUP188;NUP88;NUP98;GBP1;NUP133;NUP160;NUP93;KPNB1;EIF2AK2;NUP214;KPNA3;PABPN1;AAAS;POM121C;NUP37;NUP205;NUP62;NUP107;NUP210;CPSF4;NUP155;NUP43;NUP58;KPNA2;KPNA7;KPNA1;NUP153
GSE46798_exposure_corrected	prerank	Mitochondrial RNA degradation	-0.43198175076625156	-0.9961382665699267	0.4901129943502825	0.7361716813969177	1.0	2/10	8.25%	PNPT1;FASTK
GSE46798_exposure_corrected	prerank	Response of EIF2AK1 (HRI) to heme deficiency	0.30751775848460944	0.9961176056182404	0.4409448818897638	0.8987276750895304	1.0	15/15	69.27%	ATF3;PPP1R15A;DDIT3;ATF4;CEBPG;CEBPB;EIF2S3;TRIB3;EIF2S2;EIF2S1;ATF5;EIF2AK1;GRB10;ASNS;CHAC1
GSE46798_exposure_corrected	prerank	NoRC negatively regulates rRNA expression	-0.30967932793307884	-0.9945851422643343	0.477751756440281	0.739172399503753	1.0	27/43	46.46%	SUDS3;SMARCA5;TAF1A;GTF2H3;TAF1D;HDAC2;DNMT3B;UBTF;GTF2H5;POLR1C;SAP18;POLR1E;SAP30L;TBP;CCNH;GTF2H1;MNAT1;POLR1B;POLR1D;TAF1C;POLR2H;ARID4B;POLR2K;POLR1A;ERCC2;HDAC1;DNMT1
GSE46798_exposure_corrected	prerank	p75NTR signals via NF-kB	-0.3806840760691448	-0.9941188600617317	0.49024707412223667	0.739525855806202	1.0	3/16	15.92%	RPS27A;TRAF6;UBC
GSE46798_exposure_corrected	prerank	Cell-extracellular matrix interactions	-0.3664026704076703	-0.9941142389130565	0.4844961240310077	0.738794281271013	1.0	10/18	44.14%	FBLIM1;ARHGEF6;PARVA;FLNA;ACTN1;PXN;ITGB1;FERMT2;ILK;TESK1
GSE46798_exposure_corrected	prerank	Signaling by Nuclear Receptors	-0.25341415933308675	-0.9937466345839026	0.5167853509664293	0.7389057390030127	1.0	103/237	36.95%	KDM4B;CYP26B1;PPARD;CREB1;TNRC6C;EREG;RARB;HDAC3;KCTD6;POLR2G;STAG2;AGO1;KDM3A;ALDH1A1;GTF2F2;CREBBP;CCNT1;PTGES3;GNAI3;PTK2;KAT5;GNG5;MYC;FOXA1;STRN;ABCA1;AGO3;APOC1;PLIN1;FABP5;NCOA3;TBL1XR1;GNG8;NCOR2;CBFB;PDK1;TFF1;GNB1;PDK3;UHMK1;NCOA2;CXXC5;ZNF217;GNGT2;DDX5;CXCL12;KAT2B;HRAS;GTF2A1;PDHA1;XPO1;PIK3CA;MED1;SPHK1;MMP2;NRIP1;ZDHHC7;YY1;CHD1;CARM1;KDM4A;AGO2;GNAI2;PDHA2;RAD21;FABP6;CRABP2;HSP90AA1;PIK3R1;GNAI1;AKT3;ALDH8A1;AKT1;FKBP4;PDHX;APOC4;PDPK1;RXRG;CALM1;BCL2;GNB5;POU2F1;MIR613;MMP9;PIK3R2;CRABP1;CDKN1B;PDK2;TBP;FKBP5;MMP3;GTF2A2;NR1H3;GNB4;GNG7;TNRC6A;SHC1;CAV2;KDM1A;CCND1;UGT1A3;DHRS3;GNB2
GSE46798_exposure_corrected	prerank	CREB1 phosphorylation through NMDA receptor-mediated activation of RAS signaling	-0.3382095703824325	-0.9931850520347564	0.4824120603015075	0.7395286638680733	1.0	13/28	30.98%	CREB1;RPS6KA2;CAMK2D;GRIN2B;GRIN2D;HRAS;CAMK2B;NEFL;DLG4;PDPK1;ACTN2;CALM1;DLG3
GSE46798_exposure_corrected	prerank	Glucose metabolism	-0.28039323615947415	-0.993114030156777	0.49404117009750814	0.7389721747166992	1.0	28/81	31.57%	NUP35;HK2;NUP188;NUP88;PFKFB3;HKDC1;NUP98;PFKFB4;NUP133;ENO1;ALDOB;NUP160;PPP2R5D;PGM2L1;PRKACB;ALDOC;NUP93;ENO2;PFKM;HK1;PPP2CA;NUP214;PKM;PKLR;AAAS;PPP2R1A;POM121C;GCK
GSE46798_exposure_corrected	prerank	ATF4 activates genes in response to endoplasmic reticulum  stress	0.2890382709171424	0.9927557232231543	0.43617021276595747	0.9005417865518909	1.0	4/26	5.87%	CCL2;ATF3;EXOSC8;ATF6
GSE46798_exposure_corrected	prerank	Signaling by FGFR2 IIIa TM	-0.36360345118868664	-0.992747283647112	0.48578811369509045	0.739116167354284	1.0	4/19	12.37%	POLR2G;GTF2F2;NCBP2;FGF1
GSE46798_exposure_corrected	prerank	GRB2:SOS provides linkage to MAPK signaling for Integrins	0.31972076088122975	0.9923517160069292	0.4041666666666667	0.8930950508826759	1.0	3/15	12.62%	VWF;SOS1;TLN1
GSE46798_exposure_corrected	prerank	mRNA Capping	-0.33338104047639155	-0.9921877446399261	0.4824242424242424	0.739698665504843	1.0	15/29	46.57%	POLR2G;GTF2F2;NCBP2;GTF2H3;GTF2H5;RNMT;RNGTT;CCNH;GTF2H1;MNAT1;POLR2B;POLR2H;POLR2K;ERCC2;POLR2A
GSE46798_exposure_corrected	prerank	NFE2L2 regulating tumorigenic genes	-0.4233859938505199	-0.9921207480127577	0.5125348189415042	0.7391234634379881	1.0	2/10	8.80%	BCL2L1;CREBBP
GSE46798_exposure_corrected	prerank	Transcriptional Regulation by NPAS4	-0.32329430954355515	-0.9918186345185117	0.5049751243781094	0.7391180658521147	1.0	7/33	16.12%	TNRC6C;ARNT2;AGO1;CREBBP;AGO3;NAMPT;RET
GSE46798_exposure_corrected	prerank	Transport of the SLBP Dependant Mature mRNA	-0.3194918586636092	-0.989922270890972	0.4970414201183432	0.7429767139532691	1.0	19/35	45.55%	NUP35;NUP188;NUP88;NCBP2;NUP98;NUP133;NUP160;NUP93;NUP214;AAAS;POM121C;NUP37;NUP205;NUP62;NUP107;NUP210;NUP155;NUP43;NUP58
GSE46798_exposure_corrected	prerank	Acyl chain remodelling of PS	-0.36288588284460943	-0.989413240314007	0.5057618437900128	0.7434363420609122	1.0	8/19	28.93%	PLA2G2D;LPCAT4;PLA2G12A;OSBPL5;PLA2G5;OSBPL10;OSBPL8;PLA2G10
GSE46798_exposure_corrected	prerank	Mitotic Spindle Checkpoint	-0.27136451322832406	-0.9893401651420506	0.4946004319654428	0.7428703031969771	1.0	29/110	22.60%	CENPI;CLIP1;RPS27;ZWINT;KNL1;UBE2D1;NUF2;CENPE;DYNC1LI2;SKA2;SPDL1;RANGAP1;DYNC1I1;NUP98;NUP133;KIF2A;SGO1;KNTC1;DYNC1H1;NUP160;PPP2R5D;SPC24;BUB1B;XPO1;CDC26;ANAPC4;DYNC1I2;ANAPC15;PPP2R5E
GSE46798_exposure_corrected	prerank	SHC-mediated cascade:FGFR4	0.2909652646640366	0.9892699196503781	0.4372093023255814	0.8950914733007378	1.0	6/20	16.90%	FGF2;FGF20;SOS1;FGF19;FGF6;FGFR4
GSE46798_exposure_corrected	prerank	LDL clearance	-0.36465180462100577	-0.9891594316637956	0.4833759590792839	0.7425277124164207	1.0	8/19	35.89%	PCSK9;LDLR;LSR;AP2A1;LIPA;SOAT2;AP2M1;AP2A2
GSE46798_exposure_corrected	prerank	XBP1(S) activates chaperone genes	-0.30587463224248274	-0.98863959003052	0.479020979020979	0.7430223730630108	1.0	17/45	36.14%	FKBP14;ADD1;SRPRA;HYOU1;EXTL2;TPP1;CUL7;TATDN2;EDEM1;XBP1;WFS1;DNAJB11;SSR1;PDIA6;DNAJB9;DCTN1;SHC1
GSE46798_exposure_corrected	prerank	TNFR1-induced proapoptotic signaling	-0.33548098297928625	-0.9870787765297225	0.49063670411985016	0.7460486163830959	1.0	7/24	20.09%	BIRC3;TNFAIP3;RBCK1;OPTN;BIRC2;TBK1;CYLD
GSE46798_exposure_corrected	prerank	Non-integrin membrane-ECM interactions	-0.2788137628016835	-0.9862450849377318	0.49382716049382713	0.7472882034763637	1.0	22/79	27.01%	COL11A1;SDC1;UTRN;LAMA5;NTN4;LAMC1;THBS1;LAMC3;SNTB1;COL1A2;PRKCA;SGCD;VTN;SNTB2;NRXN1;COL3A1;ACTC1;ACTN1;LAMA2;LAMC2;COL4A4;COL4A2
GSE46798_exposure_corrected	prerank	PKA activation	-0.35980953506231733	-0.986062524058387	0.4779220779220779	0.7469721111825631	1.0	11/17	38.75%	ADCY9;NBEA;ADCY1;PRKAR1A;PRKACB;ADCY8;ADCY7;CALM1;ADCY3;ADCY4;PRKACA
GSE46798_exposure_corrected	prerank	Insertion of tail-anchored proteins into the endoplasmic reticulum membrane	-0.3555325261400587	-0.9856132090737442	0.5019505851755527	0.7473108151947522	1.0	15/20	52.37%	EMD;ALDH3A2;VAMP2;SGTA;BAG6;SEC61G;CAMLG;SEC61B;STX1A;APP;UBE2J2;OTOF;STX5;SERP1;PRNP
GSE46798_exposure_corrected	prerank	Export of Viral Ribonucleoproteins from Nucleus	-0.325482519849717	-0.9855767691143332	0.5072289156626506	0.7466575167656186	1.0	19/32	45.55%	NUP35;NUP188;NUP88;NUP98;NUP133;NUP160;NUP93;XPO1;NUP214;AAAS;POM121C;NUP37;NUP205;NUP62;NUP107;NUP210;NUP155;NUP43;NUP58
GSE46798_exposure_corrected	prerank	Glycosaminoglycan metabolism	-0.26437394147913207	-0.9854566818095445	0.5127659574468085	0.7461979047455944	1.0	49/135	32.20%	CHPF2;B3GAT1;NDST4;ST3GAL1;SDC1;GALNS;HS3ST3A1;HS2ST1;CHP1;CHST14;HYAL1;KERA;GPC5;EXT2;HMMR;XYLT1;CHST15;CHST1;B3GNT4;PAPSS1;CHSY3;SLC35B3;HS6ST2;GLB1L3;CHST12;HGSNAT;HS6ST1;SLC9A1;GPC2;EXTL2;UXS1;B4GALT5;GPC1;ABCC5;VCAN;CHSY1;ST3GAL3;XYLT2;HYAL3;B3GALT6;B3GNT3;NDST2;FAM20B;SLC26A11;CHST3;ARSB;ACAN;GPC4;NAGLU
GSE46798_exposure_corrected	prerank	Platelet homeostasis	-0.2771523416733969	-0.9852732276466647	0.5016910935738444	0.7458484317554706	1.0	34/83	36.95%	ORAI2;ATP2B1;KCNMB3;P2RX7;PECAM1;FGR;ATP2A2;GNG5;STIM1;PDE1A;GNG8;PTPN11;GNB1;SLC8A3;PDE10A;GNGT2;SRI;PPP2R5D;SLC8A2;PPP2R5E;PDE1B;PTGIR;KCNMB2;PPP2CA;PPP2R1A;CALM1;GNB5;LRP8;KCNMB4;NOS1;GNB4;GNG7;P2RX6;GNB2
GSE46798_exposure_corrected	prerank	Gene Silencing by RNA	-0.29886800736815716	-0.9851764009053824	0.5097813578826237	0.7453286218729224	1.0	23/50	41.57%	TDRD1;TNRC6C;POLR2G;AGO1;TDRKH;AGO3;DGCR8;HENMT1;XPO5;AGO2;HSP90AA1;TDRD12;PRKRA;ASZ1;DICER1;ANG;TNRC6A;TNRC6B;DROSHA;TSNAX;POLR2B;POLR2H;PLD6
GSE46798_exposure_corrected	prerank	Polo-like kinase mediated events	-0.3808053981030305	-0.9847382720996601	0.5133333333333333	0.7456326854676597	1.0	3/16	9.13%	LIN54;LIN52;WEE1
GSE46798_exposure_corrected	prerank	Formation of the posterior neural plate	-0.42137920474282836	-0.9844999765522261	0.5020519835841313	0.7454575884133198	1.0	3/10	19.85%	POU3F1;GBX2;SOX2
GSE46798_exposure_corrected	prerank	Formation of paraxial mesoderm	-0.29526422463155666	-0.9826823681712842	0.5081585081585082	0.7490887211581948	1.0	22/56	31.02%	MAMLD1;LFNG;PSMD14;PSMA4;PSMC5;CREBBP;PSMD1;PSMC3;PSMA3;KAT2B;PSMB2;PSMB7;SNW1;PSMB4;PSMD11;PSMD13;PSMA5;ADRM1;PSMA6;PSMA2;PSMC6;PSMD2
GSE46798_exposure_corrected	prerank	Postmitotic nuclear pore complex (NPC) reformation	-0.3345711196274804	-0.9815524636409866	0.5156838143036386	0.7509673591520035	1.0	8/27	22.24%	NUP35;NUP188;RANGAP1;NUP98;NUP133;NUP160;NUP93;KPNB1
GSE46798_exposure_corrected	prerank	TICAM1-dependent activation of IRF3/IRF7	-0.39327280196100434	-0.9811259826827465	0.4986376021798365	0.7512218746426338	1.0	6/13	30.84%	RPS27A;OPTN;UBC;TBK1;TANK;TICAM1
GSE46798_exposure_corrected	prerank	GPCR ligand binding	-0.2450634171642804	-0.9810663983151987	0.5612449799196787	0.7506289216487209	1.0	87/437	17.51%	GPHA2;QRFPR;CXCL16;RAMP2;PROK2;IHH;SSTR2;OPRD1;CXCL9;LPAR5;XCL1;CCR4;ADRB2;CRHR1;GRM7;CCL28;CYSLTR1;CCR6;HCRTR1;MCHR2;SAA1;ADGRE5;RLN3;CNR1;PTAFR;CCL5;SCT;CCR5;GNRH1;PPBP;UTS2;FFAR1;TAAR6;GABBR2;C5AR2;CHRM3;GRM4;TAS2R8;EDNRA;GRM3;CCR1;WNT4;HRH4;TACR1;GIP;GNG5;P2RY2;WNT1;GPRC6A;C5AR1;TAS2R1;NPY5R;KNG1;TAAR5;CCR10;EDN2;CXCR2;P2RY6;TSHB;AVP;SSTR1;GNG8;WNT16;TAC3;TAS2R43;LPAR2;GLP1R;UCN2;MLNR;HTR5A;DHH;GNB1;CCR9;MAS1;EDN3;HTR7;WNT2;ADRA2B;CXCR5;NPSR1;PTH;GNGT2;INSL5;S1PR1;CXCR3;CCRL2;CXCL12
GSE46798_exposure_corrected	prerank	Initial triggering of complement	0.2903849332926097	0.9808503350425637	0.4669811320754717	0.9131647383772763	1.0	4/21	8.14%	MASP2;C1QC;C1QB;C3
GSE46798_exposure_corrected	prerank	Developmental Cell Lineages	0.2553225929200773	0.9803499016223322	0.48292682926829267	0.9063828709478041	1.0	4/33	2.29%	IFNG;FGF2;COL27A1;COL5A3
GSE46798_exposure_corrected	prerank	G alpha (12/13) signalling events	-0.2789705446805538	-0.9801749545994028	0.5330347144456887	0.7519815809225434	1.0	32/79	35.78%	ROCK2;VAV1;ABR;ARHGEF7;PREX1;VAV3;FGD3;GNA13;GNG5;GNG8;ARHGEF6;GNB1;ARHGEF12;GNGT2;RHOB;ARHGEF1;ROCK1;RHOA;ARHGEF37;FGD4;ARHGEF35;VAV2;ADRA1A;PLXNB1;GNB5;TRIO;FGD1;RHOC;TIAM2;GNB4;KALRN;GNG7
GSE46798_exposure_corrected	prerank	Insulin processing	-0.34346959132427823	-0.9800722443895942	0.5218476903870163	0.7514952297476248	1.0	11/24	31.87%	EXOC7;KIF5C;MYO5A;EXOC4;PCSK1;VAMP2;KIF5A;KIF5B;CPE;EXOC1;INS
GSE46798_exposure_corrected	prerank	Regulation of TLR by endogenous ligand	0.2956073972480143	0.9797261908219342	0.5022026431718062	0.8999984813606833	1.0	7/18	18.18%	S100A8;SFTPA1;LY96;LBP;TLR4;TLR7;S100A1
GSE46798_exposure_corrected	prerank	Phospholipid metabolism	-0.2529037069209743	-0.9792188109552156	0.5385416666666667	0.7528464708558024	1.0	77/199	33.49%	MIGA1;PIK3C3;PLB1;INPP5F;MBOAT2;PLA2G2D;GDPD1;SLC44A4;SYNJ2;PIK3C2A;CPNE1;AGK;PTPN13;PIK3CD;PIP4K2A;MTMR2;SACM1L;CPNE7;CDIPT;SBF2;PIP5K1B;LPCAT4;PLEKHA2;GPCPD1;AGPAT1;PIK3CG;MTMR6;GDPD3;ACHE;PLA2G4C;AWAT2;DDHD2;PLA2G12A;PLEKHA1;PLEKHA6;OSBPL5;OCRL;ARF3;INPP4A;SBF1;MTMR10;PNPLA6;PLA2G5;PLBD1;PITPNM1;CEPT1;PIK3CB;PIK3CA;PTEN;CHKA;ETNK1;PI4K2B;PIK3R4;PLEKHA5;LIPH;PLD1;PGS1;BCHE;PIP4K2C;OSBPL10;OSBPL8;PIKFYVE;PIK3R1;MTMR4;PLA2G10;AGPAT4;INPP5E;INPP5J;AGPAT5;PNPLA3;PEMT;PNPLA7;PIK3R2;PIK3C2B;CPNE3;GPAT2;DGAT1
GSE46798_exposure_corrected	prerank	Class A/1 (Rhodopsin-like receptors)	-0.247176488188335	-0.9785600026738935	0.5612968591691996	0.7536194715431869	1.0	61/315	17.51%	GPHA2;QRFPR;CXCL16;PROK2;SSTR2;OPRD1;CXCL9;LPAR5;XCL1;CCR4;ADRB2;CCL28;CYSLTR1;CCR6;HCRTR1;MCHR2;SAA1;RLN3;CNR1;PTAFR;CCL5;CCR5;GNRH1;PPBP;UTS2;FFAR1;TAAR6;C5AR2;CHRM3;EDNRA;CCR1;HRH4;TACR1;P2RY2;C5AR1;NPY5R;KNG1;TAAR5;CCR10;EDN2;CXCR2;P2RY6;TSHB;AVP;SSTR1;TAC3;LPAR2;MLNR;HTR5A;CCR9;MAS1;EDN3;HTR7;ADRA2B;CXCR5;NPSR1;INSL5;S1PR1;CXCR3;CCRL2;CXCL12
GSE46798_exposure_corrected	prerank	RNA Polymerase II Transcription Initiation	-0.3010029417912092	-0.9782608486887511	0.5035545023696683	0.7499274302664953	1.0	22/47	41.07%	TAF1L;POLR2G;GTF2F2;GTF2H3;TAF3;TAF9B;TAF4;TAF11;GTF2H5;GTF2A1;TAF8;TAF12;TAF4B;TBP;TAF15;CCNH;GTF2H1;GTF2A2;MNAT1;TAF7L;POLR2B;POLR2H
GSE46798_exposure_corrected	prerank	RNA Polymerase II Transcription Initiation And Promoter Clearance	-0.3010029417912092	-0.9782608486887511	0.5035545023696683	0.7499274302664953	1.0	22/47	41.07%	TAF1L;POLR2G;GTF2F2;GTF2H3;TAF3;TAF9B;TAF4;TAF11;GTF2H5;GTF2A1;TAF8;TAF12;TAF4B;TBP;TAF15;CCNH;GTF2H1;GTF2A2;MNAT1;TAF7L;POLR2B;POLR2H
GSE46798_exposure_corrected	prerank	RNA Polymerase II Promoter Escape	-0.3010029417912092	-0.9782608486887511	0.5035545023696683	0.7499274302664953	1.0	22/47	41.07%	TAF1L;POLR2G;GTF2F2;GTF2H3;TAF3;TAF9B;TAF4;TAF11;GTF2H5;GTF2A1;TAF8;TAF12;TAF4B;TBP;TAF15;CCNH;GTF2H1;GTF2A2;MNAT1;TAF7L;POLR2B;POLR2H
GSE46798_exposure_corrected	prerank	RNA Polymerase II HIV Promoter Escape	-0.3010029417912092	-0.9782608486887511	0.5035545023696683	0.7499274302664953	1.0	22/47	41.07%	TAF1L;POLR2G;GTF2F2;GTF2H3;TAF3;TAF9B;TAF4;TAF11;GTF2H5;GTF2A1;TAF8;TAF12;TAF4B;TBP;TAF15;CCNH;GTF2H1;GTF2A2;MNAT1;TAF7L;POLR2B;POLR2H
GSE46798_exposure_corrected	prerank	HIV Transcription Initiation	-0.3010029417912092	-0.9782608486887511	0.5035545023696683	0.7499274302664953	1.0	22/47	41.07%	TAF1L;POLR2G;GTF2F2;GTF2H3;TAF3;TAF9B;TAF4;TAF11;GTF2H5;GTF2A1;TAF8;TAF12;TAF4B;TBP;TAF15;CCNH;GTF2H1;GTF2A2;MNAT1;TAF7L;POLR2B;POLR2H
GSE46798_exposure_corrected	prerank	RNA Polymerase II Transcription Pre-Initiation And Promoter Opening	-0.3010029417912092	-0.9782608486887511	0.5035545023696683	0.7499274302664953	1.0	22/47	41.07%	TAF1L;POLR2G;GTF2F2;GTF2H3;TAF3;TAF9B;TAF4;TAF11;GTF2H5;GTF2A1;TAF8;TAF12;TAF4B;TBP;TAF15;CCNH;GTF2H1;GTF2A2;MNAT1;TAF7L;POLR2B;POLR2H
GSE46798_exposure_corrected	prerank	Signaling by ERBB2 ECD mutants	-0.3729792156388435	-0.9771923474497847	0.5087014725568942	0.7516091895011328	1.0	11/16	46.92%	ERBB2;HRAS;PIK3CA;PLCG1;HSP90AA1;PIK3R1;SHC1;ERBIN;GRB2;NRAS;CDC37
GSE46798_exposure_corrected	prerank	Interleukin-15 signaling	-0.3813661640800291	-0.9751789579073205	0.5179282868525896	0.7555515667917299	1.0	2/14	3.99%	IL2RG;GAB2
GSE46798_exposure_corrected	prerank	Processive synthesis on the C-strand of the telomere	-0.3520128866626592	-0.975171892564607	0.5102827763496144	0.7548331518449484	1.0	8/19	34.91%	RPA3;POLD3;TERF1;TERF2;RPA1;WRN;POT1;BLM
GSE46798_exposure_corrected	prerank	Dopamine Neurotransmitter Release Cycle	-0.3491857805406342	-0.9733903771860309	0.5146496815286624	0.7581865149273568	1.0	14/21	42.89%	SYN2;LIN7A;PPFIA3;SNAP25;RAB3A;SYN1;VAMP2;RIMS1;SYT1;UNC13B;PPFIA2;TSPOAP1;STX1A;CASK
GSE46798_exposure_corrected	prerank	RHO GTPases activate IQGAPs	-0.32498395054111634	-0.9732157390160183	0.5086206896551724	0.7578688562520937	1.0	12/30	38.08%	CLIP1;TUBA1A;TUBB4A;TUBA8;TUBB2B;TUBA3E;CALM1;TUBA1B;RAC1;CTNNA1;IQGAP2;CDC42
GSE46798_exposure_corrected	prerank	Metabolism of steroids	-0.2598566109215713	-0.9726522161675841	0.540398740818468	0.7584421554013117	1.0	57/150	32.83%	HSD17B7;AKR1D1;ALB;HSD17B11;AKR1C4;IDI1;NCOA6;FDPS;ACACB;CREBBP;HMGCR;HSD17B4;INSIG2;CYP7B1;OSBPL3;SC5D;MBTPS1;MBTPS2;CUBN;TBL1XR1;CHD9;INSIG1;HSD17B12;SMARCD3;ACACA;ELOVL6;AKR1C2;NCOA2;CYP2R1;HMGCS1;SRD5A1;MED1;KPNB1;SREBF2;IDI2;CYP7A1;ABCD3;DHCR24;CYP11A1;CARM1;SEC24B;FDX1;PLPP6;HSD11B1;FABP6;OSBPL6;SRD5A3;NR1H4;SCAP;SCP2;MSMO1;SQLE;OSBP;CGA;GGPS1;SEC24A;STARD6
GSE46798_exposure_corrected	prerank	Pre-NOTCH Transcription and Translation	-0.3020775218621052	-0.9708500831768364	0.5345838218053928	0.7618366860340122	1.0	10/44	17.78%	TNRC6C;MAMLD1;AGO1;ELANE;NOTCH3;CREBBP;NOTCH2;AGO3;MIR449A;KAT2B
GSE46798_exposure_corrected	prerank	Developmental Lineage of Pancreatic Ductal Cells	-0.33730040076271106	-0.9708192107356972	0.5310880829015544	0.7611802429602635	1.0	10/24	30.27%	COL11A1;LAMA5;LAMC1;LAMC3;COL1A2;VTN;COL3A1;LAMA2;LAMC2;COL5A2
GSE46798_exposure_corrected	prerank	Base Excision Repair	-0.3015699295624561	-0.9704297275242296	0.525934861278649	0.7613452526686322	1.0	23/44	46.99%	MBD4;RFC1;PARP2;RPA3;POLD3;TERF1;SMUG1;TERF2;PARP1;RPA1;XRCC1;POLE2;POT1;TDG;LIG3;POLE4;RFC4;POLB;ACD;PARG;TERF2IP;MPG;PNKP
GSE46798_exposure_corrected	prerank	Spry regulation of FGF signaling	-0.37743499409031456	-0.970138864863703	0.5183727034120735	0.7612961443331121	1.0	7/16	30.11%	RPS27A;PTPN11;UBC;CBL;PPP2CA;SPRY2;PPP2R1A
GSE46798_exposure_corrected	prerank	Activation of kainate receptors upon glutamate binding	-0.31967757705341754	-0.9697999223187477	0.4956949569495695	0.7613513727370891	1.0	15/30	39.81%	GNG5;GNG8;GNB1;GNGT2;GRIK4;NCALD;DLG4;CALM1;DLG3;GNB5;GNB4;GNG7;GNB2;PLCB1;GNG2
GSE46798_exposure_corrected	prerank	Adrenaline,noradrenaline inhibits insulin secretion	-0.3306570620757457	-0.9690362923793302	0.5148514851485149	0.7623662347169694	1.0	15/26	39.81%	GNG5;CACNA2D2;GNG8;GNB1;GNGT2;GNAI2;CACNB3;ADRA2A;GNAI1;GNB5;CACNB2;GNB4;GNG7;GNB2;GNG2
GSE46798_exposure_corrected	prerank	Turbulent (oscillatory, disturbed) flow shear stress activates signaling by PIEZO1 and integrins in endothelial cells	-0.3250637562564238	-0.9689449391956578	0.5352286773794809	0.7618684987999786	1.0	11/30	34.74%	GNAQ;NLRP3;PTK2;STAT1;ANXA2;VCL;PPP2CA;PPP2R1A;ITGB1;CAPNS1;ABL1
GSE46798_exposure_corrected	prerank	Mitochondrial translation initiation	-0.27311947877885345	-0.9689091426595589	0.5472972972972973	0.7612290526192963	1.0	51/86	52.98%	MTIF2;MRPL57;PTCD3;MRPL42;MRPS17;MRPL1;MRPL47;MTIF3;MRPL39;DAP3;MRPS18B;MRPS33;CHCHD1;MRPL9;MRPL44;MRPS7;MRPS23;MRPS15;MRPL51;MRPL50;MRPL3;MRPL40;MRPL10;MRPS14;MRPS22;MRPL30;MRPS16;MRPL58;MRPL53;MRPS27;MRPL20;MRPL17;MRPS25;MRPL37;MRPS26;MRPS5;MRPS28;MRPS10;MRPL35;MRPS9;MRPL19;MRPL45;MRPL52;MRPS18A;MRPL15;MRPL32;MRPL22;MRPS2;OXA1L;MRPL16;ERAL1
GSE46798_exposure_corrected	prerank	Synthesis of very long-chain fatty acyl-CoAs	-0.33494487361516534	-0.9681668401246503	0.5025773195876289	0.7622981243410926	1.0	7/24	17.22%	ELOVL1;HACD4;ACSL4;ACSL6;HSD17B12;ELOVL6;ACSBG1
GSE46798_exposure_corrected	prerank	Glucagon signaling in metabolic regulation	-0.3129255446500149	-0.9674832494995487	0.5196078431372549	0.7631454570476462	1.0	17/32	39.81%	ADCY9;ADCY1;GNG5;GNG8;GNB1;PRKAR1A;GCG;PRKACB;ADCY8;ADCY7;GNB4;GNG7;ADCY3;ADCY4;GNB2;PRKACA;GNG2
GSE46798_exposure_corrected	prerank	Respiratory electron transport	-0.2605856633805972	-0.9672681606667887	0.5672268907563025	0.7629425377932313	1.0	49/139	33.42%	NDUFA8;UQCRHL;NUBPL;NDUFV2;NDUFB9;NDUFAF5;COX5A;COX20;UQCR11;NDUFB10;COX19;NDUFS1;COX7C;NDUFA5;COQ10A;NDUFB3;COX7A2L;UQCRC2;UQCRB;NDUFAF4;COX7B;COX11;TIMMDC1;NDUFAF1;LYRM2;NDUFA1;NDUFAF2;MDH2;ETFB;SCO1;TACO1;COX6C;CMC1;ACAD9;SLC25A11;ETFA;TMEM186;NDUFA6;NDUFAF3;SFXN4;SLC25A13;NDUFA7;UQCC2;HSCB;PET100;COX6A1;SDHD;HIGD2A;LETM1
GSE46798_exposure_corrected	prerank	GAB1 signalosome	-0.3715449929467557	-0.9671983272208359	0.5230566534914362	0.7623694792707337	1.0	7/15	35.52%	EREG;PTPN11;PIK3CA;PXN;PIK3R1;PAG1;CSK
GSE46798_exposure_corrected	prerank	Generation of second messenger molecules	-0.3263116742436466	-0.9649762339259579	0.5254237288135594	0.7667527676359231	1.0	9/30	22.56%	LAT;HLA-DRB3;WAS;PAK2;PAK1;ENAH;PLCG2;PLCG1;HLA-DRA
GSE46798_exposure_corrected	prerank	Response to elevated platelet cytosolic Ca2+	-0.26024374465734523	-0.9647216531092158	0.5606382978723404	0.7666047399020967	1.0	25/128	17.78%	TGFB3;IGF1;TTN;FERMT3;ISLR;ABCC4;ALB;PECAM1;F13A1;PRKCB;MMRN1;PPBP;PLEK;THBS1;SELP;OLA1;PRKCA;PROS1;KNG1;ITIH4;FAM3C;SERPINE1;PCYOX1L;MANF;TGFB2
GSE46798_exposure_corrected	prerank	Respiratory syncytial virus (RSV) genome replication, transcription and translation	-0.3572621982596601	-0.9640593497515084	0.52	0.767350802315852	1.0	8/17	37.02%	SPCS2;XPO1;KPNB1;SEC11A;HSP90AA1;SEC11C;SPCS1;CSNK2A2
GSE46798_exposure_corrected	prerank	Ovarian tumor domain proteases	0.25169480897963153	0.9638243732043859	0.47435897435897434	0.9426245594203583	1.0	2/37	1.23%	RNF135;OTUD7B
GSE46798_exposure_corrected	prerank	Biosynthesis of the N-glycan precursor (dolichol lipid-linked oligosaccharide, LLO) and transfer to a nascent protein	-0.27099877922596094	-0.9637664461914166	0.5388828039430449	0.7672722650242411	1.0	36/78	39.19%	PMM2;ST3GAL1;ST8SIA4;SLC35A1;FPGT;GNPNAT1;ALG10;ST6GALNAC3;AMDHD2;ST8SIA6;PGM3;ALG8;UAP1;RFT1;DHRSX;ST3GAL5;MPI;ST8SIA1;HK1;ALG5;ALG2;ST3GAL3;SRD5A3;ST8SIA3;ALG3;ST8SIA2;DPAGT1;ST6GAL1;NEU2;ALG9;GNE;ALG1;ALG13;ALG14;ST3GAL2;GMPPB
GSE46798_exposure_corrected	prerank	Regulation of MITF-M-dependent genes involved in extracellular matrix, focal adhesion and epithelial-to-mesenchymal transition	-0.3957611539948933	-0.9629067209526876	0.5281501340482574	0.7684274702857165	1.0	5/12	26.26%	STT3B;SERPINE1;SOX2;PXN;ZEB1
GSE46798_exposure_corrected	prerank	Signalling to ERKs	-0.31053844749670145	-0.9626307950672034	0.535671100362757	0.7682996098934064	1.0	19/34	48.36%	KIDINS220;RAPGEF1;MAP2K2;HRAS;MAPKAPK3;RALA;RIT2;YWHAB;NTRK1;SHC1;RALGDS;MAPK3;GRB2;SHC2;NRAS;MAP2K1;SHC3;CRKL;RALB
GSE46798_exposure_corrected	prerank	Regulation of NPAS4 gene expression	-0.38463375981118075	-0.9624617829894175	0.507227332457293	0.76796627980447	1.0	3/13	11.71%	TNRC6C;AGO1;AGO3
GSE46798_exposure_corrected	prerank	Beta-oxidation of very long chain fatty acids	-0.4072617798309445	-0.9624117106945751	0.5190735694822888	0.7673504921132708	1.0	3/11	16.23%	ACOX1;HSD17B4;ECI2
GSE46798_exposure_corrected	prerank	tRNA processing in the nucleus	-0.2870357131309817	-0.9619079293014181	0.5265536723163842	0.7677926791376047	1.0	10/56	13.41%	ZBTB8OS;NUP35;NUP188;NUP88;TRNT1;POP4;NUP98;NUP133;TSEN2;CLP1
GSE46798_exposure_corrected	prerank	Interferon Signaling	-0.24250847449105906	-0.9614679183120245	0.6070707070707071	0.7681002931862576	1.0	111/332	33.89%	RPS28;NUP35;RPS4Y1;RPS27;RPS27A;RPS12;RPS15;HLA-DRB3;NEDD4;ABCE1;NUP188;TRIM34;TRIM62;IRF6;NUP88;DUS2;EIF2AK3;FAAP24;PTAFR;EIF3M;TRIM5;TUBA1A;IFNA10;EIF3B;VCAM1;EIF3A;TUBB4A;TUBA8;CAMK2D;FANCC;RPS4X;NUP98;IFNA7;DDX58;GBP1;NUP133;TUBB2B;EIF3E;OASL;SNCA;PTPN11;RPS11;ADAR;STAT1;TUBA3E;UBC;EIF3J;TRIM48;IFI35;IFIT1;UBE2L6;EIF4G2;UBE2N;TRIM2;FANCL;TRIM29;EIF4A2;FANCE;NUP160;B2M;SKP1;EIF3K;IFITM1;CAMK2B;NUP93;SOCS3;EIF1AX;PLCG1;KPNB1;TRIM10;EIF3H;SPHK1;ICAM1;HLA-DRA;FLNA;FANCB;EIF2AK2;PIAS1;IFNA14;EIF3L;TRIM8;PPP2CA;NUP214;KPNA3;GBP7;TRIM22;IFIT5;IFI44;IFNA8;MAVS;EIF4G3;RPS8;RPS23;AAAS;PPP2R1A;IFNGR2;RPS13;RPS20;TUBA1B;POM121C;TP53;EIF4E3;RPS2;JAK2;PRKRA;FLNB;HLA-G;NUP37;CDK1;HLA-E;MID1
GSE46798_exposure_corrected	prerank	Transcriptional regulation of granulopoiesis	-0.3191772559864558	-0.9606595279444213	0.5437956204379562	0.7692049607282696	1.0	8/30	22.49%	CREB1;SPI1;DEK;MYC;CBFB;IL6R;CSF3R;KLF5
GSE46798_exposure_corrected	prerank	Folding of actin by CCT/TriC	-0.40708155013916025	-0.9599906168672568	0.5342657342657343	0.769976342394708	1.0	7/10	48.65%	TCP1;CCT6B;CCT6A;CCT8;CCT5;CCT4;CCT2
GSE46798_exposure_corrected	prerank	SLC-mediated transport of amino acids	-0.3086839448066448	-0.959297914672833	0.5330132052821128	0.7707181921662899	1.0	8/35	17.48%	SLC7A2;SLC38A1;SLC7A6;SLC7A5;SLC7A1;SLC1A2;SLC1A4;SLC7A8
GSE46798_exposure_corrected	prerank	SARS-CoV-1 activates/modulates innate immune responses	-0.2999319963531008	-0.9588737259210762	0.5465253239104829	0.7709768073861806	1.0	11/42	23.31%	RPS27A;ITCH;TRAF6;NLRP3;UBC;IFIT1;NMI;TBK1;NPIPB3;KPNB1;TOMM70
GSE46798_exposure_corrected	prerank	Protein localization	-0.25171097869037096	-0.9561605327460373	0.5802083333333333	0.7765061038436112	1.0	49/154	32.26%	RPS27A;UBE2D1;ACOX1;PITRM1;PEX13;TIMM8A;USP9X;CS;HSD17B4;AGPS;UBE2D2;EMD;ATAD1;MPV17;COX19;SLC25A17;ALDH3A2;UBC;ECI2;PEX19;TIMM8B;CAT;TIMM22;VAMP2;ACOT2;PEX7;CRAT;ABCD3;TOMM70;COA4;SGTA;TOMM7;GRPEL1;BAG6;IDH1;ACOX3;PHYH;VDAC1;PEX5;DECR2;TOMM40;PEX6;SLC25A6;COQ2;SCP2;SLC25A13;SEC61G;HSCB;TIMM9
GSE46798_exposure_corrected	prerank	DARPP-32 events	-0.33214787597548595	-0.955464118062881	0.5334174022698613	0.7772827029550972	1.0	11/24	30.83%	PDE4C;PPP3CB;PDE4A;PPP2R5D;PPP3R1;PRKAR1A;PRKACB;PPP2CA;PPP3CA;PPP2R1A;CALM1
GSE46798_exposure_corrected	prerank	Regulation of RUNX1 Expression and Activity	-0.3404388431220646	-0.9548877252441651	0.5459249676584734	0.7778470712219117	1.0	6/22	14.85%	TNRC6C;AGO1;AGO3;CBFB;PTPN11;MIR215
GSE46798_exposure_corrected	prerank	Effects of PIP2 hydrolysis	-0.33060866965995994	-0.9538966240578625	0.5566625155666252	0.7794223199225233	1.0	13/27	35.89%	DGKD;DGKG;PRKCH;PRKCE;DGKB;DGKQ;DAGLB;DGKI;DAGLA;DGKE;ABHD6;ABHD12;DGKK
GSE46798_exposure_corrected	prerank	Erythrocytes take up carbon dioxide and release oxygen	-0.39801250488609263	-0.9537022579401289	0.5576407506702413	0.7783883109709016	1.0	2/11	13.31%	HBB;CA2
GSE46798_exposure_corrected	prerank	O2/CO2 exchange in erythrocytes	-0.39801250488609263	-0.9537022579401289	0.5576407506702413	0.7783883109709016	1.0	2/11	13.31%	HBB;CA2
GSE46798_exposure_corrected	prerank	Dual incision in TC-NER	-0.2803546361543886	-0.9535438449678155	0.5526613816534541	0.7780379573046741	1.0	16/63	24.32%	RPS27A;POLR2G;GTF2H3;RFC1;CUL4B;XAB2;UBC;USP7;RPA3;POLD3;GTF2H5;RBX1;CUL4A;TCEA1;AQR;RPA1
GSE46798_exposure_corrected	prerank	Amino acid transport across the plasma membrane	-0.3163989481975945	-0.9534911192487543	0.5374233128834356	0.7774406959668506	1.0	7/30	17.48%	SLC7A2;SLC38A1;SLC7A6;SLC7A5;SLC7A1;SLC1A4;SLC7A8
GSE46798_exposure_corrected	prerank	Signaling by TGFBR3	-0.290641078981403	-0.9528104988140388	0.5481651376146789	0.778199415879982	1.0	16/49	27.63%	ARRB1;TNRC6C;SMAD3;INHA;TGFBR2;TIMP2;AGO1;AGO3;MYOG;TGFB2;PSENEN;TCF4;MMP14;AGO2;MYCN;ARRB2
GSE46798_exposure_corrected	prerank	Prostacyclin signalling through prostacyclin receptor	-0.3466132766425707	-0.9517595848735354	0.5555555555555556	0.7798190902911127	1.0	10/19	39.81%	GNG5;GNG8;GNB1;GNGT2;PTGIR;GNB5;GNB4;GNG7;GNB2;GNG2
GSE46798_exposure_corrected	prerank	Other interleukin signaling	-0.3337600315385604	-0.9513070996454778	0.550761421319797	0.7800625859735718	1.0	9/24	29.27%	SDC1;STX3;CSF1R;PRTN3;SNAP25;VAMP2;CSF3R;IL32;CASP3
GSE46798_exposure_corrected	prerank	Signaling by Activin	-0.3591290624902127	-0.951278559968499	0.5442359249329759	0.7794191100349042	1.0	2/17	3.77%	SMAD3;INHA
GSE46798_exposure_corrected	prerank	Post NMDA receptor activation events	-0.27051231021355915	-0.9493908995874003	0.5806451612903226	0.7829489830115024	1.0	32/79	32.75%	CREB1;ARHGEF7;RPS6KA2;ADCY1;TUBA1A;TUBB4A;TUBA8;CAMK2D;TUBB2B;PRKAB2;GRIN2B;TUBA3E;CAMKK1;GRIA2;PRKAA1;PRKAR1A;GRIN2D;HRAS;PRKACB;CAMK2B;NEFL;NRG1;ADCY8;DLG4;PDPK1;PRKAG1;ACTN2;CALM1;TUBA1B;DLG3;RAC1;GRIN2C
GSE46798_exposure_corrected	prerank	Signaling by NTRK1 (TRKA)	-0.256733572270569	-0.9464993859420529	0.5895765472312704	0.788454581291379	1.0	54/115	42.82%	ID2;CREB1;KIDINS220;NAB1;MAPK7;RPS6KA2;RAPGEF1;MAP2K2;VGF;EGR4;AP2A1;DUSP6;PPP2R5D;RHOA;HRAS;CHD4;NAB2;MAPKAPK3;PIK3CB;DNM3;PIK3CA;PLCG1;TRIB1;NTRK2;RALA;PPP2CA;DNM1;PIK3R1;ID4;PPP2R1A;RIT2;YWHAB;PIK3R2;DUSP4;MEF2C;AP2M1;CDK5R1;NTRK1;TCF12;AP2A2;SHC1;ASCL1;DUSP7;RPS6KA3;MEF2A;DUSP3;SH3GL2;SRF;RRAD;RALGDS;MAPK3;PPP2R1B;CDK5R2;GRB2
GSE46798_exposure_corrected	prerank	G alpha (s) signalling events	-0.2513312046540202	-0.9460540786105264	0.5985324947589099	0.7887889014781868	1.0	54/150	32.21%	GPHA2;ADCY9;RAMP2;PDE4C;GNAZ;ARRB1;ADRB2;CRHR1;RLN3;SCT;TAAR6;ADCY1;GNAI3;GIP;GNG5;TAAR5;TSHB;AVP;PDE1A;GNG8;GLP1R;GNB1;HTR7;NPSR1;PDE10A;PTH;GNGT2;GRK5;PDE4A;PRKAR1A;GCG;PRKACB;HTR4;PDE8B;ADCY8;CALCRL;PDE1B;PTGIR;GNAI2;PDE3B;VIP;PDE8A;TSHR;ARRB2;GNAI1;CYSLTR2;ADCY7;GHRHR;SCTR;NPS;ITGB1;GNB5;CGA;PTGER4
GSE46798_exposure_corrected	prerank	Toll-like Receptor Cascades	-0.24837446694854667	-0.9460013570039526	0.6022727272727273	0.7881594444832725	1.0	39/164	21.29%	BIRC3;PIK3C3;PELI3;CREB1;EEA1;RPS27A;UBE2D1;NFKB2;MAPK7;SAA1;TRAF6;CD14;RPS6KA2;PTPN4;TNIP2;UBE2D2;LRRC14;SIGIRR;OPTN;UNC93B1;MAPK9;MAP3K7;PTPN11;S100A9;S100A12;CTSS;UBC;DUSP6;UBE2N;PLCG2;PPP2R5D;SKP1;BIRC2;FBXW11;TBK1;MAP2K4;MAPKAPK3;DNM3;CTSB
GSE46798_exposure_corrected	prerank	Activation of the pre-replicative complex	-0.31151717070141527	-0.9450048645651081	0.5640096618357487	0.7896646951557044	1.0	13/33	27.58%	ORC6;MCM8;MCM7;DBF4;GMNN;RPA3;ORC4;ORC2;ORC3;RPA1;POLA1;POLE2;POLA2
GSE46798_exposure_corrected	prerank	Activation of IRF3, IRF7 mediated by TBK1, IKKε (IKBKE)	-0.34932457037744347	-0.9448051895573782	0.5485122897800776	0.7893990619013107	1.0	6/18	19.64%	RPS27A;CD14;OPTN;PTPN11;UBC;TBK1
GSE46798_exposure_corrected	prerank	Diseases of hemostasis	0.26809372063905634	0.9441793634667552	0.5046296296296297	0.9983521541797749	1.0	4/23	8.42%	VWF;F10;F8;F9
GSE46798_exposure_corrected	prerank	FGFR1c ligand binding and activation	0.31056672486260767	0.9441001406141256	0.5076923076923077	0.9896358969198853	1.0	7/14	21.19%	FGF2;FGF20;FGFR1;FGF6;FGF5;TGFBR3;FGF4
GSE46798_exposure_corrected	prerank	Synthesis of substrates in N-glycan biosythesis	-0.27623472391003756	-0.9440926351556354	0.5540229885057472	0.7902548065475486	1.0	24/63	34.64%	PMM2;ST3GAL1;ST8SIA4;SLC35A1;FPGT;GNPNAT1;ST6GALNAC3;AMDHD2;ST8SIA6;PGM3;UAP1;DHRSX;ST3GAL5;MPI;ST8SIA1;HK1;ALG5;ST3GAL3;SRD5A3;ST8SIA3;ST8SIA2;ST6GAL1;NEU2;GNE
GSE46798_exposure_corrected	prerank	SLC transporter disorders	-0.26445523933232046	-0.9428871846726882	0.5919477693144722	0.7921776885376621	1.0	14/90	13.33%	NUP35;SLC2A1;SLC12A6;NUP188;SLC2A10;SLC24A5;SLC35A1;NUP88;SLC2A9;SLC20A2;SLC33A1;NUP98;NUP133;AVP
GSE46798_exposure_corrected	prerank	PI5P, PP2A and IER3 Regulate PI3K/AKT Signaling	-0.25812049164524603	-0.9426985516076302	0.6056338028169014	0.7918554603524092	1.0	41/111	32.70%	IL33;IL1RL1;VAV1;FYN;EREG;GAB2;MET;TRAF6;PIK3CD;PIP4K2A;PIP5K1B;KIT;STRN;FGF1;PIK3CG;FGF9;PTPN11;FGFR3;ERBB2;CD80;KITLG;PPP2R5D;NTRK3;PIK3CB;PIK3CA;NRG1;PPP2R5E;NTRK2;TRAT1;PPP2CA;CD28;PIP4K2C;PIK3R1;AKT1;PPP2R1A;NRG3;PDGFRB;CD19;INS;PIK3R2;RAC1
GSE46798_exposure_corrected	prerank	Transcriptional regulation of testis differentiation	-0.38252897934918556	-0.9419564894719742	0.5596816976127321	0.7927477795250707	1.0	7/13	37.06%	WNT4;FGF9;DHH;PTGDS;SRY;ZFPM2;DMRT1
GSE46798_exposure_corrected	prerank	Toll Like Receptor 9 (TLR9) Cascade	-0.25863506784283957	-0.9417055552356746	0.6131465517241379	0.7926001421458364	1.0	24/107	20.56%	PIK3C3;PELI3;CREB1;EEA1;RPS27A;NFKB2;MAPK7;SAA1;TRAF6;CD14;RPS6KA2;TNIP2;LRRC14;MAPK9;MAP3K7;S100A12;UBC;DUSP6;UBE2N;PPP2R5D;SKP1;FBXW11;MAP2K4;MAPKAPK3
GSE46798_exposure_corrected	prerank	Amplification and propagation of coagulation cascade	-0.36142169862764695	-0.9409558024504446	0.5603674540682415	0.7935244124914791	1.0	7/16	21.61%	SERPINA5;GP9;PROS1;GP5;F11;SERPINE2;GP1BA
GSE46798_exposure_corrected	prerank	Formation of WDR5-containing histone-modifying complexes	-0.28963638304134137	-0.9408721373267176	0.572405929304447	0.7929682326802394	1.0	5/42	8.13%	KMT2D;PSIP1;OGT;DR1;NCOA6
GSE46798_exposure_corrected	prerank	Biosynthesis of DHA-derived SPMs	0.29937586058153165	0.9405051386339451	0.5163934426229508	0.9929343893029926	1.0	3/16	3.61%	HPGD;CYP3A4;ALOX12
GSE46798_exposure_corrected	prerank	Constitutive Signaling by Overexpressed ERBB2	-0.3971954212416483	-0.9393319066331499	0.5465753424657535	0.7957882805081256	1.0	9/11	46.92%	ERBB2;HRAS;HSP90AA1;SHC1;PTPN12;ERBIN;GRB2;NRAS;CDC37
GSE46798_exposure_corrected	prerank	Interferon alpha/beta signaling	0.2121173942134466	0.9391678145229551	0.550561797752809	0.9885539007068339	1.0	14/77	12.01%	IFNAR1;IFNA6;USP18;IFI27;IFNA5;EGR1;IFNA1;UBB;IP6K2;OAS1;IFIT3;IFIT2;ISG15;IRF8
GSE46798_exposure_corrected	prerank	Signaling by PTK6	-0.2837166625841321	-0.9388188969890727	0.5821064552661381	0.7954780380423504	1.0	21/55	32.78%	SFPQ;KHDRBS1;RPS27A;EREG;ARAP1;UBC;ERBB2;KHDRBS3;DOCK1;RHOA;HRAS;HIF1A;SOCS3;NRG1;CBL;PXN;AKT1;NRG3;PELP1;RAC1;CDKN1B
GSE46798_exposure_corrected	prerank	Signaling by Non-Receptor Tyrosine Kinases	-0.2837166625841321	-0.9388188969890727	0.5821064552661381	0.7954780380423504	1.0	21/55	32.78%	SFPQ;KHDRBS1;RPS27A;EREG;ARAP1;UBC;ERBB2;KHDRBS3;DOCK1;RHOA;HRAS;HIF1A;SOCS3;NRG1;CBL;PXN;AKT1;NRG3;PELP1;RAC1;CDKN1B
GSE46798_exposure_corrected	prerank	Hyaluronan degradation	-0.3558457135541514	-0.9379552315949174	0.5588615782664942	0.7966547878452168	1.0	4/16	16.34%	CHP1;HYAL1;HMMR;SLC9A1
GSE46798_exposure_corrected	prerank	G beta:gamma signalling through PLC beta	-0.3349968068756113	-0.9377687330368889	0.5445161290322581	0.7962863012428387	1.0	10/20	39.81%	GNG5;GNG8;GNB1;GNGT2;GNB5;GNB4;GNG7;GNB2;PLCB1;GNG2
GSE46798_exposure_corrected	prerank	RNA Pol II CTD phosphorylation and interaction with CE during HIV infection	-0.3181755821868656	-0.9369197155050556	0.5602409638554217	0.7966015238823706	1.0	14/27	46.57%	POLR2G;GTF2F2;GTF2H3;GTF2H5;RNMT;RNGTT;CCNH;GTF2H1;MNAT1;POLR2B;POLR2H;POLR2K;ERCC2;POLR2A
GSE46798_exposure_corrected	prerank	RNA Pol II CTD phosphorylation and interaction with CE	-0.3181755821868656	-0.9369197155050556	0.5602409638554217	0.7966015238823706	1.0	14/27	46.57%	POLR2G;GTF2F2;GTF2H3;GTF2H5;RNMT;RNGTT;CCNH;GTF2H1;MNAT1;POLR2B;POLR2H;POLR2K;ERCC2;POLR2A
GSE46798_exposure_corrected	prerank	Aquaporin-mediated transport	-0.2821575670267956	-0.9366953129689747	0.5909090909090909	0.7963594197621472	1.0	26/50	40.15%	ADCY9;AQP10;ADCY1;GNG5;AVP;GNG8;GNB1;GNGT2;RAB11A;PRKAR1A;PRKACB;ADCY8;AQP3;ADCY7;AQP11;GNB5;RAB11FIP2;GNB4;GNG7;ADCY3;ADCY4;GNB2;AQP4;PRKACA;GNG2;AQP1
GSE46798_exposure_corrected	prerank	Maternal to zygotic transition (MZT)	-0.2699644056119221	-0.9362494668020694	0.6006787330316742	0.7966185894309	1.0	25/67	33.37%	KDM4B;CNOT4;ELL2;KDM6B;CREBBP;SRPK1;TNKS1BP1;HIRA;EIF4A2;DPPA3;DIS3L2;KDM4C;CNOT11;AGO2;METTL23;PABPC1;PABPN1;KDM5B;CNOT9;TP53;RPS2;CNOT3;CNOT1;UHRF1;DICER1
GSE46798_exposure_corrected	prerank	Ras activation upon Ca2+ influx through NMDA receptor	-0.3423772388533123	-0.9352940820344319	0.571994715984148	0.7980302788594763	1.0	10/20	30.98%	CAMK2D;GRIN2B;GRIN2D;HRAS;CAMK2B;NEFL;DLG4;ACTN2;CALM1;DLG3
GSE46798_exposure_corrected	prerank	Budding and maturation of HIV virion	-0.31870034304913364	-0.9352802257721208	0.5572139303482587	0.7973312139999723	1.0	13/28	37.96%	RPS27A;VPS4A;CHMP4A;UBC;VPS37B;CHMP4C;CHMP4B;MVB12B;VTA1;VPS37A;CHMP6;PDCD6IP;MVB12A
GSE46798_exposure_corrected	prerank	Negative regulation of TCF-dependent signaling by WNT ligand antagonists	-0.36316821136468086	-0.9348304557971783	0.5748344370860927	0.7975423275048301	1.0	7/15	29.78%	SFRP2;WNT4;WNT9A;SFRP1;KREMEN1;LRP6;LRP5
GSE46798_exposure_corrected	prerank	Signaling by EGFRvIII in Cancer	-0.3595065954501637	-0.9345993391071695	0.5526315789473685	0.796551802401276	1.0	10/15	46.92%	HRAS;PIK3CA;PLCG1;CBL;HSP90AA1;PIK3R1;SHC1;GRB2;NRAS;CDC37
GSE46798_exposure_corrected	prerank	Constitutive Signaling by EGFRvIII	-0.3595065954501637	-0.9345993391071695	0.5526315789473685	0.796551802401276	1.0	10/15	46.92%	HRAS;PIK3CA;PLCG1;CBL;HSP90AA1;PIK3R1;SHC1;GRB2;NRAS;CDC37
GSE46798_exposure_corrected	prerank	Paracetamol ADME	-0.3182168247228875	-0.9345441465324591	0.5671641791044776	0.7959492933172209	1.0	3/28	4.32%	SULT1A1;ABCC4;CNDP2
GSE46798_exposure_corrected	prerank	Signaling by FGFR	-0.26317602784107874	-0.9343884675426097	0.6105032822757112	0.795578377985346	1.0	31/87	31.19%	GALNT3;RPS27A;POLR2G;HNRNPH1;GTF2F2;NCBP2;FLRT1;FGF1;FGF9;PTPN11;UBC;FGFR3;FRS3;TIA1;FGFBP2;HRAS;ANOS1;HNRNPF;PIK3CA;PLCG1;RBFOX2;PTBP1;CBL;TIAL1;PPP2CA;SPRY2;PIK3R1;FLRT3;PPP2R1A;FGFBP3;GIPC1
GSE46798_exposure_corrected	prerank	Gap-filling DNA repair synthesis and ligation in GG-NER	-0.32532589168620774	-0.93417576447452	0.5383631713554987	0.7953430337943647	1.0	8/25	27.33%	RPS27A;RFC1;UBC;RPA3;POLD3;RPA1;XRCC1;POLE2
GSE46798_exposure_corrected	prerank	Glycogen breakdown (glycogenolysis)	-0.3645850457003876	-0.9340676283846523	0.5614489003880984	0.7948568559774976	1.0	9/15	35.49%	GYG2;PYGL;PHKB;PYGM;GYG1;GAA;CALM1;PYGB;PHKA2
GSE46798_exposure_corrected	prerank	Removal of the Flap Intermediate from the C-strand	-0.34746217287651826	-0.933165991495235	0.5645371577574967	0.7960143327513567	1.0	7/17	33.98%	RPA3;POLD3;TERF1;TERF2;RPA1;WRN;POT1
GSE46798_exposure_corrected	prerank	Developmental Lineage of Pancreatic Endocrine Mid Progenitor Cells	-0.3221173972905502	-0.9331332790757176	0.582687338501292	0.7953669893025943	1.0	10/25	30.27%	COL11A1;LAMA5;LAMC1;LAMC3;COL1A2;VTN;COL3A1;LAMA2;LAMC2;COL5A2
GSE46798_exposure_corrected	prerank	Toll Like Receptor 4 (TLR4) Cascade	-0.2486682692363235	-0.9328344799228163	0.6408376963350786	0.795284378789509	1.0	34/141	21.23%	BIRC3;PELI3;CREB1;RPS27A;UBE2D1;NFKB2;MAPK7;SAA1;TRAF6;CD14;RPS6KA2;PTPN4;TNIP2;UBE2D2;LRRC14;SIGIRR;OPTN;MAPK9;MAP3K7;PTPN11;S100A9;S100A12;UBC;DUSP6;UBE2N;PLCG2;PPP2R5D;SKP1;BIRC2;FBXW11;TBK1;MAP2K4;MAPKAPK3;DNM3
GSE46798_exposure_corrected	prerank	Suppression of phagosomal maturation	-0.3741405969954992	-0.9327768351429498	0.5776892430278885	0.7947175190817556	1.0	4/13	22.24%	RPS27A;UBC;RAB7A;KPNB1
GSE46798_exposure_corrected	prerank	DAP12 interactions	-0.29306342562960785	-0.9323413591734728	0.5864123957091776	0.7949442290510066	1.0	20/41	36.14%	FYN;TREM1;LAT;VAV3;PLCG2;B2M;HRAS;PIK3CB;PIK3CA;PLCG1;KIR2DS4;PIK3R1;SIGLEC16;VAV2;PIK3R2;RAC1;CD300E;HLA-E;SIGLEC14;SHC1
GSE46798_exposure_corrected	prerank	Aerobic respiration and respiratory electron transport	-0.24267890156217098	-0.9317825564202419	0.6506147540983607	0.7954395806370513	1.0	79/218	34.61%	NDUFA8;UQCRHL;RPS27A;NUBPL;SIRT3;NDUFV2;LDHB;NDUFB9;CS;NNT;ADHFE1;NDUFAF5;COX5A;ME1;COX20;UQCR11;NDUFB10;COX19;PDK1;PDK3;UBC;NDUFS1;COX7C;NDUFA5;COQ10A;ACAT1;NDUFB3;COX7A2L;UQCRC2;UQCRB;NDUFAF4;COX7B;PDHA1;COX11;TIMMDC1;ME2;ISCA1;GID8;NDUFAF1;LYRM2;NDUFA1;NDUFAF2;MDH2;ETFB;SCO1;TACO1;COX6C;PDHA2;CMC1;VDAC1;ACAD9;SLC25A11;ETFA;PKM;TMEM186;NDUFA6;PKLR;GSTZ1;PDHX;WDR26;PGAM5;NDUFAF3;SFXN4;SLC25A13;NDUFA7;MKLN1;UQCC2;HSCB;PET100;COX6A1;SDHD;HIGD2A;SLC25A4;LDHAL6B;LETM1;SLC25A27;NDUFS8;PDK2;IDH3A
GSE46798_exposure_corrected	prerank	Digestion and absorption	-0.3108765395192831	-0.9314452915309666	0.5471014492753623	0.7954002499798061	1.0	11/28	28.49%	CEL;AMY1B;AMY1A;AMY2A;CLPS;LIPF;GUCA2B;PNLIP;GUCY2C;CHIT1;SLC2A5
GSE46798_exposure_corrected	prerank	FRS-mediated FGFR4 signaling	0.2682822996228916	0.9312740026992156	0.5355450236966824	1.0	1.0	7/22	16.90%	FGF2;FGF20;SOS1;FRS2;FGF19;FGF6;FGFR4
GSE46798_exposure_corrected	prerank	TP53 Regulates Transcription of DNA Repair Genes	-0.275282637345237	-0.9307638508501292	0.5889781859931114	0.7961045646832356	1.0	10/57	11.04%	CTDP1;SSRP1;MSH2;POLR2G;RAD51D;GTF2F2;FANCI;GTF2H3;CCNT1;FANCC
GSE46798_exposure_corrected	prerank	Formation of axial mesoderm	-0.36724210452384426	-0.9298381417919358	0.5739484396200815	0.7973671792704718	1.0	2/13	10.81%	SMAD3;FOXA1
GSE46798_exposure_corrected	prerank	Reactions specific to the complex N-glycan synthesis pathway	-0.399474724786797	-0.9291514779813246	0.5801952580195258	0.7981543241803986	1.0	7/10	38.81%	MAN2A1;CHST10;MGAT2;CGA;CHST8;FUT8;FUCA1
GSE46798_exposure_corrected	prerank	Meiosis	-0.275845079010257	-0.9285019877885813	0.5995423340961098	0.7988104237605456	1.0	18/57	26.85%	DMC1;TOP3A;RBBP8;SYNE2;RAD51;STAG2;SYCP3;RPA3;LMNB1;TERF1;NBN;TERF2;ATM;SMC1B;RPA1;RAD21;SYCE1;RAD51C
GSE46798_exposure_corrected	prerank	Death Receptor Signaling	-0.24394914215870284	-0.9281447980158605	0.6306400839454355	0.7988882389509268	1.0	30/152	20.09%	BIRC3;CFLAR;VAV1;ABR;RPS27A;UBE2D1;ARHGEF7;TNFAIP3;HDAC3;TRAF6;PREX1;RBCK1;VAV3;FGD3;UBE2D2;GNA13;HDAC2;OPTN;ADAM17;ARHGEF6;TRAF1;MAP3K7;UBC;ARHGEF12;ARHGEF1;BIRC2;RHOA;TBK1;PSENEN;CYLD
GSE46798_exposure_corrected	prerank	RNA Polymerase III Chain Elongation	-0.3470389730635784	-0.9281282853112302	0.586340206185567	0.7982085451086179	1.0	10/18	41.07%	CRCP;POLR3A;POLR3GL;POLR1C;POLR3H;POLR3E;POLR1D;POLR3F;POLR3B;POLR2H
GSE46798_exposure_corrected	prerank	Signaling by NODAL	-0.32597311442593313	-0.927653715813874	0.5703125	0.798563389501191	1.0	2/21	1.96%	DAND5;SMAD3
GSE46798_exposure_corrected	prerank	Signaling by PDGF	-0.27482429703404354	-0.9273885558547336	0.5956719817767654	0.7984360671246835	1.0	37/58	49.42%	PDGFC;RAPGEF1;THBS1;PTPN11;STAT1;STAT6;COL6A3;THBS4;HRAS;PIK3CB;PIK3CA;PLCG1;COL3A1;PLAT;COL4A4;COL4A2;PLG;PIK3R1;COL5A2;NCK2;PDGFRB;PIK3R2;COL5A1;PDGFD;PTPN12;THBS3;COL6A1;COL4A3;PDGFRA;GRB2;NRAS;CRKL;PDGFA;COL4A1;COL6A5;NCK1;COL6A2
GSE46798_exposure_corrected	prerank	Neutrophil degranulation	-0.23079422393281918	-0.9270455023892069	0.728184553660983	0.798493062494799	1.0	180/454	39.18%	LILRB3;HRNR;PLAC8;STK10;MAGT1;CD68;RAB6A;TMEM30A;SPTAN1;PTPRN2;S100A11;GDI2;GALNS;PECAM1;ALOX5;TIMP2;CPNE1;ADGRE5;FGR;ACLY;ALDH3B1;CMTM6;CD14;PYGL;RAB9B;PTAFR;PSMD14;ELANE;HBB;PPBP;RAP2B;CTSC;LILRB2;S100A7;ACTR10;MVP;LGALS3;CR1;C5AR1;ATP8A1;LAMTOR3;PSMD1;PSMC3;DYNLT1;FABP5;CXCR2;FCGR3B;TMBIM1;S100A9;S100A12;RNASE3;CTSS;APAF1;SERPINB3;HGSNAT;ADAM8;XRCC5;PRTN3;GRN;CD300A;RAB31;CAT;DYNC1H1;SNAP25;ANXA2;B2M;COPB1;PRSS3;CAB39;ROCK1;ATP8B4;AP1M1;MANBA;RAB3A;RHOA;LTA4H;RAB7A;DSP;SIGLEC5;ALDOC;ATP6AP2;NFASC;FUCA2;HUWE1;CTSB;FTH1;ATP6V1D;PSMB7;OLR1;KPNB1;SRP14;HMGB1;VCL;RAB10;GYG1;ARPC5;CD47;SLC2A3;GAA;ERP44;PLD1;IDH1;NME2;GSN;PTPRB;CHIT1;RAB18;PSMD11;MLEC;CYB5R3;CD33;NCKAP1L;RAB37;PKM;RAB4B;DNAJC13;PSMD13;PSMA5;HSP90AA1;IST1;DEGS1;EEF2;SLC2A5;CAMP;PSMA2;IGF2R;FCGR2A;BPI;SNAP23;CAND1;CANT1;DYNLL1;ARSB;LAIR1;PSMD2;MPO;MMP9;CLEC4D;STOM;LAMTOR1;DSC1;RAC1;CPNE3;HVCN1;PDXK;HMOX2;DGAT1;MNDA;RAP2C;PYGB;SIGLEC14;GMFG;SIRPA;FPR2;ITGB2;PGRMC1;IQGAP2;DDOST;TICAM2;AP2A2;IMPDH1;EEF1A1;CCT8;FGL2;RAB5B;DBNL;PGM2;ORM2;GPI;SLC44A2;HPSE;CRISPLD2;PSMB1;FUCA1;CYBB;VNN1;B4GALT1;ENPP4;PRG2;SCAMP1
GSE46798_exposure_corrected	prerank	Negative regulation of the PI3K/AKT network	-0.25246152413533873	-0.9268045987828696	0.6393972012917115	0.7982778596486005	1.0	43/118	32.70%	IL33;IL1RL1;VAV1;FYN;EREG;GAB2;MET;TRAF6;PIK3CD;PIP4K2A;PIP5K1B;KIT;STRN;FGF1;PIK3CG;FGF9;PTPN11;FGFR3;ERBB2;CD80;KITLG;PPP2R5D;NTRK3;PIK3CB;PIK3CA;PTEN;NRG1;PPP2R5E;NTRK2;TRAT1;PPP2CA;CD28;PIP4K2C;PIK3R1;AKT3;AKT1;PPP2R1A;NRG3;PDGFRB;CD19;INS;PIK3R2;RAC1
GSE46798_exposure_corrected	prerank	SARS-CoV-2-host interactions	-0.24128441208718981	-0.9266708508336094	0.6432212028542303	0.797875490105639	1.0	85/194	40.25%	RPS28;NUP35;PIK3C3;RPS4Y1;RPS27;RPS27A;RPS12;RPS15;NUP188;GEMIN6;YWHAG;NUP88;VPS41;TRAF6;NLRP3;CREBBP;IFNA10;VPS45;IL17A;RPS4X;YWHAQ;NUP98;IFNA7;NUP133;MASP1;YWHAH;MAP3K7;PTPN11;RPS11;STAT1;UBC;ATG14;UBE2N;VPS39;NUP160;B2M;SNRPD1;TBK1;NUP93;GEMIN5;TOMM70;IFNA14;PIK3R4;GEMIN2;SEC24B;NUP214;GJA1;IFNA8;HSP90AA1;AKT3;AKT1;MAVS;RPS8;SNRPF;RPS23;PDPK1;AAAS;G3BP1;RPS13;RPS20;POM121C;RPS2;YWHAB;SEC24A;HLA-G;NUP37;HLA-E;NUP205;TKFC;GEMIN7;RPS7;VPS33A;IFNAR2;SEC23A;RPS27L;VPS16;YWHAZ;TAB1;NUP62;SNRPD3;G3BP2;HLA-C;GEMIN4;NUP107;RPS24
GSE46798_exposure_corrected	prerank	Blood group systems biosynthesis	0.28387066268750794	0.9265042546203446	0.5416666666666666	1.0	1.0	5/18	13.98%	B3GALT4;RHD;B3GALT5;B3GALT2;FUT7
GSE46798_exposure_corrected	prerank	FGFR2c ligand binding and activation	0.31197445369447485	0.9258102288185374	0.5498154981549815	1.0	1.0	4/13	17.39%	FGF2;FGF20;FGF6;FGF5
GSE46798_exposure_corrected	prerank	Presynaptic function of Kainate receptors	-0.3279529973834088	-0.9251197290012482	0.5723514211886305	0.800472919977177	1.0	10/21	39.81%	GNG5;GNG8;GNB1;GNGT2;GNB5;GNB4;GNG7;GNB2;PLCB1;GNG2
GSE46798_exposure_corrected	prerank	Attachment and Entry_9694614	-0.3399485007861138	-0.9250973329562904	0.5756358768406962	0.7998159080679581	1.0	6/18	23.00%	SDC1;NRP1;GPC5;ACE2;GPC2;GPC1
GSE46798_exposure_corrected	prerank	Gamma carboxylation, hypusinylation, hydroxylation, and arylsulfatase activation	0.21866629988095443	0.9236776007753436	0.5942028985507246	1.0	1.0	15/58	17.70%	F10;KDM8;F8;ARSI;ARSJ;STS;FURIN;F9;ARSF;JMJD6;RPS6;JMJD4;ARSG;DPH7;TPST1
GSE46798_exposure_corrected	prerank	Regulated proteolysis of p75NTR	-0.38287117184520325	-0.923072784317437	0.5778401122019635	0.8032968946811018	1.0	3/11	19.78%	TRAF6;ADAM17;PSENEN
GSE46798_exposure_corrected	prerank	Regulation of MITF-M-dependent genes involved in apoptosis	-0.33539808485131745	-0.9229277322933401	0.5807291666666666	0.8028697856969191	1.0	10/19	40.36%	TNRC6C;AGO1;AGO3;BCL2A1;AGO2;BCL2;DICER1;TNRC6A;TNRC6B;POU3F2
GSE46798_exposure_corrected	prerank	Lysosome Vesicle Biogenesis	0.24031139290918854	0.9227814077350036	0.5780346820809249	0.9980272418159519	1.0	3/35	2.18%	DNM2;CTSZ;CLVS2
GSE46798_exposure_corrected	prerank	Platelet degranulation	-0.25045984158450696	-0.9225825896559604	0.6440860215053763	0.8028630789434704	1.0	38/123	30.83%	TGFB3;IGF1;TTN;FERMT3;ISLR;ABCC4;ALB;PECAM1;F13A1;MMRN1;PPBP;PLEK;THBS1;SELP;OLA1;PROS1;KNG1;ITIH4;FAM3C;SERPINE1;PCYOX1L;MANF;TGFB2;APLP2;FLNA;VCL;PFN1;ACTN1;VEGFA;BRPF3;PLG;HRG;PCDH7;TEX264;ACTN2;SCCPDH;FGA;CALM1
GSE46798_exposure_corrected	prerank	Respiratory syncytial virus (RSV) attachment and entry	0.2645325407723902	0.9222632746515628	0.5679611650485437	0.9911560093992098	1.0	9/23	17.77%	CX3CR1;LY96;FURIN;TLR4;SDC3;RAB5C;GPC3;SDC4;AGRN
GSE46798_exposure_corrected	prerank	Mitochondrial translation elongation	-0.26038972704814917	-0.9221801305980436	0.6373873873873874	0.8030099598516192	1.0	51/86	52.98%	MRPL57;PTCD3;MRPL42;MRPS17;MRPL1;MRPL47;MRPL39;DAP3;MRPS18B;MRPS33;CHCHD1;MRPL9;MRPL44;MRPS7;MRPS23;MRPS15;MRPL51;MRPL50;MRPL3;MRPL40;MRPL10;MRPS14;MRPS22;MRPL30;MRPS16;MRPL58;MRPL53;MRPS27;MRPL20;TSFM;MRPL17;MRPS25;MRPL37;GFM1;MRPS26;MRPS5;MRPS28;MRPS10;MRPL35;MRPS9;MRPL19;MRPL45;MRPL52;MRPS18A;MRPL15;MRPL32;MRPL22;MRPS2;OXA1L;MRPL16;ERAL1
GSE46798_exposure_corrected	prerank	Regulation of signaling by NODAL	-0.3871327401966574	-0.9219932342127634	0.5720164609053497	0.8026972028471833	1.0	1/10	0.78%	DAND5
GSE46798_exposure_corrected	prerank	tRNA modification in the mitochondrion	-0.39893002717294357	-0.9218466183023052	0.57991513437058	0.8022918890470225	1.0	2/10	5.72%	YRDC;TRMT61B
GSE46798_exposure_corrected	prerank	Nucleotide-like (purinergic) receptors	0.2956127955872011	0.9211828211529406	0.49122807017543857	0.9863060218317599	1.0	5/16	18.55%	ADORA2B;P2RY14;P2RY11;GPR17;LPAR4
GSE46798_exposure_corrected	prerank	Branched-chain amino acid catabolism	-0.3260374491057614	-0.920955211992466	0.5852417302798982	0.8034659570404977	1.0	12/23	46.37%	BCAT1;ACAT1;ECHS1;DBT;MCCC1;CRAT;HIBCH;SLC25A44;BCKDHB;DLD;IVD;HIBADH
GSE46798_exposure_corrected	prerank	NuRD complex assembly	-0.3025062298380956	-0.9200844691360188	0.6065375302663438	0.8045496969406382	1.0	8/35	12.31%	ZNF592;ZMYND8;CDK2AP1;RBBP7;CHD5;HDAC2;MTA1;NR2F2
GSE46798_exposure_corrected	prerank	E2F mediated regulation of DNA replication	-0.3224737761481751	-0.9198992092805073	0.6053921568627451	0.8041944739482729	1.0	10/22	33.53%	ORC6;MCM8;ORC4;ORC2;ORC3;PPP2CA;POLA1;POLA2;PPP2R1A;CDK1
GSE46798_exposure_corrected	prerank	p38MAPK events	-0.36569830092257416	-0.9197845121957364	0.590027700831025	0.803711482552261	1.0	7/13	51.39%	HRAS;MAPKAPK3;RALA;RALGDS;NRAS;RALB;MAPK12
GSE46798_exposure_corrected	prerank	Apoptotic cleavage of cellular proteins	-0.29467666653688385	-0.9190595089323813	0.6038415366146459	0.8045374471787489	1.0	15/38	30.18%	SPTAN1;PTK2;APC;ADD1;SATB1;ROCK1;BIRC2;LMNB1;DSP;OCLN;CASP6;GSN;BCAP31;CASP3;VIM
GSE46798_exposure_corrected	prerank	Association of TriC/CCT with target proteins during biosynthesis	-0.2963871094560454	-0.9187518116105435	0.6228710462287105	0.8044357701373316	1.0	23/35	53.98%	HDAC3;TCP1;USP11;FBXW5;SPHK1;CCT6B;KIF13A;TP53;CCT6A;FBXO6;FBXL5;CCT8;CCT5;DCAF7;NOP56;FBXL3;CCT4;ARFGEF2;CCT2;FBXW2;AP3M1;FBXW7;FBXW9
GSE46798_exposure_corrected	prerank	Cellular response to chemical stress	-0.23751551869145873	-0.9186220412775818	0.6804550155118925	0.8040052513336418	1.0	59/187	28.59%	CHD6;RPS27A;ALB;BCL2L1;HDAC3;EIF2AK3;NLRP3;PSMD14;HBB;PSMA4;PSMC5;NCOA6;ERO1A;CREBBP;AMER1;G6PD;MYC;COX5A;PSMD1;PSMC3;ME1;TBL1XR1;CHD9;NCOR2;SMARCD3;NOX4;UBC;NCOA2;MAFG;COX7C;PSMA3;CAT;PSMB2;SKP1;COX7A2L;COX7B;RBX1;MED1;CUL3;PSMB7;ATP7A;PSMB4;SOD2;CARM1;COX6C;FABP1;GSK3B;IDH1;PSMD11;TXNIP;BLVRA;PSMD13;PSMA5;AKT3;ADRM1;UBXN7;PSMA6;PSMA2;AKT1
GSE46798_exposure_corrected	prerank	Interleukin-7 signaling	-0.3155561968308884	-0.9160296228490283	0.5949685534591195	0.8086708264402316	1.0	8/23	32.38%	IL2RG;SMARCA4;SOCS2;IL7;BRWD1;TSLP;PIK3R1;PIK3R2
GSE46798_exposure_corrected	prerank	IRS-related events triggered by IGF1R	-0.27873293666235094	-0.9156078635553463	0.6067285382830626	0.8088102510414843	1.0	13/51	25.30%	IRS4;IGF1;PIK3C3;GAB2;FGF1;FGF9;PTPN11;FGFR3;HRAS;PIK3CB;PIK3CA;PIK3R4;PDE3B
GSE46798_exposure_corrected	prerank	STING mediated induction of host immune responses	-0.36844953001326775	-0.9148776998265911	0.5714285714285714	0.8095339554330937	1.0	9/13	43.35%	IFI16;XRCC5;STAT6;TBK1;PRKDC;DDX41;DTX4;TRIM21;NLRC3
GSE46798_exposure_corrected	prerank	GP1b-IX-V activation signalling	-0.38284344779595597	-0.9143314943145886	0.5775623268698061	0.8099201409100885	1.0	6/11	27.88%	GP9;COL1A2;GP5;GP1BA;FLNA;PIK3R1
GSE46798_exposure_corrected	prerank	Keratan sulfate biosynthesis	0.24601502772199488	0.914317154291235	0.572139303482587	0.9988107293408379	1.0	3/29	3.60%	OGN;B3GNT7;CHST5
GSE46798_exposure_corrected	prerank	Purine salvage	-0.3722710731101255	-0.9140618647147923	0.5846994535519126	0.8097891542235867	1.0	10/12	54.47%	GMPR2;HPRT1;AMPD1;AMPD2;ADK;APRT;GMPR;DCK;PNP;DGUOK
GSE46798_exposure_corrected	prerank	Mitochondrial translation	-0.2536850209928683	-0.9128349041189815	0.664071190211346	0.8116342371223904	1.0	56/96	52.98%	MTIF2;MRPL57;PTCD3;MRPL42;MRPS17;MRPL1;MRPL47;MTIF3;MRPL39;DAP3;MRPS18B;MRPS33;CHCHD1;MRPL9;MRPL44;MRPS7;MRPS23;MTRF1L;MRPS15;MRPL51;GFM2;MRPL50;MRPL3;MRPL40;MRPL10;MRPS14;MRPS22;MRPL30;MRPS16;MRPL58;MRPL53;MRPS27;MRPL20;TSFM;MRPL17;MRPS25;MRPL37;GFM1;NDUFAB1;MRPS26;MRPS5;MRPS28;MRPS10;MRPL35;MRPS9;MRPL19;MRPL45;MRPL52;MRPS18A;MRPL15;MRPL32;MRPL22;MRPS2;OXA1L;MRPL16;ERAL1
GSE46798_exposure_corrected	prerank	NCAM signaling for neurite out-growth	-0.2673906624142422	-0.9109078730224838	0.6423766816143498	0.8148955938529286	1.0	9/62	10.05%	GDNF;FYN;CREB1;GFRA1;SPTAN1;ST8SIA4;SPTBN1;CNTN2;PTK2
GSE46798_exposure_corrected	prerank	Signaling by high-kinase activity BRAF mutants	-0.2924662281716323	-0.91081947115101	0.5859188544152745	0.8143605552170727	1.0	16/36	42.08%	ARRB1;CNKSR2;MAP2K2;KSR2;HRAS;VCL;MARK3;ARRB2;CNKSR1;FGA;YWHAB;FGG;CSK;PEBP1;RAF1;MAPK3
GSE46798_exposure_corrected	prerank	Plasma lipoprotein remodeling	-0.29619354825767946	-0.9092935213038648	0.631578947368421	0.8167754908332956	1.0	9/34	19.38%	APOA5;ALB;LMF2;PCSK6;MBTPS1;MBTPS2;CIDEC;CREB3L3;ANGPTL8
GSE46798_exposure_corrected	prerank	Interleukin-6 family signaling	-0.319710569616667	-0.9092160789875766	0.5875634517766497	0.8162138018195785	1.0	8/22	24.70%	CLCF1;CTF1;PTPN11;STAT1;IL6ST;SOCS3;IL6R;CBL
GSE46798_exposure_corrected	prerank	Modulation of host responses by IFN-stimulated genes	0.279497831637702	0.9085284973576119	0.576271186440678	1.0	1.0	4/18	11.83%	IFI27;ATF6;IFI44L;ISG15
GSE46798_exposure_corrected	prerank	Integrin cell surface interactions	-0.25526431483410705	-0.9078535642467374	0.6406593406593407	0.8182757531041774	1.0	32/85	35.44%	MADCAM1;COL8A2;ITGA4;ITGA11;PECAM1;THBS1;VCAM1;COL1A2;ITGB8;VTN;COL6A3;ITGAE;ICAM4;COL3A1;ICAM1;ITGA7;FBN1;CD47;IBSP;JAM3;ITGA9;COL4A4;COL4A2;COL5A2;FGA;COL16A1;ITGB1;FGG;ITGA3;COL5A1;ITGB2;COL8A1
GSE46798_exposure_corrected	prerank	Regulation of TP53 Activity through Association with Co-factors	0.29750667865395375	0.9078018987380545	0.5697211155378487	1.0	1.0	4/14	12.58%	ZNF385A;TP73;AKT2;POU4F1
GSE46798_exposure_corrected	prerank	MTOR signalling	-0.27764698751329847	-0.9077271997041529	0.6297142857142857	0.817830279182531	1.0	28/51	38.47%	STK11;TNRC6C;AGO1;STRADB;LAMTOR3;AGO3;MTOR;PRKAB2;CAB39L;CAB39;MLST8;PRKAA1;EEF2K;PPM1A;AGO2;STRADA;RRAGD;TSC1;AKT3;AKT1;PRKAG1;YWHAB;LAMTOR1;RPS6KB1;TNRC6A;EIF4B;RRAGB;TNRC6B
GSE46798_exposure_corrected	prerank	SUMOylation of DNA replication proteins	-0.2803977121220872	-0.9074145715987278	0.6304849884526559	0.8177866585283394	1.0	25/45	45.78%	NUP35;NUP188;NUP88;RANGAP1;NUP98;NUP133;NUP160;NUP93;TOP2B;NUP214;AAAS;POM121C;NUP37;NUP205;PIAS4;NUP62;NUP107;INCENP;TOP2A;NUP210;TOP1;NUP155;NUP43;NUP58;SUMO1
GSE46798_exposure_corrected	prerank	Mitochondrial translation termination	-0.2551002490864338	-0.907322707241865	0.6621773288439955	0.8172740575632784	1.0	51/87	52.98%	MRPL57;PTCD3;MRPL42;MRPS17;MRPL1;MRPL47;MRPL39;DAP3;MRPS18B;MRPS33;CHCHD1;MRPL9;MRPL44;MRPS7;MRPS23;MTRF1L;MRPS15;MRPL51;GFM2;MRPL50;MRPL3;MRPL40;MRPL10;MRPS14;MRPS22;MRPL30;MRPS16;MRPL58;MRPL53;MRPS27;MRPL20;MRPL17;MRPS25;MRPL37;MRPS26;MRPS5;MRPS28;MRPS10;MRPL35;MRPS9;MRPL19;MRPL45;MRPL52;MRPS18A;MRPL15;MRPL32;MRPL22;MRPS2;OXA1L;MRPL16;ERAL1
GSE46798_exposure_corrected	prerank	Chaperonin-mediated protein folding	-0.25379519259563904	-0.9063611561089753	0.6430939226519337	0.8184635050100447	1.0	58/87	55.81%	HDAC3;GNAQ;TCP1;TUBA1A;TUBB4A;TUBA8;GNG5;USP11;TUBB2B;GNG8;GNB1;TUBA3E;GNGT2;FBXW5;SPHK1;CCT6B;RGS11;KIF13A;TUBA1B;GNB5;TP53;CCT6A;VBP1;FBXO6;FBXL5;GNB4;GNG7;CCT8;GNB2;CSNK2A2;GNG2;CCT5;DCAF7;NOP56;TUBAL3;FBXL3;PFDN6;RGS9;CCT4;ARFGEF2;CCT2;GNG10;TUBB1;GNA14;FBXW2;AP3M1;RGS7;GNGT1;FBXW7;TUBA3D;FBXW9;TUBB2A;CSNK2A1;TUBB3;GNA15;TUBA1C;GNG4;GNG12
GSE46798_exposure_corrected	prerank	Sialic acid metabolism	-0.29520897977473903	-0.9063379195048274	0.6084788029925187	0.8177963548049904	1.0	13/33	34.64%	ST3GAL1;ST8SIA4;SLC35A1;ST6GALNAC3;ST8SIA6;ST3GAL5;ST8SIA1;ST3GAL3;ST8SIA3;ST8SIA2;ST6GAL1;NEU2;GNE
GSE46798_exposure_corrected	prerank	Competing endogenous RNAs (ceRNAs) regulate PTEN translation	-0.3606907705446629	-0.9047412883261313	0.6072386058981233	0.8203923188544087	1.0	3/13	11.71%	TNRC6C;AGO1;AGO3
GSE46798_exposure_corrected	prerank	Bile acid and bile salt metabolism	-0.284215747637723	-0.9043748688893479	0.6425233644859814	0.8204368406267505	1.0	18/43	36.67%	AKR1D1;ALB;AKR1C4;HSD17B4;CYP7B1;OSBPL3;AKR1C2;NCOA2;CYP7A1;ABCD3;FABP6;OSBPL6;NR1H4;SCP2;OSBP;CYP46A1;OSBPL7;OSBPL9
GSE46798_exposure_corrected	prerank	MET activates RAP1 and RAC1	-0.37773373059016535	-0.9037846707424728	0.6002766251728907	0.8210089874895841	1.0	2/11	7.95%	MET;RAPGEF1
GSE46798_exposure_corrected	prerank	FLT3 Signaling	0.23231896318923012	0.903364035867837	0.5987261146496815	1.0	1.0	9/37	10.53%	ABL2;BCL2L11;SOCS6;UBB;SOS1;FLT3;SYK;AKT2;PTPRJ
GSE46798_exposure_corrected	prerank	Diseases of glycosylation	-0.24093796224814013	-0.9022000454109708	0.6890756302521008	0.8234475495265252	1.0	50/139	33.09%	GALNT3;MUC5B;LARGE1;PMM2;LFNG;SDC1;MUC17;ADAMTS1;NOTCH3;CHST14;ADAMTS10;KERA;GPC5;EXT2;THBS1;NOTCH2;ALG8;C1GALT1;ADAMTS3;SPON2;SPON1;ADAMTSL3;RFT1;MUC15;ADAMTS8;MPI;GPC2;GALNT12;GALT;GPC1;VCAN;MUC7;CHSY1;MGAT2;ALG2;MAN1B1;ST3GAL3;SRD5A3;POMT2;B3GALT6;C1GALT1C1;ALG3;CHST3;GALE;ADAMTS15;ACAN;GPC4;POMGNT1;DPAGT1;THSD7A
GSE46798_exposure_corrected	prerank	Protein folding	-0.2502304249369117	-0.9021182354914212	0.6575492341356673	0.822871667707308	1.0	62/93	55.81%	HDAC3;GNAQ;TCP1;TUBA1A;TUBB4A;TUBA8;GNG5;USP11;TUBB2B;GNG8;GNB1;TUBA3E;GNGT2;FBXW5;SPHK1;CCT6B;RGS11;KIF13A;TUBA1B;GNB5;TP53;CCT6A;VBP1;FBXO6;FBXL5;GNB4;GNG7;CCT8;GNB2;CSNK2A2;ARL2;TBCD;GNG2;CCT5;DCAF7;NOP56;TUBAL3;FBXL3;PFDN6;RGS9;CCT4;ARFGEF2;CCT2;GNG10;TUBB1;GNA14;TBCA;FBXW2;AP3M1;RGS7;GNGT1;FBXW7;TUBA3D;FBXW9;TUBB2A;TBCE;CSNK2A1;TUBB3;GNA15;TUBA1C;GNG4;GNG12
GSE46798_exposure_corrected	prerank	Regulation of BACH1 activity	-0.36675372741214096	-0.9019634695488076	0.5997322623828648	0.8224673350757117	1.0	4/12	20.08%	RPS27A;UBC;SKP1;RBX1
GSE46798_exposure_corrected	prerank	Defective pyroptosis	-0.37206024263222387	-0.9019566877429165	0.6117969821673526	0.8217769393034204	1.0	7/12	36.19%	RBBP7;DNMT3B;POLA1;POLA2;RBBP4;SUZ12;EED
GSE46798_exposure_corrected	prerank	KEAP1-NFE2L2 pathway	-0.24507652333173213	-0.9014655929695795	0.6727861771058316	0.8220369820002248	1.0	37/108	31.02%	CHD6;RPS27A;BCL2L1;EIF2AK3;PSMD14;PSMA4;PSMC5;CREBBP;AMER1;G6PD;MYC;PSMD1;PSMC3;ME1;UBC;MAFG;PSMA3;PSMB2;SKP1;RBX1;CUL3;PSMB7;PSMB4;GSK3B;IDH1;PSMD11;PSMD13;PSMA5;AKT3;ADRM1;UBXN7;PSMA6;PSMA2;AKT1;PSMC6;BCL2;PSMD2
GSE46798_exposure_corrected	prerank	Downstream signal transduction	-0.30036709079656965	-0.9009953981460566	0.6309963099630996	0.8222737119671159	1.0	12/29	32.38%	RAPGEF1;PTPN11;STAT1;STAT6;HRAS;PIK3CB;PIK3CA;PLCG1;PIK3R1;NCK2;PDGFRB;PIK3R2
GSE46798_exposure_corrected	prerank	Glycosphingolipid metabolism	0.21245953245661278	0.8970297843818338	0.6776859504132231	1.0	1.0	13/55	15.53%	B3GALT4;GBA3;NEU1;ARSI;ARSJ;STS;ARSF;GLB1L2;NEU3;SMPD3;SMPD2;GLB1L;ARSG
GSE46798_exposure_corrected	prerank	G1 Phase	-0.2746607369752091	-0.8961362895166393	0.6522234891676169	0.8305339928684176	1.0	22/47	42.86%	LYN;RPS27A;E2F5;UBC;SKP1;CDKN1C;PPP2CA;CCND2;PPP2R1A;CDKN2D;JAK2;CDKN1B;ABL1;CCNH;MNAT1;CCND1;SKP2;E2F3;TFDP2;E2F1;PPP2R1B;CDK4
GSE46798_exposure_corrected	prerank	Cyclin D associated events in G1	-0.2746607369752091	-0.8961362895166393	0.6522234891676169	0.8305339928684176	1.0	22/47	42.86%	LYN;RPS27A;E2F5;UBC;SKP1;CDKN1C;PPP2CA;CCND2;PPP2R1A;CDKN2D;JAK2;CDKN1B;ABL1;CCNH;MNAT1;CCND1;SKP2;E2F3;TFDP2;E2F1;PPP2R1B;CDK4
GSE46798_exposure_corrected	prerank	Carnitine shuttle	-0.3550227314910726	-0.8961016293106174	0.611032531824611	0.8298934543701755	1.0	6/14	16.25%	PPARD;ACACB;CPT1A;PRKAB2;ACACA;MID1IP1
GSE46798_exposure_corrected	prerank	Interferon gamma signaling	-0.24783733519505374	-0.8959544426073254	0.6612021857923497	0.829474586515078	1.0	25/96	27.04%	HLA-DRB3;TRIM34;TRIM62;IRF6;PTAFR;TRIM5;VCAM1;CAMK2D;GBP1;OASL;PTPN11;STAT1;TRIM48;TRIM2;TRIM29;B2M;CAMK2B;SOCS3;TRIM10;ICAM1;HLA-DRA;PIAS1;TRIM8;GBP7;TRIM22
GSE46798_exposure_corrected	prerank	Pyrimidine salvage	0.3281516758592618	0.8949025317288345	0.5650406504065041	1.0	1.0	3/11	10.09%	TK2;CDA;UPP2
GSE46798_exposure_corrected	prerank	Deadenylation-dependent mRNA decay	-0.27273944915886045	-0.894102024874461	0.6409952606635071	0.8324759982825298	1.0	27/50	44.47%	CNOT4;PAN2;PAN3;LSM1;EDC3;TNKS1BP1;HBS1L;EIF4A2;LSM6;CNOT11;EXOSC9;PABPC1;LSM3;CNOT9;EXOSC2;EXOSC3;CNOT3;CNOT1;DCP2;EIF4B;EXOSC4;EIF4A1;CNOT7;PAIP1;PARN;LSM2;PATL1
GSE46798_exposure_corrected	prerank	Cytosolic sulfonation of small molecules	0.2895833230931636	0.8931614112613084	0.5882352941176471	1.0	1.0	5/16	13.93%	ABHD14B;SULT1B1;SULT1E1;SULT2A1;BPNT1
GSE46798_exposure_corrected	prerank	Purine catabolism	-0.3400026303896869	-0.8928289937494878	0.6154873164218959	0.8342430070155074	1.0	6/17	36.16%	NUDT15;NT5E;ITPA;NUDT1;GDA;NUDT16
GSE46798_exposure_corrected	prerank	Resolution of AP sites via the multiple-nucleotide patch replacement pathway	-0.3124337836220823	-0.8927722766332474	0.6251604621309371	0.8336369418824552	1.0	7/24	27.33%	RFC1;PARP2;RPA3;POLD3;PARP1;RPA1;POLE2
GSE46798_exposure_corrected	prerank	CLEC7A (Dectin-1) induces NFAT activation	-0.3774531314626911	-0.8927500684940904	0.6220362622036262	0.8329656054300544	1.0	6/11	33.25%	PPP3CB;PPP3R1;PPP3CA;CALM1;NFATC3;AHCYL1
GSE46798_exposure_corrected	prerank	Peptide hormone metabolism	-0.2550665685029247	-0.8924109508683244	0.6670378619153675	0.8329225373093248	1.0	30/82	28.10%	IGF1;LEP;ISL1;INHA;INHBE;EXOC7;KIF5C;FFAR1;GIP;SPCS2;TSHB;MYO5A;ACHE;GNB1;INHBB;EXOC4;ACE2;GCG;PCSK1;VAMP2;ATP6AP2;KIF5A;PAX6;BCHE;CMA1;KIF5B;CPE;SEC11A;SEC11C;AGT
GSE46798_exposure_corrected	prerank	Mitochondrial ribosome-associated quality control	-0.25149798860855677	-0.8922313132238113	0.6782511210762332	0.8325231780784313	1.0	50/86	52.98%	MRPL57;PTCD3;MRPL42;MRPS17;MRPL1;MRPL47;MRPL39;DAP3;MRPS18B;MRPS33;CHCHD1;MRPL9;MRPL44;MRPS7;MRPS23;MRPS15;MRPL51;MRPL50;MRPL3;MRPL40;MRPL10;MRPS14;MRPS22;MRPL30;MRPS16;MRPL58;MRPL53;MRPS27;MRPL20;MRPL17;MRPS25;MRPL37;NDUFAB1;MRPS26;MRPS5;MRPS28;MRPS10;MRPL35;MRPS9;MRPL19;MRPL45;MRPL52;MRPS18A;MRPL15;MRPL32;MRPL22;MRPS2;OXA1L;MRPL16;ERAL1
GSE46798_exposure_corrected	prerank	Cytochrome c-mediated apoptotic response	-0.3625106437778796	-0.8919373786499907	0.6378378378378379	0.8324135164604722	1.0	8/13	42.08%	UACA;APAF1;CASP3;CARD8;AVEN;CASP9;CYCS;MAPK3
GSE46798_exposure_corrected	prerank	Immunoregulatory interactions between a Lymphoid and a non-Lymphoid cell	-0.2397940316455712	-0.8900951433519514	0.6969376979936642	0.8354551622020917	1.0	51/128	33.90%	FCGR3A;LILRB3;SLAMF7;MADCAM1;LILRB1;TREM1;ITGA4;JAML;SIGLEC7;SIGLEC6;TREML2;LILRB2;CD300LD;VCAM1;COL1A2;TREML1;CD1B;CD160;CD200R1;CD1A;KIR2DL1;CD300A;B2M;IFITM1;SIGLEC5;CD99;CD34;CLEC2D;ICAM4;COL3A1;ICAM1;CXADR;CD200;CLEC2B;NPDC1;FCGR2B;CD300LF;CD300C;CD33;LILRB5;LAIR1;ITGB1;CD19;KLRF1;CD22;HLA-G;NCR1;CD300E;HLA-E;SH2D1B;COLEC12
GSE46798_exposure_corrected	prerank	Downstream signaling of activated FGFR2	0.23544457105775843	0.8893394285319168	0.6161616161616161	1.0	1.0	10/30	17.69%	FGF2;FGF22;FGF20;SOS1;FRS2;FGF6;FGF7;FGF3;FGF5;FGF10
GSE46798_exposure_corrected	prerank	Maturation of hRSV A proteins	-0.34917517931388553	-0.8883001759397929	0.6240105540897097	0.8382980711460704	1.0	7/14	37.02%	SPCS2;XPO1;KPNB1;SEC11A;SEC11C;SPCS1;CSNK2A2
GSE46798_exposure_corrected	prerank	FOXO-mediated transcription of cell death genes	-0.3427404337902639	-0.8878992747573763	0.6229086229086229	0.8383708392493053	1.0	5/16	18.67%	FOXO1;STK11;CREBBP;PINK1;BBC3
GSE46798_exposure_corrected	prerank	Diseases of metabolism	-0.22713319914264346	-0.8878608863750301	0.7527862208713273	0.8377364933479409	1.0	88/258	31.09%	MMAA;GALNT3;MAOA;CYP26B1;MUC5B;NHLRC1;RPS27A;LARGE1;PMM2;GYG2;LFNG;SDC1;MUC17;GALNS;ADAMTS1;ABCA3;CSF2RA;GBE1;CSF2RB;NOTCH3;CHST14;ADAMTS10;HYAL1;EPM2A;KERA;GPC5;MTR;EXT2;THBS1;NOTCH2;HLCS;SLC35D1;CYP7B1;ALG8;CUBN;C1GALT1;ACACA;ADAMTS3;SPON2;SPON1;ADAMTSL3;HGSNAT;UBC;RFT1;MTRR;HPRT1;MUC15;ALDOB;MMADHC;ACAT1;ECHS1;DBT;CYP2R1;ADAMTS8;MPI;MCCC1;GPC2;GALNT12;GALT;CYP1B1;GPC1;CYP11A1;VCAN;MUC7;GYG1;CHSY1;GAA;MGAT2;FDX1;IDH1;ALG2;PCCA;MAN1B1;NMRAL1;ST3GAL3;SRD5A3;POMT2;UGT1A1;LMBRD1;B3GALT6;MMAB;C1GALT1C1;ALG3;CHST3;GALE;ARSB;ADAMTS15;ACAN
GSE46798_exposure_corrected	prerank	IGF1R signaling cascade	-0.2702806679453005	-0.8874527510232771	0.6542491268917345	0.8377987890335499	1.0	13/52	25.30%	IRS4;IGF1;PIK3C3;GAB2;FGF1;FGF9;PTPN11;FGFR3;HRAS;PIK3CB;PIK3CA;PIK3R4;PDE3B
GSE46798_exposure_corrected	prerank	Translesion synthesis by POLI	-0.33707086227560557	-0.8870046775538591	0.6187335092348285	0.8379781599123808	1.0	5/17	24.32%	RPS27A;RFC1;UBC;RPA3;RPA1
GSE46798_exposure_corrected	prerank	Growth hormone receptor signaling	-0.30845946825141335	-0.8851142392840383	0.6529032258064517	0.8410491412510969	1.0	5/24	20.43%	LYN;SOCS2;ADAM17;STAT1;SOCS3
GSE46798_exposure_corrected	prerank	Biosynthesis of specialized proresolving mediators (SPMs)	0.2708501386856218	0.8848606447058923	0.6025641025641025	1.0	1.0	3/18	3.61%	HPGD;CYP3A4;ALOX12
GSE46798_exposure_corrected	prerank	ABC transporters in lipid homeostasis	-0.33230078219283055	-0.8845930013476367	0.6205128205128205	0.8413289379592408	1.0	5/17	23.17%	ABCA3;ABCA5;PEX19;ABCA2;ABCD3
GSE46798_exposure_corrected	prerank	Regulation of TBK1, IKKε (IKBKE)-mediated activation of IRF3, IRF7	-0.3481296586422302	-0.884400294394803	0.6492637215528781	0.8410022659183396	1.0	7/14	30.84%	RPS27A;CD14;OPTN;UBC;TBK1;TANK;TICAM1
GSE46798_exposure_corrected	prerank	RUNX1 regulates genes involved in megakaryocyte differentiation and platelet function	-0.28440399879120903	-0.8835662568023375	0.6507177033492823	0.8418960945035876	1.0	6/37	13.75%	KMT2D;TNRC6C;AGO1;THBS1;AGO3;CBFB
GSE46798_exposure_corrected	prerank	ADP signalling through P2Y purinoceptor 1	-0.3039202135722381	-0.8834156093090613	0.6357947434292867	0.8414626830340531	1.0	5/25	16.56%	GNAQ;GNG5;GNG8;GNB1;GNGT2
GSE46798_exposure_corrected	prerank	Activation of Ca-permeable Kainate Receptor	-0.37828193233413665	-0.881063717966063	0.6328233657858137	0.8445792816383308	1.0	5/10	30.98%	GRIK4;NCALD;DLG4;CALM1;DLG3
GSE46798_exposure_corrected	prerank	Ionotropic activity of kainate receptors	-0.37828193233413665	-0.881063717966063	0.6328233657858137	0.8445792816383308	1.0	5/10	30.98%	GRIK4;NCALD;DLG4;CALM1;DLG3
GSE46798_exposure_corrected	prerank	Phase 4 - resting membrane potential	-0.3277212831088009	-0.8794782582954054	0.6442687747035574	0.8469649361854822	1.0	6/19	18.25%	KCNJ2;KCNK10;KCNK3;KCNK2;KCNK17;KCNK16
GSE46798_exposure_corrected	prerank	Regulation of beta-cell development	-0.27587730002396277	-0.8785779066056121	0.6730769230769231	0.8479546396139435	1.0	5/41	8.80%	HES1;FOXO1;MAMLD1;NEUROD1;CREBBP
GSE46798_exposure_corrected	prerank	Eicosanoid ligand-binding receptors	0.2732105264483271	0.878498620076234	0.6059322033898306	1.0	1.0	6/15	19.25%	PTGER3;PTGER2;OXER1;GPR17;TBXA2R;PTGDR
GSE46798_exposure_corrected	prerank	Insulin receptor recycling	0.23889781359303594	0.8771074446507732	0.6262626262626263	1.0	1.0	7/28	14.25%	ATP6V0A4;ATP6V1G3;INSR;ATP6V0B;TCIRG1;ATP6V0D1;ATP6V0A2
GSE46798_exposure_corrected	prerank	Translesion synthesis by REV1	-0.33843236160465745	-0.8770128171620533	0.6306666666666667	0.8501877465616134	1.0	5/16	24.32%	RPS27A;RFC1;UBC;RPA3;RPA1
GSE46798_exposure_corrected	prerank	Amine ligand-binding receptors	-0.2798799168740472	-0.8766868621225051	0.6746126340882003	0.8500692614599111	1.0	8/39	15.78%	ADRB2;TAAR6;CHRM3;HRH4;TAAR5;HTR5A;HTR7;ADRA2B
GSE46798_exposure_corrected	prerank	Class I peroxisomal membrane protein import	-0.32900345317748153	-0.8762816148390473	0.6290115532734275	0.8500651901898616	1.0	9/19	37.23%	PEX13;ATAD1;SLC25A17;ALDH3A2;PEX19;ABCD3;PEX12;PEX14;PEX26
GSE46798_exposure_corrected	prerank	Defective B3GALT6 causes EDSP2 and SEMDJL1	-0.3104577860741106	-0.8762001768500158	0.646606914212548	0.8494869655496836	1.0	7/20	31.53%	SDC1;GPC5;GPC2;GPC1;VCAN;B3GALT6;GPC4
GSE46798_exposure_corrected	prerank	Inhibition of DNA recombination at telomere	-0.3185495848863386	-0.8761656629703026	0.6754057428214731	0.8488375558663883	1.0	11/20	46.57%	POLR2G;TERF1;TERF2;POT1;DAXX;POLR2B;POLR2H;ACD;POLR2K;TERF2IP;POLR2A
GSE46798_exposure_corrected	prerank	Epigenetic regulation by WDR5-containing histone modifying complexes	-0.2418822907846759	-0.8760271787898715	0.7086021505376344	0.8483921682157615	1.0	21/106	22.03%	KMT2D;PSIP1;HDAC3;FABP4;OGT;DR1;ADIPOQ;NCOA6;CREBBP;PLIN1;PAGR1;NCOA3;TBL1XR1;NCOR2;NCOA2;CIDEC;KAT2B;MED4;PHLDA1;MED1;YEATS2
GSE46798_exposure_corrected	prerank	Endosomal/Vacuolar pathway	-0.3569903399901576	-0.8741768520708064	0.6408450704225352	0.8510868016146833	1.0	6/12	39.73%	CTSS;B2M;HLA-G;HLA-E;CTSL;HLA-C
GSE46798_exposure_corrected	prerank	Inactivation, recovery and regulation of the phototransduction cascade	-0.29336915736469515	-0.8738360773438281	0.6670731707317074	0.851039244576974	1.0	15/30	45.53%	GRK1;NMT1;PRKCA;GNB1;METAP1;CALM1;GNB5;GUCY2F;PPEF1;GUCA1B;METAP2;NMT2;PDE6A;FNTB;RGS9
GSE46798_exposure_corrected	prerank	Signal attenuation	0.3187355131429699	0.8736204606582907	0.6060606060606061	1.0	1.0	10/10	68.14%	SOS1;INSR;IRS2;MAPK1;IRS1;GRB2;MAPK3;SHC1;GRB10;INS
GSE46798_exposure_corrected	prerank	Tristetraprolin (TTP, ZFP36) binds and destabilizes mRNA	0.27365564874198334	0.8730685988495852	0.6160337552742616	1.0	1.0	17/17	72.66%	EXOSC8;XRN1;DCP1A;DIS3;EXOSC7;ZFP36;MAPKAPK2;EXOSC5;EXOSC1;EXOSC6;TNPO1;EXOSC4;DCP2;YWHAB;EXOSC3;EXOSC2;EXOSC9
GSE46798_exposure_corrected	prerank	Signaling by LTK	-0.37895158124754713	-0.8729914736456551	0.6363636363636364	0.8519133303372942	1.0	7/10	42.82%	TNK2;PIK3CB;PIK3CA;PIK3R1;PIK3R2;SHC1;GRB2
GSE46798_exposure_corrected	prerank	Synthesis of pyrophosphates in the cytosol	0.31843302335132767	0.8709494785939536	0.6293706293706294	1.0	1.0	2/10	4.32%	PPIP5K2;IPPK
GSE46798_exposure_corrected	prerank	TFAP2 (AP-2) family regulates transcription of growth factors and their receptors	-0.35248767093593525	-0.8705004056390548	0.6241234221598878	0.8559439753116348	1.0	6/13	31.82%	KIT;ERBB2;ATAD2;YY1;VEGFA;CGA
GSE46798_exposure_corrected	prerank	Regulation of Insulin-like Growth Factor (IGF) transport and uptake by Insulin-like Growth Factor Binding Proteins (IGFBPs)	-0.23826215705787632	-0.8703028792999465	0.7311827956989247	0.8555875807275843	1.0	27/116	23.80%	IGF1;PRSS23;PCSK9;APOA5;ALB;IGFBP3;FAM20C;LAMC1;KTN1;SCG2;VGF;KNG1;MBTPS1;RCN1;AMBN;IGFBP1;BMP15;IGFBP5;GOLM1;FUCA2;PRKCSH;APLP2;MMP2;FBN1;SERPINA10;PAPPA;VCAN
GSE46798_exposure_corrected	prerank	Collagen biosynthesis and modifying enzymes	0.1929125732092308	0.8698017927705701	0.780952380952381	1.0	1.0	9/67	7.19%	COL27A1;ADAMTS2;COL5A3;TLL1;COL15A1;COL12A1;COL20A1;SERPINH1;TLL2
GSE46798_exposure_corrected	prerank	Post-translational protein phosphorylation	-0.23999795850328853	-0.8688973695706835	0.7275675675675676	0.857489186427989	1.0	24/101	23.80%	PRSS23;PCSK9;APOA5;ALB;IGFBP3;FAM20C;LAMC1;KTN1;SCG2;VGF;KNG1;MBTPS1;RCN1;AMBN;IGFBP1;BMP15;IGFBP5;GOLM1;FUCA2;PRKCSH;APLP2;FBN1;SERPINA10;VCAN
GSE46798_exposure_corrected	prerank	Constitutive Signaling by Aberrant PI3K in Cancer	-0.24683226071504993	-0.8688673627922887	0.7048260381593715	0.856836552758716	1.0	29/83	32.70%	VAV1;FYN;EREG;GAB2;MET;PIK3CD;KIT;STRN;FGF1;PIK3CG;FGF9;PTPN11;FGFR3;ERBB2;CD80;KITLG;NTRK3;PIK3CB;PIK3CA;NRG1;NTRK2;TRAT1;CD28;PIK3R1;NRG3;PDGFRB;CD19;PIK3R2;RAC1
GSE46798_exposure_corrected	prerank	Signaling by Insulin receptor	0.1866747164197806	0.8679679681851625	0.7272727272727273	1.0	1.0	23/79	17.69%	ATP6V0A4;FGF2;ATP6V1G3;FGF22;FGF20;SOS1;FLT3;INSR;ATP6V0B;FRS2;AKT2;TCIRG1;FGF19;FGFR1;ATP6V0D1;ATP6V0A2;FGF6;FGF7;FGF3;FGFR4;ATP6V0E1;FGF5;FGF10
GSE46798_exposure_corrected	prerank	Initiation of Nuclear Envelope (NE) Reformation	-0.3215375134576966	-0.8665461135083469	0.6628498727735369	0.8603695917440664	1.0	9/19	33.53%	EMD;LMNB1;LEMD2;VRK1;KPNB1;PPP2CA;SIRT2;PPP2R1A;CDK1
GSE46798_exposure_corrected	prerank	Regulation of NF-kappa B signaling	-0.3188410259164213	-0.86584555922347	0.657030223390276	0.8609532828400102	1.0	4/18	15.92%	RPS27A;TRAF6;LRRC14;UBC
GSE46798_exposure_corrected	prerank	Signaling by Type 1 Insulin-like Growth Factor 1 Receptor (IGF1R)	-0.26355763494093865	-0.8658111227950456	0.6994152046783626	0.8602976318183455	1.0	13/53	25.30%	IRS4;IGF1;PIK3C3;GAB2;FGF1;FGF9;PTPN11;FGFR3;HRAS;PIK3CB;PIK3CA;PIK3R4;PDE3B
GSE46798_exposure_corrected	prerank	Regulation of CDH1 posttranslational processing and trafficking to plasma membrane	-0.2827394130746608	-0.8645881080343095	0.6492718446601942	0.8618716987195925	1.0	14/31	41.09%	GANAB;PCSK6;SPCS2;ANK3;PRKCSH;PCSK7;SEC11A;SEC11C;POMT2;SPCS1;DDOST;CSNK2A2;RPN2;CANX
GSE46798_exposure_corrected	prerank	Butyrophilin (BTN) family interactions	-0.3698705899983874	-0.8631245638403298	0.6629526462395543	0.8638855128626958	1.0	1/10	3.16%	BTN1A1
GSE46798_exposure_corrected	prerank	Golgi Associated Vesicle Biogenesis	-0.2591356146484511	-0.8626147436882713	0.692485549132948	0.864043490781635	1.0	14/56	21.39%	ARRB1;AP1M2;SORT1;BLOC1S6;PIK3C2A;AP3S1;AP1S2;GAK;OCRL;AP1M1;SNAPIN;HIP1R;VAMP2;FTH1
GSE46798_exposure_corrected	prerank	Maturation of TCA enzymes and regulation of TCA cycle	-0.3148006942985708	-0.8624962277785861	0.6539923954372624	0.8635493235315104	1.0	4/19	21.98%	SIRT3;CS;ACAT1;ISCA1
GSE46798_exposure_corrected	prerank	Transcriptional Regulation by VENTX	-0.26944436868298444	-0.8610480763785935	0.6868327402135231	0.8653827044461327	1.0	16/41	40.02%	TNRC6C;UBE2D1;AGO1;CSF1R;AGO3;MIR24-1;CDC26;ANAPC4;ANAPC15;TP53;ANAPC1;CDC16;TNRC6A;CCND1;TNRC6B;UBE2E1
GSE46798_exposure_corrected	prerank	Elastic fibre formation	-0.2672097875974407	-0.8605857471309372	0.7062279670975323	0.8654889900642101	1.0	15/44	31.24%	TGFB3;FBLN5;FBN3;ITGB8;VTN;TGFB2;LOXL2;BMP2;MFAP2;EMILIN3;FBN1;LOXL4;LOXL1;LOX;ITGB1
GSE46798_exposure_corrected	prerank	Formation of definitive endoderm	0.278759484716553	0.859350119379714	0.6640926640926641	1.0	1.0	6/14	21.47%	MIXL1;FOXA2;SMAD4;CDH1;CTNNB1;CXCR4
GSE46798_exposure_corrected	prerank	Regulation of Complement cascade	-0.2699073417903607	-0.858730116091151	0.7078916372202592	0.8681224541464958	1.0	10/44	14.99%	C6;CFHR3;ELANE;C5AR2;CR1;C5AR1;PROS1;C1S;VTN;C4B
GSE46798_exposure_corrected	prerank	ATF6 (ATF6-alpha) activates chaperone genes	0.31040094688563385	0.8583581045160099	0.6085271317829457	1.0	1.0	10/10	68.98%	ATF6;NFYA;DDIT3;ATF4;HSPA5;CALR;NFYC;HSP90B1;NFYB;XBP1
GSE46798_exposure_corrected	prerank	Nef-mediates down modulation of cell surface receptors by recruiting them to clathrin adapters	-0.3077758781834441	-0.8582841179116859	0.7064102564102565	0.8681500177330443	1.0	14/21	45.04%	AP1M2;AP1S2;AP2A1;B2M;AP1M1;CD28;AP1B1;PACS1;AP2M1;AP2A2;ATP6V1H;ARF1;LCK;AP2B1
GSE46798_exposure_corrected	prerank	Clathrin-mediated endocytosis	-0.22934922557713547	-0.857237420676032	0.771578947368421	0.8694005789926854	1.0	43/143	29.17%	UBQLN1;ARRB1;CTTN;RPS27A;ADRB2;EPS15;EREG;SYNJ2;PIK3C2A;LDLR;COPS2;TACR1;SH3KBP1;AVP;GAK;SNAP91;SGIP1;COPS6;UBC;AP2A1;FNBP1;STAM2;OCRL;ARPC2;HIP1R;VAMP2;COPS7A;DNM3;SCARB2;AMPH;BIN1;ARPC5;CBL;HIP1;ACTR3;UBQLN2;WASL;NEDD8;ARRB2;DNM1;SYT1;IGF2R;COPS3
GSE46798_exposure_corrected	prerank	Differentiation of naive CD4+ T cells to T helper 1 cells (Th1 cells)	-0.34012993394506313	-0.8569361069452778	0.6501950585175552	0.8692265807017505	1.0	5/13	26.17%	IL12RB2;STAT1;CXCR3;STAT4;CCL3
GSE46798_exposure_corrected	prerank	Telomere C-strand (Lagging Strand) Synthesis	-0.2840095241330662	-0.856495919225413	0.6858895705521473	0.8693161423488498	1.0	12/31	34.91%	DSCC1;RFC1;RPA3;POLD3;TERF1;TERF2;RPA1;POLA1;POLA2;WRN;POT1;BLM
GSE46798_exposure_corrected	prerank	TRAF6 mediated induction of NFkB and MAP kinases upon TLR7/8 or 9 activation	-0.23684272423061423	-0.8562291374979938	0.7410617551462622	0.8691049204558442	1.0	22/100	20.56%	PELI3;CREB1;RPS27A;NFKB2;MAPK7;SAA1;TRAF6;CD14;RPS6KA2;TNIP2;LRRC14;MAPK9;MAP3K7;S100A12;UBC;DUSP6;UBE2N;PPP2R5D;SKP1;FBXW11;MAP2K4;MAPKAPK3
GSE46798_exposure_corrected	prerank	Protein hydroxylation	0.2653553482214073	0.8560697053177887	0.652542372881356	1.0	1.0	5/18	14.19%	KDM8;F9;JMJD6;RPS6;JMJD4
GSE46798_exposure_corrected	prerank	RUNX1 and FOXP3 control the development of regulatory T lymphocytes (Tregs)	-0.3640649005766086	-0.8560647270338277	0.6671270718232044	0.8687115422582715	1.0	3/10	13.75%	FOXP3;CR1;CBFB
GSE46798_exposure_corrected	prerank	Translesion synthesis by Y family DNA polymerases bypasses lesions on DNA template	-0.2765464801099327	-0.8560130561414977	0.6901579586877278	0.8681172616543752	1.0	8/37	18.66%	RPS27A;POLH;RFC1;USP43;UBC;UBE2L6;RPA3;POLD3
GSE46798_exposure_corrected	prerank	Mechanical load activates signaling by PIEZO1 and integrins in osteocytes	-0.3198045409211098	-0.8558399534239389	0.678714859437751	0.867720109545988	1.0	8/17	35.41%	P2RX7;CACNA2D1;CACNB3;GJA1;AKT1;ITGB1;CACNA1H;CACNB2
GSE46798_exposure_corrected	prerank	Lagging Strand Synthesis	-0.3115161003647534	-0.8553783044845641	0.6808236808236808	0.8678131528848055	1.0	6/20	27.58%	RFC1;RPA3;POLD3;RPA1;POLA1;POLA2
GSE46798_exposure_corrected	prerank	The phototransduction cascade	-0.2847874193013177	-0.8550894079406378	0.6766826923076923	0.8676196951021563	1.0	15/31	45.53%	GRK1;NMT1;PRKCA;GNB1;METAP1;CALM1;GNB5;GUCY2F;PPEF1;GUCA1B;METAP2;NMT2;PDE6A;FNTB;RGS9
GSE46798_exposure_corrected	prerank	NPAS4 regulates expression of target genes	-0.30271398061182403	-0.8549550713905872	0.6735483870967742	0.8671282650651203	1.0	5/21	21.00%	ARNT2;CREBBP;NAMPT;RET;XPO1
GSE46798_exposure_corrected	prerank	M-decay: degradation of maternal mRNAs by maternally stored factors	-0.26563252746631794	-0.8548857487056531	0.6952941176470588	0.8665342359515406	1.0	15/43	33.37%	KDM4B;CNOT4;ELL2;TNKS1BP1;EIF4A2;KDM4C;CNOT11;AGO2;PABPC1;KDM5B;CNOT9;RPS2;CNOT3;CNOT1;DICER1
GSE46798_exposure_corrected	prerank	MyD88:MAL(TIRAP) cascade initiated on plasma membrane	-0.2340202667932851	-0.8545403137673127	0.7459807073954984	0.8657507496069179	1.0	24/109	20.56%	PELI3;CREB1;RPS27A;NFKB2;MAPK7;SAA1;TRAF6;CD14;RPS6KA2;TNIP2;LRRC14;SIGIRR;MAPK9;MAP3K7;S100A9;S100A12;UBC;DUSP6;UBE2N;PPP2R5D;SKP1;FBXW11;MAP2K4;MAPKAPK3
GSE46798_exposure_corrected	prerank	Toll Like Receptor TLR6:TLR2 Cascade	-0.2340202667932851	-0.8545403137673127	0.7459807073954984	0.8657507496069179	1.0	24/109	20.56%	PELI3;CREB1;RPS27A;NFKB2;MAPK7;SAA1;TRAF6;CD14;RPS6KA2;TNIP2;LRRC14;SIGIRR;MAPK9;MAP3K7;S100A9;S100A12;UBC;DUSP6;UBE2N;PPP2R5D;SKP1;FBXW11;MAP2K4;MAPKAPK3
GSE46798_exposure_corrected	prerank	KSRP (KHSRP) binds and destabilizes mRNA	0.2736556487419833	0.8539045624135368	0.6600790513833992	1.0	1.0	17/17	72.66%	EXOSC8;MAPK11;DIS3;EXOSC7;MAPK14;EXOSC5;KHSRP;EXOSC1;EXOSC6;PARN;YWHAZ;EXOSC4;DCP2;EXOSC3;EXOSC2;AKT1;EXOSC9
GSE46798_exposure_corrected	prerank	Unfolded Protein Response (UPR)	-0.24131765239315314	-0.8532939698842193	0.7402885682574917	0.8672777784359847	1.0	35/88	38.57%	FKBP14;EIF2AK3;CREB3L2;ADD1;CREBRF;MBTPS1;MBTPS2;SRPRA;IGFBP1;HYOU1;ERN1;CREB3L3;EXTL2;TPP1;CUL7;TATDN2;EXOSC9;CXCL8;EDEM1;EXOSC2;ASNS;XBP1;WFS1;DNAJB11;SSR1;EXOSC3;PDIA6;DNAJB9;DCP2;DCTN1;NFYB;SHC1;EXOSC4;EIF2S1;EIF2S2
GSE46798_exposure_corrected	prerank	PKA activation in glucagon signalling	-0.3191004827120329	-0.8531429550739689	0.6527027027027027	0.8668535890587846	1.0	5/16	22.06%	ADCY9;ADCY1;PRKAR1A;PRKACB;ADCY8
GSE46798_exposure_corrected	prerank	Translesion synthesis by POLK	-0.32615847136298615	-0.8529866202779637	0.6684350132625995	0.8664482644034628	1.0	5/17	24.32%	RPS27A;RFC1;UBC;RPA3;RPA1
GSE46798_exposure_corrected	prerank	Golgi Cisternae Pericentriolar Stack Reorganization	-0.3336711374078466	-0.852796104501105	0.684913217623498	0.8660902931654276	1.0	10/14	48.46%	BLZF1;USO1;RAB1A;CDK1;GORASP1;GOLGA2;CCNB2;MAPK3;RAB2A;GORASP2
GSE46798_exposure_corrected	prerank	Negative regulation of activity of TFAP2 (AP-2) family transcription factors	0.3173657857245481	0.8524234007665746	0.5979381443298969	1.0	1.0	2/10	8.95%	KCTD1;TFAP2C
GSE46798_exposure_corrected	prerank	ROS and RNS production in phagocytes	0.22269915900945272	0.8517678468353876	0.7034883720930233	1.0	1.0	8/34	14.70%	ATP6V0A4;ATP6V1G3;CYBA;ATP6V0B;TCIRG1;ATP6V0D1;ATP6V0A2;RAC2
GSE46798_exposure_corrected	prerank	Cooperation of Prefoldin and TriC/CCT  in actin and tubulin folding	-0.27987783445664993	-0.8507719362041984	0.6964064436183395	0.868864856571552	1.0	17/32	48.79%	TCP1;TUBA1A;TUBB4A;TUBA8;TUBB2B;TUBA3E;CCT6B;TUBA1B;CCT6A;VBP1;CCT8;CCT5;TUBAL3;PFDN6;CCT4;CCT2;TUBB1
GSE46798_exposure_corrected	prerank	Toll Like Receptor 10 (TLR10) Cascade	-0.2362292206722428	-0.8507327434994054	0.7456521739130435	0.8668309931037123	1.0	21/95	20.56%	PELI3;CREB1;RPS27A;NFKB2;MAPK7;SAA1;TRAF6;RPS6KA2;TNIP2;LRRC14;MAPK9;MAP3K7;S100A12;UBC;DUSP6;UBE2N;PPP2R5D;SKP1;FBXW11;MAP2K4;MAPKAPK3
GSE46798_exposure_corrected	prerank	Toll Like Receptor 5 (TLR5) Cascade	-0.2362292206722428	-0.8507327434994054	0.7456521739130435	0.8668309931037123	1.0	21/95	20.56%	PELI3;CREB1;RPS27A;NFKB2;MAPK7;SAA1;TRAF6;RPS6KA2;TNIP2;LRRC14;MAPK9;MAP3K7;S100A12;UBC;DUSP6;UBE2N;PPP2R5D;SKP1;FBXW11;MAP2K4;MAPKAPK3
GSE46798_exposure_corrected	prerank	MyD88 cascade initiated on plasma membrane	-0.2362292206722428	-0.8507327434994054	0.7456521739130435	0.8668309931037123	1.0	21/95	20.56%	PELI3;CREB1;RPS27A;NFKB2;MAPK7;SAA1;TRAF6;RPS6KA2;TNIP2;LRRC14;MAPK9;MAP3K7;S100A12;UBC;DUSP6;UBE2N;PPP2R5D;SKP1;FBXW11;MAP2K4;MAPKAPK3
GSE46798_exposure_corrected	prerank	Cooperation of PDCL (PhLP1) and TRiC/CCT in G-protein beta folding	-0.27020232512732706	-0.8498877615850385	0.6845878136200717	0.8675988692751839	1.0	28/38	55.81%	GNAQ;TCP1;GNG5;GNG8;GNB1;GNGT2;CCT6B;RGS11;GNB5;CCT6A;GNB4;GNG7;CCT8;GNB2;CSNK2A2;GNG2;CCT5;RGS9;CCT4;CCT2;GNG10;GNA14;RGS7;GNGT1;CSNK2A1;GNA15;GNG4;GNG12
GSE46798_exposure_corrected	prerank	Caspase activation via Dependence Receptors in the absence of ligand	-0.3618975590629541	-0.8496641035149507	0.6652949245541838	0.8672924748349453	1.0	6/10	36.22%	DAPK1;DCC;UNC5A;CASP3;UNC5B;CASP9
GSE46798_exposure_corrected	prerank	Xenobiotics	0.23780684659732482	0.8496626435487973	0.676923076923077	1.0	1.0	9/23	20.01%	CYP3A5;CYP3A4;CYP2C18;CYP2W1;CYP2B6;CYP2A13;CYP2F1;CYP2J2;CYP1A2
GSE46798_exposure_corrected	prerank	Acyl chain remodelling of PI	-0.33073719311743627	-0.849571460822378	0.7078353253652059	0.8667329387422839	1.0	5/15	20.45%	PLA2G2D;PLA2G4C;PLA2G12A;PLA2G5;PLBD1
GSE46798_exposure_corrected	prerank	PKR-mediated signaling	-0.24615200700573756	-0.8493522486541407	0.7392776523702032	0.8664354725198982	1.0	28/73	38.57%	DUS2;FAAP24;TUBA1A;TUBB4A;TUBA8;FANCC;TUBB2B;SNCA;ADAR;STAT1;TUBA3E;UBE2L6;FANCL;FANCE;SPHK1;FANCB;EIF2AK2;PPP2CA;MAVS;PPP2R1A;TUBA1B;TP53;PRKRA;CDK1;FAAP100;HSPA1L;EIF2S1;EIF2S2
GSE46798_exposure_corrected	prerank	Class B/2 (Secretin family receptors)	-0.2384092185818797	-0.8481402693907204	0.7418300653594772	0.8678570023644766	1.0	31/90	31.33%	RAMP2;IHH;CRHR1;ADGRE5;SCT;WNT4;GIP;GNG5;WNT1;GNG8;WNT16;GLP1R;UCN2;DHH;GNB1;WNT2;PTH;GNGT2;GCG;WNT9A;ADGRE1;CALCRL;FZD7;VIP;WNT7B;SMO;GHRHR;FZD6;SCTR;WNT3;GNB5
GSE46798_exposure_corrected	prerank	PI-3K cascade:FGFR4	0.2542336219306447	0.848005754538089	0.6798245614035088	1.0	1.0	6/20	16.90%	FGF2;FGF20;FRS2;FGF19;FGF6;FGFR4
GSE46798_exposure_corrected	prerank	MyD88 dependent cascade initiated on endosome	-0.23374939847671367	-0.8475422248224974	0.7645788336933045	0.8682032457783261	1.0	22/101	20.56%	PELI3;CREB1;RPS27A;NFKB2;MAPK7;SAA1;TRAF6;CD14;RPS6KA2;TNIP2;LRRC14;MAPK9;MAP3K7;S100A12;UBC;DUSP6;UBE2N;PPP2R5D;SKP1;FBXW11;MAP2K4;MAPKAPK3
GSE46798_exposure_corrected	prerank	FCERI mediated Ca+2 mobilization	-0.28134259979323145	-0.847345131101879	0.6937269372693727	0.8678521782859018	1.0	15/30	36.14%	VAV1;LYN;LAT;VAV3;PPP3CB;PLCG2;PPP3R1;PLCG1;PPP3CA;VAV2;CALM1;NFATC3;AHCYL1;MS4A2;SHC1
GSE46798_exposure_corrected	prerank	Signaling by activated point mutants of FGFR3	0.2959617168550835	0.8467811120836868	0.6410256410256411	1.0	1.0	2/12	6.17%	FGF2;FGF20
GSE46798_exposure_corrected	prerank	FGFR3 mutant receptor activation	0.2959617168550835	0.8467811120836868	0.6410256410256411	1.0	1.0	2/12	6.17%	FGF2;FGF20
GSE46798_exposure_corrected	prerank	Recycling of bile acids and salts	0.2597192064220374	0.8454410466194551	0.611353711790393	0.9985905537746157	1.0	3/16	8.32%	ABCC3;SLC10A1;ABCB11
GSE46798_exposure_corrected	prerank	PIWI-interacting RNA (piRNA) biogenesis	-0.27963582635585055	-0.8449932964767284	0.6974483596597812	0.8711932828471263	1.0	4/29	13.01%	TDRD1;POLR2G;TDRKH;HENMT1
GSE46798_exposure_corrected	prerank	Retinoid metabolism and transport	-0.25919426731949524	-0.8421433443479106	0.7232779097387173	0.8754265612202936	1.0	6/44	8.54%	PLB1;SDC1;LRP1;AKR1C4;LDLR;GPC5
GSE46798_exposure_corrected	prerank	Germ layer formation at gastrulation	-0.3216139798376474	-0.8410405339704508	0.7084967320261438	0.8765786460839112	1.0	2/16	2.77%	SMAD3;POU5F1
GSE46798_exposure_corrected	prerank	Chylomicron remodeling	-0.35455266741451563	-0.8402081277124672	0.6832386363636364	0.8773359196361961	1.0	1/10	1.91%	APOA5
GSE46798_exposure_corrected	prerank	TP53 Regulates Transcription of Genes Involved in G2 Cell Cycle Arrest	0.25556372351677664	0.8384779447628494	0.6698113207547169	1.0	1.0	6/18	20.93%	ZNF385A;AURKA;GADD45A;EP300;CCNB1;SFN
GSE46798_exposure_corrected	prerank	Complement cascade	-0.25433510948948707	-0.8383531688641532	0.7417519908987485	0.8799023954287507	1.0	11/54	14.99%	C6;CFHR3;ELANE;C5AR2;CR1;C5AR1;PROS1;C1S;MASP1;VTN;C4B
GSE46798_exposure_corrected	prerank	Chondroitin sulfate/dermatan sulfate metabolism	-0.26873774929219896	-0.837816977361597	0.7109283196239718	0.8801252893601029	1.0	12/37	30.78%	CHPF2;CHST14;HYAL1;CHST15;CHSY3;GLB1L3;CHST12;VCAN;CHSY1;HYAL3;CHST3;ARSB
GSE46798_exposure_corrected	prerank	Dimerization of procaspase-8	-0.3487001269397082	-0.8354030869353709	0.68688293370945	0.8820365968302823	1.0	1/11	0.82%	CFLAR
GSE46798_exposure_corrected	prerank	Regulation by c-FLIP	-0.3487001269397082	-0.8354030869353709	0.68688293370945	0.8820365968302823	1.0	1/11	0.82%	CFLAR
GSE46798_exposure_corrected	prerank	CASP8 activity is inhibited	-0.3487001269397082	-0.8354030869353709	0.68688293370945	0.8820365968302823	1.0	1/11	0.82%	CFLAR
GSE46798_exposure_corrected	prerank	Regulation of glycolysis by fructose 2,6-bisphosphate metabolism	-0.340459396858106	-0.8351581801473434	0.6977363515312917	0.8817240229413419	1.0	6/12	30.11%	PFKFB3;PFKFB4;PPP2R5D;PRKACB;PPP2CA;PPP2R1A
GSE46798_exposure_corrected	prerank	Binding and Uptake of Ligands by Scavenger Receptors	-0.25943179965035384	-0.8337908341496194	0.7185697808535179	0.8833113681358757	1.0	15/44	27.81%	ALB;MARCO;SAA1;LRP1;HBB;COL1A2;MASP1;S100A9;HYOU1;FTH1;COL3A1;HMGB1;COL4A2;HSP90AA1;AMBP
GSE46798_exposure_corrected	prerank	Tryptophan catabolism	-0.32831922954815057	-0.8336165986224386	0.693029490616622	0.8828896294883493	1.0	2/14	9.42%	ACMSD;SLC7A5
GSE46798_exposure_corrected	prerank	Nucleotide catabolism	-0.2703744191770673	-0.83352821381782	0.7259439707673568	0.8823379548616168	1.0	12/35	38.35%	ENTPD1;NUDT15;NT5E;ITPA;DPYD;ENTPD2;ENTPD4;TYMP;NUDT1;GDA;NUDT16;ENTPD3
GSE46798_exposure_corrected	prerank	Nucleotide biosynthesis	0.29181755490720773	0.8330775502086204	0.6590909090909091	1.0	1.0	1/12	0.44%	UMPS
GSE46798_exposure_corrected	prerank	Signaling by FGFR2	-0.24009715529837466	-0.8307393427260529	0.7591973244147158	0.8863404449495175	1.0	25/72	30.43%	RPS27A;POLR2G;HNRNPH1;GTF2F2;NCBP2;FGF1;FGF9;PTPN11;UBC;FRS3;TIA1;FGFBP2;HRAS;HNRNPF;PIK3CA;PLCG1;RBFOX2;PTBP1;CBL;TIAL1;PPP2CA;SPRY2;PIK3R1;PPP2R1A;FGFBP3
GSE46798_exposure_corrected	prerank	Toll Like Receptor 2 (TLR2) Cascade	-0.22687907136701752	-0.830556338945579	0.7871657754010695	0.8852147738652361	1.0	24/111	20.56%	PELI3;CREB1;RPS27A;NFKB2;MAPK7;SAA1;TRAF6;CD14;RPS6KA2;TNIP2;LRRC14;SIGIRR;MAPK9;MAP3K7;S100A9;S100A12;UBC;DUSP6;UBE2N;PPP2R5D;SKP1;FBXW11;MAP2K4;MAPKAPK3
GSE46798_exposure_corrected	prerank	Toll Like Receptor TLR1:TLR2 Cascade	-0.22687907136701752	-0.830556338945579	0.7871657754010695	0.8852147738652361	1.0	24/111	20.56%	PELI3;CREB1;RPS27A;NFKB2;MAPK7;SAA1;TRAF6;CD14;RPS6KA2;TNIP2;LRRC14;SIGIRR;MAPK9;MAP3K7;S100A9;S100A12;UBC;DUSP6;UBE2N;PPP2R5D;SKP1;FBXW11;MAP2K4;MAPKAPK3
GSE46798_exposure_corrected	prerank	Intrinsic Pathway for Apoptosis	-0.25247203283028635	-0.8299901454023826	0.7482598607888631	0.8854500852034914	1.0	26/52	42.08%	BCL2L1;YWHAG;UACA;NMT1;YWHAQ;TP53BP2;YWHAH;APAF1;PPP3R1;BBC3;AKT3;AKT1;CASP3;CARD8;DYNLL1;BCL2;TP53;YWHAB;MAPK8;AVEN;CASP9;CYCS;YWHAZ;TFDP2;E2F1;MAPK3
GSE46798_exposure_corrected	prerank	CS-GAG biosynthesis	-0.29751308808893917	-0.8296228736386106	0.7280813214739518	0.8853665546859497	1.0	6/21	24.42%	CHPF2;CHST15;CHSY3;CHST12;VCAN;CHSY1
GSE46798_exposure_corrected	prerank	Ribavirin ADME	-0.34439598471268	-0.8285302677008735	0.6824512534818942	0.8864285596352603	1.0	4/11	32.43%	ITPA;NME1;NME2;ADK
GSE46798_exposure_corrected	prerank	Retrograde neurotrophin signalling	0.269073647055471	0.8283328137565668	0.7043478260869566	1.0	1.0	1/14	0.32%	DNM2
GSE46798_exposure_corrected	prerank	Loss of function of MECP2 in Rett syndrome	-0.3308148720647934	-0.8271152133383397	0.7032967032967034	0.8866724094485348	1.0	3/13	13.68%	HDAC3;TBL1XR1;NCOR2
GSE46798_exposure_corrected	prerank	Pervasive developmental disorders	-0.3308148720647934	-0.8271152133383397	0.7032967032967034	0.8866724094485348	1.0	3/13	13.68%	HDAC3;TBL1XR1;NCOR2
GSE46798_exposure_corrected	prerank	Disorders of Nervous System Development	-0.3308148720647934	-0.8271152133383397	0.7032967032967034	0.8866724094485348	1.0	3/13	13.68%	HDAC3;TBL1XR1;NCOR2
GSE46798_exposure_corrected	prerank	Glutamate and glutamine metabolism	-0.3293755508077695	-0.8271035279441097	0.7133152173913043	0.8859874856969828	1.0	7/13	41.53%	GLS;GLS2;RIMKLB;OAT;KYAT1;GLUL;GOT2
GSE46798_exposure_corrected	prerank	Transcriptional regulation of brown and beige adipocyte differentiation	-0.27883534665314474	-0.8267838658932188	0.7192546583850932	0.8851408884746044	1.0	5/29	11.59%	HNRNPU;EBF2;RBBP7;HDAC2;MTA1
GSE46798_exposure_corrected	prerank	Transcriptional regulation of brown and beige adipocyte differentiation by EBF2	-0.27883534665314474	-0.8267838658932188	0.7192546583850932	0.8851408884746044	1.0	5/29	11.59%	HNRNPU;EBF2;RBBP7;HDAC2;MTA1
GSE46798_exposure_corrected	prerank	Mitochondrial biogenesis	-0.23905678106400335	-0.8267674026204698	0.7901785714285714	0.88446635432786	1.0	31/71	37.74%	CREB1;SIRT3;HDAC3;NCOA6;CREBBP;PRKAB2;TBL1XR1;CHD9;SMARCD3;APOO;NCOA2;NR1D1;NRF1;IMMT;MED1;HCFC1;SOD2;CARM1;TFB2M;CRTC2;MTERF1;PRKAG1;TFB1M;CALM1;TFAM;GABPA;MEF2C;SSBP1;CRTC1;GABPB1;CYCS
GSE46798_exposure_corrected	prerank	Transferrin endocytosis and recycling	0.2286864899352105	0.8261921688905032	0.7374301675977654	1.0	1.0	7/28	14.25%	ATP6V0A4;TFRC;ATP6V1G3;ATP6V0B;TCIRG1;ATP6V0D1;ATP6V0A2
GSE46798_exposure_corrected	prerank	Elevation of cytosolic Ca2+ levels	-0.3149303613743383	-0.8254173296050888	0.6942590120160214	0.8860583117008036	1.0	3/16	13.37%	ORAI2;P2RX7;STIM1
GSE46798_exposure_corrected	prerank	PERK regulates gene expression	0.22848870711366295	0.8243974890306749	0.7257142857142858	1.0	1.0	4/31	5.87%	CCL2;ATF3;EXOSC8;ATF6
GSE46798_exposure_corrected	prerank	Striated Muscle Contraction	0.21812860658925864	0.8240833892494297	0.6956521739130435	1.0	1.0	8/35	11.21%	TMOD3;MYH3;MYBPC3;MYBPC1;DES;TNNI1;TMOD4;MYL1
GSE46798_exposure_corrected	prerank	Laminin interactions	-0.2731701603514545	-0.8236537872035904	0.7328431372549019	0.8882620643621332	1.0	12/30	40.59%	LAMA5;LAMC1;LAMC3;ITGA7;LAMA2;LAMC2;COL4A4;COL4A2;ITGB1;ITGA3;COL18A1;COL4A3
GSE46798_exposure_corrected	prerank	Establishment of Sister Chromatid Cohesion	0.3000151225565861	0.82305007500152	0.6791044776119403	1.0	1.0	2/10	4.17%	SMC1A;ESCO2
GSE46798_exposure_corrected	prerank	Syndecan interactions	-0.2761364187062388	-0.8230336650233046	0.7321867321867321	0.888574812033247	1.0	10/27	34.54%	SDC1;THBS1;COL1A2;PRKCA;VTN;COL3A1;ACTN1;COL5A2;ITGB1;COL5A1
GSE46798_exposure_corrected	prerank	Negative regulation of FGFR2 signaling	0.2145428446434573	0.8224213029896049	0.7696629213483146	0.9994828194201767	1.0	11/34	17.69%	FGF2;FGF22;FGF20;UBB;FRS2;MKNK1;FGF6;FGF7;FGF3;FGF5;FGF10
GSE46798_exposure_corrected	prerank	Neurodegenerative Diseases	0.2545039428087407	0.8216256293228104	0.6929824561403509	0.9884080076953873	1.0	4/19	14.09%	BCL2L11;JUN;FASLG;LMNA
GSE46798_exposure_corrected	prerank	Deregulated CDK5 triggers multiple neurodegenerative pathways in Alzheimer's disease models	0.2545039428087407	0.8216256293228104	0.6929824561403509	0.9884080076953873	1.0	4/19	14.09%	BCL2L11;JUN;FASLG;LMNA
GSE46798_exposure_corrected	prerank	Negative regulation of FGFR1 signaling	0.2141964977084237	0.8210603154756534	0.7526315789473684	0.9833409108056755	1.0	11/32	17.69%	FGF2;FGF22;FGF20;UBB;FRS2;MKNK1;FGFR1;FGF6;FGF3;FGF5;FGF10
GSE46798_exposure_corrected	prerank	Signalling to RAS	-0.29449871145970935	-0.820592997254262	0.7091836734693877	0.8917688446870512	1.0	12/20	51.39%	HRAS;MAPKAPK3;RALA;NTRK1;SHC1;RALGDS;GRB2;SHC2;NRAS;SHC3;RALB;MAPK12
GSE46798_exposure_corrected	prerank	DDX58/IFIH1-mediated induction of interferon-alpha/beta	-0.23033796523782898	-0.8204297206685792	0.7824175824175824	0.8913133123129849	1.0	26/81	28.62%	RPS27A;ITCH;UBE2D1;NFKB2;TNFAIP3;SAA1;TRAF6;CREBBP;IFNA10;UBE2D2;IFNA7;S100A12;UBC;UBE2L6;TBK1;CYLD;ATG12;HMGB1;TOMM70;IFNA14;IFNA13;IFNA8;RIPK1;HSP90AA1;TANK;MAVS
GSE46798_exposure_corrected	prerank	Metabolism of fat-soluble vitamins	-0.24941668232885908	-0.8180374646011545	0.7606635071090048	0.8943155328874313	1.0	16/48	33.73%	PLB1;SDC1;LRP1;AKR1C4;LDLR;GPC5;CLPS;PNLIP;GPC2;GPC1;RBP2;RBP1;UBIAD1;GPC4;LPL;LRP8
GSE46798_exposure_corrected	prerank	HS-GAG degradation	-0.2992277227363642	-0.8176198838851453	0.7444876783398184	0.8942911305235617	1.0	9/20	38.37%	SDC1;GPC5;HGSNAT;GPC2;GPC1;GPC4;NAGLU;CTSL;HPSE
GSE46798_exposure_corrected	prerank	Zygotic genome activation (ZGA)	0.29672598863350985	0.816893777310503	0.6842105263157895	0.9861899130650452	1.0	5/10	20.43%	DPPA4;DPPA2;YAP1;EP300;DUXA
GSE46798_exposure_corrected	prerank	Diseases associated with glycosaminoglycan metabolism	-0.252223203463792	-0.816520037831208	0.7565632458233891	0.8953269380116242	1.0	14/41	31.53%	SDC1;CHST14;KERA;GPC5;EXT2;GPC2;GPC1;VCAN;CHSY1;ST3GAL3;B3GALT6;CHST3;ACAN;GPC4
GSE46798_exposure_corrected	prerank	Prolactin receptor signaling	-0.3175907076311672	-0.8159157626848131	0.7033557046979866	0.8955459865501906	1.0	8/15	48.13%	PTPN11;SKP1;RBX1;JAK2;CSH1;GH1;PRLR;CUL1
GSE46798_exposure_corrected	prerank	Attachment of bacteria to epithelial cells	-0.28583294280888194	-0.8148071918751102	0.7276264591439688	0.8958823619170063	1.0	11/23	40.59%	LAMA5;LAMC1;LAMC3;LAMA2;LAMC2;COL4A4;COL4A2;COL5A2;COL5A1;UPK1A;COL4A3
GSE46798_exposure_corrected	prerank	Biofilm formation	-0.28583294280888194	-0.8148071918751102	0.7276264591439688	0.8958823619170063	1.0	11/23	40.59%	LAMA5;LAMC1;LAMC3;LAMA2;LAMC2;COL4A4;COL4A2;COL5A2;COL5A1;UPK1A;COL4A3
GSE46798_exposure_corrected	prerank	Synthesis, secretion, and inactivation of Glucagon-like Peptide-1 (GLP-1)	-0.3005679152944992	-0.8144371582608868	0.703751617076326	0.8957545522642828	1.0	9/19	27.90%	LEP;FFAR1;SPCS2;GNB1;GCG;PCSK1;PAX6;SEC11A;SEC11C
GSE46798_exposure_corrected	prerank	Formation of the dystrophin-glycoprotein complex (DGC)	-0.2635709180878287	-0.8130268091484836	0.7567901234567901	0.8972770316456063	1.0	10/35	26.80%	UTRN;LAMA5;LAMC1;LAMC3;SNTB1;SGCD;SNTB2;ACTC1;LAMA2;LAMC2
GSE46798_exposure_corrected	prerank	Defective B3GAT3 causes JDSSDHD	-0.28719829156479426	-0.8123509089682928	0.7245817245817245	0.897692119563888	1.0	5/20	23.80%	SDC1;GPC5;GPC2;GPC1;VCAN
GSE46798_exposure_corrected	prerank	Regulation of FZD by ubiquitination	-0.29532545285431033	-0.8123437459615288	0.7391304347826086	0.8970007523432422	1.0	8/21	30.65%	RPS27A;RNF43;UBC;RSPO3;LGR4;LRP6;LRP5;FZD6
GSE46798_exposure_corrected	prerank	Activation of Matrix Metalloproteinases	-0.26866736746934733	-0.8117890967325787	0.7505882352941177	0.8971667334504667	1.0	13/32	31.79%	TIMP2;CTRB1;ELANE;PRSS1;MMP24;MMP15;MMP2;MMP14;MMP11;CMA1;PLG;TPSAB1;MMP9
GSE46798_exposure_corrected	prerank	Toll Like Receptor 7/8 (TLR7/8) Cascade	-0.22282217907765267	-0.811699992232492	0.8211206896551724	0.8966135188672555	1.0	22/104	20.56%	PELI3;CREB1;RPS27A;NFKB2;MAPK7;SAA1;TRAF6;CD14;RPS6KA2;TNIP2;LRRC14;MAPK9;MAP3K7;S100A12;UBC;DUSP6;UBE2N;PPP2R5D;SKP1;FBXW11;MAP2K4;MAPKAPK3
GSE46798_exposure_corrected	prerank	NFE2L2 regulating anti-oxidant/detoxification enzymes	-0.2945078332167165	-0.8106315923661377	0.7316421895861148	0.8975475768021275	1.0	2/20	8.80%	CHD6;CREBBP
GSE46798_exposure_corrected	prerank	SARS-CoV-2 modulates autophagy	-0.3463875424597721	-0.8090581976011647	0.71939477303989	0.8993162545835256	1.0	3/11	17.07%	VPS41;VPS45;VPS39
GSE46798_exposure_corrected	prerank	Basigin interactions	-0.28284468913200517	-0.8087314050389607	0.72544080604534	0.899117156249553	1.0	9/23	34.40%	SPN;SLC7A6;SLC7A5;SLC7A8;SLC16A3;ATP1B1;L1CAM;ITGB1;ITGA3
GSE46798_exposure_corrected	prerank	Processive synthesis on the lagging strand	-0.3115087380818331	-0.8062630425255397	0.751660026560425	0.9021682908064588	1.0	5/15	27.58%	RPA3;POLD3;RPA1;POLA1;POLA2
GSE46798_exposure_corrected	prerank	SLBP independent Processing of Histone Pre-mRNAs	-0.3416109200332053	-0.8061153384901129	0.7280334728033473	0.9016958442820692	1.0	5/10	43.20%	NCBP2;SNRPF;ZNF473;SNRPD3;SNRPE
GSE46798_exposure_corrected	prerank	Removal of the Flap Intermediate	-0.31838827803501923	-0.8059752763574536	0.7421981004070556	0.901224131370295	1.0	5/14	27.58%	RPA3;POLD3;RPA1;POLA1;POLA2
GSE46798_exposure_corrected	prerank	Cargo recognition for clathrin-mediated endocytosis	-0.22261727102019988	-0.8055917658552347	0.8263214670981661	0.9010958387584278	1.0	42/103	39.74%	UBQLN1;ARRB1;RPS27A;ADRB2;EPS15;EREG;LDLR;COPS2;TACR1;SH3KBP1;AVP;SNAP91;SGIP1;COPS6;UBC;AP2A1;STAM2;VAMP2;COPS7A;SCARB2;CBL;UBQLN2;NEDD8;ARRB2;SYT1;IGF2R;COPS3;EPN1;SH3GL1;GPS1;CFTR;AP2M1;CLTB;AP2A2;PICALM;CD3D;EPS15L1;NECAP1;DVL2;STAM;SH3GL2;GRK2
GSE46798_exposure_corrected	prerank	SLC-mediated transport of organic cations	-0.31192801074924137	-0.8046543126121608	0.7176781002638523	0.9018303869645495	1.0	7/14	28.94%	SLC14A2;SLC22A2;SLC22A15;SLC22A1;SLC22A16;SLC47A1;SLC47A2
GSE46798_exposure_corrected	prerank	Cellular response to heat stress	-0.22374663694747798	-0.8044113075755635	0.8228822882288229	0.9014772826367706	1.0	31/101	29.67%	NUP35;NUP188;NUP88;ST13;CREBBP;PTGES3;HSPA12A;CAMK2D;NUP98;HSPA4;NUP133;MTOR;NUP160;RPA3;MLST8;HDAC6;BAG5;CAMK2B;HSPA14;NUP93;ATM;RPA1;HSPA12B;HSF1;GSK3B;NUP214;HIKESHI;TNFRSF21;HSP90AA1;FKBP4;AAAS
GSE46798_exposure_corrected	prerank	Recycling pathway of L1	-0.24810585868461407	-0.8039397801598224	0.7755813953488372	0.9014970263125405	1.0	16/47	31.54%	RPS6KA2;TUBA1A;TUBB4A;TUBA8;MSN;TUBB2B;TUBA3E;AP2A1;RPS6KA4;DPYSL2;DNM3;SHTN1;DNM1;L1CAM;TUBA1B;RDX
GSE46798_exposure_corrected	prerank	tRNA processing	-0.22219417373364317	-0.803777532219687	0.8258977149075082	0.9010494642562088	1.0	16/104	14.01%	ZBTB8OS;NUP35;TRMT13;NUP188;NUP88;DUS2;YRDC;TRMT61B;TP53RK;TRNT1;POP4;NUP98;NUP133;TSEN2;CLP1;NSUN6
GSE46798_exposure_corrected	prerank	Mitotic Telophase/Cytokinesis	-0.33520431119586286	-0.8037592870330915	0.7631578947368421	0.9003761118984529	1.0	6/12	28.03%	STAG2;KIF20A;PDS5B;RAD21;NIPBL;KIF23
GSE46798_exposure_corrected	prerank	Regulation of PTEN gene transcription	-0.23885853934898646	-0.802401464105321	0.8122119815668203	0.9017233448975511	1.0	29/60	42.56%	RNF2;HDAC3;RBBP7;HDAC2;LAMTOR3;MTA1;MTOR;SCMH1;MLST8;RCOR1;CHD4;PTEN;CBX6;RRAGD;BMI1;RBBP4;GATAD2A;TP53;SUZ12;LAMTOR1;EED;KDM1A;PHC1;RRAGB;MTA3;SALL4;RRAGA;MAPK3;CBX8
GSE46798_exposure_corrected	prerank	Interaction With Cumulus Cells And The Zona Pellucida	-0.34713652208084894	-0.8021616912302709	0.726775956284153	0.9014265799430144	1.0	5/10	29.07%	ADAM21;OVGP1;ADAM30;ZP3;ZP1
GSE46798_exposure_corrected	prerank	Butyrate Response Factor 1 (BRF1) binds and destabilizes mRNA	-0.2981868464673493	-0.8018479846518622	0.7400530503978779	0.9011802126410272	1.0	8/17	37.40%	ZFP36L1;EXOSC9;AKT1;EXOSC2;EXOSC3;YWHAB;DCP2;EXOSC4
GSE46798_exposure_corrected	prerank	Transcriptional regulation by the AP-2 (TFAP2) family of transcription factors	-0.25873274198508345	-0.801126552912533	0.7557436517533253	0.9016123953365994	1.0	12/36	32.27%	DEK;CREBBP;KIT;MYC;ERBB2;ATAD2;KCTD15;YY1;VEGFA;KDM5B;CGA;WWOX
GSE46798_exposure_corrected	prerank	SHC-mediated cascade:FGFR3	0.24934674995702572	0.801012761228104	0.7304347826086957	1.0	1.0	3/18	8.08%	FGF2;FGF20;SOS1
GSE46798_exposure_corrected	prerank	eNOS activation	-0.3209256210566258	-0.799884089065877	0.7472677595628415	0.9028049386576554	1.0	9/13	44.94%	DDAH1;NMT1;HSP90AA1;AKT1;CALM1;CYGB;CYB5B;NMT2;LYPLA1
GSE46798_exposure_corrected	prerank	RHO GTPases Activate NADPH Oxidases	-0.2760539886773704	-0.7994693568499619	0.7647058823529411	0.902802302764791	1.0	4/24	14.53%	PIK3C3;PRKCB;PRKCA;S100A9
GSE46798_exposure_corrected	prerank	Triglyceride metabolism	0.20915115642960108	0.7994571560534002	0.7810650887573964	1.0	1.0	9/35	15.50%	FABP9;PRKACG;GK;FABP12;GK2;AGMO;LIPE;DGAT2;GPD2
GSE46798_exposure_corrected	prerank	Energy dependent regulation of mTOR by LKB1-AMPK	-0.2692746283310582	-0.7981926199810099	0.7885783718104495	0.903928436788797	1.0	15/29	32.04%	STK11;STRADB;LAMTOR3;MTOR;PRKAB2;CAB39L;CAB39;MLST8;PRKAA1;PPM1A;STRADA;RRAGD;TSC1;PRKAG1;LAMTOR1
GSE46798_exposure_corrected	prerank	Detoxification of Reactive Oxygen Species	0.210737094295114	0.7974981997674667	0.8176795580110497	1.0	1.0	5/36	8.91%	AQP8;GPX6;TXNRD1;GPX7;CYBA
GSE46798_exposure_corrected	prerank	Killing mechanisms	-0.3246926164484196	-0.7950227891362465	0.7403973509933774	0.9073775251314904	1.0	2/12	4.14%	DVL3;DVL1
GSE46798_exposure_corrected	prerank	WNT5:FZD7-mediated leishmania damping	-0.3246926164484196	-0.7950227891362465	0.7403973509933774	0.9073775251314904	1.0	2/12	4.14%	DVL3;DVL1
GSE46798_exposure_corrected	prerank	TP53 Regulates Transcription of Genes Involved in G1 Cell Cycle Arrest	0.2659459675736777	0.7936935057685491	0.703125	1.0	1.0	2/14	3.30%	ZNF385A;E2F8
GSE46798_exposure_corrected	prerank	tRNA modification in the nucleus and cytosol	0.20153322020164963	0.7933769123949875	0.7558139534883721	1.0	1.0	8/40	9.35%	THADA;LCMT2;CTU2;QTRT2;TRMT6;QTRT1;LAGE3;THG1L
GSE46798_exposure_corrected	prerank	Drug ADME	-0.21720155325642235	-0.7922583269208655	0.8469827586206896	0.9108028269010324	1.0	33/102	32.70%	SULT1A1;VAV1;ABCC4;ALB;SLC22A7;CNDP2;VAV3;NUDT15;ABCB1;GLYATL1;HPRT1;ITPA;SLC22A2;CYP2E1;GMPS;SLC22A1;UGT2B15;SLC29A2;UGT2A3;ABCC5;NME1;NME2;BCHE;HSD11B1;SULT1C4;UGT1A1;VAV2;PON1;UGT2B17;CYP2C8;CES2;ADK;RAC1
GSE46798_exposure_corrected	prerank	APC-Cdc20 mediated degradation of Nek2A	-0.2728265830492106	-0.7919000396293585	0.756394640682095	0.9106386614271621	1.0	7/26	22.57%	RPS27A;UBE2D1;UBC;BUB1B;CDC26;ANAPC4;ANAPC15
GSE46798_exposure_corrected	prerank	Synthesis of PE	-0.33143549394427957	-0.7912622918088323	0.7394270122783083	0.9108593187236638	1.0	3/11	23.48%	CEPT1;CHKA;ETNK1
GSE46798_exposure_corrected	prerank	Signaling by ERBB2 in Cancer	-0.2673624403653669	-0.7906960054699406	0.7683686176836861	0.9110528283333098	1.0	15/26	44.50%	EREG;ERBB2;HRAS;PIK3CA;NRG1;PLCG1;HSP90AA1;PIK3R1;NRG3;SHC1;PTPN12;ERBIN;ERBB4;GRB2;NRAS
GSE46798_exposure_corrected	prerank	Defective B4GALT7 causes EDS, progeroid type	-0.2789774452581478	-0.7904167382908218	0.7493670886075949	0.9107605832055272	1.0	5/20	23.80%	SDC1;GPC5;GPC2;GPC1;VCAN
GSE46798_exposure_corrected	prerank	Signaling by BMP	0.2194896285115099	0.7901537077232332	0.7637362637362637	1.0	1.0	10/30	19.71%	NOG;CER1;BMP10;ACVRL1;BMPR1B;SMAD4;CHRDL1;BMPR1A;FSTL1;TGFBR3
GSE46798_exposure_corrected	prerank	MicroRNA (miRNA) biogenesis	-0.27144433061948353	-0.7876872307782136	0.780940594059406	0.9140534063711211	1.0	11/25	41.07%	POLR2G;AGO1;AGO3;DGCR8;XPO5;AGO2;PRKRA;DICER1;DROSHA;POLR2B;POLR2H
GSE46798_exposure_corrected	prerank	FRS-mediated FGFR3 signaling	-0.28484168838841584	-0.7863397096897204	0.7628205128205128	0.9153026320967639	1.0	6/20	19.04%	FGF1;FGF9;PTPN11;FGFR3;FRS3;HRAS
GSE46798_exposure_corrected	prerank	Mitochondrial protein degradation	-0.222499873827797	-0.7862649937974134	0.8193832599118943	0.9147162333591445	1.0	19/83	23.17%	TRIAP1;CS;COX5A;OXCT1;OPA1;YME1L1;PDK1;NDUFS1;OMA1;TIMM22;OXSM;ACAT1;DBT;UQCRC2;ACOT2;PDHA1;SLC25A5;ME2;MDH2
GSE46798_exposure_corrected	prerank	Scavenging by Class A Receptors	-0.28628351414705355	-0.7858464256984778	0.772104607721046	0.9146001393921858	1.0	6/19	27.01%	MARCO;COL1A2;MASP1;FTH1;COL3A1;COL4A2
GSE46798_exposure_corrected	prerank	Telomere C-strand synthesis initiation	-0.32644441378192907	-0.7853946772356001	0.7413333333333333	0.9145950159014268	1.0	8/11	45.58%	TERF1;TERF2;POLA1;POLA2;POT1;ACD;TEN1;TERF2IP
GSE46798_exposure_corrected	prerank	Gap junction assembly	-0.25463082105807167	-0.7848627932596516	0.7892813641900122	0.9146391941400656	1.0	7/35	17.53%	GJC1;TUBA1A;TUBB4A;TUBA8;TUBB2B;TUBA3E;GJB7
GSE46798_exposure_corrected	prerank	G beta:gamma signalling through BTK	-0.28919389478450147	-0.7835809154919555	0.7626459143968871	0.9157451449489004	1.0	9/18	39.81%	GNG5;GNG8;GNB1;GNGT2;GNB5;GNB4;GNG7;GNB2;GNG2
GSE46798_exposure_corrected	prerank	Downregulation of ERBB2 signaling	-0.26139166598993135	-0.7835541978313204	0.7772337821297429	0.9150823716094398	1.0	17/29	44.35%	RPS27A;EREG;UBC;ERBB2;CUL5;NRG1;HSP90AA1;AKT3;AKT1;NRG3;PTPN12;PTPN18;ERBIN;RNF41;ERBB4;STUB1;USP8
GSE46798_exposure_corrected	prerank	Downstream signaling of activated FGFR3	-0.2715265870606165	-0.7830899300700466	0.7813712807244502	0.9150462597745739	1.0	8/25	22.11%	FGF1;FGF9;PTPN11;FGFR3;FRS3;HRAS;PIK3CA;PLCG1
GSE46798_exposure_corrected	prerank	Mitochondrial protein import	-0.2294960774131289	-0.7822588461500024	0.8175519630484989	0.9155515959999152	1.0	18/59	33.35%	PITRM1;TIMM8A;CS;COX19;TIMM8B;TIMM22;TOMM70;COA4;TOMM7;GRPEL1;VDAC1;TOMM40;SLC25A6;COQ2;SLC25A13;HSCB;TIMM9;SLC25A4
GSE46798_exposure_corrected	prerank	CHD1 and CHD2 subfamily	-0.24372710991128396	-0.7822082636473187	0.8211382113821138	0.9149339486771981	1.0	18/42	39.51%	CDC73;SSRP1;LEO1;SF3B1;SF3B3;MYOG;SNRPD1;TCF4;CHD1;SUPT16H;SNRPF;DHX15;SF3B4;TCF12;SNRPB2;SNRPA1;SMNDC1;SNRPD3
GSE46798_exposure_corrected	prerank	Sphingolipid metabolism	-0.2142863973816614	-0.7817225307573875	0.8554476806903991	0.9149422746796926	1.0	24/101	23.85%	SPTLC1;ACER2;SAMD8;ARSD;DEGS2;ALDH3B1;ACER3;SPTLC3;ENPP7;GALC;VAPB;GLB1L3;ALDH3A2;ST3GAL5;CERK;PLPP3;SPHK1;B4GALT5;CERS6;ASAH2;A4GALT;PRKD2;ALDH3B2;UGCG
GSE46798_exposure_corrected	prerank	HDL remodeling	0.2904200541197678	0.7814402132426996	0.7190635451505016	1.0	1.0	5/10	21.86%	LCAT;APOC3;APOC2;ABCG1;APOE
GSE46798_exposure_corrected	prerank	Synthesis of PA	0.2002849742552256	0.7788588189553893	0.8052631578947368	1.0	1.0	6/38	7.62%	ALPI;GPAT3;LIPI;PLA2G2E;PLA2G1B;DDHD1
GSE46798_exposure_corrected	prerank	Urea cycle	0.2711086999408167	0.7785171651129413	0.7354085603112841	1.0	1.0	11/11	72.90%	NAGS;OTC;ARG1;SIRT5;ASS1;CPS1;SLC25A15;ASL;ARG2;TP53;NMRAL1
GSE46798_exposure_corrected	prerank	Inhibition of replication initiation of damaged DNA by RB1/E2F1	0.25974154088980966	0.7784364207578472	0.7004405286343612	1.0	1.0	13/13	74.04%	PRIM2;PPP2R3B;PRIM1;PPP2CB;TFDP1;RB1;PPP2R1B;E2F1;TFDP2;PPP2R1A;POLA2;POLA1;PPP2CA
GSE46798_exposure_corrected	prerank	IRF3-mediated induction of type I IFN	-0.32839041317130574	-0.7781341791059054	0.759526938239159	0.9193940780093625	1.0	7/11	43.35%	IFI16;XRCC5;TBK1;PRKDC;DDX41;DTX4;NLRC3
GSE46798_exposure_corrected	prerank	Tandem pore domain potassium channels	-0.32336162280316166	-0.7778450117062691	0.7786885245901639	0.9191114695066147	1.0	5/12	18.25%	KCNK10;KCNK3;KCNK2;KCNK17;KCNK16
GSE46798_exposure_corrected	prerank	SHC1 events in ERBB4 signaling	0.25441843720047475	0.777283414075692	0.7393162393162394	0.997570178395476	1.0	3/14	8.08%	NRG2;BTC;SOS1
GSE46798_exposure_corrected	prerank	Frs2-mediated activation	-0.32199807855098167	-0.773180266485779	0.7788595271210014	0.9250157288029099	1.0	7/12	46.97%	RAPGEF1;MAP2K2;YWHAB;NTRK1;MAPK3;MAP2K1;CRKL
GSE46798_exposure_corrected	prerank	Anchoring fibril formation	-0.30156265482825395	-0.7727750136944727	0.7807486631016043	0.9248584222395902	1.0	5/15	27.01%	BMP1;COL1A2;LAMC2;COL4A4;COL4A2
GSE46798_exposure_corrected	prerank	Fatty acid metabolism	-0.20134740019089872	-0.7726730783279689	0.898109243697479	0.9243214949715213	1.0	59/168	33.77%	MMAA;PTGR2;PPARD;ELOVL1;HACD4;MCAT;ACOX1;ALOX5;ACLY;PPT2;ACAA2;ACACB;ALOX12B;PTGES3;HSD17B4;CPT1A;SLC27A1;ACSL4;ACSL6;PRKAB2;HSD17B12;ACACA;SLC25A17;ALDH3A2;ELOVL6;PTGDS;ECI2;MID1IP1;ACSBG1;ECHS1;LTA4H;ACOT2;DECR1;PTGS1;CYP1B1;CRAT;ACAD10;PCCA;ACOX3;PHYH;ACSL1;ACBD4;DECR2;ACOT12;CYP4F2;ACAD11;PON1;ALOX15;PTGS2;ELOVL5;SCP2;TECR;CYP2C8;CPT1B;FADS2;ACSF2;ALOX5AP;CBR4;ACOT9
GSE46798_exposure_corrected	prerank	Caspase activation via Death Receptors in the presence of ligand	-0.2964763578365383	-0.7719707491530324	0.7768707482993197	0.9245933687395174	1.0	2/16	6.04%	CFLAR;CD14
GSE46798_exposure_corrected	prerank	Sphingolipid de novo biosynthesis	-0.24841775410212885	-0.7706207657604884	0.8131736526946107	0.9257554338465787	1.0	14/34	36.11%	SPTLC1;SAMD8;DEGS2;SPTLC3;VAPB;SPHK1;CERS6;PRKD2;DEGS1;CSNK1G2;OSBP;SPNS2;PPM1L;ORMDL1
GSE46798_exposure_corrected	prerank	Negative regulators of DDX58/IFIH1 signaling	-0.25049452209957124	-0.7696178560977134	0.818070818070818	0.9263768331935341	1.0	10/34	20.72%	RPS27A;ITCH;UBE2D1;TNFAIP3;UBE2D2;UBC;UBE2L6;TBK1;CYLD;ATG12
GSE46798_exposure_corrected	prerank	Phospholipase C-mediated cascade; FGFR3	0.26032593021773437	0.7674996011889399	0.7700729927007299	1.0	1.0	2/13	6.17%	FGF2;FGF20
GSE46798_exposure_corrected	prerank	Lewis blood group biosynthesis	0.25537796899855536	0.7673798533691966	0.8042553191489362	1.0	1.0	4/15	13.98%	B3GALT4;B3GALT5;B3GALT2;FUT7
GSE46798_exposure_corrected	prerank	SHC1 events in ERBB2 signaling	-0.26840826869948553	-0.7670197154729009	0.7940074906367042	0.9290163110043335	1.0	13/22	44.50%	EREG;PRKCA;PRKCE;ERBB2;HRAS;NRG1;NRG3;SHC1;PTPN12;ERBB4;GRB2;PRKCD;NRAS
GSE46798_exposure_corrected	prerank	G-protein activation	-0.2663820560337235	-0.7655912476197008	0.7904040404040404	0.9302171384339919	1.0	5/24	16.56%	GNAQ;GNG5;GNG8;GNB1;GNGT2
GSE46798_exposure_corrected	prerank	Signaling by FGFR4	-0.2409999420670035	-0.7654870600647282	0.8254716981132075	0.9296690321804059	1.0	14/41	30.11%	RPS27A;FGF1;FGF9;PTPN11;UBC;FRS3;HRAS;PIK3CA;PLCG1;CBL;PPP2CA;SPRY2;PIK3R1;PPP2R1A
GSE46798_exposure_corrected	prerank	PI3K events in ERBB4 signaling	-0.3299811868105111	-0.7648779251720108	0.7857142857142857	0.9298400053844463	1.0	5/10	31.00%	EREG;PIK3CA;NRG1;PIK3R1;NRG3
GSE46798_exposure_corrected	prerank	Synthesis of PIPs at the Golgi membrane	-0.2857203048806485	-0.7642280535495537	0.8007968127490039	0.9300027562748916	1.0	9/18	29.23%	PIK3C3;PIK3C2A;SACM1L;OCRL;ARF3;PI4K2B;PIK3R4;PIKFYVE;INPP5E
GSE46798_exposure_corrected	prerank	Phase II - Conjugation of compounds	0.16939894568248065	0.7637737675765283	0.9418604651162791	1.0	1.0	22/101	15.54%	GSTA1;ABHD14B;GSTA2;UGT1A7;SULT1B1;ACSM1;ACSM2B;GSS;GSTA5;UGT3A2;GLYAT;SULT1E1;SULT2A1;GGT1;GGT5;UGT1A9;UGT2B7;HPGDS;BPNT1;AHCY;TRMT112;ACSM4
GSE46798_exposure_corrected	prerank	Apoptotic cleavage of cell adhesion  proteins	0.2642213896962206	0.7635408777487317	0.7707509881422925	0.9977458784587575	1.0	4/11	19.63%	DSG3;DSG1;CDH1;CTNNB1
GSE46798_exposure_corrected	prerank	Reproduction	-0.21244917710957473	-0.7625668374310336	0.8850325379609545	0.9314953487992007	1.0	29/92	30.58%	DMC1;POU5F1;TOP3A;RBBP8;SYNE2;RAD51;ADAM21;STAG2;OVGP1;SYCP3;CBFA2T2;ADAM30;RPA3;LMNB1;TERF1;NBN;TERF2;ATM;SMC1B;RPA1;ACR;RAD21;SYCE1;RAD51C;ZP3;ZP1;SUN2;SPO11;CATSPER1
GSE46798_exposure_corrected	prerank	RAS processing	-0.26565890519613045	-0.7620013348062493	0.8029739776951673	0.9315404896144664	1.0	12/24	44.94%	RPS27A;BCL2L1;UBC;HRAS;ABHD17C;ABHD17A;CALM1;ZDHHC9;ARL2;FNTB;NRAS;LYPLA1
GSE46798_exposure_corrected	prerank	DNA strand elongation	-0.25272865138384776	-0.7618299828789302	0.8194271481942715	0.9310697439875157	1.0	9/32	27.58%	MCM8;RFC1;MCM7;RPA3;POLD3;GINS1;RPA1;POLA1;POLA2
GSE46798_exposure_corrected	prerank	Gap junction trafficking	0.1900552788215036	0.7615850336639854	0.84375	0.9951178591991242	1.0	3/46	1.93%	DNM2;GJD2;GJA10
GSE46798_exposure_corrected	prerank	Pexophagy	-0.3172452397034496	-0.7606169868074905	0.7747625508819539	0.9320157536230107	1.0	4/11	27.09%	RPS27A;UBC;ATM;PEX5
GSE46798_exposure_corrected	prerank	Nuclear events stimulated by ALK signaling in cancer	-0.24565619193645122	-0.7596249460460054	0.8233861144945189	0.9325984665840029	1.0	16/34	48.13%	TNRC6C;AGO1;AGO3;BCL2A1;SKP1;RBX1;AGO2;ZAP70;ZC3HC1;MIR21;IL10RA;MAPK3;HDAC1;DNMT1;NOTCH1;CUL1
GSE46798_exposure_corrected	prerank	Retrograde transport at the Trans-Golgi-Network	-0.23273287101091095	-0.7593562442442089	0.8406976744186047	0.9322620041382277	1.0	14/49	28.72%	RAB6A;VTI1A;RAB9B;RAB6B;NSF;COG5;GOLGA1;RABEPK;NAA35;SCOC;RHOBTB3;VPS51;NAPB;IGF2R
GSE46798_exposure_corrected	prerank	HuR (ELAVL1) binds and stabilizes mRNA	-0.32600753460640897	-0.7588345737066529	0.7706043956043956	0.9322485578922993	1.0	4/10	26.35%	PRKCA;ELAVL1;XPO1;NUP214
GSE46798_exposure_corrected	prerank	Zinc transporters	-0.2964297370981247	-0.7587976561950437	0.7585301837270341	0.9315897928446732	1.0	10/15	54.24%	SLC30A2;SLC39A14;SLC39A2;SLC39A7;SLC39A6;SLC30A8;SLC30A5;SLC39A5;SLC39A4;SLC30A3
GSE46798_exposure_corrected	prerank	Signaling by FGFR2 in disease	0.18639247214644825	0.7586882643935946	0.8490566037735849	0.9943729162531414	1.0	12/43	17.74%	FGF2;FGF22;FGF20;SOS1;FRS2;POLR2D;FGF6;FGF7;FGF3;FGF5;FGF10;POLR2I
GSE46798_exposure_corrected	prerank	Gap junction trafficking and regulation	0.18910259818208847	0.75807823893724	0.831081081081081	0.9896784473327581	1.0	3/48	1.93%	DNM2;GJD2;GJA10
GSE46798_exposure_corrected	prerank	Signaling by ERBB2 KD Mutants	-0.25715660694112535	-0.7575307413073655	0.7965260545905707	0.932552462492659	1.0	14/25	44.50%	EREG;ERBB2;HRAS;PIK3CA;NRG1;PLCG1;HSP90AA1;PIK3R1;NRG3;SHC1;ERBIN;ERBB4;GRB2;NRAS
GSE46798_exposure_corrected	prerank	Nuclear Events (kinase and transcription factor activation)	-0.22124794533690495	-0.7567089389008459	0.8613636363636363	0.9329460135345351	1.0	29/61	42.61%	ID2;CREB1;NAB1;MAPK7;RPS6KA2;VGF;EGR4;DUSP6;PPP2R5D;CHD4;NAB2;TRIB1;PPP2CA;ID4;PPP2R1A;DUSP4;MEF2C;CDK5R1;TCF12;ASCL1;DUSP7;RPS6KA3;MEF2A;DUSP3;SRF;RRAD;MAPK3;PPP2R1B;CDK5R2
GSE46798_exposure_corrected	prerank	Ubiquinol biosynthesis	-0.30688333646293775	-0.7561671698565385	0.7933774834437086	0.9329542200333296	1.0	6/13	44.20%	COQ7;PDSS2;COQ2;COQ9;COQ3;PDSS1
GSE46798_exposure_corrected	prerank	Glycosphingolipid biosynthesis	-0.2808529131500418	-0.7549608988732323	0.7997416020671835	0.9338513597353779	1.0	8/18	38.23%	ST3GAL5;CERK;B4GALT5;A4GALT;UGCG;ST3GAL3;FUT1;ST3GAL2
GSE46798_exposure_corrected	prerank	DS-GAG biosynthesis	-0.3075128579253988	-0.7543978610417721	0.7875166002656042	0.9339172589408199	1.0	5/12	37.14%	CHST14;CHST15;VCAN;NCAN;DSEL
GSE46798_exposure_corrected	prerank	Signaling by NTRK3 (TRKC)	-0.2811086768294965	-0.7519634482046085	0.8041504539559015	0.9363361350500984	1.0	9/17	47.09%	NTRK3;HRAS;PIK3CA;PLCG1;PIK3R1;SHC1;GRB2;NRAS;NTF3
GSE46798_exposure_corrected	prerank	Cell death signalling via NRAGE, NRIF and NADE	-0.21362171306357086	-0.7489578431173032	0.8674832962138085	0.9394808463721875	1.0	13/75	17.03%	VAV1;ABR;RPS27A;ARHGEF7;TRAF6;PREX1;VAV3;FGD3;GNA13;ARHGEF6;UBC;ARHGEF12;ARHGEF1
GSE46798_exposure_corrected	prerank	Crosslinking of collagen fibrils	-0.2775846089429105	-0.7484539208726079	0.8181818181818182	0.9394078265387429	1.0	8/18	29.93%	BMP1;COL1A2;LOXL2;COL4A4;COL4A2;LOXL4;LOXL1;LOX
GSE46798_exposure_corrected	prerank	Keratan sulfate/keratin metabolism	0.19092705697796136	0.7474824771981204	0.9034090909090909	1.0	1.0	3/37	3.60%	OGN;B3GNT7;CHST5
GSE46798_exposure_corrected	prerank	MET receptor recycling	-0.3243344991315851	-0.7471217432555746	0.7827338129496403	0.9403825967807767	1.0	1/10	4.08%	MET
GSE46798_exposure_corrected	prerank	AKT phosphorylates targets in the cytosol	0.2567327611719444	0.7439428848479853	0.7992565055762082	1.0	1.0	13/13	74.34%	BAD;AKT2;CDKN1A;AKT1S1;CHUK;MDM2;MKRN1;TSC2;CASP9;CDKN1B;AKT1;AKT3;GSK3B
GSE46798_exposure_corrected	prerank	Collagen degradation	-0.21590934090974884	-0.7425228123516426	0.8745800671892497	0.9452951844497685	1.0	30/63	40.59%	COL8A2;COL11A1;ELANE;COL1A2;ADAM17;PHYKPL;COL6A3;COL25A1;MMP15;CTSB;COL3A1;MMP2;MMP14;MMP11;COL4A4;COL4A2;COL5A2;COL16A1;MMP9;COL5A1;MMP3;CTSL;COL8A1;TMPRSS6;COL14A1;COL19A1;COL18A1;ADAM9;COL6A1;COL4A3
GSE46798_exposure_corrected	prerank	VxPx cargo-targeting to cilium	-0.27073316152296334	-0.7402138507839555	0.8188775510204082	0.9473550571549946	1.0	8/20	35.07%	EXOC7;ASAP1;EXOC4;RAB11A;CNGA4;RAB11FIP3;EXOC1;PKD2
GSE46798_exposure_corrected	prerank	Developmental Cell Lineages of the Exocrine Pancreas	-0.2488446872815034	-0.7399515714873623	0.8322663252240717	0.9469578029722587	1.0	6/29	14.65%	COL11A1;LAMA5;LAMC1;LAMC3;COL1A2;VTN
GSE46798_exposure_corrected	prerank	Organic anion transport by SLCO transporters	-0.3160476057753874	-0.7391546974479263	0.8164383561643835	0.9472159629026413	1.0	2/10	17.21%	AVP;SLCO1C1
GSE46798_exposure_corrected	prerank	NRIF signals cell death from the nucleus	-0.2803830274431729	-0.739005285117143	0.8002645502645502	0.9466853943312801	1.0	4/16	19.78%	RPS27A;TRAF6;UBC;PSENEN
GSE46798_exposure_corrected	prerank	Glucagon-like Peptide-1 (GLP1) regulates insulin secretion	-0.23268153303752526	-0.7388590109409411	0.8618581907090465	0.9461563913771047	1.0	10/40	22.06%	GNG5;GNG8;GLP1R;GNB1;KCNB1;GNGT2;PRKAR1A;GCG;PRKACB;ADCY8
GSE46798_exposure_corrected	prerank	Downstream signaling of activated FGFR1	0.20372951154989524	0.738769528437286	0.8655913978494624	1.0	1.0	10/30	17.69%	FGF2;FGF22;FGF20;SOS1;FRS2;FGFR1;FGF6;FGF3;FGF5;FGF10
GSE46798_exposure_corrected	prerank	Amino acids regulate mTORC1	-0.22474080425272241	-0.7353718607640714	0.8695136417556346	0.9496188702130685	1.0	24/49	41.00%	ATP6V0D2;KPTN;LAMTOR3;MTOR;SH3BP4;WDR59;ATP6V1B2;ATP6V1E1;MLST8;ATP6V1D;ATP6V0E2;ATP6V1C2;FNIP1;RRAGD;SZT2;LAMTOR1;WDR24;ATP6V1G2;FNIP2;ATP6V1H;RRAGB;ATP6V1G1;ATP6V1B1;RRAGA
GSE46798_exposure_corrected	prerank	Downregulation of ERBB2:ERBB3 signaling	-0.29259022831647624	-0.7341528524141273	0.819047619047619	0.9503489322260928	1.0	6/13	28.59%	RPS27A;UBC;ERBB2;NRG1;AKT3;AKT1
GSE46798_exposure_corrected	prerank	Pyrimidine catabolism	0.2668248182240155	0.7333675253849081	0.808	1.0	1.0	2/12	10.09%	AGXT2;UPP2
GSE46798_exposure_corrected	prerank	Aberrant regulation of mitotic G1/S transition in cancer due to RB1 defects	-0.2724747165830531	-0.7332540933085716	0.847769028871391	0.9499601080402985	1.0	8/17	42.86%	CDKN1C;CCND2;CDKN1B;CCND1;E2F3;TFDP2;E2F1;CDK4
GSE46798_exposure_corrected	prerank	Defective binding of RB1 mutants to E2F1,(E2F2, E2F3)	-0.2724747165830531	-0.7332540933085716	0.847769028871391	0.9499601080402985	1.0	8/17	42.86%	CDKN1C;CCND2;CDKN1B;CCND1;E2F3;TFDP2;E2F1;CDK4
GSE46798_exposure_corrected	prerank	Glycerophospholipid biosynthesis	-0.19783929748796156	-0.7324009364497145	0.921311475409836	0.9503145986575897	1.0	38/119	33.49%	MIGA1;PLB1;MBOAT2;PLA2G2D;SLC44A4;CPNE1;AGK;CPNE7;CDIPT;LPCAT4;GPCPD1;AGPAT1;ACHE;PLA2G4C;AWAT2;DDHD2;PLA2G12A;OSBPL5;PLA2G5;PLBD1;PITPNM1;CEPT1;CHKA;ETNK1;LIPH;PLD1;PGS1;BCHE;OSBPL10;OSBPL8;PLA2G10;AGPAT4;AGPAT5;PNPLA3;PEMT;CPNE3;GPAT2;DGAT1
GSE46798_exposure_corrected	prerank	Respiratory Syncytial Virus Infection Pathway	-0.20185059814005252	-0.7323257486377207	0.9241452991452992	0.9497026219873255	1.0	32/114	28.62%	MED11;RPS27A;SDC1;CD14;MAP1B;GPC5;CREBBP;IFNA10;IFNA7;SPCS2;UBC;UBE2L6;CUL5;MED4;CDK19;RBX1;MED25;GPC2;XPO1;MED1;KPNB1;GPC1;EIF2AK2;TLR6;IFNA14;MED29;BCAP31;IFNA8;SEC11A;HSP90AA1;SEC11C;MAVS
GSE46798_exposure_corrected	prerank	Phosphorylation and nuclear translocation of the CRY:PER:kinase complex	-0.2864850688330806	-0.7318975342510123	0.807843137254902	0.9494841825093597	1.0	10/14	56.36%	PER3;CSNK2A2;CRY2;PER2;CSNK1E;PPP1CB;PER1;CSNK2A1;PPP1CC;CDK5
GSE46798_exposure_corrected	prerank	p75 NTR receptor-mediated signalling	-0.20267429789764446	-0.7318174328037068	0.9133261105092091	0.9488939523224431	1.0	34/97	36.57%	VAV1;ABR;RPS27A;ARHGEF7;HDAC3;TRAF6;PREX1;VAV3;FGD3;GNA13;HDAC2;ADAM17;ARHGEF6;UBC;ARHGEF12;ARHGEF1;RHOA;PSENEN;LINGO1;ARHGEF37;FGD4;ARHGEF35;VAV2;CASP3;TRIO;FGD1;RAC1;MAPK8;RTN4;TIAM2;KALRN;RTN4R;PSEN2;ARHGDIA
GSE46798_exposure_corrected	prerank	Nuclear Receptor transcription pathway	-0.2189799847931257	-0.7316907253964386	0.8832951945080092	0.9483574844535858	1.0	12/52	21.92%	PPARD;RARB;RORC;NR4A2;NR2F1;RORA;NR2F6;NCOR2;NR1D1;NR2C1;MED1;NR1I3
GSE46798_exposure_corrected	prerank	FXIIa activates plasma kallikrein-kinin system	0.26065775065094093	0.7286225512798539	0.8208955223880597	1.0	1.0	2/10	6.24%	KRT1;A2M
GSE46798_exposure_corrected	prerank	Negative regulation of FGFR3 signaling	-0.2468382196040482	-0.7265349944304723	0.8525	0.9535974019164913	1.0	9/29	26.45%	RPS27A;FGF1;FGF9;PTPN11;UBC;FGFR3;CBL;PPP2CA;SPRY2
GSE46798_exposure_corrected	prerank	Transcriptional regulation by small RNAs	-0.27337499559105705	-0.7245981626217235	0.8354591836734694	0.9550576751098678	1.0	2/17	6.03%	POLR2G;AGO1
GSE46798_exposure_corrected	prerank	Defective Intrinsic Pathway for Apoptosis	0.21531609467663804	0.7233352161782032	0.8636363636363636	1.0	1.0	5/22	16.82%	BCL2L11;JUN;FASLG;LMNA;CDKN2A
GSE46798_exposure_corrected	prerank	RSV-host interactions	-0.2052990446325116	-0.722572405873206	0.9215686274509803	0.9565856712799563	1.0	25/91	27.29%	MED11;RPS27A;SDC1;CD14;MAP1B;GPC5;CREBBP;IFNA10;IFNA7;UBC;UBE2L6;CUL5;MED4;CDK19;RBX1;MED25;GPC2;MED1;GPC1;EIF2AK2;TLR6;IFNA14;MED29;BCAP31;IFNA8
GSE46798_exposure_corrected	prerank	Prefoldin mediated transfer of substrate  to CCT/TriC	-0.24159358513853574	-0.7185739680946907	0.838107098381071	0.9602071919519095	1.0	4/28	12.97%	TCP1;TUBA1A;TUBB4A;TUBB2B
GSE46798_exposure_corrected	prerank	Signaling by FGFR1	-0.21987072897771762	-0.7184680191054396	0.8983644859813084	0.9596210204867565	1.0	18/51	31.19%	RPS27A;FLRT1;FGF1;FGF9;PTPN11;UBC;FRS3;HRAS;ANOS1;PIK3CA;PLCG1;CBL;PPP2CA;SPRY2;PIK3R1;FLRT3;PPP2R1A;GIPC1
GSE46798_exposure_corrected	prerank	Synthesis of IP3 and IP4 in the cytosol	-0.24660865691872227	-0.7183318928539725	0.8490322580645161	0.959062811628883	1.0	12/26	38.95%	ITPK1;PLCD4;PLCG2;OCRL;PTEN;PLCG1;PLCH2;INPP5J;CALM1;INPPL1;ITPKB;PLCB1
GSE46798_exposure_corrected	prerank	PI3K events in ERBB2 signaling	-0.27013526403760296	-0.7181726165330621	0.8423180592991913	0.9585394696567376	1.0	6/16	31.00%	EREG;ERBB2;PIK3CA;NRG1;PIK3R1;NRG3
GSE46798_exposure_corrected	prerank	Activation of BH3-only proteins	-0.23790336636904316	-0.7173264124712676	0.8592411260709915	0.9587755679540099	1.0	13/30	33.58%	YWHAG;YWHAQ;TP53BP2;YWHAH;PPP3R1;BBC3;AKT3;AKT1;DYNLL1;BCL2;TP53;YWHAB;MAPK8
GSE46798_exposure_corrected	prerank	Heme degradation	-0.2797124428001684	-0.7170377566140039	0.8315649867374005	0.9584062130272669	1.0	5/14	32.97%	ALB;FABP1;BLVRA;UGT1A1;HMOX2
GSE46798_exposure_corrected	prerank	Extracellular matrix organization	-0.18113660881430813	-0.7156528669228024	0.9819095477386934	0.9592382395833474	1.0	93/316	31.24%	TGFB3;ADAM19;MADCAM1;COL8A2;ITGA4;ITGA11;COL11A1;BMP1;LRP4;PLOD2;SDC1;ADAMTS1;PECAM1;TIMP2;UTRN;CTRB1;LAMA5;NTN4;LAMC1;ELANE;CAPN6;THBS1;FBLN5;FBN3;VCAM1;LAMC3;SNTB1;SH3PXD2A;COL1A2;PRKCA;ITGB8;PRSS1;MATN4;COL28A1;MMP24;SGCD;ADAM17;PHYKPL;ADAMTS3;VTN;CTSS;SERPINE1;ADAM8;COL6A3;TGFB2;SNTB2;COL25A1;ADAMTS8;CAPN5;NRXN1;ITGAE;LOXL2;BMP2;MMP15;MFAP2;CTSB;ICAM4;COL3A1;EMILIN3;ICAM1;ITGA7;MMP2;FBN1;VCAN;MMP14;CD47;IBSP;JAM3;ACTC1;P4HA1;ACTN1;ITGA9;LAMA2;CAPN7;MMP11;CMA1;LAMC2;COL4A4;COL4A2;PLG;ADAM12;LOXL4;SCUBE3;CASP3;LOXL1;LOX;TPSAB1;COL5A2;FGA;DST;ACAN;COL16A1;ITGB1
GSE46798_exposure_corrected	prerank	Phosphorylation of CD3 and TCR zeta chains	0.2137819375419295	0.7152511094644239	0.861244019138756	1.0	1.0	5/20	15.49%	CD4;CD3E;PTPRJ;HLA-DRB5;HLA-DRB1
GSE46798_exposure_corrected	prerank	NRAGE signals death through JNK	-0.21118710494925258	-0.7143912064266402	0.8995433789954338	0.9599016009640332	1.0	10/58	17.03%	VAV1;ABR;ARHGEF7;PREX1;VAV3;FGD3;GNA13;ARHGEF6;ARHGEF12;ARHGEF1
GSE46798_exposure_corrected	prerank	Regulation of MITF-M-dependent genes involved in lysosome biogenesis and autophagy	-0.270515416631269	-0.7141230996093485	0.856951871657754	0.9594666873241808	1.0	5/16	23.56%	ATP6V1B2;ATP6V1E1;ATP6AP2;ATP6V1D;ATP6V0E2
GSE46798_exposure_corrected	prerank	NCAM1 interactions	-0.22258968607545765	-0.7133601472721396	0.8867924528301887	0.9595802772385077	1.0	17/42	36.79%	GDNF;GFRA1;ST8SIA4;CNTN2;COL6A3;CACNA1I;PSPN;COL3A1;CACNB3;COL4A4;COL4A2;COL5A2;ST8SIA2;CACNA1H;COL5A1;CACNB2;NCAN
GSE46798_exposure_corrected	prerank	Citric acid cycle (TCA cycle)	-0.23465619005268762	-0.7122092347925018	0.8636911942098915	0.960121826346111	1.0	6/32	23.17%	SIRT3;CS;NNT;ACAT1;ISCA1;MDH2
GSE46798_exposure_corrected	prerank	Vitamin B5 (pantothenate) metabolism	-0.25931233618158367	-0.7115158142008775	0.8462532299741602	0.9601285929228085	1.0	8/20	38.98%	PANK2;PDZD11;DCAKD;PANK4;SLC5A6;ENPP1;SLC25A16;VNN1
GSE46798_exposure_corrected	prerank	APC/C:Cdc20 mediated degradation of Cyclin B	-0.24609270387009802	-0.7094111031720661	0.8497536945812808	0.9616831291639608	1.0	6/24	22.57%	RPS27A;UBE2D1;UBC;CDC26;ANAPC4;ANAPC15
GSE46798_exposure_corrected	prerank	TGFBR3 expression	-0.24457886851547125	-0.7093883820281126	0.8875154511742892	0.9610110842315733	1.0	8/28	26.59%	TNRC6C;SMAD3;AGO1;AGO3;MYOG;TCF4;AGO2;MYCN
GSE46798_exposure_corrected	prerank	mRNA decay by 5' to 3' exoribonuclease	0.23271283581349606	0.7067274017337641	0.875	1.0	1.0	2/15	2.99%	DDX6;DCP1B
GSE46798_exposure_corrected	prerank	Regulation of gene expression in beta cells	-0.2494853451617055	-0.7057484690653534	0.8554838709677419	0.9640291941390644	1.0	8/20	31.87%	FOXO1;NEUROD1;PAX6;AKT3;PKLR;AKT1;GCK;INS
GSE46798_exposure_corrected	prerank	Signaling by Hippo	-0.2570045714521596	-0.7052541747628929	0.8489388264669163	0.9638512855296641	1.0	7/20	32.04%	MOB1B;LATS2;AMOTL2;WWC1;CASP3;STK3;YWHAB
GSE46798_exposure_corrected	prerank	Diseases of programmed cell death	0.17669467553011625	0.7051097207329903	0.9166666666666666	1.0	1.0	5/41	8.74%	BCL2L11;PRIM2;RIPK3;TRAF2;JUN
GSE46798_exposure_corrected	prerank	Tetrahydrobiopterin (BH4) synthesis, recycling, salvage and regulation	0.2570428676907205	0.7045281398411292	0.8581560283687943	1.0	1.0	2/10	9.55%	SPR;PRKG2
GSE46798_exposure_corrected	prerank	Metabolism of porphyrins	0.19743068547346004	0.7029715772224328	0.9119170984455959	1.0	1.0	2/26	4.42%	GSTA1;ALAS2
GSE46798_exposure_corrected	prerank	SLBP Dependent Processing of Replication-Dependent Histone Pre-mRNAs	-0.2904237863644264	-0.7027347460051219	0.8539944903581267	0.9657068461365382	1.0	5/11	43.20%	NCBP2;SNRPF;ZNF473;SNRPD3;SNRPE
GSE46798_exposure_corrected	prerank	GRB2 events in EGFR signaling	0.24402227653719347	0.7013056292566017	0.8467432950191571	1.0	1.0	4/11	17.62%	BTC;SOS1;EGF;TGFA
GSE46798_exposure_corrected	prerank	SARS-CoV-2 activates/modulates innate and adaptive immune responses	-0.19074674337336642	-0.6996763608724537	0.943796394485684	0.9681289549551952	1.0	24/118	20.06%	NUP35;PIK3C3;RPS27A;NUP188;NUP88;TRAF6;NLRP3;CREBBP;IFNA10;IL17A;NUP98;IFNA7;NUP133;MASP1;MAP3K7;PTPN11;STAT1;UBC;ATG14;UBE2N;NUP160;B2M;TBK1;NUP93
GSE46798_exposure_corrected	prerank	Platelet Aggregation (Plug Formation)	-0.22530176944208208	-0.6993466298321903	0.8915375446960667	0.9677754574337027	1.0	14/36	36.14%	GP9;PTK2;COL1A2;GP5;ADRA2B;THPO;GP1BA;ADRA2A;AKT1;PDPK1;FGA;FGG;CSK;SHC1
GSE46798_exposure_corrected	prerank	Activation of AMPK downstream of NMDARs	-0.23790500301730072	-0.6979317607595069	0.8880597014925373	0.9684674787228449	1.0	7/27	18.39%	TUBA1A;TUBB4A;TUBA8;TUBB2B;PRKAB2;TUBA3E;PRKAA1
GSE46798_exposure_corrected	prerank	Gluconeogenesis	0.19705753930301523	0.6969481829072708	0.8984771573604061	1.0	1.0	7/24	18.12%	ALDOA;GAPDHS;PCK1;PGAM2;PC;G6PC3;PGK1
GSE46798_exposure_corrected	prerank	Cytosolic iron-sulfur cluster assembly	-0.3001372494465405	-0.6956748928142785	0.8575380359612724	0.9699986489358438	1.0	2/10	7.89%	ABCB7;CIAO1
GSE46798_exposure_corrected	prerank	Heme biosynthesis	-0.2769287869827841	-0.6956434913694979	0.8530183727034121	0.969331364721111	1.0	9/13	48.52%	ALB;COX10;UROS;CPOX;FLVCR1;UROD;ALAS1;PPOX;HMBS
GSE46798_exposure_corrected	prerank	SUMOylation of intracellular receptors	0.18977371160793022	0.6955637956239955	0.9022988505747126	0.9972248285504284	1.0	8/30	16.07%	NR5A2;VDR;PPARA;RARA;PIAS3;NR5A1;ESR1;THRB
GSE46798_exposure_corrected	prerank	Visual phototransduction	-0.1933890047453277	-0.6947964849894616	0.9474260679079957	0.9694581754600511	1.0	19/96	23.00%	PLB1;GRK1;SDC1;LRP1;AKR1C4;LDLR;GPC5;NMT1;PRKCA;RBP3;CLPS;AWAT2;GNB1;ABCA4;PNLIP;CYP4V2;GPC2;METAP1;GPC1
GSE46798_exposure_corrected	prerank	Ketone body metabolism	-0.3010417328736563	-0.6931850499702008	0.8739612188365651	0.9703064278605126	1.0	3/10	18.18%	OXCT1;BDH2;ACAT1
GSE46798_exposure_corrected	prerank	Pentose phosphate pathway	-0.2664648836001532	-0.6924791835621813	0.8405797101449275	0.970305820017245	1.0	7/15	46.21%	G6PD;PRPS2;PRPS1;PGM2;RBKS;PRPS1L1;RPIA
GSE46798_exposure_corrected	prerank	NGF-stimulated transcription	-0.21761844772117866	-0.6902140406403628	0.9118357487922706	0.9717722886418448	1.0	5/39	9.83%	ID2;CREB1;NAB1;VGF;EGR4
GSE46798_exposure_corrected	prerank	cGMP effects	-0.2613666700471826	-0.6890509033562164	0.873850197109067	0.9721314280400286	1.0	5/15	24.52%	KCNMB3;PDE1A;PDE10A;PDE1B;KCNMB2
GSE46798_exposure_corrected	prerank	Regulation of HSF1-mediated heat shock response	-0.1956038009100175	-0.6890282589919129	0.9414364640883978	0.9714555958376779	1.0	23/82	29.67%	NUP35;NUP188;NUP88;ST13;HSPA12A;NUP98;HSPA4;NUP133;NUP160;RPA3;BAG5;HSPA14;NUP93;ATM;RPA1;HSPA12B;HSF1;GSK3B;NUP214;HIKESHI;TNFRSF21;FKBP4;AAAS
GSE46798_exposure_corrected	prerank	ECM proteoglycans	-0.1945435891021795	-0.6884598286165748	0.9401330376940134	0.9712428633055897	1.0	21/76	31.24%	TGFB3;LRP4;LAMA5;LAMC1;COL1A2;MATN4;VTN;SERPINE1;COL6A3;TGFB2;COL3A1;ITGA7;VCAN;IBSP;ITGA9;LAMA2;COL4A4;COL4A2;COL5A2;ACAN;ITGB1
GSE46798_exposure_corrected	prerank	MyD88 deficiency (TLR2/4)	0.22283846216359499	0.688024363601106	0.8947368421052632	1.0	1.0	4/15	13.37%	S100A8;LY96;BTK;TLR4
GSE46798_exposure_corrected	prerank	TP53 Regulates Transcription of Death Receptors and Ligands	-0.2852411909104463	-0.6879417211069436	0.8690958164642375	0.9710182824393676	1.0	2/12	11.52%	IGFBP3;TP53BP2
GSE46798_exposure_corrected	prerank	P2Y receptors	-0.2798290883292319	-0.6876298378885436	0.8824324324324324	0.9706019958562692	1.0	2/12	12.45%	P2RY2;P2RY6
GSE46798_exposure_corrected	prerank	G1/S-Specific Transcription	-0.23148667819146407	-0.687183846080847	0.902948402948403	0.9703008309711297	1.0	4/29	8.98%	LIN54;DHFR;LIN52;E2F5
GSE46798_exposure_corrected	prerank	PCNA-Dependent Long Patch Base Excision Repair	-0.247181006001012	-0.6862842242763643	0.8662337662337662	0.9703798117321347	1.0	5/21	27.33%	RFC1;RPA3;POLD3;RPA1;POLE2
GSE46798_exposure_corrected	prerank	Polymerase switching on the C-strand of the telomere	-0.2405418272949722	-0.6858660595357082	0.887920298879203	0.970065602195204	1.0	7/23	27.58%	DSCC1;RFC1;POLD3;TERF1;TERF2;POLA1;POLA2
GSE46798_exposure_corrected	prerank	Acetylcholine Neurotransmitter Release Cycle	-0.2627251120630927	-0.6858335449205532	0.8727272727272727	0.9694014258796063	1.0	14/16	48.06%	PPFIA3;SNAP25;RAB3A;VAMP2;RIMS1;SLC5A7;SYT1;UNC13B;PPFIA2;TSPOAP1;STX1A;SLC18A3;CPLX1;PPFIA1
GSE46798_exposure_corrected	prerank	Synthesis of PC	0.19759616211114459	0.6856409292333027	0.9068627450980392	0.997239508513294	1.0	2/27	5.94%	CHAT;MFSD2A
GSE46798_exposure_corrected	prerank	NOTCH4 Activation and Transmission of Signal to the Nucleus	0.2352551638354155	0.6850655045613848	0.92	0.9927313739398116	1.0	3/11	12.95%	NOTCH4;DLL4;PSEN1
GSE46798_exposure_corrected	prerank	Glutathione conjugation	0.18172458184163817	0.6849240638767256	0.9006211180124224	0.9877453045234529	1.0	7/37	12.91%	GSTA1;GSTA2;GSS;GSTA5;GGT1;GGT5;HPGDS
GSE46798_exposure_corrected	prerank	FGFR2 mutant receptor activation	-0.22310063638531313	-0.6835992183118621	0.9029126213592233	0.9707590189337958	1.0	5/33	14.14%	POLR2G;GTF2F2;NCBP2;FGF1;FGF9
GSE46798_exposure_corrected	prerank	Diseases of mitotic cell cycle	-0.2148514482004785	-0.6832598087067719	0.9204819277108434	0.9703749249296734	1.0	17/38	42.86%	UBE2D1;CDKN1C;CDC26;ANAPC4;ANAPC15;CCND2;ANAPC1;CDKN1B;CDC16;CCND1;DAXX;SKP2;E2F3;UBE2E1;TFDP2;E2F1;CDK4
GSE46798_exposure_corrected	prerank	ERBB2 Regulates Cell Motility	-0.2593335437068154	-0.6809183756575002	0.8561917443408789	0.971724607910258	1.0	4/15	21.45%	EREG;ERBB2;RHOA;NRG1
GSE46798_exposure_corrected	prerank	Inositol phosphate metabolism	-0.19535424085513045	-0.6802987228693395	0.9492671927846674	0.9716030034839683	1.0	27/77	35.29%	NUP35;NUP188;NUP88;ITPK1;PLCD4;NUP98;NUDT11;NUP133;NUDT4;PLCG2;NUP160;OCRL;INPP4A;NUP93;IP6K1;PTEN;PLCG1;PLCH2;NUP214;AAAS;INPP5J;CALM1;POM121C;NUP37;MINPP1;NUP205;INPPL1
GSE46798_exposure_corrected	prerank	Complex III assembly	-0.23925790287819476	-0.6796685101132403	0.8897243107769424	0.9714657346925244	1.0	7/23	33.42%	UQCRHL;UQCR11;UQCRC2;UQCRB;UQCC2;HSCB;LETM1
GSE46798_exposure_corrected	prerank	TP53 Regulates Metabolic Genes	-0.1952613120204467	-0.6795037429971587	0.9518477043673013	0.9709224637053174	1.0	30/79	32.04%	TNRC6C;YWHAG;AGO1;GLS;G6PD;COX5A;YWHAQ;LAMTOR3;AGO3;MTOR;PRKAB2;YWHAH;COX7C;MLST8;PRKAA1;COX7A2L;COX7B;GLS2;PTEN;AGO2;COX6C;RRAGD;TSC1;AKT3;AKT1;PRKAG1;TP53;COX6A1;YWHAB;LAMTOR1
GSE46798_exposure_corrected	prerank	Regulation of IFNG signaling	-0.2654173200526738	-0.6793229339778598	0.8586666666666667	0.9704025556506053	1.0	6/14	32.36%	PTPN11;STAT1;SOCS3;PIAS1;IFNGR2;JAK2
GSE46798_exposure_corrected	prerank	Caspase activation via extrinsic apoptotic signalling pathway	-0.23117098616649362	-0.675615237345172	0.9016189290161893	0.972965052726424	1.0	11/26	36.22%	CFLAR;CD14;DAPK1;DCC;RIPK1;UNC5A;CASP3;UNC5B;TICAM1;TICAM2;CASP9
GSE46798_exposure_corrected	prerank	Zinc influx into cells by the SLC39 gene family	-0.2927242939290531	-0.6753251562704525	0.8608815426997245	0.9725399399102318	1.0	4/10	37.60%	SLC39A14;SLC39A2;SLC39A7;SLC39A6
GSE46798_exposure_corrected	prerank	Plasma lipoprotein assembly	-0.2441653603395142	-0.6751635853078588	0.8992042440318302	0.971969641893696	1.0	6/19	29.13%	BMP1;ABCA1;APOC1;PRKACB;ZDHHC8;APOC4
GSE46798_exposure_corrected	prerank	Metabolism of cofactors	-0.23215374599533095	-0.6722108197547293	0.8951911220715166	0.973805435356583	1.0	9/25	30.83%	DHFR;COQ7;IDH1;ACO1;PDSS2;HSP90AA1;AKT1;COQ2;CALM1
GSE46798_exposure_corrected	prerank	Regulation of innate immune responses to cytosolic DNA	-0.2658498375956897	-0.6710177017912313	0.8989501312335958	0.9741047821344556	1.0	7/14	40.58%	RPS27A;UBC;TBK1;DDX41;DTX4;TRIM21;TRIM56
GSE46798_exposure_corrected	prerank	Unwinding of DNA	-0.271938345963356	-0.6672059048132855	0.8739946380697051	0.976489891287153	1.0	3/12	19.47%	MCM8;MCM7;GINS1
GSE46798_exposure_corrected	prerank	Collagen formation	-0.18519081692944747	-0.6655383048964321	0.9634408602150538	0.9771436153246983	1.0	37/89	40.59%	COL8A2;COL11A1;BMP1;PLOD2;COL1A2;COL28A1;ADAMTS3;CTSS;COL6A3;COL25A1;LOXL2;CTSB;COL3A1;P4HA1;LAMC2;COL4A4;COL4A2;LOXL4;LOXL1;LOX;COL5A2;DST;COL16A1;MMP9;PLOD1;COL5A1;PCOLCE2;MMP3;CTSL;COL8A1;COL14A1;PLOD3;COL19A1;COL18A1;COLGALT2;COL6A1;COL4A3
GSE46798_exposure_corrected	prerank	Interleukin-2 signaling	-0.27088046084101935	-0.6645184579382903	0.889920424403183	0.9773006924157385	1.0	1/12	2.83%	IL2RG
GSE46798_exposure_corrected	prerank	Smooth Muscle Contraction	0.17198064370138766	0.662441522696795	0.9714285714285714	1.0	1.0	7/40	12.62%	ANXA6;PDE5A;MYL9;ANXA1;GUCY1A2;CACNA1G;TLN1
GSE46798_exposure_corrected	prerank	TGFBR3 PTM regulation	-0.2782286634762719	-0.6621630301218444	0.8830985915492958	0.9785044218479085	1.0	3/11	24.20%	TIMP2;PSENEN;MMP14
GSE46798_exposure_corrected	prerank	Uptake and function of anthrax toxins	-0.27513992401645904	-0.6613152306404237	0.8948824343015215	0.9785077733952602	1.0	8/11	46.66%	MAP2K2;ANTXR1;MAP2K4;CALM1;PDCD6IP;MAP2K3;ANTXR2;MAP2K1
GSE46798_exposure_corrected	prerank	Nucleotide salvage	-0.23575048223512357	-0.660813970774539	0.8925831202046036	0.9782054956917174	1.0	5/22	17.80%	GMPR2;UCK1;PUDP;HPRT1;AMPD1
GSE46798_exposure_corrected	prerank	Phase 2 - plateau phase	-0.26216971459590943	-0.6599114363150758	0.9156785243741765	0.9782314544232497	1.0	2/13	11.05%	CACNG4;CACNA2D2
GSE46798_exposure_corrected	prerank	Aberrant regulation of mitotic cell cycle due to RB1 defects	-0.20943864162197373	-0.659856559856677	0.9349397590361446	0.9775850522675614	1.0	16/36	42.86%	UBE2D1;CDKN1C;CDC26;ANAPC4;ANAPC15;CCND2;ANAPC1;CDKN1B;CDC16;CCND1;SKP2;E2F3;UBE2E1;TFDP2;E2F1;CDK4
GSE46798_exposure_corrected	prerank	Degradation of the extracellular matrix	-0.17678255126364387	-0.6596862240234453	0.9801670146137788	0.9770350042507598	1.0	59/136	40.59%	COL8A2;COL11A1;BMP1;ADAMTS1;TIMP2;CTRB1;LAMA5;LAMC1;ELANE;CAPN6;FBN3;COL1A2;PRSS1;MMP24;ADAM17;PHYKPL;CTSS;ADAM8;COL6A3;COL25A1;ADAMTS8;CAPN5;MMP15;CTSB;COL3A1;MMP2;FBN1;MMP14;CAPN7;MMP11;CMA1;LAMC2;COL4A4;COL4A2;PLG;SCUBE3;CASP3;TPSAB1;COL5A2;ACAN;COL16A1;MMP9;CAPNS1;COL5A1;SCUBE1;MMP3;CTSL;COL8A1;TMPRSS6;COL14A1;HTRA1;COL19A1;FBN2;COL18A1;CAPN8;ADAM9;COL6A1;CAPN9;COL4A3
GSE46798_exposure_corrected	prerank	Hyaluronan metabolism	-0.2353774768672983	-0.6594438692157821	0.8957816377171216	0.9765274566709226	1.0	4/20	16.34%	CHP1;HYAL1;HMMR;SLC9A1
GSE46798_exposure_corrected	prerank	Apoptotic factor-mediated response	-0.2464362750469506	-0.6575781510478109	0.9117647058823529	0.9772730855103634	1.0	8/18	42.08%	UACA;APAF1;CASP3;CARD8;AVEN;CASP9;CYCS;MAPK3
GSE46798_exposure_corrected	prerank	Myogenesis	-0.22141295432334376	-0.6573353512363538	0.9204406364749081	0.9767526885249158	1.0	15/28	41.13%	CTNNA2;SPAG9;BNIP2;MYOG;TCF4;CDH4;NEO1;MEF2C;ABL1;CTNNA1;TCF12;CDH2;CDC42;MEF2A;BOC
GSE46798_exposure_corrected	prerank	Tight junction interactions	-0.22061971143201764	-0.6570056389180248	0.9261501210653753	0.9763229942041073	1.0	4/29	11.00%	CLDN9;PARD3;CLDN14;CLDN18
GSE46798_exposure_corrected	prerank	ERBB2 Activates PTK6 Signaling	0.21829767692471574	0.6563012916539696	0.9120879120879121	1.0	1.0	4/13	16.52%	NRG2;BTC;ERBB3;EGF
GSE46798_exposure_corrected	prerank	Glucuronidation	-0.22392860470757422	-0.6559100351565966	0.9075	0.9764251926881038	1.0	8/26	30.26%	UGP2;SLC35D1;ABHD10;UGT2B15;UXS1;UGT2A3;UGT1A1;UGT2B17
GSE46798_exposure_corrected	prerank	Keratan sulfate degradation	-0.25338567856393235	-0.6555046427479582	0.9058355437665783	0.9760349407114021	1.0	3/15	14.93%	GALNS;KERA;GLB1L3
GSE46798_exposure_corrected	prerank	Post-translational modification: synthesis of GPI-anchored proteins	-0.18546808829760675	-0.6549014730062265	0.9769230769230769	0.9757891872795442	1.0	27/89	30.43%	PIGX;SPRN;RTN4RL2;LY6G6C;LYPD2;GP2;PIGQ;NTM;FCGR3B;PGAP1;PIGM;LY6K;PIGV;PIGA;PIGK;TECTB;LYPD1;LYPD8;LY6E;RTN4RL1;PIGT;CNTN3;ALPL;TECTA;PIGF;PIGP;NEGR1
GSE46798_exposure_corrected	prerank	Activated NTRK2 signals through FRS2 and FRS3	-0.27628696429109173	-0.6529752454993841	0.8850889192886456	0.976509220772442	1.0	4/11	23.79%	PTPN11;FRS3;HRAS;NTRK2
GSE46798_exposure_corrected	prerank	Assembly of collagen fibrils and other multimeric structures	-0.19044737776359288	-0.6511138107428739	0.9541899441340782	0.9771874948418473	1.0	23/60	35.90%	COL8A2;COL11A1;BMP1;COL1A2;CTSS;COL6A3;LOXL2;CTSB;COL3A1;LAMC2;COL4A4;COL4A2;LOXL4;LOXL1;LOX;COL5A2;DST;MMP9;COL5A1;MMP3;CTSL;COL8A1;COL14A1
GSE46798_exposure_corrected	prerank	Acyl chain remodelling of PG	-0.24458878121452843	-0.6507706935111496	0.8974700399467377	0.976777066569771	1.0	4/17	20.22%	PLA2G2D;LPCAT4;PLA2G12A;PLA2G5
GSE46798_exposure_corrected	prerank	Membrane binding and targetting of GAG proteins	-0.25829809489157607	-0.6491508730527608	0.8945981554677207	0.9765886695563536	1.0	3/14	16.85%	RPS27A;UBC;VPS37B
GSE46798_exposure_corrected	prerank	Synthesis And Processing Of GAG, GAGPOL Polyproteins	-0.25829809489157607	-0.6491508730527608	0.8945981554677207	0.9765886695563536	1.0	3/14	16.85%	RPS27A;UBC;VPS37B
GSE46798_exposure_corrected	prerank	trans-Golgi Network Vesicle Budding	-0.1881762795697269	-0.648510673842267	0.9762979683972912	0.9763561186768204	1.0	14/72	19.48%	ARRB1;AP1M2;SORT1;BLOC1S6;PIK3C2A;AP1G2;AP3S1;AP1S2;GAK;OCRL;AP1M1;SNAPIN;HIP1R;VAMP2
GSE46798_exposure_corrected	prerank	Signaling by ERBB2 TMD/JMD mutants	-0.2259484481972676	-0.6443536640037738	0.9319041614123581	0.9786138242488258	1.0	13/22	46.92%	EREG;ERBB2;HRAS;NRG1;PLCG1;HSP90AA1;NRG3;SHC1;ERBIN;ERBB4;GRB2;NRAS;CDC37
GSE46798_exposure_corrected	prerank	Interleukin-27 signaling	0.23257352249063784	0.6440277957501094	0.9040590405904059	1.0	1.0	1/10	2.27%	CRLF1
GSE46798_exposure_corrected	prerank	PI3K Cascade	-0.20186389459071152	-0.64402305458687	0.9429928741092637	0.9781566051965006	1.0	12/43	29.37%	PIK3C3;GAB2;FGF1;FGF9;PTPN11;FGFR3;PIK3CB;PIK3CA;PIK3R4;PDE3B;PIK3R1;PDPK1
GSE46798_exposure_corrected	prerank	Signaling by FGFR4 in disease	-0.26531825860578395	-0.6431855340581911	0.9019337016574586	0.9780783015856477	1.0	4/11	27.88%	HRAS;PIK3CA;PLCG1;PIK3R1
GSE46798_exposure_corrected	prerank	Complex IV assembly	-0.20268565012383533	-0.63706174314934	0.9483173076923077	0.9814995355419486	1.0	20/41	41.86%	COX5A;COX20;COX19;COX7C;COQ10A;COX7A2L;COX7B;COX11;SCO1;TACO1;COX6C;CMC1;PET100;COX6A1;HIGD2A;COX16;HIGD1A;TMEM223;COA3;COA1
GSE46798_exposure_corrected	prerank	Diseases associated with N-glycosylation of proteins	-0.22892882398768272	-0.6368501348970738	0.923784494086728	0.9809543753342937	1.0	12/20	39.06%	ALG8;RFT1;MGAT2;ALG2;MAN1B1;ALG3;DPAGT1;ALG9;ALG1;ALG13;ALG14;B4GALT1
GSE46798_exposure_corrected	prerank	Regulation of PD-L1(CD274) translation	-0.22848146963010535	-0.636469244155007	0.9355246523388117	0.9805166697945691	1.0	3/21	11.71%	TNRC6C;AGO1;AGO3
GSE46798_exposure_corrected	prerank	IRS-mediated signalling	-0.19679234319595368	-0.6359552065795688	0.9515938606847698	0.9801928137938613	1.0	13/47	29.37%	PIK3C3;GAB2;FGF1;FGF9;PTPN11;FGFR3;HRAS;PIK3CB;PIK3CA;PIK3R4;PDE3B;PIK3R1;PDPK1
GSE46798_exposure_corrected	prerank	Translocation of ZAP-70 to Immunological synapse	0.19735947195371714	0.6349664413102655	0.918552036199095	1.0	1.0	4/17	15.49%	CD4;CD3E;HLA-DRB5;HLA-DRB1
GSE46798_exposure_corrected	prerank	Mitochondrial iron-sulfur cluster biogenesis	0.2198273736128237	0.6348238231333042	0.9482071713147411	1.0	1.0	12/12	78.03%	LYRM4;ISCA2;FXN;FDXR;ISCU;GLRX5;SLC25A37;NFS1;SLC25A28;HSCB;FDX1;ISCA1
GSE46798_exposure_corrected	prerank	Cristae formation	0.21904110638116564	0.6330201770161538	0.9427480916030534	0.999605538939783	1.0	6/11	25.95%	TMEM11;MTX2;HSPA9;APOOL;CHCHD3;CHCHD6
GSE46798_exposure_corrected	prerank	Serotonin receptors	-0.26757669846855625	-0.6326916866647196	0.9175977653631285	0.981576432864303	1.0	3/11	20.40%	HTR5A;HTR7;HTR4
GSE46798_exposure_corrected	prerank	Aspartate and asparagine metabolism	-0.25526668541854025	-0.631922577905373	0.9215155615696887	0.9813705188764045	1.0	9/12	53.85%	NAALAD2;SLC25A13;ASNS;FOLH1B;GADL1;GOT2;GOT1;ASPA;ASPG
GSE46798_exposure_corrected	prerank	TP53 Regulates Transcription of Caspase Activators and Caspases	-0.257332977513606	-0.631132060705599	0.9166666666666666	0.9811663571397145	1.0	4/12	31.49%	APAF1;ATM;CASP6;TP53
GSE46798_exposure_corrected	prerank	Inactivation of APC/C via direct inhibition of the APC/C complex	-0.22472643164589112	-0.6306270707501854	0.9158291457286433	0.9801308620271844	1.0	9/21	40.02%	UBE2D1;BUB1B;CDC26;ANAPC4;ANAPC15;ANAPC1;CDC16;BUB3;UBE2E1
GSE46798_exposure_corrected	prerank	Inhibition of the proteolytic activity of APC/C required for the onset of anaphase by mitotic spindle checkpoint components	-0.22472643164589112	-0.6306270707501854	0.9158291457286433	0.9801308620271844	1.0	9/21	40.02%	UBE2D1;BUB1B;CDC26;ANAPC4;ANAPC15;ANAPC1;CDC16;BUB3;UBE2E1
GSE46798_exposure_corrected	prerank	PI-3K cascade:FGFR3	-0.23432150759806075	-0.6285640093900998	0.9237967914438503	0.9806822500121053	1.0	5/18	21.38%	FGF1;FGF9;PTPN11;FGFR3;PIK3CA
GSE46798_exposure_corrected	prerank	Iron uptake and transport	-0.18646885334504165	-0.6248599712273755	0.9668192219679634	0.9821834843610041	1.0	20/54	33.28%	RPS27A;ATP6V0D2;HFE;UBC;STEAP3;ATP6V1B2;ATP6V1E1;SKP1;FTH1;ATP6V1D;CYBRD1;ATP6V0E2;ATP6V1C2;SLC40A1;ACO1;NEDD8;CAND1;HMOX2;FBXL5;IREB2
GSE46798_exposure_corrected	prerank	p75NTR regulates axonogenesis	-0.26683260424426614	-0.6204602970809453	0.938101788170564	0.9839641993155875	1.0	6/10	43.55%	RHOA;LINGO1;RTN4;RTN4R;ARHGDIA;NGFR
GSE46798_exposure_corrected	prerank	Specification of primordial germ cells	-0.2551253074594055	-0.6202399112046103	0.9249329758713136	0.983417816051982	1.0	2/12	16.66%	POU5F1;CBFA2T2
GSE46798_exposure_corrected	prerank	mRNA decay by 3' to 5' exoribonuclease	0.21085788926232812	0.6198000338279017	0.8981818181818182	1.0	1.0	2/13	8.05%	EXOSC8;DCPS
GSE46798_exposure_corrected	prerank	Reversible hydration of carbon dioxide	-0.2624749636317206	-0.6191408127347408	0.9214586255259467	0.9833680503705912	1.0	5/11	31.59%	CA2;CA9;CA12;CA5B;CA14
GSE46798_exposure_corrected	prerank	GRB2 events in ERBB2 signaling	-0.23269828582409757	-0.6183134724231659	0.9367588932806324	0.983158529791337	1.0	4/16	21.45%	EREG;ERBB2;HRAS;NRG1
GSE46798_exposure_corrected	prerank	Nuclear signaling by ERBB4	-0.20207203522055087	-0.617630946064283	0.9577639751552796	0.9828807441733356	1.0	7/31	23.69%	EREG;STMN1;ADAM17;CXCL12;PSENEN;NRG1;GFAP
GSE46798_exposure_corrected	prerank	CYP2E1 reactions	-0.26342152672511265	-0.6162554077405082	0.9289693593314763	0.9829538854575205	1.0	4/10	36.90%	CYP2E1;CYP2C8;CYP2A6;CYP2A7
GSE46798_exposure_corrected	prerank	Nitric oxide stimulates guanylate cyclase	-0.21887118471532896	-0.6150209623852011	0.948849104859335	0.9829402604768364	1.0	10/19	43.45%	KCNMB3;PDE1A;PDE10A;PDE1B;KCNMB2;KCNMB4;NOS1;PDE11A;PDE9A;PRKG1
GSE46798_exposure_corrected	prerank	Creatine metabolism	0.22289944903557568	0.6144522588684943	0.9343065693430657	1.0	1.0	1/10	2.50%	SLC6A7
GSE46798_exposure_corrected	prerank	RIP-mediated NFkB activation via ZBP1	-0.23302164015089327	-0.6127641879275045	0.9455782312925171	0.9834208208614535	1.0	1/17	3.78%	NFKB2
GSE46798_exposure_corrected	prerank	Triglyceride catabolism	-0.21396012711253487	-0.6127266402537677	0.9406565656565656	0.9827676090069731	1.0	7/24	27.38%	FABP4;PLIN1;FABP5;FABP7;PRKACB;FABP1;FABP6
GSE46798_exposure_corrected	prerank	Downstream signaling of activated FGFR4	-0.20426449265384755	-0.607766466427127	0.9533169533169533	0.9845892835122656	1.0	7/27	22.11%	FGF1;FGF9;PTPN11;FRS3;HRAS;PIK3CA;PLCG1
GSE46798_exposure_corrected	prerank	Signaling by FGFR3 in disease	-0.21531820902943102	-0.607754439194068	0.9469598965071151	0.9839216401706646	1.0	6/22	22.11%	FGF1;FGF9;FGFR3;HRAS;PIK3CA;PLCG1
GSE46798_exposure_corrected	prerank	Trafficking and processing of endosomal TLR	0.20693058166509698	0.6074008943164554	0.9581749049429658	0.9991926903851037	1.0	5/13	17.53%	TLR8;LGMN;TLR7;CTSK;CNPY3
GSE46798_exposure_corrected	prerank	MET activates RAS signaling	-0.25797992697760685	-0.6073393305969101	0.9227642276422764	0.983469745192746	1.0	2/10	19.04%	MET;HRAS
GSE46798_exposure_corrected	prerank	Positive Regulation of CDH1 Gene Transcription	-0.24814329116640044	-0.605153349100515	0.9355704697986578	0.983869970207914	1.0	7/12	46.36%	FOXJ2;KLF9;ARID1A;STRAP;ZEB2;KLF4;SP1
GSE46798_exposure_corrected	prerank	Fibronectin matrix formation	-0.21697295734240743	-0.604943103702953	0.9373401534526854	0.9833013089628051	1.0	7/20	34.54%	COL1A2;COL3A1;COL4A4;COL4A2;COL5A2;ITGB1;COL5A1
GSE46798_exposure_corrected	prerank	TP53 regulates transcription of several additional cell death genes whose specific roles in p53-dependent apoptosis remain uncertain	-0.23764815683456436	-0.6032224354251041	0.9281984334203656	0.9834541128507909	1.0	8/14	47.42%	TP53BP2;PERP;TP53;BCL6;CHM;RABGGTA;RABGGTB;NDRG1
GSE46798_exposure_corrected	prerank	Rap1 signalling	0.19327150749802702	0.6023127927989382	0.9663865546218487	0.9966254358465709	1.0	15/15	80.69%	PRKACG;RASGRP1;RAP1GAP;RAP1A;RAPGEF4;SIPA1;RASGRP2;RAP1B;RAP1GAP2;PRKG1;RAF1;PRKACA;YWHAZ;YWHAB;PRKACB
GSE46798_exposure_corrected	prerank	mitochondrial fatty acid beta-oxidation of saturated fatty acids	0.21010241103122546	0.6009513187240093	0.9629629629629629	0.9924117581848876	1.0	10/11	60.01%	HADHB;ACADL;ACSM3;HADH;ACSM6;ACADS;MECR;ACADVL;HADHA;ACADM
GSE46798_exposure_corrected	prerank	Diseases associated with glycosylation precursor biosynthesis	-0.22443263030374697	-0.5927751307829275	0.9396325459317585	0.98764126522034	1.0	6/16	34.64%	PMM2;MPI;GALT;SRD5A3;GALE;GNE
GSE46798_exposure_corrected	prerank	Glutathione synthesis and recycling	-0.2348943294247593	-0.5898497847710805	0.9343163538873994	0.9882306856007765	1.0	2/13	11.63%	CNDP2;GGCT
GSE46798_exposure_corrected	prerank	Collagen chain trimerization	-0.18019423033983772	-0.5897526311697742	0.9623971797884842	0.9876063919169203	1.0	18/44	40.59%	COL8A2;COL11A1;COL1A2;COL28A1;COL6A3;COL25A1;COL3A1;COL4A4;COL4A2;COL5A2;COL16A1;COL5A1;COL8A1;COL14A1;COL19A1;COL18A1;COL6A1;COL4A3
GSE46798_exposure_corrected	prerank	Insulin receptor signalling cascade	-0.17740249329762223	-0.5879506124906858	0.9758064516129032	0.987726957785203	1.0	16/53	32.38%	PIK3C3;GAB2;FGF1;FGF9;PTPN11;FGFR3;HRAS;PIK3CB;PIK3CA;PIK3R4;PDE3B;PIK3R1;PDPK1;INS;GRB10;PIK3R2
GSE46798_exposure_corrected	prerank	Senescence-Associated Secretory Phenotype (SASP)	-0.17722922632354468	-0.5868082432013955	0.9801401869158879	0.9875304680538897	1.0	27/52	49.93%	RPS27A;UBE2D1;MAPK7;RPS6KA2;UBC;CDC26;ANAPC4;ANAPC15;CCNA1;CXCL8;CDKN2D;ANAPC1;CDKN1B;CDC16;RPS6KA3;UBE2E1;MAPK3;CDK4;VENTX;CCNA2;CDC27;IL6;UBA52;ANAPC5;ANAPC11;FOS;NFKB1
GSE46798_exposure_corrected	prerank	Recognition and association of DNA glycosylase with site containing an affected purine	-0.24729959953147224	-0.5863851627551859	0.9573333333333334	0.9856876969687409	1.0	7/10	48.39%	TERF1;TERF2;POT1;ACD;TERF2IP;MPG;MUTYH
GSE46798_exposure_corrected	prerank	Cleavage of the damaged purine	-0.24729959953147224	-0.5863851627551859	0.9573333333333334	0.9856876969687409	1.0	7/10	48.39%	TERF1;TERF2;POT1;ACD;TERF2IP;MPG;MUTYH
GSE46798_exposure_corrected	prerank	Depurination	-0.24729959953147224	-0.5863851627551859	0.9573333333333334	0.9856876969687409	1.0	7/10	48.39%	TERF1;TERF2;POT1;ACD;TERF2IP;MPG;MUTYH
GSE46798_exposure_corrected	prerank	TP53 Regulates Transcription of Cell Cycle Genes	-0.17882112541205117	-0.5801673799848042	0.9715976331360947	0.9875404936789586	1.0	18/47	41.02%	CNOT4;PLK3;ARID3A;TNKS1BP1;E2F7;CNOT11;CCNA1;CARM1;CNOT9;TP53;CNOT3;CNOT1;CDKN1B;CDK1;BTG2;CNOT7;TFDP2;E2F1
GSE46798_exposure_corrected	prerank	Polymerase switching	-0.22824315792336317	-0.5730966661420622	0.9527665317139001	0.9889193356771557	1.0	4/14	27.58%	RFC1;POLD3;POLA1;POLA2
GSE46798_exposure_corrected	prerank	Leading Strand Synthesis	-0.22824315792336317	-0.5730966661420622	0.9527665317139001	0.9889193356771557	1.0	4/14	27.58%	RFC1;POLD3;POLA1;POLA2
GSE46798_exposure_corrected	prerank	GBP-mediated host defense	0.18345076587492337	0.5730748859815769	0.9738805970149254	0.9990422272822783	1.0	13/14	55.82%	FURIN;FNTA;SFN;CASP1;PIM1;ACTB;GBP3;GBP5;PGGT1B;GBP2;ACTG1;GBP4;FNTB
GSE46798_exposure_corrected	prerank	Assembly Of The HIV Virion	-0.21591001612357286	-0.5676736934804587	0.9622641509433962	0.9901964700330733	1.0	3/16	16.85%	RPS27A;UBC;VPS37B
GSE46798_exposure_corrected	prerank	Pregnenolone biosynthesis	-0.23776508052262427	-0.5669372103961153	0.9524456521739131	0.9897818362570596	1.0	5/11	39.04%	CYP11A1;FDX1;STARD6;TSPOAP1;STARD4
GSE46798_exposure_corrected	prerank	ATF6 (ATF6-alpha) activates chaperones	-0.23198344092223028	-0.5662292003496333	0.9535809018567639	0.9893526961516959	1.0	2/12	12.78%	MBTPS1;MBTPS2
GSE46798_exposure_corrected	prerank	SUMOylation of immune response proteins	-0.2320313278935197	-0.5653442933123963	0.9533898305084746	0.9889693049897359	1.0	1/12	3.78%	NFKB2
GSE46798_exposure_corrected	prerank	Cyclin A/B1/B2 associated events during G2/M transition	-0.18745902570584036	-0.5633428996211011	0.9757869249394673	0.9890120269186096	1.0	15/31	43.15%	BORA;WEE1;MIS18BP1;SGO1;XPO1;CCNA1;PPP2CA;PPP2R1A;CDK1;CCNH;CDC25B;MNAT1;CCNB2;PPP2R1B;PPME1
GSE46798_exposure_corrected	prerank	Negative regulation of FGFR4 signaling	-0.1890458468999729	-0.5632316854163949	0.9779141104294479	0.9883802117610855	1.0	8/31	26.45%	RPS27A;FGF1;FGF9;PTPN11;UBC;CBL;PPP2CA;SPRY2
GSE46798_exposure_corrected	prerank	IL-6-type cytokine receptor ligand interactions	-0.21281121906631512	-0.5602888818173191	0.9638709677419355	0.9886493791171719	1.0	3/15	16.75%	CLCF1;CTF1;IL6ST
GSE46798_exposure_corrected	prerank	Meiotic synapsis	-0.18297789598477912	-0.5602480689400651	0.9833134684147795	0.9879972077881146	1.0	9/32	26.62%	SYNE2;STAG2;SYCP3;LMNB1;TERF1;TERF2;SMC1B;RAD21;SYCE1
GSE46798_exposure_corrected	prerank	WNT5A-dependent internalization of FZD2, FZD5 and ROR2	0.18562385460079855	0.5528943085350345	0.967479674796748	1.0	1.0	5/13	19.72%	FZD5;FZD2;CLTC;WNT5A;CLTA
GSE46798_exposure_corrected	prerank	Aberrant regulation of mitotic exit in cancer due to RB1 defects	-0.19602455342095565	-0.5491557566048895	0.9723618090452262	0.9905957441156236	1.0	13/20	52.29%	UBE2D1;CDC26;ANAPC4;ANAPC15;ANAPC1;CDC16;SKP2;UBE2E1;CDC27;ANAPC5;ANAPC11;CDC23;RB1
GSE46798_exposure_corrected	prerank	rRNA processing in the mitochondrion	0.1775355169692184	0.5373708990741596	0.9957627118644068	0.9989567840961996	1.0	15/15	82.26%	MRM1;TRUB2;MTERF4;TRMT10C;ELAC2;MRM2;HSD17B10;FASTKD2;MRM3;RPUSD4;NSUN4;RCC1L;TFB1M;MTERF3;RPUSD3
GSE46798_exposure_corrected	prerank	Signal regulatory protein family interactions	0.17709482972014695	0.5335279743377724	0.9672131147540983	0.9949613325059689	1.0	3/13	13.64%	SFTPA1;TYROBP;SIRPG
GSE46798_exposure_corrected	prerank	PTK6 Regulates RHO GTPases, RAS GTPase and MAP kinases	-0.21408401371274172	-0.532973131365696	0.9723320158102767	0.9939969838849637	1.0	5/14	32.70%	DOCK1;RHOA;HRAS;PXN;RAC1
GSE46798_exposure_corrected	prerank	SHC1 events in EGFR signaling	-0.21336367427592695	-0.5323778265476246	0.9733688415446072	0.9934574235174726	1.0	1/12	3.96%	EREG
GSE46798_exposure_corrected	prerank	rRNA modification in the mitochondrion	0.17750924784217018	0.5049332111400446	0.9960474308300395	0.9947180907075404	1.0	12/12	82.26%	MRM1;TRUB2;MTERF4;MRM2;FASTKD2;MRM3;RPUSD4;NSUN4;RCC1L;TFB1M;MTERF3;RPUSD3
GSE46798_exposure_corrected	prerank	Cardiogenesis	-0.17086541667262606	-0.49767014685196304	0.9962168978562421	0.9990336153830413	1.0	3/25	16.27%	ISL1;KAT5;TBX5
GSE46798_exposure_corrected	prerank	CS/DS degradation	-0.1785451311462925	-0.4947463513505225	0.9937810945273632	0.9987479508567264	1.0	5/20	30.78%	HYAL1;GLB1L3;VCAN;HYAL3;ARSB
GSE46798_exposure_corrected	prerank	ZBP1(DAI) mediated induction of type I IFNs	-0.17637779319084074	-0.48920874579146373	0.9921156373193167	0.9987902659543634	1.0	4/21	30.84%	NFKB2;TBK1;RIPK1;TICAM1
GSE46798_exposure_corrected	prerank	mTORC1-mediated signalling	-0.17101993306421626	-0.4821778495077179	0.98875	0.9989115217914935	1.0	10/23	41.00%	LAMTOR3;MTOR;MLST8;EEF2K;RRAGD;LAMTOR1;RPS6KB1;EIF4B;RRAGB;RRAGA
GSE46798_exposure_corrected	prerank	Androgen biosynthesis	-0.19310778424208855	-0.4592803017605101	0.9918918918918919	1.0	1.0	8/11	51.96%	HSD17B12;SRD5A1;SRD5A3;CGA;HSD17B3;SRD5A2;CYP17A1;POMC
GSE46798_exposure_corrected	prerank	Conversion from APC/C:Cdc20 to APC/C:Cdh1 in late anaphase	-0.16205499634513146	-0.45692793487728045	0.9949874686716792	0.9998209277100397	1.0	4/20	22.57%	UBE2D1;CDC26;ANAPC4;ANAPC15
GSE46798_exposure_corrected	prerank	Activation of the TFAP2 (AP-2) family of transcription factors	-0.17943840327119603	-0.4380320797830382	0.9959349593495935	1.0	1.0	7/12	53.55%	CREBBP;WWOX;CITED2;YEATS4;TFAP2B;CITED1;TFAP2A
GSE46798_exposure_corrected	prerank	Phosphorylation of the APC/C	-0.15678455632908617	-0.4380231853335896	0.9961734693877551	0.9995453986912715	1.0	7/20	35.58%	UBE2D1;CDC26;ANAPC4;ANAPC15;ANAPC1;CDK1;CDC16
GSE46798_exposure_corrected	prerank	SUMOylation of transcription factors	-0.14399419574868164	-0.39725720376365614	1.0	1.0	1.0	4/20	23.32%	MTA1;HIC1;SP3;PIAS1
GSE46798_exposure_corrected	prerank	Activation of the AP-1 family of transcription factors	-0.1558309769688319	-0.36368845090354396	1.0	0.9998490174438015	1.0	7/10	56.77%	MAPK9;MAPK8;MAPK3;ATF2;FOS;MAPK10;MAPK1
