probe	gene	AveExpr
A_33_P3685216	A1BG	10.29640835925
A_24_P721699	A1BG-AS1	8.32476258979167
A_23_P104224	A1CF	5.63402017879167
A_19_P00809029	A2LD1	6.49655952395833
A_23_P116898	A2M	5.223633566375
A_21_P0011082	A2MP1	3.77284882466667
A_33_P3294002	A4GALT	9.28216498295833
A_23_P58046	A4GNT	3.93339486333333
A_21_P0000678	AA06	3.75727183141667
A_23_P64799	AAAS	9.51300965829167
A_33_P3403392	AACS	8.02926904283333
A_33_P3302290	AACSP1	4.946583993
A_23_P80570	AADAC	3.62589337916667
A_33_P3307965	AADACL3	5.26914040220833
A_33_P3312601	AADACL4	4.3439848425
A_23_P253484	AADAT	8.51081180395833
A_23_P37545	AAGAB	10.5324870141667
A_33_P3289207	AAK1	7.10250167683333
A_23_P56529	AAMP	10.665036545
A_33_P3246763	AANAT	6.09825379425
A_24_P172990	AARS	9.95863446091667
A_23_P383688	AARS2	9.10683091291667
A_23_P118607	AARSD1	9.753010834875
A_24_P383076	AASDH	7.10068343666667
A_23_P202988	AASDHPPT	12.0516862283333
A_23_P8754	AASS	6.46925598854167
A_23_P89460	AATF	9.91473590745833
A_23_P10559	AATK	6.41666173175
A_33_P3504522	AATK-AS1	4.26025354591667
A_33_P3366161	ABAT	6.837603046375
A_24_P235429	ABCA1	6.5872401555
A_23_P89422	ABCA10	3.86574760120833
A_23_P92602	ABCA11P	6.906455345375
A_33_P3367984	ABCA12	4.850569761125
A_23_P43504	ABCA2	6.292780272
A_23_P140876	ABCA3	11.4421491395833
A_23_P160940	ABCA4	4.42188378866667
A_23_P78018	ABCA5	8.27943791129167
A_23_P500400	ABCA6	4.74072193066667
A_33_P3374623	ABCA7	9.95134277795833
A_23_P118615	ABCA8	3.84158106504167
A_33_P3292179	ABCA9	13.56585452
A_23_P82523	ABCB1	4.63166427020833
A_23_P201918	ABCB10	6.386728775125
A_23_P39703	ABCB11	3.44023558925
A_33_P3336760	ABCB4	4.919235373125
A_23_P111662	ABCB5	3.73886014245833
A_23_P5441	ABCB6	9.15699734825
A_23_P171258	ABCB7	8.76552584095833
A_33_P3336780	ABCB8	7.029191834875
A_23_P128094	ABCB9	6.69852039791667
A_24_P227831	ABCC1	6.74176163891667
A_23_P219013	ABCC10	7.93823992016667
A_23_P141076	ABCC11	4.63220632966667
A_24_P287766	ABCC12	4.311341643
A_23_P307570	ABCC13	3.63548342879167
A_23_P44569	ABCC2	4.10687468108333
A_23_P207507	ABCC3	3.986891923625
A_24_P16913	ABCC4	4.20624565654167
A_33_P3298062	ABCC5	9.74214440158333
A_23_P100539	ABCC6	5.90556212554167
A_23_P24774	ABCC8	8.57076625283333
A_24_P178503	ABCC9	4.70726612641667
A_33_P3224660	ABCD1	5.47215219525
A_23_P388124	ABCD2	4.32311858295833
A_33_P3307955	ABCD3	5.44587226025
A_33_P3399598	ABCD4	6.526283453875
A_23_P41380	ABCE1	7.85960685633333
A_23_P251660	ABCF1	10.3887052791667
A_23_P215175	ABCF2	9.28518484679167
A_24_P251688	ABCF3	10.4006883945833
A_23_P166297	ABCG1	7.15718084525
A_33_P3361067	ABCG2	4.20859565583333
A_24_P355626	ABCG4	7.932397791375
A_23_P119763	ABCG5	4.491340768125
A_33_P3361112	ABCG8	4.06053701366667
A_23_P17242	ABHD1	5.568447536
A_23_P362712	ABHD11	8.15120394066667
A_33_P3333480	ABHD11-AS1	4.38083183866667
A_23_P149494	ABHD12	8.41320236725
A_23_P366035	ABHD12B	6.18420677029167
A_24_P398691	ABHD13	3.70037393833333
A_33_P3386765	ABHD14A	11.2904666420833
A_23_P155417	ABHD14B	5.829739889125
A_33_P3216913	ABHD15	4.478555066125
A_23_P156697	ABHD16A	8.27352558416667
A_33_P3289461	ABHD16B	4.04804958975
A_23_P395172	ABHD2	7.53934822325
A_23_P305759	ABHD3	5.756296549375
A_23_P205519	ABHD4	8.28003164433333
A_23_P250294	ABHD5	7.09408219720833
A_23_P211850	ABHD6	10.6430247104167
A_33_P3302165	ABHD8	11.0835634891667
A_33_P3622802	ABI1	7.66117296429167
A_24_P933418	ABI2	10.9303337354167
A_23_P141429	ABI3	5.24557786220833
A_33_P3411975	ABI3BP	4.070690909625
A_23_P60180	ABL1	7.94339372170833
A_33_P3413671	ABL2	6.33925698079167
A_33_P3388651	ABLIM1	8.011647359875
A_23_P255672	ABLIM2	8.03306192829167
A_23_P256205	ABLIM3	6.345371239875
A_33_P3266550	ABO	7.02130399225
A_23_P59452	ABP1	4.4016478205
A_33_P3372297	ABR	10.7006370654167
A_33_P3368208	ABRA	4.182445554625
A_23_P30784	ABT1	6.734230996625
A_33_P3297444	ABTB1	9.364554047625
A_23_P356616	ABTB2	8.77428294570833
A_23_P69339	ACAA1	9.82482462383333
A_23_P89799	ACAA2	7.28271743691667
A_32_P215318	ACACA	9.15620115416667
A_23_P87791	ACACB	5.43289252270833
A_23_P25348	ACAD10	7.176772266875
A_23_P212497	ACAD11	6.29844402016667
A_23_P47426	ACAD8	7.83792875158333
A_24_P191656	ACAD9	9.53916671941667
A_33_P3303717	ACADL	3.74643065583333
A_23_P96761	ACADM	8.72651827783333
A_23_P65022	ACADS	5.42584702154167
A_23_P158570	ACADSB	7.527484899125
A_23_P207650	ACADVL	12.6250373083333
A_33_P3500167	ACAN	4.982633772625
A_24_P942002	ACAP2	6.85407726954167
A_33_P3398564	ACAP3	12.2575223354167
A_33_P3253975	ACAT1	9.48106218154167
A_23_P31135	ACAT2	12.5440660108333
A_24_P171182	ACBD3	7.648543779
A_23_P107166	ACBD4	6.304113488375
A_23_P97795	ACBD5	9.18512107516667
A_23_P52127	ACBD6	12.1168513233333
A_23_P72584	ACBD7	6.27193219395833
A_32_P159612	ACCN1	4.938960983
A_23_P204751	ACCN2	11.8478686241667
A_23_P93658	ACCN3	6.09192117154167
A_33_P3250730	ACCN4	12.3538040091667
A_23_P24586	ACCS	3.84359408445833
A_33_P3359071	ACD	11.8383259270833
A_33_P3229288	ACE	6.49711969841667
A_23_P38952	ACER1	4.46713310154167
A_33_P3413759	ACER2	5.16619619441667
A_23_P203665	ACER3	5.88195526466667
A_24_P60845	ACHE	8.57958146091667
A_23_P14389	ACIN1	9.212410033125
A_33_P3415042	ACLY	11.2600612783333
A_23_P376727	ACMSD	3.636323550875
A_23_P59528	ACN9	10.135304436375
A_23_P9415	ACO1	7.87244393845833
A_23_P103149	ACO2	11.8307192408333
A_24_P161036	ACOT1	4.56533765875
A_23_P417415	ACOT11	5.52082485245833
A_23_P44207	ACOT12	5.008631429
A_23_P31116	ACOT13	10.26916698375
A_23_P14515	ACOT4	4.67431637208333
A_33_P3352517	ACOT6	4.45811960341667
A_24_P205589	ACOT7	12.2064746708333
A_33_P3352544	ACOT8	9.615320219875
A_24_P42501	ACOT9	8.44284702095833
A_33_P3244803	ACOX1	10.568199895
A_23_P10182	ACOX2	5.0943203875
A_23_P316381	ACOX3	7.75361171083333
A_33_P3395008	ACOXL	5.09263920454167
A_24_P922919	ACP1	8.40417121558333
A_23_P138776	ACP2	7.40906826795833
A_23_P142075	ACP5	6.60340231870833
A_23_P160240	ACP6	5.26764738129167
A_23_P57760	ACPL2	9.16918587195833
A_24_P37589	ACPP	3.74454938441667
A_23_P330419	ACPT	5.01159553220833
A_32_P191262	ACR	4.64997997933333
A_33_P3396370	ACRBP	6.82439141779167
A_23_P171237	ACRC	8.17227149483333
A_23_P202894	ACRV1	4.64572689741667
A_23_P54488	ACSBG1	5.89293143275
A_23_P131050	ACSBG2	4.53680564195833
A_23_P4190	ACSF2	7.34680834554167
A_32_P218332	ACSF3	8.782233686875
A_23_P110212	ACSL1	9.52812405916667
A_24_P248606	ACSL3	10.2010663428333
A_23_P217564	ACSL4	9.51460634520833
A_33_P3217983	ACSL5	4.75226346125
A_23_P7562	ACSL6	5.50632342329167
A_23_P106933	ACSM1	3.88751693304167
A_33_P3265129	ACSM2A	3.92237867954167
A_23_P66328	ACSM2B	5.14921566745833
A_23_P317756	ACSM3	4.15994477929167
A_33_P3395083	ACSM4	3.876989103625
A_33_P3395081	ACSM5	5.94723945625
A_23_P120594	ACSS1	4.33250940004167
A_23_P210900	ACSS2	9.20113797566667
A_23_P339119	ACSS3	5.05785113395833
A_23_P1102	ACTA1	11.3828746304167
A_23_P150053	ACTA2	4.97276613391667
A_23_P135769	ACTB	15.0752160779167
A_24_P6903	ACTBL2	7.3537622075
A_33_P3236382	ACTC1	4.27428739866667
A_32_P156963	ACTG1	13.1407807129167
A_33_P3418541	ACTG2	4.467720960125
A_23_P69249	ACTL6A	11.3222672720833
A_23_P145681	ACTL6B	9.57383592641667
A_23_P31984	ACTL7A	4.23374885383333
A_33_P3256972	ACTL7B	5.34889239808333
A_33_P3288659	ACTL8	4.89071737875
A_33_P3345011	ACTL9	4.10750880204167
A_23_P105957	ACTN1	8.21887328916667
A_33_P3212167	ACTN2	6.96648513975
A_23_P138881	ACTN3	6.285381823375
A_23_P101655	ACTN4	9.409111673125
A_33_P3416946	ACTR10	8.94195382304167
A_24_P278367	ACTR1A	12.1480888970833
A_23_P28279	ACTR1B	10.2667071691667
A_23_P377376	ACTR2	9.682436324125
A_23_P108785	ACTR3	11.8329328145833
A_33_P3334313	ACTR3B	8.33864289466667
A_33_P3816042	ACTR3BP2	5.41839445029167
A_33_P3864411	ACTR3BP5	5.76514855854167
A_33_P3264089	ACTR3C	4.08938185679167
A_23_P165952	ACTR5	6.66464998845833
A_23_P162596	ACTR6	9.58045895979167
A_23_P80694	ACTR8	8.18577735995833
A_23_P147311	ACTRT1	4.10473026779167
A_23_P148829	ACTRT2	5.11638015516667
A_33_P3360665	ACVR1	7.967757223625
A_33_P3364433	ACVR1B	6.5434963285
A_33_P3327404	ACVR1C	4.00855995445833
A_23_P153930	ACVR2A	8.19499673125
A_32_P134209	ACVR2B	11.1719909716667
A_24_P945113	ACVRL1	4.64913428875
A_23_P57868	ACY1	8.89100544329167
A_23_P47102	ACY3	4.17344175916667
A_23_P163143	ACYP1	10.877438825
A_24_P336848	ACYP2	9.003674813625
A_23_P210482	ADA	9.06067974279167
A_23_P41514	ADAD1	4.3540710645
A_33_P3272402	ADAD2	8.69096319870833
A_33_P3411090	ADAL	7.69236162225
A_21_P0000668	ADAM1	9.914308046875
A_23_P48886	ADAM10	6.39528455008333
A_23_P207345	ADAM11	9.91862517633333
A_33_P3310929	ADAM12	6.48748503991667
A_33_P3380693	ADAM15	8.519997804875
A_23_P143120	ADAM17	8.32940636829167
A_21_P0000114	ADAM18	4.03940586575
A_23_P374082	ADAM19	8.067730894625
A_33_P3340732	ADAM2	3.88588539904167
A_23_P48698	ADAM20	4.94793781266667
A_33_P3369944	ADAM21	4.01277175595833
A_24_P243741	ADAM22	7.24397165091667
A_33_P3216458	ADAM23	4.78160132141667
A_33_P3380652	ADAM28	4.58216361754167
A_21_P0003682	ADAM29	4.69649842891667
A_23_P126363	ADAM30	4.11204513883333
A_23_P44665	ADAM32	4.755675329125
A_33_P3342653	ADAM33	5.48010966075
A_33_P3256505	ADAM3A	3.90389432795833
A_23_P94296	ADAM7	4.01168531075
A_24_P300777	ADAM8	7.16808173691667
A_33_P3390172	ADAMDEC1	3.69583401908333
A_33_P3390013	ADAMTS1	4.033117767875
A_33_P3223056	ADAMTS10	9.72897563041667
A_23_P44648	ADAMTS12	3.82304625358333
A_33_P3342780	ADAMTS13	7.58294741983333
A_24_P275073	ADAMTS14	3.83517804270833
A_33_P3316790	ADAMTS15	3.64445073895833
A_33_P3241051	ADAMTS17	4.57022574075
A_32_P34844	ADAMTS18	4.79250665075
A_33_P3317392	ADAMTS19	5.18285311991667
A_33_P3409649	ADAMTS2	4.209124017375
A_33_P3219514	ADAMTS20	3.74004149075
A_23_P360754	ADAMTS4	6.46159161070833
A_33_P3372426	ADAMTS5	4.41054739833333
A_24_P334456	ADAMTS6	3.92388615991667
A_33_P3423718	ADAMTS7	7.91221415975
A_33_P3308347	ADAMTS8	3.78350221741667
A_32_P196263	ADAMTS9	6.412104891875
A_21_P0014841	ADAMTS9-AS1	3.89591959491667
A_21_P0000741	ADAMTS9-AS2	4.16958977579167
A_33_P3302025	ADAMTSL1	4.2263094645
A_33_P3262541	ADAMTSL2	5.38061240620833
A_33_P3299220	ADAMTSL4	4.54518399666667
A_24_P22939	ADAMTSL5	8.5761838265
A_33_P3422133	ADAP1	10.6755971925
A_23_P49816	ADAP2	6.40154566145833
A_24_P362317	ADAR	12.3703418858333
A_23_P211207	ADARB1	9.02406854591667
A_33_P3282307	ADARB2	6.52141693820833
A_23_P141100	ADAT1	8.87864748704167
A_33_P3268798	ADAT2	8.795310423375
A_33_P3268793	ADAT3	10.5262939779167
A_24_P11462	ADC	7.96311141795833
A_23_P25945	ADCK1	6.43059890225
A_24_P291978	ADCK2	7.34332694216667
A_33_P3372924	ADCK3	6.835991321125
A_23_P208400	ADCK4	7.448522275625
A_23_P94365	ADCK5	8.58504015808333
A_24_P577694	ADCY1	10.82475391875
A_23_P126313	ADCY10	3.97248875933333
A_23_P67864	ADCY3	10.01502778425
A_33_P3337161	ADCY4	5.84031916754167
A_23_P136623	ADCY5	6.13305987070833
A_23_P501547	ADCY6	7.59965931616667
A_24_P416177	ADCY7	6.63710608983333
A_24_P935103	ADCY9	9.76168189854167
A_33_P3392092	ADCYAP1	5.20511908829167
A_23_P157109	ADCYAP1R1	5.44229724733333
A_24_P100742	ADD1	8.52015541425
A_33_P3241786	ADD2	8.76564773758333
A_24_P90097	ADD3	10.1691381014167
A_24_P291658	ADH1A	4.23252277341667
A_33_P3353737	ADH1B	3.8142187015
A_23_P81158	ADH1C	5.138108742875
A_23_P30098	ADH4	4.496719390125
A_23_P18692	ADH5	9.31325913979167
A_23_P41498	ADH6	3.78536594595833
A_33_P3406677	ADH7	3.65159693995833
A_23_P157569	ADHFE1	4.47974208075
A_32_P52911	ADI1	8.313979104125
A_32_P423691	ADIG	3.46139524675
A_23_P369237	ADIPOQ	3.9149170195
A_23_P46627	ADIPOR1	8.29157629120833
A_23_P48121	ADIPOR2	10.7704891970833
A_23_P112596	ADK	8.1252278555
A_23_P127948	ADM	4.834675741625
A_33_P3413905	ADM2	6.92949438725
A_24_P134319	ADNP	11.70086993875
A_23_P164468	ADNP2	8.35961017925
A_23_P202345	ADO	6.81583382370833
A_23_P74299	ADORA1	6.47810490558333
A_24_P237270	ADORA2A	5.12524698475
A_23_P55477	ADORA2B	5.191993829125
A_23_P126540	ADORA3	4.55587455108333
A_33_P3406927	ADPGK	8.274408099875
A_33_P3366053	ADPRH	4.07650338325
A_23_P371145	ADPRHL1	6.12397307316667
A_23_P34568	ADPRHL2	8.63247515025
A_23_P8938	ADRA1A	5.38863355066667
A_23_P33326	ADRA1B	4.01272637004167
A_23_P138706	ADRA2A	3.98845014833333
A_23_P378926	ADRA2B	4.14743846041667
A_23_P256158	ADRA2C	6.610228585375
A_33_P3310189	ADRB1	5.7064157465
A_23_P145024	ADRB2	3.816231584
A_23_P168993	ADRB3	5.010201199375
A_33_P3384392	ADRBK1	9.67075859995833
A_33_P3220919	ADRBK2	11.0932089579167
A_23_P68665	ADRM1	10.227809115375
A_23_P155103	ADSL	9.60964409691667
A_23_P201432	ADSS	9.54484585991667
A_23_P76823	ADSSL1	8.53386015708333
A_23_P157299	AEBP1	9.44351972816667
A_24_P18621	AEBP2	8.02804470216667
A_23_P206077	AEN	5.41815240441667
A_23_P165061	AES	13.5481756633333
A_23_P72387	AFAP1	9.88428152858333
A_23_P110276	AFAP1-AS1	3.93084330229167
A_32_P167239	AFAP1L1	6.15256829620833
A_23_P406341	AFAP1L2	5.38107919283333
A_33_P3242373	AFF1	5.84264283525
A_33_P3293888	AFF2	3.66251989158333
A_33_P3373348	AFF3	7.39881490875
A_24_P8318	AFF4	9.07706610254167
A_23_P355289	AFG3L1P	6.75051262941667
A_23_P135454	AFG3L2	7.78425058470833
A_33_P3303444	AFM	4.23685730175
A_24_P33156	AFMID	6.65039795558333
A_23_P428382	AFTPH	9.812401068875
A_23_P7099	AGA	4.755689663125
A_23_P108404	AGAP1	10.1006563035
A_21_P0014083	AGAP1-IT1	4.73574909629167
A_33_P3375435	AGAP11	5.5942446605
A_33_P3352148	AGAP2	8.33496812470833
A_33_P3240543	AGAP3	12.3380799879167
A_32_P41526	AGAP7	7.43384933975
A_33_P3355418	AGBL1	5.03979421425
A_32_P82623	AGBL3	5.95423241045833
A_33_P3386562	AGBL4	6.264772617375
A_24_P196372	AGBL5	7.66275602804167
A_33_P3396008	AGER	5.95594645195833
A_33_P3238997	AGFG1	8.61338935858333
A_24_P363583	AGFG2	4.767339403625
A_33_P3227666	AGGF1	9.04181563516667
A_23_P309224	AGK	8.35273009491667
A_23_P200298	AGL	9.112333454375
A_23_P103720	AGMAT	4.210240553
A_23_P136116	AGMO	4.0541362545
A_23_P258093	AGPAT1	12.0210094854167
A_33_P3360540	AGPAT2	12.72364398375
A_24_P344711	AGPAT3	7.85148572779167
A_32_P141768	AGPAT4	9.82528158066667
A_23_P70359	AGPAT4-IT1	10.2460892464583
A_33_P3217218	AGPAT5	10.2077169580417
A_24_P103686	AGPAT6	9.00708839441667
A_23_P69810	AGPAT9	5.09299096954167
A_24_P602507	AGPHD1	4.722807855125
A_32_P27706	AGPS	10.2535277576667
A_23_P31407	AGR2	4.896980551625
A_23_P42811	AGR3	3.87611804708333
A_23_P343411	AGRN	11.4732998354167
A_33_P3279470	AGRP	5.10138451091667
A_33_P3407618	AGSK1	9.5102667385
A_23_P115261	AGT	6.02374508904167
A_23_P169278	AGTPBP1	9.33542545045833
A_23_P166616	AGTR1	3.73555708616667
A_23_P158596	AGTRAP	6.60277819
A_33_P3250278	AGXT	4.86794790620833
A_23_P257231	AGXT2L1	4.09814366033333
A_33_P3253628	AGXT2L2	5.96410486775
A_33_P3666346	AHCTF1	6.97938459116667
A_24_P57367	AHCY	9.57976405095833
A_24_P11307	AHCYL1	10.7596438175
A_24_P72518	AHCYL2	9.27121298475
A_23_P115331	AHDC1	8.7571895275
A_23_P70746	AHI1	7.51874824720833
A_23_P21363	AHNAK	4.999056421125
A_24_P273253	AHNAK2	6.40111091766667
A_33_P3316800	AHR	4.48954172683333
A_23_P358709	AHRR	6.2443540865
A_23_P117599	AHSA1	10.8190577179167
A_21_P0008046	AHSA2	6.14194439816667
A_23_P155514	AHSG	4.79999117229167
A_23_P135486	AHSP	4.02764250691667
A_23_P36641	AICDA	3.85783412175
A_33_P3250857	AIDA	6.31372670370833
A_23_P214627	AIF1	4.404852953875
A_33_P3260053	AIF1L	7.237368682
A_23_P72537	AIFM1	10.6553491033333
A_32_P75094	AIFM2	6.679269726625
A_23_P258194	AIFM3	5.88891841316667
A_33_P3416563	AIG1	10.1840494869583
A_33_P3327642	AIM1L	5.37070416520833
A_32_P44394	AIM2	6.39155446133333
A_23_P121686	AIMP1	8.85599546770833
A_23_P70991	AIMP2	10.645700365
A_23_P75380	AIP	11.2159727229167
A_33_P3226620	AIPL1	4.04938252583333
A_23_P68740	AIRE	4.86586623404167
A_33_P3225948	AJAP1	3.90944156445833
A_23_P54055	AJUBA	4.795125241875
A_23_P217088	AK1	10.25746205875
A_24_P500891	AK2	9.33022276370833
A_33_P3263061	AK3	8.70621402770833
A_21_P0013984	AK4	8.01620390733333
A_33_P3307247	AK5	4.15532715095833
A_23_P105963	AK7	5.13607786579167
A_23_P83200	AK8	6.01453061675
A_33_P3324428	AKAP1	9.46657421679167
A_23_P317105	AKAP10	7.73687227870833
A_23_P204929	AKAP11	9.58762072666667
A_23_P111311	AKAP12	9.15486115183333
A_24_P142095	AKAP13	9.297546253375
A_33_P3278590	AKAP14	4.92716812495833
A_23_P342668	AKAP17A	7.44348426429167
A_23_P359043	AKAP2	5.51328354591667
A_23_P14035	AKAP3	4.92781585425
A_23_P11081	AKAP4	5.16436083895833
A_33_P3394380	AKAP5	4.470666090625
A_23_P14351	AKAP6	7.85497920829167
A_23_P259594	AKAP7	8.65360075116667
A_33_P3417950	AKAP8	8.72906432666667
A_23_P153767	AKAP8L	11.62034429125
A_23_P309261	AKAP9	7.65869963575
A_33_P3346771	AKD1	5.17511089691667
A_23_P53152	AKIP1	9.070927872375
A_33_P3294404	AKIRIN1	10.5799729066667
A_23_P428827	AKIRIN2	9.783671227625
A_33_P3297853	AKNA	4.20172701925
A_33_P3263569	AKNAD1	4.56008409666667
A_24_P79755	AKR1A1	10.111822856
A_23_P258190	AKR1B1	12.3854346941667
A_23_P93641	AKR1B10	4.41879419179167
A_33_P3380992	AKR1B15	4.39156313366667
A_33_P3365117	AKR1C1	7.8619115365
A_23_P138541	AKR1C3	7.83803864591667
A_33_P3272291	AKR1C4	3.72860627766667
A_21_P0010854	AKR1CL1	8.19610255383333
A_33_P3392142	AKR1D1	3.8247185015
A_33_P3480561	AKR1E2	5.18404362154167
A_23_P115356	AKR7A2	10.239844783875
A_23_P316812	AKR7A2P1	5.749459740625
A_23_P103968	AKR7A3	8.96283289404167
A_33_P3217998	AKR7L	7.8660731475
A_33_P3275235	AKT1	10.7801984875
A_33_P3344201	AKT1S1	5.71627572791667
A_33_P3381647	AKT2	8.44262718954167
A_23_P160354	AKT3	9.4461655755
A_33_P3340990	AKTIP	8.38520567354167
A_23_P217114	ALAD	8.40411148445833
A_24_P191588	ALAS1	9.3199707725
A_32_P385587	ALAS2	5.00045376166667
A_23_P257834	ALB	3.72884740754167
A_33_P3713357	ALCAM	12.1044979483333
A_24_P5743	ALDH16A1	8.70049458854167
A_23_P1361	ALDH18A1	10.1385125014583
A_33_P3379644	ALDH1A1	4.26256204466667
A_23_P205959	ALDH1A3	4.14389839658333
A_24_P64233	ALDH1B1	8.53173039933333
A_23_P258887	ALDH1L1	4.261233261
A_33_P3282634	ALDH1L2	6.86378381254167
A_23_P36753	ALDH2	10.009816019
A_23_P207213	ALDH3A1	4.27017375520833
A_33_P3336622	ALDH3A2	10.0202559652083
A_33_P3236563	ALDH3B1	5.76593440895833
A_23_P24311	ALDH3B2	4.33784328375
A_32_P192970	ALDH4A1	8.19198646625
A_24_P115007	ALDH5A1	6.39505493829167
A_23_P128967	ALDH6A1	7.09088107325
A_23_P70231	ALDH7A1	9.832212596625
A_24_P283324	ALDH8A1	5.61670055525
A_24_P385280	ALDH9A1	6.751024830375
A_23_P88963	ALDOA	12.36132275125
A_33_P3853081	ALDOAP2	4.79956443908333
A_23_P415974	ALDOB	4.15955941045833
A_23_P78108	ALDOC	9.00885229854167
A_24_P586523	ALG1	8.26308692154167
A_33_P3230881	ALG10	6.10966896883333
A_32_P89679	ALG10B	8.52598837691667
A_33_P3230876	ALG11	10.44271306925
A_23_P60718	ALG12	7.65695802254167
A_23_P11279	ALG13	8.04007515295833
A_23_P257423	ALG14	7.18074511829167
A_32_P158355	ALG1L	7.79630253895833
A_33_P3324692	ALG1L2	7.25648989629167
A_33_P3297050	ALG2	7.17431194616667
A_24_P414269	ALG3	11.0613567233333
A_23_P151436	ALG5	11.3155875683333
A_23_P35168	ALG6	9.49053058008333
A_23_P13554	ALG8	10.89942170375
A_24_P795594	ALG9	9.07180980554167
A_23_P14543	ALKBH1	7.49600502041667
A_32_P28939	ALKBH2	11.23219444
A_23_P35989	ALKBH3	7.81588356383333
A_23_P255523	ALKBH4	8.37156915045833
A_33_P3239854	ALKBH5	9.41370441316667
A_23_P39402	ALKBH6	7.82199082470833
A_24_P91472	ALKBH7	11.8163991695833
A_23_P371876	ALKBH8	5.63780518079167
A_23_P108734	ALLC	4.22225218354167
A_33_P3332724	ALMS1	7.14469147895833
A_23_P435657	ALMS1P	4.803314932125
A_23_P83634	ALOX12B	4.929373469
A_32_P440768	ALOX12P2	4.086229209125
A_33_P3361348	ALOX15	4.603747415625
A_23_P60627	ALOX15B	5.4428231655
A_23_P104464	ALOX5	3.91216958116667
A_24_P347378	ALOX5AP	5.07013976504167
A_24_P347880	ALOXE3	5.062883194375
A_23_P337658	ALPI	4.60324636470833
A_23_P144531	ALPK1	10.3768700089583
A_23_P15876	ALPK2	3.93676791454167
A_33_P3210099	ALPK3	6.65871121491667
A_24_P353619	ALPL	6.53325481229167
A_23_P79587	ALPP	6.03289966666667
A_24_P131580	ALPPL2	7.46134080504167
A_23_P209430	ALS2	5.97119350170833
A_32_P420009	ALS2CL	6.05807558383333
A_23_P328642	ALS2CR11	5.41655634058333
A_23_P349343	ALS2CR12	3.79235180991667
A_33_P3323218	ALS2CR8	6.98931691658333
A_23_P83798	ALX1	7.34978321816667
A_23_P85941	ALX3	4.78722261520833
A_33_P3273068	ALX4	4.02716232141667
A_33_P3259736	AMACR	5.93567179966667
A_23_P44867	AMBN	4.05554074283333
A_23_P256504	AMBP	5.67849258004167
A_23_P353742	AMBRA1	8.36729183854167
A_33_P3395369	AMD1	9.938822415875
A_32_P122226	AMDHD1	3.802278540875
A_33_P3491294	AMDHD2	8.14615903279167
A_23_P96478	AMELX	4.21571547433333
A_24_P182254	AMELY	3.76553978895833
A_23_P141005	AMFR	9.17830687045833
A_23_P78944	AMH	7.880660654625
A_24_P115990	AMHR2	3.62748287291667
A_24_P192914	AMICA1	4.07852803366667
A_33_P3369461	AMIGO1	8.55300478525
A_23_P14083	AMIGO2	4.23681318354167
A_33_P3295538	AMIGO3	6.49484614008333
A_33_P3234347	AMMECR1	6.3845144735
A_23_P40039	AMMECR1L	10.7060037625
A_23_P48455	AMN	7.63349563095833
A_24_P100830	AMN1	7.245882153
A_24_P344961	AMOT	5.46943351266667
A_24_P401768	AMOTL1	6.76935500804167
A_23_P166686	AMOTL2	11.4763758629167
A_23_P51787	AMPD1	4.03657702375
A_23_P201596	AMPD2	9.294257720875
A_33_P3216938	AMPD3	4.64300457833333
A_23_P31273	AMPH	8.29830778445833
A_23_P257164	AMT	7.572570284125
A_33_P3212860	AMTN	4.055198497
A_23_P23611	AMY1C	8.144363112375
A_33_P3380837	AMZ1	10.290909620625
A_21_P0011603	AMZ2	11.42259592
A_21_P0011604	AMZ2P1	7.79938841325
A_33_P3262138	ANAPC1	6.28341767058333
A_23_P250994	ANAPC10	8.53241419983333
A_23_P27147	ANAPC11	14.578758665
A_32_P16854	ANAPC13	10.1122196000417
A_33_P3216955	ANAPC16	7.16394307466667
A_23_P253068	ANAPC2	6.81478592179167
A_23_P317800	ANAPC4	10.1304805835833
A_23_P204448	ANAPC5	12.5231688733333
A_23_P44643	ANAPC7	8.00815588845833
A_33_P3236177	ANG	5.10310421108333
A_23_P363406	ANGEL1	5.75884132345833
A_24_P28619	ANGEL2	7.441210069
A_23_P60079	ANGPT2	7.62790054404167
A_23_P68511	ANGPT4	4.683491394375
A_24_P199484	ANGPTL1	4.071485445
A_33_P3844650	ANGPTL2	7.74616124866667
A_33_P3295358	ANGPTL4	6.47306666229167
A_23_P50276	ANGPTL6	4.92068335620833
A_23_P114862	ANGPTL7	3.536681671375
A_33_P3376321	ANK1	8.723017229875
A_23_P133068	ANK2	8.28618966670833
A_24_P162173	ANK3	8.00230147333333
A_23_P370544	ANKAR	5.41694473829167
A_24_P82155	ANKDD1A	5.97533740604167
A_33_P3311235	ANKDD1B	4.42784102058333
A_23_P350698	ANKFN1	6.41266476091667
A_33_P3300142	ANKFY1	6.4749450565
A_24_P371628	ANKH	6.18398627758333
A_23_P92642	ANKHD1	6.93418330233333
A_23_P58443	ANKHD1-EIF4EBP3	8.80165160420833
A_23_P355623	ANKIB1	8.24702491379167
A_33_P3336053	ANKK1	4.753618905125
A_33_P3252099	ANKLE1	5.552218007125
A_23_P10858	ANKLE2	7.619298146125
A_33_P3629247	ANKMY1	6.80781436383333
A_23_P20002	ANKMY2	8.64437312870833
A_24_P337397	ANKRA2	9.23083458183333
A_23_P161218	ANKRD1	3.83849509529167
A_23_P205046	ANKRD10	8.335366230125
A_21_P0014288	ANKRD10-IT1	7.24790763529167
A_33_P3280044	ANKRD11	10.1900299199583
A_33_P3294524	ANKRD12	6.3549429485
A_24_P307572	ANKRD13A	9.24512190633333
A_23_P380881	ANKRD13B	8.76573229629167
A_33_P3261700	ANKRD13C	7.23310117804167
A_33_P3228285	ANKRD13D	11.77799146875
A_33_P3267502	ANKRD16	9.24415921375
A_24_P220771	ANKRD17	7.04710955275
A_33_P3238941	ANKRD18A	4.49023377675
A_21_P0013674	ANKRD18B	4.81877926025
A_23_P312565	ANKRD19P	4.64404159529167
A_33_P3278362	ANKRD2	4.75515378229167
A_33_P3313532	ANKRD20A1	5.86944636070833
A_33_P3420266	ANKRD20A2	5.98715062504167
A_21_P0010647	ANKRD20A3	5.22246372025
A_32_P150086	ANKRD20A5P	4.58871006416667
A_33_P3283599	ANKRD20A8P	5.24045257008333
A_33_P3282359	ANKRD20A9P	4.89951719958333
A_33_P3277752	ANKRD23	6.042096628
A_32_P191786	ANKRD24	5.26942655054167
A_23_P115597	ANKRD26	6.05720677279167
A_33_P3291821	ANKRD26P1	4.27220415566667
A_21_P0011131	ANKRD26P3	5.21049876554167
A_23_P153640	ANKRD27	7.07998206220833
A_24_P217365	ANKRD28	11.19942349875
A_23_P412577	ANKRD29	4.25122085579167
A_33_P3368985	ANKRD30A	3.80872925683333
A_33_P3277659	ANKRD30B	3.76222710016667
A_33_P3301469	ANKRD30BL	4.65340290325
A_23_P321496	ANKRD30BP2	4.67421533229167
A_21_P0012913	ANKRD31	4.45342619116667
A_23_P144684	ANKRD32	7.87727997441667
A_32_P516342	ANKRD33	6.95279568820833
A_33_P3213468	ANKRD33B	4.92408145504167
A_24_P212811	ANKRD34A	6.11105608016667
A_23_P325690	ANKRD35	6.103721747125
A_33_P3215788	ANKRD36	8.43635605445833
A_23_P97123	ANKRD36BP1	4.897819429875
A_21_P0012011	ANKRD36BP2	6.85156002179167
A_24_P237586	ANKRD37	7.001285238625
A_33_P3294053	ANKRD39	10.14408518875
A_33_P3386581	ANKRD40	10.2401431302917
A_32_P69166	ANKRD42	7.12470415075
A_33_P3407549	ANKRD43	5.53494428291667
A_23_P209347	ANKRD44	4.938758005
A_33_P3219697	ANKRD45	11.6526635425
A_33_P3315325	ANKRD46	7.97032781854167
A_23_P24365	ANKRD49	9.49528638083333
A_23_P365086	ANKRD5	5.94451154270833
A_33_P3231140	ANKRD50	9.20262322220833
A_33_P3267305	ANKRD52	10.48562943875
A_24_P162979	ANKRD53	6.57399225779167
A_23_P120921	ANKRD54	7.649611600875
A_33_P3291279	ANKRD56	3.93278714879167
A_33_P3219785	ANKRD57	9.71792944745833
A_32_P123255	ANKRD58	5.830188106125
A_33_P3278455	ANKRD6	6.22918108479167
A_23_P131875	ANKRD60	3.60993409608333
A_21_P0014906	ANKRD62	4.16063809729167
A_21_P0012334	ANKRD62P1-PARP4P3	3.619602643
A_33_P3346628	ANKRD63	5.17743445291667
A_23_P86079	ANKRD65	6.41958822170833
A_23_P250231	ANKRD7	4.20425135275
A_33_P3263666	ANKRD9	9.35205195875
A_33_P3315510	ANKS1A	8.906753840625
A_23_P356717	ANKS1B	5.30879360095833
A_33_P3211153	ANKS3	10.4871016908333
A_23_P362183	ANKS6	10.5601431525
A_23_P119907	ANKZF1	8.60100117383333
A_23_P356684	ANLN	5.19624938620833
A_24_P110831	ANO1	3.86480367604167
A_21_P0014645	ANO1-AS2	3.9395274215
A_33_P3371224	ANO10	9.315430203
A_32_P141238	ANO2	6.31873499525
A_23_P35725	ANO3	4.25379116291667
A_23_P409093	ANO4	7.22921262333333
A_24_P100996	ANO5	8.464408268375
A_23_P389118	ANO6	8.37854409945833
A_33_P3319281	ANO7	5.23778220975
A_32_P73452	ANO8	3.88515870916667
A_24_P8109	ANO9	5.42532100425
A_32_P186027	ANP32A	6.00444943458333
A_23_P14649	ANP32A-IT1	11.2795100941667
A_23_P20615	ANP32B	10.78029779625
A_23_P92520	ANP32C	4.02353299558333
A_23_P87580	ANP32D	5.72179023083333
A_33_P3407299	ANP32E	6.65401832529167
A_23_P88626	ANPEP	4.96017066729167
A_23_P84576	ANTXR1	6.068852936125
A_23_P170733	ANTXR2	6.69177192541667
A_23_P94501	ANXA1	4.27986619470833
A_23_P58328	ANXA10	4.42315862225
A_23_P35399	ANXA11	6.75529958616667
A_23_P60009	ANXA13	4.156778423875
A_23_P146644	ANXA2	8.16873080008333
A_24_P204244	ANXA2P1	8.633991572625
A_24_P323114	ANXA2P3	3.67609799079167
A_23_P121716	ANXA3	5.412483784
A_23_P16976	ANXA4	5.34491100475
A_23_P69720	ANXA5	10.9519693933333
A_23_P357104	ANXA6	10.5668350116667
A_33_P3329949	ANXA7	8.26368164345833
A_32_P105549	ANXA8L2	4.80383319495833
A_23_P103617	ANXA9	4.27484428158333
A_23_P4133	AOC2	4.34334564083333
A_23_P426305	AOC3	5.27385982241667
A_24_P781615	AOC4	4.73520820175
A_33_P3354414	AOX1	4.58559861591667
A_21_P0012040	AOX2P	4.258429219
A_23_P69791	AP1AR	8.96711625966667
A_33_P3317593	AP1B1	10.9606213016667
A_21_P0012322	AP1B1P1	6.33073216966667
A_24_P381962	AP1G1	10.0277454481667
A_23_P2967	AP1G2	8.25416909925
A_23_P55802	AP1M1	10.99587619875
A_23_P78543	AP1M2	4.11712952179167
A_23_P157404	AP1S1	8.75865601066667
A_33_P3258782	AP1S2	8.206574323875
A_33_P3275707	AP1S3	5.687889136375
A_23_P4885	AP2A1	8.67860445704167
A_33_P3311863	AP2A2	10.7892008925
A_24_P253827	AP2B1	9.92275456091667
A_33_P3378800	AP2M1	13.755107445
A_33_P3346663	AP2S1	14.62930747
A_23_P136635	AP3B1	9.575713065125
A_23_P77304	AP3B2	10.1684431452917
A_33_P3571120	AP3D1	10.9830524825
A_23_P158938	AP3M1	8.1880334915
A_24_P64039	AP3M2	9.29114853825
A_33_P3429576	AP3S1	10.8870242029167
A_24_P287691	AP3S2	10.5564663541667
A_33_P3261973	AP4B1	7.55812093583333
A_24_P929369	AP4E1	9.16340894816667
A_33_P3237944	AP4M1	8.29649894325
A_24_P401645	AP4S1	5.37587030558333
A_23_P36611	APAF1	5.927432750875
A_33_P3295655	APBA1	9.09192097745833
A_23_P146849	APBA2	10.3792485591667
A_33_P3295640	APBA3	6.77095186329167
A_23_P1998	APBB1	11.35784160875
A_24_P232365	APBB1IP	4.06448516220833
A_33_P3251901	APBB2	8.35836758808333
A_33_P3356926	APBB3	10.8223675929167
A_33_P3408983	APC	8.91131738729167
A_23_P101905	APC2	15.2397671145833
A_23_P337262	APCDD1	7.98367039658333
A_23_P96827	APCS	5.01199900483333
A_23_P41143	APEH	9.989598734
A_23_P151653	APEX1	9.39543266695833
A_23_P256682	APEX2	8.60590116345833
A_23_P12329	APH1A	7.28690704958333
A_23_P205997	APH1B	7.566097968
A_24_P312692	API5	8.307153928375
A_23_P2066	APIP	6.591982624
A_33_P3300395	APITD1	8.73669784479167
A_23_P334246	APLF	4.04541393066667
A_23_P113393	APLN	4.520260869625
A_23_P318860	APLNR	7.1372301965
A_23_P27983	APLP1	12.2124539883333
A_23_P202939	APLP2	12.7250559883333
A_23_P203191	APOA1	4.797698662625
A_33_P3257708	APOA1BP	10.8857279866667
A_23_P87036	APOA4	3.64672114970833
A_23_P75630	APOA5	4.440323951125
A_23_P79591	APOB	3.89701525575
A_23_P14019	APOBEC1	3.61058741941667
A_23_P70387	APOBEC2	7.37919810183333
A_24_P66027	APOBEC3B	4.87122586608333
A_23_P120931	APOBEC3C	3.97411664291667
A_23_P132316	APOBEC3D	4.352419096125
A_33_P3262181	APOBEC3F	6.365957419
A_23_P143713	APOBEC3G	3.62707833054167
A_32_P347617	APOBEC3H	3.88911758079167
A_33_P3332150	APOBEC4	3.82428693083333
A_23_P54770	APOBR	3.88295080383333
A_24_P109214	APOC1	4.9261599285
A_23_P208302	APOC2	3.77421899879167
A_33_P3209162	APOC4	6.044530528875
A_23_P136777	APOD	4.245651575125
A_33_P3223592	APOE	10.91961163875
A_23_P87491	APOF	4.008072908625
A_24_P87931	APOL1	6.49563227129167
A_24_P48898	APOL2	8.454200117375
A_24_P416997	APOL3	4.105374875
A_33_P3276615	APOL4	4.327360198125
A_23_P166438	APOL5	4.04615315058333
A_24_P941167	APOL6	5.14502812925
A_23_P48217	APOLD1	6.18324020320833
A_24_P89426	APOM	7.15630253345833
A_23_P61127	APOO	11.68307539875
A_23_P136986	APOOL	8.18953969795833
A_23_P162879	APOPT1	11.2076247545833
A_33_P3508822	APP	11.434242905
A_23_P207280	APPBP2	10.4468448654167
A_23_P166663	APPL1	10.281617971
A_23_P105747	APPL2	8.237963375
A_33_P3360097	APRT	10.72179606875
A_33_P3344308	APTX	8.1409513405
A_33_P3253723	AQP1	5.71851850379167
A_23_P126613	AQP10	4.705562652375
A_23_P417974	AQP11	7.54180726579167
A_33_P3304065	AQP2	3.80924687566667
A_23_P112482	AQP3	4.32308721070833
A_33_P3420757	AQP4	4.731219719875
A_23_P366812	AQP5	6.99286634504167
A_33_P3422247	AQP6	4.29625450633333
A_21_P0013571	AQP7	4.75730181479167
A_33_P3217786	AQP7P1	4.844617955625
A_21_P0013643	AQP7P3	5.64155507841667
A_23_P26522	AQP8	5.23569344658333
A_23_P106362	AQP9	3.79275259479167
A_33_P3251522	AQPEP	4.17937960329167
A_24_P280378	AQR	8.41228158495833
A_23_P113111	AR	4.89030727745833
A_23_P73511	ARAF	7.12046432670833
A_33_P3224020	ARAF2P	11.39771234875
A_24_P398432	ARAP1	6.58942684616667
A_32_P83784	ARAP2	5.79813962825
A_23_P167389	ARAP3	7.09470526429167
A_23_P365738	ARC	6.88298089975
A_24_P201531	ARCN1	9.37405524741667
A_33_P3419190	AREG	4.068507076625
A_23_P201086	ARF1	10.423295216375
A_33_P3281358	ARF3	9.16826539741667
A_23_P431789	ARF4	11.4995394470833
A_33_P3260777	ARF5	13.6027208279167
A_24_P472455	ARF6	8.08844759025
A_23_P210379	ARFGAP1	11.34939757125
A_33_P3272483	ARFGAP2	10.6812866883333
A_23_P68970	ARFGAP3	9.728244185625
A_33_P3356995	ARFGEF1	7.54203271508333
A_33_P3271925	ARFGEF2	8.222396929625
A_24_P166094	ARFIP1	7.31161142483333
A_23_P139228	ARFIP2	10.0312867074583
A_33_P3242743	ARFRP1	7.63220298358333
A_33_P3352382	ARG1	4.02567173420833
A_23_P128728	ARG2	9.674046367
A_33_P3209706	ARGFX	5.50216084470833
A_33_P3349289	ARGFXP2	4.38214231679167
A_33_P3343101	ARGLU1	8.14395442541667
A_23_P314070	ARHGAP1	11.883929095
A_23_P21548	ARHGAP10	5.01924270108333
A_33_P3339361	ARHGAP11A	4.05140735483333
A_33_P3339375	ARHGAP11B	4.33565095566667
A_23_P149775	ARHGAP12	10.1729659575417
A_23_P84154	ARHGAP15	3.80218130366667
A_24_P401739	ARHGAP17	7.29835523041667
A_32_P162250	ARHGAP18	6.137415299
A_33_P3411025	ARHGAP19	5.960551217875
A_33_P3319406	ARHGAP21	7.10827266158333
A_23_P75310	ARHGAP22	11.14113562875
A_33_P3358914	ARHGAP23	6.25850013654167
A_33_P3236030	ARHGAP24	4.43461116541667
A_23_P142974	ARHGAP25	6.63099819933333
A_33_P3228305	ARHGAP26	7.87246818841667
A_33_P3334102	ARHGAP27	5.41500545404167
A_23_P130359	ARHGAP28	7.013766423375
A_24_P333571	ARHGAP29	4.06410626091667
A_23_P35045	ARHGAP30	4.5672529505
A_24_P349039	ARHGAP31	4.07316276783333
A_23_P161686	ARHGAP32	7.61038465854167
A_23_P404730	ARHGAP33	8.06395159658333
A_24_P36299	ARHGAP35	8.49761702629167
A_23_P424878	ARHGAP39	8.22494840791667
A_33_P3282181	ARHGAP4	10.46397726375
A_21_P0012120	ARHGAP40	4.77911988079167
A_33_P3711933	ARHGAP42	5.49677641220833
A_23_P26854	ARHGAP44	7.8039821595
A_23_P48535	ARHGAP5	7.31903445854167
A_24_P41864	ARHGAP6	4.32625378279167
A_33_P3489675	ARHGAP8	4.42446647170833
A_23_P64661	ARHGAP9	5.49764905620833
A_23_P207766	ARHGDIA	10.5523960508333
A_23_P151075	ARHGDIB	4.106989394875
A_24_P215882	ARHGDIG	9.697136524875
A_24_P202581	ARHGEF1	6.16855802770833
A_33_P3351351	ARHGEF10	6.80092573041667
A_33_P3799936	ARHGEF10L	11.6174994945833
A_23_P426809	ARHGEF11	8.10072297970833
A_24_P175783	ARHGEF12	7.05469817675
A_23_P49674	ARHGEF15	6.951544291
A_23_P114670	ARHGEF16	5.24224407454167
A_23_P76015	ARHGEF17	11.5338470279167
A_23_P332326	ARHGEF19	6.415342438625
A_33_P3327058	ARHGEF2	7.68184573345833
A_24_P289299	ARHGEF25	7.38429450129167
A_32_P5276	ARHGEF26	8.89503503825
A_21_P0000705	ARHGEF26-AS1	5.33432604
A_23_P143885	ARHGEF3	8.02445770616667
A_33_P3269670	ARHGEF33	3.688344103125
A_24_P701776	ARHGEF35	NA
A_32_P222695	ARHGEF37	6.63701495679167
A_23_P252276	ARHGEF38	4.27166714633333
A_24_P302685	ARHGEF4	7.10812553566667
A_23_P99661	ARHGEF40	11.0342646191667
A_24_P228875	ARHGEF6	6.60372357366667
A_23_P321855	ARHGEF7	9.86562788820833
A_23_P251705	ARHGEF9	9.23394510179167
A_24_P92952	ARID1A	9.71947223691667
A_23_P70701	ARID1B	7.91837165358333
A_32_P74955	ARID2	9.28680505345833
A_33_P3272921	ARID3A	11.0250577366667
A_23_P88580	ARID3B	13.23741388375
A_33_P3424187	ARID3C	4.44763670304167
A_23_P117515	ARID4A	7.058228561
A_24_P196499	ARID4B	6.986206138625
A_23_P143016	ARID5A	7.94956060670833
A_32_P18440	ARID5B	5.929990211375
A_24_P85478	ARIH1	9.06882380891667
A_23_P61881	ARIH2	11.9086278904167
A_24_P338648	ARL1	9.5790741445
A_24_P368735	ARL10	6.47640241129167
A_33_P3375553	ARL13A	3.80351393391667
A_23_P10081	ARL13B	6.09418436470833
A_23_P92161	ARL14	3.35096966279167
A_24_P303199	ARL15	5.88942135779167
A_32_P207180	ARL16	11.514877615
A_23_P371885	ARL17A	8.03731605483333
A_33_P3328511	ARL17B	7.896354554125
A_23_P98252	ARL2	11.3204947275
A_23_P15182	ARL2BP	9.80025522633333
A_24_P286935	ARL3	11.12561802625
A_23_P145761	ARL4A	6.460125085375
A_33_P3323722	ARL4C	10.3196874408333
A_33_P3392525	ARL4D	7.22585062329167
A_24_P165595	ARL5A	8.61408412808333
A_24_P943997	ARL5B	6.96511527470833
A_33_P3284596	ARL5C	5.20951312933333
A_24_P354337	ARL6	6.65030764370833
A_23_P118150	ARL6IP1	10.3258929896667
A_33_P3355055	ARL6IP4	12.0517652029167
A_24_P257348	ARL6IP5	11.47134589875
A_23_P28169	ARL6IP6	9.38681305845833
A_23_P138271	ARL8A	13.3901350958333
A_23_P385217	ARL8B	8.56107963291667
A_33_P3416882	ARL9	7.85165459195833
A_32_P234827	ARMC1	10.2306332864167
A_33_P3213432	ARMC10	9.165089687
A_24_P320604	ARMC2	4.89228895566667
A_33_P3220207	ARMC3	3.80089121804167
A_33_P3364826	ARMC4	3.99380032283333
A_33_P3221563	ARMC5	9.37322541841667
A_23_P425750	ARMC6	10.0777957070417
A_23_P15375	ARMC7	8.998721813375
A_23_P18384	ARMC8	8.72030815358333
A_23_P209731	ARMC9	8.67399117941667
A_23_P22682	ARMCX1	10.3228245270417
A_23_P73747	ARMCX2	4.22492047729167
A_24_P23411	ARMCX3	7.60994539054167
A_23_P85188	ARMCX5	8.838327860125
A_33_P3335902	ARMCX6	10.0117187760417
A_33_P3217639	ARMS2	3.97775498841667
A_24_P391568	ARNT	6.39487270995833
A_23_P83579	ARNT2	7.35274749704167
A_33_P3385567	ARNTL	5.07492347420833
A_23_P53345	ARNTL2	6.65388537429167
A_24_P72479	ARPC1A	12.1706064795833
A_23_P20196	ARPC1B	7.41529288395833
A_23_P102122	ARPC2	11.4852711645833
A_24_P167473	ARPC3	12.6870683145833
A_24_P20383	ARPC4	7.78048736829167
A_24_P37540	ARPC4-TTLL3	7.712660643875
A_33_P3420235	ARPC5	9.986663581625
A_24_P29975	ARPC5L	9.98128307375
A_23_P121447	ARPM1	4.60464465829167
A_23_P205768	ARPP19	11.1510519466667
A_33_P3303785	ARPP21	6.84696488691667
A_24_P344976	ARR3	4.00006773479167
A_24_P386622	ARRB1	7.853429350125
A_23_P158829	ARRB2	12.0013613075
A_23_P391607	ARRDC1	8.86059500725
A_24_P22976	ARRDC2	5.28845695875
A_24_P274615	ARRDC3	7.10989329525
A_23_P339818	ARRDC4	7.00188053191667
A_32_P30271	ARRDC5	3.633287761875
A_33_P3229725	ARSA	9.63457893466667
A_24_P205213	ARSB	5.014372379125
A_33_P3330099	ARSD	6.16246062291667
A_23_P256084	ARSE	4.32131607033333
A_23_P304304	ARSF	6.89722464179167
A_23_P4161	ARSG	5.84840335541667
A_33_P3373343	ARSH	4.29295328491667
A_23_P19030	ARSI	4.8297743855
A_23_P312536	ARSK	5.901422181125
A_23_P87363	ART1	4.17977487033333
A_33_P3723448	ART3	4.188341383875
A_33_P3298349	ART5	5.047633152375
A_33_P3214586	ARTN	6.70626263654167
A_23_P135995	ARV1	10.3745099191667
A_24_P416961	ARVCF	6.399200027375
A_23_P306223	ARX	5.04221974654167
A_33_P3378531	AS3MT	11.0602098379167
A_33_P3284463	ASAH1	11.2463794091667
A_23_P161171	ASAH2	6.43374272466667
A_33_P3775007	ASAP1	9.18275894770833
A_23_P146325	ASAP1-IT1	6.76004033433333
A_24_P362540	ASAP2	8.893631887125
A_23_P114689	ASAP3	7.62096709775
A_23_P165360	ASB1	7.72450384525
A_33_P3290124	ASB10	6.34453561091667
A_21_P0000151	ASB11	3.99162525079167
A_23_P96395	ASB12	4.507615107625
A_24_P278299	ASB13	8.75588777495833
A_33_P3290144	ASB14	3.91348684691667
A_33_P3290139	ASB15	4.76953248016667
A_24_P56837	ASB16	5.34593063129167
A_33_P3290162	ASB18	4.61742574170833
A_23_P205370	ASB2	6.18792652
A_23_P56833	ASB3	10.1005564206667
A_23_P501319	ASB4	5.55968915470833
A_23_P144326	ASB5	6.99756231929167
A_32_P412313	ASB6	8.15119578175
A_24_P155791	ASB7	7.26172055708333
A_24_P643587	ASB8	6.26515609091667
A_23_P1280	ASCC1	9.16903336666667
A_23_P143643	ASCC2	8.77331436620833
A_23_P30972	ASCC3	7.78373186595833
A_23_P25305	ASCL1	4.11648229270833
A_32_P171061	ASCL2	4.13927315258333
A_23_P2083	ASCL3	4.27508552
A_33_P3287303	ASCL4	3.98121488770833
A_24_P112087	ASF1A	4.93815838625
A_23_P119254	ASF1B	5.152809777375
A_23_P118722	ASGR1	7.877556086625
A_23_P130113	ASGR2	4.794181308
A_33_P3402725	ASH1L	6.22801748820833
A_23_P134827	ASH2L	10.03678949975
A_23_P120629	ASIP	3.96970460525
A_23_P26223	ASL	8.72965806816667
A_23_P159539	ASMTL	12.1010549391667
A_23_P60793	ASMTL-AS1	6.29578544054167
A_23_P27627	ASNA1	9.48593365629167
A_23_P145694	ASNS	14.3864727083333
A_23_P91001	ASNSD1	11.3072788033333
A_23_P164436	ASPA	3.67393947470833
A_24_P690811	ASPDH	4.03308306383333
A_23_P76743	ASPG	4.74380180841667
A_24_P18105	ASPH	8.16605575858333
A_33_P3314276	ASPHD1	11.7637649741667
A_24_P245815	ASPHD2	8.982367106625
A_23_P52017	ASPM	4.67316888820833
A_33_P3216059	ASPN	NA
A_23_P417383	ASPRV1	8.97760093779167
A_33_P3272117	ASPSCR1	7.248517287
A_23_P203391	ASRGL1	10.1903280678333
A_33_P3234580	ASS1	6.85047350229167
A_23_P121141	ASTE1	6.889379070375
A_33_P3231820	ASTL	4.06615470133333
A_33_P3220738	ASTN1	10.1309454385417
A_24_P83738	ASTN2	5.93152427395833
A_33_P3436316	ASXL1	8.185775866875
A_33_P3248610	ASXL2	7.01580482983333
A_23_P75288	ATAD1	12.38243960125
A_33_P3217238	ATAD2	5.80834227183333
A_32_P191004	ATAD2B	9.406630540875
A_33_P3349469	ATAD3A	11.4623032225
A_33_P3313258	ATAD3B	9.96279653983333
A_33_P3242965	ATAD3C	5.58940986120833
A_24_P113144	ATAD5	4.98485766695833
A_23_P70509	ATAT1	9.69549409029167
A_24_P40094	ATCAY	9.98955701283333
A_23_P138574	ATE1	5.76783245925
A_33_P3294252	ATF1	8.15636709670833
A_24_P246467	ATF2	7.97189165391667
A_33_P3214096	ATF3	6.59509789241667
A_23_P120933	ATF4	15.5451739670833
A_23_P119337	ATF5	8.80756833125
A_23_P62907	ATF6	8.96454217966667
A_33_P3305458	ATF6B	5.688754953875
A_21_P0000168	ATF7	5.60880176658333
A_23_P112950	ATF7IP	10.0641564679167
A_33_P3418400	ATG10	5.741296840125
A_23_P20970	ATG12	7.67519738879167
A_33_P3263696	ATG13	8.18508282395833
A_23_P309989	ATG14	4.92463771683333
A_33_P3352134	ATG16L1	8.19403401229167
A_23_P36305	ATG16L2	7.90013242558333
A_33_P3257312	ATG2A	8.968269545
A_33_P3342160	ATG2B	9.6175098125
A_23_P212706	ATG3	9.81818605391667
A_23_P217367	ATG4A	9.52354679216667
A_33_P3335137	ATG4B	9.7490150525
A_33_P3396807	ATG4C	5.275156797125
A_23_P101342	ATG4D	7.18570184166667
A_23_P111381	ATG5	8.11520630904167
A_23_P143987	ATG7	6.882260459125
A_33_P3226643	ATG9A	7.96661050395833
A_32_P154053	ATG9B	6.30845912195833
A_23_P98686	ATHL1	5.83766357645833
A_23_P68087	ATIC	9.87315488966667
A_23_P88351	ATL1	11.2943267320833
A_23_P415015	ATL2	7.54284150075
A_23_P105028	ATL3	5.960915487875
A_23_P35916	ATM	6.29949563470833
A_24_P167984	ATMIN	7.48502690804167
A_23_P13885	ATN1	10.59305907125
A_32_P78295	ATOH7	5.44640508754167
A_33_P3392740	ATOH8	4.77833087204167
A_23_P144877	ATOX1	11.8490026491667
A_33_P3298942	ATP10B	8.22585298866667
A_24_P161973	ATP11A	10.7841631341667
A_23_P212522	ATP11B	7.04399392679167
A_24_P399942	ATP11C	6.915327706
A_23_P87982	ATP12A	3.99781168241667
A_23_P5163	ATP13A1	8.95237638879167
A_33_P3393806	ATP13A2	9.02561043295833
A_33_P3225327	ATP13A3	8.26237306216667
A_23_P29394	ATP13A4	3.98775882966667
A_32_P315178	ATP13A5	3.82696908529167
A_33_P3384272	ATP1A1	7.84457182141667
A_23_P149695	ATP1A1OS	5.57580507795833
A_23_P148879	ATP1A2	5.13649600416667
A_33_P3283669	ATP1A3	14.3769720554167
A_23_P160177	ATP1A4	7.116008752625
A_23_P62932	ATP1B1	13.9293833883333
A_24_P31275	ATP1B2	10.4716703695833
A_23_P68007	ATP1B3	13.46577685375
A_24_P91832	ATP1B4	3.77010050720833
A_33_P3342720	ATP2A1	7.51281192479167
A_24_P73290	ATP2A2	8.9658309115
A_24_P202319	ATP2A3	6.15838365816667
A_33_P3267185	ATP2B1	6.98522007295833
A_23_P18152	ATP2B2	5.715277319375
A_23_P337642	ATP2B3	6.1806171645
A_23_P11841	ATP2B4	7.62648086304167
A_19_P00317360	ATP2C1	7.25092499745833
A_23_P117992	ATP2C2	5.11326184379167
A_23_P430728	ATP4A	5.537485397625
A_23_P32308	ATP4B	4.06760904975
A_24_P245358	ATP5A1	14.63607772875
A_23_P33216	ATP5B	13.23322929125
A_23_P63655	ATP5C1	11.0183040754167
A_23_P5089	ATP5D	11.4761724108333
A_23_P252322	ATP5E	11.9170579166667
A_23_P46275	ATP5F1	12.0957910116667
A_23_P164228	ATP5G1	11.7005498566667
A_23_P87616	ATP5G2	14.4799998695833
A_23_P56680	ATP5G3	14.6135671583333
A_23_P77818	ATP5H	14.0931977091667
A_24_P302998	ATP5I	13.9404458870833
A_23_P154832	ATP5J	14.26447055625
A_23_P215832	ATP5J2	12.43925248625
A_23_P75622	ATP5L	14.9785777566667
A_33_P3791123	ATP5L2	6.20700928954167
A_23_P143474	ATP5O	14.9204758316667
A_33_P3279798	ATP5S	8.408124199
A_23_P107795	ATP5SL	11.5147972545833
A_23_P337726	ATP6	15.8216142154167
A_23_P250462	ATP6AP1	12.8680985545833
A_24_P807031	ATP6AP1L	8.35449320266667
A_23_P11353	ATP6AP2	11.2733681041667
A_24_P333733	ATP6V0A1	14.3969514166667
A_23_P215111	ATP6V0A4	4.63506400629167
A_23_P137814	ATP6V0B	13.3637768883333
A_23_P54816	ATP6V0C	15.8428327975
A_33_P3365710	ATP6V0D1	9.11737034225
A_23_P146146	ATP6V0D2	4.34432773154167
A_23_P213840	ATP6V0E1	10.75963326
A_23_P61960	ATP6V0E2	9.91693695879167
A_24_P396994	ATP6V1A	13.4783728716667
A_23_P142815	ATP6V1B1	6.42596701875
A_23_P31844	ATP6V1B2	11.6840558104167
A_23_P146058	ATP6V1C1	10.43922245875
A_24_P276932	ATP6V1C2	5.08230960725
A_33_P3387463	ATP6V1D	10.184765287875
A_23_P143551	ATP6V1E1	10.15937547575
A_21_P0014708	ATP6V1E2	7.01700775833333
A_23_P93623	ATP6V1F	13.5373330320833
A_23_P20882	ATP6V1G1	13.30761963875
A_23_P500410	ATP6V1G2	12.328971945
A_23_P23797	ATP6V1G3	3.56428707829167
A_24_P363679	ATP6V1H	8.16292497666667
A_23_P217737	ATP7A	6.602697175
A_23_P205228	ATP7B	9.48226483066667
A_33_P3410700	ATP8	13.7618236008333
A_33_P3330952	ATP8A1	12.9416287879167
A_33_P3286859	ATP8A2	6.25072511895833
A_33_P3415191	ATP8B1	4.236700899875
A_24_P366749	ATP8B2	6.43422174079167
A_23_P79108	ATP8B3	9.12962206533333
A_23_P163216	ATP8B4	3.733686953375
A_24_P358245	ATP8B5P	NA
A_23_P380614	ATP9A	9.885914612
A_23_P10497	ATP9B	7.325321741
A_24_P919899	ATPAF1	8.13551796166667
A_32_P97862	ATPAF1-AS1	6.24450832175
A_23_P418493	ATPAF2	7.202241194875
A_33_P3262416	ATPBD4	4.63700352591667
A_33_P3228385	ATPIF1	13.1444952979167
A_33_P3362498	ATR	8.122859581
A_24_P371425	ATRIP	6.24012981866667
A_23_P79931	ATRN	7.96273470570833
A_23_P388379	ATRNL1	5.547186785375
A_33_P3319943	ATRX	8.76521338875
A_33_P3409099	ATXN1	6.86688258495833
A_24_P391368	ATXN10	10.7320969458333
A_33_P3369964	ATXN1L	6.63661742995833
A_33_P3256500	ATXN2	9.21406395045833
A_32_P155091	ATXN2L	9.31539756545833
A_33_P3320762	ATXN3	7.62008029575
A_33_P3233025	ATXN3L	4.02618330408333
A_33_P3320782	ATXN7	5.31658372545833
A_32_P179740	ATXN7L1	6.32775465241667
A_23_P317207	ATXN7L2	8.878743954375
A_23_P421935	ATXN7L3	9.67549787
A_24_P263956	ATXN7L3B	11.2728942020833
A_33_P3869455	ATXN8	5.391923529
A_23_P20852	AUH	10.1933481533333
A_23_P253421	AUP1	10.7360238058333
A_23_P131866	AURKA	6.43128334491667
A_33_P3240518	AURKAIP1	12.3894410379167
A_33_P3230017	AURKAPS1	7.60082578195833
A_23_P130182	AURKB	4.50555886741667
A_23_P50232	AURKC	4.91023831925
A_23_P122906	AUTS2	8.58703357595833
A_23_P100074	AVEN	9.362564036875
A_24_P419087	AVIL	5.54831385979167
A_23_P122947	AVL9	6.528225330375
A_23_P109133	AVP	5.67029371154167
A_33_P3396891	AVPI1	7.16541902408333
A_23_P72340	AVPR1B	3.9141461185
A_23_P346800	AVPR2	2.92951247058333
A_32_P234518	AWAT1	4.03121960983333
A_24_P22488	AXIN1	8.065174631375
A_24_P298027	AXIN2	7.89981134679167
A_23_P208389	AXL	7.79371209945833
A_21_P0013344	AZGP1	4.794154541
A_33_P3252839	AZGP1P1	4.1495139715
A_23_P319270	AZI1	12.38277539375
A_33_P3322288	AZI2	8.27400899454167
A_33_P3319491	AZIN1	11.1891337083333
A_33_P3279353	AZU1	5.50958489225
A_23_P37441	B2M	9.38440965404167
A_23_P41166	B3GALNT1	9.24582732225
A_24_P212531	B3GALNT2	6.98892653479167
A_23_P108564	B3GALT1	4.623135024375
A_33_P3286958	B3GALT2	5.85683750166667
A_23_P422071	B3GALT4	8.64483012154167
A_33_P3407042	B3GALT6	10.9559384345833
A_24_P832426	B3GALTL	6.03461108975
A_23_P1833	B3GAT1	12.6839376254167
A_23_P167805	B3GAT2	7.55174638954167
A_33_P3225685	B3GAT3	10.5281334158333
A_23_P86900	B3GNT1	9.50480334866667
A_23_P500956	B3GNT2	5.420606232625
A_23_P78980	B3GNT3	4.92663901533333
A_23_P76071	B3GNT4	6.33720844058333
A_23_P18372	B3GNT5	5.13207440604167
A_23_P127978	B3GNT6	3.60309834045833
A_24_P913716	B3GNT7	6.517941606125
A_23_P101380	B3GNT8	7.977383583375
A_23_P66050	B3GNT9	6.90739230154167
A_24_P181672	B3GNTL1	6.68607973441667
A_33_P3846177	B4GALNT1	9.86701561733333
A_23_P331211	B4GALNT2	3.47295614704167
A_24_P306892	B4GALNT3	4.720260595625
A_33_P3317603	B4GALNT4	10.4227202228333
A_23_P135271	B4GALT1	5.50799511829167
A_23_P149206	B4GALT2	10.4274420804167
A_23_P103919	B4GALT3	10.0516123984167
A_32_P103945	B4GALT4	7.10884123225
A_24_P239731	B4GALT5	11.2264790016667
A_24_P228228	B4GALT6	3.86564380183333
A_23_P41872	B4GALT7	7.65575994041667
A_33_P3356210	B7H6	6.40829597075
A_23_P218476	B9D2	9.40984831229167
A_33_P3282973	BAALC	7.70573433445833
A_33_P3249224	BAAT	4.653813470875
A_23_P119714	BABAM1	11.0919385975
A_33_P3240936	BACE1	10.4941170395833
A_21_P0000686	BACE1-AS	5.88049637208333
A_23_P154875	BACE2	4.41545821595833
A_23_P211047	BACH1	8.11381152483333
A_33_P3302916	BACH2	7.81122645595833
A_33_P3262043	BAD	8.24073490854167
A_33_P3290924	BAG1	11.1883753466667
A_23_P356554	BAG2	7.89613002275
A_23_P47077	BAG3	8.02521698891667
A_24_P930926	BAG4	4.95140946983333
A_24_P130026	BAG5	10.551189135
A_23_P111141	BAG6	14.1543679091667
A_23_P388331	BAGE	5.701613970625
A_24_P126262	BAGE4	4.35884341520833
A_23_P49539	BAHCC1	10.5664141791667
A_23_P117928	BAHD1	11.6630452216667
A_33_P3285470	BAI1	9.79155026666667
A_33_P3270445	BAI2	9.162119828125
A_23_P252556	BAI3	9.807280801375
A_23_P315836	BAIAP2	8.17205940158333
A_33_P3349586	BAIAP2L1	5.01870101666667
A_23_P379034	BAIAP2L2	7.170423117125
A_23_P163492	BAIAP3	7.01330099645833
A_23_P145357	BAK1	8.7261380655
A_23_P52207	BAMBI	4.92698104225
A_23_P47208	BANF1	10.200309735375
A_32_P234926	BANF2	3.726770049625
A_23_P10232	BANK1	NA
A_23_P22263	BANP	8.340102992875
A_23_P259012	BAP1	10.3930758973333
A_23_P67771	BARD1	6.19949445829167
A_23_P9340	BARHL1	4.191961274
A_23_P126349	BARHL2	5.171901315625
A_23_P213385	BASP1	16.4006788741667
A_33_P3340105	BASP1P1	10.4422212556667
A_23_P128974	BATF	4.477898647625
A_23_P370682	BATF2	5.55793923354167
A_23_P160720	BATF3	5.072874241125
A_23_P208706	BAX	7.46683329591667
A_23_P76799	BAZ1A	9.05510668070833
A_33_P3321577	BAZ1B	10.68211813
A_23_P203841	BAZ2A	9.51403887533333
A_23_P120048	BAZ2B	9.682894941375
A_23_P382775	BBC3	11.4232406666667
A_24_P743869	BBIP1	7.51012611595833
A_23_P127495	BBOX1	4.16747798083333
A_33_P3316480	BBS1	5.996707778625
A_24_P181149	BBS10	8.83564451470833
A_32_P235796	BBS12	8.02851223795833
A_23_P106835	BBS2	9.702993855125
A_23_P99967	BBS4	10.31374669375
A_23_P252642	BBS5	9.60653833079167
A_23_P252913	BBS7	7.69845870708333
A_33_P3360087	BBS9	7.986524978125
A_23_P121356	BBX	10.3356605608333
A_33_P3291097	BCAM	4.816734206625
A_24_P358554	BCAN	3.81801720266667
A_33_P3287562	BCAP29	8.89298881116667
A_21_P0011433	BCAP31	10.9312454354167
A_33_P3369034	BCAR1	8.23312430645833
A_23_P97394	BCAR3	9.611666556125
A_32_P106933	BCAR4	5.12071322154167
A_33_P3330911	BCAS1	4.684481985375
A_23_P34930	BCAS2	10.7847792270833
A_23_P141680	BCAS3	7.07504974508333
A_21_P0007218	BCAS4	6.30155227170833
A_24_P52921	BCAT1	8.45973368633333
A_23_P101551	BCAT2	9.4092182545
A_24_P30206	BCCIP	7.355877854625
A_23_P338233	BCDIN3D	9.38665064208333
A_23_P212050	BCHE	10.6592684554167
A_33_P3302305	BCKDHA	6.67528264475
A_23_P93464	BCKDHB	7.62650466266667
A_23_P365149	BCKDK	10.0022862647917
A_24_P402588	BCL11A	6.84824585366667
A_23_P205738	BCL11B	5.34363493358333
A_23_P352266	BCL2	5.25872314170833
A_23_P321703	BCL2A1	10.2919051080833
A_23_P210886	BCL2L1	7.88620890416667
A_23_P163209	BCL2L10	5.805044171375
A_24_P122921	BCL2L11	6.69804828054167
A_33_P3244322	BCL2L12	7.718544540125
A_23_P102965	BCL2L13	7.05618115266667
A_23_P116653	BCL2L14	3.68699101970833
A_33_P3408177	BCL2L15	4.66924018579167
A_23_P418373	BCL2L2	10.9106131329167
A_23_P4662	BCL3	8.80601320970833
A_23_P57856	BCL6	6.2982635745
A_23_P324813	BCL6B	3.89638132416667
A_24_P203056	BCL7A	11.88515720875
A_23_P500364	BCL7B	5.55100943658333
A_23_P118289	BCL7C	6.89616405429167
A_23_P382602	BCL9	8.63254163975
A_24_P134816	BCL9L	7.99417553745833
A_24_P89512	BCLAF1	11.8724756129167
A_23_P124300	BCMO1	4.019798616
A_33_P3888485	BCO2	6.213065207625
A_23_P405707	BCOR	6.89079268491667
A_23_P147495	BCORL1	9.987577281875
A_33_P3261353	BCORP1	6.28496087870833
A_24_P127235	BCR	9.09490385166667
A_24_P23951	BCRP2	8.73084704066667
A_23_P154086	BCS1L	9.84149766404167
A_33_P3252359	BDH1	8.400328907125
A_24_P80500	BDH2	6.34677369833333
A_23_P128744	BDKRB1	9.04439304583333
A_23_P304897	BDKRB2	8.15949285958333
A_23_P127891	BDNF	5.62052277320833
A_33_P3323842	BDNF-AS1	5.69717209541667
A_24_P940776	BDP1	7.699330711625
A_33_P3260066	BEAN1	4.797939925375
A_23_P89410	BECN1	10.0032089435833
A_33_P3321205	BEGAIN	11.1850298741667
A_33_P3322539	BEND2	4.57722979883333
A_23_P359854	BEND3	7.33849049375
A_33_P3254335	BEND4	4.71135541854167
A_23_P904	BEND5	10.3702366891667
A_33_P3329769	BEND6	5.81583515329167
A_21_P0007097	BEND7	5.54023404566667
A_23_P104996	BEST1	5.676593889875
A_23_P16225	BEST2	5.20503508375
A_23_P323801	BEST3	5.10534686445833
A_33_P3244808	BEST4	5.22453682358333
A_24_P269432	BET1	7.37199966933333
A_33_P3330384	BET1L	6.68167198120833
A_33_P3276068	BET3L	6.73854180204167
A_23_P159952	BEX1	13.0356467370833
A_33_P3245178	BEX2	14.16806118375
A_24_P40551	BEX4	10.7007668295833
A_32_P69849	BEX5	7.34480954725
A_23_P65963	BFAR	10.5040180216667
A_23_P109171	BFSP1	7.46198131404167
A_23_P159316	BFSP2	3.97434771933333
A_24_P336551	BGLAP	8.48346347325
A_23_P34126	BGN	4.67604783170833
A_33_P3312730	BHLHA15	4.65943312429167
A_33_P3372688	BHLHA9	4.59074034295833
A_23_P308954	BHLHB9	6.9347238065
A_32_P75581	BHLHE22	3.92900009329167
A_24_P57898	BHLHE23	7.45689446704167
A_24_P268676	BHLHE40	5.02929749258333
A_23_P139500	BHLHE41	6.61903480729167
A_24_P257511	BHMT	3.95740030458333
A_24_P231829	BHMT2	NA
A_23_P86532	BICC1	4.915091127875
A_33_P3256425	BICD1	8.23583333541667
A_24_P419120	BICD2	10.55431878375
A_24_P187948	BID	10.067988405
A_23_P404667	BIK	4.287116088375
A_23_P165333	BIN1	10.7435161579167
A_23_P162386	BIN2	4.121655033
A_23_P43086	BIN3	9.14337888795833
A_24_P115774	BIRC2	10.54573926
A_23_P118815	BIRC5	6.44747774754167
A_33_P3314902	BIRC6	8.871034127875
A_23_P79769	BIRC7	4.47881466525
A_33_P3314937	BIRC8	4.05095191375
A_23_P105833	BIVM	9.469557589875
A_33_P3377187	BK250D10.8	5.55292583904167
A_33_P3405023	BLACE	4.33825466520833
A_23_P419624	BLCAP	7.58426132020833
A_23_P88630	BLM	6.59140862816667
A_23_P310911	BLMH	10.8553897616667
A_33_P3388870	BLOC1S1	10.3283146833333
A_24_P295543	BLOC1S2	12.1445678320833
A_33_P3329592	BLOC1S3	7.65289664095833
A_23_P71148	BLVRA	12.4777393516667
A_33_P3360728	BLVRB	8.54135831416667
A_24_P119259	BLZF1	6.10476725829167
A_33_P3346801	BMF	6.57194883883333
A_23_P314115	BMI1	7.91103175795833
A_24_P129417	BMP1	5.26656871591667
A_23_P131588	BMP10	4.5647717185
A_33_P3237150	BMP2	3.74462499770833
A_23_P334282	BMP2K	5.876956478125
A_33_P3316621	BMP3	4.27350563341667
A_23_P54144	BMP4	4.78294754879167
A_23_P19723	BMP5	7.74956233016667
A_23_P19624	BMP6	3.78821253708333
A_23_P154643	BMP7	5.81177029816667
A_23_P85922	BMP8A	4.414235133125
A_32_P780862	BMP8B	7.278006602125
A_33_P3219651	BMPER	5.396805292
A_33_P3219256	BMPR1A	7.86977482695833
A_24_P63380	BMPR1B	3.91084046004167
A_24_P753161	BMPR2	7.897306921125
A_32_P11450	BMS1	8.680860025
A_21_P0010879	BMS1P1	6.93237926583333
A_33_P3308497	BMS1P4	4.283792231
A_23_P253602	BMX	3.78411286495833
A_23_P22134	BNC1	4.019858674875
A_32_P133916	BNC2	8.540388940875
A_23_P7655	BNIP1	8.46978505329167
A_33_P3400653	BNIP2	9.96035824075
A_33_P3419785	BNIP3	11.0252095045833
A_33_P3396951	BNIP3L	11.6654011520833
A_24_P85850	BNIPL	4.05934543754167
A_23_P257763	BOC	3.81842996791667
A_32_P93852	BOD1	9.35239525033333
A_33_P3407195	BOD1L	8.79723282791667
A_33_P3503284	BOD1P	3.90680225466667
A_23_P253029	BOK	10.3324830483333
A_21_P0000594	BOK-AS1	3.97675727116667
A_33_P3354151	BOLA1	7.29431657095833
A_32_P53486	BOLA2B	10.9674481508333
A_24_P77364	BOLA3	8.01463130425
A_23_P102083	BOLL	3.68277620966667
A_23_P43800	BOP1	10.86746956
A_23_P25626	BORA	6.701384615
A_19_P00321575	BPESC1	3.82848509166667
A_23_P70843	BPGM	10.5944554420833
A_23_P42087	BPHL	11.5154961895833
A_33_P3245228	BPIFA1	4.19621098958333
A_33_P3318220	BPIFA3	4.25745493966667
A_24_P194278	BPIFA4P	4.18962309758333
A_23_P154784	BPIFB1	3.85133543275
A_23_P254797	BPIFB2	3.689928229
A_23_P80027	BPIFB4	3.874878251
A_32_P539109	BPIFB6	4.07349284804167
A_33_P3255384	BPIFC	4.083019519125
A_23_P104046	BPNT1	6.03624045520833
A_33_P3227506	BPTF	8.32970925179167
A_23_P42935	BRAF	6.92132106583333
A_23_P53614	BRAP	6.86657080729167
A_23_P251893	BRAT1	10.2379351665
A_23_P207400	BRCA1	4.6060951675
A_23_P99452	BRCA2	3.97010694775
A_23_P217659	BRCC3	8.91885399791667
A_23_P166536	BRD1	11.38103214
A_24_P307014	BRD2	13.0425188670833
A_23_P216689	BRD3	9.121086918875
A_23_P425104	BRD4	8.553024725125
A_32_P18824	BRD7	8.64134382829167
A_33_P3313660	BRD7P3	7.8061811365
A_23_P145016	BRD8	11.0882757720833
A_21_P0012880	BRD9	7.96965952316667
A_33_P3371320	BRE	9.24697721770833
A_33_P3260500	BREA2	4.73330440858333
A_33_P3413463	BRF1	9.0630682875
A_23_P20480	BRF2	8.78823869533333
A_23_P122915	BRI3	10.6103532125
A_32_P831181	BRI3BP	5.98462865554167
A_23_P15844	BRIP1	3.64524948929167
A_23_P252855	BRIX1	9.09541801125
A_19_P00802936	BRK1	9.9910947165
A_33_P3367017	BRMS1	9.12400306954167
A_24_P56484	BRMS1L	7.98388631329167
A_23_P359636	BROX	5.5927082895
A_23_P114929	BRP44	11.2938100820833
A_23_P110961	BRP44L	8.77543997670833
A_23_P250948	BRPF1	7.55839573491667
A_24_P414712	BRPF3	5.52306773716667
A_23_P33961	BRS3	4.27352923254167
A_23_P89973	BRSK1	6.92483703429167
A_33_P3273480	BRSK2	10.6987540779167
A_23_P211136	BRWD1	8.35763602275
A_32_P489130	BRWD3	6.67036805258333
A_24_P244442	BSCL2	11.7432716183333
A_33_P3365864	BSDC1	8.42705551891667
A_24_P134266	BSG	12.1330551816667
A_23_P29735	BSN	9.89087968425
A_21_P0002714	BSN-AS2	5.14418936954167
A_23_P23029	BSND	3.76457781608333
A_33_P3320743	BSPH1	4.006982212875
A_23_P71946	BSPRY	5.16158541404167
A_23_P7325	BST1	4.99092649616667
A_23_P39465	BST2	4.393130428125
A_33_P3311210	BSX	4.42641039783333
A_23_P408675	BTAF1	8.43194532283333
A_23_P205830	BTBD1	11.2769283820833
A_23_P13438	BTBD10	10.18595190975
A_23_P419714	BTBD11	7.87504355716667
A_23_P383915	BTBD16	4.03733128654167
A_33_P3391915	BTBD17	13.5137427520833
A_33_P3861249	BTBD18	4.11084286416667
A_24_P550924	BTBD19	4.34079202295833
A_33_P3303066	BTBD2	10.2696690469167
A_24_P134356	BTBD3	9.3648740155
A_23_P99614	BTBD6	13.1373251166667
A_24_P210513	BTBD7	7.476512118
A_24_P564030	BTBD8	5.10726661341667
A_32_P113566	BTBD9	7.11787111020833
A_23_P135722	BTC	4.084367582375
A_23_P155351	BTD	5.34279943345833
A_24_P183264	BTF3	11.7916963570833
A_33_P3365616	BTF3L4	8.868604906875
A_23_P105900	BTF3P11	12.2068989720833
A_23_P87560	BTG1	10.2167181883333
A_23_P62901	BTG2	10.8061602708333
A_23_P80068	BTG3	10.7131762845833
A_33_P3277514	BTK	4.09115133225
A_33_P3370959	BTN1A1	4.07053966633333
A_23_P501634	BTN2A1	6.292812432125
A_23_P122439	BTN2A2	5.377549341
A_24_P136470	BTN2A3P	6.6547592115
A_33_P3388466	BTN3A1	5.55208521545833
A_33_P3227880	BTN3A2	5.48312706716667
A_23_P376686	BTNL2	5.81658611904167
A_23_P158297	BTNL3	4.41429310133333
A_33_P3301266	BTNL8	4.46241706658333
A_33_P3312466	BTNL9	3.97750022083333
A_23_P46819	BTRC	10.033281558125
A_23_P124417	BUB1	4.35915884566667
A_23_P163481	BUB1B	5.58879977491667
A_23_P46924	BUB3	9.97631481408333
A_23_P52826	BUD13	9.81327114983333
A_23_P31602	BUD31	10.7148568416667
A_32_P181638	BVES	8.39191119495833
A_23_P145197	BYSL	10.0230763451667
A_24_P113131	BZRAP1	7.88277792141667
A_24_P713668	BZW1	10.2706941824583
A_33_P3216237	BZW2	12.7427877308333
A_24_P329795	C10ORF10	4.76767407329167
A_33_P3322949	C10ORF108	4.454710285125
A_23_P113034	C10ORF11	3.83259421675
A_32_P516067	C10ORF111	5.150885410125
A_21_P0010808	C10ORF112	4.532510618375
A_33_P3284813	C10ORF113	3.96114007675
A_32_P86739	C10ORF114	9.04884541716667
A_23_P161439	C10ORF116	8.5285278745
A_24_P942694	C10ORF118	6.53237682770833
A_33_P3246198	C10ORF120	4.38205466904167
A_24_P186379	C10ORF125	7.50193122679167
A_33_P3341906	C10ORF128	5.97722680483333
A_33_P3246175	C10ORF129	5.43134601291667
A_23_P435697	C10ORF137	7.34672702479167
A_33_P3250209	C10ORF140	7.38703962345833
A_23_P138461	C10ORF2	7.17786895604167
A_23_P410110	C10ORF25	5.390672956125
A_24_P64362	C10ORF26	8.82822598166667
A_33_P3362587	C10ORF27	4.63696477791667
A_23_P301336	C10ORF28	7.16410344258333
A_23_P305140	C10ORF32	10.1598997345
A_23_P369328	C10ORF35	11.84429659375
A_33_P3369741	C10ORF40	3.625740374
A_33_P3377619	C10ORF46	7.973637276875
A_24_P389608	C10ORF47	4.21242135783333
A_33_P3325543	C10ORF53	4.48797288141667
A_23_P24077	C10ORF54	5.55001690675
A_33_P3280784	C10ORF57	6.40233999720833
A_23_P63660	C10ORF58	11.6439503708333
A_33_P3376806	C10ORF67	4.062228305625
A_33_P3379556	C10ORF71	3.95795939820833
A_23_P86504	C10ORF76	8.39856478916667
A_33_P3309832	C10ORF81	4.080522900625
A_33_P3374289	C10ORF82	4.8833032135
A_33_P3360823	C10ORF88	9.62293014741667
A_32_P191441	C10ORF90	4.85144740229167
A_24_P158468	C10ORF91	4.919465834
A_23_P138480	C10ORF95	5.8414344825
A_33_P3291454	C10ORF96	5.98078021970833
A_33_P3392405	C10ORF99	4.23795905408333
A_23_P150350	C11ORF1	6.54494620379167
A_23_P47527	C11ORF10	13.5940051183333
A_23_P104641	C11ORF2	11.3883990629167
A_23_P202773	C11ORF20	7.19533660175
A_33_P3377229	C11ORF21	6.26551999829167
A_23_P12911	C11ORF24	11.0596247666667
A_33_P3296592	C11ORF30	8.01591555983333
A_23_P340318	C11ORF31	12.7317870775
A_33_P3407643	C11ORF34	4.49649710366667
A_33_P3377005	C11ORF35	8.15512948691667
A_23_P406458	C11ORF36	3.80486988058333
A_23_P314672	C11ORF40	3.62126009575
A_33_P3306898	C11ORF41	5.48726279583333
A_32_P511713	C11ORF42	5.900965308
A_33_P3268863	C11ORF44	3.78584961270833
A_23_P420293	C11ORF45	5.108389252125
A_33_P3407638	C11ORF46	9.59490724254167
A_23_P1948	C11ORF48	10.79728473
A_23_P147605	C11ORF49	8.946279998375
A_24_P244410	C11ORF51	8.83651359783333
A_33_P3396886	C11ORF52	4.54696356670833
A_33_P3237260	C11ORF53	4.09607984566667
A_23_P202750	C11ORF54	8.12687193495833
A_23_P24529	C11ORF57	8.37189180879167
A_33_P3309636	C11ORF58	10.5114240958333
A_23_P52885	C11ORF61	8.06923372775
A_23_P83751	C11ORF63	3.70643184029167
A_23_P418485	C11ORF65	6.041368996125
A_24_P49383	C11ORF67	9.74471238454167
A_23_P150238	C11ORF68	10.156138706
A_33_P3333156	C11ORF70	5.77096774541667
A_24_P210082	C11ORF71	9.18814441654167
A_23_P139396	C11ORF73	12.3284078533333
A_24_P252846	C11ORF74	7.822980193875
A_23_P75430	C11ORF75	10.1655810963333
A_23_P96165	C11ORF80	7.12464468733333
A_23_P429491	C11ORF82	5.32116072475
A_33_P3403748	C11ORF83	10.96105561
A_23_P313223	C11ORF84	7.98692165725
A_33_P3247489	C11ORF85	4.80145978658333
A_24_P392151	C11ORF86	4.13325727233333
A_33_P3235721	C11ORF87	4.28043695479167
A_32_P225345	C11ORF88	3.801024661
A_23_P75790	C11ORF9	6.093298754875
A_33_P3409746	C11ORF91	5.46741146583333
A_23_P116173	C11ORF93	3.94018082266667
A_33_P3314813	C11ORF94	4.82048010229167
A_33_P3285354	C11ORF95	9.867249810125
A_32_P74409	C11ORF96	10.059844061375
A_23_P116797	C12ORF10	10.7397721575
A_33_P3232280	C12ORF11	8.60125438179167
A_33_P3297375	C12ORF12	4.01171530804167
A_23_P410613	C12ORF23	9.515222545
A_33_P3238052	C12ORF24	11.0816853995833
A_23_P345928	C12ORF26	6.29934650583333
A_32_P424761	C12ORF28	4.18021723833333
A_32_P46765	C12ORF29	8.65217229945833
A_33_P3263193	C12ORF32	8.598301600125
A_23_P342398	C12ORF33	3.72676259541667
A_23_P128375	C12ORF34	10.2259483394167
A_23_P98930	C12ORF35	9.87824073533333
A_32_P720220	C12ORF36	4.55670466216667
A_23_P25433	C12ORF4	8.52138808579167
A_24_P13406	C12ORF40	4.00855088895833
A_32_P133767	C12ORF42	4.06581528975
A_23_P151179	C12ORF43	6.83924625283333
A_23_P116840	C12ORF44	10.315676791125
A_23_P128532	C12ORF45	9.89282862266667
A_23_P99204	C12ORF47	9.54457263654167
A_33_P3901921	C12ORF48	5.44938252454167
A_23_P13797	C12ORF49	8.56874670241667
A_33_P3258452	C12ORF5	7.51698572858333
A_32_P228167	C12ORF50	3.97177466583333
A_23_P162702	C12ORF51	11.032308375
A_24_P41042	C12ORF52	8.76077608354167
A_24_P248185	C12ORF53	10.442305603
A_23_P405878	C12ORF54	3.37990250495833
A_32_P158786	C12ORF56	4.54399553629167
A_23_P350551	C12ORF57	13.4612810379167
A_23_P364544	C12ORF60	6.34929905775
A_32_P886589	C12ORF61	3.90815640395833
A_23_P151280	C12ORF62	12.5308978541667
A_32_P11894	C12ORF65	10.0810951299583
A_33_P3294911	C12ORF66	4.88920328408333
A_23_P344194	C12ORF68	9.36162782908333
A_33_P3396224	C12ORF69	4.08307901895833
A_23_P389250	C12ORF70	6.3420492135
A_33_P3357630	C12ORF71	4.00363793725
A_24_P769672	C12ORF73	9.616983558375
A_24_P838483	C12ORF74	4.41209962925
A_32_P163089	C12ORF75	5.84659445566667
A_33_P3352718	C12ORF76	7.883200697875
A_33_P3379811	C12ORF77	4.127300083375
A_24_P10137	C13ORF15	4.426149049375
A_24_P56330	C13ORF16	4.40704854154167
A_23_P362046	C13ORF27	9.64789265020833
A_23_P99515	C13ORF33	6.54773445225
A_33_P3269423	C13ORF35	4.013535427875
A_23_P25935	C14ORF1	6.90339035866667
A_33_P3245389	C14ORF101	9.046624693625
A_23_P3065	C14ORF105	3.80002934904167
A_23_P140154	C14ORF109	8.46361868929167
A_23_P54205	C14ORF118	6.64171886595833
A_24_P73535	C14ORF119	4.25130644195833
A_23_P37144	C14ORF126	8.723313135375
A_23_P25746	C14ORF128	6.704278073875
A_23_P205336	C14ORF129	10.6303306220833
A_23_P151529	C14ORF132	14.2484742395833
A_23_P163148	C14ORF133	10.4602563754167
A_33_P3397795	C14ORF135	7.24486602741667
A_23_P99579	C14ORF142	7.10165634483333
A_23_P14458	C14ORF149	4.6977202545
A_24_P58177	C14ORF159	7.33184531804167
A_23_P14482	C14ORF166	13.55312741125
A_32_P118250	C14ORF167	6.735613185
A_23_P163117	C14ORF169	8.84488113020833
A_33_P3408450	C14ORF176	4.97589556179167
A_23_P379692	C14ORF178	4.73321298783333
A_33_P3355708	C14ORF180	4.68166671175
A_24_P263910	C14ORF182	4.561155528
A_32_P496893	C14ORF183	3.87939678754167
A_33_P3289780	C14ORF2	12.0091285304167
A_23_P326844	C14ORF21	5.42290754741667
A_33_P3366301	C14ORF23	4.201801289875
A_33_P3395758	C14ORF28	5.616631745625
A_32_P137399	C14ORF33	5.16390079308333
A_24_P181295	C14ORF37	7.048677318625
A_23_P331196	C14ORF39	3.81746423629167
A_24_P85200	C14ORF43	7.52198778808333
A_23_P76983	C14ORF45	6.56457834820833
A_32_P127805	C14ORF48	4.168481741375
A_23_P411851	C14ORF49	3.75879962583333
A_21_P0000708	C14ORF55	4.71910462316667
A_33_P3275422	C14ORF70	7.98511754654167
A_23_P376870	C14ORF79	6.65297509658333
A_33_P3256858	C14ORF80	8.39065552408333
A_33_P3296772	C14ORF82	5.27103592145833
A_33_P3360122	C14ORF86	3.96618313104167
A_23_P48581	C14ORF93	9.69464747691667
A_23_P372771	C15ORF17	9.31534965975
A_33_P3358163	C15ORF2	4.074924155125
A_33_P3224105	C15ORF23	11.7835508208333
A_23_P88680	C15ORF24	11.8026631683333
A_23_P336612	C15ORF26	4.152282858
A_23_P88678	C15ORF27	7.80534908445833
A_23_P77286	C15ORF29	7.67612457133333
A_23_P372356	C15ORF32	3.95873487158333
A_33_P3361758	C15ORF33	4.25351849083333
A_33_P3315149	C15ORF34	4.332400613125
A_32_P85330	C15ORF37	4.44405494633333
A_24_P404033	C15ORF38	5.81575147308333
A_23_P37514	C15ORF39	8.178028835625
A_21_P0000026	C15ORF40	8.66898659083333
A_23_P77201	C15ORF41	8.30665478604167
A_23_P345707	C15ORF42	3.85734753370833
A_33_P3244921	C15ORF44	9.248141681375
A_23_P26024	C15ORF48	4.47538462570833
A_23_P54447	C15ORF5	6.945515627875
A_32_P479743	C15ORF50	4.30397686758333
A_23_P163467	C15ORF52	6.36796266583333
A_33_P3311353	C15ORF55	4.18604219191667
A_33_P3221971	C15ORF58	5.74679494170833
A_33_P3398917	C15ORF59	7.96715976108333
A_33_P3257474	C15ORF60	3.80353523145833
A_33_P3219055	C15ORF61	8.43679075029167
A_33_P3396275	C15ORF62	5.08109441825
A_23_P117683	C15ORF63	7.79553788725
A_33_P3420633	C16ORF11	4.44164946920833
A_33_P3402635	C16ORF3	4.751440784125
A_23_P88753	C16ORF42	10.2941622345833
A_23_P326319	C16ORF45	12.3743555641667
A_23_P410700	C16ORF46	4.04521411429167
A_21_P0014325	C16ORF47	3.81807149158333
A_23_P14975	C16ORF48	10.5609242816667
A_33_P3400943	C16ORF5	9.70062921083333
A_21_P0000053	C16ORF52	9.05119195045833
A_33_P3357620	C16ORF53	7.94571186716667
A_32_P107493	C16ORF55	7.612735020375
A_24_P107941	C16ORF57	8.758058125375
A_23_P54891	C16ORF58	8.73369183779167
A_23_P26557	C16ORF59	9.39813454158333
A_23_P106544	C16ORF61	11.02501619625
A_33_P3318122	C16ORF62	7.642104730125
A_23_P129476	C16ORF7	11.4428269620833
A_23_P206382	C16ORF70	9.94724334341667
A_23_P414281	C16ORF71	3.8718924045
A_32_P4403	C16ORF72	7.24592938020833
A_32_P75902	C16ORF73	6.67850029641667
A_24_P289178	C16ORF74	6.41859714733333
A_32_P221	C16ORF78	5.063187918875
A_33_P3336198	C16ORF79	9.75108788033333
A_23_P3514	C16ORF80	11.2440229475
A_33_P3561747	C16ORF82	4.19014220075
A_33_P3417980	C16ORF86	5.738698931375
A_23_P49279	C16ORF87	9.66286939175
A_23_P66158	C16ORF88	10.2118332471667
A_33_P3296862	C16ORF89	5.87621509670833
A_33_P3295690	C16ORF90	5.03294205820833
A_33_P3258191	C16ORF91	10.5093836529167
A_24_P842006	C16ORF93	5.810027301875
A_33_P3370244	C16ORF96	4.199876926375
A_32_P150391	C17ORF100	8.99247070495833
A_24_P364954	C17ORF101	6.92978840925
A_33_P3334005	C17ORF102	5.04991409708333
A_33_P3334015	C17ORF103	4.89829769245833
A_24_P238257	C17ORF104	4.79171317875
A_32_P212095	C17ORF105	4.72852705941667
A_33_P3272948	C17ORF107	6.668905263625
A_23_P392126	C17ORF108	9.93870055429167
A_33_P3213888	C17ORF109	4.94603779091667
A_33_P3370600	C17ORF110	3.23302990325
A_33_P3274935	C17ORF28	12.4050534091667
A_33_P3381771	C17ORF39	10.122095896875
A_23_P33607	C17ORF42	8.62517029954167
A_23_P352389	C17ORF46	5.126371065625
A_23_P55127	C17ORF48	9.211353546625
A_23_P141520	C17ORF49	12.1828564183333
A_33_P3229002	C17ORF50	6.253978382875
A_19_P00320842	C17ORF51	7.11618516020833
A_33_P3295838	C17ORF53	5.17928349508333
A_23_P301340	C17ORF56	11.3908871895833
A_24_P49190	C17ORF58	7.48740175391667
A_23_P152963	C17ORF59	9.59490438941667
A_23_P3994	C17ORF61	11.4820195220833
A_23_P118406	C17ORF62	7.152307926
A_23_P141484	C17ORF63	9.767106175625
A_23_P164100	C17ORF64	3.98816742045833
A_32_P448360	C17ORF65	7.38838005979167
A_23_P430792	C17ORF66	3.94923735641667
A_24_P712562	C17ORF67	3.8150299685
A_24_P305038	C17ORF69	8.202970638875
A_23_P113417	C17ORF70	9.53116187983333
A_33_P3315243	C17ORF72	4.52263891179167
A_32_P524614	C17ORF74	6.23737136145833
A_23_P15639	C17ORF75	9.61180937658333
A_23_P368484	C17ORF76	7.97906001941667
A_21_P0000529	C17ORF76-AS1	8.65374914145833
A_23_P335388	C17ORF78	4.986018920375
A_23_P152858	C17ORF79	12.0114910941667
A_24_P301547	C17ORF80	8.27784593520833
A_33_P3394494	C17ORF81	9.41436491129167
A_33_P3417195	C17ORF82	5.86056637729167
A_23_P15669	C17ORF85	8.32249970704167
A_33_P3226080	C17ORF87	4.356215788375
A_33_P3387566	C17ORF88	5.61740114608333
A_33_P3410935	C17ORF89	9.83619854904167
A_33_P3423600	C17ORF90	11.505576665
A_33_P3393766	C17ORF96	10.1925787711667
A_33_P3356320	C17ORF97	5.86433002316667
A_24_P23921	C17ORF98	5.05012617241667
A_33_P3384133	C17ORF99	5.65526555316667
A_24_P130363	C18ORF1	5.89599913879167
A_23_P141715	C18ORF10	12.9932601916667
A_23_P50052	C18ORF12	7.29853774220833
A_33_P3417667	C18ORF15	3.99509890645833
A_23_P377965	C18ORF18	8.301860242375
A_24_P898945	C18ORF19	5.67673246833333
A_23_P101237	C18ORF21	10.1885058282917
A_23_P345361	C18ORF25	8.06785619133333
A_24_P271049	C18ORF32	6.695003740625
A_33_P3350169	C18ORF34	4.45662276658333
A_23_P89824	C18ORF45	6.71606359145833
A_32_P162374	C18ORF54	5.63576158275
A_23_P78410	C18ORF55	10.0192271405417
A_24_P238499	C18ORF56	4.54303242558333
A_33_P3325685	C18ORF62	4.18272638625
A_23_P78383	C18ORF8	12.60900988375
A_33_P3243337	C19ORF10	12.2187913108333
A_33_P3300680	C19ORF12	9.01126645466667
A_23_P303803	C19ORF18	5.952521747125
A_23_P119418	C19ORF2	8.04552791208333
A_23_P366682	C19ORF20	8.05716143583333
A_23_P390068	C19ORF21	4.59753130908333
A_23_P315286	C19ORF22	10.304053418875
A_33_P3851788	C19ORF23	7.31322773395833
A_33_P3839760	C19ORF24	10.8136528745833
A_23_P424597	C19ORF25	8.50679476233333
A_33_P3361398	C19ORF26	6.314939496
A_33_P3352562	C19ORF28	7.55689206491667
A_23_P372144	C19ORF29	9.4612252395
A_33_P3249649	C19ORF29-AS1	5.324340095625
A_23_P208788	C19ORF33	5.16753931425
A_23_P318348	C19ORF34	4.121876005
A_33_P3411945	C19ORF38	4.377483204125
A_33_P3303464	C19ORF39	6.79970582629167
A_23_P338505	C19ORF40	3.79835225975
A_24_P254177	C19ORF42	7.44003575058333
A_24_P384636	C19ORF43	10.2067706960833
A_23_P107801	C19ORF44	9.10809065408333
A_33_P3319886	C19ORF45	5.369167239125
A_23_P350074	C19ORF46	7.79887587383333
A_32_P505133	C19ORF47	6.60662324554167
A_33_P3288754	C19ORF48	9.30626339370833
A_24_P168510	C19ORF50	9.030746628
A_33_P3286349	C19ORF51	9.033114574
A_23_P310532	C19ORF52	8.43157142958333
A_33_P3409347	C19ORF53	6.01505352225
A_33_P3389363	C19ORF54	6.129759947375
A_24_P57170	C19ORF55	6.47285626779167
A_23_P218486	C19ORF56	12.5277168420833
A_23_P164814	C19ORF57	8.51255165958333
A_23_P330561	C19ORF59	5.73020013758333
A_23_P90369	C19ORF6	9.80587822758333
A_33_P3214705	C19ORF60	11.54318530125
A_23_P208674	C19ORF63	9.263383305
A_33_P3641714	C19ORF66	8.821588428375
A_24_P910688	C19ORF67	4.458800697875
A_21_P0013912	C19ORF68	8.232881785125
A_33_P3325634	C19ORF69	5.87424601545833
A_24_P383581	C19ORF70	11.1257598529167
A_24_P247286	C19ORF71	4.59074738120833
A_23_P153524	C19ORF73	7.83711882375
A_32_P80816	C19ORF75	3.70287386616667
A_33_P3374640	C19ORF76	3.752750553625
A_23_P397120	C19ORF77	4.540340439125
A_23_P391689	C19ORF79	13.1109246504167
A_23_P130677	C19ORF80	4.08128014725
A_21_P0000121	C19ORF81	7.396724766625
A_23_P67992	C1D	8.98148325233333
A_23_P252145	C1GALT1	6.123426044375
A_23_P159839	C1GALT1C1	9.68605396983333
A_32_P8925	C1ORF100	4.01705455825
A_33_P3394243	C1ORF101	4.64616165954167
A_23_P1043	C1ORF106	4.769264516125
A_23_P45970	C1ORF109	8.56020373341667
A_33_P3250830	C1ORF110	3.48448249033333
A_32_P114746	C1ORF111	4.07426585275
A_23_P11862	C1ORF112	7.42680436529167
A_23_P468	C1ORF114	7.87099749725
A_24_P131173	C1ORF115	6.14912828241667
A_23_P897	C1ORF116	4.01741152391667
A_24_P637982	C1ORF122	12.152916965
A_23_P23017	C1ORF123	9.89600088791667
A_23_P433791	C1ORF124	6.71900563441667
A_32_P468341	C1ORF127	4.49794714833333
A_23_P74870	C1ORF129	3.55192592729167
A_33_P3211198	C1ORF130	3.86495217516667
A_23_P46095	C1ORF131	7.702169104125
A_32_P207169	C1ORF133	4.05861725583333
A_23_P160537	C1ORF135	4.89542494595833
A_33_P3275412	C1ORF138	3.97610065208333
A_33_P3295091	C1ORF140	6.640762456
A_33_P3395562	C1ORF141	3.89976454708333
A_33_P3865962	C1ORF143	4.21238287675
A_23_P115105	C1ORF144	6.9849528945
A_24_P15898	C1ORF145	4.666067422125
A_33_P3361023	C1ORF146	3.75484995041667
A_33_P3236881	C1ORF151-NBL1	11.8849053870833
A_23_P74668	C1ORF158	6.26394165333333
A_33_P3299081	C1ORF159	6.76659726545833
A_23_P412562	C1ORF162	5.91703118233333
A_32_P182299	C1ORF168	4.328965214375
A_23_P135742	C1ORF170	4.550429871125
A_23_P393051	C1ORF172	3.97226246
A_24_P522998	C1ORF173	4.56697436966667
A_24_P298877	C1ORF174	10.1881055258333
A_24_P94319	C1ORF177	4.59857445020833
A_32_P41553	C1ORF182	5.61538673545833
A_24_P336577	C1ORF183	9.11764240033333
A_23_P95640	C1ORF186	7.38590447795833
A_24_P109417	C1ORF187	11.0719328566667
A_33_P3250944	C1ORF189	4.06517167454167
A_33_P3400823	C1ORF190	6.04844720591667
A_32_P331139	C1ORF192	3.856975516125
A_33_P3359724	C1ORF194	6.07043267054167
A_32_P42574	C1ORF198	11.4049550525
A_33_P3789056	C1ORF200	5.82747083745833
A_33_P3402103	C1ORF201	6.5927277885
A_24_P456490	C1ORF204	4.21008358175
A_23_P113161	C1ORF21	9.57167287225
A_32_P42946	C1ORF210	4.47914709916667
A_33_P3325467	C1ORF212	8.93455804579167
A_23_P362228	C1ORF213	8.12411217991667
A_23_P321377	C1ORF216	5.61594665020833
A_23_P103511	C1ORF226	6.9489076755
A_33_P3321919	C1ORF227	3.794625043125
A_32_P453321	C1ORF228	7.54739376066667
A_24_P831309	C1ORF229	6.78556355083333
A_32_P148824	C1ORF27	7.71769460329167
A_23_P63459	C1ORF31	10.1005204792083
A_23_P97328	C1ORF35	10.7300159720833
A_24_P85775	C1ORF38	7.06159711870833
A_24_P393461	C1ORF43	11.7022929229167
A_23_P74723	C1ORF49	3.842325073625
A_23_P74435	C1ORF50	10.7301697470833
A_23_P410717	C1ORF51	5.91257034654167
A_33_P3300273	C1ORF52	9.22672860645833
A_32_P210572	C1ORF53	10.2523901534583
A_23_P74778	C1ORF54	11.6344635133333
A_32_P64475	C1ORF55	5.59930492191667
A_24_P234116	C1ORF56	8.35439923804167
A_32_P138032	C1ORF61	4.44832901591667
A_23_P34396	C1ORF63	10.1277123695417
A_23_P376172	C1ORF64	3.73242681954167
A_23_P369344	C1ORF65	3.794096170875
A_33_P3285456	C1ORF68	3.70629885695833
A_32_P161913	C1ORF70	8.69771650425
A_23_P12147	C1ORF74	6.282974128
A_33_P3242793	C1ORF81	4.342746615375
A_33_P3334791	C1ORF85	5.35714841183333
A_24_P49214	C1ORF86	7.29853773654167
A_23_P386384	C1ORF87	4.39705996516667
A_23_P424900	C1ORF88	4.38039937066667
A_23_P104054	C1ORF9	10.5996557266667
A_33_P3367332	C1ORF93	11.5307845483333
A_32_P458472	C1ORF95	5.104101848375
A_33_P3359753	C1ORF96	9.387043098
A_33_P3376292	C1ORF98	4.30383566066667
A_24_P222655	C1QA	3.95411187866667
A_23_P137366	C1QB	4.50666098958333
A_23_P370434	C1QBP	13.37079933875
A_23_P125977	C1QC	4.23407563658333
A_23_P77993	C1QL1	4.57862821720833
A_23_P50928	C1QL2	4.68448490575
A_23_P1186	C1QL3	4.18478364383333
A_33_P3400843	C1QL4	10.6633186149583
A_23_P3956	C1QTNF1	4.885009181625
A_33_P3403153	C1QTNF2	4.70390716
A_23_P122068	C1QTNF3	6.374172462125
A_33_P3210492	C1QTNF4	8.10652463666667
A_23_P259292	C1QTNF5	6.5723708205
A_24_P211565	C1QTNF6	6.13597334629167
A_23_P400505	C1QTNF9	3.964159153125
A_33_P3357007	C1QTNF9B	4.357239011
A_33_P3531204	C1QTNF9B-AS1	5.07741974958333
A_33_P3393821	C1R	6.26096438691667
A_33_P3257728	C1RL	4.685396675125
A_23_P2492	C1S	5.670733875125
A_33_P3404601	C2	4.914043947625
A_23_P40295	C20ORF103	4.981366170625
A_24_P323941	C20ORF106	5.28235991308333
A_23_P68486	C20ORF108	11.6704414308333
A_24_P219971	C20ORF11	11.6244458554167
A_23_P79818	C20ORF111	10.0698878179583
A_33_P3366048	C20ORF112	6.898248516375
A_33_P3403942	C20ORF123	3.10668960375
A_23_P421811	C20ORF132	5.41208664858333
A_33_P3364989	C20ORF134	4.49546930654167
A_33_P3251462	C20ORF141	10.4421609160833
A_33_P3399875	C20ORF144	4.999837519875
A_32_P331052	C20ORF151	4.50635304545833
A_23_P132041	C20ORF152	3.70916878341667
A_23_P91414	C20ORF160	8.97653992066667
A_33_P3390202	C20ORF165	5.16502966625
A_33_P3423853	C20ORF166-AS1	4.33768695841667
A_33_P3352727	C20ORF173	4.16599242641667
A_24_P6428	C20ORF177	8.56341587633333
A_33_P3345389	C20ORF194	10.6278115266667
A_33_P3405459	C20ORF195	9.28255882858333
A_23_P401709	C20ORF196	6.76626844754167
A_23_P17307	C20ORF20	9.56858920020833
A_33_P3387756	C20ORF201	6.13799634275
A_32_P213881	C20ORF202	3.72481031795833
A_32_P509677	C20ORF203	4.08387529495833
A_23_P102582	C20ORF24	11.73302343375
A_33_P3395783	C20ORF26	5.954536417875
A_33_P3399433	C20ORF27	12.2524285683333
A_23_P57137	C20ORF29	6.50495983479167
A_24_P297078	C20ORF3	8.78287105841667
A_24_P341019	C20ORF30	10.2488180939167
A_23_P166196	C20ORF4	9.36927033395833
A_23_P210619	C20ORF43	11.0913256775
A_23_P120504	C20ORF46	8.32180744304167
A_23_P57110	C20ORF54	3.87525623633333
A_33_P3381691	C20ORF62	4.72225215904167
A_24_P228579	C20ORF7	10.0069510313333
A_33_P3343785	C20ORF72	10.2258569164167
A_23_P28920	C20ORF79	3.88382222641667
A_23_P314835	C20ORF85	4.54760506054167
A_23_P364766	C20ORF94	7.094561128125
A_23_P328034	C20ORF96	8.38260007045833
A_23_P29029	C21ORF119	8.671807381625
A_23_P211167	C21ORF2	8.227191007875
A_33_P3325763	C21ORF30	6.46513771533333
A_23_P109333	C21ORF33	11.41388957125
A_33_P3781094	C21ORF37	3.679113712125
A_24_P359322	C21ORF49	5.898811813625
A_32_P26401	C21ORF54	4.401653892875
A_23_P371765	C21ORF56	6.23592039066667
A_33_P3308833	C21ORF58	6.2152649805
A_23_P91491	C21ORF59	12.1106804629167
A_32_P16918	C21ORF62	6.77201323970833
A_24_P649388	C21ORF63	6.03002243945833
A_23_P309198	C21ORF67	5.46442049525
A_23_P57277	C21ORF7	4.75296569258333
A_32_P149060	C21ORF71	6.6896742845
A_21_P0012221	C21ORF81	6.298068023
A_33_P3266536	C21ORF88	5.936525645
A_24_P339858	C21ORF90	5.9206973235
A_24_P125839	C21ORF91	6.29451179020833
A_24_P65941	C21ORF96	3.91943670195833
A_24_P331373	C22ORF13	7.62551392470833
A_32_P142700	C22ORF15	5.65948015908333
A_24_P336137	C22ORF23	5.80442889625
A_23_P166431	C22ORF24	4.811752135125
A_33_P3369452	C22ORF25	9.030904584875
A_23_P10458	C22ORF26	3.46350888145833
A_23_P68892	C22ORF28	11.4527337816667
A_33_P3297205	C22ORF29	10.2680423179167
A_23_P132237	C22ORF31	4.58035764216667
A_23_P211584	C22ORF32	8.06238879641667
A_23_P353149	C22ORF33	3.664698509125
A_33_P3212799	C22ORF34	4.78734628845833
A_32_P198325	C22ORF36	10.1428265893333
A_33_P3312985	C22ORF37	3.99000777016667
A_21_P0000062	C22ORF39	6.02024083895833
A_33_P3288859	C22ORF40	9.07196765658333
A_33_P3212804	C22ORF42	4.07207085741667
A_24_P91701	C22ORF43	6.187336679125
A_21_P0000570	C22ORF45	4.11948985666667
A_23_P132341	C22ORF46	7.73252869029167
A_24_P940149	C2CD2	5.63107138245833
A_23_P353056	C2CD2L	11.1123923695833
A_23_P150741	C2CD3	6.93730862470833
A_24_P788878	C2CD4B	4.19681079575
A_33_P3215412	C2CD4C	12.0627851866667
A_33_P3240244	C2CD4D	4.138544351875
A_33_P3216853	C2ORF15	7.225340259125
A_24_P222890	C2ORF16	3.847735746875
A_24_P913339	C2ORF18	8.31407453954167
A_33_P3416881	C2ORF27A	4.69119315129167
A_33_P3421595	C2ORF27B	3.240225457875
A_23_P28652	C2ORF28	8.96550303216667
A_23_P108761	C2ORF29	8.07731673470833
A_23_P120062	C2ORF3	6.85150818395833
A_33_P3289121	C2ORF40	3.69909856004167
A_23_P79441	C2ORF42	6.73455024204167
A_23_P420256	C2ORF43	8.6660907305
A_23_P154022	C2ORF44	9.21585795395833
A_23_P131526	C2ORF47	9.884825510125
A_21_P0000205	C2ORF48	5.32284593320833
A_23_P165698	C2ORF49	7.27159401045833
A_33_P3398998	C2ORF50	5.24151451279167
A_23_P432005	C2ORF51	4.456159437375
A_23_P351328	C2ORF53	4.224066673375
A_24_P272313	C2ORF55	5.76626684429167
A_23_P28318	C2ORF56	9.51178629441667
A_23_P324419	C2ORF57	3.60962505975
A_33_P3265714	C2ORF61	4.30435210179167
A_33_P3383236	C2ORF62	4.19687183008333
A_23_P257417	C2ORF63	7.86018303975
A_33_P3755781	C2ORF65	3.82324856066667
A_32_P223464	C2ORF66	4.49039807820833
A_32_P36046	C2ORF68	8.464965003125
A_24_P413941	C2ORF69	8.21636392483333
A_24_P358591	C2ORF70	4.603442517375
A_33_P3232498	C2ORF71	4.55950387383333
A_33_P3237207	C2ORF72	6.198567090375
A_33_P3351836	C2ORF73	5.200694045625
A_24_P601972	C2ORF74	8.23967565841667
A_23_P39542	C2ORF76	8.073149752625
A_33_P3238636	C2ORF77	3.90056750933333
A_24_P170403	C2ORF78	4.080878591625
A_32_P199462	C2ORF80	8.14787293620833
A_23_P131449	C2ORF81	8.214693106625
A_33_P3242174	C2ORF82	6.524045967125
A_23_P258748	C2ORF83	5.917884234
A_24_P197284	C2ORF85	4.414989643875
A_23_P17130	C2ORF88	3.40124687679167
A_23_P56703	C2ORF89	3.80211752645833
A_33_P3347869	C3	4.38162603729167
A_23_P2431	C3AR1	6.80900784275
A_23_P29655	C3ORF14	9.957001139125
A_24_P160696	C3ORF15	6.045891252625
A_24_P921155	C3ORF17	9.629912571
A_23_P155477	C3ORF18	8.19356008745833
A_33_P3294881	C3ORF19	9.31349087666667
A_23_P361333	C3ORF20	3.65762485841667
A_23_P395585	C3ORF22	4.98428930933333
A_23_P319874	C3ORF23	6.64919711141667
A_23_P318989	C3ORF24	3.75107730229167
A_32_P99753	C3ORF25	5.77597744158333
A_23_P132874	C3ORF26	11.4335477441667
A_24_P214552	C3ORF27	3.88010145829167
A_23_P144005	C3ORF32	4.689906144125
A_23_P301476	C3ORF33	5.38794258554167
A_23_P341503	C3ORF35	5.2107092205
A_33_P3238548	C3ORF36	4.25451024904167
A_23_P251377	C3ORF37	7.89062331620833
A_23_P32785	C3ORF38	7.82486201708333
A_24_P217330	C3ORF39	8.62367258983333
A_33_P3287680	C3ORF43	5.23738050295833
A_32_P466877	C3ORF45	5.10648614045833
A_23_P18055	C3ORF51	6.65964566225
A_23_P58009	C3ORF52	5.50175040554167
A_33_P3239267	C3ORF54	12.5338959333333
A_32_P516818	C3ORF55	4.12194073570833
A_24_P371399	C3ORF58	7.00045859470833
A_32_P831725	C3ORF62	6.37308418766667
A_24_P400507	C3ORF64	3.83016926020833
A_33_P3324949	C3ORF65	5.06712549395833
A_33_P3249936	C3ORF67	3.83075399904167
A_33_P3254811	C3ORF70	9.100922013125
A_24_P76018	C3ORF71	6.32250034445833
A_33_P3335614	C3ORF74	4.09833460304167
A_33_P3348313	C3ORF75	10.2249631795833
A_33_P3247474	C3ORF77	4.030465266875
A_23_P370924	C3ORF78	9.18189388254167
A_33_P3297390	C3ORF79	3.716565305125
A_33_P3257910	C3ORF80	5.214281369125
A_32_P14582	C3P1	4.14831045058333
A_21_P0014047	C4A	4.78872088233333
A_23_P42282	C4B	6.29954580679167
A_23_P97541	C4BPA	4.66145084008333
A_23_P319598	C4BPB	3.81950550075
A_33_P3374264	C4ORF10	5.36453836325
A_33_P3304060	C4ORF11	4.23115040945833
A_23_P167298	C4ORF17	4.388905681625
A_23_P29975	C4ORF19	4.01455730283333
A_33_P3316835	C4ORF21	5.42831894195833
A_23_P312999	C4ORF22	4.5833482545
A_23_P386268	C4ORF26	4.42313549716667
A_21_P0013557	C4ORF27	8.850166824125
A_23_P167358	C4ORF29	7.045153259
A_23_P388433	C4ORF3	12.3158379329167
A_23_P58390	C4ORF32	8.38492507870833
A_23_P433152	C4ORF33	8.99540230425
A_23_P112634	C4ORF34	9.70639782283333
A_23_P377339	C4ORF36	3.66988375445833
A_24_P220822	C4ORF37	3.71079766229167
A_24_P354496	C4ORF38	4.74430722204167
A_32_P193583	C4ORF39	7.39381176179167
A_33_P3337569	C4ORF40	4.52957812170833
A_24_P328819	C4ORF41	7.82338866441667
A_23_P7083	C4ORF42	9.24553892045833
A_23_P167269	C4ORF43	9.1443983045
A_33_P3418803	C4ORF44	5.34218238104167
A_23_P386964	C4ORF45	3.96467150320833
A_33_P3377691	C4ORF46	8.81957355154167
A_33_P3247175	C4ORF47	6.87894652695833
A_32_P90047	C4ORF48	14.98738146875
A_23_P255331	C4ORF49	8.69711754666667
A_33_P3237507	C4ORF50	4.93555035341667
A_24_P341222	C4ORF52	9.87378397566667
A_23_P7048	C4ORF6	3.67571260920833
A_23_P362694	C4ORF7	3.93620555870833
A_23_P71855	C5	4.659708393
A_23_P153562	C5AR1	3.77495742441667
A_24_P149124	C5ORF13	13.4279409108333
A_23_P81650	C5ORF15	9.31433855404167
A_23_P81441	C5ORF20	4.47007596491667
A_23_P7761	C5ORF22	7.67223587745833
A_33_P3348797	C5ORF24	8.62128957004167
A_24_P392060	C5ORF25	7.86533873429167
A_32_P128209	C5ORF27	5.42848980166667
A_23_P121875	C5ORF28	6.792447942
A_23_P122007	C5ORF30	11.2194101354167
A_23_P259506	C5ORF32	11.9133492141667
A_23_P403081	C5ORF34	5.21547662883333
A_23_P433111	C5ORF35	8.03064556308333
A_23_P331235	C5ORF38	6.59177036829167
A_33_P3299279	C5ORF39	7.71589949525
A_23_P501831	C5ORF4	5.83190306695833
A_21_P0000074	C5ORF41	6.41134522995833
A_32_P226009	C5ORF42	7.18364106566667
A_33_P3240931	C5ORF43	7.88024787295833
A_23_P121825	C5ORF44	7.0412950715
A_24_P363087	C5ORF45	11.02574836625
A_33_P3244543	C5ORF48	3.81450912266667
A_33_P3262351	C5ORF49	4.00433813454167
A_24_P110354	C5ORF50	4.26643093595833
A_32_P6832	C5ORF51	10.457976635
A_32_P227930	C5ORF52	3.73457575020833
A_24_P166311	C5ORF54	9.32918507616667
A_33_P3217517	C5ORF55	7.644950824625
A_21_P0000173	C5ORF56	4.71148371741667
A_24_P922631	C5ORF58	5.55315152433333
A_33_P3283592	C5ORF60	4.39013700616667
A_23_P414273	C5ORF62	6.45083123520833
A_33_P3318841	C5ORF63	8.60749674983333
A_33_P3368950	C5ORF65	4.36289427854167
A_23_P92928	C6	3.69026561408333
A_23_P81993	C6ORF1	12.95023770625
A_24_P331675	C6ORF10	5.15101659545833
A_33_P3400309	C6ORF103	3.83016114733333
A_33_P3419790	C6ORF105	4.70872861266667
A_24_P320526	C6ORF106	8.66828706479167
A_33_P3372451	C6ORF108	10.2961710025
A_24_P701030	C6ORF112	6.25679975979167
A_32_P160972	C6ORF115	11.0780585375
A_32_P85106	C6ORF118	4.93062798679167
A_33_P3368675	C6ORF120	7.89164406520833
A_23_P70814	C6ORF123	4.34504362720833
A_33_P3240578	C6ORF124	8.51502839508333
A_23_P156739	C6ORF125	11.1748032225
A_33_P3350493	C6ORF126	4.91247515258333
A_33_P3339624	C6ORF127	4.29523999175
A_23_P342091	C6ORF130	11.4337220179167
A_33_P3306715	C6ORF132	4.81264584279167
A_23_P300826	C6ORF136	8.80823851333333
A_33_P3265494	C6ORF138	4.96773343329167
A_24_P272290	C6ORF145	4.59670367433333
A_33_P3357182	C6ORF146	4.123397276125
A_19_P00805212	C6ORF147	4.9832892255
A_24_P72364	C6ORF15	4.3661681085
A_24_P737939	C6ORF154	9.39311176708333
A_24_P388940	C6ORF162	7.85370523125
A_33_P3422374	C6ORF163	6.09272285616667
A_23_P418431	C6ORF164	4.69085567875
A_23_P421054	C6ORF165	6.18198490766667
A_32_P74964	C6ORF168	10.2987493379167
A_33_P3409077	C6ORF170	5.81305834383333
A_33_P3284453	C6ORF174	10.7206767975
A_33_P3371360	C6ORF186	3.72211233841667
A_33_P3321230	C6ORF192	8.49375518183333
A_23_P308042	C6ORF195	3.93313759141667
A_23_P259333	C6ORF203	10.7658410641667
A_33_P3407339	C6ORF204	7.188361380625
A_23_P168165	C6ORF208	4.9695877145
A_23_P254472	C6ORF211	7.38527004008333
A_33_P3367636	C6ORF221	4.04307622458333
A_33_P3362311	C6ORF222	5.41391349533333
A_33_P3370890	C6ORF225	8.85787916554167
A_33_P3408898	C6ORF226	9.85219829666667
A_19_P00326732	C6ORF228	9.393204456375
A_32_P168349	C6ORF25	4.820254421875
A_24_P3804	C6ORF26	6.98221161858333
A_23_P42288	C6ORF27	6.95048208875
A_24_P144620	C6ORF35	7.907683237
A_33_P3716108	C6ORF38	3.94778665616667
A_23_P122532	C6ORF47	8.09375812204167
A_23_P122531	C6ORF48	13.52433908875
A_23_P410224	C6ORF52	4.82449698641667
A_33_P3361417	C6ORF57	8.29507322591667
A_23_P93602	C6ORF58	4.46107519616667
A_23_P19322	C6ORF64	8.98776347729167
A_21_P0004762	C6ORF7	3.654760618
A_32_P129527	C6ORF70	7.48753440116667
A_33_P3332438	C6ORF72	9.54382704033333
A_32_P146113	C6ORF81	5.71336782083333
A_33_P3215028	C6ORF89	8.5847067215
A_33_P3307820	C6ORF94	4.03155715954167
A_33_P3412087	C6ORF97	4.49190078358333
A_33_P3312119	C6ORF99	3.96408655854167
A_23_P213857	C7	5.62378962841667
A_23_P145711	C7ORF10	5.79135301770833
A_24_P411815	C7ORF11	8.92576618966667
A_23_P31218	C7ORF13	7.78303392283333
A_23_P157283	C7ORF23	5.871987081
A_24_P300483	C7ORF25	7.83423351033333
A_23_P168541	C7ORF26	10.63714029
A_23_P316460	C7ORF29	8.07289564725
A_23_P145817	C7ORF30	10.0164617769167
A_33_P3283684	C7ORF31	4.46000837541667
A_23_P405161	C7ORF33	3.862062874
A_23_P157316	C7ORF34	5.382428580125
A_23_P403521	C7ORF36	7.26457513408333
A_24_P506977	C7ORF40	10.9280033675
A_33_P3247644	C7ORF41	11.5214477266667
A_24_P346368	C7ORF42	10.9280733425
A_33_P3405349	C7ORF43	7.07234391683333
A_23_P215675	C7ORF44	9.61481128341667
A_32_P223210	C7ORF45	4.234464682
A_33_P3308137	C7ORF46	8.60401392575
A_23_P8380	C7ORF49	8.15566717183333
A_23_P134477	C7ORF50	11.1591582754167
A_23_P407654	C7ORF51	4.99512413466667
A_33_P3374987	C7ORF52	6.66810319941667
A_24_P380679	C7ORF53	7.51660767695833
A_24_P389285	C7ORF54	5.57345896970833
A_23_P82588	C7ORF55	9.77825284358333
A_33_P3396872	C7ORF58	3.59727371895833
A_33_P3326772	C7ORF59	12.5017950291667
A_33_P3413855	C7ORF60	6.753097137125
A_23_P93704	C7ORF61	5.94529992166667
A_23_P42855	C7ORF62	4.06447006254167
A_33_P3615922	C7ORF63	4.53635718408333
A_33_P3256532	C7ORF64	6.49809985920833
A_33_P3401402	C7ORF65	3.913697811125
A_33_P3396776	C7ORF66	3.853730315625
A_23_P168368	C7ORF69	4.29601493883333
A_21_P0014781	C7ORF70	9.47117119870833
A_19_P00321562	C7ORF71	4.08694297116667
A_33_P3213508	C7ORF72	3.728540438375
A_33_P3422812	C7ORF73	11.1357640366667
A_23_P406616	C7ORF74	9.07078547204167
A_23_P46639	C8A	4.44669101929167
A_33_P3319006	C8G	6.55400094483333
A_23_P256965	C8ORF12	4.59868180333333
A_32_P80741	C8ORF22	4.00129579666667
A_33_P3431595	C8ORF31	7.72950583054167
A_24_P88031	C8ORF33	7.86974832075
A_32_P934840	C8ORF34	4.286671686125
A_33_P3293202	C8ORF37	5.77369822929167
A_33_P3272165	C8ORF38	8.151759977875
A_23_P134729	C8ORF39	4.538022281
A_23_P253350	C8ORF4	4.03648379045833
A_24_P261005	C8ORF40	8.47238145741667
A_23_P393686	C8ORF42	5.20812236316667
A_23_P168965	C8ORF44	8.390009376875
A_33_P3375613	C8ORF44-SGK3	11.5058153175
A_33_P3405379	C8ORF45	4.18706615275
A_23_P353614	C8ORF46	4.26344175070833
A_23_P333029	C8ORF47	4.24789547875
A_23_P301984	C8ORF48	5.753140124125
A_23_P71503	C8ORF51	5.13024438358333
A_33_P3249748	C8ORF55	8.597138772875
A_33_P3460043	C8ORF56	7.53534871154167
A_33_P3410849	C8ORF58	9.5711470185
A_33_P3330811	C8ORF59	8.37501722045833
A_23_P252566	C8ORF71	4.33193111891667
A_23_P369641	C8ORF73	6.204617798
A_33_P3416513	C8ORF74	5.00750146695833
A_24_P333532	C8ORF75	4.06238103258333
A_23_P31747	C8ORF76	10.0807204435
A_32_P935906	C8ORF77	3.85954879154167
A_33_P3613688	C8ORF78	5.82345066258333
A_33_P3246598	C8ORF80	5.35936249233333
A_33_P3387050	C8ORF82	12.460270345
A_33_P3370310	C8ORF83	6.13466559258333
A_23_P170649	C8ORF84	4.94764573679167
A_32_P181527	C8ORF85	3.89031222475
A_33_P3253169	C8ORF86	3.72222723875
A_32_P203917	C9	4.26745916270833
A_33_P3539223	C9ORF100	4.628603805625
A_33_P3269598	C9ORF102	6.41684173941667
A_23_P123732	C9ORF103	6.65792363633333
A_33_P3287997	C9ORF106	4.189624392625
A_24_P100650	C9ORF11	4.12428634654167
A_23_P9392	C9ORF114	6.28879162966667
A_33_P3217649	C9ORF116	7.93246608645833
A_33_P3288357	C9ORF117	4.24940873641667
A_23_P305877	C9ORF123	7.89116495845833
A_23_P20743	C9ORF125	11.7766307566667
A_24_P751492	C9ORF128	3.85427581404167
A_32_P48949	C9ORF129	4.0767703955
A_33_P3257703	C9ORF131	4.781167164125
A_21_P0014007	C9ORF133	4.13993868554167
A_24_P255100	C9ORF135	4.20784303633333
A_24_P401870	C9ORF139	4.94657933729167
A_24_P100517	C9ORF140	9.296313088875
A_23_P312646	C9ORF142	11.0327656104167
A_33_P3285877	C9ORF146	4.21785565891667
A_33_P3375145	C9ORF150	5.57081387783333
A_33_P3236676	C9ORF152	3.874672661625
A_24_P855508	C9ORF153	5.421185877625
A_23_P257726	C9ORF156	6.89225719966667
A_23_P158053	C9ORF16	10.9813283095833
A_23_P331092	C9ORF163	7.55985221216667
A_23_P147109	C9ORF167	5.80707972266667
A_21_P0006375	C9ORF169	6.703305571
A_33_P3328270	C9ORF172	4.34825671016667
A_33_P3359223	C9ORF173	6.9328698045
A_32_P180315	C9ORF174	7.94513827225
A_24_P169343	C9ORF21	6.01960053295833
A_23_P169409	C9ORF23	11.6066271125
A_23_P217009	C9ORF24	8.100135146875
A_23_P20804	C9ORF25	8.98774802733333
A_33_P3412013	C9ORF29	4.672952109125
A_33_P3260146	C9ORF3	5.768035161375
A_32_P122754	C9ORF30	7.402889504
A_33_P3219475	C9ORF30-TMEFF1	12.6800691366667
A_24_P120970	C9ORF37	7.79468029108333
A_23_P135031	C9ORF4	8.87573606666667
A_24_P43876	C9ORF40	7.775124890625
A_23_P306346	C9ORF41	4.00822517416667
A_23_P320862	C9ORF43	4.28281150229167
A_23_P255869	C9ORF46	9.20752162158333
A_24_P316601	C9ORF47	4.70363886666667
A_23_P146417	C9ORF5	8.53154774316667
A_23_P406785	C9ORF50	6.17326951404167
A_23_P307502	C9ORF53	3.85450267554167
A_24_P303874	C9ORF62	9.70762630816667
A_23_P60339	C9ORF64	4.75065657375
A_33_P3353662	C9ORF66	4.1154229105
A_33_P3254082	C9ORF68	4.1367395305
A_33_P3218625	C9ORF7	12.3016308879167
A_24_P132633	C9ORF71	4.44177979204167
A_23_P405873	C9ORF72	6.861916171125
A_23_P9443	C9ORF78	10.1728765125
A_23_P427180	C9ORF79	5.08844195104167
A_33_P3256773	C9ORF80	9.1091647615
A_33_P3220242	C9ORF82	7.44021985354167
A_32_P341615	C9ORF84	4.228682031875
A_33_P3409506	C9ORF85	7.322992403125
A_33_P3821660	C9ORF86	8.11293985041667
A_23_P146367	C9ORF89	12.9972248491667
A_23_P32135	C9ORF9	7.79335654204167
A_24_P915196	C9ORF91	8.98810595595833
A_33_P3417260	C9ORF95	9.15854611679167
A_33_P3632866	C9ORF96	6.12982360645833
A_23_P168916	CA1	4.78643177104167
A_23_P78782	CA11	10.7239869841667
A_24_P330518	CA12	5.02861573075
A_23_P381714	CA13	6.603734893875
A_23_P63379	CA14	10.3531571010833
A_23_P8913	CA2	3.92100759258333
A_23_P20316	CA3	3.890263286625
A_23_P4096	CA4	5.86288403070833
A_24_P540057	CA5A	4.68084435633333
A_33_P3316052	CA5B	4.94529982729167
A_33_P3334404	CA6	4.772760978625
A_23_P106656	CA7	5.28657923629167
A_23_P83838	CA8	4.55542304275
A_23_P157793	CA9	3.90167556641667
A_23_P79426	CAB39	8.23875727204167
A_24_P56363	CAB39L	6.35858449054167
A_33_P3302354	CABIN1	8.36101440395833
A_23_P422851	CABLES1	9.11012367404167
A_23_P307761	CABLES2	8.810321495
A_23_P411761	CABP1	4.835200709875
A_24_P241057	CABP2	5.956218891375
A_23_P308021	CABP4	5.06604067341667
A_23_P21747	CABP5	6.27273734675
A_33_P3348061	CABP7	10.6244507803333
A_24_P388662	CABS1	3.914056475
A_23_P314712	CABYR	7.54134448041667
A_24_P943922	CACHD1	6.656935616125
A_33_P3275846	CACNA1A	10.60708271375
A_32_P153773	CACNA1B	9.13781569120833
A_23_P373031	CACNA1C	6.085812722875
A_23_P365767	CACNA1D	4.65808311070833
A_33_P3228612	CACNA1E	7.6009648545
A_23_P148327	CACNA1F	3.726993826875
A_33_P3261418	CACNA1G	5.027701892875
A_33_P3218960	CACNA1H	11.49626976125
A_33_P3350566	CACNA1I	5.61248252633333
A_23_P85765	CACNA1S	5.078763005625
A_23_P82379	CACNA2D1	9.45520300108333
A_23_P346900	CACNA2D2	9.634660424375
A_24_P402825	CACNA2D3	4.05537823041667
A_23_P353014	CACNA2D4	4.877127137375
A_24_P91165	CACNB1	6.8046946855
A_33_P3285277	CACNB2	6.30627893266667
A_23_P204016	CACNB3	12.354681275
A_33_P3221989	CACNB4	6.31839986408333
A_23_P89302	CACNG1	5.24487205491667
A_23_P84000	CACNG2	4.43794146983333
A_23_P66180	CACNG3	5.05021185508333
A_24_P70303	CACNG4	8.71128725266667
A_23_P414328	CACNG5	5.63607589479167
A_23_P501933	CACNG6	5.85588963375
A_24_P365349	CACNG7	9.21635213179167
A_23_P420218	CACNG8	4.53068123670833
A_24_P84428	CACYBP	8.77715771375
A_23_P40049	CAD	9.79372080266667
A_33_P3745146	CADM1	9.60351427770833
A_33_P3745164	CADM2	9.659482238875
A_33_P3421923	CADM3	11.11303355
A_23_P5064	CADM4	7.25507656008333
A_23_P69326	CADPS	6.54772473258333
A_33_P3354001	CADPS2	4.52563924295833
A_33_P3396686	CAGE1	3.98740537904167
A_23_P43197	CALB1	8.04293882004167
A_23_P21092	CALB2	4.212010568375
A_24_P198178	CALCA	4.21263861733333
A_23_P98995	CALCOCO1	9.117134236375
A_24_P330773	CALCOCO2	6.15551326404167
A_33_P3710082	CALCR	4.22980842070833
A_33_P3306110	CALCRL	4.66066062195833
A_24_P921366	CALD1	9.0728300785
A_23_P202219	CALHM2	5.875529882375
A_33_P3241204	CALHM3	4.540818122125
A_24_P313186	CALM1	11.4264346779167
A_33_P3212782	CALM2	14.6058721941667
A_24_P219785	CALM3	12.1786028554167
A_23_P393080	CALML3	7.437560811875
A_33_P3398965	CALML4	5.5076846475
A_33_P3339865	CALML5	5.4237615795
A_23_P62588	CALML6	5.11278579645833
A_24_P380567	CALN1	3.79762096516667
A_33_P3292854	CALR	13.2413459654167
A_23_P27538	CALR3	4.1925676375
A_23_P122815	CALU	9.208583033625
A_33_P3294149	CALY	8.61718846254167
A_23_P121215	CAMK1	7.83571472675
A_32_P208120	CAMK1D	7.00623282533333
A_23_P97402	CAMK1G	6.42130290941667
A_33_P3274647	CAMK2A	5.95823136470833
A_23_P42882	CAMK2B	8.7187165045
A_23_P144458	CAMK2D	8.28006735675
A_23_P46903	CAMK2G	9.71429280458333
A_23_P11800	CAMK2N1	11.4754787041667
A_33_P3244283	CAMK2N2	11.7138247595833
A_23_P250347	CAMK4	6.71960732991667
A_23_P431933	CAMKK1	6.029994926875
A_23_P408830	CAMKK2	9.56495184129167
A_33_P3241657	CAMKMT	5.98886819758333
A_23_P29680	CAMKV	10.7950243275
A_24_P234856	CAMLG	5.97870151558333
A_23_P32054	CAMSAP1	7.91981989291667
A_23_P406702	CAMSAP2	10.030408798
A_23_P394043	CAMSAP3	9.365622909875
A_21_P0000131	CAMTA1	9.19811103104167
A_23_P365189	CAMTA2	6.88913739425
A_24_P47681	CAND1	9.03720419258333
A_23_P250102	CAND2	9.11114894370833
A_24_P116669	CANT1	6.89133971308333
A_33_P3325131	CANX	7.70654640454167
A_24_P62615	CAP1	9.41492065354167
A_33_P3739260	CAP2	8.46343129108333
A_33_P3389634	CAPG	4.22237967079167
A_23_P138835	CAPN1	9.68683425716667
A_33_P3343552	CAPN10	7.06125667525
A_24_P79040	CAPN12	5.93917869095833
A_23_P101972	CAPN13	4.45672070633333
A_32_P167076	CAPN14	5.85040478558333
A_23_P23924	CAPN2	11.7995318679167
A_23_P218190	CAPN3	6.4750577495
A_33_P3393170	CAPN5	10.9853452670833
A_23_P217570	CAPN6	5.207518114875
A_33_P3393175	CAPN7	6.78765692391667
A_23_P149427	CAPN9	4.063498019125
A_23_P67648	CAPNS1	12.6703743166667
A_23_P152406	CAPNS2	4.91040772245833
A_24_P902728	CAPRIN1	9.48607842004167
A_23_P87532	CAPRIN2	8.13075729016667
A_24_P313993	CAPS	6.66674148283333
A_32_P209208	CAPS2	6.15275026220833
A_23_P133536	CAPSL	4.65594785166667
A_24_P310894	CAPZA1	10.18209696125
A_33_P3322353	CAPZA2	6.77590710458333
A_23_P87727	CAPZA3	3.75436854279167
A_33_P3235568	CAPZB	7.51799321829167
A_23_P434890	CARD10	8.265638114375
A_23_P82324	CARD11	4.65587374645833
A_23_P207879	CARD14	6.397877859875
A_23_P64173	CARD16	4.14377208529167
A_23_P86975	CARD18	4.520290197625
A_33_P3340847	CARD6	3.87944902283333
A_21_P0000098	CARD8	5.65305049595833
A_33_P3389573	CARD9	5.864617496625
A_33_P3260307	CARHSP1	12.4486366741667
A_23_P88046	CARKD	8.72846341229167
A_33_P3256785	CARM1	12.9171430708333
A_23_P344884	CARNS1	4.327468067
A_24_P95439	CARS	8.74090764066667
A_23_P128624	CARS2	13.0118254058333
A_23_P167493	CARTPT	3.91727655883333
A_23_P95231	CASC1	5.15075909120833
A_32_P61480	CASC2	5.68266851633333
A_23_P374288	CASC3	12.2358874029167
A_33_P3374478	CASC4	7.45603974404167
A_23_P100127	CASC5	4.78068186683333
A_24_P69379	CASD1	8.791072363125
A_24_P288722	CASK	8.47855992383333
A_33_P3349552	CASKIN1	11.1063762654167
A_23_P44363	CASKIN2	5.52714478879167
A_33_P3504659	CASP10	5.81393576904167
A_23_P90407	CASP14	4.46678122979167
A_24_P740620	CASP14L	4.08504505275
A_23_P387943	CASP2	7.33646170220833
A_23_P92410	CASP3	12.9151423225
A_23_P35912	CASP4	4.30596712541667
A_23_P47304	CASP5	4.12018868508333
A_23_P500799	CASP6	8.59388242520833
A_23_P12572	CASP7	4.10910799916667
A_33_P3382959	CASP8AP2	8.19852428079167
A_23_P97309	CASP9	8.67467875804167
A_23_P173	CASQ1	4.581339027
A_23_P126582	CASQ2	6.77110361616667
A_33_P3280646	CASR	4.00058888275
A_33_P3228931	CASS4	5.7733687335
A_23_P213518	CAST	8.341745145625
A_33_P3338300	CASZ1	7.76437267479167
A_23_P105138	CAT	7.73035196179167
A_23_P52676	CATSPER1	3.22837548229167
A_23_P88489	CATSPER2	7.59060652258333
A_23_P393749	CATSPER3	5.41580733595833
A_24_P786388	CATSPER4	3.854356178625
A_33_P3620488	CATSPERG	8.66766945958333
A_23_P134454	CAV1	4.22898522083333
A_23_P123071	CAV2	4.14949963266667
A_24_P251599	CAV3	5.447537591625
A_23_P502882	CBFA2T2	8.763498307125
A_23_P500741	CBFA2T3	10.0752702271667
A_23_P113634	CBFB	11.06647806125
A_33_P3256033	CBL	9.45865825358333
A_23_P29830	CBLB	8.480148079125
A_23_P397910	CBLC	3.53805023479167
A_23_P146004	CBLL1	7.05110713029167
A_24_P313431	CBLN1	9.13213868604167
A_23_P15889	CBLN2	10.5676011310417
A_33_P3412900	CBLN3	4.960247267375
A_23_P29046	CBR1	7.89052532216667
A_23_P40453	CBR3	3.41786083120833
A_33_P3234804	CBR4	10.7959943895833
A_23_P166306	CBS	13.2842122904167
A_24_P25080	CBWD5	9.17443090304167
A_24_P296568	CBX1	11.6027920495833
A_33_P3423954	CBX2	8.26716094383333
A_23_P31315	CBX3	8.7997691525
A_33_P3606465	CBX3P2	5.42231226975
A_23_P89621	CBX4	8.91419920166667
A_23_P2355	CBX5	10.7085805783333
A_33_P3270485	CBX6	10.8671586458333
A_23_P250735	CBX7	8.106526873625
A_23_P55421	CBX8	8.89188553083333
A_24_P74571	CBY1	8.443486548125
A_24_P41371	CC2D1A	8.29922530945833
A_23_P383031	CC2D1B	6.96998862233333
A_23_P413285	CC2D2A	6.08547598858333
A_24_P417664	CC2D2B	4.37879740554167
A_23_P115842	CCAR1	10.2235351372917
A_23_P55544	CCBE1	5.038560054
A_23_P315206	CCBL1	8.15738641166667
A_33_P3318696	CCBL2	9.26376736591667
A_23_P91954	CCBP2	4.49591239845833
A_33_P3256677	CCDC101	9.44003649045833
A_23_P65983	CCDC102A	5.07808168604167
A_23_P44466	CCDC102B	6.753221425375
A_23_P68327	CCDC104	8.70470388604167
A_32_P503113	CCDC105	4.084137311625
A_33_P3379726	CCDC106	12.1663026666667
A_33_P3312877	CCDC107	10.8559412458333
A_33_P3309734	CCDC108	4.676208438
A_23_P255376	CCDC109B	4.738462642125
A_23_P384532	CCDC11	4.999627594
A_23_P383325	CCDC110	4.55166805020833
A_23_P358470	CCDC111	8.00222635541667
A_33_P3828101	CCDC112	8.91982537991667
A_24_P73730	CCDC113	6.45065178358333
A_33_P3246528	CCDC114	5.31321519820833
A_24_P54485	CCDC115	9.82665667933333
A_23_P342108	CCDC116	4.77957302516667
A_23_P432034	CCDC117	9.80996050008333
A_23_P372334	CCDC12	11.0775227029167
A_23_P73540	CCDC120	9.05405069108333
A_24_P319684	CCDC121	5.574037843
A_32_P213661	CCDC122	6.082649473
A_33_P3417141	CCDC124	10.7297307941667
A_33_P3297888	CCDC125	5.14108224695833
A_33_P3272429	CCDC126	6.137596763625
A_23_P41976	CCDC127	6.74785704904167
A_33_P3323607	CCDC129	4.543850821375
A_33_P3328716	CCDC13	4.179507906875
A_23_P101461	CCDC130	11.5647731620833
A_24_P77947	CCDC132	5.08761717670833
A_33_P3399593	CCDC134	4.71899645616667
A_23_P129367	CCDC135	4.54089526345833
A_23_P416178	CCDC136	9.45947745691667
A_24_P230176	CCDC137	9.19440026366667
A_23_P311144	CCDC138	5.81228654870833
A_23_P384056	CCDC14	9.14840142841667
A_23_P429478	CCDC140	3.893784287125
A_33_P3279004	CCDC141	4.62971640175
A_23_P424712	CCDC142	7.86784805341667
A_33_P3273629	CCDC144A	5.2224777305
A_23_P168771	CCDC146	7.7096734125
A_33_P3257297	CCDC147	4.39285435895833
A_33_P3307810	CCDC148	5.46037865341667
A_19_P00316511	CCDC149	6.724820747375
A_23_P44942	CCDC15	5.82359463054167
A_24_P157156	CCDC150	5.11695747425
A_23_P326893	CCDC151	8.83014315920833
A_33_P3424364	CCDC152	3.47984149616667
A_24_P450285	CCDC153	5.16707249566667
A_33_P3283828	CCDC154	7.95816281225
A_33_P3237669	CCDC155	5.55731223804167
A_33_P3213767	CCDC157	7.57649689341667
A_33_P3238032	CCDC158	4.632177736375
A_24_P75920	CCDC159	5.66974386691667
A_33_P3418005	CCDC160	4.37525671133333
A_33_P3338674	CCDC163P	3.98523196495833
A_23_P308722	CCDC164	5.69409809954167
A_33_P3283044	CCDC165	8.19962575404167
A_24_P937790	CCDC166	4.80304899204167
A_23_P133770	CCDC167	11.74631673625
A_33_P3307008	CCDC168	4.07494343254167
A_33_P3296119	CCDC169	6.35649522020833
A_33_P3351686	CCDC17	4.2656720215
A_33_P3327165	CCDC18	5.18893529908333
A_23_P62642	CCDC19	4.69359126204167
A_23_P114144	CCDC22	8.26729498954167
A_24_P263937	CCDC23	11.90840924875
A_24_P379353	CCDC24	7.96062678466667
A_23_P71300	CCDC25	8.407152794
A_23_P381478	CCDC27	4.27817553766667
A_23_P31085	CCDC28A	8.952749352875
A_23_P62764	CCDC28B	10.98044835875
A_24_P369232	CCDC3	7.08826176658333
A_24_P349196	CCDC30	6.47825734170833
A_33_P3271725	CCDC33	4.90236007445833
A_33_P3313801	CCDC34	6.63033054016667
A_23_P362770	CCDC36	4.18924773141667
A_23_P426153	CCDC37	4.70733326920833
A_32_P54037	CCDC38	4.13074897983333
A_32_P404549	CCDC39	4.15640748429167
A_24_P160680	CCDC40	6.23378035575
A_33_P3223208	CCDC41	6.70478905179167
A_23_P402176	CCDC42	4.29363878658333
A_33_P3359027	CCDC42B	4.37604980458333
A_24_P39724	CCDC43	6.267816376125
A_24_P61864	CCDC47	8.420703837625
A_23_P166566	CCDC48	4.05628416495833
A_24_P910733	CCDC50	9.181560374625
A_23_P69362	CCDC51	9.85467199854167
A_23_P53567	CCDC53	9.74508794558333
A_23_P109964	CCDC54	3.88743468820833
A_24_P356453	CCDC56	11.6544082570833
A_24_P940620	CCDC57	6.38593895908333
A_32_P215113	CCDC58	6.878069513625
A_23_P105664	CCDC59	8.83994808504167
A_32_P184279	CCDC6	10.069641946
A_33_P3291244	CCDC60	4.01377758845833
A_23_P400147	CCDC61	6.939084942
A_23_P2258	CCDC62	4.58762703229167
A_23_P345175	CCDC63	3.55467066833333
A_33_P3283126	CCDC64	4.72355893841667
A_33_P3335590	CCDC64B	6.47309934983333
A_23_P47904	CCDC65	4.43432548504167
A_23_P396981	CCDC66	5.76178189020833
A_33_P3351681	CCDC67	3.68913893279167
A_24_P97825	CCDC69	5.71771077929167
A_23_P374294	CCDC7	5.422406234625
A_23_P61524	CCDC71	7.06064659070833
A_24_P414256	CCDC72	12.3867454958333
A_33_P3366833	CCDC73	4.49149420266667
A_23_P381102	CCDC74B	5.53285925608333
A_23_P339633	CCDC75	8.42823041616667
A_33_P3224680	CCDC76	6.730849840875
A_23_P99172	CCDC77	9.99903042795833
A_33_P3246613	CCDC78	9.05648931125
A_23_P408280	CCDC79	3.54389629633333
A_33_P3402020	CCDC8	7.51937121245833
A_21_P0003159	CCDC80	4.31428905320833
A_23_P128008	CCDC81	4.388108858
A_23_P312246	CCDC82	10.3241628386667
A_24_P636332	CCDC84	9.98693713466667
A_23_P349566	CCDC85A	5.36490765829167
A_23_P150249	CCDC85B	11.33878566125
A_23_P37391	CCDC85C	7.02876202579167
A_23_P161918	CCDC86	10.32616223625
A_33_P3351735	CCDC87	5.43230403645833
A_24_P20120	CCDC88A	9.034028166875
A_23_P24389	CCDC88B	8.62290318608333
A_24_P289170	CCDC88C	5.24842468229167
A_24_P192988	CCDC89	5.438476777
A_33_P3345936	CCDC9	12.17885296
A_33_P3324086	CCDC90A	9.780981394375
A_23_P162127	CCDC90B	12.0724081795833
A_23_P162279	CCDC91	6.21011239454167
A_23_P98900	CCDC92	12.7402998095833
A_23_P79661	CCDC93	8.568111761625
A_33_P3369696	CCDC94	11.2202137708333
A_32_P69930	CCDC96	7.76128654791667
A_23_P398044	CCDC97	11.45757541625
A_23_P41948	CCDC99	7.31719580191667
A_23_P145330	CCHCR1	8.36557019291667
A_23_P60227	CCIN	5.85459954833333
A_23_P425681	CCK	5.46449908545833
A_23_P162010	CCKBR	4.766163167875
A_23_P49759	CCL1	4.24313270104167
A_23_P66635	CCL11	3.40873768029167
A_23_P218369	CCL14	3.8102481665
A_33_P3324004	CCL15	7.46012283895833
A_33_P3292478	CCL16	5.87738498841667
A_23_P26325	CCL17	4.87107187879167
A_23_P123853	CCL19	5.13892337854167
A_23_P89431	CCL2	3.96925550125
A_23_P17065	CCL20	3.89756649241667
A_33_P3285945	CCL21	4.125056414125
A_24_P313418	CCL22	4.05834416066667
A_23_P215491	CCL24	8.69249354116667
A_23_P55828	CCL25	4.69215480770833
A_23_P215484	CCL26	4.23534731841667
A_23_P135248	CCL27	7.163893507375
A_23_P503072	CCL28	4.1558229755
A_33_P3316273	CCL3	4.90157645708333
A_33_P3296181	CCL3L3	4.621192158125
A_23_P152838	CCL5	4.21193102933333
A_23_P78037	CCL7	3.61214533129167
A_33_P3209476	CCM2	6.81900819241667
A_23_P48414	CCNA1	5.22008980275
A_23_P58321	CCNA2	5.23196492595833
A_23_P122197	CCNB1	6.79235839683333
A_23_P76882	CCNB1IP1	11.0645962729167
A_23_P65757	CCNB2	5.84952869891667
A_23_P171107	CCNB3	8.27293616466667
A_23_P145397	CCNC	6.788788493625
A_23_P202837	CCND1	5.287622556625
A_24_P278747	CCND2	5.53937670225
A_23_P361773	CCND3	8.31855309783333
A_33_P3393582	CCNDBP1	8.21413540420833
A_23_P209200	CCNE1	9.38682705333333
A_33_P3217819	CCNE2	4.23296322270833
A_24_P193592	CCNF	5.329361082125
A_33_P3232277	CCNG1	8.88149714108333
A_24_P12065	CCNG2	7.09306970254167
A_23_P30338	CCNH	10.220843732375
A_23_P69521	CCNI	15.2589215341667
A_33_P3305780	CCNI2	4.25259131854167
A_23_P24176	CCNJ	8.41379631020833
A_23_P7684	CCNJL	8.563809565125
A_24_P348925	CCNK	8.48371161658333
A_33_P3347928	CCNL1	8.68128102383333
A_24_P51588	CCNL2	9.797529729625
A_23_P92860	CCNO	5.01783532954167
A_23_P98963	CCNT1	7.75791183695833
A_24_P174341	CCNT2	6.91589792358333
A_23_P300905	CCNY	9.12205132254167
A_24_P373286	CCP110	10.2100179612917
A_23_P346006	CCPG1	7.24293737370833
A_24_P148717	CCR1	4.76504277716667
A_33_P3221303	CCR10	10.1248836072083
A_23_P250302	CCR3	3.82927095225
A_23_P72989	CCR4	3.93178032125
A_23_P412321	CCR5	4.624810890125
A_33_P3313929	CCR6	8.052149925375
A_23_P343398	CCR7	5.441517566375
A_23_P69012	CCR8	4.21223979566667
A_23_P6909	CCRL1	4.33328057858333
A_23_P144337	CCRN4L	4.91433993516667
A_23_P127475	CCS	9.43095745375
A_23_P105392	CCT2	14.1720753075
A_33_P3396831	CCT3	8.86423648354167
A_23_P102420	CCT4	13.6909381
A_24_P328872	CCT5	6.17208128304167
A_32_P54544	CCT6A	11.9185345591667
A_23_P4082	CCT6B	5.75077512608333
A_23_P102404	CCT7	13.3224139095833
A_23_P102876	CCT8	13.03807173125
A_23_P29110	CCT8L2	4.15297733416667
A_33_P3333863	CCZ1	7.11187959183333
A_24_P131066	CD101	3.61770204725
A_23_P331928	CD109	4.2530559485
A_33_P3284508	CD14	6.166379976125
A_33_P3229196	CD151	13.1946870629167
A_23_P354341	CD160	3.89040800925
A_23_P61466	CD163L1	7.01043975491667
A_24_P380536	CD164	7.68806569254167
A_33_P3329326	CD164L2	5.05460230175
A_23_P113572	CD19	4.88095642870833
A_23_P402670	CD1A	3.43787040166667
A_23_P351844	CD1B	4.00527502375
A_23_P161076	CD2	4.17259177833333
A_23_P121480	CD200	5.89637793404167
A_23_P41217	CD200R1	4.16971634120833
A_33_P3272493	CD209	4.65992373879167
A_33_P3413558	CD226	3.88398416229167
A_33_P3369844	CD24	14.8233353820833
A_23_P85453	CD244	3.917879441875
A_33_P3286873	CD247	4.01906153670833
A_33_P3337485	CD248	7.41374787679167
A_23_P48088	CD27	6.31525234208333
A_33_P3222917	CD276	11.1412876558333
A_33_P3259253	CD28	5.57838201754167
A_32_P155811	CD2AP	5.23084841145833
A_24_P236522	CD2BP2	8.96386753408333
A_23_P207037	CD300A	4.56982259275
A_23_P26771	CD300C	NA
A_33_P3358099	CD300E	5.010511032875
A_23_P15369	CD300LB	5.55391335054167
A_24_P930975	CD300LD	4.06747051983333
A_23_P55020	CD300LF	3.830979751125
A_24_P305050	CD300LG	3.96078120875
A_24_P396702	CD302	4.39630900920833
A_23_P119698	CD320	10.3293411470833
A_23_P331748	CD33	4.639467157
A_23_P23829	CD34	4.136563018125
A_23_P111583	CD36	6.07348849975
A_33_P3249401	CD37	3.88946210579167
A_23_P167328	CD38	4.0507662955
A_33_P3375541	CD3D	5.15143309420833
A_23_P416747	CD3E	4.71418127316667
A_23_P208310	CD3EAP	8.10009810358333
A_23_P98410	CD3G	5.11472884229167
A_24_P295999	CD4	6.604049580375
A_23_P57036	CD40	3.81698763545833
A_33_P3250680	CD40LG	4.91277852983333
A_33_P3294509	CD44	4.90708769416667
A_23_P35230	CD46	7.08039225704167
A_23_P6935	CD47	9.94439979125
A_32_P175934	CD48	4.49972758729167
A_33_P3298990	CD5	3.83264528975
A_23_P85800	CD52	3.76227739866667
A_23_P74547	CD53	4.11309766991667
A_24_P188377	CD55	6.67388465829167
A_33_P3289356	CD58	5.335771726125
A_24_P784765	CD59	7.33342138979167
A_23_P311875	CD6	5.787941387
A_24_P270144	CD63	14.0866674095833
A_23_P15394	CD68	4.89673235754167
A_33_P3226995	CD7	5.22316432770833
A_33_P3243449	CD70	5.67324045016667
A_33_P3417215	CD72	6.30411034595833
A_23_P70095	CD74	4.305483044625
A_23_P107735	CD79A	8.32158171620833
A_23_P207201	CD79B	3.98139398375
A_33_P3373375	CD81	13.0747199108333
A_23_P1782	CD82	6.71284031204167
A_23_P70670	CD83	8.641436880625
A_23_P361940	CD84	4.339274478
A_24_P131589	CD86	8.23224801366667
A_33_P3228837	CD8A	6.83975893545833
A_33_P3234546	CD8B	4.03588002058333
A_23_P76364	CD9	3.57425106183333
A_23_P502312	CD97	5.8702199495
A_24_P70993	CD99	4.48662812970833
A_33_P3322892	CD99L2	8.47009176466667
A_21_P0006585	CD99P1	3.646335834625
A_23_P34597	CDA	5.048364187875
A_23_P48295	CDADC1	6.593380622125
A_23_P349127	CDAN1	5.176472885
A_24_P303974	CDC123	10.4752131175
A_23_P405110	CDC14A	5.098958345
A_23_P216679	CDC14B	4.72446266770833
A_33_P3280421	CDC14C	5.758322178875
A_33_P3392325	CDC16	11.9644222533333
A_23_P149200	CDC20	5.88506633025
A_33_P3397383	CDC20B	3.92570002570833
A_23_P133629	CDC23	7.38763601825
A_24_P397107	CDC25A	7.21790248479167
A_23_P210726	CDC25B	8.711949098125
A_23_P70249	CDC25C	4.19271975316667
A_32_P228501	CDC26	10.3526027083333
A_23_P66777	CDC27	7.54191539429167
A_23_P164999	CDC34	11.9214415629167
A_23_P130531	CDC37	10.48059392425
A_23_P20558	CDC37L1	8.451992777875
A_23_P351320	CDC40	8.591762424625
A_23_P300056	CDC42	9.855467716375
A_24_P944299	CDC42BPA	9.09982512108333
A_23_P380766	CDC42BPB	12.6957181333333
A_33_P3264224	CDC42BPG	4.33346069720833
A_33_P3407424	CDC42EP1	5.75707290179167
A_23_P1602	CDC42EP2	8.03299811404167
A_33_P3331307	CDC42EP3	5.39764066904167
A_23_P66891	CDC42EP4	8.31629424483333
A_33_P3342235	CDC42EP5	NA
A_23_P320887	CDC42SE1	7.92310591379167
A_24_P409042	CDC42SE2	7.30791061175
A_23_P57379	CDC45	6.30081517070833
A_23_P156471	CDC5L	10.1631080506667
A_33_P3218450	CDC6	4.77760828158333
A_23_P148807	CDC7	9.57266675845833
A_33_P3219770	CDC73	6.17363593916667
A_23_P385861	CDCA2	6.423170394125
A_24_P218979	CDCA3	6.231946861875
A_24_P133488	CDCA4	5.51522664054167
A_33_P3277575	CDCA5	5.37471368058333
A_23_P251421	CDCA7	7.672972909125
A_33_P3251144	CDCA7L	5.433206958875
A_23_P375	CDCA8	7.75053353204167
A_23_P113613	CDCP1	3.94792798920833
A_33_P3259522	CDCP2	6.54036195854167
A_23_P206359	CDH1	NA
A_23_P144656	CDH10	9.95437032154167
A_33_P3232193	CDH11	5.40492329629167
A_32_P10936	CDH12	6.9694238555
A_21_P0000176	CDH13	3.42684863370833
A_32_P25357	CDH15	7.47328614033333
A_23_P100240	CDH16	4.04403923120833
A_23_P84118	CDH18	9.261339160125
A_23_P38735	CDH19	3.87041814970833
A_33_P3214159	CDH2	13.35021538875
A_23_P55586	CDH20	3.73650848345833
A_23_P40192	CDH22	8.73659178629167
A_23_P307968	CDH23	5.153036078875
A_33_P3396492	CDH24	7.54484052695833
A_23_P502957	CDH26	4.76484768141667
A_23_P49155	CDH3	6.663739866875
A_23_P17593	CDH4	7.42139052820833
A_33_P3728167	CDH5	5.33656457183333
A_33_P3238230	CDH6	3.76945165133333
A_24_P382287	CDH7	7.70461084745833
A_23_P140797	CDH8	3.87300419070833
A_23_P92999	CDH9	NA
A_23_P149946	CDHR1	5.300945657875
A_23_P133338	CDHR2	6.049728123375
A_23_P348253	CDHR3	6.79913735141667
A_24_P16143	CDHR4	3.93194402266667
A_23_P202683	CDHR5	4.34526797220833
A_23_P501339	CDIPT	10.258179507375
A_23_P138507	CDK1	5.04889895770833
A_33_P3230688	CDK10	9.24012438391667
A_33_P3313595	CDK11B	10.5849521904167
A_24_P198820	CDK12	6.58430817329167
A_33_P3329153	CDK13	7.56293788458333
A_24_P29733	CDK14	12.0763147045833
A_23_P154050	CDK15	3.90013851570833
A_33_P3341239	CDK16	14.0719865120833
A_33_P3341224	CDK17	6.57720114058333
A_23_P201863	CDK18	5.554688473875
A_33_P3328026	CDK19	10.9652786775
A_23_P98898	CDK2	5.793074017625
A_23_P20752	CDK20	9.28190824016667
A_23_P139486	CDK2AP1	11.6711242675
A_33_P3329839	CDK2AP2	11.9875842095833
A_23_P89155	CDK3	8.729085061375
A_23_P24997	CDK4	11.37864727
A_23_P8400	CDK5	11.6770937854167
A_33_P3226985	CDK5R1	12.1687484008333
A_24_P51683	CDK5R2	9.09087007441667
A_23_P257278	CDK5RAP1	8.67413666929167
A_33_P3389060	CDK5RAP2	9.17336172566667
A_24_P292964	CDK5RAP3	10.7445297829167
A_24_P166663	CDK6	6.98177988920833
A_23_P133585	CDK7	10.25252066875
A_33_P3264780	CDK8	8.17182713466667
A_23_P169470	CDK9	9.135069764875
A_32_P128310	CDKAL1	7.29389760091667
A_23_P99741	CDKL1	5.69086169416667
A_33_P3241681	CDKL2	6.15507511658333
A_23_P110643	CDKL3	8.66539962845833
A_33_P3357490	CDKL4	4.329701760125
A_24_P282343	CDKL5	8.81654110175
A_24_P89457	CDKN1A	5.7887267925
A_24_P81841	CDKN1B	9.42120549654167
A_23_P428129	CDKN1C	14.31443291625
A_23_P43490	CDKN2A	6.04924235858333
A_23_P258002	CDKN2AIP	8.86962202629167
A_23_P250644	CDKN2AIPNL	9.682640692
A_23_P216812	CDKN2B	NA
A_33_P3240717	CDKN2B-AS	3.86938459925
A_33_P3292540	CDKN2C	3.72267532070833
A_23_P89941	CDKN2D	14.1122739270833
A_23_P48669	CDKN3	5.23732265720833
A_23_P30294	CDO1	11.5645960033333
A_32_P172141	CDON	8.62610035858333
A_23_P125495	CDR1	4.775405259
A_24_P339071	CDR2	8.08000331483333
A_23_P3963	CDR2L	8.23746032075
A_24_P756766	CDRT15	4.9953143145
A_33_P3356762	CDRT15L2	4.99351172116667
A_33_P3413895	CDRT15P1	4.00802979625
A_33_P3629131	CDRT3	6.30567471320833
A_33_P3796201	CDRT7	3.504264359875
A_33_P3629151	CDRT8	3.95530942570833
A_23_P7250	CDS1	6.035008530625
A_24_P271363	CDS2	9.47445510891667
A_23_P350396	CDSN	3.69596174158333
A_33_P3386262	CDT1	6.31517364745833
A_24_P163113	CDV3	8.95949902704167
A_23_P58788	CDX1	5.72119971620833
A_33_P3304501	CDX2	3.844303392125
A_23_P114314	CDX4	3.94453768754167
A_32_P401091	CDY2A	3.44872523404167
A_23_P134078	CDYL	7.69882641008333
A_23_P371865	CDYL2	5.18717668295833
A_33_P3268507	CEACAM1	4.50873931466667
A_33_P3216758	CEACAM16	4.026329443875
A_23_P78526	CEACAM19	8.25303888241667
A_24_P118376	CEACAM20	5.608616226875
A_33_P3234010	CEACAM22P	4.21937931895833
A_33_P3301331	CEACAM3	3.765659023125
A_33_P3265309	CEACAM4	4.7824634535
A_23_P153301	CEACAM5	4.18353230758333
A_23_P218442	CEACAM6	3.804844486625
A_24_P228302	CEACAM7	4.18951840866667
A_24_P224727	CEBPA	5.633763655625
A_23_P411296	CEBPB	7.880592251
A_33_P3253804	CEBPD	9.578338037
A_33_P3387991	CEBPE	4.52846819029167
A_33_P3253807	CEBPG	12.0824543466667
A_23_P119964	CEBPZ	9.303028449375
A_33_P3262635	CECR1	10.053027391375
A_33_P3349404	CECR2	7.73902345008333
A_33_P3481113	CECR3	5.240175863
A_23_P57370	CECR5	10.3537342091667
A_32_P131143	CECR5-AS1	7.60066151483333
A_23_P259344	CECR6	11.79915123
A_21_P0012245	CECR7	6.05284105970833
A_23_P169503	CEL	5.87588196191667
A_33_P3313810	CELA1	3.68392497979167
A_23_P46238	CELA2A	5.35544451170833
A_23_P51711	CELA2B	5.38146117954167
A_33_P3343727	CELA3A	5.28635506383333
A_33_P3376872	CELA3B	4.07604871595833
A_19_P00801576	CELF1	10.4343103716667
A_23_P202071	CELF2	10.0656606105
A_23_P337849	CELF3	9.50949500545833
A_32_P183367	CELF4	12.6178869766667
A_23_P60775	CELF5	6.495872823
A_33_P3304312	CELF6	10.5913969425
A_33_P3328659	CELSR1	9.81723855679167
A_24_P182620	CELSR2	10.43225982625
A_23_P92093	CELSR3	11.2206101908333
A_33_P3317483	CEMP1	4.34367258291667
A_33_P3323945	CEND1	12.8512640583333
A_24_P413884	CENPA	3.874815112375
A_23_P257905	CENPB	9.12732721329167
A_33_P3318187	CENPBD1	9.70580695054167
A_23_P167194	CENPC1	8.40312290883333
A_23_P253524	CENPE	6.18066038708333
A_23_P401	CENPF	5.86114771591667
A_23_P110802	CENPH	6.43677118395833
A_33_P3340468	CENPI	4.47902877629167
A_32_P219116	CENPJ	9.644916766
A_23_P155989	CENPK	3.89035953070833
A_23_P126120	CENPL	5.29515671983333
A_24_P399888	CENPM	5.98201358920833
A_23_P88740	CENPN	5.9085869055
A_23_P50990	CENPO	6.97758231445833
A_33_P3387931	CENPP	6.669418568375
A_23_P70328	CENPQ	6.568061169875
A_23_P163580	CENPT	7.30116017229167
A_23_P313828	CENPV	9.13190280404167
A_24_P462899	CENPW	6.36259625508333
A_33_P3405754	CEP104	6.36715729933333
A_23_P83976	CEP112	6.91041068466667
A_33_P3316318	CEP120	5.55200374475
A_23_P320829	CEP128	5.385952374375
A_23_P212792	CEP135	6.99888208541667
A_24_P652700	CEP152	8.14095466620833
A_23_P75609	CEP164	5.97158818366667
A_33_P3410507	CEP170	10.1663304416667
A_32_P212058	CEP19	7.72724868558333
A_23_P89710	CEP192	8.52108218304167
A_23_P102832	CEP250	7.63133987791667
A_23_P36865	CEP290	9.86677970795833
A_33_P3244863	CEP350	7.83382085391667
A_23_P215070	CEP41	9.93703930645833
A_23_P358662	CEP44	7.59841797920833
A_23_P115872	CEP55	4.16606626045833
A_23_P86822	CEP57	9.34725304616667
A_33_P3308905	CEP57L1	7.14813916520833
A_23_P21409	CEP63	9.37436605441667
A_24_P944049	CEP68	8.148724609125
A_23_P21473	CEP70	7.85915422208333
A_23_P302654	CEP72	8.34265123679167
A_23_P107513	CEP76	6.51883103166667
A_33_P3219641	CEP78	8.35562652595833
A_23_P200874	CEP85	8.73038058879167
A_23_P130856	CEP89	6.02775639095833
A_24_P324814	CEP95	10.2043915483333
A_23_P143952	CEP97	5.64604965483333
A_24_P233944	CEPT1	6.724723834875
A_21_P0014230	CERCAM	7.234734976
A_24_P62237	CERK	11.24528294
A_33_P3355538	CERKL	5.53492355766667
A_33_P3408320	CERS1	9.54482502829167
A_23_P63010	CERS2	9.33705164533333
A_33_P3408305	CERS3	6.90934138741667
A_23_P153867	CERS4	7.51640807695833
A_33_P3285038	CERS5	12.1034780291667
A_32_P5480	CERS6	11.3074145025
A_21_P0011496	CES1	4.77452878441667
A_23_P374892	CES1P1	3.61009732979167
A_33_P3283964	CES1P2	3.8505162315
A_33_P3350393	CES2	7.86787534858333
A_24_P90881	CES3	6.02086297470833
A_23_P361544	CES4A	5.16588421108333
A_21_P0012348	CES5A	5.26481715091667
A_33_P3276303	CES5AP1	4.818585827125
A_23_P66967	CETN1	4.05887754179167
A_23_P73493	CETN2	9.98367274283333
A_23_P7732	CETN3	9.02291774320833
A_32_P201212	CETN4P	4.91125264804167
A_23_P156687	CFB	4.47672352
A_23_P5679	CFC1	6.664204248875
A_23_P119562	CFD	9.2631666215
A_23_P89123	CFDP1	11.1457073854167
A_33_P3367692	CFH	5.043944718625
A_24_P336510	CFHR1	4.36340136470833
A_23_P951	CFHR2	4.130530508375
A_23_P103256	CFHR3	4.08104563316667
A_24_P282547	CFHR4	4.39123508920833
A_23_P7212	CFI	3.983450673875
A_32_P148710	CFL1	12.9398885625
A_33_P3863935	CFL1P1	4.37712993033333
A_24_P373152	CFL2	8.379178825125
A_23_P209394	CFLAR	7.77392744495833
A_33_P3626816	CFLAR-AS1	4.72360935166667
A_23_P22444	CFP	7.01498585241667
A_23_P215720	CFTR	NA
A_33_P3379841	CG030	6.39728729979167
A_24_P395814	CGB	5.272209207125
A_23_P27709	CGB2	4.61924078945833
A_23_P363163	CGGBP1	8.54275629716667
A_33_P3329974	CGN	8.425265890875
A_23_P163306	CGNL1	5.62737093766667
A_21_P0000061	CGREF1	7.78700250391667
A_23_P37283	CGRRF1	7.88132245229167
A_23_P86470	CH25H	4.22950848879167
A_33_P3376965	CHAC1	8.880494401875
A_32_P194264	CHAC2	7.60469435216667
A_23_P26976	CHAD	4.62548348779167
A_33_P3339531	CHADL	5.48050852441667
A_24_P53519	CHAF1A	6.37070857695833
A_23_P57306	CHAF1B	8.48436801566667
A_23_P164559	CHAMP1	9.837954149125
A_23_P46894	CHAT	5.36149793966667
A_23_P371613	CHCHD1	10.9224445470833
A_24_P6083	CHCHD10	11.23817342875
A_24_P400376	CHCHD2	8.74736733033333
A_23_P251927	CHCHD3	9.260536775375
A_23_P428849	CHCHD4	9.33875803820833
A_24_P379727	CHCHD5	8.66979474425
A_33_P3235975	CHCHD6	9.33523780783333
A_23_P338603	CHCHD7	8.14406411325
A_33_P3278435	CHCHD8	8.43649708620833
A_23_P70201	CHD1	8.56381393258333
A_23_P45831	CHD1L	7.17899105725
A_24_P184844	CHD2	6.10549527120833
A_33_P3239287	CHD3	11.8171764475
A_23_P53541	CHD4	12.815346185
A_33_P3419321	CHD5	4.991683836375
A_33_P3401452	CHD6	7.295398373125
A_24_P289383	CHD7	10.0155848604167
A_24_P361167	CHD8	11.8009314529167
A_24_P942250	CHD9	10.4004855908333
A_23_P357185	CHDH	4.34121599466667
A_33_P3349536	CHEK1	5.7655701375
A_33_P3386760	CHEK2	6.328529483125
A_23_P16139	CHERP	8.06740468225
A_23_P344037	CHFR	8.10407253616667
A_33_P3293164	CHGA	13.7477197304167
A_23_P57155	CHGB	9.47718474975
A_23_P12082	CHI3L2	3.644691638875
A_23_P34888	CHIA	4.20868119075
A_33_P3215093	CHIC1	5.03703492120833
A_23_P110345	CHIC2	7.49080762345833
A_24_P295806	CHID1	8.9360162425
A_33_P3388501	CHIT1	5.26813180354167
A_23_P124742	CHKA	11.1004327283333
A_23_P314120	CHKB	8.51631883979167
A_23_P212241	CHL1	5.68640449875
A_23_P22548	CHM	6.83156619645833
A_24_P712350	CHML	8.38594284725
A_24_P287780	CHMP1A	9.00844934295833
A_33_P3276475	CHMP1B	9.23461263641667
A_23_P153236	CHMP2A	12.54746464125
A_24_P114617	CHMP2B	7.64129756604167
A_24_P240065	CHMP3	8.41654354266667
A_24_P142024	CHMP4A	10.7019337020833
A_23_P28969	CHMP4B	9.376282156625
A_23_P432598	CHMP4C	3.59317318570833
A_23_P83278	CHMP5	11.5108885558333
A_23_P10156	CHMP6	8.52430641316667
A_23_P303203	CHMP7	8.49130757579167
A_33_P3325723	CHN1	10.5545124166667
A_33_P3237899	CHN2	8.19265490245833
A_23_P68669	CHODL	7.18322735720833
A_33_P3217198	CHODL-AS1	3.82347064970833
A_33_P3502037	CHORDC1	7.4117120865
A_23_P112801	CHP	12.0927118495833
A_23_P349463	CHP2	4.87857943520833
A_33_P3316878	CHPF	11.4854486091667
A_23_P397055	CHPF2	8.446479712625
A_23_P105571	CHPT1	7.1731005505
A_33_P3400263	CHRAC1	5.96085300704167
A_33_P3249305	CHRD	6.937120343
A_23_P159893	CHRDL1	7.53073866875
A_23_P13548	CHRDL2	3.87528010308333
A_33_P3313519	CHRFAM7A	6.64522001195833
A_33_P3351298	CHRM2	3.775793744875
A_21_P0013981	CHRM3	4.29106157929167
A_33_P3367850	CHRM4	5.12416916220833
A_23_P117873	CHRM5	4.37873554
A_33_P3365305	CHRNA1	6.82409640179167
A_23_P411188	CHRNA10	6.50305890120833
A_23_P251443	CHRNA2	4.7311447135
A_33_P3388147	CHRNA3	5.27439081445833
A_33_P3217584	CHRNA4	7.830294921625
A_23_P88691	CHRNA5	7.86720415241667
A_23_P157593	CHRNA6	4.90316048466667
A_32_P35969	CHRNA7	6.96987882845833
A_23_P207106	CHRNB1	7.78582921416667
A_33_P3215635	CHRNB2	11.3088319616667
A_23_P123424	CHRNB3	7.25737075591667
A_23_P332789	CHRNB4	5.80382864908333
A_23_P430558	CHRND	5.562903559875
A_23_P304279	CHRNE	5.148227296125
A_33_P3212192	CHRNG	3.97203943570833
A_33_P3413355	CHST1	5.35673831008333
A_33_P3277198	CHST10	6.429267166875
A_23_P139919	CHST11	6.64947955545833
A_33_P3373459	CHST12	11.0577837675
A_33_P3345186	CHST13	6.11721327633333
A_24_P210637	CHST14	5.46791762933333
A_21_P0000194	CHST15	4.62371635004167
A_23_P40847	CHST2	9.76930207929167
A_24_P269779	CHST3	4.249418934
A_23_P141035	CHST4	5.588723568375
A_23_P430670	CHST5	5.46840347066667
A_23_P106922	CHST6	7.94304746616667
A_23_P319617	CHST7	6.109996547625
A_23_P90273	CHST8	12.3325672666667
A_32_P111639	CHST9	4.998135939625
A_23_P37484	CHSY1	11.0388861958333
A_23_P368886	CHSY3	3.42259378554167
A_23_P354297	CHTF18	9.43805807516667
A_32_P112279	CHTF8	7.9446985095
A_23_P138253	CHTOP	6.90545673391667
A_33_P3258141	CHUK	10.45545812125
A_33_P3354539	CHURC1	8.29209839404167
A_33_P3306397	CIAO1	10.0389405882917
A_32_P204381	CIAPIN1	11.0760318429167
A_24_P44514	CIB1	7.70877972491667
A_33_P3308914	CIB2	11.9345025204167
A_23_P130585	CIB3	5.203668967875
A_23_P56913	CIB4	3.94780263104167
A_23_P376704	CIDEA	5.22455577108333
A_23_P37359	CIDEB	4.62434039795833
A_23_P92025	CIDEC	7.791103092125
A_33_P3324394	CIITA	4.38004547345833
A_23_P151895	CILP	4.994481190875
A_33_P3313283	CILP2	6.569649947875
A_23_P88134	CINP	5.71095259029167
A_23_P39814	CIR1	8.84616524141667
A_23_P377616	CIRBP	9.10322013045833
A_24_P25346	CIRH1A	10.66011998625
A_24_P38754	CISD1	8.68586914529167
A_33_P3362641	CISD2	8.38588516216667
A_33_P3362636	CISD3	NA
A_23_P144096	CISH	5.27949761658333
A_23_P420551	CIT	6.334701649375
A_23_P73526	CITED1	6.816072501375
A_33_P3213374	CITED2	9.68418771433333
A_32_P209230	CITED4	10.88371066625
A_33_P3247237	CIZ1	8.48503131354167
A_24_P99090	CKAP2	6.84754114666667
A_23_P388812	CKAP2L	4.23097619670833
A_23_P48056	CKAP4	9.39812906983333
A_23_P135977	CKAP5	10.9706667866667
A_23_P25674	CKB	14.27290410875
A_24_P215804	CKLF	7.219589246125
A_23_P50250	CKM	7.960744509
A_23_P163235	CKMT1A	10.7499200883333
A_23_P144778	CKMT2	5.12234078429167
A_23_P45917	CKS1B	8.79969303670833
A_23_P71727	CKS2	9.93851580995833
A_23_P311232	CLASP1	8.49903886766667
A_24_P127748	CLASP2	10.8670243733333
A_33_P3236403	CLASRP	10.5658595658333
A_23_P101683	CLC	3.89254205404167
A_23_P51217	CLCA1	3.85158567
A_23_P34382	CLCA3P	4.14726490545833
A_33_P3224250	CLCC1	6.84659742845833
A_23_P138760	CLCF1	5.493024584625
A_23_P59772	CLCN1	5.260645340125
A_21_P0000083	CLCN2	9.01049926470833
A_21_P0013622	CLCN3	6.42071047891667
A_33_P3415097	CLCN4	10.689137385
A_33_P3415087	CLCN5	8.12182544016667
A_33_P3270228	CLCN6	7.87719781104167
A_23_P129334	CLCN7	8.39877642870833
A_24_P2361	CLCNKA	5.15909621595833
A_24_P224966	CLCNKB	5.95064406766667
A_23_P57784	CLDN1	4.32361668045833
A_33_P3369495	CLDN10	5.174233157
A_33_P3255404	CLDN11	4.35494268833333
A_23_P412515	CLDN12	6.81635595091667
A_23_P91512	CLDN14	4.25794632591667
A_23_P500886	CLDN15	6.22647779725
A_33_P3314401	CLDN16	3.90502651666667
A_23_P360924	CLDN17	3.892431055375
A_33_P3299739	CLDN19	6.39724904270833
A_33_P3249046	CLDN2	4.04332960245833
A_33_P3410816	CLDN20	4.01485220983333
A_33_P3291816	CLDN22	4.27700952204167
A_23_P134854	CLDN23	5.88410190558333
A_33_P3218089	CLDN24	4.36567453491667
A_33_P3280750	CLDN25	4.211596251125
A_33_P3285565	CLDN3	6.32169815
A_33_P3285545	CLDN4	5.74183415125
A_33_P3285540	CLDN5	9.54622121679167
A_23_P37942	CLDN6	8.73391187554167
A_21_P0000099	CLDN7	5.78769329975
A_23_P351138	CLDN9	4.64462093770833
A_23_P155556	CLDND1	11.5705830429167
A_23_P374902	CLDND2	4.127573871625
A_23_P141505	CLEC10A	4.230971558
A_33_P3229032	CLEC11A	10.5455334479167
A_23_P128470	CLEC12A	3.86905315741667
A_33_P3303519	CLEC12B	4.86306736283333
A_24_P215653	CLEC14A	4.234289598375
A_32_P194246	CLEC16A	7.72866016633333
A_33_P3236734	CLEC17A	4.55052225366667
A_23_P206501	CLEC18B	10.6805729120833
A_33_P3320678	CLEC18C	6.15009524204167
A_33_P3236071	CLEC1B	4.26059690304167
A_33_P3295348	CLEC2A	4.06621737904167
A_33_P3332970	CLEC2B	4.89261508929167
A_32_P80068	CLEC2D	8.371467942
A_23_P42931	CLEC2L	3.73055600045833
A_33_P3295343	CLEC3A	3.899529048375
A_23_P69497	CLEC3B	6.00977364858333
A_23_P48029	CLEC4A	6.13762292066667
A_23_P2616	CLEC4C	3.98425360208333
A_33_P3352578	CLEC4D	3.81666782616667
A_23_P380990	CLEC4F	6.18732700770833
A_33_P3213235	CLEC4G	8.07935746758333
A_33_P3246178	CLEC4GP1	7.52839046420833
A_23_P208482	CLEC4M	4.67651623166667
A_24_P227415	CLEC7A	3.81046736445833
A_23_P321984	CLECL1	4.02283127304167
A_23_P18684	CLGN	10.7585127758333
A_23_P30884	CLIC1	12.55040183875
A_33_P3775848	CLIC2	5.26220219466667
A_33_P3336686	CLIC3	4.26869693704167
A_33_P3373364	CLIC4	8.31545512575
A_23_P416774	CLIC5	8.094313571625
A_23_P385067	CLIC6	4.27768538004167
A_23_P133345	CLINT1	9.681588987125
A_23_P25003	CLIP1	10.2541406997083
A_33_P3272169	CLIP2	9.63005110591667
A_23_P50786	CLIP3	13.12290091875
A_33_P3232458	CLIP4	6.04240564729167
A_33_P3211513	CLK1	9.68515102879167
A_24_P67027	CLK2	7.98913544766667
A_32_P20691	CLK3	5.61748066625
A_23_P61674	CLK4	9.49229351329167
A_33_P3396404	CLLU1OS	4.28789511316667
A_23_P25706	CLMN	6.17910430054167
A_23_P35995	CLMP	8.82377386691667
A_24_P187651	CLN3	8.46555321825
A_33_P3365805	CLN5	6.60209120683333
A_23_P117797	CLN6	8.04636594266667
A_23_P407206	CLN8	4.09460397954167
A_33_P3267989	CLNK	4.54590406333333
A_23_P127995	CLNS1A	11.8038734575
A_23_P419038	CLOCK	6.31733926208333
A_24_P252973	CLP1	8.26759419745833
A_23_P75978	CLPB	7.68956287504167
A_23_P4754	CLPP	12.71901434875
A_23_P8142	CLPS	5.29672874025
A_23_P50241	CLPTM1	9.43947642541667
A_23_P110504	CLPTM1L	11.14377483625
A_23_P140511	CLPX	9.79903183725
A_23_P364567	CLRN1	3.85875517195833
A_33_P3394347	CLRN1-AS1	6.379077790375
A_33_P3236077	CLRN2	4.084291642875
A_23_P126212	CLSPN	4.2753997525
A_24_P191067	CLSTN1	11.5292894320833
A_23_P212608	CLSTN2	6.545621898375
A_33_P3269803	CLSTN3	10.9769169358333
A_23_P219144	CLTA	13.0222476220833
A_33_P3328666	CLTB	7.26617505670833
A_33_P3274731	CLTC	4.91113901075
A_23_P143559	CLTCL1	7.698160621
A_23_P215913	CLU	10.6379438516667
A_23_P77714	CLUAP1	9.47591705625
A_33_P3323238	CLUL1	5.133331710375
A_24_P269551	CLVS1	3.75304213991667
A_23_P376591	CLYBL	6.16769913666667
A_23_P151778	CMA1	4.130089028125
A_33_P3281572	CMAHP	3.90005624433333
A_32_P73045	CMAS	8.92501567620833
A_33_P3251751	CMBL	4.07862252691667
A_24_P408740	CMC1	9.82159422954167
A_23_P371239	CMIP	10.3863373215
A_23_P105465	CMKLR1	5.051572128875
A_23_P115366	CMPK1	8.11533512325
A_33_P3215198	CMPK2	5.74455580679167
A_23_P106661	CMTM1	5.630580831875
A_33_P3340342	CMTM3	10.3187876
A_32_P84009	CMTM4	9.67993563729167
A_23_P106042	CMTM5	3.99962029816667
A_24_P97526	CMTM6	8.05387212316667
A_33_P3376828	CMTM7	8.97261422995833
A_23_P40880	CMTM8	8.04891196670833
A_23_P124946	CMYA5	4.868468054375
A_33_P3372682	CN5H6.4	6.621910339375
A_23_P371861	CNBD1	4.33095428508333
A_24_P664939	CNBP	10.4456360545833
A_23_P9869	CNDP1	4.11876631175
A_23_P89812	CNDP2	10.2420281179167
A_33_P3411848	CNFN	7.50148939833333
A_23_P92536	CNGA1	3.347667920875
A_33_P3334615	CNGA2	4.148259904875
A_23_P68167	CNGA3	7.85475352120833
A_23_P2006	CNGA4	6.134068642125
A_23_P37718	CNGB1	5.876844613125
A_23_P216376	CNGB3	4.031698780375
A_33_P3370634	CNIH	9.560827416875
A_24_P203315	CNIH2	9.081255257
A_23_P384044	CNIH3	5.496078079125
A_33_P3318746	CNIH4	10.1514364390417
A_33_P3386242	CNKSR1	7.28921158833333
A_33_P3240722	CNKSR2	4.17279672554167
A_23_P134085	CNKSR3	4.7284262775
A_23_P125233	CNN1	6.14271562554167
A_24_P142743	CNN2	8.19701597295833
A_23_P138168	CNN3	11.1844305795833
A_23_P46947	CNNM1	3.71791908033333
A_23_P24044	CNNM2	5.23506023754167
A_33_P3255274	CNNM3	7.21420117366667
A_23_P119923	CNNM4	10.4834506470833
A_23_P69670	CNO	8.678767540625
A_24_P101114	CNOT1	5.89782053595833
A_23_P112652	CNOT10	9.29832513829167
A_33_P3287690	CNOT2	7.77338884
A_33_P3271171	CNOT3	8.36646364745833
A_23_P156993	CNOT4	6.36047593258333
A_24_P940125	CNOT6	9.85695948366667
A_33_P3277943	CNOT6L	7.83578161691667
A_23_P394166	CNOT7	9.58890890829167
A_23_P110846	CNOT8	9.94089905808333
A_24_P128683	CNPPD1	9.21564765858333
A_33_P3220347	CNPY1	5.95647956704167
A_23_P53288	CNPY2	11.7371577225
A_24_P277747	CNPY3	8.22139122520833
A_23_P157038	CNPY4	7.42727233995833
A_23_P214208	CNR1	12.4752236683333
A_23_P310931	CNR2	4.60226056529167
A_33_P3350621	CNRIP1	7.63583950641667
A_33_P3376379	CNST	7.65122152654167
A_33_P3315320	CNTD1	5.23344005179167
A_33_P3315331	CNTD2	5.89329720629167
A_33_P3256778	CNTF	4.68781411716667
A_23_P9402	CNTFR	8.08532960979167
A_23_P157963	CNTLN	5.65409972008333
A_33_P3409090	CNTN1	7.50729633070833
A_24_P114142	CNTN2	14.2926178958333
A_24_P71649	CNTN3	6.74652881229167
A_23_P144020	CNTN4	4.56014041495833
A_23_P503059	CNTN5	5.330273833875
A_33_P3329378	CNTN6	5.97552573620833
A_23_P411113	CNTNAP1	8.68792586670833
A_33_P3367196	CNTNAP2	5.48226341829167
A_24_P418203	CNTNAP3	5.05314697029167
A_21_P0013564	CNTNAP3B	5.48171530791667
A_24_P27513	CNTNAP4	4.04287346333333
A_23_P56787	CNTNAP5	5.15806052195833
A_33_P3257554	CNTRL	5.392218138125
A_23_P9761	CNTROB	9.4538725115
A_33_P3351982	COA5	9.757399613375
A_23_P4144	COASY	10.3961460820833
A_33_P3327673	COBL	4.69020384004167
A_33_P3238215	COBLL1	5.63064801583333
A_23_P148150	COBRA1	10.5834392545833
A_24_P184799	COCH	7.48999328820833
A_33_P3372580	COG1	10.6533659345833
A_23_P160809	COG2	9.910351994875
A_24_P296070	COG3	9.22798149704167
A_33_P3257628	COG4	8.43808483570833
A_21_P0000029	COG5	7.25041074908333
A_23_P53866	COG6	9.18099233141667
A_23_P329361	COG7	8.89243604258333
A_33_P3287379	COG8	8.84459994504167
A_33_P3315410	COIL	9.90020151858333
A_23_P214144	COL10A1	5.75743608558333
A_33_P3216442	COL11A2	6.75794069175
A_23_P214168	COL12A1	3.720565920125
A_23_P1331	COL13A1	4.45410979404167
A_32_P80850	COL14A1	4.97345271245833
A_23_P112554	COL15A1	3.757288031875
A_33_P3210647	COL16A1	6.59527078316667
A_23_P501010	COL17A1	4.41812572170833
A_23_P211212	COL18A1	12.2984154116667
A_33_P3239487	COL18A1-AS1	3.99105485291667
A_23_P375922	COL19A1	4.243425849
A_33_P3304668	COL1A1	4.97564081041667
A_24_P277934	COL1A2	5.13444005875
A_32_P185637	COL20A1	4.931675293625
A_23_P31124	COL21A1	4.27790574229167
A_32_P405759	COL22A1	4.20372588245833
A_23_P387031	COL23A1	5.52469091195833
A_23_P74701	COL24A1	4.46700534116667
A_24_P257478	COL25A1	5.58996391295833
A_33_P3413168	COL27A1	6.33709425420833
A_33_P3398236	COL28A1	4.35756448429167
A_23_P500464	COL2A1	5.49497576904167
A_24_P935491	COL3A1	3.77650118220833
A_23_P65240	COL4A1	7.52940869625
A_23_P205031	COL4A2	11.8979048091667
A_23_P170679	COL4A3	3.82988909495833
A_33_P3271445	COL4A3BP	10.1077616032917
A_33_P3227400	COL4A4	4.20379594229167
A_23_P45365	COL4A5	4.60005185954167
A_33_P3262969	COL4A6	4.367167910375
A_23_P83818	COL5A1	5.52276141779167
A_23_P33196	COL5A2	8.71779592491667
A_23_P55749	COL5A3	3.89503739475
A_32_P32254	COL6A1	14.5905126041667
A_33_P3269539	COL6A2	9.016887925125
A_33_P3210488	COL6A3	3.64015836970833
A_21_P0000549	COL6A4P1	3.721180520125
A_21_P0012396	COL6A4P2	4.39568469920833
A_32_P224525	COL6A6	4.22534894979167
A_23_P144071	COL7A1	8.7438756895
A_23_P69030	COL8A1	4.290990339125
A_33_P3297930	COL8A2	4.30913400683333
A_24_P311856	COL9A1	6.02618250645833
A_23_P45786	COL9A2	9.409735761375
A_23_P40108	COL9A3	12.3808127454167
A_23_P120125	COLEC11	7.39234166895833
A_23_P27306	COLEC12	3.54511472020833
A_23_P212126	COLQ	5.83006670229167
A_23_P389525	COMMD1	11.6578576654167
A_23_P252403	COMMD10	8.730475301
A_23_P40782	COMMD2	8.19314833004167
A_23_P138514	COMMD3	13.1278576025
A_24_P331904	COMMD4	10.8992791320833
A_23_P20255	COMMD5	7.167648240375
A_24_P920521	COMMD6	8.5150521445
A_32_P141724	COMMD7	9.91886338558333
A_33_P3285077	COMMD8	8.307353408625
A_24_P264943	COMP	5.287285912375
A_23_P251680	COMT	10.48700776625
A_33_P3257222	COMTD1	10.7919219270833
A_32_P20454	COPA	8.710700299625
A_33_P3287263	COPB1	11.2332290183333
A_23_P91891	COPB2	11.4065287966667
A_24_P399622	COPE	7.371808339625
A_23_P44617	COPG	9.13116309354167
A_23_P61280	COPG2	7.52645754875
A_33_P3294459	COPG2IT1	11.62581553625
A_23_P26021	COPS2	10.7259209466667
A_23_P89199	COPS3	11.4076402691667
A_23_P43779	COPS4	10.5831602108333
A_23_P71419	COPS5	12.33345161625
A_23_P8432	COPS6	12.4777619558333
A_23_P2474	COPS7A	8.509817057
A_33_P3292297	COPS7B	7.3433246755
A_33_P3230324	COPS8	9.09822653225
A_24_P389959	COPZ1	11.3780657329167
A_23_P101093	COPZ2	4.17025152375
A_23_P354798	COQ10A	9.96336348175
A_23_P102037	COQ10B	6.80927270841667
A_23_P124733	COQ2	6.13410536454167
A_23_P111228	COQ3	6.54876167583333
A_24_P389491	COQ4	7.07949400395833
A_23_P105625	COQ5	10.6339611504167
A_23_P65584	COQ6	8.12489449216667
A_24_P398972	COQ7	8.918740003875
A_23_P14928	COQ9	9.88433286929167
A_23_P81131	CORIN	4.2813414095
A_23_P106761	CORO1A	9.99842689570833
A_23_P104583	CORO1B	8.01068327541667
A_24_P81947	CORO1C	10.77027449
A_23_P146444	CORO2A	10.238491497125
A_23_P117694	CORO2B	10.8708294604167
A_23_P107322	CORO6	7.82655773808333
A_33_P3343295	CORO7	12.2251746920833
A_23_P258164	CORT	7.363151846375
A_24_P416131	COTL1	12.1571065670833
A_23_P301925	COX1	16.4061596858333
A_23_P55123	COX10	7.710551874125
A_23_P152666	COX11	8.82189576520833
A_33_P3409302	COX15	6.03299254016667
A_23_P53957	COX16	12.1147023129167
A_23_P65157	COX17	12.6196275608333
A_33_P3227857	COX18	4.99530715725
A_32_P9468	COX19	8.81298256345833
A_23_P402751	COX2	15.6190199995833
A_23_P141032	COX4I1	13.090102825
A_23_P210869	COX4I2	4.748964596375
A_23_P106859	COX4NB	10.5255020445833
A_19_P00808453	COX5A	10.7990854883333
A_33_P3274851	COX5B	13.0358116408333
A_32_P168247	COX6A1	15.5411080733333
A_33_P3279610	COX6A2	7.84633409483333
A_23_P108244	COX6B1	14.1925989095833
A_33_P3378284	COX6B2	8.61072498775
A_23_P8900	COX6C	13.9315244020833
A_23_P67661	COX7A1	3.8106507465
A_23_P81690	COX7A2	14.4193415233333
A_24_P88800	COX7A2L	11.04117935
A_23_P159650	COX7B	12.8847599216667
A_23_P136246	COX7B2	3.84207864266667
A_23_P110811	COX7C	14.4870082404167
A_23_P52639	COX8A	14.79929863375
A_33_P3372069	COX8C	5.93994258954167
A_33_P3296587	CP	3.98394977733333
A_23_P168357	CPA1	4.27212237629167
A_23_P31161	CPA2	3.80617538983333
A_23_P18017	CPA3	4.27393716525
A_23_P19754	CPA4	4.0777731095
A_33_P3228600	CPA5	4.10398775133333
A_23_P67198	CPAMD8	6.893032437875
A_23_P6615	CPB1	4.099019056125
A_33_P3413020	CPB2	4.14784149120833
A_24_P53282	CPD	6.68575925870833
A_23_P259442	CPE	13.8992687525
A_33_P3268838	CPEB1	8.85742521008333
A_32_P225355	CPEB2	5.29372446691667
A_23_P46812	CPEB3	6.66513849658333
A_23_P251937	CPEB4	11.0012644316667
A_24_P51909	CPLX1	11.1766224258333
A_24_P391868	CPLX2	7.02951986870833
A_23_P117851	CPLX3	8.6673044905
A_23_P98147	CPN1	5.025133434
A_24_P137461	CPN2	4.02562274025
A_33_P3290888	CPNE1	12.208479025
A_23_P37988	CPNE2	6.41139577154167
A_24_P64126	CPNE3	8.270369527375
A_23_P327551	CPNE4	4.53943826554167
A_23_P360804	CPNE5	8.69974941333333
A_23_P151598	CPNE6	3.98704671583333
A_33_P3262191	CPNE7	10.87072526
A_24_P56240	CPNE8	4.680807712
A_23_P57829	CPNE9	6.42659037820833
A_23_P102172	CPO	3.63970343816667
A_33_P3301025	CPOX	8.86679685504167
A_23_P77401	CPPED1	6.46908742154167
A_33_P3242798	CPS1	9.42688316866667
A_23_P16694	CPS1-IT1	4.00968174620833
A_23_P169112	CPSF1	8.93911071791667
A_24_P82074	CPSF2	3.76767145845833
A_23_P28688	CPSF3	9.07921755775
A_33_P3270802	CPSF3L	9.65490902279167
A_23_P42997	CPSF4	10.5171042195833
A_33_P3265194	CPSF4L	4.25356870379167
A_24_P121271	CPSF6	9.58590908908333
A_33_P3309039	CPSF7	10.05463015275
A_23_P104563	CPT1A	6.898653697875
A_23_P218817	CPT1B	9.30922227254167
A_33_P3392391	CPT1C	11.3250655454167
A_23_P148919	CPT2	8.85578775183333
A_23_P134347	CPVL	6.00151849445833
A_23_P62336	CPXCR1	3.77306404420833
A_23_P6066	CPXM1	9.83278255929167
A_33_P3333158	CPXM2	4.76654830741667
A_23_P256821	CR1	3.78809375270833
A_33_P3319126	CR1L	3.85608957720833
A_33_P3303697	CR2	4.39284596133333
A_33_P3216869	CRABP1	12.9604664545833
A_33_P3294826	CRABP2	8.74788948495833
A_32_P29806	CRADD	10.312974300625
A_23_P407992	CRAMP1L	4.90806391229167
A_33_P3280531	CRAT	11.7678514291667
A_23_P12357	CRB1	5.97175022845833
A_24_P326398	CRB2	5.23437940316667
A_33_P3256391	CRB3	4.30224755883333
A_33_P3398401	CRBN	10.0112224645
A_21_P0013318	CRCP	7.408972603125
A_33_P3401295	CRCT1	3.68067700820833
A_23_P79231	CREB1	9.023668666375
A_23_P423389	CREB3	9.59458798233333
A_23_P150407	CREB3L1	8.36842305720833
A_33_P3320888	CREB3L2	7.86053462783333
A_23_P108082	CREB3L3	5.70877475516667
A_33_P3345708	CREB3L4	8.86889636204167
A_23_P157117	CREB5	8.78795819204167
A_33_P3240229	CREBBP	9.77565185425
A_24_P56194	CREBL2	7.41679609208333
A_23_P203645	CREBZF	5.65004220479167
A_33_P3231297	CREG1	9.17164989775
A_23_P394986	CREG2	5.30898608933333
A_23_P155376	CRELD1	8.71147152304167
A_23_P33465	CRELD2	10.84973110875
A_24_P360763	CREM	7.44754968070833
A_23_P31755	CRH	3.83231296120833
A_23_P30567	CRHBP	3.96585047045833
A_33_P3320443	CRHR1	7.36775924954167
A_23_P215331	CRHR2	5.0076819935
A_24_P11575	CRIM1	4.2296715085
A_33_P3354965	CRIP1	6.2018077365
A_23_P112798	CRIP2	12.67143492875
A_33_P3325404	CRIP3	4.511050609125
A_23_P431330	CRIPAK	9.63432622079167
A_33_P3251989	CRIPT	9.68513504516667
A_33_P3260377	CRISPLD1	5.50547070595833
A_23_P106602	CRISPLD2	4.17925358304167
A_24_P270814	CRK	9.09855293183333
A_24_P935009	CRKL	5.30659053708333
A_33_P3252286	CRLF1	10.6968817994583
A_33_P3298139	CRLF2	4.43112299104167
A_24_P56894	CRLF3	6.35737245691667
A_33_P3502315	CRLS1	8.87934871570833
A_23_P132889	CRMP1	9.84464453879167
A_24_P40229	CRNKL1	5.284933075375
A_23_P115202	CRNN	4.41553572533333
A_33_P3663705	CROCC	6.526712474125
A_21_P0010600	CROCCP2	8.563377081375
A_32_P384562	CROCCP3	5.52874581733333
A_33_P3355208	CROT	4.87309902691667
A_23_P431971	CRTAC1	3.789759234125
A_24_P71661	CRTAP	4.62830774779167
A_33_P3420204	CRTC1	9.270662386625
A_23_P12173	CRTC2	10.3266319066667
A_23_P77228	CRTC3	7.90918555654167
A_33_P3370707	CRX	4.33866612241667
A_24_P407235	CRY1	6.39550406191667
A_23_P127394	CRY2	10.2009359565417
A_33_P3253006	CRYAA	5.16304639804167
A_24_P206776	CRYAB	6.65307086316667
A_23_P4254	CRYBA1	6.488992061625
A_33_P3314231	CRYBA2	6.41025000658333
A_23_P103034	CRYBA4	3.74968479175
A_23_P143621	CRYBB1	4.622950063625
A_23_P425066	CRYBB2	8.02680891995833
A_33_P3358158	CRYBB2P1	9.071180024875
A_24_P359441	CRYBB3	3.75336122175
A_23_P165380	CRYGA	5.379219084
A_23_P142606	CRYGC	4.44617812004167
A_23_P131215	CRYGD	4.717188345
A_33_P3461948	CRYGN	4.66972994941667
A_23_P132738	CRYGS	7.13358640704167
A_23_P162746	CRYL1	7.051884363
A_23_P77731	CRYM	5.03469632633333
A_33_P3391476	CRYZ	6.71405506029167
A_23_P218731	CRYZL1	6.22292595054167
A_21_P0011678	CS	12.7927777291667
A_24_P27229	CSAD	6.60335398275
A_24_P11061	CSAG1	5.45152371441667
A_23_P25224	CSDA	7.08471870070833
A_24_P177279	CSDC2	7.57467455341667
A_32_P73821	CSDE1	10.7780047604167
A_33_P3284029	CSE1L	11.3587420729167
A_33_P3354945	CSF1	4.83314389795833
A_23_P110791	CSF1R	4.0755816685
A_23_P133408	CSF2	3.74272035791667
A_23_P501985	CSF2RA	4.02044202520833
A_33_P3341442	CSF2RB	4.39319632625
A_33_P3222424	CSF3	3.767013609875
A_33_P3881262	CSF3R	6.30748025891667
A_23_P134835	CSGALNACT1	8.38380496241667
A_23_P149892	CSGALNACT2	7.25430070316667
A_23_P381351	CSH1	5.61401747095833
A_23_P207154	CSH2	5.38203695404167
A_23_P344408	CSHL1	5.08855279004167
A_23_P152024	CSK	9.48667149191667
A_33_P3230239	CSMD1	5.309107056
A_33_P3246935	CSMD2	4.48835461291667
A_23_P326020	CSMD3	4.82171667866667
A_23_P110234	CSN1S1	4.32045694695833
A_33_P3372635	CSN1S2AP	3.7542568355
A_23_P144394	CSN2	4.18787048154167
A_23_P252882	CSN3	4.04584854920833
A_24_P183292	CSNK1A1	9.07233427983333
A_24_P338788	CSNK1A1L	3.98410828354167
A_33_P3324765	CSNK1D	9.22571723770833
A_33_P3265180	CSNK1E	10.6045922566667
A_33_P3267208	CSNK1G1	5.95776655908333
A_33_P3259017	CSNK1G2	10.6518741716667
A_24_P234792	CSNK1G3	8.64354708204167
A_24_P76666	CSNK2A1	8.08781722045833
A_24_P97931	CSNK2B	12.7913067908333
A_21_P0011330	CSPG4	5.08973357575
A_33_P3397670	CSPG4P1Y	3.92952804579167
A_24_P342944	CSPG5	7.25575272445833
A_23_P71537	CSPP1	8.23371205995833
A_23_P121011	CSRNP1	5.66721558379167
A_23_P151209	CSRNP2	12.0916760116667
A_33_P3420048	CSRNP3	9.707085298
A_23_P74359	CSRP1	3.99510487683333
A_23_P44724	CSRP2	12.6323344795833
A_23_P501435	CSRP2BP	10.8283776808333
A_23_P24469	CSRP3	4.61489285995833
A_23_P112859	CST1	3.70870605504167
A_23_P120588	CST11	3.851514557125
A_24_P237175	CST2	3.98276976070833
A_33_P3228266	CST3	8.94940313295833
A_23_P170453	CST5	7.07681938554167
A_23_P146946	CST6	5.29981388129167
A_32_P81879	CST9	3.58657436045833
A_23_P154894	CSTB	11.8688439375
A_23_P362824	CSTF1	9.72750131745833
A_23_P148372	CSTF2	8.92065868570833
A_24_P941051	CSTF2T	9.9322414775
A_24_P256552	CSTF3	9.59634578291667
A_33_P3381087	CSTL1	3.864743608
A_21_P0013834	CT45A1	4.30985340279167
A_32_P170547	CT45A5	5.00196417491667
A_24_P332857	CT47A11	5.85575058941667
A_33_P3247165	CT62	4.22418834175
A_23_P148541	CTAG1A	4.35938152283333
A_33_P3318343	CTAG2	4.84041280454167
A_24_P305223	CTAGE1	4.63700056570833
A_24_P358054	CTAGE10P	4.42035385370833
A_24_P332623	CTAGE11P	8.08568670016667
A_23_P402952	CTAGE15P	5.76516203654167
A_24_P169773	CTAGE4	7.30711202208333
A_24_P333326	CTAGE5	4.554445774375
A_21_P0010847	CTAGE7P	4.43867083595833
A_23_P41292	CTBP1	9.59625985804167
A_24_P103922	CTBP2	10.2259880155
A_24_P940135	CTBS	6.69547288091667
A_33_P3312104	CTC1	7.39782728525
A_24_P347704	CTCF	8.48542987308333
A_24_P387437	CTCFL	4.00253193245833
A_33_P3384825	CTDNEP1	11.3469423479167
A_23_P101111	CTDP1	7.62834668008333
A_23_P28263	CTDSP1	8.002481887375
A_23_P81880	CTDSP2	9.51810992770833
A_24_P251534	CTDSPL	6.95348195991667
A_32_P76060	CTDSPL2	6.5517578025
A_33_P3822503	CTF1	6.693203641625
A_23_P19663	CTGF	6.11971547245833
A_23_P126103	CTH	8.30541597958333
A_23_P111888	CTHRC1	9.298693248
A_23_P207967	CTIF	12.0567495895833
A_33_P3401556	CTLA4	3.732562641625
A_33_P3403418	CTNNA1	10.76103035625
A_33_P3248943	CTNNA2	6.03953651666667
A_33_P3302191	CTNNA3	4.71706894645833
A_33_P3260605	CTNNAL1	8.77706215691667
A_23_P29495	CTNNB1	11.0755518641667
A_23_P23584	CTNNBIP1	10.2625609054167
A_33_P3272361	CTNNBL1	10.7566785466667
A_33_P3209716	CTNND1	6.79682953883333
A_23_P110624	CTNND2	13.3366036241667
A_33_P3283900	CTNS	4.65693769791667
A_33_P3235217	CTPS	10.0567987969167
A_23_P10305	CTPS2	8.12451907095833
A_23_P127676	CTR9	9.731336253625
A_32_P86150	CTRB2	9.200912506
A_33_P3254331	CTRC	4.89561680504167
A_24_P90900	CTRL	5.64492339304167
A_33_P3280213	CTSA	9.33931204408333
A_33_P3287631	CTSB	9.76401748883333
A_33_P3283480	CTSC	5.87705424904167
A_33_P3243907	CTSD	9.80989823995833
A_23_P10291	CTSE	4.800664000625
A_23_P24433	CTSF	11.7841349108333
A_23_P140384	CTSG	5.00634434745833
A_23_P14774	CTSH	4.601490939
A_23_P34744	CTSK	8.08067952733333
A_23_P94533	CTSL1	9.309864075
A_21_P0010920	CTSL1P2	6.140357621625
A_21_P0000597	CTSL1P8	8.58416630454167
A_23_P146456	CTSL2	4.70209918945833
A_33_P3355580	CTSL3	3.94514207645833
A_33_P3418025	CTSO	7.14606000366667
A_24_P396167	CTSW	3.59937490658333
A_33_P3310780	CTTN	9.28056453133333
A_23_P215744	CTTNBP2	9.181903788375
A_23_P318420	CTTNBP2NL	9.02062242304167
A_33_P3395971	CTU1	8.65732147791667
A_24_P118247	CTU2	8.473943367
A_33_P3320953	CTXN1	12.74925045375
A_21_P0000008	CTXN2	4.438828114125
A_32_P189413	CTXN3	8.43462087966667
A_33_P3219939	CUBN	3.94002794354167
A_24_P287974	CUEDC1	8.28768498883333
A_23_P127088	CUEDC2	12.13254877125
A_24_P303589	CUL1	8.72413329020833
A_24_P252794	CUL2	6.78990131316667
A_23_P209288	CUL3	10.0354790000417
A_33_P3322909	CUL4A	8.08906974895833
A_23_P148463	CUL4B	8.271317337125
A_33_P3301286	CUL5	8.99229086133333
A_23_P19348	CUL7	8.67398258270833
A_23_P311740	CUL9	8.11506074645833
A_23_P214678	CUTA	14.8158416345833
A_23_P98015	CUTC	8.16724058091667
A_23_P253375	CUX1	7.90693806566667
A_23_P2543	CUX2	6.39600027408333
A_23_P47058	CUZD1	5.50938049233333
A_23_P98218	CWC15	11.773371095
A_23_P373799	CWC22	7.3749205975
A_24_P48318	CWC25	7.31973006116667
A_23_P92629	CWC27	9.01754147541667
A_23_P35354	CWF19L1	7.79852216704167
A_23_P161719	CWF19L2	6.53513170579167
A_23_P110319	CWH43	3.75001074166667
A_24_P390495	CX3CL1	5.731072103
A_23_P407565	CX3CR1	4.15152920308333
A_24_P374943	CXADR	9.96181666725
A_21_P0000505	CXADRP3	11.0561128095833
A_33_P3330264	CXCL1	4.88936439429167
A_24_P303091	CXCL10	3.61691806170833
A_23_P202448	CXCL12	4.81056052208333
A_23_P121695	CXCL13	3.84368939675
A_33_P3590259	CXCL14	4.94415785329167
A_33_P3351249	CXCL16	5.3011092895
A_24_P257416	CXCL2	4.559486132625
A_24_P277367	CXCL5	4.318408092
A_23_P155755	CXCL6	3.65902405591667
A_23_P67932	CXCR1	4.64406914204167
A_33_P3214550	CXCR2	4.15978037845833
A_23_P114299	CXCR3	4.99884789891667
A_23_P102000	CXCR4	11.4550711158333
A_23_P109913	CXCR6	3.72893235404167
A_23_P131676	CXCR7	5.81231433804167
A_23_P62227	CXORF21	4.30529053045833
A_24_P487736	CXORF23	5.961705109
A_23_P125837	CXORF26	6.359741479
A_24_P281872	CXORF27	3.69927808979167
A_23_P346390	CXORF36	4.14683830129167
A_24_P36745	CXORF38	5.216975004875
A_23_P316239	CXORF40B	10.890825605
A_32_P211418	CXORF41	4.007945846125
A_23_P96633	CXORF48	4.46522609820833
A_33_P3650224	CXORF49B	5.088807852625
A_23_P171223	CXORF56	6.55426933216667
A_23_P96369	CXORF57	6.042195116625
A_23_P413157	CXORF58	3.96211589658333
A_23_P432352	CXORF61	3.49530409475
A_33_P3312642	CXORF64	6.65657395525
A_32_P101352	CXORF65	4.35913849241667
A_33_P3302275	CXORF66	4.03745694566667
A_24_P558750	CXORF68	3.966689318625
A_24_P67534	CXORF69	4.92083145245833
A_23_P141779	CXXC1	10.0947422177917
A_33_P3255324	CXXC1P1	3.98555253295833
A_23_P121676	CXXC4	10.3848480870417
A_23_P399001	CXXC5	12.6976036508333
A_23_P218331	CYB561	10.0836336878333
A_33_P3377110	CYB561D1	9.07209632620833
A_23_P101208	CYB5A	10.9383353341667
A_33_P3357535	CYB5B	9.54962320008333
A_33_P3387045	CYB5D1	6.980213501
A_24_P228026	CYB5D2	9.37625030233333
A_23_P52101	CYB5R1	11.3467789033333
A_33_P3381265	CYB5R2	4.21099734420833
A_23_P502224	CYB5R3	11.3188103429167
A_33_P3316686	CYB5R4	7.38901126891667
A_33_P3353263	CYB5RL	5.02713111729167
A_33_P3372332	CYBA	4.839652857125
A_23_P342131	CYBASC3	8.060934127375
A_24_P365767	CYBB	4.24425008541667
A_24_P345451	CYBRD1	4.72025929216667
A_23_P20980	CYC1	10.58091148375
A_24_P376556	CYCS	10.44051099
A_33_P3261132	CYCSP52	3.900294472625
A_23_P140648	CYFIP1	8.7669100865
A_33_P3226177	CYFIP2	10.2373508296667
A_33_P3285868	CYGB	8.38909819808333
A_24_P89843	CYHR1	8.738000773125
A_33_P3294725	CYLC1	3.34368022691667
A_24_P158285	CYLC2	4.008063311875
A_33_P3251771	CYLD	7.94556202554167
A_33_P3255964	CYMP	4.79009728066667
A_23_P129169	CYP11A1	4.12906844316667
A_24_P329424	CYP11B1	4.93646288666667
A_33_P3376478	CYP17A1	6.06016157895833
A_23_P37410	CYP19A1	3.83681084375
A_23_P163402	CYP1A1	6.34129903608333
A_33_P3253747	CYP1A2	4.67682145379167
A_23_P209625	CYP1B1	5.36122786045833
A_19_P00807643	CYP1B1-AS1	4.26762808841667
A_33_P3371175	CYP20A1	7.751696049625
A_23_P257478	CYP21A2	5.51729287629167
A_23_P28815	CYP24A1	3.70491960733333
A_23_P210109	CYP26B1	4.14516861245833
A_33_P3264667	CYP26C1	3.91794033520833
A_33_P3361422	CYP27A1	7.47059030525
A_23_P36397	CYP27B1	4.3652789935
A_33_P3264657	CYP27C1	8.37974431683333
A_23_P55779	CYP2A13	4.67185286070833
A_23_P27528	CYP2A7	3.91566407091667
A_24_P339514	CYP2B6	5.23928805229167
A_23_P52480	CYP2C18	4.205711350375
A_23_P161368	CYP2C8	3.63538805241667
A_23_P155123	CYP2D6	7.12187895041667
A_24_P394940	CYP2E1	5.04220153666667
A_23_P89981	CYP2F1	4.09540128929167
A_33_P3340620	CYP2G1P	4.22546863045833
A_23_P103486	CYP2J2	4.66141301375
A_21_P0014273	CYP2R1	8.871411073375
A_23_P101374	CYP2S1	4.184850246375
A_33_P3252605	CYP2U1	7.74029727975
A_33_P3252612	CYP2W1	17.0695768554167
A_23_P133712	CYP39A1	4.24274355604167
A_33_P3251342	CYP3A4	4.47768992829167
A_23_P215828	CYP3A43	4.08419212604167
A_23_P8801	CYP3A5	6.47644084191667
A_23_P358917	CYP3A7	7.29444580254167
A_33_P3337604	CYP46A1	4.78865192245833
A_33_P3303474	CYP4A11	4.222124716875
A_33_P3382471	CYP4A22	3.85680556208333
A_23_P114713	CYP4B1	3.73742006908333
A_23_P108280	CYP4F12	3.49612282120833
A_33_P3359017	CYP4F2	4.21478271425
A_33_P3294277	CYP4F3	3.663671412625
A_24_P28811	CYP4F30P	6.48084841808333
A_21_P0011168	CYP4F35P	4.69698684645833
A_23_P131060	CYP4F8	5.73775835916667
A_24_P945228	CYP4V2	5.05913034625
A_24_P293530	CYP4X1	4.14864340395833
A_23_P103971	CYP4Z1	4.057804790625
A_21_P0010757	CYP4Z2P	4.13138999541667
A_24_P130041	CYP51A1	11.8484122570833
A_23_P146198	CYP7A1	3.915504133125
A_23_P169092	CYP7B1	4.85596843875
A_23_P46429	CYR61	6.46076539491667
A_33_P3398156	CYS1	4.572363905125
A_23_P22660	CYSLTR1	5.093836851
A_24_P551842	CYTB	16.3996835925
A_33_P3380405	CYTH1	8.98549537420833
A_23_P119377	CYTH2	10.1393367400833
A_33_P3271051	CYTH3	10.5448078358333
A_23_P90626	CYTIP	4.68855084408333
A_23_P10647	CYTL1	3.763260745125
A_33_P3228773	CYYR1	5.33863098058333
A_21_P0010273	D21S2088E	6.605168166375
A_23_P376627	D2HGDH	8.50612736845833
A_33_P3259135	D4S234E	12.5714458520833
A_23_P54116	DAAM1	10.5694636133333
A_33_P3288104	DAAM2	5.13085284491667
A_23_P23850	DAB1	5.254650263375
A_24_P149704	DAB2IP	8.24554782195833
A_33_P3316786	DACH1	12.7160045995833
A_32_P464135	DACH2	5.00294485333333
A_23_P65518	DACT1	8.381539881
A_24_P289260	DACT2	5.17172283066667
A_23_P360964	DACT3	11.8932527870833
A_23_P106056	DAD1	12.6533645708333
A_24_P225961	DAG1	8.991866020375
A_23_P8539	DAGLB	8.22169333516667
A_33_P3245006	DAK	9.26798311308333
A_23_P135611	DALRD3	9.766937581125
A_23_P435636	DAND5	6.25966532279167
A_23_P139635	DAO	3.81413696054167
A_23_P92687	DAP	10.1502433580417
A_23_P63067	DAP3	12.8313286154167
A_33_P3737504	DAPK1	7.07213805166667
A_24_P10233	DAPK2	5.274862927
A_33_P3224045	DAPK3	12.8902005091667
A_23_P165598	DAPL1	4.85490951925
A_23_P255444	DAPP1	4.583037380875
A_23_P115161	DARC	5.84784395354167
A_33_P3531857	DARS	11.3640412175
A_23_P148984	DARS2	7.00463267416667
A_23_P122579	DAXX	10.10843350525
A_23_P392738	DAZ2	3.6648688585
A_33_P3359590	DAZAP1	6.42511237416667
A_23_P40025	DAZAP2	8.085078137125
A_23_P94517	DBC1	5.93073724120833
A_24_P943358	DBF4	4.938075979125
A_23_P38328	DBF4B	5.7636303935
A_23_P112296	DBH	5.236338965625
A_33_P3244931	DBI	13.37587874875
A_23_P351535	DBIL5P	4.91560536483333
A_33_P3893191	DBIL5P2	8.78173559716667
A_23_P156284	DBN1	13.59034867125
A_23_P26439	DBNDD1	10.6214651429167
A_24_P43681	DBNL	9.44448843870833
A_23_P130753	DBP	8.33145476025
A_23_P69452	DBR1	7.93872402145833
A_33_P3291594	DBT	6.59087328795833
A_33_P3407350	DBX1	4.26978196354167
A_23_P217054	DCAF10	8.90933893291667
A_23_P117424	DCAF11	8.90062194141667
A_23_P255257	DCAF12	8.959094863375
A_33_P3309999	DCAF12L2	5.84623618720833
A_23_P215875	DCAF13	9.548088244
A_23_P50399	DCAF15	8.466922925375
A_33_P3296308	DCAF16	11.0148903066667
A_33_P3349546	DCAF17	9.08484370991667
A_24_P241318	DCAF4	7.86410506591667
A_33_P3768992	DCAF4L2	4.00445479904167
A_23_P352684	DCAF5	7.96947405808333
A_23_P160481	DCAF6	7.10144208041667
A_24_P916141	DCAF7	11.8190285858333
A_33_P3243622	DCAF8	6.126219666125
A_33_P3250740	DCAF8L1	3.50065183575
A_33_P3310009	DCAF8L2	3.95031701595833
A_24_P82493	DCAKD	7.61462129520833
A_33_P3257330	DCBLD1	5.13515357495833
A_23_P91829	DCBLD2	9.91312706870833
A_23_P158708	DCC	7.25116740679167
A_23_P76218	DCD	5.76489436504167
A_33_P3346083	DCDC1	4.43352157229167
A_33_P3212109	DCDC2	4.19825139454167
A_33_P3246028	DCDC2B	4.15088212233333
A_23_P98645	DCHS1	10.1826331047083
A_23_P144490	DCHS2	4.16587875529167
A_24_P89080	DCK	4.85286235916667
A_21_P0000129	DCLK1	9.72247977016667
A_23_P304524	DCLK2	8.675985046125
A_33_P3289123	DCLK3	5.16698739304167
A_23_P75038	DCLRE1A	8.670261876875
A_24_P54131	DCLRE1B	7.19558502029167
A_23_P86632	DCLRE1C	5.2185336635
A_23_P64873	DCN	5.23807894979167
A_23_P166826	DCP1A	11.2736062020833
A_23_P313512	DCP1B	9.80727569083333
A_24_P886040	DCP2	8.86982019420833
A_23_P52738	DCPS	8.57990487333333
A_33_P3317770	DCST1	4.00678818920833
A_23_P314798	DCST2	5.685236578375
A_23_P76622	DCT	6.65571319391667
A_24_P337334	DCTD	8.22995106329167
A_33_P3264577	DCTN1	9.68077927783333
A_23_P360167	DCTN2	13.50275792375
A_23_P158024	DCTN3	12.2570302583333
A_23_P251945	DCTN4	11.6271730870833
A_21_P0000143	DCTN5	5.940350916375
A_23_P43049	DCTN6	10.3273986304167
A_23_P33613	DCTPP1	12.0949597766667
A_33_P3290328	DCUN1D1	7.61523781520833
A_24_P215628	DCUN1D2	7.13505019266667
A_32_P104000	DCUN1D3	9.63296165566667
A_32_P43812	DCUN1D4	9.323779632125
A_23_P127533	DCUN1D5	11.3549782895833
A_23_P500328	DCX	14.2327522004167
A_23_P44166	DCXR	12.0466040708333
A_24_P262738	DDA1	8.99430536333333
A_23_P201386	DDAH1	10.8614832854167
A_23_P19482	DDAH2	12.5097361366667
A_33_P3259878	DDB1	8.20894591183333
A_23_P52610	DDB2	7.34441000958333
A_33_P3355004	DDC	4.69652505441667
A_23_P205623	DDHD1	7.410023792375
A_23_P157600	DDHD2	8.62906152920833
A_33_P3322484	DDI1	3.877779344
A_33_P3284408	DDI2	5.34322522079167
A_23_P21134	DDIT3	8.198632817
A_23_P104318	DDIT4	9.52253492520833
A_33_P3372099	DDIT4L	4.60304306454167
A_23_P2317	DDN	6.67796155904167
A_23_P30603	DDO	4.01618608216667
A_23_P149099	DDOST	11.5994507329167
A_23_P93311	DDR1	8.28905407929167
A_23_P452	DDR2	4.31920989495833
A_33_P3299781	DDRGK1	8.40909776591667
A_23_P17769	DDT	11.96015090625
A_33_P3340205	DDTL	4.71059016420833
A_23_P108554	DDX1	13.2331757679167
A_32_P93149	DDX10	6.93968404270833
A_23_P203947	DDX11	8.15992951204167
A_32_P227317	DDX11L2	6.55318263804167
A_21_P0011495	DDX11L9	6.60595601954167
A_23_P218784	DDX17	9.266935840375
A_33_P3235340	DDX18	9.92602900016667
A_33_P3242080	DDX19A	8.58482496958333
A_23_P140994	DDX19B	8.612345109875
A_23_P63153	DDX20	9.90569862595833
A_33_P3287815	DDX21	10.76323478875
A_23_P64770	DDX23	11.0663254395833
A_23_P151544	DDX24	9.58867076491667
A_23_P138910	DDX25	8.19371994695833
A_23_P363647	DDX26B	6.54199463558333
A_23_P40194	DDX27	10.55274825375
A_23_P106633	DDX28	9.88258756466667
A_24_P112377	DDX31	5.62781135425
A_23_P78664	DDX39A	11.8442929666667
A_24_P904903	DDX39B	7.27154890158333
A_24_P126060	DDX3X	9.75611516258333
A_24_P130936	DDX3Y	4.193146736125
A_23_P256624	DDX4	4.59931369375
A_23_P122116	DDX41	10.4978051316667
A_23_P152651	DDX42	10.82129192375
A_23_P156445	DDX43	3.841772735
A_32_P105195	DDX46	7.60422788466667
A_23_P65089	DDX47	11.2839734779167
A_23_P16573	DDX49	9.84270987691667
A_23_P15511	DDX5	13.8703004533333
A_24_P512054	DDX50	3.90341125916667
A_33_P3372886	DDX51	8.62758177875
A_33_P3372869	DDX52	6.05432836625
A_32_P430359	DDX54	7.98475660058333
A_23_P47839	DDX55	8.6537525405
A_33_P3372844	DDX56	11.7032001625
A_33_P3372910	DDX58	6.21531474345833
A_24_P156886	DDX59	7.33162605029167
A_24_P215407	DDX6	8.47241799841667
A_23_P41470	DDX60	4.72217131054167
A_23_P30069	DDX60L	5.16960582066667
A_23_P124044	DEAF1	11.07763111875
A_23_P146486	DEC1	3.84640242875
A_24_P269619	DECR1	8.999939225375
A_23_P100315	DECR2	8.85937261633333
A_33_P3354723	DEDD	6.434639955875
A_24_P207479	DEDD2	10.4593480196667
A_23_P321913	DEF6	5.27481622604167
A_23_P88893	DEF8	11.1147590670833
A_33_P3461258	DEFA11P	3.86886475295833
A_23_P31816	DEFA3	4.97471960691667
A_23_P112086	DEFA5	3.89321081975
A_33_P3743432	DEFA8P	3.60382947816667
A_33_P3662685	DEFA9P	3.80340012341667
A_23_P71480	DEFB1	5.18567261204167
A_33_P3358815	DEFB103A	4.39648066058333
A_23_P169017	DEFB103B	4.33266024741667
A_23_P9018	DEFB104B	4.231053402125
A_23_P380871	DEFB105B	3.923129711
A_33_P3352772	DEFB107A	4.36038378333333
A_33_P3400552	DEFB108B	4.78436083195833
A_33_P3336240	DEFB109P1	4.98264474641667
A_33_P3240163	DEFB109P1B	4.30262070116667
A_33_P3343402	DEFB110	4.11601229358333
A_33_P3412678	DEFB112	3.938462496125
A_33_P3267627	DEFB113	4.15859720908333
A_33_P3354201	DEFB114	3.79689254483333
A_33_P3328352	DEFB115	3.854789428875
A_23_P312285	DEFB119	3.58591907941667
A_33_P3305446	DEFB121	4.50155952429167
A_23_P356694	DEFB123	4.48294307683333
A_33_P3316522	DEFB124	5.437437542875
A_23_P320846	DEFB125	3.56127572020833
A_23_P385843	DEFB127	4.31906832991667
A_33_P3272962	DEFB128	6.74933856366667
A_23_P102694	DEFB129	4.43437606229167
A_33_P3362331	DEFB130	5.22944458341667
A_33_P3246026	DEFB131	3.69012930466667
A_33_P3316475	DEFB132	4.15230028570833
A_33_P3252598	DEFB136	4.17271988658333
A_23_P157628	DEFB4A	5.287379589375
A_23_P320124	DEFT1P	4.101639840875
A_33_P3290179	DEGS1	10.39797821125
A_33_P3290174	DEGS2	7.08762457
A_23_P254702	DEK	10.01569851075
A_23_P193	DEM1	9.60602190433333
A_23_P43557	DENND1A	7.06299928975
A_23_P201605	DENND1B	6.87694833804167
A_23_P78608	DENND1C	5.43059558575
A_23_P257583	DENND2A	7.87742997916667
A_33_P3356886	DENND2C	4.49205821475
A_23_P85952	DENND2D	3.559550548
A_33_P3321136	DENND3	8.05235310175
A_23_P384329	DENND4A	5.26953465754167
A_33_P3238573	DENND4B	11.4282721458333
A_24_P93633	DENND4C	7.16141406870833
A_23_P321201	DENND5A	11.3760006754167
A_23_P379746	DENND5B	8.77013758433333
A_33_P3307775	DENR	7.06886388608333
A_23_P200310	DEPDC1	6.11347478154167
A_23_P361419	DEPDC1B	4.77641662229167
A_32_P137966	DEPDC4	5.31717799204167
A_33_P3212221	DEPDC5	5.95074685883333
A_23_P385126	DEPDC7	7.58139480383333
A_23_P60166	DEPTOR	5.97386064241667
A_23_P25253	DERA	10.7621526792917
A_23_P330908	DERL1	8.75746114945833
A_23_P118749	DERL2	9.25814403725
A_33_P3724157	DERL3	7.7152523425
A_33_P3275801	DES	10.6502435201667
A_23_P26184	DET1	10.0199037665833
A_24_P144377	DEXI	10.611170265
A_23_P12189	DFFA	9.46335929008333
A_33_P3277012	DFFB	6.180649820625
A_33_P3221293	DFNA5	8.572859847125
A_24_P376129	DFNB31	5.14231667979167
A_24_P630490	DFNB59	6.487174192875
A_33_P3271990	DGAT1	9.62114402341667
A_23_P53198	DGAT2	7.02684737491667
A_33_P3362267	DGCR10	4.899034450125
A_33_P3411357	DGCR11	5.74529723808333
A_33_P3340154	DGCR14	8.936780046875
A_24_P125881	DGCR2	11.25300446625
A_21_P0012309	DGCR5	7.57291403708333
A_23_P143569	DGCR6L	10.6229184071667
A_23_P211355	DGCR8	8.57099997883333
A_33_P3216098	DGCR9	6.60104793016667
A_33_P3263359	DGKA	6.97279671533333
A_33_P3310164	DGKB	4.67857494566667
A_23_P210253	DGKD	11.1196893170833
A_33_P3411291	DGKE	4.38552293929167
A_33_P3421728	DGKG	5.84135193291667
A_23_P502980	DGKH	4.45085597845833
A_23_P169909	DGKI	7.02476240879167
A_33_P3216427	DGKQ	8.82888032616667
A_33_P3303602	DGKZ	8.93216653795833
A_24_P285623	DGUOK	10.4447699358333
A_23_P379475	DHCR24	11.7142720133333
A_23_P24444	DHCR7	13.0999654233333
A_33_P3340792	DHDDS	5.70591063404167
A_23_P67367	DHDH	6.05757111583333
A_24_P343095	DHFR	5.511863091625
A_33_P3317576	DHFRL1	6.072813585
A_33_P3338740	DHH	4.01561050045833
A_23_P15202	DHODH	7.40578043816667
A_23_P501887	DHPS	11.1893971970833
A_23_P48747	DHRS1	9.00465306366667
A_33_P3253960	DHRS11	6.56142818020833
A_33_P3342633	DHRS12	8.15600364825
A_23_P66719	DHRS13	9.93076195895833
A_23_P321501	DHRS2	7.24443043579167
A_23_P33759	DHRS3	4.95960289233333
A_23_P162982	DHRS4	8.45711902366667
A_33_P3359368	DHRS4L1	5.65186212508333
A_33_P3213997	DHRS4L2	9.549680439625
A_23_P117506	DHRS7	10.5831745170833
A_23_P141208	DHRS7B	9.25783503616667
A_23_P129916	DHRS7C	4.23434537675
A_33_P3334908	DHRSX	6.59231289579167
A_24_P722216	DHTKD1	8.46657713025
A_23_P69826	DHX15	11.9858548091667
A_23_P168062	DHX16	9.7303937925
A_23_P81463	DHX29	9.18984759533333
A_33_P3383936	DHX30	8.62390640858333
A_23_P47004	DHX32	8.15769038245833
A_24_P364970	DHX33	7.507832554125
A_33_P3421794	DHX34	6.647912727375
A_23_P5945	DHX35	9.16451546345833
A_23_P57697	DHX36	11.5310974895833
A_23_P13914	DHX37	8.18390164333333
A_23_P38011	DHX38	8.666750213
A_33_P3424112	DHX40	7.11094371175
A_24_P120109	DHX57	6.898121619125
A_23_P38346	DHX58	8.47511344695833
A_23_P124224	DHX8	9.012462989625
A_21_P0011150	DHX9	9.74179837125
A_23_P47800	DIABLO	12.1469076266667
A_33_P3243683	DIAPH1	8.06763426254167
A_23_P85004	DIAPH2	5.01668721725
A_23_P162719	DIAPH3	4.242191071
A_33_P3212490	DICER1	11.7370237158333
A_24_P678418	DICER1-AS	9.43635027033333
A_23_P395426	DIDO1	8.41650559433333
A_23_P34946	DIEXF	6.5188287605
A_23_P58529	DIMT1	9.23088115270833
A_24_P341674	DIO2	4.09298159629167
A_23_P105923	DIO3	4.429361198875
A_24_P7179	DIP2A	5.91153481933333
A_23_P401380	DIP2B	9.02659018820833
A_24_P360722	DIP2C	7.14373895729167
A_23_P386942	DIRAS1	11.9278658733333
A_23_P20660	DIRAS2	5.77201169733333
A_23_P149121	DIRAS3	6.028477865
A_23_P131139	DIRC1	7.20067622316667
A_33_P3308263	DIRC2	8.42007074041667
A_33_P3315134	DIRC3	4.61344505770833
A_24_P395317	DIS3	5.51657492495833
A_23_P65741	DIS3L	6.19415283504167
A_32_P232192	DIS3L2	6.47826587466667
A_21_P0000047	DISC1	5.38844642779167
A_33_P3400903	DISC2	3.613754587375
A_23_P201319	DISP1	7.90858272704167
A_23_P324340	DISP2	11.8799058708333
A_33_P3399090	DIXDC1	9.55258701179167
A_23_P137143	DKC1	7.79447369408333
A_24_P667968	DKFZP434A062	4.70828338441667
A_23_P111797	DKFZP434F142	9.331714948125
A_24_P936014	DKFZP434H168	4.61490406945833
A_23_P413303	DKFZP434I0714	7.461046289
A_33_P3229301	DKFZP434J0226	4.90467973095833
A_32_P327679	DKFZP434K028	3.67247095679167
A_33_P3328782	DKFZP434L187	5.41490583520833
A_32_P150142	DKFZP434L192	4.58211625975
A_21_P0005080	DKFZP451B082	4.265081245125
A_33_P3732466	DKFZP547G183	5.76567019533333
A_21_P0000896	DKFZP564C196	5.09870270654167
A_23_P403398	DKFZP586I1420	8.71031261454167
A_33_P3571901	DKFZP586K1520	4.134866556
A_33_P3394366	DKFZP686A05212	4.720630234375
A_24_P229389	DKFZP686I15217	5.44235551025
A_33_P3852239	DKFZP686K1684	4.421583796625
A_24_P9883	DKFZP761E198	6.63826334275
A_32_P189790	DKFZP779M0652	5.05834685904167
A_23_P24129	DKK1	6.02727602275
A_23_P155848	DKK2	4.01238140245833
A_24_P261417	DKK3	8.50672992941667
A_23_P94275	DKK4	4.2592193075
A_23_P130743	DKKL1	7.6985161515
A_23_P203030	DLAT	8.21488970895833
A_23_P112016	DLC1	5.13567419316667
A_33_P3344579	DLD	8.08380338233333
A_23_P18282	DLEC1	4.00247954941667
A_23_P151337	DLEU1	6.57785387958333
A_33_P3286218	DLEU2L	7.48987791195833
A_33_P3284888	DLEU7	5.5872526405
A_33_P3224380	DLG1	7.68984982170833
A_32_P229618	DLG2	4.470087938125
A_24_P945283	DLG3	11.1376803175
A_23_P411102	DLG4	10.0888741082917
A_24_P129632	DLG5	9.35643627754167
A_33_P3806524	DLGAP1	4.3748756955
A_23_P392317	DLGAP2	5.59232341745833
A_33_P3232557	DLGAP3	10.2819832244167
A_24_P216253	DLGAP4	10.72993954375
A_23_P88331	DLGAP5	4.809335694125
A_33_P3217559	DLK1	9.67881287470833
A_33_P3254460	DLK2	9.15363062008333
A_23_P167920	DLL1	6.79694714895833
A_24_P57047	DLL3	10.7535284783333
A_23_P419641	DLL4	4.15718814675
A_23_P205697	DLST	9.697009922875
A_32_P142818	DLX1	4.230334710125
A_23_P28598	DLX2	3.963716944375
A_23_P164196	DLX4	5.2885126335
A_33_P3242883	DLX6	3.756896442125
A_33_P3212989	DLX6-AS1	3.70539651320833
A_33_P3321417	DMAP1	9.09694083333333
A_33_P3300312	DMBT1	4.10879262129167
A_23_P500542	DMBX1	4.393266223
A_23_P361381	DMC1	4.686803114125
A_33_P3284763	DMD	4.38586199779167
A_33_P3387716	DMGDH	4.48607984458333
A_33_P3246883	DMKN	5.12163303033333
A_23_P50535	DMPK	10.7112205425
A_23_P169293	DMRT1	3.95865103041667
A_23_P157895	DMRT3	4.03433295604167
A_23_P413923	DMRTA1	5.68034290020833
A_33_P3352557	DMRTA2	3.86450203616667
A_32_P179998	DMRTC1	6.78978185379167
A_23_P300245	DMRTC2	3.906000627375
A_33_P3381943	DMTF1	8.74628422758333
A_33_P3428642	DMWD	8.89879399016667
A_23_P250571	DMXL1	7.53075086095833
A_23_P327361	DMXL2	5.85952296279167
A_33_P3833211	DNA2	5.38227150941667
A_23_P54612	DNAAF1	3.78598191075
A_33_P3379801	DNAAF2	8.55810300775
A_23_P18213	DNAH1	5.1565349835
A_33_P3250333	DNAH10	4.55852035958333
A_33_P3415124	DNAH10OS	6.22742267491667
A_32_P19806	DNAH11	4.62611136304167
A_24_P169402	DNAH12	5.556251334625
A_32_P87531	DNAH14	7.73942330404167
A_21_P0011610	DNAH17	4.60688088845833
A_32_P206899	DNAH2	5.66156136516667
A_24_P120462	DNAH5	4.472493702
A_33_P3422951	DNAH6	4.55153709858333
A_23_P33583	DNAH7	4.94754486929167
A_23_P164068	DNAH9	4.46742610870833
A_23_P255876	DNAI1	4.424218531
A_33_P3419239	DNAI2	4.36316763579167
A_24_P9671	DNAJA1	11.9121811704167
A_33_P3807268	DNAJA1P5	5.42255659554167
A_33_P3414574	DNAJA2	9.55206546383333
A_23_P118306	DNAJA3	10.2477232566667
A_23_P206140	DNAJA4	4.56350193329167
A_23_P90062	DNAJB1	8.84832976495833
A_23_P166899	DNAJB11	10.5868657504167
A_24_P244100	DNAJB12	8.47883475533333
A_33_P3369854	DNAJB13	5.07326167141667
A_23_P213199	DNAJB14	8.76277347220833
A_23_P209519	DNAJB2	10.372793145
A_24_P393958	DNAJB4	7.42947393879167
A_23_P112241	DNAJB5	11.3094456458333
A_23_P385063	DNAJB6	11.459844285
A_23_P121413	DNAJB8	4.33173920025
A_23_P258944	DNAJB9	10.71984166625
A_33_P3290687	DNAJC1	8.15116104566667
A_24_P225604	DNAJC10	9.19705459133333
A_23_P103942	DNAJC11	7.78681980741667
A_33_P3225066	DNAJC12	9.46028746008333
A_23_P166910	DNAJC13	9.29922662
A_23_P433079	DNAJC14	7.08182029604167
A_33_P3361741	DNAJC15	8.95127287570833
A_23_P358009	DNAJC16	6.98127466175
A_23_P140698	DNAJC17	7.090924746
A_32_P149251	DNAJC18	9.37090461675
A_23_P121396	DNAJC19	9.188960846125
A_23_P254573	DNAJC2	10.0307520614167
A_33_P3310533	DNAJC21	6.98906542066667
A_32_P407245	DNAJC22	7.132860711375
A_32_P198303	DNAJC24	6.23192197341667
A_23_P397019	DNAJC25	6.25227119320833
A_23_P17275	DNAJC27	7.861042761875
A_21_P0002580	DNAJC27-AS1	5.63377733558333
A_23_P68700	DNAJC28	6.65014361445833
A_33_P3317387	DNAJC3	5.17190676058333
A_21_P0008202	DNAJC3-AS1	6.61431943141667
A_24_P218006	DNAJC30	8.12718282308333
A_23_P312610	DNAJC4	7.80659873891667
A_33_P3419733	DNAJC5	9.06641299483333
A_24_P355145	DNAJC5B	4.23934093154167
A_23_P417921	DNAJC5G	3.93660724108333
A_33_P3216714	DNAJC6	11.2272044633333
A_23_P60591	DNAJC7	10.8204304770833
A_23_P46455	DNAJC8	8.834939089625
A_23_P104372	DNAJC9	10.1048124374583
A_23_P25913	DNAL1	7.18321196591667
A_23_P17880	DNAL4	8.1866662975
A_33_P3289227	DNALI1	8.36072910108333
A_23_P66311	DNASE1	4.85601931441667
A_23_P85164	DNASE1L1	8.91712139054167
A_23_P3643	DNASE1L2	6.0072782545
A_33_P3234202	DNASE1L3	4.21950825308333
A_23_P119266	DNASE2	5.16706455404167
A_33_P3224723	DND1	7.86404262758333
A_23_P362148	DNER	11.7769911991667
A_23_P367586	DNHD1	4.78670964741667
A_33_P3243264	DNLZ	11.1534511141667
A_33_P3329419	DNM1	9.34161362254167
A_23_P204324	DNM1L	8.824282388625
A_33_P3276142	DNM1P46	5.65091610220833
A_21_P0014388	DNM2	7.313422733625
A_23_P371266	DNM3	9.905140132125
A_23_P328206	DNMBP	6.0037944705
A_33_P3329187	DNMT1	7.015006316625
A_23_P420373	DNMT3A	8.94441594641667
A_23_P28953	DNMT3B	7.60939843029167
A_24_P231494	DNPEP	6.87946755008333
A_23_P409489	DNTT	3.58773730991667
A_23_P131816	DNTTIP1	10.5365429225
A_23_P97584	DNTTIP2	11.1200942866667
A_23_P152330	DOC2A	8.4875098745
A_24_P236753	DOC2B	7.145353599125
A_21_P0000604	DOC2GP	4.17306581716667
A_23_P45059	DOCK1	6.79089122754167
A_23_P16722	DOCK10	8.68500858808333
A_23_P148584	DOCK11	8.32687876608333
A_24_P408704	DOCK2	3.694525017875
A_24_P272845	DOCK3	5.59468832145833
A_23_P59637	DOCK4	8.29670782433333
A_33_P3259775	DOCK5	6.084683643875
A_23_P67299	DOCK6	8.18859510641667
A_32_P230547	DOCK7	8.910729288
A_32_P181077	DOCK8	3.51420702095833
A_33_P3410284	DOCK9	5.16821682345833
A_23_P125408	DOHH	9.07687820520833
A_23_P5601	DOK1	9.33788596608333
A_23_P134851	DOK2	4.4108441075
A_33_P3228564	DOK3	6.76759899175
A_24_P48069	DOK4	10.65709484
A_23_P40217	DOK5	4.583873254875
A_32_P160561	DOK6	10.6831934258333
A_33_P3318368	DOK7	6.24985338483333
A_23_P10870	DOLK	9.01519250641667
A_23_P386764	DOLPP1	9.83361050616667
A_32_P181020	DOM3Z	9.85842134629167
A_33_P3416009	DONSON	5.48847432379167
A_33_P3300757	DOPEY1	8.646341761625
A_23_P253586	DOPEY2	6.74144909979167
A_23_P408768	DOT1L	7.35725950254167
A_23_P1775	DPAGT1	8.75614350804167
A_33_P3240200	DPCD	10.3128864545833
A_23_P122508	DPCR1	6.28189287541667
A_23_P152262	DPEP1	5.15786366545833
A_23_P129413	DPEP3	8.06226263579167
A_33_P3317277	DPF1	10.0508476938333
A_23_P127446	DPF2	12.21551684125
A_33_P3240946	DPF3	7.95426033254167
A_24_P393844	DPH2	9.23782738470833
A_24_P225907	DPH3	9.88431163158333
A_23_P258814	DPH3P1	7.97484822933333
A_23_P148821	DPH5	9.03419743233333
A_23_P68472	DPM1	10.5661600083333
A_33_P3267543	DPM2	7.531263318
A_33_P3257460	DPM3	9.505376064625
A_24_P140057	DPP10	6.96482701170833
A_23_P116091	DPP3	10.3304388533333
A_33_P3287223	DPP4	3.733751564625
A_23_P170888	DPP6	4.57294801579167
A_33_P3387956	DPP7	9.869652949875
A_33_P3577671	DPP8	10.6138151245833
A_33_P3292028	DPP9	6.15178631941667
A_23_P405885	DPPA2	3.69126922225
A_32_P743184	DPPA3	4.13610596933333
A_32_P233950	DPPA5	3.72896860466667
A_33_P3402963	DPRX	4.20922777570833
A_33_P3306048	DPRXP4	3.95135975504167
A_23_P200741	DPT	5.933052314125
A_23_P394448	DPY19L1	5.05961487870833
A_24_P453921	DPY19L1P1	5.85791141716667
A_21_P0013189	DPY19L2	5.26640709675
A_24_P186608	DPY19L2P2	4.107135403375
A_21_P0000652	DPY19L2P3	4.38116900829167
A_33_P3209816	DPY19L3	5.04254047620833
A_24_P481824	DPY19L4	5.74160936766667
A_23_P5389	DPY30	12.01759597125
A_24_P410610	DPYD	5.061005336375
A_23_P20311	DPYS	3.77853262245833
A_24_P38347	DPYSL2	12.8381497541667
A_24_P149036	DPYSL3	15.5692806291667
A_33_P3410296	DPYSL4	12.7603815841667
A_23_P401691	DPYSL5	10.4099249670833
A_23_P56659	DQX1	6.100487549625
A_21_P0000189	DR1	9.11568108325
A_23_P99163	DRAM1	4.6528460245
A_24_P268160	DRAM2	9.24892711691667
A_23_P138856	DRAP1	11.99014671625
A_23_P388061	DRD1	3.57921998383333
A_33_P3733417	DRD2	13.5998267133333
A_23_P57733	DRD3	4.78077062304167
A_33_P3373765	DRD4	8.047611868
A_32_P54274	DRD5	6.32349061229167
A_23_P68884	DRG1	10.7717249470833
A_23_P141656	DRG2	10.1762308441667
A_33_P3345350	DRGX	7.471705692625
A_23_P133596	DROSHA	11.70074267125
A_33_P3244753	DRP2	7.06554706583333
A_23_P38696	DSC1	4.27353106654167
A_23_P4494	DSC2	5.78238851158333
A_24_P344416	DSC3	4.02133615670833
A_33_P3303305	DSCAM	7.24919477870833
A_23_P47340	DSCAML1	7.298901311125
A_23_P252740	DSCC1	4.622398249375
A_33_P3436732	DSCR10	5.79407812083333
A_24_P164894	DSCR3	7.039780429625
A_24_P75963	DSCR4	3.805512454
A_33_P3254956	DSCR6	4.23667852216667
A_23_P6252	DSCR8	3.90052242754167
A_33_P3254996	DSCR9	5.18158111154167
A_23_P19226	DSE	8.27986662325
A_33_P3251841	DSEL	6.42010233854167
A_33_P3265189	DSG1	4.61786265079167
A_23_P141730	DSG2	6.14269243533333
A_33_P3348747	DSG3	3.46205024741667
A_23_P165937	DSN1	6.79695539916667
A_33_P3243028	DSPP	4.76347504966667
A_23_P59388	DST	7.40740585454167
A_23_P408095	DSTN	13.9959488145833
A_33_P3279379	DSTNP2	4.97593215395833
A_32_P71943	DSTYK	8.7099727645
A_23_P17512	DTD1	12.6821979470833
A_32_P787109	DTHD1	3.712058664625
A_23_P10385	DTL	5.337627313125
A_33_P3371785	DTNA	6.52098433358333
A_24_P216421	DTNB	5.62718735329167
A_33_P3337242	DTNBP1	8.42576577141667
A_23_P3212	DTWD1	5.89598272995833
A_23_P346982	DTWD2	4.98960460075
A_24_P290751	DTX1	8.43699351866667
A_21_P0013244	DTX2	6.35263203641667
A_23_P8797	DTX2P1-UPK3BP1-PMS2P11	9.73695225045833
A_24_P359405	DTX3	7.38369607458333
A_24_P941912	DTX3L	3.779596365625
A_24_P158718	DTX4	8.025210686125
A_23_P123974	DTYMK	11.1004593795833
A_23_P151851	DUOX2	3.72394098966667
A_33_P3410235	DUOXA1	4.59467636070833
A_33_P3275362	DUOXA2	3.876919502375
A_33_P3230841	DUPD1	3.97127688116667
A_33_P3266530	DUS1L	10.84875964
A_23_P88848	DUS2L	7.1975281555
A_33_P3344264	DUS3L	8.60322961120833
A_23_P215778	DUS4L	6.62022542158333
A_23_P110712	DUSP1	10.072245851
A_24_P182494	DUSP10	4.754461593375
A_23_P376759	DUSP11	6.89326234991667
A_23_P51508	DUSP12	11.4399665345833
A_23_P104471	DUSP13	7.546944355875
A_23_P207537	DUSP14	9.36802867754167
A_23_P154771	DUSP15	6.104230392625
A_24_P189739	DUSP16	5.73385796454167
A_23_P143650	DUSP18	6.816708238125
A_23_P90933	DUSP19	5.12641529216667
A_24_P37409	DUSP2	5.070890314875
A_23_P7896	DUSP22	6.31602683741667
A_33_P3272698	DUSP23	7.48987312804167
A_23_P146134	DUSP26	11.4950525941667
A_33_P3294645	DUSP27	4.288329602
A_33_P3383656	DUSP28	9.48158871058333
A_23_P129956	DUSP3	9.96078717625
A_23_P134935	DUSP4	9.14797730708333
A_23_P150018	DUSP5	6.77564666416667
A_24_P367602	DUSP5P	10.3622066602917
A_23_P139704	DUSP6	8.846452075625
A_24_P51855	DUSP7	4.15932343745833
A_32_P98298	DUSP8	9.89051848091667
A_24_P417189	DUSP9	4.99240398233333
A_23_P88484	DUT	10.0736906564583
A_23_P158257	DUX3	4.50544930383333
A_33_P3373165	DUX4L4	7.66871228658333
A_33_P3308586	DUXA	4.07489172520833
A_23_P347432	DVL1	10.7952393133333
A_23_P55342	DVL2	9.13815118183333
A_24_P291588	DVL3	9.99201011920833
A_23_P360990	DYDC1	4.26561684320833
A_23_P75063	DYDC2	5.17234275025
A_23_P170518	DYM	10.4513010441667
A_23_P128706	DYNC1H1	15.03512121375
A_24_P221414	DYNC1I1	9.72830692716667
A_23_P154108	DYNC1I2	12.4038843141667
A_23_P69141	DYNC1LI1	11.0610010779167
A_24_P236445	DYNC1LI2	9.64929246658333
A_23_P147397	DYNC2H1	8.97163825566667
A_23_P502170	DYNC2LI1	5.56450075504167
A_23_P65031	DYNLL1	13.70982427375
A_23_P54991	DYNLL2	10.4819320754167
A_24_P143440	DYNLRB1	11.5977508908333
A_33_P3276630	DYNLRB2	4.27906090725
A_23_P8185	DYNLT1	10.21180612125
A_24_P100368	DYNLT3	6.86266626958333
A_33_P3406998	DYRK1A	7.06453475566667
A_23_P90296	DYRK1B	9.11484628858333
A_24_P56270	DYRK2	9.926427232375
A_24_P345209	DYRK3	5.68743869945833
A_23_P87902	DYRK4	8.05234622970833
A_23_P39931	DYSF	5.83798851204167
A_33_P3318861	DYTN	9.31598143166667
A_33_P3344169	DYX1C1	6.80396577266667
A_23_P40315	DZANK1	8.43487187354167
A_21_P0000648	DZANK1-AS1	4.37382459325
A_23_P14157	DZIP1	7.59818449225
A_23_P384635	DZIP1L	4.193425244875
A_23_P144165	DZIP3	9.341677304875
A_23_P80032	E2F1	5.27595987766667
A_23_P408955	E2F2	4.694380368125
A_23_P385034	E2F3	7.70455577079167
A_23_P152218	E2F4	8.51561550195833
A_23_P31721	E2F5	7.61877463195833
A_32_P12610	E2F6	8.85814553358333
A_32_P210202	E2F7	6.830764272
A_23_P15045	E4F1	9.28830951145833
A_24_P941930	EAF1	8.07129476266667
A_23_P252201	EAF2	5.08779231825
A_23_P128783	EAPP	10.5179570433333
A_23_P152353	EARS2	7.554806161875
A_24_P98263	EBAG9	9.7407016245
A_33_P3241521	EBF1	12.80541280875
A_24_P43826	EBF2	9.52502860229167
A_23_P391396	EBF3	11.82594629625
A_33_P3209537	EBF4	8.51244655670833
A_23_P119478	EBI3	3.99385421104167
A_33_P3286273	EBLN1	3.80434636995833
A_23_P6561	EBLN2	9.08562082508333
A_23_P103631	EBNA1BP2	11.93538526875
A_23_P171077	EBP	12.9810601858333
A_33_P3366073	EBPL	9.82190912891667
A_23_P115762	ECD	9.18119316845833
A_24_P396375	ECE1	6.223249835125
A_23_P92261	ECE2	7.96392779525
A_32_P155666	ECEL1	9.68274416795833
A_33_P3610406	ECEL1P2	3.85337076425
A_23_P153853	ECH1	7.65058017316667
A_23_P215051	ECHDC1	7.956715093625
A_23_P200203	ECHDC2	5.83846418533333
A_24_P343621	ECHDC3	7.044504632125
A_23_P104362	ECHS1	12.3145264183333
A_23_P163647	ECI1	11.2839822583333
A_23_P156852	ECI2	9.978811945375
A_23_P160559	ECM1	5.51435446541667
A_23_P303671	ECM2	4.41532497025
A_23_P72651	ECSCR	3.71257120504167
A_23_P119295	ECSIT	9.88350057416667
A_23_P44684	ECT2	6.724615232375
A_33_P3303572	EDA	7.37917355033333
A_23_P171132	EDA2R	4.721466371
A_23_P120281	EDAR	3.65979584391667
A_23_P503233	EDARADD	8.300095783875
A_24_P338992	EDC3	9.78301322729167
A_33_P3294392	EDC4	9.32918954129167
A_24_P285768	EDEM1	5.57010018420833
A_24_P627306	EDEM2	7.99069110620833
A_33_P3232527	EDEM3	7.27406127266667
A_23_P60376	EDF1	13.5219342933333
A_23_P401606	EDIL3	8.48995391816667
A_23_P214821	EDN1	5.062352801375
A_23_P17438	EDN3	4.83388195354167
A_24_P217572	EDNRA	4.07122020783333
A_24_P330263	EDNRB	4.21267912454167
A_23_P76159	EEA1	9.51697624366667
A_23_P53217	EED	10.2741815545833
A_32_P47701	EEF1A1	13.4600718775
A_33_P3229953	EEF1A2	13.5805799866667
A_32_P49616	EEF1B2	13.4574484558333
A_23_P31840	EEF1D	12.6360512358333
A_19_P00800195	EEF1DP3	7.41922803733333
A_21_P0011842	EEF1E1	9.91417477133333
A_23_P13344	EEF1G	15.57765495875
A_24_P87763	EEF2	14.6960324579167
A_33_P3342410	EEF2K	9.058634848375
A_23_P144202	EEFSEC	6.43137589425
A_23_P333498	EEPD1	9.44852611145833
A_33_P3214988	EFCAB1	5.381152187875
A_33_P3401586	EFCAB10	3.93872937470833
A_23_P129014	EFCAB11	5.95294786891667
A_23_P149476	EFCAB2	7.42057957108333
A_32_P515971	EFCAB3	5.05794363304167
A_23_P432545	EFCAB4A	9.15294157383333
A_23_P128351	EFCAB4B	5.42421153858333
A_33_P3341399	EFCAB5	4.930120434125
A_23_P68978	EFCAB6	5.05661266504167
A_32_P137266	EFCAB7	10.118277855
A_33_P3326115	EFCAB8	4.16490668770833
A_33_P3385161	EFCAB9	5.02094800879167
A_23_P501007	EFEMP1	6.06552953341667
A_33_P3367830	EFEMP2	9.225533167375
A_23_P76598	EFHA1	11.3225330854167
A_24_P194688	EFHA2	9.46957323204167
A_24_P144439	EFHB	5.63646337516667
A_32_P86245	EFHC1	6.29259562483333
A_33_P3289576	EFHC2	4.44361301970833
A_23_P154338	EFHD1	4.86558296283333
A_23_P23443	EFHD2	8.37340073433333
A_23_P113005	EFNA1	7.999562208
A_23_P119535	EFNA2	6.53310335558333
A_24_P114032	EFNA3	8.82648428179167
A_23_P322	EFNA4	8.806405713125
A_23_P167497	EFNA5	6.72158873945833
A_24_P365807	EFNB1	10.3102300553333
A_24_P355944	EFNB2	11.4368498575
A_24_P940006	EFNB3	11.5143132191667
A_23_P71513	EFR3A	9.254707961375
A_23_P369654	EFR3B	8.14849756404167
A_23_P48561	EFS	10.7776979979167
A_23_P152055	EFTUD1	6.59080901475
A_23_P55190	EFTUD2	12.0030827075
A_23_P155979	EGF	4.37648154675
A_21_P0012513	EGFEM1P	6.96223381125
A_33_P3290709	EGFL6	5.7245487195
A_32_P210642	EGFL7	8.51167944920833
A_23_P424582	EGFL8	8.11925456345833
A_23_P144911	EGFLAM	4.29254949933333
A_21_P0014141	EGFLAM-AS2	4.39004300541667
A_33_P3351944	EGFR	4.95352095158333
A_23_P343935	EGLN1	8.45230606004167
A_24_P322395	EGLN2	9.708786922125
A_33_P3256952	EGLN3	4.13928814029167
A_23_P214080	EGR1	5.86807314508333
A_23_P46936	EGR2	3.79073775983333
A_23_P216225	EGR3	3.59706842191667
A_23_P380318	EGR4	4.03959769670833
A_33_P3343957	EHBP1	7.8890019675
A_23_P148121	EHBP1L1	7.444432157125
A_23_P52647	EHD1	12.3607583804167
A_24_P156113	EHD2	5.98644105370833
A_23_P79251	EHD3	7.97450211866667
A_23_P163458	EHD4	7.47597943879167
A_23_P203540	EHF	4.00001987570833
A_24_P123119	EHHADH	4.3379085305
A_23_P217120	EHMT1	8.11484107104167
A_23_P214638	EHMT2	10.3784066025
A_24_P4661	EI24	10.7227372366667
A_33_P3309804	EID1	6.40981087570833
A_23_P365844	EID2	9.96684023583333
A_23_P368259	EID2B	8.00912458745833
A_23_P65068	EID3	4.93088324670833
A_23_P45945	EIF1	15.151533995
A_32_P749354	EIF1AD	9.68605690058333
A_24_P237389	EIF1AX	11.8990892216667
A_23_P148629	EIF1AY	5.433657654125
A_23_P6891	EIF1B	10.7455128983333
A_32_P197524	EIF2A	6.800568153375
A_23_P251173	EIF2AK1	10.2276424888333
A_23_P142750	EIF2AK2	8.04248724545833
A_23_P135857	EIF2AK3	6.32073961004167
A_23_P54540	EIF2AK4	9.28907243604167
A_23_P105313	EIF2B1	10.5311549783333
A_23_P25929	EIF2B2	10.2741236229167
A_23_P115046	EIF2B3	9.37760471491667
A_23_P154058	EIF2B4	9.90518603370833
A_23_P110062	EIF2B5	8.77235293166667
A_33_P3380587	EIF2C1	8.37894691533333
A_23_P112159	EIF2C2	9.45200642520833
A_33_P3244882	EIF2C3	8.986068755375
A_23_P23171	EIF2C4	6.98440663495833
A_23_P115346	EIF2D	6.599699561875
A_33_P3402171	EIF2S1	8.45481987108333
A_32_P157965	EIF2S2	8.740678253375
A_23_P86550	EIF3A	13.11603860125
A_33_P3239222	EIF3B	11.848960485
A_23_P77568	EIF3C	12.74065238875
A_33_P3420841	EIF3D	8.90440446725
A_23_P43141	EIF3E	13.5695596983333
A_23_P142776	EIF3F	10.0422939752083
A_33_P3369581	EIF3G	11.1113666183333
A_23_P9061	EIF3H	14.2048865533333
A_23_P85560	EIF3I	11.6576175341667
A_33_P3412563	EIF3IP1	3.95206961191667
A_21_P0012407	EIF3J	8.39789324258333
A_24_P330971	EIF3K	12.8593339558333
A_23_P57521	EIF3L	12.9323425704167
A_24_P138361	EIF3M	11.216087295
A_23_P137103	EIF4A1	12.59676848875
A_23_P121250	EIF4A2	14.5517330770833
A_23_P141636	EIF4A3	12.7119903775
A_24_P218970	EIF4B	9.055743024625
A_24_P349560	EIF4E	9.09297082545833
A_33_P3375516	EIF4E1B	4.2095967855
A_24_P943113	EIF4E3	6.091185396625
A_23_P22224	EIF4EBP1	11.8486857566667
A_23_P115922	EIF4EBP2	11.1557994154167
A_33_P3367577	EIF4ENIF1	7.21232292125
A_23_P218892	EIF4G1	10.8657877533333
A_23_P104892	EIF4G2	13.20769596625
A_24_P383850	EIF4G3	7.84445003095833
A_32_P168886	EIF4H	12.5715686016667
A_24_P398810	EIF5	9.29211477225
A_24_P31235	EIF5A	10.61568773125
A_24_P380022	EIF5A2	6.400194217375
A_33_P3265504	EIF5AL1	6.12167867533333
A_23_P218608	EIF5B	7.60350344391667
A_23_P210939	EIF6	12.5075004133333
A_23_P15944	ELAC1	7.99751841254167
A_33_P3373541	ELAC2	9.40122192295833
A_23_P130961	ELANE	4.03928373808333
A_23_P388681	ELAVL1	7.60950923283333
A_23_P94571	ELAVL2	9.27789697079167
A_23_P319626	ELAVL3	10.0302025649167
A_24_P188447	ELAVL4	12.4708462020833
A_33_P3278068	ELF1	5.72533769254167
A_33_P3212027	ELF2	6.98635082595833
A_23_P104188	ELF3	4.29778250329167
A_24_P340066	ELF4	5.36190377691667
A_33_P3210848	ELFN1	11.4065767170833
A_32_P219279	ELFN2	6.807187906
A_23_P171054	ELK1	4.753300493625
A_23_P338325	ELK3	4.09408185116667
A_33_P3365010	ELK4	6.11731304191667
A_23_P16538	ELL	6.26158495325
A_23_P58506	ELL2	9.579116393375
A_24_P47988	ELL3	6.583914771875
A_23_P122937	ELMO1	5.903191985875
A_23_P210538	ELMO2	7.6718826715
A_23_P140830	ELMO3	6.00901646920833
A_23_P401774	ELMOD1	8.95668605229167
A_23_P7282	ELMOD2	8.91099380666667
A_23_P154256	ELMOD3	7.30474881166667
A_24_P186943	ELN	5.27177361591667
A_23_P130689	ELOF1	10.36636719875
A_23_P23380	ELOVL1	7.62498753558333
A_33_P3231739	ELOVL2	6.36383262991667
A_23_P149858	ELOVL3	5.781324358875
A_23_P82065	ELOVL4	8.84447151020833
A_23_P156497	ELOVL5	7.95288727579167
A_32_P80597	ELOVL6	9.3331114965
A_23_P78438	ELP2	11.1509605541667
A_23_P43034	ELP3	7.70180991225
A_23_P24623	ELP4	7.78046856733333
A_23_P33664	ELSPBP1	4.1929979315
A_33_P3362611	ELTD1	3.98936299691667
A_33_P3359900	EMB	6.28104634525
A_23_P382065	EMCN	4.11200523516667
A_23_P85171	EMD	9.6100330815
A_23_P368225	EME1	5.538199589
A_33_P3297005	EME2	5.35789511704167
A_24_P253215	EMG1	8.581737161
A_24_P14634	EMID1	7.52869446441667
A_23_P134627	EMID2	6.241119934625
A_33_P3333455	EMILIN1	9.07732162029167
A_23_P27315	EMILIN2	6.31568087533333
A_23_P79816	EMILIN3	6.577364274125
A_23_P205746	EML1	8.249817030125
A_23_P101297	EML2	8.839239246875
A_23_P127793	EML3	7.78103494858333
A_23_P143127	EML4	11.0859794354167
A_33_P3365750	EML5	4.74472342866667
A_33_P3327608	EML6	4.75579510379167
A_23_P76488	EMP1	4.589099054875
A_23_P106682	EMP2	8.314394782875
A_33_P3215803	EMR1	5.85530941329167
A_23_P218549	EMR3	3.58559685929167
A_33_P3247320	EMR4P	3.94758337195833
A_23_P315122	EMX1	5.7185107805
A_23_P44264	EMX2	10.0066843761667
A_24_P892472	EMX2OS	10.808293320625
A_23_P56404	EN1	8.92487563379167
A_23_P134433	EN2	9.79524096391667
A_32_P87568	ENAH	10.7635795545833
A_24_P69095	ENC1	8.59928534258333
A_24_P189533	ENDOD1	9.87562743629167
A_23_P83266	ENDOG	8.82872030491667
A_24_P361457	ENDOV	6.82599043141667
A_23_P83328	ENG	4.34158247229167
A_33_P3348220	ENGASE	6.87243944679167
A_33_P3405114	ENHO	9.29749695179167
A_33_P3323136	ENKUR	5.424712952125
A_23_P137391	ENO1	12.7526756629167
A_21_P0000775	ENO1-AS1	5.54604790141667
A_24_P236091	ENO2	12.514200115
A_23_P130149	ENO3	13.3532955495833
A_33_P3314407	ENO4	4.09173860116667
A_23_P121806	ENOPH1	10.41093786875
A_33_P3261902	ENOSF1	6.214431232875
A_23_P128574	ENOX1	9.54392980983333
A_23_P258251	ENOX2	9.06815545391667
A_33_P3411338	ENPEP	4.30286568345833
A_23_P156880	ENPP1	6.424974276
A_23_P94338	ENPP2	4.16331491216667
A_23_P404536	ENPP3	4.10258337120833
A_23_P70318	ENPP4	9.95918165120833
A_23_P214244	ENPP5	4.74750855220833
A_24_P397255	ENPP6	3.84351908875
A_33_P3383491	ENPP7	3.90921409183333
A_32_P107746	ENSA	8.62889878008333
A_23_P410115	ENTHD1	3.91845535216667
A_33_P3262580	ENTPD1	5.627142718875
A_33_P3278649	ENTPD2	6.354535803375
A_23_P212469	ENTPD3	3.99668828233333
A_21_P0000901	ENTPD3-AS1	4.10530256270833
A_23_P216017	ENTPD4	8.53564197995833
A_23_P117580	ENTPD5	5.02907787033333
A_23_P79999	ENTPD6	11.3734961366667
A_24_P112447	ENTPD7	4.24359557733333
A_33_P3420224	ENTPD8	4.52501596770833
A_23_P82748	ENY2	12.5435817925
A_24_P97374	EOMES	3.94216740391667
A_23_P40693	EP300	8.47935809091667
A_23_P253158	EP400	8.63693535970833
A_23_P210210	EPAS1	4.77801504504167
A_33_P3227842	EPB41	5.56602319029167
A_24_P185709	EPB41L1	9.17529939975
A_23_P134109	EPB41L2	5.946611824875
A_23_P4536	EPB41L3	12.1868983316667
A_24_P257579	EPB41L4A	8.58817539933333
A_23_P58538	EPB41L4A-AS1	12.6652541191667
A_23_P387656	EPB41L4B	6.28816833716667
A_24_P944640	EPB41L5	7.49453537675
A_23_P219117	EPB49	9.634330769125
A_23_P46725	EPC1	10.1281304746667
A_23_P359738	EPC2	10.65440129
A_23_P91081	EPCAM	4.65558529441667
A_24_P166613	EPDR1	8.28825529391667
A_24_P341923	EPG5	6.43859342091667
A_23_P157333	EPHA1	3.62203670058333
A_23_P385199	EPHA10	5.83815930858333
A_23_P149281	EPHA2	4.92376239220833
A_23_P169819	EPHA3	6.75911000325
A_23_P108501	EPHA4	9.105694122875
A_23_P147839	EPHA5	8.395300202375
A_33_P3408782	EPHA6	3.64697781433333
A_24_P226332	EPHA7	4.97397233454167
A_33_P3408852	EPHA8	4.29994448795833
A_23_P166993	EPHB1	4.14186440991667
A_33_P3880302	EPHB2	8.71543959508333
A_23_P95060	EPHB3	9.80946406354167
A_33_P3216532	EPHB4	4.29965684729167
A_23_P145935	EPHB6	3.995863148625
A_23_P34537	EPHX1	7.853197685125
A_23_P8834	EPHX2	9.62809610533333
A_23_P119593	EPHX3	8.27435533720833
A_23_P43898	EPHX4	5.39643292608333
A_24_P239419	EPM2A	4.67302016154167
A_24_P627984	EPM2AIP1	6.40251739145833
A_23_P89310	EPN2	10.2193541354583
A_23_P130027	EPN3	5.40028966566667
A_23_P145669	EPO	4.41243087466667
A_23_P367899	EPOR	7.89060334220833
A_24_P357169	EPPK1	4.83178943779167
A_23_P97632	EPRS	12.5940355666667
A_33_P3371752	EPS15	10.1802478479583
A_33_P3350828	EPS15L1	9.752934804875
A_23_P136347	EPS8	5.68931064333333
A_33_P3398597	EPS8L1	9.55654447466667
A_23_P147822	EPS8L2	5.39722924791667
A_33_P3317168	EPS8L3	6.645917398125
A_23_P105794	EPSTI1	3.84191102975
A_33_P3230176	EPT1	7.713977920125
A_33_P3222253	EPX	3.444161795
A_23_P71981	ERAL1	9.298900881875
A_33_P3413701	ERAP1	8.0741581375
A_23_P30243	ERAP2	5.14031664404167
A_23_P89249	ERBB2	6.44411546329167
A_23_P30175	ERBB2IP	9.60933207041667
A_23_P349416	ERBB3	5.13610137604167
A_32_P183765	ERBB4	7.27810259670833
A_24_P694760	ERC1	8.414006233125
A_24_P374759	ERC2	9.52194300366667
A_33_P3365037	ERCC1	10.3550920933333
A_23_P130488	ERCC2	7.61360041720833
A_23_P5325	ERCC3	9.69654126570833
A_33_P3243364	ERCC4	5.850183317625
A_23_P117225	ERCC5	5.84832222383333
A_23_P1292	ERCC6	7.05638210825
A_23_P96325	ERCC6L	4.09479151829167
A_23_P41344	EREG	3.75280645391667
A_23_P4679	ERF	8.53572697566667
A_24_P97770	ERGIC1	8.84002639508333
A_23_P139509	ERGIC2	9.85028792195833
A_24_P216313	ERGIC3	11.1006947966667
A_23_P128734	ERH	12.8262648608333
A_33_P3315504	ERI1	6.11396365941667
A_23_P129717	ERI2	6.02102015833333
A_32_P155416	ERI3	8.98140323195833
A_32_P26969	ERICH1	9.29031696
A_33_P3325018	ERLEC1	9.58675049158333
A_23_P52219	ERLIN1	4.84274601691667
A_24_P372217	ERLIN2	6.133136911875
A_24_P105391	ERMAP	5.04005939070833
A_23_P102017	ERMN	3.743858261
A_23_P169154	ERMP1	6.218474409875
A_23_P164042	ERN1	3.99819287454167
A_33_P3213645	ERN2	5.212395190625
A_23_P106145	ERO1L	8.10626179995833
A_33_P3391521	ERO1LB	4.38131493295833
A_23_P139929	ERP29	10.4352760491667
A_23_P373927	ERP44	8.48139107533333
A_23_P46470	ERRFI1	9.622642268375
A_33_P3274179	ERV18-1	4.31219349845833
A_33_P3228355	ERV3-1	6.38800669341667
A_24_P924261	ERVFRD-1	3.8213107715
A_21_P0000884	ERVK13-1	5.433478416375
A_19_P00320259	ERVMER34-1	5.20296986241667
A_33_P3230598	ERVV-2	4.19754834158333
A_23_P31444	ERVW-1	4.59923717183333
A_23_P47410	ESAM	5.16540273316667
A_23_P317347	ESCO1	6.338363223
A_23_P87964	ESD	10.85601330375
A_33_P3354955	ESF1	8.317149047375
A_23_P32707	ESPL1	5.994240046375
A_23_P12405	ESPN	6.473356133125
A_33_P3392829	ESPNL	4.92075045520833
A_24_P383478	ESR1	4.22351740729167
A_23_P54100	ESR2	4.605923124625
A_33_P3843873	ESRG	3.42901992516667
A_23_P259127	ESRP1	4.21261605225
A_23_P100220	ESRP2	5.62213205341667
A_33_P3243544	ESRRA	9.92320135591667
A_23_P391857	ESRRB	5.45537828208333
A_24_P7965	ESRRG	5.38651928295833
A_23_P325606	ESX1	4.1642143345
A_23_P150852	ESYT1	8.28785871654167
A_24_P132470	ESYT2	9.77901916833333
A_33_P3238280	ESYT3	4.88981602570833
A_23_P51117	ETAA1	7.66721645841667
A_21_P0013769	ETF1	8.53503634208333
A_32_P119616	ETFA	10.645095914
A_23_P107653	ETFB	14.3604722958333
A_23_P61447	ETFDH	8.76995888745833
A_23_P142294	ETHE1	8.17852989704167
A_33_P3351559	ETNK1	7.915343007375
A_33_P3351554	ETNK2	7.55189044029167
A_24_P751074	ETS1	3.87906671816667
A_24_P314179	ETS2	7.70010967320833
A_33_P3357954	ETV1	9.185748351625
A_33_P3343106	ETV2	7.690296582125
A_33_P3324860	ETV3	4.92671662741667
A_32_P96000	ETV3L	3.92342408591667
A_24_P416346	ETV4	4.336193482125
A_32_P30649	ETV5	8.207252005875
A_33_P3356325	ETV6	6.19281193729167
A_23_P42353	ETV7	4.23337067983333
A_21_P0014134	EVC	4.591140938125
A_23_P320225	EVC2	4.03557230816667
A_23_P78092	EVI2A	4.58621480116667
A_23_P66694	EVI2B	4.310416303875
A_24_P96593	EVI5	5.46409303091667
A_33_P3250028	EVI5L	10.4942205570833
A_23_P140427	EVL	14.0046996045833
A_24_P104512	EVPL	8.50121750691667
A_32_P141682	EVPLL	4.46249651379167
A_24_P368943	EVX1	8.31058403395833
A_33_P3360271	EVX2	4.17306842925
A_23_P91657	EWSR1	8.97298916879167
A_23_P376036	EXD1	4.862981061875
A_23_P205293	EXD2	5.741053124375
A_33_P3319261	EXD3	6.585963926
A_23_P23303	EXO1	4.69829020325
A_23_P113972	EXOC1	9.1635174995
A_23_P214354	EXOC2	8.37456648725
A_23_P93046	EXOC3	8.24752706929167
A_23_P424734	EXOC3L1	8.08990271816667
A_33_P3215392	EXOC3L2	4.29354221704167
A_33_P3360972	EXOC3L4	5.78803900758333
A_24_P7946	EXOC4	5.94587356025
A_23_P14464	EXOC5	6.33812352741667
A_23_P169576	EXOC6	7.41734093066667
A_32_P16258	EXOC6B	5.99868731041667
A_33_P3390032	EXOC7	8.78105777295833
A_33_P3397051	EXOC8	7.11728678304167
A_24_P24444	EXOG	6.66999275975
A_23_P35591	EXOSC1	9.83105251633333
A_23_P62868	EXOSC10	10.9063842283333
A_33_P3347132	EXOSC2	7.9315095445
A_23_P123905	EXOSC3	8.394929246125
A_33_P3301410	EXOSC4	11.24222283625
A_24_P211151	EXOSC5	7.78261792083333
A_24_P39639	EXOSC6	7.94372949645833
A_23_P58102	EXOSC7	11.0127680925
A_24_P241276	EXOSC8	10.8855395945833
A_23_P81121	EXOSC9	10.31764052875
A_23_P403335	EXPH5	5.33314839554167
A_23_P43273	EXT1	7.80022370083333
A_23_P13183	EXT2	10.41893968375
A_23_P62999	EXTL1	7.45240483704167
A_23_P118	EXTL2	7.45033647429167
A_33_P3291294	EXTL3	12.3350453308333
A_33_P3216763	EYA1	6.74807093158333
A_23_P319859	EYA2	8.67079269958333
A_24_P466374	EYA3	6.684844868875
A_33_P3252281	EYA4	4.27029673179167
A_32_P480330	EYS	4.31301542025
A_23_P428219	EZH1	9.69407073083333
A_33_P3252196	EZH2	9.71017886641667
A_23_P19590	EZR	10.4901881158333
A_33_P3319302	F10	5.34480035604167
A_23_P41314	F11	4.111388655375
A_24_P319364	F11R	4.29051782858333
A_33_P3233871	F12	10.69151198
A_32_P140139	F13A1	4.10177122670833
A_23_P94879	F2	4.36655682825
A_23_P213562	F2R	7.09088781191667
A_33_P3232945	F2RL1	4.40672134854167
A_32_P60065	F2RL2	4.143035392375
A_33_P3232955	F2RL3	5.55447997208333
A_33_P3226832	F3	5.15298346470833
A_23_P117298	F7	6.57522081420833
A_24_P314451	F8	6.04406236070833
A_23_P11262	F8A1	11.8809609075
A_33_P3242234	F8A2	10.4623875708333
A_33_P3390411	F9	3.68784087058333
A_23_P49448	FA2H	4.06004468179167
A_33_P3261803	FAAH	6.84694111583333
A_23_P113471	FAAH2	5.737255973875
A_24_P558365	FABP12	3.79870464945833
A_24_P62783	FABP3	7.96612072108333
A_23_P59877	FABP5	10.1617828447917
A_23_P43846	FABP6	8.79350516445833
A_23_P134139	FABP7	5.33415292845833
A_33_P3348348	FABP9	3.75529110854167
A_23_P86917	FADD	11.0456534295833
A_24_P192994	FADS1	11.4417609533333
A_23_P98580	FADS2	13.3186456529167
A_23_P64404	FADS3	6.48954904429167
A_24_P211842	FADS6	4.09962852320833
A_23_P96853	FAF1	10.1048305125
A_24_P294719	FAF2	9.42241722479167
A_23_P129221	FAH	6.73031655916667
A_23_P118300	FAHD1	8.94145680091667
A_23_P5731	FAHD2A	8.11138505933333
A_23_P253932	FAIM	8.61591333354167
A_33_P3248982	FAIM2	12.11391016625
A_23_P138125	FAIM3	4.51192377783333
A_23_P402787	FAM100A	9.02598432270833
A_24_P194714	FAM100B	12.1448120566667
A_24_P288890	FAM101A	6.71382556666667
A_24_P299318	FAM101B	9.85892088529167
A_23_P112531	FAM102A	9.52772128866667
A_24_P237927	FAM102B	8.53974005045833
A_23_P65712	FAM103A1	10.9304619008333
A_23_P78289	FAM104A	10.5275411141667
A_21_P0013993	FAM104B	6.20143189770833
A_23_P133438	FAM105A	4.835333772125
A_33_P3248424	FAM105B	5.49573603154167
A_23_P66827	FAM106A	4.60031833354167
A_33_P3266998	FAM106CP	7.04632022558333
A_33_P3288942	FAM107B	9.80792070516667
A_21_P0011530	FAM108A1	10.2068859269583
A_33_P3266265	FAM108B1	7.50885227
A_23_P369701	FAM108C1	8.16813542775
A_24_P143076	FAM109A	8.185598144625
A_32_P218228	FAM109B	5.87713598575
A_23_P386241	FAM110A	13.1691385295833
A_33_P3330443	FAM110B	7.20196882008333
A_24_P50248	FAM110C	3.80119461770833
A_33_P3270657	FAM111B	4.595263303125
A_33_P3396591	FAM113A	7.189790769875
A_33_P3215647	FAM113B	5.104992427125
A_23_P132915	FAM114A1	4.81661797225
A_23_P41908	FAM114A2	7.23190974929167
A_32_P56525	FAM115A	7.877726410625
A_32_P214925	FAM115C	4.23260849879167
A_32_P118586	FAM116A	9.51536067375
A_24_P659036	FAM116B	8.06268225075
A_23_P78053	FAM117A	8.412677476375
A_32_P195401	FAM117B	9.07723415945833
A_23_P120973	FAM118A	8.23483859429167
A_23_P319492	FAM118B	8.111653129
A_24_P941505	FAM120A	6.41605514841667
A_24_P832156	FAM120AOS	8.057979409625
A_23_P313476	FAM120B	7.381451053625
A_32_P67623	FAM120C	7.361061525125
A_23_P409516	FAM122A	8.61511072241667
A_33_P3691860	FAM122B	5.9491216175
A_21_P0000080	FAM122C	4.73087814083333
A_23_P351305	FAM123A	8.966951769625
A_23_P308150	FAM123B	6.05675739654167
A_33_P3319810	FAM123C	9.5510007125
A_23_P344568	FAM124A	5.99987532470833
A_23_P39525	FAM124B	5.11289935408333
A_23_P393758	FAM125A	7.59558819441667
A_23_P354591	FAM125B	8.901196643125
A_24_P320665	FAM126A	4.91850540991667
A_32_P226786	FAM126B	9.47333512966667
A_24_P101629	FAM127B	10.4736347958333
A_33_P3296707	FAM127C	9.21536720870833
A_24_P233786	FAM129A	3.96026208170833
A_33_P3226167	FAM129B	10.1047287725833
A_33_P3350259	FAM129C	4.123801997
A_23_P41204	FAM131A	9.18811767483333
A_33_P3270668	FAM131B	9.991101611
A_24_P169073	FAM131C	11.30347570625
A_32_P75792	FAM132A	6.16652610616667
A_33_P3234124	FAM132B	4.070854756875
A_23_P345808	FAM133A	4.7468133075
A_32_P233938	FAM133B	7.197242818125
A_24_P928217	FAM134A	7.7146282235
A_23_P167599	FAM134B	7.777708097125
A_24_P185158	FAM134C	9.51311370520833
A_23_P398172	FAM135A	7.20904600191667
A_32_P68097	FAM135B	3.33482687341667
A_23_P108641	FAM136A	9.06281386629167
A_32_P923011	FAM138A	5.76323603408333
A_33_P3274599	FAM138E	4.52777836645833
A_33_P3691916	FAM13A	9.03405187625
A_33_P3218905	FAM13A-AS1	5.00905056041667
A_23_P136460	FAM13B	9.63605866454167
A_23_P416965	FAM149A	9.488842597125
A_24_P49298	FAM149B1	6.77561133708333
A_24_P935794	FAM150A	3.60703378670833
A_24_P561341	FAM150B	5.807515684875
A_33_P3341821	FAM151A	4.17445141770833
A_33_P3728979	FAM151B	4.33228633816667
A_24_P85243	FAM153A	4.41381741408333
A_32_P84369	FAM153B	5.47927853266667
A_23_P344578	FAM154A	4.409999115875
A_24_P247026	FAM154B	4.84659314708333
A_24_P706340	FAM155A	6.91280487258333
A_23_P22647	FAM155B	9.975708863125
A_23_P148519	FAM156A	11.85490488875
A_33_P3411414	FAM156B	8.42299709175
A_33_P3222501	FAM157A	3.99939351579167
A_21_P0013914	FAM157B	3.67699979145833
A_33_P3295786	FAM159A	6.42793691604167
A_33_P3381318	FAM160A1	4.07209335879167
A_23_P24796	FAM160A2	10.56596760875
A_33_P3299766	FAM160B1	7.09226091158333
A_33_P3269879	FAM160B2	7.73481565141667
A_32_P82189	FAM161A	8.30606158475
A_23_P365226	FAM161B	7.1279763785
A_23_P256542	FAM162A	10.385832291375
A_23_P145054	FAM162B	4.24186044329167
A_24_P190873	FAM163A	3.96584607966667
A_24_P397903	FAM164A	8.45426887183333
A_23_P99785	FAM164C	4.80040301904167
A_24_P74487	FAM165B	8.65200071654167
A_33_P3295870	FAM166A	5.31281186883333
A_33_P3268378	FAM167A	6.24970765425
A_33_P3367392	FAM167B	6.59362002504167
A_33_P3260941	FAM168A	3.86081234670833
A_33_P3397147	FAM168B	8.49034228016667
A_23_P423074	FAM169A	9.585000385
A_24_P263310	FAM169B	3.68133480675
A_33_P3298430	FAM171A1	9.491279587375
A_33_P3437907	FAM171A2	8.36859790908333
A_23_P423427	FAM171B	8.825988777625
A_24_P111912	FAM172A	10.5107840545833
A_33_P3354076	FAM172BP	4.27639719675
A_23_P54728	FAM173A	11.0247304333333
A_23_P133279	FAM173B	7.3792744985
A_23_P30283	FAM174A	7.85926252304167
A_23_P253464	FAM175A	6.969276458625
A_23_P364478	FAM175B	5.91521493695833
A_23_P108673	FAM176A	3.93283440245833
A_23_P322704	FAM177A1	10.9290421816667
A_33_P3367396	FAM177B	7.00291869920833
A_23_P356139	FAM178A	5.07231634820833
A_24_P231546	FAM178B	5.6180480575
A_24_P595717	FAM179A	3.61393016883333
A_33_P3226202	FAM179B	8.45479605675
A_32_P204218	FAM180A	5.48972487741667
A_33_P3330404	FAM180B	6.043934500375
A_23_P117380	FAM181A	6.12511759108333
A_33_P3270623	FAM181B	7.54650114091667
A_21_P0012140	FAM182B	6.27883637233333
A_33_P3244643	FAM183A	4.55931328108333
A_24_P391991	FAM183B	3.78185162733333
A_33_P3235776	FAM184A	7.857166162375
A_23_P301572	FAM184B	5.00548800916667
A_21_P0013334	FAM185A	6.60527520575
A_33_P3282060	FAM186A	3.9940008185
A_23_P25445	FAM186B	4.49046008145833
A_32_P225415	FAM187B	3.76297866333333
A_33_P3393106	FAM188A	8.6260836105
A_33_P3244433	FAM188B	5.23369963154167
A_32_P143000	FAM189A1	7.16922656766667
A_23_P422831	FAM189A2	4.196593153
A_33_P3359160	FAM189B	10.4927725916667
A_33_P3310039	FAM18A	5.373759004375
A_23_P118516	FAM18B1	9.27525512504167
A_24_P87490	FAM18B2	9.08547226029167
A_24_P262321	FAM18B2-CDRT4	4.45603758354167
A_32_P306678	FAM190A	5.50186920891667
A_23_P404108	FAM190B	11.1948360683333
A_23_P100441	FAM192A	9.568032725
A_23_P121506	FAM193A	8.370571182125
A_23_P213863	FAM193B	9.33402517754167
A_23_P346431	FAM194A	3.98672540479167
A_23_P3663	FAM195A	9.86595940504167
A_24_P237878	FAM195B	14.1192229329167
A_32_P202013	FAM196A	5.55218914329167
A_33_P3375636	FAM196B	4.29484058575
A_33_P3351316	FAM198A	4.4812072
A_33_P3321432	FAM198B	4.20591588333333
A_23_P45294	FAM199X	8.151858175
A_32_P117693	FAM19A1	3.85053435658333
A_24_P297551	FAM19A2	8.34626219083333
A_32_P352743	FAM19A3	4.043346560625
A_32_P71571	FAM19A4	3.95298365666667
A_23_P304489	FAM19A5	10.7183831429167
A_23_P168812	FAM200A	7.214631772875
A_33_P3381328	FAM201A	4.34949098275
A_23_P61268	FAM203A	7.76010944316667
A_33_P3297642	FAM204A	7.49448846391667
A_33_P3407494	FAM205A	4.38143607125
A_33_P3221808	FAM205B	4.07368863916667
A_23_P216568	FAM206A	7.11352625020833
A_33_P3288700	FAM207A	8.65662404275
A_23_P6651	FAM208A	7.21685469220833
A_23_P24244	FAM208B	6.77364399654167
A_32_P108254	FAM20A	4.624880191875
A_24_P148043	FAM20B	11.3184801679167
A_21_P0010870	FAM21C	8.30101910658333
A_32_P799227	FAM22A	6.07742407754167
A_24_P941898	FAM22D	6.23873430883333
A_33_P3212754	FAM22F	6.09438325325
A_33_P3368339	FAM22G	6.547695147625
A_21_P0000707	FAM24B	6.956418818875
A_32_P34138	FAM25A	4.534631866875
A_33_P3832680	FAM25C	4.949851606375
A_32_P120043	FAM26E	4.11151348858333
A_23_P7827	FAM26F	4.788268228125
A_33_P3301219	FAM27A	6.48352989783333
A_32_P942508	FAM27L	4.803359741875
A_23_P50331	FAM32A	10.8148535370833
A_23_P127279	FAM35A	8.7169899855
A_33_P3233947	FAM36A	9.81444931870833
A_33_P3215864	FAM3A	7.55709935845833
A_23_P166269	FAM3B	3.746695409625
A_21_P0013755	FAM3C	10.1683438919583
A_23_P41145	FAM3D	4.34927759254167
A_23_P320457	FAM40A	8.63399047954167
A_32_P213831	FAM40B	4.84747305654167
A_33_P3764636	FAM41AY1	4.055498629375
A_32_P70203	FAM41C	3.99472009416667
A_33_P3410589	FAM43A	9.65164029133333
A_32_P125338	FAM43B	7.97714932770833
A_24_P98555	FAM45A	9.07464560058333
A_33_P3410599	FAM46A	6.92088320070833
A_23_P12199	FAM46B	4.76946235633333
A_33_P3314176	FAM46C	4.22462259745833
A_32_P426044	FAM47A	4.020937641625
A_32_P105381	FAM47B	3.932876813375
A_33_P3249160	FAM47C	4.02390518708333
A_32_P83811	FAM47E	6.3097836975
A_23_P140050	FAM48A	8.48023717320833
A_33_P3384284	FAM48B1	5.03192555316667
A_33_P3314086	FAM48B2	4.011866103875
A_23_P21560	FAM49A	9.04291597154167
A_23_P43255	FAM49B	10.047415670875
A_23_P34107	FAM50A	10.9646006983333
A_23_P8240	FAM50B	8.60330220045833
A_33_P3303910	FAM53B	6.12864615591667
A_23_P167789	FAM53C	10.1090591556667
A_23_P253752	FAM54A	4.610943521875
A_23_P97195	FAM54B	9.961800640625
A_23_P24543	FAM55A	4.33436084045833
A_33_P3335661	FAM55B	3.70442130766667
A_33_P3276207	FAM55C	7.70357263520833
A_23_P50000	FAM57A	7.90110141041667
A_23_P163711	FAM57B	12.9081888570833
A_23_P404005	FAM58A	9.90733273016667
A_23_P66948	FAM59A	10.38334495
A_23_P325924	FAM59B	11.7191401545833
A_23_P35277	FAM5B	8.74685335566667
A_23_P103812	FAM5C	7.23563328058333
A_32_P103837	FAM60A	11.039642975
A_23_P160546	FAM63A	8.49494707070833
A_23_P379327	FAM63B	9.05603609308333
A_33_P3276918	FAM64A	4.7813536845
A_32_P230868	FAM65A	11.3292867670833
A_23_P358394	FAM65B	9.09157937420833
A_33_P3238290	FAM65C	4.18716679283333
A_33_P3316410	FAM66A	6.746442427875
A_21_P0013467	FAM66C	5.22994275208333
A_33_P3388882	FAM66D	6.08848997920833
A_21_P0013534	FAM66E	4.34804070320833
A_33_P3329023	FAM69A	6.62377669966667
A_23_P431305	FAM69B	11.7196311
A_32_P203404	FAM69C	3.75910047716667
A_23_P125680	FAM70A	8.161660076875
A_33_P3213459	FAM70B	5.37124824329167
A_23_P41713	FAM71B	4.03817890604167
A_23_P328145	FAM71D	4.20499007329167
A_24_P246351	FAM71E1	10.3322653604167
A_33_P3319572	FAM71E2	4.87089293004167
A_23_P134204	FAM71F1	6.01395819108333
A_33_P3245168	FAM71F2	5.20221069704167
A_33_P3242952	FAM72A	5.09828388183333
A_32_P151800	FAM72D	5.23228899754167
A_33_P3394395	FAM73A	8.65481895120833
A_23_P71864	FAM73B	7.95518541958333
A_33_P3704738	FAM74A1	4.472230829125
A_33_P3379436	FAM74A4	16.44305985375
A_33_P3217364	FAM75A3	4.26546248141667
A_21_P0013668	FAM75C2	5.27273012870833
A_33_P3242609	FAM75D1	4.005877441
A_33_P3299696	FAM75D3	4.10351594454167
A_33_P3216819	FAM75D4	3.76079779325
A_32_P112894	FAM76A	6.090689472875
A_32_P19752	FAM76B	10.1989233620833
A_23_P314250	FAM78A	7.26455334754167
A_33_P3259183	FAM78B	7.49260924920833
A_32_P203786	FAM7A1	6.09005819004167
A_21_P0011408	FAM7A3	5.433599278125
A_23_P423482	FAM81A	4.55421866908333
A_24_P131392	FAM82A1	6.34772089158333
A_23_P152087	FAM82A2	10.0534096332083
A_23_P251916	FAM82B	10.1010918557917
A_23_P216052	FAM83A	4.14416228979167
A_24_P66780	FAM83B	3.96028980604167
A_23_P409888	FAM83C	3.73922395733333
A_23_P323751	FAM83D	3.89105638208333
A_33_P3216467	FAM83E	5.13518096620833
A_23_P343963	FAM83F	5.14168042866667
A_33_P3335391	FAM83G	5.31164576879167
A_23_P421175	FAM83H	7.087079874375
A_23_P306215	FAM84A	6.57981795275
A_33_P3222045	FAM86A	6.902640378375
A_33_P3628675	FAM86B1	5.324170809375
A_24_P280868	FAM86B2	6.73613008291667
A_21_P0011081	FAM86C1	7.16565934945833
A_32_P6221	FAM86C2P	5.716480606
A_32_P190151	FAM86DP	4.10814770245833
A_21_P0012768	FAM86EP	4.393409968125
A_33_P3339336	FAM86FP	6.40078566629167
A_33_P3239087	FAM87B	4.69348168195833
A_24_P418408	FAM89A	5.46830272104167
A_33_P3220612	FAM89B	13.3241431845833
A_23_P133648	FAM8A1	4.70646884441667
A_33_P3212630	FAM90A10	5.66041830483333
A_33_P3280163	FAM90A7	5.31145832533333
A_33_P3591761	FAM91A1	5.28513141075
A_32_P103695	FAM92A1	9.91992238291667
A_32_P94001	FAM92A3	5.93444892375
A_32_P56624	FAM92B	4.49741484604167
A_33_P3340613	FAM95B1	4.50151107195833
A_33_P3416037	FAM96A	10.9405689479167
A_23_P77455	FAM96B	12.6230352570833
A_23_P313728	FAM98A	7.67896538083333
A_33_P3378772	FAM98B	4.61717681454167
A_23_P369983	FAM98C	9.09939070720833
A_33_P3378785	FAM99A	5.23559659516667
A_33_P3378777	FAM99B	3.6768303635
A_23_P391255	FAM9A	4.061551872875
A_23_P385790	FAM9C	3.87405536729167
A_21_P0000014	FAN1	7.65808108129167
A_23_P206441	FANCA	6.05951024033333
A_23_P356021	FANCB	5.08079343741667
A_33_P3319765	FANCC	7.43376687491667
A_23_P143994	FANCD2	4.86528347179167
A_23_P42335	FANCE	11.2751105054167
A_33_P3386364	FANCF	10.3713467233333
A_23_P71644	FANCG	10.4693995395833
A_32_P95729	FANCI	6.03690665575
A_23_P131383	FANCL	9.37535362591667
A_32_P106732	FANCM	7.56981053479167
A_33_P3332492	FANK1	4.91299841425
A_23_P56746	FAP	3.636513091125
A_24_P278460	FAR1	7.91450807845833
A_23_P150903	FAR2	3.92596725379167
A_33_P3388331	FARP1	7.97415265879167
A_33_P3350728	FARP2	6.275101748
A_23_P33720	FARS2	8.97162301833333
A_23_P78685	FARSA	10.3452273804167
A_23_P165355	FARSB	9.01780478295833
A_23_P63896	FAS	4.37234757491667
A_21_P0000562	FAS-AS1	4.00435410066667
A_23_P369815	FASLG	3.76454245179167
A_33_P3329344	FASN	11.9033258883333
A_23_P502930	FASTK	11.7531441429167
A_23_P28590	FASTKD1	9.714581273875
A_23_P345830	FASTKD2	8.61271881825
A_23_P58489	FASTKD3	7.90208581383333
A_23_P380724	FASTKD5	10.41774632775
A_23_P69586	FAT1	8.930434357
A_23_P81507	FAT2	3.98320549041667
A_24_P16833	FAT3	7.7580319385
A_23_P18649	FAT4	5.567946239125
A_23_P22565	FATE1	3.80077767683333
A_32_P11471	FAU	15.3502373495833
A_24_P87458	FBF1	4.399123215625
A_23_P78888	FBL	12.9378560370833
A_23_P23457	FBLIM1	7.684842331125
A_33_P3268954	FBLL1	12.06323194375
A_33_P3249872	FBLN1	11.5131763358333
A_23_P143981	FBLN2	6.40187742175
A_23_P151805	FBLN5	4.13545054020833
A_23_P102462	FBLN7	3.890734840375
A_33_P3348239	FBN1	4.202996418125
A_23_P214026	FBN2	NA
A_33_P3300430	FBN3	5.022684461625
A_23_P257111	FBP1	4.36340113720833
A_23_P94472	FBP2	4.410632757
A_23_P38015	FBRS	9.45157367795833
A_33_P3234457	FBRSL1	8.12180535045833
A_23_P78557	FBXL12	7.58949374991667
A_23_P379071	FBXL13	6.21038503654167
A_23_P36724	FBXL14	6.74034039529167
A_23_P12635	FBXL15	11.6641260258333
A_23_P406385	FBXL16	12.6863094716667
A_33_P3314441	FBXL17	7.95976214554167
A_33_P3211404	FBXL18	7.8006571285
A_23_P338168	FBXL19	9.81703093070833
A_33_P3284711	FBXL19-AS1	5.12102306679167
A_23_P17955	FBXL2	9.99915709654167
A_33_P3333587	FBXL20	8.992962008625
A_33_P3277674	FBXL22	5.96245354820833
A_23_P140069	FBXL3	9.316613535375
A_23_P214739	FBXL4	9.81140657579167
A_23_P213247	FBXL5	11.1372588204167
A_33_P3284646	FBXL6	9.54931025470833
A_23_P144827	FBXL7	7.83440477183333
A_33_P3284586	FBXL8	6.91289509291667
A_33_P3259507	FBXO10	9.872017729375
A_24_P357536	FBXO11	7.89976569508333
A_23_P342709	FBXO15	7.82114564591667
A_23_P168847	FBXO16	8.877963592
A_23_P101871	FBXO17	7.15419832029167
A_33_P3233978	FBXO18	7.21664533208333
A_23_P45999	FBXO2	12.0439381791667
A_23_P53736	FBXO21	11.3541330008333
A_24_P13715	FBXO22	6.7774667695
A_33_P3237220	FBXO24	4.63225000808333
A_24_P113264	FBXO27	5.452248047625
A_23_P137578	FBXO28	7.923208424625
A_23_P363831	FBXO3	6.19683875204167
A_23_P256231	FBXO30	8.72962029083333
A_23_P395566	FBXO31	6.1630859065
A_33_P3378126	FBXO32	5.542036302125
A_24_P41021	FBXO33	6.6549352045
A_33_P3237225	FBXO34	9.98786049458333
A_23_P422981	FBXO36	6.06670728645833
A_23_P146811	FBXO38	9.49368100695833
A_24_P171873	FBXO4	5.84035397341667
A_24_P280684	FBXO40	3.44487308545833
A_23_P349676	FBXO41	10.7215580504167
A_24_P333494	FBXO42	NA
A_33_P3222630	FBXO43	4.67390650229167
A_23_P200637	FBXO44	9.01338129429167
A_23_P27744	FBXO46	9.7002047695
A_33_P3415475	FBXO47	3.73057285325
A_33_P3214745	FBXO48	5.191939686
A_33_P3384871	FBXO5	7.02782613495833
A_23_P97064	FBXO6	5.70746391245833
A_23_P29225	FBXO7	11.3311726991667
A_23_P136012	FBXO8	8.15436942845833
A_23_P254120	FBXO9	10.8216561548333
A_23_P218358	FBXW10	4.26108519641667
A_23_P214046	FBXW11	13.187345335
A_33_P3268686	FBXW12	4.779105758875
A_23_P254648	FBXW2	6.48736697479167
A_23_P342825	FBXW4	8.06002632854167
A_23_P112397	FBXW5	11.14451638625
A_24_P174613	FBXW7	10.8451441708333
A_24_P44279	FBXW8	6.65310392916667
A_23_P16214	FBXW9	8.76031627833333
A_23_P160902	FCAMR	4.0597303095
A_23_P208768	FCAR	4.113435566375
A_23_P103765	FCER1A	3.93313300416667
A_23_P160849	FCER1G	5.64663931820833
A_23_P164773	FCER2	3.7281227515
A_33_P3264505	FCF1	5.08564543670833
A_23_P21495	FCGBP	6.99236077575
A_21_P0010561	FCGR1B	3.88629548829167
A_23_P85716	FCGR2A	5.064355134375
A_23_P34644	FCGR2B	4.09875347595833
A_23_P55936	FCGRT	9.5779228405
A_33_P3255509	FCHO1	11.3001664879167
A_23_P349083	FCHO2	7.32992782820833
A_23_P343826	FCHSD1	6.26613768408333
A_23_P368278	FCHSD2	7.46557112675
A_23_P157879	FCN1	4.70972759083333
A_33_P3275741	FCN3	5.34686298816667
A_33_P3294504	FCRL1	4.36254559
A_24_P319647	FCRL2	4.48954122033333
A_23_P103803	FCRL3	3.74172144925
A_23_P115200	FCRL4	4.013008724125
A_33_P3335511	FCRL5	4.1548697955
A_33_P3363933	FCRL6	4.057491967
A_24_P276576	FCRLA	4.07270048470833
A_33_P3299285	FCRLB	5.899941225625
A_23_P71319	FDFT1	13.0219564
A_24_P114183	FDPS	12.8087756833333
A_32_P95223	FDPSL2A	11.00238195
A_33_P3343690	FDX1	7.17931109370833
A_33_P3320748	FDX1L	9.62201485266667
A_24_P246293	FDXACB1	4.68348767329167
A_23_P38154	FDXR	10.3486133270833
A_33_P3214635	FECH	7.888890637625
A_24_P219920	FEM1A	6.02967453195833
A_23_P151970	FEM1B	6.202357357
A_33_P3383871	FEM1C	7.88386034929167
A_24_P84898	FEN1	7.67960356275
A_23_P124570	FER	8.24002413066667
A_23_P80048	FER1L4	6.635924295375
A_33_P3299055	FER1L5	4.29401831625
A_33_P3262171	FER1L6	3.71126227145833
A_23_P322013	FER1L6-AS1	4.088135773375
A_23_P422849	FERD3L	3.85969129608333
A_24_P365506	FERMT1	4.40766411629167
A_33_P3344482	FERMT2	7.27430130879167
A_23_P64044	FERMT3	4.76998464154167
A_23_P14769	FES	7.12507451925
A_23_P5460	FEV	4.41524574295833
A_23_P202881	FEZ1	11.4878022716667
A_23_P39718	FEZ2	9.53273611045833
A_33_P3402931	FEZF1	5.14619349683333
A_33_P3387518	FEZF2	3.94014217545833
A_23_P39356	FFAR1	4.780818089125
A_23_P397391	FFAR2	4.317862408625
A_33_P3401753	FFAR3	4.36776457416667
A_23_P375372	FGA	4.48587412266667
A_24_P143138	FGD1	7.55316363404167
A_24_P140788	FGD2	4.48361279245833
A_24_P153840	FGD3	7.354594867125
A_33_P3404588	FGD4	8.66029614795833
A_33_P3364180	FGD5	4.73701297895833
A_32_P104478	FGD6	7.9085791485
A_33_P3242136	FGF1	5.75249697483333
A_23_P377750	FGF10	3.80026600870833
A_33_P3333282	FGF11	8.562924152125
A_24_P334300	FGF12	7.440894125875
A_23_P217319	FGF13	8.69316719825
A_23_P88033	FGF14	6.45226681916667
A_23_P254896	FGF16	3.98876295866667
A_23_P429363	FGF17	5.293513287875
A_23_P412389	FGF18	9.73221837275
A_23_P427587	FGF19	3.81311585829167
A_33_P3419696	FGF2	4.695598233
A_23_P395404	FGF20	4.44958115620833
A_23_P101564	FGF21	3.87625994170833
A_33_P3297907	FGF22	5.121084132625
A_23_P117095	FGF23	4.20215521033333
A_33_P3380797	FGF3	5.493175712
A_24_P355720	FGF4	4.25815893725
A_24_P337239	FGF5	4.39273516316667
A_23_P105705	FGF6	3.78942512204167
A_32_P196021	FGF7	7.20581299991667
A_23_P46829	FGF8	4.25934035916667
A_33_P3348714	FGF9	7.25726226791667
A_24_P226069	FGFBP2	3.75071195191667
A_24_P201381	FGFBP3	9.39967789525
A_23_P316447	FGFR1	5.932511396
A_23_P145134	FGFR1OP	7.08502622795833
A_33_P3369258	FGFR1OP2	6.26015955216667
A_23_P303145	FGFR2	4.31660479225
A_23_P212830	FGFR3	4.37616032558333
A_23_P92754	FGFR4	5.60833937283333
A_23_P92349	FGFRL1	6.90437963095833
A_23_P148088	FGG	3.84453721658333
A_32_P209094	FGGY	9.31557332633333
A_23_P20484	FGL1	4.08152975316667
A_23_P103932	FGR	4.331016715625
A_23_P34733	FH	10.8022491266667
A_32_P61495	FHAD1	3.96105703579167
A_23_P328259	FHDC1	5.84173685825
A_33_P3216601	FHIT	7.40788093754167
A_33_P3849275	FHL1	12.6170900345833
A_23_P108751	FHL2	7.56059309275
A_23_P114839	FHL3	8.397430945125
A_23_P37778	FHOD1	7.54791046533333
A_32_P34444	FHOD3	11.3429127420833
A_23_P112187	FIBCD1	6.520456557375
A_23_P1615	FIBP	10.039510399625
A_23_P128246	FICD	7.94472289379167
A_23_P145541	FIG4	6.693144241375
A_23_P45185	FIGF	8.79890505783333
A_33_P3315944	FIGLA	3.78992821245833
A_32_P397824	FIGN	7.20947825408333
A_23_P302681	FIGNL1	5.72007951870833
A_33_P3319581	FIGNL2	8.72372442854167
A_33_P3276435	FILIP1	5.82139346191667
A_33_P3222391	FILIP1L	5.33334166208333
A_23_P58337	FIP1L1	10.09485140225
A_24_P277955	FIS1	11.4120867616667
A_23_P99625	FITM1	5.14929493120833
A_24_P203407	FITM2	4.705971942375
A_23_P107855	FIZ1	8.43408350983333
A_23_P150693	FJX1	11.7754861933333
A_23_P15727	FKBP10	7.777573386875
A_23_P25121	FKBP11	7.815354362375
A_23_P215341	FKBP14	7.74367351858333
A_32_P224149	FKBP15	8.740175223125
A_32_P50522	FKBP1A	8.74741542620833
A_23_P142631	FKBP1B	12.48356941
A_33_P3273020	FKBP2	13.7111513225
A_23_P117558	FKBP3	12.4990099416667
A_23_P128372	FKBP4	8.45861414308333
A_21_P0000010	FKBP5	5.44697100708333
A_23_P250874	FKBP6	3.302253091625
A_23_P79622	FKBP7	10.34108823625
A_33_P3272990	FKBP8	10.1149671019583
A_23_P334709	FKBP9	6.9492980805
A_23_P70566	FKBPL	6.092296480625
A_23_P164946	FKRP	9.59734419925
A_23_P300087	FKSG83	4.52956781620833
A_23_P216622	FKTN	5.041256717
A_23_P34527	FLAD1	10.3024686409167
A_19_P00800667	FLAP	5.10519006404167
A_24_P173124	FLCN	6.35593294
A_24_P51322	FLG	5.30905873395833
A_24_P355649	FLI1	3.646224041875
A_23_P4425	FLII	10.09042190725
A_33_P3335740	FLJ10038	7.506158199375
A_33_P3362291	FLJ10489	3.71890575395833
A_23_P69941	FLJ11235	6.92310227883333
A_33_P3567967	FLJ11292	11.9006995241667
A_21_P0002182	FLJ12334	4.50850407295833
A_24_P516246	FLJ12825	4.23181792025
A_23_P30163	FLJ13197	6.937685607375
A_23_P53329	FLJ13224	4.79537104508333
A_33_P3806965	FLJ13744	5.12898498
A_24_P72646	FLJ14107	5.15182258895833
A_24_P691775	FLJ14186	7.655200260875
A_33_P3677050	FLJ16341	4.19226811125
A_19_P00322222	FLJ16779	6.22683775745833
A_21_P0000611	FLJ20021	9.45226970475
A_21_P0013726	FLJ20444	4.61820934004167
A_23_P42684	FLJ20712	4.30335221391667
A_21_P0000676	FLJ21408	4.86743196879167
A_33_P3397150	FLJ22184	12.0408704533333
A_24_P634768	FLJ22763	5.16959496608333
A_21_P0013125	FLJ23152	4.69834619804167
A_33_P3220475	FLJ23867	5.34750377875
A_33_P3345653	FLJ25328	3.819323405875
A_33_P3229809	FLJ25363	4.04265916433333
A_23_P342751	FLJ25694	5.27113988266667
A_24_P110284	FLJ25758	5.14494351241667
A_33_P3255314	FLJ26245	4.32756840183333
A_33_P3781228	FLJ26332	4.44278761666667
A_33_P3403714	FLJ26850	4.15458766279167
A_32_P447001	FLJ27352	7.17991728179167
A_21_P0000908	FLJ27354	4.967489857875
A_33_P3748769	FLJ27502	3.761420899
A_21_P0014123	FLJ30375	4.587716548625
A_33_P3307177	FLJ30403	7.60384563954167
A_23_P346327	FLJ30679	4.12063166966667
A_33_P3858476	FLJ30838	6.67577309420833
A_33_P3695899	FLJ31104	4.44306390620833
A_23_P383601	FLJ31306	6.175496580625
A_33_P3364062	FLJ31356	3.86689748304167
A_21_P0007806	FLJ31485	3.98469262375
A_33_P3813684	FLJ31662	8.91086124316667
A_33_P3777165	FLJ31715	4.1192116415
A_24_P677642	FLJ31813	5.20455819595833
A_19_P00811533	FLJ32224	4.98864931879167
A_19_P00320314	FLJ32255	5.44024497629167
A_21_P0000618	FLJ33065	4.93703657004167
A_24_P307724	FLJ33360	4.1960894275
A_32_P161751	FLJ33534	3.910093568875
A_33_P3313830	FLJ33630	4.97848304716667
A_33_P3390177	FLJ34208	6.17574194979167
A_24_P403150	FLJ34503	4.29106270883333
A_21_P0009378	FLJ34690	3.82829600991667
A_33_P3652730	FLJ34747	3.86890019920833
A_32_P473302	FLJ35024	5.61556174566667
A_33_P3363316	FLJ35390	5.92144604408333
A_33_P3365720	FLJ35424	7.75677427558333
A_33_P3368785	FLJ35776	7.21830035325
A_33_P3259890	FLJ35946	6.902678264
A_33_P3377763	FLJ36000	5.27775038470833
A_33_P3374778	FLJ36644	3.89182394383333
A_21_P0007119	FLJ37035	5.925671607625
A_24_P246091	FLJ37201	6.04428870425
A_32_P100258	FLJ37453	10.1604529308333
A_21_P0009619	FLJ37638	5.36823775879167
A_24_P497464	FLJ37644	3.95496646066667
A_33_P3611762	FLJ37798	7.48536070654167
A_33_P3704280	FLJ38109	4.58655747958333
A_33_P3803667	FLJ38122	3.66902407241667
A_24_P194661	FLJ38379	5.70562900870833
A_33_P3272105	FLJ38576	4.52764507425
A_19_P00810043	FLJ38717	6.0047479805
A_21_P0000607	FLJ39051	6.04119636870833
A_33_P3347437	FLJ39080	3.89897883075
A_33_P3675395	FLJ39095	6.227103576
A_19_P00318361	FLJ39534	7.55966831729167
A_33_P3323368	FLJ39639	4.30721399570833
A_33_P3335984	FLJ39653	6.04521470745833
A_24_P418152	FLJ40194	4.64919507754167
A_21_P0014767	FLJ40288	4.428185440625
A_33_P3309365	FLJ40434	8.84501099016667
A_33_P3322544	FLJ40453	3.91527127120833
A_32_P539599	FLJ40852	6.53521054004167
A_32_P172882	FLJ41350	3.76812288366667
A_33_P3248004	FLJ41423	4.72192035216667
A_33_P3266192	FLJ41484	4.34187575291667
A_33_P3398583	FLJ41649	5.37025637841667
A_33_P3400107	FLJ41941	3.49998152941667
A_33_P3321871	FLJ42102	4.36411435441667
A_33_P3210556	FLJ42289	4.40395428408333
A_21_P0002674	FLJ42351	5.32988183520833
A_33_P3445679	FLJ42392	5.86707155766667
A_24_P929322	FLJ42393	5.102207547625
A_21_P0008871	FLJ42627	6.98177909233333
A_32_P118847	FLJ42709	6.31238651666667
A_33_P3543288	FLJ42842	3.834994231
A_24_P366787	FLJ42875	5.91168036325
A_33_P3534905	FLJ42969	3.94695212241667
A_21_P0010773	FLJ43315	5.398918424125
A_24_P840042	FLJ43390	4.782577789625
A_19_P00322002	FLJ43663	5.91433647020833
A_21_P0011630	FLJ43681	6.633753561875
A_21_P0011540	FLJ43826	4.68262014225
A_33_P3227686	FLJ43860	4.65569427583333
A_21_P0002553	FLJ43879	4.20296979225
A_33_P3227482	FLJ43944	4.45037879754167
A_33_P3582789	FLJ44087	3.45198188358333
A_33_P3311165	FLJ44313	5.10481470345833
A_33_P3229171	FLJ44635	4.120837070125
A_33_P3280147	FLJ45079	5.36042767945833
A_33_P3362397	FLJ45340	7.192205558875
A_33_P3248900	FLJ45445	10.1284170102083
A_33_P3237580	FLJ45513	3.49729627029167
A_33_P3798989	FLJ45950	4.01621857166667
A_33_P3310246	FLJ45974	3.814400305875
A_33_P3227269	FLJ45983	4.40085640766667
A_33_P3692766	FLJ46066	6.33427091858333
A_33_P3362034	FLJ46300	4.00955820054167
A_33_P3720733	FLJ46320	3.68631392466667
A_33_P3376661	FLJ46361	4.01985601966667
A_33_P3630129	FLJ46875	7.30850514945833
A_19_P00320665	FLJ46906	7.20792687870833
A_19_P00808774	FLJ90757	9.42149810945833
A_33_P3366120	FLNA	6.5592672705
A_23_P211878	FLNB	10.9520350608333
A_21_P0013349	FLNC	7.86022693925
A_23_P214603	FLOT1	11.7406450166667
A_24_P253818	FLOT2	8.74361131566667
A_23_P47168	FLRT1	7.51223366483333
A_24_P236235	FLRT2	7.977399343625
A_33_P3418833	FLRT3	6.453596663
A_21_P0000024	FLT1	4.63947401416667
A_23_P78742	FLT3LG	6.14199078820833
A_33_P3409269	FLT4	4.09814308916667
A_23_P12113	FLVCR1	8.218897873375
A_33_P3299811	FLVCR1-AS1	6.76919200941667
A_33_P3535649	FLYWCH1	6.65746555683333
A_33_P3404749	FMN1	5.54375300333333
A_32_P229132	FMN2	5.14523716770833
A_24_P390668	FMNL1	6.56341684591667
A_33_P3310552	FMNL2	9.21287353508333
A_23_P379200	FMNL3	5.67553571958333
A_23_P149613	FMO1	4.67764890179167
A_33_P3275702	FMO2	4.21137744333333
A_23_P160992	FMO4	5.67096813633333
A_33_P3376214	FMO5	3.88690150116667
A_33_P3285271	FMO6P	4.30824518020833
A_23_P148793	FMO9P	4.20852695845833
A_23_P114883	FMOD	4.527926711625
A_24_P40417	FMR1	7.86828426275
A_33_P3238785	FMR1-AS1	4.01186910720833
A_32_P99019	FMR1NB	4.53600193495833
A_23_P89215	FN3K	5.65603321533333
A_23_P77813	FN3KRP	10.5536886895833
A_33_P3367565	FNBP1	9.291126253875
A_23_P417942	FNBP1L	13.21419967125
A_23_P395595	FNBP4	8.78231108970833
A_23_P407840	FNDC1	3.90613464275
A_23_P25503	FNDC3A	7.472622193875
A_24_P223124	FNDC3B	6.122302311125
A_23_P16834	FNDC4	7.77882002433333
A_23_P420326	FNDC5	11.506994345
A_33_P3247559	FNDC7	3.88103192216667
A_23_P66552	FNDC8	3.8078107795
A_33_P3385656	FNDC9	5.37096939533333
A_33_P3805085	FNIP1	5.80063227608333
A_33_P3805090	FNIP2	10.0562787822083
A_23_P24926	FNTA	11.51672965
A_23_P25835	FNTB	8.790410470875
A_23_P47616	FOLH1	4.253485101375
A_32_P157391	FOLH1B	3.78868095504167
A_23_P53176	FOLR1	6.02491648904167
A_24_P32935	FOLR2	5.42007783508333
A_24_P252996	FOLR3	3.7540309975
A_24_P206702	FOLR4	4.396964699375
A_19_P00806765	FONG	4.57046049645833
A_23_P390744	FOPNL	10.1913025975417
A_23_P106194	FOS	5.26145818908333
A_23_P429998	FOSB	4.55920036820833
A_23_P161624	FOSL1	4.67868529958333
A_23_P348121	FOSL2	4.02475676795833
A_23_P37127	FOXA1	4.314680389125
A_24_P365515	FOXA2	5.255472598125
A_23_P142174	FOXA3	5.84974857158333
A_23_P140527	FOXB1	6.82216341533333
A_33_P3301291	FOXB2	3.95117741979167
A_32_P205110	FOXC1	4.151439429375
A_33_P3302295	FOXC2	3.78237955658333
A_32_P34920	FOXD1	9.32996862904167
A_23_P413585	FOXD2	4.52899232991667
A_33_P3264331	FOXD3	4.02927819491667
A_32_P119248	FOXD4	8.455665887125
A_33_P3293403	FOXD4L2	5.83823823520833
A_33_P3226357	FOXE1	4.02286208433333
A_23_P112666	FOXE3	5.37338892795833
A_23_P118254	FOXF1	4.17327589529167
A_23_P110957	FOXF2	3.67383644729167
A_23_P82959	FOXH1	5.63374080120833
A_33_P3269408	FOXI2	11.5295608908333
A_24_P15391	FOXI3	4.76762111566667
A_23_P348636	FOXJ1	5.43908223291667
A_24_P21985	FOXJ2	6.602696462
A_23_P566	FOXJ3	11.32189890625
A_24_P115199	FOXK1	8.76316684666667
A_33_P3310070	FOXK2	8.82250435279167
A_33_P3355503	FOXL1	3.87951619291667
A_23_P110052	FOXL2	4.151278924
A_23_P151150	FOXM1	4.597759743
A_23_P118693	FOXN1	5.13074597266667
A_32_P140898	FOXN2	9.97886501145833
A_21_P0013848	FOXN3	9.59498634120833
A_32_P140030	FOXN4	4.4645608535
A_24_P22079	FOXO1	5.85899315575
A_32_P102062	FOXO3	10.5561856125
A_33_P3249793	FOXO4	5.64499622970833
A_33_P3214310	FOXP1	9.07223419475
A_24_P16559	FOXP2	5.27132871495833
A_33_P3398251	FOXP3	4.342153897125
A_24_P93855	FOXP4	8.93129791466667
A_32_P164246	FOXQ1	5.354447366625
A_24_P204011	FOXR1	4.10417960770833
A_23_P35883	FOXRED1	7.82998954833333
A_24_P147765	FOXRED2	8.98267409595833
A_33_P3283833	FOXS1	5.390953554875
A_21_P0006140	FP588	6.35382599679167
A_23_P9465	FPGS	7.82917348208333
A_33_P3388815	FPGT	6.23501351825
A_33_P3388810	FPGT-TNNI3K	5.18154506454167
A_23_P38795	FPR1	5.58126776125
A_23_P55649	FPR2	3.81460194954167
A_33_P3247042	FPR3	3.832722052125
A_24_P30141	FRA10AC1	7.18701673475
A_33_P3380647	FRAS1	6.06174582008333
A_33_P3261173	FRAT1	7.44165729929167
A_23_P12784	FRAT2	10.6620706820833
A_23_P43337	FREM1	5.08819742933333
A_33_P3250820	FREM2	4.97024600758333
A_24_P738168	FREM3	3.884380817125
A_21_P0013909	FRG1	9.53429679183333
A_24_P417526	FRG1B	8.31088990845833
A_24_P623782	FRG2	4.15270340166667
A_33_P3412798	FRG2B	3.54626663008333
A_33_P3212394	FRG2C	4.162887262375
A_23_P133665	FRK	4.08441641475
A_23_P81717	FRMD1	4.72162654533333
A_33_P3363420	FRMD3	9.33177068670833
A_23_P22352	FRMD4A	8.291232652375
A_33_P3446495	FRMD4B	9.40901107304167
A_33_P3238815	FRMD5	6.490329162625
A_24_P330303	FRMD6	7.712377746
A_33_P3603812	FRMD8	6.10891251854167
A_23_P169460	FRMPD1	5.23689504541667
A_23_P86710	FRMPD2	5.67649059370833
A_21_P0013788	FRMPD3	6.01505953170833
A_24_P940275	FRMPD4	3.83653934220833
A_23_P865	FRRS1	3.64591224175
A_33_P3364112	FRS2	7.98663068633333
A_23_P105862	FRY	8.41262416370833
A_21_P0014679	FRY-AS1	4.20236025041667
A_33_P3840630	FRYL	8.20980384720833
A_23_P363778	FRZB	5.98451991125
A_33_P3411075	FSCN1	14.4650762875
A_33_P3411080	FSCN2	6.34735585204167
A_23_P93898	FSCN3	4.58730244558333
A_33_P3414789	FSD1	11.80618312
A_33_P3241541	FSD1L	8.71772102595833
A_33_P3390918	FSD2	4.05951130504167
A_23_P108699	FSHR	3.9903685435
A_23_P353125	FSIP1	5.02329808858333
A_33_P3293773	FSIP2	3.76221196320833
A_23_P110531	FST	4.45546082291667
A_23_P212696	FSTL1	9.95344617979167
A_33_P3318796	FSTL3	9.36965819679167
A_33_P3249081	FSTL4	5.246075820875
A_24_P251734	FSTL5	11.27173421625
A_23_P91552	FTCD	6.51613259345833
A_21_P0013796	FTH1	14.12615473875
A_23_P148410	FTHL17	7.30119032675
A_19_P00812340	FTL	12.1020532808333
A_33_P3261710	FTLP10	3.55089397645833
A_32_P160896	FTMT	4.67049890979167
A_23_P113184	FTO	10.33833164325
A_33_P3216337	FTSJ1	10.9740278208333
A_24_P363477	FTSJ2	8.20014076108333
A_23_P55091	FTSJ3	10.3234482870833
A_24_P185036	FTSJD1	8.08354478845833
A_33_P3393245	FTSJD2	7.6422547115
A_21_P0000565	FTX	6.08902761475
A_33_P3281151	FUBP1	9.57295268558333
A_23_P11543	FUCA1	8.49756103075
A_23_P145408	FUCA2	8.12769662816667
A_23_P429461	FUK	8.69330619341667
A_23_P375549	FUNDC1	9.71428605720833
A_33_P3371588	FUNDC2	8.44472919541667
A_32_P18250	FUNDC2P2	10.7341303220833
A_23_P3368	FURIN	4.78247559991667
A_23_P106887	FUS	11.3178309429167
A_23_P107963	FUT1	9.54953020733333
A_33_P3288294	FUT10	5.49311600116667
A_23_P413788	FUT11	5.86417496645833
A_23_P360316	FUT3	4.371030680375
A_33_P3286536	FUT4	6.84125377458333
A_33_P3248203	FUT5	3.57644558066667
A_33_P3210288	FUT6	10.53863700875
A_23_P170534	FUT7	5.316658829125
A_23_P313632	FUT8	9.96279910658333
A_23_P19556	FUT9	3.85470479220833
A_23_P373568	FUZ	8.70650046425
A_33_P3243657	FXC1	11.240560085
A_33_P3319161	FXN	9.428837651875
A_33_P3387300	FXR1	10.8992355670833
A_23_P4007	FXR2	9.457575059625
A_33_P3228435	FXYD1	6.01086333433333
A_33_P3228445	FXYD2	5.428320783875
A_33_P3228455	FXYD3	4.30765286604167
A_23_P98121	FXYD4	3.972436376875
A_33_P3422030	FXYD5	4.79449415525
A_23_P150394	FXYD6	12.5241364058333
A_23_P119611	FXYD7	10.2226952334583
A_23_P212339	FYCO1	6.56998427333333
A_23_P502142	FYN	12.8584524679167
A_23_P80827	FYTTD1	10.1751154072083
A_24_P38276	FZD1	11.1336461775
A_23_P203972	FZD10	3.98448598045833
A_23_P141362	FZD2	7.299671826625
A_23_P347468	FZD3	8.88619159441667
A_23_P64617	FZD4	5.63524327408333
A_23_P108437	FZD5	4.928712705125
A_33_P3409392	FZD6	5.371927511375
A_23_P209449	FZD7	8.97964682620833
A_23_P396858	FZD8	8.76962332295833
A_23_P59613	FZD9	7.78486260545833
A_33_P3268368	FZR1	9.26862042229167
A_24_P941759	G2E3	6.48690825379167
A_33_P3331237	G3BP1	8.934465663875
A_24_P380132	G3BP2	12.8203843183333
A_23_P385017	G6PC	3.69005640791667
A_23_P55174	G6PC3	8.37881034945833
A_23_P34093	G6PD	9.18466729791667
A_23_P153026	GAA	11.9997940808333
A_23_P335239	GAB1	5.37193508883333
A_23_P203743	GAB2	12.1206860416667
A_23_P255126	GAB3	4.64924530616667
A_33_P3402968	GAB4	3.85300318541667
A_23_P27075	GABARAP	13.5940400179167
A_24_P4816	GABARAPL1	10.5610755629167
A_24_P356338	GABARAPL2	10.7837292529167
A_23_P93302	GABBR1	9.43693256895833
A_33_P3406493	GABBR2	12.2287540458333
A_33_P3269588	GABPA	8.88698140370833
A_24_P176255	GABPB1	6.372880031375
A_23_P73208	GABPB2	5.48264965541667
A_33_P3373388	GABRA1	3.803717140875
A_23_P167121	GABRA2	3.92774905416667
A_23_P125618	GABRA3	4.368970311625
A_23_P436618	GABRA5	5.61919667625
A_33_P3312544	GABRB1	5.22585701729167
A_33_P3309206	GABRB3	8.41278304225
A_23_P309720	GABRD	5.99775798904167
A_23_P159775	GABRE	4.92504295425
A_32_P89899	GABRG1	4.012760484625
A_32_P25514	GABRG2	5.449995865
A_33_P3210805	GABRG3	4.38730390333333
A_23_P328545	GABRP	4.68177339025
A_23_P125475	GABRQ	4.17821028704167
A_23_P256754	GABRR1	4.09449389229167
A_23_P93105	GABRR2	4.010387928375
A_23_P69020	GABRR3	4.96980672575
A_23_P374689	GAD1	3.7305735975
A_33_P3332369	GAD2	4.02043235570833
A_23_P23221	GADD45A	11.5221326904167
A_24_P239606	GADD45B	4.72087664454167
A_24_P120934	GADD45G	9.044117953125
A_33_P3273148	GADD45GIP1	10.764902065
A_33_P3244793	GADL1	3.540312767125
A_21_P0006496	GAGE2B	8.483914947125
A_24_P228796	GAGE7	5.798179117
A_33_P3254013	GAK	8.32066360904167
A_23_P374844	GAL	9.836054819125
A_23_P120863	GAL3ST1	7.42522253745833
A_23_P326157	GAL3ST2	4.2630501625
A_33_P3275390	GAL3ST3	4.60004150970833
A_23_P31240	GAL3ST4	6.75084503545833
A_23_P25964	GALC	6.25399027633333
A_23_P160154	GALE	8.59118074125
A_23_P141126	GALK1	8.16492163645833
A_23_P48807	GALK2	8.82556988325
A_24_P212539	GALM	6.169894297125
A_23_P106562	GALNS	7.73915949654167
A_23_P306105	GALNT1	9.071670305875
A_33_P3703501	GALNT10	6.85580882904167
A_23_P8416	GALNT11	8.65287895341667
A_23_P415652	GALNT12	6.65490957458333
A_33_P3239387	GALNT13	4.6970269145
A_23_P67847	GALNT14	8.24558830408333
A_24_P353794	GALNT2	7.959284549375
A_24_P114249	GALNT3	3.85303893395833
A_23_P144384	GALNT7	8.903685106875
A_23_P65100	GALNT8	4.589620881125
A_23_P76749	GALNTL1	12.1465392970833
A_23_P212119	GALNTL2	6.71047899604167
A_23_P139418	GALNTL4	7.58122777025
A_23_P429601	GALNTL5	4.08083777183333
A_33_P3320017	GALNTL6	3.70552862829167
A_23_P39171	GALP	4.72490787975
A_23_P153155	GALR1	8.885956763375
A_23_P77756	GALR2	5.04229692004167
A_23_P256663	GALR3	NA
A_23_P502035	GALT	8.04432219225
A_24_P19228	GAMT	9.67562233891667
A_23_P88873	GAN	6.72484324308333
A_23_P203406	GANAB	10.5440016408333
A_33_P3295108	GANC	7.30349635616667
A_23_P253446	GAP43	12.51033763375
A_23_P13899	GAPDH	14.81050202
A_23_P402319	GAPT	3.9381941905
A_23_P372660	GAPVD1	6.95798114570833
A_23_P58280	GAR1	10.1379455986667
A_24_P158314	GARNL3	6.440656395625
A_24_P154948	GARS	9.414894585125
A_23_P80098	GART	9.09605536245833
A_23_P83134	GAS1	7.73631907741667
A_32_P24140	GAS2	7.40344253741667
A_33_P3418597	GAS2L1	8.65853740675
A_33_P3297244	GAS2L2	4.856635496625
A_32_P189204	GAS2L3	4.90448067345833
A_33_P3326285	GAS5	14.50227165375
A_23_P146922	GAS6	6.83833741791667
A_24_P82466	GAS7	4.74830097066667
A_33_P3405921	GAS8	9.18126381541667
A_23_P159191	GAST	4.79767978716667
A_24_P374244	GATA1	3.54732323866667
A_33_P3550894	GATA2	4.42240876675
A_33_P3293456	GATA4	4.568700530375
A_23_P371835	GATA5	5.41904196820833
A_24_P35169	GATAD1	8.340295885
A_23_P131020	GATAD2A	9.466368555875
A_33_P3323822	GATAD2B	6.936462882375
A_23_P76435	GATC	6.07936963958333
A_23_P129064	GATM	8.13813356395833
A_23_P327777	GATS	9.914251267625
A_33_P3227716	GATSL3	9.00862945929167
A_23_P201035	GBA	8.72223210783333
A_24_P341187	GBA2	9.9194627705
A_23_P18672	GBA3	4.05429592541667
A_32_P512061	GBAP1	7.33961650891667
A_23_P82674	GBAS	8.259995616125
A_23_P121082	GBE1	9.145126343
A_23_P161237	GBF1	11.37746004875
A_23_P146576	GBGT1	5.79628954075
A_23_P85693	GBP2	4.14817813825
A_21_P0010536	GBP3	3.85256463225
A_24_P45446	GBP4	5.58297647033333
A_23_P74290	GBP5	4.2537597985
A_23_P130642	GBP6	11.91263920125
A_24_P309069	GBX1	3.9318599385
A_33_P3423969	GBX2	5.82239200841667
A_23_P28485	GCA	9.94431166283333
A_23_P40657	GCAT	6.47264706354167
A_23_P71094	GCC1	7.97014168645833
A_24_P290502	GCC2	7.94861612625
A_23_P90089	GCDH	8.30425896254167
A_33_P3226008	GCET2	4.8991952945
A_23_P211056	GCFC1	6.85723854833333
A_21_P0000824	GCFC1-AS1	8.134990994375
A_33_P3369336	GCG	5.169656281125
A_33_P3409467	GCGR	4.74632686104167
A_33_P3311439	GCH1	5.33860817295833
A_23_P77328	GCHFR	8.78281041720833
A_33_P3342260	GCK	10.0133093175417
A_23_P119886	GCKR	3.74489259179167
A_23_P145114	GCLC	9.27112327233333
A_33_P3265606	GCLM	11.2309145483333
A_32_P98732	GCM1	5.38883086570833
A_23_P59285	GCM2	NA
A_23_P406105	GCN1L1	11.6235405183333
A_33_P3282489	GCNT1	3.8532149505
A_33_P3411204	GCNT2	4.79021110754167
A_23_P122077	GCNT4	5.00675887808333
A_33_P3282522	GCNT7	4.00064190920833
A_24_P116378	GCOM1	8.88303350958333
A_23_P117933	GCSH	11.4333976566667
A_33_P3422659	GDAP1	7.988627267875
A_23_P17354	GDAP1L1	12.2676024291667
A_23_P11915	GDAP2	6.9262474375
A_23_P54758	GDE1	9.14022850820833
A_33_P3420816	GDF1	11.7394276295833
A_23_P76102	GDF11	9.5775494335
A_23_P16523	GDF15	8.94327405391667
A_23_P46755	GDF2	3.8844810095
A_23_P72817	GDF3	4.11348358104167
A_23_P259955	GDF5	4.75733954129167
A_33_P3406240	GDF7	5.47234668933333
A_23_P167585	GDF9	5.29998142783333
A_23_P45496	GDI1	13.6950236054167
A_23_P161446	GDI2	8.49043414008333
A_32_P377880	GDNF	4.55562255554167
A_23_P84666	GDPD1	8.44733075295833
A_23_P217498	GDPD2	4.06771509091667
A_23_P26511	GDPD3	5.84330770704167
A_24_P49896	GDPD4	4.024483067
A_33_P3258330	GDPD5	8.90410598091667
A_23_P257043	GEM	5.168875357125
A_33_P3297155	GEMIN2	6.8503255655
A_23_P66872	GEMIN4	9.26285278866667
A_23_P336513	GEMIN5	8.797856445875
A_23_P56567	GEMIN6	10.0528327169583
A_23_P89910	GEMIN7	10.8898231008333
A_24_P156576	GEMIN8	7.93703527795833
A_32_P197621	GEMIN8P4	4.139105786125
A_24_P177585	GEN1	5.13574536941667
A_24_P400355	GET4	11.0518891045833
A_33_P3335895	GFAP	3.86541165566667
A_24_P31003	GFER	6.91267887095833
A_23_P257365	GFI1	3.892234074625
A_23_P216845	GFI1B	4.363377876
A_33_P3262133	GFM1	6.97620562175
A_24_P137582	GFM2	9.49636369125
A_23_P122662	GFOD1	7.499640826375
A_23_P3574	GFOD2	11.44440428875
A_33_P3243153	GFPT1	9.2250306385
A_23_P144916	GFPT2	9.19339865254167
A_33_P3639068	GFRA1	11.3658169208333
A_33_P3317580	GFRA2	9.91103383029167
A_23_P41987	GFRA3	6.918344866125
A_33_P3317589	GFRA4	5.28095486416667
A_23_P132294	GGA1	8.42282263320833
A_24_P416257	GGA2	7.934397294625
A_23_P38181	GGA3	8.992679368
A_23_P42695	GGCT	8.17271403125
A_32_P181103	GGCX	7.1099896045
A_33_P3308105	GGH	11.6888814633333
A_33_P3369790	GGN	7.6238182155
A_24_P606538	GGNBP1	4.548343722875
A_23_P38408	GGNBP2	9.505223569875
A_33_P3258041	GGPS1	6.62584999758333
A_23_P154986	GGT1	5.44158065875
A_24_P42066	GGT3P	5.09391883354167
A_33_P3255304	GGT5	4.62799318025
A_23_P66767	GGT6	5.14985770129167
A_23_P57236	GGT7	8.10012878983333
A_24_P375322	GGT8P	6.34018217570833
A_23_P57199	GGTLC1	6.42600402829167
A_33_P3408953	GGTLC2	6.19696815916667
A_23_P207194	GH1	5.23165847408333
A_24_P216014	GH2	3.680969339
A_23_P207387	GHDC	7.746749638125
A_33_P3389008	GHITM	9.02091639929167
A_33_P3260733	GHR	3.99151322795833
A_33_P3391826	GHRH	4.50667696204167
A_21_P0005370	GHRHR	4.45516146891667
A_23_P40956	GHRL	4.70150670341667
A_24_P208737	GHRLOS	6.307490802875
A_23_P251268	GHRLOS2	4.28907911316667
A_33_P3261620	GHSR	4.70333961004167
A_23_P52974	GIF	4.00985604270833
A_24_P231173	GIGYF1	6.67125621316667
A_23_P142950	GIGYF2	7.58258688125
A_23_P427023	GIMAP1	3.91949458058333
A_23_P368681	GIMAP2	3.40557665208333
A_24_P209455	GIMAP4	3.555948232
A_23_P42588	GIMAP5	4.16607125166667
A_24_P274831	GIMAP7	3.631719209375
A_24_P132383	GIMAP8	3.75306763533333
A_33_P3334535	GIN1	7.15203029308333
A_33_P3340025	GINS1	7.53847823833333
A_23_P118246	GINS2	8.35461197254167
A_23_P152136	GINS3	9.36626502279167
A_33_P3340040	GINS4	6.64080842679167
A_23_P141459	GIP	4.47740606254167
A_33_P3390102	GIPC1	11.9026543691667
A_33_P3390122	GIPC2	3.93101767391667
A_24_P22943	GIPC3	4.45371380620833
A_24_P373768	GIPR	6.29594231491667
A_33_P3401673	GIT1	6.668538030375
A_23_P204436	GIT2	7.65088682520833
A_24_P55295	GJA1	4.061121561875
A_32_P205241	GJA3	4.05123948908333
A_23_P1083	GJA4	5.31064529995833
A_23_P371729	GJA5	4.50360955745833
A_23_P23037	GJA8	4.11745457745833
A_23_P74828	GJA9	4.11004399633333
A_24_P404840	GJB1	4.195781521375
A_33_P3388397	GJB4	5.353619082375
A_23_P35293	GJB5	3.93404123708333
A_33_P3273777	GJB7	4.92824815883333
A_33_P3373358	GJC1	10.9842747308333
A_33_P3422822	GJC2	8.680403823
A_24_P43723	GJC3	4.53256401020833
A_33_P3367301	GJD3	5.93509913020833
A_33_P3353496	GJD4	7.52634461658333
A_33_P3413840	GK	3.930752638625
A_21_P0012676	GK3P	5.18245400379167
A_33_P3779229	GK5	5.6082446285
A_23_P94546	GKAP1	10.078097189125
A_23_P44436	GKN1	4.19651641225
A_23_P61317	GKN2	3.89793220975
A_23_P45475	GLA	10.3075336229583
A_23_P61531	GLB1	8.49472669058333
A_23_P218579	GLB1L	5.88138429583333
A_33_P3304133	GLB1L2	6.20072891033333
A_33_P3419632	GLB1L3	4.89368731308333
A_23_P336198	GLCCI1	11.1527039916667
A_23_P151870	GLCE	8.461579556625
A_23_P123596	GLDC	9.2608499855
A_24_P49199	GLDN	3.98114206066667
A_23_P258367	GLE1	5.42081568179167
A_23_P206510	GLG1	11.5261375966667
A_23_P105251	GLI1	4.89064005333333
A_23_P209246	GLI2	4.88969363254167
A_33_P3290562	GLI3	5.75993241845833
A_33_P3285715	GLI4	10.5602737866667
A_24_P381499	GLIPR1L2	4.6493047315
A_23_P414913	GLIPR2	9.831314875
A_23_P316612	GLIS1	5.812397414125
A_33_P3333224	GLIS2	5.352340074625
A_33_P3326568	GLIS3	4.001885020875
A_23_P312837	GLIS3-AS1	4.4144818085
A_23_P160742	GLMN	7.578744133
A_23_P214411	GLO1	7.967197210625
A_23_P78268	GLOD4	9.65504001691667
A_33_P3320563	GLOD5	4.36507636854167
A_32_P78681	GLP2R	4.00340477904167
A_23_P156261	GLRA1	4.04151357870833
A_23_P340868	GLRA3	4.18111149008333
A_24_P404868	GLRA4	3.85532701054167
A_23_P69908	GLRX	12.7479306929167
A_23_P160503	GLRX2	7.806155249375
A_24_P381029	GLRX3	10.4709442254167
A_23_P65370	GLRX5	12.7356357595833
A_23_P39766	GLS	9.125507565
A_24_P326739	GLS2	5.80328363379167
A_32_P19294	GLT1D1	8.66447146820833
A_33_P3245575	GLT25D1	7.11445857225
A_24_P62505	GLT25D2	5.46650236075
A_23_P132669	GLT8D1	10.6380889433333
A_33_P3383356	GLT8D2	4.58464760708333
A_33_P3266419	GLTP	5.86986375741667
A_33_P3266396	GLTPD1	9.517182855125
A_24_P392925	GLTPD2	5.080943494125
A_33_P3390391	GLTSCR1	5.965160848625
A_33_P3393694	GLTSCR2	11.97241674125
A_23_P138665	GLUD1	11.0229622916667
A_23_P45361	GLUD2	9.78329393783333
A_24_P53976	GLUL	9.718516563
A_23_P403886	GLYAT	3.97962357083333
A_23_P370666	GLYATL1	5.79860262620833
A_23_P47484	GLYATL2	3.99267922245833
A_33_P3349265	GLYATL3	4.41084998470833
A_24_P385092	GLYCAM1	4.01478688525
A_33_P3591972	GLYCTK	4.72442006995833
A_32_P743407	GLYR1	8.726057312
A_19_P00319793	GM140	3.86234009575
A_33_P3405334	GM2A	7.5392691935
A_23_P28375	GMCL1	7.178263074375
A_23_P425324	GMCL1P1	3.86985239320833
A_23_P72068	GMDS	6.38605960108333
A_23_P137586	GMEB1	9.477110953375
A_23_P337033	GMEB2	6.64425263108333
A_24_P172768	GMFB	8.48876428066667
A_23_P208866	GMFG	6.73636090175
A_23_P56228	GMIP	9.32767953645833
A_23_P59976	GML	4.96094895320833
A_33_P3223849	GMNC	4.06681657804167
A_23_P19712	GMNN	9.80888475391667
A_23_P67913	GMPPA	7.174487292625
A_23_P92202	GMPPB	6.66812655954167
A_24_P277657	GMPR	8.33918040216667
A_33_P3364459	GMPR2	10.4710037916667
A_23_P21033	GMPS	9.11311668804167
A_23_P142289	GNA11	8.773507251375
A_23_P215265	GNA12	9.52297773416667
A_24_P941441	GNA13	8.86535556029167
A_24_P415150	GNA14	4.01393811158333
A_24_P331128	GNA15	5.08111644083333
A_23_P122976	GNAI1	10.3175503616667
A_33_P3585268	GNAI2	15.0523770983333
A_33_P3337415	GNAL	7.41222898816667
A_24_P936145	GNAO1	8.34758795716667
A_33_P3343155	GNAQ	8.23385294833333
A_24_P418809	GNAS	10.260012219875
A_21_P0010500	GNAS-AS1	4.87992165491667
A_23_P166884	GNAT1	3.9301468525
A_33_P3409944	GNAT2	3.838177484125
A_33_P3409939	GNAT3	5.429528739875
A_33_P3282698	GNAZ	9.08813271333333
A_23_P22926	GNB1	12.9177032854167
A_23_P218751	GNB1L	9.45166913475
A_23_P82296	GNB2	11.5978713991667
A_23_P41716	GNB2L1	14.6893766670833
A_23_P76350	GNB3	8.20815438945833
A_32_P171313	GNB4	10.046948279875
A_23_P205778	GNB5	7.88375625608333
A_23_P216489	GNE	11.1270384533333
A_23_P112251	GNG10	10.0888325393333
A_23_P111701	GNG11	5.685276552375
A_33_P3399318	GNG12	7.48595143579167
A_23_P54736	GNG13	8.815274586625
A_32_P208403	GNG2	11.8070517220833
A_23_P139192	GNG3	12.7231823854167
A_32_P305020	GNG4	11.4224434875
A_23_P148513	GNG5	10.9759509666667
A_23_P153897	GNG7	6.541871298125
A_24_P79070	GNG8	10.5255084377083
A_23_P123096	GNGT1	3.66429599129167
A_23_P404965	GNL1	9.63136398016667
A_23_P34578	GNL2	10.0907672693333
A_23_P41025	GNL3	9.77010645816667
A_23_P22499	GNL3L	10.2777729775
A_33_P3651994	GNL3LP1	8.22022682429167
A_23_P209954	GNLY	4.068833903125
A_23_P7957	GNMT	5.37926457858333
A_33_P3284004	GNN	4.288559318125
A_23_P85777	GNPAT	10.8909808195833
A_23_P144622	GNPDA1	8.43691086958333
A_23_P144578	GNPDA2	7.264838897
A_23_P429184	GNPNAT1	7.932562890375
A_24_P281975	GNPTAB	7.80807264454167
A_23_P14886	GNPTG	10.8776385870833
A_23_P254594	GNRH1	8.02198069829167
A_33_P3418790	GNRH2	4.36589966533333
A_33_P3419006	GNRHR	3.94476582841667
A_23_P379020	GNRHR2	6.93372199908333
A_33_P3261167	GNS	11.5968665341667
A_23_P258978	GOLGA1	6.34651980245833
A_33_P3307068	GOLGA2	7.52659467395833
A_24_P314554	GOLGA2P2Y	5.705413074375
A_23_P203819	GOLGA3	7.850749724625
A_23_P256391	GOLGA4	9.174840409125
A_23_P3193	GOLGA5	8.345213126875
A_23_P106371	GOLGA6A	4.28558034241667
A_32_P103669	GOLGA6C	5.182856748375
A_33_P3332474	GOLGA6L1	5.02677118016667
A_21_P0011381	GOLGA6L10	11.2912801108333
A_32_P715159	GOLGA6L6	5.76585274616667
A_32_P231086	GOLGA6L9	10.1040560849583
A_24_P98277	GOLGA7	9.73606367445833
A_33_P3383796	GOLGA7B	4.9581689005
A_23_P37623	GOLGA8A	7.97200627683333
A_33_P3262833	GOLGA8E	4.751716081
A_21_P0011356	GOLGA8IP	7.21589618483333
A_23_P135787	GOLGB1	8.33905307154167
A_24_P191664	GOLIM4	5.47151529841667
A_23_P146512	GOLM1	10.0892848588333
A_23_P156017	GOLPH3	9.67966167379167
A_24_P345377	GOLPH3L	8.34012130454167
A_24_P280846	GOLT1A	4.84507463945833
A_24_P321511	GOLT1B	8.226968352625
A_33_P3221119	GON4L	8.608536697625
A_23_P58877	GOPC	10.3071285029167
A_23_P368145	GORAB	5.20866516125
A_23_P427114	GORASP1	5.36156837741667
A_23_P165494	GORASP2	10.1473447342917
A_33_P3279431	GOSR1	8.934061758
A_33_P3279441	GOSR2	8.79882745954167
A_23_P63825	GOT1	10.1865024302917
A_23_P9075	GOT1L1	3.72987717566667
A_33_P3414482	GOT2	13.6481608291667
A_24_P270829	GP1BA	4.49147080675
A_23_P29124	GP1BB	13.1650466670833
A_33_P3461416	GP6	3.70640318266667
A_33_P3383226	GP9	6.312182641125
A_24_P319374	GPA33	3.97482012108333
A_23_P147383	GPAA1	11.0514230470833
A_24_P227069	GPAM	8.12578159475
A_23_P133923	GPANK1	11.80925069375
A_23_P68240	GPAT2	4.942313688125
A_23_P27822	GPATCH1	7.2077426855
A_23_P34757	GPATCH2	7.43088297475
A_33_P3217147	GPATCH3	7.483288746625
A_33_P3211268	GPATCH4	6.88890425820833
A_24_P359117	GPATCH8	8.6065382795
A_23_P400378	GPBAR1	6.89439199741667
A_23_P364465	GPBP1	10.78932953375
A_23_P593	GPBP1L1	9.77985701804167
A_23_P209904	GPC1	12.56459136375
A_23_P251795	GPC2	14.1937357704167
A_33_P3230264	GPC3	6.21183618816667
A_23_P435407	GPC4	5.490653235625
A_23_P112874	GPC5	7.91799186983333
A_32_P97169	GPC6	8.03772458883333
A_23_P91350	GPCPD1	10.17649526375
A_23_P204736	GPD1	NA
A_23_P318284	GPD1L	9.579009565125
A_33_P3354569	GPD2	7.08081790933333
A_23_P8640	GPER	6.42186151425
A_23_P47181	GPHA2	4.55604811425
A_23_P336678	GPHB5	5.64033733654167
A_33_P3414422	GPHN	9.418526664375
A_24_P108451	GPI	12.57510391875
A_23_P72697	GPIHBP1	5.06856095975
A_23_P114155	GPKOW	9.81639921816667
A_33_P3375466	GPLD1	5.56622070875
A_23_P121545	GPM6A	11.9016856308333
A_33_P3218649	GPM6B	11.002063215
A_23_P17144	GPN1	10.6422056
A_23_P138025	GPN2	8.232292467
A_33_P3389837	GPN3	9.41935054416667
A_23_P134426	GPNMB	6.332989816125
A_23_P148389	GPR101	3.973935964125
A_24_P295379	GPR107	11.0243808695833
A_23_P90014	GPR108	9.4680350755
A_23_P365218	GPR110	3.748650436
A_23_P167872	GPR111	3.80773865566667
A_23_P312901	GPR112	4.943528378
A_24_P85881	GPR113	4.55780752729167
A_33_P3245799	GPR114	4.17710599154167
A_23_P7866	GPR115	4.25584560025
A_21_P0013634	GPR116	3.48651758041667
A_23_P21425	GPR119	6.79191252491667
A_23_P327605	GPR123	5.402229699
A_23_P43276	GPR124	8.09425054041667
A_23_P158925	GPR125	8.38957023833333
A_24_P411749	GPR126	3.80221396820833
A_23_P40919	GPR128	4.46408165754167
A_23_P128808	GPR132	4.27886455570833
A_33_P3391135	GPR133	4.80815276229167
A_23_P205575	GPR135	7.42613386270833
A_23_P416686	GPR137	8.61585762820833
A_33_P3243618	GPR137B	5.44467240375
A_33_P3237110	GPR137C	9.10915598595833
A_33_P3376681	GPR139	3.80179941345833
A_23_P49559	GPR142	6.062153293375
A_23_P45560	GPR143	5.83947371045833
A_21_P0014180	GPR146	5.09520292266667
A_33_P3317508	GPR148	3.886736649
A_24_P332218	GPR149	4.504134424125
A_23_P6943	GPR15	4.208087641125
A_24_P37887	GPR150	11.2527148229167
A_33_P3332576	GPR151	3.873938038
A_33_P3243429	GPR152	7.77956872945833
A_33_P3302586	GPR153	8.63393892333333
A_32_P132317	GPR155	12.1211027754167
A_33_P3221090	GPR156	4.96079540241667
A_33_P3280700	GPR157	4.26884890779167
A_24_P349117	GPR158	4.54783485991667
A_23_P167005	GPR160	5.107599469375
A_23_P103532	GPR161	9.63853145954167
A_33_P3243439	GPR162	13.67476939875
A_33_P3365034	GPR17	4.03445509766667
A_23_P253317	GPR171	5.95943672183333
A_33_P3274696	GPR172A	12.0642331279167
A_23_P15692	GPR172B	5.351226823625
A_23_P346291	GPR173	7.06659759970833
A_23_P37676	GPR176	5.089050660875
A_33_P3236416	GPR179	5.64069368620833
A_24_P942481	GPR180	7.27795427908333
A_33_P3243405	GPR182	4.91923792845833
A_23_P25566	GPR183	4.34325960104167
A_33_P3236813	GPR19	8.42913389133333
A_23_P159237	GPR20	6.66708359283333
A_23_P135219	GPR21	4.41902210483333
A_23_P20172	GPR22	3.992414211875
A_23_P316531	GPR25	6.11153642691667
A_23_P415541	GPR26	4.072666717375
A_23_P385835	GPR27	5.44444589620833
A_23_P35000	GPR3	4.87260081020833
A_33_P3375358	GPR31	4.11725926233333
A_23_P142096	GPR32	4.58183764833333
A_23_P11201	GPR34	4.026197181625
A_33_P3375368	GPR35	5.79861887604167
A_23_P79155	GPR39	5.738879030625
A_23_P357284	GPR4	5.53597209308333
A_23_P131534	GPR45	4.239511891375
A_23_P159721	GPR50	4.02861642883333
A_23_P85534	GPR52	3.92414413870833
A_23_P206280	GPR56	14.43038507
A_33_P3345469	GPR6	3.90300298208333
A_23_P326303	GPR61	6.15909044958333
A_23_P434289	GPR62	4.32259457170833
A_23_P214727	GPR63	5.71144052229167
A_23_P253692	GPR64	5.36451987370833
A_24_P931443	GPR68	5.677418381125
A_23_P68234	GPR75	4.57418800341667
A_33_P3223002	GPR77	3.79082884279167
A_33_P3222942	GPR78	4.02769394404167
A_24_P280148	GPR82	4.04401449195833
A_24_P944131	GPR83	5.225637237625
A_23_P25155	GPR84	4.643138249125
A_33_P3380502	GPR85	5.14913661220833
A_23_P121120	GPR87	3.8998634095
A_33_P3380457	GPR88	5.43600928329167
A_23_P1056	GPR89B	8.157384198875
A_23_P140760	GPR97	6.10095503325
A_23_P19134	GPR98	9.87919426195833
A_23_P96590	GPRASP1	7.07976033408333
A_23_P408167	GPRASP2	8.73824892091667
A_23_P36825	GPRC5A	4.17484459829167
A_23_P324327	GPRC5B	7.25833931845833
A_23_P38167	GPRC5C	7.81318309620833
A_23_P105691	GPRC5D	4.3552969175
A_24_P160466	GPRIN1	8.60276200366667
A_33_P3285299	GPRIN2	6.58324970075
A_24_P76649	GPRIN3	7.92763803708333
A_23_P158662	GPS1	11.4637547791667
A_33_P3608172	GPS2	11.8561661033333
A_32_P215938	GPSM1	8.848754548125
A_23_P63402	GPSM2	7.22165627041667
A_23_P219060	GPSM3	7.09583751833333
A_33_P3301871	GPT	4.030791254125
A_23_P37892	GPT2	9.59137449795833
A_33_P3239849	GPX1	13.3671544320833
A_23_P3038	GPX2	5.95362878616667
A_33_P3369371	GPX3	6.75191436095833
A_33_P3309662	GPX4	12.59303918625
A_23_P214544	GPX5	5.619852809
A_24_P418816	GPX7	5.29664176083333
A_23_P122052	GPX8	5.54897825983333
A_23_P56213	GRAMD1A	7.61599608283333
A_24_P58620	GRAMD1B	4.81918546804167
A_23_P253012	GRAMD1C	5.17018235258333
A_23_P22350	GRAMD3	4.10920308158333
A_24_P23258	GRAMD4	9.57934585945833
A_23_P392962	GRAP	4.590841927
A_24_P10884	GRAP2	3.61380462729167
A_24_P299355	GRAPL	3.972996780875
A_33_P3299416	GRASP	10.3730694521667
A_33_P3882264	GRASPOS	5.108007645
A_23_P122863	GRB10	10.1947787863333
A_23_P154526	GRB14	9.01258028529167
A_24_P407717	GRB2	10.8434186141667
A_23_P163992	GRB7	5.468458044875
A_23_P412476	GREB1	6.94477388833333
A_23_P119040	GREB1L	7.29131935958333
A_33_P3319870	GREM1	4.08962158683333
A_24_P40626	GREM2	9.897357770125
A_33_P3423791	GRHL1	6.182270922375
A_33_P3321642	GRHL2	4.12831856258333
A_23_P52067	GRHL3	4.48959013941667
A_23_P60225	GRHPR	11.82482218875
A_23_P303072	GRIA1	4.15612446633333
A_23_P340617	GRIA2	8.567856073875
A_24_P229025	GRIA3	5.13557517629167
A_33_P3497352	GRIA4	5.53869895970833
A_24_P941896	GRID1	6.06783941866667
A_23_P32847	GRID2	4.77774406029167
A_33_P3411097	GRID2IP	5.65677156641667
A_23_P109286	GRIK1	7.15343692383333
A_33_P3353471	GRIK1-AS1	4.93896312245833
A_33_P3307147	GRIK2	5.757030127125
A_23_P149084	GRIK3	4.43039545625
A_33_P3280074	GRIK4	4.85344432175
A_23_P16063	GRIK5	8.91737146429167
A_33_P3348127	GRIN1	4.82631468758333
A_33_P3334895	GRIN2A	4.62524531758333
A_23_P49546	GRIN2C	5.49092780366667
A_33_P3402868	GRIN2D	9.39291265658333
A_23_P347541	GRIN3A	6.34394461170833
A_33_P3394213	GRIN3B	6.439877519625
A_23_P316960	GRINA	11.202217515
A_33_P3252083	GRIP1	4.51068891241667
A_32_P380675	GRIP2	4.05349559666667
A_23_P73548	GRIPAP1	8.49115110116667
A_23_P313542	GRK1	3.74585868525
A_23_P212756	GRK4	8.81822731116667
A_23_P12884	GRK5	8.25718786979167
A_23_P257256	GRK6	8.94419789758333
A_33_P3226910	GRK7	3.76922886845833
A_33_P3271965	GRM1	4.54021527429167
A_33_P3358943	GRM2	10.3464515379167
A_23_P20068	GRM3	5.84510141979167
A_33_P3282390	GRM4	10.549395836
A_33_P3275653	GRM5	3.821000161625
A_33_P3241135	GRM8	4.85840954391667
A_33_P3286278	GRN	12.0447116925
A_23_P101131	GRP	4.055345121625
A_33_P3522525	GRPEL1	8.97536016541667
A_23_P404091	GRPEL2	10.1487707502083
A_24_P357266	GRPR	4.04696631629167
A_23_P46131	GRRP1	7.15950635670833
A_24_P135748	GRTP1	6.25036032779167
A_23_P142154	GRWD1	9.61049107779167
A_24_P495367	GRXCR1	6.53835396175
A_33_P3421978	GRXCR2	4.34744604883333
A_23_P76774	GSC	3.71996454808333
A_23_P109382	GSC2	3.77737301275
A_23_P152605	GSDMA	4.188614685125
A_33_P3221999	GSDMB	9.992228356875
A_33_P3320159	GSDMC	3.98666584941667
A_23_P112103	GSDMD	5.147164121
A_33_P3224867	GSG1	7.157942978375
A_32_P58872	GSG1L	3.918047499625
A_23_P66732	GSG2	3.91040549904167
A_24_P185394	GSK3A	12.6706438275
A_23_P251342	GSK3B	11.4827723620833
A_33_P3423365	GSN	6.869035342875
A_24_P73669	GSPT1	7.72789723183333
A_23_P19115	GSPT2	8.798454732625
A_23_P146084	GSR	7.77224634158333
A_23_P210920	GSS	10.66409965625
A_23_P214300	GSTA2	4.363295591125
A_33_P3257891	GSTA3	3.95011767820833
A_23_P110941	GSTA4	11.5471359679167
A_23_P110288	GSTCD	6.029989883375
A_23_P20107	GSTK1	8.43058824470833
A_23_P115407	GSTM1	7.90391220225
A_33_P3410351	GSTM2	8.353415613125
A_23_P58869	GSTM2P1	4.23336962925
A_23_P12343	GSTM3	11.8754048854167
A_23_P217917	GSTM4	7.2846094825
A_23_P97606	GSTM5	6.089343460875
A_24_P304051	GSTO1	9.793624152625
A_23_P202206	GSTO2	4.90909248795833
A_23_P202658	GSTP1	15.4273050058333
A_23_P254944	GSTT1	6.40355342433333
A_23_P109427	GSTT2	9.39973579254167
A_33_P3289045	GSTT2B	8.13579888283333
A_23_P29163	GSTTP1	5.10403646129167
A_33_P3269548	GSTTP2	5.51634563404167
A_23_P106204	GSTZ1	8.07581441779167
A_32_P470728	GSX1	4.96636430883333
A_23_P153945	GTDC1	8.45555678125
A_23_P65609	GTF2A1	8.92258393445833
A_33_P3415957	GTF2A2	11.864470425
A_23_P34628	GTF2B	10.256761245
A_23_P211748	GTF2E1	10.7528288029167
A_23_P94118	GTF2E2	8.72242831154167
A_23_P16143	GTF2F1	11.2994416408333
A_33_P3317198	GTF2F2	10.7199613
A_23_P36183	GTF2H1	8.252098297625
A_24_P274640	GTF2H2D	9.353629881375
A_23_P386420	GTF2H3	7.420336906375
A_23_P251259	GTF2H4	7.80003351575
A_24_P196117	GTF2H5	11.0061819529167
A_23_P168567	GTF2I	11.3348663508333
A_21_P0013240	GTF2IRD1	9.10385168558333
A_23_P59616	GTF2IRD2	7.86888774120833
A_33_P3410454	GTF2IRD2B	5.7907268325
A_23_P25525	GTF3A	12.6990268129167
A_23_P152344	GTF3C1	7.55365355629167
A_23_P169887	GTF3C2	11.5019217641667
A_24_P50818	GTF3C3	7.669925739125
A_23_P20732	GTF3C4	7.98646208545833
A_23_P112406	GTF3C5	8.57700557683333
A_23_P400465	GTF3C6	11.5384935591667
A_24_P168760	GTPBP1	9.44958815391667
A_33_P3467126	GTPBP10	5.830928612375
A_23_P379026	GTPBP2	8.54219887870833
A_23_P28068	GTPBP3	9.3862216665
A_23_P12874	GTPBP4	10.55839716125
A_24_P382630	GTPBP5	8.28136049445833
A_23_P113523	GTPBP6	8.37381788008333
A_23_P92281	GTPBP8	10.7635169408333
A_23_P57588	GTSE1	4.73025237666667
A_23_P57020	GTSF1L	3.7422720705
A_23_P122414	GUCA1A	4.04154412929167
A_32_P64200	GUCA1B	5.47869617395833
A_23_P363331	GUCA1C	3.249326631125
A_23_P11968	GUCA2A	3.96509284595833
A_23_P63032	GUCA2B	7.57880137095833
A_23_P350001	GUCY1A2	4.85781998329167
A_23_P69573	GUCY1A3	4.98403620095833
A_23_P121564	GUCY1B3	5.82640147745833
A_23_P76312	GUCY2C	3.614225161
A_33_P3300800	GUCY2E	4.27327805625
A_23_P360302	GUCY2F	5.09057989566667
A_23_P202034	GUCY2GP	4.35761963904167
A_33_P3362631	GUF1	8.37245908808333
A_23_P201097	GUK1	12.11708315875
A_33_P3407324	GULP1	5.88733801579167
A_23_P334608	GUSB	10.8243977708333
A_33_P3256113	GUSBP1	9.10347416191667
A_24_P409830	GUSBP10	3.60960034766667
A_33_P3374559	GUSBP11	8.55210799958333
A_33_P3341616	GVINP1	3.851396698625
A_23_P336796	GXYLT1	5.09793034391667
A_24_P118196	GXYLT2	6.71021706575
A_23_P29422	GYG1	7.77624725366667
A_23_P217704	GYG2	6.59595853666667
A_33_P3253598	GYG2P1	4.15990983533333
A_33_P3390539	GYLTL1B	5.60579254070833
A_33_P3362933	GYPA	4.88187175191667
A_24_P139901	GYPC	10.0012707089167
A_23_P41304	GYPE	3.83584060879167
A_23_P208698	GYS1	9.84365902016667
A_33_P3360311	GYS2	3.89624666945833
A_23_P433188	GZF1	6.92031682758333
A_33_P3376821	GZMA	3.85728167704167
A_23_P117602	GZMB	5.01538709766667
A_23_P128993	GZMH	4.715240299625
A_23_P156218	GZMK	3.77174721566667
A_23_P130836	GZMM	7.04256479141667
A_19_P00323082	H19	9.30099325779167
A_23_P29257	H1F0	12.0701494975
A_32_P202859	H1FNT	5.66110012175
A_23_P372994	H1FOO	4.04630804133333
A_23_P96087	H1FX	11.31157873875
A_33_P3368771	H1FX-AS1	7.2235190535
A_23_P171270	H2AFB2	6.03054679091667
A_33_P3288824	H2AFB3	4.60447885558333
A_33_P3379391	H2AFJ	6.91510577508333
A_23_P316487	H2AFV	9.18012150770833
A_24_P38895	H2AFX	9.00540476579167
A_23_P70045	H2AFY	8.86938372708333
A_23_P12733	H2AFY2	10.4099750479167
A_24_P41570	H2AFZ	12.3597556566667
A_33_P3222689	H2BFM	6.14290541520833
A_23_P23141	H3F3A	15.8174537679167
A_24_P82419	H3F3B	14.1620686704167
A_24_P626850	H6PD	4.38701441791667
A_33_P3209511	HAAO	4.17188598558333
A_23_P1173	HABP2	4.016426747
A_33_P3592015	HABP4	11.6087653595833
A_33_P3420402	HACE1	7.93639061975
A_23_P121182	HACL1	7.96828379658333
A_23_P167227	HADH	10.50103652
A_24_P242688	HADHA	9.93665556129167
A_21_P0013806	HADHB	10.5503427458333
A_33_P3333488	HAGH	11.7289077366667
A_24_P356373	HAGHL	7.72659979466667
A_23_P61637	HAL	3.91041221325
A_33_P3336720	HAMP	5.38444327383333
A_23_P58770	HAND1	3.89599603066667
A_23_P373521	HAND2	3.94212733525
A_23_P154708	HAO1	3.59922737945833
A_23_P46105	HAO2	3.44786867816667
A_23_P22129	HAP1	5.593286883
A_23_P7727	HAPLN1	3.99193711466667
A_33_P3318946	HAPLN2	9.71352708133333
A_33_P3259393	HAPLN3	5.92623710566667
A_23_P430842	HAPLN4	4.61961323666667
A_32_P226498	HAR1A	6.348193780625
A_33_P3267330	HAR1B	4.01583265741667
A_23_P135465	HARBI1	8.25028155745833
A_23_P133227	HARS	11.2584903816667
A_23_P41588	HARS2	10.81116784125
A_23_P27400	HAS1	4.244523891
A_23_P393034	HAS3	5.355585163625
A_23_P339480	HAT1	9.89002860283333
A_23_P413796	HAUS1	10.7879497375
A_33_P3832852	HAUS2	7.45273079804167
A_33_P3385062	HAUS3	6.43803369695833
A_23_P65455	HAUS4	5.58877955404167
A_33_P3269338	HAUS5	7.33714203041667
A_24_P941148	HAUS6	7.40272822725
A_23_P416036	HAUS7	6.38904288329167
A_33_P3242124	HAUS8	7.01047615904167
A_23_P347610	HAVCR1	3.84695628820833
A_23_P115223	HAX1	11.8570229541667
A_24_P142305	HBA2	4.85877387279167
A_23_P203558	HBB	4.06341338920833
A_24_P732099	HBBP1	3.96151547595833
A_24_P75190	HBD	4.67111344670833
A_23_P47665	HBE1	3.68220570333333
A_24_P140608	HBEGF	6.13903013275
A_23_P53137	HBG1	4.91746410758333
A_33_P3326235	HBM	5.24309979283333
A_23_P215787	HBP1	7.582851627875
A_23_P49254	HBQ1	8.13597514791667
A_33_P3289192	HBS1L	6.23434155608333
A_23_P115137	HBXIP	12.5735930716667
A_33_P3421827	HBZ	5.878874637
A_33_P3380477	HCAR1	4.32792592070833
A_23_P329924	HCAR2	4.63537185033333
A_23_P64721	HCAR3	3.52380225991667
A_23_P257945	HCCS	8.11319791870833
A_23_P125771	HCFC1	6.11957506004167
A_33_P3350207	HCFC1R1	12.2146035558333
A_32_P85539	HCFC2	7.52352896125
A_33_P3281036	HCG11	6.0645728
A_19_P00317082	HCG18	9.3347259675
A_33_P3242453	HCG22	5.85298258575
A_21_P0004642	HCG27	3.94402878225
A_33_P3239654	HCG4B	4.51132293491667
A_33_P3225418	HCG9	4.50673179991667
A_24_P365526	HCK	4.959685593125
A_23_P73429	HCLS1	4.742228523375
A_32_P123143	HCN1	4.58629614770833
A_33_P3279640	HCN2	8.36859988391667
A_23_P34827	HCN3	10.7400042475
A_33_P3418686	HCN4	6.83264247066667
A_24_P17870	HCP5	3.80330377508333
A_33_P3399988	HCP5B	4.23689780104167
A_33_P3306624	HCRT	5.27424793641667
A_33_P3360249	HCRTR1	5.24149530875
A_23_P8328	HCRTR2	4.21958865554167
A_23_P39386	HCST	7.10986883325
A_23_P114656	HDAC1	10.0300379585833
A_23_P368740	HDAC10	7.59117869370833
A_33_P3417944	HDAC11	6.80768864104167
A_23_P122304	HDAC2	10.78424990875
A_33_P3309929	HDAC3	11.2502239345833
A_23_P210048	HDAC4	8.98525574858333
A_24_P125283	HDAC5	12.7096766870833
A_23_P250455	HDAC6	8.84355176225
A_23_P2582	HDAC7	6.493106936
A_24_P254965	HDAC8	7.10441790525
A_24_P206317	HDAC9	4.61861026408333
A_23_P117662	HDC	4.15027887475
A_23_P122796	HDDC2	9.590339867375
A_23_P65830	HDDC3	9.65596858366667
A_33_P3235400	HDGF	9.58073977520833
A_33_P3366456	HDGFL1	8.780824233375
A_33_P3319640	HDGFRP2	8.2465844865
A_23_P344451	HDGFRP3	11.0246565425
A_21_P0000095	HDHD1	8.26269588291667
A_23_P153098	HDHD2	11.2516974383333
A_23_P112548	HDHD3	6.29094315945833
A_23_P131417	HDLBP	10.8738653245833
A_23_P386364	HDX	3.81175864516667
A_23_P103628	HEATR1	6.49147252020833
A_23_P258689	HEATR2	6.50171278354167
A_24_P138713	HEATR3	6.68724595945833
A_24_P696470	HEATR4	4.020019926625
A_33_P3278868	HEATR5A	6.43609352604167
A_32_P389118	HEATR5B	7.46460416491667
A_23_P77965	HEATR6	8.222137913
A_33_P3404189	HEATR7A	5.806055948
A_33_P3233304	HEATR7B1	3.85781046070833
A_23_P407080	HEATR7B2	3.61607535983333
A_23_P160226	HEATR8	4.98406427591667
A_23_P117082	HEBP1	8.98184478670833
A_23_P19691	HEBP2	11.4922652708333
A_23_P59349	HECA	11.5664063525
A_23_P54006	HECTD1	11.8178255770833
A_33_P3221343	HECTD2	6.75892760083333
A_23_P149221	HECTD3	7.614362383875
A_23_P319027	HECW1	7.00448042608333
A_33_P3270311	HECW2	6.375074286375
A_32_P166693	HEG1	9.419814479375
A_23_P2294	HELB	4.295032335125
A_23_P12816	HELLS	6.12074642875
A_23_P92614	HELQ	7.47386670579167
A_33_P3290677	HELT	3.78424496175
A_33_P3257973	HELZ	9.89561230470833
A_23_P43412	HEMGN	3.828612010625
A_24_P268729	HEMK1	4.95310846179167
A_23_P309361	HENMT1	4.74666121408333
A_24_P213950	HEPACAM	3.85462433683333
A_32_P118397	HEPACAM2	6.104842624125
A_24_P399980	HEPH	4.97458881108333
A_32_P210872	HEPN1	4.47135217025
A_23_P257503	HERC1	11.2006002029167
A_21_P0011395	HERC2	7.92313425075
A_23_P346048	HERC2P2	11.0439765241667
A_33_P3502311	HERC2P7	8.25089738695833
A_33_P3216994	HERC4	7.243147917625
A_23_P110196	HERC5	3.99798573145833
A_33_P3315779	HERC6	4.67044007229167
A_23_P54846	HERPUD1	12.6398552595833
A_23_P168490	HERPUD2	7.72908572391667
A_23_P6596	HES1	3.59823972245833
A_23_P201687	HES2	7.72214405408333
A_33_P3379896	HES3	4.19600984595833
A_33_P3342628	HES4	14.3237420358333
A_32_P234184	HES5	7.93158207033333
A_33_P3322859	HES6	10.183004781
A_33_P3368695	HES7	5.18479152925
A_23_P121106	HESX1	5.14924969275
A_23_P129101	HEXA	8.82865835883333
A_23_P156049	HEXB	8.30155761279167
A_33_P3338186	HEXDC	12.6022876645833
A_24_P356601	HEXIM1	7.90795313141667
A_23_P377214	HEXIM2	10.5629315133333
A_32_P83845	HEY1	7.96715107495833
A_24_P363408	HEY2	4.22020253183333
A_23_P430658	HEYL	7.25368149854167
A_24_P111996	HFE	3.70564415816667
A_23_P86315	HFE2	4.19708316579167
A_32_P34046	HFM1	5.08995454229167
A_33_P3328883	HGC6.3	4.55077048129167
A_23_P250164	HGD	4.160951217625
A_33_P3276713	HGF	3.82825001191667
A_33_P3267640	HGFAC	8.56819282679167
A_23_P72627	HGS	13.8172157483333
A_23_P112061	HGSNAT	7.55679934054167
A_23_P136355	HHAT	6.67532390866667
A_23_P255298	HHATL	5.10644150354167
A_21_P0014446	HHIP	4.17015609816667
A_33_P3271652	HHIPL1	5.77423986425
A_23_P86064	HHIPL2	3.59744106641667
A_19_P00319204	HHLA1	4.21665182595833
A_23_P368805	HHLA2	3.83568492058333
A_24_P182281	HHLA3	7.14728132683333
A_23_P45851	HIAT1	10.2955090229583
A_23_P33187	HIATL1	7.885660934875
A_23_P335428	HIBADH	8.335889834375
A_33_P3366484	HIBCH	8.33591310975
A_23_P129856	HIC1	4.77883033008333
A_23_P383132	HIC2	10.5351027929167
A_24_P56388	HIF1A	8.55283592925
A_23_P46964	HIF1AN	7.05395925291667
A_33_P3338152	HIF3A	6.93228535595833
A_24_P548866	HIGD1A	7.73313295770833
A_23_P207354	HIGD1B	3.84926401804167
A_23_P304386	HIGD2A	10.3984410104167
A_33_P3270435	HIGD2B	3.87264346070833
A_23_P20022	HILPDA	10.6693177408333
A_24_P144784	HILS1	NA
A_24_P121171	HINFP	9.22254916145833
A_32_P47554	HINT1	14.733097865
A_23_P157784	HINT2	11.1031025570833
A_33_P3299872	HINT3	11.0264268408333
A_24_P363548	HIP1	8.21414965075
A_33_P3269924	HIP1R	8.79983107541667
A_24_P385336	HIPK1	8.09558570545833
A_33_P3223116	HIPK2	6.569093594
A_33_P3279545	HIPK3	5.309658298
A_23_P329945	HIPK4	3.893684758375
A_23_P154938	HIRA	10.5065064274583
A_24_P142269	HIRIP3	8.68003405025
A_23_P70448	HIST1H1A	3.81462831179167
A_23_P250385	HIST1H1B	5.05949605120833
A_23_P122443	HIST1H1C	9.16759247029167
A_24_P260639	HIST1H1D	7.66203138379167
A_23_P7976	HIST1H1E	9.11002539475
A_23_P133842	HIST1H1T	4.06859677525
A_23_P355439	HIST1H2AA	4.32248721254167
A_24_P223384	HIST1H2AB	8.66750360104167
A_23_P372860	HIST1H2AC	6.42795600045833
A_23_P428184	HIST1H2AD	9.64209120520833
A_23_P59045	HIST1H2AE	9.65942356004167
A_21_P0000197	HIST1H2AG	4.88258869195833
A_23_P81859	HIST1H2AH	9.1716407525
A_33_P3344086	HIST1H2AJ	9.8954468485
A_24_P217848	HIST1H2AK	9.90145601020833
A_23_P363174	HIST1H2AL	4.45262705129167
A_24_P86389	HIST1H2AM	8.25098460733333
A_33_P3379141	HIST1H2APS1	4.87756178929167
A_23_P323823	HIST1H2BA	3.94949891420833
A_23_P111054	HIST1H2BB	7.12714963970833
A_23_P93180	HIST1H2BC	5.88393847545833
A_24_P146211	HIST1H2BD	9.518859908625
A_33_P3302632	HIST1H2BE	5.16412604379167
A_33_P3229122	HIST1H2BF	4.83422929691667
A_23_P167997	HIST1H2BG	6.22517706858333
A_23_P366216	HIST1H2BH	8.781565193125
A_23_P111041	HIST1H2BI	8.98821013108333
A_24_P55148	HIST1H2BJ	6.8254540545
A_33_P3229083	HIST1H2BK	8.43582352108333
A_23_P8013	HIST1H2BL	10.42880785875
A_24_P3783	HIST1H2BM	7.80226438625
A_33_P3229067	HIST1H2BN	6.88052622725
A_23_P59069	HIST1H2BO	8.5272679085
A_23_P111037	HIST1H3A	10.02895130975
A_23_P93258	HIST1H3B	5.75163472633333
A_23_P133814	HIST1H3C	10.7498873541667
A_24_P217834	HIST1H3D	7.92882395541667
A_23_P70445	HIST1H3E	8.07267231779167
A_23_P30799	HIST1H3F	6.941151893625
A_23_P42198	HIST1H3G	7.56353669233333
A_33_P3404989	HIST1H3H	5.367176752875
A_24_P9321	HIST1H3I	6.57284284108333
A_23_P93282	HIST1H3J	6.337159785375
A_23_P431179	HIST1H4A	6.02408029766667
A_24_P166407	HIST1H4B	9.3767152545
A_23_P214487	HIST1H4C	9.858174873625
A_33_P3410836	HIST1H4D	8.58346494095833
A_23_P415411	HIST1H4E	11.7612799716667
A_23_P359540	HIST1H4F	8.61788072454167
A_24_P277673	HIST1H4G	3.59380989733333
A_23_P323685	HIST1H4H	6.54417334966667
A_24_P20873	HIST1H4I	8.68124273291667
A_23_P30805	HIST1H4J	10.9288118833333
A_23_P30813	HIST1H4K	10.7937508658333
A_33_P3351851	HIST1H4L	7.935230649875
A_23_P309381	HIST2H2AA4	6.45561041329167
A_24_P68631	HIST2H2AB	7.45557330391667
A_23_P301247	HIST2H2AC	8.57362086108333
A_33_P3584591	HIST2H2BA	3.868220838625
A_33_P3229246	HIST2H2BE	5.543819692125
A_33_P3253501	HIST2H2BF	6.719922149
A_33_P3257678	HIST2H3A	5.34659726591667
A_23_P115375	HIST2H3D	9.55033649116667
A_23_P436281	HIST2H4B	9.493994101125
A_33_P3404032	HIST3H2A	7.82973400529167
A_33_P3229335	HIST3H2BB	5.92604947841667
A_23_P137909	HIST3H3	13.852617495
A_23_P388871	HIST4H4	4.19808017808333
A_23_P19619	HIVEP1	8.62596839754167
A_23_P214766	HIVEP2	11.0634325054167
A_21_P0000740	HIVEP3	7.06218188579167
A_33_P3807062	HJURP	4.63934595916667
A_23_P217958	HK1	11.5543790216667
A_32_P175739	HK2	4.64874440779167
A_23_P213584	HK3	3.74465446195833
A_33_P3335233	HKDC1	5.12088053666667
A_23_P429020	HKR1	7.7448156105
A_23_P408353	HLA-A	10.54513079125
A_33_P3424800	HLA-B	4.32192945429167
A_33_P3330109	HLA-C	5.14889259191667
A_23_P42306	HLA-DMA	5.68094423166667
A_32_P351968	HLA-DMB	3.92724596383333
A_32_P356316	HLA-DOA	4.52503860504167
A_23_P30736	HLA-DOB	4.97816937404167
A_23_P30913	HLA-DPA1	5.39118191233333
A_33_P3271634	HLA-DPB1	4.09716529354167
A_24_P288836	HLA-DPB2	4.58112645370833
A_33_P3293049	HLA-DQA1	3.6925144215
A_24_P852756	HLA-DQA2	4.06246788720833
A_23_P136683	HLA-DQB1	4.27506086891667
A_23_P19510	HLA-DQB2	5.20495855833333
A_24_P343233	HLA-DRB1	6.618795124375
A_33_P3383912	HLA-DRB3	6.77275221779167
A_24_P370472	HLA-DRB4	4.0119370375
A_24_P169013	HLA-DRB6	3.40013319458333
A_32_P460973	HLA-E	6.97585055408333
A_33_P3379939	HLA-F	8.34126496929167
A_32_P76811	HLA-F-AS1	6.54112246929167
A_24_P311926	HLA-G	11.4143068579167
A_24_P418044	HLA-J	4.754619228625
A_33_P3210119	HLA-L	4.37108405579167
A_23_P304991	HLCS	8.43650554975
A_33_P3400578	HLF	6.32975833304167
A_24_P277155	HLTF	10.4191361970833
A_23_P126266	HLX	4.786676195625
A_33_P3323448	HM13	8.1481288615
A_23_P134684	HMBOX1	9.30218276175
A_23_P98431	HMBS	11.1460163904167
A_23_P148990	HMCN1	4.71087545608333
A_23_P436117	HMG20A	8.95512069845833
A_33_P3394599	HMG20B	10.2993131191667
A_23_P42331	HMGA1	12.0317246904167
A_21_P0000710	HMGA1P7	5.46453169391667
A_23_P95930	HMGA2	5.22632407929167
A_24_P169148	HMGB1	12.2466822891667
A_23_P155765	HMGB2	9.22857182404167
A_33_P3237359	HMGB3	8.45291424608333
A_23_P373119	HMGB3P1	6.51015241575
A_23_P11697	HMGB4	4.599858512875
A_23_P145	HMGCL	6.6461099235
A_32_P49508	HMGCLL1	6.82114024941667
A_23_P30495	HMGCR	13.6553028595833
A_24_P63522	HMGCS1	12.33017251125
A_23_P103588	HMGCS2	4.00381793991667
A_24_P409857	HMGN1	12.6128891970833
A_32_P1381	HMGN2	11.6204736979167
A_24_P132099	HMGN3	10.3323359716667
A_24_P397515	HMGN4	9.837018063875
A_23_P136909	HMGN5	5.19753825954167
A_33_P3379941	HMGXB3	10.49665293125
A_23_P431981	HMGXB4	8.60624423075
A_33_P3318414	HMHA1	6.953551174125
A_23_P30204	HMHB1	7.313198888
A_23_P70007	HMMR	5.447647685375
A_23_P120883	HMOX1	9.12231611345833
A_23_P100501	HMOX2	12.538710535
A_23_P319005	HMP19	11.3143295020833
A_33_P3322363	HMSD	3.90120793141667
A_33_P3328450	HMX1	7.67004067875
A_24_P64407	HMX2	5.23670994033333
A_33_P3252146	HMX3	5.97037399870833
A_23_P100632	HN1	14.0217804329167
A_23_P434900	HN1L	7.93693570966667
A_33_P3299122	HNF1A	4.56863656483333
A_24_P314515	HNF1A-AS1	4.15882276204167
A_24_P330822	HNF1B	4.50684033383333
A_23_P28761	HNF4A	3.94046316029167
A_24_P852601	HNF4G	3.8588032105
A_24_P915806	HNMT	4.03860708508333
A_33_P3315223	HNRNPA0	10.2471191675
A_24_P517901	HNRNPA1	10.303560532625
A_32_P8015	HNRNPA1L2	12.6572221870833
A_33_P3337318	HNRNPA2B1	9.93758074270833
A_23_P86660	HNRNPA3	9.49613626929167
A_23_P19084	HNRNPAB	9.40057323658333
A_33_P3294017	HNRNPC	11.0597727333333
A_24_P136161	HNRNPCL1	4.624485462375
A_23_P58353	HNRNPD	11.1600155920833
A_23_P75330	HNRNPF	10.15226872775
A_24_P320254	HNRNPH1	6.904662608375
A_23_P11286	HNRNPH2	10.3515894858333
A_23_P115824	HNRNPH3	10.7455141366667
A_24_P389517	HNRNPK	11.44842981
A_32_P109572	HNRNPL	10.20614086275
A_33_P3242919	HNRNPM	6.63791140454167
A_23_P45726	HNRNPR	10.75890024875
A_23_P160862	HNRNPU	10.34012453875
A_24_P376294	HNRNPUL1	9.355452514875
A_23_P409626	HNRNPUL2	6.88512674958333
A_24_P9090	HNRPDL	11.2045422395833
A_33_P3371910	HNRPLL	7.582321715625
A_33_P3249076	HOGA1	5.25323953666667
A_33_P3372257	HOMER1	6.59147995195833
A_23_P39364	HOMER3	12.088236585
A_24_P40594	HOMEZ	8.47826276720833
A_33_P3409844	HOOK1	4.664877304375
A_23_P153441	HOOK2	9.536544660375
A_19_P00318531	HOOK3	9.34696956725
A_23_P254507	HOPX	4.81614894625
A_33_P3273230	HORMAD1	4.30901593029167
A_23_P428366	HORMAD2	4.31254816354167
A_21_P0010502	HOTAIR	4.99996975170833
A_21_P0000781	HOTAIRM1	4.37405436745833
A_21_P0010497	HOTTIP	4.45515028183333
A_33_P3377514	HOXA1	3.97358184270833
A_33_P3288649	HOXA10	8.36975615795833
A_33_P3264528	HOXA11	4.223021134125
A_23_P389281	HOXA13	4.63702044708333
A_24_P200854	HOXA2	NA
A_23_P501538	HOXA3	5.06730384816667
A_33_P3377529	HOXA4	3.76295978991667
A_23_P93772	HOXA5	4.924576712125
A_21_P0000199	HOXA6	4.88791508741667
A_23_P70968	HOXA7	5.37552035379167
A_33_P3416231	HOXA9	5.40131429079167
A_33_P3271273	HOXB2	3.76387060875
A_23_P316511	HOXB3	4.335967824125
A_24_P416370	HOXB4	4.51161756441667
A_23_P363316	HOXB5	3.889889409875
A_23_P27013	HOXB9	4.30922078766667
A_24_P218805	HOXC10	3.85553146404167
A_23_P335981	HOXC12	3.67993071841667
A_23_P64808	HOXC13	4.330433101375
A_33_P3300975	HOXC4	4.72360936120833
A_23_P162355	HOXC5	4.14456641958333
A_33_P3300965	HOXC6	4.566963663125
A_24_P124558	HOXC8	3.81162396516667
A_23_P25150	HOXC9	4.34069658591667
A_23_P120243	HOXD1	NA
A_23_P381368	HOXD10	3.910698969125
A_23_P143029	HOXD11	4.04356369608333
A_23_P154420	HOXD12	3.85803572758333
A_23_P323180	HOXD3	3.92923061583333
A_23_P210164	HOXD8	4.27947528816667
A_23_P429383	HOXD9	4.27062621283333
A_23_P206760	HP	6.60466820083333
A_19_P00318587	HP07349	8.475070712
A_24_P944616	HP1BP3	10.7722030620833
A_33_P3246133	HPCA	10.64898193375
A_23_P5831	HPCAL1	11.5798690158333
A_24_P139665	HPCAL4	4.63389011025
A_23_P139527	HPD	4.38101591533333
A_23_P74449	HPDL	8.08202347
A_24_P71904	HPGD	3.68805072404167
A_23_P10506	HPGDS	3.94430789854167
A_23_P406782	HPN	3.82826623879167
A_33_P3289236	HPR	5.4779233995
A_23_P11372	HPRT1	9.25785268133333
A_23_P328069	HPS1	6.66645189275
A_23_P40821	HPS3	6.56306044983333
A_23_P109442	HPS4	8.18732887804167
A_23_P98631	HPS5	9.39196687816667
A_23_P115683	HPS6	12.09382993375
A_21_P0000064	HPSE	3.978339665125
A_23_P61707	HPSE2	3.85900055054167
A_23_P161998	HPX	6.47413217758333
A_33_P3311825	HPYR1	4.00933681945833
A_33_P3364060	HR	7.42691038091667
A_23_P98183	HRAS	10.8096461591667
A_23_P57658	HRASLS	9.64542865254167
A_23_P105012	HRASLS2	3.87774087766667
A_23_P53018	HRASLS5	7.21662882133333
A_23_P142125	HRC	10.9346229608333
A_23_P94434	HRCT1	3.45926131816667
A_23_P321892	HRG	3.94076534016667
A_33_P3245183	HRH1	5.16370108129167
A_23_P7535	HRH2	5.337610036625
A_24_P301837	HRH3	5.15264144229167
A_23_P386310	HRH4	4.25241083270833
A_23_P134714	HRSP12	8.140190841
A_33_P3344276	HS1BP3	6.16099784054167
A_24_P242361	HS2ST1	6.75608769416667
A_23_P121657	HS3ST1	6.21063896883333
A_23_P118158	HS3ST2	10.1590768320833
A_23_P66525	HS3ST3A1	4.70513078179167
A_23_P77918	HS3ST3B1	7.94407384241667
A_23_P9711	HS3ST4	3.712923012
A_23_P351295	HS3ST5	8.58434011016667
A_33_P3302185	HS3ST6	4.231891922375
A_24_P8220	HS6ST1	10.6482728308333
A_33_P3290714	HS6ST2	7.426847879125
A_23_P32629	HS6ST3	4.32852185270833
A_23_P100203	HSBP1	11.8339423716667
A_32_P46981	HSBP1L1	6.26507844395833
A_23_P40588	HSCB	11.27168986375
A_23_P141992	HSD11B1L	11.07883889875
A_23_P14986	HSD11B2	9.52120692833333
A_23_P15542	HSD17B1	6.09679934570833
A_23_P45396	HSD17B10	11.8087946679167
A_23_P408271	HSD17B11	9.26444886945833
A_33_P3335042	HSD17B12	9.28536629154167
A_24_P362969	HSD17B13	3.74667230383333
A_23_P78762	HSD17B14	7.95619876270833
A_23_P118065	HSD17B2	4.076190438375
A_33_P3418662	HSD17B3	5.01553506733333
A_23_P92954	HSD17B4	10.7016437054167
A_23_P25030	HSD17B6	7.93964983354167
A_23_P11859	HSD17B7	7.873921629125
A_23_P81973	HSD17B8	7.91417490441667
A_24_P350397	HSD3B1	3.258768798
A_23_P51580	HSD3B2	4.25510746116667
A_33_P3251776	HSD3B7	8.26795791791667
A_33_P3380762	HSD52	4.20244494125
A_23_P206324	HSDL1	9.96883290025
A_23_P169197	HSDL2	6.944021474875
A_23_P253841	HSF1	10.33983472
A_32_P9963	HSF2	10.9988123708333
A_23_P143512	HSF2BP	5.22105836508333
A_23_P3592	HSF4	8.676218074
A_33_P3416822	HSF5	3.92526480929167
A_23_P96497	HSFX1	5.44673476979167
A_33_P3262660	HSFY1P1	3.60675495341667
A_23_P62446	HSFY2	3.85024256570833
A_33_P3364289	HSH2D	5.58609913845833
A_32_P199252	HSP90AA1	12.86172562625
A_33_P3849600	HSP90AA2	12.781824275
A_24_P823684	HSP90AB1	11.16414749
A_33_P3408212	HSP90B1	9.78524283025
A_23_P408376	HSPA12A	12.3445988370833
A_23_P91334	HSPA12B	6.16737730991667
A_24_P134392	HSPA13	10.4510727754167
A_23_P63829	HSPA14	9.15619877195833
A_23_P111132	HSPA1A	3.754866743625
A_33_P3415430	HSPA1B	9.2072974315
A_23_P70547	HSPA1L	3.95296988766667
A_23_P88303	HSPA2	7.69730567070833
A_24_P377277	HSPA4	10.111838823
A_23_P363936	HSPA4L	6.54367708070833
A_24_P98411	HSPA5	10.6219186175
A_23_P114903	HSPA6	4.71431062754167
A_33_P3390758	HSPA8	13.6197207316667
A_24_P77676	HSPA9	9.16836554245833
A_21_P0013662	HSPB1	9.57982248041667
A_33_P3295178	HSPB11	7.03799580633333
A_23_P161727	HSPB2	7.62311324841667
A_23_P92730	HSPB3	7.39708386595833
A_24_P308029	HSPB6	4.64099705308333
A_23_P103703	HSPB7	4.34511809904167
A_23_P162579	HSPB8	4.98256468041667
A_23_P416212	HSPB9	5.85603102733333
A_23_P250118	HSPBAP1	6.16645141508333
A_23_P10685	HSPBP1	12.0395051720833
A_21_P0009815	HSPC072	5.107782071125
A_32_P25273	HSPD1	14.4651848579167
A_23_P56922	HSPE1	11.774752605
A_33_P3321657	HSPG2	5.064913582375
A_33_P3348752	HSPH1	10.1782328295417
A_33_P3418511	HTA	4.35104785495833
A_23_P64129	HTATIP2	4.859073039
A_23_P45345	HTATSF1	13.2947634858333
A_33_P3212665	HTATSF1P2	4.701875405125
A_33_P3348629	HTN1	3.70217882870833
A_24_P97687	HTR1A	4.03093405483333
A_23_P156824	HTR1B	5.39201560516667
A_33_P3357813	HTR1D	3.525971849375
A_24_P380349	HTR1E	3.67810460975
A_33_P3406836	HTR1F	4.494821504875
A_24_P355967	HTR2A	4.54013626683333
A_23_P16953	HTR2B	3.82724535908333
A_24_P150068	HTR3A	4.668785403625
A_23_P87007	HTR3B	3.97893279425
A_23_P124402	HTR3C	3.86416427670833
A_24_P14974	HTR3D	3.42988501133333
A_24_P32139	HTR3E	4.38503874120833
A_23_P133637	HTR4	4.524607037375
A_23_P42565	HTR5A	6.68026751629167
A_33_P3345016	HTR6	5.03839645170833
A_23_P500381	HTR7	5.38933300854167
A_32_P174572	HTR7P1	5.05995848266667
A_23_P97990	HTRA1	5.429785946625
A_24_P336957	HTRA2	10.67670655125
A_33_P3270776	HTRA3	5.271654928125
A_23_P44421	HTRA4	4.09993090183333
A_23_P212749	HTT	10.9314581016667
A_21_P0003444	HTT-AS1	4.3368213455
A_33_P3222762	HULC	5.75660851320833
A_24_P160070	HUNK	4.37563868308333
A_33_P3330841	HUS1	5.68324620179167
A_23_P133739	HUS1B	4.00614572179167
A_24_P932016	HUWE1	9.05777080604167
A_33_P3368014	HVCN1	4.79644442825
A_23_P69329	HYAL1	6.26251972120833
A_33_P3365357	HYAL2	12.6759110529167
A_23_P361405	HYAL3	8.29916724304167
A_33_P3421984	HYAL4	7.27622577170833
A_33_P3395547	HYALP1	4.41086308179167
A_33_P3276856	HYDIN	4.14488747533333
A_23_P160582	HYI	8.87416705925
A_23_P127522	HYLS1	8.13845729129167
A_33_P3308481	HYMAI	5.97325339783333
A_23_P75647	HYOU1	7.80552281504167
A_23_P17287	IAH1	10.0350340813333
A_23_P139648	IAPP	5.83089872275
A_33_P3209351	IARS	9.1177515275
A_23_P74843	IARS2	10.6815095570833
A_33_P3215128	IBA57	7.56931479133333
A_23_P358995	IBTK	10.15430500575
A_23_P215419	ICA1	9.973331280875
A_24_P211797	ICA1L	5.39846390116667
A_23_P153320	ICAM1	4.41258616629167
A_23_P152655	ICAM2	4.12072154741667
A_23_P164691	ICAM3	6.78355406091667
A_33_P3363355	ICAM4	5.068940636375
A_23_P119143	ICAM5	7.19332455333333
A_23_P344988	ICK	9.850305452875
A_33_P3381022	ICMT	4.96870485325
A_23_P371215	ICOS	3.976288839125
A_23_P317667	ICOSLG	4.01418892970833
A_23_P141194	ICT1	10.90687443375
A_23_P252306	ID1	5.19263341129167
A_23_P143143	ID2	9.40475413529167
A_23_P137381	ID3	4.24047850858333
A_33_P3229370	ID4	11.5406698670833
A_33_P3304427	IDAS	3.88555381420833
A_23_P63681	IDE	6.63244629970833
A_32_P45009	IDH1	12.4672972358333
A_23_P129209	IDH2	9.770113316
A_23_P140668	IDH3A	8.46484465104167
A_33_P3261084	IDH3B	10.4252533132083
A_23_P34115	IDH3G	10.5851428329167
A_24_P103886	IDI1	11.0100986220833
A_23_P410600	IDI2	4.01518812529167
A_23_P24275	IDI2-AS1	4.8759541395
A_23_P112026	IDO1	5.86851089441667
A_24_P285032	IDS	6.91476022504167
A_33_P3392087	IDUA	5.831677811625
A_32_P36235	IER2	12.9467569125
A_33_P3423551	IER3	8.52962327158333
A_23_P4474	IER3IP1	9.54726254679167
A_23_P86330	IER5	12.549935195
A_33_P3236102	IER5L	9.10293576133333
A_23_P87742	IFFO1	7.94372986554167
A_23_P418031	IFFO2	8.99752637475
A_23_P160025	IFI16	3.80659515775
A_24_P270460	IFI27	4.70270316929167
A_24_P261929	IFI27L1	11.67659364375
A_23_P140146	IFI27L2	11.6857156516667
A_23_P153745	IFI30	5.85308932170833
A_23_P152782	IFI35	5.57641020341667
A_23_P23074	IFI44	5.10376039916667
A_23_P45871	IFI44L	6.409827506125
A_23_P201459	IFI6	9.241085322625
A_23_P68155	IFIH1	3.99292279341667
A_23_P52266	IFIT1	4.96758773191667
A_33_P3395532	IFIT1B	4.31701789358333
A_23_P24004	IFIT2	3.96054122058333
A_33_P3283611	IFIT3	4.08597695883333
A_24_P30194	IFIT5	9.41243042941667
A_33_P3423941	IFITM1	8.28743178429167
A_33_P3358601	IFITM10	5.005287821625
A_24_P287043	IFITM2	8.591353288375
A_23_P87545	IFITM3	9.53776122704167
A_24_P16124	IFITM4P	7.32661036366667
A_33_P3352995	IFITM5	4.54546959691667
A_21_P0000009	IFLTD1	4.7773773175
A_24_P386375	IFNA21	3.90550519079167
A_33_P3601202	IFNA22P	3.86991054520833
A_24_P403459	IFNA4	6.1027241645
A_33_P3345086	IFNA7	4.491226325375
A_33_P3277988	IFNAR1	8.89587444870833
A_23_P211080	IFNAR2	7.06355004920833
A_23_P71774	IFNB1	3.870293837375
A_23_P302060	IFNE	4.04256442279167
A_23_P151294	IFNG	3.77695965533333
A_23_P8281	IFNGR1	9.74571473120833
A_23_P29036	IFNGR2	8.54203117425
A_23_P310372	IFNK	3.89300568579167
A_33_P3311200	IFNW1	3.86336086729167
A_24_P137897	IFRD1	9.75887085204167
A_23_P92132	IFRD2	8.26376100033333
A_23_P212447	IFT122	8.699538720125
A_23_P140725	IFT140	8.94996107079167
A_23_P406135	IFT172	10.29763245625
A_23_P130089	IFT20	8.98372316208333
A_33_P3399560	IFT27	7.08184816658333
A_24_P398781	IFT43	11.63035035625
A_23_P116207	IFT46	9.37283558045833
A_33_P3368500	IFT52	10.56801741375
A_24_P362881	IFT57	4.51987859404167
A_23_P255714	IFT74	4.90578829691667
A_23_P316150	IFT80	8.25570598779167
A_33_P3234984	IFT81	8.367831920125
A_23_P48339	IFT88	7.80725000733333
A_33_P3353581	IGBP1	10.77432606
A_33_P3234020	IGDCC3	13.4941547354167
A_23_P14673	IGDCC4	7.78526180004167
A_23_P13907	IGF1	4.79274563408333
A_23_P417282	IGF1R	11.8316817545833
A_23_P421379	IGF2	9.29608083620833
A_33_P3312819	IGF2-AS	5.68932455079167
A_23_P83498	IGF2BP1	11.0689290879167
A_23_P250156	IGF2BP2	9.0833573805
A_23_P19987	IGF2BP3	12.5815930008333
A_23_P334021	IGF2R	9.970135846375
A_23_P14892	IGFALS	6.19245402079167
A_23_P119943	IGFBP2	12.32332715625
A_23_P215634	IGFBP3	3.93940863058333
A_24_P382187	IGFBP4	6.82908135133333
A_23_P383009	IGFBP5	4.8660672935
A_23_P139912	IGFBP6	4.43299745095833
A_23_P353035	IGFBP7	4.118566390625
A_24_P186274	IGFBPL1	9.869122148
A_33_P3289845	IGFL1	4.07744330320833
A_33_P3240602	IGFL2	4.132794671875
A_33_P3243454	IGFL3	3.93073272370833
A_33_P3243486	IGFL4	3.83271750358333
A_23_P142424	IGFLR1	8.00944036104167
A_33_P3382100	IGFN1	4.85915916325
A_23_P393713	IGHMBP2	7.79856224004167
A_24_P110558	IGIP	6.12453514220833
A_23_P167168	IGJ	5.115709462375
A_33_P3761915	IGKV1D-13	3.7989236745
A_23_P120812	IGLL1	6.195925252125
A_33_P3379039	IGLL5	4.140384869625
A_24_P271149	IGLON5	11.6425047229167
A_33_P3876192	IGLV1-44	4.38438239333333
A_33_P3371989	IGSF1	4.72346059754167
A_23_P333683	IGSF10	4.29731729845833
A_23_P398189	IGSF11	6.95476038054167
A_32_P78101	IGSF21	6.373696118875
A_32_P486620	IGSF22	4.69129124095833
A_19_P00317314	IGSF23	3.890084254375
A_21_P0011815	IGSF3	5.73811300216667
A_32_P98739	IGSF5	5.6262988445
A_33_P3372004	IGSF6	4.06442171770833
A_23_P137423	IGSF8	8.12270062270833
A_23_P85441	IGSF9	11.3704648704167
A_33_P3325195	IGSF9B	7.08081686283333
A_33_P3338698	IHH	5.36113930058333
A_23_P133245	IK	12.1793704170833
A_23_P303210	IKBIP	5.86976784933333
A_33_P3271350	IKBKAP	7.44100366904167
A_33_P3787904	IKBKB	14.9388905433333
A_23_P887	IKBKE	4.12290352279167
A_23_P159920	IKBKG	9.28986779470833
A_33_P3842556	IKZF1	4.71251391420833
A_32_P114284	IKZF2	5.74880196658333
A_23_P378288	IKZF4	8.27267714529167
A_33_P3421520	IKZF5	6.04421710666667
A_23_P126735	IL10	4.193451229375
A_23_P203173	IL10RA	7.15820596966667
A_24_P322741	IL10RB	7.21519762454167
A_33_P3243887	IL11	8.069164076875
A_23_P71867	IL11RA	8.963740768625
A_23_P91943	IL12A	6.12879029141667
A_23_P7560	IL12B	3.83946249941667
A_23_P399156	IL12RB1	4.913369601
A_23_P72077	IL12RB2	4.555904208875
A_24_P280113	IL13RA1	4.657504968625
A_23_P85209	IL13RA2	3.87797375883333
A_23_P29953	IL15	8.1890074185
A_23_P138680	IL15RA	5.08592950141667
A_24_P299423	IL16	4.774194146125
A_23_P332820	IL17A	4.27799147145833
A_23_P167479	IL17B	6.873521537875
A_33_P3339625	IL17C	4.144311538875
A_23_P345692	IL17D	8.63756304416667
A_23_P167882	IL17F	4.44016894120833
A_33_P3224809	IL17RA	10.70401425
A_24_P157370	IL17RB	4.140276592625
A_23_P166775	IL17RC	7.51819607095833
A_32_P188860	IL17RD	9.37067154391667
A_23_P500206	IL17RE	6.246411981125
A_33_P3378291	IL17REL	5.43289846804167
A_23_P104798	IL18	3.87485265295833
A_33_P3228322	IL18BP	5.20547666941667
A_33_P3251876	IL18R1	3.78221666870833
A_23_P28334	IL18RAP	4.42850161016667
A_23_P35092	IL19	3.91013991145833
A_23_P72096	IL1A	NA
A_23_P79518	IL1B	4.06118299270833
A_23_P501713	IL1F10	5.58901990458333
A_33_P3396389	IL1R1	3.75064133958333
A_21_P0000070	IL1RAP	6.55953753554167
A_33_P3351510	IL1RAPL1	4.79321026895833
A_23_P255038	IL1RAPL2	4.10908534216667
A_23_P51126	IL1RL1	3.78009137695833
A_23_P56604	IL1RL2	4.302911618875
A_33_P3246829	IL1RN	5.47354931320833
A_23_P30122	IL2	4.368171419625
A_23_P46482	IL20	4.24764182179167
A_33_P3421118	IL20RA	5.610768118
A_23_P91850	IL20RB	6.19967611508333
A_23_P167250	IL21	4.56398338604167
A_24_P227927	IL21R	4.74299181445833
A_23_P168288	IL22RA2	3.52775390704167
A_23_P76078	IL23A	6.11916400591667
A_33_P3232692	IL24	4.185139886375
A_23_P117437	IL25	3.99314212870833
A_23_P128503	IL26	4.41305559420833
A_33_P3284933	IL27	4.91067709733333
A_23_P27606	IL27RA	6.08509113775
A_23_P409438	IL28A	5.54044995079167
A_33_P3268612	IL28RA	4.16681395254167
A_23_P337800	IL29	4.2057801995
A_24_P230563	IL2RA	4.023657482875
A_24_P203000	IL2RB	3.69590258591667
A_33_P3290394	IL2RG	4.68589698416667
A_24_P937317	IL31	4.14820276966667
A_33_P3691168	IL31RA	3.80893613516667
A_23_P15146	IL32	5.80033435420833
A_23_P100386	IL34	3.93938978683333
A_23_P348028	IL36A	3.8442373425
A_23_P90925	IL36B	3.62403090783333
A_24_P68783	IL36RN	4.06126153745833
A_23_P5654	IL37	4.340743236375
A_32_P217750	IL3RA	4.382547796125
A_23_P213706	IL4	3.87311263004167
A_33_P3405424	IL4I1	5.20749050866667
A_23_P129556	IL4R	5.49241034775
A_24_P209047	IL5	4.00223883620833
A_33_P3328254	IL5RA	3.68067909020833
A_33_P3407013	IL6	3.64933415941667
A_21_P0000171	IL6R	4.31436552970833
A_33_P3233843	IL6ST	6.4642590215
A_33_P3295917	IL7	4.29711188254167
A_23_P404494	IL7R	3.97296275416667
A_24_P320410	IL9	3.936992429
A_23_P34066	IL9R	5.36735203545833
A_23_P109907	ILDR1	8.36670683025
A_23_P257956	ILF2	8.505181490125
A_23_P434944	ILF3	10.85115086
A_23_P105066	ILK	10.9954367845833
A_23_P142590	ILKAP	7.75379023858333
A_23_P165148	ILVBL	10.3801909675
A_23_P203305	IMMP1L	8.61856139916667
A_33_P3213377	IMMP2L	8.924882639
A_33_P3314468	IMMT	6.91375029933333
A_23_P33809	IMP3	11.0233352970833
A_23_P302094	IMP4	9.28483967645833
A_32_P142779	IMP5	3.84512617075
A_33_P3370109	IMPA1	7.96409421158333
A_23_P50081	IMPA2	7.90189377329167
A_24_P108291	IMPACT	4.95530372770833
A_23_P136232	IMPAD1	9.25075745375
A_24_P89701	IMPDH1	12.8745162095833
A_33_P3214298	IMPDH2	11.3796598416667
A_33_P3358511	IMPG1	4.059807993875
A_23_P18119	IMPG2	4.48106903020833
A_23_P35444	INA	15.0681354233333
A_23_P321034	INADL	6.2789659205
A_33_P3306413	INCA1	5.69610458829167
A_23_P116387	INCENP	5.67913551616667
A_23_P148600	INE1	5.54809005166667
A_33_P3238285	INE2	3.595678583
A_33_P3391865	INF2	7.7044611125
A_24_P39211	ING1	8.08335005504167
A_23_P83736	ING2	9.18767506920833
A_23_P111811	ING3	8.43291661879167
A_23_P48070	ING4	11.7900205329167
A_32_P60223	ING5	8.17130771670833
A_23_P125686	INGX	4.29177899341667
A_23_P51039	INHA	4.54864925675
A_23_P122924	INHBA	5.27322774391667
A_23_P153964	INHBB	5.60384808091667
A_24_P155502	INHBC	5.57690119770833
A_24_P141707	INHBE	6.97972908145833
A_33_P3326822	INMT	4.5894836935
A_24_P39454	INO80	5.99886113079167
A_23_P56673	INO80B	7.42786733491667
A_24_P117954	INO80C	7.768649574375
A_23_P209652	INO80D	7.745552720625
A_33_P3390048	INO80E	10.8198649679167
A_32_P44453	INPP1	8.00952119141667
A_23_P393531	INPP4A	6.85686554479167
A_33_P3214625	INPP4B	4.58096872070833
A_33_P3374190	INPP5A	7.50700253116667
A_23_P85640	INPP5B	5.26458156495833
A_23_P61149	INPP5D	4.83575025270833
A_24_P317835	INPP5E	10.9629992091667
A_33_P3237096	INPP5F	7.49820016858333
A_24_P284805	INPP5J	8.165068350625
A_33_P3318911	INPP5K	10.5660592191667
A_33_P3358253	INPPL1	8.30291825245833
A_23_P1981	INS	4.3572056715
A_33_P3814721	INSC	4.40835369870833
A_33_P3219090	INSIG1	10.528407735
A_24_P944458	INSIG2	7.82621734875
A_33_P3334828	INSL3	5.86567732516667
A_23_P112220	INSL4	3.53521112525
A_23_P51479	INSL5	4.24052037170833
A_23_P83012	INSL6	3.61326419733333
A_23_P109184	INSM1	11.1999609920833
A_33_P3335725	INSR	10.1934138694167
A_33_P3341154	INTS1	9.20871945166667
A_23_P157607	INTS10	10.9639229683333
A_23_P81087	INTS12	9.94367482804167
A_23_P420269	INTS2	4.233864708375
A_23_P126757	INTS3	7.90115925745833
A_21_P0013230	INTS4	6.66966259416667
A_23_P13338	INTS5	6.0709520005
A_33_P3316078	INTS6	5.672485077875
A_23_P52082	INTS7	7.43167368316667
A_23_P43079	INTS8	7.14378583608333
A_23_P8848	INTS9	10.8789894645833
A_33_P3273599	INTU	6.354882120125
A_33_P3381816	INVS	7.36956126645833
A_33_P3320804	IP6K1	13.10452167375
A_23_P6836	IP6K2	10.1662771632917
A_23_P168130	IP6K3	6.165208493375
A_24_P940059	IPCEF1	3.88547868470833
A_23_P380371	IPMK	5.930948595875
A_23_P30264	IPO11	5.93501071970833
A_23_P115036	IPO13	6.85459025129167
A_23_P162970	IPO4	8.90555525520833
A_24_P99071	IPO5	9.934110076
A_19_P00802141	IPO7	8.989034600375
A_33_P3369286	IPO8	8.04942295241667
A_33_P3360917	IPO9	9.17571079979167
A_33_P3221234	IPP	7.0811863805
A_33_P3371514	IPPK	7.01865494479167
A_33_P3312807	IPW	8.04718444354167
A_33_P3292432	IQCA1	6.674287526125
A_23_P84140	IQCB1	8.20947155570833
A_23_P74162	IQCC	5.86829145575
A_33_P3287228	IQCD	6.01949599808333
A_23_P19852	IQCE	7.76567876629167
A_32_P121834	IQCF1	4.20219506179167
A_32_P165933	IQCF2	4.59792194416667
A_32_P152204	IQCF3	4.301581797125
A_21_P0000726	IQCF4	3.94437383295833
A_32_P13756	IQCF6	4.07395224504167
A_23_P300076	IQCG	5.56306345158333
A_33_P3227631	IQCH	4.6310907615
A_33_P3332547	IQCJ-SCHIP1	11.6810557741667
A_23_P324523	IQCK	9.58575261454167
A_33_P3417745	IQGAP1	9.17714179466667
A_33_P3216372	IQGAP2	9.34718073470833
A_33_P3321293	IQGAP3	4.97260514941667
A_33_P3289820	IQSEC1	12.1106344083333
A_32_P159445	IQSEC2	8.23545441733333
A_33_P3408624	IQSEC3	6.23551904141667
A_24_P203298	IQUB	3.85321956179167
A_33_P3286616	IRAK1	8.46503287745833
A_32_P21474	IRAK1BP1	5.470457338625
A_33_P3352970	IRAK2	5.76070630833333
A_24_P158903	IRAK4	5.21174665708333
A_33_P3221528	IREB2	11.2035471866667
A_23_P41765	IRF1	4.19753330670833
A_23_P125082	IRF2	5.11668276570833
A_33_P3398946	IRF2BP1	5.72579653191667
A_24_P497186	IRF2BP2	8.81364233204167
A_32_P466514	IRF2BPL	7.27843334733333
A_33_P3327333	IRF3	8.82003119383333
A_23_P500271	IRF5	6.17686790170833
A_24_P378019	IRF7	9.617330398375
A_33_P3319925	IRG1	4.887522408
A_33_P3359022	IRGC	3.84729643295833
A_33_P3881812	IRGM	4.14379508233333
A_33_P3415913	IRGQ	6.94104392766667
A_24_P225679	IRS1	5.22557501933333
A_24_P154037	IRS2	9.80215341254167
A_33_P3336257	IRX1	11.5388663425
A_23_P156025	IRX2	12.5249096816667
A_23_P152235	IRX3	4.683627390125
A_23_P110837	IRX4	5.21792632929167
A_24_P48057	IRX5	8.28378581575
A_32_P177539	IRX6	4.06829235020833
A_24_P387609	ISCA1	8.72519056795833
A_23_P151746	ISCA2	10.34374756
A_23_P340158	ISCU	11.9629536145833
A_23_P819	ISG15	10.1149538305833
A_23_P32404	ISG20	6.79139500241667
A_33_P3401322	ISG20L2	9.447907402375
A_23_P81529	ISL1	6.19465835333333
A_23_P54469	ISL2	10.2657779304167
A_23_P3312	ISLR	6.64477236541667
A_33_P3418091	ISLR2	8.016323872125
A_32_P186731	ISM1	4.61566603008333
A_23_P344125	ISM2	4.18892071379167
A_23_P250982	ISOC1	7.77552895679167
A_24_P99795	ISOC2	9.87759282420833
A_24_P833129	ISPD	4.43169380491667
A_23_P206759	IST1	7.742200235875
A_32_P217140	ISX	3.94050194479167
A_23_P124164	ISY1	6.888598139125
A_33_P3260373	ISY1-RAB43	5.02328233241667
A_33_P3306504	ISYNA1	11.071398165
A_24_P139191	ITCH	6.50344800679167
A_23_P334123	ITFG1	10.67359849625
A_23_P204417	ITFG2	9.106473899625
A_23_P66117	ITFG3	8.40997729016667
A_33_P3263432	ITGA10	5.99150237445833
A_23_P206022	ITGA11	5.14406605895833
A_32_P178800	ITGA2	3.91973154033333
A_24_P65373	ITGA2B	5.92058797
A_23_P55251	ITGA3	7.34588092791667
A_33_P3224878	ITGA4	4.20458048291667
A_23_P36562	ITGA5	5.74195127425
A_33_P3231447	ITGA6	4.780492575
A_23_P128084	ITGA7	12.1221920904167
A_23_P46781	ITGA8	3.86309887579167
A_23_P252193	ITGA9	5.843788696875
A_24_P366652	ITGAD	3.91616032770833
A_23_P218375	ITGAE	9.01564104775
A_23_P206806	ITGAL	4.43199479175
A_23_P124108	ITGAM	4.29099173383333
A_23_P50907	ITGAV	7.93669215229167
A_33_P3213169	ITGAX	4.24890207341667
A_23_P104199	ITGB1	8.42581200591667
A_33_P3216227	ITGB1BP1	8.50247002741667
A_23_P45424	ITGB1BP2	7.05715130179167
A_24_P404458	ITGB1BP3	4.88776022579167
A_23_P430411	ITGB2	4.45472953070833
A_24_P318656	ITGB3	4.40785087579167
A_23_P23765	ITGB3BP	8.47727895370833
A_33_P3377364	ITGB4	5.17546055225
A_23_P166633	ITGB5	5.095914925
A_23_P154217	ITGB6	3.92245748045833
A_23_P76529	ITGB7	5.43037351570833
A_23_P113777	ITGBL1	5.19086323320833
A_23_P18223	ITIH1	4.67382540979167
A_23_P202053	ITIH2	4.162261383625
A_33_P3313145	ITIH3	5.04039026658333
A_23_P109881	ITIH4	8.104100627875
A_33_P3420380	ITIH5	4.30052565816667
A_33_P3363071	ITIH6	5.43921762466667
A_23_P95790	ITLN1	3.76880534333333
A_24_P53778	ITLN2	4.54406318616667
A_23_P171074	ITM2A	4.14508362479167
A_24_P381604	ITM2B	8.43896316591667
A_24_P379820	ITM2C	12.5441107120833
A_23_P68529	ITPA	10.6701758191667
A_24_P167683	ITPK1	5.86788428391667
A_33_P3397955	ITPK1-AS1	4.364745402375
A_23_P65918	ITPKA	5.553677973625
A_23_P372255	ITPKB	5.28414684008333
A_21_P0014636	ITPKB-IT1	4.266453113375
A_24_P202567	ITPKC	10.0944534279167
A_23_P92042	ITPR1	6.91599332441667
A_33_P3232294	ITPR2	5.22314385216667
A_23_P19517	ITPR3	4.384688117375
A_23_P340333	ITPRIP	9.34872671104167
A_32_P525524	ITPRIPL1	6.71959806483333
A_24_P835500	ITPRIPL2	7.7141529695
A_33_P3277728	ITSN1	7.21549353945833
A_23_P434347	ITSN2	5.964704074375
A_33_P3269718	IVD	7.45779576666667
A_23_P353524	IVL	4.35179139329167
A_33_P3280875	IVNS1ABP	7.37158842016667
A_33_P3269134	IWS1	5.732286018875
A_32_P110472	IYD	3.84221905354167
A_24_P340247	IZUMO1	4.68276575345833
A_23_P101521	IZUMO2	3.97714700758333
A_23_P50674	IZUMO4	5.77937314183333
A_23_P210763	JAG1	6.7048472875
A_23_P106024	JAG2	8.81478986879167
A_23_P6762	JAGN1	12.0119261520833
A_33_P3784283	JAK1	7.61748654091667
A_33_P3878772	JAK2	6.85965649333333
A_24_P59667	JAK3	6.27497418370833
A_33_P3221114	JAKMIP1	8.35017641541667
A_23_P156390	JAKMIP2	10.226752055
A_24_P332081	JAKMIP3	5.49245739495833
A_32_P310335	JAM2	6.57838438704167
A_24_P86993	JAM3	8.41236250308333
A_23_P214876	JARID2	10.8008678433333
A_32_P36694	JAZF1	6.700292603875
A_23_P117582	JDP2	6.6764427005
A_23_P359897	JHDM1D	7.47019125470833
A_23_P380965	JKAMP	9.63004128920833
A_23_P427217	JMJD1C	7.90656901854167
A_33_P3306113	JMJD4	10.1622216944583
A_33_P3806721	JMJD5	6.90686130345833
A_23_P311616	JMJD6	6.43244150954167
A_33_P3344951	JMJD7	8.378460328375
A_23_P403424	JMJD7-PLA2G4B	10.6479112892917
A_23_P15073	JMJD8	8.07026972958333
A_33_P3217689	JMY	8.06749513616667
A_24_P271527	JOSD1	11.89378160375
A_33_P3220929	JOSD2	4.439931614125
A_33_P3364348	JPH1	7.09905709154167
A_23_P68423	JPH2	4.95500604070833
A_24_P150791	JPH3	9.31575904166667
A_33_P3325665	JPH4	8.7783872025
A_19_P00319561	JPX	8.00620402004167
A_33_P3382538	JRKL	6.47558283020833
A_23_P397320	JSRP1	5.27617953354167
A_23_P34983	JTB	11.8308956095833
A_33_P3323298	JUN	11.0801523033333
A_24_P241815	JUNB	6.01584187445833
A_33_P3324909	JUND	9.45131757545833
A_23_P501822	JUP	12.55530443625
A_24_P143301	KAAG1	3.72716026891667
A_23_P429950	KAL1	3.67193810520833
A_24_P328524	KALRN	8.20702802525
A_23_P500130	KANK1	6.77404806420833
A_23_P50426	KANK2	7.931681652125
A_23_P131089	KANK3	6.30748026629167
A_32_P51237	KANK4	4.23697612029167
A_24_P67929	KANSL2	9.02699237216667
A_23_P209538	KANSL3	8.0797540985
A_33_P3449417	KARS	11.7131808204167
A_23_P66608	KAT2A	10.5012037904167
A_32_P159651	KAT2B	7.76841033283333
A_23_P138849	KAT5	8.973348025375
A_33_P3287735	KAT6A	10.7432516366667
A_23_P388855	KAT6B	6.537513902125
A_23_P152818	KAT7	8.16053661433333
A_33_P3287745	KAT8	11.77257442875
A_23_P113803	KATNA1	8.746763234625
A_32_P75284	KATNAL1	12.4196965925
A_32_P790284	KATNAL2	5.97429616845833
A_23_P117980	KATNB1	7.65445276733333
A_23_P421011	KAZALD1	6.21077174
A_24_P331830	KAZN	4.54442092108333
A_23_P17190	KBTBD10	9.844880936875
A_23_P94319	KBTBD11	12.3394164633333
A_33_P3295029	KBTBD12	3.89554628341667
A_33_P3306192	KBTBD13	6.93424791475
A_24_P12539	KBTBD2	8.89417951966667
A_23_P127557	KBTBD3	7.730118224
A_33_P3345255	KBTBD4	8.76363439125
A_33_P3209070	KBTBD5	7.57420355004167
A_33_P3268174	KBTBD6	10.220734621
A_23_P25605	KBTBD7	8.478386271375
A_23_P431252	KBTBD8	5.634131457375
A_19_P00321194	KC6	5.90117242316667
A_33_P3354181	KCMF1	8.28609811658333
A_23_P48229	KCNA1	3.71440603304167
A_23_P126528	KCNA10	4.56409872195833
A_32_P40596	KCNA2	6.41534998604167
A_33_P3415032	KCNA3	4.084930615375
A_19_P00803558	KCNA6	9.62011604408333
A_23_P164897	KCNA7	5.720297403625
A_24_P182929	KCNAB1	6.93435233970833
A_33_P3228190	KCNAB2	4.85693264254167
A_23_P370454	KCNAB3	5.713223913625
A_24_P31627	KCNB1	9.72361297979167
A_33_P3415350	KCNB2	9.82830523379167
A_24_P275199	KCNC1	8.77312487729167
A_33_P3375766	KCNC2	6.296822498125
A_23_P101516	KCNC3	8.00305238395833
A_23_P12079	KCNC4	5.656172294875
A_23_P315772	KCND1	4.31869006091667
A_23_P259251	KCND2	7.96827995729167
A_32_P58407	KCND3	5.277857791875
A_23_P154855	KCNE1	5.01582025991667
A_23_P256641	KCNE1L	6.65294515929167
A_23_P120694	KCNE2	7.26918129533333
A_33_P3246448	KCNE4	4.292801996625
A_33_P3424062	KCNF1	5.40286971475
A_33_P3362296	KCNG1	4.93907689195833
A_33_P3385281	KCNG3	3.85527608925
A_23_P365248	KCNG4	4.26759698891667
A_23_P74943	KCNH1	4.91540252491667
A_23_P377882	KCNH2	8.26705910983333
A_33_P3253672	KCNH3	10.5432705004167
A_23_P124988	KCNH4	5.92935057945833
A_33_P3344334	KCNH5	3.94459250916667
A_23_P170541	KCNH6	7.59381539504167
A_23_P410040	KCNH7	5.83830919354167
A_23_P170636	KCNH8	5.96856586379167
A_23_P30554	KCNIP1	7.51469761195833
A_24_P12998	KCNIP2	6.743602518
A_23_P356004	KCNIP3	4.25496632933333
A_33_P3274194	KCNIP4	7.593423294375
A_33_P3352906	KCNIP4-IT1	4.80815164558333
A_24_P387875	KCNJ10	4.10896627670833
A_23_P1973	KCNJ11	5.13930420591667
A_24_P339429	KCNJ12	10.96763771875
A_33_P3316173	KCNJ13	4.97937657720833
A_23_P130764	KCNJ14	8.136035554625
A_33_P3267532	KCNJ15	3.88370642141667
A_23_P501193	KCNJ16	5.093918319625
A_21_P0000120	KCNJ18	12.4289093320833
A_23_P329261	KCNJ2	7.640439984375
A_23_P153986	KCNJ3	9.274206268125
A_24_P6125	KCNJ4	6.86400811245833
A_24_P309521	KCNJ5	4.12105232883333
A_23_P29057	KCNJ6	6.00197389766667
A_23_P64879	KCNJ8	5.81743465295833
A_23_P379601	KCNJ9	5.36119992704167
A_23_P126075	KCNK1	4.077631315125
A_32_P129862	KCNK10	6.51324434554167
A_33_P3256510	KCNK12	7.951281924375
A_23_P109026	KCNK15	8.74082519545833
A_24_P112032	KCNK17	3.87129897870833
A_23_P115932	KCNK18	3.93893144266667
A_23_P91104	KCNK3	6.35608591166667
A_33_P3213792	KCNK4	6.422886637
A_23_P319423	KCNK5	6.25490597045833
A_23_P50591	KCNK6	5.86737679691667
A_33_P3213797	KCNK7	5.63936145491667
A_23_P111978	KCNK9	4.87513423341667
A_32_P192692	KCNMA1	6.27691084441667
A_24_P206121	KCNMB1	6.73838362004167
A_33_P3395191	KCNMB2	9.27288316208333
A_21_P0012333	KCNMB3	6.58369066283333
A_23_P64792	KCNMB4	11.2912212945833
A_23_P119573	KCNN1	8.38021492854167
A_23_P500353	KCNN2	6.94487235095833
A_23_P126167	KCNN3	6.584332574875
A_23_P67529	KCNN4	4.915204211625
A_33_P3247331	KCNQ1	4.72712439975
A_23_P150648	KCNQ1DN	8.1073504785
A_33_P3294031	KCNQ1OT1	9.029822682125
A_33_P3360753	KCNQ2	7.69865839966667
A_23_P123393	KCNQ3	5.32032434
A_23_P34424	KCNQ4	4.21836707929167
A_23_P167841	KCNQ5	4.743821362125
A_23_P394377	KCNRG	5.71623018616667
A_23_P321846	KCNS1	5.00986718854167
A_24_P46911	KCNS2	5.95113246708333
A_23_P120103	KCNS3	3.93810824404167
A_33_P3281613	KCNT1	7.85627224270833
A_33_P3892608	KCNT2	6.617238566375
A_33_P3243008	KCNU1	3.97547968729167
A_23_P32083	KCNV2	4.61920408454167
A_33_P3383611	KCP	7.548809490875
A_23_P130352	KCTD1	9.66929964858333
A_24_P39101	KCTD10	9.64279107116667
A_23_P354027	KCTD11	8.10557495083333
A_33_P3240512	KCTD12	8.882930978375
A_23_P44849	KCTD13	6.34555218508333
A_23_P162165	KCTD14	4.59936898754167
A_24_P373844	KCTD15	6.23458504258333
A_24_P307808	KCTD16	5.758030653375
A_24_P108779	KCTD17	8.42174694129167
A_23_P309515	KCTD18	6.379102886875
A_33_P3255131	KCTD19	7.52640901175
A_24_P324011	KCTD2	8.01071666770833
A_23_P374351	KCTD20	10.0456823817083
A_33_P3299525	KCTD21	7.96837419591667
A_23_P160406	KCTD3	8.01540885095833
A_23_P48327	KCTD4	4.14811569920833
A_33_P3362981	KCTD5	8.79333669666667
A_23_P385246	KCTD6	9.49212394433333
A_21_P0000071	KCTD7	6.1410079785
A_23_P94902	KCTD8	6.44886896375
A_33_P3297399	KCTD9	8.12169937866667
A_23_P128613	KDELC1	8.62039082741667
A_33_P3298960	KDELC2	4.4540617565
A_23_P4919	KDELR1	11.1038385429167
A_23_P19938	KDELR2	8.482411175875
A_23_P211504	KDELR3	4.07211636279167
A_24_P74981	KDM1A	10.7434142825
A_23_P145035	KDM1B	5.60877473358333
A_23_P83917	KDM2A	8.23578081225
A_33_P3529860	KDM2B	6.90943677883333
A_23_P395075	KDM3A	7.15818243929167
A_23_P7783	KDM3B	10.6599387804167
A_33_P3420655	KDM4A	9.425214863125
A_33_P3396600	KDM4B	9.47192215433333
A_23_P112201	KDM4C	5.62808409970833
A_23_P127406	KDM4D	6.53234768875
A_33_P3382748	KDM5A	4.45249293229167
A_32_P70724	KDM5B	11.6900240020833
A_23_P62270	KDM5C	7.74314331683333
A_23_P137238	KDM5D	4.4360682935
A_33_P3340718	KDM6A	7.4856991665
A_24_P942630	KDM6B	7.45843390066667
A_24_P71973	KDR	4.15697155583333
A_32_P515088	KDSR	7.17870581766667
A_23_P119141	KEAP1	10.0916898305833
A_23_P252758	KEL	4.31520138516667
A_32_P86905	KGFLP2	6.13129310108333
A_23_P200386	KHDRBS1	13.6075248345833
A_23_P366453	KHDRBS2	7.65378916008333
A_33_P3394727	KHDRBS3	11.0084738858333
A_33_P3309984	KHK	5.82554469225
A_24_P170763	KHNYN	10.68309492875
A_24_P134235	KHSRP	9.70453806304167
A_23_P20683	KIAA0020	9.45934165733333
A_24_P79617	KIAA0040	4.51462831270833
A_33_P3292283	KIAA0087	5.34296236033333
A_23_P435610	KIAA0090	8.17754144766667
A_23_P207614	KIAA0100	11.09889208
A_23_P117852	KIAA0101	6.16063399795833
A_23_P140190	KIAA0125	4.66734251620833
A_24_P63563	KIAA0141	8.675244139875
A_24_P143686	KIAA0146	6.24312985604167
A_23_P152420	KIAA0182	9.27124626033333
A_24_P416289	KIAA0195	8.62422111475
A_23_P112113	KIAA0196	10.3433050275
A_24_P66545	KIAA0226	7.74340707045833
A_23_P53763	KIAA0226L	4.79781890633333
A_23_P327069	KIAA0232	11.0270930620833
A_23_P350886	KIAA0240	8.91703029804167
A_23_P371787	KIAA0247	10.8748674358333
A_23_P48550	KIAA0284	12.2373902129167
A_23_P369987	KIAA0317	8.04253831541667
A_24_P166397	KIAA0319	7.07076918816667
A_24_P314597	KIAA0319L	8.18621218458333
A_23_P324490	KIAA0355	10.8140573808333
A_33_P3404286	KIAA0368	8.65549325879167
A_23_P14340	KIAA0391	7.98969803879167
A_23_P215048	KIAA0408	10.8758916525
A_33_P3215487	KIAA0415	7.74766245833333
A_23_P26674	KIAA0430	10.44556962375
A_24_P233917	KIAA0494	8.718081686
A_23_P206310	KIAA0513	11.8244473604167
A_23_P367628	KIAA0528	11.2933149095833
A_23_P381203	KIAA0556	5.70100107175
A_33_P3221353	KIAA0564	5.757504578625
A_23_P106127	KIAA0586	9.00926270929167
A_24_P61753	KIAA0664	8.33149068270833
A_23_P89062	KIAA0664L3	6.479064331375
A_33_P3327265	KIAA0748	5.99200014845833
A_23_P89543	KIAA0753	9.64304326641667
A_24_P912372	KIAA0754	6.10698934145833
A_33_P3306272	KIAA0825	5.10160762195833
A_33_P3366064	KIAA0889	5.94106563054167
A_23_P305205	KIAA0895	6.53006561679167
A_24_P331655	KIAA0895L	12.2431305404167
A_24_P350744	KIAA0907	7.48507122170833
A_33_P3252989	KIAA0913	11.9145618245833
A_33_P3220723	KIAA0922	9.04867693291667
A_23_P315589	KIAA0930	10.0269690996667
A_32_P35800	KIAA0947	8.53288058658333
A_23_P145424	KIAA1009	7.24303679954167
A_33_P3421490	KIAA1024	8.85889273404167
A_21_P0012955	KIAA1024L	4.40770426570833
A_23_P394545	KIAA1033	8.46265120070833
A_23_P319232	KIAA1045	5.71520192883333
A_23_P332584	KIAA1107	8.35322762629167
A_24_P325176	KIAA1109	9.137380681
A_32_P54018	KIAA1143	8.65865655795833
A_33_P3421626	KIAA1147	6.465577156375
A_33_P3358243	KIAA1161	6.96424638616667
A_32_P51905	KIAA1191	12.9333448441667
A_23_P415791	KIAA1210	3.68235314283333
A_33_P3309670	KIAA1211	7.78796731095833
A_23_P310022	KIAA1217	3.93235899375
A_33_P3311994	KIAA1239	5.85528618445833
A_33_P3387951	KIAA1244	7.67853892354167
A_32_P163739	KIAA1257	5.124015058
A_21_P0014030	KIAA1267	7.38928330145833
A_23_P161481	KIAA1274	7.02767312541667
A_23_P380815	KIAA1279	10.30622819
A_33_P3256793	KIAA1324	7.21472812695833
A_23_P320242	KIAA1324L	8.87248039458333
A_23_P389692	KIAA1328	6.59446299695833
A_23_P99853	KIAA1370	9.926004000625
A_23_P310701	KIAA1383	4.05854702504167
A_23_P419213	KIAA1407	6.88114228475
A_23_P215980	KIAA1429	8.618977286125
A_23_P318581	KIAA1430	8.850946019625
A_33_P3358521	KIAA1432	5.75573643595833
A_32_P159234	KIAA1456	7.710720334125
A_23_P301521	KIAA1462	4.22581489883333
A_23_P394567	KIAA1467	8.81344855808333
A_32_P61857	KIAA1468	9.18454242904167
A_24_P49427	KIAA1486	6.60602439379167
A_23_P410965	KIAA1522	11.4196112804167
A_24_P351466	KIAA1524	4.08118845475
A_33_P3287113	KIAA1530	7.26445265329167
A_33_P3217704	KIAA1539	6.53483672054167
A_32_P226186	KIAA1549	11.88664015125
A_24_P101047	KIAA1586	4.5136412545
A_33_P3419139	KIAA1598	7.028079276125
A_32_P182511	KIAA1609	8.98661597483333
A_32_P176594	KIAA1614	4.87491880683333
A_32_P37867	KIAA1644	6.82264408708333
A_33_P3354291	KIAA1656	4.61701331404167
A_23_P309619	KIAA1671	6.156271043375
A_33_P3211384	KIAA1683	8.55812881558333
A_24_P219053	KIAA1704	6.63068527325
A_32_P31771	KIAA1715	7.47092518504167
A_23_P313734	KIAA1731	9.3338402125
A_23_P372925	KIAA1737	10.2713100937083
A_33_P3410123	KIAA1751	4.92377060525
A_24_P102315	KIAA1755	3.951267824625
A_23_P21673	KIAA1797	10.2793234335417
A_33_P3267482	KIAA1804	6.25760465720833
A_23_P116168	KIAA1826	9.00102203629167
A_33_P3386935	KIAA1841	7.24907216708333
A_33_P3290955	KIAA1875	8.56232649470833
A_23_P123086	KIAA1908	7.51005201995833
A_33_P3285911	KIAA1919	5.93309764033333
A_33_P3404744	KIAA1958	5.04887637529167
A_23_P31686	KIAA1967	8.41727137891667
A_33_P3293511	KIAA1984	5.72192797725
A_33_P3374049	KIAA2013	9.102023649125
A_32_P138617	KIAA2018	8.61884076470833
A_32_P169505	KIAA2022	3.95387440720833
A_23_P157758	KIAA2026	7.9310896195
A_24_P97145	KIDINS220	10.2407589618333
A_24_P227091	KIF11	5.77894927375
A_23_P386356	KIF12	4.35838339420833
A_33_P3242659	KIF13A	4.79841184879167
A_33_P3244083	KIF13B	8.79638923829167
A_33_P3230548	KIF14	4.96135153070833
A_23_P80902	KIF15	5.54658317875
A_23_P17503	KIF16B	6.40369164870833
A_23_P400515	KIF17	10.0251863760417
A_33_P3242649	KIF18A	4.35115190095833
A_33_P3421338	KIF18B	4.33905978058333
A_24_P233014	KIF19	6.44729165370833
A_33_P3230698	KIF1A	15.9407984183333
A_23_P201287	KIF1B	8.86108968895833
A_33_P3230709	KIF1C	9.93159661833333
A_23_P256956	KIF20A	4.44712342395833
A_23_P75071	KIF20B	5.580168493375
A_23_P113462	KIF21A	7.97231579891667
A_33_P3221665	KIF21B	10.024010207875
A_23_P54622	KIF22	7.64236790775
A_23_P48835	KIF23	4.802919013375
A_33_P3406939	KIF24	4.68228046333333
A_23_P59410	KIF25	5.454551706
A_32_P27917	KIF26A	8.78806107425
A_33_P3396746	KIF26B	6.38016130441667
A_24_P109071	KIF27	4.82495268604167
A_33_P3407065	KIF2A	10.4847980525
A_23_P107102	KIF2B	3.76760197708333
A_23_P34788	KIF2C	6.01731636525
A_33_P3382217	KIF3A	8.87453468495833
A_24_P941824	KIF3B	11.2872671320833
A_33_P3369153	KIF3C	10.4392102024583
A_33_P3253596	KIF4A	4.52981361158333
A_23_P218025	KIF5A	10.498015754875
A_33_P3292337	KIF5B	9.91711281
A_32_P154473	KIF5C	14.5725869454167
A_33_P3237482	KIF6	4.33147559045833
A_24_P203689	KIF7	6.33949414925
A_33_P3356857	KIF9	3.94400319575
A_23_P62920	KIFAP3	12.9229925854167
A_23_P133956	KIFC1	4.627809308625
A_23_P358542	KIFC2	8.27534242179167
A_24_P317874	KIN	8.73052449533333
A_33_P3313920	KIR2DL2	3.27637012825
A_24_P288298	KIR2DL4	4.43760737783333
A_33_P3270346	KIR2DL5A	4.00420133020833
A_23_P130815	KIR2DS2	4.52827641866667
A_33_P3311073	KIR2DS3	3.933023957125
A_23_P502590	KIR2DS4	4.125342854
A_24_P117147	KIR3DL1	4.830645201625
A_21_P0014000	KIR3DL2	6.20604844383333
A_23_P370574	KIR3DL3	5.43729752529167
A_33_P3340926	KIR3DX1	4.65384131216667
A_33_P3221489	KIRREL	6.01109961216667
A_21_P0014080	KIRREL-IT1	3.90674049308333
A_33_P3420852	KIRREL2	8.661821646875
A_23_P104741	KIRREL3	6.88306826120833
A_32_P389770	KIRREL3-AS3	4.13947470491667
A_23_P124892	KISS1	5.13677603966667
A_33_P3231357	KISS1R	7.39736583033333
A_23_P110253	KIT	5.43722579995833
A_24_P133253	KITLG	8.113568155
A_23_P503064	KL	4.08928890054167
A_32_P33114	KLB	3.92552775845833
A_23_P2873	KLC1	13.0030520808333
A_33_P3288805	KLC2	9.74574122191667
A_33_P3377750	KLC3	4.577804785125
A_23_P397308	KLC4	6.30383256441667
A_33_P3410925	KLF1	6.20917986233333
A_23_P168828	KLF10	8.02794362254167
A_33_P3313948	KLF11	6.71300329108333
A_23_P371076	KLF12	10.0055362349167
A_32_P197489	KLF13	7.00693217404167
A_33_P3374947	KLF14	4.12262357445833
A_33_P3374957	KLF16	10.5920881758333
A_33_P3374952	KLF17	11.0759396320833
A_23_P119196	KLF2	3.90439911054167
A_24_P414376	KLF3	7.87494959445833
A_23_P32233	KLF4	4.65263981929167
A_23_P53891	KLF5	4.7605287305
A_24_P128308	KLF6	7.28662085375
A_23_P67980	KLF7	9.40938537041667
A_33_P3335498	KLF8	4.0790834245
A_23_P415401	KLF9	6.67295667966667
A_23_P422766	KLHDC1	5.6390086415
A_33_P3351765	KLHDC10	7.204545967875
A_24_P116242	KLHDC2	11.0484211820833
A_24_P343255	KLHDC3	9.13365305979167
A_33_P3375476	KLHDC4	7.49377365316667
A_24_P645765	KLHDC5	9.17467953904167
A_33_P3417765	KLHDC7A	3.82774886441667
A_24_P117410	KLHDC7B	4.43560630325
A_24_P62800	KLHDC8A	9.64363615341667
A_24_P148836	KLHDC8B	9.46068383170833
A_23_P86100	KLHDC9	10.86660193375
A_23_P2825	KLHL1	7.912178873875
A_23_P27128	KLHL10	3.70853794445833
A_23_P55388	KLHL11	6.44283879091667
A_24_P242609	KLHL12	7.76216199066667
A_23_P159974	KLHL13	4.46998699520833
A_23_P370830	KLHL14	4.86812775183333
A_32_P195647	KLHL15	3.98281401970833
A_33_P3422330	KLHL17	11.48189294125
A_24_P15043	KLHL18	9.73129579666667
A_23_P72503	KLHL2	8.76278063870833
A_33_P3243707	KLHL20	8.311984051375
A_23_P341223	KLHL21	10.4854392533333
A_24_P117323	KLHL22	8.42292655858333
A_23_P165414	KLHL23	8.825349521
A_24_P521994	KLHL24	10.4963085533333
A_23_P65797	KLHL25	11.5484829175
A_23_P39375	KLHL26	7.71000453016667
A_33_P3304107	KLHL28	8.26521997908333
A_23_P209360	KLHL29	10.0097931627917
A_23_P133543	KLHL3	8.067384318375
A_33_P3243702	KLHL30	5.178362761375
A_33_P3302881	KLHL31	6.09442634841667
A_33_P3340655	KLHL32	6.28108942241667
A_33_P3399618	KLHL33	5.952941782875
A_23_P428887	KLHL34	5.88036737275
A_23_P351837	KLHL35	11.0304238584167
A_33_P3362781	KLHL36	6.19532423983333
A_33_P3288491	KLHL38	4.40325625204167
A_23_P171150	KLHL4	6.53518880225
A_23_P121527	KLHL5	6.93163194966667
A_24_P944253	KLHL6	4.05442254366667
A_23_P324994	KLHL7	7.64055887854167
A_24_P54808	KLHL8	9.69193615066667
A_23_P83159	KLHL9	11.4785622075
A_23_P16252	KLK1	6.94547058583333
A_33_P3417650	KLK10	3.95208496329167
A_23_P101505	KLK11	3.56108021320833
A_23_P500010	KLK12	4.39497965270833
A_33_P3251065	KLK13	3.76943032066667
A_33_P3417640	KLK14	4.00894743875
A_24_P202632	KLK15	4.151836139875
A_23_P310257	KLK2	4.95418270975
A_33_P3215838	KLK3	4.76865535454167
A_24_P376047	KLK4	4.63853195958333
A_23_P153480	KLK5	4.15625437295833
A_24_P236935	KLK6	4.46312674991667
A_23_P39056	KLK7	3.95887594758333
A_23_P369343	KLK8	3.946697088
A_33_P3398195	KLK9	4.681264506375
A_23_P252236	KLKB1	4.71143722120833
A_33_P3387601	KLKP1	4.23684766858333
A_33_P3267410	KLLN	6.701189641375
A_21_P0007870	KLRAP1	5.14018325145833
A_23_P151046	KLRC1	4.79231267433333
A_23_P128281	KLRC3	3.88654675525
A_23_P218058	KLRC4	3.76944306904167
A_23_P204208	KLRD1	4.27917202108333
A_21_P0000111	KLRF2	3.52229826541667
A_23_P64898	KLRG1	6.428204612625
A_33_P3306207	KLRG2	8.52852589116667
A_23_P200838	KMO	4.68398734679167
A_24_P383050	KNCN	5.529642123875
A_24_P32574	KNDC1	3.8616156835
A_23_P212258	KNG1	4.571121218
A_23_P136817	KNTC1	7.41409419045833
A_33_P3214879	KPNA1	5.71766910916667
A_23_P125265	KPNA2	14.1741897291667
A_33_P3214884	KPNA3	10.5038756791667
A_19_P00802654	KPNA4	10.4531630245833
A_23_P156443	KPNA5	7.58364507041667
A_24_P128563	KPNA6	10.16835402
A_33_P3214869	KPNA7	4.112262009625
A_32_P184727	KPNB1	11.21151086125
A_33_P3312519	KPRP	4.213007673125
A_23_P67391	KPTN	9.02284623
A_23_P306507	KRAS	9.03596051554167
A_32_P38637	KRBA1	10.83468535375
A_33_P3248863	KRBA2	11.334581985
A_23_P80551	KRBOX1	4.02212745008333
A_21_P0014487	KRBOX1-AS1	4.07367811283333
A_23_P56759	KRCC1	8.82914691566667
A_23_P68851	KREMEN1	7.07335617125
A_33_P3396214	KREMEN2	6.09440954370833
A_23_P101332	KRI1	10.3368146380417
A_24_P98161	KRIT1	4.357722659
A_32_P326819	KRR1	6.69492701141667
A_33_P3379396	KRT1	4.41745605820833
A_23_P49975	KRT10	11.6113562175
A_24_P228149	KRT13	4.446388346625
A_21_P0011633	KRT14	4.02386391408333
A_23_P27133	KRT15	5.95813809120833
A_23_P38537	KRT16	4.03921116825
A_32_P62963	KRT16P2	4.020640868
A_21_P0011637	KRT16P3	3.83647770229167
A_23_P96158	KRT17	4.48028626654167
A_32_P151544	KRT18	7.56258133908333
A_23_P373708	KRT18P55	7.31322726075
A_23_P66798	KRT19	9.872458183375
A_33_P3846653	KRT19P2	6.17898511520833
A_23_P66854	KRT20	4.03808071854167
A_23_P425925	KRT222	4.99415863091667
A_23_P78248	KRT23	4.06340091183333
A_23_P4387	KRT24	4.87503609595833
A_23_P15786	KRT25	5.471040336625
A_33_P3306307	KRT26	4.42754589583333
A_32_P489662	KRT28	4.155088688625
A_33_P3287611	KRT3	6.913893811875
A_23_P107465	KRT31	6.69440385558333
A_23_P89601	KRT32	4.63704454220833
A_33_P3296687	KRT33A	5.571813163
A_23_P89665	KRT33B	7.324569357875
A_23_P101054	KRT34	4.37342646091667
A_23_P78201	KRT35	3.96226732316667
A_23_P55400	KRT36	4.11867572529167
A_23_P118854	KRT37	3.69500106629167
A_23_P100991	KRT38	NA
A_33_P3268234	KRT39	5.19264652358333
A_23_P2674	KRT4	4.77988988129167
A_24_P280333	KRT40	5.59561372329167
A_33_P3857239	KRT42P	4.64991925575
A_23_P76249	KRT6B	4.46995733929167
A_23_P366936	KRT6C	4.0439080495
A_33_P3350748	KRT7	8.93009613558333
A_23_P99044	KRT71	4.78509600929167
A_21_P0000016	KRT72	3.540195784875
A_33_P3315303	KRT73	8.03136921229167
A_33_P3315284	KRT74	4.28512360095833
A_23_P64854	KRT75	3.63569666991667
A_23_P61498	KRT76	4.31380086504167
A_33_P3315288	KRT77	3.70062707316667
A_33_P3315268	KRT78	6.9513269435
A_33_P3315263	KRT79	4.55082847495833
A_24_P67395	KRT8	6.89034242608333
A_24_P331704	KRT80	4.32798253533333
A_33_P3273534	KRT81	10.4016130529167
A_33_P3273552	KRT83	5.05582709995833
A_23_P204144	KRT85	5.19526428754167
A_23_P363769	KRT86	5.73755729729167
A_33_P3772937	KRT8P12	7.58783925104167
A_33_P3605269	KRT8P41	4.22209777508333
A_23_P15734	KRT9	5.1259588735
A_23_P141624	KRTAP1-1	3.698915325375
A_33_P3213006	KRTAP1-3	10.4911902778333
A_33_P3254579	KRTAP1-5	4.41956382425
A_33_P3293798	KRTAP10-1	9.06219563125
A_24_P134789	KRTAP10-10	7.07056504516667
A_33_P3288574	KRTAP10-11	3.96755361158333
A_33_P3397520	KRTAP10-12	6.9048820145
A_33_P3256282	KRTAP10-2	5.255561299375
A_33_P3293785	KRTAP10-3	5.29715727808333
A_33_P3334877	KRTAP10-4	4.20894671670833
A_33_P3256272	KRTAP10-5	4.99866877975
A_33_P3293768	KRTAP10-6	4.798307067375
A_33_P3293763	KRTAP10-7	3.84498254708333
A_33_P3293760	KRTAP10-8	5.896365572125
A_33_P3293753	KRTAP10-9	6.16144484316667
A_32_P481377	KRTAP11-1	4.00262527083333
A_24_P66312	KRTAP12-1	4.48074238258333
A_33_P3354404	KRTAP12-2	6.14365445208333
A_33_P3354394	KRTAP12-4	3.527677075625
A_24_P383019	KRTAP13-1	4.14845092070833
A_24_P314534	KRTAP13-2	4.217264303625
A_24_P246107	KRTAP13-4	4.14430953008333
A_24_P367242	KRTAP19-1	4.799440148375
A_33_P3311267	KRTAP19-2	5.731164021625
A_33_P3311258	KRTAP19-4	3.939178629875
A_33_P3340666	KRTAP19-5	4.948279201375
A_33_P3311245	KRTAP19-7	4.58274273320833
A_33_P3340649	KRTAP19-8	5.98557518508333
A_24_P76854	KRTAP2-1	6.36324698175
A_33_P3286196	KRTAP2-2	3.83880255175
A_23_P153022	KRTAP2-4	8.66759928670833
A_33_P3317937	KRTAP20-1	6.11800854079167
A_33_P3351092	KRTAP20-2	5.60543207120833
A_33_P3317928	KRTAP20-3	4.20079894216667
A_33_P3317925	KRTAP20-4	4.43693108066667
A_33_P3251421	KRTAP21-1	5.23540506904167
A_33_P3388061	KRTAP21-2	4.18497605604167
A_33_P3407672	KRTAP22-1	4.10872493516667
A_33_P3247473	KRTAP23-1	4.68914898583333
A_33_P3306619	KRTAP25-1	3.81869553495833
A_33_P3295518	KRTAP26-1	3.84258173729167
A_33_P3366376	KRTAP27-1	3.97013610641667
A_23_P107454	KRTAP3-1	5.087011209625
A_23_P101048	KRTAP3-2	5.52122978
A_33_P3411315	KRTAP3-3	6.05219943504167
A_23_P10936	KRTAP4-1	4.046078920375
A_23_P4400	KRTAP4-11	7.77443502920833
A_23_P15798	KRTAP4-12	5.861165700125
A_33_P3312743	KRTAP4-3	4.78485900708333
A_23_P38603	KRTAP4-4	3.895382328375
A_23_P27197	KRTAP4-5	4.23303789766667
A_33_P3256257	KRTAP4-7	4.91516613895833
A_33_P3209615	KRTAP4-8	5.02618038558333
A_33_P3304691	KRTAP5-1	4.3537696855
A_33_P3363310	KRTAP5-10	5.510300460625
A_33_P3307728	KRTAP5-11	5.76608150529167
A_33_P3364373	KRTAP5-2	6.962628994875
A_33_P3405369	KRTAP5-4	7.0298210765
A_33_P3304576	KRTAP5-5	5.65724100070833
A_33_P3266564	KRTAP5-6	4.65765169420833
A_33_P3228709	KRTAP5-7	6.92622589054167
A_33_P3237542	KRTAP5-8	4.01313805791667
A_33_P3271087	KRTAP5-9	4.122236973
A_33_P3364520	KRTAP6-1	5.63866721891667
A_33_P3263664	KRTAP6-2	5.68417601441667
A_24_P391604	KRTAP6-3	6.756998407625
A_24_P400130	KRTAP7-1	3.87672367020833
A_33_P3406806	KRTAP9-1	6.165593427375
A_33_P3358908	KRTAP9-6	7.77671839920833
A_33_P3404123	KRTAP9-7	4.95110599408333
A_23_P311585	KRTAP9-9	3.796389050875
A_23_P149249	KRTCAP2	12.71158843
A_23_P433132	KRTCAP3	4.62200633870833
A_23_P207774	KSR1	5.03077104433333
A_23_P389465	KSR2	3.73470356204167
A_23_P103276	KTI12	5.84523884666667
A_33_P3348639	KTN1	11.9077896879167
A_33_P3267195	KU-MEL-3	7.04911908295833
A_33_P3412493	KY	3.94007770820833
A_24_P11506	KYNU	4.53119867716667
A_33_P3374443	L1CAM	8.72858733370833
A_23_P137484	L1TD1	4.69014989629167
A_23_P106158	L2HGDH	8.92326315541667
A_23_P210445	L3MBTL1	7.292028798875
A_23_P80353	L3MBTL2	7.223517019375
A_23_P311885	L3MBTL3	7.82823720829167
A_23_P326474	L3MBTL4	3.92961633179167
A_23_P374322	LACC1	4.56811221170833
A_32_P37360	LACE1	6.444209904125
A_23_P64825	LACRT	4.38720811658333
A_24_P53051	LACTB	7.16769300129167
A_23_P252711	LACTB2	6.279963711625
A_33_P3347482	LACTBL1	5.00046616329167
A_33_P3303810	LAD1	3.97060782983333
A_23_P116942	LAG3	8.25452067129167
A_23_P73763	LAGE3	11.5465151970833
A_33_P3253394	LAIR1	4.42768256325
A_23_P209129	LAIR2	4.12982767233333
A_23_P116765	LALBA	NA
A_32_P313405	LAMA1	5.05374930308333
A_23_P70719	LAMA2	5.88620416
A_23_P89780	LAMA3	4.45646914758333
A_33_P3391596	LAMA4	5.10033393204167
A_23_P109269	LAMA5	11.19606300625
A_23_P94030	LAMB1	7.06394028345833
A_33_P3338116	LAMB2	9.15458162745833
A_33_P3413815	LAMB2P1	7.18465475658333
A_33_P3338121	LAMB3	4.14233421675
A_23_P334328	LAMB4	3.97855634470833
A_23_P201628	LAMC1	8.47279237383333
A_23_P160968	LAMC2	5.14242334470833
A_33_P3277527	LAMC3	4.621628364
A_23_P162846	LAMP1	13.4255197758333
A_24_P396231	LAMP2	8.81965915058333
A_23_P2114	LAMTOR1	9.57893266004167
A_33_P3246068	LAMTOR2	11.49766731875
A_33_P3251480	LAMTOR3	7.75682013675
A_24_P259922	LANCL1	11.2945780129167
A_24_P286569	LANCL2	5.06410330066667
A_33_P3391375	LANCL3	7.29381570129167
A_23_P18604	LAP3	8.48700436383333
A_23_P90659	LAPTM4A	12.58426931
A_24_P180680	LAPTM4B	11.09230881875
A_23_P86283	LAPTM5	4.411289468625
A_23_P91697	LARGE	9.76316640920833
A_23_P156319	LARP1	13.5273350545833
A_23_P7253	LARP1B	7.34153783204167
A_33_P3456341	LARP4	8.32517441179167
A_33_P3382730	LARP4B	8.78787811045833
A_23_P117782	LARP6	9.2206427405
A_23_P84070	LARP7	10.1374112545833
A_33_P3531828	LARS	9.63561804229167
A_23_P212397	LARS2	8.59115334979167
A_23_P256021	LAS1L	11.36695232875
A_23_P89187	LASP1	10.7212553225
A_23_P44112	LAT	7.98401331316667
A_23_P259621	LAT2	8.12327958633333
A_33_P3233764	LATS1	5.69357433329167
A_24_P70002	LATS2	8.70810194158333
A_23_P438	LAX1	3.60456473691667
A_23_P127565	LAYN	4.04935223683333
A_23_P120227	LBH	6.946611929875
A_23_P143178	LBP	4.15598381804167
A_23_P200493	LBR	11.9411905333333
A_23_P86493	LBX1	13.9037345633333
A_33_P3392517	LBX2	4.20790455454167
A_23_P418083	LCA5	8.1971331465
A_32_P48466	LCA5L	4.58618118904167
A_23_P218237	LCAT	4.85118800925
A_23_P404685	LCE1A	8.83663207845833
A_33_P3356816	LCE1B	4.6800644175
A_33_P3356821	LCE1C	6.18632195179167
A_23_P375524	LCE1D	12.1689918145833
A_33_P3356811	LCE1E	5.79267050395833
A_33_P3302125	LCE2A	4.09450383641667
A_24_P207828	LCE2B	3.52747492791667
A_23_P63521	LCE2C	3.81810505054167
A_33_P3236568	LCE2D	4.2066031495
A_23_P369471	LCE3A	4.51694836208333
A_23_P324538	LCE3B	4.56788407279167
A_23_P405295	LCE3C	4.08391957320833
A_23_P115519	LCE3D	4.46754466658333
A_33_P3264179	LCE3E	5.11449601329167
A_33_P3226109	LCE4A	4.536692015
A_33_P3403018	LCE5A	3.94980280529167
A_33_P3365072	LCE6A	4.7334639275
A_23_P103361	LCK	3.93800328420833
A_24_P66337	LCLAT1	6.49395923866667
A_23_P112825	LCMT1	11.57814660375
A_23_P106505	LCMT2	8.85205657545833
A_33_P3248539	LCN1	4.03943957925
A_33_P3263955	LCN10	3.61870492445833
A_23_P32115	LCN12	4.05780144745833
A_33_P3263938	LCN15	8.13406942416667
A_23_P169437	LCN2	3.637378264875
A_23_P83184	LCN6	4.33208813608333
A_33_P3368083	LCN8	4.23457837408333
A_33_P3423931	LCN9	5.20784941966667
A_33_P3390557	LCNL1	4.31278514425
A_21_P0000079	LCOR	11.1619576941667
A_32_P54242	LCORL	6.10603886783333
A_23_P204847	LCP1	6.64004197479167
A_23_P30547	LCP2	3.74350903154167
A_23_P79217	LCT	4.406384016625
A_33_P3357678	LCTL	6.53784639870833
A_23_P97892	LDB1	8.722744560875
A_23_P125253	LDB2	5.65626596204167
A_32_P98227	LDB3	6.00110198541667
A_23_P47565	LDHA	10.8429945270833
A_33_P3236441	LDHAL6A	7.744227508125
A_23_P53476	LDHB	13.5029975716667
A_23_P53039	LDHC	4.82879177125
A_23_P54918	LDHD	5.88438637179167
A_24_P117029	LDLR	11.928280015
A_24_P491397	LDLRAD1	4.17092415141667
A_33_P3260125	LDLRAD2	3.98366562425
A_24_P391574	LDLRAD3	6.16079348441667
A_32_P216548	LDLRAP1	3.63969907983333
A_33_P3215113	LDOC1	11.4540924329167
A_24_P96474	LDOC1L	11.1817357054167
A_33_P3341259	LEAP2	5.76835778308333
A_23_P25587	LECT1	4.90310071720833
A_23_P110777	LECT2	3.76409562691667
A_24_P20630	LEF1	9.68048843529167
A_23_P160336	LEFTY1	6.12302625095833
A_23_P137573	LEFTY2	3.53465460104167
A_33_P3299565	LEKR1	3.67907619295833
A_23_P51311	LELP1	3.985746687
A_24_P696761	LEMD1	8.64165813933333
A_24_P305960	LEMD2	10.7464994533333
A_33_P3382709	LEMD3	8.02032148025
A_23_P353679	LENEP	3.824126350625
A_23_P208523	LENG1	6.605184672625
A_23_P56288	LENG8	6.03803592391667
A_33_P3338724	LENG9	6.735363766875
A_33_P3270109	LEO1	9.26030320191667
A_24_P397817	LEP	4.63299620970833
A_24_P231104	LEPR	7.629391391875
A_23_P63038	LEPRE1	7.27199041216667
A_23_P69179	LEPREL1	6.28341191491667
A_33_P3507542	LEPREL2	11.4870300729167
A_33_P3257030	LEPREL4	10.2369944865417
A_33_P3214785	LEPROT	6.56349565670833
A_23_P215931	LEPROTL1	10.9393256645833
A_23_P94998	LETM1	8.25342085175
A_23_P348264	LETM2	5.71876527483333
A_23_P117037	LETMD1	10.685422045
A_24_P796321	LEUTX	3.854338240125
A_23_P434518	LFNG	7.05774304333333
A_23_P166459	LGALS1	8.832282583
A_23_P139198	LGALS12	5.44065115829167
A_23_P5031	LGALS13	3.7140273445
A_23_P153662	LGALS14	3.88953902604167
A_24_P164664	LGALS16	3.70409027108333
A_21_P0000647	LGALS17A	4.01777795266667
A_23_P128919	LGALS3	7.673388699625
A_23_P15357	LGALS3BP	9.53399013108333
A_23_P254917	LGALS4	5.12878773866667
A_24_P238250	LGALS7	5.69874414825
A_33_P3349883	LGALS8	3.41833428191667
A_21_P0000628	LGALS8-AS1	4.10890270525
A_21_P0011535	LGALS9	4.896916090875
A_32_P452655	LGALS9C	7.04447163016667
A_23_P210330	LGALSL	11.2039801359167
A_23_P127267	LGI1	7.85496261941667
A_33_P3393655	LGI2	8.093289187125
A_23_P21086	LGI3	8.46346062716667
A_24_P310256	LGI4	9.2363733105
A_23_P25994	LGMN	7.93602552125
A_24_P90216	LGR4	9.40874914025
A_23_P98974	LGR5	4.145627803375
A_23_P23839	LGR6	8.23035922875
A_23_P93169	LGSN	4.701144729375
A_23_P218505	LHB	7.36254401979167
A_23_P102286	LHCGR	3.900005409875
A_23_P88069	LHFP	12.7248110779167
A_33_P3220137	LHFPL1	4.30697363154167
A_23_P255104	LHFPL2	7.24264179579167
A_33_P3290011	LHFPL3	4.29683527241667
A_32_P94	LHFPL4	10.7187530577083
A_32_P494620	LHFPL5	6.71018869966667
A_24_P355493	LHPP	8.225043163625
A_33_P3409854	LHX1	7.33144724525
A_23_P32165	LHX2	12.62027482875
A_33_P3223678	LHX3	8.33429476666667
A_23_P23869	LHX4	3.93540498483333
A_23_P32175	LHX6	5.076657161875
A_33_P3339246	LHX8	4.25830052958333
A_23_P327562	LHX9	11.0634474729167
A_23_P254081	LIAS	8.32074627191667
A_24_P122137	LIF	4.26983203275
A_24_P397386	LIFR	8.80149512070833
A_23_P39116	LIG1	9.42809567504167
A_23_P501134	LIG3	6.20314866566667
A_24_P348989	LILRA1	6.28546350570833
A_23_P142205	LILRA2	3.90494486058333
A_23_P79094	LILRA3	4.16902936404167
A_23_P90497	LILRA4	5.16457597408333
A_24_P370172	LILRA5	4.38948466816667
A_23_P208493	LILRB2	4.67776095941667
A_32_P70158	LILRB3	7.35664478283333
A_24_P65722	LILRB4	4.348108762875
A_23_P4773	LILRB5	5.10403944370833
A_33_P3408938	LILRP2	4.07402519008333
A_23_P130435	LIM2	4.52779938929167
A_23_P151267	LIMA1	9.25885525804167
A_32_P117354	LIMCH1	4.95979592995833
A_33_P3276053	LIMD1	5.80885204104167
A_24_P159635	LIMD2	7.5485721335
A_23_P376088	LIME1	7.06575216170833
A_23_P215461	LIMK1	9.82657921329167
A_23_P211445	LIMK2	9.63184408525
A_23_P210358	LIMS1	7.67865592470833
A_33_P3268181	LIMS2	5.75395895520833
A_21_P0000527	LIMS3-LOC440895	4.31164740070833
A_33_P3262854	LIMS3L	5.620052536125
A_23_P74895	LIN28A	6.188844254
A_33_P3220615	LIN28B	12.5244352233333
A_23_P165186	LIN37	10.4997378075
A_23_P339309	LIN52	6.666049438
A_33_P3851513	LIN54	7.56788647820833
A_23_P99253	LIN7A	8.52972374675
A_23_P164912	LIN7B	10.5240149141667
A_23_P301995	LIN9	6.72409602833333
A_33_P3411392	LINC00028	5.24692395166667
A_23_P165921	LINC00029	6.007278357
A_24_P848091	LINC00032	3.8692039735
A_33_P3397061	LINC00051	3.90221520120833
A_23_P382094	LINC00052	3.61318233508333
A_24_P127564	LINC00085	7.560347979
A_32_P104432	LINC00087	10.0510152632083
A_33_P3394858	LINC00092	4.892019087
A_32_P116058	LINC00094	11.8753763741667
A_21_P0000689	LINC00102	3.78923615679167
A_33_P3554053	LINC00106	8.05368536354167
A_33_P3219835	LINC00111	3.903382019375
A_33_P3398266	LINC00112	5.33327399454167
A_33_P3339006	LINC00113	3.84740625
A_23_P149050	LINC00115	6.608570556
A_32_P761797	LINC00116	3.97588076691667
A_24_P273143	LINC00152	4.93582345241667
A_23_P132057	LINC00158	4.69883292508333
A_21_P0000712	LINC00159	5.0423792985
A_23_P377839	LINC00161	3.99841522529167
A_21_P0010132	LINC00162	4.15339359991667
A_21_P0010137	LINC00163	4.97622181816667
A_24_P359030	LINC00167	3.81964109020833
A_21_P0007502	LINC00173	6.94071458125
A_33_P3403082	LINC00176	7.90693944058333
A_21_P0000615	LINC00184	4.75589797833333
A_32_P111306	LINC00189	3.54209307320833
A_21_P0010863	LINC00202	5.40174117408333
A_24_P276463	LINC00204B	4.51082296716667
A_33_P3219537	LINC00207	4.233481665625
A_21_P0000596	LINC00226	4.136987331875
A_21_P0012360	LINC00229	4.251007921375
A_33_P3308232	LINC00230A	3.7663338595
A_33_P3243113	LINC00235	4.176421819
A_32_P58513	LINC00238	3.70511024191667
A_32_P176911	LINC00239	4.736684771
A_21_P0004866	LINC00240	4.71576040704167
A_33_P3302453	LINC00242	4.80609670583333
A_33_P3297587	LINC00244	NA
A_23_P387585	LINC00246A	7.00779296641667
A_21_P0005848	LINC00251	3.89911752341667
A_21_P0000614	LINC00254	4.30659950108333
A_24_P687326	LINC00256A	4.4491551545
A_32_P99347	LINC00256B	4.45815700045833
A_33_P3210810	LINC00260	7.00917839708333
A_32_P23125	LINC00261	3.79849134783333
A_33_P3323928	LINC00263	7.767039136125
A_21_P0006609	LINC00264	4.29617864141667
A_19_P00809548	LINC00265	7.79729451566667
A_23_P355776	LINC00266-1	4.60040191091667
A_33_P3412980	LINC00272	4.267482628
A_33_P3214229	LINC00277	4.63720863916667
A_33_P3387548	LINC00281	3.99965167941667
A_32_P324933	LINC00282	4.88257512679167
A_33_P3402284	LINC00284	3.94868672541667
A_33_P3226850	LINC00290	3.590745740125
A_33_P3372979	LINC00294	9.72551181404167
A_32_P163805	LINC00301	4.787470976875
A_33_P3548768	LINC00302	4.68166229741667
A_21_P0001612	LINC00303	5.83168576479167
A_23_P401024	LINC00304	3.80343910808333
A_23_P423462	LINC00305	3.582131335375
A_33_P3492042	LINC00307	4.00028711470833
A_33_P3307742	LINC00308	4.18343051475
A_19_P00810529	LINC00310	4.19485682870833
A_23_P318943	LINC00311	4.79459484216667
A_23_P166779	LINC00312	4.68371768133333
A_19_P00319890	LINC00313	4.39839830083333
A_23_P352990	LINC00314	4.16998236483333
A_33_P3452297	LINC00317	5.56124239004167
A_21_P0010183	LINC00320	4.34426463716667
A_33_P3416622	LINC00322	6.181480764
A_23_P362191	LINC00324	6.68421521708333
A_21_P0007908	LINC00327	7.66064186816667
A_19_P00810899	LINC00338	8.09844115095833
A_21_P0010695	LINC00339	6.87386449045833
A_24_P838448	LINC00340	8.576963254375
A_23_P368909	LINC00346	4.50947141925
A_33_P3548190	LINC00347	4.53962536575
A_21_P0011229	LINC00371	3.862109303375
A_33_P3293598	LINC00410	4.39325764845833
A_21_P0000623	LINC00421	5.501195696125
A_21_P0008024	LINC00442	4.59728163
A_21_P0014913	LINC00458	5.52599430295833
A_21_P0000640	LINC00460	3.96264217908333
A_32_P127350	LINC00461	5.46661897058333
A_33_P3770342	LINC00466	3.920836336875
A_23_P1014	LINC00467	8.02737234804167
A_33_P3287073	LINC00469	5.812489112375
A_23_P360542	LINC00470	5.63649855683333
A_32_P377032	LINC00471	5.15454322658333
A_23_P156408	LINC00472	5.108513302875
A_33_P3394272	LINC00473	4.2782040455
A_23_P123704	LINC00474	3.72763997929167
A_33_P3701149	LINC00475	4.24251844308333
A_32_P104518	LINC00476	7.16200951875
A_33_P3239467	LINC00479	3.93815055804167
A_24_P323084	LINC00482	6.20366142795833
A_21_P0011645	LINC00483	3.989162355
A_21_P0007479	LINC00485	4.116419657125
A_21_P0000522	LINC00486	3.96857416970833
A_33_P3374893	LINC00487	5.43468377433333
A_33_P3320301	LINC00493	12.142627585
A_33_P3391275	LINC00494	5.09392793979167
A_33_P3741022	LINC00511	4.241954483
A_19_P00325604	LINCROR	5.39615567091667
A_24_P112941	LINGO1	9.373764931
A_23_P157926	LINGO2	9.62164804545833
A_33_P3302448	LINGO3	5.01205724225
A_33_P3293396	LINGO4	5.026767772375
A_24_P198629	LINS	7.39161634325
A_23_P97860	LIPA	10.0129782720417
A_23_P88559	LIPC	4.27307673425
A_33_P3294986	LIPE	11.0598397108333
A_24_P125469	LIPG	3.92327278125
A_23_P84219	LIPH	5.30673944383333
A_23_P6201	LIPI	3.98637482404167
A_33_P3262510	LIPK	3.758413833375
A_33_P3401422	LIPM	4.30753929945833
A_33_P3323939	LIPN	4.50719107391667
A_23_P501805	LIPT1	6.9091488505
A_23_P24922	LIPT2	6.44132230479167
A_23_P3532	LITAF	7.20386967279167
A_32_P116606	LIX1	6.45168394766667
A_23_P342744	LIX1L	8.0873005785
A_33_P3372094	LLGL1	3.930057067375
A_24_P307869	LLGL2	5.9371011295
A_21_P0013970	LLPH	8.24903109120833
A_24_P159702	LMAN1	4.43307099495833
A_23_P140630	LMAN1L	5.9512082705
A_24_P9285	LMAN2	11.0312070345833
A_23_P142708	LMAN2L	9.576307202625
A_33_P3343996	LMBR1	6.96662977658333
A_23_P150931	LMBR1L	10.4466356875
A_33_P3359115	LMBRD1	10.9096383125
A_23_P327698	LMBRD2	5.63832699183333
A_23_P6771	LMCD1	6.81921888104167
A_24_P18917	LMF1	8.101684568375
A_33_P3367642	LMF2	9.35053809095833
A_23_P170959	LMLN	4.41180754641667
A_33_P3311285	LMNA	9.97064323179167
A_23_P258493	LMNB1	8.73844500879167
A_23_P67725	LMNB2	6.20801338858333
A_23_P87310	LMO1	9.07091211195833
A_23_P53126	LMO2	7.484390869
A_24_P381441	LMO3	8.70393562991667
A_33_P3298425	LMO4	9.22846793120833
A_33_P3280801	LMO7	5.10488631041667
A_33_P3295261	LMOD1	4.46043217425
A_24_P249253	LMOD2	5.41767162808333
A_33_P3295253	LMOD3	5.125839654625
A_33_P3266923	LMTK2	6.25448662254167
A_33_P3266928	LMTK3	10.13755505675
A_33_P3350658	LMX1A	3.95289595116667
A_33_P3350643	LMX1B	5.72701601441667
A_33_P3215739	LNP1	8.08870181333333
A_23_P144677	LNPEP	8.86397466908333
A_23_P213137	LNX1	4.75351712470833
A_23_P402287	LNX2	8.056304708625
A_23_P306479	LOC100009676	5.23912434183333
A_32_P132396	LOC100125556	4.420633405125
A_19_P00319155	LOC100126447	4.54390994433333
A_33_P3745020	LOC100126584	4.157137087875
A_33_P3262083	LOC100126784	4.25307522520833
A_33_P3381235	LOC100127888	5.84228860075
A_24_P683011	LOC100127983	6.13602450633333
A_21_P0000068	LOC100128071	9.975696498125
A_33_P3340224	LOC100128081	5.32574705720833
A_21_P0000643	LOC100128098	3.81928605070833
A_21_P0014798	LOC100128108	6.6651545295
A_33_P3355408	LOC100128126	6.28303921233333
A_33_P3322874	LOC100128131	5.33753186041667
A_21_P0009695	LOC100128139	4.71435127183333
A_33_P3412320	LOC100128164	4.20227979566667
A_33_P3335975	LOC100128176	4.13289671254167
A_33_P3210363	LOC100128191	4.75376430366667
A_32_P115438	LOC100128239	6.31483203166667
A_33_P3330079	LOC100128242	4.32880238291667
A_33_P3259973	LOC100128252	9.71396956966667
A_33_P3404686	LOC100128262	4.25848429041667
A_33_P3375279	LOC100128264	3.84837913545833
A_24_P256415	LOC100128288	8.059891877125
A_33_P3287710	LOC100128292	6.58944671545833
A_32_P93996	LOC100128361	6.15852666495833
A_33_P3392366	LOC100128366	8.19284781904167
A_24_P135427	LOC100128398	8.579273926
A_21_P0006573	LOC100128420	3.751882470125
A_23_P361604	LOC100128496	3.92373872420833
A_32_P103614	LOC100128511	5.21504358004167
A_33_P3389332	LOC100128531	6.31446566058333
A_33_P3218135	LOC100128554	4.159789311125
A_33_P3276748	LOC100128573	3.87979824775
A_21_P0000806	LOC100128590	4.14643191670833
A_33_P3264072	LOC100128593	4.34592124558333
A_33_P3244478	LOC100128640	5.754778068875
A_33_P3307887	LOC100128653	4.087476425875
A_33_P3244574	LOC100128675	4.39534241745833
A_24_P494943	LOC100128682	4.09399525775
A_33_P3403643	LOC100128703	5.78294145558333
A_33_P3229863	LOC100128714	6.01094788095833
A_32_P100430	LOC100128737	8.06349264808333
A_33_P3300067	LOC100128787	3.9703806095
A_33_P3324755	LOC100128788	5.39691831075
A_33_P3277953	LOC100128811	5.31088021154167
A_32_P6172	LOC100128822	10.579680935
A_33_P3375259	LOC100128830	3.96850224816667
A_33_P3294372	LOC100128881	5.54073664591667
A_33_P3384502	LOC100128946	5.049368885
A_33_P3335735	LOC100128977	4.92276326545833
A_21_P0014398	LOC100128988	3.863298178625
A_24_P935829	LOC100128993	3.78296702820833
A_21_P0014400	LOC100128997	7.637688921625
A_33_P3375688	LOC100129027	4.283961663125
A_32_P91042	LOC100129034	6.15200365945833
A_21_P0010822	LOC100129055	4.018223763875
A_33_P3212500	LOC100129060	4.28558686758333
A_21_P0000589	LOC100129083	4.24693456770833
A_33_P3372600	LOC100129119	4.70038267766667
A_33_P3302210	LOC100129129	7.05291077295833
A_24_P280833	LOC100129138	6.95355063304167
A_33_P3331021	LOC100129148	3.92396006795833
A_33_P3272442	LOC100129195	6.41539725625
A_24_P401830	LOC100129196	5.65502736354167
A_21_P0014651	LOC100129203	5.56795045691667
A_33_P3345952	LOC100129213	5.29312955695833
A_33_P3255531	LOC100129216	5.50818530445833
A_33_P3232702	LOC100129223	4.08600511366667
A_24_P136641	LOC100129250	6.27966038995833
A_33_P3399768	LOC100129269	5.66627154620833
A_33_P3333777	LOC100129387	8.14717058070833
A_32_P42537	LOC100129407	3.86665402995833
A_33_P3283038	LOC100129427	3.724931476375
A_19_P00801867	LOC100129434	5.085583227625
A_21_P0000128	LOC100129480	5.029471974
A_32_P110655	LOC100129515	3.867143842875
A_32_P214284	LOC100129516	4.87995052379167
A_33_P3388486	LOC100129518	6.14210098091667
A_33_P3271395	LOC100129534	7.920956793625
A_33_P3413098	LOC100129550	9.18835459033333
A_33_P3343516	LOC100129617	5.27407472191667
A_33_P3383292	LOC100129620	4.19394085166667
A_33_P3382296	LOC100129662	5.90261423525
A_33_P3409580	LOC100129722	9.16522273654167
A_23_P348911	LOC100129726	5.30019215858333
A_21_P0014319	LOC100129781	4.99120551608333
A_32_P84454	LOC100129794	6.49549603858333
A_21_P0000835	LOC100129845	4.18887219520833
A_24_P145019	LOC100129858	6.91450424504167
A_24_P110291	LOC100129917	7.33667793316667
A_33_P3401247	LOC100129924	3.77572270741667
A_33_P3277883	LOC100129931	4.03706126091667
A_23_P165042	LOC100129935	3.93485385175
A_33_P3245679	LOC100129940	4.450261016375
A_33_P3328051	LOC100129961	4.90623932475
A_24_P497318	LOC100129973	3.86832673220833
A_33_P3297030	LOC100129974	5.945401296875
A_33_P3276100	LOC100130015	5.87799960116667
A_33_P3282683	LOC100130027	5.27619463654167
A_21_P0014919	LOC100130148	5.51900766841667
A_33_P3351606	LOC100130155	7.33651955995833
A_33_P3374025	LOC100130197	3.749613144
A_33_P3337959	LOC100130236	3.32695628454167
A_19_P00803351	LOC100130238	8.43786090008333
A_33_P3405038	LOC100130264	5.16578047616667
A_21_P0000613	LOC100130275	4.34857886120833
A_33_P3366175	LOC100130298	5.08550752833333
A_33_P3315982	LOC100130342	3.77280547379167
A_33_P3211327	LOC100130348	4.75907658583333
A_33_P3655646	LOC100130354	4.42280266258333
A_24_P359067	LOC100130357	6.18021898970833
A_33_P3228892	LOC100130370	4.13044856304167
A_33_P3343962	LOC100130373	4.60213936325
A_33_P3390843	LOC100130386	3.995629512125
A_33_P3325606	LOC100130451	5.28926469279167
A_33_P3363859	LOC100130452	4.12590663075
A_33_P3365352	LOC100130476	4.77311841758333
A_33_P3258767	LOC100130480	4.303015185
A_33_P3314974	LOC100130522	5.52888304616667
A_33_P3258146	LOC100130539	4.82603694970833
A_33_P3404671	LOC100130557	7.50630704525
A_21_P0011591	LOC100130581	4.32968649675
A_33_P3303016	LOC100130587	5.14923914254167
A_33_P3380071	LOC100130673	5.05534470820833
A_19_P00315584	LOC100130691	7.160693190875
A_32_P222460	LOC100130700	4.50375607508333
A_33_P3383065	LOC100130705	4.135045681625
A_33_P3327300	LOC100130713	6.08404791933333
A_24_P298495	LOC100130744	5.20505250958333
A_24_P417935	LOC100130776	4.91187268295833
A_33_P3315699	LOC100130778	3.68648239458333
A_33_P3283271	LOC100130849	4.81408659970833
A_21_P0000632	LOC100130855	5.67111563066667
A_33_P3416124	LOC100130872	4.92862547354167
A_33_P3340752	LOC100130887	3.85043987941667
A_19_P00322495	LOC100130890	7.36900478016667
A_33_P3355926	LOC100130894	4.77315446975
A_24_P400832	LOC100130950	6.12010177025
A_21_P0005984	LOC100130954	3.976562259625
A_33_P3281171	LOC100130987	4.32426927733333
A_33_P3325384	LOC100130992	4.21952483775
A_21_P0000786	LOC100131047	4.18149843275
A_33_P3239579	LOC100131060	4.58186489408333
A_24_P618401	LOC100131067	5.31024283275
A_33_P3356361	LOC100131089	5.56693254029167
A_33_P3347040	LOC100131094	8.47109717291667
A_24_P857624	LOC100131096	4.88738585729167
A_33_P3363480	LOC100131107	4.25159118325
A_32_P211248	LOC100131138	5.34201645966667
A_21_P0000622	LOC100131176	4.505643261375
A_33_P3318267	LOC100131193	5.373465698875
A_33_P3399748	LOC100131231	6.92762092816667
A_33_P3390342	LOC100131257	4.90083942670833
A_33_P3549091	LOC100131347	5.385838208875
A_33_P3254751	LOC100131355	7.61178295116667
A_21_P0008269	LOC100131366	4.43238598266667
A_33_P3282733	LOC100131395	4.054720643625
A_33_P3274754	LOC100131434	4.39722479758333
A_33_P3306654	LOC100131551	6.73246642791667
A_21_P0001550	LOC100131564	6.42856989033333
A_33_P3288694	LOC100131607	7.79058400016667
A_33_P3251940	LOC100131608	4.076472635625
A_24_P367496	LOC100131650	4.33318055720833
A_33_P3257020	LOC100131691	3.586508268
A_32_P56249	LOC100131733	4.41257900570833
A_33_P3297883	LOC100131796	4.13087583108333
A_33_P3359953	LOC100131825	3.91897684604167
A_33_P3234048	LOC100131878	5.3658536265
A_33_P3355933	LOC100131894	5.37848528554167
A_33_P3384322	LOC100132006	8.27201668416667
A_32_P515431	LOC100132057	6.71257061658333
A_33_P3330826	LOC100132077	5.52824445595833
A_33_P3278764	LOC100132078	4.29968293408333
A_33_P3369441	LOC100132111	4.07469760995833
A_33_P3244073	LOC100132146	3.705066677125
A_21_P0013967	LOC100132174	4.28581705770833
A_33_P3258127	LOC100132188	4.26779047754167
A_33_P3394853	LOC100132215	4.058758895625
A_33_P3346635	LOC100132244	8.74010659054167
A_24_P167877	LOC100132247	14.16100417375
A_33_P3386508	LOC100132273	6.79051525733333
A_21_P0010793	LOC100132287	4.59032686083333
A_21_P0013584	LOC100132352	6.676581624375
A_19_P00315543	LOC100132354	4.52059227920833
A_19_P00321166	LOC100132356	5.4958471305
A_21_P0013919	LOC100132439	6.753901833125
A_33_P3377346	LOC100132526	4.386979864875
A_33_P3386237	LOC100132529	4.880514090375
A_21_P0000793	LOC100132618	4.117219408375
A_33_P3212769	LOC100132686	3.919291008875
A_33_P3231076	LOC100132707	4.15799428670833
A_33_P3420426	LOC100132724	5.44094861345833
A_32_P489	LOC100132735	3.929424688625
A_33_P3357097	LOC100132741	6.09090525845833
A_33_P3334384	LOC100132774	4.92955785470833
A_33_P3283552	LOC100132781	3.709727557375
A_21_P0014396	LOC100132815	9.613580155125
A_32_P41496	LOC100132831	6.93252511275
A_32_P92281	LOC100132832	6.61001130654167
A_33_P3386686	LOC100132874	6.91850707025
A_33_P3286151	LOC100132891	4.08333277541667
A_33_P3281181	LOC100132987	3.81418064716667
A_32_P39003	LOC100133050	10.40026093625
A_33_P3408844	LOC100133091	6.71129684108333
A_33_P3375506	LOC100133123	3.93382711666667
A_33_P3250343	LOC100133161	12.00786359
A_33_P3347320	LOC100133190	4.37633570058333
A_33_P3235117	LOC100133286	6.045024336125
A_33_P3880078	LOC100133308	3.89931938695833
A_33_P3272957	LOC100133311	3.86831543395833
A_32_P437876	LOC100133315	4.51577685716667
A_33_P3398074	LOC100133319	4.62372530416667
A_24_P586390	LOC100133331	7.29249267833333
A_33_P3255459	LOC100133461	3.99867401420833
A_21_P0010510	LOC100133612	4.61661045925
A_33_P3251492	LOC100133669	4.61041220658333
A_33_P3216272	LOC100133920	3.861207650875
A_33_P3422654	LOC100133985	6.8052645525
A_33_P3231858	LOC100133991	5.78753484095833
A_21_P0000783	LOC100134015	3.78715478591667
A_32_P54503	LOC100134229	5.30937352158333
A_21_P0001773	LOC100134259	5.64543645504167
A_33_P3240972	LOC100134285	6.237143849875
A_21_P0000582	LOC100134317	5.15055989283333
A_33_P3408057	LOC100134368	4.23319774979167
A_21_P0014355	LOC100134391	6.19953590108333
A_33_P3412548	LOC100134423	3.79746392083333
A_32_P93328	LOC100134713	6.50158460045833
A_33_P3337719	LOC100134868	9.06348107970833
A_33_P3580037	LOC100144597	4.38970915579167
A_33_P3709327	LOC100144602	9.85050969270833
A_33_P3394489	LOC100144603	7.47976935925
A_21_P0008782	LOC100144604	5.39206828333333
A_33_P3897698	LOC100147773	5.61296739345833
A_21_P0012944	LOC100170939	9.91859599791667
A_33_P3222788	LOC100188947	5.922585617
A_24_P772436	LOC100189589	3.68307590883333
A_24_P255233	LOC100190938	3.745818232
A_21_P0008060	LOC100190939	9.439920771375
A_33_P3287399	LOC100190940	4.560982013625
A_24_P693321	LOC100190986	7.31336879704167
A_32_P114003	LOC100192378	4.60328222525
A_19_P00321941	LOC100216001	4.077740875125
A_21_P0005521	LOC100216545	6.71035417291667
A_19_P00320028	LOC100216546	7.65024689125
A_24_P306443	LOC100233156	4.776685879
A_33_P3392123	LOC100233209	8.04801018025
A_32_P99032	LOC100240734	5.79430753104167
A_33_P3391387	LOC100268168	4.91258849625
A_21_P0009835	LOC100270679	4.61843057016667
A_33_P3631022	LOC100270680	3.68685428608333
A_32_P232035	LOC100270746	8.83317695754167
A_21_P0010084	LOC100270804	7.2963838355
A_21_P0010454	LOC100271722	5.06591911
A_33_P3442301	LOC100271836	3.73198814925
A_21_P0000539	LOC100286793	3.88801786179167
A_21_P0000540	LOC100286844	4.37307047304167
A_21_P0000685	LOC100286922	3.76183525508333
A_33_P3279851	LOC100286979	4.45544826983333
A_21_P0000701	LOC100287010	4.01886741279167
A_21_P0000187	LOC100287036	4.49808876145833
A_21_P0014365	LOC100287082	5.22278399775
A_21_P0000177	LOC100287177	5.77709006379167
A_21_P0000575	LOC100287216	3.92163514395833
A_19_P00321726	LOC100287225	4.47138124158333
A_21_P0007829	LOC100287314	5.69817127945833
A_21_P0004602	LOC100287366	3.81930925408333
A_21_P0014103	LOC100287375	6.04372757791667
A_21_P0013271	LOC100287482	8.42493128170833
A_21_P0013947	LOC100287526	5.02123929429167
A_21_P0014530	LOC100287558	4.49982348329167
A_21_P0000902	LOC100287559	3.68345684525
A_21_P0014147	LOC100287592	5.02234957920833
A_21_P0000897	LOC100287616	6.61069301991667
A_19_P00805833	LOC100287628	7.62376396116667
A_21_P0000683	LOC100287632	4.59828252483333
A_33_P3545095	LOC100287704	4.12069355370833
A_21_P0000033	LOC100287718	7.987578999125
A_21_P0014435	LOC100287728	5.076865476375
A_19_P00321284	LOC100287765	5.66108505970833
A_33_P3270332	LOC100287792	3.99602747383333
A_21_P0014691	LOC100287808	5.65213464204167
A_21_P0000627	LOC100287814	3.4849574215
A_21_P0000675	LOC100287846	4.45854216654167
A_33_P3233459	LOC100287879	5.312997691375
A_21_P0000905	LOC100287944	3.79766692929167
A_21_P0012877	LOC100288069	6.07675082029167
A_21_P0000782	LOC100288077	4.00680463704167
A_21_P0000886	LOC100288122	4.66063255975
A_21_P0000639	LOC100288123	5.49825682233333
A_21_P0014727	LOC100288198	4.58420293604167
A_21_P0000635	LOC100288346	6.96039266458333
A_21_P0013946	LOC100288368	4.18640609491667
A_33_P3650491	LOC100288428	4.43892121008333
A_21_P0000856	LOC100288432	3.85756297708333
A_33_P3280320	LOC100288524	3.60406046033333
A_33_P3317553	LOC100288615	7.64489901316667
A_21_P0000739	LOC100288637	5.05146411045833
A_21_P0000626	LOC100288748	4.21147422770833
A_21_P0000122	LOC100288814	4.27882757695833
A_21_P0014846	LOC100288831	4.20112732929167
A_21_P0014352	LOC100288866	4.01647465070833
A_21_P0002658	LOC100288911	11.9015688970833
A_21_P0006396	LOC100289019	9.0085392725
A_21_P0014321	LOC100289092	8.90992052504167
A_32_P491499	LOC100289094	4.27961402275
A_21_P0013653	LOC100289097	6.82988834154167
A_21_P0014228	LOC100289137	5.033551618125
A_33_P3232937	LOC100289178	4.48062451375
A_21_P0013399	LOC100289187	5.56550544641667
A_21_P0000795	LOC100289211	4.835434033
A_21_P0000657	LOC100289230	6.46681599995833
A_21_P0009298	LOC100289255	3.90060073616667
A_33_P3642036	LOC100289333	5.108183813625
A_24_P333567	LOC100289341	6.93196900583333
A_21_P0000625	LOC100289361	5.55798340970833
A_21_P0014649	LOC100289388	4.631683404
A_21_P0000674	LOC100289473	5.34460802291667
A_21_P0013047	LOC100289495	9.09890846879167
A_33_P3412658	LOC100289509	4.62644952991667
A_21_P0000577	LOC100289511	5.014343986125
A_21_P0014337	LOC100289580	5.28436535079167
A_33_P3520738	LOC100289650	4.47393068516667
A_19_P00320927	LOC100292680	4.59954308070833
A_33_P3291891	LOC100292905	5.77080404566667
A_21_P0000157	LOC100293516	5.48386563391667
A_19_P00318154	LOC100293612	4.099990013875
A_19_P00321878	LOC100294145	5.30978799441667
A_21_P0000576	LOC100294362	4.79085521579167
A_21_P0000550	LOC100302401	4.23001126891667
A_21_P0000558	LOC100302650	4.42647136
A_21_P0000569	LOC100303749	4.03084850479167
A_21_P0000572	LOC100306951	10.424081485
A_24_P340941	LOC100306975	4.36865475033333
A_33_P3334826	LOC100335030	4.21656112070833
A_21_P0013148	LOC100422737	4.86436223933333
A_21_P0000621	LOC100498859	4.374169769875
A_19_P00803960	LOC100499177	6.427621777625
A_33_P3278205	LOC100499183	4.2065257645
A_19_P00803441	LOC100499194	5.98979494045833
A_19_P00812554	LOC100499227	5.664929150125
A_21_P0011550	LOC100499466	8.12621385291667
A_21_P0009412	LOC100499467	4.92788659575
A_33_P3362409	LOC100499484	4.56490157975
A_21_P0000660	LOC100499489	7.74811147633333
A_21_P0000667	LOC100500773	4.00026012245833
A_21_P0007459	LOC100500938	4.23794320470833
A_19_P00803850	LOC100505474	4.66512717245833
A_21_P0014520	LOC100505475	4.37369285320833
A_21_P0000144	LOC100505478	4.93796590725
A_21_P0014073	LOC100505481	7.895557135625
A_21_P0000841	LOC100505483	9.86988183670833
A_21_P0014397	LOC100505490	7.99082167520833
A_19_P00320718	LOC100505495	4.96983219670833
A_21_P0014177	LOC100505500	3.826600314875
A_21_P0014222	LOC100505501	3.92589908441667
A_21_P0009829	LOC100505515	4.049047971125
A_21_P0014914	LOC100505518	3.78971849683333
A_21_P0014448	LOC100505525	3.954812570125
A_21_P0014289	LOC100505533	4.94194053795833
A_21_P0000890	LOC100505536	3.71742921270833
A_21_P0000767	LOC100505540	4.102130632625
A_21_P0000768	LOC100505545	3.82857112904167
A_21_P0003303	LOC100505547	5.76227783516667
A_21_P0000185	LOC100505549	4.23257203308333
A_21_P0014672	LOC100505554	6.49620384070833
A_21_P0014129	LOC100505566	4.07634727645833
A_21_P0009147	LOC100505576	4.97026730879167
A_21_P0014363	LOC100505577	5.403340028875
A_21_P0006670	LOC100505601	4.66048841154167
A_21_P0002810	LOC100505609	4.49339823854167
A_21_P0014623	LOC100505616	7.830516303625
A_21_P0008883	LOC100505619	3.71076578883333
A_21_P0000798	LOC100505624	3.879206939
A_21_P0004360	LOC100505625	5.93997658666667
A_19_P00321259	LOC100505633	4.30605477058333
A_33_P3220753	LOC100505635	3.773803143125
A_21_P0014562	LOC100505636	3.97856188233333
A_21_P0014935	LOC100505641	11.57686244625
A_21_P0014761	LOC100505644	4.05342850179167
A_21_P0011372	LOC100505648	8.33462394570833
A_21_P0000770	LOC100505658	3.96443060633333
A_21_P0012123	LOC100505663	3.65959207575
A_21_P0009949	LOC100505664	4.28629020154167
A_21_P0014077	LOC100505666	7.13412512879167
A_21_P0000183	LOC100505676	3.900227510625
A_21_P0000900	LOC100505678	4.89460655104167
A_21_P0013887	LOC100505679	7.91477839908333
A_21_P0000809	LOC100505681	4.50786398329167
A_21_P0009891	LOC100505683	4.45733136404167
A_19_P00316187	LOC100505687	8.96975673191667
A_21_P0014327	LOC100505692	5.8341765045
A_19_P00321907	LOC100505702	4.43945267808333
A_21_P0000771	LOC100505715	4.24492217308333
A_21_P0000761	LOC100505716	4.55237857066667
A_21_P0014729	LOC100505717	6.88740480791667
A_21_P0005854	LOC100505718	3.905359768875
A_33_P3384835	LOC100505719	4.9444050905
A_21_P0014399	LOC100505725	4.36423229083333
A_21_P0014162	LOC100505730	5.02049967916667
A_21_P0014471	LOC100505736	5.69466269329167
A_19_P00805523	LOC100505738	7.421180386625
A_21_P0014145	LOC100505750	3.81360572270833
A_21_P0014224	LOC100505760	8.61040090295833
A_21_P0000764	LOC100505768	4.79579411658333
A_21_P0000765	LOC100505776	5.45250608191667
A_21_P0000903	LOC100505782	3.59486744120833
A_21_P0000772	LOC100505783	6.12740336175
A_21_P0014329	LOC100505792	9.28640512445833
A_21_P0000713	LOC100505795	3.73247811370833
A_21_P0000774	LOC100505826	4.87699211454167
A_21_P0000887	LOC100505835	3.80623266479167
A_21_P0000846	LOC100505839	3.79275861783333
A_21_P0012952	LOC100505841	4.49488549475
A_21_P0011733	LOC100505851	4.30928266404167
A_21_P0009428	LOC100505853	4.35995197245833
A_19_P00318883	LOC100505854	8.07457313308333
A_21_P0014595	LOC100505856	5.06673845720833
A_21_P0006788	LOC100505869	5.984648287375
A_21_P0014665	LOC100505874	8.00355206183333
A_21_P0012596	LOC100505875	6.78349768183333
A_33_P3241489	LOC100505876	5.24780612466667
A_32_P4626	LOC100505880	4.369960417125
A_33_P3805819	LOC100505890	3.66535165579167
A_21_P0000876	LOC100505894	6.33253137083333
A_21_P0014346	LOC100505899	4.40561537370833
A_21_P0013050	LOC100505903	4.87862530179167
A_21_P0014182	LOC100505904	4.53557925025
A_21_P0000697	LOC100505912	6.45638581620833
A_21_P0001189	LOC100505918	4.17202772920833
A_21_P0014183	LOC100505921	5.00855315066667
A_33_P3310961	LOC100505933	7.03705460483333
A_21_P0014331	LOC100505942	5.21441657004167
A_21_P0014401	LOC100505944	4.38133102945833
A_21_P0001994	LOC100505964	4.98682760366667
A_21_P0000875	LOC100505967	6.52870207295833
A_21_P0010211	LOC100505974	5.46049402366667
A_21_P0014497	LOC100505976	4.28586135066667
A_21_P0000836	LOC100505978	5.704148484
A_21_P0014599	LOC100506007	5.10219267479167
A_21_P0014633	LOC100506011	5.48048352891667
A_21_P0000166	LOC100506012	5.26556869891667
A_21_P0000813	LOC100506013	4.15656026416667
A_21_P0014561	LOC100506016	4.11855696466667
A_21_P0010259	LOC100506021	3.70032691654167
A_21_P0010662	LOC100506023	5.22890265520833
A_21_P0000848	LOC100506025	3.892867967125
A_21_P0000888	LOC100506033	5.3592750815
A_21_P0009847	LOC100506034	4.11028882145833
A_19_P00318404	LOC100506035	5.97543149570833
A_33_P3358621	LOC100506036	5.4957387835
A_21_P0000680	LOC100506046	5.86341513833333
A_19_P00320407	LOC100506047	4.67693932441667
A_21_P0000872	LOC100506050	3.28810843291667
A_21_P0000799	LOC100506054	7.37192820816667
A_21_P0000889	LOC100506068	4.36915826620833
A_21_P0014511	LOC100506070	5.211175712875
A_21_P0000777	LOC100506071	4.07048632020833
A_21_P0014522	LOC100506090	5.18609588458333
A_21_P0014548	LOC100506092	4.09026113875
A_21_P0013371	LOC100506098	5.016780238625
A_21_P0003534	LOC100506107	3.70177158420833
A_21_P0014648	LOC100506113	3.92586788833333
A_21_P0014371	LOC100506114	5.06042590254167
A_21_P0014404	LOC100506115	4.3827139085
A_19_P00322442	LOC100506119	5.93860996304167
A_21_P0000815	LOC100506122	4.257160986875
A_21_P0011934	LOC100506123	10.122239954
A_21_P0014934	LOC100506124	7.74892402854167
A_21_P0000861	LOC100506134	5.059033223625
A_21_P0007688	LOC100506159	5.59233714683333
A_21_P0001066	LOC100506161	7.23971004108333
A_21_P0014372	LOC100506174	4.57855249845833
A_21_P0014406	LOC100506175	3.50630098545833
A_19_P00316371	LOC100506178	4.246053350375
A_21_P0004611	LOC100506188	4.36214729033333
A_19_P00322934	LOC100506190	7.38358938029167
A_21_P0000849	LOC100506195	3.82001636220833
A_21_P0000859	LOC100506207	4.59100182233333
A_21_P0007250	LOC100506233	7.37168243629167
A_21_P0002212	LOC100506235	5.8127847275
A_21_P0005598	LOC100506236	3.88581015441667
A_24_P639665	LOC100506247	5.81961712054167
A_21_P0014349	LOC100506252	4.24654382404167
A_32_P218025	LOC100506253	3.82011869508333
A_21_P0014271	LOC100506258	3.82542969070833
A_21_P0001779	LOC100506286	4.77663893279167
A_21_P0014187	LOC100506289	4.44073225545833
A_21_P0014295	LOC100506294	7.46986790945833
A_21_P0014350	LOC100506295	9.04535452304167
A_21_P0014439	LOC100506297	3.873529135375
A_21_P0014085	LOC100506299	4.16819024366667
A_21_P0003114	LOC100506301	5.67137742291667
A_21_P0014175	LOC100506302	6.66856678058333
A_19_P00321872	LOC100506305	6.65347617095833
A_33_P3340055	LOC100506310	4.181840557625
A_21_P0000838	LOC100506314	4.036543582
A_21_P0002954	LOC100506319	4.05037012995833
A_21_P0014351	LOC100506325	6.08797953941667
A_19_P00317277	LOC100506328	3.9898230945
A_21_P0010308	LOC100506334	4.99619870133333
A_21_P0000850	LOC100506343	4.59951054183333
A_19_P00800264	LOC100506365	7.496961765
A_21_P0000831	LOC100506368	6.28265472041667
A_19_P00322259	LOC100506374	4.25522711970833
A_21_P0014408	LOC100506384	4.93148020720833
A_21_P0000825	LOC100506385	3.75971487933333
A_33_P3324695	LOC100506393	4.50565922775
A_21_P0008125	LOC100506394	4.919290184375
A_21_P0014342	LOC100506397	3.66292320166667
A_19_P00321858	LOC100506403	4.13474355716667
A_21_P0014087	LOC100506405	4.305166352125
A_21_P0003985	LOC100506406	4.654559078125
A_21_P0000853	LOC100506409	4.512949705875
A_19_P00807053	LOC100506411	8.22223543816667
A_21_P0014554	LOC100506412	5.22142842270833
A_21_P0014196	LOC100506413	3.51178580491667
A_19_P00813087	LOC100506421	8.68074162133333
A_33_P3258607	LOC100506422	3.13607859354167
A_21_P0014526	LOC100506430	3.65684471195833
A_21_P0000877	LOC100506433	5.86264229808333
A_21_P0014088	LOC100506439	4.82682443095833
A_21_P0014555	LOC100506446	3.951791338875
A_21_P0000728	LOC100506451	5.70142502379167
A_21_P0014284	LOC100506452	4.22234898895833
A_21_P0000711	LOC100506462	5.59321141025
A_21_P0007497	LOC100506465	6.80349606016667
A_21_P0000784	LOC100506469	5.93979979154167
A_21_P0009986	LOC100506470	4.659234595125
A_21_P0014426	LOC100506472	6.68932353179167
A_21_P0008517	LOC100506476	5.98377460070833
A_21_P0000854	LOC100506497	4.25433292945833
A_21_P0014207	LOC100506507	4.407979069125
A_19_P00318561	LOC100506516	4.5904628145
A_21_P0014274	LOC100506518	7.564081855125
A_21_P0014334	LOC100506521	5.97048155454167
A_21_P0006239	LOC100506532	5.060245291125
A_21_P0000779	LOC100506540	5.11688028295833
A_21_P0008986	LOC100506542	3.927868500625
A_21_P0000684	LOC100506548	11.68273847
A_21_P0014409	LOC100506553	5.55081801658333
A_21_P0012019	LOC100506563	3.88597539075
A_21_P0014721	LOC100506564	4.30585374554167
A_21_P0000855	LOC100506585	4.11583614683333
A_21_P0013745	LOC100506599	3.98481083783333
A_21_P0014233	LOC100506605	4.607546452875
A_21_P0014277	LOC100506606	4.04128028325
A_21_P0007907	LOC100506622	4.00459875166667
A_33_P3261877	LOC100506639	6.45928555016667
A_21_P0014362	LOC100506643	4.41084050166667
A_19_P00321571	LOC100506647	3.88370458783333
A_21_P0000840	LOC100506649	5.5369914655
A_33_P3339187	LOC100506650	4.30252092525
A_21_P0000878	LOC100506655	4.212158071
A_21_P0014534	LOC100506659	5.724509272375
A_21_P0000842	LOC100506660	6.31570363958333
A_19_P00320986	LOC100506661	6.86483825954167
A_21_P0014428	LOC100506662	8.37880426941667
A_21_P0000820	LOC100506668	4.744456069125
A_33_P3258712	LOC100506676	10.26019369025
A_21_P0014168	LOC100506681	5.40928867004167
A_21_P0000893	LOC100506686	4.597023095625
A_21_P0003933	LOC100506688	3.80658980729167
A_21_P0014816	LOC100506694	6.617713237375
A_21_P0014111	LOC100506708	3.86913845391667
A_33_P3574055	LOC100506710	7.88908509370833
A_33_P3309110	LOC100506713	6.40914873120833
A_19_P00316333	LOC100506714	6.14666683616667
A_33_P3242578	LOC100506731	6.28198552633333
A_21_P0014150	LOC100506740	3.96794205758333
A_21_P0006516	LOC100506757	4.976577667
A_21_P0014112	LOC100506765	4.19444838941667
A_21_P0014558	LOC100506767	5.42914335716667
A_21_P0006760	LOC100506769	3.8432377275
A_21_P0014067	LOC100506775	4.885655744
A_21_P0014536	LOC100506777	4.410820503125
A_21_P0014637	LOC100506778	5.21548440629167
A_21_P0000792	LOC100506779	6.99411931925
A_21_P0000804	LOC100506783	3.9715383075
A_21_P0012882	LOC100506791	4.50154032616667
A_21_P0010791	LOC100506795	4.16970480866667
A_21_P0001940	LOC100506798	3.64989316983333
A_21_P0000790	LOC100506801	3.7822326485
A_21_P0014847	LOC100506802	7.75639243725
A_19_P00809894	LOC100506804	4.57747679879167
A_19_P00316324	LOC100506810	6.296737990375
A_21_P0003361	LOC100506827	4.57491456683333
A_21_P0014089	LOC100506831	8.46578337666667
A_21_P0006865	LOC100506835	3.97088727758333
A_21_P0000744	LOC100506844	9.67423101208333
A_21_P0014151	LOC100506851	4.22566282025
A_19_P00316937	LOC100506854	4.43356497895833
A_21_P0014144	LOC100506858	4.26381904983333
A_21_P0013974	LOC100506859	4.12271012804167
A_19_P00316341	LOC100506860	4.93775210858333
A_21_P0014737	LOC100506861	3.689669800375
A_33_P3398000	LOC100506866	5.68617357083333
A_21_P0005037	LOC100506867	4.60993601783333
A_21_P0011026	LOC100506870	6.977331253125
A_33_P3244895	LOC100506871	7.238602581625
A_21_P0011340	LOC100506874	5.16806989175
A_21_P0014202	LOC100506881	5.34343885375
A_21_P0014170	LOC100506885	4.46046880991667
A_21_P0014090	LOC100506892	6.10079695204167
A_21_P0014434	LOC100506901	6.50498857033333
A_21_P0014322	LOC100506914	5.33245729479167
A_21_P0011849	LOC100506922	7.540699575125
A_19_P00319160	LOC100506924	4.98806722654167
A_21_P0014153	LOC100506926	4.06920489258333
A_21_P0001763	LOC100506929	3.84271687433333
A_21_P0011742	LOC100506930	9.07163605208333
A_21_P0014171	LOC100506935	8.164057865125
A_21_P0014682	LOC100506942	4.534556374125
A_21_P0014606	LOC100506950	5.357361607125
A_21_P0000748	LOC100506963	7.65246619708333
A_21_P0005924	LOC100506990	7.43368588516667
A_21_P0000749	LOC100506994	5.62091139229167
A_21_P0009265	LOC100507002	7.57520552995833
A_33_P3345051	LOC100507003	9.8577947705
A_21_P0011804	LOC100507006	5.47145536954167
A_33_P3285195	LOC100507012	3.87661591595833
A_19_P00326532	LOC100507018	7.876954328375
A_21_P0014306	LOC100507047	8.053041830375
A_21_P0014354	LOC100507049	4.1417523955
A_33_P3423220	LOC100507050	5.45660077483333
A_21_P0000700	LOC100507053	5.58398625458333
A_21_P0011106	LOC100507055	5.65843825554167
A_21_P0005628	LOC100507056	3.9598991495
A_21_P0014587	LOC100507058	4.76848304633333
A_21_P0000751	LOC100507062	5.62944026
A_21_P0000752	LOC100507064	4.208569746125
A_21_P0014678	LOC100507065	4.38847346833333
A_21_P0014278	LOC100507066	3.81467333675
A_21_P0014639	LOC100507071	3.98999083066667
A_21_P0000753	LOC100507086	4.90974537216667
A_21_P0000754	LOC100507091	7.52777274033333
A_21_P0014387	LOC100507094	6.21021564716667
A_21_P0000123	LOC100507096	3.43658015966667
A_21_P0014390	LOC100507111	4.65981784866667
A_21_P0014501	LOC100507114	4.50904807975
A_21_P0014299	LOC100507118	3.99684359404167
A_19_P00322339	LOC100507127	4.068264544375
A_21_P0014261	LOC100507128	7.79488805391667
A_21_P0000763	LOC100507156	3.86263699208333
A_21_P0000755	LOC100507173	6.02118994666667
A_21_P0014218	LOC100507186	4.79753568570833
A_21_P0014641	LOC100507190	4.43894168929167
A_19_P00808285	LOC100507194	10.49772660725
A_21_P0014580	LOC100507195	5.08997136654167
A_21_P0014464	LOC100507201	3.68000328758333
A_24_P463929	LOC100507203	3.495243192
A_32_P213965	LOC100507205	4.742955792875
A_21_P0011110	LOC100507206	3.94506020220833
A_21_P0000679	LOC100507217	7.7390737585
A_21_P0000882	LOC100507218	3.86624021875
A_21_P0014119	LOC100507239	5.88730103920833
A_21_P0000868	LOC100507240	4.13275292454167
A_21_P0014173	LOC100507241	4.89404893679167
A_33_P3233956	LOC100507244	5.409445503625
A_21_P0000714	LOC100507246	11.67800977
A_21_P0000843	LOC100507250	4.46008870670833
A_19_P00322605	LOC100507254	5.02759037141667
A_21_P0010972	LOC100507261	4.15714397670833
A_21_P0000702	LOC100507266	5.342325355125
A_21_P0014120	LOC100507291	8.35160411983333
A_21_P0014585	LOC100507297	4.8465729195
A_21_P0000874	LOC100507299	4.36000473316667
A_21_P0000832	LOC100507300	4.20767862504167
A_21_P0014312	LOC100507303	11.65997306
A_21_P0014466	LOC100507307	3.88460186595833
A_21_P0005917	LOC100507316	7.11094767525
A_19_P00324399	LOC100507317	7.09850439266667
A_21_P0000778	LOC100507331	6.99867910775
A_21_P0014619	LOC100507333	5.739633862125
A_21_P0011840	LOC100507334	4.20415290808333
A_21_P0014724	LOC100507336	4.33494402408333
A_21_P0000170	LOC100507341	5.04109859758333
A_21_P0000860	LOC100507346	4.76210459558333
A_21_P0014248	LOC100507347	5.998624522
A_21_P0009150	LOC100507351	5.98245240008333
A_21_P0001777	LOC100507360	6.40595016658333
A_33_P3653271	LOC100507362	3.63469037691667
A_21_P0014379	LOC100507372	8.67611869879167
A_21_P0014393	LOC100507373	4.01142607954167
A_21_P0000757	LOC100507377	3.853861200875
A_21_P0012873	LOC100507387	4.14834571370833
A_21_P0000811	LOC100507389	3.82007003854167
A_21_P0012522	LOC100507391	3.93799260395833
A_21_P0000833	LOC100507392	3.84393654758333
A_21_P0014662	LOC100507395	8.54949321425
A_21_P0014503	LOC100507398	7.27360867429167
A_21_P0000834	LOC100507401	5.18415780925
A_21_P0013840	LOC100507404	4.126197537625
A_21_P0004778	LOC100507406	4.16464382454167
A_33_P3354374	LOC100507410	5.16924174058333
A_21_P0000852	LOC100507412	9.61030293070833
A_21_P0000789	LOC100507423	4.49883359783333
A_21_P0014889	LOC100507431	4.34890971683333
A_21_P0000737	LOC100507433	8.179595772125
A_21_P0014544	LOC100507437	8.409198519375
A_21_P0000805	LOC100507443	4.03648866745833
A_21_P0014496	LOC100507448	7.97257851958333
A_21_P0014410	LOC100507459	4.437151530875
A_21_P0014124	LOC100507461	6.004758825
A_21_P0005830	LOC100507464	5.27852361391667
A_33_P3305805	LOC100507465	3.93578528541667
A_21_P0000738	LOC100507466	7.28275618
A_21_P0005314	LOC100507468	5.273462996625
A_21_P0014797	LOC100507472	4.364842390375
A_21_P0014098	LOC100507475	5.77743161604167
A_21_P0014290	LOC100507480	4.33313264770833
A_21_P0013159	LOC100507489	3.8505583175
A_21_P0000891	LOC100507495	6.64025672625
A_21_P0009120	LOC100507501	6.009528451125
A_33_P3373446	LOC100507505	6.09483561429167
A_21_P0014778	LOC100507516	4.399931633625
A_21_P0014653	LOC100507521	3.67806201845833
A_21_P0014251	LOC100507531	3.95225022441667
A_21_P0008882	LOC100507534	5.54858327025
A_21_P0014597	LOC100507539	3.93220489729167
A_21_P0013591	LOC100507540	4.6678443345
A_33_P3230594	LOC100507547	6.82242408141667
A_21_P0014890	LOC100507548	3.97088638195833
A_21_P0014099	LOC100507554	5.827755523875
A_21_P0014282	LOC100507560	4.154279443125
A_21_P0014726	LOC100507563	6.13267402516667
A_21_P0000851	LOC100507564	5.78715553916667
A_21_P0014286	LOC100507566	4.01823002775
A_21_P0000732	LOC100507567	7.8438851455
A_21_P0014592	LOC100507575	7.021595384375
A_21_P0000706	LOC100507582	4.295525136875
A_21_P0000865	LOC100507584	6.68594662583333
A_21_P0000126	LOC100507588	6.49697524375
A_21_P0000837	LOC100507589	3.985553017875
A_21_P0014593	LOC100507596	4.06892700908333
A_21_P0014432	LOC100507599	8.39186806979167
A_21_P0014493	LOC100507602	8.269415624375
A_21_P0007844	LOC100507616	4.39752170470833
A_21_P0014494	LOC100507619	9.59682563566667
A_21_P0012135	LOC100507629	4.44367678441667
A_21_P0005835	LOC100507632	3.73458534025
A_21_P0006781	LOC100507633	5.92073587970833
A_33_P3870906	LOC100507634	4.63377859645833
A_33_P3589819	LOC100507637	4.91722624591667
A_21_P0005202	LOC100507642	5.03945656425
A_21_P0014618	LOC100507653	6.23884549729167
A_21_P0014482	LOC100507660	6.06780125058333
A_21_P0014072	LOC100507670	4.80734320533333
A_21_P0014655	LOC100507675	4.14767635254167
A_33_P3283400	LOC100507747	9.58444382433333
A_21_P0014683	LOC100507759	4.728111279375
A_21_P0014711	LOC100507948	8.96655716220833
A_21_P0014868	LOC100508046	4.97609624141667
A_21_P0014699	LOC100508118	8.88265924033333
A_21_P0004819	LOC100508120	5.06897215720833
A_32_P79492	LOC100508233	6.287651890625
A_33_P3326447	LOC100508384	5.545088257125
A_21_P0014720	LOC100508631	4.19195595370833
A_19_P00317471	LOC100509196	5.81608468204167
A_21_P0014697	LOC100509315	4.13714018983333
A_21_P0014676	LOC100509541	5.66858913395833
A_21_P0013997	LOC100509620	3.78844100091667
A_21_P0014712	LOC100509621	4.46413719129167
A_33_P3313597	LOC100509861	4.334277753875
A_21_P0000760	LOC100526771	8.22918158820833
A_21_P0000682	LOC100527964	8.73318435870833
A_21_P0000723	LOC100616530	4.119880675375
A_32_P101570	LOC100616668	6.80732443258333
A_21_P0000776	LOC100628307	5.16447444833333
A_21_P0000847	LOC100630918	7.18247214425
A_21_P0009821	LOC100652730	4.556374868625
A_21_P0014018	LOC100652736	5.74412965091667
A_21_P0014860	LOC100652739	5.66533253929167
A_19_P00810474	LOC100652741	9.62856268975
A_21_P0014795	LOC100652749	4.82311992483333
A_33_P3409261	LOC100652758	5.43412382466667
A_21_P0014887	LOC100652768	4.274339562625
A_21_P0014019	LOC100652769	4.40947603033333
A_21_P0014813	LOC100652770	4.628825836875
A_21_P0014001	LOC100652772	7.48903950354167
A_33_P3334155	LOC100652791	5.60570098283333
A_21_P0014004	LOC100652802	4.96713368854167
A_21_P0012911	LOC100652810	4.580644589375
A_21_P0014010	LOC100652820	4.6058903805
A_33_P3307945	LOC100652824	4.21548315816667
A_33_P3414207	LOC100652838	5.87262813466667
A_21_P0014825	LOC100652854	4.96064402804167
A_33_P3350858	LOC100652857	4.46847364325
A_21_P0014014	LOC100652883	4.40498771754167
A_21_P0009650	LOC100652911	5.49134510391667
A_21_P0014747	LOC100652915	5.41720928733333
A_21_P0014830	LOC100652925	5.76790767429167
A_21_P0014832	LOC100652931	4.07955464075
A_21_P0014015	LOC100652963	9.6796681935
A_19_P00808473	LOC100652997	3.38570928445833
A_21_P0014768	LOC100653016	7.008487482875
A_24_P349207	LOC100653058	5.672952868875
A_21_P0014944	LOC100653206	5.74926135075
A_21_P0014942	LOC100653233	3.84738670958333
A_21_P0014035	LOC100653234	4.24193763816667
A_21_P0014918	LOC100653257	9.42270597075
A_24_P169896	LOC100653515	5.20776986295833
A_32_P52330	LOC113230	6.9193404275
A_33_P3242820	LOC115110	4.67226050645833
A_33_P3301884	LOC116437	4.64084099333333
A_33_P3332329	LOC120824	3.93785521154167
A_33_P3353864	LOC143666	7.09272442533333
A_19_P00807670	LOC144481	5.90937007625
A_33_P3374997	LOC144486	6.98681024208333
A_33_P3280950	LOC144571	7.24020847558333
A_33_P3382714	LOC144742	3.89366472783333
A_33_P3255587	LOC144817	4.59995671783333
A_33_P3210443	LOC145216	4.89019150216667
A_19_P00315493	LOC145474	4.764851808875
A_33_P3387110	LOC145783	4.81351310191667
A_21_P0008684	LOC145820	5.27631963783333
A_21_P0008647	LOC145837	4.80482492045833
A_33_P3339436	LOC145845	4.94291724366667
A_33_P3494109	LOC146795	6.10432083204167
A_24_P202329	LOC146880	4.70881063108333
A_33_P3885084	LOC147004	4.3399877975
A_33_P3395859	LOC147646	4.79228891929167
A_33_P3221034	LOC147670	9.23348912483333
A_33_P3601163	LOC147727	10.5564432970833
A_33_P3216433	LOC147804	7.73281873358333
A_33_P3665749	LOC148145	3.99947043783333
A_19_P00322711	LOC148189	8.26059524408333
A_24_P781757	LOC148413	8.59109072341667
A_19_P00318375	LOC148696	4.58463937804167
A_24_P84880	LOC148709	7.28666559075
A_33_P3397348	LOC149134	5.39567238954167
A_21_P0012152	LOC149773	4.49535438229167
A_33_P3304678	LOC149837	3.44281316479167
A_33_P3290235	LOC149950	6.811473187
A_33_P3264349	LOC150185	4.11696100816667
A_23_P342024	LOC150197	3.738692397
A_21_P0002568	LOC150622	3.8544208395
A_33_P3228609	LOC151009	6.915828974875
A_33_P3759737	LOC151171	4.00694290079167
A_33_P3216664	LOC151174	6.15671217204167
A_32_P200608	LOC151300	3.8513166585
A_33_P3889862	LOC151475	4.95496303720833
A_21_P0001977	LOC151484	5.1974791985
A_23_P319640	LOC151534	7.53936905770833
A_21_P0003155	LOC151658	4.01916380083333
A_33_P3255001	LOC152024	4.29148188179167
A_23_P6708	LOC152217	11.9346835741667
A_33_P3679221	LOC152578	4.19711490541667
A_32_P66756	LOC152586	3.92532802454167
A_33_P3323760	LOC153684	4.83246446825
A_33_P3539684	LOC153910	3.99835025191667
A_21_P0005276	LOC154822	4.856995291
A_33_P3217009	LOC154860	6.07441453579167
A_33_P3241056	LOC154872	3.59352632291667
A_23_P254442	LOC155060	7.64581234733333
A_21_P0013469	LOC157273	4.36627663245833
A_33_P3793707	LOC157381	4.37649973329167
A_32_P81676	LOC157627	8.15759745841667
A_33_P3424132	LOC158376	3.874367030375
A_33_P3776564	LOC158434	4.310105954625
A_21_P0006186	LOC158435	5.76602323475
A_32_P155826	LOC158572	4.27103854133333
A_23_P360268	LOC158696	4.82207176429167
A_33_P3718352	LOC170425	3.89741292629167
A_33_P3220872	LOC1720	4.00332116766667
A_33_P3229815	LOC200261	4.767386197125
A_24_P783008	LOC200726	4.766461981625
A_21_P0001768	LOC200772	3.89248743895833
A_33_P3511777	LOC201477	4.29945519475
A_21_P0012507	LOC201651	4.31915171058333
A_19_P00321230	LOC202181	7.15640964333333
A_21_P0005447	LOC202781	6.66118033804167
A_33_P3286352	LOC219347	4.50585786641667
A_33_P3680789	LOC219731	4.09587997733333
A_33_P3374718	LOC220906	4.53628815633333
A_24_P303420	LOC221442	5.08143248191667
A_33_P3503408	LOC221946	4.62983588641667
A_33_P3464749	LOC253044	4.61013497558333
A_21_P0002700	LOC253573	3.73522933554167
A_33_P3883116	LOC253962	4.50779640191667
A_33_P3613516	LOC254057	5.11962474708333
A_21_P0000839	LOC254100	4.93791418016667
A_21_P0000694	LOC254128	7.199475013375
A_33_P3219596	LOC254559	6.386917047625
A_33_P3865368	LOC254896	6.46369145441667
A_21_P0000633	LOC255130	3.94405755525
A_33_P3315470	LOC255167	5.32245412429167
A_32_P161994	LOC255411	4.085420011125
A_33_P3681776	LOC255512	7.865580244375
A_21_P0010796	LOC255654	4.65389221558333
A_33_P3294583	LOC256880	5.23943446220833
A_21_P0004329	LOC257358	4.227632242125
A_21_P0004503	LOC257396	5.248599177125
A_33_P3645465	LOC282997	6.37877267616667
A_33_P3248231	LOC283028	4.78359382754167
A_19_P00320906	LOC283033	3.960055312625
A_33_P3524912	LOC283038	4.77570602483333
A_19_P00320274	LOC283050	5.29551925570833
A_33_P3843415	LOC283089	5.00794981154167
A_21_P0000653	LOC283104	4.1497280775
A_21_P0011007	LOC283116	4.12141918325
A_19_P00320101	LOC283174	10.80021447375
A_33_P3690224	LOC283214	3.93289344283333
A_21_P0000672	LOC283299	3.85372196008333
A_33_P3278654	LOC283332	4.11895905825
A_33_P3870056	LOC283335	6.65855723791667
A_33_P3531979	LOC283352	4.75384975020833
A_33_P3311493	LOC283392	8.182150983875
A_33_P3606692	LOC283404	4.46255105908333
A_33_P3556154	LOC283435	3.900586721
A_33_P3274832	LOC283440	4.44933579883333
A_33_P3687198	LOC283454	10.432120126875
A_32_P79483	LOC283481	6.18885788958333
A_33_P3679936	LOC283483	4.19854019270833
A_33_P3708763	LOC283501	3.78056867445833
A_21_P0011267	LOC283547	5.33200128508333
A_33_P3242923	LOC283553	4.1104483335
A_33_P3815064	LOC283575	5.93873293625
A_33_P3386062	LOC283585	5.26938989458333
A_33_P3305203	LOC283588	7.37034721995833
A_21_P0008290	LOC283624	8.929495344
A_32_P8813	LOC283663	7.571851435875
A_21_P0011348	LOC283683	8.25151084504167
A_21_P0000606	LOC283688	4.24321994033333
A_33_P3572454	LOC283692	3.808527347875
A_33_P3297946	LOC283693	5.28414239704167
A_21_P0000518	LOC283731	8.6395765925
A_33_P3851346	LOC283761	4.54818466579167
A_32_P80089	LOC283788	8.66724061041667
A_21_P0009099	LOC283854	4.337195285
A_21_P0011486	LOC283856	4.82324372683333
A_21_P0008897	LOC283867	4.13714512495833
A_33_P3677061	LOC283887	6.30337299108333
A_33_P3677020	LOC283888	6.16680851125
A_21_P0000519	LOC283914	4.21220207970833
A_33_P3246438	LOC283922	5.12157730891667
A_33_P3269864	LOC284009	4.15015506554167
A_33_P3235761	LOC284023	4.78821117270833
A_33_P3477521	LOC284080	3.77927693695833
A_21_P0009317	LOC284100	3.94360668020833
A_33_P3492087	LOC284191	5.65634873733333
A_21_P0009509	LOC284240	4.60337618333333
A_33_P3533325	LOC284244	9.76232942533333
A_33_P3239332	LOC284260	4.47830776066667
A_33_P3706494	LOC284294	3.94830843995833
A_21_P0011783	LOC284379	5.20768868604167
A_21_P0000186	LOC284385	6.516213773125
A_21_P0011738	LOC284395	4.19776461795833
A_21_P0000885	LOC284408	7.804572915125
A_32_P232808	LOC284412	4.00222823133333
A_33_P3251640	LOC284440	5.21915861629167
A_33_P3461633	LOC284454	8.24092164808333
A_21_P0000964	LOC284551	4.28535243729167
A_33_P3469673	LOC284576	4.48943440504167
A_33_P3578394	LOC284578	3.83360080066667
A_33_P3503937	LOC284581	10.4668329431667
A_33_P3514669	LOC284632	3.88315848958333
A_21_P0001193	LOC284688	4.03810211966667
A_33_P3234472	LOC284751	4.382105441
A_32_P16053	LOC284801	3.92859870516667
A_19_P00328832	LOC284837	4.84269926016667
A_21_P0010334	LOC284865	5.60066521079167
A_33_P3351894	LOC284889	9.93355756533333
A_33_P3436935	LOC284930	3.82552035425
A_33_P3821494	LOC284939	10.7820472758333
A_33_P3791552	LOC284950	3.83578250708333
A_24_P498854	LOC284998	4.29697313866667
A_33_P3579336	LOC285000	3.911629457125
A_33_P3861634	LOC285084	4.76723402004167
A_21_P0002559	LOC285095	5.227729772375
A_32_P197340	LOC285141	4.86785690379167
A_33_P3402545	LOC285205	3.89352755875
A_33_P3718014	LOC285281	3.88837241933333
A_21_P0012541	LOC285286	4.67914178225
A_33_P3765708	LOC285326	3.47288009791667
A_19_P00317431	LOC285375	4.12645739370833
A_19_P00322164	LOC285401	3.92147498445833
A_19_P00322276	LOC285419	5.81785112229167
A_24_P49220	LOC285456	4.38090916683333
A_21_P0012566	LOC285484	3.96219303904167
A_21_P0000709	LOC285540	6.14522382041667
A_33_P3637366	LOC285547	3.76241341395833
A_33_P3411155	LOC285556	7.22249249870833
A_21_P0004551	LOC285577	4.20433162908333
A_21_P0000524	LOC285593	3.87084694129167
A_33_P3525062	LOC285626	4.133329605
A_33_P3718274	LOC285629	4.92481390258333
A_33_P3254141	LOC285696	6.45362691645833
A_33_P3802969	LOC285740	4.6808065085
A_21_P0004773	LOC285758	3.999691625375
A_33_P3773195	LOC285762	4.387573332875
A_33_P3677559	LOC285778	4.50389790425
A_33_P3778618	LOC285796	3.57470072045833
A_21_P0000525	LOC285847	5.493969987625
A_33_P3564487	LOC285878	5.58697081404167
A_21_P0013359	LOC285889	4.58738989916667
A_23_P303978	LOC285943	3.72139211295833
A_33_P3734378	LOC285954	4.09560696541667
A_21_P0005584	LOC285972	4.44299621895833
A_33_P3223417	LOC286002	3.40843124241667
A_33_P3630785	LOC286059	4.28382813933333
A_33_P3832532	LOC286083	4.04450143654167
A_21_P0013541	LOC286094	3.86310180679167
A_33_P3857091	LOC286114	4.36066337233333
A_33_P3267435	LOC286135	3.60516002191667
A_33_P3841368	LOC286161	9.16798624466667
A_21_P0013495	LOC286184	3.611297132
A_33_P3504002	LOC286186	4.60003148075
A_21_P0000822	LOC286189	4.07964537075
A_33_P3877992	LOC286190	3.99544090070833
A_33_P3278490	LOC286238	4.26275274966667
A_24_P365972	LOC286359	3.72371234479167
A_33_P3807593	LOC286437	8.69621646116667
A_33_P3846114	LOC286442	4.32353002079167
A_21_P0013869	LOC286467	4.015907188875
A_21_P0000612	LOC338579	4.21815915979167
A_19_P00316871	LOC338588	3.87528438595833
A_24_P33446	LOC338651	3.98350208291667
A_33_P3556839	LOC338694	4.106042077
A_33_P3311621	LOC338739	4.47041266029167
A_33_P3334923	LOC338758	5.55555171583333
A_33_P3259077	LOC338797	5.168101063125
A_23_P116743	LOC338799	11.0694644595833
A_33_P3887081	LOC338817	4.47756278420833
A_21_P0000879	LOC339166	4.24343266183333
A_33_P3398618	LOC339240	4.8154702825
A_32_P150876	LOC339290	8.77541266166667
A_21_P0009501	LOC339298	4.107257816125
A_21_P0014075	LOC339400	3.76022795991667
A_33_P3617655	LOC339442	4.33291181679167
A_21_P0000929	LOC339505	3.92094137533333
A_21_P0001445	LOC339529	4.54684386633333
A_33_P3348352	LOC339535	3.96584926129167
A_33_P3680462	LOC339539	4.57076982033333
A_21_P0012137	LOC339593	4.85064761983333
A_33_P3663277	LOC339666	4.18319558133333
A_33_P3705339	LOC339685	3.73447869754167
A_33_P3296562	LOC339788	3.931333231625
A_21_P0002054	LOC339803	6.778855491875
A_33_P3512350	LOC339807	5.77259322604167
A_21_P0001782	LOC339822	6.50747587416667
A_33_P3773595	LOC339862	3.94648190375
A_33_P3323979	LOC339874	3.926923030375
A_19_P00318728	LOC339894	3.85132684958333
A_33_P3723580	LOC339975	4.38899177004167
A_33_P3429242	LOC339988	4.6661654795
A_33_P3371209	LOC340017	3.76660320995833
A_33_P3660204	LOC340073	4.77891870075
A_33_P3667419	LOC340107	3.68818116495833
A_33_P3285779	LOC340113	3.88595614208333
A_21_P0005563	LOC340239	4.17048356879167
A_33_P3378895	LOC340357	5.12101041820833
A_24_P753476	LOC340508	5.492466790125
A_21_P0000857	LOC340544	4.77654475075
A_21_P0012521	LOC344887	3.83878298191667
A_33_P3818787	LOC344967	4.75036645091667
A_33_P3340324	LOC345051	4.904838015375
A_33_P3342051	LOC347411	3.9722599535
A_33_P3412838	LOC348120	4.6301101465
A_33_P3726064	LOC348761	4.37622157520833
A_33_P3827035	LOC348840	5.380259887
A_24_P842172	LOC349196	6.20906856570833
A_21_P0011036	LOC374443	6.00280899358333
A_33_P3523501	LOC374890	5.25619089379167
A_33_P3362900	LOC375190	7.26874705729167
A_33_P3720195	LOC375196	4.52462333433333
A_21_P0000620	LOC386597	6.84570047058333
A_21_P0009730	LOC386758	9.5305392885
A_33_P3425296	LOC387646	4.14728532004167
A_33_P3257503	LOC387647	8.03256705625
A_21_P0000642	LOC387723	4.76290726425
A_21_P0007786	LOC387895	4.1768035395
A_23_P398275	LOC388152	10.2967738554583
A_32_P135336	LOC388242	7.58837531591667
A_21_P0009030	LOC388276	4.16502010679167
A_33_P3280841	LOC388387	4.70380498295833
A_33_P3394868	LOC388588	7.10866578954167
A_33_P3217356	LOC388630	4.54057200295833
A_21_P0013925	LOC388692	5.32794784770833
A_33_P3241661	LOC388780	8.08346449133333
A_19_P00322967	LOC388796	10.1797382616667
A_33_P3346067	LOC388813	4.30208832958333
A_33_P3321347	LOC388849	5.94587312429167
A_32_P499005	LOC388882	5.926857285375
A_33_P3664161	LOC388946	4.46588483229167
A_19_P00321953	LOC388948	4.78115916370833
A_32_P86578	LOC389023	7.12266316116667
A_33_P3283601	LOC389033	6.954742933375
A_33_P3265679	LOC389199	5.14605823808333
A_33_P3832872	LOC389247	4.72495485591667
A_33_P3430391	LOC389273	5.727476952125
A_21_P0004140	LOC389300	4.80001045841667
A_33_P3368945	LOC389332	4.08102136408333
A_32_P42964	LOC389493	7.63623589616667
A_33_P3344861	LOC389602	5.38226221791667
A_33_P3365553	LOC389634	5.332739133125
A_21_P0005673	LOC389641	4.34649478983333
A_33_P3295036	LOC389676	4.70778270491667
A_23_P9280	LOC389765	9.214092816375
A_33_P3258581	LOC389791	5.17875380233333
A_32_P202703	LOC389831	7.21287607891667
A_33_P3247540	LOC389834	5.555327105875
A_21_P0013805	LOC389906	8.896764381375
A_33_P3261828	LOC390660	6.52811124533333
A_21_P0011469	LOC390705	4.18402070329167
A_23_P50646	LOC390940	5.51064705841667
A_33_P3379341	LOC391322	5.02711468870833
A_33_P3338491	LOC392196	5.15637960429167
A_33_P3375762	LOC392364	4.44403919583333
A_21_P0006720	LOC399708	3.58942730408333
A_33_P3291619	LOC399715	3.91293142354167
A_33_P3369213	LOC399744	7.381504696625
A_33_P3607359	LOC399815	3.9344610475
A_33_P3283974	LOC399829	4.15891793920833
A_33_P3885807	LOC399875	4.157985785875
A_33_P3289745	LOC399900	5.61382055445833
A_33_P3374970	LOC399939	5.12484640670833
A_24_P661641	LOC400027	8.39496470591667
A_32_P169406	LOC400043	6.513652513875
A_33_P3789069	LOC400084	3.86721144420833
A_33_P3546363	LOC400128	6.57136919241667
A_24_P306720	LOC400236	7.24792121133333
A_21_P0008375	LOC400238	4.12537098170833
A_33_P3605529	LOC400548	7.27351927
A_21_P0009086	LOC400550	4.01069908408333
A_21_P0000812	LOC400604	6.71504730975
A_21_P0000883	LOC400620	3.931178195
A_33_P3587772	LOC400654	3.83661387420833
A_21_P0000644	LOC400655	4.32087648716667
A_19_P00809055	LOC400657	6.699588941875
A_21_P0000677	LOC400680	3.91813445145833
A_33_P3640101	LOC400684	5.09028672158333
A_33_P3640106	LOC400685	3.7488762565
A_33_P3225630	LOC400706	NA
A_33_P3275495	LOC400743	4.94172749633333
A_33_P3239317	LOC400752	7.54407508841667
A_33_P3228132	LOC400891	5.10138057420833
A_33_P3349702	LOC400927	7.769683153875
A_21_P0001816	LOC400940	5.11327880245833
A_33_P3416682	LOC400950	4.972897851375
A_19_P00800206	LOC400958	6.93139913375
A_33_P3609033	LOC401022	3.92565373195833
A_21_P0012380	LOC401074	6.38620351525
A_21_P0002711	LOC401109	4.71491971904167
A_23_P41267	LOC401127	7.05365200741667
A_21_P0003746	LOC401134	3.9581672855
A_21_P0000610	LOC401164	5.74686176616667
A_33_P3367550	LOC401242	3.95563161179167
A_33_P3409238	LOC401286	7.26071503366667
A_19_P00318189	LOC401320	6.85437871370833
A_19_P00808899	LOC401397	9.59458164029167
A_32_P146659	LOC401431	8.99240050708333
A_33_P3342797	LOC401442	4.71071139591667
A_33_P3321007	LOC401463	4.4094122325
A_33_P3462975	LOC401497	4.20037597654167
A_33_P3365392	LOC401557	4.85825526195833
A_33_P3235282	LOC401561	5.47366680970833
A_24_P256654	LOC401588	8.36260836745833
A_33_P3311373	LOC401980	3.856916196125
A_33_P3292230	LOC402160	3.720678229875
A_33_P3693034	LOC402779	3.97592664658333
A_33_P3256760	LOC404266	4.87762927545833
A_32_P150856	LOC407835	11.1599961245833
A_33_P3423330	LOC415056	4.03163545145833
A_24_P940434	LOC439914	6.44668745416667
A_33_P3420941	LOC439950	4.38420507866667
A_33_P3824237	LOC439990	3.95432759408333
A_21_P0000583	LOC439994	11.21420215
A_33_P3833256	LOC440028	4.49166615304167
A_24_P93703	LOC440104	8.93679765058333
A_33_P3854953	LOC440117	4.63416083354167
A_19_P00800316	LOC440131	4.125295519125
A_21_P0008044	LOC440132	4.995663121625
A_33_P3877349	LOC440173	3.99154185291667
A_21_P0000808	LOC440288	7.12364315995833
A_21_P0011336	LOC440300	6.21267704529167
A_24_P229884	LOC440335	4.26226238883333
A_24_P865226	LOC440356	5.738870989
A_33_P3344648	LOC440461	5.5378028235
A_33_P3220020	LOC440518	3.76421590691667
A_33_P3787635	LOC440600	4.26514596641667
A_33_P3559102	LOC440864	5.553219631625
A_33_P3227899	LOC440896	5.03643093495833
A_19_P00317272	LOC440900	4.232462079875
A_21_P0002292	LOC440905	4.73734497370833
A_33_P3688869	LOC440910	4.78929582845833
A_33_P3841819	LOC440944	8.704411858375
A_33_P3671647	LOC441025	3.988089887
A_32_P184168	LOC441052	4.489021974
A_23_P326414	LOC441177	3.93523798229167
A_33_P3346618	LOC441179	6.38124451858333
A_19_P00318694	LOC441204	7.476802589125
A_19_P00802954	LOC441239	4.3196921865
A_32_P122402	LOC441455	8.758115882125
A_32_P177955	LOC441461	6.27696753220833
A_32_P195719	LOC441495	4.6974310265
A_24_P161813	LOC441666	6.27280655254167
A_33_P3343705	LOC442028	6.26039912975
A_33_P3409675	LOC442132	7.41116366095833
A_33_P3344690	LOC442421	4.82677612070833
A_24_P144303	LOC442459	4.1585872215
A_33_P3459345	LOC442497	3.72779894491667
A_21_P0013327	LOC493754	9.98730191116667
A_33_P3479999	LOC494150	15.1511046816667
A_33_P3760937	LOC497256	6.71318495075
A_21_P0000819	LOC503519	4.17293919533333
A_33_P3404281	LOC51145	4.60243591395833
A_21_P0012078	LOC541471	5.52747186025
A_32_P102519	LOC541473	4.2685642955
A_19_P00319376	LOC550112	7.823911484875
A_33_P3390853	LOC550643	11.34248927375
A_33_P3782529	LOC553103	4.8818752605
A_33_P3608195	LOC554201	3.96178283041667
A_33_P3294966	LOC554206	5.422883731875
A_32_P157208	LOC572558	4.63083499016667
A_33_P3242614	LOC606724	6.13930799520833
A_33_P3873533	LOC613126	4.01368945475
A_33_P3247204	LOC619207	4.71848809929167
A_33_P3355618	LOC63930	3.68636458541667
A_21_P0012681	LOC641365	3.91739832520833
A_33_P3578477	LOC641467	4.50130414883333
A_24_P213788	LOC641518	4.95657298379167
A_32_P57702	LOC641746	10.2529875704167
A_21_P0013729	LOC642236	8.24319359445833
A_33_P3575854	LOC642361	11.7143184754167
A_33_P3324186	LOC642366	5.996877400125
A_33_P3267431	LOC642648	4.84495330904167
A_33_P3293391	LOC642826	7.01852803154167
A_33_P3249958	LOC642852	6.78356571529167
A_33_P3523583	LOC642924	5.934342134625
A_21_P0005986	LOC642929	3.53277243404167
A_32_P60635	LOC643037	4.76598346458333
A_21_P0012933	LOC643201	4.43049363629167
A_33_P3332533	LOC643339	4.818636217
A_33_P3292694	LOC643355	5.02142300991667
A_33_P3821778	LOC643401	4.24215747291667
A_32_P212897	LOC643406	3.83728757583333
A_33_P3401307	LOC643441	4.042673585
A_33_P3429575	LOC643454	10.6627872733333
A_33_P3367726	LOC643486	4.218074336625
A_33_P3400643	LOC643529	4.512840747
A_33_P3531970	LOC643542	4.175982411875
A_21_P0004682	LOC643623	4.281053296125
A_23_P359214	LOC643650	5.12629048358333
A_24_P822692	LOC643669	12.1018874891667
A_33_P3368201	LOC643711	3.99816102233333
A_33_P3340869	LOC643719	5.65458153429167
A_33_P3312611	LOC643723	4.280364389375
A_19_P00320597	LOC643733	3.75297843425
A_32_P12327	LOC643783	4.50574366904167
A_24_P221968	LOC643802	3.97110241541667
A_21_P0005099	LOC643837	6.68272000545833
A_33_P3368049	LOC643988	10.364891900375
A_33_P3775281	LOC644050	5.324797344625
A_33_P3300332	LOC644093	4.94390741041667
A_33_P3258349	LOC644145	4.24565252925
A_24_P152649	LOC644189	5.79819975158333
A_24_P795371	LOC644192	4.010547487
A_21_P0000663	LOC644242	4.79739160354167
A_33_P3220105	LOC644246	6.25330466275
A_19_P00315764	LOC644277	7.79349081120833
A_33_P3708364	LOC644285	11.9680230458333
A_33_P3279660	LOC644339	4.89973288429167
A_33_P3842770	LOC644450	6.557549088
A_33_P3263463	LOC644554	4.49277948025
A_21_P0000568	LOC644649	4.866263464
A_33_P3668839	LOC644656	7.70679137508333
A_21_P0000617	LOC644714	5.71898869545833
A_33_P3360863	LOC644794	4.25563235891667
A_33_P3570223	LOC644961	14.1336049216667
A_33_P3570228	LOC644962	6.98868320245833
A_32_P217655	LOC645166	8.76693328204167
A_33_P3417960	LOC645206	5.62662406491667
A_32_P22501	LOC645212	9.09194781508333
A_32_P185317	LOC645249	5.07961693383333
A_33_P3499692	LOC645261	9.80992437570833
A_21_P0000817	LOC645355	3.98047985183333
A_23_P327156	LOC645431	6.122490490125
A_33_P3233368	LOC645434	4.03253503216667
A_33_P3740529	LOC645485	3.620526077
A_33_P3454968	LOC645553	10.7770509970833
A_21_P0009342	LOC645638	4.98690726629167
A_33_P3242603	LOC645676	7.92163766716667
A_24_P896205	LOC645722	4.39551132375
A_33_P3276153	LOC645752	5.91261730733333
A_21_P0014254	LOC645954	4.89920791375
A_21_P0002799	LOC646168	4.62598917766667
A_33_P3378707	LOC646214	7.0502482145
A_33_P3464025	LOC646241	9.65128391266667
A_33_P3341891	LOC646268	4.14916942620833
A_21_P0011350	LOC646278	8.191752453
A_33_P3383861	LOC646471	4.44822920558333
A_33_P3243345	LOC646498	4.5789406525
A_32_P115050	LOC646576	4.374366850125
A_32_P703	LOC646626	8.37697851595833
A_21_P0010798	LOC646627	5.07461498158333
A_33_P3744736	LOC646736	3.786095448375
A_33_P3242632	LOC646743	4.91187346783333
A_33_P3395146	LOC646762	7.89632226404167
A_33_P3825317	LOC646851	4.77897827845833
A_33_P3353520	LOC646862	5.79076320929167
A_33_P3520693	LOC646903	7.81661563225
A_21_P0000654	LOC646938	4.84870159970833
A_24_P350546	LOC646976	4.64931863654167
A_24_P376379	LOC647323	3.871941756125
A_21_P0011662	LOC647946	4.05592372254167
A_19_P00317109	LOC647979	9.35167697933333
A_33_P3337131	LOC648691	4.59995775158333
A_33_P3667484	LOC648740	8.93063679795833
A_33_P3331282	LOC648987	7.02943088275
A_33_P3366261	LOC649133	3.96512900320833
A_24_P169574	LOC649395	7.32047336225
A_21_P0013426	LOC650226	5.95369952666667
A_32_P352358	LOC650293	5.75840246904167
A_21_P0011021	LOC650368	7.074676394375
A_21_P0010922	LOC650623	4.67919645916667
A_33_P3350892	LOC651337	4.850079388
A_23_P305616	LOC652276	5.86767578666667
A_23_P140614	LOC653061	4.47621574766667
A_21_P0011355	LOC653075	4.16799969479167
A_23_P377245	LOC653160	4.196997908
A_33_P3286846	LOC653550	6.39888553654167
A_19_P00320675	LOC653712	5.1308063415
A_33_P3692756	LOC723809	4.52815279808333
A_19_P00317169	LOC727677	4.10245579841667
A_32_P110016	LOC727869	4.53542499058333
A_33_P3237257	LOC727915	3.743894707
A_32_P83270	LOC727982	4.59036550525
A_33_P3327687	LOC727993	4.52608875016667
A_32_P92789	LOC728012	4.274621777
A_33_P3213665	LOC728084	4.02621360683333
A_33_P3400482	LOC728158	3.83290807295833
A_33_P3357753	LOC728190	7.60681071820833
A_33_P3313899	LOC728228	4.31177697929167
A_32_P180971	LOC728323	10.430817195
A_33_P3330786	LOC728339	5.14975242658333
A_21_P0012844	LOC728342	3.87246950345833
A_21_P0000616	LOC728377	3.97711123091667
A_33_P3331491	LOC728392	13.0408075695833
A_21_P0000581	LOC728407	6.85350615716667
A_19_P00812911	LOC728431	5.75373105904167
A_33_P3287068	LOC728437	3.82847577220833
A_21_P0014377	LOC728485	7.51471421354167
A_21_P0011824	LOC728537	6.14862335833333
A_33_P3400152	LOC728558	5.93347552295833
A_33_P3219095	LOC728606	3.95347123570833
A_33_P3396344	LOC728613	5.85046229758333
A_21_P0010512	LOC728716	4.458392369375
A_33_P3287907	LOC728723	5.323190252125
A_32_P200308	LOC728724	4.05476292545833
A_19_P00322118	LOC728730	6.83405881133333
A_32_P129540	LOC728739	4.59733602125
A_33_P3323188	LOC728743	9.177258014
A_33_P3388536	LOC728752	4.09863803954167
A_19_P00321187	LOC728755	3.904078499625
A_21_P0011886	LOC728763	4.15467526275
A_33_P3398513	LOC728819	3.72083750233333
A_33_P3337019	LOC728975	4.34811066170833
A_32_P52153	LOC728978	3.96168892254167
A_21_P0007122	LOC729013	7.710632798625
A_33_P3414107	LOC729040	4.49225213725
A_33_P3414113	LOC729041	4.81285673379167
A_32_P174693	LOC729059	4.276546588625
A_24_P66932	LOC729080	4.30761013370833
A_24_P519651	LOC729121	4.168196700125
A_33_P3249314	LOC729156	3.81794747108333
A_19_P00317357	LOC729177	7.04261734445833
A_21_P0013162	LOC729178	5.5724426515
A_21_P0008873	LOC729264	5.400747038375
A_33_P3542801	LOC729291	5.957557374
A_21_P0012317	LOC729444	5.15539022383333
A_33_P3279515	LOC729451	4.45068050733333
A_21_P0011843	LOC729468	5.98618300395833
A_21_P0012891	LOC729506	4.49950178570833
A_21_P0008870	LOC729513	9.35041902783333
A_33_P3410859	LOC729603	5.22844639991667
A_33_P3410831	LOC729609	9.811725092125
A_23_P426835	LOC729652	4.03487651291667
A_21_P0014521	LOC729658	4.017254348625
A_33_P3326733	LOC729668	9.88547365220833
A_21_P0012874	LOC729678	8.06748485691667
A_33_P3226407	LOC729732	4.59244994620833
A_33_P3414477	LOC729739	4.17006993029167
A_33_P3408221	LOC729799	7.72203287275
A_23_P70998	LOC729852	8.20509680533333
A_33_P3284858	LOC729867	4.56918518179167
A_33_P3267607	LOC729870	6.578994816375
A_33_P3405204	LOC729911	4.25342968270833
A_33_P3222362	LOC729950	4.19812428929167
A_33_P3297630	LOC729966	4.099293270625
A_33_P3375809	LOC729970	7.0233127625
A_33_P3334260	LOC729987	3.6400931645
A_24_P500422	LOC730101	6.244144573
A_33_P3277328	LOC730102	5.40808913983333
A_33_P3286121	LOC730159	3.25158420658333
A_32_P88310	LOC730183	8.82285035875
A_33_P3411328	LOC730227	4.34523842545833
A_33_P3225258	LOC730441	4.077503464125
A_32_P24376	LOC730755	4.89069256095833
A_33_P3256317	LOC730811	3.980933939875
A_33_P3388080	LOC731223	4.66162393979167
A_33_P3274618	LOC731275	7.696222727375
A_33_P3260964	LOC731779	4.35260774779167
A_21_P0007052	LOC731789	4.54823945370833
A_23_P302302	LOC732275	4.08648359495833
A_23_P254181	LOC79015	6.18285078925
A_21_P0009711	LOC80054	4.595117085375
A_23_P49459	LOC81691	6.31060096291667
A_21_P0006610	LOC84856	7.61876137116667
A_33_P3238058	LOC84931	5.97540739454167
A_33_P3789382	LOC84989	4.989536103875
A_24_P532180	LOC90246	NA
A_21_P0000791	LOC90499	4.03470405266667
A_33_P3289406	LOC91450	6.361087456125
A_33_P3383524	LOC91948	5.32781383804167
A_19_P00321687	LOC92249	6.8669679015
A_33_P3241325	LOC92659	6.70375570908333
A_33_P3210775	LOC93432	3.66720108558333
A_19_P00317789	LOC93622	10.1811147365833
A_33_P3376958	LOC96610	6.319279078
A_23_P257593	LOH12CR1	7.99594562229167
A_32_P198810	LOH12CR2	7.79627697508333
A_33_P3312365	LONP1	9.69192412975
A_24_P1773	LONP2	4.39705687179167
A_23_P94216	LONRF1	8.53207717925
A_33_P3315519	LONRF2	7.506893864
A_23_P114414	LONRF3	5.714960524625
A_23_P122216	LOX	3.92418040433333
A_33_P3408949	LOXHD1	4.06522626270833
A_33_P3354464	LOXL1	12.0349493508333
A_23_P111995	LOXL2	6.62574402745833
A_23_P39799	LOXL3	7.41296031770833
A_24_P406754	LOXL4	4.62915865445833
A_23_P386888	LPA	5.65831387733333
A_21_P0013116	LPAL2	4.38792142620833
A_33_P3383326	LPAR1	3.86190281479167
A_23_P101829	LPAR2	9.266968585
A_23_P436048	LPAR3	6.45808936779167
A_23_P204375	LPAR5	4.02489864941667
A_24_P406006	LPCAT1	8.68894140175
A_23_P141021	LPCAT2	6.16146632279167
A_33_P3295283	LPCAT3	10.2734681633333
A_23_P49009	LPCAT4	8.624031892
A_23_P46606	LPGAT1	9.96557331029167
A_23_P391926	LPHN1	11.1775503516667
A_33_P3404879	LPHN2	8.9240821945
A_23_P10980	LPHN3	8.52050349783333
A_33_P3356075	LPIN1	8.33068946366667
A_24_P301557	LPIN2	7.1563900665
A_33_P3393341	LPIN3	9.53695071570833
A_23_P146233	LPL	3.93585773745833
A_23_P100583	LPO	4.11789763616667
A_33_P3221253	LPP	5.71489818520833
A_33_P3570208	LPP-AS2	4.7174710085
A_23_P259707	LPPR1	9.51334334791667
A_23_P153461	LPPR2	8.69380158833333
A_23_P67569	LPPR3	12.331720725
A_32_P148538	LPPR4	5.37230812595833
A_33_P3303319	LPPR5	5.46541158054167
A_23_P87150	LPXN	6.015889822125
A_24_P360078	LRBA	9.843996732125
A_33_P3333337	LRCH1	7.385560209375
A_23_P73809	LRCH2	8.7278686145
A_33_P3278801	LRCH3	5.62654878583333
A_33_P3396200	LRCH4	8.96121764804167
A_33_P3229552	LRFN1	8.96533585133333
A_32_P82111	LRFN2	5.819340147125
A_23_P50775	LRFN3	8.52694183658333
A_33_P3280094	LRFN4	11.7973954375
A_23_P163195	LRFN5	3.92151818983333
A_23_P50638	LRG1	4.65785608791667
A_24_P346517	LRGUK	4.56654612691667
A_23_P160689	LRIF1	7.7670572885
A_23_P109636	LRIG1	11.0421985808333
A_23_P47885	LRIG3	4.68704757158333
A_23_P115780	LRIT1	3.94834378125
A_33_P3313215	LRIT2	4.14676216008333
A_33_P3608620	LRIT3	3.913613600125
A_23_P98910	LRMP	4.21466929308333
A_33_P3391105	LRP1	6.55400390641667
A_24_P99216	LRP10	5.72249525620833
A_33_P3420078	LRP11	5.80474066620833
A_23_P8906	LRP12	8.52584433575
A_23_P5342	LRP1B	8.48863375116667
A_33_P3244728	LRP2	7.22749032195833
A_33_P3212188	LRP3	8.78193566825
A_24_P403561	LRP4	6.40446287175
A_23_P1505	LRP5	6.81170780041667
A_33_P3326545	LRP5L	5.16787446545833
A_33_P3306948	LRP6	10.15736392225
A_23_P200222	LRP8	7.15652959020833
A_21_P0003885	LRPAP1	7.52214765666667
A_33_P3388855	LRPPRC	8.60140447641667
A_33_P3286208	LRR1	6.10870249820833
A_33_P3244473	LRRC1	5.38716567541667
A_33_P3388865	LRRC10	5.72083718916667
A_33_P3334348	LRRC10B	4.24059773991667
A_24_P363745	LRRC14	5.40792140504167
A_33_P3253538	LRRC14B	3.80989672341667
A_24_P827037	LRRC15	3.68031553720833
A_23_P19369	LRRC16A	4.56812154058333
A_23_P382488	LRRC16B	9.69855200420833
A_23_P253958	LRRC17	5.64206799233333
A_24_P321125	LRRC18	4.30606081758333
A_23_P364625	LRRC19	4.12884938066667
A_23_P155463	LRRC2	NA
A_23_P61487	LRRC20	11.0100850275
A_23_P36689	LRRC23	6.84928303329167
A_33_P3376341	LRRC24	12.415721535
A_23_P165136	LRRC25	4.07834990025
A_33_P3269844	LRRC26	10.0559479199583
A_33_P3329508	LRRC27	7.58984228383333
A_24_P142151	LRRC28	6.40869034354167
A_23_P49181	LRRC29	3.93696688470833
A_33_P3379251	LRRC30	4.25495115845833
A_24_P240259	LRRC31	3.85817938820833
A_24_P389916	LRRC32	5.42196629841667
A_23_P132856	LRRC33	4.37315734475
A_23_P41194	LRRC34	5.136193666375
A_23_P118042	LRRC36	8.52598962545833
A_33_P3293432	LRRC37A3	7.36223697733333
A_33_P3291118	LRRC37B	6.73714224479167
A_33_P3253427	LRRC37BP1	7.09852963654167
A_23_P103877	LRRC38	4.18273332754167
A_33_P3300665	LRRC39	5.17230657333333
A_23_P143857	LRRC3B	5.36757459570833
A_33_P3228739	LRRC3C	5.80562492829167
A_33_P3263217	LRRC4	6.13427661891667
A_23_P148969	LRRC40	9.96008536420833
A_33_P3289222	LRRC41	9.75980261691667
A_24_P276791	LRRC42	6.62293421929167
A_23_P396724	LRRC43	4.287306359375
A_23_P381461	LRRC45	6.838935714625
A_23_P152949	LRRC46	5.654052513
A_23_P96777	LRRC47	10.84978119625
A_23_P255701	LRRC48	4.05114984304167
A_23_P129174	LRRC49	10.1662011865417
A_23_P419503	LRRC4B	7.45136231029167
A_23_P24457	LRRC4C	4.28498188583333
A_33_P3292043	LRRC52	4.8401998345
A_33_P3210735	LRRC55	10.8563112400417
A_23_P368996	LRRC56	10.4801249079167
A_24_P219266	LRRC57	6.65176890608333
A_32_P190049	LRRC58	7.5691619525
A_24_P181585	LRRC59	9.696937318625
A_23_P112004	LRRC6	6.00829692225
A_33_P3233273	LRRC61	8.41092165870833
A_33_P3269824	LRRC66	6.0381003595
A_33_P3403429	LRRC69	4.0303782415
A_33_P3307836	LRRC7	4.79770530216667
A_23_P41664	LRRC70	4.34653404758333
A_32_P222149	LRRC72	4.19019570304167
A_23_P250274	LRRC8A	12.07480857
A_23_P115167	LRRC8B	7.73686162908333
A_23_P103775	LRRC8C	5.024039843875
A_23_P97365	LRRC8D	10.9307956779167
A_24_P348203	LRRC8E	4.82751444804167
A_33_P3228082	LRRC9	5.01986392695833
A_23_P157527	LRRCC1	5.95771703879167
A_33_P3232319	LRRD1	5.56426581791667
A_33_P3358641	LRRFIP1	7.624659324875
A_23_P317184	LRRFIP2	8.90433042391667
A_33_P3415623	LRRIQ1	5.77567958104167
A_33_P3292402	LRRIQ3	5.58997081004167
A_33_P3333762	LRRIQ4	3.649891546625
A_23_P99942	LRRK1	4.68976592308333
A_24_P240187	LRRN1	8.335188257625
A_23_P11843	LRRN2	10.5035937875
A_23_P31376	LRRN3	11.62335938625
A_33_P3221129	LRRN4CL	4.65969792379167
A_23_P131330	LRRTM1	5.0062481335
A_33_P3251024	LRRTM2	4.88113794895833
A_24_P295465	LRRTM3	3.95881637491667
A_24_P666105	LRRTM4	5.752286322375
A_23_P123916	LRSAM1	9.340881321875
A_23_P40856	LRTM1	4.36905247404167
A_23_P318616	LRTM2	4.65827853320833
A_33_P3216651	LRTOMT	5.91627402133333
A_23_P360874	LRWD1	12.2352057254167
A_23_P301855	LSAMP	7.90557805979167
A_21_P0012498	LSAMP-AS3	3.94997926933333
A_23_P132417	LSG1	9.08914663170833
A_23_P20384	LSM1	11.6923223270833
A_24_P216681	LSM10	10.9970896175
A_23_P368195	LSM11	8.02947954279167
A_23_P307430	LSM12	9.8047051995
A_24_P365327	LSM14A	7.24808623216667
A_33_P3349774	LSM14B	7.22167457775
A_23_P59153	LSM2	11.4536047120833
A_24_P29001	LSM3	8.37202708545833
A_24_P224776	LSM4	10.6626315598333
A_23_P93750	LSM5	10.849151185
A_23_P259451	LSM6	10.09218628975
A_23_P90463	LSM7	12.7435337433333
A_33_P3239879	LSMD1	8.93715699575
A_23_P13382	LSP1	6.65802862179167
A_23_P142389	LSR	5.37812085808333
A_24_P110799	LSS	10.0352041828333
A_24_P103469	LST1	4.74267529516667
A_23_P156683	LTA	4.093296468375
A_33_P3410093	LTA4H	9.95968593975
A_33_P3248265	LTB	3.97309930270833
A_23_P151791	LTB4R	6.62324037241667
A_23_P163173	LTB4R2	5.98386450641667
A_23_P43810	LTBP1	3.88549098925
A_23_P405129	LTBP2	3.99517603666667
A_33_P3221084	LTBP3	5.47964003345833
A_33_P3348091	LTBP4	8.67990871995833
A_23_P53557	LTBR	4.02944223920833
A_24_P397294	LTC4S	4.22531282254167
A_23_P166848	LTF	4.07283427554167
A_33_P3278826	LTK	7.694967484
A_33_P3304865	LTN1	6.21435407329167
A_23_P122624	LTV1	9.138541309
A_23_P106737	LUC7L	11.80531074125
A_23_P59787	LUC7L2	9.38175417841667
A_33_P3291569	LUC7L3	9.96996274266667
A_23_P99063	LUM	5.16791466420833
A_23_P407142	LUZP1	5.56065831758333
A_33_P3228617	LUZP2	4.39456369516667
A_23_P96611	LUZP4	3.803527680875
A_33_P3230090	LUZP6	9.992010179875
A_33_P3234697	LXN	3.81227203029167
A_24_P317762	LY6E	9.04802464920833
A_23_P59130	LY6G5B	5.97263033391667
A_24_P7584	LY6G5C	6.831364568375
A_23_P8083	LY6G6C	5.99943433420833
A_33_P3275722	LY6G6D	5.81632408554167
A_33_P3410232	LY6G6E	4.94940708416667
A_33_P3214334	LY6G6F	3.86618091704167
A_23_P134914	LY6H	10.524518857
A_23_P70688	LY86	5.77059068425
A_32_P178758	LY86-AS1	4.04159152629167
A_33_P3368830	LY9	5.61096905566667
A_23_P41327	LYAR	8.28638961895833
A_23_P165707	LYG1	6.892197889875
A_33_P3356306	LYG2	4.92549259975
A_33_P3215422	LYL1	4.97369953779167
A_23_P147431	LYN	5.90953559741667
A_33_P3418175	LYNX1	6.00523907741667
A_23_P419696	LYPD1	6.328139729125
A_23_P94186	LYPD2	3.81443328425
A_24_P48495	LYPD3	5.08929381166667
A_23_P311780	LYPD4	3.82187330133333
A_24_P37253	LYPD6	4.92351621620833
A_23_P79302	LYPD6B	4.23571903591667
A_33_P3416762	LYPLA1	10.4679893570833
A_33_P3379463	LYPLA2	11.2627342883333
A_33_P3352103	LYPLAL1	8.72874742741667
A_23_P54929	LYRM1	9.06154085954167
A_33_P3288484	LYRM2	8.25402280058333
A_23_P32328	LYRM4	9.21646334416667
A_24_P648176	LYRM5	5.272180109
A_32_P18159	LYRM7	6.75918458216667
A_23_P430381	LYSMD1	9.594408676
A_32_P120895	LYSMD2	8.7064537955
A_23_P117734	LYSMD4	8.38766991808333
A_23_P354074	LYST	8.59178960466667
A_23_P150457	LYVE1	3.83553121183333
A_33_P3268035	LYZL1	4.52283774970833
A_32_P55293	LYZL2	4.07076808204167
A_23_P121144	LYZL4	3.70187670033333
A_24_P268196	LZIC	8.95826819295833
A_24_P37519	LZTFL1	7.02519763420833
A_23_P57401	LZTR1	10.0418379682083
A_23_P20443	LZTS1	7.51871039883333
A_33_P3254666	LZTS2	9.03541165095833
A_21_P0000718	M1	6.77112103045833
A_23_P204252	M6PR	8.562084326125
A_23_P53884	MAB21L1	10.0809475903333
A_24_P148907	MAB21L2	11.24993519375
A_23_P343366	MAB21L3	4.67669793845833
A_23_P391778	MACF1	10.1389193288333
A_23_P86855	MACROD1	8.31698242641667
A_33_P3281028	MACROD2	6.726018295125
A_21_P0000688	MACROD2-AS1	4.15572607708333
A_21_P0012258	MAD1L1	9.11800275033333
A_23_P92441	MAD2L1	7.29440272179167
A_24_P43588	MAD2L1BP	10.5857091704167
A_33_P3359250	MAD2L2	7.416671349
A_23_P153616	MADCAM1	6.637260622625
A_23_P202708	MADD	10.7950886400417
A_23_P18490	MAEA	8.66439008975
A_23_P114934	MAEL	NA
A_23_P397376	MAF	6.07743258204167
A_23_P33072	MAF1	8.95508791333333
A_24_P127719	MAFA	6.57473379020833
A_23_P17345	MAFB	6.34678212458333
A_23_P103110	MAFF	6.48752832041667
A_23_P78209	MAFG	9.45788784491667
A_21_P0000766	MAFIP	7.658842585
A_23_P373598	MAFK	7.07986181870833
A_33_P3272823	MAG	5.254738463125
A_23_P137007	MAGEA10	4.333920135375
A_33_P3405514	MAGEA10-MAGEA5	3.940713056
A_23_P113553	MAGEA11	3.76154026308333
A_23_P252928	MAGEA12	4.18377452920833
A_33_P3411165	MAGEA2B	4.44823000345833
A_24_P185945	MAGEA4	3.35969184670833
A_23_P136870	MAGEA6	6.25146043979167
A_23_P217554	MAGEA8	4.35023516620833
A_32_P29965	MAGEA9	3.72178054008333
A_23_P217341	MAGEB1	4.24579695204167
A_32_P385667	MAGEB10	3.61966835345833
A_33_P3423504	MAGEB17	4.42032152095833
A_23_P370054	MAGEB18	3.65510845895833
A_23_P254831	MAGEB2	4.73287443641667
A_23_P96432	MAGEB3	3.982634560875
A_24_P83272	MAGEB4	3.94590815366667
A_33_P3365860	MAGEB5	4.6669269035
A_33_P3368755	MAGEB6	3.83919821541667
A_33_P3241831	MAGEC1	4.95317191045833
A_23_P62099	MAGEC2	3.96597408729167
A_23_P502081	MAGEC3	4.17770494283333
A_24_P391526	MAGED1	12.9167265641667
A_23_P33894	MAGED2	10.176860017875
A_23_P159907	MAGED4B	12.9362658925
A_23_P114445	MAGEE1	6.18701433129167
A_23_P11256	MAGEE2	3.9330102695
A_33_P3213204	MAGEF1	11.1873071316667
A_23_P34144	MAGEH1	10.026915876875
A_23_P99996	MAGEL2	10.6388328758333
A_24_P75220	MAGI1	8.52361220625
A_33_P3311992	MAGI2	7.50098730225
A_19_P00316709	MAGI2-AS3	5.78345226245833
A_33_P3369520	MAGI3	9.55752669695833
A_33_P3278573	MAGIX	5.636568528625
A_23_P200216	MAGOH	9.65709215529167
A_23_P2423	MAGOHB	7.228357198
A_24_P363278	MAK	4.34621751770833
A_23_P111961	MAK16	9.13761661320833
A_23_P17134	MAL	9.49947442166667
A_21_P0010981	MALAT1	9.961974607625
A_24_P80204	MALL	4.18662343929167
A_24_P116909	MALT1	5.26751794820833
A_23_P157914	MAMDC2	4.256384376625
A_23_P71790	MAMDC4	8.63300537166667
A_23_P110606	MAML1	11.1474614383333
A_24_P169092	MAML2	4.78112154133333
A_33_P3335371	MAML3	6.72957329083333
A_33_P3404489	MAMLD1	4.80209375958333
A_33_P3329444	MAMSTR	7.154955873625
A_33_P3303414	MAN1A1	5.061344679625
A_24_P926195	MAN1A2	7.54205573
A_23_P94857	MAN1B1	7.89528837866667
A_24_P237778	MAN1C1	6.711509498375
A_23_P360769	MAN2A1	5.80200713945833
A_23_P37569	MAN2A2	6.27296080875
A_24_P370156	MAN2B1	7.45433949570833
A_23_P250380	MAN2B2	7.08486665216667
A_23_P26117	MAN2C1	8.71523451333333
A_23_P258698	MANBA	7.632596910875
A_23_P131778	MANBAL	9.970251568
A_23_P255663	MANEA	6.974168436625
A_33_P3369505	MANEAL	9.47636147129167
A_23_P132793	MANF	12.03839795375
A_23_P162211	MANSC1	6.44361496504167
A_33_P3215676	MANSC4	4.44219624075
A_33_P3242543	MAOA	6.69301301616667
A_23_P163455	MAP1A	11.0014001479167
A_24_P879740	MAP1B	11.9593892929167
A_33_P3300308	MAP1LC3A	7.300894170375
A_32_P220715	MAP1LC3B	10.93721192
A_24_P216456	MAP1LC3C	4.352611029125
A_33_P3343090	MAP1S	12.392716915
A_33_P3214665	MAP2	10.9188913866667
A_23_P20248	MAP2K1	9.489193813625
A_23_P208835	MAP2K2	10.42634682375
A_24_P296698	MAP2K3	8.55901281520833
A_32_P6344	MAP2K4	10.1443514948333
A_24_P356130	MAP2K5	7.54568715070833
A_23_P207445	MAP2K6	8.62425612566667
A_33_P3236651	MAP2K7	11.4501896029167
A_33_P3368139	MAP3K1	9.53973602933333
A_24_P284523	MAP3K10	11.2188177470833
A_33_P3301851	MAP3K11	10.7349218166667
A_23_P105409	MAP3K12	8.55950388520833
A_19_P00316758	MAP3K13	8.97990575920833
A_23_P207319	MAP3K14	7.83630365475
A_23_P308483	MAP3K15	4.47016811541667
A_19_P00804396	MAP3K2	6.65111348745833
A_33_P3271430	MAP3K3	10.1803837658333
A_23_P42096	MAP3K4	8.933094763125
A_23_P134125	MAP3K5	4.01582008475
A_33_P3404418	MAP3K6	7.15761985191667
A_23_P500773	MAP3K7	9.34827944104167
A_33_P3246505	MAP3K8	4.07754761225
A_33_P3323435	MAP3K9	6.72086112608333
A_33_P3354137	MAP4	9.57285414416667
A_23_P5002	MAP4K1	5.72624443233333
A_24_P287075	MAP4K2	7.28901164333333
A_24_P285522	MAP4K3	6.416422171125
A_23_P90804	MAP4K4	10.9610813833333
A_23_P205646	MAP4K5	10.2603593054167
A_23_P47728	MAP6	13.04912111625
A_23_P80839	MAP6D1	9.50272687254167
A_33_P3375576	MAP7	5.65041713954167
A_33_P3380101	MAP7D1	13.576506415
A_24_P7652	MAP7D2	7.51301894979167
A_23_P11160	MAP7D3	5.98021684675
A_33_P3275381	MAP9	8.48797875166667
A_23_P257895	MAPK1	7.53706711354167
A_23_P45025	MAPK10	8.3459573335
A_33_P3409513	MAPK11	9.798883450875
A_33_P3763846	MAPK12	6.58831215708333
A_24_P406132	MAPK13	5.41564246654167
A_24_P283288	MAPK14	6.55012433666667
A_23_P60962	MAPK15	4.91529120704167
A_32_P7823	MAPK1IP1L	10.108732101
A_23_P37910	MAPK3	9.32453876195833
A_33_P3307337	MAPK4	9.79782774270833
A_24_P333663	MAPK6	10.2469829695833
A_23_P100704	MAPK7	11.3185936683333
A_24_P286898	MAPK8	8.55151287929167
A_24_P409595	MAPK8IP1	10.269615529
A_33_P3279841	MAPK8IP3	13.2133264991667
A_23_P167692	MAPK9	7.44148326275
A_33_P3251538	MAPKAP1	7.50125468745833
A_23_P201483	MAPKAPK2	10.361363566125
A_23_P314584	MAPKAPK3	9.19987749816667
A_24_P124662	MAPKAPK5	9.1975790275
A_24_P944444	MAPKBP1	9.97169539945833
A_23_P40354	MAPRE1	9.88545723904167
A_23_P418015	MAPRE2	11.527231825
A_23_P131683	MAPRE3	8.615414937375
A_24_P224488	MAPT	12.3848288441667
A_33_P3247205	MARC1	6.79827571341667
A_33_P3219434	MARC2	4.7901786045
A_24_P188800	MARCH1	5.82252985229167
A_23_P337899	MARCH10	4.12522701895833
A_23_P33683	MARCH2	8.51671567233333
A_23_P321511	MARCH3	4.91063441754167
A_23_P333228	MARCH4	3.97392482008333
A_24_P64393	MARCH5	8.30511753654167
A_23_P110492	MARCH6	11.9350457175
A_23_P102242	MARCH7	8.13326904695833
A_23_P338495	MARCH8	4.58890226191667
A_23_P47777	MARCH9	10.94064692375
A_23_P214222	MARCKS	13.8592557683333
A_23_P310	MARCKSL1	13.5689093741667
A_23_P101992	MARCO	4.31456273504167
A_24_P179585	MARK1	7.48748391220833
A_33_P3232993	MARK2	8.26434985095833
A_33_P3593546	MARK3	10.9128471329167
A_33_P3232980	MARK4	7.68887818391667
A_33_P3379377	MARS	9.15990199258333
A_23_P108492	MARS2	3.93732552054167
A_23_P138725	MARVELD1	9.63775281216667
A_24_P106363	MARVELD2	5.03548216395833
A_23_P152428	MARVELD3	3.688682961375
A_23_P168339	MAS1	3.72043936954167
A_23_P214565	MAS1L	4.19211950733333
A_23_P397933	MASP1	4.20437826558333
A_33_P3307990	MASP2	4.43074656508333
A_23_P101480	MAST1	13.0148298791667
A_33_P3327010	MAST2	6.97589654058333
A_23_P426196	MAST3	9.72374571058333
A_33_P3365995	MAST4	7.78672210558333
A_21_P0014149	MAST4-AS1	4.41876003275
A_24_P258051	MASTL	6.12257266441667
A_23_P23996	MAT1A	4.48154080716667
A_33_P3403044	MAT2A	10.2828967592083
A_23_P81408	MAT2B	7.11908034541667
A_23_P50678	MATK	4.05251535216667
A_33_P3365408	MATL2963	4.48131658025
A_32_P902988	MATN1	4.60144993270833
A_23_P71328	MATN2	4.09279241395833
A_33_P3420466	MATN3	4.554148207125
A_33_P3210468	MATN4	3.950393463375
A_23_P70047	MATR3	11.9619510466667
A_32_P8361	MAU2	10.3357285391667
A_19_P00329711	MAVS	8.087165265875
A_23_P151662	MAX	8.02192305529167
A_23_P33433	MAZ	7.72184775175
A_33_P3303649	MB	4.743248770125
A_32_P1173	MB21D1	4.006367110875
A_32_P117464	MB21D2	7.866714904
A_33_P3398932	MBD1	7.40434752516667
A_24_P119201	MBD2	8.37488936208333
A_23_P50839	MBD3	10.6986298158333
A_23_P415395	MBD3L1	4.508640861375
A_23_P378450	MBD3L2	3.66423023741667
A_23_P92154	MBD4	8.09883910875
A_33_P3854030	MBD5	6.696325366625
A_33_P3224027	MBD6	8.17505688658333
A_33_P3288569	MBIP	8.85304350116667
A_24_P169634	MBL1P	5.4781335605
A_23_P35529	MBL2	3.74693866133333
A_24_P221198	MBLAC1	8.16974449383333
A_33_P3415663	MBLAC2	8.313266541
A_23_P357811	MBNL1	9.860459213875
A_24_P56317	MBNL2	8.76614868483333
A_33_P3414202	MBNL3	5.64804084091667
A_24_P114255	MBOAT2	9.52336000291667
A_33_P3269388	MBOAT7	9.759605877875
A_24_P402080	MBP	5.66560511620833
A_33_P3233005	MBTD1	8.44086909570833
A_33_P3393941	MBTPS1	10.9153369333333
A_23_P114095	MBTPS2	6.553687526875
A_33_P3352767	MC1R	6.57925595145833
A_23_P38649	MC2R	3.90739881120833
A_23_P258525	MC3R	4.17093316475
A_23_P50121	MC4R	4.23951096729167
A_23_P50039	MC5R	4.05763444504167
A_23_P162171	MCAM	9.19306947483333
A_23_P112512	MCART1	7.91623781095833
A_33_P3218178	MCART6	5.32183266604167
A_23_P132358	MCAT	9.37942677341667
A_33_P3288246	MCC	5.25828102654167
A_23_P58036	MCCC1	9.96495959879167
A_23_P18887	MCCC2	5.87593279725
A_23_P133904	MCCD1	4.49817785491667
A_23_P56654	MCEE	8.49529643429167
A_23_P45536	MCF2	4.00102228641667
A_23_P88106	MCF2L	7.72067200808333
A_32_P147622	MCF2L-AS1	8.31296481591667
A_23_P120270	MCFD2	7.548438984625
A_23_P211543	MCHR1	4.761810234
A_24_P98006	MCHR2	4.45898231529167
A_24_P336759	MCL1	9.97789926225
A_33_P3867534	MCM10	4.65730558133333
A_32_P103633	MCM2	8.4721089285
A_23_P7873	MCM3	9.89501369516667
A_23_P120744	MCM3AP	9.90670196420833
A_23_P256694	MCM3AP-AS1	9.29653766779167
A_23_P370989	MCM4	7.47054785308333
A_33_P3284951	MCM5	7.70312412525
A_23_P90612	MCM6	9.179449010125
A_23_P93690	MCM7	10.414521068
A_23_P68547	MCM8	8.11463237458333
A_23_P30630	MCM9	5.347649324875
A_33_P3408943	MCMBP	9.44666645541667
A_23_P27571	MCOLN1	8.11879211866667
A_23_P23639	MCOLN2	4.4222427895
A_23_P12241	MCOLN3	4.31002477183333
A_21_P0000200	MCPH1	7.19544454533333
A_23_P48237	MCRS1	10.3744592020833
A_24_P212481	MCTP1	5.05006134066667
A_23_P65789	MCTP2	3.82150990916667
A_23_P114282	MCTS1	10.0819894050833
A_23_P346405	MCU	6.584848522125
A_23_P19455	MDC1	10.58639586875
A_33_P3246418	MDFI	8.73893151320833
A_21_P0000063	MDFIC	4.074160249875
A_23_P310460	MDGA1	10.0919525615
A_33_P3408420	MDGA2	5.35285321233333
A_23_P101950	MDH1	12.9424596279167
A_33_P3372526	MDH1B	6.73328794891667
A_23_P31372	MDH2	12.1108463641667
A_23_P116235	MDK	14.5201219545833
A_23_P413180	MDM1	5.43929879625
A_23_P502750	MDM2	5.871634021375
A_23_P103503	MDM4	8.691319935625
A_23_P365060	MDN1	6.056513575375
A_23_P99811	MDP1	10.3401380141667
A_23_P8196	ME1	6.7783864315
A_23_P321261	ME2	9.56216578241667
A_23_P105227	ME3	4.07311583741667
A_23_P30745	MEA1	11.5603114
A_23_P103442	MEAF6	9.281404164625
A_23_P317324	MECOM	4.06105113270833
A_33_P3317211	MECP2	7.96384849320833
A_23_P114808	MECR	9.27208466329167
A_33_P3210423	MED1	6.65735577470833
A_23_P124024	MED10	7.70939644083333
A_23_P425587	MED11	9.11738816833333
A_23_P73702	MED12	8.820575797625
A_32_P701268	MED12L	3.81630122645833
A_33_P3223759	MED13	10.2032578135417
A_23_P47991	MED13L	10.34712324625
A_33_P3223749	MED14	8.02314231279167
A_24_P207727	MED15	8.86034592341667
A_23_P56170	MED16	9.47158167225
A_24_P218587	MED17	8.131545838375
A_23_P138105	MED18	6.868099005125
A_23_P150510	MED19	11.4970599154167
A_33_P3253528	MED20	7.03315512854167
A_33_P3400547	MED21	9.06699712479167
A_23_P501795	MED22	7.97247909716667
A_33_P3253070	MED23	6.02733214529167
A_23_P124760	MED24	10.1997416804583
A_33_P3378212	MED25	11.3175673483333
A_23_P164737	MED26	9.881062688125
A_23_P301877	MED27	8.57229447120833
A_24_P538478	MED28	6.49840241816667
A_23_P336929	MED29	4.07358679554167
A_23_P31866	MED30	6.84903720379167
A_33_P3362526	MED31	5.64970077079167
A_23_P128543	MED4	10.5447986283333
A_23_P54170	MED6	8.45792527583333
A_23_P30307	MED7	7.17815651754167
A_24_P233915	MED8	9.251485084625
A_23_P66402	MED9	10.059891330375
A_33_P3341676	MEF2A	10.6980951204167
A_33_P3344406	MEF2B	7.478666496
A_33_P3354771	MEF2BNB	7.70669433141667
A_23_P320739	MEF2C	9.485118214
A_23_P51679	MEF2D	9.53310252683333
A_23_P140967	MEFV	6.432721904
A_32_P40547	MEG3	11.0433807008333
A_33_P3360382	MEG8	6.82885882116667
A_23_P213893	MEGF10	4.06082915991667
A_33_P3312790	MEGF11	5.67874842879167
A_24_P926960	MEGF6	3.76021590404167
A_33_P3715177	MEGF8	12.2233485133333
A_32_P129894	MEGF9	9.473988915
A_23_P211561	MEI1	NA
A_32_P175715	MEIG1	6.07032423116667
A_24_P319736	MEIS1	6.37167161758333
A_23_P88602	MEIS2	4.83554552358333
A_23_P78795	MEIS3	9.0287631955
A_23_P94422	MELK	5.69029058291667
A_32_P143880	MEMO1	8.63158204883333
A_23_P75453	MEN1	9.15367709866667
A_23_P107173	MEOX1	3.84578241391667
A_24_P106624	MEOX2	8.899835320625
A_24_P154868	MEP1A	3.8473126125
A_23_P78353	MEP1B	3.63279055108333
A_24_P312189	MEPCE	7.307186551125
A_23_P155931	MEPE	3.90381633145833
A_23_P99891	MESDC1	10.202668876125
A_33_P3244317	MESDC2	6.86457415754167
A_33_P3214466	MESP1	7.997008446125
A_33_P3214463	MESP2	6.14490921208333
A_23_P156970	MEST	10.1632348484167
A_32_P83803	MESTIT1	4.251727911
A_23_P359245	MET	3.55063810675
A_23_P155907	METAP1	11.2082648391667
A_23_P90790	METAP1D	5.467368866125
A_24_P141736	METAP2	10.1668061130833
A_33_P3423570	METRN	12.8201858295833
A_23_P10591	METRNL	10.7498477691667
A_33_P3700794	METTL1	7.64152870879167
A_33_P3367087	METTL10	7.372751795125
A_23_P71904	METTL11A	10.63912766
A_33_P3405936	METTL11B	4.19061528991667
A_24_P804667	METTL12	7.501953303
A_23_P201672	METTL13	10.5646630191667
A_23_P110243	METTL14	8.67038129679167
A_19_P00804755	METTL15	6.46849011458333
A_33_P3306287	METTL16	8.40362695475
A_23_P205529	METTL17	9.49780149479167
A_23_P85726	METTL18	7.133460779125
A_23_P29985	METTL19	7.23806896741667
A_33_P3318966	METTL20	5.90842908833333
A_23_P209337	METTL21A	8.86188113879167
A_23_P320878	METTL21B	5.25828758908333
A_24_P212074	METTL21C	3.70601723870833
A_33_P3214109	METTL21CP1	3.93763231495833
A_23_P128940	METTL21D	8.35914197308333
A_21_P0000717	METTL23	10.20587074675
A_32_P725218	METTL2A	6.96515640408333
A_23_P59836	METTL2B	10.076077166375
A_33_P3449397	METTL3	10.6414923108333
A_33_P3315425	METTL4	6.66110596591667
A_23_P142634	METTL5	10.81051531125
A_23_P361469	METTL6	7.043499481125
A_23_P415021	METTL7A	7.17207970458333
A_24_P64653	METTL7B	3.90804161920833
A_23_P56553	METTL8	7.63666045933333
A_24_P202139	METTL9	8.60304169404167
A_32_P96036	MEX3A	12.92268871875
A_24_P65060	MEX3B	10.136760469875
A_23_P50137	MEX3C	11.6963284745833
A_33_P3262555	MEX3D	9.78836709920833
A_23_P14636	MFAP1	10.6949021258333
A_23_P1029	MFAP2	10.92936999375
A_24_P217758	MFAP3	8.06240860441667
A_33_P3280521	MFAP3L	5.57099902758333
A_23_P164057	MFAP4	9.49451467204167
A_33_P3708413	MFAP5	5.02479725566667
A_23_P92994	MFF	11.59893553125
A_24_P133584	MFGE8	4.69808097833333
A_33_P3256680	MFHAS1	6.60320837029167
A_23_P212042	MFI2	6.46424403466667
A_21_P0000750	MFI2-AS1	6.96297503445833
A_23_P80648	MFN1	9.10900515175
A_23_P126135	MFN2	8.81255010758333
A_23_P103104	MFNG	10.193891954125
A_23_P166677	MFSD1	9.8091675805
A_23_P41246	MFSD10	10.0595986189167
A_23_P26704	MFSD11	9.52626969379167
A_33_P3272231	MFSD2A	5.29534319408333
A_33_P3398693	MFSD2B	5.18999881825
A_23_P406350	MFSD3	9.12859059333333
A_23_P365412	MFSD4	4.92380723929167
A_23_P72853	MFSD5	8.81017002708333
A_33_P3272209	MFSD6	7.88857859716667
A_33_P3393331	MFSD6L	3.57404882783333
A_23_P72157	MFSD7	4.95266434241667
A_24_P303080	MFSD8	6.71926727804167
A_33_P3272189	MFSD9	8.41787317675
A_23_P37654	MGA	8.3245116075
A_33_P3409765	MGAM	3.8446888895
A_33_P3363645	MGAT1	8.135429334
A_23_P65558	MGAT2	8.90095561570833
A_24_P245838	MGAT3	10.5509641354167
A_23_P28507	MGAT4A	7.943570827625
A_21_P0000202	MGAT4B	11.2564427470833
A_23_P10062	MGAT4C	9.95440514545833
A_23_P16743	MGAT5	9.80569185279167
A_24_P219474	MGAT5B	7.15808696491667
A_24_P522864	MGC12916	6.61411338345833
A_32_P523096	MGC12982	4.05157189879167
A_23_P13934	MGC14436	4.986546019875
A_23_P79572	MGC16025	4.86812976216667
A_19_P00811178	MGC16121	6.54758837804167
A_32_P315395	MGC16275	5.12685034858333
A_24_P259154	MGC16703	7.38668750625
A_33_P3460460	MGC20647	4.22718224145833
A_21_P0013723	MGC21881	9.28128698925
A_23_P408232	MGC23270	5.01422638766667
A_23_P406227	MGC23284	7.023375118875
A_33_P3628481	MGC27345	7.137055067
A_21_P0001689	MGC27382	4.19571775241667
A_33_P3399114	MGC2752	8.46419449779167
A_24_P519672	MGC2889	5.556338759375
A_33_P3702104	MGC34796	4.860498598375
A_33_P3373243	MGC34800	4.17010756108333
A_23_P432448	MGC3771	5.25465102295833
A_32_P183918	MGC39372	3.85805050058333
A_33_P3230985	MGC39545	4.22243706383333
A_32_P111996	MGC39584	4.28697039129167
A_24_P388703	MGC42157	4.92917618654167
A_23_P102681	MGC4294	5.08592697670833
A_23_P74330	MGC4473	4.93530093183333
A_23_P369485	MGC45800	4.91178535854167
A_23_P405282	MGC45922	6.93502456591667
A_24_P912048	MGC50722	4.193071139625
A_32_P221256	MGC70870	9.001345060875
A_33_P3280418	MGC72080	7.02100198625
A_24_P67898	MGEA5	11.05489576
A_24_P226008	MGLL	6.46690285516667
A_23_P104323	MGMT	9.62744696275
A_33_P3361636	MGP	4.02525189766667
A_33_P3407657	MGRN1	9.152205247375
A_23_P36658	MGST1	5.83500676408333
A_23_P110167	MGST2	8.55249988779167
A_23_P51548	MGST3	10.6377658745833
A_23_P4714	MIA	6.69813259354167
A_33_P3236642	MIA3	8.0522107065
A_19_P00322705	MIAT	9.147515101375
A_33_P3347976	MIB1	9.45801602258333
A_33_P3308903	MIB2	7.151227853
A_33_P3368453	MICA	4.309159422125
A_24_P283341	MICAL1	10.1762106640833
A_33_P3315190	MICAL2	5.34053331479167
A_33_P3267822	MICAL3	7.46202974558333
A_23_P2041	MICALCL	4.17907232779167
A_23_P68922	MICALL1	7.254229348
A_24_P303524	MICALL2	11.1999178178333
A_23_P387471	MICB	4.06607835583333
A_23_P46907	MICU1	6.76795855004167
A_33_P3217465	MID1IP1	10.513906055
A_23_P159956	MID2	4.13513350558333
A_33_P3338335	MIDN	12.55730887375
A_23_P3982	MIEN1	12.7532424745833
A_24_P230916	MIER1	7.03484548470833
A_33_P3227324	MIER2	11.36773910375
A_23_P18993	MIER3	6.85495008408333
A_23_P91619	MIF	16.1275165591667
A_24_P382026	MIF4GD	7.42249718125
A_33_P3256232	MIIP	11.40549641125
A_24_P33982	MILR1	3.85870800545833
A_33_P3230951	MIMT1	6.83332657666667
A_33_P3314146	MINA	7.31530316291667
A_23_P164313	MINK1	6.999905691
A_33_P3404950	MINOS1	9.83722516866667
A_23_P115885	MINPP1	6.97793734441667
A_23_P59602	MIOS	9.73700136816667
A_23_P68998	MIOX	6.39209191245833
A_23_P47806	MIP	3.96393332816667
A_23_P117274	MIPEP	7.05421579066667
A_21_P0000845	MIPEPP3	5.72705992295833
A_23_P300867	MIPOL1	5.24239039066667
A_19_P00321715	MIR100HG	4.70314765104167
A_32_P108156	MIR155HG	3.97603444416667
A_33_P3313622	MIR17HG	7.58817571704167
A_19_P00804859	MIR221	3.84075159745833
A_24_P253723	MIR22HG	7.82845628245833
A_23_P216935	MIR600HG	7.95217757420833
A_23_P353667	MIR7-3HG	5.265661148125
A_33_P3328360	MIRLET7BHG	4.98106863904167
A_23_P78152	MIS12	9.59292042329167
A_23_P252335	MIS18A	8.75089806029167
A_23_P364107	MIS18BP1	5.35212262808333
A_33_P3379506	MITD1	9.63233123670833
A_33_P3338733	MITF	5.88926737583333
A_33_P3279550	MIXL1	4.876662540625
A_24_P346855	MKI67	4.38550634929167
A_23_P50897	MKI67IP	9.96457539095833
A_23_P79962	MKKS	10.3264188541667
A_23_P348138	MKL1	9.07613289066667
A_23_P54556	MKL2	6.93472456179167
A_24_P914817	MKLN1	7.0652243795
A_23_P200126	MKNK1	9.718492152875
A_24_P929754	MKNK2	10.6334923758333
A_24_P410627	MKRN1	10.9646126283333
A_23_P57807	MKRN2	8.60062424470833
A_33_P3258923	MKRN3	8.09616617329167
A_32_P209624	MKRN7P	6.17948131683333
A_33_P3764663	MKRN9P	4.2854810255
A_24_P330796	MKS1	6.34512821466667
A_24_P326491	MKX	3.9780970495
A_33_P3315679	MLANA	3.62852945654167
A_23_P211680	MLC1	4.04446736679167
A_24_P304449	MLEC	7.57814686358333
A_23_P419947	MLF1	8.29591189591667
A_23_P254733	MLF1IP	7.520300611
A_23_P13873	MLF2	12.3347885179167
A_33_P3419720	MLH1	11.0586462725
A_33_P3636080	MLH3	7.73827442691667
A_23_P145555	MLIP	3.96695190091667
A_33_P3696837	MLK7-AS1	3.99114271229167
A_23_P61050	MLKL	3.76568305979167
A_33_P3390576	MLL	8.43804119820833
A_33_P3340254	MLL2	10.03394205875
A_21_P0011931	MLL3	8.84988095583333
A_23_P142421	MLL4	7.56488289270833
A_33_P3277407	MLL5	9.338878818125
A_33_P3289541	MLLT1	10.9725974716667
A_24_P406714	MLLT10	9.09582337775
A_23_P23346	MLLT11	15.8240107070833
A_24_P192627	MLLT3	6.9718545995
A_33_P3278407	MLLT4	9.06827025795833
A_33_P3376622	MLLT6	7.80190521295833
A_23_P19529	MLN	4.14403861970833
A_33_P3414157	MLPH	4.93012926370833
A_33_P3256054	MLST8	9.87485287429167
A_19_P00810045	MLX	8.87630402920833
A_24_P415624	MLXIP	9.14053935479167
A_23_P145786	MLXIPL	5.63288615879167
A_23_P88817	MLYCD	7.48070639745833
A_33_P3405168	MMAA	8.03596844775
A_33_P3367201	MMAB	8.79609304408333
A_24_P83586	MMACHC	7.462424058875
A_23_P94932	MMADHC	11.9840039295833
A_23_P164047	MMD	12.8543946179167
A_23_P330301	MMD2	4.63594676054167
A_33_P3370094	MME	4.758988468125
A_33_P3777207	MMEL1	6.48636806908333
A_23_P11224	MMGT1	11.539157295
A_23_P1691	MMP1	5.26077878883333
A_23_P57417	MMP11	8.359973295125
A_23_P150316	MMP12	3.84474456245833
A_24_P82106	MMP14	6.13982599304167
A_24_P116535	MMP15	11.2152176520833
A_24_P235400	MMP16	6.172217436625
A_23_P136413	MMP17	10.2279915333333
A_23_P203888	MMP19	6.213137408125
A_33_P3237135	MMP2	5.148719169125
A_23_P24211	MMP21	5.046365819
A_23_P74088	MMP23B	7.429688843
A_33_P3398331	MMP24	11.1297945991667
A_33_P3262124	MMP25	4.81925917595833
A_23_P2052	MMP26	3.74251018958333
A_33_P3398316	MMP27	3.967905196125
A_24_P196592	MMP28	6.550598914625
A_23_P161698	MMP3	3.818084217
A_23_P52761	MMP7	3.91834567379167
A_23_P40174	MMP9	7.214810380125
A_33_P3212257	MMRN1	3.772429772375
A_33_P3278211	MMRN2	6.44355284508333
A_23_P46982	MMS19	9.95865570545833
A_32_P95914	MMS22L	5.57303414508333
A_23_P6381	MN1	5.45275349633333
A_23_P32615	MNAT1	8.86464666720833
A_23_P133123	MND1	5.273483130875
A_23_P137935	MNDA	3.84573487491667
A_23_P341443	MNT	9.25349299275
A_32_P6015	MNX1	6.372939491125
A_23_P205389	MOAP1	10.8502750883333
A_24_P379765	MOB1A	6.674474379125
A_33_P3347622	MOB1B	7.20020947291667
A_23_P64499	MOB2	9.59979375645833
A_23_P130919	MOB3A	9.736581848625
A_24_P32085	MOB3B	5.76143170366667
A_23_P166	MOB3C	6.86166346554167
A_24_P225719	MOB4	9.90736410545833
A_23_P67042	MOCOS	4.100849821625
A_33_P3250612	MOCS1	7.448690542125
A_23_P92967	MOCS2	8.26115342258333
A_33_P3350202	MOCS3	8.90929103475
A_33_P3414242	MOG	5.36098562525
A_23_P142574	MOGAT1	4.99451625008333
A_33_P3353866	MOGAT2	4.02485656925
A_23_P317796	MOGAT3	5.34035992745833
A_23_P108662	MOGS	11.1697537770833
A_33_P3326989	MOK	5.93117931958333
A_23_P41075	MON1A	10.7930123783333
A_33_P3308626	MON1B	9.162176047
A_33_P3346937	MON2	5.48531683970833
A_23_P83683	MORC1	4.43307338016667
A_24_P100234	MORC2	8.01484457904167
A_32_P122793	MORC2-AS1	11.0151349191667
A_23_P325501	MORC3	9.63817388791667
A_23_P171117	MORC4	5.40386426125
A_24_P398898	MORF4L1	13.3879728583333
A_23_P114405	MORF4L2	11.5602151533333
A_24_P165205	MORN1	5.63328566358333
A_32_P69465	MORN2	9.36600742991667
A_33_P3422466	MORN3	6.09401104529167
A_24_P230938	MORN4	9.312834768875
A_24_P401491	MORN5	7.04146241341667
A_23_P157513	MOS	5.970057350125
A_23_P73835	MOSPD1	7.13363192970833
A_23_P406986	MOSPD2	6.42823577208333
A_23_P111492	MOSPD3	9.05974719716667
A_23_P161125	MOV10	4.96344656570833
A_33_P3409027	MOV10L1	3.95852568983333
A_23_P31064	MOXD1	5.904201654
A_33_P3301778	MOXD2P	4.258285639625
A_24_P198844	MPDU1	7.13025545533333
A_23_P71598	MPDZ	8.931532442625
A_33_P3212232	MPEG1	3.828474087875
A_24_P48162	MPG	9.87720992241667
A_23_P5586	MPHOSPH10	11.324571575
A_23_P140848	MPHOSPH6	7.53513281875
A_23_P204967	MPHOSPH8	10.3150235927083
A_24_P398500	MPHOSPH9	5.953024856125
A_23_P60579	MPI	9.25819267033333
A_33_P3325897	MPL	4.08023062291667
A_24_P44931	MPND	9.77174655395833
A_23_P141173	MPO	5.20000737679167
A_33_P3247858	MPP1	7.2671231625
A_33_P3360611	MPP2	10.018983872125
A_23_P141345	MPP3	11.4659138816667
A_33_P3404480	MPP4	4.65345678191667
A_33_P3248967	MPP5	7.53112697179167
A_23_P71053	MPP6	5.53557753575
A_33_P3229477	MPP7	4.66390555716667
A_24_P390833	MPPE1	8.92876921204167
A_23_P146855	MPPED1	5.96463315133333
A_33_P3315385	MPPED2	5.04952995308333
A_19_P00811812	MPRIP	8.39419270033333
A_23_P132285	MPST	12.26196026375
A_33_P3415216	MPV17	9.25923791754167
A_23_P357351	MPV17L	6.86724277295833
A_23_P165130	MPV17L2	9.72986395133333
A_33_P3368991	MPZ	4.401486952875
A_33_P3215953	MPZL1	10.4071344008333
A_33_P3215948	MPZL2	3.961497513125
A_24_P270033	MPZL3	4.9527264085
A_23_P431939	MR1	4.331008587125
A_23_P381172	MRAP	4.22989434108333
A_23_P357207	MRAP2	5.522811881625
A_24_P88850	MRAS	10.9429325529167
A_33_P3364741	MRC2	8.320389489375
A_23_P150189	MRE11A	7.15624633275
A_24_P351283	MREG	8.13800278404167
A_23_P144453	MRFAP1	12.8320993383333
A_23_P133058	MRFAP1L1	11.4496101170833
A_23_P127352	MRGPRD	3.88900741754167
A_24_P315638	MRGPRE	5.14095552779167
A_33_P3251984	MRGPRF	4.78977650341667
A_33_P3303176	MRGPRG	6.183998479625
A_23_P365725	MRGPRX1	4.706075058125
A_24_P279797	MRI1	4.639156149625
A_23_P15603	MRM1	6.22283216308333
A_23_P4545	MRO	4.13829140325
A_33_P3272508	MRP63	10.0571321685833
A_23_P84821	MRPL1	7.16098709791667
A_23_P218423	MRPL10	10.3477862925
A_33_P3228959	MRPL11	10.285625539125
A_33_P3365810	MRPL12	9.636355471625
A_23_P44974	MRPL13	10.9759259733333
A_33_P3278540	MRPL14	9.48778845708333
A_23_P94174	MRPL15	10.9423405908333
A_23_P47497	MRPL16	11.1462215983333
A_23_P87257	MRPL17	9.15930780954167
A_23_P8339	MRPL18	11.79753046625
A_23_P102262	MRPL19	7.92456723975
A_23_P7941	MRPL2	7.476667375375
A_24_P8768	MRPL20	11.9729588883333
A_23_P115955	MRPL21	12.5880957879167
A_23_P122233	MRPL22	10.6564060775
A_23_P105044	MRPL23	9.83215572225
A_21_P0007310	MRPL23-AS1	4.321218994875
A_23_P137848	MRPL24	10.0065484847083
A_23_P49768	MRPL27	11.2003051933333
A_23_P129513	MRPL28	11.7086630408333
A_23_P18422	MRPL3	10.48148660125
A_24_P302695	MRPL30	11.1846743025
A_33_P3304252	MRPL32	10.88278409
A_24_P285480	MRPL33	10.6458018754167
A_24_P125690	MRPL34	12.4281834275
A_32_P16489	MRPL35	5.87578773429167
A_24_P371758	MRPL36	11.0061135933333
A_33_P3297921	MRPL37	10.4485036875
A_33_P3386532	MRPL38	7.4262777255
A_19_P00812215	MRPL39	9.43494351445833
A_33_P3390477	MRPL4	11.4586200754167
A_24_P228667	MRPL40	9.78617768945833
A_32_P115130	MRPL41	13.1025712720833
A_24_P352445	MRPL42	9.36266359683333
A_23_P398491	MRPL42P5	8.30203298295833
A_33_P3263824	MRPL43	8.35145582883333
A_23_P90589	MRPL44	9.54019003108333
A_23_P113623	MRPL45	10.5270719025
A_32_P209989	MRPL46	9.964980381625
A_23_P502425	MRPL47	11.8119575554167
A_23_P162106	MRPL48	9.56877474408333
A_24_P201491	MRPL49	10.7137924529167
A_23_P253412	MRPL50	10.3491244762917
A_23_P99138	MRPL51	12.2985386225
A_24_P409330	MRPL52	9.9326847585
A_24_P371194	MRPL53	10.83082860125
A_23_P101742	MRPL54	9.302836489625
A_24_P160440	MRPL55	12.7564453979167
A_23_P34956	MRPL9	11.023124825
A_24_P209285	MRPS10	10.3262498558333
A_23_P48977	MRPS11	11.5392700945833
A_24_P569294	MRPS12	9.93640336358333
A_23_P62731	MRPS14	8.83645178995833
A_23_P114826	MRPS15	10.49442519125
A_33_P3320393	MRPS16	11.5726913483333
A_23_P258321	MRPS17	9.71655342129167
A_23_P122387	MRPS18A	9.49908018541667
A_33_P3336992	MRPS18B	9.897570574125
A_23_P81212	MRPS18C	8.28647897325
A_23_P135104	MRPS2	12.1583560233333
A_23_P86182	MRPS21	13.4839117558333
A_23_P72138	MRPS22	10.01810392525
A_23_P106998	MRPS23	9.11332128254167
A_23_P42884	MRPS24	12.1909099183333
A_33_P3266444	MRPS25	9.17551212945833
A_23_P252536	MRPS26	11.76639153875
A_24_P187859	MRPS27	7.01082840554167
A_23_P169050	MRPS28	10.240094049875
A_23_P252362	MRPS30	8.10499171525
A_23_P162807	MRPS31	11.7412419
A_23_P157352	MRPS33	10.8788797879167
A_33_P3422931	MRPS34	10.5101815475
A_23_P25073	MRPS35	11.47917461875
A_23_P29575	MRPS36	9.748263293625
A_23_P28538	MRPS5	11.02531073
A_23_P102890	MRPS6	13.5012086666667
A_23_P3979	MRPS7	8.634218722625
A_23_P154315	MRPS9	10.9141753816667
A_33_P3398809	MRRF	7.22264628516667
A_33_P3372281	MRS2	8.283869961375
A_33_P3265444	MRS2P2	3.751103056125
A_33_P3357580	MRTO4	8.031873882125
A_33_P3311403	MRVI1	5.88343636020833
A_23_P396299	MRVI1-AS1	7.05628781479167
A_33_P3406567	MS4A1	3.921029219125
A_33_P3350378	MS4A10	3.99098112929167
A_23_P127760	MS4A12	3.90082911079167
A_33_P3290577	MS4A14	4.07697999825
A_33_P3312499	MS4A15	3.76689324808333
A_33_P3402257	MS4A18	5.28775062558333
A_23_P1904	MS4A2	3.848383360625
A_23_P161909	MS4A3	3.75797711645833
A_23_P75769	MS4A4A	3.65166312479167
A_23_P104972	MS4A5	4.16198181604167
A_23_P203376	MS4A6A	4.195212902625
A_33_P3352098	MS4A7	4.507077734875
A_33_P3291379	MSGN1	4.10586225
A_23_P102471	MSH2	9.858647644125
A_23_P122001	MSH3	8.60212579983333
A_23_P74068	MSH4	4.07669074079167
A_33_P3346222	MSH5	5.897006767125
A_23_P102202	MSH6	7.50955029104167
A_23_P139795	MSI1	6.37038203341667
A_23_P44195	MSI2	7.56330594533333
A_33_P3266873	MSL1	9.40406752654167
A_23_P132438	MSL2	7.50728658004167
A_33_P3330872	MSL3	6.43217068833333
A_32_P235159	MSL3P1	8.05030812345833
A_23_P77529	MSLN	4.16408899425
A_23_P110184	MSMO1	9.20466079083333
A_33_P3307113	MSMP	4.045873958625
A_33_P3379326	MSR1	3.86530868966667
A_23_P61426	MSRA	8.08587552108333
A_23_P97932	MSRB2	11.1791337983333
A_33_P3278313	MSRB3	4.10669973416667
A_24_P148796	MST1	6.10870499145833
A_21_P0010692	MST1P2	4.72976176708333
A_23_P340376	MST1P9	5.49932751929167
A_23_P256312	MST1R	7.88399475825
A_23_P32414	MST4	8.593953556875
A_33_P3333527	MSTO1	9.077698430875
A_23_P110430	MSX1	4.87073208291667
A_32_P169179	MSX2P1	3.91032257283333
A_23_P54840	MT1A	12.3026983958333
A_23_P37983	MT1B	7.88198485975
A_23_P15174	MT1F	13.1248367516667
A_33_P3233645	MT1G	6.329196010875
A_33_P3315314	MT1H	11.78495792625
A_33_P3367293	MT1IP	5.18728514366667
A_23_P427703	MT1L	7.10951545620833
A_33_P3350056	MT1X	9.326292268125
A_23_P106844	MT2A	9.17896168479167
A_23_P129629	MT3	8.82456966116667
A_23_P152398	MT4	3.70017047008333
A_33_P3359306	MTA1	12.10559486
A_23_P203420	MTA2	10.0585997289583
A_23_P154522	MTA3	7.03028743704167
A_24_P51118	MTAP	7.46387485608333
A_23_P357794	MTBP	5.83701297408333
A_23_P145388	MTCH1	13.62644618
A_24_P934563	MTCH2	10.5412189775
A_24_P324520	MTCP1	4.142640233
A_23_P11295	MTCP1NB	8.187376171125
A_33_P3234168	MTDH	10.7821110175
A_23_P408108	MTERF	5.085588841375
A_23_P43071	MTERFD1	9.51628953641667
A_21_P0000553	MTERFD2	8.232750108125
A_23_P53530	MTERFD3	8.32385537783333
A_33_P3294237	MTF1	8.41517421066667
A_23_P46333	MTF2	10.60620503
A_23_P117727	MTFMT	7.33258642058333
A_23_P29204	MTFP1	8.79251952229167
A_24_P346587	MTFR1	5.72008908525
A_33_P3380263	MTG1	6.56404212245833
A_23_P117494	MTHFD1	9.43270598170833
A_24_P235049	MTHFD1L	6.77740402770833
A_23_P120316	MTHFD2	10.8270810516667
A_23_P112846	MTHFD2L	4.39411425995833
A_23_P404045	MTHFR	6.44606301258333
A_23_P163380	MTHFS	9.098911817125
A_23_P100455	MTHFSD	6.5134872035
A_23_P40072	MTIF2	6.39326387166667
A_23_P53788	MTIF3	11.78544365125
A_23_P161507	MTL5	5.39706404279167
A_33_P3389168	MTM1	4.512901289125
A_23_P73530	MTMR1	7.00176996941667
A_33_P3334590	MTMR10	5.782430459375
A_33_P3393927	MTMR11	5.0751195685
A_24_P354615	MTMR12	8.46267029766667
A_32_P9842	MTMR14	8.92586426320833
A_23_P64019	MTMR2	9.04823021175
A_33_P3235330	MTMR3	6.52107967045833
A_24_P382119	MTMR4	12.6460780458333
A_24_P419211	MTMR6	8.17679488945833
A_33_P3261222	MTMR7	8.72837867975
A_23_P84995	MTMR8	4.74377817470833
A_24_P261052	MTMR9	10.9832497208333
A_24_P160413	MTMR9LP	7.43865607979167
A_23_P127418	MTNR1B	3.53224926770833
A_23_P145068	MTO1	8.320562380875
A_23_P34606	MTOR	9.17107675145833
A_23_P1145	MTPAP	9.13790398070833
A_24_P55465	MTPN	11.5063114366667
A_33_P3389917	MTR	6.84022433404167
A_23_P37005	MTRF1	7.242445707875
A_23_P214882	MTRF1L	7.05447166745833
A_21_P0000100	MTRNR2L1	15.2453817808333
A_21_P0000110	MTRNR2L10	6.474266390375
A_21_P0003137	MTRNR2L2	14.65567016625
A_21_P0000103	MTRNR2L3	6.89240403979167
A_21_P0000104	MTRNR2L4	3.66663053341667
A_21_P0000105	MTRNR2L5	4.454800669625
A_21_P0000106	MTRNR2L6	16.2816124220833
A_21_P0000107	MTRNR2L7	8.084107363875
A_21_P0000108	MTRNR2L8	9.33509779433333
A_21_P0000109	MTRNR2L9	6.74774059308333
A_33_P3304377	MTRR	5.39304209583333
A_23_P347632	MTSS1	7.87071655695833
A_23_P403745	MTSS1L	7.5596492175
A_33_P3215457	MTTP	4.161805014625
A_33_P3352253	MTUS1	4.893567462375
A_23_P425990	MTUS2	6.456584607
A_33_P3332302	MTVR2	5.04022274595833
A_23_P137865	MTX1	9.31969154695833
A_23_P120335	MTX2	11.28438053375
A_33_P3356846	MTX3	5.101009950125
A_23_P137856	MUC1	5.94573489283333
A_33_P3352038	MUC12	4.20094342866667
A_23_P24332	MUC15	3.87753183933333
A_33_P3313110	MUC16	4.19608967254167
A_24_P169507	MUC17	4.31488850625
A_23_P256784	MUC2	5.55795010433333
A_33_P3226775	MUC20	7.00705454083333
A_33_P3214914	MUC22	4.23270417775
A_24_P239176	MUC4	6.82398717704167
A_33_P3216570	MUC5AC	6.12137689420833
A_24_P102650	MUC5B	4.97483441533333
A_33_P3304172	MUC6	4.995050250875
A_23_P121614	MUC7	3.76847434095833
A_33_P3256585	MUC8	4.68094078295833
A_23_P150979	MUCL1	3.765915313125
A_23_P37265	MUDENG	9.87250630691667
A_23_P200598	MUL1	10.3683357775
A_24_P194755	MUM1	8.918633290125
A_23_P73571	MUM1L1	6.32900029895833
A_33_P3335147	MURC	10.9526186716667
A_23_P161634	MUS81	10.3950497608333
A_33_P3230788	MUSK	5.35109037279167
A_24_P272310	MUSTN1	6.59577653420833
A_23_P400235	MUT	9.92269185491667
A_33_P3309271	MUTED	8.33973427095833
A_23_P51660	MUTYH	10.008341980875
A_23_P152125	MVD	9.31634165966667
A_23_P105592	MVK	12.8701471191667
A_33_P3294608	MVP	11.5217622716667
A_23_P17663	MX1	4.78907713416667
A_23_P6263	MX2	5.006689810625
A_24_P379750	MXD1	8.00140613241667
A_24_P417706	MXD3	7.020466994125
A_24_P234732	MXD4	9.45593822441667
A_23_P161399	MXI1	8.104034208625
A_23_P258136	MXRA5	3.96075150054167
A_24_P324314	MXRA7	11.0629386941667
A_24_P353905	MXRA8	8.683307300375
A_24_P134195	MYADM	8.73646408983333
A_33_P3422923	MYADML	4.32944123858333
A_33_P3380051	MYADML2	5.16839208441667
A_23_P31073	MYB	4.63409059404167
A_23_P78170	MYBBP1A	7.25100645025
A_33_P3346891	MYBL1	4.58018534616667
A_23_P143190	MYBL2	4.922595289375
A_33_P3278053	MYBPC1	5.63612337316667
A_33_P3257182	MYBPC2	4.418778146
A_23_P127385	MYBPC3	6.13753614766667
A_23_P148737	MYBPH	6.615070404125
A_33_P3358750	MYBPHL	8.29396543079167
A_23_P215956	MYC	4.44047607591667
A_23_P201655	MYCBP	8.39362090191667
A_23_P151459	MYCBP2	12.4174374695833
A_33_P3361388	MYCBPAP	4.47843465283333
A_23_P160668	MYCL1	6.614121057375
A_24_P94402	MYCN	10.8422423183333
A_23_P67952	MYCNOS	7.06827472966667
A_24_P945059	MYCT1	3.83723031504167
A_23_P362659	MYD88	4.85794263008333
A_33_P3641427	MYEF2	10.0026086233333
A_23_P360240	MYEOV	4.93091025270833
A_24_P915371	MYEOV2	8.08385695954167
A_23_P76460	MYF6	5.3155205105
A_23_P49657	MYH1	3.81696304929167
A_33_P3235004	MYH10	9.53249334575
A_23_P206920	MYH11	3.91148028566667
A_23_P89334	MYH13	3.83204743516667
A_23_P78734	MYH14	7.4462277165
A_24_P11900	MYH15	4.09638710158333
A_33_P3306078	MYH16	3.688476344125
A_23_P38271	MYH2	4.40221647258333
A_23_P26865	MYH3	12.4970928579167
A_23_P37167	MYH6	3.65780496875
A_24_P282383	MYH7	5.78357982320833
A_33_P3407469	MYH7B	6.071890210125
A_33_P3262729	MYH8	6.434551081375
A_33_P3353692	MYH9	7.84949358704167
A_24_P191326	MYL1	11.2253299416667
A_23_P393015	MYL10	3.89034641983333
A_23_P4572	MYL12A	11.68800386375
A_32_P42925	MYL12B	13.01069431125
A_23_P162547	MYL2	3.93825500029167
A_24_P131646	MYL3	4.71188164758333
A_24_P151032	MYL4	6.803081468375
A_23_P258018	MYL5	7.881597927625
A_24_P56130	MYL6	14.2986229975
A_23_P2223	MYL6B	13.9899555670833
A_23_P59738	MYL7	5.72962845608333
A_23_P210425	MYL9	4.07036976845833
A_33_P3255914	MYLIP	8.00368345125
A_23_P143817	MYLK	6.122643808375
A_21_P0000742	MYLK-AS1	7.92383197433333
A_23_P80008	MYLK2	6.68527783258333
A_33_P3300217	MYLK3	5.432727460875
A_33_P3252939	MYLK4	5.03777890583333
A_23_P60742	MYLPF	10.90800815
A_33_P3303104	MYNN	6.16314134566667
A_33_P3341424	MYO10	6.86014514745833
A_23_P27229	MYO15A	7.39186242075
A_32_P475513	MYO15B	5.30522402091667
A_24_P229234	MYO16	4.37599346020833
A_23_P78122	MYO18A	9.43811817175
A_23_P68846	MYO18B	5.46763102170833
A_23_P100868	MYO19	8.72055911854167
A_23_P162288	MYO1A	4.27466680620833
A_23_P361049	MYO1B	7.088831005625
A_23_P164022	MYO1C	15.3671359829167
A_33_P3297978	MYO1E	5.87118462904167
A_23_P142447	MYO1F	5.11121923766667
A_24_P206343	MYO1G	4.112856436375
A_32_P78059	MYO1H	3.830705435125
A_23_P86411	MYO3A	4.22376036383333
A_23_P417853	MYO3B	3.755005722625
A_24_P255218	MYO5A	11.0852266620833
A_33_P3317979	MYO5B	4.38586867333333
A_23_P140434	MYO5C	4.59615611454167
A_33_P3539345	MYO6	8.68180956854167
A_23_P422350	MYO7A	5.85522207983333
A_23_P209799	MYO7B	3.76613593166667
A_23_P205841	MYO9A	11.0683784245833
A_24_P246173	MYO9B	8.55160456445833
A_33_P3259042	MYOCD	4.422367876125
A_33_P3334773	MYOD1	7.92440205216667
A_33_P3354176	MYOF	4.32906940966667
A_23_P160438	MYOG	5.7233630055
A_23_P96271	MYOM1	8.38044952070833
A_23_P258912	MYOM2	7.49021298654167
A_23_P51213	MYOM3	4.692557405
A_23_P110764	MYOT	5.61768439775
A_23_P1320	MYOZ1	5.564136845875
A_24_P166126	MYOZ2	4.37569685020833
A_32_P88415	MYOZ3	7.601742392875
A_23_P104438	MYPN	4.73559862858333
A_24_P392480	MYPOP	6.4856631305
A_23_P326760	MYRIP	3.95103341766667
A_33_P3359518	MYSM1	5.14045974641667
A_23_P210835	MYT1	11.692292155
A_23_P398712	MYT1L	8.05990020058333
A_33_P3423874	MYZAP	4.27506623420833
A_33_P3351290	MZB1	4.55459637425
A_33_P3243168	MZF1	11.3257116941667
A_32_P9382	MZT1	10.0471932360417
A_24_P212152	MZT2B	14.6673251616667
A_23_P432610	N4BP1	10.2043201694167
A_23_P309779	N4BP2	8.53533092933333
A_33_P3245415	N4BP2L1	5.14765038170833
A_23_P65262	N4BP2L2	10.5272536591667
A_24_P140666	N4BP3	4.24598462979167
A_23_P151368	N6AMT2	9.18208166229167
A_33_P3622472	NAA10	10.0816053161667
A_23_P155890	NAA11	9.58196329758333
A_24_P226116	NAA15	6.28166809854167
A_23_P251785	NAA16	7.99723357775
A_23_P102770	NAA20	9.62740360345833
A_33_P3878964	NAA25	6.648568200375
A_24_P66679	NAA30	7.496630110375
A_33_P3373892	NAA35	7.64810513166667
A_23_P94009	NAA38	9.14808726495833
A_23_P35782	NAA40	7.34984319729167
A_33_P3424257	NAA50	9.08002038170833
A_33_P3424267	NAA60	9.06263354016667
A_23_P155666	NAAA	6.115880626875
A_23_P161583	NAALAD2	4.34981708779167
A_23_P52668	NAALADL1	3.760281663625
A_33_P3269631	NAALADL2	4.67425790566667
A_23_P209805	NAB1	7.98382481491667
A_33_P3248794	NAB2	11.80543871875
A_23_P162228	NACA	13.71456571
A_32_P141923	NACA2	11.57387009625
A_23_P93938	NACAD	12.1228704483333
A_23_P59888	NACAP1	5.1014648065
A_24_P915007	NACC1	8.597900042375
A_23_P113825	NACC2	5.66402760608333
A_23_P200056	NADK	7.794930908625
A_33_P3233649	NADKD1	6.36206368533333
A_23_P35848	NADSYN1	8.36026007558333
A_23_P77459	NAE1	11.01379315125
A_24_P223163	NAF1	4.47976908670833
A_24_P408457	NAGA	7.36319093875
A_23_P154208	NAGK	10.9840074141667
A_23_P26945	NAGLU	9.14069784575
A_23_P38041	NAGPA	8.38832887954167
A_32_P32739	NAGS	8.06124723145833
A_24_P89911	NAIF1	9.00485719929167
A_33_P3269166	NALCN	5.812310713
A_33_P3375934	NAMPT	7.017991034625
A_23_P204640	NANOG	6.754137655875
A_33_P3279286	NANOGNB	4.21753488016667
A_24_P383609	NANOS1	9.682431895
A_33_P3388453	NANOS2	4.35975314095833
A_24_P703830	NANOS3	9.82362572004167
A_33_P3406458	NANP	4.83853452595833
A_33_P3291776	NANS	10.88563609875
A_23_P53646	NAP1L1	12.6691726495833
A_23_P125705	NAP1L2	8.41229415520833
A_23_P125717	NAP1L3	9.077272500625
A_33_P3363938	NAP1L4	7.63060850683333
A_23_P144369	NAP1L5	11.600367195
A_23_P55990	NAPA	10.108020049125
A_33_P3365596	NAPB	12.4419732533333
A_32_P117170	NAPEPLD	8.66311640695833
A_24_P185314	NAPG	11.2332380241667
A_23_P43238	NAPRT1	6.41695573125
A_23_P90130	NAPSA	5.338152009375
A_23_P218317	NARF	11.3754999779167
A_23_P37877	NARFL	8.96878810679167
A_32_P129419	NARG2	NA
A_23_P101185	NARS	10.5869950341667
A_23_P24960	NARS2	9.68992661370833
A_33_P3233981	NASP	10.42357736
A_23_P95594	NAT1	6.28125760645833
A_23_P87329	NAT10	8.58086612045833
A_23_P50389	NAT14	11.92217960375
A_23_P31798	NAT2	4.47405878954167
A_23_P212400	NAT6	7.57611665366667
A_24_P308506	NAT8B	4.52138011408333
A_24_P91991	NAT8L	8.06139597083333
A_23_P66421	NAT9	11.13046223875
A_24_P102880	NAV1	9.430513317875
A_23_P354791	NAV2	9.32148182620833
A_33_P3788355	NAV2-AS4	5.18502714654167
A_23_P13740	NAV3	8.27616724070833
A_23_P332509	NBAS	9.950665703875
A_21_P0012273	NBEA	9.17020647066667
A_24_P109432	NBEAL1	6.50581510320833
A_24_P272160	NBEAL2	5.69709479483333
A_33_P3305655	NBEAP1	6.13861339379167
A_33_P3270514	NBLA00301	3.71104581529167
A_24_P278126	NBN	8.09705010458333
A_33_P3368800	NBPF1	7.49568387170833
A_32_P171181	NBPF10	9.98367598070833
A_32_P149492	NBPF11	6.91487981725
A_23_P359430	NBPF14	9.84318758191667
A_21_P0001374	NBPF15	9.024386957875
A_23_P399251	NBPF22P	4.43313262845833
A_32_P88635	NBPF3	5.88557596570833
A_33_P3279158	NBPF6	4.88348213583333
A_33_P3279167	NBPF7	3.50297621233333
A_23_P207399	NBR1	7.503145595375
A_23_P4160	NBR2	5.79450131745833
A_33_P3384695	NCALD	7.57471690429167
A_33_P3363804	NCAM1	9.813897880625
A_33_P3239884	NCAM2	9.23907996470833
A_23_P153797	NCAN	12.0319032095833
A_33_P3303385	NCAPD2	9.06051690495833
A_32_P71447	NCAPD3	7.36861430008333
A_33_P3230254	NCAPG	6.929576608625
A_33_P3659876	NCAPG2	7.29818608241667
A_33_P3230259	NCAPH	4.62375282891667
A_33_P3249439	NCAPH2	9.84863444966667
A_33_P3299854	NCBP1	7.2124328735
A_24_P157424	NCBP2	9.40396591075
A_33_P3411477	NCCRP1	8.027922635125
A_23_P97736	NCDN	10.4053921291667
A_23_P132644	NCEH1	7.37373650070833
A_33_P3369393	NCF1	4.758589323125
A_33_P3365432	NCF4	4.71456695095833
A_23_P255785	NCK1	9.121225821875
A_33_P3268564	NCK2	10.6562992279167
A_23_P73239	NCKAP1	9.843540554625
A_23_P360079	NCKAP5	4.71409823
A_33_P3305497	NCKAP5L	8.89478582720833
A_33_P3288023	NCKIPSD	7.57193461370833
A_23_P5551	NCL	12.9476569991667
A_24_P339664	NCLN	11.7847188591667
A_33_P3270009	NCOA1	8.168302754875
A_23_P428999	NCOA2	5.710929698
A_23_P120442	NCOA3	6.61337236791667
A_33_P3319463	NCOA4	10.8164438129167
A_23_P210515	NCOA5	7.02015583804167
A_23_P259135	NCOA6	12.20560452625
A_24_P12435	NCOA7	10.1638411737917
A_24_P204214	NCOR1	7.34374082070833
A_23_P203891	NCOR2	12.1606645466667
A_33_P3329063	NCR1	4.43235504733333
A_23_P413224	NCR2	4.060785173375
A_33_P3344423	NCR3	4.41926954508333
A_33_P3275350	NCS1	6.618607503875
A_23_P34402	NCSTN	10.69882882875
A_24_P182122	ND1	12.3641992504167
A_23_P431853	ND2	13.6878648733333
A_23_P360209	ND3	13.86527624875
A_23_P315252	ND4	14.6289239308333
A_33_P3336696	ND4L	15.4471888783333
A_23_P406928	ND5	12.7475054516667
A_23_P317056	ND6	8.07805484116667
A_23_P50108	NDC80	6.115279560625
A_23_P206901	NDE1	7.7142561215
A_33_P3244141	NDEL1	9.39602674620833
A_24_P209113	NDFIP1	10.151350500625
A_24_P264909	NDFIP2	8.51438563854167
A_23_P106405	NDN	11.46673141375
A_23_P110266	NDNF	5.57196690633333
A_24_P124973	NDNL2	7.09052001775
A_33_P3404508	NDOR1	6.88492941395833
A_23_P73609	NDP	3.74864261270833
A_23_P20494	NDRG1	10.2206243115417
A_33_P3383233	NDRG2	11.34725923125
A_24_P185604	NDRG3	8.638988283875
A_23_P140748	NDRG4	15.1388528166667
A_33_P3300092	NDST1	11.6058896695833
A_33_P3329255	NDST2	7.047405400125
A_23_P73170	NDST3	5.78600139425
A_23_P136371	NDST4	9.95019300958333
A_23_P159833	NDUFA1	12.8857305420833
A_33_P3416221	NDUFA10	8.55810563120833
A_23_P320185	NDUFA11	13.0314213475
A_33_P3241753	NDUFA12	10.79790035625
A_23_P119627	NDUFA13	13.762632715
A_23_P257795	NDUFA2	12.6556720070833
A_23_P208540	NDUFA3	13.030526715
A_23_P145777	NDUFA4	15.1411593358333
A_23_P9614	NDUFA4L2	5.03735971258333
A_23_P215751	NDUFA5	12.1501302145833
A_24_P23245	NDUFA6	10.023343947625
A_23_P108303	NDUFA7	12.0894944145833
A_23_P43566	NDUFA8	13.3220774375
A_24_P361006	NDUFA9	9.33931116316667
A_23_P140960	NDUFAB1	12.7003670841667
A_23_P26254	NDUFAF1	10.8717953108333
A_19_P00810523	NDUFAF2	9.322937048625
A_23_P256172	NDUFAF3	13.0291923995833
A_24_P171983	NDUFAF4	10.1053459658333
A_23_P140423	NDUFB1	12.3002142733333
A_23_P118105	NDUFB10	12.7042660158333
A_23_P22765	NDUFB11	13.6180789933333
A_24_P406301	NDUFB2	13.5732877333333
A_33_P3413597	NDUFB3	12.4879183966667
A_23_P69468	NDUFB4	13.35305924625
A_33_P3340164	NDUFB5	10.152399900875
A_21_P0000148	NDUFB6	11.4054362291667
A_23_P50872	NDUFB7	12.1261203404167
A_24_P346886	NDUFB8	13.8100646066667
A_24_P154006	NDUFB9	14.8024381541667
A_23_P92362	NDUFC1	12.1473535991667
A_24_P364236	NDUFC2	10.9624239920833
A_23_P131365	NDUFS1	12.1710764570833
A_23_P149470	NDUFS2	10.82928609375
A_23_P75402	NDUFS3	12.0837014329167
A_23_P257198	NDUFS4	12.7317893858333
A_23_P10463	NDUFS5	14.5495730941667
A_23_P122228	NDUFS6	12.00970736375
A_23_P165090	NDUFS7	8.10436273533333
A_33_P3213463	NDUFS8	12.6218317295833
A_33_P3317406	NDUFV1	13.0708295704167
A_23_P130418	NDUFV2	13.155761225
A_23_P211285	NDUFV3	11.0648633283333
A_21_P0011024	NEAT1	5.37747932016667
A_23_P146783	NEB	6.95219338683333
A_33_P3244007	NEBL	7.239265701125
A_23_P66011	NECAB2	9.66601553441667
A_23_P68628	NECAB3	9.05673984041667
A_32_P144920	NECAP1	9.06185626504167
A_23_P97296	NECAP2	9.028630143
A_33_P3260016	NEDD1	10.0437378075
A_32_P160883	NEDD4	4.94964063570833
A_24_P782308	NEDD4L	10.48682712625
A_23_P88420	NEDD8	14.4904179158333
A_33_P3368358	NEDD9	3.66138279170833
A_23_P300600	NEFH	10.2467377100417
A_33_P3287785	NEFL	15.9142344770833
A_33_P3249534	NEFM	16.1596959116667
A_33_P3341970	NEGR1	9.14342427
A_23_P129157	NEIL1	8.42902706004167
A_23_P94128	NEIL2	6.55199401879167
A_23_P155711	NEIL3	4.08804878433333
A_23_P124427	NEK1	8.10397478416667
A_33_P3284045	NEK10	4.94646725708333
A_23_P211973	NEK11	6.06227499254167
A_23_P35219	NEK2	4.56674468779167
A_23_P333705	NEK3	8.75556453358333
A_23_P121276	NEK4	7.880695342
A_23_P216920	NEK6	6.05309606783333
A_23_P353574	NEK7	5.69880265829167
A_24_P99639	NEK8	5.14876001916667
A_24_P347480	NEK9	9.898990534
A_23_P32064	NELF	9.988710948
A_23_P251151	NELL1	4.81451411258333
A_23_P10025	NELL2	12.4998712320833
A_23_P140328	NEMF	10.1109781105833
A_23_P137948	NENF	9.05577606733333
A_33_P3651948	NEO1	6.99334446933333
A_33_P3358233	NES	10.92088563625
A_23_P83931	NET1	9.73621873554167
A_23_P4489	NETO1	6.97820371420833
A_23_P3681	NETO2	11.2678316179167
A_24_P394533	NEU1	9.71339623341667
A_23_P218626	NEU4	5.39196979304167
A_33_P3293524	NEURL	10.4438135744167
A_33_P3222218	NEURL1B	7.59615673454167
A_23_P165989	NEURL2	6.14930282216667
A_23_P328740	NEURL3	5.40189015854167
A_23_P360179	NEURL4	10.2363294342917
A_33_P3285965	NEUROD1	10.1603925672083
A_32_P25295	NEUROD2	6.00156519441667
A_32_P320247	NEUROD4	7.91153549304167
A_23_P134340	NEUROD6	3.68780915254167
A_33_P3420680	NEUROG1	7.473266106625
A_32_P438767	NEUROG2	7.987332962375
A_33_P3292844	NEUROG3	7.31565993916667
A_33_P3341429	NEXN	6.516951219
A_24_P110780	NEXN-AS1	4.73569514475
A_24_P917026	NF1	6.336032386625
A_33_P3314446	NF1P2	7.03646228345833
A_23_P251051	NF2	9.10086062920833
A_33_P3292769	NFAM1	4.00501614008333
A_33_P3406866	NFASC	9.45794845158333
A_23_P359647	NFAT5	9.86077924916667
A_24_P258846	NFATC1	7.77625500479167
A_33_P3215333	NFATC2	4.30613549716667
A_33_P3646133	NFATC2IP	8.05273367420833
A_23_P77440	NFATC3	6.59269576241667
A_33_P3250083	NFATC4	8.106406113125
A_23_P13753	NFE2	4.95484763591667
A_24_P219552	NFE2L1	11.68199654875
A_23_P42718	NFE2L3	8.73341097616667
A_33_P3360814	NFE4	4.746913101625
A_33_P3319625	NFIA	6.606486526125
A_33_P3320082	NFIB	6.13681982516667
A_33_P3277965	NFIC	5.59796513808333
A_23_P32253	NFIL3	10.904970705
A_33_P3884230	NFIX	4.14159021183333
A_23_P30024	NFKB1	7.09356465504167
A_23_P202156	NFKB2	5.960019439
A_23_P106002	NFKBIA	9.89498076158333
A_23_P330895	NFKBIB	6.63688532991667
A_23_P383422	NFKBID	5.47456057504167
A_23_P30655	NFKBIE	9.45137566783333
A_33_P3283971	NFKBIL1	10.93115374875
A_23_P212089	NFKBIZ	4.63655348270833
A_23_P24485	NFRKB	5.96093296729167
A_23_P102842	NFS1	7.84082043258333
A_23_P147296	NFU1	7.85573637558333
A_23_P304543	NFX1	8.53392863525
A_33_P3355877	NFXL1	6.66753515754167
A_33_P3239634	NFYA	8.24989278733333
A_23_P53668	NFYB	8.81385616933333
A_33_P3363665	NFYC	8.74886762383333
A_23_P140375	NGB	6.69658786245833
A_23_P76841	NGDN	11.0484716608333
A_23_P102364	NGEF	6.58592167529167
A_23_P115190	NGF	5.076167379875
A_23_P389897	NGFR	12.4278107558333
A_23_P45524	NGFRAP1	15.2071919441667
A_23_P218841	NGLY1	10.85539977875
A_23_P140602	NGRN	9.526064063375
A_21_P0000551	NHEG1	3.89335591945833
A_24_P251381	NHEJ1	6.67398540175
A_24_P336474	NHLH1	10.5924575409583
A_33_P3374258	NHLH2	9.479493779
A_33_P3264116	NHLRC1	4.94964601020833
A_24_P252780	NHLRC2	5.98018813358333
A_32_P129950	NHLRC3	8.11918581416667
A_24_P316257	NHLRC4	6.583544638125
A_33_P3389942	NHP2	13.3766056216667
A_24_P382765	NHP2L1	11.7783073454167
A_32_P126375	NHS	6.74601849195833
A_23_P387184	NHSL1	7.1354981025
A_33_P3352758	NHSL2	4.38842530158333
A_23_P110005	NICN1	11.6441594233333
A_33_P3281191	NID1	6.43927759058333
A_33_P3302892	NID2	4.70234243683333
A_33_P3255766	NIF3L1	9.59966392104167
A_23_P254863	NIM1	10.0759015345417
A_23_P396353	NIN	8.90747729754167
A_33_P3271111	NINJ1	11.1095102879167
A_23_P48109	NINJ2	4.16315045566667
A_33_P3305731	NINL	9.388359730625
A_33_P3283906	NIP7	8.457568538375
A_33_P3250840	NIPA1	10.510963005
A_33_P3250845	NIPA2	10.7468253108333
A_33_P3417086	NIPAL1	4.11461863833333
A_23_P146111	NIPAL2	4.85587021608333
A_24_P45367	NIPAL3	7.9115968
A_33_P3415052	NIPAL4	4.58010530716667
A_23_P213883	NIPBL	9.893328748375
A_23_P120860	NIPSNAP1	11.0835464304167
A_23_P20606	NIPSNAP3A	9.44494603020833
A_24_P132624	NIPSNAP3B	5.85368283166667
A_24_P405621	NISCH	12.2621278404167
A_23_P376661	NIT1	9.411768974375
A_24_P120346	NIT2	9.85218890208333
A_23_P51376	NKAIN1	14.1893327329167
A_23_P170213	NKAIN2	7.76635398625
A_33_P3364463	NKAIN3	12.2890307204167
A_23_P17316	NKAIN4	9.81957071075
A_23_P62276	NKAP	8.35514342625
A_33_P3417880	NKAPL	5.07057675704167
A_21_P0006584	NKAPP1	5.0159172625
A_23_P429449	NKD1	6.570251012375
A_23_P41804	NKD2	10.3478554390417
A_23_P119042	NKG7	4.18164975025
A_23_P338519	NKIRAS1	7.61859788991667
A_33_P3380331	NKIRAS2	10.72036303375
A_32_P319858	NKPD1	4.61639294554167
A_23_P11214	NKRF	9.96320016129167
A_23_P212002	NKTR	10.5511963558333
A_24_P256155	NKX1-2	7.86630864841667
A_21_P0014866	NKX2-1-AS1	3.74875558866667
A_24_P38702	NKX2-3	5.87420224883333
A_33_P3359801	NKX2-4	3.42049250454167
A_33_P3299599	NKX2-5	12.73093145125
A_33_P3240632	NKX2-6	3.723036498625
A_33_P3381490	NKX2-8	4.22709065904167
A_33_P3239347	NKX3-1	4.31632521583333
A_23_P386254	NKX3-2	3.849737181
A_24_P68991	NKX6-1	6.391202407125
A_33_P3264910	NKX6-2	4.77704219391667
A_33_P3421275	NKX6-3	4.96774594354167
A_33_P3361513	NLE1	7.70619572691667
A_33_P3214690	NLGN1	7.87962429954167
A_23_P207125	NLGN2	11.759276025
A_23_P62298	NLGN3	6.38044624870833
A_33_P3287158	NLGN4X	7.28063797441667
A_33_P3248052	NLGN4Y	3.89290274170833
A_33_P3327108	NLK	11.5410474970833
A_33_P3489737	NLN	8.2812182055
A_23_P340019	NLRC3	7.36168137954167
A_33_P3272938	NLRC4	4.15318896033333
A_23_P26583	NLRC5	4.52816435741667
A_24_P83615	NLRP1	4.28770839295833
A_23_P403488	NLRP10	3.39455271129167
A_32_P27479	NLRP11	4.770533614875
A_23_P101434	NLRP12	4.73385033333333
A_23_P47579	NLRP14	4.04429625325
A_24_P213161	NLRP2	7.29388111766667
A_23_P9883	NLRP3	4.24993045079167
A_23_P164966	NLRP4	4.167986076875
A_23_P4962	NLRP5	4.11020743670833
A_23_P311632	NLRP6	3.77074525275
A_23_P16384	NLRP7	3.39138570929167
A_23_P351866	NLRP8	3.81855113320833
A_23_P409502	NLRP9	3.88621128841667
A_24_P244356	NLRX1	7.00588407579167
A_23_P88522	NMB	10.284824725125
A_23_P70634	NMBR	3.76100091145833
A_23_P32861	NMD3	8.477797325625
A_23_P152804	NME1	12.4883513095833
A_23_P141405	NME2	14.3975146791667
A_23_P152115	NME3	11.9392811170833
A_24_P210829	NME4	10.8444628958333
A_23_P156402	NME5	7.32562987241667
A_23_P313961	NME6	8.36404784166667
A_23_P46063	NME7	9.40947505679167
A_23_P212675	NME9	4.84789182491667
A_23_P154235	NMI	4.65137939
A_33_P3215193	NMNAT1	6.61374357866667
A_23_P354908	NMNAT2	11.4750465995833
A_24_P260134	NMNAT3	5.86891914966667
A_23_P26649	NMRAL1	10.74935848625
A_33_P3320832	NMS	3.61308907504167
A_24_P14010	NMT1	12.2456725925
A_23_P138693	NMT2	7.4844387195
A_23_P69537	NMU	6.59077499016667
A_23_P209700	NMUR1	5.06837573025
A_23_P122134	NMUR2	4.03054543970833
A_33_P3212575	NNAT	7.08562793579167
A_23_P127584	NNMT	6.30960318970833
A_24_P174775	NNT	5.944335444
A_23_P7074	NOA1	10.55689274375
A_23_P106822	NOB1	9.08886655508333
A_33_P3236310	NOBOX	8.15800526333333
A_23_P138058	NOC2L	9.06863261891667
A_23_P202496	NOC3L	7.57282760370833
A_33_P3394828	NOC4L	10.5822961945833
A_24_P129277	NOD1	4.595585160875
A_23_P420863	NOD2	4.63392637083333
A_33_P3299776	NODAL	4.16443594954167
A_33_P3391796	NOG	5.652796524375
A_33_P3417810	NOL10	6.74688322058333
A_23_P55073	NOL11	9.77007557783333
A_33_P3417820	NOL12	9.46475187429167
A_23_P206371	NOL3	11.7400802620833
A_24_P21410	NOL6	6.90357697445833
A_33_P3385361	NOL7	12.1253913
A_23_P71591	NOL8	10.4806696391667
A_23_P126727	NOL9	7.912802939875
A_23_P202143	NOLC1	11.0288826845833
A_33_P3278298	NOM1	5.400512311875
A_23_P44581	NOMO1	10.1507940449167
A_24_P413437	NONO	11.629068205
A_23_P54477	NOP10	13.5816879566667
A_32_P22622	NOP14	7.19861001904167
A_33_P3361257	NOP16	9.6392689955
A_23_P204364	NOP2	9.12923528108333
A_24_P101402	NOP56	8.90505813475
A_23_P154447	NOP58	11.6184646866667
A_33_P3365167	NOS1	4.11182382370833
A_23_P74309	NOS1AP	9.34072122208333
A_23_P502464	NOS2	4.4007190125
A_21_P0000025	NOS3	6.64247794416667
A_24_P194017	NOSIP	9.82130549595833
A_23_P79360	NOSTRIN	3.87968483475
A_23_P60387	NOTCH1	5.87572245383333
A_23_P200792	NOTCH2	6.10740741416667
A_33_P3212640	NOTCH2NL	5.21225721375
A_33_P3313055	NOTCH3	9.59812330191667
A_23_P365614	NOTCH4	7.22335148875
A_33_P3264771	NOTO	4.394397981125
A_23_P82929	NOV	4.3439662935
A_33_P3347697	NOVA1	8.68798248170833
A_33_P3347707	NOVA2	9.111218941875
A_33_P3286552	NOX1	4.21847826304167
A_23_P82099	NOX3	5.17855290879167
A_33_P3224324	NOX4	4.50157470333333
A_23_P254353	NOXA1	9.54070444091667
A_33_P3333800	NOXO1	4.8801243075
A_23_P382682	NOXRED1	4.11554231241667
A_23_P27734	NPAS1	7.092590186
A_23_P218597	NPAS2	3.665368702375
A_23_P2942	NPAS3	6.070401025625
A_23_P203013	NPAT	5.99529760470833
A_23_P300740	NPB	6.87119556420833
A_33_P3233219	NPBWR1	3.92793300579167
A_23_P107587	NPC1	8.22944150275
A_23_P20075	NPC1L1	5.126793920375
A_23_P48717	NPC2	9.57614979008333
A_33_P3300941	NPCDR1	4.059636780375
A_23_P146572	NPDC1	13.1404874879167
A_33_P3332865	NPEPL1	10.0650027837917
A_21_P0014949	NPEPPS	9.18070196345833
A_23_P204079	NPFF	10.0898610095833
A_23_P1452	NPFFR1	4.66764550379167
A_23_P155900	NPFFR2	4.02753325329167
A_24_P88801	NPHP1	7.76430427604167
A_33_P3228072	NPHP3	6.67945372041667
A_33_P3372389	NPHP4	5.55783185354167
A_23_P5200	NPHS1	5.39559806175
A_23_P35055	NPHS2	6.27877084245833
A_21_P0011654	NPIP	11.7805298175
A_32_P14850	NPIPL2	11.72412746875
A_33_P3356990	NPIPL3	4.34062249116667
A_33_P3414912	NPL	6.46750107604167
A_33_P3238966	NPLOC4	9.61538755666667
A_23_P214037	NPM1	12.86081135
A_33_P3272479	NPM2	8.6697236465
A_23_P52298	NPM3	9.30123218325
A_23_P253896	NPNT	6.97865431220833
A_33_P3323699	NPPA	5.176744552375
A_21_P0000687	NPPA-AS1	4.62543439920833
A_33_P3362008	NPPB	6.55426559783333
A_23_P301942	NPPC	6.24062040991667
A_23_P147711	NPR1	4.94411861333333
A_23_P123622	NPR2	9.596464706875
A_23_P253536	NPR3	3.56647887395833
A_23_P18267	NPRL2	9.87699332895833
A_23_P100326	NPRL3	11.05509380125
A_33_P3232290	NPS	4.54972178616667
A_33_P3417113	NPSR1	4.49080955416667
A_23_P37598	NPTN	9.937083237625
A_23_P124905	NPTX1	9.00967159225
A_23_P82651	NPTX2	7.66690534954167
A_23_P29282	NPTXR	6.20224697358333
A_23_P59654	NPVF	3.909316078
A_23_P352799	NPW	5.46708983979167
A_23_P256470	NPY	5.393966259375
A_23_P69699	NPY1R	4.82804469075
A_33_P3396244	NPY2R	4.40502600579167
A_23_P251836	NPY5R	6.464065699875
A_24_P411573	NPY6R	4.17215970104167
A_23_P206661	NQO1	4.63763762345833
A_23_P58953	NQO2	7.08706014575
A_33_P3284359	NR0B1	3.85976168808333
A_23_P160800	NR0B2	4.44366789508333
A_24_P250227	NR1D1	5.02510972366667
A_33_P3409124	NR1D2	4.92345113079167
A_23_P55926	NR1H2	7.41792429070833
A_33_P3237775	NR1H3	7.73525437991667
A_23_P25396	NR1H4	3.98010002358333
A_23_P109785	NR1I2	3.72694064604167
A_33_P3414594	NR1I3	4.56869120283333
A_33_P3302220	NR2C1	6.64860447183333
A_23_P40936	NR2C2	7.77654496270833
A_24_P126181	NR2C2AP	8.35370827366667
A_23_P338372	NR2E1	3.90705729595833
A_33_P3226192	NR2E3	5.03567030279167
A_33_P3403117	NR2F1	11.6058863391667
A_23_P88589	NR2F2	8.96947431966667
A_33_P3403132	NR2F6	12.9696679108333
A_33_P3216297	NR3C1	7.034374066625
A_23_P392470	NR3C2	3.84178235166667
A_33_P3299066	NR4A2	6.889580217375
A_23_P398566	NR4A3	6.163073058
A_23_P216915	NR5A1	4.44755978141667
A_33_P3389728	NR5A2	6.38579045195833
A_33_P3386150	NRADDP	3.81389210775
A_23_P402765	NRAP	4.18273504404167
A_33_P3337267	NRARP	6.30527806704167
A_33_P3317825	NRAS	7.96948124166667
A_33_P3415895	NRBF2	8.32176313158333
A_23_P165442	NRBP1	10.0592446535417
A_24_P242132	NRBP2	8.31260205029167
A_24_P252364	NRCAM	10.1101914890417
A_23_P23006	NRD1	12.1680777025
A_23_P59418	NRF1	5.42046820191667
A_33_P3284345	NRG1	9.91618519025
A_33_P3395513	NRG2	4.59545826054167
A_33_P3229417	NRG3	7.43722255925
A_23_P334727	NRG4	4.444491036625
A_23_P116264	NRGN	8.002503207
A_33_P3251430	NRIP1	10.32650077125
A_23_P13929	NRIP2	5.65095826425
A_32_P486693	NRIP3	5.28413544966667
A_33_P3248405	NRK	4.08628869208333
A_33_P3338631	NRL	5.68293089508333
A_23_P8055	NRM	10.259355743375
A_23_P414519	NRN1	9.38420299845833
A_32_P8551	NRN1L	6.13939678754167
A_24_P928052	NRP1	7.90548970525
A_33_P3297415	NRP2	5.39294225758333
A_23_P255618	NRSN1	5.24558658333333
A_23_P143274	NRSN2	8.19850008770833
A_23_P90359	NRTN	8.28333852858333
A_23_P95453	NRXN1	8.79722334841667
A_24_P261470	NRXN2	11.485895155
A_33_P3851023	NRXN3	4.66559883966667
A_24_P238333	NSA2	8.70328056108333
A_23_P124327	NSD1	6.48574846358333
A_33_P3236082	NSDHL	11.1885998441667
A_21_P0000605	NSF	8.40865084066667
A_23_P210719	NSFL1C	9.44007293525
A_24_P370970	NSL1	6.65207381420833
A_23_P134809	NSMAF	8.74436437204167
A_23_P95823	NSMCE1	9.85643676341667
A_23_P422794	NSMCE2	9.6404980595
A_24_P189458	NSMCE4A	9.293972160125
A_33_P3325087	NSRP1	8.57487728308333
A_23_P7423	NSUN2	10.4867939204167
A_23_P21785	NSUN3	7.01305759095833
A_24_P130792	NSUN4	8.10003557733333
A_23_P82412	NSUN5	11.38781271
A_23_P61580	NSUN6	7.610085388875
A_24_P7121	NSUN7	3.75896211108333
A_33_P3229256	NT5C	11.7074543279167
A_24_P113960	NT5C1A	3.68065475329167
A_32_P421816	NT5C1B	4.191840715625
A_33_P3255354	NT5C2	9.11606643041667
A_33_P3393836	NT5C3	10.1814646080417
A_23_P49924	NT5C3L	10.3472533347917
A_23_P382043	NT5DC1	8.40043456708333
A_23_P44836	NT5DC2	11.8949054866667
A_32_P76720	NT5DC3	6.52105001183333
A_33_P3376131	NT5DC4	3.98585612370833
A_24_P316430	NT5E	3.788167332375
A_33_P3242863	NT5M	9.87023311016667
A_23_P170498	NTAN1	10.5972100995833
A_23_P360797	NTF3	7.01692209775
A_23_P4899	NTF4	4.502753331
A_23_P88904	NTHL1	10.0635084104583
A_32_P53524	NTN1	6.41490951141667
A_33_P3271261	NTN3	3.88206692370833
A_23_P204630	NTN4	3.91295209895833
A_32_P394951	NTN5	5.96952102954167
A_33_P3221408	NTNG1	3.63975087791667
A_23_P423331	NTNG2	7.94457777695833
A_23_P200252	NTPCR	9.823674552875
A_24_P265506	NTRK1	9.488849890125
A_33_P3322784	NTRK2	4.37696799116667
A_23_P205900	NTRK3	5.83733505791667
A_23_P36882	NTS	4.06475017316667
A_23_P371039	NTSR1	6.878939123375
A_23_P315212	NTSR2	4.07648945983333
A_23_P348257	NUAK1	7.89366307266667
A_33_P3338166	NUAK2	7.72001370645833
A_23_P215154	NUB1	8.98414088716667
A_21_P0013005	NUBP1	7.72959896704167
A_23_P49082	NUBP2	9.49598827470833
A_33_P3344733	NUBPL	9.13358024529167
A_23_P78771	NUCB1	8.147021300125
A_23_P13364	NUCB2	9.369090402
A_24_P145122	NUCKS1	7.95202418691667
A_23_P74653	NUDC	11.644277245
A_24_P106794	NUDCD1	6.91126797225
A_23_P360245	NUDCD2	9.74536051841667
A_33_P3356731	NUDCD3	8.94873305829167
A_23_P134295	NUDT1	10.7506698566667
A_24_P400044	NUDT10	7.30025249020833
A_24_P345002	NUDT11	7.69576686608333
A_23_P259090	NUDT12	6.43040310295833
A_23_P161324	NUDT13	5.71394283479167
A_23_P414978	NUDT14	8.65964657183333
A_24_P244699	NUDT15	6.872114285875
A_23_P310560	NUDT16	6.91105361633333
A_23_P49429	NUDT16L1	10.6593609325
A_21_P0012400	NUDT16P1	6.129907509375
A_33_P3336810	NUDT17	6.10048605991667
A_23_P123454	NUDT18	7.53034636520833
A_32_P93391	NUDT19	7.52368072591667
A_23_P112478	NUDT2	9.60084531308333
A_33_P3418942	NUDT21	9.27993790070833
A_23_P75441	NUDT22	9.74383593354167
A_24_P67946	NUDT4	6.35842674741667
A_23_P1199	NUDT5	10.250487556625
A_23_P155857	NUDT6	8.23884025091667
A_23_P3602	NUDT7	6.03234134141667
A_33_P3384932	NUDT8	8.79124313604167
A_23_P94860	NUDT9	9.29146322716667
A_32_P40463	NUDT9P1	5.74225231579167
A_23_P74349	NUF2	5.02312606495833
A_23_P36939	NUFIP1	7.19906545308333
A_24_P791829	NUFIP2	10.133078205375
A_23_P162120	NUMA1	9.98395962154167
A_23_P88381	NUMB	8.879988127125
A_23_P14062	NUP107	10.1667521449583
A_33_P3306510	NUP153	10.4339133695833
A_23_P7679	NUP155	7.89771277120833
A_23_P43726	NUP160	9.41189237566667
A_24_P237753	NUP188	7.42862395683333
A_32_P51084	NUP205	10.72515908
A_23_P212159	NUP210	7.40972686475
A_23_P366098	NUP210L	4.36448463729167
A_23_P257091	NUP214	9.19445963204167
A_23_P102320	NUP35	8.22499437579167
A_23_P48099	NUP37	7.90200574133333
A_23_P31055	NUP43	8.081715430875
A_32_P121303	NUP50	8.02015273679167
A_23_P92320	NUP54	9.896031306375
A_24_P322444	NUP62	11.72178165875
A_23_P33914	NUP62CL	4.62706650316667
A_23_P26777	NUP85	9.79362393291667
A_23_P152919	NUP88	8.94068722691667
A_23_P89056	NUP93	8.11927418108333
A_23_P203586	NUP98	9.07968588466667
A_23_P390190	NUPL1	8.85109749575
A_24_P270728	NUPR1	4.41914100425
A_33_P3317282	NUS1	7.88118690566667
A_33_P3350488	NUSAP1	6.64492663291667
A_23_P118038	NUTF2	11.1998581291667
A_23_P96990	NVL	11.4943706445833
A_33_P3519250	NWD1	4.00074018591667
A_23_P13359	NXF1	9.843838042625
A_23_P148568	NXF2	4.29339428483333
A_23_P171336	NXF3	5.39542697025
A_23_P114353	NXF5	4.34868437708333
A_23_P61778	NXN	9.294088089875
A_23_P384650	NXNL1	4.3200341295
A_23_P418464	NXNL2	4.97965029641667
A_23_P111604	NXPH1	6.24028118404167
A_23_P316121	NXPH2	4.19396470825
A_24_P150931	NXPH3	6.894506956625
A_33_P3363245	NXPH4	7.81573597275
A_23_P251695	NXT1	10.5963369533333
A_33_P3366575	NXT2	5.273489197
A_33_P3382835	NYNRIN	6.891496980625
A_23_P137046	NYX	8.05322140279167
A_24_P129588	O3FAR1	5.99438158329167
A_24_P391586	OAF	4.26658770191667
A_23_P204087	OAS2	4.61448372420833
A_33_P3402489	OAS3	3.87815886195833
A_23_P139786	OASL	4.602229496875
A_23_P98092	OAT	10.5387078329167
A_23_P409951	OAZ1	15.4092320775
A_23_P106463	OAZ2	12.16787071625
A_32_P226078	OAZ3	4.56288472354167
A_23_P46852	OBFC1	8.63571947845833
A_24_P229531	OBFC2A	7.670910129125
A_24_P283928	OBFC2B	9.2218351405
A_23_P112327	OBP2A	3.85475111316667
A_33_P3243917	OBP2B	4.24860096383333
A_33_P3404546	OBSCN	7.61563478379167
A_23_P300484	OBSL1	8.85200846754167
A_33_P3350575	OC90	5.00785514670833
A_33_P3236109	OCA2	6.74128954370833
A_23_P90523	OCEL1	8.37160336304167
A_23_P213093	OCIAD1	12.1724420683333
A_23_P121702	OCIAD2	10.757188115
A_23_P103349	OCLM	3.883767373125
A_24_P102053	OCLN	5.34273232420833
A_32_P145867	OCM2	5.26604289666667
A_23_P32903	OCRL	10.9257008616667
A_23_P58228	ODAM	4.51450584816667
A_23_P165840	ODC1	13.9341425579167
A_23_P31626	ODF1	3.510734873375
A_21_P0000203	ODF2	8.02065678395833
A_33_P3244998	ODF2L	15.038273735
A_33_P3219146	ODF3	4.921633811875
A_33_P3326917	ODF3B	6.1757290465
A_32_P468743	ODF3L1	3.98758898645833
A_23_P316850	ODF3L2	8.50631532116667
A_23_P421526	ODF4	4.47053503495833
A_33_P3283863	ODZ1	4.064168467375
A_24_P299474	ODZ2	6.32717646608333
A_24_P69053	ODZ3	7.49359805604167
A_24_P342312	ODZ4	7.01558141408333
A_33_P3224595	OFD1	8.61544951116667
A_24_P290770	OGDH	6.15930032841667
A_23_P161297	OGDHL	9.78596418729167
A_23_P3775	OGFOD1	9.15960809604167
A_33_P3245927	OGFOD2	8.04974459233333
A_33_P3254801	OGFR	11.531048525
A_23_P7791	OGFRL1	8.16336392195833
A_23_P344392	OGG1	9.33354455541667
A_33_P3227284	OGT	11.5475535175
A_23_P379614	OIP5	4.64194022879167
A_21_P0008626	OIP5-AS1	8.34394578720833
A_24_P114438	OLA1	11.0987447295833
A_23_P161458	OLAH	3.92499725666667
A_33_P3248354	OLFM1	9.613655515875
A_23_P67151	OLFM2	7.87895157508333
A_33_P3791263	OLFM3	3.97731265395833
A_23_P147665	OLFML1	4.25947705308333
A_33_P3248137	OLFML2A	5.27782725829167
A_23_P137689	OLFML2B	6.10795528154167
A_24_P11315	OLFML3	5.53864294625
A_23_P154849	OLIG1	10.128833410625
A_23_P211079	OLIG2	7.41194265504167
A_23_P138137	OMA1	7.86735523666667
A_23_P94397	OMD	3.877876256875
A_23_P116587	OMP	4.49534670845833
A_23_P340717	ONECUT1	11.1248701695833
A_32_P124708	ONECUT2	14.1558829641667
A_33_P3238969	ONECUT3	8.52518343375
A_19_P00804024	OOSP1	4.12136892166667
A_33_P3346498	OPA1	8.64796482929167
A_33_P3376636	OPA3	7.29686158583333
A_24_P132813	OPALIN	3.76101602554167
A_32_P160563	OPCML	3.93361673233333
A_33_P3307735	OPHN1	6.188482065875
A_23_P170186	OPLAH	8.25839610425
A_23_P96623	OPN1MW	4.96767961045833
A_23_P419156	OPN1SW	5.09991862370833
A_23_P74391	OPN3	6.199804575
A_23_P24234	OPN4	5.29501589708333
A_33_P3404974	OPN5	4.692277852375
A_33_P3272075	OPRD1	4.04498390983333
A_23_P345564	OPRL1	6.71328635241667
A_24_P397613	OPRM1	3.84933686029167
A_23_P97096	OPTC	3.85356715954167
A_33_P3333317	OPTN	10.7432090783333
A_24_P409230	OR10A2	4.07428022770833
A_33_P3285032	OR10A3	3.96924376320833
A_23_P75867	OR10A4	3.98016720833333
A_23_P315991	OR10A5	5.20891080745833
A_33_P3262276	OR10A7	4.43841682179167
A_33_P3213408	OR10AD1	4.129268671625
A_33_P3391370	OR10AG1	3.86120996166667
A_24_P60680	OR10C1	4.53840751925
A_33_P3225507	OR10G2	4.3473649205
A_33_P3225378	OR10G3	4.33313268258333
A_33_P3273906	OR10G4	4.25629997358333
A_33_P3262281	OR10G7	3.69794853545833
A_23_P125204	OR10G8	5.1300552595
A_33_P3336627	OR10G9	3.776796704625
A_23_P27917	OR10H1	4.33535180745833
A_23_P50799	OR10H2	6.968556277125
A_23_P5258	OR10H4	4.11613351891667
A_33_P3359383	OR10H5	3.82126146704167
A_23_P397468	OR10J1	3.77171537579167
A_32_P385645	OR10J3	3.83055549645833
A_23_P126031	OR10J5	4.51480271320833
A_33_P3381052	OR10K1	4.70578318729167
A_33_P3225535	OR10K2	4.07833690366667
A_24_P167377	OR10P1	5.22066170020833
A_33_P3766667	OR10R3P	3.97848717166667
A_23_P23507	OR10T2	4.344946268875
A_33_P3381097	OR10V1	3.87231321604167
A_33_P3381092	OR10W1	4.22022914354167
A_33_P3313250	OR10X1	3.72504208104167
A_33_P3381107	OR10Z1	3.676487501
A_23_P59099	OR11A1	5.62692093520833
A_23_P37231	OR11G2	3.79441176229167
A_23_P128868	OR11H12	4.45249460570833
A_33_P3379906	OR11H6	4.14975910870833
A_23_P93295	OR12D2	3.97049856545833
A_33_P3213962	OR13A1	4.91361161941667
A_33_P3356877	OR13C3	3.99961549733333
A_33_P3266479	OR13G1	3.641920291875
A_33_P3266489	OR13H1	4.05269064558333
A_33_P3213982	OR13J1	3.871643466625
A_33_P3225978	OR14A16	4.39595524820833
A_33_P3228622	OR14I1	3.909228725125
A_23_P141665	OR1A1	4.08632829220833
A_23_P130281	OR1A2	3.87534596195833
A_23_P27239	OR1D2	4.54907132308333
A_23_P15832	OR1D5	3.99054874579167
A_23_P101073	OR1E1	4.45326862479167
A_23_P318890	OR1F1	4.66049221391667
A_23_P382506	OR1F2P	4.18066341429167
A_23_P38634	OR1G1	3.96123300316667
A_33_P3414507	OR1I1	3.90864102645833
A_33_P3376080	OR1J1	5.83171169491667
A_33_P3306427	OR1J2	3.896213157
A_33_P3376090	OR1J4	5.27483415379167
A_33_P3338382	OR1K1	4.547594293625
A_33_P3299619	OR1L1	3.75583561433333
A_23_P94647	OR1L3	3.94218015420833
A_33_P3343812	OR1L6	5.768807130875
A_33_P3299639	OR1L8	4.47085867075
A_33_P3261636	OR1M1	3.89632069695833
A_33_P3223739	OR1N1	3.44839708316667
A_23_P135226	OR1N2	5.56351438458333
A_33_P3270360	OR1S1	5.56809911816667
A_23_P13294	OR1S2	4.55389551558333
A_33_P3423919	OR2A12	4.196250905
A_33_P3394312	OR2A2	5.31251225216667
A_24_P52293	OR2A25	3.753158810375
A_33_P3261862	OR2A42	3.59827770241667
A_33_P3379680	OR2A5	4.45484584233333
A_23_P134566	OR2A7	4.201125681875
A_23_P123172	OR2A9P	4.1762008105
A_33_P3423335	OR2AE1	4.052797177125
A_33_P3266078	OR2AG1	4.53767129883333
A_33_P3262069	OR2AG2	5.73363839779167
A_33_P3364190	OR2AK2	4.41276842575
A_33_P3365621	OR2AT4	5.15070245508333
A_33_P3310377	OR2B11	3.930774756375
A_23_P111088	OR2B2	4.22853316695833
A_33_P3313366	OR2B3	4.09875473204167
A_23_P163737	OR2C1	4.95681590825
A_33_P3209806	OR2C3	4.20855565858333
A_33_P3264193	OR2D2	4.351815298375
A_33_P3264188	OR2D3	4.30056955245833
A_23_P8716	OR2F1	3.92286719470833
A_21_P0000001	OR2F2	3.95730139929167
A_33_P3365077	OR2G2	4.63574297845833
A_33_P3267769	OR2G3	3.73540326804167
A_33_P3365082	OR2G6	3.43906291525
A_24_P940897	OR2H1	5.97275738425
A_23_P307274	OR2H2	4.40313217870833
A_33_P3231631	OR2J3	4.32026193158333
A_33_P3408042	OR2K2	NA
A_23_P370786	OR2L13	4.00228644245833
A_33_P3387781	OR2L1P	6.32983893145833
A_33_P3369979	OR2L2	5.41984523104167
A_33_P3369975	OR2L3	4.35680322291667
A_33_P3370001	OR2L8	4.41006295670833
A_33_P3331952	OR2M3	4.19150252254167
A_33_P3331966	OR2M4	3.81644187770833
A_33_P3290249	OR2M5	4.14797907791667
A_33_P3311046	OR2M7	5.52797062858333
A_23_P135007	OR2S2	3.81147942
A_33_P3260659	OR2T1	4.06638887016667
A_33_P3289701	OR2T12	NA
A_33_P3336014	OR2T2	3.908491012875
A_33_P3327076	OR2T27	5.00432607766667
A_33_P3350086	OR2T33	4.39626441754167
A_33_P3260667	OR2T34	4.454638825375
A_33_P3260680	OR2T4	3.891970234875
A_24_P281439	OR2T5	3.85662010316667
A_33_P3260684	OR2T6	4.16343569325
A_33_P3319834	OR2T8	3.82726187675
A_23_P18913	OR2V2	3.64095934683333
A_33_P3265709	OR2Y1	4.05279911670833
A_33_P3227706	OR2Z1	4.23623472729167
A_23_P107483	OR3A3	4.494891157375
A_33_P3282693	OR3A4P	4.865809961
A_23_P139099	OR4A15	4.80957630058333
A_33_P3385471	OR4A47	4.156978518
A_33_P3281641	OR4B1	3.60288720679167
A_33_P3213144	OR4C11	3.91706943266667
A_33_P3272070	OR4C12	3.74633201645833
A_23_P52914	OR4C15	4.96349838845833
A_33_P3210637	OR4C16	4.11206540641667
A_23_P2077	OR4C3	3.978420491
A_24_P281403	OR4C46	4.50601026120833
A_33_P3243118	OR4C6	4.85082180125
A_33_P3420605	OR4D1	4.13316930070833
A_33_P3239278	OR4D10	6.69137879429167
A_33_P3389898	OR4D11	4.60970567883333
A_33_P3420611	OR4D2	4.21757918204167
A_33_P3420635	OR4D6	5.49525229683333
A_33_P3420640	OR4D9	4.18445362383333
A_33_P3272385	OR4E2	4.16429325291667
A_33_P3290874	OR4F15	4.51363255029167
A_33_P3316147	OR4F21	3.97793919020833
A_33_P3268582	OR4F29	3.90428796420833
A_24_P58501	OR4F4	3.84096924233333
A_33_P3344454	OR4F6	4.10780899941667
A_33_P3237050	OR4K14	4.13292500370833
A_33_P3349746	OR4K2	3.92932961008333
A_33_P3349751	OR4K5	3.81118266208333
A_33_P3310644	OR4L1	3.642536997875
A_33_P3257130	OR4M1	4.20703559391667
A_33_P3218659	OR4N2	5.630084293125
A_33_P3312529	OR4N3P	4.302924242
A_23_P88643	OR4N4	4.71023228595833
A_33_P3354836	OR4P4	4.237153927125
A_33_P3315979	OR4Q3	4.15747407383333
A_33_P3224290	OR4S2	3.86207639470833
A_33_P3229487	OR4X1	3.86055724079167
A_24_P349274	OR4X2	5.05433731958333
A_23_P13455	OR51A7	3.73006393404167
A_33_P3310154	OR51B6	3.92893650308333
A_23_P24898	OR51D1	4.148692214
A_23_P13493	OR51E1	4.077610027625
A_33_P3424507	OR51F1	5.00201649416667
A_23_P105118	OR51G1	3.883414740125
A_33_P3424511	OR51I1	3.83846766004167
A_33_P3268089	OR51I2	4.41340867733333
A_33_P3208951	OR51L1	3.63974704791667
A_33_P3424516	OR51M1	3.98749623691667
A_33_P3208975	OR51S1	3.50019402241667
A_33_P3327504	OR51V1	5.6011867875
A_23_P125286	OR52A1	3.97708386833333
A_33_P3363685	OR52A5	3.91917847391667
A_23_P36203	OR52B2	3.86956092820833
A_33_P3303900	OR52B4	3.68542174545833
A_33_P3423375	OR52B6	3.53783099595833
A_33_P3385696	OR52D1	3.79504585283333
A_33_P3230364	OR52E2	3.96373264029167
A_33_P3303905	OR52E4	3.97454119033333
A_33_P3281990	OR52E8	3.86343930066667
A_33_P3385706	OR52I1	3.666751817875
A_33_P3230374	OR52I2	4.26920556095833
A_33_P3289401	OR52J3	3.94831013966667
A_23_P98744	OR52K2	5.13527599095833
A_33_P3385732	OR52L1	3.66065462445833
A_33_P3385725	OR52M1	3.72032954058333
A_33_P3229042	OR52N1	3.83690206129167
A_33_P3230389	OR52N2	4.18097168395833
A_33_P3306342	OR52N5	4.09708490083333
A_33_P3383246	OR52R1	3.77000603041667
A_33_P3385762	OR52W1	3.94674879054167
A_33_P3233328	OR56A1	3.67586874029167
A_33_P3352652	OR56A3	3.90507686625
A_33_P3366584	OR56A4	3.37555070441667
A_33_P3210798	OR56A5	3.946183411125
A_33_P3366589	OR56B4	4.00297044254167
A_23_P75764	OR5A1	7.94326866154167
A_33_P3389673	OR5A2	4.334005207625
A_23_P1863	OR5AK2	3.77176593675
A_33_P3543013	OR5AK4P	4.76629885145833
A_33_P3389713	OR5AR1	3.81647396145833
A_33_P3360167	OR5AU1	3.59141817904167
A_33_P3380452	OR5B12	3.91424925970833
A_33_P3417985	OR5B17	3.88497890183333
A_33_P3258602	OR5B2	3.65978328041667
A_33_P3321462	OR5B21	3.99781558395833
A_33_P3352263	OR5B3	3.76936880995833
A_33_P3313065	OR5C1	4.61257862991667
A_33_P3378136	OR5D14	3.9069298695
A_33_P3282241	OR5D16	3.76021310591667
A_33_P3356557	OR5D18	4.01299906525
A_33_P3575529	OR5E1P	4.35219811854167
A_23_P127684	OR5F1	4.54433127758333
A_24_P366566	OR5H1	5.715951589125
A_33_P3362652	OR5H14	4.19221683504167
A_33_P3318631	OR5H2	4.076177982125
A_33_P3318653	OR5H6	4.29483282641667
A_33_P3242064	OR5J2	NA
A_33_P3419551	OR5K1	3.54658371854167
A_33_P3419562	OR5K2	3.60148850308333
A_33_P3419557	OR5K3	4.97006372466667
A_33_P3419586	OR5K4	4.02976756429167
A_33_P3380702	OR5L1	4.02436015604167
A_24_P258235	OR5L2	6.47237672304167
A_33_P3343496	OR5M1	4.204867333625
A_33_P3343506	OR5M3	4.44438297583333
A_33_P3343526	OR5M9	4.05181724429167
A_33_P3271221	OR5T1	3.841112793625
A_33_P3271226	OR5T3	3.768788292625
A_23_P42241	OR5V1	5.038978611125
A_33_P3357303	OR5W2	3.91362536591667
A_33_P3222129	OR6B2	4.26318583283333
A_33_P3400678	OR6C4	3.47940754916667
A_33_P3248987	OR6C68	4.02612188320833
A_33_P3271166	OR6C74	4.160544588625
A_33_P3390327	OR6C76	4.825547881125
A_33_P3283320	OR6F1	3.99181146583333
A_23_P51761	OR6K2	4.53747001345833
A_33_P3211488	OR6K3	3.72340727825
A_33_P3255706	OR6K6	3.98340649133333
A_23_P150428	OR6M1	4.60029671495833
A_33_P3258206	OR6N2	3.81188943725
A_33_P3259693	OR6P1	3.98379958733333
A_33_P3241090	OR6Q1	4.494940365125
A_33_P3342469	OR6T1	4.76388649129167
A_23_P123164	OR6W1P	5.38623931283333
A_33_P3384902	OR6X1	4.12110820283333
A_23_P85963	OR6Y1	3.91449694829167
A_24_P357535	OR7A10	4.09656033404167
A_23_P28023	OR7A17	4.037130767
A_23_P16630	OR7A5	3.767814908375
A_33_P3254246	OR7C1	4.38601883070833
A_23_P108265	OR7C2	4.641940875375
A_23_P410408	OR7D2	4.27340407233333
A_23_P130547	OR7D4	4.34965904029167
A_33_P3594214	OR7E12P	7.07221450854167
A_23_P350754	OR7E14P	5.72725840075
A_32_P32391	OR7E156P	6.847755510125
A_33_P3867391	OR7E19P	4.52719035245833
A_23_P16110	OR7E24	6.73515352958333
A_33_P3336252	OR7E37P	5.49040349495833
A_23_P408930	OR7E5P	5.04968181491667
A_23_P433218	OR7E91P	6.65391865045833
A_33_P3300600	OR7G1	4.19741423004167
A_33_P3254912	OR8A1	4.05368651266667
A_33_P3345683	OR8B12	3.90366401020833
A_33_P3253578	OR8B2	3.98516423641667
A_33_P3253574	OR8B3	3.99687669658333
A_33_P3253583	OR8B4	4.33702666754167
A_23_P1819	OR8B8	4.18728974516667
A_23_P139050	OR8D2	3.96766678879167
A_33_P3384202	OR8D4	4.044777297375
A_33_P3262089	OR8G2	5.11606914108333
A_23_P75707	OR8H1	4.23036419120833
A_33_P3300864	OR8H2	4.316557253
A_33_P3300858	OR8H3	4.01490175154167
A_33_P3397530	OR8I2	3.76773185
A_23_P13244	OR8J1	4.33114186575
A_33_P3305373	OR8K1	3.91130011516667
A_33_P3305388	OR8K5	3.61531520079167
A_33_P3411244	OR8S1	4.175502879125
A_23_P24676	OR8U1	4.496206857375
A_33_P3361991	OR9A2	3.93367568545833
A_33_P3348569	OR9G4	4.18667138266667
A_33_P3732854	OR9H1P	4.75613133716667
A_33_P3252583	OR9I1	3.82377229183333
A_33_P3358774	OR9Q1	5.418584894375
A_33_P3358779	OR9Q2	3.9672318635
A_24_P146892	ORAI1	7.73857234341667
A_24_P329353	ORAI2	9.315316000375
A_23_P106898	ORAI3	6.32165000091667
A_33_P3399150	ORAOV1	5.867747871875
A_23_P45799	ORC1	4.77727746245833
A_33_P3381410	ORC2	6.45258384241667
A_23_P42045	ORC3	9.93438130916667
A_32_P141612	ORC4	9.628640296875
A_24_P394698	ORC5	8.385515742375
A_23_P100344	ORC6	6.56763683158333
A_23_P169494	ORM1	6.92779049895833
A_23_P9485	ORM2	4.44481250925
A_23_P120194	ORMDL1	8.115468411125
A_23_P87500	ORMDL2	10.8456986554167
A_23_P129829	ORMDL3	9.714856918125
A_23_P203790	OS9	11.8043173583333
A_23_P24709	OSBP	9.69735238229167
A_23_P321935	OSBP2	6.93944067654167
A_23_P147245	OSBPL10	5.56937546429167
A_23_P6914	OSBPL11	9.265887620625
A_23_P10442	OSBPL1A	8.71986033716667
A_33_P3381827	OSBPL2	9.01883146125
A_23_P215525	OSBPL3	7.16640058545833
A_23_P53081	OSBPL5	9.042791363375
A_23_P108823	OSBPL6	7.97090354454167
A_33_P3358740	OSBPL7	9.7662904655
A_24_P153511	OSBPL8	7.409355454375
A_23_P148916	OSBPL9	9.56342102404167
A_33_P3387561	OSCAR	8.6680697405
A_33_P3217119	OSCP1	8.39958510966667
A_23_P54079	OSGEP	8.78053681533333
A_24_P302574	OSGEPL1	9.04582953191667
A_23_P77415	OSGIN1	4.73877132075
A_23_P82859	OSGIN2	5.79622190175
A_23_P166408	OSM	4.30791256875
A_23_P156289	OSMR	4.07355140683333
A_24_P55496	OSR2	4.64658822725
A_32_P57854	OST4	12.0024341733333
A_24_P385732	OSTALPHA	3.97902538804167
A_23_P436284	OSTBETA	5.13914680766667
A_23_P411814	OSTC	10.7544521404167
A_24_P317450	OSTCP1	4.727227877
A_23_P60296	OSTF1	9.62623108241667
A_32_P154830	OSTM1	6.36482201025
A_33_P3370202	OSTN	3.86064305575
A_23_P257355	OTC	4.15368305733333
A_32_P52519	OTOA	4.583289253875
A_23_P254852	OTOF	8.59028786320833
A_21_P0010965	OTOG	4.01905649575
A_23_P302634	OTOGL	3.927884582375
A_24_P7467	OTOL1	4.19449236829167
A_33_P3294821	OTOP1	4.566246210125
A_33_P3226099	OTOP2	4.69604925841667
A_23_P365201	OTOP3	4.04720816958333
A_23_P90997	OTOS	6.03205687041667
A_23_P84230	OTP	4.171620632
A_23_P24375	OTUB1	11.11492917375
A_23_P65386	OTUB2	6.70069940883333
A_32_P60459	OTUD1	7.252990174875
A_24_P941188	OTUD3	7.53889020116667
A_24_P402898	OTUD4	5.971624790375
A_23_P337550	OTUD5	9.43147816425
A_24_P42389	OTUD6A	5.13919815870833
A_23_P111929	OTUD6B	6.548629501125
A_33_P3262376	OTUD7A	8.99918666566667
A_33_P3358307	OTUD7B	5.70576694758333
A_33_P3277361	OTX1	4.745906877125
A_23_P48663	OTX2	6.48623675525
A_23_P118462	OVCA2	12.1083852754167
A_33_P3299535	OVCH1	4.04753531716667
A_33_P3299540	OVCH2	3.99703455670833
A_23_P103756	OVGP1	7.24490190183333
A_23_P202810	OVOL1	3.843754722375
A_23_P143348	OVOL2	3.85919569458333
A_23_P2998	OXA1L	10.7824255145833
A_32_P63848	OXCT1	8.23201998945833
A_23_P137896	OXCT2	4.10095931320833
A_33_P3222203	OXER1	4.71547552770833
A_24_P927189	OXNAD1	7.47259321133333
A_19_P00315956	OXR1	6.57311301995833
A_33_P3246083	OXSM	NA
A_23_P418413	OXSR1	11.0791317491667
A_24_P382579	OXT	5.806146618
A_33_P3413741	OXTR	4.53677249516667
A_23_P372848	P2RX1	5.243211039875
A_23_P124003	P2RX2	6.75746552175
A_23_P127721	P2RX3	8.15584917870833
A_33_P3362088	P2RX4	7.69369808316667
A_23_P413760	P2RX5	7.141328099
A_33_P3618960	P2RX6	4.16088437945833
A_21_P0000292	P2RX6P	4.03983235275
A_33_P3263867	P2RX7	4.812665157125
A_23_P382835	P2RY1	4.41102981670833
A_23_P346376	P2RY10	4.18835731833333
A_23_P143902	P2RY12	3.79208540020833
A_23_P24903	P2RY2	4.14003345366667
A_23_P114307	P2RY4	4.28635248866667
A_23_P64611	P2RY6	4.58842970904167
A_24_P340128	P2RY8	4.14803541170833
A_19_P00809423	P39188	6.13814298575
A_19_P00318609	P39189	NA
A_19_P00316455	P39194	4.16299181066667
A_19_P00801324	P39195	6.23930550583333
A_33_P3214481	P4HA1	6.211898313125
A_33_P3394933	P4HA2	7.49531626333333
A_24_P290286	P4HA3	4.07505870008333
A_33_P3252043	P4HB	11.83512281625
A_23_P113317	P4HTM	8.186549730625
A_24_P827491	PA2G4	7.978970758875
A_33_P3374643	PAAF1	11.03708471
A_23_P82693	PABPC1	13.8198902704167
A_24_P92183	PABPC1L	5.94198518375
A_33_P3306232	PABPC1L2A	3.90672003545833
A_24_P162454	PABPC1L2B	6.41218720858333
A_33_P3261143	PABPC1P2	3.52625000066667
A_23_P48307	PABPC3	5.49231106270833
A_33_P3271105	PABPC4	7.874135318625
A_32_P123514	PABPC4L	6.208387807625
A_23_P84047	PABPC5	6.86688732104167
A_33_P3838128	PABPC5-AS1	4.27468367458333
A_23_P128828	PABPN1	12.3789002620833
A_33_P3367924	PABPN1L	4.50705434020833
A_23_P170901	PACRG	7.616549246625
A_21_P0014718	PACRGL	5.81542564308333
A_23_P500282	PACS1	9.052149125875
A_24_P393372	PACS2	12.31932605
A_23_P258088	PACSIN1	7.75362232883333
A_33_P3314192	PACSIN2	8.54209686254167
A_24_P381136	PACSIN3	5.38620199491667
A_33_P3358208	PADI1	5.92721643433333
A_24_P187970	PADI2	6.85511552395833
A_23_P126869	PADI3	4.45354769554167
A_33_P3358213	PADI6	4.08716234479167
A_23_P257129	PAEP	4.5797720845
A_24_P216087	PAF1	10.7987076329167
A_23_P118888	PAFAH1B1	9.819108847375
A_23_P370142	PAFAH1B2	7.97863658483333
A_23_P16078	PAFAH1B3	13.5572672320833
A_24_P71153	PAFAH2	6.36248218245833
A_33_P3216890	PAG1	10.3150091063333
A_32_P70927	PAGE2	4.073276658875
A_33_P3420862	PAGE2B	3.97075041666667
A_24_P254506	PAGE4	3.73986624016667
A_24_P200427	PAICS	10.82600370875
A_24_P77681	PAIP1	10.7638004516667
A_23_P213754	PAIP2	12.760288345
A_24_P860797	PAIP2B	5.854726213625
A_33_P3784253	PAK1	7.40992469054167
A_23_P122674	PAK1IP1	8.41826712958333
A_33_P3220833	PAK2	8.19362330425
A_23_P346813	PAK3	3.753444339375
A_24_P313822	PAK4	7.509956812625
A_24_P159227	PAK6	8.251771644
A_24_P344666	PAK7	7.50947840554167
A_23_P129569	PALB2	6.915604857875
A_23_P213102	PALLD	8.17130353545833
A_33_P3384287	PALM	14.921212395
A_23_P216579	PALM2	4.04981611604167
A_33_P3258056	PALM3	8.87515921695833
A_23_P23669	PALMD	4.88961808191667
A_23_P213678	PAM	12.2892058145833
A_23_P206830	PAM16	10.0370407408333
A_23_P64689	PAN2	7.94861680008333
A_33_P3259403	PAN3	6.30301706070833
A_21_P0000579	PAN3-AS1	6.17545630925
A_33_P3227788	PANK1	9.66070379816667
A_23_P79942	PANK2	10.7069366025
A_33_P3241646	PANK3	10.3716451458333
A_23_P149690	PANK4	7.56118451275
A_33_P3370404	PANX1	9.58374790958333
A_24_P160202	PANX2	5.7065265525
A_23_P87072	PANX3	5.199786874375
A_33_P3336387	PAOX	7.63072612270833
A_23_P393425	PAPD4	7.91953293158333
A_33_P3377459	PAPD5	4.75244080204167
A_23_P18824	PAPD7	9.64894975966667
A_33_P3358957	PAPL	6.69993398179167
A_23_P333640	PAPLN	5.11016204366667
A_23_P376239	PAPOLA	8.208175080125
A_24_P945312	PAPOLB	4.66198445379167
A_23_P209694	PAPOLG	8.50597664929167
A_33_P3599591	PAPPA	8.62640060716667
A_23_P23873	PAPPA2	3.61955479545833
A_23_P144465	PAPSS1	11.2599358379167
A_24_P940166	PAPSS2	4.88974290408333
A_23_P167276	PAQR3	7.37890653075
A_23_P397341	PAQR4	8.36210617029167
A_33_P3368750	PAQR5	4.34467739383333
A_23_P97283	PAQR6	9.84060565633333
A_32_P538180	PAQR7	5.708503427
A_24_P334640	PAQR8	6.84468760925
A_32_P196193	PAQR9	5.9332705065
A_33_P3418668	PAR-SN	10.4605451524167
A_33_P3259373	PAR1	5.88691892995833
A_33_P3293519	PAR4	4.58495125825
A_19_P00319534	PAR5	6.05087114129167
A_33_P3303380	PARD3	7.04615216966667
A_24_P34534	PARD3B	4.26215007825
A_23_P140821	PARD6A	9.18923355454167
A_32_P205637	PARD6B	7.15426681304167
A_24_P74070	PARD6G	9.094426538375
A_23_P147465	PARK2	4.92513524566667
A_33_P3231981	PARK7	13.5414001504167
A_24_P221883	PARL	10.2427816208333
A_24_P191781	PARM1	9.07473845433333
A_32_P133244	PARN	8.657917275
A_33_P3236921	PARP1	10.54924927125
A_33_P3398448	PARP10	6.20267514954167
A_24_P59494	PARP11	5.45166124633333
A_23_P111804	PARP12	4.38034967475
A_23_P163278	PARP16	7.11006257658333
A_23_P163027	PARP2	10.4112100408333
A_24_P402779	PARP3	5.88508262708333
A_21_P0011120	PARP4	5.80370477070833
A_33_P3313302	PARP6	11.1451773958333
A_23_P121898	PARP8	6.14356466333333
A_23_P69383	PARP9	3.800189963625
A_23_P51291	PARS2	8.470173311125
A_21_P0004255	PART1	4.7462429195
A_24_P124370	PARVA	7.30643889529167
A_33_P3413404	PARVB	4.08001360320833
A_23_P250413	PARVG	4.60231763508333
A_23_P404059	PASD1	4.30234497008333
A_24_P299911	PASK	7.22366568329167
A_33_P3420900	PATE2	5.19827761066667
A_33_P3420904	PATE3	5.578617400625
A_33_P3359923	PATE4	3.61264676016667
A_23_P373079	PATL1	8.128572881
A_33_P3350094	PATL2	4.95589303004167
A_24_P211558	PATZ1	7.25047726704167
A_23_P53663	PAWR	8.16698279716667
A_33_P3381378	PAX1	4.02051638291667
A_33_P3380850	PAX2	4.09020316033333
A_24_P362595	PAX3	3.92333375645833
A_23_P414211	PAX4	5.12930124933333
A_33_P3330149	PAX6	4.985484296875
A_23_P500985	PAX7	4.10497426866667
A_33_P3234809	PAX8	4.72710093645833
A_23_P426944	PAX9	3.91645454179167
A_23_P59426	PAXIP1	10.450351525
A_32_P62997	PBK	4.026149270375
A_24_P126484	PBLD	4.84032247375
A_33_P3297040	PBOV1	4.32226378783333
A_33_P3330453	PBRM1	9.75292237004167
A_23_P62953	PBX1	7.42158568283333
A_23_P214658	PBX2	6.86663760270833
A_33_P3348887	PBX3	11.6274575583333
A_23_P90419	PBX4	8.540015421375
A_33_P3347413	PBXIP1	5.098794429375
A_33_P3244347	PC	9.02581080583333
A_33_P3252381	PCA3	5.21844102658333
A_23_P367405	PCBD1	10.451981030125
A_33_P3661631	PCBD2	6.33777303683333
A_24_P103025	PCBP1	13.2812140608333
A_19_P00317631	PCBP1-AS1	5.20413009783333
A_33_P3298492	PCBP2	11.10792188
A_33_P3224362	PCBP3	9.483324886
A_23_P166807	PCBP4	13.72147547375
A_23_P48358	PCCA	10.3770051591667
A_24_P302802	PCCB	7.42489978591667
A_24_P234838	PCDH1	6.25551079529167
A_33_P3294598	PCDH10	7.58787573991667
A_33_P3346448	PCDH11X	5.56452652216667
A_33_P3346444	PCDH11Y	5.574894075625
A_23_P423309	PCDH12	5.05563163791667
A_24_P111147	PCDH15	4.29437285316667
A_24_P911906	PCDH17	6.92721336541667
A_33_P3250348	PCDH18	4.30822115858333
A_24_P419039	PCDH19	5.21685467029167
A_23_P204885	PCDH20	7.54956166158333
A_33_P3349646	PCDH7	6.241925604375
A_23_P36985	PCDH8	8.71236510825
A_33_P3349661	PCDH9	6.11564616470833
A_33_P3403693	PCDHA1	5.22301156804167
A_33_P3281299	PCDHA10	4.591320306875
A_24_P360206	PCDHA11	7.32771522604167
A_33_P3329274	PCDHA12	4.938742785125
A_33_P3210934	PCDHA13	4.49420006779167
A_33_P3391846	PCDHA2	3.77930255779167
A_33_P3332521	PCDHA3	5.04729029558333
A_33_P3318002	PCDHA4	7.06076610958333
A_33_P3258546	PCDHA5	5.15106513179167
A_33_P3352867	PCDHA6	5.20886679204167
A_33_P3355608	PCDHA7	7.91674539358333
A_33_P3250695	PCDHA8	4.71490559616667
A_23_P323102	PCDHA9	5.66550746991667
A_24_P191931	PCDHAC1	5.16684955166667
A_23_P110462	PCDHB1	3.89979869304167
A_23_P7397	PCDHB10	9.257410214375
A_23_P167401	PCDHB11	11.10958460625
A_24_P405960	PCDHB12	7.55152112533333
A_23_P144627	PCDHB13	9.443098802875
A_23_P133236	PCDHB14	9.33527098666667
A_23_P121851	PCDHB15	8.25362340925
A_23_P30200	PCDHB16	8.378336491
A_24_P271773	PCDHB17	4.7182843825
A_23_P390958	PCDHB18	8.47206682620833
A_23_P213375	PCDHB2	7.90801049075
A_23_P81262	PCDHB4	7.76470730483333
A_23_P69863	PCDHB5	6.72495294529167
A_23_P58464	PCDHB6	4.49956584033333
A_33_P3355599	PCDHB7	4.9140305525
A_23_P41599	PCDHB8	8.467620654875
A_23_P18798	PCDHB9	11.0293766758333
A_24_P34944	PCDHGA12	6.09262476816667
A_23_P422044	PCDHGA2	7.77436967620833
A_24_P334529	PCDHGA3	6.35524321908333
A_33_P3395651	PCDHGA5	4.79329524216667
A_24_P308851	PCDHGA7	6.25588745204167
A_23_P390545	PCDHGA8	7.47177270804167
A_23_P364414	PCDHGA9	4.357242083375
A_33_P3417611	PCDHGB1	4.53481244129167
A_23_P411772	PCDHGB2	4.60276030141667
A_23_P395418	PCDHGB3	4.684710173625
A_23_P359588	PCDHGB4	5.56403342504167
A_33_P3410981	PCDHGB7	5.16997765320833
A_24_P177531	PCDHGB8P	3.76381476954167
A_23_P218937	PCDHGC3	3.96172815220833
A_23_P303101	PCDHGC4	4.1603723235
A_32_P32856	PCDHGC5	4.34696949383333
A_33_P3210139	PCF11	9.71975041166667
A_33_P3380361	PCGEM1	3.65053062275
A_23_P68059	PCGF1	8.62328647933333
A_23_P348323	PCGF2	8.39995444491667
A_23_P396777	PCGF3	7.30730454058333
A_24_P880043	PCGF5	4.029586821875
A_23_P115703	PCGF6	7.56928103491667
A_21_P0013977	PCID2	7.79551083129167
A_23_P210496	PCIF1	8.993245614625
A_23_P408249	PCK1	4.223079598625
A_33_P3268532	PCK2	5.25954122216667
A_32_P109876	PCLO	6.70793379191667
A_23_P82950	PCM1	10.3794740991667
A_24_P140827	PCMT1	10.2880279784583
A_23_P210829	PCMTD2	9.56401866983333
A_23_P28886	PCNA	9.81339016420833
A_21_P0000561	PCNA-AS1	4.83722332741667
A_23_P155332	PCNP	11.9199011341667
A_23_P57347	PCNT	10.5597322691667
A_33_P3249529	PCNX	9.62363803379167
A_23_P200260	PCNXL2	8.28988971075
A_24_P924202	PCNXL3	7.32533541304167
A_23_P251499	PCOLCE	8.284455146875
A_23_P57709	PCOLCE2	9.5542894895
A_24_P399500	PCP2	4.96613674641667
A_23_P109322	PCP4	11.9324360029167
A_32_P214665	PCP4L1	7.57362124195833
A_24_P174793	PCSK1	6.75783092383333
A_24_P14731	PCSK1N	12.3490377729167
A_23_P79968	PCSK2	5.53574372541667
A_33_P3247988	PCSK4	9.76428345220833
A_33_P3358735	PCSK5	4.99071671895833
A_24_P189997	PCSK6	6.26169507441667
A_21_P0011001	PCSK7	8.37338253175
A_32_P142440	PCSK9	3.97043112491667
A_23_P4041	PCTP	9.62721544704167
A_24_P940517	PCYOX1	9.70544188795833
A_23_P30275	PCYOX1L	10.4488001783333
A_23_P252681	PCYT1A	6.89706501241667
A_24_P941353	PCYT1B	6.516171684625
A_33_P3277259	PCYT2	8.20907261829167
A_33_P3420792	PDAP1	8.741742701875
A_23_P23090	PDC	4.200791690625
A_23_P136405	PDCD1	5.57629642325
A_23_P18325	PDCD10	9.767490456375
A_33_P3361182	PDCD11	7.92267827425
A_23_P145146	PDCD2	9.123470005375
A_23_P27947	PDCD2L	10.2872229470833
A_33_P3212092	PDCD4	9.49789845654167
A_24_P339611	PDCD5	11.5689581229167
A_23_P218997	PDCD6	8.20270859854167
A_32_P22338	PDCD6IP	7.321933510375
A_23_P129118	PDCD7	9.46409094995833
A_33_P3405360	PDCL	7.96485920554167
A_33_P3236517	PDCL2	4.10394154170833
A_21_P0000305	PDCL3	10.13168515575
A_23_P359904	PDDC1	9.656789117875
A_24_P43144	PDE11A	5.76712827870833
A_33_P3288017	PDE12	7.61730459370833
A_24_P208436	PDE1A	5.498551146125
A_23_P139585	PDE1B	4.75844614729167
A_33_P3331856	PDE1C	5.336499564
A_23_P401106	PDE2A	12.4369897391667
A_23_P60837	PDE3A	4.12155323066667
A_33_P3240018	PDE3B	6.9128673395
A_24_P322474	PDE4A	7.80843356416667
A_23_P74278	PDE4B	6.05751723091667
A_33_P3759611	PDE4C	5.33390581366667
A_33_P3389658	PDE4D	6.15739424866667
A_33_P3272090	PDE4DIP	7.88919697766667
A_33_P3378514	PDE5A	6.73288071304167
A_23_P81590	PDE6A	4.57606591216667
A_23_P10743	PDE6B	4.60027699904167
A_23_P98070	PDE6C	4.94896932066667
A_23_P102517	PDE6D	10.026352026375
A_33_P3341105	PDE6G	6.413622761
A_33_P3301955	PDE7A	6.40962740495833
A_33_P3301940	PDE7B	4.13430432008333
A_33_P3244951	PDE8A	7.39576070654167
A_24_P197537	PDE8B	8.56454634983333
A_33_P3419594	PDE9A	7.61549771445833
A_23_P113701	PDGFA	5.82913131991667
A_24_P339944	PDGFB	6.0383619965
A_23_P58396	PDGFC	6.57317208304167
A_24_P124349	PDGFD	4.487172793375
A_23_P300033	PDGFRA	4.216995568875
A_23_P421401	PDGFRB	6.365151714125
A_23_P60146	PDGFRL	3.64332970866667
A_33_P3229898	PDHA1	8.32630429416667
A_23_P81018	PDHA2	3.72680283966667
A_33_P3364884	PDHB	11.5700403791667
A_23_P36266	PDHX	9.04360694583333
A_23_P325642	PDIA2	9.18109759525
A_33_P3223923	PDIA3	8.77557619791667
A_23_P42802	PDIA4	8.80300335158333
A_33_P3254634	PDIA5	7.64077468733333
A_24_P319715	PDIA6	8.369341088
A_33_P3302280	PDIK1L	7.0843623855
A_24_P37441	PDK1	8.80504924704167
A_21_P0000146	PDK2	8.48535755116667
A_23_P250478	PDK3	6.007480750625
A_24_P243749	PDK4	6.24918833508333
A_23_P149992	PDLIM1	4.01724297975
A_33_P3311371	PDLIM2	8.48627211020833
A_33_P3419383	PDLIM3	7.70100423420833
A_33_P3237729	PDLIM4	6.63562530375
A_33_P3336925	PDLIM5	5.95496298429167
A_23_P144896	PDLIM7	9.334110347625
A_33_P3369761	PDP1	10.7003872129167
A_33_P3251685	PDP2	6.860886190625
A_24_P222599	PDPK1	8.30859130816667
A_33_P3319113	PDPR	6.738832033625
A_23_P166159	PDRG1	11.5490842420833
A_33_P3311653	PDS5A	7.87841302045833
A_23_P205098	PDS5B	9.38248173541667
A_23_P161152	PDSS1	7.96477878554167
A_33_P3214456	PDSS2	7.066562298125
A_33_P3336527	PDXDC1	9.18351281970833
A_23_P393401	PDXDC2P	9.034284955625
A_23_P301328	PDXK	7.130835005375
A_24_P280029	PDXP	10.55744351125
A_24_P279870	PDYN	3.39275664679167
A_33_P3290622	PDZD11	9.42283386358333
A_33_P3283515	PDZD2	5.39271277504167
A_23_P35977	PDZD3	3.824710839625
A_24_P265088	PDZD4	7.12072638441667
A_23_P75088	PDZD7	6.62185381625
A_23_P321452	PDZD8	8.53232591770833
A_23_P52121	PDZK1	4.862217165
A_33_P3393801	PDZK1IP1	3.76224687504167
A_33_P3318490	PDZRN3	6.0642565225
A_23_P105651	PDZRN4	6.666811899875
A_24_P410952	PEA15	9.05886615579167
A_24_P943301	PEAR1	4.519783274
A_23_P13604	PEBP1	12.8834640845833
A_33_P3627001	PEBP4	6.460662196625
A_33_P3229402	PECAM1	4.03215458833333
A_23_P91140	PECR	6.578886715125
A_23_P313	PEF1	9.079576678125
A_23_P82503	PEG10	13.11964737
A_23_P407583	PEG3	6.80789535695833
A_33_P3270004	PEG3-AS1	4.32044056083333
A_33_P3316928	PELI1	10.8921830883333
A_23_P65532	PELI2	12.6833555354167
A_23_P104692	PELI3	10.099409948375
A_23_P58763	PELO	10.026426995625
A_33_P3659808	PELP1	11.7449022541667
A_23_P163955	PEMT	10.034796696625
A_23_P417918	PENK	10.0187678807917
A_23_P83436	PEPD	11.1908185766667
A_23_P89589	PER1	9.82278006483333
A_23_P209320	PER2	6.518194330125
A_24_P291231	PER3	4.14832862470833
A_33_P3271325	PER4	3.77148069079167
A_23_P214950	PERP	8.332769062
A_23_P132260	PES1	8.14850893516667
A_23_P92552	PET112	8.90977876704167
A_21_P0000054	PET117	8.40365670220833
A_23_P20045	PEX1	8.74400339141667
A_23_P501745	PEX10	7.18804834304167
A_23_P37560	PEX11A	3.90777280104167
A_24_P88554	PEX11B	9.600690723875
A_23_P321466	PEX11G	3.96105416275
A_24_P416411	PEX12	7.82901811725
A_24_P11587	PEX13	7.17039308175
A_23_P160787	PEX14	11.46177426
A_33_P3225086	PEX16	10.8656446904167
A_24_P19752	PEX19	9.33524485783333
A_33_P3351027	PEX2	5.50948872329167
A_33_P3262452	PEX26	6.72035695366667
A_23_P259328	PEX3	7.36204474675
A_24_P372932	PEX5	7.16593722570833
A_23_P259003	PEX5L	8.39638944204167
A_21_P0014130	PEX5L-AS2	3.51457045558333
A_23_P42144	PEX6	7.60362470108333
A_33_P3412095	PEX7	7.35915116975
A_24_P79403	PF4	4.29891768141667
A_23_P402610	PFAS	7.12847495383333
A_23_P70020	PFDN1	12.0004762295833
A_23_P51906	PFDN2	12.6695513079167
A_23_P166023	PFDN4	9.864452604125
A_24_P181120	PFDN5	13.2143557545833
A_23_P122563	PFDN6	9.208236589125
A_24_P203106	PFKFB1	4.03686469129167
A_24_P413669	PFKFB2	7.58903746495833
A_24_P261259	PFKFB3	8.028615746
A_24_P362904	PFKFB4	9.926421990375
A_23_P29079	PFKL	9.251127440375
A_24_P98914	PFKM	12.6973126866667
A_23_P46928	PFKP	8.341969862625
A_32_P234604	PFN1	10.8232999891667
A_33_P3367106	PFN1P2	8.447744934625
A_23_P253301	PFN2	10.8564220829167
A_24_P49997	PFN3	7.72734268258333
A_23_P16798	PFN4	6.405633332375
A_23_P150549	PGA3	5.45916755575
A_32_P45738	PGAM1	12.21697733375
A_33_P3268313	PGAM2	10.9171578475
A_33_P3268343	PGAM4	8.96588039566667
A_23_P319719	PGAM5	6.25881108420833
A_23_P79247	PGAP1	7.05179415270833
A_23_P64560	PGAP2	8.548021344125
A_24_P275828	PGAP3	8.75345104070833
A_23_P156632	PGBD1	5.7540987175
A_33_P3286608	PGBD2	8.33342959745833
A_23_P319565	PGBD3	7.416910413125
A_23_P420334	PGBD4	7.494823100625
A_23_P126649	PGBD5	5.81743067695833
A_23_P7965	PGC	4.58649853270833
A_21_P0010766	PGCP1	3.89921757291667
A_23_P126623	PGD	11.9540739083333
A_33_P3276693	PGF	10.2714834491667
A_23_P256632	PGGT1B	4.61669508470833
A_23_P125829	PGK1	12.9732125595833
A_23_P331063	PGK2	3.774814267625
A_33_P3357918	PGLS	12.3856838558333
A_23_P208747	PGLYRP1	4.11289994791667
A_33_P3259917	PGLYRP2	4.54649119833333
A_23_P96899	PGLYRP3	3.995589614625
A_23_P52031	PGM1	9.53708738708333
A_23_P7172	PGM2	6.62536772166667
A_33_P3363260	PGM2L1	12.0722432183333
A_23_P19592	PGM3	8.611253985
A_33_P3404097	PGM5P2	13.8781859229167
A_24_P942805	PGP	8.86647695716667
A_23_P22854	PGPEP1	6.44898916075
A_32_P3534	PGPEP1L	5.16999093275
A_23_P138938	PGR	3.65728962320833
A_33_P3332130	PGRMC1	12.4528415083333
A_23_P155868	PGRMC2	9.26996979995833
A_23_P77833	PGS1	8.02062106391667
A_32_P52018	PHACTR1	4.40483514725
A_23_P111240	PHACTR2	5.90120481229167
A_33_P3289371	PHACTR3	7.35028292291667
A_33_P3321602	PHACTR4	7.36452272558333
A_23_P213908	PHAX	10.90585417875
A_24_P262355	PHB	10.7003860966667
A_33_P3368328	PHB2	12.6871058116667
A_33_P3378644	PHC1	7.64258926404167
A_23_P34510	PHC2	11.34064631875
A_33_P3400324	PHC3	9.92111426679167
A_23_P114084	PHEX	3.88749259416667
A_23_P156732	PHF1	9.87067176395833
A_23_P503200	PHF10	6.82294333833333
A_23_P65174	PHF11	3.74261127816667
A_33_P3343616	PHF12	6.297499213875
A_32_P58425	PHF13	11.2874741904167
A_24_P21056	PHF14	9.38252177379167
A_24_P226278	PHF15	4.005073742375
A_24_P203072	PHF16	8.15310311333333
A_23_P410587	PHF17	9.08968523766667
A_23_P401904	PHF19	7.93734584033333
A_23_P502371	PHF2	9.67491737333333
A_24_P297098	PHF20	9.09268618108333
A_33_P3278916	PHF20L1	7.77072174275
A_33_P3346473	PHF21A	9.13332818491667
A_33_P3280666	PHF21B	8.38704913116667
A_23_P38482	PHF23	9.749788167625
A_23_P70371	PHF3	9.850463654625
A_23_P253571	PHF5A	8.3128391075
A_23_P171385	PHF6	7.144845953375
A_23_P80684	PHF7	4.54030952333333
A_33_P3361925	PHF8	5.7738860405
A_23_P85783	PHGDH	11.6014487625
A_33_P3323501	PHGR1	4.136220591
A_23_P145437	PHIP	10.9864375820833
A_24_P238543	PHKA1	4.92762348445833
A_23_P159671	PHKA2	9.6690166265
A_23_P206532	PHKB	11.9634267033333
A_33_P3416479	PHKG1	6.491773332125
A_24_P296457	PHKG2	7.83720346425
A_24_P915692	PHLDA1	6.88477672533333
A_23_P47614	PHLDA2	5.55816062208333
A_33_P3252834	PHLDA3	8.02221342775
A_33_P3387796	PHLDB1	8.55382083395833
A_24_P178065	PHLDB2	4.314795595
A_33_P3311083	PHLDB3	6.32390058220833
A_23_P89762	PHLPP1	7.053375729875
A_23_P418234	PHLPP2	6.98650420170833
A_33_P3332135	PHOSPHO1	8.09702159066667
A_23_P165788	PHOSPHO2	9.66906731633333
A_24_P923102	PHOSPHO2-KLHL23	4.75412559325
A_23_P213228	PHOX2B	3.65650106679167
A_23_P83192	PHPT1	12.5078564241667
A_32_P8251	PHRF1	13.1883521054167
A_24_P393864	PHTF1	8.72192263966667
A_24_P175176	PHTF2	8.72940669416667
A_23_P115919	PHYH	8.95625454720833
A_23_P307844	PHYHD1	6.85422155533333
A_23_P433229	PHYHIP	7.90725405945833
A_33_P3240492	PHYHIPL	4.08157057004167
A_33_P3254096	PI15	4.77083775879167
A_33_P3215640	PI16	4.332685859
A_23_P210465	PI3	5.36810979275
A_24_P244162	PI4K2A	9.04596923420833
A_23_P18598	PI4K2B	6.79342717445833
A_21_P0012340	PI4KA	11.3398782754167
A_32_P507710	PI4KAP2	9.30915277633333
A_33_P3386726	PI4KB	10.35971425875
A_23_P163353	PIAS1	9.070363810125
A_33_P3349269	PIAS2	7.8249532205
A_23_P149678	PIAS3	9.98728681666667
A_33_P3260062	PIAS4	5.64157498979167
A_23_P411881	PIBF1	7.41353553591667
A_23_P203658	PICALM	9.89877179870833
A_33_P3398697	PICK1	12.6949935495833
A_23_P21485	PID1	7.79514007554167
A_33_P3309319	PIDD	10.373841383375
A_19_P00802413	PIEZO1	12.0898787620833
A_23_P130376	PIEZO2	6.429148136125
A_23_P416468	PIF1	6.04158797145833
A_24_P288754	PIGA	8.01251668454167
A_23_P77174	PIGB	6.15747279354167
A_21_P0014060	PIGC	6.65495469570833
A_23_P131653	PIGF	10.9836355870833
A_23_P136547	PIGG	9.69479705158333
A_23_P2884	PIGH	9.580660088375
A_23_P34307	PIGK	7.79104914895833
A_24_P253755	PIGL	6.88269775008333
A_33_P3386965	PIGM	5.32294078033333
A_24_P193943	PIGN	4.96899735466667
A_23_P60240	PIGO	8.352696775875
A_23_P143484	PIGP	9.69758270825
A_33_P3360412	PIGQ	7.87791186666667
A_24_P844984	PIGR	3.96635125233333
A_33_P3354683	PIGS	10.4500127705833
A_23_P79842	PIGT	11.7327114125
A_33_P3769406	PIGU	8.56211107720833
A_23_P46378	PIGV	7.65625878366667
A_23_P379794	PIGW	6.82467540404167
A_33_P3242388	PIGX	9.17525982945833
A_24_P140391	PIGY	10.99190037
A_23_P143935	PIGZ	10.1766011175833
A_33_P3255409	PIH1D1	12.1696186895833
A_33_P3278058	PIH1D2	7.16195415308333
A_33_P3231878	PIK3C2A	10.6689297416667
A_23_P200710	PIK3C2B	9.05589201604167
A_23_P76322	PIK3C2G	3.8170473345
A_23_P164536	PIK3C3	9.93857265304167
A_21_P0012238	PIK3CA	7.69123913395833
A_23_P346969	PIK3CB	5.97920040279167
A_24_P71244	PIK3CD	8.2792279445
A_33_P3304170	PIK3CG	5.36335447104167
A_23_P109488	PIK3IP1	6.56793392525
A_24_P29401	PIK3R1	10.201094899875
A_33_P3367855	PIK3R2	12.5003735829167
A_33_P3593774	PIK3R3	8.36327901258333
A_23_P132526	PIK3R4	7.66791453083333
A_23_P66543	PIK3R5	4.75052450045833
A_24_P366509	PIK3R6	4.265347027375
A_23_P400984	PIKFYVE	6.89859608883333
A_23_P31224	PILRA	9.16429165091667
A_24_P403244	PILRB	10.7814620575
A_23_P345118	PIM1	9.480697728875
A_24_P379104	PIM2	8.94855924566667
A_23_P61398	PIM3	11.7724649516667
A_33_P3210168	PIN1	12.3012501758333
A_23_P266	PIN1P1	8.77010780429167
A_23_P315345	PIN4	9.93520263354167
A_23_P23194	PINK1	10.9367601120833
A_23_P82823	PINX1	8.23812166133333
A_23_P416894	PION	3.95262285941667
A_23_P8702	PIP	3.73070879941667
A_24_P673786	PIP4K2A	9.80584170645833
A_24_P245246	PIP4K2B	9.810884949875
A_23_P162199	PIP4K2C	7.796182694125
A_23_P23564	PIP5K1A	3.944838788625
A_23_P330262	PIP5K1C	9.47657621779167
A_33_P3235262	PIP5KL1	8.512382217625
A_23_P164258	PIPOX	6.30376116754167
A_23_P137035	PIR	8.68881472008333
A_33_P3246663	PIRT	8.43363028775
A_23_P143662	PISD	8.20018241391667
A_21_P0000517	PISRT1	4.42522183295833
A_23_P200073	PITHD1	8.09068603229167
A_24_P942354	PITPNA	12.0044750766667
A_24_P305678	PITPNB	11.86693529875
A_23_P84189	PITPNC1	5.63886778316667
A_23_P1519	PITPNM1	9.893098170375
A_23_P401361	PITPNM2	6.25773289241667
A_33_P3342563	PITPNM3	6.673436028875
A_23_P52402	PITRM1	8.88341758658333
A_33_P3240328	PITX1	4.71508566958333
A_23_P167367	PITX2	7.94893149991667
A_33_P3240318	PITX3	7.776516455875
A_23_P116741	PIWIL1	3.66453525758333
A_23_P253074	PIWIL2	4.42165195020833
A_23_P427760	PIWIL4	5.702509635625
A_33_P3217347	PJA1	12.4893871954167
A_23_P133470	PJA2	11.6116071733333
A_21_P0011417	PKD1	7.13060288645833
A_32_P92489	PKD1L2	3.80598905404167
A_33_P3332671	PKD1L3	3.65875497091667
A_24_P106112	PKD2	6.941645297
A_33_P3289034	PKD2L1	6.55985425404167
A_33_P3393010	PKDCC	7.6589890985
A_23_P120982	PKDREJ	3.937492314
A_23_P402187	PKHD1	3.64771199791667
A_33_P3628409	PKI55	10.5910412794583
A_23_P31765	PKIA	13.4754348879167
A_23_P145529	PKIB	6.41769094716667
A_23_P91221	PKIG	9.75684054958333
A_23_P201022	PKLR	4.93252291183333
A_23_P399501	PKM2	12.46000636125
A_33_P3397443	PKMYT1	7.43206779316667
A_23_P67271	PKN1	9.78751416283333
A_24_P387869	PKN2	5.995886960125
A_33_P3220202	PKN3	9.28780043833333
A_24_P196534	PKNOX1	9.35382837866667
A_23_P75529	PKNOX2	8.8864854595
A_23_P23296	PKP1	4.43842642195833
A_33_P3405728	PKP2	4.97399996366667
A_33_P3317628	PKP3	6.78956469079167
A_33_P3288110	PKP4	6.76159394616667
A_23_P88767	PLA2G10	5.329061065375
A_23_P30020	PLA2G12A	8.661638780875
A_23_P388150	PLA2G12B	4.6668124735
A_33_P3224745	PLA2G15	10.9187143679167
A_23_P116414	PLA2G16	7.217012320375
A_24_P224116	PLA2G1B	5.62892576820833
A_23_P321949	PLA2G2A	3.95835654925
A_33_P3344156	PLA2G2C	6.23707485004167
A_23_P300100	PLA2G2D	4.8558979525
A_24_P208081	PLA2G2F	4.46236322629167
A_23_P17821	PLA2G3	4.71666253445833
A_23_P11685	PLA2G4A	4.09551868979167
A_23_P50508	PLA2G4C	6.175865097125
A_33_P3361611	PLA2G4D	3.913882262
A_33_P3275600	PLA2G4E	4.73769774283333
A_33_P3241316	PLA2G4F	4.51096234875
A_23_P103465	PLA2G5	4.375105807625
A_23_P6464	PLA2G6	6.69479003241667
A_23_P145096	PLA2G7	3.78783955533333
A_23_P142830	PLA2R1	3.93459179058333
A_24_P78161	PLAA	8.0571161605
A_23_P148609	PLAC1	4.04015982116667
A_33_P3259153	PLAC2	NA
A_33_P3282162	PLAC4	4.695486009375
A_24_P183128	PLAC8	3.7233975295
A_33_P3385436	PLAC8L1	6.80864529166667
A_33_P3252785	PLAC9	4.94122961775
A_23_P411723	PLAG1	7.41980004325
A_24_P312041	PLAGL1	4.98979469125
A_33_P3328292	PLAGL2	8.09693062970833
A_23_P82868	PLAT	3.87820333370833
A_23_P24104	PLAU	4.972465009
A_23_P16469	PLAUR	4.74139551520833
A_33_P3381621	PLB1	4.180703054875
A_23_P87709	PLBD1	3.87791069379167
A_23_P10911	PLBD2	7.1621640035
A_21_P0009932	PLCB1	5.770102383375
A_33_P3260614	PLCB2	8.28418839466667
A_33_P3260623	PLCB3	7.89794443683333
A_33_P3353502	PLCB4	6.872061837875
A_23_P80739	PLCD1	10.60446446625
A_23_P351757	PLCD3	4.780070362125
A_33_P3335825	PLCD4	5.48737624058333
A_23_P35617	PLCE1	5.47636754133333
A_23_P254801	PLCG1	9.42517732408333
A_23_P106675	PLCG2	3.85983186729167
A_24_P334248	PLCH1	4.52705137945833
A_24_P21887	PLCH2	6.67904563391667
A_33_P3289865	PLCL1	7.7983984035
A_24_P281988	PLCL2	9.06193684408333
A_23_P61180	PLCXD1	9.53599522916667
A_33_P3214339	PLCXD2	5.63789961725
A_32_P119033	PLCXD3	4.43805551695833
A_23_P105524	PLCZ1	3.934712447625
A_33_P3320062	PLD1	4.48917703325
A_33_P3286724	PLD2	9.25600116504167
A_23_P27515	PLD3	12.5331133795833
A_23_P88222	PLD4	4.04406840420833
A_21_P0010918	PLD5	3.975185846875
A_23_P360626	PLD6	8.10161216441667
A_33_P3374833	PLDN	11.2926418341667
A_23_P22119	PLEC	7.22046359404167
A_23_P209678	PLEK	3.814846281
A_24_P269814	PLEKHA1	10.814541535
A_33_P3339860	PLEKHA2	7.27651736079167
A_23_P102412	PLEKHA3	7.97100235091667
A_24_P408047	PLEKHA4	8.58232541366667
A_23_P218068	PLEKHA5	7.46863342841667
A_23_P431268	PLEKHA6	12.0665734575
A_23_P318296	PLEKHA8	5.4447447765
A_33_P3308332	PLEKHB1	9.96439001625
A_24_P20200	PLEKHB2	9.78176150233333
A_33_P3353767	PLEKHD1	5.951876336
A_23_P79134	PLEKHF1	4.76584768879167
A_23_P20275	PLEKHF2	6.647710215375
A_33_P3367471	PLEKHG1	4.87248181741667
A_23_P323563	PLEKHG2	7.68587703725
A_33_P3304212	PLEKHG3	11.00807731625
A_33_P3302957	PLEKHG4	8.497777344125
A_33_P3746549	PLEKHG4B	4.21478584108333
A_23_P149626	PLEKHG5	9.32346957025
A_24_P301063	PLEKHG6	4.34367525783333
A_33_P3306679	PLEKHG7	4.43034956795833
A_24_P134850	PLEKHH1	5.990447892875
A_23_P384748	PLEKHH2	3.85267982091667
A_33_P3254946	PLEKHH3	9.54813263333333
A_24_P202717	PLEKHJ1	11.32981564625
A_33_P3212982	PLEKHM1	6.84486913725
A_23_P351342	PLEKHM2	8.67873792416667
A_32_P89310	PLEKHM3	6.552026044375
A_23_P23616	PLEKHN1	5.09943331479167
A_33_P3330039	PLEKHO1	9.969601517125
A_23_P129246	PLEKHO2	8.59111309595833
A_32_P220750	PLGLB1	6.48510107508333
A_23_P26154	PLIN1	3.73699545058333
A_23_P134953	PLIN2	4.71512871254167
A_23_P101707	PLIN3	7.98820439425
A_33_P3400763	PLIN4	5.93815974108333
A_23_P39251	PLIN5	5.30714177925
A_23_P118174	PLK1	5.0665934015
A_23_P154740	PLK1S1	11.4058975845833
A_23_P30254	PLK2	7.67101028891667
A_23_P51646	PLK3	9.92568999266667
A_23_P155969	PLK4	5.25159691154167
A_32_P50223	PLK5	5.93412270920833
A_23_P43763	PLLP	3.84864967929167
A_24_P414803	PLN	3.58214672529167
A_23_P137532	PLOD1	7.15890363225
A_33_P3318581	PLOD2	9.35149916075
A_23_P168788	PLOD3	9.71247433641667
A_33_P3334630	PLP1	6.66873749620833
A_24_P74932	PLP2	7.13388186229167
A_23_P84775	PLRG1	9.78864740358333
A_23_P211909	PLS1	5.92102853691667
A_23_P250607	PLS3	5.0653195275
A_23_P69109	PLSCR1	5.52444952470833
A_21_P0012550	PLSCR2	3.852197408875
A_33_P3395074	PLSCR3	8.279428042
A_33_P3321317	PLSCR5	3.74526779741667
A_23_P5983	PLTP	10.50150235
A_23_P56328	PLVAP	4.83638498875
A_23_P3911	PLXDC1	4.26195204008333
A_23_P161424	PLXDC2	4.02207398741667
A_23_P57667	PLXNA1	12.2735257170833
A_23_P307544	PLXNA2	4.29523516266667
A_33_P3413048	PLXNA3	12.00908915375
A_33_P3279969	PLXNA4	6.95153719008333
A_23_P57961	PLXNB1	8.84038306795833
A_24_P70888	PLXNB2	9.78062401808333
A_33_P3413038	PLXNB3	5.09090314066667
A_23_P414958	PLXNC1	5.42758252825
A_24_P376391	PLXND1	6.63075775604167
A_32_P86118	PM20D2	7.875202472125
A_33_P3619171	PMAIP1	7.02125774241667
A_23_P321223	PMCH	4.21380564425
A_23_P312851	PMEL	13.9537284904167
A_24_P413126	PMEPA1	7.290152890125
A_19_P00800549	PMF1	9.9689056665
A_33_P3323481	PMF1-BGLAP	7.01913143958333
A_23_P106874	PMFBP1	4.4696178685
A_23_P358944	PML	7.34345833229167
A_23_P211598	PMM1	9.80121567929167
A_23_P432360	PMM2	8.00867799620833
A_23_P100711	PMP22	5.595628393125
A_33_P3287537	PMPCA	7.4350929125
A_33_P3294162	PMPCB	7.32838805408333
A_33_P3250463	PMS1	9.03507023983333
A_21_P0013251	PMS2	9.08797428054167
A_32_P57728	PMS2P1	10.2123801020833
A_32_P117422	PMS2P4	9.599172904875
A_32_P351936	PMS2P5	9.390672112
A_23_P114774	PMVK	11.0249029408333
A_23_P62377	PNCK	6.24213150870833
A_23_P122615	PNISR	6.31882314258333
A_23_P90732	PNKD	8.647873707
A_33_P3402918	PNKP	9.371763106875
A_23_P323243	PNLDC1	3.606360519125
A_23_P35484	PNLIPRP1	4.57087402166667
A_23_P24083	PNLIPRP2	4.280067206
A_33_P3368193	PNLIPRP3	3.73157455358333
A_23_P99771	PNMA1	12.4673319033333
A_24_P389415	PNMA2	11.40632856375
A_23_P377094	PNMA3	6.50282824058333
A_23_P352950	PNMA5	11.4270219358333
A_33_P3292196	PNMA6A	9.52217839545833
A_24_P296808	PNMAL1	12.76932758625
A_33_P3328863	PNMAL2	9.32480359304167
A_23_P100642	PNMT	5.57435756875
A_33_P3218694	PNN	6.8873601745
A_24_P336853	PNO1	7.826709228625
A_23_P140256	PNP	10.40753989875
A_32_P526255	PNPLA1	3.857619292625
A_33_P3219870	PNPLA2	8.47595549875
A_23_P17914	PNPLA3	11.7100425579167
A_24_P943815	PNPLA4	3.92101070858333
A_33_P3559060	PNPLA5	4.30394459058333
A_23_P16166	PNPLA6	7.53496643541667
A_33_P3338047	PNPLA7	6.99907113483333
A_23_P312718	PNPLA8	10.98602232
A_33_P3243175	PNPO	11.6257814008333
A_19_P00326178	PNPT1	6.70682220258333
A_33_P3279831	PNRC1	9.353003827875
A_33_P3323742	PNRC2	8.57827297983333
A_23_P212284	POC1A	6.09213849045833
A_23_P105535	POC1B	6.099578236
A_33_P3261182	POC5	8.55563919654167
A_23_P368154	PODN	3.976923238
A_23_P433798	PODNL1	5.85483909429167
A_23_P215060	PODXL	10.3366188854583
A_33_P3266780	PODXL2	10.0820408635
A_24_P250815	POF1B	3.47613915216667
A_33_P3384845	POFUT1	4.32855317308333
A_23_P211227	POFUT2	7.730479791625
A_23_P137715	POGK	9.9647240285
A_32_P26376	POGLUT1	8.25986139470833
A_33_P3357382	POGZ	9.75949772845833
A_32_P1701	POLA1	8.651502974625
A_23_P161615	POLA2	6.67922274920833
A_32_P34552	POLB	6.382499489625
A_23_P50455	POLD1	8.77596733454167
A_23_P71146	POLD2	9.38999666745833
A_32_P182439	POLD3	8.94397329295833
A_23_P127367	POLD4	10.3787708166667
A_24_P142442	POLDIP2	11.5367118820833
A_33_P3340085	POLDIP3	9.32527673608333
A_33_P3695548	POLE	5.731888200125
A_23_P163099	POLE2	5.10952164570833
A_23_P135326	POLE3	10.0669167204583
A_33_P3229177	POLE4	10.1769969729583
A_23_P3355	POLG	9.51964759225
A_23_P26905	POLG2	10.0928608839583
A_32_P96692	POLH	6.34535801283333
A_23_P306890	POLI	6.60611440104167
A_23_P386450	POLK	9.194225256875
A_33_P3282669	POLL	9.064301544875
A_33_P3224423	POLM	6.55541668016667
A_32_P414791	POLN	4.32313392483333
A_23_P218827	POLQ	4.94929565620833
A_33_P3320533	POLR1A	6.48571688804167
A_23_P209987	POLR1B	5.72040166116667
A_23_P70409	POLR1C	7.90255801991667
A_23_P36928	POLR1D	9.94782518095833
A_23_P9458	POLR1E	9.26544687016667
A_33_P3218138	POLR2A	12.4145617283333
A_23_P144311	POLR2B	11.2862728458333
A_23_P3527	POLR2C	9.912608768875
A_23_P209778	POLR2D	8.83847182895833
A_33_P3299834	POLR2E	8.71621637466667
A_24_P417007	POLR2F	8.71578131533333
A_33_P3396522	POLR2G	12.04917163125
A_33_P3396459	POLR2H	8.81969869833333
A_23_P56256	POLR2I	12.0578281275
A_24_P292020	POLR2J	10.55464153875
A_23_P215669	POLR2J2	8.28802458020833
A_23_P157449	POLR2K	10.4287393584167
A_23_P33022	POLR2L	13.5310648195833
A_33_P3322724	POLR3A	10.98311081
A_24_P321626	POLR3B	8.44229411166667
A_23_P84565	POLR3D	7.69100361879167
A_23_P152181	POLR3E	8.90047685225
A_23_P166122	POLR3F	8.57625477429167
A_23_P41942	POLR3G	6.681037258875
A_33_P3261610	POLR3GL	10.9636251883333
A_24_P322847	POLR3H	10.2505476449583
A_24_P382001	POLR3K	9.9110317525
A_23_P131096	POLRMT	11.5555138454167
A_23_P215435	POM121	6.98495969758333
A_33_P3362753	POM121L10P	4.148829496375
A_33_P3220422	POM121L12	6.24991797979167
A_33_P3262685	POM121L1P	4.65668450679167
A_33_P3308476	POM121L2	3.72245146804167
A_33_P3239134	POM121L4P	4.208599958375
A_24_P315346	POM121L8P	5.58248709270833
A_23_P91636	POM121L9P	4.43022101866667
A_33_P3345036	POMC	3.95220544225
A_33_P3284197	POMGNT1	11.6719695079167
A_33_P3240263	POMP	7.48497924904167
A_23_P146354	POMT1	11.3784781154167
A_24_P111134	POMT2	9.95101251045833
A_23_P168576	POMZP3	6.98222785220833
A_33_P3340615	PON1	4.663487821625
A_23_P31399	PON2	10.5777425529167
A_23_P215549	PON3	5.44601538229167
A_23_P341275	POP1	8.11575066533333
A_23_P90533	POP4	10.2671600120833
A_33_P3218584	POP5	10.0984286655417
A_23_P134274	POP7	12.3323630945833
A_24_P257336	POPDC2	6.06433391941667
A_23_P358597	POPDC3	7.29717239508333
A_24_P29723	POR	12.5455939241667
A_33_P3237784	PORCN	11.2436199945833
A_33_P3511265	POSTN	3.75688088204167
A_33_P3882624	POT1	9.280278490375
A_33_P3252661	POTEA	4.11914884104167
A_32_P16007	POTEB	4.61403334075
A_23_P420348	POTED	4.108004760125
A_24_P410017	POTEE	9.15528218541667
A_24_P59220	POTEF	13.8754213758333
A_32_P155776	POTEKP	14.31017819875
A_24_P238744	POTEM	9.923251071625
A_23_P155539	POU1F1	3.48085533379167
A_23_P424002	POU2F1	9.00101787583333
A_33_P3835524	POU2F2	7.21237741808333
A_23_P139028	POU2F3	4.2742139815
A_33_P3351052	POU3F1	11.9822157141667
A_33_P3290729	POU3F2	10.63866459
A_33_P3231908	POU3F3	7.901963774125
A_23_P114210	POU3F4	8.41895301804167
A_23_P205164	POU4F1	11.3402958133333
A_23_P302038	POU4F2	9.74935618225
A_23_P121976	POU4F3	7.50243293429167
A_23_P59138	POU5F1	7.50925506729167
A_23_P329375	POU6F1	5.782777894375
A_23_P147900	POU6F2	8.96702235129167
A_24_P238118	PP12613	4.13618852670833
A_33_P3313835	PP14571	5.94569711304167
A_33_P3489629	PP2D1	3.94050843808333
A_24_P419300	PP7080	7.29411709116667
A_33_P3271241	PPA1	12.41254014625
A_33_P3219010	PPA2	9.898538039375
A_23_P16096	PPAN	6.57913678475
A_33_P3239759	PPAN-P2RY11	6.550607563375
A_23_P70060	PPAP2A	10.1726220384583
A_23_P201808	PPAP2B	5.861342320375
A_23_P108294	PPAP2C	8.25262161666667
A_24_P810290	PPAPDC1A	4.76448674816667
A_23_P322845	PPAPDC1B	9.02760153504167
A_24_P40907	PPAPDC2	9.42153534433333
A_23_P157736	PPAPDC3	8.483971109625
A_23_P211643	PPARA	5.082523658875
A_23_P214681	PPARD	7.44524899125
A_23_P252062	PPARG	3.77310863025
A_23_P18447	PPARGC1A	6.47736760558333
A_23_P213959	PPARGC1B	7.47272022866667
A_23_P80940	PPAT	9.16152861666667
A_23_P121596	PPBP	3.80375508925
A_24_P320163	PPBPL2	4.13125364841667
A_24_P327011	PPCDC	5.43037586975
A_24_P19810	PPCS	8.15464119775
A_23_P120364	PPDPF	12.2380457254167
A_23_P125505	PPEF1	9.500118011
A_23_P302116	PPFIA1	7.33118695179167
A_23_P402936	PPFIA2	8.406181538
A_23_P320553	PPFIA3	8.93183451341667
A_23_P420692	PPFIA4	6.65686782625
A_23_P373724	PPFIBP1	6.26042509804167
A_23_P409623	PPFIBP2	4.93031973954167
A_32_P357301	PPHLN1	8.15091028541667
A_23_P258340	PPIA	12.34962356625
A_24_P203226	PPIAL4A	11.0493830275
A_24_P304723	PPIB	10.4432119404167
A_23_P422724	PPIC	4.47488086708333
A_23_P386411	PPID	10.68678342375
A_23_P74526	PPIE	9.14830118483333
A_33_P3357163	PPIEL	5.31715117154167
A_23_P202104	PPIF	11.09558867
A_23_P154411	PPIG	8.87421025766667
A_33_P3239122	PPIH	6.13736346991667
A_23_P133995	PPIL1	11.0698836708333
A_23_P432512	PPIL2	7.110721863875
A_33_P3253682	PPIL3	9.84439236795833
A_23_P42507	PPIL4	6.94778159604167
A_23_P111361	PPIL6	4.90092983633333
A_33_P3420020	PPIP5K1	5.94587864525
A_23_P213661	PPIP5K2	10.0561189724583
A_23_P106906	PPL	6.80428229516667
A_23_P409553	PPM1A	7.22175969654167
A_33_P3407746	PPM1B	8.338486733
A_32_P150030	PPM1D	8.53888399245833
A_32_P73796	PPM1E	9.020539605625
A_33_P3407780	PPM1F	8.38679690420833
A_23_P209477	PPM1G	11.0420872216667
A_23_P391443	PPM1H	5.47806465025
A_23_P201939	PPM1J	8.97707068454167
A_24_P214598	PPM1K	7.782539857375
A_23_P147563	PPM1L	6.588952836875
A_33_P3407835	PPM1M	6.03802811908333
A_33_P3279681	PPM1N	8.7211155525
A_23_P64567	PPME1	7.69494470283333
A_23_P201400	PPOX	11.0794877279167
A_23_P323227	PPP1CA	11.41540096875
A_24_P405298	PPP1CB	10.337426355
A_23_P204423	PPP1CC	10.84400838625
A_23_P156667	PPP1R10	10.4355211979167
A_33_P3474328	PPP1R11	8.70110642066667
A_24_P56252	PPP1R12A	7.99953716020833
A_23_P201790	PPP1R12B	6.856797510375
A_33_P3521643	PPP1R12C	11.6177517308333
A_33_P3372501	PPP1R13B	7.502277933625
A_23_P119095	PPP1R13L	6.297536833875
A_33_P3401647	PPP1R14A	9.91715544204167
A_23_P365817	PPP1R14B	13.4090531004167
A_23_P45011	PPP1R14C	8.707686434
A_23_P129312	PPP1R14D	4.3486257405
A_23_P90172	PPP1R15A	10.6599524295833
A_33_P3386716	PPP1R15B	10.6604152566667
A_23_P157715	PPP1R16A	11.1314282120833
A_23_P352535	PPP1R16B	8.354817792375
A_33_P3308964	PPP1R17	11.9479872445833
A_23_P331479	PPP1R18	9.5819710245
A_24_P13285	PPP1R1A	6.118847166
A_23_P129835	PPP1R1B	5.506139839125
A_32_P66364	PPP1R1C	10.4518278458333
A_24_P174367	PPP1R2	6.698070823125
A_24_P68819	PPP1R21	7.97598713941667
A_33_P3272614	PPP1R26	7.73023133470833
A_33_P3287472	PPP1R27	5.944869234
A_33_P3231771	PPP1R2P3	3.76610097383333
A_23_P34007	PPP1R2P9	3.61630535466667
A_23_P98571	PPP1R32	6.94245538125
A_23_P82299	PPP1R35	10.8894200620833
A_23_P309973	PPP1R36	4.43274502329167
A_33_P3344673	PPP1R37	7.02930522029167
A_33_P3318092	PPP1R3A	3.85074663958333
A_24_P201064	PPP1R3B	7.938225485125
A_23_P35414	PPP1R3C	7.745180555
A_33_P3423859	PPP1R3D	7.67397872604167
A_23_P428640	PPP1R3E	6.55450342558333
A_24_P177604	PPP1R3F	10.3806933166667
A_33_P3353996	PPP1R3G	4.80147546908333
A_21_P0005852	PPP1R42	4.29963609595833
A_23_P154199	PPP1R7	11.0334392875
A_24_P139773	PPP1R8	9.84448303129167
A_33_P3286937	PPP1R9A	9.007489987375
A_24_P376309	PPP1R9B	11.8494489041667
A_23_P122041	PPP2CA	10.4958601391667
A_23_P308097	PPP2CB	11.0456707520833
A_23_P107661	PPP2R1A	12.0242480104167
A_24_P107291	PPP2R1B	5.23516267220833
A_23_P123539	PPP2R2A	10.57315206125
A_23_P213620	PPP2R2B	7.21563299183333
A_24_P3415	PPP2R2C	6.88866339091667
A_23_P135778	PPP2R2D	10.0797766994583
A_24_P388433	PPP2R3A	10.0202128205417
A_23_P45517	PPP2R3B	8.82187469575
A_33_P3722568	PPP2R3B-AS1	8.081188267375
A_23_P88201	PPP2R3C	11.66044002
A_23_P60458	PPP2R4	10.2707915762917
A_24_P251221	PPP2R5A	4.36317507979167
A_21_P0007145	PPP2R5B	8.90744270708333
A_24_P369694	PPP2R5C	6.054863937125
A_24_P294931	PPP2R5D	11.4162802720833
A_23_P3042	PPP2R5E	10.8511204483333
A_24_P414371	PPP3CA	10.7121288654167
A_33_P3397399	PPP3CB	9.81852896745833
A_23_P157495	PPP3CC	9.60049353154167
A_33_P3214293	PPP3R1	7.120039100875
A_24_P149689	PPP3R2	4.14233865604167
A_23_P100355	PPP4C	10.6056613791667
A_24_P271014	PPP4R1	6.98973238808333
A_19_P00808367	PPP4R1L	4.6129849875
A_23_P41159	PPP4R2	7.55875778925
A_23_P153583	PPP5C	8.316505834625
A_24_P81298	PPP6C	9.24951638641667
A_23_P119448	PPP6R1	6.3013491855
A_33_P3397279	PPP6R2	6.17148766291667
A_33_P3445805	PPP6R3	11.6723933120833
A_33_P3876985	PPPDE1	8.64530870258333
A_23_P356330	PPPDE2	4.94482000870833
A_23_P127079	PPRC1	9.67502862329167
A_23_P62659	PPT1	8.550314743875
A_23_P42116	PPT2	11.25197684375
A_33_P3343290	PPTC7	7.30476172533333
A_23_P110433	PPWD1	8.92456933445833
A_23_P207336	PPY	4.68285889416667
A_23_P164253	PPY2	3.9452549305
A_24_P364042	PPYR1	5.61487624958333
A_33_P3325935	PQBP1	10.7794045075
A_33_P3245824	PQLC1	8.13321590670833
A_33_P3388491	PQLC2	17.15309546125
A_33_P3253440	PQLC3	7.2319852765
A_23_P131596	PRADC1	9.396575505125
A_23_P96350	PRAF2	10.93188411125
A_33_P3330608	PRAM1	5.59238434816667
A_24_P216361	PRAME	8.22714329529167
A_33_P3383566	PRAMEF1	4.029751092125
A_24_P401615	PRAMEF10	4.37047545008333
A_33_P3303594	PRAMEF11	3.7183546835
A_33_P3418710	PRAMEF12	3.72293885904167
A_33_P3380032	PRAMEF13	4.07018501716667
A_33_P3394554	PRAMEF15	5.74108257166667
A_23_P97465	PRAMEF2	3.84838924154167
A_33_P3313755	PRAMEF22	4.157864048
A_33_P3227876	PRAMEF3	4.18518863233333
A_33_P3319896	PRAMEF4	4.10289314975
A_33_P3309911	PRAMEF5	5.14041488729167
A_33_P3394559	PRAMEF6	3.671575504625
A_33_P3213863	PRAMEF7	4.39412981754167
A_24_P273180	PRAMEL	3.77228964770833
A_33_P3260969	PRAP1	8.29306653683333
A_33_P3258593	PRB1	5.987669221875
A_23_P116890	PRB3	6.542787763125
A_33_P3216150	PRB4	5.2827109725
A_23_P206059	PRC1	9.46555830408333
A_23_P23411	PRCC	8.17489944808333
A_24_P517252	PRCD	4.75981707095833
A_23_P127964	PRCP	11.1320951991667
A_33_P3342081	PRDM1	3.79309575475
A_32_P228699	PRDM10	8.0564708005
A_24_P9833	PRDM11	5.52476088283333
A_23_P43317	PRDM12	5.95503772091667
A_33_P3214803	PRDM13	5.97948676504167
A_23_P123488	PRDM14	3.85990853020833
A_33_P3338392	PRDM15	4.54490646116667
A_32_P225816	PRDM16	6.16177182825
A_33_P3342076	PRDM2	6.92027731941667
A_23_P117146	PRDM4	9.06399768054167
A_33_P3242548	PRDM5	5.15900289183333
A_32_P222684	PRDM6	5.0372932555
A_33_P3342126	PRDM8	8.147255539375
A_24_P217628	PRDM9	3.82600542758333
A_23_P11995	PRDX1	13.9725575233333
A_24_P168416	PRDX2	11.3343107025
A_23_P63751	PRDX3	10.9192316433333
A_33_P3272568	PRDX4	6.70614653875
A_23_P12989	PRDX5	14.4380243170833
A_23_P983	PRDX6	10.8172990066667
A_23_P91114	PREB	10.6230616933333
A_23_P79161	PRELID1	11.76364267125
A_24_P346101	PRELID2	4.625561087625
A_33_P3230976	PREP	9.05820973954167
A_33_P3681213	PREPL	10.1082383371667
A_23_P413641	PREX1	11.3586966979167
A_33_P3394995	PREX2	3.88321110175
A_23_P1473	PRF1	4.00877875120833
A_33_P3319900	PRG1	4.40354938970833
A_23_P218002	PRG2	3.844648651875
A_23_P47466	PRG3	4.16235210558333
A_23_P99076	PRH2	7.15648098104167
A_33_P3307207	PRHOXNB	4.185649124375
A_33_P3250851	PRIC285	9.10626440941667
A_23_P408285	PRICKLE1	7.09277296270833
A_24_P152188	PRICKLE2	10.205534612375
A_33_P3377564	PRICKLE3	4.5395444415
A_24_P106502	PRICKLE4	3.967359705875
A_23_P25019	PRIM1	8.76745922516667
A_23_P44139	PRIM2	6.15870924370833
A_23_P502808	PRIMA1	4.95063403333333
A_33_P3257187	PRKAA1	6.53280549370833
A_32_P94160	PRKAA2	7.50762282204167
A_23_P204503	PRKAB1	8.98868856295833
A_24_P105564	PRKAB2	9.64722132804167
A_24_P399630	PRKACA	10.1141169055417
A_23_P371410	PRKACB	6.750460652
A_23_P71926	PRKACG	4.17038566754167
A_23_P36513	PRKAG1	8.7199109425
A_23_P314760	PRKAG2	8.90102788591667
A_33_P3244843	PRKAG3	7.96126246408333
A_24_P245322	PRKAR1A	8.94273250220833
A_33_P3360675	PRKAR1B	5.93198746458333
A_23_P22214	PRKAR2A	7.21825036845833
A_23_P42975	PRKAR2B	10.6168217335
A_24_P916496	PRKCA	7.573775505625
A_33_P3294533	PRKCB	7.82816315141667
A_23_P144054	PRKCD	8.11518700720833
A_23_P203475	PRKCDBP	5.032845144
A_23_P250564	PRKCE	10.95812584375
A_23_P16189	PRKCG	6.31349073675
A_23_P205567	PRKCH	5.728581160875
A_33_P3294578	PRKCI	10.3656745513333
A_23_P1374	PRKCQ	3.58403639070833
A_24_P396197	PRKCSH	9.02465327375
A_33_P3287547	PRKCZ	10.1319887325
A_23_P106016	PRKD1	4.08938953541667
A_23_P78802	PRKD2	8.608834918875
A_24_P165656	PRKD3	9.0464432455
A_23_P9603	PRKDC	7.971817978
A_24_P250765	PRKG1	6.06570239429167
A_33_P3342598	PRKG2	7.60011481008333
A_23_P91019	PRKRA	10.49181432125
A_24_P320759	PRKRIP1	8.354027904
A_24_P321411	PRKRIR	8.75383356666667
A_23_P217339	PRKX	10.2452795927083
A_33_P3618429	PRKXP1	9.29738881525
A_23_P137248	PRKY	7.56086780775
A_32_P65616	PRL	11.6975714633333
A_23_P143006	PRLH	5.54778249858333
A_33_P3370364	PRLHR	6.81390875691667
A_33_P3416757	PRLR	3.81319077783333
A_23_P100189	PRM1	4.93779990829167
A_33_P3358893	PRM2	4.72306672195833
A_23_P39088	PRMT1	13.6960628066667
A_23_P41541	PRMT10	7.26652042291667
A_24_P151498	PRMT2	10.48854964125
A_23_P9894	PRMT3	7.02381429275
A_23_P76851	PRMT5	9.20369324458333
A_23_P12336	PRMT6	8.90159137054167
A_23_P77437	PRMT7	7.59828902554167
A_23_P139740	PRMT8	6.51347919516667
A_23_P109143	PRNP	10.1503612840417
A_24_P348828	PRNT	4.01181054695833
A_23_P106236	PRO1768	3.86464983116667
A_33_P3538279	PRO2852	7.48314102283333
A_33_P3379922	PROC	5.33857134958333
A_23_P427148	PROCA1	9.26288678375
A_23_P80040	PROCR	4.183343550375
A_33_P3239298	PRODH	5.4201297335
A_24_P97342	PROK2	3.93316931858333
A_33_P3236724	PROKR1	3.70360483620833
A_23_P412603	PROKR2	4.21845263383333
A_33_P3389842	PROM1	4.5357825015
A_21_P0000058	PROM2	5.35914173145833
A_33_P3394465	PROP1	4.15991818379167
A_24_P118011	PRORSD1P	6.706208807875
A_33_P3212555	PROS1	4.77064834441667
A_23_P380298	PROSAPIP1	9.15653138545833
A_23_P45166	PROSC	9.05566776441667
A_33_P3398533	PROSER1	7.92789634166667
A_24_P88266	PROX1	5.92938640629167
A_33_P3311974	PROX2	4.33437819379167
A_23_P140074	PROZ	3.46571614708333
A_23_P127195	PRPF18	9.657444210875
A_33_P3363012	PRPF19	13.4407013216667
A_23_P97573	PRPF3	8.148390668125
A_33_P3369039	PRPF31	10.0546338610833
A_24_P97001	PRPF38A	9.56259453941667
A_23_P201567	PRPF38B	8.09955946895833
A_23_P163113	PRPF39	8.60224647316667
A_23_P60537	PRPF4	9.55685725829167
A_33_P3256695	PRPF40A	10.1819920145417
A_33_P3311205	PRPF40B	8.47801472454167
A_23_P168240	PRPF4B	7.89180184820833
A_23_P154539	PRPF6	11.9376310375
A_23_P38219	PRPF8	11.80946692125
A_23_P13713	PRPH	15.9290370579167
A_23_P214459	PRPH2	4.428643918
A_33_P3209457	PRPS1	8.392732960625
A_32_P192823	PRPS1L1	4.987939389875
A_23_P15305	PRPSAP1	10.67958343
A_23_P49646	PRPSAP2	11.21466280625
A_33_P3403075	PRR11	5.250127663625
A_23_P55948	PRR12	9.67038519891667
A_24_P349466	PRR13	8.56554924970833
A_23_P49412	PRR14	9.69822103508333
A_33_P3380597	PRR14L	3.92718675375
A_23_P431346	PRR15	5.33893616291667
A_23_P118894	PRR15L	4.04133079791667
A_24_P20746	PRR16	4.05969548216667
A_32_P407293	PRR18	4.635581824875
A_33_P3403107	PRR19	6.833822954125
A_33_P3365087	PRR20B	4.66104636858333
A_24_P178300	PRR21	4.84579438383333
A_23_P372988	PRR22	5.21579986454167
A_33_P3226557	PRR23B	4.25718020383333
A_23_P386168	PRR24	11.6050063016667
A_33_P3222769	PRR25	7.874709100125
A_33_P3362616	PRR3	6.82883003195833
A_23_P76291	PRR4	8.2175581965
A_23_P80382	PRR5	10.0018793135417
A_33_P3265855	PRR5-ARHGAP8	6.17574495979167
A_23_P116512	PRR5L	4.28599232254167
A_23_P30464	PRR7	11.0198819020833
A_23_P92948	PRRC1	9.12510143283333
A_24_P641130	PRRC2A	9.48360438191667
A_33_P3296577	PRRC2B	10.60916421
A_23_P412409	PRRC2C	10.5368764066667
A_24_P31929	PRRG1	6.58235468416667
A_23_P67355	PRRG2	4.78268797175
A_23_P387537	PRRG3	4.98071995095833
A_23_P127663	PRRG4	4.52769916104167
A_32_P192474	PRRT1	7.99783935745833
A_23_P66017	PRRT2	13.5761236841667
A_23_P80626	PRRT3	9.62547073958333
A_33_P3407529	PRRT4	7.94857210633333
A_33_P3263890	PRRX1	4.00070409458333
A_23_P83298	PRRX2	3.953081892625
A_23_P380754	PRSS1	4.35467464191667
A_23_P121637	PRSS12	6.92682340733333
A_33_P3377649	PRSS16	4.6367847905
A_23_P310274	PRSS2	5.50733956204167
A_24_P339126	PRSS21	4.491128938125
A_23_P400298	PRSS22	4.356267359375
A_23_P106806	PRSS27	7.16234953929167
A_23_P135257	PRSS3	5.33368679191667
A_23_P350719	PRSS30P	3.63502890008333
A_24_P327084	PRSS33	4.33262687729167
A_23_P42397	PRSS35	4.10333101404167
A_24_P412734	PRSS36	5.35918394708333
A_23_P93960	PRSS37	4.03275449341667
A_33_P3332166	PRSS38	4.77678795825
A_33_P3416634	PRSS41	3.9721564145
A_33_P3223898	PRSS45	4.18788766633333
A_21_P0000164	PRSS46	3.921715946875
A_33_P3422043	PRSS48	3.18386466833333
A_23_P10172	PRSS50	3.99804188858333
A_33_P3340565	PRSS53	8.61275264245833
A_23_P88776	PRSS54	4.49650212158333
A_21_P0000134	PRSS55	4.109660109875
A_33_P3345309	PRSS56	8.32317175108333
A_33_P3298775	PRSS57	7.320599962375
A_33_P3329088	PRSS8	5.80551108833333
A_33_P3380523	PRTFDC1	8.02092504933333
A_33_P3234657	PRTG	5.11518935875
A_23_P142345	PRTN3	4.66867074170833
A_23_P21316	PRUNE	6.6078563485
A_33_P3294921	PRUNE2	5.99711489266667
A_24_P390909	PRX	3.72147346275
A_33_P3419113	PRY2	4.70316954170833
A_23_P12680	PSAP	12.8843729508333
A_33_P3382999	PSAPL1	3.484343108625
A_21_P0010626	PSAT1	8.67648267654167
A_23_P71379	PSCA	5.05081863879167
A_33_P3233125	PSD	11.4927065916667
A_23_P30358	PSD2	8.81718875308333
A_23_P20392	PSD3	9.790088183625
A_23_P68121	PSD4	5.9237991545
A_23_P205686	PSEN1	8.44041480429167
A_23_P103398	PSEN2	10.076277570375
A_24_P48587	PSENEN	11.43103459
A_23_P50697	PSG1	3.56962799183333
A_21_P0000516	PSG10P	4.013218952625
A_24_P22800	PSG11	4.2320264635
A_33_P3372217	PSG5	3.89153499875
A_21_P0000191	PSG6	3.84788362629167
A_24_P392110	PSG8	3.95723792204167
A_33_P3296193	PSIMCT-1	4.06783505054167
A_33_P3226610	PSIP1	8.40886537616667
A_33_P3213155	PSITPTE22	7.11915893883333
A_23_P390596	PSKH1	8.93660358983333
A_23_P43119	PSKH2	3.77035456233333
A_23_P150286	PSMA1	9.54908073220833
A_23_P345591	PSMA2	11.9931590870833
A_23_P140301	PSMA3	12.1704913679167
A_24_P124992	PSMA4	12.1373967220833
A_23_P86216	PSMA5	12.2833734241667
A_23_P25735	PSMA6	13.2438569091667
A_23_P91468	PSMA7	12.9568048308333
A_33_P3288409	PSMA8	3.69648079104167
A_24_P233570	PSMB1	13.3823886270833
A_33_P3288359	PSMB10	10.5722209745833
A_33_P3250895	PSMB11	3.80894106325
A_23_P170058	PSMB2	11.09581630375
A_33_P3234899	PSMB3	12.4147002791667
A_23_P761	PSMB4	13.1502706479167
A_23_P37191	PSMB5	13.1635227666667
A_23_P15705	PSMB6	12.7748379108333
A_23_P9362	PSMB7	13.1287402629167
A_23_P250629	PSMB8	4.078274216875
A_23_P111000	PSMB9	5.12468221804167
A_24_P347488	PSMC1	10.4589125529167
A_21_P0000155	PSMC2	8.640202500375
A_23_P104607	PSMC3	11.1061795341667
A_24_P287941	PSMC3IP	7.36716551941667
A_24_P91310	PSMC4	10.9624168016667
A_23_P164035	PSMC5	10.6993345704167
A_23_P128930	PSMC6	10.9094896366667
A_23_P209740	PSMD1	11.5552905004167
A_33_P3335624	PSMD10	8.84061444529167
A_23_P207600	PSMD11	9.78352690079167
A_32_P12639	PSMD12	9.177592098
A_23_P75889	PSMD13	11.2691219879167
A_19_P00805273	PSMD14	9.80448069770833
A_24_P42681	PSMD2	12.2268446295833
A_24_P289726	PSMD3	10.6024495195833
A_32_P435367	PSMD4	12.78763769375
A_33_P3305243	PSMD5	5.14528236220833
A_23_P109928	PSMD6	11.3442708166667
A_23_P106741	PSMD7	12.5141338345833
A_23_P67466	PSMD8	13.0288438479167
A_23_P203994	PSMD9	8.95594812720833
A_23_P151614	PSME1	7.07084393041667
A_23_P65427	PSME2	13.1762870120833
A_23_P164141	PSME3	10.1066316835833
A_33_P3361472	PSME4	7.23201839991667
A_24_P122050	PSMF1	8.55801550920833
A_23_P68717	PSMG1	11.36204716625
A_24_P399362	PSMG2	7.50638797704167
A_24_P21044	PSMG3	10.5361431941667
A_33_P3259058	PSMG4	6.16884375741667
A_23_P133902	PSORS1C1	4.01642505129167
A_23_P81926	PSORS1C2	4.39545888554167
A_33_P3297020	PSORS1C3	4.3518063725
A_33_P3232173	PSPC1	7.51358024408333
A_32_P78816	PSPH	9.17344755920833
A_23_P410507	PSPN	7.22893904454167
A_23_P46539	PSRC1	7.77007416445833
A_33_P3404697	PSTK	7.024864633125
A_23_P48997	PSTPIP1	7.28630212341667
A_24_P322353	PSTPIP2	5.26959538495833
A_33_P3393537	PTAFR	6.59720860975
A_33_P3256267	PTAR1	7.75012209104167
A_24_P14367	PTBP1	4.48754761016667
A_23_P46396	PTBP2	11.59927495625
A_24_P916614	PTBP3	9.33154868916667
A_23_P134650	PTCD1	10.7341075254167
A_24_P191847	PTCD2	4.73537243408333
A_33_P3290945	PTCD3	6.65708857220833
A_33_P3415410	PTCH1	6.15125053904167
A_23_P355311	PTCH2	5.125025800875
A_32_P232411	PTCHD2	6.37037479283333
A_33_P3229918	PTCRA	NA
A_23_P168868	PTDSS1	12.1652116904167
A_32_P353798	PTDSS2	10.941686595
A_23_P98085	PTEN	7.887592268125
A_23_P428329	PTF1A	3.58637881875
A_23_P393777	PTGDR	4.43456941045833
A_24_P115932	PTGDR2	4.18099109970833
A_33_P3219811	PTGDS	9.426601483
A_23_P4808	PTGER1	4.503943646625
A_33_P3265749	PTGER3	4.06885273845833
A_24_P403417	PTGES	4.21604865970833
A_24_P106953	PTGES2	9.03721315216667
A_32_P114896	PTGES3	5.73573594666667
A_33_P3376551	PTGFR	4.21749284970833
A_33_P3307197	PTGFRN	7.64751669854167
A_23_P340848	PTGIR	5.47278344458333
A_24_P48723	PTGIS	5.26170492854167
A_23_P157809	PTGR1	7.274358886125
A_23_P48713	PTGR2	7.52547148666667
A_24_P64167	PTGS1	4.4897330955
A_24_P250922	PTGS2	NA
A_23_P167030	PTH1R	4.007266913375
A_23_P357374	PTH2	13.7748660033333
A_23_P380901	PTH2R	3.76181905808333
A_23_P2271	PTHLH	4.33950740316667
A_23_P22096	PTK2	9.9180837755
A_33_P3351536	PTK2B	7.620549697375
A_23_P56978	PTK6	4.34819500329167
A_24_P320545	PTK7	8.29785262675
A_24_P542375	PTMA	14.0333234491667
A_33_P3333038	PTMS	13.9582176658333
A_24_P870620	PTN	10.1613193457917
A_24_P219808	PTOV1	12.0587140383333
A_23_P81770	PTP4A1	9.54961012204167
A_23_P23114	PTP4A2	9.55980284729167
A_23_P112774	PTP4A3	9.00393530495833
A_23_P20876	PTPDC1	9.04922669475
A_33_P3235410	PTPLA	4.644364716625
A_33_P3365676	PTPLAD1	14.1091877654167
A_23_P83175	PTPLAD2	3.60110702158333
A_24_P135753	PTPLB	6.33968238216667
A_24_P372562	PTPMT1	9.672481302
A_23_P338890	PTPN1	10.1458557127917
A_23_P99027	PTPN11	7.77651327491667
A_23_P8763	PTPN12	11.87764418
A_23_P18493	PTPN13	9.61992059720833
A_19_P00323737	PTPN14	4.01846399345833
A_24_P80135	PTPN18	7.78739668216667
A_23_P309701	PTPN2	6.67063266875
A_33_P3489228	PTPN20A	4.17437721991667
A_33_P3235990	PTPN21	9.12900673620833
A_23_P201181	PTPN22	3.937764475875
A_23_P212329	PTPN23	10.3146625245833
A_24_P928969	PTPN3	6.81401144975
A_33_P3265920	PTPN4	6.26340574470833
A_24_P409519	PTPN5	6.75210639733333
A_23_P162486	PTPN6	4.62373733729167
A_23_P201778	PTPN7	3.74759598995833
A_23_P124486	PTPN9	7.72889405170833
A_23_P28869	PTPRA	11.9243323825
A_23_P53390	PTPRB	4.61270303
A_33_P3309526	PTPRC	5.57190587308333
A_33_P3295056	PTPRCAP	5.663171363125
A_33_P3309551	PTPRD	11.8626060554167
A_33_P3309556	PTPRE	6.156364065
A_33_P3276282	PTPRF	9.61930012466667
A_33_P3245278	PTPRG	6.51957518725
A_23_P101642	PTPRH	9.71984450504167
A_24_P921321	PTPRJ	5.3018116155
A_33_P3296482	PTPRK	5.78724159325
A_23_P159255	PTPRM	6.26140943879167
A_23_P90722	PTPRN	9.483609346375
A_32_P79434	PTPRN2	9.07916951566667
A_23_P204304	PTPRO	6.103946052375
A_33_P3309471	PTPRQ	4.35294244458333
A_23_P47924	PTPRR	7.1741308965
A_33_P3309468	PTPRS	10.41091106375
A_23_P135576	PTPRT	3.9313439155
A_33_P3309491	PTPRU	8.76718550579167
A_33_P3309481	PTPRVP	5.39590930370833
A_23_P168761	PTPRZ1	4.48719262525
A_33_P3280066	PTRF	9.66378576975
A_33_P3220643	PTRH1	9.65007135191667
A_23_P15493	PTRH2	11.10614721125
A_24_P16036	PTRHD1	9.33541230020833
A_23_P127579	PTS	11.0293217679167
A_23_P7636	PTTG1	8.23944870145833
A_23_P109345	PTTG1IP	11.0749287291667
A_23_P18579	PTTG2	7.08511074758333
A_23_P60016	PTTG3P	3.95361215016667
A_23_P121064	PTX3	4.42871798345833
A_33_P3292719	PTX4	4.23715354595833
A_24_P149645	PUF60	11.4304062225
A_23_P10815	PUM1	11.8242244758333
A_24_P71439	PUM2	8.30973132225
A_33_P3411296	PURA	8.9794187765
A_24_P286465	PURB	8.42364161654167
A_23_P111919	PURG	8.408363937375
A_24_P335358	PUS1	8.70804962841667
A_23_P373687	PUS10	4.46461501125
A_23_P13073	PUS3	9.86038565029167
A_23_P82478	PUS7	9.45644010116667
A_23_P51884	PUSL1	9.219892515
A_23_P17844	PVALB	6.75297444216667
A_32_P72110	PVR	5.2083140775
A_33_P3351745	PVRIG	5.41926426645833
A_23_P76034	PVRL1	6.23712602258333
A_23_P352870	PVRL2	10.1673923087083
A_23_P401547	PVRL3	5.89901067895833
A_21_P0014107	PVRL3-AS1	6.05870934579167
A_33_P3236392	PVRL4	5.92480722670833
A_19_P00317871	PVT1	6.17876227679167
A_23_P395524	PWP1	12.0059159666667
A_23_P102925	PWP2	10.00529678575
A_33_P3788124	PWRN1	4.35048837375
A_21_P0008707	PWRN2	4.09877947395833
A_33_P3275943	PWWP2A	7.16572527004167
A_23_P374389	PWWP2B	10.7131619620833
A_33_P3271455	PXDN	12.10116452
A_23_P258310	PXDNL	6.13193200858333
A_24_P140204	PXK	8.26885767029167
A_23_P124122	PXMP2	6.7290090965
A_33_P3387365	PXMP4	6.55376514575
A_24_P184555	PXN	7.55743595095833
A_23_P333022	PXT1	3.88930892091667
A_23_P26629	PYCARD	5.28599660220833
A_33_P3271930	PYCR1	9.73360593529167
A_23_P149042	PYCR2	9.33814348804167
A_33_P3417313	PYCRL	6.40379595891667
A_23_P331670	PYGB	12.9398657604167
A_23_P48676	PYGL	8.48685201708333
A_23_P405815	PYGM	8.39580810429167
A_32_P530933	PYGO1	6.84947160408333
A_33_P3289352	PYGO2	8.56436777533333
A_33_P3231407	PYHIN1	4.8205562915
A_33_P3278265	PYROXD1	7.03054075820833
A_23_P24157	PYROXD2	6.30702351558333
A_24_P233078	PYY2	7.75646906883333
A_19_P00318444	Q37NU8	4.12586418141667
A_19_P00322207	Q58MP6	5.31931671583333
A_19_P00320727	Q68PJ0	4.41204691016667
A_19_P00317856	Q6P4E4	4.001048236125
A_19_P00315492	Q73P46	4.67049449554167
A_19_P00322188	Q81CU5	4.15215840108333
A_19_P00321556	Q88AI3	4.81331789545833
A_19_P00803201	Q958C4	4.51586748191667
A_19_P00808834	Q97C69	5.59331017145833
A_19_P00318593	Q9B8G3	4.06107451475
A_19_P00318666	Q9UJ41	5.81970779441667
A_33_P3248644	QARS	12.1498482870833
A_33_P3398897	QDPR	9.49642841845833
A_23_P81760	QKI	5.738661698
A_23_P16915	QPCT	7.28076828720833
A_23_P130787	QPCTL	5.039598366625
A_23_P34233	QPRT	11.2066063816667
A_33_P3383601	QRFP	6.28842408254167
A_23_P45108	QRICH1	10.0277464459167
A_23_P141142	QRICH2	5.88403841625
A_24_P50862	QRSL1	4.74828084133333
A_33_P3235766	QSER1	10.1442638755
A_33_P3225268	QSOX1	7.83031914075
A_32_P206401	QSOX2	8.489616482625
A_24_P96234	QTRT1	6.56780108566667
A_23_P91930	QTRTD1	8.38737110875
A_23_P421221	R3HCC1	10.0152468782917
A_23_P380998	R3HDM1	8.28509471429167
A_23_P10374	R3HDM2	11.6662541845833
A_23_P165879	RAB10	13.0147226483333
A_23_P77145	RAB11A	9.701867098625
A_23_P67748	RAB11B	8.00164227920833
A_23_P31873	RAB11FIP1	6.03571821108333
A_23_P127140	RAB11FIP2	8.64617742854167
A_23_P106727	RAB11FIP3	10.31019637875
A_23_P38427	RAB11FIP4	9.26598560441667
A_23_P415006	RAB11FIP5	8.68671542204167
A_33_P3391211	RAB12	7.64468630158333
A_23_P46369	RAB13	7.63541668454167
A_24_P115511	RAB14	7.628685004375
A_24_P193295	RAB15	11.96323136125
A_23_P5778	RAB17	3.734824224125
A_24_P132787	RAB18	8.82249197066667
A_33_P3272395	RAB19	3.74692346616667
A_23_P250283	RAB1A	11.83480933
A_32_P129288	RAB1B	8.754653308875
A_24_P22050	RAB20	4.68105532058333
A_23_P128166	RAB21	9.21817468179167
A_33_P3221788	RAB22A	9.79847495266667
A_23_P70794	RAB23	7.598702992875
A_23_P61823	RAB24	10.1290398847083
A_23_P115091	RAB25	4.30896793825
A_33_P3209229	RAB26	10.4950602245
A_24_P373174	RAB27A	4.64795461483333
A_21_P0009481	RAB27B	5.09300129441667
A_33_P3353672	RAB28	7.10521599833333
A_23_P340251	RAB2A	11.072308115
A_23_P65466	RAB2B	9.07904965908333
A_24_P167338	RAB30	6.63871035270833
A_24_P236799	RAB31	13.7142386120833
A_24_P303480	RAB32	3.87442394091667
A_23_P147025	RAB33A	10.7551952854167
A_33_P3314579	RAB34	9.69892737704167
A_23_P204484	RAB35	10.2303785082083
A_23_P103011	RAB36	8.10435970779167
A_23_P414654	RAB37	5.77766187545833
A_24_P50028	RAB39	4.05787756308333
A_24_P408603	RAB39B	9.95404614458333
A_33_P3314550	RAB3A	12.22087311125
A_23_P388168	RAB3B	8.26029627429167
A_33_P3250939	RAB3C	6.937097613125
A_23_P404678	RAB3D	5.97869119404167
A_33_P3280739	RAB3GAP1	9.29525371133333
A_24_P127928	RAB3GAP2	10.8664967820833
A_23_P75800	RAB3IL1	4.35669636404167
A_23_P128174	RAB3IP	9.27065966404167
A_32_P88719	RAB40AL	6.96662576904167
A_23_P129801	RAB40B	9.62183107408333
A_23_P396062	RAB40C	9.36878108820833
A_23_P434919	RAB42	5.310627818375
A_24_P277295	RAB43	7.6679413805
A_24_P122682	RAB4A	8.12097405108333
A_23_P16116	RAB4B	8.79472259633333
A_23_P212545	RAB5A	11.1183807133333
A_23_P410998	RAB5B	9.36046824770833
A_23_P107211	RAB5C	8.5821679235
A_24_P13230	RAB6A	11.334201695
A_24_P475349	RAB6B	12.3500688616667
A_21_P0000201	RAB6C	10.9595100004167
A_23_P252541	RAB7B	3.91841887183333
A_23_P126939	RAB7L1	6.55100197116667
A_33_P3320127	RAB8A	10.1992058139167
A_23_P317465	RAB8B	8.940212667875
A_23_P45389	RAB9A	9.98622299145833
A_23_P406448	RAB9B	7.51085190033333
A_24_P305938	RAB9BP1	5.82337186325
A_23_P38864	RABAC1	13.7474643745833
A_24_P945147	RABEP1	8.87782786066667
A_33_P3239152	RABEP2	9.42310190108333
A_24_P386323	RABEPK	8.21287527825
A_24_P252575	RABGAP1	8.67650661904167
A_24_P49349	RABGAP1L	7.08520698454167
A_23_P54223	RABGGTA	8.281805322375
A_24_P336705	RABGGTB	8.814898899375
A_24_P336718	RABIF	5.80535415354167
A_33_P3344039	RABL2A	7.149643151875
A_33_P3224483	RABL2B	7.18549462004167
A_32_P221452	RABL3	7.68741626720833
A_24_P286527	RABL5	8.10668402095833
A_23_P215406	RAC1	11.6791263370833
A_24_P228717	RAC2	6.86762678404167
A_33_P3295523	RAC3	12.3922854175
A_32_P186474	RACGAP1	6.49671649929167
A_23_P65041	RACGAP1P	4.633812373
A_23_P144697	RAD1	7.0729176475
A_24_P97836	RAD17	7.02072915816667
A_23_P121222	RAD18	5.467646137125
A_23_P20463	RAD21	11.5135769841667
A_33_P3276323	RAD21-AS1	4.68255708645833
A_23_P91317	RAD21L1	4.51157126141667
A_33_P3362193	RAD23A	12.0485031779167
A_24_P398092	RAD23B	9.097138166875
A_23_P250404	RAD50	7.889027937
A_23_P88731	RAD51	4.92516960925
A_23_P99292	RAD51AP1	4.91895215804167
A_33_P3306085	RAD51AP2	4.72167746
A_23_P48481	RAD51B	4.95057984166667
A_23_P207014	RAD51C	9.82766669695833
A_24_P356509	RAD51D	6.814116687375
A_23_P64990	RAD52	7.39328184408333
A_23_P82738	RAD54B	5.60819651970833
A_23_P74115	RAD54L	5.23373030516667
A_23_P18205	RAD54L2	10.75270518375
A_24_P21715	RAD9A	8.23523492066667
A_33_P3361227	RAD9B	4.02598831008333
A_23_P111860	RADIL	11.12532256625
A_33_P3443165	RAE1	12.2494745395833
A_33_P3279847	RAET1E	3.52662428254167
A_21_P0013163	RAET1K	5.65323960883333
A_23_P40952	RAF1	11.29117814375
A_23_P360744	RAG1	4.80699355629167
A_21_P0000601	RAG2	3.970372914
A_23_P417148	RAI1	7.09041821808333
A_23_P92727	RAI14	11.4139607416667
A_23_P254165	RAI2	5.71897005345833
A_24_P192262	RALA	10.7272174058333
A_33_P3356502	RALB	9.515196586125
A_23_P376599	RALBP1	10.2201919791667
A_23_P151565	RALGAPA1	8.33212705429167
A_33_P3470781	RALGAPA2	4.37764784895833
A_23_P400066	RALGAPB	9.42437514891667
A_23_P135184	RALGDS	12.6346056470833
A_23_P390148	RALGPS1	8.34406689858333
A_24_P173746	RALGPS2	5.38925964704167
A_23_P109235	RALY	11.9800289216667
A_23_P388220	RALYL	6.824877572
A_33_P3233906	RAMP1	4.987953576125
A_24_P116710	RAMP2	4.15331523816667
A_23_P111737	RAMP3	3.78817199483333
A_24_P47547	RAN	12.8638887058333
A_23_P91590	RANBP1	12.2803127041667
A_23_P369733	RANBP10	10.0284764355833
A_23_P58819	RANBP17	9.18649846991667
A_33_P3308740	RANBP2	7.60831375283333
A_33_P3368375	RANBP3	9.39209760183333
A_23_P146379	RANBP6	7.85126098058333
A_24_P226355	RANBP9	8.87609453645833
A_33_P3263307	RANGAP1	13.3112824170833
A_23_P55136	RANGRF	10.085919855125
A_33_P3342285	RAP1A	10.6152888929167
A_23_P2661	RAP1B	10.9035514158333
A_23_P45976	RAP1GAP	4.90771222079167
A_23_P412214	RAP1GAP2	7.76710606429167
A_32_P85813	RAP1GDS1	9.8659668945
A_24_P81965	RAP2A	9.08974995695833
A_33_P3303121	RAP2B	5.89376096208333
A_23_P147826	RAP2C	6.73541217304167
A_23_P304237	RAPGEF1	7.33313149895833
A_33_P3334743	RAPGEF2	10.1806866084167
A_32_P393316	RAPGEF3	5.703746008625
A_23_P17192	RAPGEF4	6.49581573895833
A_33_P3221618	RAPGEF5	6.58124528733333
A_33_P3243524	RAPGEF6	7.1695818975
A_23_P152970	RAPGEFL1	6.481762186625
A_33_P3421571	RAPH1	8.54637700279167
A_23_P86801	RAPSN	5.58952162966667
A_32_P5251	RARA	8.54076535241667
A_23_P387552	RARG	5.35617555191667
A_23_P18078	RARRES1	4.580064677
A_23_P134237	RARRES2	7.04339916541667
A_23_P1962	RARRES3	5.78639761879167
A_23_P69988	RARS	12.2769973325
A_23_P214211	RARS2	12.5702745708333
A_23_P18939	RASA1	9.20544082129167
A_33_P3287972	RASA2	5.068437841125
A_33_P3262515	RASA3	9.76626873741667
A_33_P3287959	RASA4	9.428917874875
A_23_P139600	RASAL1	4.584463597125
A_33_P3350758	RASAL2	7.38301649433333
A_23_P79069	RASAL3	5.44596812854167
A_23_P118392	RASD1	9.326397602375
A_24_P357100	RASD2	5.63547582908333
A_32_P231568	RASEF	4.428095090375
A_32_P223140	RASGEF1A	4.47713101133333
A_33_P3364646	RASGEF1B	5.995491347625
A_24_P383762	RASGEF1C	8.29773404595833
A_23_P3379	RASGRF1	3.95480504945833
A_23_P133386	RASGRF2	3.7302478315
A_23_P124642	RASGRP1	4.53720599254167
A_33_P3209960	RASGRP2	9.18910194508333
A_24_P54390	RASGRP3	4.25560764195833
A_23_P165007	RASGRP4	5.2780017785
A_23_P119353	RASIP1	9.189275004625
A_23_P166400	RASL10A	8.81416691491667
A_24_P322229	RASL10B	8.475268772
A_23_P14124	RASL11A	4.95953575895833
A_23_P69738	RASL11B	8.14129254645833
A_24_P150580	RASL12	4.19690206
A_33_P3316934	RASSF1	7.45996226758333
A_33_P3399634	RASSF10	4.42210567816667
A_23_P166087	RASSF2	8.77593209191667
A_23_P2397	RASSF3	4.42235042583333
A_24_P295590	RASSF4	7.677807279
A_24_P336584	RASSF5	5.20140322604167
A_33_P3235420	RASSF6	6.58799223141667
A_23_P47116	RASSF7	7.87600517033333
A_24_P78556	RASSF8	6.34329423895833
A_24_P126557	RAVER1	7.0293680515
A_23_P328323	RAVER2	6.09627994866667
A_33_P3370944	RAX	4.2287565405
A_23_P56146	RAX2	4.612395201125
A_23_P204850	RB1	10.171869642
A_23_P9056	RB1CC1	10.3113760016667
A_24_P72394	RBAK	5.39064960241667
A_33_P3232038	RBAK-LOC389458	6.96875998366667
A_33_P3338559	RBBP4	10.4666180820833
A_33_P3235642	RBBP5	4.94230330491667
A_23_P342053	RBBP6	6.25526247704167
A_23_P114221	RBBP7	12.0910100675
A_33_P3240702	RBBP8	8.11181569241667
A_23_P257538	RBBP9	7.13580529158333
A_33_P3238315	RBCK1	8.792724125375
A_23_P153086	RBFA	9.97731916645833
A_24_P147242	RBFOX1	4.357771458125
A_23_P103099	RBFOX2	9.645393569625
A_21_P0013952	RBFOX3	10.8057285104167
A_23_P9523	RBKS	9.9266019085
A_23_P28733	RBL1	5.418220781375
A_24_P416159	RBL2	7.93858362195833
A_33_P3499102	RBM10	10.0226094971667
A_23_P342000	RBM11	3.99724078279167
A_33_P3416286	RBM12	9.41982461358333
A_33_P3283420	RBM12B	7.80260844570833
A_33_P3378925	RBM14	7.83946238483333
A_33_P3378920	RBM14-RBM4	13.2290408654167
A_23_P34877	RBM15	7.33612524229167
A_24_P945181	RBM15B	6.34405112
A_23_P35645	RBM17	11.6367337695833
A_23_P20777	RBM18	9.18478146725
A_23_P312344	RBM19	7.36456852533333
A_24_P453497	RBM20	7.05186012375
A_23_P92895	RBM22	9.54259601470833
A_23_P88249	RBM23	6.66585693066667
A_23_P167812	RBM24	6.50115484666667
A_23_P99762	RBM25	11.02103956625
A_23_P218096	RBM26	7.76466948104167
A_21_P0000866	RBM26-AS1	7.36774441270833
A_23_P92786	RBM27	10.3270679291667
A_23_P168629	RBM28	9.01922630591667
A_33_P3349827	RBM3	9.80933202066667
A_23_P215534	RBM33	5.9733701915
A_23_P436476	RBM34	7.10947826895833
A_23_P17430	RBM38	7.32727491925
A_23_P109254	RBM39	10.7821619675
A_21_P0000141	RBM4	9.21398141029167
A_33_P3330468	RBM41	7.435638237625
A_23_P90444	RBM42	10.9367746154167
A_33_P3301381	RBM43	7.78917840708333
A_33_P3301351	RBM44	4.353080423125
A_23_P142994	RBM45	9.49907299379167
A_24_P226108	RBM47	3.91765587383333
A_23_P1638	RBM4B	10.3923280120833
A_23_P18276	RBM5	13.4649001841667
A_23_P57941	RBM6	9.74825478825
A_23_P138975	RBM7	8.22413814075
A_23_P104116	RBM8A	11.0214129454167
A_33_P3316323	RBMS1	11.0669395970833
A_23_P425073	RBMS2	6.82847744366667
A_23_P10995	RBMS3	5.54508898454167
A_32_P193646	RBMX	5.97205950695833
A_23_P255153	RBMX2	6.63271731433333
A_21_P0013083	RBMXL1	8.81408781091667
A_24_P357406	RBMY1B	4.33014090066667
A_24_P794648	RBMY2EP	3.716337944
A_23_P257649	RBP1	11.21774082875
A_23_P80491	RBP2	4.042906545
A_23_P75283	RBP4	4.27980795325
A_24_P386746	RBP5	4.98350435429167
A_24_P165423	RBP7	4.32949800225
A_23_P29994	RBPJ	11.3768922241667
A_23_P346884	RBPJL	4.14414677054167
A_24_P930418	RBPMS	4.85745013420833
A_23_P100056	RBPMS2	6.49084572133333
A_33_P3246318	RBX1	12.7922968075
A_32_P96807	RC3H1	9.84724067941667
A_23_P375147	RC3H2	8.946901755125
A_23_P166248	RCAN1	9.84688887125
A_33_P3230818	RCAN2	6.370963161125
A_23_P391275	RCAN3	4.78849771075
A_23_P117163	RCBTB1	9.677958521375
A_23_P14105	RCBTB2	8.87537040554167
A_23_P46309	RCC1	6.54943095075
A_33_P3215517	RCC2	9.38447584158333
A_23_P106433	RCCD1	8.651485321
A_23_P1641	RCE1	7.02519593254167
A_33_P3263841	RCHY1	6.97375683916667
A_33_P3228300	RCL1	7.44058113645833
A_23_P203299	RCN1	11.3629239583333
A_32_P175539	RCN2	12.6154003108333
A_23_P67339	RCN3	8.3933329905
A_33_P3211924	RCOR1	9.69104129570833
A_33_P3211929	RCOR2	13.010516955
A_24_P276816	RCOR3	7.958318571625
A_23_P107132	RCVRN	3.84850840816667
A_33_P3373960	RD3	4.677507526875
A_23_P122545	RDBP	11.6368591583333
A_32_P25050	RDH10	5.47634350245833
A_23_P25684	RDH11	8.630702089875
A_23_P37088	RDH12	7.39553386429167
A_23_P39185	RDH13	7.155292763875
A_23_P90911	RDH14	8.814049305125
A_23_P36484	RDH16	4.92723134520833
A_24_P218814	RDH5	7.95126212891667
A_23_P50291	RDH8	4.27640403758333
A_21_P0000036	RDM1	4.44706149295833
A_23_P203023	RDX	9.14038697745833
A_33_P3278941	REC8	11.5563124083333
A_23_P83028	RECK	6.48616526041667
A_23_P25215	RECQL	8.57335177675
A_33_P3323847	RECQL4	NA
A_23_P324989	RECQL5	6.10977035754167
A_23_P96285	REEP1	12.9912630458333
A_23_P19182	REEP2	13.9563931404167
A_33_P3262814	REEP3	5.91439214529167
A_23_P96209	REEP4	8.60786757595833
A_23_P350045	REEP5	12.38528541875
A_33_P3262789	REEP6	9.179755386875
A_23_P90743	REG1A	4.18898106433333
A_23_P389500	REG1B	4.4415177395
A_23_P108546	REG1P	4.18587822770833
A_23_P119936	REG3A	4.25881376770833
A_24_P58673	REG4	4.04086477216667
A_23_P56938	REL	6.927213614
A_23_P104689	RELA	8.784783152
A_23_P55706	RELB	8.52762120433333
A_32_P116206	RELL1	7.69625592983333
A_33_P3229027	RELL2	10.9086741575
A_24_P309095	RELN	4.933744357625
A_24_P38951	RELT	9.40103273175
A_23_P28948	REM1	3.24909595158333
A_33_P3305487	REM2	9.87151415791667
A_23_P34637	REN	5.13923757845833
A_23_P137157	RENBP	6.71717838654167
A_33_P3247624	REP15	6.449163329875
A_24_P166645	REPIN1	10.7926792975
A_23_P70748	REPS1	11.72646557125
A_32_P100109	REPS2	5.99998106595833
A_33_P3353712	RER1	10.3670756095833
A_21_P0011288	RERE	8.15485954020833
A_33_P3259861	REREP3	6.92862008508333
A_24_P321525	RERG	4.71264227375
A_23_P64919	RERGL	4.10951359133333
A_24_P59236	RESP18	4.17795503966667
A_23_P167081	REST	4.39503622425
A_33_P3562537	RET	9.855495624
A_23_P119222	RETN	4.52255042804167
A_23_P92196	RETNLB	5.21208444220833
A_23_P209944	RETSAT	5.845629217125
A_24_P291426	REV1	7.64457910958333
A_23_P214139	REV3L	9.33805488229167
A_33_P3312682	REXO1	11.8617264495833
A_33_P3236267	REXO1L1	9.673996211
A_23_P150365	REXO2	11.3554448570833
A_33_P3272160	REXO4	11.34323202125
A_23_P18465	RFC1	8.75652793341667
A_23_P93823	RFC2	8.1936195585
A_33_P3214446	RFC3	6.637185096
A_23_P18196	RFC4	10.59562211375
A_23_P95302	RFC5	8.76668190083333
A_23_P251647	RFESD	6.29046765858333
A_23_P164089	RFFL	8.37595856445833
A_23_P216708	RFK	9.01794737875
A_23_P84629	RFNG	8.23750698916667
A_23_P211417	RFPL1	4.29553522279167
A_32_P118568	RFPL1-AS1	10.4624046103333
A_23_P254434	RFPL2	3.78276010975
A_23_P6422	RFPL3	3.760096027875
A_24_P169048	RFPL3-AS1	6.69990994441667
A_33_P3375790	RFPL4A	4.41132844416667
A_33_P3397835	RFPL4B	7.05907026075
A_23_P155441	RFT1	6.21688347070833
A_23_P315571	RFTN1	9.41478869020833
A_23_P363878	RFTN2	4.53371008754167
A_33_P3209356	RFWD2	9.81406151816667
A_24_P287826	RFWD3	7.22736417204167
A_24_P391104	RFX1	8.74345857791667
A_33_P3267467	RFX3	6.15132666283333
A_23_P76332	RFX4	3.78725791
A_24_P20032	RFX5	8.53963791029167
A_33_P3210338	RFX7	9.82653868183333
A_19_P00319028	RFX8	4.49743163545833
A_23_P165180	RFXANK	11.8334181691667
A_23_P315789	RFXAP	7.687724642625
A_23_P166716	RG9MTD1	11.1717167554167
A_23_P398637	RG9MTD2	7.16967126633333
A_33_P3245412	RG9MTD3	6.46430757316667
A_23_P306352	RGAG1	5.146069694625
A_33_P3305173	RGAG4	11.05460988875
A_33_P3240532	RGL1	9.506869796625
A_23_P93383	RGL2	11.1288526358333
A_33_P3356392	RGL3	3.75516922616667
A_23_P372308	RGMA	9.920541219
A_24_P363100	RGMB	7.445206513
A_23_P114423	RGN	4.1205152435
A_32_P213330	RGNEF	4.01862644008333
A_24_P398064	RGP1	7.85730188775
A_32_P776626	RGPD1	3.63002869845833
A_32_P205944	RGPD5	9.47019113879167
A_23_P357985	RGPD6	5.89722914216667
A_24_P289273	RGR	4.52268414795833
A_23_P138717	RGS10	16.5298173816667
A_23_P118122	RGS11	9.84825388316667
A_23_P352435	RGS12	8.385937089375
A_23_P500093	RGS13	3.54213387579167
A_23_P124927	RGS14	6.96999451233333
A_23_P320578	RGS16	8.235760383875
A_23_P156861	RGS17	5.45974735595833
A_33_P3211956	RGS19	8.81838689225
A_23_P114947	RGS2	9.19766694141667
A_23_P73097	RGS20	6.33179676004167
A_33_P3388691	RGS21	4.04980473079167
A_32_P125771	RGS22	4.11429415829167
A_23_P219197	RGS3	10.1759826320833
A_33_P3325009	RGS4	8.54406606254167
A_33_P3243093	RGS5	4.4595494395
A_23_P51587	RGS7	3.525959466625
A_33_P3379606	RGS7BP	5.636880615
A_23_P103424	RGS8	4.932048725875
A_21_P0000057	RGS9	5.14888369225
A_32_P227605	RGS9BP	4.57973679383333
A_23_P256572	RHAG	4.02286261570833
A_33_P3309809	RHBDD1	5.83385603870833
A_23_P8561	RHBDD2	11.3339924275
A_33_P3274069	RHBDD3	7.82072163604167
A_23_P163682	RHBDF1	8.403678221625
A_23_P329870	RHBDF2	6.8587617215
A_23_P26468	RHBDL1	7.77837182358333
A_23_P63432	RHBDL2	4.30427418141667
A_33_P3274084	RHBDL3	8.682592455
A_23_P51690	RHBG	4.75434297025
A_23_P62634	RHCE	6.03859012141667
A_23_P151975	RHCG	5.615386882125
A_33_P3413083	RHEB	8.43546968833333
A_33_P3264895	RHEBL1	9.7015484445
A_23_P407472	RHO	3.66008704733333
A_23_P69493	RHOA	9.69803839654167
A_33_P3308446	RHOB	9.21456591641667
A_33_P3348288	RHOBTB1	10.0691772703333
A_23_P20427	RHOBTB2	10.2231178651667
A_33_P3288189	RHOBTB3	9.20521131604167
A_23_P406424	RHOC	11.4640794754167
A_24_P104119	RHOF	5.72114014725
A_33_P3317376	RHOG	6.7352382985
A_24_P82032	RHOJ	3.78951276058333
A_33_P3271323	RHOQ	9.34301349133333
A_33_P3668049	RHOT1	6.374650953875
A_33_P3393350	RHOT2	11.4656891791667
A_24_P62530	RHOU	9.09492834029167
A_23_P424561	RHOV	5.99669197216667
A_23_P85082	RHOXF1	6.22727816204167
A_23_P352494	RHOXF2	4.23543785854167
A_33_P3387616	RHPN1	9.84999808770833
A_21_P0011344	RHPN2	5.30422879733333
A_23_P73667	RIBC1	4.77046296791667
A_23_P166526	RIBC2	4.4599551335
A_24_P35537	RIC3	8.143260218
A_24_P115971	RIC8A	10.1564190434167
A_33_P3362696	RIC8B	7.09197607041667
A_32_P193322	RICTOR	9.22980921841667
A_23_P5611	RIF1	7.28055913295833
A_32_P212471	RIIAD1	9.94428890654167
A_24_P185117	RILP	5.765048275375
A_23_P169934	RILPL1	8.431214991375
A_23_P76109	RILPL2	6.55421568195833
A_24_P162226	RIMBP2	7.89590493795833
A_23_P154962	RIMBP3	6.90924088304167
A_23_P349406	RIMKLA	7.52989668004167
A_23_P361841	RIMKLB	7.111185955125
A_33_P3218832	RIMS1	9.44306290841667
A_23_P147786	RIMS2	6.64822481083333
A_23_P319583	RIMS3	10.3740518591667
A_32_P38645	RIMS4	11.5242354533333
A_33_P3266010	RIN1	7.24060581058333
A_24_P305570	RIN2	9.41500002308333
A_23_P151820	RIN3	4.526481276875
A_24_P200694	RING1	10.1385880596667
A_33_P3407895	RINL	8.63226463654167
A_23_P59677	RINT1	8.13351451729167
A_24_P8088	RIOK1	9.63493872783333
A_23_P133284	RIOK2	6.860469625125
A_33_P3317850	RIOK3	12.1802408729167
A_33_P3279059	RIPK1	8.21805845945833
A_23_P252106	RIPK2	7.97486831370833
A_33_P3303291	RIPK3	3.79305004625
A_33_P3400728	RIPK4	5.65485824516667
A_32_P199901	RIPPLY1	3.62564743908333
A_32_P216566	RIPPLY2	5.07750269891667
A_33_P3394075	RIT1	5.954438931125
A_33_P3416588	RIT2	5.30957615670833
A_23_P163361	RLBP1	4.41858983966667
A_23_P126037	RLF	9.80601615820833
A_33_P3414669	RLIM	7.671374662
A_23_P60210	RLN1	4.04507041991667
A_23_P216455	RLN2	3.99493099375
A_33_P3226825	RLN3	4.23199835329167
A_33_P3294222	RLTPR	9.00840646858333
A_23_P112341	RMI1	9.58373366129167
A_23_P353717	RMI2	6.5283214125
A_24_P343271	RMND1	7.50555537629167
A_33_P3281532	RMND5A	6.5101037275
A_33_P3258723	RMND5B	9.28209587583333
A_33_P3401284	RMRP	10.809439475
A_33_P3390107	RN18S1	12.186457575
A_33_P3244165	RN28S1	15.7476641295833
A_33_P3399064	RN5-8S1	11.3796218683333
A_33_P3382595	RN7SK	14.6350369308333
A_33_P3332348	RN7SL1	13.9285552079167
A_23_P48596	RNASE1	6.06942602558333
A_33_P3272748	RNASE10	3.34103792008333
A_23_P65472	RNASE11	3.70355882883333
A_33_P3332292	RNASE12	4.06048300304167
A_33_P3261937	RNASE13	4.600644741375
A_32_P1712	RNASE2	3.67143249333333
A_23_P163025	RNASE3	3.95068535670833
A_23_P205531	RNASE4	4.21862684058333
A_23_P106080	RNASE7	4.67790843870833
A_23_P27167	RNASEH1	7.16625142025
A_23_P164826	RNASEH2A	10.363558458625
A_33_P3213857	RNASEH2B	8.79192271983333
A_33_P3358977	RNASEH2C	10.5808682045833
A_33_P3382351	RNASEK	14.2847094941667
A_23_P390172	RNASEL	6.1435264175
A_33_P3251163	RNASET2	5.89765054429167
A_23_P53370	RND1	4.7375140505
A_33_P3382860	RND2	9.722016615125
A_23_P142849	RND3	11.9469448916667
A_24_P261724	RNF10	11.0473267041667
A_21_P0000142	RNF103	7.53386746220833
A_23_P137434	RNF11	13.0049661
A_23_P77160	RNF111	9.882661798125
A_23_P107116	RNF112	9.95913644508333
A_23_P258071	RNF113A	10.6281554533333
A_24_P297480	RNF113B	4.23361134883333
A_24_P82957	RNF114	9.06121693491667
A_24_P633902	RNF115	8.58800777725
A_23_P75973	RNF121	7.72273665779167
A_23_P134744	RNF122	11.9548966529167
A_21_P0010755	RNF123	8.83223739454167
A_33_P3257993	RNF125	8.31923510175
A_23_P314086	RNF126	10.12454783975
A_21_P0014626	RNF13	8.84958568395833
A_33_P3255544	RNF130	9.84889387683333
A_23_P252283	RNF135	3.99636307645833
A_23_P89755	RNF138	9.58437598925
A_33_P3413541	RNF138P1	5.92229617958333
A_23_P146765	RNF139	10.097527205375
A_24_P132039	RNF14	9.00263493329167
A_24_P372625	RNF141	9.296756755625
A_24_P37264	RNF144A	7.84072558766667
A_24_P406060	RNF144B	3.94550485716667
A_24_P144773	RNF145	8.27061245408333
A_23_P257201	RNF146	10.2349359296667
A_23_P120153	RNF149	9.417748265
A_24_P350589	RNF150	9.114582662625
A_32_P179837	RNF151	5.336141883375
A_32_P4199	RNF152	8.67961530941667
A_32_P57810	RNF157	7.90807022208333
A_33_P3319680	RNF165	6.779084122125
A_23_P385500	RNF166	3.8880872535
A_24_P344295	RNF167	9.63289035033333
A_23_P416112	RNF168	5.65149136345833
A_23_P350172	RNF169	7.22564002033333
A_23_P99373	RNF17	4.00305946629167
A_23_P146209	RNF170	6.56962862245833
A_23_P340263	RNF175	4.816105666
A_19_P00807411	RNF180	6.27830161404167
A_23_P108708	RNF181	11.4020294458333
A_23_P399255	RNF182	8.83476991408333
A_23_P83347	RNF183	4.873216148875
A_32_P15421	RNF185	6.219714530625
A_23_P126248	RNF186	3.48472182833333
A_24_P23995	RNF187	11.5962423479167
A_24_P411899	RNF19A	8.96764837341667
A_23_P321388	RNF19B	6.44551748891667
A_24_P199500	RNF2	7.33039241441667
A_24_P98385	RNF20	8.821740228
A_33_P3316978	RNF207	5.791986998375
A_33_P3379669	RNF208	10.4155796020833
A_33_P3273919	RNF212	4.80000848241667
A_23_P327140	RNF213	6.65712990795833
A_24_P32520	RNF214	7.06487601266667
A_32_P420563	RNF215	5.48679308166667
A_33_P3341365	RNF216	7.58396864416667
A_24_P598406	RNF216P1	11.4542947370833
A_23_P353005	RNF217	6.31797442104167
A_23_P25638	RNF219	11.358931925
A_23_P201002	RNF220	10.6946010925
A_33_P3318444	RNF222	5.39033791933333
A_21_P0000163	RNF223	5.6210761595
A_33_P3243558	RNF224	4.51043832029167
A_24_P333019	RNF24	9.34104299445833
A_23_P39656	RNF25	8.20674153975
A_23_P64630	RNF26	10.3932851691667
A_23_P99632	RNF31	9.463563078875
A_23_P19816	RNF32	6.79055630495833
A_23_P128396	RNF34	10.131313971
A_24_P4334	RNF38	8.88587572525
A_24_P314931	RNF39	4.57189136520833
A_23_P167308	RNF4	10.3181222916667
A_23_P364890	RNF40	9.23353567991667
A_24_P244470	RNF41	10.35954576625
A_33_P3213029	RNF43	4.01390081420833
A_23_P213592	RNF44	12.1157290408333
A_23_P8095	RNF5	12.4713790645833
A_24_P144881	RNF6	6.91881080279167
A_33_P3252915	RNF7	10.16040304025
A_23_P70384	RNF8	6.36080482529167
A_23_P207299	RNFT1	5.84081469658333
A_23_P204158	RNFT2	7.95822574729167
A_23_P325075	RNGTT	7.265201221875
A_24_P415601	RNH1	10.5154703354167
A_23_P55515	RNMT	6.91587197970833
A_23_P135357	RNMTL1	8.04479073691667
A_24_P341504	RNPC3	8.72585615879167
A_33_P3258091	RNPEP	10.9556219358333
A_33_P3322654	RNPEPL1	11.2261577291667
A_23_P152272	RNPS1	12.1837376108333
A_33_P3267263	RNU1-5	12.2958393079167
A_33_P3254695	RNU105A	9.26591885929167
A_33_P3399534	RNU105B	4.36662168125
A_33_P3416387	RNU105C	4.880571241125
A_21_P0000502	RNU11	5.76578213779167
A_24_P23445	RNU12	8.27148449545833
A_33_P3279708	RNU2-2	10.4193308702083
A_33_P3839897	RNU4ATAC	11.37831961375
A_21_P0000504	RNU6ATAC	7.78538510241667
A_23_P80503	ROBO1	7.45544340979167
A_24_P16326	ROBO2	9.60733993729167
A_23_P87082	ROBO3	8.55410546904167
A_23_P344421	ROBO4	4.15445591908333
A_23_P130429	ROCK1	7.538660084
A_33_P3257140	ROCK2	7.00648848895833
A_23_P100499	ROGDI	9.993548246625
A_23_P105002	ROM1	8.67438103116667
A_33_P3298535	ROMO1	13.0291194525
A_32_P184464	ROPN1	4.23030931204167
A_23_P121885	ROPN1L	6.20649040620833
A_23_P12363	ROR1	7.53214523875
A_23_P158318	ROR2	7.21357449220833
A_23_P26124	RORA	5.55229475845833
A_33_P3235856	RORB	5.838579097625
A_33_P3386671	RORC	4.11154341345833
A_23_P70278	ROS1	3.977901044375
A_33_P3347528	RP11-165H20.1	4.48843948345833
A_23_P309396	RP1L1	3.82117605583333
A_23_P22433	RP2	8.94469279933333
A_23_P255215	RP9	10.0418412935417
A_19_P00322190	RP9P	8.67513545654167
A_23_P107073	RPA1	7.94068422858333
A_33_P3334635	RPA2	9.75402667525
A_23_P256455	RPA3	10.32733721875
A_23_P254212	RPA4	5.54088866966667
A_23_P66766	RPAIN	10.2501883379167
A_23_P3453	RPAP1	10.0800511897917
A_23_P23542	RPAP2	7.62487052829167
A_23_P2683	RPAP3	7.36134318545833
A_33_P3281940	RPE	7.23079265558333
A_23_P359616	RPF1	9.77210728208333
A_23_P19210	RPF2	10.110087515625
A_33_P3299656	RPGR	6.34460686879167
A_33_P3302861	RPGRIP1L	6.80947320204167
A_33_P3395384	RPH3A	4.40456944741667
A_23_P94819	RPH3AL	9.08096848216667
A_23_P131646	RPIA	9.88417669020833
A_23_P251593	RPL10A	14.8527497883333
A_23_P341325	RPL10L	13.0457358425
A_23_P62605	RPL11	15.2674391854167
A_23_P217068	RPL12	15.8672837525
A_24_P142228	RPL13	15.1206883979167
A_23_P90143	RPL13A	15.0944992325
A_33_P3312802	RPL13AP17	6.75751116433333
A_24_P272873	RPL13AP3	12.36475640875
A_33_P3329477	RPL13P5	9.21430822545833
A_23_P18292	RPL14	14.5332042070833
A_23_P253200	RPL15	14.1837072516667
A_21_P0000261	RPL17	12.2495456083333
A_23_P142146	RPL18	15.3472515945833
A_32_P193288	RPL18A	14.4742965925
A_23_P77779	RPL19	15.8312149770833
A_24_P67308	RPL19P12	14.7395744454167
A_23_P2725	RPL21	12.6679208270833
A_32_P94087	RPL21P44	12.4474294183333
A_32_P210252	RPL22	10.201355555125
A_23_P143958	RPL22L1	11.2017306895833
A_32_P30710	RPL23	14.9908389991667
A_33_P3382560	RPL23A	13.2753756054167
A_23_P108932	RPL23AP32	8.447605242625
A_24_P323628	RPL23AP53	10.89137167375
A_33_P3391578	RPL23AP64	4.41986960745833
A_24_P153043	RPL23AP7	9.38993401529167
A_33_P3295066	RPL23P8	12.7720569229167
A_33_P3265290	RPL24	14.6038877825
A_23_P33045	RPL26	13.8753052208333
A_32_P205553	RPL26L1	11.4054759125
A_23_P141389	RPL27	15.1984300941667
A_23_P416305	RPL27A	6.54125541970833
A_33_P3299319	RPL28	9.5135627925
A_33_P3366039	RPL29	12.4697603041667
A_24_P7085	RPL29P2	11.2191675445833
A_24_P766208	RPL3	15.4362764591667
A_23_P123330	RPL30	14.28546647125
A_32_P145153	RPL31	12.8335844275
A_33_P3278137	RPL31P11	4.77935535179167
A_21_P0000344	RPL32	13.4498722433333
A_24_P7629	RPL32P3	8.44007513575
A_23_P7221	RPL34	14.4821468666667
A_23_P112429	RPL35	14.2349448433333
A_23_P44956	RPL35A	16.2460440704167
A_23_P153383	RPL36	14.0507814858333
A_21_P0013795	RPL36A	15.43990166375
A_33_P3255647	RPL36A-HNRNPH2	6.62239076466667
A_24_P159036	RPL36AL	13.36602878625
A_33_P3587611	RPL36AP33	4.12231986141667
A_33_P3261246	RPL37	11.3364741075
A_23_P142724	RPL37A	16.0807003729167
A_23_P95879	RPL38	16.3400422033333
A_33_P3401301	RPL39	13.5526902475
A_23_P29594	RPL39L	7.96885662633333
A_23_P118095	RPL3L	5.46996829958333
A_23_P69431	RPL4	15.0914887820833
A_23_P128067	RPL41	15.9645958745833
A_23_P12140	RPL5	13.7688456879167
A_33_P3329916	RPL6	15.2392747183333
A_32_P31182	RPL7	11.9450811833333
A_23_P135084	RPL7A	16.0558590895833
A_24_P332971	RPL7L1	10.247587175
A_23_P31654	RPL8	15.2106886541667
A_23_P7066	RPL9	14.9512924620833
A_23_P204472	RPLP0	15.4687559479167
A_32_P857658	RPLP1	15.4490552829167
A_23_P147888	RPLP2	15.9473053091667
A_24_P63262	RPN1	10.1323409190417
A_33_P3332145	RPN2	10.65028179875
A_24_P839254	RPP14	10.101271590625
A_33_P3271316	RPP25	6.59616783504167
A_33_P3233666	RPP30	6.72868554804167
A_33_P3396877	RPP38	9.034703387375
A_23_P111297	RPP40	8.71622326479167
A_33_P3389394	RPPH1	9.19873509895833
A_24_P382253	RPRD1A	9.58488054395833
A_24_P250499	RPRD1B	9.70910676666667
A_33_P3381781	RPRD2	7.12188657016667
A_23_P5370	RPRM	11.5769249341667
A_33_P3339138	RPRML	5.81692345733333
A_24_P418619	RPS10	14.33306535875
A_32_P203013	RPS10P7	8.1352261325
A_23_P101532	RPS11	15.8333879258333
A_23_P82128	RPS12	12.6692614345833
A_23_P24763	RPS13	15.55376314625
A_23_P81492	RPS14	12.21816095625
A_24_P225010	RPS15	15.3749584808333
A_33_P3241582	RPS15A	13.9888965616667
A_33_P3357049	RPS15AP10	5.6005516185
A_23_P208850	RPS16	15.1426104958333
A_33_P3209254	RPS16P5	4.12505977991667
A_33_P3601802	RPS17	9.68118915525
A_21_P0010744	RPS18	15.3394955404167
A_23_P119130	RPS19	15.3362591375
A_24_P740705	RPS19BP1	11.398320005
A_21_P0010964	RPS2	15.5825771479167
A_21_P0000017	RPS20	12.0467651175
A_32_P110243	RPS20P27	14.6939592654167
A_24_P280803	RPS21	11.415912995
A_33_P3257714	RPS23	13.9592183595833
A_19_P00804723	RPS24	9.983448508625
A_23_P47357	RPS25	15.5441910075
A_23_P116694	RPS26	10.6907666004167
A_21_P0011109	RPS27	11.7513908191667
A_32_P24581	RPS27A	12.9600048229167
A_23_P14734	RPS27L	12.5831319204167
A_33_P3282836	RPS28	15.04341157625
A_33_P3419806	RPS29	13.3092427225
A_24_P136182	RPS2P32	13.8608935254167
A_32_P182941	RPS3	13.7736651029167
A_32_P58074	RPS3A	12.4637749020833
A_23_P125519	RPS4X	10.3024181535
A_33_P3300817	RPS5	15.84206170125
A_23_P123563	RPS6	10.6204504825
A_33_P3352307	RPS6KA1	6.769439732625
A_33_P3399935	RPS6KA2	9.06644620033333
A_23_P417331	RPS6KA3	8.67069433833333
A_23_P35791	RPS6KA4	7.215140020625
A_23_P125596	RPS6KA6	4.726331221
A_33_P3362562	RPS6KB1	7.14270355670833
A_33_P3230488	RPS6KB2	10.9667727929167
A_23_P104109	RPS6KC1	9.15673095379167
A_33_P3334419	RPS6KL1	7.02688532275
A_32_P20367	RPS7	14.9611251716667
A_24_P15765	RPS7P5	11.7947415354167
A_23_P46182	RPS8	15.9149179329167
A_32_P22078	RPS9	13.5887455133333
A_24_P358164	RPSA	14.14830160125
A_24_P465772	RPSAP52	11.9866188295833
A_23_P384499	RPTOR	9.74320592308333
A_33_P3382513	RPUSD1	10.63640023125
A_23_P309850	RPUSD2	10.8863672341667
A_23_P255916	RPUSD3	9.69648946525
A_24_P318073	RPUSD4	8.66869070408333
A_23_P318039	RQCD1	5.63883723870833
A_24_P262127	RRAD	5.10875570945833
A_23_P169117	RRAGA	12.3379769029167
A_23_P73721	RRAGB	8.264755455875
A_23_P97623	RRAGC	9.860440465875
A_23_P133691	RRAGD	8.24881572791667
A_23_P39076	RRAS	8.55319412808333
A_33_P3234317	RRAS2	8.99070136383333
A_23_P120566	RRBP1	8.26858670545833
A_23_P59294	RREB1	4.33726315275
A_23_P253723	RRH	6.153745985875
A_23_P87351	RRM1	10.32782185375
A_24_P225616	RRM2	4.03963055245833
A_33_P3323384	RRM2B	6.093593742625
A_33_P3362770	RRN3	7.16728695829167
A_24_P475864	RRN3P2	4.43554647783333
A_33_P3345354	RRNAD1	9.7200500265
A_23_P80136	RRP1	7.262424332875
A_23_P23356	RRP15	7.11483979845833
A_24_P944040	RRP1B	9.83116443779167
A_23_P308581	RRP36	11.7430147241667
A_23_P29303	RRP7A	6.26762070658333
A_23_P356565	RRP8	10.6193789575
A_23_P6802	RRP9	9.33013033125
A_23_P146187	RRS1	7.89001374804167
A_23_P354855	RS1	3.92418967125
A_23_P152807	RSAD1	11.2149657995833
A_24_P28722	RSAD2	4.79012941466667
A_33_P3888365	RSBN1	9.75889199875
A_33_P3244818	RSBN1L	8.68389643295833
A_23_P395534	RSC1A1	7.39620949870833
A_23_P139388	RSF1	9.048986319625
A_33_P3294654	RSG1	5.94077812595833
A_23_P54605	RSL1D1	9.719297761
A_23_P65768	RSL24D1	10.8901913854167
A_23_P102950	RSPH1	6.47640701404167
A_23_P362736	RSPH10B	4.745754124
A_23_P59397	RSPH3	7.23583077391667
A_24_P331779	RSPH4A	5.12939526366667
A_23_P67414	RSPH6A	3.68798748091667
A_33_P3248749	RSPH9	9.380420465625
A_23_P111402	RSPO3	6.78064912095833
A_33_P3327454	RSPRY1	11.83899627375
A_32_P34589	RSRC1	8.791252711125
A_23_P53267	RSRC2	11.3614935045833
A_33_P3390335	RSU1	6.18906211670833
A_23_P130653	RTBDN	7.54007266770833
A_23_P258621	RTCD1	7.710521960125
A_23_P29153	RTDR1	6.582590362125
A_23_P378526	RTEL1	8.479297510375
A_24_P390403	RTF1	9.8718765835
A_23_P120056	RTKN	8.48144609029167
A_33_P3219527	RTKN2	4.46037691183333
A_23_P140290	RTN1	14.8699235108333
A_23_P89902	RTN2	11.21123813625
A_33_P3362367	RTN3	8.22684266916667
A_33_P3233550	RTN4	15.8804160366667
A_23_P122775	RTN4IP1	9.20991700245833
A_23_P132175	RTN4R	11.12699865375
A_23_P432056	RTN4RL1	9.16739896395833
A_32_P528311	RTN4RL2	7.578834774375
A_32_P528967	RTP1	8.00641065083333
A_33_P3341841	RTP2	4.24314867445833
A_23_P166797	RTP4	6.53969695525
A_24_P108301	RTTN	6.012672345
A_33_P3253799	RUFY1	9.80982321316667
A_33_P3346132	RUFY2	7.798975796
A_24_P221575	RUFY3	4.09880553704167
A_33_P3346108	RUFY4	4.62366105458333
A_24_P395621	RUNDC1	7.79687160508333
A_24_P91094	RUNDC3A	11.6882923579167
A_23_P111724	RUNDC3B	10.56937756875
A_33_P3211809	RUNX1	4.64648404945833
A_23_P216307	RUNX1T1	14.7666140795833
A_33_P3316508	RUNX2	3.908068767375
A_33_P3221748	RUNX3	5.14608243804167
A_24_P2948	RUSC1	11.7465154695833
A_33_P3418917	RUSC1-AS1	8.60614630904167
A_23_P216549	RUSC2	11.64012508375
A_24_P148811	RUVBL1	7.123563035625
A_23_P39110	RUVBL2	11.3650051983333
A_23_P167828	RWDD1	11.24109642375
A_23_P255076	RWDD2A	8.37963123
A_23_P91487	RWDD2B	9.13866956329167
A_23_P933	RWDD3	8.792860931375
A_32_P76156	RWDD4	6.97901230720833
A_23_P433050	RXFP1	3.82157739733333
A_23_P117261	RXFP2	4.02892978554167
A_23_P363365	RXFP3	4.54361381104167
A_24_P154142	RXFP4	4.092978415875
A_23_P423197	RXRA	10.5159803933333
A_23_P59179	RXRB	9.31881315945833
A_33_P3308764	RXRG	4.07429047958333
A_23_P29365	RYBP	8.684168437875
A_33_P3379371	RYK	9.47836480120833
A_23_P78867	RYR1	6.904973627625
A_33_P3251727	RYR2	8.84464906891667
A_33_P3800734	RYR3	7.46480739820833
A_33_P3409086	S100A1	5.7701887835
A_23_P137984	S100A10	4.89845427041667
A_23_P126593	S100A11	4.940082681125
A_23_P74001	S100A12	3.9868345725
A_23_P372874	S100A13	13.88649608
A_23_P124619	S100A14	4.47438931091667
A_23_P147918	S100A16	4.95309303270833
A_33_P3376249	S100A2	6.04663273745833
A_23_P104073	S100A3	3.76438084416667
A_23_P94800	S100A4	7.538034411625
A_23_P115467	S100A5	6.85240830858333
A_23_P201711	S100A6	13.37388070875
A_23_P103310	S100A7	4.42131667733333
A_33_P3393504	S100A7A	3.716492154125
A_33_P3233250	S100A7L2	4.09386662541667
A_23_P434809	S100A8	4.043902680125
A_23_P23048	S100A9	3.84451630020833
A_23_P143526	S100B	4.058473884375
A_23_P44996	S100G	3.96382444433333
A_23_P58266	S100P	5.328515345375
A_23_P338952	S100PBP	9.13872555320833
A_24_P12136	S100Z	3.86308374075
A_32_P827528	S1PR2	9.28874980554167
A_33_P3281283	S1PR3	7.73726184841667
A_33_P3281273	S1PR4	4.68199965333333
A_23_P107744	S1PR5	3.87990549954167
A_24_P335092	SAA1	3.907248028
A_33_P3408918	SAA2	3.90577985958333
A_24_P556318	SAA3P	4.92452447125
A_23_P87238	SAA4	4.13953489245833
A_23_P321349	SAAL1	8.92654838216667
A_23_P348298	SAC3D1	10.4085859729167
A_23_P212383	SACM1L	10.1310942100417
A_23_P128663	SACS	10.366760165
A_21_P0014499	SACS-AS1	4.333730373875
A_24_P194000	SAE1	11.4891418429167
A_33_P3220818	SAFB	10.3221735118333
A_23_P27894	SAFB2	8.64865675070833
A_23_P5853	SAG	3.7743077635
A_23_P21943	SAGE1	3.88398516495833
A_23_P328074	SALL1	5.38922264875
A_23_P48585	SALL2	12.3284627525
A_33_P3296024	SALL3	8.04032705045833
A_23_P109072	SALL4	9.95096050495833
A_23_P435941	SAMD1	9.02505785166667
A_33_P3403927	SAMD10	9.42451161058333
A_33_P3818959	SAMD11	9.11287096175
A_33_P3326225	SAMD12	5.20404154354167
A_21_P0000725	SAMD12-AS1	4.47661424633333
A_32_P130788	SAMD13	5.241541069875
A_24_P185186	SAMD14	8.67493109679167
A_23_P349025	SAMD15	3.83398338770833
A_23_P93524	SAMD3	5.559570674625
A_24_P383523	SAMD4A	4.30470201079167
A_24_P602871	SAMD5	7.28122815308333
A_23_P63870	SAMD8	5.84262874420833
A_24_P175187	SAMD9	3.98934953579167
A_24_P267592	SAMHD1	5.42837273095833
A_33_P3233050	SAMM50	7.79957472516667
A_23_P154188	SAP130	10.2640696255833
A_24_P381555	SAP18	8.11190025016667
A_21_P0000075	SAP25	9.67116629783333
A_23_P121602	SAP30	8.539352591125
A_23_P54953	SAP30BP	8.80324062720833
A_23_P368101	SAP30L	8.924532178125
A_24_P158421	SAR1A	9.590542742125
A_23_P92842	SAR1B	9.08542415558333
A_33_P3257861	SARDH	6.95107833075
A_33_P3370763	SARM1	7.98968368479167
A_23_P43946	SARNP	12.4668735125
A_33_P3359748	SARS	10.3576925447917
A_23_P90484	SARS2	8.86268227495833
A_33_P3299435	SART1	8.39962642941667
A_23_P87664	SART3	9.31135116254167
A_24_P658584	SASH1	4.498634329125
A_24_P349151	SASS6	5.43418704283333
A_33_P3371718	SAT1	9.868350727125
A_23_P15402	SAT2	13.5360195
A_23_P259741	SATB1	10.9353005033333
A_32_P174365	SATB2	4.70745834641667
A_33_P3223602	SATL1	3.81610459070833
A_24_P287473	SAV1	8.25792527425
A_33_P3238866	SBDS	8.35027509120833
A_33_P3364205	SBDSP1	5.91765224408333
A_33_P3238410	SBF1	9.40611297170833
A_33_P3416150	SBF1P1	9.03556827966667
A_23_P419795	SBF2	9.11668017075
A_33_P3366336	SBK1	12.4950571241667
A_23_P142031	SBK2	5.84744889420833
A_33_P3298577	SBNO1	9.09040363829167
A_33_P3220152	SBNO2	10.3154423403333
A_33_P3269636	SBSN	4.280224684625
A_32_P41026	SC5DL	5.97111720645833
A_24_P117672	SCAF1	8.860733461875
A_33_P3219469	SCAF11	8.05536636116667
A_23_P6223	SCAF4	8.080346983375
A_23_P111303	SCAF8	9.15334283283333
A_23_P325625	SCAI	8.13976138733333
A_33_P3360942	SCAMP1	9.339408879875
A_23_P385081	SCAMP2	7.01661104966667
A_33_P3346791	SCAMP3	12.8735214466667
A_24_P79153	SCAMP4	7.76174417429167
A_23_P152047	SCAMP5	11.4298865333333
A_23_P6196	SCAND1	10.0129169931667
A_23_P205875	SCAND2	5.54705745891667
A_24_P188164	SCAND3	8.3239544015
A_23_P252825	SCAP	11.6425861995833
A_23_P163408	SCAPER	7.91821170875
A_33_P3352019	SCARA3	7.56494876116667
A_33_P3366241	SCARA5	5.03497888883333
A_23_P203900	SCARB1	10.7312129745833
A_33_P3410459	SCARB2	13.3643742933333
A_23_P15414	SCARF1	5.346844527
A_24_P108738	SCARF2	7.72097454158333
A_33_P3344492	SCARNA1	6.72711769858333
A_33_P3363120	SCARNA10	5.826376618375
A_21_P0000356	SCARNA11	10.2990953034167
A_33_P3224307	SCARNA12	8.93739382466667
A_33_P3338360	SCARNA13	10.7036676554167
A_21_P0000493	SCARNA14	9.045108708125
A_21_P0000355	SCARNA15	4.5865792985
A_19_P00315843	SCARNA16	10.5317763920833
A_32_P37592	SCARNA17	9.84456916375
A_21_P0000397	SCARNA18	9.07708881666667
A_33_P3273584	SCARNA2	6.21593394808333
A_21_P0000350	SCARNA20	9.93034464591667
A_21_P0000351	SCARNA22	11.0872036558333
A_33_P3737979	SCARNA23	5.753190013375
A_21_P0000349	SCARNA3	6.96063718654167
A_33_P3460485	SCARNA4	4.74305051120833
A_33_P3363082	SCARNA5	6.92016758466667
A_33_P3230837	SCARNA6	5.313078948125
A_33_P3284715	SCARNA7	7.94729507270833
A_21_P0000354	SCARNA8	8.58945725870833
A_33_P3290443	SCARNA9	7.53816079475
A_33_P3417459	SCARNA9L	5.29322591916667
A_23_P62807	SCCPDH	12.0745224883333
A_32_P163858	SCD	10.6493192171667
A_33_P3258660	SCD5	6.87033379570833
A_23_P500000	SCEL	4.25419845608333
A_33_P3311637	SCFD1	10.7593902529167
A_23_P92543	SCFD2	9.183674651625
A_24_P88696	SCG2	9.91743544675
A_24_P210569	SCG3	10.3638353625833
A_23_P62081	SCG5	9.23229269875
A_23_P150583	SCGB1A1	5.79786033758333
A_23_P27207	SCGB1C1	3.71717739466667
A_23_P127781	SCGB1D1	3.83962800533333
A_23_P150555	SCGB1D2	4.03291873316667
A_33_P3228014	SCGB1D4	4.24611905783333
A_23_P161940	SCGB2A2	3.94581322941667
A_33_P3210379	SCGB3A1	10.30570881375
A_23_P145006	SCGB3A2	6.0346303685
A_32_P191860	SCGBL	5.53632421995833
A_23_P251412	SCGN	10.3456824561667
A_32_P62863	SCHIP1	12.8823190291667
A_23_P157136	SCIN	3.723509549375
A_33_P3340404	SCLT1	8.72627349504167
A_33_P3332126	SCLY	8.105605701625
A_23_P12477	SCMH1	8.115211214875
A_24_P108863	SCML1	6.75568654329167
A_33_P3320010	SCML2	6.15065871420833
A_33_P3387691	SCML4	6.15993264891667
A_24_P223018	SCN11A	3.88831205158333
A_23_P28224	SCN1A	6.49553841816667
A_23_P79015	SCN1B	4.13329271433333
A_23_P51019	SCN2A	6.105663716875
A_32_P187571	SCN2B	5.31684801666667
A_23_P67896	SCN3A	8.982734844
A_33_P3402404	SCN3B	11.6011562870833
A_24_P270999	SCN4A	5.5349385535
A_23_P303833	SCN4B	6.04762698775
A_33_P3391455	SCN5A	5.20534290975
A_23_P102331	SCN7A	6.321933081125
A_24_P231026	SCN8A	8.23985232704167
A_24_P3005	SCN9A	6.65931530470833
A_23_P34968	SCNM1	12.05097282375
A_23_P128323	SCNN1A	3.83594236441667
A_32_P83098	SCNN1B	3.50724355241667
A_23_P46412	SCNN1D	5.83165069391667
A_23_P15466	SCO1	9.25876020166667
A_23_P132388	SCO2	9.88553790854167
A_24_P46334	SCOC	9.31814207679167
A_23_P126057	SCP2	8.0831974825
A_23_P152548	SCPEP1	7.60154885129167
A_23_P167159	SCRG1	3.94278494295833
A_23_P159039	SCRIB	12.26380477875
A_23_P366366	SCRN1	10.1887376914583
A_24_P318593	SCRN2	7.95233172229167
A_23_P17021	SCRN3	7.709217323
A_33_P3851174	SCRT1	8.41717790529167
A_33_P3252974	SCRT2	10.9594909366667
A_23_P104594	SCT	5.67890019858333
A_23_P28139	SCTR	3.652569528
A_33_P3230990	SCUBE1	9.41964135070833
A_23_P105144	SCUBE2	5.99948907141667
A_24_P943894	SCUBE3	4.61990366204167
A_33_P3299510	SCXA	7.87887144225
A_24_P30314	SCYL1	12.1606016845833
A_23_P204550	SCYL2	8.018737304625
A_23_P74320	SCYL3	7.05852888695833
A_24_P397247	SDAD1	7.23988258870833
A_23_P16944	SDC1	6.123987985
A_33_P3371219	SDC2	4.33284971808333
A_23_P74887	SDC3	7.48483017991667
A_23_P109034	SDC4	5.083701923
A_23_P157580	SDCBP	11.1026094
A_23_P131899	SDCBP2	6.66528163879167
A_33_P3335248	SDCCAG3	8.73342226245833
A_24_P179489	SDCCAG8	7.9207429655
A_23_P107313	SDF2	10.4871885883333
A_23_P6344	SDF2L1	11.4744994941667
A_33_P3287529	SDF4	7.32325135370833
A_23_P250035	SDHA	10.3716367933333
A_32_P23010	SDHAF1	11.2332623970833
A_23_P1926	SDHAF2	10.32676645625
A_23_P149649	SDHB	10.194790690875
A_33_P3410724	SDHC	8.56143210270833
A_32_P59486	SDHD	7.57845925216667
A_21_P0014941	SDIM1	4.995374849375
A_23_P93727	SDK1	NA
A_24_P108262	SDK2	4.20730116029167
A_23_P72668	SDPR	3.8070568
A_24_P317708	SDR16C5	3.937289540875
A_33_P3338798	SDR16C6P	3.69481934683333
A_23_P163161	SDR39U1	11.1785155645833
A_23_P129458	SDR42E1	3.84415172954167
A_23_P371758	SDR9C7	3.64523263941667
A_23_P2645	SDS	4.69324496016667
A_33_P3227472	SDSL	10.0130074460833
A_33_P3309506	SEBOX	4.543363135125
A_33_P3548860	SEC1	4.60556723233333
A_23_P380917	SEC11A	12.6281206016667
A_23_P208009	SEC11C	12.7409877608333
A_23_P29555	SEC13	7.771659753125
A_19_P00322797	SEC14L1	9.360030995375
A_33_P3286754	SEC14L2	4.73132789233333
A_32_P101779	SEC14L3	5.25533656754167
A_33_P3372699	SEC14L4	6.66457122295833
A_24_P254850	SEC14L5	4.29051947508333
A_33_P3348224	SEC14L6	4.19598262966667
A_23_P251303	SEC16A	8.10170702954167
A_33_P3418218	SEC16B	5.27178415395833
A_23_P259874	SEC22A	9.23575865054167
A_23_P412392	SEC22B	9.07121764033333
A_23_P502641	SEC22C	8.79746228270833
A_23_P140170	SEC23A	10.7467616079167
A_24_P690924	SEC23B	9.275933646125
A_23_P202602	SEC23IP	10.203937326375
A_33_P3331085	SEC24A	6.78993445020833
A_23_P69683	SEC24B	8.75195453895833
A_33_P3317123	SEC24C	12.81070576375
A_23_P159382	SEC24D	7.16011328216667
A_24_P277349	SEC31A	10.606347145
A_23_P35564	SEC31B	9.31732497570833
A_23_P212458	SEC61A1	10.59622545875
A_24_P415280	SEC61A2	7.38733463295833
A_24_P8494	SEC61B	12.90944830125
A_23_P71241	SEC61G	11.09729575375
A_23_P357860	SEC62	5.99170320191667
A_24_P123720	SEC63	9.90159924833333
A_24_P82135	SECISBP2L	7.27502455858333
A_24_P48204	SECTM1	5.63728331454167
A_24_P407930	SEH1L	7.99854494866667
A_33_P3275968	SEL1L	6.199761581
A_33_P3283430	SEL1L2	4.58737526954167
A_23_P426021	SEL1L3	6.71232437370833
A_23_P97112	SELE	3.81019700329167
A_23_P86021	SELENBP1	6.73349920258333
A_23_P364517	SELK	12.5240521691667
A_23_P6413	SELM	11.3982699320833
A_23_P341065	SELO	8.744536849875
A_33_P3339100	SELP	3.891166698875
A_23_P64860	SELPLG	4.87313571629167
A_23_P347508	SELRC1	10.0868955797917
A_33_P3251289	SELS	9.90909788733333
A_33_P3305851	SELT	9.298806364125
A_32_P174025	SELV	5.15628537383333
A_24_P192301	SEMA3A	6.88314847245833
A_23_P132718	SEMA3B	10.3507445907917
A_23_P256473	SEMA3C	6.12694954891667
A_32_P29118	SEMA3D	9.95691877341667
A_24_P123833	SEMA3E	7.32874618295833
A_33_P3813128	SEMA3F	9.59382583058333
A_23_P6818	SEMA3G	5.674591926625
A_23_P23438	SEMA4A	6.292663398375
A_23_P95165	SEMA4B	6.22614285083333
A_23_P114057	SEMA4C	13.0934388595833
A_24_P261169	SEMA4D	9.32119999966667
A_23_P165608	SEMA4F	7.928063354125
A_23_P127068	SEMA4G	6.701001910875
A_33_P3372727	SEMA5A	4.761329012375
A_23_P121374	SEMA5B	8.95310673508333
A_24_P213478	SEMA6A	7.95306492808333
A_23_P208900	SEMA6B	6.87631217695833
A_33_P3284919	SEMA6C	9.59892542320833
A_24_P10226	SEMA6D	8.017281772125
A_23_P106389	SEMA7A	5.88897945175
A_33_P3267577	SEMG1	3.914526670625
A_23_P5968	SEMG2	4.03722047583333
A_23_P204536	SENP1	9.561563012375
A_32_P74712	SENP2	9.64372397675
A_23_P164000	SENP3	9.93284550841667
A_32_P32653	SENP5	11.2052938
A_33_P3386429	SENP6	6.998975921625
A_33_P3333507	SENP7	9.55842078629167
A_23_P334263	SENP8	8.00361017083333
A_23_P83463	SEP15	10.8935521016667
A_23_P150092	SEPHS1	9.782235303125
A_23_P146798	SEPHS2	11.7703262566667
A_23_P370625	SEPN1	8.34659775316667
A_33_P3358745	SEPP1	4.0366453375
A_23_P167201	SEPSECS	4.99479675379167
A_23_P21057	SEPT1	4.589342069125
A_23_P43175	SEPT10	9.252619959625
A_33_P3310475	SEPT11	11.6491313691667
A_23_P89101	SEPT12	5.23949926233333
A_21_P0012051	SEPT14	7.11519938091667
A_23_P170839	SEPT2	8.43000976458333
A_23_P211572	SEPT3	9.192413843625
A_23_P207003	SEPT4	6.40709987525
A_33_P3329686	SEPT5	8.79765683925
A_23_P22614	SEPT6	11.0815521108333
A_21_P0013192	SEPT7	8.44907054575
A_33_P3309034	SEPT7L	5.70656144454167
A_21_P0013298	SEPT7P2	8.95744512991667
A_23_P415827	SEPT8	8.20776926483333
A_23_P106973	SEPT9	10.23747619075
A_23_P27724	SEPW1	13.3856628808333
A_23_P129486	SEPX1	10.9947219420833
A_33_P3777584	SERAC1	6.63637582920833
A_23_P337424	SERBP1	8.399713803
A_24_P346126	SERF1A	10.1534157538333
A_24_P935881	SERF1B	11.211137815
A_23_P106299	SERF2	11.4774505720833
A_24_P364087	SERGEF	9.48705076066667
A_24_P340696	SERHL2	5.23196768095833
A_24_P129232	SERINC1	11.9104880375
A_24_P145629	SERINC2	6.47796844029167
A_23_P79836	SERINC3	10.87856696625
A_33_P3403936	SERINC4	3.97000530320833
A_23_P423457	SERINC5	5.85702142333333
A_23_P91919	SERP1	9.69149284133333
A_33_P3262475	SERP2	7.74964044958333
A_23_P218111	SERPINA1	4.89184835245833
A_23_P128759	SERPINA10	4.10661129770833
A_23_P105973	SERPINA11	NA
A_23_P88177	SERPINA12	4.68424457216667
A_24_P341116	SERPINA13	3.73858721629167
A_23_P44663	SERPINA2	4.541940502
A_33_P3399788	SERPINA3	4.951559870625
A_23_P25720	SERPINA4	3.78800349370833
A_24_P321766	SERPINA5	4.46160527979167
A_23_P117363	SERPINA6	5.50839174070833
A_23_P257307	SERPINA7	3.65379822883333
A_23_P372478	SERPINA9	3.96976214891667
A_23_P214330	SERPINB1	8.68378359566667
A_23_P313981	SERPINB10	3.94273640758333
A_23_P130411	SERPINB11	4.05340994429167
A_23_P107623	SERPINB12	3.51287256525
A_24_P245379	SERPINB2	3.89161842279167
A_33_P3303136	SERPINB6	8.99824091579167
A_24_P147461	SERPINB8	4.63207529966667
A_24_P295010	SERPINB9	8.55337949241667
A_23_P114626	SERPINC1	3.95453316033333
A_33_P3241511	SERPIND1	3.58720527029167
A_24_P158089	SERPINE1	4.22636688275
A_23_P50919	SERPINE2	9.19109675258333
A_23_P162861	SERPINE3	4.1780129685
A_23_P100660	SERPINF1	11.51300179625
A_23_P89270	SERPINF2	4.16692235
A_33_P3413989	SERPING1	6.71234997133333
A_33_P3269203	SERPINH1	7.72124053325
A_23_P166929	SERPINI1	8.90707773066667
A_23_P132826	SERPINI2	5.44972302925
A_23_P218463	SERTAD1	8.73910664545833
A_24_P294124	SERTAD2	9.129763881
A_23_P141960	SERTAD3	6.72468659904167
A_23_P318904	SERTAD4	4.63781463295833
A_24_P366607	SERTM1	4.63599866129167
A_23_P93562	SESN1	7.619586969875
A_23_P35082	SESN2	7.84292481408333
A_23_P361448	SESN3	6.05744227858333
A_33_P3378051	SESTD1	9.55230868191667
A_24_P917866	SET	9.18968954433333
A_32_P32413	SETBP1	9.301590880375
A_33_P3234103	SETD1A	10.3942338791667
A_19_P00809382	SETD1B	5.99588506475
A_23_P44760	SETD2	8.90125172441667
A_33_P3403952	SETD3	5.555138673375
A_23_P211106	SETD4	9.16409220170833
A_33_P3376434	SETD5	8.41804526725
A_23_P129358	SETD6	7.43548956075
A_33_P3255229	SETD7	6.47313252929167
A_32_P191527	SETD8	6.79472286229167
A_23_P126393	SETDB1	8.73219672408333
A_33_P3327245	SETDB2	8.653966253125
A_33_P3353916	SETMAR	7.77790338920833
A_24_P940921	SETX	9.3093582365
A_33_P3374076	SEZ6	5.546312706875
A_23_P80242	SEZ6L	7.06637416158333
A_23_P10194	SEZ6L2	13.8718583816667
A_24_P266728	SF1	9.83323485079167
A_33_P3210059	SF3A1	9.87378084620833
A_33_P3210079	SF3A2	11.1811202216667
A_21_P0000193	SF3A3	10.8322407958333
A_23_P368393	SF3B1	7.840462054625
A_23_P165402	SF3B14	11.9177289645833
A_23_P64083	SF3B2	12.1590306679167
A_32_P173298	SF3B3	8.134995156125
A_23_P35131	SF3B4	6.53567536575
A_23_P19576	SF3B5	12.8930138145833
A_23_P80278	SFI1	9.97106211595833
A_23_P259393	SFMBT1	7.0798560345
A_33_P3387455	SFMBT2	4.987778945125
A_33_P3389286	SFN	5.84780807108333
A_33_P3318292	SFPQ	11.5515172283333
A_23_P413193	SFR1	6.83403500870833
A_23_P10121	SFRP1	7.966856580125
A_23_P81103	SFRP2	3.942871134125
A_21_P0011967	SFRP4	3.99919243125
A_32_P109704	SFSWAP	9.67930941170833
A_23_P321959	SFT2D1	9.32500563545833
A_23_P148785	SFT2D2	5.83562057841667
A_23_P5568	SFT2D3	7.611986551125
A_21_P0006968	SFTA1P	6.68731458229167
A_24_P223874	SFTPA1	4.274577277375
A_33_P3344574	SFTPA2	5.56672066475
A_33_P3275873	SFTPB	4.21818808108333
A_23_P95213	SFTPC	5.00806997016667
A_32_P107617	SFTPD	4.37677719775
A_24_P394420	SFXN1	3.53964463695833
A_24_P175612	SFXN2	5.20421817783333
A_23_P202138	SFXN3	10.74238117875
A_23_P75149	SFXN4	9.43361115645833
A_33_P3292896	SFXN5	8.03929122316667
A_23_P66637	SGCA	7.571530013625
A_33_P3357843	SGCB	10.5698056225
A_32_P4595	SGCD	5.35627822070833
A_33_P3229617	SGCE	10.3258928229167
A_23_P423237	SGCG	3.75097702970833
A_23_P373584	SGCZ	5.54223536925
A_24_P333857	SGIP1	6.34503211004167
A_23_P19673	SGK1	8.06594440229167
A_33_P3237744	SGK110	4.43749744341667
A_23_P83835	SGK196	6.18851097925
A_23_P131801	SGK2	4.29322642995833
A_23_P250212	SGK223	7.72753491295833
A_24_P46953	SGK3	5.00811090654167
A_33_P3338449	SGK494	6.23947741704167
A_32_P163125	SGMS1	6.52343937925
A_23_P326204	SGMS2	3.80625673520833
A_24_P225970	SGOL1	4.4193156265
A_23_P411335	SGOL2	5.7838887585
A_33_P3327847	SGPL1	10.1766281895833
A_23_P347048	SGPP1	5.30036231016667
A_24_P941217	SGPP2	4.38184280191667
A_23_P254254	SGSH	10.1122653518333
A_32_P527371	SGSM1	4.31104134629167
A_33_P3333033	SGSM2	10.219236871875
A_33_P3333436	SGSM3	7.62275827654167
A_33_P3359413	SGTA	11.8289152291667
A_33_P3371089	SGTB	10.040564683
A_24_P185029	SH2B1	8.22598519704167
A_33_P3414389	SH2B2	11.1572091691667
A_24_P201739	SH2B3	7.56449114208333
A_33_P3283619	SH2D1A	4.142775068125
A_23_P351148	SH2D1B	3.68999287425
A_21_P0000028	SH2D2A	6.75244062183333
A_33_P3254320	SH2D3A	4.61752147945833
A_33_P3293918	SH2D3C	11.4950822929167
A_23_P169003	SH2D4A	3.40354146683333
A_33_P3319856	SH2D4B	4.76365817879167
A_24_P686965	SH2D5	10.4502883243333
A_33_P3357199	SH2D6	4.65941826845833
A_33_P3327822	SH3BGR	7.08136111970833
A_23_P148297	SH3BGRL	10.56827005625
A_24_P209171	SH3BGRL2	7.74439018875
A_33_P3380493	SH3BGRL3	9.05569381733333
A_23_P143692	SH3BP1	5.391042226875
A_33_P3414799	SH3BP2	5.35639637891667
A_33_P3273369	SH3BP4	6.01384350775
A_24_P148750	SH3BP5	8.079280011875
A_23_P426989	SH3BP5L	11.3762783120833
A_23_P33364	SH3D19	8.96437156575
A_33_P3250356	SH3D21	5.15775115829167
A_24_P139094	SH3GL1	11.6068534858333
A_33_P3545065	SH3GL1P1	8.60819540670833
A_33_P3564399	SH3GL1P2	5.33588242654167
A_23_P169351	SH3GL2	10.9355270508333
A_23_P48988	SH3GL3	7.06151847245833
A_33_P3298356	SH3GLB1	10.4292431491667
A_24_P386334	SH3GLB2	9.71718950675
A_23_P374782	SH3KBP1	6.53918482633333
A_23_P35456	SH3PXD2A	10.590597745
A_32_P24585	SH3PXD2B	9.94830240483333
A_24_P100551	SH3RF1	8.885470864625
A_24_P120537	SH3RF2	4.65722047483333
A_33_P3223909	SH3RF3	4.125287005875
A_33_P3399443	SH3TC1	4.46929301720833
A_33_P3379456	SH3YL1	6.78769209608333
A_23_P208636	SHANK1	6.280146579
A_23_P334883	SHANK2	5.85424836570833
A_24_P194881	SHANK3	9.27782236825
A_33_P3213551	SHARPIN	10.8941704320833
A_33_P3353116	SHBG	4.40048910229167
A_23_P200443	SHC1	8.89510581366667
A_32_P205624	SHC2	10.113724624875
A_23_P61406	SHC3	8.037571543625
A_32_P234145	SHC4	7.32989963904167
A_32_P96719	SHCBP1	4.58432752375
A_23_P136571	SHCBP1L	4.09792911520833
A_23_P142255	SHD	9.84750632491667
A_32_P183904	SHF	10.6387165941667
A_23_P42664	SHFM1	12.03493191375
A_23_P111657	SHH	4.50672922970833
A_32_P55241	SHISA2	7.036194194875
A_23_P41476	SHISA3	3.716332081875
A_23_P115573	SHISA4	11.46316311875
A_23_P212475	SHISA5	11.5227608495833
A_33_P3481674	SHISA6	7.239254183125
A_24_P161581	SHISA7	6.52623427479167
A_33_P3222932	SHISA8	6.48464854804167
A_19_P00318232	SHISA9	3.81930385033333
A_23_P130553	SHKBP1	9.71711601091667
A_23_P502654	SHMT1	5.58260045120833
A_23_P169629	SHMT2	12.41991271375
A_23_P202565	SHOC2	11.0122195370833
A_23_P22761	SHOX	4.77041234875
A_33_P3221859	SHOX2	6.34674194770833
A_23_P310350	SHPK	8.05813308033333
A_23_P337790	SHPRH	7.06058944545833
A_24_P299996	SHQ1	5.87702671425
A_33_P3245977	SHROOM1	5.89616775370833
A_23_P217755	SHROOM2	8.56346308875
A_33_P3336700	SHROOM3	4.26340744016667
A_33_P3310047	SHROOM4	9.03184739133333
A_32_P302205	SI	3.859897497375
A_23_P24616	SIAE	6.60170594375
A_23_P106798	SIAH1	9.28769224958333
A_33_P3358342	SIAH2	11.0638319845833
A_24_P59735	SIAH3	5.815606845
A_23_P132515	SIDT1	4.03733960758333
A_23_P98402	SIDT2	9.17059505254167
A_23_P84344	SIGIRR	9.86975339425
A_23_P17481	SIGLEC1	3.856888695125
A_23_P208182	SIGLEC10	4.093153977375
A_24_P339560	SIGLEC11	5.42667147366667
A_23_P164596	SIGLEC12	4.32126145383333
A_33_P3382493	SIGLEC14	5.574736223875
A_23_P50146	SIGLEC15	5.43096353895833
A_33_P3306024	SIGLEC16	8.32748219908333
A_24_P48539	SIGLEC5	3.4332170375
A_23_P38784	SIGLEC7	4.71630103545833
A_24_P125561	SIGLEC9	4.182403211625
A_33_P3309621	SIGLECP3	4.76558493395833
A_23_P146637	SIGMAR1	11.0651450829167
A_23_P132121	SIK1	7.80706299733333
A_33_P3216933	SIK2	7.079857062375
A_24_P329924	SIK3	8.364069997
A_33_P3383261	SIKE1	8.40675229941667
A_33_P3341586	SIL1	6.34845640658333
A_23_P214743	SIM1	4.93561988758333
A_23_P301886	SIM2	4.47040539445833
A_23_P367676	SIN3A	9.80856128208333
A_33_P3225230	SIN3B	12.2818198554167
A_23_P127460	SIPA1	9.88600837366667
A_23_P76969	SIPA1L1	8.35147787454167
A_23_P137470	SIPA1L2	11.9022591091667
A_24_P202558	SIPA1L3	4.917994410625
A_23_P210708	SIRPA	NA
A_24_P202840	SIRPB2	5.13195296558333
A_33_P3244610	SIRPD	4.39761810620833
A_33_P3343873	SIRPG	4.07858026225
A_23_P98022	SIRT1	8.68125406704167
A_33_P3258946	SIRT2	9.57157443591667
A_33_P3325068	SIRT3	8.106444856125
A_23_P99226	SIRT4	8.31663905220833
A_23_P307955	SIRT5	7.45695612545833
A_23_P208847	SIRT6	9.26549971179167
A_33_P3391727	SIRT7	8.69297086704167
A_23_P43369	SIT1	6.487296636625
A_24_P116351	SIVA1	10.6396765441667
A_23_P76914	SIX1	12.1753268683333
A_23_P28120	SIX2	5.982559181875
A_24_P34611	SIX3	4.43266171004167
A_32_P204205	SIX4	7.71053824058333
A_33_P3412975	SIX5	7.45917145954167
A_23_P106117	SIX6	3.88609024483333
A_24_P945000	SKA2	7.82852808654167
A_33_P3216008	SKA3	3.653062215875
A_23_P100730	SKAP1	4.59503279141667
A_33_P3388312	SKAP2	7.16961508520833
A_23_P325631	SKI	6.658125463625
A_23_P351215	SKIL	6.63512457070833
A_23_P168080	SKIV2L	8.46998464891667
A_23_P110661	SKIV2L2	11.2859566158333
A_33_P3355659	SKOR1	4.77916964458333
A_33_P3421331	SKOR2	4.67126303120833
A_24_P566701	SKP1	11.4516397541667
A_23_P156310	SKP2	5.63651814945833
A_23_P216340	SLA	4.12188146916667
A_23_P143173	SLA2	4.02837936045833
A_23_P348146	SLAIN1	9.61286770033333
A_23_P303423	SLAIN2	6.53057391358333
A_33_P3352827	SLAMF1	4.06373816916667
A_24_P45451	SLAMF6	3.378151471125
A_24_P353638	SLAMF7	4.50401295058333
A_23_P200138	SLAMF8	4.310594281875
A_23_P96833	SLAMF9	6.758297311
A_23_P7101	SLBP	10.5978179816667
A_23_P25698	SLC10A1	4.960241272625
A_23_P140009	SLC10A2	3.70918351404167
A_33_P3222892	SLC10A3	8.03155383883333
A_23_P314811	SLC10A4	8.29889777029167
A_33_P3416331	SLC10A5	4.21110625441667
A_23_P213085	SLC10A7	6.07962217470833
A_33_P3702055	SLC11A1	6.98023141883333
A_24_P381494	SLC11A2	7.84022480545833
A_24_P136029	SLC12A1	3.36939477916667
A_32_P25437	SLC12A2	8.25099116116667
A_23_P77653	SLC12A3	4.545172089
A_23_P389391	SLC12A4	4.71465081520833
A_23_P355377	SLC12A5	5.72561855695833
A_33_P3212112	SLC12A6	8.825278274
A_33_P3293675	SLC12A7	7.72377185
A_33_P3298861	SLC12A8	4.79389531220833
A_33_P3229181	SLC12A9	8.10271475533333
A_23_P107307	SLC13A2	5.24085585195833
A_24_P356916	SLC13A3	7.415626883375
A_23_P19778	SLC13A4	5.03775745325
A_23_P66739	SLC13A5	3.75429760408333
A_23_P55616	SLC14A1	4.04371464845833
A_23_P27353	SLC14A2	5.01583014620833
A_24_P8165	SLC15A1	3.76175233616667
A_23_P75786	SLC15A3	3.78897803075
A_33_P3406449	SLC15A4	7.96974015479167
A_33_P3282434	SLC16A1	6.98069780066667
A_33_P3308512	SLC16A10	4.51247251704167
A_23_P363313	SLC16A11	6.17252641295833
A_33_P3481987	SLC16A12	15.6321546908333
A_23_P118741	SLC16A13	5.55452149770833
A_24_P342829	SLC16A14	6.95258452491667
A_23_P137097	SLC16A2	10.2100511283333
A_23_P158725	SLC16A3	11.63163837875
A_33_P3227920	SLC16A4	6.01857323979167
A_23_P159125	SLC16A5	4.72060673804167
A_23_P152791	SLC16A6	5.11446698225
A_32_P130630	SLC16A7	5.63501501904167
A_33_P3298850	SLC16A8	5.45429465645833
A_23_P115726	SLC16A9	7.58684156579167
A_23_P255695	SLC17A3	4.4911175785
A_33_P3379926	SLC17A4	4.85623286445833
A_33_P3265270	SLC17A5	8.16477534170833
A_23_P24294	SLC17A6	12.7369669045833
A_23_P78750	SLC17A7	9.60816059495833
A_33_P3229156	SLC17A9	4.1893993645
A_23_P52499	SLC18A2	4.40463888416667
A_33_P3270317	SLC18A3	11.5506057329167
A_33_P3384108	SLC19A1	7.58039056370833
A_23_P160466	SLC19A2	8.79010225133333
A_24_P182892	SLC19A3	6.11832524941667
A_23_P216468	SLC1A1	3.94335263675
A_24_P350759	SLC1A2	5.52357824383333
A_24_P286114	SLC1A3	4.60999288429167
A_24_P191312	SLC1A4	7.70314543145833
A_23_P55998	SLC1A5	6.15337741520833
A_24_P179467	SLC1A6	4.666156805625
A_24_P203765	SLC1A7	4.70093501504167
A_23_P165657	SLC20A1	11.2130096258333
A_23_P94921	SLC20A2	8.14695038783333
A_23_P145569	SLC22A1	4.71778364933333
A_23_P161968	SLC22A10	3.82644278825
A_33_P3242693	SLC22A11	4.35308214516667
A_33_P3316721	SLC22A12	4.46484837183333
A_33_P3287203	SLC22A14	6.00801818629167
A_33_P3361412	SLC22A15	7.99238484258333
A_23_P42004	SLC22A16	4.01713795133333
A_24_P330385	SLC22A17	11.8782210741667
A_23_P139260	SLC22A18	9.02878114458333
A_33_P3316587	SLC22A18AS	3.73370147741667
A_23_P111395	SLC22A2	4.19794589854167
A_33_P3235841	SLC22A20	4.633375482375
A_33_P3409159	SLC22A23	7.181692639125
A_24_P21829	SLC22A24	3.81510348445833
A_33_P3221753	SLC22A25	4.19491765770833
A_32_P309404	SLC22A3	3.90387157983333
A_33_P3294603	SLC22A31	8.11241297645833
A_23_P156180	SLC22A4	5.81738921808333
A_24_P174755	SLC22A5	6.05832599766667
A_23_P98616	SLC22A6	3.86470425079167
A_23_P93217	SLC22A7	5.27927431695833
A_33_P3367171	SLC22A8	6.4767249485
A_23_P150590	SLC22A9	4.459920916625
A_23_P21990	SLC23A1	4.33724049245833
A_24_P254278	SLC23A2	8.304841932
A_33_P3390637	SLC23A3	4.705602140375
A_33_P3417670	SLC24A1	4.93998406966667
A_23_P112173	SLC24A2	4.00010605745833
A_23_P79978	SLC24A3	7.54693066033333
A_33_P3318148	SLC24A4	6.061083204375
A_33_P3400688	SLC24A5	5.235874733875
A_23_P328600	SLC24A6	6.85091625570833
A_23_P120776	SLC25A1	10.49756000625
A_23_P146830	SLC25A10	7.85843075304167
A_23_P38497	SLC25A11	10.5129365783333
A_23_P142714	SLC25A12	9.88627494408333
A_23_P82334	SLC25A13	9.21217350908333
A_23_P135966	SLC25A14	11.4529176870833
A_21_P0012276	SLC25A15	5.97583490866667
A_33_P3275959	SLC25A16	8.32784539470833
A_23_P57547	SLC25A17	10.2054340252083
A_24_P74508	SLC25A18	4.59885146775
A_33_P3350074	SLC25A19	7.78834483741667
A_23_P92650	SLC25A2	4.63655625920833
A_23_P72025	SLC25A20	8.88116790820833
A_21_P0000084	SLC25A21	3.92160964183333
A_23_P409386	SLC25A22	9.65895519375
A_32_P224522	SLC25A23	8.62203091808333
A_23_P74799	SLC25A24	8.41214099883333
A_24_P355267	SLC25A25	8.45762554741667
A_24_P368544	SLC25A26	5.717178765875
A_33_P3412468	SLC25A27	5.66429781166667
A_23_P75220	SLC25A28	8.95737055945833
A_23_P77048	SLC25A29	12.3848825391667
A_23_P25204	SLC25A3	14.293005865
A_33_P3380417	SLC25A30	7.19500148829167
A_24_P69439	SLC25A32	9.50192273233333
A_23_P36226	SLC25A33	10.4226019505
A_33_P3227904	SLC25A34	7.62606701891667
A_23_P366726	SLC25A35	4.97335120516667
A_33_P3228762	SLC25A36	11.2570024370833
A_33_P3343210	SLC25A37	7.29484489820833
A_23_P91814	SLC25A38	7.90119070608333
A_23_P100764	SLC25A39	10.9899137975
A_24_P206047	SLC25A4	13.1003651425
A_23_P432626	SLC25A40	5.39854662225
A_23_P313550	SLC25A41	7.45567749720833
A_23_P436526	SLC25A42	7.983731934375
A_23_P125668	SLC25A43	4.23094075379167
A_24_P400473	SLC25A44	10.9965387345833
A_23_P64070	SLC25A45	5.04442871458333
A_33_P3347392	SLC25A46	7.87818291216667
A_23_P106258	SLC25A47	5.67021129304167
A_33_P3357853	SLC25A48	4.07826643783333
A_23_P137057	SLC25A5	12.1472699133333
A_21_P0000567	SLC25A5-AS1	6.36986859608333
A_33_P3411397	SLC25A6	12.5360076395833
A_23_P80954	SLC26A1	5.24312941129167
A_23_P116642	SLC26A10	9.34349440604167
A_33_P3332052	SLC26A11	8.91576590958333
A_33_P3277447	SLC26A2	8.68476669445833
A_23_P123228	SLC26A3	3.809583536375
A_33_P3400699	SLC26A5	6.480400088625
A_23_P109895	SLC26A6	8.90170310808333
A_32_P381593	SLC26A7	4.4722093
A_23_P30950	SLC26A8	3.64778338558333
A_23_P201248	SLC26A9	3.872691753625
A_33_P3292621	SLC27A1	7.55427547395833
A_23_P140450	SLC27A2	3.88768700604167
A_33_P3281537	SLC27A3	5.68330501408333
A_24_P257971	SLC27A4	8.08885255354167
A_23_P4611	SLC27A5	9.94700596233333
A_23_P41789	SLC27A6	4.43762213708333
A_23_P14667	SLC28A1	4.859394910625
A_23_P48816	SLC28A2	4.760559185875
A_23_P133694	SLC29A1	9.92985618329167
A_23_P104705	SLC29A2	6.01873802720833
A_23_P46871	SLC29A3	8.19548269358333
A_23_P168551	SLC29A4	7.70071354666667
A_23_P571	SLC2A1	8.139097574
A_24_P271323	SLC2A10	5.63818614816667
A_33_P3268649	SLC2A11	7.35217106045833
A_33_P3331125	SLC2A12	4.85471609479167
A_33_P3354514	SLC2A13	4.15136567758333
A_32_P47754	SLC2A14	8.92529155691667
A_24_P405705	SLC2A2	3.55980194341667
A_24_P81900	SLC2A3	5.76397225979167
A_32_P151263	SLC2A4	3.92947177783333
A_23_P102571	SLC2A4RG	11.6608526229167
A_23_P160159	SLC2A5	4.70262576270833
A_33_P3337044	SLC2A6	10.9703415279167
A_33_P3238425	SLC2A7	3.8289923005
A_23_P252783	SLC2A8	8.63437079433333
A_23_P213014	SLC2A9	3.76038283425
A_23_P23815	SLC30A1	6.88299634179167
A_33_P3269885	SLC30A10	4.59439220320833
A_24_P156748	SLC30A2	5.356561517125
A_23_P302568	SLC30A3	5.9419380825
A_32_P21255	SLC30A4	5.735355036625
A_23_P218988	SLC30A5	8.53691381054167
A_23_P22915	SLC30A7	6.91029990916667
A_33_P3283813	SLC30A8	4.083198688125
A_23_P30050	SLC30A9	8.82142858658333
A_24_P928901	SLC31A1	6.61252698466667
A_23_P217109	SLC31A2	7.6471239105
A_23_P307382	SLC32A1	7.290718947625
A_33_P3251108	SLC33A1	5.525827136875
A_23_P58729	SLC34A1	4.62249167308333
A_23_P133036	SLC34A2	3.80150179091667
A_33_P3297468	SLC34A3	4.8974282825
A_33_P3394710	SLC35A1	7.82847739308333
A_23_P217208	SLC35A2	6.123177225125
A_23_P34460	SLC35A3	5.298172562125
A_23_P69840	SLC35A4	9.28439568420833
A_23_P255057	SLC35A5	9.18448011345833
A_23_P89455	SLC35B1	10.2014472529583
A_33_P3368039	SLC35B2	10.482189295
A_23_P145463	SLC35B3	7.9877260425
A_33_P3250953	SLC35B4	9.57326117645833
A_23_P202720	SLC35C1	10.175161361625
A_33_P3358799	SLC35C2	9.75561966633333
A_23_P357929	SLC35D1	4.09571746929167
A_23_P32029	SLC35D2	7.05223079208333
A_33_P3369799	SLC35D3	4.05273859308333
A_23_P208416	SLC35E1	8.7516734875
A_24_P942211	SLC35E2	12.0022081045833
A_33_P3245066	SLC35E2B	8.53848822325
A_23_P259357	SLC35E4	16.420005515
A_33_P3415972	SLC35F1	8.16990236808333
A_33_P3211229	SLC35F2	5.76587143283333
A_23_P422212	SLC35F3	8.71698047475
A_23_P163075	SLC35F4	5.12069916229167
A_23_P361569	SLC35F5	6.39562692025
A_23_P390032	SLC35G1	4.312987438375
A_23_P59988	SLC35G5	7.706517717875
A_33_P3251093	SLC36A1	8.776886126375
A_33_P3780987	SLC36A3	3.88991779745833
A_33_P3422991	SLC36A4	8.95896008433333
A_33_P3474319	SLC37A2	4.21393106458333
A_23_P95130	SLC37A3	7.628371080375
A_23_P35970	SLC37A4	9.51548071175
A_23_P363399	SLC38A1	12.29749573375
A_23_P379630	SLC38A10	7.54239224125
A_23_P218079	SLC38A2	10.742882635
A_23_P155487	SLC38A3	6.29714922625
A_33_P3235207	SLC38A4	4.59366820075
A_23_P84929	SLC38A5	7.187374422875
A_33_P3404954	SLC38A6	8.80507245470833
A_23_P65967	SLC38A7	10.2772435683333
A_33_P3368506	SLC38A8	4.42279548416667
A_32_P126311	SLC38A9	10.266874333375
A_23_P23575	SLC39A1	7.37588340766667
A_23_P119778	SLC39A10	8.79816572420833
A_24_P57528	SLC39A11	8.28704764141667
A_23_P24149	SLC39A12	4.19045846008333
A_23_P24345	SLC39A13	12.0659016770833
A_24_P383356	SLC39A14	6.91408781845833
A_23_P128855	SLC39A2	4.55340851483333
A_24_P382467	SLC39A3	8.42318365158333
A_33_P3240353	SLC39A4	9.37711426658333
A_33_P3385006	SLC39A5	NA
A_24_P156049	SLC39A6	8.85609171554167
A_23_P70571	SLC39A7	9.35085198620833
A_23_P41424	SLC39A8	4.29963926933333
A_23_P380326	SLC39A9	7.35375255079167
A_24_P217234	SLC3A1	4.07266618954167
A_23_P75811	SLC3A2	9.93892076208333
A_23_P102391	SLC40A1	6.615252084875
A_24_P122732	SLC41A1	8.37796050325
A_23_P204801	SLC41A2	6.24905550058333
A_23_P18317	SLC41A3	10.5539432945833
A_23_P52939	SLC43A1	7.00376659770833
A_24_P296508	SLC43A2	6.87203570808333
A_24_P406986	SLC43A3	3.52668355333333
A_23_P216630	SLC44A1	7.3177583485
A_33_P3330549	SLC44A2	9.07015071395833
A_23_P86195	SLC44A3	7.043461273375
A_23_P342641	SLC44A5	6.781708040625
A_32_P223059	SLC45A1	6.26712227029167
A_33_P3241696	SLC45A2	4.37834391391667
A_24_P208345	SLC45A3	8.52884183858333
A_33_P3224819	SLC45A4	6.48829611479167
A_33_P3235611	SLC46A1	7.63671124658333
A_23_P31996	SLC46A2	4.25545631183333
A_23_P205074	SLC46A3	5.277967236625
A_33_P3403399	SLC47A1	3.70404544308333
A_23_P77908	SLC47A2	3.964709190625
A_24_P309594	SLC48A1	9.39184686816667
A_23_P77980	SLC4A1	5.05471575591667
A_24_P314786	SLC4A10	4.02833151316667
A_23_P154688	SLC4A11	6.8624061675
A_23_P56810	SLC4A1AP	10.1070532937917
A_23_P253389	SLC4A2	8.50312669083333
A_23_P39647	SLC4A3	9.925246628375
A_32_P358887	SLC4A4	4.50262697266667
A_33_P3241393	SLC4A5	7.41312485695833
A_24_P368575	SLC4A7	7.34465485416667
A_24_P75680	SLC4A8	6.45976968766667
A_23_P257176	SLC4A9	5.52950716695833
A_24_P88565	SLC50A1	7.83030782970833
A_23_P17826	SLC5A1	3.98196742133333
A_23_P328022	SLC5A10	4.21912185629167
A_23_P37914	SLC5A11	4.66610621145833
A_24_P934387	SLC5A12	4.16916958275
A_33_P3217495	SLC5A2	5.524688023375
A_33_P3277110	SLC5A3	11.2661473633333
A_23_P57492	SLC5A4	4.39968653
A_23_P101774	SLC5A5	4.77560942295833
A_23_P102508	SLC5A6	7.52960890741667
A_33_P3299339	SLC5A7	4.117921718
A_24_P15621	SLC6A10P	7.9670635745
A_23_P418562	SLC6A11	3.92838014733333
A_23_P76386	SLC6A12	4.27043365
A_23_P64980	SLC6A13	5.73392328733333
A_24_P109838	SLC6A15	6.86869805891667
A_23_P130735	SLC6A16	6.896741942125
A_24_P820037	SLC6A17	6.21631241333333
A_24_P212234	SLC6A18	5.512144457375
A_33_P3220545	SLC6A19	4.30715972779167
A_33_P3259022	SLC6A2	4.99916555245833
A_24_P397435	SLC6A3	7.27625552279167
A_23_P152995	SLC6A4	3.91248142283333
A_23_P116624	SLC6A5	4.5433995315
A_24_P359191	SLC6A6	7.09510593283333
A_33_P3261298	SLC6A7	4.86530444158333
A_23_P159937	SLC6A8	9.34321043954167
A_23_P11984	SLC6A9	6.47906084291667
A_24_P253251	SLC7A1	10.0096381297917
A_23_P108075	SLC7A10	5.17358833729167
A_33_P3242623	SLC7A11	6.297118791875
A_19_P00805942	SLC7A14	5.20349773333333
A_33_P3316539	SLC7A2	5.05966336895833
A_23_P159851	SLC7A3	4.50218082533333
A_23_P120794	SLC7A4	5.93464503479167
A_24_P335620	SLC7A5	9.19324328491667
A_33_P3311170	SLC7A5P1	8.262954987625
A_24_P159312	SLC7A6	6.88244452104167
A_23_P3562	SLC7A6OS	7.72807438445833
A_23_P99642	SLC7A7	5.11024608829167
A_23_P205489	SLC7A8	4.40554774258333
A_23_P142250	SLC7A9	5.3124348675
A_32_P147078	SLC8A1	5.69501540075
A_33_P3319542	SLC8A2	11.0095082566667
A_24_P167654	SLC8A3	4.883778946375
A_33_P3267059	SLC9A1	4.96205797729167
A_24_P24770	SLC9A10	4.04409845558333
A_33_P3378835	SLC9A3R1	10.2824060225833
A_24_P364838	SLC9A3R2	9.28600436304167
A_33_P3333050	SLC9A4	7.23320433683333
A_23_P129433	SLC9A5	7.173796041
A_23_P22625	SLC9A6	10.7692429083333
A_23_P11032	SLC9A7	7.13365439320833
A_24_P58054	SLC9A8	7.18628513470833
A_32_P46214	SLC9A9	11.89625839125
A_21_P0011428	SLC9B1	4.85532745895833
A_23_P341567	SLC9B2	8.01668289008333
A_33_P3316770	SLCO1A2	3.97380130258333
A_23_P128254	SLCO1B1	3.96135790095833
A_33_P3364089	SLCO1B3	4.23799644741667
A_23_P116868	SLCO1C1	3.55242722970833
A_23_P150768	SLCO2B1	3.88708263079167
A_24_P336276	SLCO3A1	7.381136113375
A_23_P5903	SLCO4A1	7.04445328579167
A_32_P154342	SLCO4C1	4.96931415108333
A_23_P135669	SLCO5A1	5.73058830341667
A_23_P92885	SLCO6A1	5.08908203725
A_24_P927716	SLED1	3.768233181625
A_23_P118536	SLFN12	3.87659129866667
A_33_P3261468	SLFN12L	3.93060820975
A_33_P3358049	SLFN14	3.88885664775
A_33_P3209522	SLFN5	9.28045994608333
A_23_P389141	SLFNL1	4.95130308158333
A_23_P128991	SLIRP	12.0547384341667
A_33_P3411035	SLIT1	5.95874202333333
A_23_P144348	SLIT2	6.53860850270833
A_23_P58588	SLIT3	5.87372154583333
A_32_P136351	SLITRK1	9.83757449766667
A_33_P3225106	SLITRK2	3.95860528325
A_23_P18362	SLITRK3	5.87162389016667
A_32_P131640	SLITRK4	6.95113512720833
A_33_P3230189	SLITRK6	4.46673230654167
A_24_P146670	SLK	7.89107643479167
A_24_P942773	SLMAP	6.71227784916667
A_23_P38677	SLMO1	8.70833243179167
A_24_P288424	SLMO2	9.68073521879167
A_23_P150343	SLN	6.42315892120833
A_24_P190472	SLPI	3.91367475504167
A_23_P26094	SLTM	7.21286964695833
A_24_P174824	SLU7	10.2953604693333
A_33_P3258801	SLURP1	4.824135159
A_23_P501451	SLX1A	10.052014088625
A_23_P371129	SLX4	8.80166317804167
A_24_P71938	SMAD1	10.8855816325
A_23_P48936	SMAD3	5.51310547470833
A_19_P00804817	SMAD4	10.60330953
A_21_P0004302	SMAD5	6.08451236833333
A_23_P399797	SMAD5-AS1	4.70126308879167
A_33_P3220470	SMAD6	3.923999746375
A_23_P55518	SMAD7	5.90779423325
A_24_P655849	SMAD9	7.329777915
A_23_P64837	SMAGP	5.032489678
A_33_P3257155	SMAP1	8.387470753375
A_23_P406330	SMAP2	9.30790254016667
A_23_P44244	SMARCA1	10.5817974041667
A_23_P60354	SMARCA2	6.15804556279167
A_23_P39034	SMARCA4	14.3012241770833
A_23_P256716	SMARCA5	7.8946290525
A_21_P0014445	SMARCA5-AS1	5.30002667829167
A_23_P213255	SMARCAD1	10.3260932575
A_33_P3217834	SMARCAL1	11.2987254845833
A_33_P3343073	SMARCB1	10.92540179
A_23_P83453	SMARCC1	10.6176353195833
A_23_P128073	SMARCC2	13.617607925
A_24_P232696	SMARCD1	11.7981897166667
A_23_P66487	SMARCD2	8.54543057204167
A_23_P122852	SMARCD3	12.3985860929167
A_23_P164387	SMARCE1	10.2583291841667
A_33_P3290909	SMC1A	8.8556633635
A_33_P3357322	SMC2	7.21388153025
A_23_P138631	SMC3	11.5390616441667
A_33_P3248519	SMC4	6.80301735954167
A_32_P126609	SMC5	4.25734757691667
A_23_P209962	SMC6	9.39664698925
A_24_P400997	SMCHD1	8.17226317020833
A_24_P336596	SMCP	4.67328366483333
A_33_P3294679	SMCR5	4.778301117625
A_33_P3877728	SMCR6	8.817021112875
A_23_P501372	SMCR7	6.86592230929167
A_23_P109547	SMCR7L	9.68030630495833
A_23_P300124	SMCR8	4.770229321375
A_23_P218158	SMEK1	9.83226488033333
A_24_P194931	SMEK2	7.84838105895833
A_33_P3218252	SMG1	8.33924691475
A_33_P3326349	SMG5	8.367066783125
A_23_P100676	SMG6	8.39130732191667
A_33_P3356035	SMG7	6.26235029833333
A_23_P66563	SMG8	9.02984207825
A_23_P56127	SMG9	7.77874785041667
A_23_P58466	SMN1	10.87950811625
A_24_P126682	SMN2	4.31651003929167
A_33_P3219429	SMNDC1	9.68939299516667
A_23_P70818	SMO	8.04678863575
A_24_P150466	SMOC1	6.27416181283333
A_23_P70307	SMOC2	5.56445407741667
A_23_P102731	SMOX	7.33454305129167
A_23_P203488	SMPD1	8.582600337375
A_23_P82162	SMPD2	5.98766508045833
A_23_P163567	SMPD3	13.3759272541667
A_23_P255286	SMPD4	13.0224358683333
A_23_P72117	SMPDL3A	6.457568112625
A_23_P160881	SMPDL3B	4.584661007875
A_23_P253542	SMPX	5.618244689375
A_23_P41365	SMR3A	6.42587076245833
A_23_P29965	SMR3B	3.73084683641667
A_21_P0013088	SMS	11.1293078483333
A_21_P0000005	SMTNL1	4.95301814875
A_24_P555066	SMTNL2	7.70500049045833
A_32_P68746	SMU1	8.59514351766667
A_24_P75072	SMUG1	8.59219082804167
A_23_P353316	SMURF1	3.94030369258333
A_33_P3370751	SMURF2	5.083318219375
A_33_P3379816	SMYD1	5.795627752625
A_23_P170587	SMYD2	10.2953824104583
A_23_P51410	SMYD3	10.4002987308333
A_24_P307175	SMYD4	7.21563372645833
A_23_P91015	SMYD5	8.75165687204167
A_23_P131846	SNAI1	7.40874468529167
A_23_P169039	SNAI2	4.64867268845833
A_23_P170574	SNAI3	3.84429957620833
A_33_P3305974	SNAP23	4.789586905125
A_33_P3338693	SNAP25	13.1334290383333
A_24_P48862	SNAP29	5.86412702720833
A_33_P3211520	SNAP47	9.84911229566667
A_33_P3316118	SNAP91	7.57752634154167
A_33_P3316223	SNAPC1	6.99115982925
A_33_P3375383	SNAPC2	11.1687390675
A_23_P71908	SNAPC3	8.06734273366667
A_23_P20722	SNAPC4	11.35227806
A_23_P383977	SNAPC5	7.56142606595833
A_23_P161022	SNAPIN	10.025867737125
A_33_P3587376	SNAR-A3	14.67718431
A_33_P3729436	SNAR-B1	NA
A_21_P0000507	SNAR-B2	14.6535829325
A_33_P3872301	SNAR-C3	5.24645406179167
A_33_P3542911	SNAR-C4	5.11062734545833
A_21_P0000508	SNAR-D	13.7803454258333
A_33_P3786807	SNAR-E	4.12490033870833
A_21_P0000492	SNAR-F	11.93798649375
A_33_P3542886	SNAR-G1	6.97443635866667
A_21_P0000509	SNAR-G2	12.8356117345833
A_21_P0000511	SNAR-H	13.0937609679167
A_21_P0000512	SNAR-I	4.98799407483333
A_23_P29939	SNCA	13.13834689125
A_23_P19020	SNCAIP	4.309025376375
A_23_P121945	SNCB	8.46586728495833
A_23_P251293	SNCG	12.0137083104167
A_23_P42829	SND1	12.1494019666667
A_33_P3263497	SNED1	5.90058802841667
A_23_P130064	SNF8	12.08848660125
A_33_P3507562	SNHG1	7.77196085266667
A_32_P82475	SNHG10	5.40078585995833
A_19_P00320792	SNHG11	9.15728519320833
A_23_P74581	SNHG12	10.1489883045417
A_24_P902052	SNHG13	11.1912943183333
A_33_P3280945	SNHG3	10.0760349542917
A_21_P0000661	SNHG4	5.043390013625
A_19_P00316659	SNHG5	9.86084637625
A_19_P00322948	SNHG6	12.4648862079167
A_33_P3280927	SNHG7	7.34543479404167
A_33_P3711426	SNHG8	8.266337648375
A_33_P3280965	SNHG9	11.16596800125
A_24_P276531	SNIP1	6.55602667754167
A_24_P30923	SNN	12.8459942875
A_21_P0000362	SNORA1	6.66839440516667
A_21_P0000309	SNORA11	7.87764262225
A_21_P0000477	SNORA11B	6.12446941441667
A_21_P0000478	SNORA11C	9.04529489683333
A_21_P0000479	SNORA11D	13.89319878875
A_21_P0000310	SNORA12	9.10495777304167
A_21_P0000304	SNORA13	5.96382941566667
A_21_P0000311	SNORA14A	4.81415264466667
A_21_P0000312	SNORA14B	5.520432783375
A_21_P0000313	SNORA15	6.58524498375
A_21_P0000369	SNORA16A	12.6015564295833
A_33_P3795707	SNORA16B	4.23735249354167
A_21_P0000314	SNORA17	6.73587724825
A_21_P0000315	SNORA18	7.08739336854167
A_21_P0000316	SNORA20	6.035046804875
A_21_P0000263	SNORA21	10.0234365750833
A_33_P3892710	SNORA22	5.73908559245833
A_33_P3241741	SNORA23	6.95567690158333
A_21_P0000318	SNORA24	7.195378133125
A_21_P0000363	SNORA25	8.21757314858333
A_19_P00318261	SNORA26	6.47938724283333
A_21_P0000262	SNORA27	10.099081356375
A_33_P3709317	SNORA28	8.92319502783333
A_21_P0000319	SNORA29	4.6826021225
A_33_P3542599	SNORA2A	5.34577510695833
A_33_P3655815	SNORA2B	6.51884987775
A_21_P0000265	SNORA3	5.6633977245
A_21_P0000320	SNORA30	4.34664075995833
A_21_P0000321	SNORA31	7.71413207070833
A_21_P0000367	SNORA32	8.03531948795833
A_33_P3650353	SNORA33	5.50297605095833
A_21_P0000322	SNORA34	10.2742604095833
A_21_P0000345	SNORA35	4.976876271375
A_21_P0000323	SNORA36A	5.82892863279167
A_21_P0000346	SNORA36B	4.71702674204167
A_33_P3801477	SNORA37	6.257135041875
A_21_P0000326	SNORA38	4.61910733233333
A_21_P0000474	SNORA38B	4.86192152966667
A_21_P0000327	SNORA39	4.95611017470833
A_21_P0000271	SNORA4	6.475191236
A_21_P0000328	SNORA40	6.54305148933333
A_21_P0000273	SNORA41	5.51962829533333
A_21_P0000329	SNORA42	8.078240615
A_21_P0000330	SNORA43	5.14938797191667
A_21_P0000331	SNORA44	6.006888561875
A_21_P0000332	SNORA45	7.39421314525
A_21_P0000333	SNORA46	4.98078641733333
A_21_P0000357	SNORA47	6.556737256125
A_21_P0000300	SNORA48	10.0096432552083
A_21_P0000334	SNORA49	6.680989264875
A_33_P3629585	SNORA50	3.79206423604167
A_21_P0000335	SNORA51	5.87288324733333
A_21_P0000269	SNORA52	5.680825998125
A_33_P3420496	SNORA53	5.79422515116667
A_21_P0000336	SNORA54	10.4497508782083
A_21_P0000337	SNORA55	4.61826648445833
A_21_P0000495	SNORA57	10.6806605591667
A_33_P3462692	SNORA58	5.11625149495833
A_33_P3419458	SNORA59B	5.57290599329167
A_21_P0000301	SNORA5A	7.02390647879167
A_21_P0000342	SNORA5B	5.95966199920833
A_21_P0000343	SNORA5C	5.57005801595833
A_21_P0000235	SNORA6	7.44800923791667
A_33_P3465703	SNORA60	5.58150769716667
A_21_P0000341	SNORA61	8.48386739079167
A_33_P3334448	SNORA62	7.215928159125
A_21_P0000270	SNORA63	7.14069449166667
A_21_P0000236	SNORA64	9.302834183625
A_21_P0000251	SNORA65	7.569563113625
A_21_P0000248	SNORA66	5.11696732695833
A_21_P0000295	SNORA67	9.034808360875
A_21_P0000212	SNORA68	7.37663348479167
A_21_P0000211	SNORA70	10.6719857041667
A_33_P3888568	SNORA70B	6.868898922875
A_21_P0000476	SNORA70C	9.2245093145
A_21_P0000593	SNORA70D	7.92238119145833
A_21_P0000595	SNORA70E	9.939342169625
A_21_P0000591	SNORA70F	6.67521543445833
A_21_P0000592	SNORA70G	8.68334095275
A_33_P3495962	SNORA71A	6.88898934158333
A_21_P0000294	SNORA71B	6.616927695375
A_21_P0000358	SNORA71C	7.1842181925
A_21_P0000359	SNORA71D	7.41654393045833
A_21_P0000266	SNORA72	5.75394375291667
A_33_P3316505	SNORA73A	8.4622682575
A_33_P3327519	SNORA74A	7.64955390766667
A_33_P3222367	SNORA74B	7.614210557375
A_21_P0000303	SNORA75	5.09973407525
A_21_P0000347	SNORA76	5.71454573908333
A_21_P0000360	SNORA77	7.57182693729167
A_33_P3604591	SNORA78	5.31016514683333
A_21_P0000361	SNORA79	NA
A_21_P0000302	SNORA8	8.26314466
A_21_P0000348	SNORA80	6.34756313329167
A_21_P0000563	SNORA80B	7.55959735245833
A_33_P3227217	SNORA81	7.27791553504167
A_21_P0000473	SNORA84	6.53403842120833
A_21_P0000308	SNORA9	7.82261018845833
A_21_P0000278	SNORD10	8.95309134895833
A_21_P0000240	SNORD100	7.37619253058333
A_21_P0000239	SNORD101	4.80382065241667
A_21_P0000486	SNORD103A	4.779802341375
A_21_P0000489	SNORD104	8.77504368745833
A_21_P0000490	SNORD105	5.459627819125
A_21_P0000463	SNORD105B	9.123808949875
A_21_P0000230	SNORD107	6.100040278
A_21_P0000229	SNORD108	7.01928316154167
A_21_P0000232	SNORD109B	6.17471051391667
A_21_P0000366	SNORD11	6.84238934008333
A_21_P0000394	SNORD110	7.37437276779167
A_21_P0000395	SNORD111	4.336963649
A_21_P0000396	SNORD112	5.06100849245833
A_21_P0000429	SNORD113-1	4.9308027195
A_21_P0000430	SNORD113-2	5.91955500970833
A_21_P0000431	SNORD113-3	7.091790460375
A_21_P0000432	SNORD113-4	6.05671148345833
A_21_P0000433	SNORD113-5	5.11760782166667
A_21_P0000434	SNORD113-6	5.68846947179167
A_21_P0000435	SNORD113-8	4.867261963125
A_21_P0000436	SNORD113-9	6.51521092645833
A_21_P0000407	SNORD114-10	4.58249389433333
A_21_P0000408	SNORD114-11	7.06570049891667
A_21_P0000409	SNORD114-12	5.7270999225
A_21_P0000410	SNORD114-13	6.46697284583333
A_21_P0000411	SNORD114-14	6.1814239625
A_21_P0000412	SNORD114-15	6.90267429570833
A_21_P0000413	SNORD114-16	4.950900748375
A_21_P0000414	SNORD114-17	5.047103607375
A_21_P0000415	SNORD114-18	4.022990903625
A_21_P0000416	SNORD114-19	4.54159861770833
A_21_P0000399	SNORD114-2	7.11315582641667
A_21_P0000417	SNORD114-20	6.49020268620833
A_21_P0000418	SNORD114-21	7.29392952775
A_21_P0000419	SNORD114-22	6.19801571225
A_21_P0000420	SNORD114-23	6.526300439125
A_21_P0000421	SNORD114-24	4.450379081125
A_21_P0000422	SNORD114-26	7.70255391029167
A_21_P0000423	SNORD114-27	4.16436126825
A_21_P0000424	SNORD114-28	7.176497247
A_21_P0000426	SNORD114-29	6.185443319375
A_21_P0000400	SNORD114-3	8.88486762366667
A_21_P0000427	SNORD114-30	6.19223435329167
A_21_P0000428	SNORD114-31	6.07719457970833
A_21_P0000401	SNORD114-4	5.11137199625
A_21_P0000402	SNORD114-5	4.9818968955
A_21_P0000403	SNORD114-6	5.84950150733333
A_21_P0000404	SNORD114-7	5.3131322485
A_21_P0000405	SNORD114-8	5.2496620765
A_21_P0000406	SNORD114-9	7.58523750929167
A_21_P0000228	SNORD115-1	5.21688579329167
A_21_P0000437	SNORD115-2	4.28918021495833
A_21_P0000443	SNORD115-23	4.077845230125
A_21_P0000457	SNORD115-27	3.94260824025
A_21_P0000439	SNORD115-3	4.48658661575
A_21_P0000452	SNORD115-32	3.895795396125
A_21_P0000440	SNORD115-4	5.50794494620833
A_21_P0000441	SNORD115-5	5.5643142815
A_21_P0000442	SNORD115-7	3.87659119354167
A_21_P0000446	SNORD116-10	3.93249701408333
A_21_P0000447	SNORD116-11	4.1087288565
A_21_P0000449	SNORD116-13	4.49204903295833
A_33_P3280157	SNORD116-19	8.931293426125
A_21_P0000450	SNORD116-26	6.183073755375
A_21_P0000451	SNORD116-27	5.28085087791667
A_21_P0000455	SNORD116-28	4.64969533629167
A_21_P0000454	SNORD116-29	4.80177136595833
A_21_P0000444	SNORD116-4	5.47433803279167
A_21_P0000445	SNORD116-6	6.066179532125
A_21_P0000398	SNORD117	4.943063008625
A_21_P0000459	SNORD119	4.09841325983333
A_21_P0000469	SNORD11B	5.2715079335
A_21_P0000365	SNORD12	6.8082566255
A_21_P0000460	SNORD121A	4.30045794758333
A_21_P0000464	SNORD123	4.20469930825
A_21_P0000461	SNORD125	4.05402627429167
A_21_P0000466	SNORD127	3.84822769741667
A_33_P3789327	SNORD12B	4.85953600691667
A_21_P0000238	SNORD12C	8.10072451941667
A_33_P3578325	SNORD15A	9.55658640691667
A_21_P0000223	SNORD15B	8.35336960095833
A_21_P0000244	SNORD16	9.416314025625
A_33_P3263379	SNORD17	8.51175397866667
A_21_P0000245	SNORD18A	4.75561910541667
A_21_P0000246	SNORD18B	4.43844577220833
A_21_P0000247	SNORD18C	6.45758383954167
A_21_P0000375	SNORD19	4.83040827716667
A_21_P0000462	SNORD19B	3.86982519441667
A_21_P0000496	SNORD1A	4.38935862475
A_21_P0000497	SNORD1B	5.23082647745833
A_21_P0000498	SNORD1C	5.33848314604167
A_21_P0000206	SNORD21	6.09238169175
A_21_P0000208	SNORD22	8.17406169670833
A_21_P0000249	SNORD24	4.98604470008333
A_21_P0000259	SNORD25	6.74193671979167
A_21_P0000258	SNORD26	10.3505909164167
A_21_P0000257	SNORD27	6.43038933941667
A_21_P0000256	SNORD28	4.61486887141667
A_21_P0000253	SNORD29	5.942442976625
A_21_P0000255	SNORD30	6.206059399625
A_21_P0000254	SNORD31	7.156560308375
A_21_P0000221	SNORD32A	6.96970072529167
A_21_P0000376	SNORD32B	5.715673327125
A_21_P0000220	SNORD33	7.414983256
A_21_P0000219	SNORD34	5.718328143125
A_21_P0000218	SNORD35A	7.09035984041667
A_21_P0000227	SNORD35B	7.134747330625
A_21_P0000250	SNORD36A	8.42125097616667
A_21_P0000217	SNORD36B	4.66361744270833
A_21_P0000216	SNORD36C	7.15342017920833
A_21_P0000277	SNORD37	5.36860177620833
A_21_P0000233	SNORD38A	8.47012270504167
A_21_P0000234	SNORD38B	7.498724987125
A_33_P3252333	SNORD3B-1	13.12895508625
A_21_P0000291	SNORD41	5.50443121641667
A_21_P0000214	SNORD42A	4.08342630975
A_21_P0000213	SNORD42B	5.16597579770833
A_21_P0000243	SNORD43	7.026580089625
A_21_P0000290	SNORD44	5.178440709375
A_21_P0000289	SNORD45A	5.83638556858333
A_21_P0000288	SNORD45B	5.132728059
A_21_P0000372	SNORD45C	3.83998802725
A_21_P0000222	SNORD46	7.96487512916667
A_21_P0000287	SNORD47	7.56017134383333
A_21_P0000286	SNORD48	7.41827303483333
A_21_P0000285	SNORD49A	7.465992107375
A_21_P0000210	SNORD4A	6.17694920629167
A_21_P0000209	SNORD4B	5.53659877641667
A_21_P0000368	SNORD5	6.27440946458333
A_21_P0000373	SNORD50B	5.99618065979167
A_21_P0000272	SNORD51	4.38469720533333
A_21_P0000284	SNORD52	8.11174377945833
A_21_P0000283	SNORD53	4.41079057075
A_21_P0000242	SNORD54	6.03502864679167
A_21_P0000215	SNORD55	8.4142746095
A_21_P0000282	SNORD56	6.84156108879167
A_21_P0000260	SNORD58A	5.67929239058333
A_21_P0000472	SNORD58C	5.63113025866667
A_21_P0000281	SNORD59A	4.571683553
A_21_P0000374	SNORD59B	5.75518208304167
A_21_P0000370	SNORD6	6.29060588129167
A_21_P0000280	SNORD60	6.64888115483333
A_21_P0000279	SNORD61	4.654433775
A_21_P0000297	SNORD62A	6.52213394475
A_21_P0000296	SNORD63	5.14931324675
A_21_P0000231	SNORD64	7.69511227991667
A_21_P0000377	SNORD65	6.16163240595833
A_21_P0000378	SNORD66	7.28152899791667
A_21_P0000379	SNORD67	6.08716571883333
A_21_P0000252	SNORD68	8.97386824541667
A_21_P0000380	SNORD69	5.73942281733333
A_21_P0000371	SNORD7	5.48914314375
A_21_P0000381	SNORD70	4.56990707204167
A_21_P0000382	SNORD71	6.56413211579167
A_21_P0000267	SNORD72	4.03465445520833
A_21_P0000264	SNORD74	5.34967844854167
A_21_P0000483	SNORD75	4.34090493591667
A_21_P0000484	SNORD76	6.60034504820833
A_21_P0000485	SNORD77	4.47869064916667
A_21_P0000481	SNORD79	3.71895095725
A_21_P0000298	SNORD8	6.49989931116667
A_21_P0000482	SNORD80	7.56692095641667
A_21_P0000499	SNORD82	3.92947369075
A_21_P0000224	SNORD83A	6.90652555125
A_21_P0000225	SNORD83B	10.0475801799167
A_21_P0000383	SNORD84	5.10758096529167
A_21_P0000384	SNORD85	5.70788639354167
A_21_P0000500	SNORD86	8.31322826425
A_21_P0000276	SNORD87	8.963981579
A_21_P0000385	SNORD88C	5.78607582675
A_21_P0000386	SNORD89	NA
A_33_P3740020	SNORD9	4.33449273754167
A_21_P0000387	SNORD90	5.44572955733333
A_21_P0000388	SNORD91A	5.13912346808333
A_21_P0000389	SNORD91B	4.967009668375
A_21_P0000390	SNORD92	4.160426817125
A_21_P0000487	SNORD94	5.92099682779167
A_21_P0000274	SNORD95	7.757364004125
A_21_P0000275	SNORD96A	7.71450706208333
A_21_P0000488	SNORD96B	6.323329698125
A_21_P0000501	SNORD97	7.08348768295833
A_21_P0000392	SNORD98	5.170918383375
A_21_P0000393	SNORD99	6.10389415033333
A_23_P102706	SNPH	10.0027261745417
A_23_P211985	SNRK	7.79230628141667
A_23_P131626	SNRNP200	11.5829166870833
A_23_P152284	SNRNP25	9.78154725158333
A_23_P39774	SNRNP27	10.111704414625
A_23_P159101	SNRNP35	10.078026067875
A_23_P45913	SNRNP40	8.19999743783333
A_24_P46725	SNRNP48	6.9997637375
A_23_P4909	SNRNP70	9.79559290933333
A_24_P250335	SNRPA	10.6729511070833
A_32_P28685	SNRPA1	10.1774858555
A_23_P154675	SNRPB	11.2309533466667
A_23_P40307	SNRPB2	9.640034377625
A_23_P59192	SNRPC	8.35061453766667
A_23_P107644	SNRPD1	12.1564811775
A_24_P74160	SNRPD2	12.7038185804167
A_33_P3384900	SNRPD2P2	4.98237074595833
A_33_P3396239	SNRPD3	6.76080560304167
A_33_P3320152	SNRPE	8.3084290495
A_23_P117068	SNRPF	11.9403418520833
A_33_P3212679	SNRPG	11.4996664075
A_23_P77066	SNRPN	11.30026014
A_24_P322709	SNTA1	6.16365501845833
A_23_P95029	SNTB1	4.88650332775
A_33_P3331906	SNTB2	6.7942873135
A_33_P3414967	SNTG1	6.56102773533333
A_23_P251132	SNTG2	8.011669179125
A_24_P27412	SNUPN	7.64869572116667
A_24_P347624	SNURF	11.7212271229167
A_23_P37347	SNW1	10.3713931004167
A_33_P3268716	SNX1	9.878643688125
A_24_P98109	SNX10	7.71118822016667
A_23_P89343	SNX11	9.40804754508333
A_32_P112881	SNX12	8.82463038979167
A_24_P200848	SNX13	8.41552365104167
A_23_P259054	SNX14	10.93931360125
A_24_P206758	SNX15	8.80010318725
A_24_P320880	SNX16	7.072603696875
A_33_P3250068	SNX17	11.18458140625
A_33_P3250128	SNX18	7.53735434325
A_23_P98345	SNX19	9.62402716220833
A_23_P7697	SNX2	10.9384834683333
A_24_P318897	SNX21	6.88638032008333
A_33_P3212172	SNX22	7.27382994929167
A_33_P3702364	SNX24	10.1096095594167
A_23_P18641	SNX25	7.235165946625
A_23_P201238	SNX27	9.29515878283333
A_32_P120604	SNX29	7.18622808504167
A_33_P3345796	SNX3	9.217934591
A_33_P3388948	SNX30	8.776999451375
A_23_P382811	SNX31	4.550296416
A_33_P3388958	SNX32	9.99216854008333
A_23_P254404	SNX33	5.65880365116667
A_23_P72568	SNX4	10.8180476729167
A_23_P131954	SNX5	9.93158618783333
A_23_P54000	SNX6	10.4158720970833
A_23_P35066	SNX7	8.34063074741667
A_23_P414252	SNX8	6.63268760554167
A_24_P179044	SNX9	5.14538509920833
A_24_P216654	SOAT1	4.81487648308333
A_33_P3391419	SOBP	9.12641826620833
A_23_P420196	SOCS1	6.01387419858333
A_23_P128215	SOCS2	11.2479585475
A_23_P207058	SOCS3	6.24136630991667
A_33_P3349334	SOCS4	11.64446836125
A_24_P328492	SOCS5	9.08924231466667
A_24_P367211	SOCS7	5.937062929
A_23_P154840	SOD1	14.4108331120833
A_23_P134176	SOD2	9.99461020179167
A_23_P254741	SOD3	4.39945678666667
A_24_P307964	SOHLH1	4.33652287683333
A_24_P193244	SOHLH2	5.54296146404167
A_24_P67142	SON	7.69101513904167
A_33_P3288329	SORBS1	5.72154080533333
A_23_P121795	SORBS2	8.32052789941667
A_33_P3409625	SORBS3	11.094327975
A_33_P3414192	SORCS1	4.175644284875
A_23_P121665	SORCS2	6.11441500408333
A_33_P3371633	SORCS3	4.51216066316667
A_21_P0011375	SORD	7.43930643608333
A_23_P87049	SORL1	7.45158659429167
A_24_P325520	SORT1	10.8838494841667
A_33_P3356406	SOS1	6.82745191670833
A_23_P117546	SOS2	9.02524908675
A_23_P118571	SOST	4.53733396079167
A_23_P145841	SOSTDC1	3.70854093004167
A_23_P143694	SOX10	4.12159641729167
A_24_P302584	SOX11	14.6972712933333
A_24_P156267	SOX12	8.45130073975
A_33_P3325120	SOX13	6.208407455625
A_23_P80662	SOX14	3.84266200991667
A_23_P164011	SOX15	4.212746058375
A_33_P3226761	SOX18	4.03439938858333
A_24_P756289	SOX2-OT	3.80402097558333
A_23_P85218	SOX3	4.32380485804167
A_33_P3260563	SOX30	4.48695144679167
A_24_P911676	SOX4	10.7880151433333
A_24_P27234	SOX5	6.67212259845833
A_33_P3233916	SOX6	4.90521004054167
A_23_P306987	SOX7	4.34622531841667
A_23_P66137	SOX8	7.62454006541667
A_23_P26847	SOX9	4.56151297920833
A_33_P3330283	SP1	8.46421754370833
A_24_P385611	SP100	7.44875139854167
A_23_P120002	SP110	3.81606585291667
A_23_P209726	SP140	4.365223080375
A_33_P3421703	SP2	5.65888968629167
A_23_P347198	SP3	9.75195298033333
A_33_P3833478	SP3P	4.16957825170833
A_33_P3341716	SP4	8.96005545504167
A_23_P135381	SP5	4.34640967166667
A_33_P3282075	SP6	4.74902845604167
A_33_P3352664	SP7	6.01578502133333
A_33_P3250148	SP8	6.449096047625
A_33_P3383184	SP9	6.32817786554167
A_23_P104876	SPA17	8.81879064845833
A_23_P30649	SPACA1	5.066160014875
A_23_P317244	SPACA3	5.14070733104167
A_33_P3236656	SPACA4	3.989434094875
A_24_P276385	SPACA5	4.93071592245833
A_23_P65302	SPACA7	3.813384892875
A_23_P146066	SPAG1	3.74785585108333
A_23_P416011	SPAG11B	4.04502640958333
A_33_P3346966	SPAG16	7.45958821454167
A_23_P319783	SPAG17	4.63388948395833
A_23_P132027	SPAG4	6.97148828545833
A_23_P89509	SPAG5	8.17463361766667
A_21_P0000880	SPAG5-AS1	4.735356426625
A_24_P21507	SPAG6	5.78657345645833
A_23_P218412	SPAG7	10.0289273174583
A_33_P3410650	SPAG8	4.97189032025
A_24_P8454	SPAG9	8.90324455641667
A_33_P3377609	SPAM1	4.0549378715
A_32_P219660	SPANXA1	4.36359097645833
A_33_P3316387	SPANXA2-OT1	3.84352673425
A_33_P3233608	SPANXB2	4.32436912516667
A_33_P3276653	SPANXN1	3.6182020685
A_33_P3422085	SPANXN2	4.48670576575
A_24_P91830	SPANXN3	4.07928736116667
A_33_P3212959	SPANXN4	4.39479658004167
A_33_P3358363	SPANXN5	3.89440171495833
A_33_P3382924	SPARC	9.0052669135
A_23_P113351	SPARCL1	3.69502544545833
A_24_P941988	SPAST	9.47629231866667
A_24_P220472	SPATA12	3.97394255241667
A_33_P3298105	SPATA13	5.94648814416667
A_33_P3223701	SPATA16	3.68180634604167
A_23_P346912	SPATA17	4.76859055133333
A_23_P407112	SPATA18	4.282552571375
A_23_P430718	SPATA19	3.657671623625
A_23_P210554	SPATA2	7.30493497633333
A_23_P118633	SPATA20	9.06584484116667
A_33_P3273459	SPATA21	4.824751239125
A_23_P101084	SPATA22	3.95145923516667
A_24_P220897	SPATA24	4.11187290383333
A_33_P3394105	SPATA2L	8.91381040754167
A_23_P393025	SPATA4	4.44809310616667
A_33_P3268224	SPATA5	5.11913933795833
A_23_P37424	SPATA5L1	6.77557164895833
A_23_P327483	SPATA6	5.74876767916667
A_33_P3374563	SPATA7	9.59087390129167
A_33_P3366156	SPATA9	4.37018503133333
A_33_P3276450	SPATC1	3.48399740095833
A_23_P312874	SPATS1	3.90220240116667
A_33_P3808996	SPATS2	10.2010474983333
A_33_P3400389	SPATS2L	9.71577069075
A_24_P314571	SPC24	5.17936194625
A_23_P51085	SPC25	6.145675202625
A_23_P29630	SPCS1	11.8699879695833
A_23_P2143	SPCS2	11.1360935195833
A_23_P132936	SPCS3	9.842486210125
A_23_P111194	SPDEF	5.24840988654167
A_33_P3322945	SPDYC	5.10579422429167
A_33_P3249524	SPDYE2	6.02004708108333
A_32_P163458	SPDYE3	4.557812856
A_24_P255986	SPDYE4	4.10130648691667
A_32_P177040	SPDYE5	5.42906499179167
A_32_P202182	SPDYE8P	5.9208825675
A_24_P943095	SPECC1	5.61064630204167
A_32_P203515	SPECC1L	9.47946161333333
A_24_P211420	SPEF1	5.89216150504167
A_23_P252388	SPEF2	4.64536438525
A_33_P3383696	SPEG	9.85820152308333
A_24_P67189	SPEM1	5.0361482475
A_23_P12053	SPEN	9.13822851833333
A_23_P129085	SPESP1	3.49514993166667
A_23_P65699	SPG11	10.2079289945833
A_33_P3352877	SPG20	7.03822122904167
A_19_P00806499	SPG20OS	4.25488336141667
A_23_P147450	SPG21	12.29445301375
A_23_P433990	SPG7	7.04187461729167
A_23_P217938	SPHAR	9.94380871108333
A_33_P3222069	SPHK1	7.74957369795833
A_23_P303181	SPHK2	10.3180805412917
A_23_P428485	SPHKAP	6.46845434775
A_33_P3489646	SPI1	5.25683728166667
A_23_P39067	SPIB	4.0972271425
A_32_P148275	SPIC	3.78669795454167
A_33_P3388006	SPICE1	4.06025782979167
A_24_P72750	SPIN1	10.048833880375
A_24_P194508	SPIN2B	9.479250877125
A_33_P3402823	SPIN3	6.85830747183333
A_33_P3392698	SPIN4	4.79393766875
A_23_P214079	SPINK1	4.47296536395833
A_23_P71880	SPINK4	4.28830013770833
A_33_P3391126	SPINK5	4.27785488066667
A_23_P213832	SPINK7	7.50094360208333
A_33_P3258542	SPINK8	4.095580917375
A_23_P49060	SPINT1	5.65731975016667
A_23_P27795	SPINT2	10.9052778991667
A_33_P3239620	SPINT3	4.985825818875
A_33_P3424302	SPINT4	4.038051024
A_33_P3390357	SPIRE1	9.45456199625
A_33_P3210203	SPIRE2	11.14130271625
A_33_P3404706	SPN	5.414629958
A_24_P339153	SPNS1	9.037257848375
A_24_P8371	SPNS2	11.8948702366667
A_23_P100963	SPNS3	4.50687659216667
A_24_P354689	SPOCK1	6.80591551579167
A_33_P3214948	SPOCK2	9.84931385179167
A_33_P3271156	SPOCK3	6.187728670625
A_23_P121533	SPON2	12.6838401733333
A_24_P270890	SPOP	9.67965612483333
A_24_P551028	SPOPL	8.65260382970833
A_23_P7313	SPP1	3.85566523604167
A_23_P412932	SPP2	4.01506856495833
A_23_P77073	SPPL2A	8.35197066275
A_33_P3389678	SPPL2B	5.838286675125
A_33_P3269359	SPPL3	9.02186045916667
A_23_P68211	SPR	4.89168689008333
A_24_P107859	SPRED1	6.01759769591667
A_32_P225854	SPRED2	8.018943576375
A_33_P3401980	SPRED3	4.48876561608333
A_24_P576506	SPRN	7.96096042625
A_33_P3408244	SPRNP1	8.59082627895833
A_23_P74012	SPRR1A	6.19276318679167
A_23_P159406	SPRR1B	4.6266113585
A_33_P3260426	SPRR2A	4.181469220125
A_33_P3247431	SPRR2B	3.34848667504167
A_23_P126089	SPRR2C	7.90135725116667
A_23_P11644	SPRR2D	6.04435515804167
A_33_P3325704	SPRR2E	5.93678606829167
A_33_P3274811	SPRR2F	6.834351133125
A_33_P3334423	SPRR2G	4.381111786375
A_23_P62709	SPRR3	4.44848554929167
A_23_P422018	SPRR4	4.11167747641667
A_33_P3268910	SPRY1	8.30271011304167
A_23_P128698	SPRY2	9.00963956841667
A_24_P204819	SPRY3	5.922200229125
A_24_P269062	SPRY4	6.65436700541667
A_23_P65129	SPRYD3	8.98645824904167
A_23_P411612	SPRYD4	8.04645229495833
A_23_P368718	SPRYD7	5.59002991183333
A_24_P96961	SPSB1	8.70408410745833
A_33_P3218188	SPSB2	9.277545823
A_23_P330537	SPSB3	10.5054258795833
A_23_P258381	SPSB4	9.9494069795
A_23_P20832	SPTAN1	11.4604565995833
A_23_P65506	SPTB	5.1138456355
A_33_P3258472	SPTBN1	7.10562101229167
A_23_P98282	SPTBN2	9.66058219866667
A_33_P3401459	SPTBN4	7.20691819454167
A_23_P152082	SPTBN5	4.587699421125
A_23_P311192	SPTLC1	7.61131543633333
A_24_P150486	SPTLC2	7.70023388925
A_33_P3415395	SPTLC3	3.91667666116667
A_23_P311150	SPTSSA	10.4760651054167
A_33_P3305617	SPTSSB	5.69742096441667
A_23_P429082	SPTY2D1	5.32332615808333
A_23_P41750	SPZ1	3.97576366608333
A_23_P146284	SQLE	11.6132776358333
A_23_P3221	SQRDL	5.83130179495833
A_23_P81399	SQSTM1	10.64083088625
A_23_P257578	SRA1	8.51823782475
A_23_P39517	SRBD1	7.71491607783333
A_23_P308603	SRC	8.68631331908333
A_23_P394917	SRCAP	6.84483486316667
A_33_P3404844	SRCIN1	8.03692722529167
A_23_P8571	SRCRB4D	10.14416267125
A_23_P30223	SRD5A1	9.07567557504167
A_23_P28186	SRD5A2	4.58212137333333
A_33_P3389023	SRD5A3	5.866491038625
A_23_P129786	SREBF1	9.298784662
A_23_P419602	SREBF2	11.1375880975
A_24_P191833	SREK1	8.31157274475
A_32_P198330	SREK1IP1	7.13948079725
A_24_P337657	SRF	5.59949006533333
A_23_P435002	SRFBP1	7.83509219741667
A_32_P70056	SRG7	3.87318784066667
A_23_P162449	SRGAP1	10.5180873145417
A_23_P200829	SRGAP2	9.63857481520833
A_33_P3441576	SRGAP2P1	7.352583503125
A_23_P358410	SRGAP3	8.617625004625
A_23_P86653	SRGN	3.89699727954167
A_23_P59718	SRI	9.13176553208333
A_33_P3346073	SRL	12.5111765220833
A_23_P74269	SRM	10.3513738158333
A_33_P3236798	SRMS	3.91851026633333
A_23_P14876	SRP14	15.7598940416667
A_24_P388810	SRP19	8.15347076158333
A_23_P162945	SRP54	8.84134826204167
A_23_P118353	SRP68	8.25491732766667
A_23_P337201	SRP72	10.4570580941667
A_24_P66528	SRP9	8.69265440629167
A_23_P19543	SRPK1	11.2497822595833
A_23_P406438	SRPK2	9.652484901
A_23_P125772	SRPK3	7.72786605470833
A_23_P86943	SRPR	8.932059000875
A_23_P80773	SRPRB	10.7923760004167
A_23_P96383	SRPX	5.556990266375
A_23_P136978	SRPX2	4.29975745975
A_23_P141248	SRR	8.41682679795833
A_24_P288954	SRRD	8.30796468425
A_24_P11131	SRRM1	10.4195259658333
A_33_P3353343	SRRM2	9.71679906220833
A_33_P3223825	SRRM3	10.346436402625
A_33_P3393200	SRRM4	10.66610798875
A_21_P0000007	SRRM5	5.02794149358333
A_23_P111487	SRRT	8.4989265385
A_24_P921933	SRSF1	6.96640651841667
A_33_P3303215	SRSF10	9.32719509779167
A_23_P11664	SRSF11	10.3185089229167
A_32_P456318	SRSF12	9.355129680625
A_23_P77776	SRSF2	10.9719703858333
A_33_P3232828	SRSF3	11.7269625516667
A_23_P126197	SRSF4	11.3759660908333
A_23_P377819	SRSF5	12.3171232295833
A_33_P3220530	SRSF6	9.69469397179167
A_24_P222911	SRSF7	9.794527649
A_32_P17635	SRSF8	11.0721955383333
A_24_P390070	SRSF9	11.3946717483333
A_23_P320113	SRXN1	10.0957851354583
A_23_P141738	SS18	10.026205911375
A_23_P423926	SS18L1	9.573125603125
A_23_P166698	SS18L2	12.0313001633333
A_19_P00809558	SSB	11.70918638125
A_23_P31536	SSBP1	11.3049030666667
A_23_P33791	SSBP2	11.0911638720833
A_33_P3284686	SSBP3	9.08380213929167
A_24_P410086	SSBP4	10.1050109474167
A_21_P0000127	SSC5D	6.895232650625
A_23_P102060	SSFA2	8.776403455
A_23_P429560	SSH1	6.560737743875
A_23_P395954	SSH2	7.43777176254167
A_23_P150147	SSH3	6.064117596
A_23_P159476	SSNA1	10.20719577075
A_23_P203920	SSPN	8.54150530275
A_33_P3377060	SSR1	9.840494032125
A_24_P282578	SSR2	11.48363251625
A_24_P319942	SSR3	7.085059704625
A_23_P259172	SSR4	13.03165226125
A_33_P3676515	SSR4P1	6.24639742270833
A_23_P36076	SSRP1	13.2981456129167
A_23_P98261	SSSCA1	9.93739089395833
A_23_P252817	SST	14.3175194683333
A_33_P3352467	SSTR2	9.07858473375
A_23_P68910	SSTR3	8.01821885758333
A_33_P3414267	SSTR4	4.18897837170833
A_23_P77545	SSTR5	4.49484876670833
A_33_P3301541	SSU72	7.89028802020833
A_23_P252023	SSX2	5.017147360625
A_33_P3285809	SSX2IP	7.02990375179167
A_23_P114134	SSX3	6.04029630395833
A_23_P33881	SSX4B	5.01319083695833
A_23_P84359	SSX5	4.600787317
A_23_P396115	SSX7	4.10665753170833
A_23_P431923	SSX8	4.0982910165
A_32_P156892	ST13	10.23062917
A_23_P47282	ST14	6.447535899375
A_23_P31858	ST18	7.18935263529167
A_23_P31896	ST3GAL1	8.66602624541667
A_24_P48177	ST3GAL2	9.77899992033333
A_33_P3405966	ST3GAL3	7.41989739716667
A_33_P3309289	ST3GAL4	6.75855638079167
A_23_P136573	ST3GAL5	9.28420129429167
A_23_P250800	ST3GAL6	3.946283383
A_33_P3265024	ST5	5.82704007908333
A_24_P388528	ST6GAL1	9.09027860079167
A_23_P429425	ST6GAL2	5.70572350483333
A_23_P54968	ST6GALNAC1	4.31582440266667
A_23_P49499	ST6GALNAC2	5.31173549333333
A_33_P3275055	ST6GALNAC3	7.915634920125
A_23_P94736	ST6GALNAC4	8.07882902566667
A_23_P33093	ST6GALNAC5	9.58040072245833
A_24_P141019	ST7	8.98387434479167
A_32_P181297	ST7-AS1	9.61066203720833
A_33_P3365978	ST7-AS2	4.135824548375
A_33_P3291430	ST7-OT4	3.976842330375
A_23_P310582	ST7L	6.66039260766667
A_33_P3380751	ST8SIA1	7.41619280120833
A_24_P664850	ST8SIA2	8.336054186
A_32_P154021	ST8SIA3	10.4276313851667
A_33_P3291484	ST8SIA4	8.43932414845833
A_23_P379789	ST8SIA5	5.29116556470833
A_23_P32500	STAB1	3.74970933266667
A_23_P162607	STAB2	4.2456705815
A_24_P234415	STAC	6.978262961375
A_32_P152195	STAC2	7.27680619779167
A_33_P3220663	STAC3	7.48890917854167
A_23_P357365	STAG1	5.77237291733333
A_33_P3304293	STAG2	6.639581548625
A_23_P145657	STAG3	6.97570709045833
A_24_P374962	STAG3L2	8.40147479775
A_32_P98927	STAG3L4	6.93158067758333
A_23_P1343	STAM	6.97664792666667
A_24_P62860	STAM2	6.92193112808333
A_21_P0014839	STAMBP	8.828941491625
A_23_P385322	STAMBPL1	7.767251832125
A_33_P3365760	STAP1	3.79463938858333
A_23_P382188	STAP2	6.29353301041667
A_23_P8981	STAR	7.50995594783333
A_23_P36345	STARD10	9.260947956
A_23_P342727	STARD13	4.66990961779167
A_33_P3246804	STARD3	11.11569505875
A_33_P3275948	STARD3NL	11.54419573
A_23_P327519	STARD4	7.324263883375
A_23_P158880	STARD5	6.156084049875
A_23_P120237	STARD7	11.5500111558333
A_23_P387630	STARD8	4.64920958429167
A_21_P0011319	STARD9	5.057314617375
A_24_P274270	STAT1	5.89348406570833
A_33_P3213064	STAT2	11.1730892341667
A_23_P100795	STAT3	7.52956129379167
A_23_P68031	STAT4	5.67025091129167
A_23_P207367	STAT5A	5.925789490125
A_33_P3380867	STAT5B	7.57972520445833
A_23_P47879	STAT6	8.50021451979167
A_33_P3265783	STATH	3.71131611816667
A_23_P57059	STAU1	12.1913830570833
A_21_P0013825	STAU2	9.72371126575
A_23_P254079	STBD1	6.20113889791667
A_23_P314755	STC1	4.49000157125
A_23_P416395	STC2	3.95491458783333
A_23_P31453	STEAP1	7.117254958625
A_21_P0000044	STEAP1B	7.94790215695833
A_23_P428260	STEAP2	5.11052696283333
A_24_P200000	STEAP3	6.58277344925
A_33_P3318322	STEAP4	3.950902800875
A_24_P256512	STH	6.90611885175
A_24_P214231	STIL	4.99102939633333
A_23_P53162	STIM1	8.62688834045833
A_23_P81048	STIM2	6.81821540325
A_32_P92783	STIP1	8.99218366575
A_33_P3389153	STK10	9.90869102566667
A_33_P3389148	STK11	10.2438213688333
A_23_P321320	STK11IP	10.6631007575
A_23_P108514	STK16	8.548252611
A_24_P636882	STK17B	4.26829501175
A_21_P0013130	STK19	9.678597583
A_23_P253177	STK24	8.96938216895833
A_23_P252653	STK25	12.2738073970833
A_33_P3231363	STK3	5.79554741845833
A_23_P42784	STK31	5.74381016416667
A_24_P64329	STK32C	7.7723937525
A_23_P127915	STK33	7.50810715708333
A_23_P342600	STK35	4.99942860904167
A_23_P335905	STK36	7.06139047145833
A_23_P390704	STK38	8.883675689375
A_24_P99046	STK38L	6.2821765865
A_24_P19544	STK39	10.1936319359167
A_33_P3222648	STK4	9.10580565558333
A_23_P74229	STK40	12.5242147091667
A_33_P3226735	STL	3.82903963620833
A_19_P00320972	STMN1	8.45094466391667
A_23_P146274	STMN2	16.04228846125
A_24_P678104	STMN3	11.8396689883333
A_23_P31739	STMN4	14.4233051245833
A_24_P141214	STOM	8.04073543079167
A_23_P54376	STOML1	11.6753797733333
A_24_P338145	STOML2	10.2121693055
A_23_P357983	STOML3	4.23645979070833
A_23_P79488	STON1-GTF2A1L	4.33194508758333
A_23_P309837	STON2	7.37792683716667
A_33_P3230011	STOX1	4.83178242325
A_24_P163237	STOX2	12.26569286125
A_24_P65507	STRA13	12.44653626375
A_33_P3307495	STRA6	5.06434228041667
A_33_P3224157	STRADA	7.6214886965
A_33_P3301970	STRADB	9.76591208675
A_23_P13852	STRAP	13.3793316775
A_23_P252155	STRBP	11.8811380416667
A_33_P3357935	STRC	5.03235069916667
A_23_P165521	STRN	7.31097999495833
A_23_P392076	STRN3	5.30036770945833
A_23_P67399	STRN4	11.0121181154167
A_24_P331560	STS	6.42804224433333
A_23_P104734	STT3A	8.67527813058333
A_23_P434473	STT3B	6.38545897979167
A_23_P37870	STUB1	11.8858418466667
A_23_P28090	STX10	8.163274274875
A_23_P156788	STX11	4.69595681083333
A_23_P385206	STX12	12.70971164625
A_33_P3332860	STX16	8.902432697375
A_33_P3269149	STX17	7.54833599508333
A_23_P135616	STX18	9.68887356558333
A_33_P3269208	STX19	4.71048607370833
A_33_P3212456	STX1A	10.6574925688333
A_33_P3326382	STX1B	7.56603143554167
A_24_P364296	STX2	8.83402143079167
A_23_P139143	STX3	6.1500204065
A_23_P256375	STX4	10.236751417875
A_23_P24755	STX5	9.80262245695833
A_24_P639505	STX6	9.844033448125
A_23_P303260	STX7	8.03499011241667
A_23_P146908	STX8	10.6319288929167
A_24_P201171	STXBP1	11.1638392633333
A_33_P3388835	STXBP2	4.09073053179167
A_23_P51996	STXBP3	8.70691924175
A_23_P375566	STXBP4	6.89364094708333
A_23_P82047	STXBP5	6.74909820070833
A_33_P3402694	STXBP5L	7.678282152125
A_23_P205713	STXBP6	6.1202685745
A_23_P13822	STYK1	4.013323476875
A_32_P109794	STYX	8.91953310275
A_23_P111635	STYXL1	9.94807887204167
A_32_P170444	SUB1	10.10858294225
A_23_P117157	SUCLA2	8.81667416741667
A_23_P79545	SUCLG1	9.96026967879167
A_21_P0000093	SUCLG2	4.57311658445833
A_24_P265832	SUCNR1	4.551460852375
A_23_P334990	SUDS3	9.33859530370833
A_23_P425304	SUFU	5.59060978454167
A_23_P119617	SUGP1	8.28783197629167
A_24_P332926	SUGP2	10.4829198808333
A_24_P280706	SUGT1	6.85859595679167
A_21_P0005985	SUGT1P1	7.441230981625
A_24_P135255	SUGT1P3	6.04778154016667
A_23_P43164	SULF1	5.55023670729167
A_23_P154605	SULF2	10.476767304625
A_23_P106773	SULT1A2	5.00653188033333
A_33_P3294901	SULT1A4	9.239270175125
A_23_P51002	SULT1C2	4.27663822720833
A_33_P3391220	SULT1C2P1	4.04597698808333
A_33_P3315564	SULT1C3	4.16997759004167
A_23_P39605	SULT1C4	4.522894826125
A_23_P155786	SULT1E1	4.03662224666667
A_23_P67381	SULT2A1	3.95002139854167
A_23_P107981	SULT2B1	4.08005745591667
A_33_P3353345	SULT4A1	11.93591957125
A_33_P3278755	SULT6B1	4.653100996625
A_23_P69242	SUMF1	5.97961744408333
A_23_P123265	SUMF2	8.28842616941667
A_24_P319354	SUMO1	10.1965630852917
A_32_P223189	SUMO1P3	5.10680760404167
A_23_P118435	SUMO2	12.0154326175
A_23_P102937	SUMO3	10.3890971745833
A_33_P3369663	SUN1	9.16804943254167
A_32_P194115	SUN2	8.551418210125
A_23_P329962	SUN3	4.71896041504167
A_33_P3292198	SUN5	4.70195235608333
A_23_P150857	SUOX	7.94461385204167
A_23_P151634	SUPT16H	7.769232987
A_33_P3347147	SUPT3H	4.99097828979167
A_23_P163942	SUPT4H1	12.2622217595833
A_23_P27840	SUPT5H	11.0048055466667
A_23_P141479	SUPT6H	10.6308295695833
A_24_P282751	SUPT7L	9.521423179375
A_23_P63847	SUPV3L1	7.689656177875
A_33_P3292560	SURF1	11.7294761783333
A_23_P146479	SURF2	10.0956595097083
A_24_P89971	SURF4	7.04216505316667
A_24_P21447	SURF6	7.13917424625
A_23_P216610	SUSD1	7.61026361570833
A_33_P3394793	SUSD2	7.14483367545833
A_23_P401076	SUSD3	5.59294693204167
A_33_P3327657	SUSD4	6.312304245375
A_24_P238131	SUSD5	4.61354203904167
A_23_P422193	SUV39H1	5.43891073133333
A_23_P202392	SUV39H2	8.99137672425
A_23_P217968	SUV420H1	6.8753947875
A_33_P3359473	SUV420H2	7.63484332404167
A_23_P100883	SUZ12	10.5062011479167
A_21_P0000506	SUZ12P	12.2874662495833
A_23_P23728	SV2A	8.530446827875
A_23_P100022	SV2B	10.2458896257917
A_33_P3314301	SV2C	4.76326025283333
A_23_P216596	SVEP1	4.31408290116667
A_23_P35349	SVIL	7.21071115458333
A_24_P111242	SVIP	4.67050758166667
A_23_P112982	SVOP	9.95428723583333
A_23_P307860	SVOPL	4.81886017279167
A_33_P3349651	SWAP70	6.75516898191667
A_23_P392222	SWI5	8.541689403625
A_33_P3367062	SWT1	7.40403784054167
A_23_P83939	SYAP1	8.91741119641667
A_33_P3333054	SYBU	10.9648825895833
A_23_P115805	SYCE1	4.16445457791667
A_33_P3314673	SYCE1L	5.00186036941667
A_32_P203528	SYCE2	4.85682924966667
A_24_P659836	SYCE3	5.61687787370833
A_24_P39928	SYCN	4.540203286625
A_23_P722	SYCP1	5.09523491370833
A_23_P210675	SYCP2	3.764702078875
A_23_P347777	SYCP2L	5.148347783375
A_23_P76374	SYCP3	4.37363762645833
A_23_P101796	SYDE1	4.32738566879167
A_33_P3320994	SYDE2	4.19574985116667
A_33_P3264272	SYF2	6.39060490054167
A_23_P9255	SYK	5.36093453408333
A_33_P3327702	SYMPK	13.0364547570833
A_23_P33847	SYN1	9.27551599716667
A_33_P3317618	SYN2	7.63922712575
A_23_P80295	SYN3	4.540522194875
A_23_P96965	SYNC	9.486788281125
A_32_P8402	SYNCRIP	10.1412578047917
A_23_P251043	SYNDIG1	5.42823471225
A_33_P3335915	SYNE1	6.11694243204167
A_33_P3210278	SYNE2	8.15837837645833
A_33_P3324839	SYNGAP1	5.418128796
A_33_P3284404	SYNGR1	7.09702434233333
A_24_P366526	SYNGR2	8.067207706125
A_23_P88909	SYNGR3	10.2665231731667
A_23_P164927	SYNGR4	8.05802167579167
A_23_P324718	SYNJ1	6.65161863845833
A_24_P294821	SYNJ2	4.85417974670833
A_23_P65357	SYNJ2BP	9.47043291854167
A_24_P104407	SYNM	6.895410377
A_23_P344531	SYNPO	5.71263567066667
A_33_P3390868	SYNPO2	5.16604641145833
A_23_P355517	SYNPO2L	6.97300866191667
A_23_P80718	SYNPR	8.46256631175
A_33_P3307486	SYNRG	5.604575461
A_23_P136936	SYP	9.90105530345833
A_23_P93881	SYPL1	7.551737836375
A_33_P3376095	SYPL2	5.35847241833333
A_33_P3398107	SYS1	8.30327582458333
A_23_P36795	SYT1	9.27363465779167
A_33_P3340525	SYT10	3.84321037083333
A_24_P248240	SYT11	12.0331857758333
A_23_P421306	SYT12	6.01125038841667
A_23_P161659	SYT13	13.71923219125
A_33_P3338634	SYT14	6.748391551
A_24_P109069	SYT15	6.14797210504167
A_24_P143324	SYT16	3.75997534725
A_23_P163697	SYT17	6.1378790185
A_23_P104098	SYT2	6.102754383625
A_23_P55917	SYT3	10.7739016579583
A_23_P208030	SYT4	12.53775207125
A_23_P78849	SYT5	8.17658190095833
A_24_P96897	SYT6	7.9824087415
A_33_P3239185	SYT7	10.0723731545833
A_23_P36187	SYT8	5.01970157258333
A_24_P255471	SYT9	3.84443879029167
A_33_P3266744	SYTL1	6.09623458816667
A_23_P53193	SYTL2	4.593708561875
A_24_P291826	SYTL3	5.67708540408333
A_33_P3241651	SYTL4	3.99880558629167
A_23_P317082	SYTL5	3.830583220625
A_24_P381224	SYVN1	9.73055331345833
A_33_P3373134	SZT2	5.472196171125
A_33_P3709150	T	3.56347119966667
A_23_P70733	TAAR2	5.60173469029167
A_23_P255968	TAAR5	6.17407821570833
A_23_P8269	TAAR8	4.54506981270833
A_23_P168266	TAAR9	3.757901500625
A_23_P80342	TAB1	8.02184643675
A_23_P19702	TAB2	9.43629362608333
A_32_P162150	TAB3	6.18611624858333
A_24_P38290	TAC1	4.121681511625
A_23_P2283	TAC3	4.827338404375
A_33_P3258046	TAC4	3.89205628725
A_33_P3253877	TACC1	6.20167233283333
A_23_P127186	TACC2	12.0148913425
A_23_P212844	TACC3	6.0345838685
A_23_P73142	TACO1	7.663696708
A_24_P148590	TACR1	3.94266132566667
A_23_P24135	TACR2	6.23094328291667
A_23_P149529	TACSTD2	3.884316410875
A_23_P74344	TADA1	8.998700646625
A_23_P66664	TADA2A	6.690557246625
A_24_P687582	TADA2B	6.81528272745833
A_23_P109821	TADA3	12.27452720625
A_23_P11237	TAF1	8.2858415805
A_33_P3257232	TAF10	10.75887949375
A_23_P59202	TAF11	10.81355626625
A_23_P63178	TAF12	10.3695262229167
A_23_P35148	TAF13	8.226401030125
A_23_P159305	TAF15	10.8427817040417
A_23_P74663	TAF1A	7.180973231
A_23_P165891	TAF1B	5.67379898525
A_23_P163546	TAF1C	11.5572854533333
A_24_P261383	TAF1D	8.85589170320833
A_33_P3257457	TAF1L	6.52696347925
A_23_P43248	TAF2	9.238034352375
A_32_P153892	TAF3	7.36830994391667
A_23_P80062	TAF4	8.34900327370833
A_33_P3358626	TAF4B	4.70281257179167
A_23_P52311	TAF5	6.087972226
A_24_P376441	TAF5L	5.305405781375
A_23_P122876	TAF6	10.8310581783333
A_33_P3266080	TAF6L	10.6630640908333
A_23_P81248	TAF7	12.7872002454167
A_23_P217621	TAF7L	4.20605417283333
A_24_P307974	TAF8	6.21786601583333
A_32_P90210	TAF9	10.9020403679167
A_24_P391431	TAF9B	8.59954735666667
A_24_P354724	TAGAP	3.65570766258333
A_23_P87011	TAGLN	6.863644265
A_33_P3319760	TAGLN2	10.8794364429167
A_23_P80817	TAGLN3	12.95429192375
A_23_P63371	TAL1	3.98099266429167
A_23_P409449	TAL2	7.68365851375
A_32_P18258	TALDO1	11.9366710333333
A_32_P755542	TAMM41	9.42637934775
A_32_P135348	TANC1	10.0732454727083
A_24_P942068	TANC2	10.2465616819167
A_23_P154306	TANK	8.39737934866667
A_23_P38457	TAOK1	11.19920615125
A_33_P3346098	TAOK2	8.02860557916667
A_23_P2203	TAOK3	7.896723375625
A_23_P59005	TAP1	3.83112398120833
A_33_P3214650	TAP2	5.97129859570833
A_23_P360291	TAPBP	6.69997237570833
A_23_P36700	TAPBPL	6.33240127516667
A_23_P301372	TAPT1	7.946398977
A_23_P52058	TARBP1	8.752337674
A_23_P87603	TARBP2	9.53207662970833
A_33_P3279920	TARDBP	8.99908002679167
A_33_P3405769	TARM1	3.685911192625
A_33_P3225625	TARP	5.311005140875
A_23_P70168	TARS	11.3610839166667
A_23_P553	TARS2	9.45269748454167
A_23_P129128	TARSL2	6.909631229875
A_23_P160886	TAS1R1	4.70917887104167
A_23_P335957	TAS1R2	3.72205212554167
A_33_P3286973	TAS1R3	6.53986140929167
A_23_P64888	TAS2R10	5.94066997275
A_23_P99080	TAS2R13	3.80181264666667
A_23_P105495	TAS2R14	6.20098330229167
A_23_P340308	TAS2R19	5.42137102491667
A_23_P382794	TAS2R20	4.21213461908333
A_33_P3294951	TAS2R30	7.19454660791667
A_23_P416191	TAS2R31	7.02525387204167
A_23_P20101	TAS2R4	4.65896872533333
A_23_P339652	TAS2R40	4.10855721558333
A_23_P371254	TAS2R43	4.80834137583333
A_23_P303851	TAS2R45	4.3449291045
A_23_P376114	TAS2R46	3.72553164554167
A_23_P252100	TAS2R5	5.51840192041667
A_23_P347029	TAS2R50	5.076139351125
A_23_P367013	TAS2R60	4.242198426625
A_23_P36624	TAS2R7	3.81658574575
A_23_P336506	TAS2R9	4.58527380420833
A_23_P120557	TASP1	7.49955397025
A_24_P330633	TAT	4.32059681166667
A_23_P254978	TATDN1	8.08356538895833
A_23_P57819	TATDN2	8.93981123995833
A_33_P3249773	TATDN3	8.81424531891667
A_24_P95029	TAX1BP1	12.3366258529167
A_23_P38468	TAX1BP3	9.05512423616667
A_23_P62371	TAZ	7.984861541375
A_23_P73023	TBC1D1	7.95109252216667
A_23_P166421	TBC1D10A	8.20972297766667
A_33_P3219197	TBC1D10B	10.333356975125
A_33_P3328559	TBC1D10C	4.86471001316667
A_23_P24215	TBC1D12	7.13401560808333
A_23_P94660	TBC1D13	11.3027660354167
A_23_P155830	TBC1D14	12.27793682
A_23_P139558	TBC1D15	8.97348964470833
A_33_P3241937	TBC1D16	8.430677910875
A_23_P130731	TBC1D17	8.45213704020833
A_23_P136196	TBC1D19	8.84850650708333
A_33_P3216292	TBC1D2	9.35360473625
A_24_P392958	TBC1D20	8.92530986045833
A_23_P408206	TBC1D21	4.57246341083333
A_23_P109593	TBC1D22A	6.13575711720833
A_23_P58983	TBC1D22B	8.37012433416667
A_23_P212728	TBC1D23	9.89175798458333
A_23_P391637	TBC1D24	7.96726801866667
A_23_P159688	TBC1D25	6.96208775325
A_24_P168994	TBC1D26	4.8598321455
A_33_P3235880	TBC1D28	4.23399159904167
A_24_P361427	TBC1D29	3.75593484275
A_23_P396666	TBC1D2B	9.50962710979167
A_33_P3344991	TBC1D3	5.83795063070833
A_32_P206050	TBC1D30	4.52173311141667
A_33_P3388376	TBC1D3B	8.21170115179167
A_21_P0014921	TBC1D3P1-DHX40P1	7.38951593616667
A_21_P0011619	TBC1D3P5	7.54187317308333
A_23_P88095	TBC1D4	6.67050852558333
A_23_P355455	TBC1D5	8.23901106395833
A_23_P111273	TBC1D7	9.22922325458333
A_33_P3309075	TBC1D8	7.50186301008333
A_33_P3318852	TBC1D8B	5.74346427958333
A_23_P41487	TBC1D9	10.6269847425
A_24_P17722	TBC1D9B	11.25602938375
A_33_P3264121	TBCA	14.0602597354167
A_23_P56249	TBCB	9.82071298808333
A_24_P397584	TBCC	9.054423631625
A_23_P121345	TBCCD1	7.33888745629167
A_23_P100602	TBCD	10.8895278008333
A_23_P52147	TBCE	11.0234773
A_23_P410017	TBCEL	8.191177632625
A_23_P133075	TBCK	9.10714849295833
A_23_P44768	TBK1	8.76713219854167
A_23_P130169	TBKBP1	8.89636895229167
A_24_P417162	TBL1X	8.41970900366667
A_33_P3348614	TBL1XR1	8.815950069625
A_23_P114466	TBL1Y	7.22711357133333
A_23_P134395	TBL2	10.111420444125
A_23_P19313	TBP	8.73804717583333
A_23_P168276	TBPL1	10.3682284075
A_24_P21752	TBRG1	7.13895369604167
A_23_P215658	TBRG4	10.5341380345833
A_23_P211345	TBX1	5.38245480016667
A_32_P538017	TBX10	5.48020637608333
A_24_P128442	TBX15	4.79394696845833
A_23_P137705	TBX19	7.64823449829167
A_23_P164451	TBX2	5.15130589383333
A_23_P141555	TBX21	3.748500248875
A_23_P383819	TBX3	4.63539931066667
A_23_P4443	TBX4	4.162854837
A_23_P25176	TBX5	3.85789546920833
A_24_P167970	TBX6	5.06171387904167
A_23_P90357	TBXA2R	6.94621644295833
A_19_P00318418	TBXAS1	5.09508763625
A_24_P68088	TCAM1P	5.17165984925
A_23_P107051	TCAP	8.99869100504167
A_23_P132444	TCEA1	9.49357198775
A_23_P147641	TCEA2	7.97225278120833
A_23_P34375	TCEA3	5.75604255766667
A_23_P73801	TCEAL1	10.0344803460833
A_23_P85140	TCEAL2	8.47361606775
A_21_P0006567	TCEAL3	3.51794570625
A_23_P259166	TCEAL4	12.8158259095833
A_32_P18470	TCEAL5	8.20899118966667
A_33_P3356910	TCEAL6	10.53008242
A_24_P49106	TCEAL7	10.30942891625
A_23_P11331	TCEAL8	9.86182515254167
A_23_P320159	TCEANC	6.17947506279167
A_33_P3267270	TCEANC2	6.77034569704167
A_23_P60028	TCEB1	13.4499026316667
A_23_P100392	TCEB2	11.6575744620833
A_24_P122403	TCEB3	8.36456478895833
A_23_P141706	TCEB3B	3.661211628125
A_23_P315910	TCEB3C	4.69924441120833
A_23_P133365	TCERG1	8.618752409
A_21_P0013733	TCERG1L	4.42256739754167
A_24_P82142	TCF12	9.96415199475
A_23_P254816	TCF15	11.02359745125
A_24_P349965	TCF19	4.0126120205
A_23_P424316	TCF20	8.04844152879167
A_23_P156890	TCF21	3.632731241375
A_24_P237936	TCF23	6.29516194458333
A_33_P3423655	TCF24	3.713828735
A_23_P49220	TCF25	11.28521398
A_24_P365365	TCF3	12.3873046954167
A_23_P27332	TCF4	10.5048877382917
A_23_P7582	TCF7	6.406718544875
A_23_P142872	TCF7L1	5.88093843541667
A_23_P389588	TCF7L2	6.86587267833333
A_33_P3324786	TCFL5	8.03068213470833
A_33_P3381684	TCHH	4.02357342191667
A_33_P3237948	TCHHL1	4.32847418520833
A_23_P151159	TCHP	7.20692262033333
A_33_P3219965	TCIRG1	9.257277620375
A_23_P357717	TCL1A	4.62007048
A_23_P48495	TCL1B	3.461233609375
A_23_P363203	TCL6	3.587906945125
A_23_P64372	TCN1	4.08952669883333
A_23_P40611	TCN2	6.93765515116667
A_33_P3292919	TCOF1	8.30093148345833
A_32_P456537	TCP1	8.28098363175
A_24_P75157	TCP10	3.95250036895833
A_24_P202905	TCP10L	7.18717303658333
A_33_P3387164	TCP11	4.009625248375
A_33_P3209869	TCP11L1	8.114534461625
A_23_P419107	TCP11L2	5.64476459395833
A_23_P58002	TCTA	10.2260177158333
A_32_P203099	TCTE1	5.49381098158333
A_32_P38283	TCTE3	5.20636676404167
A_23_P21162	TCTEX1D2	9.87794105829167
A_33_P3375185	TCTEX1D4	5.519549929625
A_33_P3210965	TCTN1	10.0258462319167
A_23_P64712	TCTN2	5.79878769525
A_32_P2738	TCTN3	6.59694098666667
A_23_P204579	TDG	9.38670291079167
A_23_P366376	TDGF1	5.34210799008333
A_33_P3766959	TDP1	9.311103318
A_23_P8311	TDP2	10.1918931496667
A_33_P3373329	TDRD1	5.129188775875
A_33_P3267250	TDRD10	4.197091477875
A_32_P187617	TDRD3	4.84984754691667
A_32_P536872	TDRD5	4.25305889283333
A_33_P3232965	TDRD6	4.14590589925
A_23_P123672	TDRD7	7.96750730966667
A_32_P208350	TDRD9	4.30361349745833
A_19_P00322096	TDRG1	7.76217129620833
A_23_P46351	TDRKH	6.81711218041667
A_23_P362893	TEAD1	10.3617866824167
A_23_P119344	TEAD2	5.956742012875
A_23_P82000	TEAD3	9.15441349575
A_23_P94795	TEAD4	6.15857292258333
A_32_P194072	TECPR1	10.9561696929167
A_32_P355396	TECPR2	7.04946557504167
A_33_P3372466	TECR	11.7038745041667
A_33_P3345831	TECRL	3.96653726933333
A_23_P375354	TECTA	6.14166695658333
A_23_P97826	TECTB	4.07945303920833
A_24_P151582	TEF	6.67857590266667
A_23_P374695	TEK	3.80265448383333
A_23_P45955	TEKT2	8.20445412295833
A_23_P207245	TEKT3	3.917194341875
A_32_P231179	TEKT4	5.00449483829167
A_33_P3222977	TEKT5	5.14632314104167
A_33_P3287770	TELO2	11.6933790066667
A_33_P3337491	TEN1	8.59967759
A_23_P151297	TENC1	5.11161643029167
A_23_P65481	TEP1	6.74525930083333
A_33_P3415888	TEPP	5.70503270104167
A_33_P3245248	TERC	9.42320604783333
A_24_P50458	TERF1	7.287745031875
A_23_P417200	TERF2	8.65507145195833
A_23_P129704	TERF2IP	13.4755165358333
A_23_P110851	TERT	6.03642589483333
A_23_P111672	TES	5.56651185595833
A_23_P76538	TESC	9.880785782875
A_23_P169178	TESK1	12.5871420175
A_23_P9875	TESK2	4.80151495395833
A_33_P3295550	TET1	9.30607643870833
A_23_P350187	TET2	7.58269067441667
A_23_P112412	TEX10	10.34824097125
A_23_P130906	TEX101	5.36734744095833
A_23_P96501	TEX11	3.851023575375
A_23_P62173	TEX13A	3.779499771
A_23_P73637	TEX13B	4.86736984204167
A_23_P54996	TEX14	4.69839547616667
A_23_P123308	TEX15	4.26138659466667
A_23_P375165	TEX19	4.78143389620833
A_23_P4036	TEX2	9.87279012329167
A_33_P3220822	TEX21P	4.35952610466667
A_33_P3261695	TEX22	4.34844459891667
A_23_P251548	TEX261	8.12271739666667
A_23_P41009	TEX264	8.78788650658333
A_23_P257936	TEX28	4.2239864295
A_23_P212508	TF	4.22513243233333
A_33_P3389188	TFAM	10.2254934765417
A_33_P3378056	TFAP2A	3.48737215591667
A_23_P120472	TFAP2C	4.60171806275
A_23_P386973	TFAP2D	4.32717336125
A_23_P322116	TFAP2E	5.42362714891667
A_23_P93499	TFB1M	9.01737392470833
A_23_P45940	TFB2M	8.87688556079167
A_23_P347528	TFCP2	6.71226803220833
A_23_P5301	TFCP2L1	3.74766129375
A_32_P199301	TFDP1	8.99582032170833
A_33_P3384432	TFDP2	8.10482217291667
A_23_P10518	TFDP3	3.72577691308333
A_33_P3370076	TFE3	8.60432570216667
A_33_P3344618	TFEB	9.045167065625
A_32_P184394	TFEC	3.82576119270833
A_24_P322771	TFF1	6.18913947308333
A_23_P57364	TFF2	4.67886772270833
A_23_P393099	TFF3	4.372837559
A_24_P345822	TFG	10.5357354429167
A_33_P3361027	TFIP11	11.5695954916667
A_33_P3258274	TFPI	3.72539712454167
A_23_P393620	TFPI2	4.08744109579167
A_33_P3419165	TFPT	8.981411362875
A_23_P122896	TFR2	5.91175265995833
A_23_P212617	TFRC	9.22588974320833
A_23_P32454	TG	4.86531048479167
A_23_P65217	TGDS	7.47950285120833
A_23_P377291	TGFA	5.213662226375
A_24_P79054	TGFB1	4.95943051054167
A_33_P3236858	TGFB1I1	7.95071960041667
A_24_P402438	TGFB2	3.85344363220833
A_23_P88404	TGFB3	7.37521647725
A_23_P156327	TGFBI	8.13284437291667
A_33_P3331451	TGFBR1	6.77957612608333
A_23_P211957	TGFBR2	6.23288374316667
A_23_P200780	TGFBR3	4.42976678795833
A_23_P120146	TGFBRAP1	7.36034395641667
A_23_P153197	TGIF1	5.72620258345833
A_23_P79794	TGIF2	5.11070525070833
A_33_P3238978	TGIF2LY	4.08329720720833
A_23_P65618	TGM1	6.41186936204167
A_32_P86763	TGM2	4.01799552508333
A_23_P57118	TGM3	4.13383381666667
A_23_P129291	TGM5	3.509352003
A_33_P3210463	TGM6	4.126883363875
A_23_P117896	TGM7	4.90327010045833
A_23_P209933	TGOLN2	9.17145330833333
A_33_P3337771	TGS1	9.16978429870833
A_33_P3360997	TH	8.471711772625
A_23_P210643	TH1L	10.0455636460417
A_23_P108376	THADA	6.47682873995833
A_23_P134814	THAP1	9.339346985875
A_23_P106391	THAP10	6.781955379625
A_24_P365954	THAP11	8.171670564
A_24_P350437	THAP2	7.71141701179167
A_23_P340890	THAP3	8.863944343
A_23_P84782	THAP4	10.8600721129167
A_24_P23522	THAP5	6.48393697858333
A_24_P268893	THAP6	8.03356713058333
A_23_P109410	THAP7	7.39934146066667
A_23_P404094	THAP7-AS1	5.93176153008333
A_24_P296907	THAP8	8.747858103375
A_33_P3271410	THAP9	7.088512000375
A_24_P142118	THBS1	5.500407875625
A_33_P3365735	THBS2	4.65255684683333
A_23_P201047	THBS3	7.63695689325
A_24_P260443	THBS4	6.95315656204167
A_23_P131074	THEG	5.78189156225
A_21_P0000165	THEG5	3.55001052358333
A_23_P149375	THEM4	7.75129242625
A_33_P3270826	THEM5	4.03180213204167
A_23_P121956	THG1L	6.88637302704167
A_33_P3331601	THNSL1	8.05079223241667
A_23_P259207	THNSL2	4.50524500754167
A_23_P78372	THOC1	6.65961310579167
A_33_P3235690	THOC2	8.53486368366667
A_33_P3336642	THOC3	9.29352570454167
A_23_P152984	THOC4	9.61459094616667
A_23_P109470	THOC5	9.4132803635
A_23_P37949	THOC6	6.75730817791667
A_32_P136402	THOC7	11.3233614208333
A_23_P28057	THOP1	11.8168518408333
A_24_P377124	THPO	4.57899006529167
A_23_P207742	THRA	11.0614083658333
A_21_P0012374	THRAP3	8.48978557041667
A_23_P363954	THRSP	4.57169805125
A_33_P3291092	THSD1	7.13400879366667
A_21_P0011187	THSD1P1	5.06268327375
A_33_P3240693	THSD4	4.01644221370833
A_24_P400324	THSD7A	12.3733983558333
A_32_P308595	THSD7B	10.68858575
A_23_P54041	THTPA	9.57938732958333
A_24_P90878	THUMPD1	7.73226036566667
A_33_P3424384	THUMPD2	6.367104567875
A_23_P212213	THUMPD3	9.22060010333333
A_33_P3280845	THY1	3.66869234525
A_23_P24633	THYN1	10.6253599758333
A_24_P405430	TIA1	10.511869615
A_33_P3293869	TIAL1	8.16520614533333
A_33_P3381751	TIAM1	11.1519711258333
A_33_P3282374	TIAM2	7.01056703258333
A_23_P90311	TICAM1	7.62249667954167
A_23_P352619	TIFA	3.81376275225
A_23_P120170	TIGD1	8.16626940720833
A_32_P20523	TIGD2	6.46010296079167
A_33_P3336113	TIGD3	7.26382439729167
A_23_P370684	TIGD4	4.21863111275
A_33_P3336103	TIGD5	8.079485749
A_24_P337419	TIGD6	5.19560472675
A_23_P129577	TIGD7	6.90564058745833
A_33_P3235213	TIGIT	3.83912349491667
A_33_P3236020	TIMD4	3.62872858225
A_23_P53276	TIMELESS	9.92174753858333
A_23_P64343	TIMM10	10.59786290125
A_33_P3413845	TIMM13	7.03788111025
A_23_P126970	TIMM17A	12.2394467429167
A_33_P3380742	TIMM17B	12.9577134704167
A_23_P55468	TIMM22	9.311959657875
A_33_P3403361	TIMM23	10.8664840266667
A_23_P119214	TIMM44	9.50535361741667
A_23_P415882	TIMM50	9.32802711175
A_21_P0000013	TIMM8A	7.01196777954167
A_23_P98382	TIMM8B	12.2562333470833
A_23_P76918	TIMM9	11.6234489029167
A_23_P18413	TIMMDC1	12.9480943983333
A_23_P62115	TIMP1	5.62565195579167
A_33_P3382177	TIMP2	14.8021187833333
A_23_P399078	TIMP3	4.22866065983333
A_32_P70315	TIMP4	4.0790725625
A_23_P168329	TINAG	4.04273831479167
A_33_P3355266	TINAGL1	11.4495689420833
A_33_P3372941	TINF2	11.8277461945833
A_33_P3305620	TIPARP	6.71250564825
A_23_P99930	TIPIN	8.48355048895833
A_33_P3407675	TIPRL	11.0893147408333
A_33_P3252719	TIRAP	5.55282850479167
A_23_P81811	TJAP1	8.55581596520833
A_24_P193435	TJP1	8.48541100883333
A_23_P9293	TJP2	6.40947931666667
A_23_P108157	TJP3	4.66234016133333
A_23_P107421	TK1	6.40688618854167
A_23_P92082	TKT	14.3329399691667
A_23_P259901	TKTL1	4.9970897565
A_33_P3274955	TKTL2	4.37264458254167
A_23_P420417	TLCD1	8.00077975025
A_33_P3345210	TLCD2	3.78652832041667
A_33_P3210180	TLE1	7.71869149979167
A_23_P153676	TLE2	4.46947585420833
A_23_P342934	TLE3	7.25006052058333
A_33_P3302681	TLE4	6.92943299566667
A_33_P3400147	TLE6	5.154997455625
A_24_P282762	TLK1	4.69689337391667
A_33_P3399028	TLK2	7.85145044166667
A_21_P0000156	TLL1	4.016270842875
A_23_P436158	TLL2	3.838584844375
A_33_P3282898	TLN1	6.06038913529167
A_33_P3264815	TLN2	8.90030628179167
A_23_P10873	TLR1	3.873388534375
A_33_P3383970	TLR10	3.99462562558333
A_23_P92499	TLR2	3.81335241295833
A_23_P29922	TLR3	3.54691754266667
A_24_P69538	TLR4	4.11569769595833
A_23_P85903	TLR5	6.374580252
A_23_P256561	TLR6	3.73887676245833
A_23_P85240	TLR7	3.97239048391667
A_33_P3780311	TLR8-AS1	3.70969719720833
A_33_P3380807	TLR9	5.30624607266667
A_23_P24031	TLX1	3.95620114304167
A_23_P389987	TLX2	9.944978531875
A_33_P3311181	TLX3	5.288343848375
A_23_P148959	TM2D1	9.60853700141667
A_23_P502678	TM2D2	9.39882286358333
A_24_P193498	TM2D3	8.09833351170833
A_32_P231617	TM4SF1	3.95220992829167
A_24_P120251	TM4SF18	3.7918916705
A_23_P372946	TM4SF19	3.61819116420833
A_23_P114008	TM4SF20	3.526110629375
A_33_P3256810	TM4SF4	4.064242058125
A_23_P27107	TM4SF5	3.92209710025
A_33_P3310784	TM6SF1	4.70464922270833
A_23_P142403	TM6SF2	5.71661863045833
A_23_P116037	TM7SF2	10.3815986316667
A_32_P52816	TM7SF3	8.88395929070833
A_23_P43107	TM7SF4	3.94968189120833
A_33_P3217028	TM9SF1	8.39826857883333
A_24_P210399	TM9SF2	10.2903495320833
A_24_P309360	TM9SF3	8.84811963216667
A_24_P14531	TM9SF4	9.92237426183333
A_23_P79331	TMBIM1	4.463968207875
A_33_P3223544	TMBIM4	8.197676626125
A_23_P204702	TMBIM6	11.7228160829167
A_23_P322735	TMC1	4.34947788475
A_23_P305527	TMC2	4.692242632375
A_33_P3318681	TMC3	3.87031943429167
A_23_P330461	TMC4	5.047130879125
A_23_P101013	TMC6	6.561757345
A_23_P140928	TMC7	4.81216507658333
A_23_P346093	TMC8	4.06637636783333
A_32_P41065	TMCC1	10.8184262016667
A_24_P305933	TMCC3	8.78296530641667
A_23_P355067	TMCO1	10.1399107904583
A_32_P87649	TMCO2	3.93425621666667
A_33_P3247255	TMCO3	8.70003988395833
A_33_P3291541	TMCO4	4.648786662125
A_23_P144639	TMCO6	8.455871275125
A_33_P3352782	TMCO7	7.49007462095833
A_24_P164731	TMED1	7.68358695883333
A_24_P917833	TMED10	11.4519849841667
A_33_P3301174	TMED2	12.14476125375
A_23_P26173	TMED3	10.8185323225
A_24_P163537	TMED4	9.42987111329167
A_23_P86002	TMED5	8.41564964666667
A_23_P26570	TMED6	4.25603599116667
A_32_P123088	TMED7-TICAM2	6.965532316375
A_33_P3346157	TMED8	5.25339729354167
A_23_P70127	TMED9	10.5626259204167
A_23_P125383	TMEFF2	11.1684977979167
A_23_P15450	TMEM100	8.06414612254167
A_23_P15516	TMEM101	8.140242221875
A_23_P334892	TMEM102	6.73003235458333
A_24_P284324	TMEM104	8.04233701604167
A_32_P919718	TMEM105	6.10161134720833
A_33_P3370305	TMEM106A	3.87489299808333
A_23_P48175	TMEM106C	11.2221329908333
A_24_P284353	TMEM107	9.72247545895833
A_33_P3327462	TMEM108	5.55129171408333
A_24_P47467	TMEM109	5.360905783875
A_23_P107036	TMEM11	10.95514414
A_33_P3303577	TMEM110	8.522751350875
A_23_P69226	TMEM111	8.98235241008333
A_33_P3222947	TMEM114	4.32219101795833
A_23_P6869	TMEM115	8.34058188604167
A_23_P105619	TMEM116	9.139159072
A_23_P2573	TMEM117	9.66493313525
A_33_P3395605	TMEM119	5.93981269166667
A_23_P259632	TMEM120A	10.187632290875
A_33_P3403598	TMEM120B	6.66396298095833
A_33_P3411632	TMEM121	10.2470777957917
A_24_P309415	TMEM123	7.00481129675
A_23_P115022	TMEM125	5.0480913055
A_23_P13524	TMEM126A	10.7547446820833
A_23_P2129	TMEM126B	10.0891210829167
A_24_P80181	TMEM127	10.3606085914167
A_21_P0011813	TMEM128	9.09541341654167
A_23_P354175	TMEM129	6.07645918404167
A_23_P349966	TMEM130	11.5564861420833
A_23_P368558	TMEM131	9.3867137925
A_23_P24716	TMEM132A	15.0655543604167
A_24_P6626	TMEM132B	5.77892489775
A_23_P151232	TMEM132C	3.84752879766667
A_33_P3287108	TMEM132E	7.59226320166667
A_23_P161522	TMEM134	9.418871301
A_24_P181101	TMEM135	5.84033280704167
A_23_P329890	TMEM136	8.3912041115
A_23_P24723	TMEM138	8.21455519858333
A_23_P42909	TMEM139	3.59513701004167
A_24_P372134	TMEM140	4.84260327008333
A_23_P94591	TMEM141	11.2545268595833
A_24_P412976	TMEM143	10.1053565480417
A_23_P67127	TMEM145	11.33667225375
A_33_P3335257	TMEM146	5.01546874108333
A_23_P79043	TMEM147	12.2521797904167
A_23_P42080	TMEM14A	10.6687876154167
A_21_P0010885	TMEM14B	10.3120587413333
A_23_P111288	TMEM14C	12.1524808629167
A_24_P932416	TMEM14E	4.20752418529167
A_24_P291401	TMEM150A	6.966526769
A_23_P110412	TMEM150C	4.83175672791667
A_23_P354217	TMEM151A	9.71528892179167
A_33_P3274129	TMEM151B	8.60987630408333
A_33_P3314031	TMEM154	3.643646222375
A_23_P369899	TMEM158	9.394377381
A_23_P406131	TMEM159	8.03326997104167
A_23_P107994	TMEM160	11.5755962316667
A_33_P3320368	TMEM161A	11.0163786558333
A_23_P156355	TMEM161B	9.17508518975
A_23_P39550	TMEM163	11.11190116
A_33_P3423740	TMEM164	6.85714811358333
A_24_P43391	TMEM165	6.21495851229167
A_21_P0009685	TMEM167A	8.87283462291667
A_32_P73217	TMEM167B	7.55119138645833
A_24_P414952	TMEM168	6.941065214
A_24_P929388	TMEM169	9.708484775125
A_32_P206949	TMEM17	6.12934752566667
A_23_P100517	TMEM170A	8.806805586125
A_32_P178966	TMEM170B	8.40115906608333
A_32_P110390	TMEM171	4.95303324366667
A_23_P61371	TMEM173	5.43091055175
A_23_P344594	TMEM174	5.42724346829167
A_33_P3293266	TMEM175	10.8982184420833
A_23_P252082	TMEM176A	10.4192663535417
A_23_P157007	TMEM176B	9.83764465833333
A_23_P5339	TMEM177	7.13452035258333
A_24_P93206	TMEM179	6.11501074058333
A_24_P161959	TMEM179B	7.63453784825
A_24_P385585	TMEM18	7.80765936025
A_23_P337729	TMEM180	7.90960353079167
A_23_P331943	TMEM181	9.398389775375
A_33_P3252369	TMEM182	7.86466742570833
A_23_P149664	TMEM183B	10.3468866820833
A_33_P3334205	TMEM184A	4.412770656375
A_23_P17870	TMEM184B	12.44355765625
A_23_P18739	TMEM184C	7.37493362120833
A_23_P255601	TMEM185A	9.13733017795833
A_23_P119789	TMEM185B	6.692345911125
A_23_P26687	TMEM186	8.44118385741667
A_23_P85180	TMEM187	7.73251862841667
A_23_P397417	TMEM188	7.95123549608333
A_33_P3259801	TMEM189	8.179819939625
A_33_P3407945	TMEM19	7.99785526016667
A_23_P107775	TMEM190	7.24803957570833
A_23_P166336	TMEM191A	9.60561673183333
A_24_P787889	TMEM191B	7.13179375475
A_33_P3407700	TMEM192	6.04014359883333
A_24_P126628	TMEM194A	6.45493160758333
A_33_P3364626	TMEM194B	4.70671800029167
A_23_P416821	TMEM196	3.790492480375
A_24_P822704	TMEM198	9.18724547508333
A_33_P3390708	TMEM2	6.85010634495833
A_32_P40288	TMEM200A	8.965275779875
A_32_P77098	TMEM200B	4.01812211558333
A_33_P3292525	TMEM201	8.40600422241667
A_23_P26062	TMEM202	3.93903944775
A_23_P136238	TMEM203	9.79278241925
A_33_P3282556	TMEM204	4.412034555
A_23_P90099	TMEM205	12.5427377308333
A_23_P717	TMEM206	9.887836296625
A_33_P3270996	TMEM207	3.810122285375
A_23_P206369	TMEM208	11.01602645625
A_23_P122805	TMEM209	9.10959607291667
A_33_P3233784	TMEM211	5.80947365125
A_33_P3363341	TMEM212	4.27714752658333
A_24_P706953	TMEM213	5.166807980375
A_33_P3222937	TMEM214	10.99665061125
A_33_P3367780	TMEM215	4.10199163725
A_33_P3221868	TMEM216	8.34966765083333
A_23_P334870	TMEM217	4.77216537891667
A_23_P1676	TMEM218	9.43558347058333
A_23_P77562	TMEM219	9.788377451125
A_24_P371281	TMEM22	9.432570948375
A_21_P0011774	TMEM221	5.66944847908333
A_33_P3259722	TMEM222	9.51965778620833
A_23_P1956	TMEM223	9.86353442125
A_24_P695306	TMEM229A	4.408203882625
A_23_P336239	TMEM229B	6.13313657729167
A_24_P381975	TMEM231	4.74496295875
A_32_P489986	TMEM232	5.3800936415
A_33_P3441021	TMEM233	5.74660940833333
A_23_P200396	TMEM234	7.40967872504167
A_33_P3333267	TMEM235	4.40018792416667
A_33_P3271684	TMEM236	4.03814006395833
A_23_P370097	TMEM237	9.78878812620833
A_33_P3362153	TMEM238	9.829294221875
A_33_P3232871	TMEM239	3.73518667495833
A_23_P203115	TMEM25	9.542254107125
A_23_P33984	TMEM27	4.71570819516667
A_33_P3244669	TMEM30A	10.328186962
A_32_P129752	TMEM30B	3.79845180558333
A_21_P0000560	TMEM30C	4.503469843
A_23_P352717	TMEM31	5.84363753545833
A_24_P191790	TMEM33	4.555609586625
A_23_P45324	TMEM35	10.7152267766667
A_33_P3289296	TMEM37	4.95412998191667
A_23_P101392	TMEM38A	9.38462498454167
A_23_P60259	TMEM38B	6.168167923125
A_23_P84334	TMEM39A	6.81876370770833
A_23_P34496	TMEM39B	10.5651413291667
A_33_P3391418	TMEM40	5.892574741125
A_23_P80832	TMEM41A	5.568649062875
A_32_P173058	TMEM41B	8.25836625745833
A_23_P29836	TMEM42	11.0543180841667
A_23_P121196	TMEM43	9.61054909320833
A_23_P428842	TMEM44	8.09843531495833
A_33_P3344831	TMEM45A	4.62241920320833
A_23_P1682	TMEM45B	3.88404748154167
A_24_P143171	TMEM47	3.755251734125
A_23_P73982	TMEM48	6.910741724375
A_23_P2446	TMEM5	9.28136069029167
A_24_P113824	TMEM50A	11.2678523616667
A_24_P305623	TMEM50B	10.56698746
A_33_P3363560	TMEM51	6.80297537408333
A_33_P3251073	TMEM52	9.00607958670833
A_33_P3332396	TMEM53	6.140717832125
A_33_P3230219	TMEM54	9.59540421795833
A_23_P422083	TMEM55A	12.4558134983333
A_23_P48610	TMEM55B	11.2567181358333
A_23_P314805	TMEM56	4.894458254875
A_21_P0000145	TMEM56-RWDD3	6.80900285366667
A_23_P170290	TMEM57	9.169853444
A_23_P103282	TMEM59	12.3641944908333
A_33_P3302245	TMEM59L	12.3028753366667
A_24_P166661	TMEM60	9.815399033875
A_23_P11629	TMEM61	4.50872847966667
A_23_P49041	TMEM62	7.50951202195833
A_23_P200489	TMEM63A	3.82519994520833
A_23_P167856	TMEM63B	8.2093711815
A_33_P3406661	TMEM63C	11.4629204675
A_23_P378690	TMEM64	7.791289048
A_33_P3494748	TMEM65	8.07461619254167
A_33_P3349521	TMEM66	13.8337211379167
A_23_P429581	TMEM67	4.72121690383333
A_23_P136172	TMEM68	8.31610931025
A_23_P104151	TMEM69	9.71678157904167
A_33_P3240843	TMEM71	4.30763544245833
A_24_P704446	TMEM72	3.74154360754167
A_33_P3722782	TMEM72-AS1	4.20394425458333
A_23_P390139	TMEM74	7.060420183
A_23_P149259	TMEM79	7.16622379191667
A_23_P332960	TMEM80	10.5990130479167
A_23_P46690	TMEM81	7.280847868625
A_33_P3326553	TMEM82	8.32847660795833
A_23_P106481	TMEM85	11.4570963695833
A_32_P66035	TMEM86A	5.33773267983333
A_24_P121956	TMEM86B	8.38185951533333
A_33_P3247659	TMEM87A	7.07414825533333
A_23_P91076	TMEM87B	5.43967432804167
A_23_P77859	TMEM88	10.1317711697917
A_33_P3340862	TMEM88B	14.3303227404167
A_23_P121282	TMEM89	4.97122882829167
A_23_P140907	TMEM8A	9.950560235125
A_33_P3266828	TMEM8B	9.55103081570833
A_33_P3277611	TMEM8C	9.35097073166667
A_23_P114952	TMEM9	10.6825752004167
A_33_P3363620	TMEM91	8.08530404933333
A_32_P106194	TMEM92	4.01588301133333
A_23_P78134	TMEM93	11.35355865125
A_24_P307289	TMEM95	7.92229031091667
A_24_P190168	TMEM97	10.8873331516667
A_23_P27035	TMEM98	9.866850240875
A_33_P3407985	TMEM99	8.01471944204167
A_23_P162087	TMEM9B	13.1119864475
A_33_P3405531	TMF1	7.027771559875
A_33_P3261408	TMIE	5.386785642875
A_33_P3368776	TMIGD1	3.978716657125
A_33_P3415698	TMIGD2	5.24365139533333
A_24_P40529	TMLHE	6.344733137875
A_23_P112289	TMOD1	7.33592968716667
A_23_P48803	TMOD2	8.300154910625
A_23_P65674	TMOD3	8.57082513716667
A_23_P126605	TMOD4	4.97895478320833
A_33_P3412613	TMPO	6.05434804079167
A_33_P3405763	TMPPE	5.168406536
A_33_P3217845	TMPRSS11A	3.84305432041667
A_33_P3403474	TMPRSS11BNL	3.802319856375
A_33_P3292650	TMPRSS11F	4.509255184375
A_23_P435477	TMPRSS13	4.09859994695833
A_23_P102864	TMPRSS15	4.22171159929167
A_23_P29067	TMPRSS2	5.27118380133333
A_23_P80162	TMPRSS3	4.86220897325
A_33_P3216610	TMPRSS4	4.20929639941667
A_33_P3286923	TMPRSS5	4.42067131
A_23_P211493	TMPRSS6	4.72760553225
A_33_P3361891	TMPRSS7	5.35234028245833
A_33_P3367939	TMPRSS9	4.27956142808333
A_23_P68106	TMSB10	15.5364881566667
A_23_P137173	TMSB15A	12.8377821120833
A_23_P96599	TMSB15B	4.76067889345833
A_24_P374516	TMSB4X	13.5254326354167
A_33_P3814473	TMSB4XP1	3.58470693141667
A_33_P3249364	TMTC1	5.93201879445833
A_23_P382705	TMTC2	10.5140819045833
A_24_P944222	TMTC3	6.298074574125
A_23_P65230	TMTC4	12.29531978625
A_33_P3268763	TMUB1	13.3897552654167
A_23_P36647	TMUB2	10.0931941467083
A_23_P76951	TMX1	11.2879098475
A_23_P104942	TMX2	10.2569977540417
A_33_P3252141	TMX3	9.64804672445833
A_24_P942517	TMX4	10.2646057209583
A_23_P157865	TNC	7.84361782316667
A_23_P376488	TNF	3.84612827170833
A_23_P38446	TNFAIP1	12.7579836383333
A_23_P421423	TNFAIP2	7.531537180125
A_24_P157926	TNFAIP3	5.13291196483333
A_23_P165624	TNFAIP6	4.04004963
A_32_P219520	TNFAIP8	4.826995283
A_33_P3220437	TNFAIP8L1	10.7461512464583
A_23_P46356	TNFAIP8L2	3.65457426108333
A_23_P255653	TNFRSF10A	3.900348686
A_24_P218265	TNFRSF10B	11.41740164
A_23_P256724	TNFRSF10C	3.93739914116667
A_33_P3326588	TNFRSF10D	5.80290345825
A_23_P71530	TNFRSF11B	4.10971620825
A_23_P49338	TNFRSF12A	7.224274011375
A_23_P84705	TNFRSF13B	3.995428348
A_23_P91764	TNFRSF13C	4.74365642570833
A_23_P126908	TNFRSF14	5.577175733
A_24_P411121	TNFRSF18	4.62454530558333
A_33_P3321055	TNFRSF19	6.29236868179167
A_23_P139722	TNFRSF1A	5.515492447375
A_33_P3322274	TNFRSF1B	4.2961959595
A_23_P30666	TNFRSF21	11.9099558016667
A_33_P3234530	TNFRSF25	7.89035516279167
A_33_P3286157	TNFRSF4	4.45405419625
A_33_P3305571	TNFRSF6B	6.028159086
A_23_P500614	TNFRSF8	4.8651780675
A_23_P51936	TNFRSF9	4.698803822875
A_23_P121253	TNFSF10	4.304658841625
A_23_P99386	TNFSF11	4.39011901395833
A_33_P3406623	TNFSF12	4.45702787183333
A_23_P152620	TNFSF13	3.74549066141667
A_23_P14174	TNFSF13B	5.41884895741667
A_24_P237036	TNFSF14	3.84776410566667
A_23_P94754	TNFSF15	4.04347113625
A_23_P115444	TNFSF18	3.63585697920833
A_23_P126836	TNFSF4	4.89287974104167
A_23_P169257	TNFSF8	4.16813387520833
A_33_P3397763	TNFSF9	6.02565374108333
A_21_P0000547	TNIK	7.603701591625
A_23_P30435	TNIP1	8.05584788395833
A_23_P258418	TNIP2	7.68024963708333
A_23_P386478	TNIP3	4.20268106579167
A_33_P3388618	TNK1	5.85306250933333
A_23_P61633	TNK2	8.13763622075
A_32_P144596	TNKS	10.0996269359583
A_33_P3365732	TNKS1BP1	7.192419411625
A_23_P12620	TNKS2	7.97981809683333
A_23_P125588	TNMD	3.95571680875
A_32_P480177	TNN	4.45933358329167
A_23_P166823	TNNC1	8.588984875875
A_23_P131825	TNNC2	11.5390869232083
A_33_P3362831	TNNI1	5.83545041595833
A_23_P24784	TNNI2	7.75099646120833
A_23_P67453	TNNI3	8.97476696991667
A_24_P415680	TNNI3K	3.69898964541667
A_33_P3397865	TNNT1	12.4169327141667
A_23_P34700	TNNT2	NA
A_23_P127824	TNNT3	8.36862656458333
A_23_P165504	TNP1	4.00947422870833
A_33_P3242304	TNP2	5.7169462215
A_21_P0011577	TNPO1	11.62352401875
A_33_P3423300	TNPO2	12.9891021404167
A_33_P3370132	TNPO3	7.67298863745833
A_23_P45864	TNR	5.60349482133333
A_33_P3209214	TNRC18	8.19925713620833
A_23_P349310	TNRC6A	10.3122019995833
A_23_P6490	TNRC6B	9.83419530779167
A_33_P3302428	TNRC6C	8.56263821633333
A_33_P3209491	TNS1	6.12153184791667
A_24_P346431	TNS3	4.94847118341667
A_23_P207850	TNS4	4.31313468245833
A_33_P3364571	TNXB	5.69785802895833
A_23_P164179	TOB1	8.25698953875
A_32_P179676	TOB2	7.97686799429167
A_33_P3348011	TOB2P1	6.309550369125
A_24_P19828	TOE1	7.448841479125
A_33_P3385101	TOLLIP	12.0301148095833
A_33_P3751889	TOM1	11.4857237658333
A_23_P118493	TOM1L1	4.90991775483333
A_23_P141180	TOM1L2	7.95484443170833
A_24_P393838	TOMM20	11.8364992833333
A_24_P117942	TOMM20L	8.12225934116667
A_23_P80336	TOMM22	10.1093567245417
A_33_P3321711	TOMM34	9.14872659416667
A_21_P0000006	TOMM40	9.120820406
A_23_P845	TOMM40L	9.83639298783333
A_32_P75299	TOMM5	11.77990952875
A_23_P214474	TOMM6	11.7243433416667
A_23_P93844	TOMM7	13.6104344041667
A_23_P144264	TOMM70A	8.42618443904167
A_23_P216355	TONSL	6.214169391375
A_33_P3371493	TOP1	8.47832538670833
A_24_P248053	TOP1MT	8.71791307779167
A_24_P374382	TOP1P2	7.70894113595833
A_23_P118834	TOP2A	4.77232301983333
A_23_P121095	TOP2B	12.359530975
A_23_P15829	TOP3A	7.18151865191667
A_33_P3312366	TOP3B	7.64591620504167
A_23_P159390	TOPBP1	8.46172060091667
A_23_P32217	TOPORS	8.2610628315
A_33_P3313889	TOR1A	8.62213423691667
A_24_P267997	TOR1AIP1	6.62681163175
A_23_P390722	TOR1AIP2	6.58989835133333
A_23_P94703	TOR1B	8.87307723741667
A_33_P3275835	TOR2A	10.0810151817917
A_23_P115316	TOR3A	6.81963808625
A_23_P154566	TOX2	8.237278906375
A_23_P54681	TOX3	7.52218803933333
A_23_P404134	TOX4	11.0707244366667
A_23_P26810	TP53	5.00850000845833
A_23_P340171	TP53AIP1	4.706959422125
A_23_P88703	TP53BP1	10.8210815041667
A_23_P12526	TP53BP2	10.0109702329583
A_24_P160969	TP53I11	10.079044945
A_33_P3274199	TP53I13	8.68995305395833
A_23_P5392	TP53I3	10.9183947441667
A_23_P168882	TP53INP1	8.753862690375
A_24_P357465	TP53INP2	9.44425204316667
A_23_P109055	TP53RK	7.72600790691667
A_23_P145895	TP53TG1	8.35058728329167
A_24_P227971	TP53TG3	6.38787430941667
A_23_P120428	TP53TG5	4.10967323479167
A_24_P273756	TP63	4.215432994375
A_24_P413470	TP73	4.81003447691667
A_33_P3317948	TP73-AS1	7.508997983125
A_23_P59261	TPBG	5.53190685608333
A_23_P218086	TPCN1	6.87649095841667
A_33_P3264612	TPCN2	6.74992701154167
A_33_P3418838	TPD52	7.74381204983333
A_23_P31143	TPD52L1	5.50669982175
A_23_P131771	TPD52L2	7.93280796616667
A_33_P3284212	TPD52L3	3.460985850125
A_23_P150595	TPH1	3.729228303375
A_24_P129834	TPH2	4.74241976095833
A_32_P95739	TPI1	13.17250565
A_24_P358328	TPI1P2	12.7276517066667
A_23_P145957	TPK1	6.67370708404167
A_24_P44462	TPM1	9.33291996375
A_33_P3270599	TPM2	9.6708325565
A_24_P211206	TPM3	9.19848015170833
A_24_P82880	TPM4	9.884145477625
A_33_P3317321	TPMT	8.82722354229167
A_33_P3260014	TPO	4.41859280929167
A_24_P38815	TPP1	8.95190636066667
A_23_P99424	TPP2	6.9723169105
A_33_P3371999	TPPP	11.85568886125
A_23_P117464	TPPP2	4.60207745308333
A_23_P26386	TPPP3	12.3842429233333
A_24_P179611	TPR	7.96519891170833
A_33_P3399373	TPRA1	8.97005207720833
A_23_P339773	TPRG1L	8.70123714325
A_23_P5757	TPRKB	10.0371466989167
A_33_P3297923	TPRN	11.22088885125
A_24_P323997	TPRX1	4.7015845265
A_24_P203328	TPRXL	4.073869283875
A_23_P37702	TPSAB1	3.72259220091667
A_23_P140716	TPSD1	3.46784789775
A_23_P26294	TPSG1	11.8766301433333
A_23_P145965	TPST1	11.29971956875
A_23_P132226	TPST2	8.43546083629167
A_24_P179351	TPT1	12.2602782066667
A_33_P3247392	TPTE	6.36038570691667
A_24_P118052	TPTE2	5.77186552929167
A_33_P3246635	TPTE2P1	5.57398082545833
A_32_P48134	TPTE2P3	4.12697516108333
A_32_P89827	TPTE2P6	7.620998282
A_23_P68610	TPX2	7.188869864625
A_23_P31389	TRA2A	8.13336844858333
A_23_P212639	TRA2B	10.6737352429167
A_33_P3862354	TRABD	6.64745367554167
A_23_P54649	TRADD	10.0156578734167
A_24_P89891	TRAF1	4.33874566379167
A_33_P3803639	TRAF2	8.172351017375
A_23_P37068	TRAF3	3.86555573725
A_32_P170003	TRAF3IP1	8.597870865625
A_33_P3343428	TRAF3IP2	5.52790606204167
A_21_P0000637	TRAF3IP2-AS1	7.02014870204167
A_33_P3281403	TRAF3IP3	4.1837469275
A_33_P3402035	TRAF4	10.8136845983333
A_23_P201731	TRAF5	8.90647600204167
A_23_P75921	TRAF6	7.23218515683333
A_24_P53150	TRAF7	5.404942489375
A_33_P3372124	TRAFD1	11.8822553316667
A_23_P170491	TRAIP	9.27994245779167
A_33_P3406899	TRAK1	9.007205764375
A_23_P209426	TRAK2	9.54843908191667
A_23_P112135	TRAM1	6.96510965204167
A_23_P18518	TRAM1L1	5.95763159254167
A_24_P12413	TRAM2	6.30789996054167
A_21_P0012439	TRANK1	4.42812969904167
A_23_P3849	TRAP1	10.2827294739167
A_21_P0000585	TRAPPC1	11.7433066270833
A_23_P317683	TRAPPC10	7.64854687620833
A_23_P73660	TRAPPC2	6.13896188170833
A_24_P327050	TRAPPC2L	10.1273453969167
A_23_P16032	TRAPPC2P1	9.93990662075
A_33_P3229221	TRAPPC3	7.46197243929167
A_23_P127613	TRAPPC4	10.1068286010833
A_32_P99432	TRAPPC5	12.4740488466667
A_24_P390928	TRAPPC6A	9.04034807325
A_33_P3305348	TRAPPC8	5.73522357491667
A_23_P73420	TRAPPC9	10.4414311354167
A_32_P21579	TRDMT1	5.69633803245833
A_33_P3248799	TRDN	5.64085845570833
A_23_P104819	TREH	4.353308785
A_23_P19333	TREM1	4.268321001375
A_24_P12397	TREM2	3.958344844375
A_24_P214858	TREML2	3.77363336141667
A_33_P3373598	TREML2P1	4.0364312625
A_24_P170439	TREML3	3.8719633575
A_24_P655458	TREML4	3.72998537879167
A_23_P59022	TRERF1	6.32655647229167
A_33_P3383866	TREX1	7.62016087508333
A_33_P3383856	TREX2	5.717216083375
A_33_P3638471	TRGV7	5.34141631720833
A_23_P132760	TRH	10.0351092395833
A_23_P366983	TRHDE	3.982805640125
A_23_P322008	TRHR	4.19938364870833
A_23_P128408	TRIAP1	9.28847090708333
A_24_P252497	TRIB1	11.0957703425
A_24_P396753	TRIB2	7.66411228925
A_23_P210690	TRIB3	10.7916431729167
A_24_P183664	TRIL	7.19269433620833
A_33_P3309799	TRIM10	5.12133010641667
A_23_P115124	TRIM11	8.12697560629167
A_23_P87973	TRIM13	10.4798263070833
A_23_P216655	TRIM14	4.45079312258333
A_23_P500300	TRIM15	4.2896285315
A_33_P3416687	TRIM16	6.63807089933333
A_23_P129903	TRIM16L	9.45516258679167
A_23_P422667	TRIM17	4.08821757783333
A_24_P208909	TRIM2	11.9325547570833
A_23_P47691	TRIM21	6.48840182016667
A_23_P93629	TRIM24	10.36762493675
A_33_P3331366	TRIM25	8.24069869058333
A_23_P214587	TRIM26	8.7458443695
A_24_P163405	TRIM27	9.730445637125
A_23_P89884	TRIM28	11.74973490625
A_33_P3357600	TRIM3	7.102681124125
A_33_P3354451	TRIM31	3.85125739820833
A_23_P112311	TRIM32	7.82461874391667
A_33_P3257367	TRIM33	9.73845332841667
A_24_P398323	TRIM34	4.27840459483333
A_23_P502553	TRIM35	8.69788900566667
A_33_P3379701	TRIM36	9.29412047633333
A_24_P153853	TRIM37	8.69694222858333
A_24_P294851	TRIM38	4.0259818945
A_33_P3306217	TRIM39	7.591480705875
A_33_P3879920	TRIM39-RPP21	12.0267102529167
A_24_P68247	TRIM4	7.751546354125
A_23_P402778	TRIM40	4.3224395935
A_33_P3354434	TRIM41	8.57966304004167
A_23_P325654	TRIM42	4.66095403908333
A_23_P17173	TRIM43	4.27838048625
A_23_P139297	TRIM44	9.12504336820833
A_33_P3234197	TRIM45	8.91890581258333
A_33_P3390778	TRIM46	7.83317510458333
A_33_P3235053	TRIM47	6.60510914420833
A_23_P64306	TRIM48	4.19733637066667
A_23_P1575	TRIM49	4.882193051625
A_23_P356526	TRIM5	3.88392768716667
A_23_P308136	TRIM50	4.84120389808333
A_23_P58579	TRIM52	8.81264091691667
A_33_P3374971	TRIM53P	4.202768156125
A_33_P3271594	TRIM54	5.67792894354167
A_23_P123402	TRIM55	4.58589286325
A_23_P350107	TRIM56	5.67684001079167
A_33_P3249414	TRIM58	6.002734782375
A_32_P72341	TRIM59	7.57772320875
A_33_P3220247	TRIM6	3.83403937354167
A_33_P3383724	TRIM61	5.34479177316667
A_23_P250485	TRIM62	5.91635465041667
A_23_P114983	TRIM63	6.35213563775
A_33_P3331346	TRIM65	9.27695132591667
A_33_P3390773	TRIM66	5.25210987825
A_33_P3235043	TRIM67	4.35373320004167
A_23_P2097	TRIM68	7.07403325870833
A_23_P48826	TRIM69	8.462355855375
A_23_P30315	TRIM7	5.504095809
A_33_P3354429	TRIM71	9.16284677625
A_32_P429687	TRIM72	3.95004996120833
A_33_P3235048	TRIM77P	3.86046851883333
A_23_P46844	TRIM8	10.4161896070833
A_24_P369656	TRIM9	6.993424663375
A_23_P373742	TRIML1	3.92976444054167
A_23_P425880	TRIO	11.14108684375
A_33_P3325748	TRIOBP	5.84242115358333
A_23_P50349	TRIP10	7.38545479541667
A_23_P106241	TRIP11	7.389616492375
A_33_P3281363	TRIP12	7.71898839745833
A_33_P3339212	TRIP13	5.60872552629167
A_23_P152028	TRIP4	9.76446385470833
A_24_P4054	TRIP6	8.91055610845833
A_23_P12062	TRIT1	9.4220832585
A_23_P16683	TRMT1	10.42498454875
A_24_P89509	TRMT11	8.42034578266667
A_23_P12992	TRMT112	12.8685706754167
A_23_P82913	TRMT12	8.615363357125
A_24_P190877	TRMT1L	6.61554902333333
A_24_P305662	TRMT2A	7.886891515
A_33_P3225567	TRMT2B	6.69206318375
A_33_P3393796	TRMT5	9.32120445820833
A_23_P210747	TRMT6	8.95291407995833
A_24_P373126	TRMT61A	6.70126449058333
A_23_P259823	TRMT61B	6.52145543845833
A_33_P3433156	TRMU	7.47857789479167
A_24_P96762	TRNAU1AP	7.83000603258333
A_24_P734953	TRNP1	8.976947972625
A_33_P3336968	TRNT1	7.1608353395
A_33_P3340014	TRO	10.7458844795833
A_23_P150935	TROAP	5.84806424633333
A_24_P222684	TROVE2	10.8323520095833
A_21_P0000609	TRPA1	3.6651188335
A_24_P28977	TRPC1	8.44323178541667
A_23_P41455	TRPC3	5.83500220270833
A_23_P105873	TRPC4	5.118778213625
A_23_P154801	TRPC4AP	9.52285848708333
A_23_P254989	TRPC5	3.676757266625
A_33_P3337627	TRPC6	7.35624685416667
A_33_P3337632	TRPC7	3.79125088270833
A_23_P129225	TRPM1	3.953681435125
A_24_P27977	TRPM2	5.00266832658333
A_23_P114061	TRPM3	4.27433092479167
A_23_P153529	TRPM4	8.62113822120833
A_23_P87279	TRPM5	5.37791922191667
A_24_P26792	TRPM6	3.485414518375
A_23_P88470	TRPM7	6.60029431191667
A_23_P403991	TRPM8	4.50901331733333
A_33_P3361746	TRPS1	5.58826303479167
A_21_P0000027	TRPT1	11.9626252345833
A_23_P375281	TRPV1	7.27577375445833
A_23_P207911	TRPV2	10.0010328469583
A_23_P49862	TRPV3	3.46682073091667
A_24_P13381	TRPV4	4.288968326
A_23_P93973	TRPV5	4.54872509795833
A_33_P3364854	TRPV6	4.56072865795833
A_23_P94053	TRRAP	9.144721155375
A_23_P63908	TRUB1	8.76345349275
A_23_P169428	TRUB2	8.89252452075
A_24_P329635	TSC1	6.75598642533333
A_23_P66110	TSC2	8.16788612095833
A_33_P3296205	TSC22D1	13.4350452970833
A_33_P3237634	TSC22D3	10.3443107647917
A_24_P200942	TSC22D4	8.719736846
A_23_P104025	TSEN15	6.35218281570833
A_23_P92012	TSEN2	6.376909662
A_33_P3211213	TSEN34	12.9398187958333
A_23_P147277	TSEN54	10.7529593620833
A_23_P64650	TSFM	9.99817136191667
A_23_P75839	TSG101	12.1671004404167
A_33_P3285639	TSGA10	5.16691478604167
A_23_P306845	TSGA10IP	4.48136964208333
A_23_P250694	TSGA13	NA
A_23_P12128	TSHB	4.958801624875
A_23_P27381	TSHZ1	8.6989293355
A_23_P143247	TSHZ2	3.87931000995833
A_23_P361014	TSHZ3	6.19532980408333
A_33_P3405911	TSIX	5.628633090125
A_23_P16275	TSKS	4.768944416625
A_23_P162142	TSKU	7.712445609375
A_33_P3433388	TSL	4.48088238754167
A_33_P3221783	TSLP	3.67949914566667
A_23_P28105	TSN	8.84828550733333
A_33_P3297126	TSNARE1	5.74674010483333
A_33_P3230658	TSNAX	7.93389281570833
A_23_P129425	TSNAXIP1	6.866712041375
A_23_P160167	TSPAN1	6.7688804775
A_33_P3449097	TSPAN10	5.47941882295833
A_23_P76136	TSPAN11	8.052116473625
A_23_P145984	TSPAN12	6.45554920304167
A_23_P168610	TSPAN13	9.95915655391667
A_24_P98613	TSPAN14	8.542923879875
A_32_P7015	TSPAN15	7.30247235308333
A_23_P142070	TSPAN16	6.25787552375
A_23_P425516	TSPAN17	6.56989542166667
A_24_P13083	TSPAN18	9.61497083891667
A_23_P2322	TSPAN19	6.76521466883333
A_24_P62659	TSPAN2	4.89012898875
A_23_P14804	TSPAN3	12.9971331154167
A_23_P24987	TSPAN31	7.960526682375
A_33_P3394404	TSPAN32	4.06091411558333
A_24_P365901	TSPAN33	7.2001420295
A_23_P316741	TSPAN4	9.78620570125
A_33_P3325349	TSPAN5	10.392140524375
A_23_P171143	TSPAN6	9.626056441875
A_23_P114185	TSPAN7	10.7697760541667
A_23_P36531	TSPAN8	5.15689535970833
A_23_P151133	TSPAN9	9.32110849716667
A_23_P394972	TSPEAR	6.21122919545833
A_33_P3251148	TSPO	11.8208802658333
A_33_P3234222	TSPO2	6.18829477408333
A_33_P3322259	TSPY2	3.689790488125
A_23_P408341	TSPY26P	4.83405465633333
A_24_P76879	TSPYL1	10.0307991576667
A_23_P170608	TSPYL2	6.23530576520833
A_23_P110882	TSPYL4	12.4929901558333
A_33_P3278951	TSPYL5	3.61702406454167
A_23_P91035	TSPYL6	4.14383450991667
A_24_P941336	TSR1	8.85427480879167
A_33_P3341901	TSR2	10.3601997783333
A_23_P256773	TSSC1	11.48284852
A_33_P3325006	TSSC4	11.0502875475
A_23_P427136	TSSK1B	4.08635811891667
A_23_P40515	TSSK2	3.84914548558333
A_23_P399681	TSSK3	4.10665003054167
A_24_P352637	TSSK4	4.56578384916667
A_23_P108221	TSSK6	4.226557942375
A_23_P29248	TST	10.203509737125
A_23_P94301	TSTA3	8.858006508875
A_23_P217901	TSTD1	3.76286342379167
A_33_P3349576	TSTD2	6.55670185533333
A_33_P3215282	TTBK1	8.44016046425
A_33_P3215277	TTBK2	11.0159255991667
A_23_P19164	TTC1	9.76868812916667
A_24_P73075	TTC12	6.567778003
A_23_P103864	TTC13	7.783733419375
A_23_P212511	TTC14	9.64807709345833
A_23_P256835	TTC15	10.7199178370833
A_33_P3280811	TTC16	5.20473148075
A_23_P414899	TTC17	7.99924333429167
A_23_P326931	TTC18	5.96813164629167
A_23_P50008	TTC19	11.2216438958333
A_23_P428248	TTC21A	8.99347622633333
A_24_P111511	TTC21B	7.48878296120833
A_24_P11436	TTC22	4.328406204375
A_24_P65121	TTC23	5.14140444783333
A_23_P390726	TTC23L	4.719125994375
A_33_P3297345	TTC24	4.842415582875
A_23_P73150	TTC25	8.15406038125
A_23_P257668	TTC26	5.193207310875
A_23_P131227	TTC27	8.67647088658333
A_32_P100683	TTC28	9.16363513729167
A_33_P3405451	TTC28-AS1	6.92799844879167
A_33_P3328375	TTC29	4.46325414916667
A_23_P120710	TTC3	12.2164546358333
A_24_P17453	TTC30A	4.457764752125
A_23_P408913	TTC30B	7.36581242820833
A_23_P39813	TTC31	6.91671282341667
A_23_P119857	TTC32	9.09236244370833
A_24_P405981	TTC33	6.668289967375
A_33_P3259625	TTC34	4.729622874
A_23_P60002	TTC35	8.867770673
A_33_P3259615	TTC36	4.15227194820833
A_33_P3259620	TTC37	10.168421697
A_24_P156388	TTC38	7.55916094208333
A_24_P299210	TTC39A	5.48909692516667
A_23_P390097	TTC39B	4.92525282745833
A_23_P401098	TTC39C	8.94749977270833
A_21_P0000586	TTC3P1	8.58800168929167
A_23_P230	TTC4	8.38817845441667
A_33_P3347108	TTC5	12.1324728245833
A_33_P3404651	TTC7A	6.81245165408333
A_23_P25974	TTC7B	11.2845533
A_32_P169735	TTC8	8.43692888770833
A_24_P273742	TTC9	4.22663642804167
A_33_P3293593	TTC9B	13.4027771375
A_33_P3355371	TTC9C	7.96643831866667
A_33_P3230339	TTF1	8.67517561216667
A_33_P3287922	TTI1	9.56793118616667
A_33_P3324655	TTI2	5.29962153841667
A_23_P259586	TTK	4.65703156879167
A_33_P3427102	TTL	13.2590068570833
A_33_P3349145	TTLL1	10.3199470383333
A_23_P333852	TTLL11	7.365168168625
A_23_P143748	TTLL12	10.043931667
A_33_P3237250	TTLL13	5.23834659670833
A_23_P7901	TTLL2	3.86845480695833
A_33_P3263387	TTLL4	NA
A_33_P3336437	TTLL5	5.99458181695833
A_33_P3410060	TTLL6	4.10405187008333
A_24_P165450	TTLL7	9.24952289029167
A_21_P0014021	TTLL8	4.74359018866667
A_33_P3385993	TTLL9	5.06926428991667
A_33_P3329433	TTN	6.21253207075
A_33_P3219750	TTPAL	8.14155462879167
A_23_P130333	TTR	4.276614599
A_24_P323131	TTTY1	3.609068764375
A_23_P11397	TTTY13	4.73411562375
A_23_P251232	TTTY14	5.12589176458333
A_21_P0006594	TTTY15	4.22542000504167
A_33_P3349495	TTTY16	5.38852537533333
A_33_P3400302	TTTY18	4.12309164666667
A_32_P413094	TTTY2	3.907618113
A_24_P186114	TTTY21	3.92013679908333
A_24_P331693	TTTY22	3.82589835470833
A_24_P280328	TTTY3	3.61977424670833
A_23_P34209	TTTY5	4.34431261133333
A_32_P737629	TTTY7	3.62299507879167
A_23_P45592	TTTY8	3.75491922641667
A_23_P251868	TTTY9A	3.14651301233333
A_23_P50815	TTYH1	8.99508090854167
A_23_P66432	TTYH2	7.41220271666667
A_23_P331895	TTYH3	11.1305445783333
A_23_P500892	TUB	10.2136706182083
A_23_P139547	TUBA1A	15.96554247125
A_23_P128147	TUBA1B	15.00939315875
A_24_P188071	TUBA1C	11.8698221116667
A_23_P128598	TUBA3C	7.99777082825
A_23_P56736	TUBA3D	6.34411799079167
A_23_P84448	TUBA4A	10.2976534129167
A_24_P160104	TUBA8	8.47881519791667
A_33_P3332252	TUBAL3	4.309391424625
A_23_P81912	TUBB	13.926934725
A_24_P228550	TUBB1	4.115600256375
A_33_P3365002	TUBB2A	15.8225190745833
A_24_P314477	TUBB2B	13.4123995025
A_23_P77493	TUBB3	15.6921076754167
A_23_P113656	TUBB4A	9.68022244158333
A_23_P312863	TUBB4B	11.11402736625
A_23_P254271	TUBB6	11.8311457183333
A_33_P3371333	TUBB8	7.45206053241667
A_33_P3409518	TUBBP5	4.916046962
A_23_P26895	TUBD1	7.52010419345833
A_33_P3240538	TUBE1	7.4303238075
A_33_P3363898	TUBG1	10.9923265208333
A_23_P78014	TUBG2	9.18578335104167
A_23_P127150	TUBGCP2	9.91666739895833
A_23_P76705	TUBGCP3	7.82140112233333
A_23_P3450	TUBGCP4	7.983726131375
A_23_P152038	TUBGCP5	6.99993777908333
A_23_P6546	TUBGCP6	8.90644566845833
A_23_P9582	TUFM	12.9638189758333
A_23_P371824	TUFT1	10.5050608416667
A_19_P00315693	TUG1	9.52155562429167
A_23_P320021	TULP1	4.38624757625
A_23_P55961	TULP2	3.76745234775
A_33_P3405789	TULP3	9.79821507766667
A_23_P382045	TULP4	10.9769739120833
A_33_P3278033	TUSC1	8.72880921983333
A_23_P251562	TUSC2	12.3330122004167
A_24_P95154	TUSC3	11.9748759204167
A_23_P308058	TUSC5	6.48993786145833
A_23_P53015	TUT1	7.63150538070833
A_23_P48166	TWF1	10.5870875066667
A_23_P121265	TWF2	9.48774378220833
A_19_P00322910	TWIST2	4.27257801695833
A_23_P386561	TWISTNB	7.64671579995833
A_24_P202497	TWSG1	4.0205764475
A_33_P3376007	TXLNA	10.4630907808333
A_23_P434398	TXLNB	5.936859671
A_23_P146997	TXLNG	7.105736435125
A_23_P60248	TXN	13.43054434
A_23_P68899	TXN2	10.9145359783333
A_24_P107897	TXNDC11	6.95361051458333
A_23_P200199	TXNDC12	9.29588572554167
A_33_P3313030	TXNDC15	6.40992819620833
A_23_P398836	TXNDC16	9.383648527125
A_33_P3209386	TXNDC17	8.91002748525
A_24_P125434	TXNDC2	5.80849507970833
A_23_P259611	TXNDC3	4.13127770916667
A_23_P168229	TXNDC5	7.35616608158333
A_33_P3278279	TXNDC8	3.750848768125
A_23_P154330	TXNDC9	9.82867597183333
A_23_P97700	TXNIP	11.3616997120417
A_33_P3344956	TXNL1	8.74756308041667
A_24_P116871	TXNL4A	10.9853274425
A_24_P399083	TXNL4B	7.527121655875
A_33_P3351120	TXNRD1	7.76904288679167
A_23_P102988	TXNRD2	5.30733507045833
A_32_P170925	TXNRD3	5.64723823283333
A_33_P3238651	TXNRD3NB	4.25020606908333
A_23_P141917	TYK2	7.126897441125
A_33_P3255949	TYMP	12.1491867529167
A_23_P50096	TYMS	6.531287228875
A_33_P3239214	TYR	4.21840594870833
A_23_P54517	TYRO3	10.2962126994167
A_33_P3409062	TYROBP	5.43881485770833
A_33_P3399980	TYRP1	5.290798229625
A_33_P3351101	TYSND1	6.66585481020833
A_33_P3210986	TYW1B	7.732902166375
A_24_P396327	TYW3	4.87396549266667
A_32_P36942	TYW5	7.45503530404167
A_21_P0010986	U2AF1	12.0180041095833
A_23_P326296	U2AF1L4	7.98877186866667
A_33_P3302796	U2AF2	12.2018478879167
A_24_P943106	U2SURP	8.6088318535
A_33_P3323718	UACA	4.03639892083333
A_23_P160460	UAP1	8.53314234654167
A_23_P135164	UAP1L1	7.38236564008333
A_23_P137209	UBA1	12.5198757270833
A_24_P376229	UBA2	8.404157570375
A_23_P211840	UBA3	8.80121260508333
A_33_P3235390	UBA5	6.361847504125
A_24_P173325	UBA52	14.2361530225
A_33_P3412035	UBA6	6.20154832420833
A_23_P21207	UBA7	4.819134501625
A_23_P60324	UBAC1	10.76946696
A_23_P139998	UBAC2	9.18663304329167
A_21_P0000659	UBAC2-AS1	6.87428728145833
A_23_P123866	UBAP1	9.3404050445
A_24_P481783	UBAP1L	8.28771204058333
A_33_P3346302	UBAP2	8.325434190875
A_23_P103837	UBAP2L	7.18064959629167
A_23_P6293	UBASH3A	3.77624941941667
A_33_P3409477	UBASH3B	5.268705237625
A_23_P27215	UBB	6.75674288204167
A_24_P889720	UBC	16.13791286125
A_23_P81898	UBD	3.81274548054167
A_23_P148446	UBE2A	10.684422145
A_23_P167595	UBE2B	7.45490544079167
A_24_P297539	UBE2C	6.02279818504167
A_33_P3369781	UBE2CBP	7.43898932754167
A_24_P13032	UBE2D1	9.87464436766667
A_33_P3310674	UBE2D2	10.9035578941667
A_24_P363005	UBE2D3	8.33154922841667
A_23_P374767	UBE2D4	9.820491413125
A_23_P367071	UBE2DNL	4.79103246270833
A_23_P6963	UBE2E1	6.120429725375
A_32_P155506	UBE2E2	6.35447233504167
A_24_P148450	UBE2E3	9.47904746833333
A_33_P3533001	UBE2E4P	6.753940490375
A_23_P39561	UBE2F	9.493685868375
A_23_P27066	UBE2G1	10.1121079103333
A_24_P357037	UBE2G2	11.74125223375
A_23_P145584	UBE2H	9.58184464929167
A_23_P152107	UBE2I	9.564072481625
A_33_P3274332	UBE2J1	10.6608528958333
A_33_P3310696	UBE2J2	8.83819895454167
A_24_P286013	UBE2K	12.96356062375
A_32_P91250	UBE2L3	11.2433276545833
A_23_P75741	UBE2L6	11.052938375
A_23_P141847	UBE2M	10.03379854825
A_24_P239017	UBE2MP1	9.77183760225
A_23_P116829	UBE2N	9.889145554
A_23_P350234	UBE2NL	8.22776610295833
A_24_P172993	UBE2O	11.0766719445833
A_23_P97423	UBE2Q1	9.71172899158333
A_33_P3333826	UBE2Q2	10.64521325625
A_33_P3342992	UBE2Q2P2	7.52963078408333
A_24_P479551	UBE2QL1	6.97196399679167
A_33_P3333820	UBE2R2	10.2854984866667
A_32_P171328	UBE2S	12.4280518258333
A_23_P115482	UBE2T	11.81786729375
A_23_P501996	UBE2V1	10.835103595
A_33_P3333810	UBE2V2	8.88510602108333
A_24_P346604	UBE2W	8.79784695683333
A_23_P83438	UBE2Z	9.17733969475
A_24_P207150	UBE3A	7.93365947379167
A_33_P3258013	UBE3B	6.83690889925
A_23_P59481	UBE3C	6.48707022191667
A_23_P203137	UBE4A	11.2389349429167
A_23_P201279	UBE4B	7.307900445625
A_23_P15123	UBFD1	9.42022367708333
A_23_P103476	UBIAD1	6.610823936625
A_23_P140029	UBL3	9.40264418491667
A_33_P3336233	UBL4A	8.07327766691667
A_32_P112910	UBL4B	4.28247376395833
A_23_P78563	UBL5	13.7287361983333
A_23_P117778	UBL7	9.89997056025
A_33_P3355232	UBLCP1	10.5527507845833
A_23_P54900	UBN1	10.2843623479167
A_33_P3339231	UBN2	8.939267118375
A_24_P79241	UBOX5	7.8366241715
A_23_P211738	UBP1	9.758619266625
A_24_P329600	UBQLN1	8.402592014375
A_23_P114164	UBQLN2	10.3239536758333
A_23_P98830	UBQLN3	3.84621388733333
A_33_P3382380	UBQLN4	8.58134802491667
A_23_P328621	UBQLNL	4.55369758595833
A_23_P152066	UBR1	9.82239427133333
A_23_P362637	UBR2	8.63204099866667
A_24_P285501	UBR3	5.339770928875
A_24_P923945	UBR4	8.637315655375
A_32_P159400	UBR5	7.449503705875
A_24_P159094	UBR7	10.1400480097083
A_33_P3220570	UBTD1	9.172656465625
A_33_P3220565	UBTD2	9.98022267379167
A_24_P349616	UBTF	7.52938226075
A_33_P3292588	UBTFL1	4.53334386425
A_23_P98605	UBXN1	13.98910128875
A_32_P205053	UBXN10	3.66920829775
A_24_P239811	UBXN11	5.85524993858333
A_23_P131240	UBXN2A	8.01354907258333
A_32_P148796	UBXN2B	8.62614125508333
A_32_P95823	UBXN4	8.385475070625
A_23_P386905	UBXN6	9.18401337204167
A_23_P358221	UBXN7	7.16389393304167
A_23_P157465	UBXN8	7.46457059341667
A_32_P200238	UCA1	4.15636350891667
A_23_P132956	UCHL1	16.4782835970833
A_23_P76690	UCHL3	9.79922367170833
A_23_P148798	UCHL5	8.60892095325
A_23_P216402	UCK1	8.50738895975
A_23_P487	UCK2	8.50427522933333
A_23_P17330	UCKL1	8.39213134754167
A_33_P3356004	UCKL1-AS1	5.07409638583333
A_24_P18270	UCMA	3.54097586516667
A_33_P3353030	UCN	8.95417825679167
A_33_P3279629	UCN2	6.60127771775
A_33_P3241369	UCN3	4.86178036795833
A_23_P30091	UCP1	3.59832495708333
A_23_P47704	UCP2	8.22337117308333
A_24_P292470	UCP3	9.09674787858333
A_23_P203445	UEVLD	5.33685320358333
A_23_P103905	UFC1	9.79323212695833
A_33_P3265704	UFD1L	11.0820085379167
A_23_P30956	UFL1	7.17086702945833
A_24_P313109	UFM1	7.71327845383333
A_33_P3240053	UFSP1	7.26883670754167
A_23_P41437	UFSP2	9.48961163954167
A_33_P3378614	UG0898H09	10.2417854410417
A_23_P313389	UGCG	9.34525669470833
A_33_P3396607	UGDH	7.82167525779167
A_33_P3366246	UGGT1	8.34490080079167
A_23_P204980	UGGT2	7.17463711670833
A_23_P253046	UGP2	9.78924099033333
A_24_P222872	UGT1A6	4.147206368625
A_24_P334378	UGT2A3	4.06800160366667
A_23_P7342	UGT2B10	7.246461383125
A_21_P0012591	UGT2B11	5.74603784929167
A_23_P58407	UGT2B15	4.85537040275
A_23_P136671	UGT2B7	4.20861659941667
A_23_P122144	UGT3A1	4.54877795975
A_24_P251950	UGT3A2	3.974251038625
A_24_P103264	UGT8	6.49620619191667
A_23_P342067	UHMK1	6.416147242
A_33_P3379454	UHRF1	6.43594101529167
A_33_P3313421	UHRF1BP1	10.0426952951667
A_23_P319808	UHRF1BP1L	6.53425608725
A_24_P303815	UHRF2	8.26420365945833
A_23_P317691	UIMC1	10.2667990308333
A_33_P3422802	ULBP1	6.09961714883333
A_23_P145485	ULBP2	7.20917186645833
A_23_P134100	ULBP3	5.30061245225
A_24_P73370	ULK1	10.7491845083333
A_23_P55107	ULK2	7.692134467875
A_23_P206107	ULK3	10.0605171751667
A_33_P3392892	ULK4	6.56711878833333
A_23_P158775	UMOD	5.822519504875
A_33_P3355732	UMODL1	3.93891241179167
A_23_P6624	UMPS	9.80599418041667
A_23_P49842	UNC119	9.54662021995833
A_33_P3274478	UNC119B	7.57524978045833
A_24_P472007	UNC13A	8.48940708245833
A_23_P253395	UNC13B	8.54684217004167
A_24_P53215	UNC13D	5.3624291615
A_24_P398950	UNC45A	9.46610158004167
A_33_P3249125	UNC45B	4.94303359666667
A_23_P252700	UNC50	10.6543685975
A_33_P3379001	UNC5A	7.10488675041667
A_23_P52336	UNC5B	5.22869644395833
A_24_P42624	UNC5C	5.52487954220833
A_23_P428298	UNC5CL	4.03468298329167
A_33_P3378972	UNC5D	6.67131297958333
A_23_P432272	UNC79	6.63296229825
A_24_P817863	UNC80	6.10922990291667
A_23_P214408	UNC93A	3.95693242504167
A_23_P98167	UNC93B1	5.963743411125
A_33_P3411388	UNCX	14.1137801854167
A_33_P3236157	UNG	11.3540739033333
A_32_P514790	UNK	8.39730917416667
A_23_P100141	UNKL	7.03150505541667
A_33_P3244112	UOX	3.796718192625
A_23_P120822	UPB1	4.67701069970833
A_24_P194154	UPF1	9.12507206445833
A_33_P3218772	UPF2	7.66402936433333
A_21_P0011576	UPF3A	6.85614606004167
A_24_P310630	UPF3B	8.80121080879167
A_23_P119634	UPK1A	3.88465515066667
A_24_P348594	UPK3A	5.371366566875
A_23_P147805	UPP1	5.79446290854167
A_23_P357316	UPP2	4.38959833970833
A_33_P3418130	UPRT	7.48637338816667
A_33_P3309064	UQCC	8.3459736605
A_24_P66001	UQCR10	11.8590291304167
A_23_P56314	UQCR11	14.434952485
A_23_P31671	UQCRB	10.2450972258333
A_19_P00811288	UQCRBP1	6.43018574033333
A_23_P132675	UQCRC1	12.4446690845833
A_23_P118002	UQCRC2	11.4147596229167
A_23_P153586	UQCRFS1	12.69846931
A_32_P54137	UQCRH	14.6514484920833
A_23_P213718	UQCRQ	14.0903228954167
A_24_P940310	URB1	5.95674255629167
A_23_P74914	URB2	7.41661464904167
A_23_P31489	URGCP	8.09173024425
A_33_P3499174	URM1	7.57131727341667
A_23_P63050	UROD	12.0243005054167
A_33_P3233565	UROS	7.804048468125
A_23_P79122	USE1	8.992583482875
A_23_P23646	USF1	5.71625669079167
A_33_P3299982	USF2	10.5855184329167
A_23_P116430	USH1C	6.45532617204167
A_33_P3401711	USH1G	6.31615167841667
A_23_P86301	USH2A	4.422625415
A_32_P189592	USHBP1	3.91379222575
A_23_P127095	USMG5	14.6460007054167
A_23_P29855	USO1	10.692934025
A_23_P11652	USP1	8.99762261345833
A_23_P100196	USP10	8.70958333641667
A_23_P171366	USP11	10.3149479454167
A_24_P237613	USP12	5.53951976416667
A_23_P40989	USP13	7.88632828741667
A_33_P3239954	USP14	8.94379406183333
A_23_P204269	USP15	9.71793617008333
A_23_P257911	USP16	8.88363944716667
A_33_P3283262	USP17	5.60063033479167
A_33_P3292739	USP17L2	6.28801776095833
A_23_P132159	USP18	6.283760445375
A_33_P3360301	USP19	9.01973839345833
A_24_P107317	USP2	4.81733011229167
A_23_P217028	USP20	10.015709433375
A_23_P126689	USP21	7.03830998708333
A_23_P422540	USP22	11.5535535454167
A_24_P58122	USP24	10.7695565504167
A_24_P139208	USP25	6.19332974975
A_23_P158118	USP26	3.90538382691667
A_24_P322908	USP27X	6.78095843175
A_33_P3672482	USP28	4.43312644720833
A_23_P78504	USP29	4.063440319875
A_33_P3231110	USP3	9.164878032375
A_24_P87114	USP30	5.38331851433333
A_23_P206612	USP31	8.01059801458333
A_24_P405190	USP33	10.7876301258333
A_24_P126417	USP34	10.36185083
A_23_P116602	USP35	11.43570199
A_33_P3357247	USP36	7.35723929883333
A_24_P109082	USP37	7.9947314065
A_33_P3378509	USP38	9.33217609475
A_32_P101301	USP39	11.5445044425
A_24_P291598	USP4	10.5131032145833
A_23_P343594	USP40	7.13834208279167
A_32_P54553	USP41	4.66746390325
A_24_P135276	USP42	7.920513650375
A_24_P310009	USP43	3.814107800875
A_23_P72770	USP44	5.24816338995833
A_33_P3289995	USP45	6.47364430570833
A_24_P377225	USP46	7.17476300295833
A_23_P403588	USP47	6.97543957904167
A_33_P3612740	USP48	7.726620258625
A_33_P3389967	USP49	5.33886170320833
A_23_P64954	USP5	9.7350239075
A_33_P3301920	USP50	4.13448150379167
A_33_P3301915	USP51	4.34444937920833
A_24_P137522	USP53	6.61521625895833
A_23_P355536	USP54	9.22138835654167
A_21_P0011634	USP6	7.00688280375
A_24_P398130	USP6NL	6.22498426620833
A_24_P245108	USP7	8.30909801579167
A_23_P129058	USP8	8.21412156179167
A_33_P3387771	USP9X	10.1872498969167
A_23_P128641	USPL1	8.448057262
A_23_P314145	UST	5.68380079325
A_33_P3294217	UTF1	7.455430064375
A_23_P11774	UTP11L	8.54191724770833
A_23_P205216	UTP14A	6.905639287125
A_33_P3229161	UTP14C	8.57461546775
A_23_P213441	UTP15	7.063265373
A_23_P130020	UTP18	9.072820000375
A_23_P162525	UTP20	6.97551140170833
A_33_P3221164	UTP23	7.170894867
A_23_P92424	UTP3	10.6694912820833
A_23_P164237	UTP6	9.04964325345833
A_32_P524014	UTRN	4.49829107133333
A_23_P63343	UTS2	4.076286226625
A_32_P225659	UTS2D	4.343042201625
A_23_P146885	UTS2R	NA
A_23_P329835	UTY	3.79799498666667
A_33_P3260722	UVRAG	7.97883368016667
A_23_P67829	UXS1	9.874708907625
A_23_P159663	UXT	8.60876346404167
A_33_P3363091	VAC14	6.99861852704167
A_23_P105545	VAMP1	4.96063830966667
A_33_P3409886	VAMP2	10.0260599385417
A_23_P97532	VAMP3	7.79801047425
A_33_P3409904	VAMP4	6.58290430233333
A_23_P39840	VAMP5	5.252722287875
A_23_P22671	VAMP7	9.68272515645833
A_23_P28434	VAMP8	6.92649893408333
A_24_P199655	VANGL1	8.76102388083333
A_33_P3282005	VANGL2	9.17799766891667
A_33_P3419460	VAPA	9.26206391575
A_23_P91293	VAPB	9.47029437558333
A_33_P3248664	VARS	11.9877845233333
A_23_P111112	VARS2	11.72861428625
A_23_P77000	VASH1	12.77549867375
A_23_P115492	VASH2	9.30395316725
A_23_P129695	VASN	5.30355093045833
A_23_P119102	VASP	8.70628189633333
A_23_P26954	VAT1	10.6756201508333
A_23_P400449	VAT1L	8.51545322229167
A_23_P38959	VAV1	5.53396184829167
A_33_P3390349	VAV2	7.25562202341667
A_23_P201551	VAV3	9.28543517116667
A_33_P3381393	VAX1	4.104992170375
A_33_P3267562	VAX2	11.1719687683333
A_23_P256223	VBP1	9.85943040816667
A_23_P34345	VCAM1	3.63827320775
A_23_P144959	VCAN	10.7442657833333
A_24_P47182	VCL	9.83444919366667
A_23_P83045	VCP	13.9861643154167
A_33_P3223467	VCPIP1	8.0729580365
A_24_P230282	VCX2	6.74480121475
A_23_P11390	VCY	5.08079277120833
A_23_P144816	VDAC1	10.2183980779167
A_33_P3415037	VDAC2	12.52737938625
A_24_P235316	VDAC3	12.1027254733333
A_23_P162589	VDR	4.59392352820833
A_23_P70398	VEGFA	4.81393787945833
A_23_P1594	VEGFB	11.69693491
A_23_P167096	VEGFC	4.74311304370833
A_23_P419150	VENTX	3.69602631145833
A_33_P3240482	VENTXP7	4.54720392666667
A_23_P380208	VEPH1	4.66647184825
A_24_P924591	VEZF1	9.562174529875
A_33_P3413927	VEZT	9.90366653695833
A_33_P3276703	VGF	9.81883099775
A_23_P253123	VGLL1	4.11180001245833
A_32_P106376	VGLL2	6.48668244895833
A_24_P67585	VGLL3	4.96469216804167
A_33_P3419938	VHL	13.0246773066667
A_23_P63096	VHLL	4.430084003875
A_23_P29684	VILL	5.12374032558333
A_23_P161190	VIM	14.5201107458333
A_23_P19650	VIP	4.01411712475
A_32_P153071	VIPR2	4.41179593366667
A_33_P3300267	VIT	4.27290221366667
A_33_P3286002	VKORC1	7.85851569304167
A_23_P413815	VKORC1L1	8.55571577491667
A_23_P43476	VLDLR	7.4974409445
A_33_P3361681	VMA21	9.930408928
A_33_P3291176	VMAC	5.570899656625
A_23_P55356	VMO1	7.45111612141667
A_33_P3407925	VMP1	8.978769724
A_33_P3415255	VN1R1	7.06925667591667
A_32_P381957	VN1R4	3.81604982258333
A_23_P122724	VNN2	5.0612409325
A_23_P168211	VOPP1	11.8972094425
A_23_P212595	VPRBP	6.37097829008333
A_33_P3299254	VPREB3	6.46050229566667
A_24_P329939	VPS11	8.23315948941667
A_23_P217098	VPS13A	9.313826098875
A_23_P82975	VPS13B	7.30543933216667
A_23_P206228	VPS13C	8.55484771075
A_23_P364837	VPS13D	5.71141718533333
A_23_P143303	VPS16	10.5896725558333
A_24_P18802	VPS18	11.3444134645833
A_23_P66599	VPS25	11.1688829433333
A_23_P75255	VPS26A	10.60578857
A_24_P107336	VPS26B	10.6439607266667
A_23_P31903	VPS28	14.095960685
A_24_P175989	VPS29	9.90205991520833
A_23_P36408	VPS33A	9.34645302258333
A_23_P48964	VPS33B	9.15767460620833
A_32_P3556	VPS35	10.9448134945833
A_33_P3674851	VPS36	9.82436054620833
A_33_P3303850	VPS37A	7.06722810079167
A_23_P150876	VPS37B	9.97121742433333
A_23_P47517	VPS37C	10.0491760146667
A_33_P3293573	VPS37D	12.5228679975
A_24_P167825	VPS39	8.72121383366667
A_23_P215318	VPS41	9.62813397908333
A_23_P23719	VPS45	9.79102398116667
A_23_P329772	VPS4A	12.0484234458333
A_24_P322369	VPS4B	10.462593955
A_33_P3294886	VPS52	6.023191191125
A_24_P199929	VPS54	7.52585276129167
A_23_P115215	VPS72	11.6295815270833
A_24_P357709	VPS8	9.69005839191667
A_23_P76761	VRK1	9.05313570975
A_33_P3417990	VRK2	4.72112268179167
A_23_P107933	VRK3	7.422334537375
A_23_P140362	VRTN	4.45065621625
A_32_P163147	VSIG1	4.04466251283333
A_23_P72059	VSIG10	4.95314180166667
A_23_P101246	VSIG10L	6.704483323
A_23_P36018	VSIG2	4.01170352608333
A_23_P217269	VSIG4	4.0225250425
A_33_P3393684	VSIG8	5.11769587929167
A_23_P209978	VSNL1	5.41461584041667
A_33_P3514487	VSTM1	4.48466038420833
A_33_P3277898	VSTM2A	7.02651049225
A_33_P3218316	VSTM2B	7.06454003583333
A_23_P79803	VSTM2L	11.4960438041667
A_23_P304509	VSTM4	5.73384099904167
A_33_P3233189	VSTM5	3.88364310758333
A_33_P3342295	VSX1	6.71685018558333
A_23_P42368	VTA1	8.85424160379167
A_33_P3329169	VTCN1	5.16274353920833
A_23_P10785	VTI1A	7.814806206625
A_23_P14284	VTI1B	12.19977132375
A_23_P78099	VTN	4.83157427045833
A_21_P0000513	VTRNA1-1	4.169086617375
A_21_P0000514	VTRNA1-2	6.769612052375
A_21_P0000515	VTRNA1-3	9.207770468125
A_21_P0000584	VTRNA2-1	3.944807852
A_33_P3416668	VWA1	7.26281311404167
A_33_P3327277	VWA2	5.272582400875
A_33_P3249291	VWA3A	4.043775659625
A_24_P135769	VWA5A	6.16502702758333
A_33_P3381608	VWA5B1	4.45684149545833
A_33_P3322519	VWA5B2	5.865169126625
A_23_P157338	VWC2	4.09606230704167
A_24_P75460	VWC2L	5.06143332975
A_23_P52986	VWCE	8.501278809625
A_23_P381505	VWDE	4.679104253125
A_23_P105562	VWF	4.81604662604167
A_23_P201996	WAC	10.6019739758333
A_32_P174908	WAPAL	8.06817694479167
A_23_P65651	WARS	10.2827212955833
A_33_P3338417	WARS2	6.97218350408333
A_23_P96331	WAS	5.78711428029167
A_33_P3243812	WASF1	11.2151725016667
A_24_P76546	WASF2	8.369782995375
A_24_P176079	WASF3	8.684290227625
A_33_P3365932	WASH1	10.5163945808333
A_33_P3405444	WASL	10.8494649804167
A_23_P252808	WBP1	11.3863359270833
A_23_P105519	WBP11	8.66884013804167
A_23_P15299	WBP2	10.3950078649583
A_23_P410128	WBP2NL	3.8458815945
A_23_P140035	WBP4	8.41039789383333
A_23_P34142	WBP5	9.84116264316667
A_24_P370420	WBSCR16	7.572432652625
A_23_P111517	WBSCR17	10.042163553125
A_21_P0014205	WBSCR22	7.27462159970833
A_23_P381017	WBSCR27	6.07182185541667
A_23_P418274	WBSCR28	3.79237769391667
A_23_P502797	WDFY1	8.82756662408333
A_33_P3209646	WDFY2	7.30424479570833
A_32_P10396	WDFY3	9.205034604
A_32_P116271	WDFY3-AS2	8.62404405833333
A_33_P3304878	WDFY4	4.82020201408333
A_23_P25873	WDHD1	7.50676929604167
A_33_P3422581	WDPCP	6.16452264583333
A_23_P213000	WDR1	8.38923046520833
A_23_P63929	WDR11	9.61380923166667
A_23_P28625	WDR12	9.14830437395833
A_33_P3376404	WDR13	8.54274128066667
A_23_P4074	WDR16	3.83890253666667
A_33_P3375736	WDR17	3.82281900991667
A_33_P3411925	WDR18	10.3897249358333
A_33_P3268618	WDR19	8.77407775708333
A_23_P205255	WDR20	6.15542281920833
A_33_P3373850	WDR24	9.34889429583333
A_23_P84202	WDR25	6.83348352645833
A_23_P85604	WDR26	10.0404356077917
A_32_P415151	WDR27	5.71365908658333
A_33_P3211633	WDR3	7.0043648855
A_24_P6674	WDR31	5.41037712266667
A_24_P102920	WDR33	7.19175724408333
A_23_P20823	WDR34	9.743578357625
A_33_P3335865	WDR35	7.862815898
A_24_P106357	WDR36	8.02700484983333
A_23_P47073	WDR37	7.36795109175
A_32_P449380	WDR38	4.54178205208333
A_23_P143535	WDR4	4.50597111308333
A_23_P259521	WDR41	8.00850215166667
A_23_P344853	WDR43	7.41478075
A_23_P171359	WDR44	7.68709368583333
A_23_P251717	WDR45	9.96216848825
A_23_P207020	WDR45L	12.2434122554167
A_24_P389038	WDR46	7.81382188329167
A_23_P23748	WDR47	8.12256115529167
A_33_P3297141	WDR48	11.1600524220833
A_33_P3256844	WDR49	3.683991619625
A_33_P3252499	WDR52	4.753027954625
A_23_P110076	WDR53	7.605472860875
A_23_P68072	WDR54	11.2969036475
A_33_P3259423	WDR55	6.86009181045833
A_23_P206856	WDR59	10.16688569625
A_33_P3259548	WDR5B	4.97903577154167
A_33_P3815560	WDR6	8.62659366625
A_23_P157361	WDR60	6.723038259625
A_23_P49021	WDR61	10.8319896191667
A_23_P393766	WDR62	5.18239340495833
A_23_P422732	WDR63	4.46837187983333
A_23_P399116	WDR64	4.23742062570833
A_23_P11980	WDR65	4.60257753725
A_23_P363275	WDR66	7.09895302254167
A_33_P3346348	WDR67	5.97793710658333
A_23_P28466	WDR69	4.66950397045833
A_23_P164528	WDR7	7.54145562316667
A_23_P30474	WDR70	9.73741349508333
A_24_P230721	WDR73	9.70537891216667
A_33_P3265394	WDR74	7.51051723854167
A_32_P217510	WDR75	8.588770503875
A_23_P129075	WDR76	4.53620811045833
A_23_P115149	WDR77	9.55562271583333
A_33_P3379381	WDR78	6.13162710554167
A_23_P354208	WDR81	9.82520605854167
A_23_P109877	WDR82	11.28949944875
A_23_P39024	WDR83	9.808704464625
A_23_P329016	WDR85	8.16423378395833
A_33_P3341601	WDR86	9.87167906391667
A_23_P33816	WDR87	4.06094222766667
A_24_P301186	WDR89	5.54398863595833
A_23_P411833	WDR90	6.91664358525
A_23_P215132	WDR91	7.385960735
A_32_P165116	WDR92	8.89830144441667
A_32_P34876	WDR93	6.02487821016667
A_23_P333038	WDR96	3.91534007225
A_23_P108657	WDSUB1	8.48356672891667
A_24_P102895	WDTC1	7.85900840095833
A_23_P71415	WDYHV1	8.72845054283333
A_33_P3290567	WEE1	5.63463338645833
A_33_P3252804	WEE2	3.84060578741667
A_23_P106617	WFDC1	5.28151517533333
A_23_P368847	WFDC10A	3.63556682479167
A_24_P7790	WFDC10B	3.957853553
A_23_P68436	WFDC12	4.499440076375
A_24_P250507	WFDC13	3.54336152075
A_23_P218675	WFDC2	4.93776104416667
A_23_P120435	WFDC3	5.81648210883333
A_23_P102634	WFDC6	4.08554048291667
A_24_P237583	WFDC8	3.912978738125
A_23_P338410	WFDC9	3.857980514125
A_33_P3229702	WFIKKN1	9.24977336666667
A_23_P429514	WFIKKN2	5.1761340545
A_23_P121499	WFS1	9.3251354795
A_24_P307827	WHAMM	7.39725409783333
A_21_P0011397	WHAMMP2	4.919418270375
A_33_P3317558	WHAMMP3	4.18544640916667
A_33_P3423631	WHSC1	8.43917229504167
A_33_P3383756	WHSC1L1	7.89395896833333
A_24_P83183	WHSC2	7.98022482266667
A_33_P3268634	WIBG	7.36807071308333
A_32_P216520	WIF1	4.54561230391667
A_23_P330616	WIPF1	4.630352374
A_33_P3274304	WIPF2	9.085138445875
A_33_P3397840	WIPF3	5.722155317875
A_23_P141394	WIPI1	11.0215011629167
A_24_P149395	WIPI2	10.75600781125
A_23_P169097	WISP1	3.6788913255
A_23_P102611	WISP2	3.987288776
A_23_P81676	WISP3	3.917361551375
A_23_P405531	WIZ	11.7694221908333
A_33_P3280721	WLS	8.05590081933333
A_24_P769359	WNK1	8.26435352091667
A_33_P3351175	WNK2	8.82245870329167
A_32_P99055	WNK3	5.84074608616667
A_33_P3377994	WNK4	5.31142016908333
A_23_P411157	WNT1	3.79870760758333
A_23_P102117	WNT10A	4.825568826875
A_23_P162322	WNT10B	5.87133288891667
A_24_P253003	WNT11	5.33756483341667
A_23_P59807	WNT2	3.71181140704167
A_23_P138352	WNT2B	5.84020368366667
A_23_P130158	WNT3	7.99071631366667
A_33_P3417502	WNT3A	6.19738291583333
A_33_P3321070	WNT4	4.502978772875
A_23_P53588	WNT5B	9.31291603508333
A_23_P119916	WNT6	4.80348997104167
A_23_P258410	WNT7A	4.07254404616667
A_33_P3248903	WNT7B	3.74122986775
A_23_P58854	WNT8A	3.10407707566667
A_23_P52430	WNT8B	4.02349911116667
A_33_P3384058	WNT9A	4.36974391283333
A_23_P89587	WNT9B	3.98525710079167
A_33_P3274034	WRAP53	5.6583315065
A_23_P137361	WRAP73	7.87854001691667
A_23_P80122	WRB	12.0180797983333
A_23_P250813	WRN	7.905644546875
A_24_P192197	WRNIP1	9.826380253375
A_23_P4353	WSB1	12.59034310875
A_23_P259272	WSB2	11.9338693816667
A_24_P942493	WSCD1	6.62450596216667
A_23_P305914	WSCD2	5.50897761916667
A_23_P116280	WT1	3.80003386008333
A_33_P3220390	WTAP	7.42951923845833
A_33_P3381948	WTIP	5.81461675245833
A_23_P81392	WWC1	6.61281580120833
A_33_P3283122	WWC2	5.63434294058333
A_23_P34176	WWC3	9.0832699925
A_23_P71972	WWOX	5.55266887754167
A_23_P146990	WWP1	7.99117219425
A_23_P206684	WWP2	7.260235983625
A_33_P3605352	WWTR1	3.99546916054167
A_21_P0000906	WWTR1-AS1	4.031180424375
A_23_P142013	XAB2	5.83371334229167
A_24_P557479	XAF1	3.69486456695833
A_24_P315014	XAGE-4	4.76876340808333
A_24_P271696	XAGE1A	4.09359740958333
A_23_P34031	XAGE2B	4.16431285320833
A_23_P114349	XAGE3	4.13424989079167
A_24_P288779	XAGE5	4.14069837729167
A_23_P120845	XBP1	11.9471247191667
A_23_P18246	XCR1	6.53765106670833
A_33_P3222109	XG	5.41094918695833
A_33_P3222635	XGPY2	4.04511092408333
A_33_P3231187	XIAP	7.25424495525
A_32_P345659	XIRP1	4.035647797125
A_23_P108743	XIRP2	4.62748837583333
A_19_P00317451	XIST	10.0236724335
A_23_P45304	XK	7.77408928116667
A_23_P420431	XKR3	4.20420960445833
A_32_P134007	XKR4	7.75979369241667
A_33_P3397155	XKR5	4.12266279379167
A_24_P15325	XKR6	6.30527833525
A_33_P3304948	XKR7	6.853901629
A_23_P149496	XKR8	11.45512744875
A_33_P3225298	XKR9	5.06586466866667
A_32_P416161	XKRX	3.79746780670833
A_21_P0000909	XLOC_000011	11.8175479754167
A_21_P0001251	XLOC_000015	4.86202470533333
A_21_P0001661	XLOC_000036	4.36635937775
A_21_P0001664	XLOC_000041	5.10954147245833
A_21_P0000946	XLOC_000043	4.94977443195833
A_21_P0000949	XLOC_000053	5.70535704558333
A_21_P0001274	XLOC_000105	3.94859464491667
A_21_P0000968	XLOC_000175	4.502383270875
A_21_P0000913	XLOC_000222	4.34481960720833
A_21_P0001685	XLOC_000236	4.11016494520833
A_21_P0001317	XLOC_000247	4.92245679891667
A_21_P0001319	XLOC_000254	4.20255552125
A_21_P0000987	XLOC_000256	4.21255015525
A_21_P0000989	XLOC_000268	4.37682093475
A_21_P0001331	XLOC_000280	4.58960841383333
A_21_P0000993	XLOC_000292	4.17387019104167
A_21_P0001353	XLOC_000318	3.856168790375
A_21_P0000997	XLOC_000319	4.10152850741667
A_21_P0000999	XLOC_000337	7.86416291916667
A_21_P0001002	XLOC_000348	6.13370497316667
A_21_P0001365	XLOC_000350	8.24711647058333
A_21_P0000916	XLOC_000360	4.86172958945833
A_21_P0001700	XLOC_000363	6.18904594908333
A_21_P0001006	XLOC_000364	4.01025196566667
A_21_P0001016	XLOC_000391	5.62247599541667
A_21_P0001018	XLOC_000397	3.88194664733333
A_21_P0001032	XLOC_000473	4.42493316470833
A_21_P0000919	XLOC_000480	7.42368739175
A_21_P0001036	XLOC_000497	4.86118226966667
A_21_P0001709	XLOC_000505	6.27667126683333
A_21_P0001044	XLOC_000508	3.87679596858333
A_21_P0001048	XLOC_000514	4.57393011775
A_21_P0001711	XLOC_000527	8.583175119125
A_21_P0001056	XLOC_000550	5.51732502454167
A_21_P0001059	XLOC_000554	4.534784745375
A_21_P0001062	XLOC_000561	3.65105299391667
A_21_P0001064	XLOC_000563	4.16052399379167
A_21_P0000921	XLOC_000572	5.78388261895833
A_21_P0001430	XLOC_000587	3.71787175570833
A_21_P0001439	XLOC_000618	4.05254795025
A_21_P0001078	XLOC_000624	4.1545620045
A_21_P0001448	XLOC_000642	4.093315155
A_19_P00809697	XLOC_000670	4.83167498079167
A_21_P0001464	XLOC_000697	4.198189701
A_21_P0001475	XLOC_000732	3.97864202691667
A_21_P0001113	XLOC_000764	3.98807284116667
A_21_P0001116	XLOC_000766	3.75496960779167
A_21_P0001124	XLOC_000812	7.32912927554167
A_21_P0001126	XLOC_000818	3.97079337770833
A_21_P0001128	XLOC_000822	4.45934601433333
A_21_P0000931	XLOC_000856	4.66166976591667
A_21_P0001529	XLOC_000895	4.09372698554167
A_21_P0001541	XLOC_000910	4.315212113375
A_21_P0001157	XLOC_000928	3.84152051120833
A_21_P0001158	XLOC_000930	4.78667063058333
A_21_P0000933	XLOC_000948	4.16288024466667
A_21_P0001165	XLOC_000956	3.88316866258333
A_21_P0000934	XLOC_000967	4.573825986375
A_21_P0001167	XLOC_000980	4.25067405008333
A_21_P0001176	XLOC_001001	6.44076545454167
A_21_P0001179	XLOC_001030	3.58414574304167
A_21_P0001185	XLOC_001070	4.21638194983333
A_21_P0001593	XLOC_001072	4.52714617533333
A_21_P0001187	XLOC_001079	3.924217527125
A_21_P0001188	XLOC_001080	4.56199698166667
A_21_P0001191	XLOC_001084	4.648395380375
A_21_P0001748	XLOC_001108	3.86064432316667
A_21_P0001749	XLOC_001126	4.01105492120833
A_21_P0001606	XLOC_001134	4.00068830470833
A_21_P0001213	XLOC_001147	5.32740380620833
A_21_P0001214	XLOC_001151	4.93819981033333
A_21_P0001629	XLOC_001219	4.27191779420833
A_21_P0001230	XLOC_001225	4.393454546375
A_21_P0001634	XLOC_001228	3.757949227375
A_21_P0001242	XLOC_001259	4.41977833008333
A_21_P0001245	XLOC_001265	4.88324523170833
A_21_P0001817	XLOC_001331	3.58328920395833
A_21_P0002163	XLOC_001338	4.51305020520833
A_21_P0001825	XLOC_001353	3.89590798254167
A_21_P0002176	XLOC_001362	3.8176615065
A_21_P0002574	XLOC_001364	4.05898430045833
A_21_P0001845	XLOC_001393	3.57992970941667
A_21_P0002191	XLOC_001412	4.20564730125
A_21_P0002586	XLOC_001417	7.021716004625
A_21_P0001852	XLOC_001428	4.75129479383333
A_21_P0001854	XLOC_001436	5.15779110708333
A_21_P0002590	XLOC_001441	4.23029091225
A_21_P0002217	XLOC_001475	3.72264870041667
A_21_P0002220	XLOC_001483	3.31120366329167
A_21_P0001870	XLOC_001505	4.50170384154167
A_21_P0001873	XLOC_001508	4.33553483779167
A_21_P0001878	XLOC_001525	4.40671552308333
A_21_P0001775	XLOC_001532	7.21011253220833
A_19_P00316836	XLOC_001537	4.185014946375
A_21_P0002245	XLOC_001543	4.80411955141667
A_21_P0001885	XLOC_001547	4.076965408375
A_21_P0002253	XLOC_001558	4.14276503875
A_21_P0001890	XLOC_001602	4.87239610425
A_21_P0001892	XLOC_001605	4.2265257625
A_21_P0002605	XLOC_001616	3.90442761133333
A_21_P0001899	XLOC_001620	4.785339947125
A_21_P0001902	XLOC_001625	4.33904836625
A_21_P0001906	XLOC_001632	4.63405588379167
A_21_P0001780	XLOC_001666	3.71077310854167
A_21_P0002294	XLOC_001680	7.4027125305
A_21_P0002298	XLOC_001703	4.12579114170833
A_21_P0001927	XLOC_001707	3.75328020645833
A_19_P00320434	XLOC_001728	4.67746391391667
A_21_P0001936	XLOC_001755	4.51234847241667
A_21_P0002621	XLOC_001765	3.876744110375
A_21_P0001781	XLOC_001776	4.43144088933333
A_21_P0001949	XLOC_001795	4.124986349625
A_21_P0002344	XLOC_001836	4.28270490591667
A_21_P0001963	XLOC_001846	4.043448437625
A_19_P00318187	XLOC_001849	4.13043821858333
A_21_P0001986	XLOC_001928	3.73167663333333
A_21_P0002641	XLOC_001937	4.00643424870833
A_21_P0001992	XLOC_001947	5.43203994695833
A_21_P0002642	XLOC_001958	4.39465762945833
A_21_P0002005	XLOC_001963	3.71766024575
A_21_P0002393	XLOC_001964	4.08888062208333
A_21_P0002006	XLOC_001966	3.7380512505
A_21_P0002397	XLOC_001971	4.25091236029167
A_21_P0002010	XLOC_001974	4.89219863820833
A_21_P0002017	XLOC_001992	4.070073799875
A_21_P0002026	XLOC_002006	3.65096643766667
A_21_P0002649	XLOC_002010	3.59802208533333
A_21_P0002414	XLOC_002019	4.07376746545833
A_21_P0002036	XLOC_002035	4.61591949775
A_21_P0002657	XLOC_002040	4.08669102745833
A_21_P0001786	XLOC_002049	5.34575285408333
A_21_P0002046	XLOC_002076	5.09700793691667
A_21_P0002048	XLOC_002078	4.896896239875
A_21_P0001790	XLOC_002129	5.68662369695833
A_21_P0002061	XLOC_002140	6.38322782425
A_19_P00316538	XLOC_002141	4.095568241
A_19_P00322436	XLOC_002142	3.99749967254167
A_21_P0002670	XLOC_002198	5.135204499125
A_21_P0002671	XLOC_002221	4.082540293125
A_21_P0002083	XLOC_002237	4.6461085825
A_21_P0002084	XLOC_002238	3.878235351875
A_21_P0002093	XLOC_002292	3.95723218333333
A_21_P0002105	XLOC_002326	4.58124040133333
A_21_P0002106	XLOC_002335	4.28223134833333
A_21_P0002682	XLOC_002384	3.89288591825
A_21_P0002522	XLOC_002399	3.95118883416667
A_21_P0002688	XLOC_002433	4.37741725720833
A_21_P0002133	XLOC_002449	4.185260829125
A_21_P0002139	XLOC_002484	5.551874047
A_21_P0002721	XLOC_002562	3.64106739329167
A_21_P0003216	XLOC_002573	6.39030935591667
A_21_P0003220	XLOC_002588	4.38564399345833
A_21_P0002941	XLOC_002606	3.79816665004167
A_21_P0002702	XLOC_002643	7.06074173054167
A_21_P0003230	XLOC_002653	3.82608667275
A_21_P0002744	XLOC_002672	4.882123568
A_21_P0002751	XLOC_002706	3.7459807345
A_21_P0003239	XLOC_002725	3.5724543795
A_21_P0002994	XLOC_002726	3.60442142316667
A_19_P00809368	XLOC_002749	4.9418124335
A_21_P0003007	XLOC_002760	4.26932889729167
A_21_P0002705	XLOC_002769	4.528280081625
A_21_P0003024	XLOC_002793	7.300468441125
A_21_P0002776	XLOC_002856	4.21875937875
A_21_P0003040	XLOC_002865	4.25592663279167
A_21_P0002779	XLOC_002867	3.75830926345833
A_21_P0002781	XLOC_002871	3.87334013625
A_21_P0003042	XLOC_002872	8.685539449125
A_21_P0002783	XLOC_002878	3.945128726875
A_21_P0002788	XLOC_002886	3.93958934233333
A_21_P0002791	XLOC_002904	4.17799504866667
A_21_P0002801	XLOC_002912	7.17259119179167
A_21_P0002805	XLOC_002921	5.562200835625
A_21_P0003077	XLOC_002967	3.91965566108333
A_21_P0002823	XLOC_002968	4.13699792208333
A_19_P00317819	XLOC_002977	3.68757349291667
A_21_P0003097	XLOC_003021	5.53038392233333
A_21_P0002839	XLOC_003045	3.930678438875
A_21_P0003101	XLOC_003047	6.79080957729167
A_21_P0002713	XLOC_003071	3.96019897875
A_21_P0002852	XLOC_003123	4.24268868633333
A_21_P0003292	XLOC_003187	3.92518334266667
A_21_P0003142	XLOC_003199	3.76480243833333
A_21_P0003148	XLOC_003202	3.95774924908333
A_19_P00321316	XLOC_003204	5.94668059691667
A_21_P0002874	XLOC_003220	4.54748412145833
A_21_P0002716	XLOC_003226	4.06462405420833
A_21_P0003302	XLOC_003284	4.09369426841667
A_21_P0002902	XLOC_003314	4.88452604820833
A_21_P0002903	XLOC_003315	4.32258039483333
A_21_P0002906	XLOC_003326	3.9843201135
A_21_P0002719	XLOC_003337	4.11071511308333
A_21_P0003304	XLOC_003343	3.73045746358333
A_21_P0002921	XLOC_003384	4.554376274625
A_21_P0002923	XLOC_003399	5.40033641420833
A_21_P0003316	XLOC_003433	5.49746131895833
A_21_P0003570	XLOC_003453	3.75721741945833
A_19_P00316670	XLOC_003462	5.424811057125
A_21_P0003344	XLOC_003484	3.59383902533333
A_21_P0003835	XLOC_003548	3.9358059715
A_21_P0003836	XLOC_003555	3.889947358
A_19_P00318202	XLOC_003572	3.94677569104167
A_21_P0003382	XLOC_003629	3.888033770375
A_21_P0003401	XLOC_003690	4.43349098320833
A_21_P0003319	XLOC_003737	4.60905153283333
A_21_P0003419	XLOC_003738	4.56419403891667
A_21_P0003428	XLOC_003765	3.60740485066667
A_21_P0003429	XLOC_003770	3.74662389370833
A_21_P0003431	XLOC_003775	4.18155563220833
A_21_P0003866	XLOC_003803	4.76347930025
A_21_P0003435	XLOC_003824	4.90132207716667
A_21_P0003886	XLOC_003863	7.16598835695833
A_21_P0003446	XLOC_003872	6.15532928445833
A_21_P0003891	XLOC_003889	3.591879722
A_21_P0003322	XLOC_003897	4.06530235770833
A_21_P0003748	XLOC_003993	4.30002961233333
A_19_P00317287	XLOC_004018	3.279022894625
A_21_P0003490	XLOC_004040	4.90454754291667
A_21_P0003497	XLOC_004058	5.502627213625
A_21_P0003324	XLOC_004064	4.027812105
A_21_P0003512	XLOC_004087	4.22721629408333
A_21_P0003772	XLOC_004091	3.82142720525
A_21_P0003517	XLOC_004100	4.5879014505
A_21_P0003786	XLOC_004124	4.53001016466667
A_21_P0003903	XLOC_004134	4.045943167875
A_21_P0003915	XLOC_004205	4.06458294158333
A_21_P0003947	XLOC_004249	3.96381275295833
A_21_P0003950	XLOC_004259	4.43539918320833
A_21_P0004220	XLOC_004273	4.753890394875
A_21_P0003968	XLOC_004286	4.53560279604167
A_21_P0004490	XLOC_004308	3.85582334070833
A_21_P0004501	XLOC_004341	3.83236000795833
A_21_P0003989	XLOC_004344	3.99394318595833
A_21_P0003992	XLOC_004351	3.99428806645833
A_21_P0004253	XLOC_004397	3.49316955620833
A_21_P0004504	XLOC_004398	3.77738015016667
A_21_P0004259	XLOC_004412	4.01693278575
A_21_P0004264	XLOC_004421	3.94591105283333
A_21_P0004509	XLOC_004429	3.929580442125
A_21_P0004515	XLOC_004452	4.3104022065
A_21_P0004520	XLOC_004478	4.21175651325
A_21_P0004041	XLOC_004493	3.637374371
A_21_P0004045	XLOC_004509	3.98839080675
A_21_P0004047	XLOC_004512	5.1408906685
A_21_P0003929	XLOC_004525	4.19548620195833
A_21_P0004053	XLOC_004527	3.91969372370833
A_21_P0004297	XLOC_004549	4.41329917375
A_21_P0004531	XLOC_004577	4.515771492375
A_19_P00322942	XLOC_004598	4.69236497979167
A_21_P0003932	XLOC_004607	6.57515915695833
A_21_P0004325	XLOC_004625	4.39099988345833
A_21_P0004532	XLOC_004626	6.53121278583333
A_21_P0004088	XLOC_004706	4.09089915716667
A_21_P0004361	XLOC_004726	4.32330153416667
A_21_P0004100	XLOC_004734	4.17426489708333
A_21_P0004106	XLOC_004743	4.81078639066667
A_21_P0004117	XLOC_004765	4.023134875375
A_21_P0004123	XLOC_004794	5.55417615
A_21_P0003934	XLOC_004800	4.21180903741667
A_21_P0004387	XLOC_004822	4.39510102016667
A_21_P0004388	XLOC_004823	3.45235091283333
A_19_P00320194	XLOC_004829	3.81049072191667
A_21_P0004131	XLOC_004835	3.91802595516667
A_21_P0004132	XLOC_004844	5.27754506325
A_21_P0003937	XLOC_004849	3.90757628683333
A_21_P0003939	XLOC_004860	4.13572982641667
A_21_P0004141	XLOC_004882	5.27939402929167
A_21_P0004143	XLOC_004886	4.38325273458333
A_21_P0004147	XLOC_004896	6.73984077891667
A_21_P0004416	XLOC_004900	4.48834158070833
A_19_P00805108	XLOC_004905	3.625510614
A_21_P0004417	XLOC_004907	3.85507752033333
A_21_P0004418	XLOC_004908	7.99662358291667
A_21_P0004149	XLOC_004916	4.73615661470833
A_21_P0004421	XLOC_004924	4.18810617883333
A_21_P0004164	XLOC_004944	3.71819883870833
A_19_P00315905	XLOC_004951	4.11275199758333
A_21_P0004169	XLOC_004961	3.9134268495
A_21_P0004170	XLOC_004962	3.71934078658333
A_21_P0004173	XLOC_004965	3.90209965566667
A_21_P0004439	XLOC_004984	4.66450011683333
A_19_P00320970	XLOC_005020	5.88549560125
A_21_P0004450	XLOC_005028	3.66323909270833
A_21_P0004456	XLOC_005049	5.77901224908333
A_21_P0004575	XLOC_005052	4.48956808770833
A_21_P0004186	XLOC_005056	4.10212106366667
A_21_P0004479	XLOC_005110	9.90113881154167
A_21_P0004815	XLOC_005125	5.23868652816667
A_21_P0004831	XLOC_005155	3.67361247025
A_21_P0004842	XLOC_005181	4.21154586416667
A_21_P0004636	XLOC_005184	5.16302896845833
A_21_P0004862	XLOC_005214	7.210969541125
A_21_P0004638	XLOC_005225	6.47583853375
A_21_P0004598	XLOC_005299	3.89721918175
A_21_P0004653	XLOC_005306	4.02659582879167
A_21_P0004654	XLOC_005315	4.95044107754167
A_19_P00802433	XLOC_005327	5.62204074704167
A_21_P0004656	XLOC_005329	3.61935554254167
A_21_P0004658	XLOC_005340	4.07594252125
A_21_P0004659	XLOC_005341	3.90998381525
A_21_P0004660	XLOC_005343	4.23099355391667
A_21_P0004603	XLOC_005421	4.12055166525
A_21_P0004921	XLOC_005429	6.05876393333333
A_21_P0004681	XLOC_005454	4.06075077116667
A_21_P0005134	XLOC_005466	4.01195755754167
A_21_P0005135	XLOC_005478	4.22585987208333
A_21_P0004604	XLOC_005485	3.82090679291667
A_21_P0004966	XLOC_005524	4.36541919929167
A_21_P0004969	XLOC_005539	4.927886602875
A_21_P0004710	XLOC_005545	4.32918720145833
A_21_P0004981	XLOC_005567	4.87948911229167
A_21_P0004721	XLOC_005589	3.30809084733333
A_19_P00317144	XLOC_005595	4.11900829383333
A_21_P0004729	XLOC_005602	3.85986838583333
A_21_P0004999	XLOC_005607	4.09821866379167
A_21_P0004730	XLOC_005610	3.60616860275
A_21_P0005005	XLOC_005621	3.74608715354167
A_19_P00802759	XLOC_005690	10.7892716116667
A_21_P0004610	XLOC_005740	4.208602324
A_19_P00321360	XLOC_005747	4.70158161208333
A_21_P0004759	XLOC_005757	4.23193130741667
A_21_P0004612	XLOC_005773	3.86572193508333
A_21_P0004613	XLOC_005777	3.63020379233333
A_19_P00327415	XLOC_005798	4.94810921804167
A_21_P0005174	XLOC_005807	4.48140505054167
A_19_P00316185	XLOC_005810	5.22601234495833
A_21_P0005082	XLOC_005912	3.61585210433333
A_19_P00321348	XLOC_005921	5.28692719470833
A_21_P0004807	XLOC_005935	3.792887727125
A_21_P0005095	XLOC_005942	3.80115533508333
A_19_P00321403	XLOC_005952	4.11276949825
A_21_P0005215	XLOC_005991	7.68973228595833
A_21_P0005555	XLOC_006043	3.960535624875
A_21_P0005227	XLOC_006059	4.142461190125
A_21_P0005234	XLOC_006102	4.096113302375
A_21_P0005384	XLOC_006112	3.95456259316667
A_21_P0005237	XLOC_006139	3.719955961125
A_21_P0005407	XLOC_006187	5.96917882408333
A_21_P0005196	XLOC_006195	4.00393988116667
A_21_P0005417	XLOC_006210	4.24148813958333
A_21_P0005423	XLOC_006229	3.87514650820833
A_21_P0005261	XLOC_006255	3.75676477154167
A_21_P0005267	XLOC_006285	5.87100729379167
A_21_P0005272	XLOC_006315	4.10709872158333
A_21_P0005461	XLOC_006326	6.96586946095833
A_21_P0005469	XLOC_006350	5.31566837025
A_21_P0005597	XLOC_006364	4.03618045929167
A_21_P0005485	XLOC_006389	4.00540876120833
A_21_P0005607	XLOC_006520	4.276590245125
A_21_P0005608	XLOC_006525	5.15435881483333
A_21_P0005321	XLOC_006548	4.04289254270833
A_21_P0005200	XLOC_006568	4.097738670125
A_21_P0005653	XLOC_006705	5.879184601125
A_21_P0005654	XLOC_006709	4.29322124258333
A_21_P0005662	XLOC_006726	4.02717165495833
A_19_P00316667	XLOC_006756	4.069972187875
A_21_P0005615	XLOC_006775	6.96786692983333
A_21_P0005693	XLOC_006790	5.5367071725
A_21_P0005708	XLOC_006817	4.41980570354167
A_21_P0005940	XLOC_006833	4.45558617679167
A_21_P0005717	XLOC_006838	3.84706884870833
A_21_P0005722	XLOC_006844	4.58642878295833
A_21_P0005727	XLOC_006850	4.099838577625
A_21_P0005728	XLOC_006852	5.30031657891667
A_21_P0005735	XLOC_006870	3.93444183658333
A_21_P0005768	XLOC_006935	4.63016932775
A_21_P0005957	XLOC_006951	3.99665311425
A_21_P0005621	XLOC_006980	6.45253754395833
A_19_P00320343	XLOC_007052	4.26406212166667
A_21_P0005818	XLOC_007054	4.83604624279167
A_21_P0005624	XLOC_007093	4.76170508775
A_21_P0005627	XLOC_007123	3.71267434870833
A_21_P0005973	XLOC_007182	3.95761542666667
A_21_P0005899	XLOC_007205	4.622366629
A_21_P0005631	XLOC_007219	4.28162086745833
A_21_P0005997	XLOC_007268	5.55334861245833
A_21_P0005998	XLOC_007280	5.667079963875
A_19_P00321342	XLOC_007290	5.30280316595833
A_21_P0005988	XLOC_007306	3.88817221166667
A_21_P0006147	XLOC_007354	4.25551285941667
A_21_P0006019	XLOC_007408	4.446798908375
A_21_P0006021	XLOC_007420	4.08217286295833
A_21_P0006171	XLOC_007438	4.60996714725
A_21_P0006027	XLOC_007451	5.23109182995833
A_21_P0006028	XLOC_007458	4.04256798929167
A_21_P0006031	XLOC_007465	4.32461520395833
A_21_P0006032	XLOC_007466	4.48898192908333
A_21_P0006362	XLOC_007502	4.82069389175
A_21_P0006372	XLOC_007562	4.23248125208333
A_21_P0006245	XLOC_007615	4.32421989045833
A_21_P0006262	XLOC_007676	4.281832601875
A_21_P0006271	XLOC_007703	4.34488897370833
A_21_P0006078	XLOC_007710	4.74780825429167
A_21_P0006079	XLOC_007722	5.40192602645833
A_21_P0006273	XLOC_007724	5.51846078029167
A_21_P0006080	XLOC_007727	3.95705283970833
A_21_P0006280	XLOC_007739	3.94162773291667
A_21_P0006380	XLOC_007745	4.65481071008333
A_21_P0006081	XLOC_007747	3.51542772091667
A_21_P0006086	XLOC_007769	5.406148178125
A_21_P0006088	XLOC_007770	5.00152073091667
A_21_P0006388	XLOC_007813	4.56297862841667
A_21_P0006474	XLOC_007909	4.679199939
A_21_P0006560	XLOC_007960	4.312944583125
A_21_P0006403	XLOC_007962	3.77321426591667
A_21_P0006563	XLOC_008001	5.191212138875
A_21_P0006504	XLOC_008005	4.11353022808333
A_21_P0006426	XLOC_008013	6.05096826754167
A_21_P0006428	XLOC_008021	4.316158170125
A_21_P0006569	XLOC_008047	11.4287495808333
A_21_P0006572	XLOC_008061	5.58460602420833
A_21_P0006434	XLOC_008074	4.51101701170833
A_19_P00320275	XLOC_008079	6.44371764475
A_21_P0006574	XLOC_008081	3.51214497275
A_21_P0006521	XLOC_008100	4.068521649875
A_21_P0006525	XLOC_008111	5.76483168783333
A_21_P0006577	XLOC_008118	3.78831831641667
A_21_P0006578	XLOC_008151	4.112311997375
A_21_P0006458	XLOC_008205	3.78422975816667
A_21_P0006462	XLOC_008222	4.20011453470833
A_21_P0006463	XLOC_008236	5.53167979483333
A_21_P0006590	XLOC_008276	3.96797359233333
A_21_P0006596	XLOC_008300	3.75806359291667
A_21_P0007041	XLOC_008338	4.938130771375
A_19_P00315529	XLOC_008370	4.13207086216667
A_21_P0006645	XLOC_008371	3.943788904
A_21_P0006614	XLOC_008389	3.60113325654167
A_21_P0007054	XLOC_008433	4.11353714754167
A_21_P0006859	XLOC_008456	3.87370255779167
A_21_P0006871	XLOC_008481	5.522711183125
A_21_P0007061	XLOC_008489	3.78462808595833
A_21_P0007065	XLOC_008501	4.612892137875
A_21_P0006690	XLOC_008539	5.93693640816667
A_21_P0007074	XLOC_008585	4.037277739125
A_21_P0007075	XLOC_008604	3.972601639375
A_21_P0006914	XLOC_008617	10.3285702552083
A_21_P0006706	XLOC_008629	3.94318229916667
A_21_P0006711	XLOC_008648	4.24237363675
A_21_P0006619	XLOC_008662	6.968581696375
A_21_P0006620	XLOC_008667	6.28269529395833
A_21_P0007092	XLOC_008691	4.507218998625
A_21_P0006726	XLOC_008700	3.45892707758333
A_21_P0006624	XLOC_008725	4.472897364125
A_21_P0006966	XLOC_008729	3.72356193825
A_21_P0006740	XLOC_008751	3.88864349895833
A_21_P0006976	XLOC_008752	5.63044528495833
A_21_P0006741	XLOC_008762	3.57291295658333
A_21_P0006982	XLOC_008769	5.291364003125
A_21_P0006749	XLOC_008790	3.884346087
A_21_P0006750	XLOC_008791	4.17659675429167
A_21_P0006756	XLOC_008805	4.7619337665
A_21_P0006762	XLOC_008823	3.90903899204167
A_21_P0007106	XLOC_008844	3.907810246625
A_21_P0007109	XLOC_008873	4.483775326625
A_21_P0006779	XLOC_008901	3.685255869125
A_21_P0006626	XLOC_008916	6.914104364
A_21_P0006784	XLOC_008917	3.70327933216667
A_21_P0006628	XLOC_008923	4.05896241225
A_21_P0006789	XLOC_008938	4.02907657725
A_21_P0006790	XLOC_008943	3.80003696054167
A_21_P0007020	XLOC_008959	4.3972093955
A_21_P0006800	XLOC_008985	4.01669349629167
A_21_P0006806	XLOC_009006	3.98146980383333
A_21_P0007168	XLOC_009021	6.22057924495833
A_21_P0007137	XLOC_009023	7.53514830816667
A_21_P0007138	XLOC_009024	3.79254436425
A_21_P0007180	XLOC_009074	3.85765971658333
A_21_P0007430	XLOC_009080	5.90070480283333
A_21_P0007193	XLOC_009109	3.87723078104167
A_21_P0007435	XLOC_009120	6.21222958895833
A_21_P0007123	XLOC_009132	4.02736986095833
A_21_P0007437	XLOC_009147	6.76120253054167
A_21_P0007223	XLOC_009181	5.470598593875
A_19_P00804359	XLOC_009194	4.89545159108333
A_21_P0007237	XLOC_009215	4.06487556
A_21_P0007129	XLOC_009255	4.075539346
A_21_P0007269	XLOC_009261	4.14225531916667
A_21_P0007272	XLOC_009269	4.40619835233333
A_21_P0007276	XLOC_009280	3.99069706691667
A_21_P0007281	XLOC_009299	4.08345608433333
A_21_P0007295	XLOC_009323	4.07854510816667
A_21_P0007296	XLOC_009325	4.22076657633333
A_21_P0007312	XLOC_009358	4.30998866608333
A_21_P0007314	XLOC_009365	4.54418086983333
A_21_P0007324	XLOC_009385	4.89025758729167
A_21_P0007134	XLOC_009399	4.97996683525
A_21_P0007332	XLOC_009403	4.13316210429167
A_21_P0007340	XLOC_009416	4.05400348916667
A_21_P0007341	XLOC_009417	3.94163473366667
A_21_P0007354	XLOC_009445	4.087268085
A_21_P0007359	XLOC_009457	4.16798488208333
A_21_P0007160	XLOC_009487	4.62649519704167
A_21_P0007467	XLOC_009537	4.72006399625
A_21_P0007136	XLOC_009562	5.81663825775
A_21_P0007164	XLOC_009601	3.8537925695
A_21_P0007821	XLOC_009661	3.89880805754167
A_21_P0007531	XLOC_009682	4.28136266695833
A_21_P0007834	XLOC_009714	4.38390317425
A_21_P0007546	XLOC_009723	6.042990156375
A_21_P0007485	XLOC_009748	3.96509165916667
A_21_P0007569	XLOC_009781	6.62694036879167
A_21_P0007571	XLOC_009787	3.922815176125
A_21_P0007486	XLOC_009791	4.141635037375
A_21_P0007577	XLOC_009797	7.736095832125
A_21_P0007848	XLOC_009858	3.98206507954167
A_21_P0007655	XLOC_009935	4.52244228175
A_21_P0007864	XLOC_009948	4.47502131129167
A_21_P0007703	XLOC_010057	3.58603936445833
A_21_P0007879	XLOC_010084	3.93232134041667
A_21_P0007718	XLOC_010110	4.14329481341667
A_21_P0007720	XLOC_010112	4.46439878741667
A_21_P0007882	XLOC_010123	3.98751728091667
A_21_P0007887	XLOC_010167	4.80949978608333
A_21_P0007891	XLOC_010195	4.266103546875
A_21_P0007509	XLOC_010236	4.39702070404167
A_21_P0007899	XLOC_010243	4.24046444445833
A_21_P0007902	XLOC_010252	3.90489697816667
A_21_P0007800	XLOC_010257	3.747422547125
A_21_P0007919	XLOC_010286	4.21680728216667
A_21_P0007922	XLOC_010293	3.99996948095833
A_21_P0007923	XLOC_010297	3.895675480625
A_21_P0007927	XLOC_010323	5.53654825695833
A_21_P0007931	XLOC_010356	3.811576823875
A_21_P0007932	XLOC_010366	4.912902165625
A_21_P0007944	XLOC_010421	3.575762982125
A_21_P0007945	XLOC_010423	4.879806088125
A_21_P0007947	XLOC_010434	3.788631374375
A_21_P0007911	XLOC_010450	3.82143544408333
A_21_P0008094	XLOC_010455	4.16054702754167
A_21_P0007912	XLOC_010469	4.86927803779167
A_21_P0007961	XLOC_010479	4.03789401516667
A_21_P0007966	XLOC_010494	3.95681150283333
A_21_P0007967	XLOC_010496	4.3496928225
A_21_P0008122	XLOC_010503	4.80216575258333
A_21_P0008123	XLOC_010504	3.76571651475
A_21_P0007970	XLOC_010505	5.362853175625
A_19_P00319929	XLOC_010507	4.03873833683333
A_21_P0007977	XLOC_010543	3.93663372208333
A_21_P0007980	XLOC_010554	5.61471605941667
A_21_P0008139	XLOC_010561	4.28651974854167
A_21_P0007987	XLOC_010570	4.77876179920833
A_21_P0007988	XLOC_010572	4.23194471908333
A_21_P0007994	XLOC_010607	4.45522184104167
A_21_P0007999	XLOC_010635	3.91912581704167
A_21_P0008258	XLOC_010640	3.917649214125
A_21_P0008182	XLOC_010662	3.96799140658333
A_21_P0008005	XLOC_010664	4.300442323875
A_21_P0008007	XLOC_010682	4.94901546333333
A_21_P0008012	XLOC_010686	3.78422789270833
A_21_P0008014	XLOC_010690	3.84774777175
A_21_P0008201	XLOC_010695	4.68427792320833
A_21_P0008215	XLOC_010720	6.73319297795833
A_21_P0008227	XLOC_010743	5.14879017741667
A_21_P0008307	XLOC_010778	4.76871390125
A_21_P0008509	XLOC_010806	3.90956626366667
A_21_P0008331	XLOC_010813	4.40170884629167
A_21_P0008335	XLOC_010828	4.04928332533333
A_21_P0008362	XLOC_010891	4.79736571858333
A_21_P0008523	XLOC_010915	4.46970551041667
A_21_P0008272	XLOC_010917	4.150859774375
A_21_P0008404	XLOC_010952	6.79434457979167
A_21_P0008289	XLOC_010962	5.68786716016667
A_21_P0008276	XLOC_011043	4.29842253029167
A_21_P0008294	XLOC_011047	3.92121344141667
A_21_P0008277	XLOC_011062	4.798185913375
A_21_P0008541	XLOC_011064	4.03600262483333
A_21_P0008278	XLOC_011072	3.771365953
A_21_P0008544	XLOC_011081	4.97138103283333
A_21_P0008282	XLOC_011088	4.062324552
A_21_P0008475	XLOC_011102	4.259769918
A_21_P0008483	XLOC_011117	4.145647092125
A_21_P0008491	XLOC_011135	3.76147412341667
A_21_P0008821	XLOC_011201	4.38856419795833
A_21_P0008554	XLOC_011213	4.02043992004167
A_21_P0008557	XLOC_011278	3.921079603
A_21_P0008650	XLOC_011296	4.00119876141667
A_21_P0008832	XLOC_011305	7.05763111975
A_21_P0008667	XLOC_011344	4.07308256466667
A_21_P0008561	XLOC_011349	3.93214141791667
A_21_P0008675	XLOC_011359	4.262844132
A_21_P0008708	XLOC_011403	4.18500077379167
A_21_P0008717	XLOC_011414	5.94722364825
A_21_P0008725	XLOC_011433	4.07222684979167
A_21_P0008735	XLOC_011470	3.71195085004167
A_21_P0008738	XLOC_011471	4.32150775633333
A_21_P0008742	XLOC_011481	8.21980874158333
A_21_P0008578	XLOC_011488	6.35086801125
A_21_P0008850	XLOC_011510	3.94621344783333
A_21_P0008579	XLOC_011513	4.74346258083333
A_21_P0008754	XLOC_011519	5.44284943395833
A_21_P0008580	XLOC_011521	6.55860118579167
A_21_P0008856	XLOC_011535	9.11918680716667
A_21_P0008862	XLOC_011545	5.79331263333333
A_21_P0008563	XLOC_011552	4.30695030675
A_21_P0008564	XLOC_011554	5.80488594783333
A_21_P0008769	XLOC_011563	4.43697912966667
A_21_P0008772	XLOC_011565	3.6108400055
A_21_P0008565	XLOC_011569	4.23612666554167
A_21_P0008779	XLOC_011577	5.81407095220833
A_21_P0008781	XLOC_011583	4.02389692658333
A_21_P0008784	XLOC_011586	6.426321290125
A_21_P0008788	XLOC_011592	5.79364700420833
A_21_P0008795	XLOC_011600	4.13012192525
A_21_P0008806	XLOC_011616	5.0812073235
A_21_P0008890	XLOC_011679	4.65515591916667
A_21_P0008931	XLOC_011713	3.625252279375
A_21_P0008935	XLOC_011718	5.63040258633333
A_21_P0008936	XLOC_011719	5.344713322875
A_21_P0008939	XLOC_011722	3.76755785975
A_21_P0008874	XLOC_011755	3.79979677945833
A_21_P0009110	XLOC_011765	10.3666591308333
A_21_P0008978	XLOC_011797	4.26686886645833
A_21_P0008989	XLOC_011816	4.34536827941667
A_21_P0008894	XLOC_011818	4.27333766570833
A_21_P0009114	XLOC_011819	6.32692486029167
A_21_P0009115	XLOC_011821	4.12829129625
A_21_P0009000	XLOC_011856	5.22688289358333
A_21_P0009002	XLOC_011865	5.17488609470833
A_21_P0009010	XLOC_011880	4.3489186995
A_21_P0008878	XLOC_011881	4.02973419454167
A_21_P0009056	XLOC_012004	4.84836205558333
A_21_P0009057	XLOC_012005	7.47043074858333
A_21_P0009060	XLOC_012007	3.904461871625
A_21_P0009135	XLOC_012017	5.51492849658333
A_21_P0009069	XLOC_012019	3.85630529141667
A_21_P0009071	XLOC_012020	4.03071870170833
A_21_P0008887	XLOC_012021	4.29479045120833
A_19_P00316349	XLOC_012034	3.81893382254167
A_21_P0009138	XLOC_012043	5.20906037091667
A_21_P0009141	XLOC_012044	4.51880741404167
A_19_P00320628	XLOC_012053	4.07606255229167
A_21_P0009161	XLOC_012120	4.332633176625
A_21_P0009162	XLOC_012139	4.154504727875
A_21_P0009382	XLOC_012142	7.594105402375
A_21_P0009245	XLOC_012197	3.96421591725
A_21_P0009259	XLOC_012255	4.33028871708333
A_21_P0009267	XLOC_012291	5.757594681
A_21_P0009149	XLOC_012296	3.99439859479167
A_21_P0009178	XLOC_012300	4.02128111616667
A_21_P0009272	XLOC_012307	4.05832920454167
A_21_P0009397	XLOC_012324	3.74501325391667
A_19_P00322357	XLOC_012335	8.04893992808333
A_21_P0009299	XLOC_012393	6.20691666166667
A_21_P0009152	XLOC_012440	4.71449031395833
A_21_P0009153	XLOC_012452	4.62462795983333
A_21_P0009319	XLOC_012457	6.26244809366667
A_21_P0009154	XLOC_012506	3.63705554025
A_21_P0009331	XLOC_012515	4.10087918929167
A_21_P0009199	XLOC_012522	4.50158210479167
A_21_P0009333	XLOC_012525	3.725470187625
A_21_P0009334	XLOC_012526	4.20158590695833
A_21_P0009156	XLOC_012563	3.93062216958333
A_21_P0009355	XLOC_012564	4.56016629770833
A_21_P0009206	XLOC_012596	4.504190767375
A_21_P0009597	XLOC_012598	5.763022206625
A_21_P0009455	XLOC_012626	4.20354229175
A_21_P0009421	XLOC_012665	3.83552857929167
A_21_P0009479	XLOC_012678	4.13760363941667
A_21_P0009423	XLOC_012701	4.40305816270833
A_21_P0009495	XLOC_012709	4.618642363
A_19_P00316622	XLOC_012727	4.60211142666667
A_21_P0009620	XLOC_012765	4.862573385125
A_21_P0009554	XLOC_012833	NA
A_21_P0009555	XLOC_012839	6.63482583208333
A_21_P0009425	XLOC_012843	3.89046616375
A_21_P0009426	XLOC_012848	4.26722115120833
A_21_P0009562	XLOC_012852	6.34361742645833
A_21_P0009568	XLOC_012866	3.62483566708333
A_21_P0009587	XLOC_012893	5.01732961925
A_21_P0009592	XLOC_012898	3.9450535925
A_21_P0009644	XLOC_012953	5.73626270104167
A_21_P0009645	XLOC_012977	4.085601661125
A_21_P0009646	XLOC_012983	3.92766538495833
A_21_P0009690	XLOC_012991	6.291432297125
A_21_P0009701	XLOC_013027	3.85013491554167
A_21_P0009785	XLOC_013038	4.76396065883333
A_21_P0009712	XLOC_013043	4.052185947
A_21_P0009792	XLOC_013108	5.4701430075
A_21_P0009667	XLOC_013163	4.414963712375
A_21_P0009735	XLOC_013195	8.06160240483333
A_21_P0009738	XLOC_013218	4.98035766791667
A_21_P0009750	XLOC_013275	6.94823801108333
A_21_P0009657	XLOC_013348	4.88732395033333
A_21_P0009769	XLOC_013350	6.22487224708333
A_21_P0009810	XLOC_013445	3.900200333875
A_21_P0009825	XLOC_013457	4.01922927729167
A_21_P0009942	XLOC_013474	4.65289132445833
A_21_P0009943	XLOC_013480	4.26060969525
A_21_P0009972	XLOC_013559	5.49818651225
A_21_P0009854	XLOC_013566	5.77314950333333
A_21_P0009860	XLOC_013573	4.06725287145833
A_21_P0009993	XLOC_013615	8.397722875125
A_21_P0009876	XLOC_013643	4.18406691683333
A_21_P0009883	XLOC_013657	4.16835574233333
A_21_P0010110	XLOC_013658	3.67350236916667
A_21_P0010010	XLOC_013670	4.85471468954167
A_21_P0009888	XLOC_013679	3.79031434558333
A_21_P0010117	XLOC_013704	3.91778526133333
A_21_P0009901	XLOC_013743	3.63933756745833
A_21_P0010042	XLOC_013754	3.65332935225
A_21_P0009904	XLOC_013772	5.37857256383333
A_21_P0009907	XLOC_013781	4.18092222445833
A_21_P0009908	XLOC_013787	3.96263314379167
A_21_P0010121	XLOC_013788	4.830509417
A_21_P0009909	XLOC_013794	4.29630811258333
A_21_P0009914	XLOC_013804	3.565123678375
A_21_P0010220	XLOC_013853	6.17550316591667
A_21_P0010306	XLOC_013868	5.75899595754167
A_21_P0010155	XLOC_013900	6.20422978120833
A_21_P0010156	XLOC_013905	4.193857698125
A_21_P0010158	XLOC_013918	4.403030683125
A_21_P0010159	XLOC_013919	3.60265993104167
A_21_P0010162	XLOC_013929	6.00357766641667
A_21_P0010311	XLOC_013942	3.758744205125
A_21_P0010251	XLOC_013950	4.58909617266667
A_21_P0010168	XLOC_013973	4.08652901583333
A_21_P0010265	XLOC_013986	8.33484933929167
A_21_P0010190	XLOC_014030	3.94724369529167
A_21_P0010203	XLOC_014072	4.32521208058333
A_21_P0010204	XLOC_014073	4.02558193833333
A_21_P0010136	XLOC_014093	3.79059391658333
A_21_P0010215	XLOC_014110	5.19793386975
A_21_P0010217	XLOC_014118	5.19500366595833
A_21_P0010461	XLOC_014159	5.10518582708333
A_21_P0010328	XLOC_014161	4.78139063616667
A_21_P0010343	XLOC_014170	6.820502579875
A_21_P0010464	XLOC_014197	3.87725579591667
A_21_P0010352	XLOC_014198	3.84138870295833
A_21_P0010418	XLOC_014257	3.69520416129167
A_21_P0010419	XLOC_014263	3.71148401175
A_21_P0010365	XLOC_014265	4.19530952279167
A_21_P0010332	XLOC_014292	4.0781713405
A_21_P0010449	XLOC_014399	4.25621285433333
A_21_P0010508	XLOC_L2_000033	4.04733531195833
A_21_P0010522	XLOC_L2_000116	4.08008966504167
A_21_P0010537	XLOC_L2_000297	3.64620994545833
A_21_P0010545	XLOC_L2_000353	7.65250237729167
A_21_P0010727	XLOC_L2_000423	4.14192519891667
A_21_P0010568	XLOC_L2_000514	3.67876911891667
A_21_P0010572	XLOC_L2_000581	4.52662530895833
A_21_P0010738	XLOC_L2_000604	3.95606375079167
A_21_P0010590	XLOC_L2_000727	3.95217560741667
A_21_P0010754	XLOC_L2_000773	4.563257468625
A_21_P0010761	XLOC_L2_000941	3.90934195633333
A_21_P0010633	XLOC_L2_001011	4.70123937083333
A_21_P0010642	XLOC_L2_001064	4.37001035875
A_21_P0010650	XLOC_L2_001089	5.28925765545833
A_21_P0010664	XLOC_L2_001233	4.02100247916667
A_21_P0010787	XLOC_L2_001302	4.007781806875
A_21_P0010800	XLOC_L2_001421	4.19680540016667
A_21_P0010809	XLOC_L2_001520	4.02808882541667
A_21_P0010813	XLOC_L2_001537	5.44410222795833
A_21_P0010921	XLOC_L2_001592	9.33561216358333
A_21_P0010830	XLOC_L2_001597	7.11140092983333
A_21_P0010835	XLOC_L2_001652	4.06866644154167
A_21_P0010927	XLOC_L2_001683	6.158893021125
A_21_P0010843	XLOC_L2_001760	4.72281497475
A_21_P0010931	XLOC_L2_001816	3.88608346570833
A_21_P0010934	XLOC_L2_001851	4.013783837125
A_21_P0010867	XLOC_L2_001929	7.48224515766667
A_21_P0010873	XLOC_L2_001960	4.16567410391667
A_21_P0010891	XLOC_L2_002033	8.54201900420833
A_21_P0010991	XLOC_L2_002433	4.08733256570833
A_21_P0011031	XLOC_L2_002729	5.39368793866667
A_21_P0011070	XLOC_L2_003188	7.61927129616667
A_21_P0011078	XLOC_L2_003270	4.33850062516667
A_21_P0011090	XLOC_L2_003293	6.88845170304167
A_21_P0011114	XLOC_L2_003400	5.04953101945833
A_21_P0011107	XLOC_L2_003599	6.56625890879167
A_21_P0011152	XLOC_L2_003792	4.0549000165
A_21_P0011207	XLOC_L2_003848	4.47060723304167
A_21_P0011169	XLOC_L2_003881	3.867663690625
A_21_P0011212	XLOC_L2_003894	5.30256394583333
A_21_P0011213	XLOC_L2_003897	4.19717936225
A_21_P0011222	XLOC_L2_003911	4.60467121641667
A_21_P0011223	XLOC_L2_003936	4.47546901420833
A_21_P0011226	XLOC_L2_003944	4.81964309775
A_21_P0011188	XLOC_L2_004010	4.71873611245833
A_21_P0011190	XLOC_L2_004050	4.06056870195833
A_21_P0011191	XLOC_L2_004063	4.00820636558333
A_21_P0011195	XLOC_L2_004115	5.831027426125
A_21_P0011237	XLOC_L2_004120	4.24838610841667
A_21_P0011275	XLOC_L2_004121	4.90813819645833
A_21_P0011280	XLOC_L2_004212	3.76506247791667
A_21_P0011256	XLOC_L2_004306	7.75501074325
A_21_P0011264	XLOC_L2_004371	5.35516718545833
A_21_P0011393	XLOC_L2_004594	4.498560531625
A_21_P0011309	XLOC_L2_004605	5.31793214829167
A_21_P0011401	XLOC_L2_004611	6.02523322216667
A_21_P0011314	XLOC_L2_004631	10.2302197967083
A_21_P0011334	XLOC_L2_004757	3.59821131441667
A_21_P0011368	XLOC_L2_004870	4.283545608125
A_21_P0011382	XLOC_L2_005020	8.685600218875
A_21_P0011498	XLOC_L2_005295	4.95574279845833
A_21_P0011499	XLOC_L2_005298	5.79285212354167
A_21_P0011459	XLOC_L2_005418	4.29904972375
A_21_P0011545	XLOC_L2_005793	4.172891893625
A_21_P0011628	XLOC_L2_005880	4.60444401233333
A_21_P0011629	XLOC_L2_005916	4.21607727579167
A_21_P0011565	XLOC_L2_005936	3.8739737175
A_21_P0011579	XLOC_L2_006025	4.39398502058333
A_21_P0011590	XLOC_L2_006080	5.76685058358333
A_21_P0011609	XLOC_L2_006196	5.676369806875
A_21_P0011667	XLOC_L2_006574	7.18535931941667
A_21_P0011769	XLOC_L2_006704	4.26200607554167
A_21_P0011724	XLOC_L2_006939	5.870378018375
A_21_P0011732	XLOC_L2_006983	4.84670366183333
A_21_P0011739	XLOC_L2_007013	5.03498311291667
A_21_P0011740	XLOC_L2_007025	4.88588053266667
A_21_P0011780	XLOC_L2_007034	5.19500968929167
A_21_P0011756	XLOC_L2_007088	3.84652818229167
A_21_P0011791	XLOC_L2_007184	4.84404770725
A_21_P0011999	XLOC_L2_007204	4.378170677125
A_21_P0012000	XLOC_L2_007274	5.494936648
A_21_P0012005	XLOC_L2_007359	4.741780391125
A_21_P0011846	XLOC_L2_007541	3.687858403125
A_21_P0011855	XLOC_L2_007571	4.19253152145833
A_21_P0011858	XLOC_L2_007585	4.20135183879167
A_21_P0012034	XLOC_L2_007693	4.690478095375
A_21_P0012036	XLOC_L2_007706	4.252270807875
A_21_P0012048	XLOC_L2_007834	5.28131591441667
A_19_P00316159	XLOC_L2_007876	9.81504112483333
A_19_P00319044	XLOC_L2_007880	3.92569210370833
A_21_P0011903	XLOC_L2_007884	4.2895089525
A_21_P0012057	XLOC_L2_007907	4.10035008295833
A_21_P0012058	XLOC_L2_007928	4.582316031875
A_21_P0012064	XLOC_L2_007986	4.14330117429167
A_21_P0011913	XLOC_L2_008008	5.62574329258333
A_21_P0011927	XLOC_L2_008088	3.559640509125
A_21_P0012076	XLOC_L2_008190	4.01625640516667
A_21_P0012085	XLOC_L2_008221	4.17829595516667
A_21_P0012088	XLOC_L2_008226	4.952416602
A_21_P0012091	XLOC_L2_008261	5.05029414154167
A_21_P0011975	XLOC_L2_008321	4.19570925395833
A_21_P0011980	XLOC_L2_008381	5.34009318629167
A_21_P0011986	XLOC_L2_008405	4.19962064325
A_19_P00316183	XLOC_L2_008434	5.02116242895833
A_21_P0012110	XLOC_L2_008546	4.33998698741667
A_21_P0012131	XLOC_L2_008692	4.61298510791667
A_21_P0012161	XLOC_L2_008759	NA
A_21_P0012166	XLOC_L2_008910	4.30639963916667
A_21_P0012194	XLOC_L2_009181	3.840739053625
A_21_P0012198	XLOC_L2_009182	3.97009107925
A_21_P0012231	XLOC_L2_009198	3.863740454625
A_19_P00320814	XLOC_L2_009205	4.33024499020833
A_21_P0012232	XLOC_L2_009216	3.67302268966667
A_21_P0012318	XLOC_L2_009320	4.58891494379167
A_21_P0012359	XLOC_L2_009539	4.30561039504167
A_21_P0012373	XLOC_L2_009658	3.84572507979167
A_19_P00319765	XLOC_L2_009762	4.70984783958333
A_21_P0012495	XLOC_L2_009811	5.36171083645833
A_21_P0012404	XLOC_L2_009899	5.72353263333333
A_19_P00323040	XLOC_L2_009979	4.338377236375
A_21_P0012518	XLOC_L2_010014	4.384239663625
A_21_P0012529	XLOC_L2_010097	3.85882688008333
A_21_P0012545	XLOC_L2_010258	4.08119731241667
A_21_P0012546	XLOC_L2_010270	3.92279458583333
A_21_P0012465	XLOC_L2_010386	3.93714774754167
A_19_P00322454	XLOC_L2_010405	3.943968548625
A_21_P0012559	XLOC_L2_010463	4.25478992420833
A_19_P00319829	XLOC_L2_010511	7.3330609335
A_21_P0012573	XLOC_L2_010586	3.96536362829167
A_21_P0012713	XLOC_L2_010591	3.76143624216667
A_21_P0012719	XLOC_L2_010625	3.98851455558333
A_21_P0012747	XLOC_L2_010855	3.92408154829167
A_21_P0012619	XLOC_L2_010863	4.83799605233333
A_21_P0012752	XLOC_L2_010885	3.932783987125
A_21_P0012761	XLOC_L2_010989	5.60240636233333
A_21_P0012764	XLOC_L2_011007	4.16943792179167
A_21_P0012664	XLOC_L2_011102	5.62698925479167
A_21_P0012779	XLOC_L2_011195	5.33561551620833
A_21_P0012792	XLOC_L2_011263	3.9488839565
A_21_P0012685	XLOC_L2_011291	4.43178747358333
A_21_P0012697	XLOC_L2_011361	4.36809960133333
A_21_P0012817	XLOC_L2_011413	4.02225168570833
A_21_P0012956	XLOC_L2_011793	4.77098257745833
A_21_P0012958	XLOC_L2_011798	4.20726468983333
A_21_P0012864	XLOC_L2_011854	4.21537352416667
A_21_P0012869	XLOC_L2_011873	6.01416051775
A_21_P0012983	XLOC_L2_012023	5.61147741033333
A_21_P0012910	XLOC_L2_012081	8.63940821495833
A_21_P0012997	XLOC_L2_012135	5.0166805945
A_21_P0013001	XLOC_L2_012159	4.50888720229167
A_21_P0012923	XLOC_L2_012173	3.665283953375
A_21_P0013122	XLOC_L2_012378	6.03883889275
A_21_P0013022	XLOC_L2_012518	3.928695849
A_21_P0013024	XLOC_L2_012552	4.18081028395833
A_21_P0013025	XLOC_L2_012570	3.74007460995833
A_21_P0013133	XLOC_L2_012605	4.14133682041667
A_21_P0013059	XLOC_L2_012855	4.285598280625
A_21_P0013062	XLOC_L2_012871	4.85756644783333
A_21_P0013063	XLOC_L2_012875	4.05872123925
A_21_P0013138	XLOC_L2_012897	3.9103688705
A_21_P0013066	XLOC_L2_012911	4.94570779583333
A_21_P0013068	XLOC_L2_012919	4.265482138125
A_21_P0013142	XLOC_L2_013029	3.90348230583333
A_21_P0013087	XLOC_L2_013031	7.614501332
A_21_P0013146	XLOC_L2_013062	3.821694383875
A_21_P0013095	XLOC_L2_013124	4.25644125779167
A_21_P0013098	XLOC_L2_013125	3.89629991166667
A_21_P0013368	XLOC_L2_013295	3.917168519
A_21_P0013374	XLOC_L2_013302	4.01685681841667
A_21_P0013226	XLOC_L2_013458	3.92740612779167
A_21_P0013388	XLOC_L2_013484	3.60853763433333
A_21_P0013402	XLOC_L2_013560	3.508323256
A_21_P0013404	XLOC_L2_013564	3.97500001904167
A_21_P0013408	XLOC_L2_013648	4.608975952
A_21_P0013411	XLOC_L2_013696	4.31770692283333
A_21_P0013414	XLOC_L2_013730	4.872557621625
A_19_P00315631	XLOC_L2_013734	3.95652104625
A_21_P0013290	XLOC_L2_013751	4.97175811191667
A_19_P00801735	XLOC_L2_013783	7.16016466558333
A_21_P0013297	XLOC_L2_013795	3.771482058625
A_21_P0013435	XLOC_L2_013873	6.45693324354167
A_21_P0013448	XLOC_L2_013963	3.980508101625
A_19_P00800629	XLOC_L2_013972	3.91184218175
A_21_P0013455	XLOC_L2_014048	5.897123501375
A_21_P0013458	XLOC_L2_014061	3.87391991691667
A_21_P0013460	XLOC_L2_014077	6.78754593408333
A_21_P0013468	XLOC_L2_014101	6.53533878225
A_21_P0013537	XLOC_L2_014182	4.62914394720833
A_21_P0013539	XLOC_L2_014219	3.975802981125
A_21_P0013499	XLOC_L2_014289	5.463929579
A_21_P0013503	XLOC_L2_014372	4.341561447375
A_21_P0013522	XLOC_L2_014579	5.75112377045833
A_19_P00320966	XLOC_L2_014645	5.09562906329167
A_21_P0013689	XLOC_L2_014694	5.18984464154167
A_21_P0013566	XLOC_L2_014777	4.00813616945833
A_21_P0013573	XLOC_L2_014821	4.84135210058333
A_21_P0013702	XLOC_L2_014876	4.37258712229167
A_21_P0013599	XLOC_L2_015033	4.89980850895833
A_21_P0013610	XLOC_L2_015075	5.26595993970833
A_19_P00315627	XLOC_L2_015098	7.2304028465
A_21_P0013627	XLOC_L2_015148	9.17825632145833
A_21_P0013639	XLOC_L2_015196	6.56542147266667
A_21_P0013644	XLOC_L2_015205	4.33050993045833
A_21_P0013730	XLOC_L2_015220	4.8952339955
A_21_P0013664	XLOC_L2_015239	3.88556670729167
A_21_P0013734	XLOC_L2_015288	4.29540812470833
A_21_P0013673	XLOC_L2_015303	3.87126644354167
A_21_P0013740	XLOC_L2_015315	4.20434455558333
A_21_P0013741	XLOC_L2_015322	3.9559464575
A_21_P0013683	XLOC_L2_015336	4.197518155375
A_21_P0013744	XLOC_L2_015373	3.558725810125
A_21_P0013778	XLOC_L2_015578	5.21872150658333
A_21_P0013792	XLOC_L2_015628	7.29995556875
A_21_P0013808	XLOC_L2_015673	4.24525347645833
A_21_P0013823	XLOC_L2_015766	3.81462908304167
A_21_P0013873	XLOC_L2_015842	4.85565086529167
A_23_P60283	XPA	8.05988840954167
A_24_P88921	XPC	8.36317947854167
A_23_P331253	XPNPEP1	9.908279789875
A_24_P211709	XPNPEP2	4.45302035066667
A_21_P0000158	XPNPEP3	7.16392041754167
A_23_P40078	XPO1	9.64426596454167
A_24_P333716	XPO4	6.90550100033333
A_23_P256855	XPO5	7.83840641375
A_23_P325438	XPO6	8.38832182395833
A_33_P3211473	XPO7	11.3065401033333
A_23_P340722	XPOT	9.083943413375
A_24_P702813	XPR1	11.7569335129167
A_23_P153692	XRCC1	12.5472263175
A_33_P3241190	XRCC2	5.91693612729167
A_33_P3363515	XRCC3	10.7474355958333
A_23_P122174	XRCC4	7.61342527595833
A_24_P345498	XRCC5	8.60329677470833
A_23_P120942	XRCC6	14.3675163545833
A_23_P53363	XRCC6BP1	9.17539241691667
A_23_P319792	XRN1	8.432452509875
A_23_P166135	XRN2	9.667640331375
A_33_P3333667	XRRA1	5.79020216929167
A_23_P345710	XXYLT1	9.06509165541667
A_23_P212423	XYLB	4.993383067
A_23_P15582	XYLT2	9.29655849708333
A_33_P3314161	YAF2	9.06431788020833
A_23_P104762	YAP1	4.75151034870833
A_23_P379550	YARS	10.0775161985833
A_23_P151093	YARS2	8.740335540875
A_32_P18547	YBEY	8.37882652795833
A_24_P101391	YBX1	12.1811472795833
A_23_P49865	YBX2	8.12869735066667
A_24_P92367	YDJC	9.98726760675
A_23_P69437	YEATS2	8.270910325125
A_23_P87591	YEATS4	9.67962863916667
A_24_P48403	YES1	8.05177235666667
A_23_P47226	YIF1A	11.5526531929167
A_23_P153628	YIF1B	7.876296281625
A_23_P200239	YIPF1	11.26931540875
A_33_P3273364	YIPF2	9.106093038625
A_33_P3394203	YIPF3	9.46844016091667
A_24_P328969	YIPF5	9.61069568925
A_23_P431319	YIPF6	11.11806742
A_32_P488818	YIPF7	4.31484679266667
A_33_P3382944	YJEFN3	7.164434122375
A_24_P372048	YKT6	11.37308819375
A_33_P3402354	YLPM1	6.89870206245833
A_23_P104201	YME1L1	9.10104472608333
A_32_P178945	YOD1	9.80744998895833
A_33_P3257165	YPEL1	10.17744186025
A_24_P787947	YPEL2	7.19168051358333
A_23_P15108	YPEL3	10.0820378035833
A_24_P21770	YPEL4	7.41179469470833
A_23_P108835	YPEL5	10.9137171241667
A_23_P62840	YRDC	10.9251074191667
A_24_P63078	YSK4	3.62805477845833
A_32_P352697	YTHDC1	7.91329506833333
A_33_P3420747	YTHDC2	9.5406333285
A_33_P3407105	YTHDF1	8.05570067295833
A_23_P103414	YTHDF2	11.5022527570833
A_33_P3264419	YTHDF3	11.5148596583333
A_23_P120414	YWHAB	13.3777562483333
A_33_P3407636	YWHAE	6.60874868979167
A_24_P106681	YWHAG	14.8152519991667
A_23_P103070	YWHAH	12.09997899375
A_23_P131723	YWHAQ	13.7644370633333
A_32_P198923	YWHAZ	11.5296466066667
A_33_P3315600	YY1	10.355578595
A_23_P103661	YY1AP1	10.9798318133333
A_33_P3283231	YY2	7.21124047058333
A_23_P316064	ZACN	4.62049005695833
A_24_P22746	ZADH2	10.026738095
A_23_P318300	ZAK	5.99746264766667
A_33_P3221019	ZAN	5.3881036065
A_24_P169234	ZAP70	4.27293376620833
A_23_P349398	ZAR1	5.14284899525
A_33_P3313476	ZAR1L	4.88234216658333
A_23_P61031	ZBBX	5.26075749875
A_23_P217507	ZBED1	6.88108641233333
A_23_P113793	ZBED2	4.110940808875
A_23_P93032	ZBED3	10.9883040883333
A_33_P3398822	ZBED4	7.813456403125
A_23_P98483	ZBED5	12.31073275
A_21_P0000092	ZBED6	9.79475062979167
A_23_P259141	ZBP1	4.33080975591667
A_24_P64918	ZBTB1	5.11244418620833
A_33_P3613000	ZBTB10	6.478755741125
A_23_P109774	ZBTB11	9.09301152354167
A_23_P111155	ZBTB12	4.92002172420833
A_23_P104804	ZBTB16	7.57305681425
A_23_P654	ZBTB17	10.4510671554167
A_23_P82108	ZBTB2	6.7973277585
A_23_P40866	ZBTB20	5.18701427641667
A_21_P0000867	ZBTB20-AS1	8.72830843425
A_23_P111188	ZBTB22	7.63798998
A_23_P134147	ZBTB24	6.49715635595833
A_23_P48628	ZBTB25	5.75029382558333
A_23_P71830	ZBTB26	4.44772482554167
A_33_P3295415	ZBTB3	8.10168185429167
A_33_P3289167	ZBTB32	5.47153305504167
A_24_P314351	ZBTB33	9.14936450179167
A_32_P194779	ZBTB34	10.028973880375
A_23_P137504	ZBTB37	6.42772880208333
A_33_P3341474	ZBTB38	4.72126014879167
A_23_P13683	ZBTB39	6.18905419991667
A_23_P100654	ZBTB4	9.68110002154167
A_33_P3275000	ZBTB40	7.19990079958333
A_32_P108826	ZBTB41	7.68459395108333
A_33_P3289128	ZBTB42	5.352114657875
A_24_P149713	ZBTB43	8.9629105555
A_23_P202945	ZBTB44	6.55180780508333
A_23_P164623	ZBTB45	12.1101147620833
A_33_P3266674	ZBTB46	9.80725315929167
A_24_P71700	ZBTB47	9.86208153658333
A_33_P3253264	ZBTB48	8.965682728375
A_23_P216476	ZBTB5	11.1180123016667
A_23_P83234	ZBTB6	6.55807357229167
A_33_P3283780	ZBTB7A	5.578583311375
A_23_P11729	ZBTB7B	4.96980902416667
A_33_P3402304	ZBTB7C	6.84973370970833
A_33_P3475737	ZBTB8A	9.8341242745
A_33_P3353547	ZBTB8B	4.73094068591667
A_33_P3217307	ZBTB8OS	7.29812620458333
A_23_P8119	ZBTB9	7.07536966766667
A_24_P318134	ZC3H10	8.00020086508333
A_32_P130265	ZC3H11A	9.82181901925
A_33_P3214720	ZC3H12A	5.767725785375
A_23_P388993	ZC3H12C	8.52269273958333
A_32_P65533	ZC3H12D	4.213506554875
A_33_P3281139	ZC3H13	5.75503854329167
A_24_P241330	ZC3H14	9.463696184625
A_23_P56380	ZC3H15	11.6629850770833
A_23_P3502	ZC3H18	8.62851787116667
A_33_P3423820	ZC3H3	10.7227516683333
A_24_P220618	ZC3H4	10.5145642820833
A_24_P826348	ZC3H6	8.22491917608333
A_23_P26336	ZC3H7A	11.0430766675
A_23_P218807	ZC3H7B	5.07522905170833
A_33_P3397418	ZC3HAV1	5.15943936245833
A_23_P31532	ZC3HAV1L	8.50340251420833
A_23_P215088	ZC3HC1	9.538237925
A_23_P62188	ZC4H2	10.6604021841667
A_33_P3883912	ZCCHC10	8.78935260175
A_33_P3235701	ZCCHC11	6.61243238391667
A_23_P125809	ZCCHC12	9.54159959445833
A_32_P11096	ZCCHC13	4.04232232258333
A_23_P100420	ZCCHC14	9.01716096395833
A_23_P96976	ZCCHC17	12.27467227625
A_32_P116989	ZCCHC18	8.268451827875
A_32_P134290	ZCCHC2	6.82514742116667
A_23_P335452	ZCCHC24	5.43728039625
A_24_P399694	ZCCHC3	9.19507135079167
A_24_P248863	ZCCHC4	5.450167099875
A_23_P123727	ZCCHC6	4.85891433408333
A_23_P124855	ZCCHC7	6.23604209579167
A_23_P64669	ZCCHC8	9.571687783625
A_23_P156156	ZCCHC9	8.97624619983333
A_33_P3341329	ZCRB1	8.01949374479167
A_33_P3404531	ZCWPW1	6.762818733125
A_33_P3383149	ZCWPW2	4.188764298375
A_32_P68504	ZDBF2	8.78664343025
A_23_P66038	ZDHHC1	5.65831039854167
A_24_P153456	ZDHHC11	8.76326780229167
A_33_P3356701	ZDHHC12	8.72988644704167
A_23_P13065	ZDHHC13	9.67351343970833
A_24_P269129	ZDHHC14	9.857815532375
A_33_P3418952	ZDHHC15	5.115276954375
A_23_P150009	ZDHHC16	9.88402482545833
A_23_P314191	ZDHHC17	8.23160549529167
A_23_P51853	ZDHHC18	7.296032938875
A_23_P314789	ZDHHC19	3.48288517804167
A_33_P3267665	ZDHHC2	9.113693301
A_33_P3221177	ZDHHC20	5.50655685591667
A_24_P933492	ZDHHC21	6.9919323355
A_24_P99175	ZDHHC22	6.95788444954167
A_23_P350689	ZDHHC23	4.174436813
A_24_P259276	ZDHHC24	8.15075485008333
A_33_P3327479	ZDHHC3	10.2448801775
A_23_P157147	ZDHHC4	12.0482470141667
A_23_P98532	ZDHHC5	9.74517373720833
A_23_P161183	ZDHHC6	7.28652799758333
A_23_P129389	ZDHHC7	9.97422219075
A_33_P3342613	ZDHHC8	7.31429925254167
A_33_P3502914	ZDHHC8P1	4.994390102125
A_23_P148057	ZDHHC9	10.84537881875
A_33_P3374723	ZEB1	11.6262988583333
A_19_P00811048	ZEB1-AS1	6.959987042
A_33_P3243832	ZEB2	7.13156488304167
A_33_P3256560	ZER1	11.9286177625
A_23_P146050	ZFAND1	8.117228882
A_23_P336992	ZFAND2A	8.85424347054167
A_23_P131299	ZFAND2B	9.506424796875
A_23_P122375	ZFAND3	8.52214287891667
A_23_P1170	ZFAND4	6.280155848625
A_23_P71752	ZFAND5	10.320866455
A_32_P220472	ZFAND6	11.7862184616667
A_33_P3265479	ZFAT	6.60179433758333
A_33_P3237005	ZFAT-AS1	3.84090399820833
A_23_P150950	ZFC3H1	9.25579147591667
A_33_P3212909	ZFHX2	7.69203388833333
A_23_P43095	ZFHX4	10.0712141239583
A_23_P3856	ZFP1	8.322679927
A_23_P77310	ZFP106	11.4717585645833
A_24_P186342	ZFP14	8.42544284916667
A_24_P74064	ZFP161	6.56833271441667
A_23_P133359	ZFP2	7.77797775404167
A_24_P151106	ZFP28	3.84678022766667
A_33_P3309665	ZFP3	7.58511070141667
A_33_P3362861	ZFP30	10.081195356375
A_23_P39237	ZFP36	6.495777989
A_23_P99540	ZFP36L1	6.755359169625
A_23_P101960	ZFP36L2	5.07210585916667
A_23_P254025	ZFP37	6.84886912266667
A_33_P3324495	ZFP41	10.4390394145833
A_23_P395582	ZFP42	3.5885744165
A_23_P69877	ZFP62	9.271294321375
A_23_P120467	ZFP64	8.42778066104167
A_23_P416813	ZFP82	8.02141032391667
A_24_P56052	ZFP91	9.76040494908333
A_33_P3329664	ZFP92	4.685531822875
A_23_P98232	ZFPL1	8.22325100458333
A_33_P3311979	ZFPM1	9.40725614241667
A_24_P311771	ZFR	9.48065005166667
A_23_P332713	ZFR2	7.82862037933333
A_23_P125639	ZFX	4.81235703654167
A_23_P128956	ZFYVE1	10.9222717075
A_24_P286054	ZFYVE16	7.40396556179167
A_23_P65930	ZFYVE19	9.83111628270833
A_24_P85181	ZFYVE20	10.037833222875
A_23_P14273	ZFYVE21	11.5447016929167
A_24_P32118	ZFYVE26	8.571408358
A_23_P323924	ZFYVE27	13.1335023641667
A_21_P0000089	ZFYVE28	6.128798502625
A_23_P251974	ZFYVE9	6.18205699291667
A_23_P49145	ZG16	4.323876089875
A_23_P118203	ZG16B	4.11811356775
A_33_P3417452	ZGLP1	8.714785597125
A_23_P218654	ZGPAT	11.1439636833333
A_23_P43150	ZHX1	9.23223196533333
A_33_P3373214	ZHX1-C8ORF76	7.69812227358333
A_23_P168951	ZHX2	6.42318666370833
A_33_P3342096	ZHX3	7.63626920866667
A_32_P86067	ZIC1	8.91286312066667
A_33_P3250861	ZIC3	5.06861511483333
A_24_P217306	ZIC4	9.86499535308333
A_32_P219942	ZIC5	5.99951339475
A_33_P3278560	ZIK1	7.25330392879167
A_23_P78479	ZIM2	6.39627325058333
A_23_P67103	ZIM3	3.71733610820833
A_33_P3234667	ZKSCAN1	9.91756355529167
A_32_P64096	ZKSCAN2	10.981996405
A_23_P168019	ZKSCAN3	5.86359032970833
A_33_P3268723	ZKSCAN4	6.92081574133333
A_23_P259663	ZKSCAN5	7.79980675733333
A_24_P11100	ZMAT1	5.32620159475
A_23_P346302	ZMAT2	10.6184455733333
A_23_P113283	ZMAT3	5.488758508
A_33_P3216133	ZMAT4	6.10466472791667
A_23_P132248	ZMAT5	8.70409813375
A_23_P138435	ZMIZ1	11.1053681045833
A_24_P29686	ZMIZ2	10.9067715745833
A_23_P137427	ZMPSTE24	10.6549925079167
A_23_P161091	ZMYM1	6.80961275179167
A_24_P237757	ZMYM2	9.3007784655
A_24_P16815	ZMYM3	8.08819914920833
A_23_P104146	ZMYM4	9.74140895583333
A_24_P321634	ZMYM5	6.46147462166667
A_23_P201845	ZMYM6	6.65709827829167
A_24_P370670	ZMYM6NB	5.70190901920833
A_23_P29663	ZMYND10	6.72691391591667
A_23_P75083	ZMYND11	7.448135712875
A_23_P160567	ZMYND12	6.34705120225
A_23_P89570	ZMYND15	5.96137918791667
A_32_P361185	ZMYND17	3.94113945716667
A_24_P158385	ZMYND19	8.89601148491667
A_23_P369666	ZMYND8	9.76280514708333
A_24_P215475	ZNF10	8.336857520125
A_33_P3237403	ZNF100	6.22661092816667
A_23_P142407	ZNF101	6.72955192641667
A_23_P45087	ZNF107	5.34315360445833
A_23_P368779	ZNF114	6.04460476254167
A_33_P3222744	ZNF117	7.52284149491667
A_23_P31335	ZNF12	10.3276303420833
A_24_P935782	ZNF121	6.41183359970833
A_19_P00322236	ZNF124	10.4475198216667
A_33_P3296074	ZNF131	10.9732304433333
A_24_P121846	ZNF132	6.14493666954167
A_33_P3394234	ZNF133	10.3782994083333
A_23_P325661	ZNF134	6.82750320329167
A_23_P348227	ZNF135	4.244897931125
A_23_P67312	ZNF136	8.43354302758333
A_23_P208238	ZNF137P	6.65449839516667
A_23_P59855	ZNF138	5.72117433370833
A_23_P101811	ZNF14	8.23669110170833
A_33_P3237393	ZNF140	4.86790802633333
A_24_P402836	ZNF141	6.58262378816667
A_23_P51051	ZNF142	9.614438544625
A_24_P206736	ZNF143	8.6650687685
A_23_P108028	ZNF146	8.945960877
A_32_P131050	ZNF148	8.90404553279167
A_33_P3233754	ZNF154	4.41694316554167
A_24_P301629	ZNF155	5.068490805375
A_23_P84910	ZNF157	5.25330896520833
A_23_P168864	ZNF16	6.903296367
A_24_P241792	ZNF160	6.92817441041667
A_23_P93269	ZNF165	6.238829191625
A_33_P3222728	ZNF167	7.38902567679167
A_33_P3421365	ZNF169	7.48289105695833
A_24_P169544	ZNF17	7.59394393775
A_24_P193600	ZNF174	7.276055721625
A_23_P332374	ZNF175	5.656457038375
A_24_P168398	ZNF177	8.41961691995833
A_23_P141302	ZNF18	9.17903325895833
A_23_P89921	ZNF180	7.61065641154167
A_23_P50735	ZNF181	6.36130379145833
A_32_P43465	ZNF182	9.38286885283333
A_23_P156620	ZNF184	7.60399685729167
A_23_P11025	ZNF185	5.54203599325
A_23_P145247	ZNF187	9.01414045195833
A_24_P89872	ZNF189	10.0536928264583
A_33_P3326927	ZNF19	7.21398488745833
A_33_P3356631	ZNF192	5.565526611125
A_33_P3264855	ZNF192P1	5.76217224045833
A_23_P122464	ZNF193	10.1030361437917
A_23_P252748	ZNF195	10.4493117070833
A_33_P3222703	ZNF197	7.82735449225
A_23_P142969	ZNF2	6.967863771375
A_33_P3385983	ZNF20	7.772113452625
A_23_P152356	ZNF200	9.02631443508333
A_23_P127652	ZNF202	7.0312030165
A_33_P3221458	ZNF204P	8.75292073625
A_24_P56689	ZNF205	8.58669209616667
A_23_P118690	ZNF207	10.1329305885417
A_23_P165239	ZNF208	5.05524844558333
A_23_P130482	ZNF211	6.69979731425
A_23_P415558	ZNF212	9.083050793125
A_33_P3355831	ZNF213	8.411825848625
A_23_P127840	ZNF214	5.70476647425
A_33_P3310981	ZNF215	5.52660013041667
A_23_P210608	ZNF217	7.495735575375
A_24_P35891	ZNF219	9.882255833625
A_23_P202458	ZNF22	10.6034649754167
A_23_P90320	ZNF221	5.51910199833333
A_23_P125042	ZNF222	6.007706495625
A_24_P99838	ZNF223	7.43251087070833
A_24_P36285	ZNF224	6.48777025995833
A_23_P164674	ZNF225	5.763120036125
A_23_P395555	ZNF226	9.3423054825
A_23_P371011	ZNF227	6.10928044258333
A_24_P147252	ZNF23	7.65296912845833
A_24_P370096	ZNF230	5.43899983441667
A_23_P4294	ZNF232	9.370411272875
A_32_P99311	ZNF233	4.77252793870833
A_23_P153286	ZNF234	9.455542475125
A_33_P3418055	ZNF235	7.06823100770833
A_23_P55601	ZNF236	5.72718274620833
A_24_P299663	ZNF238	5.196838484625
A_23_P86731	ZNF239	8.4377934045
A_24_P113221	ZNF24	10.2409715554167
A_23_P35343	ZNF248	7.81607481004167
A_24_P69691	ZNF25	8.375833437875
A_24_P205019	ZNF250	8.57869613558333
A_24_P49517	ZNF251	7.80085668816667
A_23_P412186	ZNF252	7.8398576425
A_24_P22981	ZNF253	8.26216374933333
A_33_P3252635	ZNF254	9.565492410375
A_23_P16022	ZNF256	6.90087238141667
A_24_P298545	ZNF257	6.33376963083333
A_23_P64232	ZNF259	9.80376998770833
A_24_P21831	ZNF26	7.58683767216667
A_33_P3414127	ZNF260	8.53665151425
A_23_P140978	ZNF263	7.30008175708333
A_33_P3221448	ZNF264	10.309722566125
A_24_P335901	ZNF266	8.58872477825
A_23_P66260	ZNF267	6.70549863479167
A_33_P3412349	ZNF268	7.634303559375
A_32_P42780	ZNF271	9.11237908045833
A_33_P3355821	ZNF273	6.09215450275
A_23_P153251	ZNF274	8.93255225191667
A_24_P194748	ZNF275	7.287713365875
A_33_P3340682	ZNF276	6.743225945375
A_24_P243776	ZNF277	7.99104475045833
A_33_P3273290	ZNF28	7.19253463195833
A_23_P154972	ZNF280A	6.69888478741667
A_33_P3264238	ZNF280B	6.48622695641667
A_23_P314642	ZNF280C	8.73633190291667
A_23_P14708	ZNF280D	6.482008008125
A_23_P311087	ZNF281	10.3813966950417
A_23_P311358	ZNF282	6.14140316854167
A_23_P94911	ZNF283	7.82106342595833
A_33_P3221432	ZNF284	6.879052759875
A_23_P101319	ZNF285	5.85503412645833
A_23_P89327	ZNF286A	7.41507138025
A_33_P3259148	ZNF286B	11.7366565633333
A_23_P4416	ZNF287	6.51537156716667
A_32_P113584	ZNF292	7.16090197916667
A_24_P339869	ZNF295	7.63300092791667
A_32_P15958	ZNF295-AS1	4.15132519758333
A_23_P16058	ZNF296	6.34878030595833
A_33_P3269779	ZNF3	7.8429045045
A_32_P203430	ZNF30	8.63700558379167
A_23_P110699	ZNF300	9.16299060670833
A_19_P00319226	ZNF300P1	3.92851701304167
A_23_P209032	ZNF302	9.72680365145833
A_23_P208288	ZNF304	7.05380742845833
A_23_P417014	ZNF311	4.95311992420833
A_24_P258955	ZNF317	9.82045401608333
A_23_P145175	ZNF318	7.250948919
A_23_P26314	ZNF319	3.978202224875
A_23_P98057	ZNF32	9.53567480729167
A_33_P3629930	ZNF32-AS3	4.11414006583333
A_32_P163533	ZNF322	9.51353317854167
A_23_P214533	ZNF323	6.32444881658333
A_23_P107684	ZNF324	9.28258507833333
A_33_P3394183	ZNF324B	8.810055896
A_23_P85969	ZNF326	8.398007664125
A_33_P3245674	ZNF329	7.45437760091667
A_23_P41359	ZNF330	9.36380367754167
A_33_P3227551	ZNF331	5.79231163629167
A_33_P3379512	ZNF333	6.86204581116667
A_23_P91250	ZNF334	6.76772023520833
A_23_P17382	ZNF335	8.55348560625
A_33_P3333805	ZNF337	7.90649730066667
A_33_P3323101	ZNF33A	7.79644658783333
A_33_P3296871	ZNF33B	10.1374887369167
A_24_P137997	ZNF34	7.507631610875
A_33_P3220095	ZNF341	8.45133242154167
A_23_P218706	ZNF343	6.30846275854167
A_21_P0000780	ZNF345	6.86065022854167
A_33_P3241482	ZNF346	8.69394459
A_33_P3241433	ZNF347	7.07218237058333
A_23_P211785	ZNF35	7.62941625341667
A_23_P78458	ZNF350	8.05492923979167
A_23_P60565	ZNF354A	7.86628389291667
A_23_P94762	ZNF354B	7.38664239054167
A_23_P424126	ZNF354C	4.35689383420833
A_24_P19175	ZNF358	10.8095284366667
A_23_P137543	ZNF362	10.6138824604167
A_24_P226970	ZNF365	4.290422266125
A_23_P407096	ZNF366	4.49466166270833
A_23_P410625	ZNF367	3.55536561354167
A_19_P00808461	ZNF37A	7.36630514195833
A_33_P3315729	ZNF382	7.627453179375
A_23_P319013	ZNF383	6.350584302
A_23_P204355	ZNF384	9.41605067395833
A_24_P403734	ZNF385A	11.8077942533333
A_23_P334857	ZNF385B	4.476703674875
A_23_P113748	ZNF385D	5.47458197083333
A_33_P3220090	ZNF391	4.95966356795833
A_23_P157416	ZNF394	8.640960640125
A_23_P146077	ZNF395	9.51769498975
A_24_P393565	ZNF396	5.978784421875
A_23_P304511	ZNF397	7.95110204916667
A_32_P151875	ZNF398	10.4967393021667
A_23_P208013	ZNF407	5.97499195979167
A_23_P32722	ZNF408	5.58811901370833
A_23_P45234	ZNF41	5.57158274954167
A_23_P54179	ZNF410	10.3378623429167
A_23_P340922	ZNF414	7.483265252875
A_33_P3420053	ZNF415	7.62799279529167
A_23_P55688	ZNF416	7.65772323204167
A_33_P3323347	ZNF417	5.61408482504167
A_23_P27424	ZNF418	7.08580766270833
A_23_P380951	ZNF420	8.28456038195833
A_23_P88880	ZNF423	8.52753297279167
A_24_P941166	ZNF425	9.19661358116667
A_23_P101351	ZNF426	8.13251389329167
A_33_P3339051	ZNF428	12.3318398083333
A_23_P95736	ZNF429	11.1366571820833
A_33_P3340385	ZNF43	3.545192448625
A_23_P56298	ZNF430	5.98960878095833
A_23_P208210	ZNF432	6.741010038
A_23_P27649	ZNF433	6.94074559175
A_23_P218282	ZNF434	8.548298327375
A_23_P51202	ZNF436	8.125710307
A_23_P434430	ZNF439	7.30136440720833
A_33_P3278774	ZNF44	5.75332520995833
A_23_P316582	ZNF441	7.70538326566667
A_23_P101476	ZNF442	5.13843681770833
A_23_P67278	ZNF443	6.0473427935
A_33_P3360555	ZNF444	12.28996674
A_33_P3420035	ZNF445	10.031985906625
A_33_P3263756	ZNF446	10.0410475295417
A_23_P309865	ZNF449	6.76583257579167
A_24_P68415	ZNF45	6.13510306195833
A_33_P3257528	ZNF451	8.297145321375
A_23_P144746	ZNF454	5.26390606979167
A_33_P3642648	ZNF460	6.805109410375
A_33_P3269278	ZNF461	6.309357932125
A_23_P60499	ZNF462	11.8361579666667
A_24_P916718	ZNF467	8.73014649308333
A_33_P3382412	ZNF468	7.05849023254167
A_32_P116556	ZNF469	4.883785211
A_33_P3338036	ZNF470	5.924338859375
A_23_P326009	ZNF471	6.58613820975
A_24_P941376	ZNF473	7.92288703820833
A_33_P3360565	ZNF474	4.35964443070833
A_24_P16249	ZNF479	4.13954305233333
A_23_P415643	ZNF48	9.27466761933333
A_33_P3338011	ZNF480	7.76560002133333
A_33_P3620832	ZNF483	5.73047485375
A_23_P341700	ZNF484	6.642531546875
A_23_P115861	ZNF485	6.18595926583333
A_24_P100016	ZNF486	4.99226824945833
A_33_P3323313	ZNF487P	3.80837412845833
A_23_P23966	ZNF488	7.51710264008333
A_24_P15062	ZNF490	6.97344232975
A_23_P410725	ZNF491	6.51600484608333
A_23_P153855	ZNF492	4.45266730366667
A_23_P319050	ZNF493	7.11577415454167
A_24_P376787	ZNF496	5.988516269125
A_33_P3323323	ZNF497	8.10784234225
A_23_P309246	ZNF498	6.28450753316667
A_24_P126305	ZNF500	9.570515087125
A_33_P3257856	ZNF501	6.54400090716667
A_23_P29384	ZNF502	9.36783815279167
A_33_P3262495	ZNF503	5.78439183879167
A_33_P3569555	ZNF503-AS1	3.99010992466667
A_33_P3331641	ZNF503-AS2	5.18020027720833
A_24_P404487	ZNF506	7.274120138375
A_33_P3305521	ZNF507	5.666074641375
A_24_P201125	ZNF510	4.198054433125
A_32_P182156	ZNF511	7.96458127066667
A_23_P391164	ZNF512	9.344518296125
A_23_P28730	ZNF512B	10.7641842675
A_23_P142671	ZNF513	8.78856535575
A_24_P88775	ZNF514	6.71893523966667
A_33_P3225690	ZNF516	9.60087540641667
A_24_P944320	ZNF517	4.019335088125
A_33_P3331437	ZNF518A	7.34881530541667
A_32_P144421	ZNF518B	9.74719024358333
A_19_P00326179	ZNF519	5.19839424716667
A_23_P159027	ZNF521	10.5241694425
A_23_P376735	ZNF524	9.77914211070833
A_32_P98348	ZNF525	9.35927202420833
A_33_P3225696	ZNF526	15.0092450670833
A_33_P3328154	ZNF527	7.0569898165
A_23_P414713	ZNF528	5.33024719270833
A_23_P433676	ZNF529	9.10545442433333
A_33_P3299421	ZNF530	5.21232897066667
A_21_P0010834	ZNF532	9.620126409125
A_33_P3291524	ZNF534	4.52659715766667
A_23_P130811	ZNF536	3.85120372854167
A_23_P90542	ZNF540	8.57615106425
A_23_P50517	ZNF541	3.97388346175
A_24_P570583	ZNF542	8.74892103770833
A_32_P139229	ZNF543	8.25480685891667
A_24_P324640	ZNF544	8.07639059141667
A_33_P3267740	ZNF546	4.86076005725
A_33_P3352822	ZNF547	6.78218714429167
A_33_P3239148	ZNF548	6.26900610675
A_23_P399146	ZNF549	6.612737291625
A_33_P3257252	ZNF551	5.14183397970833
A_23_P38830	ZNF552	4.84849396891667
A_33_P3322085	ZNF554	4.80704181683333
A_23_P16652	ZNF555	8.08642336870833
A_23_P39454	ZNF556	6.65433103570833
A_32_P177097	ZNF557	9.07880343295833
A_23_P28015	ZNF558	9.561891219375
A_24_P284584	ZNF559	7.475100717375
A_23_P368773	ZNF560	4.57823864691667
A_33_P3359543	ZNF561	8.84118371775
A_33_P3398091	ZNF562	8.03261024495833
A_33_P3242909	ZNF563	5.19667652095833
A_23_P55880	ZNF564	7.75293738579167
A_23_P101615	ZNF565	8.18938016725
A_23_P306956	ZNF566	6.56434921425
A_33_P3343750	ZNF567	7.97015074583333
A_24_P101304	ZNF568	5.031068977625
A_33_P3403773	ZNF569	10.1192259857917
A_23_P39263	ZNF57	7.36348543258333
A_23_P79145	ZNF570	6.04899589354167
A_23_P108342	ZNF571	6.988725493125
A_23_P301360	ZNF572	8.364382743
A_23_P339079	ZNF573	9.86171838529167
A_23_P89931	ZNF574	10.4410211445833
A_23_P401084	ZNF575	8.116995686125
A_24_P293120	ZNF576	8.89410042925
A_23_P309207	ZNF577	6.33821066833333
A_33_P3345132	ZNF578	6.68399732191667
A_33_P3403778	ZNF579	12.9386430979167
A_23_P164797	ZNF580	12.1357386308333
A_23_P4798	ZNF581	9.21646933620833
A_33_P3412055	ZNF582	4.98281371958333
A_23_P67432	ZNF583	6.96741622170833
A_23_P414964	ZNF584	8.41035667516667
A_24_P267522	ZNF585A	7.6722130525
A_33_P3213726	ZNF585B	6.45707320608333
A_23_P107693	ZNF586	6.74117944841667
A_23_P101281	ZNF587	9.81284099820833
A_33_P3350306	ZNF589	6.13009833816667
A_33_P3418726	ZNF592	7.58601177954167
A_23_P34741	ZNF593	11.42607953125
A_23_P321160	ZNF594	6.639301069375
A_23_P155939	ZNF595	7.08018782341667
A_23_P82762	ZNF596	6.42633345466667
A_23_P100292	ZNF598	10.5102857208333
A_33_P3285132	ZNF599	5.097958325375
A_23_P16006	ZNF600	6.07657089283333
A_21_P0010488	ZNF605	7.07141344933333
A_23_P4628	ZNF606	8.54892443029167
A_23_P27810	ZNF607	9.42635269020833
A_23_P169978	ZNF608	8.82630716916667
A_24_P145047	ZNF609	9.20967539083333
A_23_P416751	ZNF610	8.48437618095833
A_24_P173234	ZNF613	8.4651338185
A_33_P3268144	ZNF614	7.43194527216667
A_33_P3327961	ZNF615	7.58128939904167
A_33_P3269806	ZNF616	8.692160021625
A_24_P743802	ZNF618	8.95291943929167
A_23_P405216	ZNF619	5.80082589733333
A_33_P3245784	ZNF620	5.44023546095833
A_24_P340800	ZNF621	7.47676271066667
A_23_P156209	ZNF622	11.0475371975
A_33_P3209030	ZNF623	6.25686231020833
A_23_P153037	ZNF624	7.63626856029167
A_32_P182473	ZNF625	8.61066238704167
A_24_P117138	ZNF626	9.17914561045833
A_23_P135730	ZNF627	11.0587888908333
A_32_P409222	ZNF628	8.80353993358333
A_23_P163820	ZNF629	10.85671144625
A_32_P199767	ZNF630	4.870843838625
A_24_P419177	ZNF638	7.18380149583333
A_33_P3350823	ZNF639	7.57008467341667
A_23_P64785	ZNF641	6.76835661575
A_32_P24709	ZNF642	6.73268813845833
A_23_P160200	ZNF643	7.51207577670833
A_24_P256337	ZNF644	9.554986258875
A_23_P431912	ZNF645	3.89654642854167
A_33_P3239790	ZNF646	6.620029234125
A_23_P208208	ZNF649	7.06334746770833
A_23_P55256	ZNF652	8.83638378520833
A_23_P325676	ZNF653	7.95907827425
A_33_P3268124	ZNF654	8.18299258204167
A_23_P215819	ZNF655	8.72004225370833
A_23_P419202	ZNF658	8.86077554820833
A_32_P375286	ZNF660	7.87602830525
A_33_P3364904	ZNF662	4.18627792920833
A_23_P359655	ZNF664	12.80924645
A_33_P3342862	ZNF664-FAM101A	6.418415231125
A_32_P79591	ZNF665	4.436332098125
A_23_P101623	ZNF667	8.16404922204167
A_33_P3290487	ZNF668	10.93127548375
A_33_P3339687	ZNF669	6.351313462875
A_23_P74981	ZNF670	8.07970838254167
A_33_P3283992	ZNF671	5.018555912625
A_33_P3391429	ZNF672	9.71955924791667
A_33_P3209005	ZNF673	6.81472080333333
A_24_P92558	ZNF674	4.47630200529167
A_23_P339687	ZNF675	8.67779044966667
A_24_P205036	ZNF676	4.50113097554167
A_33_P3231700	ZNF677	4.891922327
A_19_P00808213	ZNF678	7.17602066875
A_33_P3245734	ZNF680	3.92829632891667
A_32_P167904	ZNF681	6.32914194008333
A_23_P28012	ZNF682	6.59052464658333
A_33_P3208970	ZNF683	4.43876492454167
A_23_P11598	ZNF684	6.08184875045833
A_23_P331813	ZNF687	8.79268900520833
A_23_P141044	ZNF688	9.86685337008333
A_23_P129659	ZNF689	8.95943986595833
A_24_P254084	ZNF69	5.64744076983333
A_33_P3313221	ZNF691	7.201362087
A_23_P170978	ZNF692	8.12747904520833
A_23_P35316	ZNF695	5.13080311058333
A_23_P60101	ZNF696	8.81938255933333
A_32_P19716	ZNF697	6.23102482295833
A_33_P3350778	ZNF699	6.07338318425
A_23_P255805	ZNF7	6.986756597375
A_24_P941625	ZNF70	6.60180402791667
A_23_P27636	ZNF700	5.832148828375
A_23_P130444	ZNF701	6.64004842754167
A_24_P344516	ZNF702P	5.76947095991667
A_33_P3385775	ZNF703	4.24693362470833
A_33_P3337144	ZNF704	5.77987687429167
A_33_P3337480	ZNF705A	3.94152443625
A_33_P3275174	ZNF705G	4.45315977320833
A_24_P235305	ZNF706	8.68951923183333
A_23_P83714	ZNF707	7.27424275575
A_24_P365322	ZNF709	7.51593763258333
A_23_P345674	ZNF71	8.69621992141667
A_33_P3423435	ZNF710	6.72510714370833
A_23_P340149	ZNF711	8.433899556125
A_33_P3385782	ZNF713	7.575981645375
A_33_P3230436	ZNF714	9.25464765583333
A_21_P0001371	ZNF717	5.26485344820833
A_23_P124438	ZNF718	4.31248724733333
A_23_P77661	ZNF720	7.64389598325
A_23_P335039	ZNF721	9.77277601225
A_21_P0000112	ZNF726	6.076403902375
A_32_P46191	ZNF727	7.75122559258333
A_24_P126491	ZNF729	5.70163204108333
A_21_P0011686	ZNF730	5.75359619404167
A_24_P281801	ZNF732	6.13925133795833
A_33_P3388067	ZNF735	4.30357881679167
A_24_P897062	ZNF736	5.17731666466667
A_23_P28042	ZNF737	5.426774003
A_33_P3231750	ZNF738	9.65836077066667
A_33_P3291636	ZNF74	8.56727186783333
A_33_P3334108	ZNF740	4.89420778995833
A_33_P3330546	ZNF746	8.37575927658333
A_23_P3819	ZNF747	3.81651755225
A_33_P3311791	ZNF749	6.00452919991667
A_33_P3423420	ZNF750	4.17937466875
A_33_P3285047	ZNF75A	9.06543479520833
A_23_P305938	ZNF75D	8.08284789879167
A_23_P8139	ZNF76	7.030245774125
A_33_P3385765	ZNF763	10.412826717
A_23_P206792	ZNF764	5.69882944404167
A_33_P3289422	ZNF765	7.34674549004167
A_33_P3349716	ZNF766	10.2145889865
A_33_P3340309	ZNF768	11.6728099433333
A_32_P182388	ZNF77	7.754729320875
A_33_P3423425	ZNF770	9.27607855075
A_33_P3267081	ZNF771	11.2048294608333
A_33_P3373046	ZNF772	4.89908723745833
A_23_P153256	ZNF773	8.257695125125
A_33_P3230414	ZNF774	5.46460316683333
A_33_P3289426	ZNF775	12.42125355375
A_33_P3231162	ZNF776	9.96273738191667
A_33_P3215134	ZNF777	8.11947596420833
A_33_P3255627	ZNF780A	5.55196228341667
A_33_P3341836	ZNF780B	6.270878313375
A_23_P419786	ZNF781	7.94570597508333
A_33_P3421325	ZNF782	6.714571779125
A_23_P365418	ZNF783	9.06552604883333
A_33_P3230399	ZNF784	10.1341461930417
A_33_P3289416	ZNF785	4.19035374066667
A_23_P157022	ZNF786	9.22579996454167
A_23_P78835	ZNF787	9.16076062333333
A_33_P3252730	ZNF788	5.08420931375
A_33_P3311770	ZNF789	8.259170445
A_24_P128312	ZNF79	7.18927025133333
A_21_P0000184	ZNF790	6.71286273370833
A_24_P382401	ZNF791	7.079445885375
A_23_P67618	ZNF792	6.67569740891667
A_33_P3385750	ZNF793	8.75796117091667
A_23_P90079	ZNF799	5.45258022804167
A_23_P130466	ZNF8	9.28251671866667
A_23_P256526	ZNF80	4.2606765745
A_33_P3380932	ZNF800	6.48597364479167
A_32_P316136	ZNF804A	5.888572928875
A_24_P374461	ZNF804B	3.579303957125
A_33_P3247599	ZNF805	6.422609610125
A_33_P3210866	ZNF808	7.158077005875
A_33_P3372285	ZNF81	5.479919607125
A_32_P33434	ZNF812	4.09583537345833
A_32_P3998	ZNF813	6.17917123116667
A_33_P3228757	ZNF814	6.33089433520833
A_21_P0013365	ZNF815	5.86144745029167
A_33_P3399019	ZNF816	7.607566560625
A_33_P3220113	ZNF816-ZNF321P	4.08281769783333
A_33_P3217594	ZNF818P	4.6448928685
A_23_P77669	ZNF821	10.47518830375
A_23_P39050	ZNF823	8.07658588058333
A_23_P320290	ZNF827	6.73905454975
A_32_P96435	ZNF829	4.07041212258333
A_33_P3256868	ZNF83	7.838643865375
A_23_P387071	ZNF830	8.82468460225
A_32_P206479	ZNF831	3.40344925441667
A_33_P3322499	ZNF833P	4.90863874183333
A_33_P3247609	ZNF835	5.32494580220833
A_33_P3239512	ZNF836	5.91311915495833
A_33_P3411427	ZNF837	8.48614668754167
A_24_P361158	ZNF839	8.30804875508333
A_23_P105276	ZNF84	8.70897157195833
A_23_P27404	ZNF841	7.54843137441667
A_24_P161144	ZNF843	6.63580990816667
A_33_P3247838	ZNF844	4.83915250083333
A_32_P207428	ZNF845	7.82324620933333
A_33_P3306823	ZNF846	5.82494727825
A_21_P0000673	ZNF847P	4.248246484
A_23_P67702	ZNF85	8.79190177616667
A_24_P450596	ZNF850	5.201676515875
A_33_P3552465	ZNF852	5.78133264595833
A_23_P302207	ZNF853	6.66882098325
A_24_P333421	ZNF862	8.49284651929167
A_33_P3210160	ZNF865	10.2284447791667
A_32_P930685	ZNF876P	5.07570686516667
A_24_P791669	ZNF879	7.59742570645833
A_24_P926783	ZNF880	6.12280180866667
A_33_P3214520	ZNF883	4.967621615
A_33_P3223106	ZNF890P	4.73601461058333
A_32_P790361	ZNF90	4.17275189725
A_23_P501080	ZNF92	9.227327289375
A_33_P3217332	ZNF93	7.92234183975
A_21_P0011731	ZNF98	7.66354108058333
A_24_P358619	ZNF99	6.25552032754167
A_33_P3243248	ZNFX1	6.11418051375
A_24_P161463	ZNFX1-AS1	12.9641166808333
A_23_P111843	ZNHIT1	13.2394241320833
A_33_P3213747	ZNHIT2	7.256436293
A_23_P383435	ZNHIT3	12.9238117941667
A_24_P113686	ZNHIT6	8.79684228825
A_24_P46577	ZNRD1	10.7155390966667
A_33_P3219840	ZNRD1-AS1	5.06160126991667
A_24_P16610	ZNRF1	12.283229775
A_21_P0000536	ZNRF2	5.41029744058333
A_24_P145009	ZNRF2P1	4.32406658466667
A_24_P162373	ZNRF3	8.81163558854167
A_23_P374559	ZNRF4	5.468733254125
A_23_P1912	ZP1	4.17537125283333
A_23_P89132	ZP2	4.21735145466667
A_23_P134419	ZP3	4.93411602333333
A_23_P168726	ZPBP	3.76439287791667
A_23_P77852	ZPBP2	3.46168479179167
A_33_P3261565	ZRANB1	8.94809583270833
A_24_P242299	ZRANB2	11.6734306779167
A_24_P32394	ZRANB3	6.23196453070833
A_23_P85053	ZRSR2	7.38493128529167
A_33_P3277826	ZSCAN1	4.647672753625
A_33_P3407409	ZSCAN10	4.097472769125
A_23_P323898	ZSCAN12	5.58465011675
A_33_P3422113	ZSCAN12P1	8.71261238316667
A_23_P259098	ZSCAN16	7.81908427270833
A_21_P0000526	ZSCAN18	8.02971490504167
A_33_P3229276	ZSCAN2	8.15297424416667
A_23_P23102	ZSCAN20	6.11299442766667
A_23_P111865	ZSCAN21	7.88549212275
A_24_P194730	ZSCAN22	6.105125280375
A_33_P3325135	ZSCAN23	4.824455985
A_24_P942730	ZSCAN29	9.8722065505
A_33_P3302736	ZSCAN30	5.83153828470833
A_24_P185368	ZSCAN4	3.690527322
A_23_P90233	ZSCAN5A	6.142904977
A_33_P3406651	ZSCAN5B	4.63116843520833
A_23_P5976	ZSWIM1	6.13281226308333
A_32_P437041	ZSWIM2	3.43324082870833
A_23_P165984	ZSWIM3	8.60030019491667
A_33_P3233150	ZSWIM4	10.2213964432917
A_23_P383118	ZSWIM5	7.327284634125
A_19_P00322299	ZSWIM6	9.29517815645833
A_33_P3269723	ZSWIM7	8.43949071379167
A_32_P109522	ZUFSP	8.17864611679167
A_23_P64204	ZW10	8.18580525775
A_33_P3433873	ZWILCH	8.82497130195833
A_23_P63789	ZWINT	7.09081770145833
A_23_P502627	ZXDA	4.45675104525
A_33_P3334308	ZXDB	8.90109428620833
A_33_P3295423	ZXDC	7.87984400383333
A_33_P3256490	ZYG11A	4.670595715875
A_23_P426140	ZYG11B	8.94278766654167
A_23_P254888	ZYX	9.747378342375
A_24_P282108	ZZEF1	9.64990030770833
A_23_P11507	ZZZ3	8.30143085208333
