human_id	human	mouse_id	mouse	phenotype_plusAO	percentile_plusAO	n_mice	n_guides	excluded_family
ENSG00000183044	ABAT	ENSMUSG00000057880	Abat	0.783794550972	0.857229969776	38	4	False
ENSG00000165029	ABCA1	ENSMUSG00000015243	Abca1	-0.968961479949	0.286521024445	43	4	False
ENSG00000064687	ABCA7	ENSMUSG00000035722	Abca7	-0.479255132248	0.422901532425	43	4	False
ENSG00000069431	ABCC9	ENSMUSG00000030249	Abcc9	-6.99416218538	0.0166763879315	36	4	False
ENSG00000117528	ABCD3	ENSMUSG00000028127	Abcd3	0.391332047179	0.748899729572	38	4	False
ENSG00000100997	ABHD12	ENSMUSG00000032046	Abhd12	0.244463361225	0.699692454531	36	4	False
ENSG00000140526	ABHD2	ENSMUSG00000039202	Abhd2	-0.89257769601	0.3046556021	37	4	False
ENSG00000075239	ACAT1	ENSMUSG00000032047	Acat1	-1.38408057146	0.210536083568	19	4	False
ENSG00000107897	ACBD5	ENSMUSG00000026781	Acbd5	-1.14579574035	0.249456492921	31	4	False
ENSG00000087085	ACHE	ENSMUSG00000023328	Ache	0.452744484049	0.7690492603	18	4	False
ENSG00000100412	ACO2	ENSMUSG00000022477	Aco2	-1.14959726087	0.248395991304	29	4	False
ENSG00000161533	ACOX1	ENSMUSG00000020777	Acox1	-0.339992877001	0.469669653746	14	4	False
ENSG00000143727	ACP1	ENSMUSG00000044573	Acp1	-3.09818837542	0.0802004348057	36	4	False
ENSG00000068366	ACSL4	ENSMUSG00000031278	Acsl4	-1.83638185551	0.159048730049	37	4	False
ENSG00000184009	ACTG1	ENSMUSG00000062825	Actg1	0.792347548424	0.859403998091	41	4	False
ENSG00000130402	ACTN4	ENSMUSG00000054808	Actn4	-0.439595934711	0.435654064372	39	4	False
ENSG00000115170	ACVR1	ENSMUSG00000026836	Acvr1	-2.73384915771	0.0968503101967	39	4	False
ENSG00000121989	ACVR2A	ENSMUSG00000052155	Acvr2a	0.196067276368	0.681610901957	10	4	False
ENSG00000114739	ACVR2B	ENSMUSG00000061393	Acvr2b	1.10941520596	0.915504533644	52	4	False
ENSG00000139567	ACVRL1	ENSMUSG00000000530	Acvrl1	0.0480571173568	0.625033140676	39	4	False
ENSG00000008277	ADAM22	ENSMUSG00000040537	Adam22	-0.526175013641	0.406092581791	25	4	False
ENSG00000140470	ADAMTS17	ENSMUSG00000058145	Adamts17	-2.33989943401	0.118007317461	37	4	False
ENSG00000160710	ADAR	ENSMUSG00000027951	Adar	-0.96194654753	0.287899676547	39	4	False
ENSG00000197381	ADARB1	ENSMUSG00000020262	Adarb1	-2.29257279161	0.121188822313	38	4	False
ENSG00000164742	ADCY1	ENSMUSG00000020431	Adcy1	0.051212057366	0.626146667374	12	4	False
ENSG00000138031	ADCY3	ENSMUSG00000020654	Adcy3	-0.0672553891557	0.57614401612	42	4	False
ENSG00000173175	ADCY5	ENSMUSG00000022840	Adcy5	-0.515251785944	0.409486186966	35	4	False
ENSG00000087274	ADD1	ENSMUSG00000029106	Add1	-2.90344900423	0.0877830213691	17	4	False
ENSG00000075340	ADD2	ENSMUSG00000030000	Add2	-1.51637704458	0.193992258338	51	4	False
ENSG00000148700	ADD3	ENSMUSG00000025026	Add3	-1.32164021565	0.220398748608	34	4	False
ENSG00000006831	ADIPOR2	ENSMUSG00000030168	Adipor2	-0.132054111353	0.549207275041	18	4	False
ENSG00000156110	ADK	ENSMUSG00000039197	Adk	0.455247759038	0.77026883716	35	4	False
ENSG00000101126	ADNP	ENSMUSG00000051149	Adnp	-3.47589138683	0.0669441645899	25	4	False
ENSG00000128271	ADORA2A	ENSMUSG00000020178	Adora2a	-0.444208434972	0.433559573678	58	4	False
ENSG00000120907	ADRA1A	ENSMUSG00000045875	Adra1a	0.629662638905	0.820907789384	27	4	False
ENSG00000150594	ADRA2A	ENSMUSG00000033717	Adra2a	-0.754445049958	0.338114428125	37	4	False
ENSG00000274286	ADRA2B	ENSMUSG00000058620	Adra2b	0.0625123864076	0.630282623681	40	4	False
ENSG00000043591	ADRB1	ENSMUSG00000035283	Adrb1	-0.315634672428	0.477305265391	53	4	False
ENSG00000169252	ADRB2	ENSMUSG00000045730	Adrb2	0.809054409096	0.862903653428	45	4	False
ENSG00000188778	ADRB3	ENSMUSG00000031489	Adrb3	0.00595735381799	0.606739487778	51	4	False
ENSG00000106624	AEBP1	ENSMUSG00000020473	Aebp1	-0.584052866901	0.386738427276	38	4	False
ENSG00000155966	AFF2	ENSMUSG00000031189	Aff2	-1.13057525217	0.252691022854	30	4	False
ENSG00000144218	AFF3	ENSMUSG00000037138	Aff3	-0.469306436114	0.426772363328	49	4	False
ENSG00000141385	AFG3L2	ENSMUSG00000024527	Afg3l2	-5.64724092614	0.0270693037807	35	4	False
ENSG00000204305	AGER	ENSMUSG00000015452	Ager	-0.692663138513	0.35444615303	42	4	False
ENSG00000006530	AGK	ENSMUSG00000029916	Agk	-0.648518553529	0.36733124768	25	4	False
ENSG00000092847	AGO1	ENSMUSG00000041530	Ago1	-4.84416759859	0.0374622196299	20	4	False
ENSG00000123908	AGO2	ENSMUSG00000036698	Ago2	-1.04003025348	0.271461901479	32	4	False
ENSG00000018510	AGPS	ENSMUSG00000042410	Agps	-0.927815909924	0.296383689485	21	4	False
ENSG00000188157	AGRN	ENSMUSG00000041936	Agrn	-0.0708103108153	0.574818389098	46	4	False
ENSG00000159723	AGRP	ENSMUSG00000005705	Agrp	0.505078523841	0.786812662389	46	4	False
ENSG00000180772	AGTR2	ENSMUSG00000068122	Agtr2	0.855833618976	0.872395142903	17	4	False
ENSG00000177674	AGTRAP	ENSMUSG00000029007	Agtrap	-0.587802694873	0.385624900578	28	4	False
ENSG00000126705	AHDC1	ENSMUSG00000037692	Ahdc1	0.879163057185	0.877061350019	46	4	False
ENSG00000135541	AHI1	ENSMUSG00000019986	Ahi1	-0.389789745053	0.453072803436	30	4	False
ENSG00000106546	AHR	ENSMUSG00000019256	Ahr	0.131767683815	0.657484490164	16	4	False
ENSG00000063438	AHRR	ENSMUSG00000021575	Ahrr	-0.506681840117	0.412402566414	35	4	False
ENSG00000156709	AIFM1	ENSMUSG00000036932	Aifm1	-4.89361194044	0.0367728935787	23	4	False
ENSG00000164022	AIMP1	ENSMUSG00000028029	Aimp1	-0.72117030529	0.346386340739	40	4	False
ENSG00000023516	AKAP11	ENSMUSG00000022016	Akap11	-0.259623682677	0.49814412217	22	4	False
ENSG00000151320	AKAP6	ENSMUSG00000061603	Akap6	1.06507825692	0.909989925235	42	4	False
ENSG00000127914	AKAP9	ENSMUSG00000040407	Akap9	0.125894224454	0.655840712657	31	4	False
ENSG00000117020	AKT3	ENSMUSG00000019699	Akt3	-0.486143799273	0.419773052654	13	4	False
ENSG00000171094	ALK	ENSMUSG00000055471	Alk	-0.779701518406	0.33169839334	31	4	False
ENSG00000137760	ALKBH8	ENSMUSG00000025899	Alkbh8	-1.07996740437	0.262977888541	10	4	False
ENSG00000116127	ALMS1	ENSMUSG00000063810	Alms1	-0.368972056021	0.460178164272	19	4	False
ENSG00000180318	ALX1	ENSMUSG00000036602	Alx1	-0.659257891358	0.364043692667	11	4	False
ENSG00000156150	ALX3	ENSMUSG00000014603	Alx3	-1.11996556941	0.254546900684	48	4	False
ENSG00000052850	ALX4	ENSMUSG00000040310	Alx4	-0.167246564654	0.535897979744	51	4	False
ENSG00000159461	AMFR	ENSMUSG00000031751	Amfr	1.02898076039	0.904475316825	18	4	False
ENSG00000101935	AMMECR1	ENSMUSG00000042225	Ammecr1	1.74686901286	0.970173392014	37	4	False
ENSG00000029534	ANK1	ENSMUSG00000031543	Ank1	-1.52612320763	0.192719656397	41	4	False
ENSG00000145362	ANK2	ENSMUSG00000032826	Ank2	0.5222412958	0.792274245718	39	4	False
ENSG00000151150	ANK3	ENSMUSG00000069601	Ank3	0.446325287011	0.766822206904	37	4	False
ENSG00000185722	ANKFY1	ENSMUSG00000020790	Ankfy1	0.613593037134	0.817089983562	39	4	False
ENSG00000154122	ANKH	ENSMUSG00000022265	Ank	0.980378752779	0.896574579776	27	4	False
ENSG00000167522	ANKRD11	ENSMUSG00000035569	Ankrd11	0.0611158403063	0.629964473196	46	4	False
ENSG00000101745	ANKRD12	ENSMUSG00000034647	Ankrd12	0.644004353844	0.824725595207	22	4	False
ENSG00000134343	ANO3	ENSMUSG00000074968	Ano3	-0.884563656884	0.306564505011	17	4	False
ENSG00000169604	ANTXR1	ENSMUSG00000033420	Antxr1	-1.14848968456	0.248661116708	43	4	False
ENSG00000163297	ANTXR2	ENSMUSG00000029338	Antxr2	-0.160645172586	0.538231083302	37	4	False
ENSG00000100280	AP1B1	ENSMUSG00000009090	Ap1b1	-1.96735635537	0.147065061774	25	4	False
ENSG00000182287	AP1S2	ENSMUSG00000031367	Ap1s2	-0.722447365347	0.346015165173	29	4	False
ENSG00000161203	AP2M1	ENSMUSG00000022841	Ap2m1	-1.36928548749	0.213293387772	35	4	False
ENSG00000042753	AP2S1	ENSMUSG00000008036	Ap2s1	-2.48450212222	0.108780953391	49	4	False
ENSG00000132842	AP3B1	ENSMUSG00000021686	Ap3b1	-1.40614989799	0.207566679039	9	4	False
ENSG00000103723	AP3B2	ENSMUSG00000062444	Ap3b2	-0.3865017603	0.454292380296	35	4	False
ENSG00000100478	AP4S1	ENSMUSG00000020955	Ap4s1	-2.19598993433	0.127710907259	28	4	False
ENSG00000163697	APBB2	ENSMUSG00000029207	Apbb2	0.48946313852	0.781085953656	25	4	False
ENSG00000134982	APC	ENSMUSG00000005871	Apc	1.03331107021	0.905323718119	35	4	False
ENSG00000142192	APP	ENSMUSG00000022892	App	0.405358522342	0.753459886526	39	4	False
ENSG00000169083	AR	ENSMUSG00000046532	Ar	-1.68321684823	0.174213903176	36	4	False
ENSG00000146376	ARHGAP18	ENSMUSG00000039031	Arhgap18	1.38837698453	0.945622779575	36	4	False
ENSG00000134909	ARHGAP32	ENSMUSG00000041444	Arhgap32	0.643201848287	0.824513494883	35	4	False
ENSG00000131089	ARHGEF9	ENSMUSG00000025656	Arhgef9	-4.4108544265	0.0465295084575	24	4	False
ENSG00000117713	ARID1A	ENSMUSG00000007880	Arid1a	-4.37080541634	0.0473248846704	50	4	False
ENSG00000049618	ARID1B	ENSMUSG00000069729	Arid1b	0.864036632484	0.873667744843	41	4	False
ENSG00000189079	ARID2	ENSMUSG00000033237	Arid2	-4.95156945106	0.0358184421231	32	4	False
ENSG00000166233	ARIH1	ENSMUSG00000025234	Arih1	-5.00855666722	0.0353942414762	33	4	False
ENSG00000102931	ARL2BP	ENSMUSG00000031776	Arl2bp	0.417500338204	0.757754918076	45	4	False
ENSG00000138175	ARL3	ENSMUSG00000025035	Arl3	-2.41192324847	0.113765310992	40	4	False
ENSG00000170540	ARL6IP1	ENSMUSG00000030654	Arl6ip1	-0.248303863004	0.502598228962	41	4	False
ENSG00000135931	ARMC9	ENSMUSG00000062590	Armc9	1.33683697611	0.940691447054	39	4	False
ENSG00000143437	ARNT	ENSMUSG00000015522	Arnt	-1.03709394751	0.272045177369	43	4	False
ENSG00000172379	ARNT2	ENSMUSG00000015709	Arnt2	0.725859073238	0.844981176096	41	4	False
ENSG00000113273	ARSB	ENSMUSG00000042082	Arsb	-0.556913433988	0.395434540538	42	4	False
ENSG00000004848	ARX	ENSMUSG00000035277	Arx	1.16965820495	0.923511320855	47	4	False
ENSG00000104763	ASAH1	ENSMUSG00000031591	Asah1	-0.898597758816	0.303170899836	26	4	False
ENSG00000112249	ASCC3	ENSMUSG00000038774	Ascc3	-4.74285614468	0.0396362479453	19	4	False
ENSG00000116539	ASH1L	ENSMUSG00000028053	Ash1l	-0.0598955573052	0.578848295244	22	4	False
ENSG00000141431	ASXL3	ENSMUSG00000045215	Asxl3	-0.930071569155	0.296118564081	31	4	False
ENSG00000138138	ATAD1	ENSMUSG00000013662	Atad1	-2.27818955316	0.122461424254	36	4	False
ENSG00000167654	ATCAY	ENSMUSG00000034958	Atcay	-0.110424595158	0.557956413384	46	4	False
ENSG00000115966	ATF2	ENSMUSG00000027104	Atf2	-0.78146245457	0.331115117451	34	4	False
ENSG00000118217	ATF6	ENSMUSG00000026663	Atf6	-1.05131448157	0.268863672517	35	4	False
ENSG00000057663	ATG5	ENSMUSG00000038160	Atg5	-3.90748768853	0.0564451985789	22	4	False
ENSG00000198513	ATL1	ENSMUSG00000021066	Atl1	-1.27580587768	0.227663184686	30	4	False
ENSG00000172238	ATOH1	ENSMUSG00000073043	Atoh1	0.554415243511	0.801076409142	40	4	False
ENSG00000159363	ATP13A2	ENSMUSG00000036622	Atp13a2	-1.83352605432	0.159207805292	55	4	False
ENSG00000133657	ATP13A3	ENSMUSG00000022533	Atp13a3	-0.881897677494	0.3071477809	30	4	False
ENSG00000163399	ATP1A1	ENSMUSG00000033161	Atp1a1	-0.601353768117	0.381329869028	41	4	False
ENSG00000018625	ATP1A2	ENSMUSG00000007097	Atp1a2	0.627400030841	0.820112413171	30	4	False
ENSG00000105409	ATP1A3	ENSMUSG00000040907	Atp1a3	0.617620818457	0.817991409937	38	4	False
ENSG00000174437	ATP2A2	ENSMUSG00000029467	Atp2a2	-2.87362071162	0.0892677236333	20	4	False
ENSG00000070961	ATP2B1	ENSMUSG00000019943	Atp2b1	0.256191636736	0.70451773689	27	4	False
ENSG00000157087	ATP2B2	ENSMUSG00000030302	Atp2b2	-0.293798386058	0.485736253248	52	4	False
ENSG00000067842	ATP2B3	ENSMUSG00000031376	Atp2b3	-0.949149676975	0.291452356965	36	4	False
ENSG00000017260	ATP2C1	ENSMUSG00000032570	Atp2c1	-0.919513748423	0.298610742881	44	4	False
ENSG00000182220	ATP6AP2	ENSMUSG00000031007	Atp6ap2	-16.3961630609	0.000927938915107	22	4	False
ENSG00000033627	ATP6V0A1	ENSMUSG00000019302	Atp6v0a1	-0.599266575734	0.381913144918	37	4	False
ENSG00000185883	ATP6V0C	ENSMUSG00000024121	Atp6v0c	-18.3874174724	0.000609788429927	40	4	False
ENSG00000114573	ATP6V1A	ENSMUSG00000052459	Atp6v1a	-14.8193455687	0.00188239037065	21	4	False
ENSG00000131100	ATP6V1E1	ENSMUSG00000019210	Atp6v1e1	-3.89370865965	0.056816374145	17	4	False
ENSG00000132932	ATP8A2	ENSMUSG00000021983	Atp8a2	-0.244774363907	0.504454106793	40	4	False
ENSG00000054793	ATP9A	ENSMUSG00000027546	Atp9a	-1.44649296246	0.203059547166	44	4	False
ENSG00000175054	ATR	ENSMUSG00000032409	Atr	-2.92917917976	0.0865634445093	18	4	False
ENSG00000088812	ATRN	ENSMUSG00000027312	Atrn	0.07596261682	0.635532106686	15	4	False
ENSG00000085224	ATRX	ENSMUSG00000031229	Atrx	0.0381618086039	0.620738109126	8	4	False
ENSG00000124788	ATXN1	ENSMUSG00000046876	Atxn1	-0.832168602942	0.318866323771	39	4	False
ENSG00000130638	ATXN10	ENSMUSG00000016541	Atxn10	-8.21262916813	0.0116920303303	38	4	False
ENSG00000204842	ATXN2	ENSMUSG00000042605	Atxn2	0.569435740869	0.804841189883	20	4	False
ENSG00000163635	ATXN7	ENSMUSG00000021738	Atxn7	-1.05098314084	0.268969722679	19	4	False
ENSG00000148090	AUH	ENSMUSG00000021460	Auh	-2.16455069868	0.130892412111	34	4	False
ENSG00000166148	AVPR1A	ENSMUSG00000020123	Avpr1a	-1.02074469755	0.276181133676	43	4	False
ENSG00000198049	AVPR1B	ENSMUSG00000026432	Avpr1b	-0.544003856739	0.398722095551	41	4	False
ENSG00000126895	AVPR2	ENSMUSG00000031390	Avpr2	-0.618844491133	0.375815260618	41	4	False
ENSG00000167601	AXL	ENSMUSG00000002602	Axl	0.352314345637	0.736226735246	40	4	False
ENSG00000149541	B3GAT3	ENSMUSG00000071649	B3gat3	-0.0141239283193	0.598732700567	41	4	False
ENSG00000108641	B9D1	ENSMUSG00000001039	B9d1	0.0580312360535	0.628850946498	29	4	False
ENSG00000175866	BAIAP2	ENSMUSG00000025372	Baiap2	1.28128020281	0.935335913887	38	4	False
ENSG00000163930	BAP1	ENSMUSG00000021901	Bap1	-0.69726462233	0.352961450766	23	4	False
ENSG00000009954	BAZ1B	ENSMUSG00000002748	Baz1b	-0.619385144296	0.375603160295	35	4	False
ENSG00000214413	BBIP1	ENSMUSG00000084957	Bbip1	-2.33346922053	0.118484543189	24	4	False
ENSG00000163093	BBS5	ENSMUSG00000063145	Bbs5	-4.41866169545	0.0464764833766	19	4	False
ENSG00000122507	BBS9	ENSMUSG00000035919	Bbs9	-1.39547835366	0.209369531789	36	4	False
ENSG00000114439	BBX	ENSMUSG00000022641	Bbx	0.703221976148	0.839996818495	32	4	False
ENSG00000185825	BCAP31	ENSMUSG00000002015	Bcap31	-0.68902262756	0.355347579405	37	4	False
ENSG00000141376	BCAS3	ENSMUSG00000059439	Bcas3	-0.521051519874	0.407577284055	28	4	False
ENSG00000083123	BCKDHB	ENSMUSG00000032263	Bckdhb	0.143387489726	0.662097672199	21	4	False
ENSG00000103507	BCKDK	ENSMUSG00000030802	Bckdk	0.221981341767	0.69104936635	36	4	False
ENSG00000119866	BCL11A	ENSMUSG00000000861	Bcl11a	-0.766563985513	0.335038973434	42	4	False
ENSG00000127152	BCL11B	ENSMUSG00000048251	Bcl11b	-0.286075858982	0.488599607614	41	4	False
ENSG00000171791	BCL2	ENSMUSG00000057329	Bcl2	-1.08505784881	0.26165226152	47	4	False
ENSG00000145734	BDP1	ENSMUSG00000049658	Bdp1	-0.428793887895	0.439869558301	13	4	False
ENSG00000126581	BECN1	ENSMUSG00000035086	Becn1	-2.20692248363	0.126862505965	37	4	False
ENSG00000122870	BICC1	ENSMUSG00000014329	Bicc1	-2.12407204721	0.134604167771	38	4	False
ENSG00000136717	BIN1	ENSMUSG00000024381	Bin1	-1.66538715772	0.175857680683	46	4	False
ENSG00000107779	BMPR1A	ENSMUSG00000021796	Bmpr1a	-0.256403491424	0.498833448221	26	4	False
ENSG00000138696	BMPR1B	ENSMUSG00000052430	Bmpr1b	0.250488508543	0.702131608251	21	4	False
ENSG00000171634	BPTF	ENSMUSG00000040481	Bptf	1.78508759852	0.971976244764	32	4	False
ENSG00000157764	BRAF	ENSMUSG00000002413	Braf	-1.53731082998	0.191341004295	21	4	False
ENSG00000100425	BRD1	ENSMUSG00000022387	Brd1	0.23964409079	0.698101702105	40	4	False
ENSG00000141867	BRD4	ENSMUSG00000024002	Brd4	0.200202679872	0.683148629302	14	4	False
ENSG00000078725	BRINP1	ENSMUSG00000028351	Brinp1	-0.0968997918956	0.564266398006	43	4	False
ENSG00000174672	BRSK2	ENSMUSG00000053046	Brsk2	-2.04279611482	0.141444403203	42	4	False
ENSG00000185658	BRWD1	ENSMUSG00000022914	Brwd1	-0.0761998940702	0.572273185217	19	4	False
ENSG00000168000	BSCL2	ENSMUSG00000071657	Bscl2	-0.0965362492515	0.564531523411	40	4	False
ENSG00000172270	BSG	ENSMUSG00000023175	Bsg	-0.267976689303	0.494962617318	40	4	False
ENSG00000183826	BTBD9	ENSMUSG00000062202	Btbd9	-1.40356950789	0.208043904767	27	4	False
ENSG00000125730	C3	ENSMUSG00000024164	C3	0.207473532754	0.685163582374	45	4	False
ENSG00000151067	CACNA1C	ENSMUSG00000051331	Cacna1c	-0.107473035649	0.559441115648	34	4	False
ENSG00000157388	CACNA1D	ENSMUSG00000015968	Cacna1d	0.510459632908	0.788562490058	34	4	False
ENSG00000198216	CACNA1E	ENSMUSG00000004110	Cacna1e	-1.40026965928	0.208680205737	26	4	False
ENSG00000006283	CACNA1G	ENSMUSG00000020866	Cacna1g	-0.897422389008	0.30343602524	56	4	False
ENSG00000153956	CACNA2D1	ENSMUSG00000040118	Cacna2d1	0.514239120537	0.78994114216	28	4	False
ENSG00000007402	CACNA2D2	ENSMUSG00000010066	Cacna2d2	-1.50149891357	0.195423935522	33	4	False
ENSG00000165995	CACNB2	ENSMUSG00000057914	Cacnb2	-1.34644162023	0.217323293918	21	4	False
ENSG00000182389	CACNB4	ENSMUSG00000017412	Cacnb4	-5.04915649957	0.0349700408293	35	4	False
ENSG00000166862	CACNG2	ENSMUSG00000019146	Cacng2	-0.404828885623	0.448141470916	30	4	False
ENSG00000006116	CACNG3	ENSMUSG00000066189	Cacng3	1.2782159366	0.935017763402	36	4	False
ENSG00000142408	CACNG8	ENSMUSG00000053395	Cacng8	-0.0502291363569	0.582825176308	49	4	False
ENSG00000175161	CADM2	ENSMUSG00000064115	Cadm2	0.0434293635588	0.622965162522	31	4	False
ENSG00000081803	CADPS2	ENSMUSG00000017978	Cadps2	-1.30267498401	0.222837902328	43	4	False
ENSG00000198668	CALM1	ENSMUSG00000001175	Calm1	-0.788548570164	0.328994114216	33	4	False
ENSG00000143933	CALM2	ENSMUSG00000036438	Calm2	0.300082843514	0.71867543348	35	4	False
ENSG00000160014	CALM3	ENSMUSG00000019370	Calm3	-3.59535200813	0.0636566095763	35	4	False
ENSG00000130643	CALY	ENSMUSG00000025468	Caly	-0.323047044242	0.474919136752	39	4	False
ENSG00000058404	CAMK2B	ENSMUSG00000057897	Camk2b	-0.014111217038	0.598785725648	45	4	False
ENSG00000148660	CAMK2G	ENSMUSG00000021820	Camk2g	-1.03673209971	0.272151227531	24	4	False
ENSG00000152495	CAMK4	ENSMUSG00000038128	Camk4	-0.691841142325	0.354711278435	28	4	False
ENSG00000143919	CAMKMT	ENSMUSG00000071037	Camkmt	-1.31729380488	0.220716899093	35	4	False
ENSG00000164615	CAMLG	ENSMUSG00000021501	Caml	-8.66911924305	0.0100482528236	36	4	False
ENSG00000171735	CAMTA1	ENSMUSG00000014592	Camta1	-0.486990370605	0.419454902169	35	4	False
ENSG00000147044	CASK	ENSMUSG00000031012	Cask	-0.482143982769	0.421151704756	29	4	False
ENSG00000167971	CASKIN1	ENSMUSG00000033597	Caskin1	-0.997855917095	0.279786839175	38	4	False
ENSG00000036828	CASR	ENSMUSG00000051980	Casr	-0.504395504327	0.413144917546	39	4	False
ENSG00000114423	CBLB	ENSMUSG00000022637	Cblb	-0.675077504597	0.359536560793	29	4	True
ENSG00000132024	CC2D1A	ENSMUSG00000036686	Cc2d1a	0.429759945271	0.761572723898	42	4	False
ENSG00000152492	CCDC50	ENSMUSG00000038127	Ccdc50	-4.64814269316	0.0418633013415	44	4	False
ENSG00000187094	CCK	ENSMUSG00000032532	Cck	0.203922000769	0.684050055676	45	4	False
ENSG00000163394	CCKAR	ENSMUSG00000029193	Cckar	-1.01092819874	0.277824911183	43	4	False
ENSG00000110148	CCKBR	ENSMUSG00000030898	Cckbr	0.0995013674605	0.645023596161	46	4	False
ENSG00000184305	CCSER1	ENSMUSG00000039578	Ccser1	-0.460582260075	0.429317567209	23	4	False
ENSG00000170458	CD14	ENSMUSG00000051439	Cd14	-0.156405536575	0.539821835728	33	4	False
ENSG00000198821	CD247	ENSMUSG00000005763	Cd247	0.847279774106	0.870963465719	32	4	False
ENSG00000139193	CD27	ENSMUSG00000030336	Cd27	0.0438259555341	0.623071212684	41	4	False
ENSG00000135218	CD36	ENSMUSG00000002944	Cd36	-0.474763812869	0.424810435336	23	4	False
ENSG00000167286	CD3D	ENSMUSG00000032094	Cd3d	0.463512634115	0.772495890556	20	4	False
ENSG00000198851	CD3E	ENSMUSG00000032093	Cd3e	1.4814659343	0.953470491542	33	4	False
ENSG00000160654	CD3G	ENSMUSG00000002033	Cd3g	-0.166329657566	0.536004029906	29	4	False
ENSG00000010610	CD4	ENSMUSG00000023274	Cd4	0.482338889082	0.779017975502	33	4	False
ENSG00000101017	CD40	ENSMUSG00000017652	Cd40	-1.86371704215	0.156344450925	40	4	False
ENSG00000117335	CD46	ENSMUSG00000016493	Cd46	0.18722022461	0.678588472347	35	4	False
ENSG00000196776	CD47	ENSMUSG00000055447	Cd47	1.12529413851	0.917254361313	12	4	False
ENSG00000105369	CD79A	ENSMUSG00000003379	Cd79a	0.0861629963232	0.639615037913	40	4	False
ENSG00000007312	CD79B	ENSMUSG00000040592	Cd79b	-0.564492747295	0.393578662707	39	4	False
ENSG00000121594	CD80	ENSMUSG00000075122	Cd80	0.345823118006	0.734264807254	24	4	False
ENSG00000110651	CD81	ENSMUSG00000037706	Cd81	0.129107636357	0.656795164113	39	4	False
ENSG00000168438	CDC40	ENSMUSG00000038446	Cdc40	-2.92954356983	0.0865104194284	26	4	False
ENSG00000070831	CDC42	ENSMUSG00000006699	Cdc42	-4.66519869036	0.0412270003712	11	4	False
ENSG00000170558	CDH2	ENSMUSG00000024304	Cdh2	-2.05875894183	0.140224826343	32	4	False
ENSG00000065883	CDK13	ENSMUSG00000041297	Cdk13	-0.372940518031	0.458958587412	39	4	False
ENSG00000132964	CDK8	ENSMUSG00000029635	Cdk8	-0.764159858517	0.335622249324	39	4	False
ENSG00000145996	CDKAL1	ENSMUSG00000006191	Cdkal1	-0.443414403602	0.434142849568	32	4	False
ENSG00000008086	CDKL5	ENSMUSG00000031292	Cdkl5	-0.719909346189	0.346810541386	21	4	False
ENSG00000147889	CDKN2A	ENSMUSG00000044303	Cdkn2a	-1.51924386221	0.193621082772	55	4	False
ENSG00000064309	CDON	ENSMUSG00000038119	Cdon	-0.265004791744	0.495970093854	37	4	False
ENSG00000092067	CEBPE	ENSMUSG00000052435	Cebpe	-0.986463219409	0.282172967814	44	4	False
ENSG00000048740	CELF2	ENSMUSG00000002107	Celf2	-1.45074700459	0.202370221115	34	4	False
ENSG00000143126	CELSR2	ENSMUSG00000068740	Celsr2	0.362170673128	0.740309666472	47	4	False
ENSG00000154240	CEP112	ENSMUSG00000020728	Cep112	-0.824453702635	0.32066917652	14	4	False
ENSG00000168944	CEP120	ENSMUSG00000048799	Cep120	-4.47525231963	0.0453099315976	38	4	False
ENSG00000110274	CEP164	ENSMUSG00000043987	Cep164	1.65495797515	0.965719285222	45	4	False
ENSG00000111860	CEP85L	ENSMUSG00000038594	Cep85l	-1.82983130856	0.159738056101	34	4	False
ENSG00000165410	CFL2	ENSMUSG00000062929	Cfl2	-1.01442295367	0.277082560051	18	4	False
ENSG00000198824	CHAMP1	ENSMUSG00000047710	Champ1	-1.93836870216	0.150193541545	37	4	False
ENSG00000250479	CHCHD10	ENSMUSG00000049422	Chchd10	0.756020401416	0.851874436609	45	4	False
ENSG00000106153	CHCHD2	ENSMUSG00000070493	Chchd2	-0.631248159388	0.372156530039	54	4	False
ENSG00000173575	CHD2	ENSMUSG00000078671	Chd2	-0.782435291296	0.330743941885	30	4	False
ENSG00000111642	CHD4	ENSMUSG00000063870	Chd4	3.53828852429	0.997640383902	34	4	False
ENSG00000171316	CHD7	ENSMUSG00000041235	Chd7	0.581103002229	0.808499920462	33	4	False
ENSG00000100888	CHD8	ENSMUSG00000053754	Chd8	-1.27412544629	0.228034360252	39	4	False
ENSG00000134121	CHL1	ENSMUSG00000030077	Chl1	-2.72966036682	0.0970624105202	23	4	False
ENSG00000128656	CHN1	ENSMUSG00000056486	Chn1	0.0674757180309	0.632350601835	42	4	False
ENSG00000187446	CHP1	ENSMUSG00000014077	Chp1	-0.234348571016	0.508377962776	46	4	False
ENSG00000181072	CHRM2	ENSMUSG00000045613	Chrm2	0.414886051357	0.756853491702	33	4	False
ENSG00000138435	CHRNA1	ENSMUSG00000027107	Chrna1	-0.386838185544	0.454186330134	37	4	False
ENSG00000120903	CHRNA2	ENSMUSG00000022041	Chrna2	-1.47713562449	0.198234264807	46	4	False
ENSG00000080644	CHRNA3	ENSMUSG00000032303	Chrna3	-0.112364336679	0.557054987009	27	4	False
ENSG00000101204	CHRNA4	ENSMUSG00000027577	Chrna4	0.823716448322	0.866509358927	51	4	False
ENSG00000169684	CHRNA5	ENSMUSG00000035594	Chrna5	-3.93789222589	0.0555437722043	30	4	False
ENSG00000147434	CHRNA6	ENSMUSG00000031491	Chrna6	0.0370389787591	0.620048783074	26	4	False
ENSG00000170175	CHRNB1	ENSMUSG00000041189	Chrnb1	-0.370754177654	0.459860013787	29	4	False
ENSG00000160716	CHRNB2	ENSMUSG00000027950	Chrnb2	-1.27367885661	0.228140410414	42	4	False
ENSG00000147432	CHRNB3	ENSMUSG00000031492	Chrnb3	-0.622956166912	0.374913834244	25	4	False
ENSG00000117971	CHRNB4	ENSMUSG00000035200	Chrnb4	0.749041908003	0.850601834668	42	4	False
ENSG00000135902	CHRND	ENSMUSG00000026251	Chrnd	0.204778741126	0.684368206162	35	4	False
ENSG00000108556	CHRNE	ENSMUSG00000014609	Chrne	0.699281478957	0.838936316878	47	4	False
ENSG00000196811	CHRNG	ENSMUSG00000026253	Chrng	-0.858925002579	0.312397263906	37	4	False
ENSG00000213341	CHUK	ENSMUSG00000025199	Chuk	-0.541110769124	0.399835622249	34	4	False
ENSG00000079432	CIC	ENSMUSG00000005442	Cic	0.185697413115	0.677952171377	44	4	False
ENSG00000145354	CISD2	ENSMUSG00000028165	Cisd2	-1.54085219294	0.190916803648	57	4	False
ENSG00000122966	CIT	ENSMUSG00000029516	Cit	-4.35970677296	0.0474309348322	44	4	False
ENSG00000109572	CLCN3	ENSMUSG00000004319	Clcn3	0.26806736311	0.708335542712	8	4	False
ENSG00000073464	CLCN4	ENSMUSG00000000605	Clcn4	-0.388677931652	0.453550029164	34	4	False
ENSG00000171365	CLCN5	ENSMUSG00000004317	Clcn5	-0.764781016461	0.33535712392	15	4	False
ENSG00000038532	CLEC16A	ENSMUSG00000068663	Clec16a	0.869824502552	0.875258497269	33	4	False
ENSG00000106665	CLIP2	ENSMUSG00000063146	Clip2	0.705852363951	0.841057320112	30	4	False
ENSG00000134852	CLOCK	ENSMUSG00000029238	Clock	-4.52328401442	0.0442494299804	33	4	False
ENSG00000125656	CLPP	ENSMUSG00000002660	Clpp	-0.748025005502	0.339546105308	37	4	False
ENSG00000166855	CLPX	ENSMUSG00000015357	Clpx	-0.309214627973	0.480486770242	29	4	False
ENSG00000149970	CNKSR2	ENSMUSG00000025658	Cnksr2	1.78153776137	0.971711119359	10	4	False
ENSG00000148842	CNNM2	ENSMUSG00000064105	Cnnm2	-0.876591988696	0.308473407922	44	4	False
ENSG00000118432	CNR1	ENSMUSG00000044288	Cnr1	-0.397752939054	0.45084575004	40	4	False
ENSG00000018236	CNTN1	ENSMUSG00000055022	Cntn1	-0.74185325474	0.341030807572	42	4	False
ENSG00000108797	CNTNAP1	ENSMUSG00000017167	Cntnap1	2.4989362058	0.990906198632	38	4	False
ENSG00000174469	CNTNAP2	ENSMUSG00000039419	Cntnap2	1.04580964936	0.90723262103	32	4	False
ENSG00000103051	COG4	ENSMUSG00000031753	Cog4	-4.04205863358	0.0531576435654	10	4	False
ENSG00000164597	COG5	ENSMUSG00000035933	Cog5	-3.1738781234	0.0770719550347	35	4	False
ENSG00000060718	COL11A1	ENSMUSG00000027966	Col11a1	0.235559532411	0.696616999841	38	4	False
ENSG00000188517	COL25A1	ENSMUSG00000058897	Col25a1	0.778201587217	0.85563921735	37	4	False
ENSG00000139219	COL2A1	ENSMUSG00000022483	Col2a1	0.114565930593	0.651227530622	53	4	False
ENSG00000187498	COL4A1	ENSMUSG00000031502	Col4a1	-0.909081176182	0.300890821359	42	4	False
ENSG00000093010	COMT	ENSMUSG00000000326	Comt	-0.340134395932	0.469616628665	45	4	False
ENSG00000122218	COPA	ENSMUSG00000026553	Copa	-1.43897381588	0.20390794846	14	4	False
ENSG00000181789	COPG1	ENSMUSG00000030058	Copg1	-1.87133703156	0.155549074712	42	4	False
ENSG00000110871	COQ5	ENSMUSG00000041733	Coq5	-1.73948545328	0.169494670979	37	4	False
ENSG00000166260	COX11	ENSMUSG00000020544	Cox11	-4.80336184348	0.0383636460046	49	4	False
ENSG00000131143	COX4I1	ENSMUSG00000031818	Cox4i1	-4.35809413507	0.047483959913	44	4	False
ENSG00000178741	COX5A	ENSMUSG00000000088	Cox5a	-2.20465309622	0.12712763137	39	4	False
ENSG00000111775	COX6A1	ENSMUSG00000041697	Cox6a1	0.253286685258	0.703192109868	54	4	False
ENSG00000126267	COX6B1	ENSMUSG00000036751	Cox6b1	-3.40207019719	0.0695423935522	38	4	False
ENSG00000131174	COX7B	ENSMUSG00000031231	Cox7b	-2.64320924812	0.101463492232	15	4	False
ENSG00000176340	COX8A	ENSMUSG00000035885	Cox8a	-0.145357738321	0.54485921841	49	4	False
ENSG00000109472	CPE	ENSMUSG00000037852	Cpe	-4.11768397773	0.0519910917864	40	4	False
ENSG00000168993	CPLX1	ENSMUSG00000033615	Cplx1	-1.21347653372	0.237472824646	40	4	False
ENSG00000145920	CPLX2	ENSMUSG00000025867	Cplx2	0.216513795987	0.689087438358	40	4	False
ENSG00000169169	CPT1C	ENSMUSG00000007783	Cpt1c	-0.532326426353	0.403282252505	45	4	False
ENSG00000117322	CR2	ENSMUSG00000026616	Cr2	-0.099775083717	0.563099846227	15	4	False
ENSG00000113851	CRBN	ENSMUSG00000005362	Crbn	0.739450822582	0.848321756191	34	4	False
ENSG00000118260	CREB1	ENSMUSG00000025958	Creb1	1.61092016493	0.962458242749	21	4	False
ENSG00000164463	CREBRF	ENSMUSG00000048249	Crebrf	-0.43945441578	0.435733601994	25	4	False
ENSG00000120088	CRHR1	ENSMUSG00000018634	Crhr1	-0.085707932454	0.568720504799	36	4	False
ENSG00000006016	CRLF1	ENSMUSG00000007888	Crlf1	0.703662633899	0.840367994061	42	4	False
ENSG00000105392	CRX	ENSMUSG00000041578	Crx	0.774991564989	0.855268041784	35	4	False
ENSG00000008405	CRY1	ENSMUSG00000020038	Cry1	-2.83018117904	0.0913887268678	28	4	False
ENSG00000121671	CRY2	ENSMUSG00000068742	Cry2	-0.174625039717	0.532504374569	44	4	False
ENSG00000182578	CSF1R	ENSMUSG00000024621	Csf1r	0.153272629454	0.665067076727	31	4	False
ENSG00000119535	CSF3R	ENSMUSG00000028859	Csf3r	0.255355234429	0.704040511162	33	4	False
ENSG00000183117	CSMD1	ENSMUSG00000060924	Csmd1	-0.228486975517	0.510605016173	33	4	False
ENSG00000204435	CSNK2B	ENSMUSG00000024387	Csnk2b	-0.549525637319	0.39744949361	21	4	True
ENSG00000173546	CSPG4	ENSMUSG00000032911	Cspg4	-0.934433402949	0.29484596214	40	4	False
ENSG00000178662	CSRNP3	ENSMUSG00000044647	Csrnp3	-0.151650669965	0.541730738639	35	4	False
ENSG00000101811	CSTF2	ENSMUSG00000031256	Cstf2	-0.539873537748	0.400365873058	32	4	False
ENSG00000159692	CTBP1	ENSMUSG00000037373	Ctbp1	0.572171208596	0.805689591177	39	4	False
ENSG00000102974	CTCF	ENSMUSG00000005698	Ctcf	-3.13252324094	0.0787157325415	22	4	False
ENSG00000066032	CTNNA2	ENSMUSG00000063063	Ctnna2	-0.339159864369	0.470040829312	46	4	False
ENSG00000183230	CTNNA3	ENSMUSG00000060843	Ctnna3	-0.800901393294	0.32618378493	40	4	False
ENSG00000168036	CTNNB1	ENSMUSG00000006932	Ctnnb1	-0.986843710428	0.282013892571	43	4	False
ENSG00000132792	CTNNBL1	ENSMUSG00000027649	Ctnnbl1	-11.7454950598	0.00395036852431	36	4	False
ENSG00000169862	CTNND2	ENSMUSG00000022240	Ctnnd2	-0.364938342768	0.461503791293	44	4	False
ENSG00000164733	CTSB	ENSMUSG00000021939	Ctsb	-0.630197360137	0.372474680524	41	4	False
ENSG00000257923	CUX1	ENSMUSG00000029705	Cux1	0.244825209032	0.699851529774	34	4	False
ENSG00000111249	CUX2	ENSMUSG00000042589	Cux2	0.293088249145	0.716448380084	42	4	False
ENSG00000180871	CXCR2	ENSMUSG00000026180	Cxcr2	1.13296497304	0.918420913092	32	4	False
ENSG00000121966	CXCR4	ENSMUSG00000045382	Cxcr4	-1.42529647725	0.205445675805	40	4	False
ENSG00000179091	CYC1	ENSMUSG00000022551	Cyc1	-7.2303547396	0.0155628612334	45	4	False
ENSG00000273749	CYFIP1	ENSMUSG00000030447	Cyfip1	-1.81838013898	0.161116708203	39	4	False
ENSG00000055163	CYFIP2	ENSMUSG00000020340	Cyfip2	-1.92605316546	0.151307068243	40	4	False
ENSG00000083799	CYLD	ENSMUSG00000036712	Cyld	-0.574318567711	0.390132032451	23	4	False
ENSG00000276644	DACH1	ENSMUSG00000055639	Dach1	-3.87226303332	0.0576117503579	42	4	False
ENSG00000178149	DALRD3	ENSMUSG00000019039	Dalrd3	0.187093111797	0.678482422186	45	4	False
ENSG00000132676	DAP3	ENSMUSG00000068921	Dap3	-3.72422490949	0.0612704809375	45	4	False
ENSG00000132716	DCAF8	ENSMUSG00000026554	Dcaf8	-1.89569099903	0.154011347367	38	4	False
ENSG00000187323	DCC	ENSMUSG00000060534	Dcc	-0.527388517292	0.405509305902	24	4	False
ENSG00000204843	DCTN1	ENSMUSG00000031865	Dctn1	-4.60126348787	0.0428707778779	40	4	False
ENSG00000077279	DCX	ENSMUSG00000031285	Dcx	0.906562647654	0.883212259399	39	4	False
ENSG00000134574	DDB2	ENSMUSG00000002109	Ddb2	0.195900334874	0.681451826714	44	4	False
ENSG00000100523	DDHD1	ENSMUSG00000037697	Ddhd1	0.212038577564	0.686807359881	35	4	False
ENSG00000085788	DDHD2	ENSMUSG00000061313	Ddhd2	-1.44849965006	0.202741396681	18	4	False
ENSG00000162733	DDR2	ENSMUSG00000026674	Ddr2	0.266664037658	0.707964367146	29	4	False
ENSG00000174243	DDX23	ENSMUSG00000003360	Ddx23	-4.815903641	0.0379924704385	27	4	False
ENSG00000198563	DDX39B	ENSMUSG00000019432	Ddx39b	-4.61535606169	0.0423405270693	14	4	False
ENSG00000215301	DDX3X	ENSMUSG00000000787	Ddx3x	-2.95407464782	0.0857680682963	30	4	False
ENSG00000177030	DEAF1	ENSMUSG00000058886	Deaf1	-0.431420886023	0.43859695636	43	4	False
ENSG00000184014	DENND5A	ENSMUSG00000035901	Dennd5a	-4.81862639744	0.0378864202768	26	4	False
ENSG00000100150	DEPDC5	ENSMUSG00000037426	Depdc5	1.54450541517	0.957871573254	16	4	False
ENSG00000077044	DGKD	ENSMUSG00000070738	Dgkd	0.00624547619326	0.606792512859	41	4	False
ENSG00000153933	DGKE	ENSMUSG00000000276	Dgke	0.0793895782482	0.637228909274	45	4	False
ENSG00000117682	DHDDS	ENSMUSG00000012117	Dhdds	-5.46963720952	0.0291372819344	36	4	False
ENSG00000135829	DHX9	ENSMUSG00000042699	Dhx9	-3.49245672857	0.0664669388621	28	4	False
ENSG00000100697	DICER1	ENSMUSG00000041415	Dicer1	-8.23749243427	0.011426904926	41	4	False
ENSG00000066084	DIP2B	ENSMUSG00000023026	Dip2b	1.19014879035	0.925791399332	38	4	False
ENSG00000150768	DLAT	ENSMUSG00000000168	Dlat	2.4051184759	0.989474521449	27	4	False
ENSG00000091140	DLD	ENSMUSG00000020664	Dld	-2.42427013967	0.11302295986	11	4	False
ENSG00000132535	DLG4	ENSMUSG00000020886	Dlg4	0.375414980784	0.74449864786	51	4	False
ENSG00000080845	DLGAP4	ENSMUSG00000061689	Dlgap4	1.58153761458	0.960947027944	49	4	False
ENSG00000198719	DLL1	ENSMUSG00000014773	Dll1	1.9064998252	0.977225727769	48	4	False
ENSG00000119689	DLST	ENSMUSG00000004789	Dlst	-1.21725517393	0.237154674161	30	4	False
ENSG00000064195	DLX3	ENSMUSG00000001510	Dlx3	-0.698347623494	0.352537250119	34	4	False
ENSG00000105880	DLX5	ENSMUSG00000029755	Dlx5	-0.0297816845775	0.590407762872	40	4	False
ENSG00000006377	DLX6	ENSMUSG00000029754	Dlx6	-1.06671377511	0.266053343231	52	4	False
ENSG00000187908	DMBT1	ENSMUSG00000047517	Dmbt1	-0.144617941752	0.545548544462	26	4	False
ENSG00000104093	DMXL2	ENSMUSG00000041268	Dmxl2	-0.939219624053	0.294050585927	32	4	False
ENSG00000162616	DNAJB4	ENSMUSG00000028035	Dnajb4	0.836903978921	0.868683387242	21	4	False
ENSG00000105993	DNAJB6	ENSMUSG00000029131	Dnajb6	-0.419592615099	0.442998038072	8	4	False
ENSG00000138246	DNAJC13	ENSMUSG00000032560	Dnajc13	-0.0289546038767	0.590831963519	33	4	False
ENSG00000205981	DNAJC19	ENSMUSG00000027679	Dnajc19	-0.562150481868	0.394427064001	34	4	False
ENSG00000101152	DNAJC5	ENSMUSG00000000826	Dnajc5	-1.02352084138	0.275385757463	39	4	False
ENSG00000116675	DNAJC6	ENSMUSG00000028528	Dnajc6	-1.68443797865	0.174054827934	29	4	False
ENSG00000119661	DNAL1	ENSMUSG00000042523	Dnal1	-0.575613423562	0.389495731481	34	4	False
ENSG00000106976	DNM1	ENSMUSG00000026825	Dnm1	-0.75256462775	0.338591653852	38	4	False
ENSG00000087470	DNM1L	ENSMUSG00000022789	Dnm1l	-5.38023453131	0.0304629089559	25	4	False
ENSG00000079805	DNM2	ENSMUSG00000033335	Dnm2	-3.14642090846	0.0782385068137	37	4	False
ENSG00000119772	DNMT3A	ENSMUSG00000020661	Dnmt3a	0.548355352024	0.799432631635	43	4	False
ENSG00000116641	DOCK7	ENSMUSG00000028556	Dock7	0.147433914261	0.662999098574	19	4	False
ENSG00000000419	DPM1	ENSMUSG00000078919	Dpm1	-1.96579710487	0.147277162098	24	4	False
ENSG00000130226	DPP6	ENSMUSG00000061576	Dpp6	0.144374732571	0.662309772522	41	4	False
ENSG00000188641	DPYD	ENSMUSG00000033308	Dpyd	0.196544373125	0.681929052442	29	4	False
ENSG00000157851	DPYSL5	ENSMUSG00000029168	Dpysl5	-1.10610179864	0.257834455698	36	4	False
ENSG00000149295	DRD2	ENSMUSG00000032259	Drd2	0.246054813639	0.700328755501	40	4	False
ENSG00000151577	DRD3	ENSMUSG00000022705	Drd3	-0.0573024559278	0.580120897184	42	4	False
ENSG00000069696	DRD4	ENSMUSG00000025496	Drd4	-0.232319850527	0.509120313908	41	4	False
ENSG00000169676	DRD5	ENSMUSG00000039358	Drd5	-0.102596988157	0.561615143963	43	4	False
ENSG00000171587	DSCAM	ENSMUSG00000050272	Dscam	0.919788312098	0.885545362957	21	4	False
ENSG00000151914	DST	ENSMUSG00000026131	Dst	0.436092705596	0.763481626809	24	4	False
ENSG00000133059	DSTYK	ENSMUSG00000042046	Dstyk	-0.365466284649	0.46129169097	38	4	False
ENSG00000047579	DTNBP1	ENSMUSG00000057531	Dtnbp1	0.183262779044	0.676573519275	40	4	False
ENSG00000141627	DYM	ENSMUSG00000035765	Dym	-0.47723912304	0.423590858476	38	4	False
ENSG00000197102	DYNC1H1	ENSMUSG00000018707	Dync1h1	-9.80675942535	0.00718489845697	43	4	False
ENSG00000134874	DZIP1	ENSMUSG00000042156	Dzip1	-1.52211661178	0.193302932287	28	4	False
ENSG00000101412	E2F1	ENSMUSG00000027490	E2f1	0.216850221231	0.689299538682	50	4	False
ENSG00000205250	E2F4	ENSMUSG00000014859	E2f4	-0.896541073508	0.303595100483	41	4	False
ENSG00000133740	E2F5	ENSMUSG00000027552	E2f5	0.660268861927	0.829179701999	29	4	False
ENSG00000164330	EBF1	ENSMUSG00000057098	Ebf1	0.153077723141	0.664961026566	40	4	False
ENSG00000221818	EBF2	ENSMUSG00000022053	Ebf2	-1.30483844408	0.222519751843	43	4	False
ENSG00000108001	EBF3	ENSMUSG00000010476	Ebf3	-1.26309968093	0.229996288244	30	4	False
ENSG00000158813	EDA	ENSMUSG00000059327	Eda	0.106800185161	0.64804602577	44	4	False
ENSG00000135960	EDAR	ENSMUSG00000003227	Edar	0.307102013027	0.721326687523	29	4	False
ENSG00000116406	EDEM3	ENSMUSG00000043019	Edem3	-0.927548973017	0.296436714566	17	4	False
ENSG00000151617	EDNRA	ENSMUSG00000031616	Ednra	-1.54507064348	0.19043957792	19	4	False
ENSG00000136160	EDNRB	ENSMUSG00000022122	Ednrb	0.881140085131	0.877538575746	15	4	False
ENSG00000101210	EEF1A2	ENSMUSG00000016349	Eef1a2	-1.06758407417	0.265894267989	48	4	False
ENSG00000167658	EEF2	ENSMUSG00000034994	Eef2	0.0633530258084	0.630600774166	25	4	False
ENSG00000115380	EFEMP1	ENSMUSG00000020467	Efemp1	-2.08415862405	0.1375735723	20	4	False
ENSG00000122877	EGR2	ENSMUSG00000037868	Egr2	0.408869378227	0.754679463386	38	4	False
ENSG00000181090	EHMT1	ENSMUSG00000036893	Ehmt1	-1.82226131686	0.160745532637	40	4	False
ENSG00000128829	EIF2AK4	ENSMUSG00000005102	Eif2ak4	0.258583052451	0.705260088022	40	4	False
ENSG00000156976	EIF4A2	ENSMUSG00000022884	Eif4a2	0.00533450103617	0.606580412535	18	4	False
ENSG00000151247	EIF4E	ENSMUSG00000028156	Eif4e	-7.35978778476	0.014926560263	21	4	False
ENSG00000114867	EIF4G1	ENSMUSG00000045983	Eif4g1	-5.31737300838	0.0310461848454	27	4	False
ENSG00000106682	EIF4H	ENSMUSG00000040731	Eif4h	0.305269046269	0.720690386553	37	4	False
ENSG00000109381	ELF2	ENSMUSG00000037174	Elf2	-0.643733179843	0.368338724217	33	4	False
ENSG00000134759	ELP2	ENSMUSG00000024271	Elp2	-7.4079211698	0.0146084097778	31	4	False
ENSG00000163064	EN1	ENSMUSG00000058665	En1	-3.28432390403	0.0729890238083	46	4	False
ENSG00000164778	EN2	ENSMUSG00000039095	En2	1.02567328501	0.903945066016	47	4	False
ENSG00000106991	ENG	ENSMUSG00000026814	Eng	0.493368891542	0.782358555597	38	4	False
ENSG00000100393	EP300	ENSMUSG00000055024	Ep300	2.04898481396	0.98221008537	30	4	False
ENSG00000088367	EPB41L1	ENSMUSG00000027624	Epb41l1	-0.570847540507	0.391616734716	24	4	False
ENSG00000183317	EPHA10	ENSMUSG00000028876	Epha10	0.172517509284	0.67201336232	43	4	False
ENSG00000142627	EPHA2	ENSMUSG00000006445	Epha2	-0.75660088326	0.337637202397	43	4	False
ENSG00000044524	EPHA3	ENSMUSG00000052504	Epha3	-0.146832246948	0.543957792036	35	4	False
ENSG00000116106	EPHA4	ENSMUSG00000026235	Epha4	0.536066932719	0.79603902646	37	4	False
ENSG00000145242	EPHA5	ENSMUSG00000029245	Epha5	-1.70619460766	0.172092899942	28	4	False
ENSG00000080224	EPHA6	ENSMUSG00000055540	Epha6	0.221676271017	0.690784240946	29	4	False
ENSG00000135333	EPHA7	ENSMUSG00000028289	Epha7	-1.44294227789	0.203483747813	39	4	False
ENSG00000154928	EPHB1	ENSMUSG00000032537	Ephb1	-2.18233208632	0.1289835092	34	4	False
ENSG00000133216	EPHB2	ENSMUSG00000028664	Ephb2	1.34705176173	0.941751948672	46	4	False
ENSG00000196411	EPHB4	ENSMUSG00000029710	Ephb4	-3.50006824379	0.0663078636195	38	4	False
ENSG00000112425	EPM2A	ENSMUSG00000055493	Epm2a	-0.750711322942	0.339015854499	32	4	False
ENSG00000187266	EPOR	ENSMUSG00000006235	Epor	1.51339667283	0.9558035951	42	4	False
ENSG00000065361	ERBB3	ENSMUSG00000018166	Erbb3	0.898746904516	0.881091256164	42	4	False
ENSG00000178568	ERBB4	ENSMUSG00000062209	Erbb4	0.13288373431	0.657908690811	35	4	False
ENSG00000105722	ERF	ENSMUSG00000040857	Erf	-2.32916433327	0.118749668593	41	4	False
ENSG00000113719	ERGIC1	ENSMUSG00000001576	Ergic1	0.107106950749	0.648152075932	38	4	False
ENSG00000140009	ESR2	ENSMUSG00000021055	Esr2	-1.14622453424	0.249244392598	39	4	False
ENSG00000173153	ESRRA	ENSMUSG00000024955	Esrra	0.643012026486	0.824407444721	46	4	False
ENSG00000119715	ESRRB	ENSMUSG00000021255	Esrrb	1.82344177118	0.97356699719	41	4	False
ENSG00000196482	ESRRG	ENSMUSG00000026610	Esrrg	0.137996720085	0.66029481945	40	4	False
ENSG00000140374	ETFA	ENSMUSG00000032314	Etfa	-1.02133195875	0.276022058434	22	4	False
ENSG00000134954	ETS1	ENSMUSG00000032035	Ets1	-2.54216896821	0.105758523782	45	4	False
ENSG00000139083	ETV6	ENSMUSG00000030199	Etv6	-1.61267771142	0.182644891033	42	4	False
ENSG00000144036	EXOC6B	ENSMUSG00000033769	Exoc6b	-3.55925027451	0.0650882867596	30	4	False
ENSG00000182197	EXT1	ENSMUSG00000061731	Ext1	0.355025238221	0.737022111459	44	4	False
ENSG00000151348	EXT2	ENSMUSG00000027198	Ext2	0.882817974258	0.877856726232	41	4	False
ENSG00000180210	F2	ENSMUSG00000027249	F2	0.102715626782	0.646296198102	47	4	False
ENSG00000048828	FAM120A	ENSMUSG00000038014	Fam120a	-3.85859077919	0.0580889760857	43	4	False
ENSG00000138286	FAM149B1	ENSMUSG00000039599	Fam149b	-6.54378454191	0.0191155416512	44	4	False
ENSG00000197601	FAR1	ENSMUSG00000030759	Far1	-0.00356509068454	0.602921681956	31	4	False
ENSG00000145982	FARS2	ENSMUSG00000021420	Fars2	-0.420306141687	0.442679887587	40	4	False
ENSG00000026103	FAS	ENSMUSG00000024778	Fas	-0.787969783158	0.329206214539	35	4	False
ENSG00000166147	FBN1	ENSMUSG00000027204	Fbn1	-1.4610516166	0.20088551885	39	4	False
ENSG00000145868	FBXO38	ENSMUSG00000042211	Fbxo38	-1.07116441839	0.265151916857	38	4	False
ENSG00000109670	FBXW7	ENSMUSG00000028086	Fbxw7	-0.106568274896	0.559812291214	23	4	True
ENSG00000128610	FEZF1	ENSMUSG00000029697	Fezf1	0.589600070043	0.810673948778	45	4	False
ENSG00000126266	FFAR1	ENSMUSG00000044453	Ffar1	-2.91107831525	0.0874118458031	41	4	False
ENSG00000139132	FGD4	ENSMUSG00000022788	Fgd4	0.233264722434	0.695821623628	32	4	False
ENSG00000113578	FGF1	ENSMUSG00000036585	Fgf1	-1.96344806009	0.147595312583	32	4	False
ENSG00000114279	FGF12	ENSMUSG00000022523	Fgf12	-3.60549561057	0.0636035844955	43	4	False
ENSG00000129682	FGF13	ENSMUSG00000031137	Fgf13	-0.30817823484	0.480857945808	39	4	False
ENSG00000102466	FGF14	ENSMUSG00000025551	Fgf14	-0.674924121803	0.359642610955	39	4	False
ENSG00000077782	FGFR1	ENSMUSG00000031565	Fgfr1	-3.21908791375	0.0752160772045	42	4	False
ENSG00000066468	FGFR2	ENSMUSG00000030849	Fgfr2	-0.656588522293	0.365369319688	40	4	False
ENSG00000068078	FGFR3	ENSMUSG00000054252	Fgfr3	-0.567423121336	0.392783286495	36	4	False
ENSG00000127418	FGFRL1	ENSMUSG00000008090	Fgfrl1	-1.2680155571	0.229147886951	45	4	False
ENSG00000189283	FHIT	ENSMUSG00000060579	Fhit	-1.5425453356	0.190757728406	35	4	False
ENSG00000183733	FIGLA	ENSMUSG00000030001	Figla	0.519371088491	0.791425844424	37	4	False
ENSG00000106692	FKTN	ENSMUSG00000028414	Fktn	0.939617910866	0.889257118617	37	4	False
ENSG00000136068	FLNB	ENSMUSG00000025278	Flnb	0.231288541907	0.695185322658	30	4	False
ENSG00000125848	FLRT3	ENSMUSG00000051379	Flrt3	1.34995501837	0.942176149319	36	4	False
ENSG00000122025	FLT3	ENSMUSG00000042817	Flt3	-1.12492635877	0.253592449228	28	4	False
ENSG00000037280	FLT4	ENSMUSG00000020357	Flt4	-0.732025739487	0.343416936211	45	4	False
ENSG00000162769	FLVCR1	ENSMUSG00000066595	Flvcr1	0.539110860872	0.796728352511	32	4	False
ENSG00000248905	FMN1	ENSMUSG00000044042	Fmn1	0.286421605833	0.714592502254	30	4	False
ENSG00000155816	FMN2	ENSMUSG00000028354	Fmn2	0.195544418999	0.681027626067	32	4	False
ENSG00000102081	FMR1	ENSMUSG00000000838	Fmr1	-0.789833256991	0.328728988812	34	4	False
ENSG00000217128	FNIP1	ENSMUSG00000035992	Fnip1	-2.4629209089	0.110318680736	25	4	False
ENSG00000257365	FNTB	ENSMUSG00000033373	Fntb	0.592518580221	0.811522350072	35	4	False
ENSG00000110195	FOLR1	ENSMUSG00000001827	Folr1	-0.0458402699048	0.584681054139	36	4	False
ENSG00000075426	FOSL2	ENSMUSG00000029135	Fosl2	-1.28534781281	0.225701256694	42	4	False
ENSG00000125798	FOXA2	ENSMUSG00000037025	Foxa2	-0.43911544828	0.435998727398	42	4	False
ENSG00000054598	FOXC1	ENSMUSG00000050295	Foxc1	0.0900068877767	0.641364865581	49	4	False
ENSG00000176692	FOXC2	ENSMUSG00000046714	Foxc2	0.926296488104	0.886605864574	54	4	False
ENSG00000186790	FOXE3	ENSMUSG00000044518	Foxe3	-0.679155283626	0.358157908691	54	4	False
ENSG00000176165	FOXG1	ENSMUSG00000020950	Foxg1	1.35335570982	0.942441274723	50	4	False
ENSG00000129654	FOXJ1	ENSMUSG00000034227	Foxj1	-0.488062355325	0.418818601198	45	4	False
ENSG00000198815	FOXJ3	ENSMUSG00000032998	Foxj3	0.924838927852	0.886234689008	24	4	False
ENSG00000176678	FOXL1	ENSMUSG00000097084	Foxl1	0.917771455471	0.885068137229	42	4	False
ENSG00000183770	FOXL2	ENSMUSG00000050397	Foxl2	-0.930698828514	0.295853438676	48	4	False
ENSG00000109101	FOXN1	ENSMUSG00000002057	Foxn1	-1.21197829737	0.237950050374	22	4	False
ENSG00000114861	FOXP1	ENSMUSG00000030067	Foxp1	0.715886649379	0.843231348428	51	4	False
ENSG00000128573	FOXP2	ENSMUSG00000029563	Foxp2	0.330010284117	0.729280449653	45	4	False
ENSG00000049768	FOXP3	ENSMUSG00000039521	Foxp3	-2.61459191691	0.102736094173	45	4	False
ENSG00000138759	FRAS1	ENSMUSG00000034687	Fras1	-0.939245046616	0.293997560846	22	4	False
ENSG00000171877	FRMD5	ENSMUSG00000027238	Frmd5	0.335103270809	0.731030277321	38	4	False
ENSG00000169933	FRMPD4	ENSMUSG00000049176	Frmpd4	0.370805870198	0.742748820192	37	4	False
ENSG00000260230	FRRS1L	ENSMUSG00000045589	Frrs1l	0.490536818077	0.78135107906	34	4	False
ENSG00000170820	FSHR	ENSMUSG00000032937	Fshr	0.788006222164	0.858608621878	10	4	False
ENSG00000167996	FTH1	ENSMUSG00000024661	Fth1	-0.642862033368	0.368656874702	39	4	False
ENSG00000140718	FTO	ENSMUSG00000055932	Fto	2.94117015509	0.994670979373	29	4	False
ENSG00000010810	FYN	ENSMUSG00000019843	Fyn	-2.84718294144	0.0904873004931	32	4	False
ENSG00000180340	FZD2	ENSMUSG00000050288	Fzd2	-0.502536267588	0.413834243597	50	4	False
ENSG00000104290	FZD3	ENSMUSG00000007989	Fzd3	-0.171337054964	0.533617901267	18	4	False
ENSG00000174804	FZD4	ENSMUSG00000049791	Fzd4	0.063497086996	0.630653799247	29	4	False
ENSG00000164930	FZD6	ENSMUSG00000022297	Fzd6	1.71611872865	0.96868868975	37	4	False
ENSG00000188763	FZD9	ENSMUSG00000049551	Fzd9	-0.760795606076	0.336523675699	48	4	False
ENSG00000171298	GAA	ENSMUSG00000025579	Gaa	1.02213107463	0.903467840288	45	4	False
ENSG00000204681	GABBR1	ENSMUSG00000024462	Gabbr1	-2.46706139691	0.10994750517	40	4	False
ENSG00000136928	GABBR2	ENSMUSG00000039809	Gabbr2	0.185949096484	0.678164271701	35	4	False
ENSG00000022355	GABRA1	ENSMUSG00000010803	Gabra1	0.687400668071	0.83596691235	22	4	False
ENSG00000151834	GABRA2	ENSMUSG00000000560	Gabra2	1.3724539862	0.944244127472	19	4	False
ENSG00000109158	GABRA4	ENSMUSG00000029211	Gabra4	0.245692118414	0.700169680259	16	4	False
ENSG00000186297	GABRA5	ENSMUSG00000055078	Gabra5	-2.47570845784	0.109417254361	23	4	False
ENSG00000163288	GABRB1	ENSMUSG00000029212	Gabrb1	-0.0053150104049	0.602232355904	26	4	False
ENSG00000145864	GABRB2	ENSMUSG00000007653	Gabrb2	0.526706345198	0.793864998144	26	4	False
ENSG00000166206	GABRB3	ENSMUSG00000033676	Gabrb3	-0.969101304043	0.286414974283	17	4	False
ENSG00000187730	GABRD	ENSMUSG00000029054	Gabrd	-1.67806708448	0.174691128904	32	4	False
ENSG00000113327	GABRG2	ENSMUSG00000020436	Gabrg2	0.55292378651	0.800493133252	35	4	False
ENSG00000182256	GABRG3	ENSMUSG00000055026	Gabrg3	-1.46781232339	0.19961291691	40	4	False
ENSG00000111886	GABRR2	ENSMUSG00000023267	Gabrr2	-1.24301924621	0.233071742934	37	4	False
ENSG00000128683	GAD1	ENSMUSG00000070880	Gad1	0.662503505173	0.829709952808	39	4	False
ENSG00000136750	GAD2	ENSMUSG00000026787	Gad2	-0.659639229796	0.363884617424	33	4	False
ENSG00000069482	GAL	ENSMUSG00000024907	Gal	0.213508849097	0.687549711013	33	4	False
ENSG00000166573	GALR1	ENSMUSG00000024553	Galr1	-0.199029852321	0.521581207911	47	4	False
ENSG00000102145	GATA1	ENSMUSG00000031162	Gata1	0.596542971869	0.812741926931	43	4	False
ENSG00000179348	GATA2	ENSMUSG00000015053	Gata2	-2.44634539813	0.111591282677	44	4	False
ENSG00000107485	GATA3	ENSMUSG00000015619	Gata3	-1.27999805824	0.226761758312	43	4	False
ENSG00000136574	GATA4	ENSMUSG00000021944	Gata4	-1.04172085389	0.271037700832	45	4	False
ENSG00000141448	GATA6	ENSMUSG00000005836	Gata6	-0.72597262735	0.344742563232	54	4	False
ENSG00000157259	GATAD1	ENSMUSG00000007415	Gatad1	-2.44661657213	0.111432207434	32	4	False
ENSG00000143614	GATAD2B	ENSMUSG00000042390	Gatad2b	-0.385202667355	0.454822631105	36	4	False
ENSG00000107862	GBF1	ENSMUSG00000025224	Gbf1	-8.1070916369	0.0121692560581	8	4	False
ENSG00000215644	GCGR	ENSMUSG00000025127	Gcgr	1.18137800628	0.924836947876	42	4	False
ENSG00000001084	GCLC	ENSMUSG00000032350	Gclc	-1.19210378541	0.241131555226	20	4	False
ENSG00000023909	GCLM	ENSMUSG00000028124	Gclm	-0.226336226727	0.511400392386	23	4	False
ENSG00000104381	GDAP1	ENSMUSG00000025777	Gdap1	0.153975987017	0.665385227212	29	4	False
ENSG00000203879	GDI1	ENSMUSG00000015291	Gdi1	-0.92484740204	0.297232090779	25	4	False
ENSG00000131095	GFAP	ENSMUSG00000020932	Gfap	-0.960121207541	0.288429927356	25	4	False
ENSG00000162676	GFI1	ENSMUSG00000029275	Gfi1	-0.221632205242	0.512938119731	55	4	False
ENSG00000165702	GFI1B	ENSMUSG00000026815	Gfi1b	-0.922641571032	0.297762341588	48	4	False
ENSG00000164347	GFM2	ENSMUSG00000021666	Gfm2	2.51809888601	0.991171324036	42	4	False
ENSG00000198380	GFPT1	ENSMUSG00000029992	Gfpt1	-5.27656132134	0.0319476112201	24	4	False
ENSG00000151892	GFRA1	ENSMUSG00000025089	Gfra1	-0.148266926893	0.543268465984	38	4	False
ENSG00000121853	GHSR	ENSMUSG00000051136	Ghsr	-0.231270746113	0.509385439313	41	4	False
ENSG00000146830	GIGYF1	ENSMUSG00000029714	Gigyf1	-0.330900073805	0.472214857628	46	4	False
ENSG00000204120	GIGYF2	ENSMUSG00000048000	Gigyf2	2.35192600092	0.988414019831	40	4	False
ENSG00000010310	GIPR	ENSMUSG00000030406	Gipr	-1.59990117891	0.184023543136	43	4	False
ENSG00000138604	GLCE	ENSMUSG00000032252	Glce	-0.747057253289	0.339917280874	31	4	False
ENSG00000111087	GLI1	ENSMUSG00000025407	Gli1	-1.50098622523	0.195476960602	45	4	True
ENSG00000074047	GLI2	ENSMUSG00000048402	Gli2	-0.130930434089	0.549790550931	39	4	True
ENSG00000106571	GLI3	ENSMUSG00000021318	Gli3	0.220994098922	0.690572140623	29	4	True
ENSG00000126603	GLIS2	ENSMUSG00000014303	Glis2	0.622134170723	0.818945861392	43	4	False
ENSG00000107249	GLIS3	ENSMUSG00000052942	Glis3	-0.284615756475	0.489235908585	48	4	False
ENSG00000174842	GLMN	ENSMUSG00000029276	Glmn	-4.51364038904	0.0445145553847	20	4	True
ENSG00000112164	GLP1R	ENSMUSG00000024027	Glp1r	-0.739472855469	0.3415080333	30	4	False
ENSG00000145888	GLRA1	ENSMUSG00000000263	Glra1	0.274945013691	0.710880746593	37	4	False
ENSG00000101958	GLRA2	ENSMUSG00000018589	Glra2	-1.79304486059	0.163449811761	32	4	False
ENSG00000145451	GLRA3	ENSMUSG00000038257	Glra3	0.249613972393	0.701707407604	32	4	False
ENSG00000109738	GLRB	ENSMUSG00000028020	Glrb	-1.98822234727	0.145368259187	17	4	False
ENSG00000087258	GNAO1	ENSMUSG00000031748	Gnao1	-0.24130587896	0.505938809057	37	4	False
ENSG00000087460	GNAS	ENSMUSG00000027523	Gnas	2.93235106815	0.994511904131	52	4	False
ENSG00000078369	GNB1	ENSMUSG00000029064	Gnb1	-0.839919094837	0.317010445941	41	4	False
ENSG00000069966	GNB5	ENSMUSG00000032192	Gnb5	-0.188404068605	0.526247415027	42	4	False
ENSG00000111670	GNPTAB	ENSMUSG00000035311	Gnptab	-0.117723412859	0.555199109179	41	4	False
ENSG00000090581	GNPTG	ENSMUSG00000035521	Gnptg	0.0879705405186	0.640251338883	29	4	False
ENSG00000109163	GNRHR	ENSMUSG00000029255	Gnrhr	-0.186455852897	0.527466991887	32	4	False
ENSG00000135677	GNS	ENSMUSG00000034707	Gns	-1.91513925937	0.152102444456	40	4	False
ENSG00000120053	GOT1	ENSMUSG00000025190	Got1	-0.0474978209813	0.583991728087	32	4	False
ENSG00000125166	GOT2	ENSMUSG00000031672	Got2	0.109630563789	0.649159552468	33	4	False
ENSG00000185245	GP1BA	ENSMUSG00000050675	Gp1ba	-0.506137797279	0.412508616576	28	4	False
ENSG00000088053	GP6	ENSMUSG00000078810	Gp6	-0.617039489194	0.376504586669	20	4	False
ENSG00000183098	GPC6	ENSMUSG00000058571	Gpc6	-0.729226715353	0.343841136858	46	4	False
ENSG00000164850	GPER1	ENSMUSG00000053647	Gper1	0.508561414906	0.788032239249	42	4	False
ENSG00000171723	GPHN	ENSMUSG00000047454	Gphn	0.182934827987	0.676361418951	35	4	False
ENSG00000105220	GPI	ENSMUSG00000036427	Gpi1	-1.44846490589	0.202847446842	34	4	False
ENSG00000132975	GPR12	ENSMUSG00000041468	Gpr12	-5.07307743606	0.0344397900207	39	4	False
ENSG00000175697	GPR156	ENSMUSG00000046961	Gpr156	0.0414065750007	0.621904660905	40	4	False
ENSG00000151025	GPR158	ENSMUSG00000045967	Gpr158	-0.241959238817	0.505673683652	45	4	False
ENSG00000143147	GPR161	ENSMUSG00000040836	Gpr161	-1.88798118324	0.154435548014	40	4	False
ENSG00000250510	GPR162	ENSMUSG00000038390	Gpr162	-5.54216947523	0.0282358555597	44	4	False
ENSG00000277399	GPR179	ENSMUSG00000070337	Gpr179	1.18091192596	0.924624847553	43	4	False
ENSG00000135973	GPR45	ENSMUSG00000041907	Gpr45	0.904702563496	0.882894108914	38	4	False
ENSG00000158301	GPRASP2	ENSMUSG00000072966	Gprasp2	-6.1831739667	0.0224030966647	32	4	False
ENSG00000167191	GPRC5B	ENSMUSG00000008734	Gprc5b	0.412105670436	0.75552786468	44	4	False
ENSG00000141449	GREB1L	ENSMUSG00000042942	Greb1l	1.07127288799	0.910891351609	38	4	False
ENSG00000083307	GRHL2	ENSMUSG00000022286	Grhl2	-0.449586154364	0.432499072061	33	4	False
ENSG00000155511	GRIA1	ENSMUSG00000020524	Gria1	-0.629208422455	0.37284585609	37	4	False
ENSG00000120251	GRIA2	ENSMUSG00000033981	Gria2	-1.19822130137	0.24017710377	29	4	False
ENSG00000125675	GRIA3	ENSMUSG00000001986	Gria3	-1.10768647171	0.257463280132	23	4	False
ENSG00000152578	GRIA4	ENSMUSG00000025892	Gria4	0.495539130963	0.783366032133	18	4	False
ENSG00000182771	GRID1	ENSMUSG00000041078	Grid1	-0.470054706871	0.426348162681	51	4	False
ENSG00000152208	GRID2	ENSMUSG00000071424	Grid2	0.645080575657	0.825202820934	11	4	False
ENSG00000171189	GRIK1	ENSMUSG00000022935	Grik1	-0.643942492275	0.368179648974	21	4	False
ENSG00000164418	GRIK2	ENSMUSG00000056073	Grik2	-0.0459097582423	0.584628029058	25	4	False
ENSG00000163873	GRIK3	ENSMUSG00000001985	Grik3	-0.686502404195	0.356089930537	39	4	False
ENSG00000149403	GRIK4	ENSMUSG00000032017	Grik4	-0.0647563512597	0.576992417413	47	4	False
ENSG00000105737	GRIK5	ENSMUSG00000003378	Grik5	-0.791667071167	0.328145712922	44	4	False
ENSG00000176884	GRIN1	ENSMUSG00000026959	Grin1	-0.690053088761	0.35502942892	46	4	False
ENSG00000183454	GRIN2A	ENSMUSG00000059003	Grin2a	0.15361413921	0.665173126889	39	4	False
ENSG00000273079	GRIN2B	ENSMUSG00000030209	Grin2b	0.214472364216	0.687867861498	36	4	False
ENSG00000105464	GRIN2D	ENSMUSG00000002771	Grin2d	-0.110054273164	0.558062463545	51	4	False
ENSG00000198785	GRIN3A	ENSMUSG00000039579	Grin3a	-0.628352529517	0.373429131979	38	4	False
ENSG00000155974	GRIP1	ENSMUSG00000034813	Grip1	0.771517148111	0.854366615409	51	4	False
ENSG00000152822	GRM1	ENSMUSG00000019828	Grm1	-0.454983364388	0.431279495201	20	4	False
ENSG00000198822	GRM3	ENSMUSG00000003974	Grm3	-0.155515746887	0.540246036375	21	4	False
ENSG00000168959	GRM5	ENSMUSG00000049583	Grm5	-0.629038938705	0.373004931333	29	4	False
ENSG00000113262	GRM6	ENSMUSG00000000617	Grm6	0.52062018373	0.791584919667	44	4	False
ENSG00000196277	GRM7	ENSMUSG00000056755	Grm7	-0.358680155293	0.463571769447	28	4	False
ENSG00000179603	GRM8	ENSMUSG00000024211	Grm8	-2.28902210705	0.121559997879	32	4	False
ENSG00000030582	GRN	ENSMUSG00000034708	Grn	-3.20111416205	0.0759054032557	44	4	False
ENSG00000082701	GSK3B	ENSMUSG00000022812	Gsk3b	0.00111011856352	0.604883609948	18	4	True
ENSG00000134202	GSTM3	ENSMUSG00000004032	Gstm5	0.458566250866	0.771276313696	26	4	False
ENSG00000272047	GTF2H5	ENSMUSG00000034345	Gtf2h5	-1.66248898559	0.176228856249	24	4	False
ENSG00000263001	GTF2I	ENSMUSG00000060261	Gtf2i	-3.87194101419	0.0576647754388	26	4	False
ENSG00000006704	GTF2IRD1	ENSMUSG00000023079	Gtf2ird1	1.0219039664	0.903414815208	46	4	False
ENSG00000070019	GUCY2C	ENSMUSG00000042638	Gucy2c	-0.879318982236	0.307784081871	39	4	False
ENSG00000132518	GUCY2D	ENSMUSG00000020890	Gucy2e	0.539021034484	0.79667532743	58	4	False
ENSG00000143774	GUK1	ENSMUSG00000020444	Guk1	-6.73090307627	0.0180020149531	40	4	False
ENSG00000173805	HAP1	ENSMUSG00000006930	Hap1	1.61125913243	0.962590805451	45	4	False
ENSG00000112339	HBS1L	ENSMUSG00000019977	Hbs1l	-1.9215898109	0.151678243809	31	4	False
ENSG00000164588	HCN1	ENSMUSG00000021730	Hcn1	0.202312752561	0.683625855029	37	4	False
ENSG00000099822	HCN2	ENSMUSG00000020331	Hcn2	0.101681775906	0.645925022536	51	4	False
ENSG00000137252	HCRTR2	ENSMUSG00000032360	Hcrtr2	-1.12747369954	0.253115223501	36	4	False
ENSG00000068024	HDAC4	ENSMUSG00000026313	Hdac4	-0.261417668172	0.497613871361	47	4	False
ENSG00000108840	HDAC5	ENSMUSG00000008855	Hdac5	0.405661898255	0.75367198685	46	4	False
ENSG00000147099	HDAC8	ENSMUSG00000067567	Hdac8	-1.65426902371	0.177554483271	20	4	False
ENSG00000143321	HDGF	ENSMUSG00000004897	Hdgf	0.65656309973	0.828225250544	28	4	False
ENSG00000165259	HDX	ENSMUSG00000034551	Hdx	0.097044700502	0.643963094544	29	4	False
ENSG00000173064	HECTD4	ENSMUSG00000042744	Hectd4	0.84578492743	0.870486239992	41	4	False
ENSG00000138411	HECW2	ENSMUSG00000042807	Hecw2	-0.580115759385	0.388170104459	45	4	True
ENSG00000103657	HERC1	ENSMUSG00000038664	Herc1	-0.0190262457925	0.596028421443	12	4	True
ENSG00000179111	HES7	ENSMUSG00000023781	Hes7	-0.470910599809	0.426030012196	40	4	False
ENSG00000163666	HESX1	ENSMUSG00000040726	Hesx1	0.737100082967	0.847526379978	39	4	False
ENSG00000177374	HIC1	ENSMUSG00000043099	Hic1	0.142885817825	0.661938596956	46	4	False
ENSG00000100644	HIF1A	ENSMUSG00000021109	Hif1a	0.139310558116	0.660878095339	32	4	False
ENSG00000095951	HIVEP1	ENSMUSG00000021366	Hivep1	-1.56569088394	0.188053449282	27	4	False
ENSG00000010818	HIVEP2	ENSMUSG00000015501	Hivep2	-2.88917254054	0.0885253725012	30	4	False
ENSG00000127124	HIVEP3	ENSMUSG00000028634	Hivep3	1.04038390958	0.906384219736	36	4	False
ENSG00000156515	HK1	ENSMUSG00000037012	Hk1	0.0507739418718	0.626040617212	32	4	False
ENSG00000159267	HLCS	ENSMUSG00000040820	Hlcs	-0.564573252077	0.393525637627	41	4	False
ENSG00000113161	HMGCR	ENSMUSG00000021670	Hmgcr	-12.3145452252	0.00315499231136	24	4	False
ENSG00000135100	HNF1A	ENSMUSG00000029556	Hnf1a	1.12172226848	0.916777135585	42	4	False
ENSG00000275410	HNF1B	ENSMUSG00000020679	Hnf1b	0.19557746833	0.681133676229	40	4	False
ENSG00000101076	HNF4A	ENSMUSG00000017950	Hnf4a	-0.237657741238	0.506999310674	43	4	False
ENSG00000164749	HNF4G	ENSMUSG00000017688	Hnf4g	0.428022736832	0.76104247309	28	4	False
ENSG00000135486	HNRNPA1	ENSMUSG00000046434	Hnrnpa1	0.476164596064	0.776525796702	35	4	False
ENSG00000122566	HNRNPA2B1	ENSMUSG00000004980	Hnrnpa2b1	1.06645361755	0.910202025558	30	4	False
ENSG00000152795	HNRNPDL	ENSMUSG00000029328	Hnrnpdl	-2.25539483618	0.124211251922	45	4	False
ENSG00000126945	HNRNPH2	ENSMUSG00000045427	Hnrnph2	0.12444513839	0.654833236121	30	4	False
ENSG00000153187	HNRNPU	ENSMUSG00000039630	Hnrnpu	-6.33502123781	0.0205472188345	34	4	False
ENSG00000103942	HOMER2	ENSMUSG00000025813	Homer2	0.911670040465	0.883795535288	38	4	False
ENSG00000105991	HOXA1	ENSMUSG00000029844	Hoxa1	0.418760449886	0.758285168885	37	4	False
ENSG00000106031	HOXA13	ENSMUSG00000038203	Hoxa13	0.236695073537	0.697041200488	45	4	False
ENSG00000105997	HOXA3	ENSMUSG00000079560	Hoxa3	-0.182570437925	0.529163794475	45	4	False
ENSG00000120068	HOXB8	ENSMUSG00000056648	Hoxb8	-2.07139988733	0.138899199321	47	4	False
ENSG00000123364	HOXC13	ENSMUSG00000001655	Hoxc13	-0.54684525181	0.397926719338	54	4	False
ENSG00000128710	HOXD10	ENSMUSG00000050368	Hoxd10	-0.321349664484	0.475661487884	25	4	False
ENSG00000128714	HOXD13	ENSMUSG00000001819	Hoxd13	0.0727364936358	0.634418579988	44	4	False
ENSG00000174775	HRAS	ENSMUSG00000025499	Hras	-0.0450801352853	0.585105254786	28	4	False
ENSG00000171004	HS6ST2	ENSMUSG00000062184	Hs6st2	0.0258683047863	0.615329550878	33	4	False
ENSG00000133835	HSD17B4	ENSMUSG00000024507	Hsd17b4	-1.8372945255	0.158942679888	27	4	False
ENSG00000185122	HSF1	ENSMUSG00000022556	Hsf1	1.05201275462	0.908134047404	44	4	False
ENSG00000102878	HSF4	ENSMUSG00000033249	Hsf4	-3.92489451709	0.0559679728512	49	4	False
ENSG00000096384	HSP90AB1	ENSMUSG00000023944	Hsp90ab1	-0.899643473554	0.302905774431	38	4	False
ENSG00000044574	HSPA5	ENSMUSG00000026864	Hspa5	-2.84618129247	0.0905933506549	8	4	False
ENSG00000109971	HSPA8	ENSMUSG00000015656	Hspa8	-0.616453075418	0.376822737155	31	4	False
ENSG00000113013	HSPA9	ENSMUSG00000024359	Hspa9	-5.8082148972	0.0254255262739	19	4	False
ENSG00000144381	HSPD1	ENSMUSG00000025980	Hspd1	-10.3045679437	0.00617742192057	25	4	False
ENSG00000178394	HTR1A	ENSMUSG00000021721	Htr1a	-0.722890565354	0.34580306485	37	4	False
ENSG00000135312	HTR1B	ENSMUSG00000049511	Htr1b	-0.627522059141	0.373588207222	35	4	False
ENSG00000179097	HTR1F	ENSMUSG00000050783	Htr1f	-0.148684704337	0.542844265338	35	4	False
ENSG00000102468	HTR2A	ENSMUSG00000034997	Htr2a	0.128753415319	0.656583063789	39	4	False
ENSG00000135914	HTR2B	ENSMUSG00000026228	Htr2b	1.25596780472	0.93305583541	30	4	False
ENSG00000147246	HTR2C	ENSMUSG00000041380	Htr2c	-0.201863620624	0.520043480566	19	4	False
ENSG00000166736	HTR3A	ENSMUSG00000032269	Htr3a	0.34027845712	0.732249854181	37	4	False
ENSG00000149305	HTR3B	ENSMUSG00000008590	Htr3b	1.04239285696	0.906808420383	25	4	False
ENSG00000164270	HTR4	ENSMUSG00000026322	Htr4	0.542220887687	0.797576753805	36	4	False
ENSG00000158748	HTR6	ENSMUSG00000028747	Htr6	-1.30727053589	0.222148576277	54	4	False
ENSG00000148680	HTR7	ENSMUSG00000024798	Htr7	0.276266986942	0.711357972321	42	4	False
ENSG00000197386	HTT	ENSMUSG00000029104	Htt	1.79838529356	0.972665570815	17	4	False
ENSG00000086758	HUWE1	ENSMUSG00000025261	Huwe1	-0.386394985537	0.454345405377	18	4	True
ENSG00000003147	ICA1	ENSMUSG00000062995	Ica1	-0.496831444558	0.416061296993	31	4	False
ENSG00000163600	ICOS	ENSMUSG00000026009	Icos	0.0134061646374	0.609761917387	28	4	False
ENSG00000119912	IDE	ENSMUSG00000056999	Ide	-0.570238246426	0.391987910282	20	4	False
ENSG00000166411	IDH3A	ENSMUSG00000032279	Idh3a	-0.32187421669	0.475502412641	18	4	False
ENSG00000115267	IFIH1	ENSMUSG00000026896	Ifih1	0.595570982561	0.812158651042	33	4	False
ENSG00000142166	IFNAR1	ENSMUSG00000022967	Ifnar1	-3.7672229369	0.0599978789968	25	4	False
ENSG00000159110	IFNAR2	ENSMUSG00000022971	Ifnar2	0.519045679691	0.791213744101	27	4	False
ENSG00000027697	IFNGR1	ENSMUSG00000020009	Ifngr1	-1.27091288181	0.228458560899	14	4	False
ENSG00000159128	IFNGR2	ENSMUSG00000022965	Ifngr2	-0.912153069153	0.300307545469	42	4	False
ENSG00000119650	IFT43	ENSMUSG00000007867	Ift43	0.4411094246	0.764807253831	55	4	False
ENSG00000122970	IFT81	ENSMUSG00000029469	Ift81	1.36832705689	0.943660851583	31	4	False
ENSG00000032742	IFT88	ENSMUSG00000040040	Ift88	0.931950466009	0.887560316029	25	4	False
ENSG00000140443	IGF1R	ENSMUSG00000005533	Igf1r	0.480096619068	0.778169574209	17	4	False
ENSG00000197081	IGF2R	ENSMUSG00000023830	Igf2r	0.578221778477	0.807598494088	41	4	False
ENSG00000147255	IGSF1	ENSMUSG00000031111	Igsf1	1.23314512292	0.930669706771	26	4	False
ENSG00000162729	IGSF8	ENSMUSG00000038034	Igsf8	0.385148432555	0.747415027308	34	4	False
ENSG00000161405	IKZF3	ENSMUSG00000018168	Ikzf3	0.133326934317	0.658279866377	16	4	False
ENSG00000110324	IL10RA	ENSMUSG00000032089	Il10ra	0.243383749737	0.699374304046	40	4	False
ENSG00000243646	IL10RB	ENSMUSG00000022969	Il10rb	-1.84876857539	0.15788217827	35	4	False
ENSG00000113302	IL12B	ENSMUSG00000004296	Il12b	-0.287672395909	0.487963306644	44	4	False
ENSG00000096996	IL12RB1	ENSMUSG00000000791	Il12rb1	1.69610862969	0.967893313537	37	4	False
ENSG00000177663	IL17RA	ENSMUSG00000002897	Il17ra	0.234684148841	0.696457924598	31	4	False
ENSG00000144730	IL17RD	ENSMUSG00000040717	Il17rd	-2.17085549418	0.13020308606	26	4	False
ENSG00000115594	IL1R1	ENSMUSG00000026072	Il1r1	0.151376953708	0.664324725595	26	4	False
ENSG00000196083	IL1RAP	ENSMUSG00000022514	Il1rap	0.438810377529	0.764223977942	36	4	False
ENSG00000169306	IL1RAPL1	ENSMUSG00000052372	Il1rapl1	-0.528096959368	0.405138130336	22	4	False
ENSG00000189108	IL1RAPL2	ENSMUSG00000059203	Il1rapl2	-1.65163439881	0.177766583594	15	4	False
ENSG00000103522	IL21R	ENSMUSG00000030745	Il21r	0.159376586716	0.667135054881	20	4	False
ENSG00000162594	IL23R	ENSMUSG00000049093	Il23r	0.491909636453	0.781669229546	16	4	False
ENSG00000134460	IL2RA	ENSMUSG00000026770	Il2ra	-0.457900179728	0.430325043746	33	4	False
ENSG00000100385	IL2RB	ENSMUSG00000068227	Il2rb	-1.29361014563	0.224852855401	28	4	False
ENSG00000147168	IL2RG	ENSMUSG00000031304	Il2rg	0.00971735081521	0.608224190042	30	4	False
ENSG00000164509	IL31RA	ENSMUSG00000050377	Il31ra	0.277586417937	0.711676122806	39	4	False
ENSG00000077238	IL4R	ENSMUSG00000030748	Il4ra	0.946956557248	0.890847871043	40	4	False
ENSG00000160712	IL6R	ENSMUSG00000027947	Il6ra	-0.489969047514	0.418235325309	36	4	False
ENSG00000134352	IL6ST	ENSMUSG00000021756	Il6st	-0.196366415187	0.52274775969	12	4	False
ENSG00000132376	INPP5K	ENSMUSG00000006127	Inpp5k	-0.617066606594	0.376451561589	35	4	False
ENSG00000171105	INSR	ENSMUSG00000005534	Insr	1.15975187976	0.92197359351	43	4	False
ENSG00000173226	IQCB1	ENSMUSG00000022837	Iqcb1	-1.26803335289	0.22909486187	19	4	False
ENSG00000144711	IQSEC1	ENSMUSG00000034312	Iqsec1	-0.278613489463	0.491144811496	33	4	False
ENSG00000124313	IQSEC2	ENSMUSG00000041115	Iqsec2	-0.368861891584	0.460337239514	41	4	False
ENSG00000136381	IREB2	ENSMUSG00000032293	Ireb2	-0.0498341544772	0.583143326794	42	4	False
ENSG00000125347	IRF1	ENSMUSG00000018899	Irf1	1.29470416324	0.936608515828	42	4	False
ENSG00000168310	IRF2	ENSMUSG00000031627	Irf2	-0.390507508735	0.452860703113	42	4	False
ENSG00000119669	IRF2BPL	ENSMUSG00000034168	Irf2bpl	-0.187195649466	0.526883715998	35	4	False
ENSG00000128604	IRF5	ENSMUSG00000029771	Irf5	0.614692139254	0.817249058805	40	4	False
ENSG00000117595	IRF6	ENSMUSG00000026638	Irf6	0.913534361717	0.884007635612	40	4	False
ENSG00000185507	IRF7	ENSMUSG00000025498	Irf7	0.457250209546	0.770799087969	46	4	False
ENSG00000140968	IRF8	ENSMUSG00000041515	Irf8	-1.28335468391	0.22607243226	47	4	False
ENSG00000213928	IRF9	ENSMUSG00000002325	Irf9	0.443822012022	0.765814730367	40	4	False
ENSG00000169047	IRS1	ENSMUSG00000055980	Irs1	-3.12364229244	0.0790869081075	50	4	False
ENSG00000165898	ISCA2	ENSMUSG00000021241	Isca2	-2.02155725867	0.142398854658	41	4	False
ENSG00000016082	ISL1	ENSMUSG00000042258	Isl1	0.190128565763	0.679489898722	37	4	False
ENSG00000164171	ITGA2	ENSMUSG00000015533	Itga2	-0.466443855574	0.427620764622	29	4	False
ENSG00000005961	ITGA2B	ENSMUSG00000034664	Itga2b	-0.510290149158	0.411076939392	35	4	False
ENSG00000115232	ITGA4	ENSMUSG00000027009	Itga4	-0.890560839383	0.305238877989	44	4	False
ENSG00000091409	ITGA6	ENSMUSG00000027111	Itga6	-0.439435772568	0.435786627075	38	4	False
ENSG00000135424	ITGA7	ENSMUSG00000025348	Itga7	0.446920174974	0.766981282146	28	4	False
ENSG00000077943	ITGA8	ENSMUSG00000026768	Itga8	-3.75734203427	0.0602099793202	29	4	False
ENSG00000144668	ITGA9	ENSMUSG00000039115	Itga9	0.289885006267	0.71559997879	31	4	False
ENSG00000150093	ITGB1	ENSMUSG00000025809	Itgb1	-1.65801461458	0.176759107058	17	4	False
ENSG00000136156	ITM2B	ENSMUSG00000022108	Itm2b	-0.614469268123	0.377512063206	43	4	False
ENSG00000150995	ITPR1	ENSMUSG00000030102	Itpr1	1.35266082644	0.942388249642	38	4	False
ENSG00000128928	IVD	ENSMUSG00000027332	Ivd	0.24269649313	0.698791028156	40	4	False
ENSG00000008083	JARID2	ENSMUSG00000038518	Jarid2	-1.87235478148	0.155496049631	51	4	False
ENSG00000130522	JUND	ENSMUSG00000071076	Jund	-0.604905300101	0.380375417573	53	4	False
ENSG00000160145	KALRN	ENSMUSG00000061751	Kalrn	0.413011561081	0.756111140569	28	4	False
ENSG00000083168	KAT6A	ENSMUSG00000031540	Kat6a	3.41093928184	0.997163158174	32	4	False
ENSG00000120696	KBTBD7	ENSMUSG00000043881	Kbtbd7	-0.538270221471	0.400949148947	23	4	True
ENSG00000111262	KCNA1	ENSMUSG00000047976	Kcna1	0.449784450352	0.767988758683	20	4	False
ENSG00000177301	KCNA2	ENSMUSG00000040724	Kcna2	1.19684085622	0.92626862506	16	4	False
ENSG00000169282	KCNAB1	ENSMUSG00000027827	Kcnab1	-2.61416820753	0.102789119253	36	4	False
ENSG00000069424	KCNAB2	ENSMUSG00000028931	Kcnab2	-0.214487617754	0.51596054934	43	4	False
ENSG00000158445	KCNB1	ENSMUSG00000050556	Kcnb1	1.0945031782	0.913595630733	48	4	False
ENSG00000129159	KCNC1	ENSMUSG00000058975	Kcnc1	-2.27029245782	0.123309825547	47	4	False
ENSG00000166006	KCNC2	ENSMUSG00000035681	Kcnc2	-0.0472181727935	0.584203828411	24	4	False
ENSG00000131398	KCNC3	ENSMUSG00000062785	Kcnc3	-0.300037082902	0.483509199852	49	4	False
ENSG00000171385	KCND3	ENSMUSG00000040896	Kcnd3	0.455275723857	0.770321862241	47	4	False
ENSG00000143473	KCNH1	ENSMUSG00000058248	Kcnh1	0.695027436828	0.838034890503	41	4	False
ENSG00000140015	KCNH5	ENSMUSG00000034402	Kcnh5	0.278461801507	0.711994273291	23	4	False
ENSG00000157542	KCNJ6	ENSMUSG00000043301	Kcnj6	-0.130219449758	0.550426851901	42	4	False
ENSG00000156113	KCNMA1	ENSMUSG00000063142	Kcnma1	-0.293008591783	0.486054403733	36	4	False
ENSG00000080709	KCNN2	ENSMUSG00000054477	Kcnn2	0.248386910041	0.701283206957	44	4	False
ENSG00000143603	KCNN3	ENSMUSG00000000794	Kcnn3	1.32128684203	0.939471870195	39	4	False
ENSG00000053918	KCNQ1	ENSMUSG00000009545	Kcnq1	-0.129002556431	0.551169203033	52	4	False
ENSG00000075043	KCNQ2	ENSMUSG00000016346	Kcnq2	0.436583361052	0.763640702052	45	4	False
ENSG00000184156	KCNQ3	ENSMUSG00000056258	Kcnq3	0.293740761583	0.716925605812	41	4	False
ENSG00000185760	KCNQ5	ENSMUSG00000028033	Kcnq5	0.280766780509	0.712657086802	41	4	False
ENSG00000107147	KCNT1	ENSMUSG00000058740	Kcnt1	1.81130673467	0.973248846704	36	4	False
ENSG00000134504	KCTD1	ENSMUSG00000036225	Kctd1	-0.606865379672	0.379739116602	45	4	False
ENSG00000183775	KCTD16	ENSMUSG00000051401	Kctd16	0.49952962586	0.784744684236	12	4	False
ENSG00000183783	KCTD8	ENSMUSG00000037653	Kctd8	-0.328728986966	0.473328384326	33	4	False
ENSG00000127663	KDM4B	ENSMUSG00000024201	Kdm4b	0.640557901784	0.823612068508	50	4	False
ENSG00000107077	KDM4C	ENSMUSG00000028397	Kdm4c	-0.237656893819	0.507052335755	10	4	False
ENSG00000117139	KDM5B	ENSMUSG00000042207	Kdm5b	-0.234740925898	0.508218887534	41	4	False
ENSG00000147050	KDM6A	ENSMUSG00000037369	Kdm6a	-0.950946204727	0.290975131237	33	4	False
ENSG00000132510	KDM6B	ENSMUSG00000018476	Kdm6b	-0.494322237637	0.416803648126	43	4	False
ENSG00000128052	KDR	ENSMUSG00000062960	Kdr	-0.449157360477	0.432658147304	27	4	False
ENSG00000138160	KIF11	ENSMUSG00000012443	Kif11	-2.46132521939	0.110530781059	10	4	False
ENSG00000130294	KIF1A	ENSMUSG00000014602	Kif1a	-4.20084965393	0.0502942891988	39	4	False
ENSG00000054523	KIF1B	ENSMUSG00000063077	Kif1b	-10.8530173592	0.00522297046503	32	4	False
ENSG00000139116	KIF21A	ENSMUSG00000022629	Kif21a	-1.27377630977	0.228087385333	36	4	False
ENSG00000101350	KIF3B	ENSMUSG00000027475	Kif3b	0.3394912051	0.732143804019	27	4	False
ENSG00000155980	KIF5A	ENSMUSG00000074657	Kif5a	-1.22161090631	0.236147197624	42	4	False
ENSG00000168280	KIF5C	ENSMUSG00000026764	Kif5c	-1.0795843711	0.263083938703	30	4	False
ENSG00000116014	KISS1R	ENSMUSG00000035773	Kiss1r	-0.361929158784	0.462564292911	37	4	False
ENSG00000157404	KIT	ENSMUSG00000005672	Kit	-0.566287580209	0.392942361737	39	4	False
ENSG00000126214	KLC1	ENSMUSG00000021288	Klc1	-0.608961893661	0.379102815632	40	4	False
ENSG00000174996	KLC2	ENSMUSG00000024862	Klc2	-0.315427054835	0.477358290471	38	4	False
ENSG00000105610	KLF1	ENSMUSG00000054191	Klf1	0.402252732621	0.752187284586	52	4	False
ENSG00000172059	KLF11	ENSMUSG00000020653	Klf11	0.503214202589	0.786123336338	48	4	False
ENSG00000118922	KLF12	ENSMUSG00000072294	Klf12	1.34626027262	0.94164589851	16	4	False
ENSG00000169926	KLF13	ENSMUSG00000052040	Klf13	1.11962321223	0.916618060343	51	4	False
ENSG00000118263	KLF7	ENSMUSG00000025959	Klf7	-0.928177757731	0.296330664404	40	4	False
ENSG00000119138	KLF9	ENSMUSG00000033863	Klf9	0.658800285232	0.828755501352	42	4	False
ENSG00000076321	KLHL20	ENSMUSG00000026705	Klhl20	-2.31791739161	0.119492019725	32	4	True
ENSG00000122550	KLHL7	ENSMUSG00000028986	Klhl7	0.818803114405	0.865342807148	28	4	False
ENSG00000213809	KLRK1	ENSMUSG00000030149	Klrk1	-0.497367013208	0.41584919667	15	4	False
ENSG00000118058	KMT2A	ENSMUSG00000002028	Kmt2a	0.336898103723	0.731295402725	33	4	False
ENSG00000272333	KMT2B	ENSMUSG00000006307	Kmt2b	-0.0625140812451	0.57799989395	42	4	False
ENSG00000167548	KMT2D	ENSMUSG00000048154	Kmt2d	-0.524989474809	0.406516782438	36	4	False
ENSG00000005483	KMT2E	ENSMUSG00000029004	Kmt2e	-0.637382623725	0.370618802694	25	4	False
ENSG00000102753	KPNA3	ENSMUSG00000021929	Kpna3	-0.639656248233	0.369717376319	14	4	False
ENSG00000133703	KRAS	ENSMUSG00000030265	Kras	-0.555149955568	0.395911766265	14	4	False
ENSG00000183762	KREMEN1	ENSMUSG00000020393	Kremen1	0.19575373143	0.681345776552	39	4	False
ENSG00000001631	KRIT1	ENSMUSG00000000600	Krit1	-0.274206911959	0.493053714407	21	4	False
ENSG00000198910	L1CAM	ENSMUSG00000031391	L1cam	0.504276018284	0.786494511904	31	4	False
ENSG00000005893	LAMP2	ENSMUSG00000016534	Lamp2	0.0147332224011	0.610239143115	34	4	False
ENSG00000138136	LBX1	ENSMUSG00000025216	Lbx1	-1.39507159266	0.20947558195	37	4	False
ENSG00000174106	LEMD3	ENSMUSG00000048661	Lemd3	-0.0161009562648	0.597619173869	35	4	False
ENSG00000116678	LEPR	ENSMUSG00000057722	Lepr	2.4191602046	0.989739646853	39	4	False
ENSG00000131981	LGALS3	ENSMUSG00000050335	Lgals3	-0.278060972438	0.491675062304	37	4	False
ENSG00000108231	LGI1	ENSMUSG00000067242	Lgi1	-0.749700352372	0.33906887958	34	4	False
ENSG00000205213	LGR4	ENSMUSG00000050199	Lgr4	0.0989446133412	0.644705445676	20	4	False
ENSG00000138039	LHCGR	ENSMUSG00000024107	Lhcgr	-0.329244217566	0.473063258921	28	4	False
ENSG00000107187	LHX3	ENSMUSG00000026934	Lhx3	-0.250663924225	0.501484702264	57	4	False
ENSG00000121454	LHX4	ENSMUSG00000026468	Lhx4	-0.442318691158	0.434726125457	37	4	False
ENSG00000106683	LIMK1	ENSMUSG00000029674	Limk1	0.501790539088	0.785699135691	41	4	False
ENSG00000169783	LINGO1	ENSMUSG00000049556	Lingo1	-1.03235941895	0.273105678986	31	4	False
ENSG00000174482	LINGO2	ENSMUSG00000045083	Lingo2	-0.306202901732	0.481441221698	14	4	False
ENSG00000189067	LITAF	ENSMUSG00000022500	Litaf	-1.06961703175	0.265523092423	38	4	False
ENSG00000114988	LMAN2L	ENSMUSG00000001143	Lman2l	0.0973277383647	0.644175194867	45	4	False
ENSG00000105983	LMBR1	ENSMUSG00000010721	Lmbr1	0.393134506862	0.749270905138	10	4	False
ENSG00000162761	LMX1A	ENSMUSG00000026686	Lmx1a	-0.299261694745	0.483774325256	41	4	False
ENSG00000136944	LMX1B	ENSMUSG00000038765	Lmx1b	-0.0204227918938	0.595498170635	44	4	False
ENSG00000196365	LONP1	ENSMUSG00000041168	Lonp1	-10.9664019881	0.00501087014158	46	4	False
ENSG00000139679	LPAR6	ENSMUSG00000033446	Lpar6	-0.425211001417	0.441195185323	14	4	False
ENSG00000198589	LRBA	ENSMUSG00000028080	Lrba	-0.43266404933	0.437801580147	43	4	False
ENSG00000136141	LRCH1	ENSMUSG00000068015	Lrch1	1.06945941186	0.910573201124	28	4	False
ENSG00000156564	LRFN2	ENSMUSG00000040490	Lrfn2	0.4202163153	0.758762394613	34	4	False
ENSG00000121931	LRIF1	ENSMUSG00000056260	Lrif1	-1.15808924417	0.246858263959	25	4	False
ENSG00000123384	LRP1	ENSMUSG00000040249	Lrp1	-0.888594827882	0.305504003394	45	4	False
ENSG00000081479	LRP2	ENSMUSG00000027070	Lrp2	0.661878957554	0.829497852484	33	4	False
ENSG00000134569	LRP4	ENSMUSG00000027253	Lrp4	0.100903845493	0.645765947293	36	4	False
ENSG00000162337	LRP5	ENSMUSG00000024913	Lrp5	-0.513406107904	0.410122487937	43	4	False
ENSG00000070018	LRP6	ENSMUSG00000030201	Lrp6	-1.39695879422	0.209263481627	23	4	False
ENSG00000157193	LRP8	ENSMUSG00000028613	Lrp8	-0.803998708829	0.325494458879	39	4	False
ENSG00000163956	LRPAP1	ENSMUSG00000029103	Lrpap1	-0.737166181629	0.342091309189	39	4	False
ENSG00000138095	LRPPRC	ENSMUSG00000024120	Lrpprc	-4.49915546033	0.044779680789	28	4	False
ENSG00000179796	LRRC3B	ENSMUSG00000045201	Lrrc3b	0.968501331568	0.894453576542	39	4	False
ENSG00000033122	LRRC7	ENSMUSG00000028176	Lrrc7	-0.631892197639	0.371944429715	30	4	False
ENSG00000124831	LRRFIP1	ENSMUSG00000026305	Lrrfip1	0.10585785551	0.647780900366	27	4	False
ENSG00000170382	LRRN2	ENSMUSG00000026443	Lrrn2	0.485160793522	0.779972426958	31	4	False
ENSG00000173114	LRRN3	ENSMUSG00000036295	Lrrn3	-0.0187338863235	0.596187496686	22	4	False
ENSG00000162951	LRRTM1	ENSMUSG00000060780	Lrrtm1	-0.159501157272	0.538628771409	37	4	False
ENSG00000198739	LRRTM3	ENSMUSG00000042846	Lrrtm3	-1.12569412016	0.253433373986	39	4	False
ENSG00000176204	LRRTM4	ENSMUSG00000052581	Lrrtm4	0.218888263327	0.68977676441	22	4	False
ENSG00000214113	LYRM4	ENSMUSG00000046573	Lyrm4	-0.367834820058	0.460602364919	14	4	False
ENSG00000143669	LYST	ENSMUSG00000019726	Lyst	-0.833968520369	0.318601198367	43	4	False
ENSG00000163818	LZTFL1	ENSMUSG00000025245	Lztfl1	-0.915152931531	0.299512169256	37	4	False
ENSG00000099949	LZTR1	ENSMUSG00000022761	Lztr1	-2.21969477905	0.125961079591	44	4	False
ENSG00000127603	MACF1	ENSMUSG00000028649	Macf1	0.0721144882727	0.633941354261	17	4	False
ENSG00000110514	MADD	ENSMUSG00000040687	Madd	0.310401014224	0.723023490111	31	4	False
ENSG00000178573	MAF	ENSMUSG00000055435	Maf	0.435789329683	0.763322551567	56	4	False
ENSG00000182759	MAFA	ENSMUSG00000047591	Mafa	-0.111266081978	0.557479187656	50	4	False
ENSG00000204103	MAFB	ENSMUSG00000074622	Mafb	-0.070817937584	0.574765364017	37	4	False
ENSG00000197063	MAFG	ENSMUSG00000051510	Mafg	0.568255286549	0.804310939074	47	4	False
ENSG00000254585	MAGEL2	ENSMUSG00000056972	Magel2	0.323120769673	0.727106421337	49	4	False
ENSG00000109323	MANBA	ENSMUSG00000028164	Manba	-0.615893779043	0.376981812397	31	4	False
ENSG00000145050	MANF	ENSMUSG00000032575	Manf	-2.01442284021	0.143088180709	43	4	False
ENSG00000131711	MAP1B	ENSMUSG00000052727	Map1b	-2.98714008006	0.0842833660321	38	4	False
ENSG00000101460	MAP1LC3A	ENSMUSG00000027602	Map1lc3a	-0.488347935444	0.418712551037	34	4	False
ENSG00000169032	MAP2K1	ENSMUSG00000004936	Map2k1	-1.27525505549	0.227769234848	37	4	False
ENSG00000126934	MAP2K2	ENSMUSG00000035027	Map2k2	-2.59744863558	0.103531470385	49	4	False
ENSG00000108984	MAP2K6	ENSMUSG00000020623	Map2k6	1.5024310742	0.95516729413	46	4	False
ENSG00000135341	MAP3K7	ENSMUSG00000028284	Map3k7	-0.066683381499	0.576462166605	32	4	False
ENSG00000171533	MAP6	ENSMUSG00000055407	Map6	-0.717984010787	0.347287767114	52	4	False
ENSG00000100030	MAPK1	ENSMUSG00000063358	Mapk1	-0.575019383018	0.389866907047	18	4	False
ENSG00000107643	MAPK8	ENSMUSG00000021936	Mapk8	2.3492905286	0.988360994751	21	4	False
ENSG00000121653	MAPK8IP1	ENSMUSG00000027223	Mapk8ip1	-0.567575656711	0.392730261414	48	4	False
ENSG00000050748	MAPK9	ENSMUSG00000020366	Mapk9	1.36830163432	0.943607826502	23	4	False
ENSG00000137802	MAPKBP1	ENSMUSG00000033902	Mapkbp1	-1.36636951957	0.213664563338	28	4	False
ENSG00000166974	MAPRE2	ENSMUSG00000024277	Mapre2	1.43978903272	0.950076886367	29	4	False
ENSG00000186868	MAPT	ENSMUSG00000018411	Mapt	-0.316975288892	0.476881064744	38	4	False
ENSG00000277443	MARCKS	ENSMUSG00000069662	Marcks	-1.92841153184	0.15109496792	38	4	False
ENSG00000075413	MARK3	ENSMUSG00000007411	Mark3	-0.487108161811	0.419401877088	28	4	False
ENSG00000105613	MAST1	ENSMUSG00000053693	Mast1	-0.660628167478	0.363725542181	35	4	False
ENSG00000015479	MATR3	ENSMUSG00000037236	Matr3	-8.01818046157	0.0125404316242	16	4	False
ENSG00000125952	MAX	ENSMUSG00000059436	Max	-3.58045184423	0.064186860385	41	4	False
ENSG00000134046	MBD2	ENSMUSG00000024513	Mbd2	-0.011683362317	0.599952277427	44	4	False
ENSG00000204406	MBD5	ENSMUSG00000036792	Mbd5	-3.27459553677	0.0732011241317	19	4	False
ENSG00000165471	MBL2	ENSMUSG00000024863	Mbl2	0.375157365483	0.744392597699	40	4	False
ENSG00000125505	MBOAT7	ENSMUSG00000035596	Mboat7	-2.36980653656	0.116045389469	38	4	False
ENSG00000258839	MC1R	ENSMUSG00000074037	Mc1r	1.45760262228	0.951508563551	43	4	False
ENSG00000185231	MC2R	ENSMUSG00000045569	Mc2r	0.306994390845	0.72114109974	30	4	False
ENSG00000124089	MC3R	ENSMUSG00000038537	Mc3r	-0.195330022055	0.523490110822	37	4	False
ENSG00000166603	MC4R	ENSMUSG00000047259	Mc4r	0.412930208881	0.755952065327	39	4	False
ENSG00000128285	MCHR1	ENSMUSG00000050164	Mchr1	-0.0657935918106	0.576674266928	38	4	False
ENSG00000147316	MCPH1	ENSMUSG00000039842	Mcph1	-8.49268411688	0.0107906039557	25	4	False
ENSG00000232119	MCTS1	ENSMUSG00000000355	Mcts1	-0.526913962792	0.405933506549	14	4	False
ENSG00000014641	MDH1	ENSMUSG00000020321	Mdh1	0.763340404585	0.852669812821	39	4	False
ENSG00000146701	MDH2	ENSMUSG00000019179	Mdh2	1.04147171278	0.90664934514	43	4	False
ENSG00000169057	MECP2	ENSMUSG00000031393	Mecp2	-0.818335339254	0.321782703219	38	4	False
ENSG00000116353	MECR	ENSMUSG00000028910	Mecr	-3.31170146161	0.0720875974336	38	4	False
ENSG00000184634	MED12	ENSMUSG00000079487	Med12	1.7922906579	0.972294395249	41	4	False
ENSG00000123066	MED13L	ENSMUSG00000018076	Med13l	2.17322233475	0.984755289252	39	4	False
ENSG00000099917	MED15	ENSMUSG00000012114	Med15	1.27551945014	0.934805663079	34	4	False
ENSG00000112282	MED23	ENSMUSG00000019984	Med23	2.70633347087	0.992974176786	35	4	False
ENSG00000068305	MEF2A	ENSMUSG00000030557	Mef2a	-0.844961236404	0.315737844	33	4	False
ENSG00000081189	MEF2C	ENSMUSG00000005583	Mef2c	1.1727199289	0.923723421178	46	4	False
ENSG00000116604	MEF2D	ENSMUSG00000001419	Mef2d	-0.540585369498	0.399994697492	50	4	False
ENSG00000134138	MEIS2	ENSMUSG00000027210	Meis2	0.0730135995673	0.634630680312	37	4	False
ENSG00000005102	MEOX1	ENSMUSG00000001493	Meox1	-0.78103535552	0.331274192693	37	4	False
ENSG00000153208	MERTK	ENSMUSG00000014361	Mertk	0.45055221174	0.768359934249	21	4	False
ENSG00000188095	MESP2	ENSMUSG00000030543	Mesp2	0.331866131181	0.729916750623	55	4	False
ENSG00000106484	MEST	ENSMUSG00000051855	Mest	0.807886666057	0.862585502943	34	4	False
ENSG00000105976	MET	ENSMUSG00000009376	Met	0.264064156931	0.707115965852	19	4	False
ENSG00000168958	MFF	ENSMUSG00000026150	Mff	-1.03329751151	0.272787528501	21	4	False
ENSG00000151690	MFSD6	ENSMUSG00000041439	Mfsd6	-5.18254190578	0.0331141629991	38	4	False
ENSG00000174197	MGA	ENSMUSG00000033943	Mga	-0.823837629203	0.320934301925	13	4	False
ENSG00000101752	MIB1	ENSMUSG00000024294	Mib1	-0.292300149707	0.486425579299	32	4	False
ENSG00000107745	MICU1	ENSMUSG00000020111	Micu1	-1.25448397449	0.231374940347	35	4	False
ENSG00000240972	MIF	ENSMUSG00000033307	Mif	-0.813934693682	0.323002280078	57	4	False
ENSG00000107789	MINPP1	ENSMUSG00000024896	Minpp1	-4.80851669174	0.0383106209237	42	4	False
ENSG00000187098	MITF	ENSMUSG00000035158	Mitf	-0.423274649571	0.441884511374	33	4	False
ENSG00000150051	MKX	ENSMUSG00000061013	Mkx	-0.733129078701	0.343310886049	20	4	False
ENSG00000175727	MLXIP	ENSMUSG00000038342	Mlxip	-0.104136748027	0.561031868074	38	4	False
ENSG00000151611	MMAA	ENSMUSG00000037022	Mmaa	-1.29583038276	0.224587729996	24	4	False
ENSG00000070444	MNT	ENSMUSG00000000282	Mnt	-0.0414108120944	0.586218781484	43	4	False
ENSG00000130675	MNX1	ENSMUSG00000001566	Mnx1	-0.362652006978	0.462405217668	44	4	False
ENSG00000060762	MPC1	ENSMUSG00000023861	Mpc1	-0.961419453067	0.28805875179	36	4	False
ENSG00000107186	MPDZ	ENSMUSG00000028402	Mpdz	-0.44351100934	0.434036799406	22	4	False
ENSG00000051825	MPHOSPH9	ENSMUSG00000038126	Mphosph9	-2.61654691197	0.10257701893	31	4	False
ENSG00000117400	MPL	ENSMUSG00000006389	Mpl	-0.00615988689943	0.601596054934	41	4	False
ENSG00000135097	MSI1	ENSMUSG00000054256	Msi1	-4.70104450351	0.04053767432	34	4	False
ENSG00000174579	MSL2	ENSMUSG00000066415	Msl2	-1.62314587525	0.181266238931	18	4	False
ENSG00000120149	MSX2	ENSMUSG00000021469	Msx2	-0.00396761459116	0.602762606713	47	4	False
ENSG00000134640	MTNR1B	ENSMUSG00000050901	Mtnr1b	0.274487407566	0.710615621189	31	4	False
ENSG00000198793	MTOR	ENSMUSG00000028991	Mtor	-4.17080018503	0.0510896654117	38	4	False
ENSG00000030304	MUSK	ENSMUSG00000057280	Musk	0.349399225135	0.73527228379	37	4	False
ENSG00000197535	MYO5A	ENSMUSG00000034593	Myo5a	1.39431993223	0.945781854817	10	4	False
ENSG00000196586	MYO6	ENSMUSG00000033577	Myo6	-0.202606806868	0.519619279919	35	4	False
ENSG00000066933	MYO9A	ENSMUSG00000039585	Myo9a	-1.23227990838	0.234874595684	9	4	False
ENSG00000129152	MYOD1	ENSMUSG00000009471	Myod1	-4.69992591076	0.0405906994008	57	4	False
ENSG00000124920	MYRF	ENSMUSG00000036098	Myrf	-0.357460719711	0.46378386977	40	4	False
ENSG00000186487	MYT1L	ENSMUSG00000061911	Myt1l	1.38522458678	0.945198578928	37	4	False
ENSG00000102030	NAA10	ENSMUSG00000031388	Naa10	-1.35447769224	0.215732541492	45	4	False
ENSG00000164134	NAA15	ENSMUSG00000063273	Naa15	-2.74437155634	0.096373084469	11	4	False
ENSG00000173418	NAA20	ENSMUSG00000002728	Naa20	-2.20810802247	0.126756455804	41	4	True
ENSG00000102452	NALCN	ENSMUSG00000000197	Nalcn	0.387921186708	0.747998303197	30	4	False
ENSG00000125814	NAPB	ENSMUSG00000027438	Napb	-1.55931829494	0.188636725171	30	4	False
ENSG00000067798	NAV3	ENSMUSG00000020181	Nav3	-0.027417216779	0.591839440055	37	4	False
ENSG00000172915	NBEA	ENSMUSG00000027799	Nbea	-0.778523606343	0.331857468583	17	4	False
ENSG00000149294	NCAM1	ENSMUSG00000039542	Ncam1	0.0898204556515	0.64125881542	41	4	False
ENSG00000151503	NCAPD3	ENSMUSG00000035024	Ncapd3	-0.195718987262	0.523278010499	35	4	False
ENSG00000084676	NCOA1	ENSMUSG00000020647	Ncoa1	-0.923488989782	0.297497216183	37	4	False
ENSG00000124151	NCOA3	ENSMUSG00000027678	Ncoa3	-0.566742644079	0.392889336656	31	4	False
ENSG00000182636	NDN	ENSMUSG00000033585	Ndn	-0.0397498713429	0.586855082454	52	4	False
ENSG00000130414	NDUFA10	ENSMUSG00000026260	Ndufa10	-1.1760324888	0.243517683864	28	4	False
ENSG00000174886	NDUFA11	ENSMUSG00000002379	Ndufa11	-3.67741603995	0.0625430828782	38	4	False
ENSG00000184752	NDUFA12	ENSMUSG00000020022	Ndufa12	0.00147959313886	0.605095710271	45	4	False
ENSG00000186010	NDUFA13	ENSMUSG00000036199	Ndufa13	-1.93206983859	0.150564717111	47	4	False
ENSG00000189043	NDUFA4	ENSMUSG00000029632	Ndufa4	-2.33022106445	0.118643618432	27	4	False
ENSG00000184983	NDUFA6	ENSMUSG00000022450	Ndufa6	-5.5982262256	0.0274935044276	47	4	False
ENSG00000119421	NDUFA8	ENSMUSG00000026895	Ndufa8	-3.47303558564	0.0670502147516	31	4	False
ENSG00000139180	NDUFA9	ENSMUSG00000000399	Ndufa9	-3.13842381771	0.0783975820563	19	4	False
ENSG00000164182	NDUFAF2	ENSMUSG00000068184	Ndufaf2	-0.506864882567	0.412296516252	42	4	False
ENSG00000123545	NDUFAF4	ENSMUSG00000028261	Ndufaf4	-3.19336790725	0.0763296039026	30	4	False
ENSG00000101247	NDUFAF5	ENSMUSG00000027384	Ndufaf5	-1.37670548608	0.211808685508	33	4	False
ENSG00000140990	NDUFB10	ENSMUSG00000040048	Ndufb10	-1.61325649842	0.18243279071	49	4	False
ENSG00000119013	NDUFB3	ENSMUSG00000026032	Ndufb3	-1.74094555579	0.169335595737	35	4	False
ENSG00000099795	NDUFB7	ENSMUSG00000033938	Ndufb7	-1.58754581353	0.185296145077	54	4	False
ENSG00000166136	NDUFB8	ENSMUSG00000025204	Ndufb8	-2.4375720718	0.112227583647	37	4	False
ENSG00000147684	NDUFB9	ENSMUSG00000022354	Ndufb9	-2.38108568013	0.115409088499	32	4	False
ENSG00000151366	NDUFC2	ENSMUSG00000030647	Ndufc2	-2.09052273886	0.136778196087	48	4	False
ENSG00000023228	NDUFS1	ENSMUSG00000025968	Ndufs1	-2.42152450292	0.113235060183	20	4	False
ENSG00000158864	NDUFS2	ENSMUSG00000013593	Ndufs2	-1.36353914094	0.213982713824	43	4	False
ENSG00000213619	NDUFS3	ENSMUSG00000005510	Ndufs3	-0.464292259365	0.428310090673	24	4	False
ENSG00000164258	NDUFS4	ENSMUSG00000021764	Ndufs4	0.31687529348	0.725197518426	12	4	False
ENSG00000115286	NDUFS7	ENSMUSG00000020153	Ndufs7	-1.32196223477	0.220292698446	43	4	False
ENSG00000110717	NDUFS8	ENSMUSG00000059734	Ndufs8	-2.78199949113	0.0939339307492	50	4	False
ENSG00000167792	NDUFV1	ENSMUSG00000037916	Ndufv1	-1.29593715752	0.224534704915	41	4	False
ENSG00000100285	NEFH	ENSMUSG00000020396	Nefh	-0.617682680026	0.376186436184	39	4	False
ENSG00000277586	NEFL	ENSMUSG00000022055	Nefl	-0.0256488233299	0.59274086643	36	4	False
ENSG00000137601	NEK1	ENSMUSG00000031644	Nek1	0.0790607797729	0.637122859112	23	4	False
ENSG00000119638	NEK9	ENSMUSG00000034290	Nek9	0.228569175136	0.693965745798	33	4	False
ENSG00000067141	NEO1	ENSMUSG00000032340	Neo1	0.661783199235	0.829444827403	35	4	False
ENSG00000162992	NEUROD1	ENSMUSG00000034701	Neurod1	-1.14505594378	0.249562543083	46	4	False
ENSG00000171532	NEUROD2	ENSMUSG00000038255	Neurod2	-2.77591332966	0.0948353571239	48	4	False
ENSG00000122859	NEUROG3	ENSMUSG00000044312	Neurog3	-0.584113881051	0.386632377114	49	4	False
ENSG00000196712	NF1	ENSMUSG00000020716	Nf1	1.47773983406	0.953099315976	29	4	False
ENSG00000186575	NF2	ENSMUSG00000009073	Nf2	2.35805538074	0.988520069993	26	4	False
ENSG00000102908	NFAT5	ENSMUSG00000003847	Nfat5	0.857231859915	0.872660268307	15	4	False
ENSG00000072736	NFATC3	ENSMUSG00000031902	Nfatc3	-0.490735114065	0.418023224985	36	4	False
ENSG00000082641	NFE2L1	ENSMUSG00000038615	Nfe2l1	0.408752434439	0.754573413224	31	4	False
ENSG00000116044	NFE2L2	ENSMUSG00000015839	Nfe2l2	-0.103527453945	0.561296993478	43	4	False
ENSG00000162599	NFIA	ENSMUSG00000028565	Nfia	-2.33858762978	0.118113367623	41	4	False
ENSG00000147862	NFIB	ENSMUSG00000008575	Nfib	-1.98780033273	0.145421284267	34	4	False
ENSG00000141905	NFIC	ENSMUSG00000055053	Nfic	-0.0704704958962	0.574977464341	50	4	False
ENSG00000008441	NFIX	ENSMUSG00000001911	Nfix	1.13527842623	0.918845113739	40	4	False
ENSG00000109320	NFKB1	ENSMUSG00000028163	Nfkb1	-0.850373699965	0.314359191898	37	4	False
ENSG00000077150	NFKB2	ENSMUSG00000025225	Nfkb2	-0.986045441965	0.282279017976	38	4	False
ENSG00000244005	NFS1	ENSMUSG00000027618	Nfs1	-0.022241352533	0.59459674426	34	4	False
ENSG00000086102	NFX1	ENSMUSG00000028423	Nfx1	0.443852519097	0.765867755448	11	4	False
ENSG00000066136	NFYC	ENSMUSG00000032897	Nfyc	-8.87446405991	0.0093059016915	29	4	False
ENSG00000064300	NGFR	ENSMUSG00000000120	Ngfr	-1.47914231209	0.19781006416	37	4	False
ENSG00000188158	NHS	ENSMUSG00000059493	Nhs	-0.0660647658109	0.576621241847	41	4	False
ENSG00000100503	NIN	ENSMUSG00000021068	Nin	2.76930600566	0.993398377433	40	4	False
ENSG00000170113	NIPA1	ENSMUSG00000047037	Nipa1	0.344441825442	0.733840606607	27	4	False
ENSG00000164190	NIPBL	ENSMUSG00000022141	Nipbl	-0.251265591538	0.501060501617	13	4	False
ENSG00000188580	NKAIN2	ENSMUSG00000069670	Nkain2	-0.000660986625609	0.604088233735	38	4	False
ENSG00000136352	NKX2-1	ENSMUSG00000001496	Nkx2-1	0.50585221716	0.786918712551	47	4	False
ENSG00000183072	NKX2-5	ENSMUSG00000015579	Nkx2-5	-1.18170172024	0.242563232409	41	4	False
ENSG00000167034	NKX3-1	ENSMUSG00000022061	Nkx3-1	-4.13326800856	0.051778991463	50	4	False
ENSG00000148826	NKX6-2	ENSMUSG00000041309	Nkx6-2	-0.616615779818	0.376663661912	38	4	False
ENSG00000169760	NLGN1	ENSMUSG00000063887	Nlgn1	0.846445914055	0.870804390477	22	4	False
ENSG00000169992	NLGN2	ENSMUSG00000051790	Nlgn2	0.846215416155	0.870592290153	52	4	False
ENSG00000196338	NLGN3	ENSMUSG00000031302	Nlgn3	-2.79105839757	0.0933506548597	37	4	False
ENSG00000106410	NOBOX	ENSMUSG00000029736	Nobox	-0.44299577874	0.434514025134	32	4	False
ENSG00000167207	NOD2	ENSMUSG00000055994	Nod2	0.244101513419	0.699586404369	35	4	False
ENSG00000101361	NOP56	ENSMUSG00000027405	Nop56	0.979392357353	0.89620340421	43	4	False
ENSG00000198929	NOS1AP	ENSMUSG00000038473	Nos1ap	-2.78743144532	0.0935097301023	41	4	False
ENSG00000148400	NOTCH1	ENSMUSG00000026923	Notch1	-2.16855898937	0.130415186383	39	4	False
ENSG00000134250	NOTCH2	ENSMUSG00000027878	Notch2	-2.54666876178	0.105546423458	51	4	False
ENSG00000074181	NOTCH3	ENSMUSG00000038146	Notch3	-0.330787367111	0.472267882709	41	4	False
ENSG00000151322	NPAS3	ENSMUSG00000021010	Npas3	0.929703111482	0.887189140463	39	4	False
ENSG00000159899	NPR2	ENSMUSG00000028469	Npr2	-1.05667186291	0.267909221062	39	4	False
ENSG00000187258	NPSR1	ENSMUSG00000043659	Npsr1	0.492741801667	0.781987380031	41	4	False
ENSG00000185149	NPY2R	ENSMUSG00000028004	Npy2r	0.0150247344513	0.610398218357	19	4	False
ENSG00000164129	NPY5R	ENSMUSG00000044014	Npy5r	-2.70080830061	0.0985471127843	14	4	False
ENSG00000126368	NR1D1	ENSMUSG00000020889	Nr1d1	-2.5484322402	0.105440373297	39	4	False
ENSG00000174738	NR1D2	ENSMUSG00000021775	Nr1d2	-1.49057568587	0.196484437139	31	4	False
ENSG00000131408	NR1H2	ENSMUSG00000060601	Nr1h2	-0.916541003445	0.299300068933	43	4	False
ENSG00000025434	NR1H3	ENSMUSG00000002108	Nr1h3	-0.400312143681	0.449944323665	41	4	False
ENSG00000012504	NR1H4	ENSMUSG00000047638	Nr1h4	1.17976791065	0.924412747229	38	4	False
ENSG00000144852	NR1I2	ENSMUSG00000022809	Nr1i2	1.57110588976	0.959939551408	36	4	False
ENSG00000143257	NR1I3	ENSMUSG00000005677	Nr1i3	0.253468032871	0.703245134949	41	4	False
ENSG00000120798	NR2C1	ENSMUSG00000005897	Nr2c1	0.31998193062	0.72604591972	42	4	False
ENSG00000177463	NR2C2	ENSMUSG00000005893	Nr2c2	-2.07973001365	0.137997772947	37	4	False
ENSG00000112333	NR2E1	ENSMUSG00000019803	Nr2e1	0.854785361982	0.872289092741	32	4	False
ENSG00000278570	NR2E3	ENSMUSG00000032292	Nr2e3	-0.802590298865	0.325971684607	50	4	False
ENSG00000175745	NR2F1	ENSMUSG00000069171	Nr2f1	0.577598078276	0.807492443926	51	4	False
ENSG00000185551	NR2F2	ENSMUSG00000030551	Nr2f2	0.103631686452	0.646667373668	21	4	False
ENSG00000160113	NR2F6	ENSMUSG00000002393	Nr2f6	-0.99650258935	0.280211039822	45	4	False
ENSG00000113580	NR3C1	ENSMUSG00000024431	Nr3c1	1.70400064051	0.968264489103	29	4	False
ENSG00000151623	NR3C2	ENSMUSG00000031618	Nr3c2	0.609511021012	0.81571133146	28	4	False
ENSG00000123358	NR4A1	ENSMUSG00000023034	Nr4a1	0.475740886689	0.77641974654	41	4	False
ENSG00000153234	NR4A2	ENSMUSG00000026826	Nr4a2	-0.14489758994	0.545283419057	42	4	False
ENSG00000119508	NR4A3	ENSMUSG00000028341	Nr4a3	-1.77138229506	0.164987539106	43	4	False
ENSG00000136931	NR5A1	ENSMUSG00000026751	Nr5a1	-0.28334378093	0.489501033989	50	4	False
ENSG00000116833	NR5A2	ENSMUSG00000026398	Nr5a2	1.37327767723	0.944297152553	37	4	False
ENSG00000148200	NR6A1	ENSMUSG00000063972	Nr6a1	0.893413250899	0.879924704385	34	4	False
ENSG00000091129	NRCAM	ENSMUSG00000020598	Nrcam	-0.092437284754	0.56633437616	39	4	False
ENSG00000106459	NRF1	ENSMUSG00000058440	Nrf1	0.476689656722	0.776896972268	41	4	False
ENSG00000157168	NRG1	ENSMUSG00000062991	Nrg1	-0.0773862803213	0.57184898457	21	4	False
ENSG00000158458	NRG2	ENSMUSG00000060275	Nrg2	-3.77149392741	0.0599448539159	45	4	False
ENSG00000185737	NRG3	ENSMUSG00000041014	Nrg3	-0.237548424219	0.507211410997	43	4	False
ENSG00000129535	NRL	ENSMUSG00000040632	Nrl	0.0712763911282	0.633623203775	36	4	False
ENSG00000099250	NRP1	ENSMUSG00000025810	Nrp1	-2.33532252533	0.118325467946	34	4	False
ENSG00000118257	NRP2	ENSMUSG00000025969	Nrp2	-0.530473121545	0.403971578557	18	4	False
ENSG00000179915	NRXN1	ENSMUSG00000024109	Nrxn1	-0.80835274637	0.324274882019	45	4	False
ENSG00000110076	NRXN2	ENSMUSG00000033768	Nrxn2	-0.208792963749	0.517763402089	49	4	False
ENSG00000165671	NSD1	ENSMUSG00000021488	Nsd1	-0.499016937516	0.4152128957	23	4	False
ENSG00000073969	NSF	ENSMUSG00000034187	Nsf	-5.72962697709	0.0262209024869	29	4	False
ENSG00000156831	NSMCE2	ENSMUSG00000059586	Nsmce2	-1.840887581	0.158518479241	23	4	False
ENSG00000165802	NSMF	ENSMUSG00000006476	Nsmf	0.018490677142	0.612041995864	48	4	False
ENSG00000037474	NSUN2	ENSMUSG00000021595	Nsun2	-1.14593641186	0.249350442759	35	4	False
ENSG00000076685	NT5C2	ENSMUSG00000025041	Nt5c2	-0.402723897446	0.449201972533	40	4	False
ENSG00000198400	NTRK1	ENSMUSG00000028072	Ntrk1	-0.227048905897	0.511135266981	40	4	False
ENSG00000148053	NTRK2	ENSMUSG00000055254	Ntrk2	0.431649689085	0.762049949626	24	4	False
ENSG00000140538	NTRK3	ENSMUSG00000059146	Ntrk3	-0.251320673757	0.500901426375	41	4	False
ENSG00000101188	NTSR1	ENSMUSG00000027568	Ntsr1	-0.697838324824	0.352802375524	46	4	False
ENSG00000102900	NUP93	ENSMUSG00000032939	Nup93	-2.64179999074	0.101516517313	27	4	False
ENSG00000188937	NYX	ENSMUSG00000051228	Nyx	0.0524831854921	0.626570868021	54	4	False
ENSG00000122126	OCRL	ENSMUSG00000001173	Ocrl	-0.12589676671	0.552441804974	13	4	False
ENSG00000105953	OGDH	ENSMUSG00000020456	Ogdh	-0.458873863873	0.42995386818	28	4	False
ENSG00000119900	OGFRL1	ENSMUSG00000026158	Ogfrl1	0.511298577471	0.789039715786	32	4	False
ENSG00000147162	OGT	ENSMUSG00000034160	Ogt	-10.0732226248	0.00665464764834	32	4	False
ENSG00000198836	OPA1	ENSMUSG00000038084	Opa1	-4.2818442433	0.0488095869346	38	4	False
ENSG00000079482	OPHN1	ENSMUSG00000031214	Ophn1	-0.385595022237	0.454610530781	31	4	False
ENSG00000128617	OPN1SW	ENSMUSG00000058831	Opn1sw	-2.35771556582	0.11668169044	39	4	False
ENSG00000116329	OPRD1	ENSMUSG00000050511	Oprd1	-2.22000832398	0.125855029429	47	4	False
ENSG00000082556	OPRK1	ENSMUSG00000025905	Oprk1	-0.433598752212	0.437536454743	26	4	False
ENSG00000125510	OPRL1	ENSMUSG00000027584	Oprl1	-0.420366308419	0.442573837425	36	4	False
ENSG00000112038	OPRM1	ENSMUSG00000000766	Oprm1	-0.0716017999285	0.574500238613	16	4	False
ENSG00000167332	OR51E2	ENSMUSG00000043366	Or51e2	-2.64921744707	0.101198366828	11	4	False
ENSG00000115947	ORC4	ENSMUSG00000026761	Orc4	-1.99521355196	0.144572882974	19	4	False
ENSG00000091651	ORC6	ENSMUSG00000031697	Orc6	-5.0672082138	0.0345458401824	28	4	False
ENSG00000130703	OSBPL2	ENSMUSG00000039050	Osbpl2	-4.76383823295	0.0391590222175	33	4	False
ENSG00000145623	OSMR	ENSMUSG00000022146	Osmr	-0.645433949276	0.367861498489	28	4	False
ENSG00000169918	OTUD7A	ENSMUSG00000033510	Otud7a	1.70598275297	0.968317514184	42	4	False
ENSG00000165588	OTX2	ENSMUSG00000021848	Otx2	-0.704871053037	0.350999522774	38	4	False
ENSG00000125850	OVOL2	ENSMUSG00000037279	Ovol2	-0.502702361663	0.413728193435	42	4	False
ENSG00000180914	OXTR	ENSMUSG00000049112	Oxtr	0.587681513992	0.809878572565	42	4	False
ENSG00000187848	P2RX2	ENSMUSG00000029503	P2rx2	1.58035122833	0.960840977782	44	4	False
ENSG00000169313	P2RY12	ENSMUSG00000036353	P2ry12	1.07323720465	0.911209502094	17	4	False
ENSG00000179364	PACS2	ENSMUSG00000021143	Pacs2	-1.85797239044	0.156980751896	34	4	False
ENSG00000171759	PAH	ENSMUSG00000020051	Pah	-3.84334063136	0.0583010764091	37	4	False
ENSG00000149269	PAK1	ENSMUSG00000030774	Pak1	-0.0735983185053	0.573598812238	37	4	False
ENSG00000180370	PAK2	ENSMUSG00000022781	Pak2	-1.01138919454	0.27761281086	40	4	True
ENSG00000077264	PAK3	ENSMUSG00000031284	Pak3	-0.107056105624	0.559547165809	38	4	False
ENSG00000125779	PANK2	ENSMUSG00000037514	Pank2	1.09487858471	0.913648655814	22	4	False
ENSG00000182749	PAQR7	ENSMUSG00000037348	Paqr7	-0.498260192572	0.415531046185	40	4	False
ENSG00000170915	PAQR8	ENSMUSG00000025931	Paqr8	-0.118966576166	0.555040033936	46	4	False
ENSG00000116288	PARK7	ENSMUSG00000028964	Park7	-0.0967650523142	0.564319423087	40	4	False
ENSG00000125813	PAX1	ENSMUSG00000037034	Pax1	-1.21219862624	0.237790975131	35	4	False
ENSG00000075891	PAX2	ENSMUSG00000004231	Pax2	-0.475272264119	0.424651360093	43	4	False
ENSG00000135903	PAX3	ENSMUSG00000004872	Pax3	-1.27898115574	0.227026883716	40	4	False
ENSG00000106331	PAX4	ENSMUSG00000029706	Pax4	0.417406274722	0.757701892995	41	4	False
ENSG00000196092	PAX5	ENSMUSG00000014030	Pax5	-0.933369892417	0.295111087544	38	4	False
ENSG00000007372	PAX6	ENSMUSG00000027168	Pax6	-2.28409690927	0.121984198526	21	4	False
ENSG00000009709	PAX7	ENSMUSG00000028736	Pax7	-0.895829241757	0.303701150644	48	4	False
ENSG00000125618	PAX8	ENSMUSG00000026976	Pax8	1.39689100072	0.946206055464	39	4	False
ENSG00000185630	PBX1	ENSMUSG00000052534	Pbx1	-0.804082603285	0.325335383636	45	4	False
ENSG00000167081	PBX3	ENSMUSG00000038718	Pbx3	0.00245751437727	0.605254785514	41	4	False
ENSG00000175198	PCCA	ENSMUSG00000041650	Pcca	0.848017875838	0.871228591124	24	4	False
ENSG00000150275	PCDH15	ENSMUSG00000052613	Pcdh15	0.563414830644	0.802932286972	28	4	False
ENSG00000165194	PCDH19	ENSMUSG00000051323	Pcdh19	0.618225875445	0.818150485179	23	4	False
ENSG00000186472	PCLO	ENSMUSG00000061601	Pclo	-0.966376005341	0.286998250172	28	4	False
ENSG00000125851	PCSK2	ENSMUSG00000027419	Pcsk2	0.546827456017	0.798902380826	13	4	False
ENSG00000099139	PCSK5	ENSMUSG00000024713	Pcsk5	-0.858806363954	0.312450288987	38	4	False
ENSG00000185813	PCYT2	ENSMUSG00000025137	Pcyt2	-11.2681161127	0.00479876981812	44	4	False
ENSG00000114209	PDCD10	ENSMUSG00000027835	Pdcd10	-5.5825125397	0.0275995545893	36	4	False
ENSG00000112541	PDE10A	ENSMUSG00000023868	Pde10a	0.585822277252	0.809454371918	39	4	False
ENSG00000154678	PDE1C	ENSMUSG00000004347	Pde1c	0.509574080313	0.788350389734	27	4	False
ENSG00000172572	PDE3A	ENSMUSG00000041741	Pde3a	0.62650515664	0.819847287767	40	4	False
ENSG00000184588	PDE4B	ENSMUSG00000028525	Pde4b	-0.449886140602	0.432393021899	40	4	False
ENSG00000113448	PDE4D	ENSMUSG00000021699	Pde4d	0.646576269752	0.825680046662	38	4	False
ENSG00000113721	PDGFRB	ENSMUSG00000024620	Pdgfrb	-1.26950955636	0.228776711384	36	4	False
ENSG00000131828	PDHA1	ENSMUSG00000031299	Pdha1	0.2581830708	0.705101012779	36	4	False
ENSG00000168291	PDHB	ENSMUSG00000021748	Pdhb	1.46602596466	0.952463015006	27	4	False
ENSG00000110435	PDHX	ENSMUSG00000010914	Pdhx	0.0823801190197	0.63818336073	28	4	False
ENSG00000121892	PDS5A	ENSMUSG00000029202	Pds5a	0.319725162738	0.725992894639	22	4	False
ENSG00000148459	PDSS1	ENSMUSG00000026784	Pdss1	-2.01365931591	0.14314120579	30	4	False
ENSG00000164494	PDSS2	ENSMUSG00000038240	Pdss2	-3.4959472464	0.0664139137812	42	4	False
ENSG00000198300	PEG3	ENSMUSG00000002265	Peg3	-0.476511190333	0.42385598388	34	4	False
ENSG00000127980	PEX1	ENSMUSG00000005907	Pex1	-2.17932459718	0.129354684766	23	4	False
ENSG00000142655	PEX14	ENSMUSG00000028975	Pex14	-0.828781470195	0.319555649822	34	4	False
ENSG00000152556	PFKM	ENSMUSG00000033065	Pfkm	-0.450101384965	0.432180921576	37	4	False
ENSG00000102144	PGK1	ENSMUSG00000062070	Pgk1	-2.84589486494	0.0906994008166	46	4	False
ENSG00000082175	PGR	ENSMUSG00000031870	Pgr	-0.342634281247	0.468450076886	35	4	False
ENSG00000101856	PGRMC1	ENSMUSG00000006373	Pgrmc1	-1.2117808488	0.238003075455	46	4	False
ENSG00000112137	PHACTR1	ENSMUSG00000054728	Phactr1	0.808207837764	0.862638528024	29	4	False
ENSG00000112419	PHACTR2	ENSMUSG00000062866	Phactr2	-0.260248230296	0.498038072008	45	4	False
ENSG00000109118	PHF12	ENSMUSG00000037791	Phf12	-3.74681116145	0.0606341799671	43	4	False
ENSG00000135365	PHF21A	ENSMUSG00000058318	Phf21a	-2.2635758168	0.123521925871	37	4	False
ENSG00000156531	PHF6	ENSMUSG00000025626	Phf6	-4.20551893125	0.0501882390371	12	4	False
ENSG00000172943	PHF8	ENSMUSG00000041229	Phf8	1.51598130002	0.955909645262	38	4	False
ENSG00000067177	PHKA1	ENSMUSG00000034055	Phka1	0.49090120814	0.781457129222	39	4	False
ENSG00000102893	PHKB	ENSMUSG00000036879	Phkb	-0.233275738878	0.508908213585	38	4	False
ENSG00000165462	PHOX2A	ENSMUSG00000007946	Phox2a	-1.88421525431	0.154753698499	53	4	False
ENSG00000109132	PHOX2B	ENSMUSG00000012520	Phox2b	-0.276640698611	0.492099262951	35	4	False
ENSG00000241973	PI4KA	ENSMUSG00000041720	Pi4ka	-2.30073343418	0.120605546423	27	4	False
ENSG00000143393	PI4KB	ENSMUSG00000038861	Pi4kb	-4.04561948717	0.0530515934037	32	4	False
ENSG00000083535	PIBF1	ENSMUSG00000022064	Pibf1	-4.56970561359	0.0432949785248	27	4	False
ENSG00000197563	PIGN	ENSMUSG00000056536	Pign	-0.628994025511	0.373110981494	14	4	False
ENSG00000121879	PIK3CA	ENSMUSG00000027665	Pik3ca	-0.971201207708	0.285884723474	39	4	False
ENSG00000051382	PIK3CB	ENSMUSG00000032462	Pik3cb	0.874053122118	0.876000848401	15	4	False
ENSG00000145675	PIK3R1	ENSMUSG00000041417	Pik3r1	0.377940288661	0.745294024073	8	4	False
ENSG00000105647	PIK3R2	ENSMUSG00000031834	Pik3r2	0.275151783866	0.710986796755	49	4	False
ENSG00000174238	PITPNA	ENSMUSG00000017781	Pitpna	-3.05432598088	0.0819502624742	38	4	False
ENSG00000091622	PITPNM3	ENSMUSG00000040543	Pitpnm3	-1.11511240222	0.255607402301	41	4	False
ENSG00000164093	PITX2	ENSMUSG00000028023	Pitx2	-0.259005066989	0.498303197412	41	4	False
ENSG00000107859	PITX3	ENSMUSG00000025229	Pitx3	0.282173495635	0.712948724747	43	4	False
ENSG00000165495	PKNOX2	ENSMUSG00000035934	Pknox2	0.192228469427	0.680179224773	16	4	False
ENSG00000182621	PLCB1	ENSMUSG00000051177	Plcb1	0.128835614938	0.656689113951	36	4	False
ENSG00000105223	PLD3	ENSMUSG00000003363	Pld3	-1.09994021691	0.258735882072	49	4	False
ENSG00000178209	PLEC	ENSMUSG00000022565	Plec	-0.401070583463	0.449520123018	39	4	False
ENSG00000114554	PLXNA1	ENSMUSG00000030084	Plxna1	0.451369123416	0.768625059653	40	4	False
ENSG00000076356	PLXNA2	ENSMUSG00000026640	Plxna2	-5.43484219561	0.029667532743	44	4	False
ENSG00000221866	PLXNA4	ENSMUSG00000029765	Plxna4	-0.470469942059	0.426242112519	36	4	False
ENSG00000136040	PLXNC1	ENSMUSG00000074785	Plxnc1	0.360356349582	0.739514290259	47	4	False
ENSG00000004399	PLXND1	ENSMUSG00000030123	Plxnd1	-0.091719521072	0.566440426322	49	4	False
ENSG00000127838	PNKD	ENSMUSG00000026179	Pnkd	-2.16156863209	0.131210562596	44	4	False
ENSG00000138035	PNPT1	ENSMUSG00000020464	Pnpt1	-6.9390943727	0.0168884882549	9	4	False
ENSG00000143442	POGZ	ENSMUSG00000038902	Pogz	-2.61637149629	0.102630044011	20	4	False
ENSG00000101868	POLA1	ENSMUSG00000006678	Pola1	0.421279825832	0.759080545098	27	4	False
ENSG00000013503	POLR3B	ENSMUSG00000034453	Polr3b	-1.03604823277	0.272363327854	17	4	False
ENSG00000132963	POMP	ENSMUSG00000029649	Pomp	0.817295556447	0.864812556339	20	4	True
ENSG00000127948	POR	ENSMUSG00000005514	Por	0.0756253441572	0.635426056525	37	4	False
ENSG00000064835	POU1F1	ENSMUSG00000004842	Pou1f1	-0.878291063291	0.308049207275	42	4	False
ENSG00000143190	POU2F1	ENSMUSG00000026565	Pou2f1	-0.332400004994	0.471843682062	28	4	False
ENSG00000028277	POU2F2	ENSMUSG00000008496	Pou2f2	-0.611204163676	0.378572564823	38	4	False
ENSG00000198914	POU3F3	ENSMUSG00000045515	Pou3f3	0.0967328504017	0.643804019301	60	4	False
ENSG00000196767	POU3F4	ENSMUSG00000056854	Pou3f4	0.937465467239	0.888673842728	46	4	False
ENSG00000091010	POU4F3	ENSMUSG00000024497	Pou4f3	-0.669037103742	0.361392438623	40	4	False
ENSG00000184271	POU6F1	ENSMUSG00000009739	Pou6f1	-0.229943688349	0.509968715202	45	4	False
ENSG00000106536	POU6F2	ENSMUSG00000009734	Pou6f2	0.513196795473	0.789676016756	35	4	False
ENSG00000186951	PPARA	ENSMUSG00000022383	Ppara	-0.234757874273	0.508165862453	31	4	False
ENSG00000112033	PPARD	ENSMUSG00000002250	Ppard	0.334586345371	0.730712126836	52	4	False
ENSG00000132170	PPARG	ENSMUSG00000000440	Pparg	0.953368127516	0.891802322499	16	4	False
ENSG00000109819	PPARGC1A	ENSMUSG00000029167	Ppargc1a	-0.18316363105	0.528951694151	24	4	False
ENSG00000155846	PPARGC1B	ENSMUSG00000033871	Ppargc1b	-3.23217968604	0.0747918765576	31	4	False
ENSG00000166794	PPIB	ENSMUSG00000032383	Ppib	-0.837614115835	0.317381621507	35	4	False
ENSG00000145725	PPIP5K2	ENSMUSG00000040648	Ppip5k2	-0.0454707953294	0.584893154462	37	4	False
ENSG00000115241	PPM1G	ENSMUSG00000029147	Ppm1g	-0.527221575798	0.405668381144	38	4	False
ENSG00000105568	PPP2R1A	ENSMUSG00000007564	Ppp2r1a	-6.57146971249	0.0188504162469	42	4	False
ENSG00000156475	PPP2R2B	ENSMUSG00000024500	Ppp2r2b	0.526484321485	0.793811973063	27	4	False
ENSG00000112640	PPP2R5D	ENSMUSG00000059409	Ppp2r5d	-0.705939648082	0.35073439737	34	4	False
ENSG00000138814	PPP3CA	ENSMUSG00000028161	Ppp3ca	0.635735241674	0.822816692295	44	4	False
ENSG00000120910	PPP3CC	ENSMUSG00000022092	Ppp3cc	1.22000335294	0.929238029588	11	4	False
ENSG00000221823	PPP3R1	ENSMUSG00000033953	Ppp3r1	0.603997714619	0.814703854923	10	4	False
ENSG00000131238	PPT1	ENSMUSG00000028657	Ppt1	0.087890883156	0.640198313802	39	4	False
ENSG00000170325	PRDM10	ENSMUSG00000042496	Prdm10	-3.19375771988	0.0762765788218	46	4	False
ENSG00000130711	PRDM12	ENSMUSG00000079466	Prdm12	0.319458225832	0.725939869558	29	4	False
ENSG00000142611	PRDM16	ENSMUSG00000039410	Prdm16	0.493632438774	0.782517630839	39	4	False
ENSG00000116731	PRDM2	ENSMUSG00000057637	Prdm2	-0.255517091411	0.499204623787	36	4	False
ENSG00000138738	PRDM5	ENSMUSG00000029913	Prdm5	0.264742091932	0.707381091256	40	4	False
ENSG00000117450	PRDX1	ENSMUSG00000028691	Prdx1	0.0901416273581	0.641470915743	45	4	False
ENSG00000085377	PREP	ENSMUSG00000019849	Prep	0.695288441803	0.838087915584	47	4	False
ENSG00000139174	PRICKLE1	ENSMUSG00000036158	Prickle1	0.857672517666	0.87287236863	50	4	False
ENSG00000162409	PRKAA2	ENSMUSG00000028518	Prkaa2	-0.0217532393326	0.594914894745	27	4	False
ENSG00000072062	PRKACA	ENSMUSG00000005469	Prkaca	0.157735136595	0.666498753911	38	4	True
ENSG00000106617	PRKAG2	ENSMUSG00000028944	Prkag2	2.49950397637	0.990959223713	23	4	False
ENSG00000108946	PRKAR1A	ENSMUSG00000020612	Prkar1a	0.39922744768	0.751338883292	19	4	False
ENSG00000154229	PRKCA	ENSMUSG00000050965	Prkca	0.466071838742	0.773503367093	28	4	False
ENSG00000126583	PRKCG	ENSMUSG00000078816	Prkcg	-2.31963087233	0.119332944483	33	4	False
ENSG00000253729	PRKDC	ENSMUSG00000022672	Prkdc	-2.26080306265	0.123840076356	37	4	False
ENSG00000113494	PRLR	ENSMUSG00000005268	Prlr	2.2391938845	0.986133941354	10	4	False
ENSG00000171867	PRNP	ENSMUSG00000079037	Prnp	-5.2990026647	0.0315764356541	48	4	False
ENSG00000101292	PROKR2	ENSMUSG00000050558	Prokr2	-0.367815329427	0.460655389999	43	4	False
ENSG00000175325	PROP1	ENSMUSG00000044542	Prop1	-0.960099174654	0.288482952437	36	4	False
ENSG00000117707	PROX1	ENSMUSG00000010175	Prox1	0.20643120769	0.685004507132	38	4	False
ENSG00000101161	PRPF6	ENSMUSG00000002455	Prpf6	-4.11331977117	0.0520441168673	16	4	False
ENSG00000126464	PRR12	ENSMUSG00000046574	Prr12	0.0368118705339	0.61978365767	34	4	False
ENSG00000197746	PSAP	ENSMUSG00000004207	Psap	0.342570724841	0.733310355798	29	4	False
ENSG00000080815	PSEN1	ENSMUSG00000019969	Psen1	-0.720277973345	0.346704491224	11	4	False
ENSG00000159377	PSMB4	ENSMUSG00000005779	Psmb4	0.376314939497	0.744763773265	13	4	True
ENSG00000100764	PSMC1	ENSMUSG00000021178	Psmc1	-3.67723638718	0.0625961079591	19	4	True
ENSG00000087191	PSMC5	ENSMUSG00000020708	Psmc5	-2.49473978815	0.108197677501	25	4	True
ENSG00000132300	PTCD3	ENSMUSG00000063884	Ptcd3	0.615779377511	0.817461159128	14	4	False
ENSG00000185920	PTCH1	ENSMUSG00000021466	Ptch1	-0.726498026976	0.344636513071	33	4	False
ENSG00000117425	PTCH2	ENSMUSG00000028681	Ptch2	-0.0547491832317	0.58107534864	41	4	False
ENSG00000165186	PTCHD1	ENSMUSG00000041552	Ptchd1	0.0311256907162	0.617238453789	18	4	False
ENSG00000160801	PTH1R	ENSMUSG00000032492	Pth1r	0.157069065457	0.666392703749	41	4	False
ENSG00000196396	PTPN1	ENSMUSG00000027540	Ptpn1	-0.926016839916	0.29670183997	39	4	False
ENSG00000179295	PTPN11	ENSMUSG00000043733	Ptpn11	-0.475113796813	0.424757410255	26	4	False
ENSG00000081237	PTPRC	ENSMUSG00000026395	Ptprc	-1.64566179145	0.178296834403	23	4	False
ENSG00000153707	PTPRD	ENSMUSG00000028399	Ptprd	-0.0206990504066	0.595392120473	38	4	False
ENSG00000142949	PTPRF	ENSMUSG00000033295	Ptprf	-0.82468759021	0.320510101278	43	4	False
ENSG00000155093	PTPRN2	ENSMUSG00000056553	Ptprn2	-0.671830195944	0.360437987168	37	4	False
ENSG00000151490	PTPRO	ENSMUSG00000030223	Ptpro	1.60290104129	0.9619014794	25	4	False
ENSG00000196090	PTPRT	ENSMUSG00000053141	Ptprt	0.289558750048	0.715546953709	31	4	False
ENSG00000134644	PUM1	ENSMUSG00000028580	Pum1	-3.19190441507	0.0763826289835	23	4	False
ENSG00000185129	PURA	ENSMUSG00000043991	Pura	0.627340711528	0.82000636301	43	4	False
ENSG00000146676	PURB	ENSMUSG00000094483	Purb	0.508377525037	0.787926189087	44	4	False
ENSG00000172733	PURG	ENSMUSG00000049184	Purg	-0.988175005286	0.281536666843	22	4	False
ENSG00000198218	QRICH1	ENSMUSG00000006673	Qrich1	-0.501070233149	0.414470544568	36	4	False
ENSG00000099246	RAB18	ENSMUSG00000073639	Rab18	-0.465137983279	0.428044965269	20	4	False
ENSG00000069974	RAB27A	ENSMUSG00000032202	Rab27a	-0.619745297265	0.375497110133	16	4	False
ENSG00000157869	RAB28	ENSMUSG00000029128	Rab28	-1.12317474422	0.253857574633	33	4	False
ENSG00000115839	RAB3GAP1	ENSMUSG00000036104	Rab3gap1	-1.37505556177	0.212391961398	25	4	False
ENSG00000118873	RAB3GAP2	ENSMUSG00000039318	Rab3gap2	-3.00086911124	0.0835410149	36	4	False
ENSG00000075785	RAB7A	ENSMUSG00000079477	Rab7	-4.23203466396	0.0499761387136	44	4	False
ENSG00000136238	RAC1	ENSMUSG00000001847	Rac1	-3.10291442979	0.0799353094013	36	4	False
ENSG00000132155	RAF1	ENSMUSG00000000441	Raf1	1.24761225584	0.932207434116	27	4	False
ENSG00000108557	RAI1	ENSMUSG00000062115	Rai1	-1.50019219386	0.195689060926	45	4	False
ENSG00000006451	RALA	ENSMUSG00000008859	Rala	-2.05616838271	0.140383901585	38	4	False
ENSG00000153201	RANBP2	ENSMUSG00000003226	Ranbp2	-5.86863585413	0.0245771249801	14	4	False
ENSG00000109756	RAPGEF2	ENSMUSG00000062232	Rapgef2	-0.22902762868	0.51044594093	25	4	False
ENSG00000091428	RAPGEF4	ENSMUSG00000049044	Rapgef4	-0.464341409653	0.428257065592	35	4	False
ENSG00000131759	RARA	ENSMUSG00000037992	Rara	-0.863398526165	0.311230712127	33	4	False
ENSG00000077092	RARB	ENSMUSG00000017491	Rarb	0.235729016161	0.696723050003	46	4	False
ENSG00000172819	RARG	ENSMUSG00000001288	Rarg	0.638576636745	0.823452993266	35	4	False
ENSG00000146282	RARS2	ENSMUSG00000028292	Rars2	-5.32460911709	0.0308871096028	36	4	False
ENSG00000155903	RASA2	ENSMUSG00000032413	Rasa2	1.01782872963	0.902566413914	24	4	False
ENSG00000134438	RAX	ENSMUSG00000024518	Rax	0.104000313608	0.646773423829	42	4	False
ENSG00000023287	RB1CC1	ENSMUSG00000025907	Rb1cc1	-2.00093956046	0.144148682327	24	4	False
ENSG00000078328	RBFOX1	ENSMUSG00000008658	Rbfox1	-0.0231853770214	0.594066493451	34	4	False
ENSG00000106344	RBM28	ENSMUSG00000029701	Rbm28	-6.02426600255	0.0235166233629	25	4	False
ENSG00000137710	RDX	ENSMUSG00000032050	Rdx	-2.95190695066	0.0858210933772	30	4	False
ENSG00000068615	REEP1	ENSMUSG00000052852	Reep1	-0.0563762272332	0.580332997508	21	4	False
ENSG00000132563	REEP2	ENSMUSG00000038555	Reep2	-0.993397647047	0.28074129063	37	4	False
ENSG00000162924	REL	ENSMUSG00000020275	Rel	-0.149049941819	0.542738215176	36	4	False
ENSG00000104856	RELB	ENSMUSG00000002983	Relb	-0.204121991594	0.518982978949	43	4	False
ENSG00000189056	RELN	ENSMUSG00000042453	Reln	0.0427887149832	0.622647012037	30	4	False
ENSG00000135597	REPS1	ENSMUSG00000019854	Reps1	0.156009792019	0.665995015642	30	4	False
ENSG00000084093	REST	ENSMUSG00000029249	Rest	-1.95539673454	0.148284638634	49	4	False
ENSG00000165731	RET	ENSMUSG00000030110	Ret	-0.475376496626	0.424492284851	43	4	False
ENSG00000080298	RFX3	ENSMUSG00000040929	Rfx3	1.77752862326	0.971605069198	23	4	False
ENSG00000181827	RFX7	ENSMUSG00000037674	Rfx7	-1.89199794812	0.154276472772	33	4	False
ENSG00000182175	RGMA	ENSMUSG00000070509	Rgma	-1.81221686241	0.161699984092	42	4	False
ENSG00000182732	RGS6	ENSMUSG00000021219	Rgs6	0.124966300921	0.655310461848	24	4	False
ENSG00000163914	RHO	ENSMUSG00000030324	Rho	-0.892514139604	0.304761652262	40	4	False
ENSG00000008853	RHOBTB2	ENSMUSG00000022075	Rhobtb2	0.0535619495619	0.62715414391	43	4	False
ENSG00000126858	RHOT1	ENSMUSG00000017686	Rhot1	1.15748333976	0.921496367782	20	4	False
ENSG00000117000	RLF	ENSMUSG00000049878	Rlf	0.942075425243	0.889787369426	25	4	False
ENSG00000131263	RLIM	ENSMUSG00000056537	Rlim	-1.74963837734	0.168169043958	23	4	True
ENSG00000155906	RMND1	ENSMUSG00000019763	Rmnd1	-0.941322069974	0.293149159552	37	4	False
ENSG00000082996	RNF13	ENSMUSG00000036503	Rnf13	0.0291613740519	0.616337027414	27	4	False
ENSG00000011275	RNF216	ENSMUSG00000045078	Rnf216	-0.0175127559036	0.596823797656	43	4	False
ENSG00000187147	RNF220	ENSMUSG00000028677	Rnf220	0.802176758514	0.861259875921	34	4	True
ENSG00000185946	RNPC3	ENSMUSG00000027981	Rnpc3	-9.04461896571	0.008722625802	32	4	False
ENSG00000169855	ROBO1	ENSMUSG00000022883	Robo1	0.00877332632684	0.607746964314	53	4	False
ENSG00000185008	ROBO2	ENSMUSG00000052516	Robo2	1.33828860443	0.940903547378	46	4	False
ENSG00000154133	ROBO4	ENSMUSG00000032125	Robo4	-1.82157744993	0.160798557718	34	4	False
ENSG00000185483	ROR1	ENSMUSG00000035305	Ror1	-0.62694581439	0.373906357707	30	4	False
ENSG00000169071	ROR2	ENSMUSG00000021464	Ror2	-4.83251559077	0.0376212948725	49	4	False
ENSG00000069667	RORA	ENSMUSG00000032238	Rora	1.05753623004	0.908929423617	27	4	False
ENSG00000198963	RORB	ENSMUSG00000036192	Rorb	1.8459941264	0.974627498807	36	4	False
ENSG00000143365	RORC	ENSMUSG00000028150	Rorc	0.381931630977	0.746407550772	37	4	False
ENSG00000164610	RP9	ENSMUSG00000032239	Rp9	-1.02480044369	0.274749456493	33	4	False
ENSG00000156313	RPGR	ENSMUSG00000031174	Rpgr	-1.3277526471	0.219391272072	13	4	False
ENSG00000103494	RPGRIP1L	ENSMUSG00000033282	Rpgrip1l	-10.413697683	0.00585927143539	24	4	False
ENSG00000141564	RPTOR	ENSMUSG00000025583	Rptor	0.711178390799	0.842223871891	41	4	False
ENSG00000085721	RRN3	ENSMUSG00000022682	Rrn3	-1.09583108339	0.259160082719	17	4	False
ENSG00000174891	RSRC1	ENSMUSG00000034544	Rsrc1	-2.67991095422	0.099448539159	42	4	False
ENSG00000040608	RTN4R	ENSMUSG00000043811	Rtn4r	-1.6171690308	0.181902539901	37	4	False
ENSG00000124813	RUNX2	ENSMUSG00000039153	Runx2	-0.0562753844019	0.58043904767	49	4	False
ENSG00000020633	RUNX3	ENSMUSG00000070691	Runx3	0.365417981781	0.740998992523	45	4	False
ENSG00000198853	RUSC2	ENSMUSG00000035969	Rusc2	-0.744864133562	0.340129381197	41	4	False
ENSG00000186350	RXRA	ENSMUSG00000015846	Rxra	1.11727416745	0.916299909857	43	4	False
ENSG00000204231	RXRB	ENSMUSG00000039656	Rxrb	-6.33731096328	0.0204941937536	46	4	False
ENSG00000143171	RXRG	ENSMUSG00000015843	Rxrg	-6.07269598416	0.0230924227159	44	4	False
ENSG00000163785	RYK	ENSMUSG00000032547	Ryk	-0.436642680365	0.436422928045	26	4	False
ENSG00000198626	RYR2	ENSMUSG00000021313	Ryr2	-0.0397837680929	0.586802057373	21	4	False
ENSG00000267534	S1PR2	ENSMUSG00000043895	S1pr2	-0.574452459873	0.39002598229	34	4	False
ENSG00000151835	SACS	ENSMUSG00000048279	Sacs	-0.225454063808	0.511718542871	13	4	False
ENSG00000103449	SALL1	ENSMUSG00000031665	Sall1	-1.4388661937	0.20396097354	38	4	False
ENSG00000101115	SALL4	ENSMUSG00000027547	Sall4	-0.860285957093	0.311973063259	42	4	False
ENSG00000177570	SAMD12	ENSMUSG00000058656	Samd12	-1.26411149892	0.229784187921	39	4	False
ENSG00000152700	SAR1B	ENSMUSG00000020386	Sar1b	0.714246894096	0.842913197943	12	4	False
ENSG00000182568	SATB1	ENSMUSG00000023927	Satb1	-0.0170839620157	0.596982872899	41	4	False
ENSG00000119042	SATB2	ENSMUSG00000038331	Satb2	-2.32497808464	0.118961768917	43	4	False
ENSG00000133812	SBF2	ENSMUSG00000038371	Sbf2	-1.22044401069	0.236412323029	37	4	False
ENSG00000198794	SCAMP5	ENSMUSG00000040722	Scamp5	-0.707550591127	0.350257171642	57	4	False
ENSG00000138760	SCARB2	ENSMUSG00000029426	Scarb2	0.161029900698	0.667824380932	22	4	False
ENSG00000151466	SCLT1	ENSMUSG00000059834	Sclt1	1.16760745158	0.92319317037	19	4	False
ENSG00000144285	SCN1A	ENSMUSG00000064329	Scn1a	0.523004820095	0.792433320961	37	4	False
ENSG00000105711	SCN1B	ENSMUSG00000019194	Scn1b	-1.84456453096	0.158359403998	45	4	False
ENSG00000136531	SCN2A	ENSMUSG00000075318	Scn2a	-0.650958272113	0.366907047033	36	4	False
ENSG00000153253	SCN3A	ENSMUSG00000057182	Scn3a	0.181796744605	0.676043268466	27	4	False
ENSG00000169432	SCN9A	ENSMUSG00000075316	Scn9a	1.25044263447	0.932525584602	10	4	False
ENSG00000054282	SDCCAG8	ENSMUSG00000026504	Sdccag8	0.539930314804	0.796993477915	33	4	False
ENSG00000073578	SDHA	ENSMUSG00000021577	Sdha	1.18049669078	0.92446577231	38	4	False
ENSG00000117118	SDHB	ENSMUSG00000009863	Sdhb	-0.837764108953	0.317222546264	44	4	False
ENSG00000100934	SEC23A	ENSMUSG00000020986	Sec23a	0.583848638982	0.808818070948	49	4	False
ENSG00000138674	SEC31A	ENSMUSG00000035325	Sec31a	-0.986774222091	0.282119942733	18	4	False
ENSG00000007908	SELE	ENSMUSG00000026582	Sele	0.962574484825	0.893393074924	42	4	False
ENSG00000187764	SEMA4D	ENSMUSG00000021451	Sema4d	0.0861596066482	0.639562012832	30	4	False
ENSG00000112902	SEMA5A	ENSMUSG00000022231	Sema5a	1.87191412373	0.975634975343	46	4	False
ENSG00000092421	SEMA6A	ENSMUSG00000019647	Sema6a	-0.923282219607	0.297550241264	39	4	False
ENSG00000135919	SERPINE2	ENSMUSG00000026249	Serpine2	-0.497624628509	0.415690121427	46	4	False
ENSG00000163536	SERPINI1	ENSMUSG00000027834	Serpini1	-1.36389251456	0.213876663662	28	4	False
ENSG00000152217	SETBP1	ENSMUSG00000024548	Setbp1	-0.189469273975	0.525717164219	28	4	False
ENSG00000168137	SETD5	ENSMUSG00000034269	Setd5	-1.99877271072	0.144466832812	26	4	False
ENSG00000143379	SETDB1	ENSMUSG00000015697	Setdb1	-0.604049407163	0.3808526433	16	4	False
ENSG00000107290	SETX	ENSMUSG00000043535	Setx	-0.871491375235	0.309692984782	32	4	False
ENSG00000170624	SGCD	ENSMUSG00000020354	Sgcd	-0.907523620518	0.301155946763	20	4	False
ENSG00000127990	SGCE	ENSMUSG00000004631	Sgce	-1.00616655278	0.278567262315	39	4	False
ENSG00000147010	SH3KBP1	ENSMUSG00000040990	Sh3kbp1	0.622200269386	0.818998886473	40	4	False
ENSG00000162105	SHANK2	ENSMUSG00000037541	Shank2	-0.310941667387	0.479585343868	47	4	False
ENSG00000251322	SHANK3	ENSMUSG00000022623	Shank3	1.07983181737	0.911792777984	49	4	False
ENSG00000108061	SHOC2	ENSMUSG00000024976	Shoc2	-3.48851792622	0.0666260141047	26	4	False
ENSG00000147955	SIGMAR1	ENSMUSG00000036078	Sigmar1	-1.33205583952	0.21864892094	44	4	False
ENSG00000120725	SIL1	ENSMUSG00000024357	Sil1	-0.825511281236	0.320298000954	49	4	False
ENSG00000112246	SIM1	ENSMUSG00000019913	Sim1	-0.176476649688	0.531602948194	40	4	False
ENSG00000169375	SIN3A	ENSMUSG00000042557	Sin3a	-3.11041578057	0.0796171589162	32	4	False
ENSG00000105738	SIPA1L3	ENSMUSG00000030583	Sipa1l3	0.989717307412	0.898536507768	28	4	False
ENSG00000126778	SIX1	ENSMUSG00000051367	Six1	-1.35456497637	0.215679516411	47	4	False
ENSG00000138083	SIX3	ENSMUSG00000038805	Six3	1.21632386072	0.928813828941	40	4	False
ENSG00000177045	SIX5	ENSMUSG00000040841	Six5	-0.647970273597	0.367437297842	38	4	False
ENSG00000184302	SIX6	ENSMUSG00000021099	Six6	0.425607593392	0.7604591972	27	4	False
ENSG00000157933	SKI	ENSMUSG00000029050	Ski	1.71909062621	0.968847764993	56	4	False
ENSG00000064651	SLC12A2	ENSMUSG00000024597	Slc12a2	0.0922584793975	0.642160241794	41	4	False
ENSG00000124140	SLC12A5	ENSMUSG00000017740	Slc12a5	-0.340722504545	0.46929847818	41	4	False
ENSG00000119899	SLC17A5	ENSMUSG00000049624	Slc17a5	-0.57729046527	0.388965480672	43	4	False
ENSG00000106688	SLC1A1	ENSMUSG00000024935	Slc1a1	0.466917562655	0.773715467416	47	4	False
ENSG00000110436	SLC1A2	ENSMUSG00000005089	Slc1a2	-0.655181807166	0.365793520335	42	4	False
ENSG00000168575	SLC20A2	ENSMUSG00000037656	Slc20a2	-0.669393019617	0.361074288138	30	4	False
ENSG00000092096	SLC22A17	ENSMUSG00000022199	Slc22a17	-0.829507708065	0.319502624742	35	4	False
ENSG00000188467	SLC24A5	ENSMUSG00000035183	Slc24a5	-0.777788046867	0.332069568906	42	4	False
ENSG00000115840	SLC25A12	ENSMUSG00000027010	Slc25a12	-0.500766857237	0.41462961981	39	4	False
ENSG00000004864	SLC25A13	ENSMUSG00000015112	Slc25a13	-0.156774163732	0.539768810647	24	4	False
ENSG00000144741	SLC25A26	ENSMUSG00000045100	Slc25a26	-0.200403518116	0.520785831698	35	4	False
ENSG00000153291	SLC25A27	ENSMUSG00000023912	Slc25a27	-0.183738180963	0.528580518585	26	4	False
ENSG00000114120	SLC25A36	ENSMUSG00000032449	Slc25a36	-3.35317413527	0.0707089453311	29	4	False
ENSG00000151729	SLC25A4	ENSMUSG00000031633	Slc25a4	0.137893673965	0.660241794369	42	4	False
ENSG00000164209	SLC25A46	ENSMUSG00000024259	Slc25a46	-0.0770871415023	0.571955034731	33	4	False
ENSG00000117394	SLC2A1	ENSMUSG00000028645	Slc2a1	-1.02496992744	0.274696431412	55	4	False
ENSG00000101438	SLC32A1	ENSMUSG00000037771	Slc32a1	-1.0526669619	0.268704597275	50	4	False
ENSG00000033867	SLC4A7	ENSMUSG00000021733	Slc4a7	0.266772507258	0.708017392227	27	4	False
ENSG00000157103	SLC6A1	ENSMUSG00000030310	Slc6a1	0.521221851043	0.79177050745	39	4	False
ENSG00000197106	SLC6A17	ENSMUSG00000027894	Slc6a17	0.100232689842	0.645394771727	37	4	False
ENSG00000165970	SLC6A5	ENSMUSG00000039728	Slc6a5	-0.0910636189589	0.566705551726	31	4	False
ENSG00000013293	SLC7A14	ENSMUSG00000069072	Slc7a14	0.899834142773	0.881356381568	34	4	False
ENSG00000181804	SLC9A9	ENSMUSG00000031129	Slc9a9	0.311256907162	0.723447690758	36	4	False
ENSG00000145147	SLIT2	ENSMUSG00000031558	Slit2	-1.4740857644	0.198764515616	15	4	False
ENSG00000178235	SLITRK1	ENSMUSG00000075478	Slitrk1	-1.23329935314	0.234503420118	16	4	False
ENSG00000170365	SMAD1	ENSMUSG00000031681	Smad1	0.11146776764	0.650007953762	37	4	False
ENSG00000175387	SMAD2	ENSMUSG00000024563	Smad2	1.54938061525	0.958189723739	20	4	False
ENSG00000166949	SMAD3	ENSMUSG00000032402	Smad3	0.192544556621	0.680338300016	38	4	False
ENSG00000141646	SMAD4	ENSMUSG00000024515	Smad4	0.63547338928	0.822657617053	31	4	False
ENSG00000137834	SMAD6	ENSMUSG00000036867	Smad6	-0.955407864449	0.289808579458	49	4	False
ENSG00000080503	SMARCA2	ENSMUSG00000024921	Smarca2	-0.0699535704582	0.575348639907	34	4	False
ENSG00000127616	SMARCA4	ENSMUSG00000032187	Smarca4	-10.5185742276	0.00564717111194	30	4	False
ENSG00000163104	SMARCAD1	ENSMUSG00000029920	Smarcad1	0.302169188479	0.719417784612	16	4	False
ENSG00000099956	SMARCB1	ENSMUSG00000000902	Smarcb1	-1.33037201846	0.218967071425	46	4	False
ENSG00000173473	SMARCC1	ENSMUSG00000032481	Smarcc1	-9.69395104124	0.0072909486187	31	4	False
ENSG00000139613	SMARCC2	ENSMUSG00000025369	Smarcc2	-1.57722171089	0.18672782226	32	4	False
ENSG00000066117	SMARCD1	ENSMUSG00000023018	Smarcd1	0.771303598586	0.854313590328	41	4	False
ENSG00000073584	SMARCE1	ENSMUSG00000037935	Smarce1	-10.2630774743	0.00633649716316	49	4	False
ENSG00000072501	SMC1A	ENSMUSG00000041133	Smc1a	-1.60562718741	0.183440267246	31	4	False
ENSG00000108055	SMC3	ENSMUSG00000024974	Smc3	-2.07427348432	0.138581048836	14	4	False
ENSG00000101596	SMCHD1	ENSMUSG00000024054	Smchd1	1.13503606447	0.918792088658	26	4	False
ENSG00000128602	SMO	ENSMUSG00000001761	Smo	0.59232282649	0.811469324991	44	4	False
ENSG00000103056	SMPD3	ENSMUSG00000031906	Smpd3	0.615626842136	0.817408134047	46	4	False
ENSG00000102172	SMS	ENSMUSG00000071708	Sms	-0.0627649171954	0.577787793626	22	4	False
ENSG00000019549	SNAI2	ENSMUSG00000022676	Snai2	0.669575214648	0.83108860491	12	4	False
ENSG00000132639	SNAP25	ENSMUSG00000027273	Snap25	-1.0452147614	0.270136274458	37	4	False
ENSG00000145335	SNCA	ENSMUSG00000025889	Snca	1.24922150405	0.932366509359	36	4	False
ENSG00000074317	SNCB	ENSMUSG00000034891	Sncb	0.208340442136	0.68548173286	38	4	False
ENSG00000159210	SNF8	ENSMUSG00000006058	Snf8	-5.4838907929	0.0287661063683	30	4	False
ENSG00000104852	SNRNP70	ENSMUSG00000063511	Snrnp70	-7.62498917765	0.0139190837266	26	4	False
ENSG00000125835	SNRPB	ENSMUSG00000027404	Snrpb	-4.56672269958	0.0434010286866	43	4	False
ENSG00000128739	SNRPN	ENSMUSG00000102252	Snrpn	0.822563958821	0.866297258603	44	4	False
ENSG00000101400	SNTA1	ENSMUSG00000027488	Snta1	-0.400487559363	0.449732223342	50	4	False
ENSG00000086300	SNX10	ENSMUSG00000038301	Snx10	0.552357710784	0.800228007848	38	4	False
ENSG00000291237	SOD2	ENSMUSG00000006818	Sod2	-24.0564277389	2.65125404316e-05	38	4	False
ENSG00000165643	SOHLH1	ENSMUSG00000059625	Sohlh1	-0.791336577854	0.328357813246	48	4	False
ENSG00000159140	SON	ENSMUSG00000022961	Son	-3.02134529052	0.0829577390106	9	4	False
ENSG00000095637	SORBS1	ENSMUSG00000025006	Sorbs1	0.40405095521	0.752982660799	29	4	False
ENSG00000137642	SORL1	ENSMUSG00000049313	Sorl1	-0.483612559465	0.420833554271	45	4	False
ENSG00000134243	SORT1	ENSMUSG00000068747	Sort1	-0.631689664557	0.372050479877	23	4	False
ENSG00000115904	SOS1	ENSMUSG00000024241	Sos1	-0.493932425012	0.416856673206	41	4	False
ENSG00000100485	SOS2	ENSMUSG00000034801	Sos2	-0.224193104707	0.512142743518	12	4	False
ENSG00000100146	SOX10	ENSMUSG00000033006	Sox10	-0.206810003872	0.518187602736	44	4	False
ENSG00000176887	SOX11	ENSMUSG00000063632	Sox11	-5.14085483517	0.0335913887269	54	4	False
ENSG00000164736	SOX17	ENSMUSG00000025902	Sox17	-0.383536642091	0.455458932075	54	4	False
ENSG00000203883	SOX18	ENSMUSG00000046470	Sox18	-3.18676905744	0.076594729307	46	4	False
ENSG00000181449	SOX2	ENSMUSG00000074637	Sox2	-0.15608351745	0.540139986213	32	4	False
ENSG00000134595	SOX3	ENSMUSG00000045179	Sox3	2.06761701003	0.982475210775	42	4	False
ENSG00000124766	SOX4	ENSMUSG00000076431	Sox4	-1.71655684414	0.171191473567	45	4	False
ENSG00000134532	SOX5	ENSMUSG00000041540	Sox5	1.36141211988	0.943077575693	37	4	False
ENSG00000125398	SOX9	ENSMUSG00000000567	Sox9	-0.712176650088	0.348825494459	48	4	False
ENSG00000135899	SP110	ENSMUSG00000070034	Sp110	0.750863858317	0.851079060396	41	4	False
ENSG00000105866	SP4	ENSMUSG00000025323	Sp4	-4.16065658259	0.0513017657352	34	4	False
ENSG00000170374	SP7	ENSMUSG00000060284	Sp7	-0.161738342774	0.537912932817	43	4	False
ENSG00000021574	SPAST	ENSMUSG00000024068	Spast	-0.0555288084824	0.580810223236	26	4	False
ENSG00000100014	SPECC1L	ENSMUSG00000033444	Specc1l	-2.66117198338	0.100509040776	35	4	False
ENSG00000176170	SPHK1	ENSMUSG00000061878	Sphk1	0.0456979035546	0.62407868922	35	4	False
ENSG00000066336	SPI1	ENSMUSG00000002111	Spi1	-0.725300624281	0.344901638475	35	4	False
ENSG00000138600	SPPL2A	ENSMUSG00000027366	Sppl2a	-0.14697969781	0.543904766955	29	4	False
ENSG00000166068	SPRED1	ENSMUSG00000027351	Spred1	-0.144756071008	0.545389469219	24	4	False
ENSG00000198369	SPRED2	ENSMUSG00000045671	Spred2	0.0134332820374	0.609814942468	52	4	False
ENSG00000197694	SPTAN1	ENSMUSG00000057738	Sptan1	-1.32938562303	0.219046609046	33	4	False
ENSG00000070182	SPTB	ENSMUSG00000021061	Sptb	0.0769057938896	0.636009332414	28	4	False
ENSG00000100596	SPTLC2	ENSMUSG00000021036	Sptlc2	-2.00727232079	0.143618431518	29	4	False
ENSG00000161011	SQSTM1	ENSMUSG00000015837	Sqstm1	-0.656565641986	0.365422344769	50	4	False
ENSG00000072310	SREBF1	ENSMUSG00000020538	Srebf1	-0.0413413237569	0.586271806565	40	4	False
ENSG00000198911	SREBF2	ENSMUSG00000022463	Srebf2	-1.58115373389	0.186356646694	40	4	False
ENSG00000167720	SRR	ENSMUSG00000001323	Srr	-1.92947927947	0.150776817435	11	4	False
ENSG00000167978	SRRM2	ENSMUSG00000039218	Srrm2	-2.49212295905	0.108409777825	24	4	False
ENSG00000136450	SRSF1	ENSMUSG00000018379	Srsf1	-6.12376991227	0.0227742722308	48	4	False
ENSG00000184895	SRY	ENSMUSG00000069036	Sry	-0.251437617544	0.50063630097	45	4	False
ENSG00000180879	SSR4	ENSMUSG00000002014	Ssr4	1.07231690789	0.910997401771	35	4	False
ENSG00000162009	SSTR5	ENSMUSG00000050824	Sstr5	-2.01863281656	0.142610954982	55	4	False
ENSG00000126091	ST3GAL3	ENSMUSG00000028538	St3gal3	-1.63879092022	0.179145235696	24	4	False
ENSG00000115525	ST3GAL5	ENSMUSG00000056091	St3gal5	-0.177568125039	0.531125722467	35	4	False
ENSG00000118007	STAG1	ENSMUSG00000037286	Stag1	-0.525727576541	0.406251657034	23	4	False
ENSG00000101972	STAG2	ENSMUSG00000025862	Stag2	-3.26465277257	0.0735722996978	37	4	False
ENSG00000115415	STAT1	ENSMUSG00000026104	Stat1	0.887316072987	0.879235378334	40	4	False
ENSG00000170581	STAT2	ENSMUSG00000040033	Stat2	1.15704861394	0.92139031762	41	4	False
ENSG00000168610	STAT3	ENSMUSG00000004040	Stat3	0.318199808987	0.725515668911	51	4	False
ENSG00000138378	STAT4	ENSMUSG00000062939	Stat4	0.233152863159	0.695768598547	21	4	False
ENSG00000173757	STAT5B	ENSMUSG00000020919	Stat5b	-0.902727230388	0.302322498542	41	4	False
ENSG00000167323	STIM1	ENSMUSG00000030987	Stim1	-5.12997397841	0.0336444138077	30	4	False
ENSG00000198648	STK39	ENSMUSG00000027030	Stk39	-0.392195566887	0.452330452304	23	4	False
ENSG00000104435	STMN2	ENSMUSG00000027500	Stmn2	0.734671380827	0.846784028846	38	4	False
ENSG00000137868	STRA6	ENSMUSG00000032327	Stra6	0.781840403333	0.856434593563	34	4	False
ENSG00000266173	STRADA	ENSMUSG00000069631	Strada	-0.0536822830245	0.581393499125	36	4	False
ENSG00000163527	STT3B	ENSMUSG00000032437	Stt3b	0.15511322298	0.665650352617	25	4	False
ENSG00000103266	STUB1	ENSMUSG00000039615	Stub1	-0.686915944546	0.355877830214	35	4	True
ENSG00000124222	STX16	ENSMUSG00000027522	Stx16	-1.40100945585	0.208521130495	37	4	False
ENSG00000099365	STX1B	ENSMUSG00000030806	Stx1b	-2.01448300694	0.143035155629	41	4	False
ENSG00000162236	STX5	ENSMUSG00000010110	Stx5a	-0.527457158211	0.40540325574	23	4	False
ENSG00000136854	STXBP1	ENSMUSG00000026797	Stxbp1	-1.01784059349	0.276446259081	41	4	False
ENSG00000136143	SUCLA2	ENSMUSG00000022110	Sucla2	-1.29859296788	0.223633278541	27	4	False
ENSG00000163541	SUCLG1	ENSMUSG00000052738	Suclg1	-1.28672910537	0.225489156371	35	4	False
ENSG00000094975	SUCO	ENSMUSG00000040297	Suco	-0.993700175541	0.28068826555	13	4	False
ENSG00000092201	SUPT16H	ENSMUSG00000035726	Supt16	0.282320099079	0.713107799989	11	4	False
ENSG00000159164	SV2A	ENSMUSG00000038486	Sv2a	-0.00288969794016	0.603451932764	41	4	False
ENSG00000008056	SYN1	ENSMUSG00000037217	Syn1	-0.103486777845	0.561350018559	35	4	False
ENSG00000157152	SYN2	ENSMUSG00000009394	Syn2	-0.637729217994	0.37040670237	39	4	False
ENSG00000185666	SYN3	ENSMUSG00000059602	Syn3	-1.43243174313	0.204968450077	47	4	False
ENSG00000135316	SYNCRIP	ENSMUSG00000032423	Syncrip	-0.668654070466	0.361445463704	34	4	False
ENSG00000131018	SYNE1	ENSMUSG00000096054	Syne1	-0.533636535742	0.402698976616	38	4	False
ENSG00000197283	SYNGAP1	ENSMUSG00000067629	Syngap1	-0.495909452957	0.416326422398	38	4	False
ENSG00000159082	SYNJ1	ENSMUSG00000022973	Synj1	0.168138896599	0.670316559733	15	4	False
ENSG00000102003	SYP	ENSMUSG00000031144	Syp	0.190426009744	0.679595948884	38	4	False
ENSG00000143469	SYT14	ENSMUSG00000016200	Syt14	-1.09206091736	0.260008484013	27	4	False
ENSG00000143858	SYT2	ENSMUSG00000026452	Syt2	-0.724241350843	0.345272814041	20	4	False
ENSG00000146399	TAAR1	ENSMUSG00000056379	Taar1	0.822380916371	0.866138183361	37	4	False
ENSG00000115353	TACR1	ENSMUSG00000030043	Tacr1	-1.59118971415	0.185084044753	36	4	False
ENSG00000169836	TACR3	ENSMUSG00000028172	Tacr3	0.238218732451	0.697677501458	24	4	False
ENSG00000115750	TAF1B	ENSMUSG00000059669	Taf1b	-5.95077784849	0.0239408240098	15	4	False
ENSG00000170921	TANC2	ENSMUSG00000053580	Tanc2	1.79694807136	0.972453470492	30	4	False
ENSG00000183597	TANGO2	ENSMUSG00000013539	Tango2	-1.94159228309	0.149822365979	36	4	False
ENSG00000160551	TAOK1	ENSMUSG00000017291	Taok1	1.8892946823	0.976430351556	24	4	False
ENSG00000120948	TARDBP	ENSMUSG00000041459	Tardbp	-1.04624098551	0.269871149054	31	4	False
ENSG00000128519	TAS2R16	ENSMUSG00000043865	Tas2r118	-0.575652404824	0.3894427064	21	4	False
ENSG00000036054	TBC1D23	ENSMUSG00000022749	Tbc1d23	0.0546296971879	0.627525319476	27	4	False
ENSG00000162065	TBC1D24	ENSMUSG00000036473	Tbc1d24	-0.48305241567	0.420992629514	38	4	False
ENSG00000146350	TBC1D32	ENSMUSG00000038122	Tbc1d32	0.303786063455	0.720213160825	41	4	False
ENSG00000141556	TBCD	ENSMUSG00000039230	Tbcd	-16.253617058	0.00103398907683	35	4	False
ENSG00000284770	TBCE	ENSMUSG00000039233	Tbce	-19.6739686199	0.000397688106474	19	4	False
ENSG00000145348	TBCK	ENSMUSG00000028030	Tbck	-0.515883112913	0.409274086643	20	4	False
ENSG00000183735	TBK1	ENSMUSG00000020115	Tbk1	-0.624618802501	0.374595683758	26	4	False
ENSG00000177565	TBL1XR1	ENSMUSG00000027630	Tbl1xr1	-3.56733380197	0.0647701362745	29	4	False
ENSG00000136535	TBR1	ENSMUSG00000035033	Tbr1	0.928245551231	0.886870989978	51	4	False
ENSG00000184058	TBX1	ENSMUSG00000009097	Tbx1	-3.381019468	0.0698605440373	43	4	False
ENSG00000143178	TBX19	ENSMUSG00000026572	Tbx19	0.434239400788	0.762686250597	46	4	False
ENSG00000121068	TBX2	ENSMUSG00000000093	Tbx2	-0.018439832017	0.596399597009	43	4	False
ENSG00000073861	TBX21	ENSMUSG00000001444	Tbx21	-0.589888192419	0.385094649769	43	4	False
ENSG00000122145	TBX22	ENSMUSG00000031241	Tbx22	0.517851666671	0.790789543454	21	4	False
ENSG00000135111	TBX3	ENSMUSG00000018604	Tbx3	1.00299890149	0.900604485922	32	4	False
ENSG00000121075	TBX4	ENSMUSG00000000094	Tbx4	-0.47447823275	0.424916485498	43	4	False
ENSG00000089225	TBX5	ENSMUSG00000018263	Tbx5	-0.022098223506	0.594649769341	29	4	False
ENSG00000149922	TBX6	ENSMUSG00000030699	Tbx6	-0.19527917693	0.523543135903	47	4	False
ENSG00000140262	TCF12	ENSMUSG00000032228	Tcf12	-0.0279588868445	0.591468264489	35	4	False
ENSG00000071564	TCF3	ENSMUSG00000020167	Tcf3	-3.25178895593	0.0739965003447	33	4	False
ENSG00000196628	TCF4	ENSMUSG00000053477	Tcf4	0.833690567018	0.868206161514	42	4	False
ENSG00000148737	TCF7L2	ENSMUSG00000024985	Tcf7l2	1.52455124585	0.956598971313	29	4	False
ENSG00000187079	TEAD1	ENSMUSG00000055320	Tead1	-0.577661634682	0.388912455591	28	4	False
ENSG00000099797	TECR	ENSMUSG00000031708	Tecr	-2.66207024726	0.100402990615	35	4	False
ENSG00000167074	TEF	ENSMUSG00000022389	Tef	-0.0688604002697	0.575719815473	37	4	False
ENSG00000120156	TEK	ENSMUSG00000006386	Tek	-0.724910811656	0.345166763879	35	4	False
ENSG00000218336	TENM3	ENSMUSG00000031561	Tenm3	-0.174653004536	0.532451349488	41	4	False
ENSG00000149256	TENM4	ENSMUSG00000048078	Tenm4	1.42001960068	0.94843310886	39	4	False
ENSG00000137203	TFAP2A	ENSMUSG00000021359	Tfap2a	0.432068313948	0.762155999788	37	4	False
ENSG00000090447	TFAP4	ENSMUSG00000005718	Tfap4	-0.0089995871333	0.601012779044	49	4	False
ENSG00000135457	TFCP2	ENSMUSG00000009733	Tfcp2	0.0498044948209	0.625510366403	37	4	False
ENSG00000198176	TFDP1	ENSMUSG00000038482	Tfdp1	-1.46663356391	0.199825017233	39	4	False
ENSG00000114126	TFDP2	ENSMUSG00000032411	Tfdp2	-1.25578730453	0.231268890185	33	4	False
ENSG00000114354	TFG	ENSMUSG00000022757	Tfg	-8.10817633291	0.0121162309773	22	4	False
ENSG00000072274	TFRC	ENSMUSG00000022797	Tfrc	-2.67335786502	0.0997136645633	27	4	False
ENSG00000106799	TGFBR1	ENSMUSG00000007613	Tgfbr1	-0.925728717541	0.296913940294	32	4	False
ENSG00000163513	TGFBR2	ENSMUSG00000032440	Tgfbr2	1.08895851732	0.912906304682	53	4	False
ENSG00000069702	TGFBR3	ENSMUSG00000029287	Tgfbr3	0.684316063818	0.83538363646	29	4	False
ENSG00000177426	TGIF1	ENSMUSG00000047407	Tgif1	-1.42915985933	0.205233575481	44	4	False
ENSG00000131931	THAP1	ENSMUSG00000037214	Thap1	-8.64360346447	0.0101543029853	34	4	False
ENSG00000168286	THAP11	ENSMUSG00000036442	Thap11	-4.30719223297	0.0483323612069	52	4	False
ENSG00000178726	THBD	ENSMUSG00000074743	Thbd	-0.434568199263	0.437059229015	43	4	False
ENSG00000079134	THOC1	ENSMUSG00000024287	Thoc1	-4.42829515181	0.0462113579723	16	4	False
ENSG00000126351	THRA	ENSMUSG00000058756	Thra	-0.550701854545	0.397078318044	43	4	False
ENSG00000151090	THRB	ENSMUSG00000021779	Thrb	-0.620411368403	0.375338034891	26	4	False
ENSG00000116001	TIA1	ENSMUSG00000071337	Tia1	1.41311568012	0.947849832971	8	4	False
ENSG00000156299	TIAM1	ENSMUSG00000002489	Tiam1	-0.629085546736	0.372898881171	44	4	False
ENSG00000035862	TIMP2	ENSMUSG00000017466	Timp2	0.347486601014	0.734582957739	36	4	False
ENSG00000100234	TIMP3	ENSMUSG00000020044	Timp3	0.682794947161	0.834800360571	43	4	False
ENSG00000146872	TLK2	ENSMUSG00000020694	Tlk2	0.0964786247764	0.643697969139	35	4	False
ENSG00000137462	TLR2	ENSMUSG00000027995	Tlr2	0.12424853724	0.654674160878	35	4	False
ENSG00000164342	TLR3	ENSMUSG00000031639	Tlr3	-0.470736878965	0.426136062357	25	4	False
ENSG00000136869	TLR4	ENSMUSG00000039005	Tlr4	0.200544189629	0.683254679463	18	4	False
ENSG00000187554	TLR5	ENSMUSG00000079164	Tlr5	1.31260079983	0.938305318416	18	4	False
ENSG00000196664	TLR7	ENSMUSG00000044583	Tlr7	-0.126031506291	0.552388779893	8	4	False
ENSG00000101916	TLR8	ENSMUSG00000040522	Tlr8	0.219383155877	0.690041889814	11	4	False
ENSG00000239732	TLR9	ENSMUSG00000045322	Tlr9	0.876416573014	0.876690174453	46	4	False
ENSG00000164438	TLX3	ENSMUSG00000040610	Tlx3	-2.71842359419	0.0976987114905	44	4	False
ENSG00000143183	TMCO1	ENSMUSG00000052428	Tmco1	-0.661958614916	0.363248316454	15	4	False
ENSG00000106460	TMEM106B	ENSMUSG00000029571	Tmem106b	1.85611823821	0.975051699454	26	4	False
ENSG00000152128	TMEM163	ENSMUSG00000026347	Tmem163	-0.315383836478	0.477411315552	29	4	False
ENSG00000134851	TMEM165	ENSMUSG00000029234	Tmem165	-0.687246437858	0.355771780052	34	4	False
ENSG00000196187	TMEM63A	ENSMUSG00000026519	Tmem63a	-0.791017100985	0.328463863407	40	4	False
ENSG00000165548	TMEM63C	ENSMUSG00000034145	Tmem63c	0.197390944457	0.682247202927	47	4	False
ENSG00000141655	TNFRSF11A	ENSMUSG00000026321	Tnfrsf11a	0.240576251416	0.698260777348	27	4	False
ENSG00000159958	TNFRSF13C	ENSMUSG00000068105	Tnfrsf13c	1.76988660097	0.971233893632	43	4	False
ENSG00000067182	TNFRSF1A	ENSMUSG00000030341	Tnfrsf1a	0.321482709228	0.726576170529	36	4	False
ENSG00000028137	TNFRSF1B	ENSMUSG00000028599	Tnfrsf1b	-0.336404058591	0.470942255687	40	4	False
ENSG00000186827	TNFRSF4	ENSMUSG00000029075	Tnfrsf4	-0.148456748693	0.543056365661	33	4	False
ENSG00000049249	TNFRSF9	ENSMUSG00000028965	Tnfrsf9	0.653477648059	0.827217774007	37	4	False
ENSG00000154310	TNIK	ENSMUSG00000027692	Tnik	0.428697282158	0.761201548332	36	4	False
ENSG00000064419	TNPO3	ENSMUSG00000012535	Tnpo3	-5.92886953152	0.0239938490906	27	4	False
ENSG00000090905	TNRC6A	ENSMUSG00000052707	Tnrc6a	0.149942273763	0.663794474787	23	4	False
ENSG00000100354	TNRC6B	ENSMUSG00000047888	Tnrc6b	-1.68697345556	0.173418526963	9	4	False
ENSG00000130204	TOMM40	ENSMUSG00000002984	Tomm40	0.324097843492	0.727583647065	42	4	False
ENSG00000141510	TP53	ENSMUSG00000059552	Trp53	2.34466616448	0.988254944589	46	4	False
ENSG00000073282	TP63	ENSMUSG00000022510	Trp63	-1.03934808139	0.271727026884	31	4	False
ENSG00000078900	TP73	ENSMUSG00000029026	Trp73	-0.328651871859	0.473381409407	41	4	False
ENSG00000111669	TPI1	ENSMUSG00000023456	Tpi1	-1.93463158547	0.150405641869	48	4	False
ENSG00000196511	TPK1	ENSMUSG00000029735	Tpk1	0.434558030238	0.762845325839	26	4	False
ENSG00000140416	TPM1	ENSMUSG00000032366	Tpm1	-0.701665267903	0.35195397423	42	4	False
ENSG00000047410	TPR	ENSMUSG00000006005	Tpr	0.631371882526	0.821331990031	25	4	False
ENSG00000131323	TRAF3	ENSMUSG00000021277	Traf3	-1.114379385	0.255872527706	42	4	False
ENSG00000182606	TRAK1	ENSMUSG00000032536	Trak1	-0.377327604904	0.457367834986	43	4	False
ENSG00000160218	TRAPPC10	ENSMUSG00000000374	Trappc10	-6.77416973543	0.0175247892253	26	4	False
ENSG00000182400	TRAPPC6B	ENSMUSG00000020993	Trappc6b	-0.131439732759	0.549525425526	43	4	False
ENSG00000167632	TRAPPC9	ENSMUSG00000047921	Trappc9	-0.529636719238	0.404395779204	46	4	False
ENSG00000095970	TREM2	ENSMUSG00000023992	Trem2	0.568434939324	0.804470014317	41	4	False
ENSG00000174417	TRHR	ENSMUSG00000038760	Trhr	0.330120448554	0.729386499814	17	4	False
ENSG00000109654	TRIM2	ENSMUSG00000027993	Trim2	-1.42397535141	0.205657776128	47	4	False
ENSG00000108395	TRIM37	ENSMUSG00000018548	Trim37	-1.04302672619	0.270507450024	27	4	True
ENSG00000038382	TRIO	ENSMUSG00000022263	Trio	-1.86887189041	0.155867225198	43	4	False
ENSG00000100815	TRIP11	ENSMUSG00000021188	Trip11	1.3105610629	0.938146243173	32	4	False
ENSG00000153827	TRIP12	ENSMUSG00000026219	Trip12	4.06375679069	0.998859960761	9	4	True
ENSG00000104907	TRMT1	ENSMUSG00000001909	Trmt1	0.0788040118914	0.637016808951	44	4	False
ENSG00000104321	TRPA1	ENSMUSG00000032769	Trpa1	1.1806153294	0.924518797391	37	4	False
ENSG00000104447	TRPS1	ENSMUSG00000038679	Trps1	-0.282484498317	0.489872209555	40	4	False
ENSG00000196689	TRPV1	ENSMUSG00000005952	Trpv1	-0.571011092326	0.391510684554	39	4	False
ENSG00000111199	TRPV4	ENSMUSG00000014158	Trpv4	0.155245420306	0.665703377698	44	4	False
ENSG00000196367	TRRAP	ENSMUSG00000045482	Trrap	-6.86682904389	0.0172066387401	20	4	False
ENSG00000165699	TSC1	ENSMUSG00000026812	Tsc1	1.12923039861	0.917731587041	41	4	False
ENSG00000103197	TSC2	ENSMUSG00000002496	Tsc2	-1.16783371238	0.244737260724	41	4	False
ENSG00000135951	TSGA10	ENSMUSG00000060771	Tsga10	-2.35095231677	0.117105891086	38	4	False
ENSG00000165409	TSHR	ENSMUSG00000020963	Tshr	-1.53822349997	0.191234954133	32	4	False
ENSG00000182463	TSHZ2	ENSMUSG00000047907	Tshz2	-0.154009883767	0.540617211941	33	4	False
ENSG00000121297	TSHZ3	ENSMUSG00000021217	Tshz3	-1.47888215453	0.197916114322	45	4	False
ENSG00000106025	TSPAN12	ENSMUSG00000029669	Tspan12	0.198092607183	0.682618378493	39	4	False
ENSG00000156298	TSPAN7	ENSMUSG00000058254	Tspan7	-0.0523196336732	0.582241900419	28	4	False
ENSG00000011295	TTC19	ENSMUSG00000042298	Ttc19	1.74340561243	0.970014316772	47	4	False
ENSG00000123607	TTC21B	ENSMUSG00000034848	Ttc21b	0.368084808589	0.741794368736	22	4	False
ENSG00000165533	TTC8	ENSMUSG00000021013	Ttc8	-1.83521326505	0.15910175513	31	4	False
ENSG00000167552	TUBA1A	ENSMUSG00000072235	Tuba1a	-12.275273298	0.00326104247309	25	4	False
ENSG00000127824	TUBA4A	ENSMUSG00000026202	Tuba4a	0.113947314905	0.651068455379	39	4	False
ENSG00000196230	TUBB	ENSMUSG00000001525	Tubb5	-2.8433305758	0.0908584760592	36	4	False
ENSG00000137267	TUBB2A	ENSMUSG00000058672	Tubb2a	-2.92907579467	0.0866164695901	33	4	False
ENSG00000258947	TUBB3	ENSMUSG00000062380	Tubb3	-0.37709964926	0.457526910229	39	4	False
ENSG00000104833	TUBB4A	ENSMUSG00000062591	Tubb4a	-1.70231851429	0.172464075508	49	4	False
ENSG00000188229	TUBB4B	ENSMUSG00000036752	Tubb4b	0.460020421443	0.77148841402	36	4	False
ENSG00000122691	TWIST1	ENSMUSG00000035799	Twist1	1.55119409137	0.958454849144	47	4	False
ENSG00000233608	TWIST2	ENSMUSG00000007805	Twist2	-3.48811116522	0.0666790391855	49	4	False
ENSG00000113621	TXNDC15	ENSMUSG00000021497	Txndc15	-0.0442013620407	0.585635505594	45	4	False
ENSG00000063244	U2AF2	ENSMUSG00000030435	U2af2	1.34359344581	0.941221697863	43	4	False
ENSG00000081307	UBA5	ENSMUSG00000032557	Uba5	-3.97558710676	0.0543241953444	48	4	True
ENSG00000182247	UBE2E2	ENSMUSG00000058317	Ube2e2	-0.748667348915	0.339334004984	22	4	True
ENSG00000114062	UBE3A	ENSMUSG00000025326	Ube3a	1.31605148899	0.938729519063	11	4	True
ENSG00000153560	UBP1	ENSMUSG00000009741	Ubp1	-2.98124797749	0.0844954663556	44	4	False
ENSG00000154277	UCHL1	ENSMUSG00000029223	Uchl1	-0.145242489371	0.545018293653	46	4	False
ENSG00000143222	UFC1	ENSMUSG00000062963	Ufc1	-1.19012167295	0.24139668063	37	4	False
ENSG00000109775	UFSP2	ENSMUSG00000031634	Ufsp2	-1.02135992357	0.275916008272	24	4	False
ENSG00000168038	ULK4	ENSMUSG00000040936	Ulk4	0.94344146427	0.890105519911	41	4	False
ENSG00000130477	UNC13A	ENSMUSG00000034799	Unc13a	-0.561318316655	0.394692189406	39	4	False
ENSG00000137766	UNC13C	ENSMUSG00000062151	Unc13c	0.157980040614	0.666604804072	10	4	False
ENSG00000182168	UNC5C	ENSMUSG00000059921	Unc5c	-1.40142723329	0.208468105414	38	4	False
ENSG00000156687	UNC5D	ENSMUSG00000063626	Unc5d	1.05427197301	0.90845219789	38	4	False
ENSG00000125351	UPF3B	ENSMUSG00000036572	Upf3b	1.52740450478	0.956917121799	9	4	False
ENSG00000137288	UQCC2	ENSMUSG00000024208	Uqcc2	-0.962877013319	0.287740601304	40	4	False
ENSG00000156467	UQCRB	ENSMUSG00000021520	Uqcrb	-3.02580186573	0.0826926136062	21	4	False
ENSG00000010256	UQCRC1	ENSMUSG00000025651	Uqcrc1	-1.86397381003	0.156185375683	48	4	False
ENSG00000140740	UQCRC2	ENSMUSG00000030884	Uqcrc2	-2.89917801373	0.0879951216926	28	4	False
ENSG00000169021	UQCRFS1	ENSMUSG00000038462	Uqcrfs1	-4.6012694198	0.0428177527971	41	4	False
ENSG00000164405	UQCRQ	ENSMUSG00000044894	Uqcrq	-2.21417808298	0.126279230076	54	4	False
ENSG00000158773	USF1	ENSMUSG00000026641	Usf1	-2.55915378223	0.104804072326	39	4	False
ENSG00000090686	USP48	ENSMUSG00000043411	Usp48	0.489126713276	0.780820828252	34	4	False
ENSG00000124486	USP9X	ENSMUSG00000031010	Usp9x	-1.27205011777	0.228193435495	9	4	False
ENSG00000111962	UST	ENSMUSG00000047712	Ust	0.555933817912	0.801659685031	24	4	False
ENSG00000139190	VAMP1	ENSMUSG00000030337	Vamp1	0.247520848078	0.700646905987	49	4	False
ENSG00000124164	VAPB	ENSMUSG00000054455	Vapb	-3.57770620748	0.0643459356276	44	4	False
ENSG00000165280	VCP	ENSMUSG00000028452	Vcp	-6.75373084258	0.0178429397105	32	4	False
ENSG00000136451	VEZF1	ENSMUSG00000018377	Vezf1	1.67360118767	0.966885837001	38	4	False
ENSG00000147852	VLDLR	ENSMUSG00000024924	Vldlr	0.080583591268	0.637653109921	30	4	False
ENSG00000197969	VPS13A	ENSMUSG00000046230	Vps13a	-1.93286725963	0.150458666949	13	4	False
ENSG00000132549	VPS13B	ENSMUSG00000037646	Vps13b	-0.484100672665	0.420568428867	10	4	False
ENSG00000129003	VPS13C	ENSMUSG00000035284	Vps13c	-1.16522451005	0.245479611856	30	4	False
ENSG00000048707	VPS13D	ENSMUSG00000020220	Vps13d	-5.47055242177	0.0290842568535	33	4	False
ENSG00000069329	VPS35	ENSMUSG00000031696	Vps35	-5.40362328883	0.0301447584708	26	4	False
ENSG00000006715	VPS41	ENSMUSG00000041236	Vps41	-4.75454204925	0.039371122541	31	4	False
ENSG00000141252	VPS53	ENSMUSG00000017288	Vps53	-6.43728773266	0.0198578927833	35	4	False
ENSG00000143952	VPS54	ENSMUSG00000020128	Vps54	-16.1720953741	0.0010870141577	30	4	False
ENSG00000100987	VSX1	ENSMUSG00000033080	Vsx1	-0.757304240823	0.337531152235	49	4	False
ENSG00000119614	VSX2	ENSMUSG00000021239	Vsx2	-0.399244396056	0.450103398908	45	4	False
ENSG00000095787	WAC	ENSMUSG00000024283	Wac	-0.171093845783	0.533723951429	24	4	False
ENSG00000163625	WDFY3	ENSMUSG00000043940	Wdfy3	-0.00544720773002	0.602020255581	39	4	False
ENSG00000162923	WDR26	ENSMUSG00000038733	Wdr26	-3.63040972185	0.0632324089294	33	4	False
ENSG00000047056	WDR37	ENSMUSG00000021147	Wdr37	-0.69322836682	0.354340102869	43	4	False
ENSG00000114742	WDR48	ENSMUSG00000032512	Wdr48	-3.52359089347	0.0657776128109	22	4	False
ENSG00000060237	WNK1	ENSMUSG00000045962	Wnk1	-2.09752241775	0.136300970359	27	4	False
ENSG00000196632	WNK3	ENSMUSG00000041245	Wnk3	-2.33946047109	0.118060342542	24	4	False
ENSG00000165392	WRN	ENSMUSG00000031583	Wrn	0.231407180532	0.695238347738	15	4	False
ENSG00000184937	WT1	ENSMUSG00000016458	Wt1	-0.84515360046	0.315684818919	48	4	False
ENSG00000186153	WWOX	ENSMUSG00000004637	Wwox	-2.58061635693	0.104114746275	42	4	False
ENSG00000101966	XIAP	ENSMUSG00000025860	Xiap	-3.05384888412	0.082003287555	25	4	False
ENSG00000082898	XPO1	ENSMUSG00000020290	Xpo1	-0.794952513664	0.327562437033	27	4	False
ENSG00000130227	XPO7	ENSMUSG00000022100	Xpo7	1.31689975516	0.938941619386	17	4	False
ENSG00000114127	XRN1	ENSMUSG00000032410	Xrn1	-5.31694845158	0.0311522350072	23	4	False
ENSG00000103489	XYLT1	ENSMUSG00000030657	Xylt1	1.50343357058	0.955273344292	42	4	False
ENSG00000163872	YEATS2	ENSMUSG00000041215	Yeats2	-1.7447826679	0.168858370009	16	4	False
ENSG00000119596	YLPM1	ENSMUSG00000021244	Ylpm1	1.64912180221	0.965348109656	15	4	False
ENSG00000136758	YME1L1	ENSMUSG00000026775	Yme1l1	-2.467435956	0.109894480089	13	4	False
ENSG00000108953	YWHAE	ENSMUSG00000020849	Ywhae	1.61373359518	0.962749880694	32	4	False
ENSG00000170027	YWHAG	ENSMUSG00000051391	Ywhag	0.803152137497	0.861525001326	49	4	True
ENSG00000164924	YWHAZ	ENSMUSG00000022285	Ywhaz	0.0736178091366	0.634895805716	20	4	False
ENSG00000100811	YY1	ENSMUSG00000021264	Yy1	-2.27043821384	0.123256800467	47	4	False
ENSG00000205189	ZBTB10	ENSMUSG00000069114	Zbtb10	0.892304827173	0.879818654223	35	4	False
ENSG00000066422	ZBTB11	ENSMUSG00000022601	Zbtb11	-2.00241661135	0.143989607084	14	4	False
ENSG00000109906	ZBTB16	ENSMUSG00000066687	Zbtb16	0.349074663753	0.735166233629	35	4	True
ENSG00000179456	ZBTB18	ENSMUSG00000063659	Zbtb18	3.45936672119	0.997375258497	41	4	False
ENSG00000181722	ZBTB20	ENSMUSG00000022708	Zbtb20	-1.58549506015	0.185720345724	37	4	False
ENSG00000173276	ZBTB21	ENSMUSG00000046962	Zbtb21	0.166534732904	0.669733283843	27	4	False
ENSG00000112365	ZBTB24	ENSMUSG00000019826	Zbtb24	-0.232070709414	0.50922636407	35	4	False
ENSG00000177311	ZBTB38	ENSMUSG00000040433	Zbtb38	-1.79698535778	0.162919560952	38	4	False
ENSG00000179627	ZBTB42	ENSMUSG00000037638	Zbtb42	1.03257974783	0.905217667957	53	4	False
ENSG00000178951	ZBTB7A	ENSMUSG00000035011	Zbtb7a	0.108270456694	0.648576276579	53	4	False
ENSG00000100722	ZC3H14	ENSMUSG00000021012	Zc3h14	0.410613366016	0.755209714195	21	4	False
ENSG00000186908	ZDHHC17	ENSMUSG00000035798	Zdhhc17	0.483316810321	0.779389151068	29	4	False
ENSG00000148516	ZEB1	ENSMUSG00000024238	Zeb1	0.0440513689219	0.623230287926	36	4	False
ENSG00000169554	ZEB2	ENSMUSG00000026872	Zeb2	-0.244901476719	0.504401081712	38	4	False
ENSG00000066827	ZFAT	ENSMUSG00000022335	Zfat	-1.65559099696	0.177077257543	44	4	False
ENSG00000136367	ZFHX2	ENSMUSG00000040721	Zfhx2	-0.764956432143	0.335304098839	43	4	False
ENSG00000140836	ZFHX3	ENSMUSG00000038872	Zfhx3	1.00074476762	0.900180285275	49	4	False
ENSG00000091656	ZFHX4	ENSMUSG00000025255	Zfhx4	0.886230529567	0.878705127525	35	4	False
ENSG00000184517	ZFP1	ENSMUSG00000055835	Zfp1	0.712824925432	0.842542022377	43	4	False
ENSG00000169946	ZFPM2	ENSMUSG00000022306	Zfpm2	1.16526264389	0.922928044965	39	4	False
ENSG00000174306	ZHX3	ENSMUSG00000035877	Zhx3	-1.49053670461	0.1965904873	16	4	False
ENSG00000152977	ZIC1	ENSMUSG00000032368	Zic1	-2.25325256158	0.124423352246	53	4	False
ENSG00000043355	ZIC2	ENSMUSG00000061524	Zic2	0.986914893603	0.897688106474	51	4	False
ENSG00000156925	ZIC3	ENSMUSG00000067860	Zic3	1.22693693316	0.930033405801	38	4	False
ENSG00000174963	ZIC4	ENSMUSG00000036972	Zic4	0.765736904812	0.853147038549	45	4	False
ENSG00000106261	ZKSCAN1	ENSMUSG00000029729	Zkscan1	-0.641396846347	0.369081075349	35	4	False
ENSG00000121741	ZMYM2	ENSMUSG00000021945	Zmym2	-0.7523002331	0.338697704014	30	4	False
ENSG00000015171	ZMYND11	ENSMUSG00000021156	Zmynd11	0.255694201929	0.704146561324	37	4	False
ENSG00000101040	ZMYND8	ENSMUSG00000039671	Zmynd8	0.343348655254	0.73341640596	41	4	False
ENSG00000103994	ZNF106	ENSMUSG00000027288	Zfp106	-0.224142259582	0.512195768599	22	4	False
ENSG00000163848	ZNF148	ENSMUSG00000022811	Zfp148	-1.56811450157	0.187841348958	15	4	False
ENSG00000167377	ZNF23	ENSMUSG00000044676	Zfp612	0.886815248505	0.878917227849	43	4	False
ENSG00000130856	ZNF236	ENSMUSG00000041258	Zfp236	0.228451383929	0.693859695636	39	4	False
ENSG00000174652	ZNF266	ENSMUSG00000060510	Zfp266	-1.44722174258	0.202953497004	8	4	False
ENSG00000056277	ZNF280C	ENSMUSG00000036916	Zfp280c	-1.00192013742	0.279150538205	22	4	False
ENSG00000137871	ZNF280D	ENSMUSG00000038535	Zfp280d	0.739449127744	0.84826873111	13	4	False
ENSG00000188994	ZNF292	ENSMUSG00000039967	Zfp292	0.0947922614624	0.64311469325	26	4	False
ENSG00000181315	ZNF322	ENSMUSG00000046351	Zfp322a	-0.101681775906	0.56203934461	42	4	False
ENSG00000181894	ZNF329	ENSMUSG00000057894	Zfp329	0.100129304755	0.645288721565	35	4	False
ENSG00000131061	ZNF341	ENSMUSG00000059842	Zfp341	-2.25112554051	0.124582427488	45	4	False
ENSG00000186812	ZNF397	ENSMUSG00000024276	Zfp397	-1.26214548741	0.230102338406	29	4	False
ENSG00000197024	ZNF398	ENSMUSG00000062519	Zfp398	0.21179028387	0.686701309719	29	4	False
ENSG00000102935	ZNF423	ENSMUSG00000045333	Zfp423	-0.172365821328	0.533299750782	35	4	False
ENSG00000112200	ZNF451	ENSMUSG00000042197	Zfp451	-0.239751712971	0.506416034784	34	4	False
ENSG00000148143	ZNF462	ENSMUSG00000060206	Zfp462	-1.59141851722	0.185031019672	48	4	False
ENSG00000173258	ZNF483	ENSMUSG00000038630	Zkscan16	-0.339886102238	0.469828728989	44	4	False
ENSG00000198795	ZNF521	ENSMUSG00000024420	Zfp521	1.68815390987	0.967522137971	43	4	False
ENSG00000198597	ZNF536	ENSMUSG00000043456	Zfp536	0.837317519272	0.868736412323	40	4	False
ENSG00000180357	ZNF609	ENSMUSG00000040524	Zfp609	-0.839425897124	0.317116496103	28	4	False
ENSG00000122482	ZNF644	ENSMUSG00000049606	Zfp644	-1.34703989787	0.217111193595	9	4	False
ENSG00000175105	ZNF654	ENSMUSG00000047141	Zfp654	-0.0898433359578	0.566917652049	22	4	False
ENSG00000179195	ZNF664	ENSMUSG00000079215	Zfp664	0.683883880255	0.835224561217	41	4	False
ENSG00000171163	ZNF692	ENSMUSG00000037243	Zfp692	-0.44610241588	0.433082347951	38	4	False
ENSG00000170396	ZNF804A	ENSMUSG00000070866	Zfp804a	-0.419506178387	0.443157113315	24	4	False
ENSG00000197062	ZSCAN26	ENSMUSG00000022228	Zscan26	0.514866210412	0.790153242484	45	4	False
ENSG00000130449	ZSWIM6	ENSMUSG00000032846	Zswim6	-1.24009565152	0.233336868339	13	4	False
