gene,rank_score
AA388235,0.965308072868728
TTR,0.943519559568425
E4F1,0.905789087430345
D530037H12RIK,0.637965976277485
A230058F20RIK,0.59061365831995
LOC102636914,0.582354463453737
9430047G12RIK,0.556957268311352
FLYWCH2,0.511132099904137
GPR6,0.470849463403334
HOXB5,0.461720893895547
CDKN1A,0.449375562939927
TCFL5,0.437306829058552
4633402D09RIK,0.418203457653219
ZFP874A,0.417020163340706
CLSTN3,0.398108023125081
DDIT4L,0.397783469614542
EVC2,0.385511359749434
LOC102634076,0.384637155640264
MAB21L2,0.381569910672328
GM4132,0.376031656470146
CHRNA5,0.368350174648634
6330411D24RIK,0.360334734477597
IRX2,0.357204024394954
SRPX2,0.350063986718548
BC002059,0.347394250037689
GATA3,0.343868908241128
1700100M05RIK,0.341881560645858
EMILIN2,0.328595773371241
LOC102633149,0.327643865766049
5730408A14RIK,0.327412292517836
H2-K1,0.324780337241323
PBLD2,0.321271738712939
1600023N17RIK,0.318859559703139
GM12359,0.318804629306292
2900001G08RIK,0.31152852407332
5730521K06RIK,0.311344370032153
ECEL1,0.308909410334137
PAPPA2,0.30782383556413
D630030B22RIK,0.306975096703406
SEC14L3,0.305409982696403
AK7,0.304873083403111
CCDC113,0.302816729574463
SNCG,0.302603627975708
PPP1R14A,0.299085431969734
2610507I01RIK,0.298853429927498
KRT25,0.292357499103656
MILR1,0.29122163116497
PROKR2,0.288178534499423
3110045C21RIK,0.287024586264607
CCS,0.284532573917216
TRPC7,0.282722471031292
DEDD2,0.281000295381641
C230052I12RIK,0.279502826086351
RGN,0.278915822027562
CASKIN1,0.278295159968294
ZFHX2OS,0.277384843870372
SLC26A4,0.276974393817022
CCR6,0.275782151921496
FAM167A,0.275742882631828
GLI2,0.274666928541495
DSP,0.274598644142546
PISD-PS3,0.274438787631076
NPY2R,0.265401257341155
POP4,0.264881400184861
CHKA,0.264252010690549
SPIN4,0.26337388770116
NEUROD1,0.263204458282648
MFSD7C,0.262895928453106
CTGF,0.261536543198011
SPAG5,0.260337032440787
EYA2,0.260069695353303
TNFAIP6,0.258160981751306
SPATA5L1,0.256720227548566
FAT2,0.256086410295373
JMJD4,0.253364113354189
TMEM207,0.253293469935198
NUBP2,0.252997595205431
PDHX,0.251762791612494
TAC2,0.25133711577605
GIMAP5,0.25076424398847
LUM,0.250692455523174
GLP1R,0.250465754287309
2610027H17RIK,0.249943457809481
9430011C21RIK,0.248818647653792
C030044O21RIK,0.246913362870896
2700022O18RIK,0.246553502125989
HCRTR1,0.245767989901251
ATG101,0.24571652256804
6030451C04RIK,0.242474048269095
TELO2,0.240657223009279
GBE1,0.239339716746423
4932439E07RIK,0.239091321004122
CML3,0.237151180128878
CALML4,0.237118727430203
GREM1,0.234550415579684
ZFP692,0.233349361108895
MSANTD1,0.232925006046161
CALCB,0.232668352883113
HES7,0.23249075515088
OXTR,0.231919243266495
SOSTDC1,0.231408531360654
ARHGAP25,0.23089143027667
ZFYVE26,0.230039267806238
AW011738,0.229852176120028
2900046F13RIK,0.227605001725735
HPGDS,0.227392937309701
GUCY1A3,0.225897800549253
TSSK6,0.225269369367425
LOC102640223,0.223909942796551
TPBG,0.222685886389565
2900002J02RIK,0.222648775964133
9530006C21RIK,0.222363119767353
SLC9A3R2,0.220461133404118
KCNE2,0.220243741014807
KRT18,0.219881021077242
2610307P16RIK,0.219695777167672
GCH1,0.219520753694929
PPP5C,0.219050748963069
5330421C15RIK,0.218771006181939
A930012O16RIK,0.218045549606664
NXPE4,0.217959845738525
DCTPP1,0.214880563183328
APOL11B,0.213244072783804
2610319H10RIK,0.213000972795604
DECR2,0.212379658141604
PACRG,0.211854577986286
9330171B17RIK,0.211686807311396
D8ERTD738E,0.210702297590085
RMI1,0.210685578737964
SLC27A5,0.210065309164909
NXPH2,0.209109639738127
DEFB11,0.208989705459349
RNASE1,0.208302027060161
RASSF7,0.206880882213947
ITGA4,0.205323750897514
5830427D02RIK,0.205290135481086
COCH,0.205049921051514
BC030499,0.204772482425808
ALMS1,0.204522096619657
LOC432842,0.204353540232223
HDHD3,0.203981177540049
FAM163B,0.20267115165526
NHLH2,0.202592205597879
GM5617,0.202288772727173
ZFP946,0.202189512388481
PLOD3,0.201430245492265
TMC4,0.201347873912009
GPR19,0.200205980835227
AI956758,0.199937880414095
GM9925,0.199931748087062
9530059O14RIK,0.199761512759843
CCDC28B,0.198844705660669
5330428N10RIK,0.198681864883893
SYT3,0.198338241967393
SERPINE1,0.198007779610925
EMCN,0.197981213643268
VPS52,0.19781925660773
FHIT,0.196339478782725
MTMR7,0.195601553150978
1700063D05RIK,0.19557236546848
UCMA,0.19474604695604
6430573F11RIK,0.194734553555684
GK5,0.19451135281223
GM16386,0.193805250702312
ZFP119A,0.193141479738011
AK044380,0.191319076393533
ESR1,0.190820345260516
C230011H18RIK,0.19013857805248
DUSP5,0.190008075100592
HPDL,0.188338411961755
COLGALT2,0.188106523461585
GM266,0.186568012372044
2610019N06RIK,0.184933767505119
5330406M23RIK,0.184603444220331
2900078I11RIK,0.183667153502477
MCTP2,0.183643527148596
4930429F24RIK,0.183263844086853
ALDH1A7,0.182792671881886
COL2A1,0.18257168094504
PPP1R3D,0.182288500021848
MIAT,0.182016076461935
C130090I23RIK,0.181958164413091
MAFF,0.181784261776161
ERCC5,0.181422548659036
A930011O12RIK,0.181415292475131
DRD2,0.181163747072512
4930528A17RIK,0.180805998223107
4432414F05RIK,0.180177173391209
D4ERTD617E,0.18014956622923
ZFP687,0.180032916089786
SLFN8,0.179842541531782
LOC102632922,0.179534367291162
AK028782,0.178323945838974
LCT,0.178134091854584
ZFP941,0.177851764855669
CCDC120,0.17778169785829
PLA2G5,0.177745997226217
4931429I11RIK,0.177570912385445
UNC13C,0.177567498791601
ZFP750,0.177383825010317
EID3,0.177257954497222
2810055G20RIK,0.176968953129977
SMPDL3B,0.176612787831254
SLC2A4RG-PS,0.176123475404962
CYTL1,0.175762316899375
HHATL,0.175457462384388
ERMARD,0.175116082580803
AGTR1B,0.174354257468802
PPIL6,0.17424953545531
CASQ2,0.174191202543963
WDR25,0.174008430945364
3110001I22RIK,0.173767929202631
9030411K21RIK,0.173559109638812
4932438H23RIK,0.173406553378945
R3HCC1,0.172662398069795
DAK,0.172219010291248
5830469G19RIK,0.17119779975737
LRRC27,0.170905287019019
FKBP5,0.170671362577672
9330177L23RIK,0.170569733617779
KCNS3,0.169843688714262
GM4924,0.169666009283245
A330049N07RIK,0.169363842605847
FOXA1,0.168188490816197
2810455O05RIK,0.16803278578661
CDKN2D,0.167601255574161
F2R,0.167469050332018
FEZF2,0.167384442084531
SMPD4,0.167294966246505
HFE2,0.166970226568121
CASP4,0.166353205977
TNNI1,0.164848355962486
DOC2B,0.164351712882444
VWC2,0.164149791203417
KDELR3,0.164021637027075
RING1,0.163815708950965
D8ERTD56E,0.163673391321611
ALS2CL,0.163034593085424
LOC102634450,0.162413865778648
C530044C16RIK,0.162283934176437
FGL2,0.162139870153134
4930526F13RIK,0.161686390573264
AK009121,0.161426499769919
GDF2,0.160924669149161
A430061O12RIK,0.160825614902096
RSAD1,0.159985778629095
ZIC1,0.159357869027403
LPAR6,0.159046770143085
SKOR1,0.158905956886173
2810006K23RIK,0.15853094964005
UNC5D,0.158331065973221
GARNL3,0.158169395810661
SRCRB4D,0.157823692094889
2900055J20RIK,0.157529382727623
HAP1,0.157433075515284
TMEM136,0.157409755985678
JMJD1C,0.156799742840776
CD248,0.156423872709966
MEIG1,0.156181326951676
RELN,0.155690189211455
RET,0.155514158479183
MEDAG,0.155269535580746
C920021L13RIK,0.154066034097374
9430091E24RIK,0.153800139048495
FCGRT,0.153800036524028
TH,0.153437453308162
ZFP184,0.153001968874252
NLGN1,0.152424116974508
RDH9,0.152313665976319
NTN4,0.152240522557489
CERK,0.152179261203532
LMO1,0.151887974942417
USMG2,0.151567467054219
CRHBP,0.151559538715112
LOC102636384,0.151551286623911
ZFP428,0.151442475806588
SMIM3,0.151438281598457
9630010G10RIK,0.151315872614685
EFCAB12,0.150844205587997
9530056K15RIK,0.150469188096252
SLC16A3,0.150198896791886
TMEM194B,0.149837416088727
PFN3,0.1491190704346
LINS,0.149116789091171
2900057B20RIK,0.148607907953859
1810010H24RIK,0.148353668548262
6030403N03RIK,0.148141057838094
IIGP1,0.148108194096706
SLC4A1,0.147886407453381
AATK,0.147674743247847
TMEM215,0.147634017728397
OPRD1,0.147560826521331
RBP4,0.147352456381355
PLXND1,0.147013782145553
TNFRSF13C,0.146841774916553
4930562F07RIK,0.146631773048969
C1QA,0.146505924812251
ZFP69,0.146484557806948
FXR2,0.146443873535375
4921509J17RIK,0.146075871177599
MIEF2,0.145815768745794
TPRN,0.145754567694006
CHRNA3,0.145118159001188
E130110O22RIK,0.144975910015424
CRLF2,0.144744749334864
D2ERTD63E,0.144506711160041
PAH,0.144499238714676
TMEM39A,0.144142646276519
MYO16,0.144111067699002
ITIH1,0.14400639101641
D4ERTD298E,0.143932424651543
GYS2,0.143862567263854
TNXB,0.143593072584597
COX18,0.142885868885268
ATP2A3,0.142780901684244
A830039H05RIK,0.142473618756786
SDF2L1,0.141898720614188
SV2C,0.141881334331156
TNFRSF13B,0.141859346780607
PFKFB4,0.141816937117629
GM2824,0.141713975666397
GGT1,0.141678222969358
NECAB2,0.141524093634733
FILIP1,0.14114215731023
5430404G13RIK,0.140513474581765
1600002H07RIK,0.140328498529465
PPFIBP2,0.140215404972534
CHRM4,0.140090564676265
FAM124A,0.13949866666431
MPEG1,0.139476802512703
CLGN,0.139428779439438
TMEM132A,0.139270870298936
RIMKLA,0.139198865249256
PRF1,0.139020810739955
RAD17,0.138876282109737
HSCB,0.138814177517897
ST6GALNAC3,0.138708471785756
SKA3,0.138552232757675
NUDT8,0.13850701489322
HS3ST2,0.138444454468819
GM4285,0.138291031720831
ADCY8,0.13828653260527
4930579P08RIK,0.13803282051765
AI428301,0.137999223660297
FBXL12OS,0.137843818018478
APLNR,0.137812803829046
1700086L19RIK,0.137580948001913
RHBDL1,0.137342569979781
ELN,0.137322388865953
PLA1A,0.136828307193533
A930037O16RIK,0.136811897263127
CTSK,0.136631562549761
AW555355,0.136359519051502
SVOPL,0.136336508458489
GPR88,0.135812341044364
FOXA2,0.135760091175646
STYK1,0.135612983182184
AU023762,0.135568525354336
PNPLA3,0.135342559606115
ZFP869,0.134826264301341
TIMM10B,0.134641111214935
6720427H10RIK,0.1345416253941
MYL4,0.134443449802357
2810427A07RIK,0.134386291301206
2810049E08RIK,0.134302379547092
KCNJ8,0.134238263842043
SLC8A2,0.134100940641907
HOOK1,0.134094971895467
PRSS35,0.134029238076151
AFF2,0.133862786126656
HMGA2-PS1,0.13380428512976
CCNJL,0.133470536554335
FKBPL,0.133356718620666
SMPD3,0.1332990636675
TLL1,0.133071375271871
AQP4,0.132980194428567
ZBTB16,0.132906074521075
CHPF,0.132694453658232
PLAGL1,0.132600079367384
VMN1R44,0.132500738808234
GPR68,0.132181495535052
GJA5,0.132082540037114
MBIP,0.13179336330181
MTIF3,0.131474015927495
4930444A19RIK,0.131297711708858
NRROS,0.131294392768709
NKAP,0.131206793553483
RPS25,0.131121649085746
FLNA,0.130826803014878
ARHGAP32,0.130766968821177
CDH26,0.130645094297686
D630036G22RIK,0.130428943940524
2310034G01RIK,0.130403575626626
TOR3A,0.130122396274082
D630039A03RIK,0.129858537987346
2410087M07RIK,0.12968275632572
POLG2,0.129493480604721
1700007K13RIK,0.129323887971974
LOC552873,0.129192454733686
ASTE1,0.129138774792174
ZFP563,0.128946140345891
AMY1,0.128922366157588
SLC25A38,0.128832038251396
RGS5,0.128817401458171
CPB1,0.12877311822461
2900056L01RIK,0.12875231891228
2810021J22RIK,0.128636264599087
DMRTA2,0.128557649985609
ZKSCAN3,0.128540333784058
6720468P15RIK,0.128423751245622
ZFP446,0.128380319588386
BBOX1,0.12834221766281
PGLYRP1,0.128264802445927
SPC25,0.128193853942421
NTSR1,0.128152005732453
WISP2,0.128145592513751
ZBTB43,0.128104313921446
4832441B07RIK,0.128068342286669
8030447M02RIK,0.127954895997394
ISLR2,0.12792712152249
6530403M18RIK,0.127896715369721
GM14057,0.127773193451429
OPRK1,0.127560400464026
5830408B19RIK,0.12738246715615
TCTEX1D1,0.127264616499464
IQCK,0.127192081471024
KMT2B,0.127128054627651
CRYGA,0.126925317709308
AK162351,0.126924326871369
CHST8,0.126875427712453
2900072G11RIK,0.126668705676277
LOC102636803,0.126209386200811
6820408C15RIK,0.126172262987045
AU021889,0.126047149223135
ADAM8,0.125952135460478
GPR165,0.125793890964228
GM6712,0.125744155057944
B230114A03RIK,0.125709700779191
TTC8,0.125683816822869
FAM173B,0.125570807365216
SLC16A14,0.125484244062323
9630013A20RIK,0.125413581408141
RPTOROS,0.12503176730895
MEOX1,0.124968432323467
MATN2,0.124755515855655
TUBB3,0.124516432754573
4933411D12RIK,0.124443446791676
RSPH3A,0.124437426340079
CDH20,0.124366643428078
EN2,0.124288276922748
CUL2,0.123966768566056
TBCE,0.123801887118757
FAHD1,0.123740527510799
GBGT1,0.123637995882823
TBC1D2B,0.12351960957684
PRR11,0.123476211620559
4930570G19RIK,0.123196161053525
6530403G13RIK,0.123144256607212
TRDMT1,0.123047685358564
SSR4,0.123018063551938
CCDC153,0.122922512368904
WBSCR27,0.122775417846611
GM14169,0.122041238457837
CUTA,0.122003415693952
G0S2,0.121895689031361
TICAM1,0.121869979567526
PSMB11,0.121657380203361
5430439C14RIK,0.121549487132222
SGK1,0.121531420377357
GM9817,0.121207989789848
LMAN1L,0.121158985380425
GRIN2C,0.120959785320401
TMEM179,0.120911755187242
TOR4A,0.120812924447169
SUSD2,0.120707796779824
1700001G17RIK,0.120680934682824
DYNLRB2,0.120642317762393
POLR3G,0.120573254523762
TCERG1L,0.120510428766247
SLC45A1,0.120484616822037
CAND2,0.120324244825879
6030407O03RIK,0.12025031917175
GDPD2,0.120241107761593
9630050P21RIK,0.12023444281821
TMEM44,0.120148129706186
CLEC2L,0.120056915930741
D3WSU167E,0.120017949832658
A2M,0.119776937566851
1700012D14RIK,0.119771543340414
PTMS,0.119553109918751
RHCG,0.119552848320082
WDR35,0.119343245552004
CLIC6,0.119178305952253
CAPSL,0.119108137609277
C78704,0.11910025582759
CUEDC1,0.119089751823923
TTC9,0.118875687802618
FGF16,0.118860101058572
RNF166,0.118763625919339
LOC102640192,0.118753318363755
SLC22A4,0.11860272353657
MTERF1A,0.118527877825497
NINL,0.118428494869441
FAM89A,0.118412267671475
TAS1R3,0.11834535259185
9530051E23RIK,0.118253249161485
HOXB4,0.118218715491038
CBLN4,0.118023212433614
GPR65,0.117878602877903
A530083I20RIK,0.117852834484199
ZFP87,0.117551114011889
C130051F05RIK,0.1175029572632
1810011O10RIK,0.117459333929258
ZFP775,0.117405043542619
4930558N01RIK,0.117403131259443
SNORD104,0.117270739026489
PRDM5,0.11704313420425
EAF2,0.116720461257575
PFDN6,0.116591004613105
SLC16A13,0.116547501280395
E030030I06RIK,0.11652384016593
DIRC2,0.116489287288388
FBLIM1,0.116369849297427
CD33,0.116340331226216
MEG3,0.116179421850925
TINAG,0.116148585541317
NARF,0.115916159043928
4933421O10RIK,0.115853595327323
LRRC8C,0.115779024319232
4833439F03RIK,0.115758143010819
1700093J21RIK,0.115740503797897
ITGB8,0.115673361802787
FIS1,0.11554569159909
A730046G19RIK,0.115544013543134
ESYT3,0.115506628983878
ADCYAP1,0.115460913034205
RASD1,0.115357126081494
PNPT1,0.115356402406636
ZFP389,0.115354905412754
CCDC101,0.115242225511642
RIOK2,0.11519162640427
6720422M22RIK,0.115152081177659
GM7420,0.11508107965297
FANCF,0.114982280513767
TRIM59,0.114893584712801
TPM2,0.114637669395242
PRKCD,0.114570913406634
SNHG7,0.114438440920197
EGFL8,0.114407131954245
4933424C08RIK,0.114373959577825
D7WSU130E,0.114372382346442
PWWP2B,0.1142614904495
2810038L03RIK,0.114171577310987
4922502B01RIK,0.114041505332409
UCHL1,0.113966596676054
2900005I04RIK,0.113945404097684
PODXL2,0.113830952053999
LOC102636737,0.113665322347591
NHLH1,0.113594571452529
RHOX9,0.113577858781916
ARHGAP15,0.113499793230246
TBC1D2,0.113424169193597
CARD10,0.11339183737685
NLRP12,0.113367283321107
AA467197,0.11332495112659
4930553P18RIK,0.113301040271088
STAMOS,0.11324640404231
A930026B05RIK,0.113122112489086
CCL5,0.113010792368287
JOSD2,0.11292276925453
CREB3L2,0.112882424154422
POM121L2,0.11282898108283
GM17597,0.112806953229624
ENDOU,0.112768384732476
VPS72,0.112762005748924
NUF2,0.11255701291218
UBAP2,0.112469674221434
GNB2,0.112383096339943
4632427E13RIK,0.112184199405954
4933417D19RIK,0.11215332737733
C1RA,0.112054345819929
KCNK10,0.112034693588604
DDIT4,0.111851908573244
IFNLR1,0.111756562712139
FBLN7,0.111603808802454
1700037N05RIK,0.111603253374575
ZFP286,0.111377722593771
BB168181,0.111241912810747
B230114P17RIK,0.111185132158633
KYNU,0.111181225168586
SLC32A1,0.110757762306087
MGARP,0.110741354975429
TIPIN,0.110492193103545
AU021871,0.110448256995276
6330403A02RIK,0.110334309776674
RPP25,0.110321909053748
FAM216B,0.110265265080858
SERPINB9,0.11020466051689
MPP3,0.110107158957736
PER1,0.110085785025509
A230071A22RIK,0.110002613199552
RIN3,0.109950494944155
CCNG2,0.109843332055456
AK078363,0.109828189571133
CELSR2,0.10981660440166
RBAK,0.109754801686219
TIE1,0.109739027992711
4930486L24RIK,0.109685224701078
SERAC1,0.109561274963301
TRIM6,0.109529820823773
GM9958,0.109497462874206
C130071C03RIK,0.109438320947402
GMNN,0.109307269959436
SELPLG,0.109255914764025
4933406P04RIK,0.109163703035076
6430531B16RIK,0.109104808692467
WISP1,0.109065694713706
GTF2A1L,0.109026770829354
STRA6,0.108869360709988
ARL8A,0.108827790832428
ZC3H6,0.10879090958815
LOC102632463,0.108702160279507
ENKUR,0.108701380415607
MAG,0.108384308792078
9030425L15RIK,0.10831441362361
MYL9,0.108261205295815
NCAPH,0.108220719611952
PRSS50,0.108182211364833
MET,0.10815893969449
IRS3,0.108097311163697
CCL9,0.108054104217192
2700029L08RIK,0.108046178569427
1810019N24RIK,0.107967233116629
1700023B13RIK,0.107942409285834
KRT77,0.107928321396054
CCL25,0.107882375138849
SEMA7A,0.107882017743662
ATP11C,0.107701220206646
GM4876,0.10761287604284
PIK3R6,0.107513042273482
TRAF1,0.107441832064132
ZBTB46,0.10732908783001
D130037M23RIK,0.107286064139134
PARVG,0.107231602567584
VPREB1,0.107165746503984
TNKS1BP1,0.107084865740321
CLIP2,0.107021178017152
MAP2,0.106915466486379
2210406O10RIK,0.106802078452557
EHD1,0.106687802089846
1110017D15RIK,0.106616549529234
CHRNA6,0.106615241206941
RAB4A,0.106582098694764
ACBD7,0.106560717287754
PERP,0.106458559522983
KHK,0.10641318806528
HSPB1,0.106009594087357
CCDC57,0.105847792566463
DHRS7B,0.10584569929267
PRRX2,0.105774794276353
IL17RD,0.105587738024975
FGF15,0.105571853830382
RABAC1,0.105541928499711
HOXC4,0.105503259493323
CPA6,0.105417480684016
PLXNA4OS1,0.105366079661075
ARHGEF39,0.10521849392106
5730433K22RIK,0.105212967732825
RUVBL2,0.105114213492464
C76798,0.105111310669803
TMEM202,0.105104309387373
POLR3E,0.105040167004211
9330154F10RIK,0.104981203345336
EBF4,0.104970376033452
2810428I15RIK,0.104909610040325
FBXO44,0.104372528257968
GSG2,0.10429822461892
CDKN3,0.104208371473705
FMO5,0.104149453345639
LOC497255,0.104145911337563
RSPH10B,0.104117771220999
LGMN,0.104045004273891
THOP1,0.104036190495547
RBM41,0.104026806281759
H1FX,0.104002431384208
PLIN4,0.103950971874788
MORC2B,0.103944818178615
CEP120,0.103786382534045
CNPY1,0.103771663497034
FAM98C,0.103660675659338
POLR1B,0.103621184551281
CSF2RA,0.10361965588329
TXNRD1,0.103569504392706
XPO4,0.103525011419272
TADA2A,0.103519167165709
FHDC1,0.10348786825023
CPNE9,0.103454234971878
0610009L18RIK,0.103356958488552
A130088B03RIK,0.103244368957157
CWC25,0.103165521172905
AA645497,0.103164064492889
ADAMTSL5,0.103159308461635
IL34,0.103137652247505
2310058N22RIK,0.103014770713245
4930452G13RIK,0.102953694347879
GM11744,0.102942790942994
ENOX1,0.10293527826775
RYR3,0.102905086657181
SULT4A1,0.102801122001029
9030419F21RIK,0.102633343366427
9030622M22RIK,0.102585583014555
CORO1B,0.102576263680482
3110040M04RIK,0.102560623142414
2310068C19RIK,0.102539140903853
A930017K11RIK,0.102525686402783
C230066G23RIK,0.102438310019133
GM4354,0.102410700011481
A930028O11RIK,0.102352135956167
DLX1AS,0.102330407200481
IL1RAPL1,0.102227445361734
METTL14,0.102202720382208
TIMM13,0.102149397798021
TTC9B,0.102134280334158
SETD7,0.102129705889766
ANKRD35,0.101979041106935
RXRG,0.101970393292863
NXPH1,0.101770803183779
UBL5,0.101639440169408
DERL3,0.101634213311726
AK047075,0.101535914928597
RHBG,0.1014991073748
CD79A,0.101400331925195
2310047K21RIK,0.101244402834063
CPLX1,0.101212952956502
C030011L09RIK,0.101199666388511
S1PR4,0.10117754821021
GDF5,0.10111548905444
HSPB9,0.101087695105901
DRAP1,0.101069502525697
PCDHB2,0.100985878568383
RASIP1,0.100978065900584
CLDN11,0.100950299423652
RAB11FIP1,0.100877013428904
SLIT3,0.100781813379896
MFSD8,0.100695714007834
ZFP811,0.100661943998694
6330526H18RIK,0.100656358507375
LOC102637400,0.100615318343259
P2RX7,0.100605244214525
1700100I10RIK,0.100458411280054
CUZD1,0.100439482806183
HLTF,0.100366684603128
LOC102639456,0.100359787612357
TNIP1,0.100335066115346
FZD9,0.10019049359391
6330419E04RIK,0.100093150419491
TRIM68,0.100083327552753
GPX3,0.100006776834362
LMOD1,0.0999843623651537
ZZEF1,0.0999637086811708
1110038B12RIK,0.0999007429898391
DDAH2,0.0995708531921276
NOD1,0.0995060286341298
PVRL4,0.0993762494288177
MRM1,0.0993195644821897
4930423K06RIK,0.0992936814604169
TAF1B,0.0992578111370517
GRIK3,0.0990390520698694
AI605517,0.0989920543385898
PF4,0.0989229870924183
D9ERTD338E,0.0989192951304177
5430427G11RIK,0.0987891359442214
CPSF4,0.0987451960635795
TNFSF9,0.0986762411949208
FAM19A2,0.0986483083182151
C76628,0.0986429674588528
LOC102641068,0.0986300118093583
C76876,0.0985541648762757
SNX8,0.0984434490998562
4930515G01RIK,0.098438741270572
LITAF,0.0984295874356309
5830438M01RIK,0.0983822003980877
E330034G19RIK,0.098287280401017
ITGA3,0.0981811836454831
PPP6R1,0.0981765802450291
BBS9,0.0981537453510145
2900076A07RIK,0.0979149357757435
MESDC1,0.0978894237015581
PIRT,0.0978453092901961
SEMA3E,0.0977993912026173
ARHGAP33,0.0977503499628741
TAF12,0.0977216528415472
BB086117,0.0976567667042164
CHRNB3,0.097528729776619
CPLX3,0.0975259990704052
ABI3,0.0974444589942416
C530014P21RIK,0.0973648508958389
XDH,0.097249378765395
TIMMDC1,0.0972317818398477
ZFP691,0.0970997676828861
SPOCK1,0.097072083613299
9530082P21RIK,0.0970235311844747
BLM,0.0969919921508482
ACIN1,0.0969761707719746
D5ERTD615E,0.0969662133494047
SNORD89,0.0968766984277983
BCL2L1,0.0967544923317737
LHX5,0.0967429693057391
ENPEP,0.0967080879584336
AU018552,0.0966400341067877
ZFP862-PS,0.0966196501108545
GM13242,0.0965964135739226
AFF3,0.0965674210313082
HRH1,0.0965288834498789
4933405D12RIK,0.0964984554993542
SLC15A4,0.0963743503966848
SSNA1,0.0962475263457534
DMRTC2,0.096205110150893
COL5A2,0.0961385130313935
NCAPD3,0.0960701779981315
GM8350,0.0960301174614888
TACR3,0.0960071742693496
BCL6,0.0959838276047254
1700085D22RIK,0.0959716297056883
KCTD8,0.095854404175987
PAX6,0.0958513736646955
GM26702,0.0958481751750014
DAO,0.095806030293742
HDC,0.0958027787769825
5830433D23RIK,0.0957670282191576
AW061147,0.0957533645332305
PQLC3,0.0957513839499839
TMEM181A,0.0957376447184933
POMC,0.095714290662717
METTL25,0.0957130494198127
B3GLCT,0.0957020621195546
ANKRD52,0.095637312303775
GM9856,0.0956146060069504
AI854517,0.095586065881331
UBE2G2,0.0955420006073682
GALNT15,0.0954228627766946
A130078K24RIK,0.0954073413106055
SPSB3,0.0953999346689024
ITGAE,0.0953804156142286
CDC37,0.0953549764613307
LRRC48,0.0953428890316262
SDCBP2,0.0953378857008588
KRT20,0.0952763827617118
4930453L07RIK,0.0952238961510618
BC048403,0.0952061415281421
AGL,0.0951901255510726
TTC32,0.0951087805533361
TMEM38A,0.0950494453925323
PANX1,0.0949797270924644
HGF,0.0949063432248358
ZFP658,0.0948736598110906
EME1,0.0948417252974632
6230400D17RIK,0.0948190692775918
PMCH,0.094768029517232
SLC25A29,0.0947543184847312
4833408D11RIK,0.0946969275040239
RCCD1,0.0946222889496853
DEPDC7,0.0946141540865366
FAM35A,0.094527804959785
RDM1,0.0944420855059421
CHML,0.0943522362777694
E330022O07,0.0943351504803319
PRL6A1,0.0942864784326931
MMP2,0.0942518257509989
9530026P05RIK,0.0942276946656433
ST8SIA2,0.0941968788177783
CNR1,0.094133012462786
ZFP458,0.0940361829009998
MKI67,0.0940339471873371
SLC27A4,0.0940000676007413
4930444P10RIK,0.0939030133419544
CECR5,0.0938102476869342
DDB1,0.0937866255843659
AI646383,0.0937657836956664
MFSD2A,0.093677349852918
DEFB7,0.0936641028208892
TMEM63C,0.0936157444866049
NTN1,0.0936020861674819
INCA1,0.093584704342019
MBD6,0.0934054911157204
HELZ2,0.0933939598550105
C130068B02RIK,0.0933795031942125
9430024C03RIK,0.0933066402374953
HBB-B2,0.0932654158394334
RCC2,0.0931390118176669
LAG3,0.0929716743135785
MRPL34,0.0929605381325254
MOV10L1,0.0929596910062668
RNF31,0.0929251984038262
SLC25A19,0.0929143980931521
FAP,0.0928683953160778
PIN1,0.0927322848415134
LOC102641080,0.0927017453676416
AI607873,0.0926988333409366
LOC102638425,0.0926615721596473
PIBF1,0.0925331547016891
RAB4B,0.0924942684907423
KRT80,0.0924111077973634
PRR18,0.0923379493080827
CYS1,0.0923336934953769
TMEM198,0.0922837351838902
KCNV1,0.0921939844303266
ABHD14B,0.0921643696270062
A630026N12RIK,0.0920474226414419
GM10034,0.092001943961977
FZD2,0.0919707800114356
CFP,0.0919483302188265
A230006K03RIK,0.0919408219217887
JADE3,0.0918986277733767
APOM,0.0918847456843213
CTSO,0.0918324625667583
ARL2,0.0918082267901432
C230007H23RIK,0.0917899355489506
2310030G06RIK,0.0915886619584534
ABCA2,0.0915144357239231
FZD4,0.0915025914436706
PRR32,0.0914527474332035
NXF2,0.0914473860296493
4930442P19RIK,0.0914148797866226
VIPR2,0.0913454451649901
BC003965,0.0913418948904699
2310039F13RIK,0.0912789045941206
SORCS3,0.091186097970783
BAG3,0.0911812596589544
DDX60,0.0911283177655564
DMRTB1,0.0911071309568687
TFG,0.0910117655626864
9930104L06RIK,0.0909981563380201
ZFP217,0.0909895154007007
GM10374,0.0909886125100699
A230038B01RIK,0.0909768772854
PLEKHG4,0.0908516979107856
STBD1,0.0907995359062712
CYP2D10,0.090787211037881
6720475J19RIK,0.0907777710583995
SLC22A1,0.0907264795975854
ITGB3,0.0906174016105782
FGF14,0.0905385267396088
GIMAP4,0.090438605262208
ZBTB40,0.0904037988892836
FUT4,0.0902875513866592
HSPBP1,0.0902662971841733
ZFP619,0.090207288481386
SDC4,0.0901642545100532
ADAMTS16,0.0901590390452011
AI661453,0.0900153838966819
LOC102640387,0.0899227481166165
ZFP120,0.0897787016261989
DNASE1,0.0897685992628141
TOM1L1,0.089766783932233
LYPLAL1,0.0897023660019956
STRA13,0.0895984284010375
FBXW19,0.0895929051679827
SLC51A,0.0895907800524264
ANKS1,0.0895708734684564
DLL1,0.0895644618869986
ZADH2,0.0893884372887452
TINAGL1,0.0893501857244527
5830415F09RIK,0.0893248596766553
BARD1,0.0892596913989616
SMIM8,0.0891530869990834
LOC102634130,0.0891275123840664
SBK1,0.0891189130632562
INPP4B,0.0890766187498715
RALGAPA2,0.0890660518789604
PTGIS,0.0889773197691254
FAM219AOS,0.088950888965599
PPP2R3D,0.0888755174987494
GM20362,0.0888546084890665
PLEKHG1,0.0888411543222202
SULT1A1,0.0887078622095789
TMEM71,0.0886858441215935
A930024E05RIK,0.0885900025573073
COL3A1,0.0885299364277085
GSG1L,0.0883341352122875
ZFP90,0.0883306654248507
ALDH1A1,0.08825307101558
GM15800,0.0881085829274936
GFRA1,0.0880715696237926
BIN3,0.0880488639118195
SERPINB1A,0.0880438690888598
DSN1,0.0880362997631961
SLFN3,0.0880113233305042
RND1,0.0879370853627264
FBXL19,0.0879252670513887
RAC3,0.0878324889094281
CNFN,0.0877789279959677
D230044B12RIK,0.0877784756722653
AA408456,0.0877464367104227
CCDC114,0.0877027652382046
IRX5,0.08759894070682
MRO,0.0875927754700189
9330151L19RIK,0.0875406486569559
CPM,0.0874872010439713
MTERFD1,0.0874329881386228
PSENEN,0.0873957824468337
C77614,0.0873856879686682
KDELC2,0.0871349603452738
NOG,0.0871197228050647
AW492981,0.0871134394621035
MYRFL,0.0870932833874341
ARMC7,0.0870671777010283
GCSH,0.087060472817068
C80258,0.0869605330272355
STK32C,0.0869447129325871
CEP70,0.0869426581574948
TRHDE,0.0868778861106669
IRF9,0.0868229697988999
LOC552906,0.0867726155145868
C230076A16RIK,0.0867607233506064
CYP26A1,0.0866945941698792
1700008O03RIK,0.0866731178653015
GM10638,0.0866624712658303
4930522H14RIK,0.0866021364794796
1700018G05RIK,0.0866006091521347
NXPH3,0.0865465001665388
GNB3,0.0865169949941511
SNX21,0.0864496006583963
3632454L22RIK,0.0864392571543147
P4HA1,0.0864335800920913
SLC25A1,0.0864010207228433
AU017263,0.0863873576493667
WDR59,0.08633867439107
DHRS1,0.0863363330607428
XYLB,0.0863229844175598
D2ERTD93E,0.0863222356467367
C80012,0.0862055635986126
WDR90,0.0861065427943257
DGAT1,0.0860791262845024
MAFB,0.086052071254499
NR2F1,0.0860460576265268
DOK2,0.0859192686357921
FLAD1,0.0859181871971127
LOC74457,0.0858818370471471
4932422M17RIK,0.085881259251939
D18ERTD289E,0.0858596080051355
WARS,0.0858526677243107
TBC1D22B,0.0858492908597779
PDZD3,0.0858329228216739
PCSK1,0.0858110635883783
4933439N14RIK,0.0857174218250651
MAGEA4,0.0856993000381928
HIGD1A,0.0856853741126566
SNTG2,0.0856345633422489
CDKN2C,0.0855882552139753
GM9895,0.0855849817578914
GCN1L1,0.0855771246619008
GRRP1,0.0855742443834054
TRIM33,0.0854799046305232
LPXN,0.0854558809189289
C130021I20RIK,0.0853719425147728
PDCL,0.0853289187165609
SETDB2,0.085284982895047
TNFRSF18,0.0852745005937878
KCNAB2,0.0852523676866318
NFYA,0.0852339804987003
AI448984,0.0851415032231672
POU3F1,0.0850057902951796
ANKRD16,0.08499197347785
2010001A14RIK,0.0848996707882738
MALT1,0.0848539181370937
GM16551,0.0848161824778147
MCTP1,0.0847986600994338
MED11,0.0847959833772278
TNS1,0.0847715402029914
HNRNPA1,0.0847592600736521
ARAP1,0.0847510371898938
D430050E20RIK,0.0846151939441665
PTRF,0.0845298996151817
KLK1B27,0.0844727832537038
CYP8B1,0.0844621066727744
SMTN,0.0843928803528575
CYP2A12,0.0843240527804402
ANKRD63,0.0843032165446543
LOC101056043,0.0842938645538755
GRIN3A,0.0842800223953458
FNBP4,0.0842593873488923
WBSCR16,0.0842541972128882
6430500C12RIK,0.0842488183051784
B830007D08RIK,0.0842250863628298
GHSR,0.0840369521648077
MFSD3,0.0839972645639681
EFHB,0.0839177724736709
TFCP2,0.0838909322649475
GM17762,0.0838436520119179
MUG1,0.0838211776300968
GM6211,0.0838094269259881
EXOSC8,0.0837724930142942
PIP4K2C,0.0837634303646043
KLF4,0.0837566443897796
D930023I05RIK,0.0837298382882985
STX19,0.0837172987869871
AU022751,0.0836995477317826
MYD88,0.0836883756665694
CEACAM10,0.0836582427334973
RNF5,0.08365698282615
CLDN13,0.0836069171643681
SP5,0.0835944743289577
MOK,0.0835377569439623
RGS9BP,0.0835248899681817
ATF6B,0.0834904023477455
FBLN2,0.0834770220603649
CHGA,0.083454588823241
GRB7,0.0834501665351681
DLK1,0.0833824697522459
VPS37B,0.083377293416345
TTC26,0.0833733371185496
DUOX1,0.0833334860775024
FAM46B,0.083313444941383
N4BP2L1,0.0832728178152492
GRIK1,0.0832086281772224
CAR5A,0.0831775225516275
USP53,0.0831730117748443
AI467606,0.0831455704207939
CD300LB,0.0831246986998207
4930588J15RIK,0.0831196862631812
DCSTAMP,0.0830871339149131
HS3ST1,0.0830680934776205
HDDC2,0.0830471977247606
CD59A,0.083010234841562
MYBPC3,0.0830057663022504
WRAP53,0.082997664587951
TNPO3,0.0829826231922352
9330159M07RIK,0.0829263175108435
SPRY3,0.082860227060675
3010027C24RIK,0.0828310124658635
AMACR,0.0828081079554687
TAS1R1,0.0827523724481578
CCDC81,0.082737942414518
1810058N15RIK,0.0826694222955151
SCFD2,0.08266806024842
TRPC2,0.0826491920343567
5830468K08RIK,0.0825917839655125
CACNA1C,0.0825701484153168
ALG8,0.0825212682960614
SPRR2H,0.0824124017617569
ST6GALNAC2,0.0823734522673289
RCAN2,0.0823379749418108
5730407I07RIK,0.0822240566951892
CABP7,0.0821982163224013
CDCA7L,0.0821727725998293
SNORD116,0.0821516402709153
STAT4,0.0821448810836693
MEA1,0.082082406992308
ITIH4,0.081832733911827
ZFC3H1,0.0817177323252843
DCX,0.0816243078959649
MCTS2,0.0815688156700409
PLXNC1,0.0815502074430874
CCL4,0.0814965567457647
METTL11B,0.0814900652668974
PLCE1,0.0814719821703061
LOC102635255,0.081431896044869
STK36,0.0814242037724741
PEX16,0.0814071012256141
SCAF8,0.0813174392315926
EPB4.1L3,0.0812423706012165
HIST3H2A,0.0811650703070519
NUDT7,0.0811467594994966
PAX7,0.0809680157940419
PNISR,0.0809605402610776
PIGT,0.0808703002716296
GAS2L3,0.0808625919434905
GM10700,0.0808448774405054
7030407O06RIK,0.0807500540527404
E530011L22RIK,0.0807090331519975
3110045A19RIK,0.0806936765756766
4930503L19RIK,0.0806909493117874
PUS3,0.0806715539401717
SLC35E4,0.0806305320749364
ASB16,0.0806241147900059
FAM206A,0.0805831955621976
LIX1,0.0805513484701385
ECHDC3,0.0805306938676699
HPCAL1,0.0805092583340993
LRRN2,0.0804900047463742
PABPC2,0.0804607038478049
TMEM126B,0.080427263151037
ADCY7,0.0804100044740097
FUT1,0.0803622908236573
SULT5A1,0.0803468609088124
AEN,0.080313739110816
LOC102632066,0.0802913788836507
PLN,0.0802099630464716
TAGLN3,0.0801481769300628
2310035P21RIK,0.0801472846728322
LOC102635682,0.08014708926602
DLX2,0.0801086263481258
D430013B06RIK,0.080080687209883
DGKG,0.0800661595506254
MYL10,0.0800104777411201
RRP8,0.0799444175392928
ACHE,0.0798968303778037
GM9899,0.0798962196600749
S100A4,0.0798754457419821
CPSF2,0.0798746363619853
OLFML3,0.079813248002761
HIC1,0.0797970740452256
COL27A1,0.0797451977573008
PHPT1,0.0797299792660239
4930593A02RIK,0.0797143770433039
KCNH2,0.0796303122821197
SYN2,0.0796148133808282
CYP2D40,0.0795797495191145
TRAP1,0.0794757170394984
WDR46,0.079422311003245
SOX6,0.0794063411730082
RORC,0.0793801409338358
CHRNA4,0.0793671238692293
CD164L2,0.0793461901954929
D230040J21RIK,0.0793231105814276
4933437G19RIK,0.0793124005542119
ADIPOR2,0.0793052686192243
ATP13A4,0.0792412390925562
5830426K05RIK,0.0792162670725491
SCUBE2,0.0791934108185296
SCP2D1,0.0791846384883817
FAM221A,0.0791374149191022
BET1L,0.0791349886387531
ZFP819,0.0790757650770767
THBS4,0.0790104930865747
IL1R1,0.0790061149393414
BAZ2A,0.0789828720852436
ZFP764,0.0789746307930767
HIST1H2BP,0.0789186183330042
TMIE,0.0788814579058889
RCN3,0.0788689065128651
C030008P14RIK,0.0788384568184555
SLC35E1,0.0787604465847009
CYB5R2,0.0787352366962324
RIN2,0.07862627339589
TINF2,0.0786215367110565
PRDM15,0.0786059147367026
ABCB8,0.0786035035149165
ZFP871,0.0785530110195264
MRPS18A,0.0785318823379684
TRMT1,0.0785146917865034
9230114K14RIK,0.0785061954238061
SLC9A2,0.0784687310511225
ART4,0.0783999233168234
TENM4,0.0783582042362437
GM10702,0.0783179459128062
RGS7,0.0782977703319472
TIAM1,0.0782885242532143
DHX37,0.0782824406148915
C87414,0.0782674295246337
DGUOK,0.0782386575091578
1700001G11RIK,0.0781405771044512
RPS2,0.078138373730133
TMEM80,0.0781097463208453
HAUS2,0.0781045583584377
KDSR,0.0780195693280997
5830428H23RIK,0.0780069614515606
MRI1,0.0779158568186121
PPP2R5B,0.0778780732240008
LACTB2,0.0778137638588275
SFI1,0.0777562013861908
ZFP647,0.077718473885269
HTR2C,0.0776903441347161
WIF1,0.0776795579460386
LOC102634389,0.0776330931048056
SKIL,0.0776179667484075
STARD10,0.077564259132713
GM11767,0.0774398918597733
HAPLN4,0.0774347852766446
MRPL28,0.0774150996676575
SGSM3,0.0774142040357496
C2CD4C,0.0774122712583482
FSTL3,0.0773918624588169
KCNA4,0.0773918453036268
OLFM2,0.0773809394460625
FAM83D,0.0773806404979488
ARVCF,0.0773729606648507
SIPA1,0.0773698896593263
TAGLN,0.0773645331313857
GM22272,0.0772433660522297
2610027K06RIK,0.0772358488992799
OPLAH,0.0771496564995895
MLXIP,0.0770178802301584
A230048O21RIK,0.0769881503462619
PPAPDC3,0.0769394262597383
CBR2,0.0769345563130082
ZFP511,0.0769187578514095
CKMT2,0.0768977256006652
CDH6,0.0768700789829939
FAM13B,0.0768589898957903
MYOC,0.0768522095245363
CAAP1,0.0768239400433181
UBALD1,0.0768059148363985
HTR3A,0.0767307318439678
IRGM2,0.0766944027133404
BOLA2,0.0766649861716821
ABCC12,0.0766621048890813
9430041J12RIK,0.0765521699336102
C86544,0.0765484932140318
PTOV1,0.0765372806487922
GAK,0.0765275321695011
TPP1,0.076459687609799
DIRAS1,0.0764418170041806
ZSWIM8,0.0764080991006179
STRC,0.0762940660109957
4833432E10RIK,0.0762532306918529
PAK1IP1,0.0761796261874051
1700112E06RIK,0.0761756974905091
NPAS1,0.0761623460738791
D1ERTD228E,0.0761296665841871
MLLT1,0.0760882923044421
UCP2,0.0760813813870615
IFI47,0.0759729523515636
COX7C,0.0758891862287351
D12ERTD125E,0.0758656403530841
BBS5,0.075861299985802
4933436H12RIK,0.0758489820382025
RASGRF1,0.0758350879460657
SP100,0.0758224563772973
TIMM9,0.0757951189219129
ALG13,0.0757265210751081
ABHD1,0.0756992189842909
KLF11,0.075674264008823
CCDC39,0.0756706922332894
TRMU,0.0756117886044838
DENND4B,0.0755633693986473
RCAN3,0.07553689371838
ARPP21,0.0755070071303353
GDF15,0.0754426043717106
ZWILCH,0.0753637458464044
CFB,0.0753248269768044
D230019N24RIK,0.0753026359425698
CTSF,0.0752697754105337
8430422H06RIK,0.0752582590912548
CRCT1,0.0752409907635135
1300002E11RIK,0.075221640256216
D4ERTD179E,0.0752036109418953
GPX4,0.0751857313667279
ZFP433,0.0750948460036726
A930015G24RIK,0.0750129655250468
STXBP5L,0.0749923619104087
SLC10A3,0.074966139473453
SLC39A2,0.0748786805161773
PYGL,0.074872214329167
CALHM2,0.0748401776856435
C80889,0.074834273589843
DOK4,0.0747268900215885
1700066M21RIK,0.0747097956589785
KISS1R,0.0746074350485526
1810034E14RIK,0.0745892652645689
TOMM40,0.0745696370337222
IGKV6-15,0.0745336935141231
PRRG4,0.0745047559929956
SLC30A7,0.0744441006053863
NOSTRIN,0.0744298346584695
GM5595,0.0744280467052769
MARCH9,0.0743725658172376
2310042E22RIK,0.0743555723242808
TSPAN2,0.074352163552754
PSEN2,0.0743088934173034
6330576A10RIK,0.0742307012744845
KRT16,0.0742272050098297
D3ERTD246E,0.0741781354131878
ARHGAP11A,0.0741442235969861
ZBTB32,0.0741425944370302
ZFP160,0.0741329309788197
SYT17,0.0741263141763647
CYBRD1,0.0741116805654927
PIANP,0.0741084345397311
RNF213,0.0739322313213182
DVL3,0.0738832706777761
NGF,0.0738609778158285
GM20083,0.0737741935961016
SIRT7,0.0737702069347428
MARCO,0.0737270451207094
USP43,0.073725529078115
D6ERTD47E,0.0737089136775489
SMIM12,0.0737031177608316
HOXA4,0.0736901567089756
4833420D23RIK,0.0735891552711191
GM527,0.0735661508927706
GJD2,0.0735453928369919
SMCR8,0.0735278309497836
PLSCR4,0.0734903488535117
SALL1,0.073473724432482
2010315B03RIK,0.0734669750440503
MYOM3,0.0734639682700829
ARGLU1,0.0733937091467392
MYOD1,0.0733812694831489
COL25A1,0.0732917732596695
TDGF1,0.0732684323985775
CXCL13,0.0732527064971033
TRMT10C,0.0732429466873901
GUSB,0.0731146146431191
ZFP57,0.0731050530624061
ZFP280D,0.0731032055307086
CDR2,0.073101930142972
4933431C10RIK,0.0731009626953178
LAGE3,0.0730936462177867
OLFML2A,0.0730880802152502
2610001J05RIK,0.0730661628332272
MYSM1,0.0730622540686704
VWCE,0.0730250436245434
COL26A1,0.0730225360377111
4930545L23RIK,0.0729961077526494
SVAL1,0.0729910722296241
IL4,0.0729599408793517
AP2A1,0.0729106732915337
CGRRF1,0.0728641024433937
EHD2,0.0728233342459545
ANKRD34B,0.0727747426087391
VEPH1,0.0727655864944627
MAOB,0.0727253121890264
MYH7,0.0726671966972972
AP5S1,0.0725672376368444
4732419C18RIK,0.0725641699326583
CYP2U1,0.0725357454927726
IL1F6,0.0725250640703403
WNT7B,0.0724936247526711
GM15867,0.0724087759840616
C030011G24RIK,0.0724048068797741
ITGAL,0.0723883702507721
KCNH5,0.0723689367350837
D2HGDH,0.0723564005274918
5430402O13RIK,0.0723557493057522
CTLA2B,0.0723194637736096
TEX33,0.0722845064924065
CENPC1,0.0722644880204502
D7ERTD558E,0.0722556939844171
AI465300,0.072186841259916
9130002K18RIK,0.0721793162010566
DCST2,0.0721406800085972
PLCH2,0.0721316191824968
D830016K09RIK,0.0720692452538142
ZFP58,0.0720635116061734
LBH,0.0720449869257465
CDAN1,0.072038647316301
NR4A2,0.0720169550714301
HCAR1,0.0720073965529408
2700078F05RIK,0.0719635664110667
DXERTD242E,0.0719567140132296
AU022852,0.0719361262774815
SATB1,0.0719024480783191
CADPS2,0.0718619159738641
USP34,0.0718566343243465
MARK4,0.0718537338117369
REL,0.071846164640662
EXOSC5,0.0717792848140557
PPAPDC1B,0.0717079077775373
BACE2,0.0716539651858477
H2-KE6,0.0716527609639046
PPP1R3FOS,0.0715874149523928
RFX3,0.0715256358441861
RPUSD3,0.0714724276924667
SPP1,0.0714388634106818
FRAT2,0.0714047710050729
LEPRE1,0.0713922066461599
B830017H08RIK,0.0713526447932256
SLC35C1,0.0713198475534581
AU024581,0.0712180682833122
GOLGA5,0.0711534600144126
LOC102641103,0.0711520736850753
FLNC,0.0710663719168527
TIMM17A,0.0710643047645388
KCNN1,0.0710548175297156
9530068E07RIK,0.0710335248056202
KANSL3,0.0709170510875958
H2-Q2,0.0708403006926244
3930401B19RIK,0.0708253385929845
ETV4,0.0708074664411026
AI043046,0.0708015662916564
ZFP598,0.0707455011197302
AKAP5,0.0707332981336973
1700088E04RIK,0.0706041156356673
1110008L16RIK,0.0705197993312297
1110037F02RIK,0.0705044242099971
PLEKHO2,0.0704892525516679
PTGER3,0.0704725786187775
RAP2B,0.0703817605484159
HTRA4,0.0703737038361721
SYCE2,0.0703647396057704
SNHG11,0.0703606134264522
D3ERTD34E,0.0703541182975703
DCT,0.0703335750712487
TMEM129,0.0702808731407394
ASIC4,0.0702193305868902
ZFP719,0.0702058976517267
GM17509,0.0702032124355889
XK,0.0701423295698054
TPGS1,0.0700458776765886
JAKMIP3,0.0700403344329534
EFCAB7,0.070038954820794
PABPC5,0.0698718482042824
FLRT2,0.0698296428424158
RNASEK,0.0697720928138871
5730508B09RIK,0.06976979824633
4930414N06RIK,0.0697320017082797
PLAG1,0.0697255915361689
HAS1,0.0696702563459803
SEMA4A,0.0696268778001166
3010003L21RIK,0.0695017906329712
4931402H11RIK,0.0694650026827455
5930412G12RIK,0.0694446702412211
PADI3,0.0694288731180479
SERTM1,0.0694027233677897
TIMD2,0.0693994586776135
0610040J01RIK,0.0693568497966892
TSPAN31,0.0691874613844991
4833427G06RIK,0.0691694225682342
CFHR2,0.0691480897809856
ADAM6B,0.069106337220487
GM9885,0.0690873742632741
PPP1R15A,0.0690238444180023
1700042D18RIK,0.0689922338843489
2900016J10RIK,0.0689153026466124
IGSF3,0.0688885360417299
D2ERTD612E,0.0688766223920166
2310007J06RIK,0.0688666428711703
ZDHHC2,0.0688478961772531
TRIM46,0.0688255903233623
SMCP,0.0688200229006521
BPIFB2,0.0687971905604014
CROT,0.0687875207068604
DHDH,0.0687837931581766
2900042E19RIK,0.0686711144940779
BCL6B,0.0686695504299645
CAPN9,0.0686561758686618
FABP1,0.0686442129136445
ANXA1,0.0686016268380043
TMCO3,0.068601354500702
2810029C07RIK,0.0684911949193811
PLCXD2,0.0684508798210216
RECQL4,0.0684023752666956
9530020O07RIK,0.0683786570538669
SERPINB1B,0.0683270925837956
RPL12,0.0682889840528166
ABCC1,0.0682862042053456
FKBP8,0.0682593792051974
1700009P17RIK,0.0682215046115025
AU019752,0.0682026205188312
WNT3,0.0681833789553832
RNF151,0.0680101230710507
PSMD10,0.0680062429745938
LRRC1,0.0679983679243229
XLR4C,0.0679840598895191
FHL5,0.0679747183291372
6330525I24RIK,0.067923349513431
ADPRHL1,0.0679139764147665
OLFR1264,0.067888913216556
MKS1,0.0678585232888579
SGCB,0.0678411865894375
TRPC5,0.0678380614563966
DNASE2A,0.0677379098104142
RUNX3,0.0677172400033039
ST8SIA4,0.0677170842395402
GM9748,0.0676977065797099
SHMT1,0.0676783686031486
SERPIND1,0.0676204328249593
GJC1,0.0675754317396962
CALCA,0.0675395482884487
ZFP354A,0.0675348179227898
ZDHHC9,0.0675121210781005
WFS1,0.0675030476431369
EXOSC4,0.0674381236955282
8430429K09RIK,0.067436228689896
NDUFB4,0.0674262829836267
PSMA3,0.0674020117682001
DHRS4,0.0673194824431555
APBB1,0.0672925497250572
SOHLH2,0.0672775234517175
TMUB1,0.0672725127925575
ARSG,0.0672581474377625
GRPEL2,0.0672564460984375
CADM1,0.0672370090768315
SREBF1,0.0672012059639505
HSD17B2,0.0671898697961951
IFT22,0.067140297854562
ALAS2,0.0671261454373062
SH3YL1,0.0670907802978311
PTPLAD2,0.0670869923816622
4930573G07RIK,0.0670303606070679
1700120B22RIK,0.0669730970127937
SH3GL1,0.0669433095812574
CLYBL,0.0669320619459303
BBS7,0.0669242158310801
RCAN1,0.0669116186787289
TADA3,0.0668459454771332
WHAMM,0.0668318531385546
OAS1F,0.066807942404589
PARD3B,0.0667889429542664
SCAMP5,0.0667687911151687
BC052040,0.0667373872200824
MRPS23,0.0667351881413043
TRIM35,0.0667288582041322
RNF182,0.0667192831783247
4933416E03RIK,0.0666303437761992
NKTR,0.06656978669969
1700034J05RIK,0.0665512663988866
PPP1R3C,0.0665213913704602
OLFM3,0.0665134702177038
ARFGAP3,0.0665014747946966
6430590A07RIK,0.0664825043056718
GZMF,0.0664550926170128
KCNN3,0.0664244953304006
USP30,0.0664231697788756
TMPRSS11D,0.0663999720782657
CBLL1,0.0663507912701033
ESX1,0.0663412307035621
ZFP78,0.0662922027320258
GTF2F2,0.0662283156709435
CSPP1,0.0662232842057192
ANKRD32,0.0662174060212264
CSRP2,0.0661427920411296
ICK,0.0661377859014774
OLFR74,0.0661040726777109
FXYD7,0.0661006498971506
B130065D12RIK,0.0660821451153319
4930432J09RIK,0.0660545264539022
MTMR2,0.0660514687849647
SLC2A8,0.0660353369073294
HIBCH,0.065965934966147
AI844869,0.0659519927354086
LRRC69,0.0658963615433082
SCNN1A,0.0658938971099692
CATSPERG1,0.0658716332251631
ELANE,0.0658591547937019
ADAMTS9,0.0657773235273466
1700097N02RIK,0.0657498729077365
ACVR1C,0.0657466578537968
EGLN2,0.0657195426927482
SYCP2L,0.0657156490620502
ELOVL2,0.0656968170128188
WDR81,0.0656852223281883
PPDPF,0.0656281289509875
A330050F15RIK,0.0656166208450033
C78878,0.0656161095981344
PRIMA1,0.0655871135136423
CLDN5,0.0655830669872573
MYO3B,0.0655824947466654
NR0B1,0.0655724908432031
ZFP943,0.065565690446535
PLEKHG2,0.0655184096113749
NEDD8,0.0655129379116222
MBD3,0.0654794361241621
ACVR2A,0.0654551364892866
LOC102633679,0.0654382581801769
1110004M10RIK,0.0654334984258795
PCBD1,0.0654107058349541
ZFP773,0.0653896468398881
ACSF3,0.0653518401114242
RIPK4,0.0653326178736863
RANGRF,0.0653323597013868
SLC2A10,0.0652527900694701
HHEX,0.0651281218040251
RTKN,0.0650568165959968
ZFAND1,0.0650445164163995
ZFP92,0.0650361825730456
9230110C19RIK,0.0650113502471675
LTBP4,0.0649643487647769
TOR2A,0.0649495400589916
MECR,0.0649488282130211
CAR4,0.0649342212657051
CACNG6,0.0649241006561383
TLK2,0.0648857415828192
FAM210B,0.0648819637298559
C330006D17RIK,0.0648623551051754
KCND3,0.0648414526117333
1700012B07RIK,0.0648345050262521
MYL12A,0.0647836150721794
SCAMP3,0.064778035105949
NOS1,0.064757996520083
ZFP948,0.0647409988510085
ZFP395,0.0647188577119825
SLC6A3,0.06469297529618
4933431K14RIK,0.0646787390101663
SHBG,0.0646679786751537
RNLS,0.0646377180972269
1700123O21RIK,0.0646279514319784
DDX52,0.0646215686303228
1700026D08RIK,0.064611662995481
1700056E22RIK,0.0645749713958948
MAGIX,0.0645541854761444
IL20RA,0.064542996221448
UQCRC1,0.0645299545100892
LAO1,0.0645173990831364
4930577N17RIK,0.064507677036829
PARK2,0.064505028863302
RGS16,0.0645024074461895
PTGER4,0.0645007014137339
TUBA-RS1,0.0644900967907543
SYNGR3,0.0644808508196411
PGM2,0.064467316880796
KCNA5,0.0644611313113828
AK045837,0.0644135184099223
PCGF1,0.0643980112889501
DTX1,0.0643966898594733
SLC6A5,0.0643922500286932
SEC24D,0.0643849817140845
COX19,0.0643420671446392
ROR2,0.0643238898630095
FAM117A,0.0642203524331605
SLC30A1,0.0641744958717332
HIF3A,0.0641376139015121
CIAPIN1,0.0641060848282862
JUP,0.064097388834396
4930447C04RIK,0.0640501818825691
DCLRE1C,0.0640483865270128
POU5F2,0.0640297851089123
DUSP19,0.0640138742262261
ITPKB,0.0639847188066951
4930447N08RIK,0.0639716530413628
FAM184A,0.0639254751509346
RSPH1,0.0639198264499086
MPI,0.0639009805951674
NRP2,0.063899530912801
D2ERTD295E,0.0638961167296137
KDELR1,0.0638790022951539
SPIDR,0.0638754024851042
RTDR1,0.0638662419109336
MANBA,0.063831881853914
NR2E1,0.0638077314225081
MAS1,0.0637686457305452
ZFP661,0.0637561769303662
D8ERTD620E,0.0637543166257782
RNF121,0.0637329221306972
CCDC74A,0.0637011938738132
SYT5,0.0636928166158791
PCDHB21,0.0636813545473242
FAM45A,0.0636611461952151
MAGEF1,0.0636447769182389
TRIML1,0.0636437977321087
5330426P16RIK,0.0636289783403827
D030059C06RIK,0.0636203878733474
CNTNAP4,0.0635769629945173
FABP2,0.0635432984718537
AA415038,0.0635133466816866
RBM39,0.0634567582353844
MICAL1,0.0634501442180796
COMMD2,0.0634262669065285
LOC102639418,0.0633821183085932
NFAT5,0.0633776048351754
CCDC163,0.0633683285811923
STAT5B,0.0633654514062013
ETV5,0.0633355710930233
GM4117,0.0633262106220044
1810053B23RIK,0.0632981018263434
RASGEF1B,0.0632302777124361
EFTUD1,0.0632177511094152
FOXQ1,0.0631973650336578
1700074P13RIK,0.0631850246788521
2810013P06RIK,0.0631840410385075
ZFP451,0.0631794555620612
STARD8,0.0631181941522693
C80893,0.0631021794497232
MACF1,0.0630968845813745
KIF6,0.0630910286568126
PRPF38A,0.0630086619077179
SCCPDH,0.0630056374536026
RFC4,0.0629633827969645
MCAT,0.0629591457023424
9330118A15RIK,0.0629377283862705
RASGEF1A,0.0628946189018238
LOC102633666,0.062893728647397
MYRF,0.0628815838401179
GLCCI1,0.0628536475038304
C130081A10RIK,0.0628462500292121
D430030G11RIK,0.062840289781378
PXDN,0.062819245236381
GPN2,0.0628176281582606
ABCC4,0.0628175442632848
ST3GAL5,0.06281465541813
9030205G03RIK,0.0627800102773194
GLT8D2,0.0627694617938852
GM10419,0.0627631868120876
ARPC4,0.0627516811507391
AAED1,0.0627497580800686
SIK2,0.0626905274021823
LEMD1,0.0626775383329353
SYNGR1,0.0626731506884863
GTF2H1,0.0626486585883521
SLC6A1,0.0626082767452147
SDK1,0.0625830038231027
LTC4S,0.0625661619273535
PILRA,0.0625615230715622
TMEM116,0.0625606988777203
ADAP1,0.0625393904371667
SSH1,0.062489934442769
CCDC61,0.0624607047535567
2510042H12RIK,0.062445810447442
CARHSP1,0.0624408980391209
9330179D12RIK,0.0624385070919549
ELOVL7,0.0623827267617391
LZTS1,0.0623379384256632
SUPT3,0.062334137676498
AURKAIP1,0.0623112964904175
BEND4,0.0622689417032147
BCAS1OS2,0.0622659706246313
GPR22,0.0622563419769338
1700030J22RIK,0.0622472118912111
PRSS51,0.062241171780215
BRINP3,0.0622335013656831
GATA6,0.0622222544130241
THEMIS2,0.0621967664490178
TJP3,0.062184726296749
SH3BP1,0.0621428620011091
FAM81A,0.0621058369178861
THA1,0.062105397419151
LEPREL4,0.0621046880365093
PTPRA,0.0620586558470434
D9ERTD496E,0.0620527642937287
SERPINA1C,0.062052604493577
LOC102633691,0.0620376807999162
NFE2L1,0.0620019898521605
CREB3L1,0.0619657445964533
IVD,0.0619380927820542
GM16136,0.0619248519877976
GALNT5,0.0618593997769397
IGF1,0.0617780753484667
ST3GAL1,0.0617508515988485
GINS3,0.0617445749053523
AI507597,0.061740779278038
GM7008,0.0617258138788277
1500011K16RIK,0.0617021305867881
PIFO,0.0616882477658497
ATP8A1,0.0616760054175429
SYT13,0.0616549356046485
THPO,0.0615986554118844
LY6G6D,0.0615954557605181
RHOBTB1,0.0615915328084486
4930474A20RIK,0.0615743061343883
MCRS1,0.0615517084614442
TMEM156,0.0615411466019762
PTPRN,0.0614715935852792
BC037704,0.0614336573195815
ANP32A,0.0614084360659736
CD1D2,0.0613966174490749
5730478J17RIK,0.0613877415825624
9430085L16RIK,0.0613723286121419
MYOM1,0.0613531142675695
D930020B18RIK,0.0613166701314145
RANGAP1,0.0612478439827508
FGFBP3,0.0612242727187617
D630024D03RIK,0.0611853491080694
SYNGR4,0.0610464131584615
CFTR,0.0610320903509449
TNMD,0.0610242314504962
RBM45,0.0610156314667939
LRRC23,0.0610061219579185
FAM76B,0.0609926580039844
LOC102643054,0.0609825594172362
GXYLT1,0.0609670841645376
ZFP28,0.0609327088990842
4933440N22RIK,0.0608930201989812
METTL7A1,0.0607922027328913
MEF2D,0.0607754834386498
WDR66,0.0607665806473392
BC016548,0.0607611087566447
ERRFI1,0.0607596751512532
2810417H13RIK,0.0607325807360513
LZIC,0.0606943682695423
RPS9,0.0606837294455811
AGAP3,0.0606650078860929
5830400J07RIK,0.0606629419592831
8430437L04RIK,0.0606618301910091
XYLT2,0.060657960307819
FOXL1,0.0606577456269489
GM715,0.060626221041901
PRPF18,0.0605354163882575
RCL1,0.0605344591141054
CIAO1,0.060530718097169
1700042G07RIK,0.0605306019443341
FKBP1B,0.0605133760824042
BRAP,0.0604875627841024
TLR5,0.0604845536958239
GM20081,0.0604630898082103
AI593442,0.0604458222861142
TSPAN10,0.0604342983473443
1700031F10RIK,0.0603789203900113
GPR183,0.0603711659273317
FAIM3,0.060356156607371
SYT8,0.0603093164176717
GRM5,0.0603075565856777
ABHD8,0.0602917300707384
MAPK1,0.0602865253319046
DRC1,0.0602454116206853
NRP1,0.0602426970298891
NNMT,0.0602220638445409
ETHE1,0.0602111625812173
D330050G23RIK,0.0602097323754216
SPRR2I,0.0601851758426417
TRPC6,0.0601828339976743
8030445P17RIK,0.0601295866340139
MGAT5,0.0600921437649008
PIGC,0.0600401489669585
RBM48,0.0600386182787682
AP4B1,0.0600268829978458
4931406E20RIK,0.0600235913893155
MOS,0.0600038442388576
DPYSL4,0.0599972725020035
SVOP,0.0599240206058422
KLHL6,0.0599091241326295
4933421A08RIK,0.0598978341063183
4933402C06RIK,0.0598877019335452
APOE,0.0598388421125196
COA3,0.0598171351280134
BB557941,0.0598116880249442
LAMB2,0.0598109302518194
GLRA2,0.0597945892986312
1700010I14RIK,0.059776185555999
PPM1F,0.0597635239668842
SUCNR1,0.0597321835953313
SBF1,0.0597269873683556
NUP188,0.0596384367346424
NR2F2,0.0596332163819197
MFSD12,0.0596197850275946
PRICKLE2,0.0595873486879463
APOD,0.05958454147524
OTOF,0.0595635641238002
DLX5,0.0594870916316667
DKK3,0.0594844688886218
TCP11,0.0594771550958288
LPL,0.0594046012836536
NUP43,0.0593365355531417
SGSM1,0.0593334260854569
PBX3,0.0593025742945941
SLC25A53,0.0592842765615654
FGD5,0.0592760791559764
2810039B14RIK,0.0592739679359751
C1S1,0.0592594154419246
GM10308,0.0592476653508221
4930550C14RIK,0.0591790539623591
C630001G18RIK,0.0591661536024108
NCKIPSD,0.0591237663160854
CAPN5,0.0591174060221095
SH2D4A,0.0591107175731767
5330433J24RIK,0.0591001198572191
ADAMTS10,0.059095662759927
CEP83OS,0.0590919564142987
GBF1,0.0590705451870326
GPR25,0.0590532449400343
UBE2J2,0.0590460457732805
9330161L09RIK,0.0590416500717013
FBXL7,0.0590036366356157
DGAT2,0.0590026509423465
FKBP2,0.0589854930832861
ACOT1,0.0589819127909963
GM10632,0.0589606038630874
TDRD12,0.0589559645076484
GM17388,0.0589548587822304
ETV2,0.0589165045622802
AGPS,0.0589125105637224
AU022252,0.0588698694333644
DNAJC30,0.0588618309716413
CYSLTR2,0.0587830035103114
VIP,0.0587801815422779
1110050P16RIK,0.0587511528165768
ZFYVE1,0.0587406828656245
IL13RA1,0.0587216599140486
HOXD1,0.0587142142962934
KLF12,0.0586926187447913
COL15A1,0.0586918473410084
9530067L11RIK,0.0586689197154745
PDGFC,0.0586009283635021
ATP6V1C2,0.0585671018642263
KAZALD1,0.0585429719686324
NUDT22,0.0585011902448399
KCTD16,0.0584995470669679
REM2,0.0584914216844397
DOPEY1,0.0584634434197448
TCTEX1D2,0.0584450784941434
WDR34,0.0584382593826048
PFKL,0.058387276466964
4833410I11RIK,0.0583850049875668
KLHL17,0.0583621557216101
FRRS1L,0.0583307854950354
3222401L13RIK,0.0583018064765999
PDF,0.0582990348502905
LOC552904,0.0582615301373496
CLN5,0.0582552417241822
G6PDX,0.0582458731240901
1700011L22RIK,0.0582255233156543
DUSP26,0.0581197143041361
MKLN1OS,0.0581122647436565
A830080L01RIK,0.0581039916520229
RSPH4A,0.0580632520215204
TIAF2,0.0580397116237272
DMRTC1A,0.0579999991760189
IRF6,0.0579447956497221
AKAP8,0.0579298199968441
DTD2,0.0579215620788171
LTBP3,0.0579095460986651
A230065C20RIK,0.0578969372097663
PRSS12,0.0578931795161305
RAD50,0.0578462413718831
CRY2,0.0578352697869642
AU022166,0.057819915740268
MTRF1L,0.05780714065778
KSR1,0.057799301328231
CARF,0.057758906840775
FAM228B,0.0577314280581041
EPB4.1L4B,0.0577279315239711
2010320M18RIK,0.0577136955596431
HAAO,0.0577039000043432
GAPDH,0.0576981290490103
LYSMD4,0.0575965475612285
GM1971,0.0575689609373139
COL7A1,0.0575167420137454
CYP26B1,0.0575069710808049
FZD1,0.0574972378934637
SDR16C6,0.05748516825645
3110039C02RIK,0.0574417414939306
HEYL,0.0574154979935758
MIP,0.0573826857622253
SLC43A1,0.0573816742971015
USP20,0.0573779762689913
PYGO2,0.057360680326671
COBLL1,0.0573526464535156
ERG,0.0572887599700108
0610040A22RIK,0.0572714519219087
TPD52L1,0.0572652146150993
EXOC1,0.0572491502437248
MIOS,0.057234884804019
LOC102634590,0.0572238177962425
CAMK2D,0.0572166979158511
B430319G15RIK,0.0571952788731332
HIST1H3F,0.0571580279880045
PFAS,0.0571218212665321
TYMS-PS,0.0570861352327828
PLEKHF1,0.0570770431022714
SUSD5,0.0570711234776628
HOPX,0.0570530154380107
ERC1,0.0570508415588621
DDC,0.0570421686497798
OTP,0.0570373007492732
C80998,0.0570273000772837
GPR18,0.0570057708303469
LRRC19,0.0569865689821722
COL23A1,0.0569865484725558
SLC35G3,0.0569214111053682
KLRG1,0.0569163351106446
HNRNPDL,0.0569147142027282
A330102K18RIK,0.0569021723138772
AU015680,0.0568955832989484
ZFP942,0.0568866165716157
PLCD3,0.0568787613076429
ARNTL,0.0568607288828514
C630016I17RIK,0.0568586611205118
MAFG,0.0568559123429172
BLVRA,0.0568465641304759
TCAIM,0.0568141779700612
CASP3,0.0567939099086484
FAM69A,0.0567777037895705
PECAM1,0.0567020907030882
UGT3A2,0.0566847515025091
D030020J04RIK,0.0566566726285764
4933425E08RIK,0.0566412120914124
CKAP2,0.0566283341723075
NRG1,0.0566257000206259
DPM3,0.0566208968148479
SATL1,0.0566194719368126
ID2,0.056585112724505
MMP23,0.0565848490516212
FAM184B,0.0565840637989336
AK4,0.056580549813627
MROH3,0.0565490862183295
BANF1,0.0565428885783312
UBE2R2,0.0564488750959089
VMN1R46,0.0564391420657214
TRPM2,0.0564329699695702
CAPS2,0.0564143702439691
HSPA1L,0.0564143088507079
KRT33B,0.0564101410951742
B230213L16RIK,0.0563882930805994
GNA14,0.056378823479573
CSTA1,0.0563600866192482
ST6GAL1,0.0563421858905502
SPRR2F,0.0563183948914849
ZFP963,0.0563019300175034
KRT27,0.0563019234841814
NHP2,0.056280051484939
5430405H02RIK,0.0562191304868191
IFI27L2A,0.0561863081940263
RAD51B,0.0561510565338419
GM1305,0.0560816301595902
MINPP1,0.0560528158056114
LOC553089,0.0559637100065535
NR2E3,0.0559375233902729
A330084C13RIK,0.0559284905789027
RGP1,0.0558688426958806
UPP1,0.0558653258017028
DACH1,0.0558570314389639
TM9SF4,0.0558510232048169
ZFP108,0.0558292740089892
UQCRQ,0.0558103447635259
GM1549,0.05577399356102
POM121L12,0.0557534005374713
TCEAL7,0.0557494055791234
GABRB3,0.0557405858740682
TNRC6A,0.0557265850763483
MCF2,0.0557190447483837
HSPA1B,0.055706314421562
EAR1,0.0556950528491331
GLRA3,0.0556928921743962
LOC102642155,0.0556389826859524
2810408M09RIK,0.0556162069414472
MEN1,0.0555711672509604
HOXB3,0.0555699320818235
GPR182,0.0555641858146661
SF1,0.0555603391665314
EML2,0.0555524218694715
ABTB1,0.055542725759403
CD2,0.0555076294488911
TMEM174,0.0554625457206018
HAVCR2,0.055416074781501
GJC2,0.0553962946734898
RRAGD,0.0553952448470729
ZDHHC7,0.0553602352930748
4930432N10RIK,0.0553451619336728
OPTC,0.0553408925479185
TMF1,0.0553381121083067
CCNL1,0.0553359386634213
PDSS1,0.055330251537235
CDK5R2,0.0552449864940791
CLDN7,0.0551803338715799
PDIA6,0.055176897432155
BARHL2,0.055174101142225
4732468M13RIK,0.0551631986607637
AU022077,0.0551613659515965
RNF25,0.0551504184270888
INPP5F,0.0551107430266345
ZFP526,0.0550993656733011
DRD3,0.0550810177860351
S100A13,0.0550550710211988
MICAL2,0.0550449044051283
4930404N11RIK,0.0550003415645551
LRRC75B,0.0549892320834306
SULT6B1,0.0549793934515183
CNP,0.054962351462717
ATP8B1,0.0549272459408469
GPR3,0.0549213085337753
AFF1,0.0549153607509349
UQCR10,0.0549054146405299
MISP,0.0549050256926499
SOX2,0.0549034848563796
ZAK,0.0548334317281998
OSGEP,0.0548298807854551
PEX3,0.0548157239306539
MGLL,0.0547905229303935
HEY2,0.0547832770534031
DDT,0.0547739588947274
PITX2,0.0547607119760392
AK079912,0.0547585792886436
FMO1,0.0547252003066716
MYCBPAP,0.0546696544749819
BHLHE40,0.0546646929516639
ACOT7,0.0546602400782418
TNK1,0.0546356829171002
TBC1D17,0.054609564424247
NFE2,0.0545860330332078
FOXB2,0.0545476824155578
MPPE1,0.054546868617683
PAQR4,0.0545206699038436
TAL1,0.0545023034878021
KNDC1,0.0544917309181161
ACTG2,0.0544314576480812
TTYH2,0.054424257388566
MRPL14,0.0543667016765887
PPP1R10,0.0543273633523937
POLD3,0.0543272858646342
ZFP560,0.054312814677383
CDK17,0.0542943946681347
4930556J24RIK,0.0542936392266314
SPEER8-PS1,0.0542889851528774
1700011E24RIK,0.0542775112651364
ALDH3B2,0.0542096334109656
ORM2,0.0542005213929145
SRCIN1,0.0541812950213212
AAAS,0.0541474056473301
D9ERTD596E,0.0541333140432868
TRIM36,0.0541201665410998
FAM196B,0.0541035687924949
CALN1,0.0540697895770444
SIPA1L2,0.0540641334576391
PROZ,0.0540625912631986
LTA,0.0540216538740074
SPRYD4,0.054014768263991
5930436O19RIK,0.054007132443669
POU3F2,0.0539775115337257
KLK6,0.0539610985242471
PARP6,0.0539462798708181
9330185C12RIK,0.05393079383315
FHAD1,0.0539263712599901
D11ERTD518E,0.0538993847628498
NMNAT1,0.0538819629357986
2310015B20RIK,0.0538794039450072
SLC4A10,0.0538465343667097
GM10309,0.0538389977202618
ARMC6,0.0538338989217529
PABPN1,0.053832979515397
LRRC45,0.0538170640456831
1110046J04RIK,0.0538107421687451
NAT1,0.0537776782407387
NAAA,0.0537706200246327
FAM96B,0.0537633178385635
OLFR73,0.0537533550166436
ANKS3,0.0537285171730537
BC031361,0.053711348525571
SLC22A5,0.0536839948928424
PRKAB1,0.0536498855319532
RLF,0.0536255636692864
9430012M22RIK,0.0535624848457931
LOC102639518,0.053523605131826
PSMB9,0.0535037963524686
PLEKHD1,0.0534972033087597
P4HA2,0.053477563492123
EIF1A,0.0534646958075361
4930426L09RIK,0.0534528370016281
ZFP251,0.0534355114212095
LOC101243624,0.0533897568837697
HUWE1,0.0533791648557547
HENMT1,0.0533757983153289
PRKG1,0.0533516280296875
PLA2G2A,0.0533237345875454
MCM8,0.0533109987836757
4930426I24RIK,0.0532961771321674
GM9861,0.0532650552111405
TXN2,0.053242939511577
SIRT4,0.0532242675073448
ZFP938,0.0532127797105919
3110027N22RIK,0.0531635014008593
KLC2,0.0531308210548749
PTPN20,0.0530889786264449
IL17A,0.0530658979953977
RNF43,0.0530534478768227
TTC21A,0.0530440371186482
NUDCD1,0.0530374914617426
APTX,0.0530135535158682
4430402I18RIK,0.053013296510919
HMGCS2,0.0530086675638894
MRGPRF,0.0529774033377943
AK153988,0.0529273968754826
RNF152,0.0529251950263435
ROBO1,0.052923461940803
TBX1,0.0529194539147231
NTF3,0.0529005925050677
NEUROG1,0.0528523929219888
ARRDC4,0.0528505095069479
IFT88OS,0.0528296665565891
6330522J23RIK,0.0528125392479944
PIK3R4,0.052800618344639
TMEM255A,0.0527705304026398
HPSE,0.052740776745693
4933415B22RIK,0.0527204981403578
PHOX2A,0.0527023697049359
TIMM21,0.0526650307369906
NAPEPLD,0.0526443050406303
4930439G18RIK,0.0526375259397139
ADAMTSL3,0.05262584655735
AOC3,0.0526132943757554
RAD52,0.052531236927025
GRK5,0.0524973727478689
SOCS1,0.0524951601096018
CHST10,0.0524661507510537
DNAH8,0.0524402381426495
2810414N06RIK,0.0523860933127525
TRP53INP1,0.052357014985813
DSG1A,0.0523550170497555
CYP4F15,0.0523487188024908
MNX1,0.052329828361078
MRPL37,0.0522916340348083
PAX6OS1,0.0522255900018493
4933439C10RIK,0.0522159069024593
RPH3A,0.0521862152628841
LIMCH1,0.0521502732720956
1700123I01RIK,0.0520885433586188
LRRC3,0.0520733769796075
ERAP1,0.0520720598827673
SLCO2B1,0.052066115087267
PRKCDBP,0.0520659831321006
EFCAB10,0.0520605150869424
C80068,0.0520566617248016
4930485B16RIK,0.0520515057599267
TUBB6,0.052049016083883
KCNQ1OT1,0.052013278123631
IGBP1B,0.0520079151962357
LRRC4C,0.0520015403758689
ROR1,0.051965649117651
9130019P16RIK,0.0519635321033356
ALAD,0.051960176443666
B2M,0.0519598584732513
5830442K09RIK,0.0519586935170821
BRAT1,0.0519552825831966
1520401O13RIK,0.0519294027940604
FUT10,0.051924011112543
AI450241,0.0519222962126817
SLCO4C1,0.0519114173445404
PARK7,0.0518908341253396
TEX22,0.0518804085010529
AS3MT,0.0518527824355844
NBN,0.0518414887488764
ZFP189,0.0518356253947288
LRRTM1,0.0518114527806196
COL24A1,0.0518059472066426
GPR61,0.0517600612886097
NOL10,0.051756252286324
CCND1,0.0517404305457295
KMT2E,0.0517304497056811
SLC25A40,0.0517079871266667
NMUR1,0.0516620266457528
HRG,0.0516452850395009
TLR12,0.051627366947129
PRIM1,0.0516206913061869
HES5,0.0516069872010901
THEMIS,0.0515899861350321
9630033F20RIK,0.0515672777400198
USP9Y,0.0515653805119659
MOB3A,0.0515637984847141
ZNF512B,0.0515606695698069
AGK,0.051558624123594
METTL7A2,0.0515269813755648
IGSF5,0.0515199910594271
2900046B09RIK,0.0515130522323516
SNAI2,0.0514746732142899
LOC102638053,0.0514651035989272
AHCY,0.0514516300323878
ZFP229,0.0514416456148719
ABHD6,0.051434022050356
BC065403,0.0514217696656091
BSPRY,0.051398487430517
TLDC1,0.051378794879458
PDE4A,0.0513734848679488
ROM1,0.0513532606339335
KCNQ1,0.0513493636374676
BB187676,0.0513381368402211
AK085625,0.0513325033536426
TMEM66,0.0513228366210539
D7ERTD187E,0.0513179291742606
4931415C17RIK,0.0513124766795793
TEX264,0.0512937930475661
TRAV9D-3,0.0512845233312063
TSEN54,0.0512453609243336
PRPF3,0.0512317345376503
ABCA3,0.0512126594962077
ARHGEF16,0.0511822410931735
TNFRSF14,0.0511746769232341
CLCA3,0.0511683524049029
5330434G04RIK,0.0511485302101787
RBM6,0.0511475646404459
PSD,0.0511294346606693
GM22,0.0510935131015592
GM19990,0.0510590888101266
A830021K08RIK,0.0510523904445261
FOXP4,0.051019558485832
6430710M23RIK,0.050919318594601
SERTAD4,0.0509172867328994
ZFP105,0.0508801779616418
D2ERTD112E,0.050839349136255
RETNLA,0.0508312690783149
DYNC2H1,0.0508268253659338
ATP5G2,0.0508198005600124
SLC22A30,0.0507996496859851
FRS3OS,0.0507526764901952
TRMT12,0.0507459314164202
ABCD4,0.0507394631197761
1110032A03RIK,0.050736426574927
PLD6,0.0507257303481267
AU042410,0.0507169702599761
YBX2,0.0506858354706252
ZBTB26,0.0506541316593185
PEX7,0.0506530281819686
CEP63,0.0506478366929328
LAMTOR4,0.0506304682922869
SLC2A1,0.0506142506873235
TMEM184C,0.0505889560906301
OLFML2B,0.0505766669835687
GP2,0.0505544221753429
PYDC4,0.0505450251079899
ACKR4,0.0505276709382426
4933434I20RIK,0.0504795384594151
LACTB,0.0504540067953567
1110028F18RIK,0.05045095125885
NPHS1OS,0.0504432009576441
PCDHB14,0.0504376528469878
SH3BP2,0.0504373508841509
ENTPD5,0.0504199150679287
C230021G24RIK,0.0504059246160858
CMTM6,0.0504041630159299
RAI1,0.0503994301906289
FZD3,0.0503693165110775
OAS2,0.0503449162757548
TOB2,0.0502981044112824
SMAGP,0.0502929612306544
EPHA7,0.0502900890425273
5730405O12RIK,0.0502800713049264
BC038268,0.0502563455682591
APLN,0.0502208155237452
A130014A01RIK,0.0502188600715749
MSX2,0.0502173711585321
ZFP27,0.0502101899436731
TMEM17,0.0502034391978437
CLDN19,0.0502012481164447
TMEM205,0.0501965852210742
AU020206,0.050188433648665
5830474E16RIK,0.0501869188144962
BMP8A,0.0501851969329374
NSA2,0.05018507729792
FERMT3,0.0501817471581492
PAQR6,0.0500784563626784
ABCB9,0.0500407407397121
SOX30,0.0500300967936281
C530020B09RIK,0.0500147856403969
MPC2,0.0500071263144607
RASD2,0.0499954384336914
HES1,0.0499168949088485
WNT2,0.049898787644029
B230117O15RIK,0.0498837075275925
PCGF6,0.0498827833218363
CYP2S1,0.0498003439953755
MEF2C,0.0497752812278354
ACSBG1,0.049746317018824
FAM178A,0.0497278899996959
FAM170A,0.0497136768245543
TBCCD1,0.0497060923028178
PANK2,0.0497019073983058
DBX2,0.0496809677180518
TMEM161A,0.0496739434684654
FMNL2,0.04966726513815
MUS81,0.0496201881603603
AI462493,0.0495971950916194
SPINK4,0.0495550519480763
4921501E09RIK,0.0495540915921231
AKR1B10,0.0495375941280562
SLC16A12,0.0495167186458617
SRMS,0.0494855567981398
6330590E21RIK,0.0494682713199877
FZD8,0.0494658246910669
OVGP1,0.0494616541312616
ZFP655,0.0494612154075314
RASSF10,0.0494518934186544
CACNB3,0.0494493175012722
TTPA,0.0494431923257805
9130221L21RIK,0.0494419262975429
ZFP758,0.0494063071925549
4933407E14RIK,0.0494009465863707
JMJD8,0.0493903920869742
CEBPD,0.0493895754895923
NPR1,0.0493813430934796
FPR2,0.0493754634197693
GPR160,0.0493440803413824
ACOXL,0.0493078287787141
DEAF1,0.049307032551656
ZFP804A,0.0492848944747826
D530031A16RIK,0.0492786560373116
RBMX,0.0492467392669579
GM19937,0.0492410579157096
MMP11,0.049239304705576
PATL1,0.0492138378006122
SKP2,0.0492098249852919
TSTD1,0.0491841618586261
NIPAL2,0.0491792012886367
B230334C09RIK,0.0491779418635612
FBXW27,0.0491771733621877
JUNOS,0.0491437229057802
BC026600,0.0490682540078153
CASKIN2,0.0490681303973085
C77190,0.0490577464583403
WDR36,0.0490236297378384
RNF170,0.0489836323191528
RARRES2,0.0489731900654695
4930430A15RIK,0.0489600498165782
PDE12,0.048937337354749
GNGT2,0.0489219780908309
TIA1,0.0488868060886348
TSSK3,0.0488789325818036
CAPZA1,0.048832112027222
WSB1,0.0488307066550912
AR,0.0488239460767426
4930402F06RIK,0.0488207185940874
SIGLECE,0.0487939310905486
ICAM5,0.0487937215537463
AA408213,0.048765686608676
GLTSCR1L,0.048751372682204
COMMD7,0.0487328475090381
RELA,0.0487255342055318
PTP4A3,0.0487187060427683
GM4371,0.0486988854043866
PBDC1,0.0486851851333621
DPH2,0.0486717399045491
HACL1,0.0486520310724282
VMN1R53,0.0486299119211232
1700001P01RIK,0.0486211056991999
CRELD1,0.04860575094757
GET4,0.0485927465658255
CBFB,0.0485803834169817
AU015263,0.0485704867450151
LIPG,0.0485637744985346
GSTM6,0.0485539064264627
AARS,0.0485372751053768
TMEFF2,0.0485286506665921
TNFRSF8,0.0485263130444774
TG,0.0485199296471883
4930467D21RIK,0.0485151089276618
B230307C23RIK,0.0484991244141035
JPH3,0.0484673395904186
KANK2,0.0484489213043599
A430010J10RIK,0.0484438279371344
SPATA3,0.0484402691806176
SEPN1,0.0484309830114642
SLC25A44,0.0484151828338964
D6ERTD527E,0.0484150985888704
E2F4,0.0483958790026103
IL18RAP,0.0483801684366343
AA409368,0.0483786055881283
SLFN5,0.0483753796444675
AI256396,0.048327151181367
MBD3L1,0.0483254536432729
IFT140,0.0483145964146568
TUG1,0.0482960995524823
LOC102631817,0.0482849587000044
PPP1R37,0.0482567716642598
SAMD9L,0.048253818770631
AI225934,0.0482499808875082
6030438J01,0.0482493281422346
AHSP,0.0482158170541671
LY6E,0.0482141449047492
PRKCG,0.048213721759048
PRKDC,0.0482035708077097
HFE,0.0482013571103696
GMIP,0.0481954119394084
XPNPEP1,0.0481888753392157
BRDT,0.0481769354674023
RAB10OS,0.0481735940364796
IL21,0.0481727989246062
ZC3H15,0.0481695451905793
4933412O06RIK,0.048168267785299
RNF138,0.0481373907161096
OTUB2,0.0481344773430351
NEAT1,0.0481195704803911
ZFP112,0.0480951556193463
TFPI2,0.0480883931483774
WDR31,0.0480512322972533
CHPF2,0.0480384030100353
RANBP10,0.0480136974428996
DUOXA1,0.0480124145927345
SCMH1,0.0480030722065105
ARHGEF38,0.0479749978058218
NELFA,0.0479707970587455
LDLRAD3,0.0479573847044115
GLYAT,0.0479532062066156
CARLR,0.0479182231140108
4933401H06RIK,0.047914284289612
STAP2,0.0478996635749393
ZIK1,0.0478712384348057
GM19500,0.0478554195004996
ABCA5,0.0478355159205067
NAA16,0.0478100861719267
DENND6A,0.0477636015100073
KLHL29,0.0477422427783153
EPHA5,0.0477208430990353
4930435F05RIK,0.0477013285995629
CD209G,0.0476939177917563
ALOX12B,0.0476248118933917
REEP2,0.0475940368596451
TMEM258,0.0475888278358428
JPH1,0.0475849304974556
EXOSC2,0.0475843366615571
GM19835,0.0475581757396929
FAM183B,0.0475567078769146
SAP30BP,0.0475533712129979
GM12606,0.0475371496063779
GORAB,0.0475180197896728
BC001981,0.0474872552811642
TUSC1,0.0474299613786837
NCDN,0.0474216516622522
NDNF,0.0474075335279339
SLX4IP,0.0474049521279699
MED23,0.0474043328919716
CAR1,0.0473782501565555
KCNG4,0.0473745468112726
KRTAP5-5,0.0473218071863238
9130019O22RIK,0.0472748990914634
VSX2,0.0472707129331113
1700007L15RIK,0.0472612141775485
DALRD3,0.0472604232874206
IMMP2L,0.0472510431320365
NELL1,0.0472481033922461
SERPINF2,0.0472176185403939
D17ERTD96E,0.0471981244689218
MLIP,0.0471885501301694
HS3ST3A1,0.0471791954203998
ZXDC,0.0471753124921859
1300014J16RIK,0.0471466926951362
4930442G10RIK,0.0471382576369382
OSGEPL1,0.0471322627823414
HYOU1,0.0471320037002286
GM6225,0.0471258929732507
NETO2,0.0471209144056051
4933434M16RIK,0.0471199575412016
TRPM3,0.0471038244589935
MON1A,0.0470583518826305
SLC9A3R1,0.0470385866242451
NIN,0.0470228797013724
KNTC1,0.0470217018775879
ZSWIM4,0.0469763957646427
MAP3K7,0.0469739209176618
ZFP935,0.0469688023336374
GDNF,0.0469660910768329
PSG18,0.0469520349120604
NDST2,0.0469278334097355
GHRL,0.0469263725343074
FAIM2,0.0469201301011481
OTX1,0.0469176483999052
NOP16,0.0469155155975579
GM6289,0.0469150678377053
ZMIZ2,0.0469143208254858
NUP210L,0.046912815297346
PXDC1,0.046908704753832
4930456J16RIK,0.0468738678932135
BC005561,0.0468679069897003
THOC2,0.0468537366951776
AI616248,0.0468198786919182
KPNA6,0.046813411551757
LIN7B,0.0468133815638326
CITED4,0.0467991003733887
QPCTL,0.0467734131367605
POLK,0.0467543175070536
BRPF3,0.0467418754681667
TAS2R119,0.0466930252048078
NOP56,0.0466917284375943
CBX8,0.0466810681746426
DIP2C,0.0466637256413292
HSBP1L1,0.0466485037682487
CCDC112,0.0466440363764049
CYP46A1,0.0466429105602307
PELO,0.0466390033202635
AI746446,0.046635255650853
4930579K19RIK,0.0466217564745409
OLIG2,0.0465985625702736
LGALS12,0.0465970055154568
SLITRK2,0.0465821836683289
1810026J23RIK,0.0465547111408651
SLC17A6,0.0465525872780441
MED17,0.0465398233997253
KRT78,0.0465326143899053
RNF207,0.0465271522973734
LOC102639781,0.0465261507449959
2610202C22RIK,0.046507520639636
BAG2,0.0464978696491937
2610020C07RIK,0.0464978406181025
ZFP37,0.0464923316242819
NOV,0.0464643486939973
FGD4,0.0464521820373299
HTATIP2,0.0464450240230887
CERS2,0.0464389146108058
D030063E12,0.0464129497646443
LOC102640298,0.046410702540336
5730410E19RIK,0.046406420799098
CPXM1,0.0463961579092631
PRR3,0.046369098798401
LOC102636700,0.0463556112523381
SHMT2,0.0463215585825166
GM9989,0.0463070326173861
MEIS2,0.0462995440194508
RCN1,0.0462968220475425
2900027M19RIK,0.0462919874370501
RSPRY1,0.0462751389535691
SLC5A11,0.0462578596255306
RAB3A,0.0462556909322231
GM4961,0.0462549734862241
FANCI,0.0462540476161552
PHF2,0.0462251101510773
PPP1R35,0.0462234365407969
CSN1S2B,0.046180339754498
LIMS2,0.0461734125223971
LSM2,0.046168506672428
S100A9,0.0461570179575671
BRD8,0.0461447445381605
D930001B02,0.0461192406243297
PNO1,0.0461173393514468
ELMO3,0.0461159755061
PYCR2,0.0460821639554266
1810059H22RIK,0.0460521150364892
SMG1,0.0460513709936327
FXR1,0.0460239168605279
CTAGE5,0.0460205891912385
SLC18A2,0.0460198532726903
TBC1D4,0.0460195484270455
GM20161,0.0460171971712619
4833412E19RIK,0.0459946510716105
2010109I03RIK,0.0459785783268785
AU019823,0.045970122956222
ZFP2,0.0459148715835411
H2-D4,0.0458749280282237
SIN3A,0.0458658812077446
SLC1A3,0.045864513012782
MDH1B,0.0458608672765738
SLFN9,0.0458605387692907
WDHD1,0.045852485523146
CES1F,0.0458373372653363
DDI2,0.0458299818114785
GM9802,0.0458130323579072
NOSIP,0.0458112987179842
ACTN3,0.0458021267127709
5830444B04RIK,0.045761953206959
D2ERTD173E,0.0457272500693074
MTCH1,0.0456769123982247
ZCCHC9,0.0456674299670287
5033417F24RIK,0.0456531234977201
GABRA3,0.0456338821638422
ERI2,0.0456311165728624
9930024M15RIK,0.0456067729761088
GRHPR,0.0455950471780811
YY1,0.0455935188964117
1700048O20RIK,0.0455909307598753
NKAPL,0.0455501989233259
ERF,0.0455419145555272
HSD11B1,0.0455169325667562
PSORS1C2,0.0455099763328895
SLC6A9,0.0455091548665547
CD300LF,0.0455034042788128
HSF5,0.0454629479456412
B130034C11RIK,0.0454612110283877
ADAMTSL4,0.045445473892655
BANP,0.0454322465170712
8430419K02RIK,0.0454317312465241
TSPAN9,0.0454249439250502
PRRC2A,0.0454203676287054
SPINK8,0.0454187725424639
RHBDF2,0.0453975706425605
ABCA16,0.0453874609419042
C79256,0.045385539184324
DNASE1L3,0.0453784783419032
4833403J16RIK,0.0453730078367419
PTPRK,0.0453545762234472
AU022531,0.0453457244638693
IL7R,0.0453404766958511
OLFR112,0.0453354536391195
PIK3R2,0.0453184990982374
HBB-BH1,0.0452680780918246
PTK7,0.0452632567079807
PPNR,0.0452493203260824
2900064B18RIK,0.0452286422137565
ZFP33B,0.0452268628691812
SNX11,0.0451852084781584
SEMA3D,0.0451721755326409
0610009O20RIK,0.0451566994769496
FBXL15,0.0451563184613334
CBR3,0.0451491439310117
RBM7,0.0451443392972615
ST8SIA6,0.0451197485616402
1500002F19RIK,0.045116165375635
CTDSP1,0.0450942551319779
CD55,0.0450819527426239
TGFBR2,0.0450760728344705
9430032J07RIK,0.0450734633396473
LDB1,0.0450694512294479
RIMBP3,0.0450623554223902
SEBOX,0.0450341487491795
DHX57,0.0450221180801042
ACBD4,0.0450128041006426
SLCO6D1,0.0449845351642114
ICAM4,0.0449842382654111
CCDC87,0.0449607034660219
C130023C23RIK,0.0449560055950826
SPI1,0.0449398694474177
GPR15,0.0449282662592419
AP2B1,0.0449263076996988
ANO4,0.0449230341081634
PDLIM7,0.0449042232466605
HSPA12B,0.0448368823520078
HSPB6,0.0448198190330035
F8,0.0447988571254778
MMP3,0.0447786468441774
ANKRD50,0.0447782951262934
SREBF2,0.0447756638381001
C1QL1,0.0447559638850659
EBF2,0.0447112654783208
PYCR1,0.0447031044080865
DIS3,0.0446867617256144
NRARP,0.0446719721690593
4930513O06RIK,0.0446704131309074
4932441P12RIK,0.0446569139760452
PRAMEL1,0.0446376035381769
PPAPDC1A,0.0446368808141602
4921525O09RIK,0.0446219498718902
SNX33,0.0446121715500776
1700029J07RIK,0.0446114393985939
5830415B17RIK,0.0445852721123157
GSS,0.0445668003852835
MIB2,0.0445638375715066
NRIP1,0.044559439342564
BC064078,0.044555977608992
KCND2,0.0445383503411362
RHOQ,0.0445231248663036
CD109,0.0445224312946405
GUF1,0.0445062502122973
ILDR2,0.0445057439902971
ATR,0.0444621478702672
PIGB,0.0444528499598654
GM17066,0.0444476388756717
PLXNA3,0.0444408925151803
RBPMS,0.0444372142547639
KCNA6,0.0444281454107379
A930026I22RIK,0.0443904211749872
WDR82,0.0443551006179707
CHD5,0.0443452143446532
TNS4,0.0443348295787004
CELF2,0.0443243613143273
ACAD11,0.0443214973761469
C2CD2,0.0443124226100721
2700079J08RIK,0.0442815832797999
4930554G24RIK,0.0442736852425071
LINGO2,0.0442654744726565
PARD6G,0.0442610002115419
FAM136A,0.044254122660993
TNNT1,0.0442323868867468
OLFR288,0.0442216128225819
PCSK1N,0.0442192797856431
TMEM63B,0.0441863540986519
ADAT1,0.0441775126102934
NID2,0.0441695601394149
BBS10,0.0441690234097675
MANF,0.0441627611773269
DDX39,0.0441479594796764
ASPSCR1,0.0441458023499552
DENND2D,0.0441311735110986
ZFP882,0.0441158155286296
ABCA7,0.0440997472783927
ELOF1,0.0440954260540648
4930403O15RIK,0.044093420013694
TFRC,0.0440602229833518
4930449E01RIK,0.0440563277832079
TPSAB1,0.0440480417929689
PRG3,0.044037743299206
KIF26A,0.0440204235035757
LGALS2,0.0440146469501334
MYF6,0.0439999875705298
UPF1,0.0439917519649362
TNFRSF1B,0.0439756672896826
QSOX1,0.0439679247546873
POLR2I,0.0439593577956893
EN1,0.0439538615302204
PFDN2,0.0439495072951432
SCYL3,0.0439302286225024
ESPL1,0.0438731309649173
PWP2,0.0438731027362072
2410017I17RIK,0.043871452547675
CCDC124,0.0438667284517556
D7ERTD183E,0.0438619348190086
KRT15,0.0438498438320214
SRGAP3,0.0438350603610582
ACAA1B,0.0438324029003602
PBX2,0.0438105575336948
MEPE,0.04379208440616
DEF6,0.0437889703837558
4930549O18RIK,0.0437881810552481
5330417H12RIK,0.0437503993401903
4933430A20RIK,0.0437333366791594
GM10817,0.0437303811201972
E130014H10RIK,0.0437273504617364
SCRN1,0.0437215710425955
COL9A2,0.0436956277405787
ZFP551,0.0436892207232137
DNAJC25,0.0436604727210052
THSD1,0.0436572923507649
6030445D17RIK,0.0436548171567025
ITGB1,0.0436424566684513
AKAP8L,0.0436303918322884
HRC,0.0436291054523345
D630033O11RIK,0.0436124878573139
ZCWPW2,0.043569716024075
4930569F06RIK,0.0435612663303003
KRT81,0.0435441123058881
5430434G16RIK,0.0435437491382355
CDK2,0.0435338706607227
AP2S1,0.0435231865335053
U2SURP,0.0435158433300488
STAT6,0.0435092175229752
SLC13A5,0.0434988268126006
NEK1,0.0434980919022851
AVPR2,0.0434750947397265
ASAH2,0.0434398835975043
PPFIBP1,0.0434285585889317
MCPT2,0.0434053013250391
ATG14,0.0433962051135046
GLRX5,0.0433646079332002
SLIT2,0.043359539557844
D6ERTD90E,0.0433313366971101
CD36,0.0433035890475152
CCL11,0.043290089454164
RFX4,0.0432862785998254
GALNT16,0.0432790080517894
VWC2L,0.0432778071354224
PDE8A,0.0432737490808552
SERPINB6E,0.0432724858511587
BB283400,0.0432518488148721
CEP44,0.0432175411258708
4930512H18RIK,0.0432002231907209
ANKRD49,0.0431967470631346
CELSR3,0.0431955222928809
PRSS41,0.0431870325168144
ZFP109,0.0431757164960163
LRP3,0.0431559507457662
RCOR3,0.0431463780978995
LAMA3,0.0431337611354447
SLC4A4,0.0431246952650789
KIF20A,0.0431076300317366
LEPREL1,0.0430948011727812
D16ERTD6E,0.0430906792559124
APBA1,0.0430857724471405
ETFB,0.043082640558894
SPA17,0.0430745795939955
FXYD6,0.04306564246211
HS6ST2,0.0430580639131742
ZNRF1,0.0430223128077224
DHX29,0.0429560460341976
C77609,0.0429495157135977
9430092D12RIK,0.042939958379703
RASSF4,0.0429321559269399
P4HTM,0.0429175750451271
GM11827,0.0429009327909503
1810013D15RIK,0.0428539853039084
SLC39A10,0.0428089156114238
2610028D06RIK,0.0427941329697072
CLTB,0.0427836696991743
PIKFYVE,0.0427771281573872
ALDH3A1,0.0427745244248199
P2RY14,0.042747398637455
ACTR1B,0.0427380383556141
CD44,0.0427123237820289
CARS2,0.0426844506907043
CARD6,0.0426732536793838
GM626,0.0426690981889696
ATP6V0D2,0.0426666753022069
MGST2,0.0426615136758036
CSK,0.042661001202029
FGF10,0.0426518315022148
SLC5A8,0.0426418521753321
ACYP1,0.0426350284473256
E130215H24RIK,0.0426229996412151
1700064N11RIK,0.042594602359692
D430033H22RIK,0.0425773148065149
PLSCR3,0.0425450176196845
NRADD,0.0425443838668486
CCDC162,0.0425423233712968
SRSF11,0.0425311586608041
D130052B06RIK,0.0425150759948918
ASF1A,0.0424580590299585
4632404H12RIK,0.0424365830116825
PMEPA1,0.0424308758784147
ZFP608,0.0424270500353315
IL1RAPL2,0.0424214462738895
GPR143,0.0423975397173534
G6PC3,0.0423902975454851
SEMA4D,0.0423689555903427
TLE2,0.0423443264162924
GM15408,0.0423204987030502
4921511E18RIK,0.0422808516031648
D030054H15RIK,0.0422555341735462
RALGAPB,0.0422537549843778
CLSTN2,0.042243986418633
CCDC8,0.0422385500768582
OTUD3,0.0422313532385243
SLFN10-PS,0.0422187870708824
MYOF,0.04219886025193
E430010N07RIK,0.0421708651561904
TANGO6,0.0421569329381057
BTF3L4,0.0421513535913334
IGDCC3,0.0421436548629884
RRM2,0.0421256403436742
4930528D03RIK,0.0421239661175063
AHI1,0.0421223266419349
DUSP10,0.0421182089272216
PRMT5,0.0420772219635095
D330013E07RIK,0.0420358459346134
8430426J06RIK,0.0420346289584794
NDUFAF7,0.0420272430424973
PCDH8,0.0420113447392005
APOPT1,0.0420051833255355
DDX58,0.0419823873340828
RAB11FIP4,0.0419748229897553
LOC102641624,0.0419280228073102
PET112,0.0419269962726629
9030405F24RIK,0.0419099823052598
COQ10B,0.041887449121026
DRG2,0.0418572145378012
TM2D2,0.0418065437202535
RFTN1,0.0417912348375643
TSTD2,0.0417907465220279
PRR22,0.041782726417547
MYLIP,0.0417102368090368
CYP2E1,0.0417060275556368
MOG,0.0416956028194313
DNHD1,0.041676984283282
MSMB,0.041665383205392
MID1,0.0416619790279574
CENPV,0.0416585369446702
C77651,0.0416526389821375
SPSB1,0.0415746574779898
GM5602,0.0415640339266913
4930428F12RIK,0.0415491077435893
TMEM231,0.0415447828453131
IL24,0.0415443866776533
C77583,0.0415335624299734
PGAM2,0.0415312569270116
ERICH6,0.0415276579636335
GALNT10,0.0415189548025707
RAPGEFL1,0.0415016034333455
LOC548102,0.0414797258302975
COL6A5,0.0414788359743178
OSTM1,0.0414784240867247
A930035D04RIK,0.0414768095316851
TMEM213,0.0414742529498551
HOXC9,0.0414590444028005
SPAM1,0.0414361974816701
MMP16,0.0414349999219441
PKHD1L1,0.0414026898212829
MYO5B,0.0413995640739375
1810021B22RIK,0.0413835052721373
BAHCC1,0.0413615834542365
TREH,0.0413188600710536
RAB12,0.0413108098616913
MCPT1,0.0412704371989854
GHDC,0.0412666443536396
TGIF1,0.0412492344205405
DYRK1A,0.0412312524148261
SKA2,0.041193727782513
CDHR2,0.0411727888101661
MGP,0.0411535150497331
MLF2,0.0411522482296478
ZFP558,0.0411462788510783
MAZ,0.0411299237004649
CTSD,0.041121044556583
PPP6R2,0.0411188546838553
C87490,0.0411134689050022
PIM2,0.0411058196577218
PRKAG3,0.0410946569470664
COPG2,0.041064204152528
TRMT6,0.0410534938080271
SOWAHA,0.0410418419349355
CRH,0.0410244365607201
SLC22A12,0.0410079644213206
4933438A12RIK,0.0409528312082584
AK2,0.0409169638806098
MTAG2,0.0409074723363876
MAPK15,0.0408853841253053
CITED1,0.0408531085446399
CWF19L2,0.0408329383521536
RTN4IP1,0.0408220973106238
NXF7,0.040813177417775
ANKRD11,0.0407979568323445
GRK6,0.0407963423633182
ADAM5,0.0407954948533391
NLN,0.0407800587611617
TROAP,0.0407720758418947
NKX2-1,0.0407540865693421
ONECUT3,0.0407382568998059
BC021891,0.0407124050957544
PSAP,0.0407123154770071
DYNLT1F,0.0407050932085348
IKZF1,0.0407013732968226
IL18,0.0406598470642455
TCSTV1,0.0406493223739124
CNTROB,0.0406470252602453
BRK1,0.0406463151281619
TCHHL1,0.0406296498400848
NMD3,0.0406195840967111
CYSRT1,0.040618903604044
BCAT1,0.0406164222868883
LEPREL2,0.0406146463883468
2610020P09RIK,0.0406095902394586
PCX,0.040590980678574
D7ERTD758E,0.0405897641005642
DEFA3,0.040549050506622
RRP1B,0.0405443080566247
GNAZ,0.0405229549103079
PRSS23,0.0404982905588543
CEACAM1,0.0404701840846723
4930488B22RIK,0.0404658653296306
IFNAR1,0.0404580259276476
POSTN,0.0404433572320248
TMEM104,0.0404314573163287
INPP5B,0.0404297332561659
PDCD7,0.0404095058486731
GALNT4,0.0404080437659821
RFX2,0.0404076079481908
PAK4,0.0403764529847487
FAM171A2,0.0403754143412902
DBNL,0.0403724238031237
4930405H06RIK,0.0403477644285099
TIAL1,0.0403333884798695
SIMC1,0.0403249033565697
FAM46C,0.0403175458756015
CD82,0.0403169088955698
GM3764,0.0403154989273231
TFF2,0.0403123696298705
NDEL1,0.040312052784664
ZFP40,0.0402730206806031
WDR54,0.0402399668626108
SYMPK,0.04022257025051
RPA2,0.0402064733557621
CHST5,0.0401764604024654
A530047J11RIK,0.0401753247133615
GNG8,0.040164862958107
GRB10,0.0401625850038455
COIL,0.0401568816926073
A930007A09RIK,0.0401487890050795
BMYC,0.040145161126288
ATP6V0B,0.0401324987346437
BC040756,0.040130725958686
RPS6KB2,0.0401143725822944
LRP8OS1,0.0400966378954746
REPS2,0.0400754666659731
CCDC176,0.0400508536403144
FADS1,0.0400503067315805
SLC5A1,0.0400484268601608
LYRM7,0.0400413795556894
TRBV1,0.0400360909462424
TTLL4,0.04001355490699
GLO1,0.0399582142783053
ITPK1,0.0399517502607666
RSPO2,0.0399266717794086
CDH1,0.0399259363046318
CACNA1H,0.0399179956353374
FGF20,0.0399174063506744
1700017N19RIK,0.039901147224714
PHKG1,0.0398882447498178
SLC17A7,0.0398795933460799
ADAM4,0.039879261006197
STX2,0.0398723883440431
GPR123,0.0398658418592421
A330001L22RIK,0.0398602836809518
KCNIP3,0.0398396600978269
ZFP513,0.039831975826168
ZFP637,0.0398256094416822
A630081D01RIK,0.0398207426921162
PLK3,0.0397998910574873
LRRC34,0.0397962264497799
1700018B24RIK,0.0397617881565881
MARCH4,0.0397600615450472
AMHR2,0.0397561562395795
COPG2OS2,0.039713758996376
SLC39A6,0.0397043777912303
BEX4,0.0396960501072597
1500015O10RIK,0.0396950107850193
NR2C2,0.0396856964972941
3010001F23RIK,0.0396561387364264
SPRY4,0.0396544600404885
TEK,0.0396097422989721
5730409L17RIK,0.0396045420974023
DYNLL2,0.0395958207674919
CYFIP1,0.0395929852179102
FAM21,0.0395613754841367
ANXA3,0.0395281758802913
GM3924,0.0395271258517981
ERCC4,0.0395232584529163
SEC24B,0.0394975779953453
ABCF2,0.0394815919399631
GM5141,0.0394802751937065
CWC22,0.0394614465830957
MRGBP,0.0394571179644476
CEND1,0.0394446174594998
OOSP1,0.0394331050256634
APOO,0.0394219257032009
2810455B08RIK,0.0394191931036021
ZFP956,0.0393876424948802
TNFRSF22,0.0393824379166406
5530400K19RIK,0.0393566020632215
VSIG10,0.0393343913076065
KCNF1,0.0393325933052779
LOC102640879,0.0393227908832723
OLFR64,0.0392965176896353
UROC1,0.039284092262239
ORAOV1,0.0392828942790282
1200007C13RIK,0.0392785980836691
ARHGDIB,0.0392682235179275
5730457N03RIK,0.0392650241067159
AMOTL1,0.0392455663022627
DOCK10,0.0392446126231335
2310040G07RIK,0.039243800827833
SLC5A12,0.0392426460222156
1700015E13RIK,0.0392347667460755
PIM1,0.0392253251351083
CACNA1S,0.0392061123588314
5830407P18RIK,0.0392010562384117
SRRM3,0.039196260001513
9130414P19RIK,0.0391906696285094
KCNU1,0.0391788064454908
PPP1R18OS,0.0391786933941009
HDAC3,0.0391526322683159
RTN4RL2,0.0391477590643125
GSPT2,0.0391432652150881
CCDC62,0.0390915735653715
FGF11,0.0390604652268716
CABLES2,0.039056703785045
4930405D01RIK,0.0390506422104604
4930428B01RIK,0.0390066271095578
TRIM24,0.03900237730321
FBXO31,0.0389902227614007
9430015G10RIK,0.0389816168849805
DUS2,0.0389722337127087
PCDHB10,0.0389512648356202
CITED2,0.0389389163659032
STOML1,0.038935355102621
RHOX4B,0.0389261766165887
SPINT1,0.0389172350988013
H2-T24,0.0389127851089231
MRPS12,0.038879014190704
ARL4A,0.0388695666157913
SH2B3,0.0388561249360328
INHBE,0.0388521422367995
SLAMF7,0.0388342803853676
CNOT3,0.0388246510043839
HCN3,0.038818020784122
TBC1D22A,0.0388173766496188
PADI1,0.0388141273032269
BMPER,0.0387912004043286
TMEM125,0.0387890673723726
PDE8B,0.0387752503194008
RB1,0.0387733659564738
C630004L07RIK,0.0387557991905329
BZRAP1,0.0387521661943562
ROBO2,0.038751090579478
MMP17,0.0387449270728224
LOC102643069,0.0387428502049704
SPAG4,0.0387186592910759
HAUS3,0.0387177031125645
FGGY,0.0386844125939338
PRL5A1,0.0386779189078887
CRTAM,0.0386755898116479
PBK,0.0386687563539483
CRISP4,0.038668734300971
CCM2L,0.0386461263874418
SRPK2,0.0386451590400071
PHTF2,0.0386433133469687
DNASE1L1,0.0386347163574661
WBP1L,0.0386330261610065
ACTN4,0.0386289376789244
R3HDM1,0.038626855224653
LRRC2,0.0386262373951818
4931432P07RIK,0.0386207083671929
FGFRL1,0.0386076909463581
5430410E06RIK,0.0385934809356003
GM19950,0.0385887384806052
SPAG9,0.0385842418676136
PCBP4,0.038583992771566
LRRC16A,0.038566151344777
STRM,0.0385611891882424
A430091L06RIK,0.0385569880526293
1700120E14RIK,0.0385460647502562
JAK1,0.0385435979917424
EFNB2,0.0385412648843371
STK33,0.0385336054948125
SMDT1,0.0385051204196675
4930509H03RIK,0.0385043249980021
FAM111A,0.0385011007523444
CTIF,0.0384996923930893
ACR,0.0384932143601299
CLN8,0.0384878050887794
GM16630,0.0384852690561603
9930012K11RIK,0.038479172662448
ATG9A,0.0384635282028813
S100B,0.0384625052022333
4930551I15RIK,0.038455938898058
TIMM17B,0.0384474916757301
LYSMD3,0.0384445592929892
HIST2H2AA2,0.0384361775404288
KLHL22,0.0384359851303724
NLRP9A,0.038419847334905
COMMD5,0.0384171914569975
RIMS4,0.0383941861622581
CAPN15,0.0383930575233519
2010109A12RIK,0.0383861365836624
DAND5,0.0383701710632219
MIA,0.038366845418097
TXK,0.0383462698700945
CTF1,0.0383452282103486
SP4,0.038310589571754
ZFP383,0.0382996829830629
4930506C21RIK,0.0382980796654696
TMEM53,0.0382543982917236
1700082C02RIK,0.0382249806415699
D330022H12RIK,0.0382234704617204
TRIM41,0.0382215810397325
CALB1,0.0382171613126456
HERC3,0.0382147720412276
AKR1C6,0.0382097788540544
SWT1,0.0381854649636692
NOL4,0.0381663928669168
LCE1A2,0.0381418514363945
VWA5B2,0.0381366756210108
MMP8,0.0381195757735865
SMIM22,0.0381179051307762
NKX2-4,0.0381017790186465
DACH2,0.0380912063099616
TEX12,0.03808630365602
AMBN,0.0380172956952544
SEPT9,0.0380147580464927
LMF2,0.0380143313023444
YPEL1,0.0380130313470209
CNN1,0.0379873216852215
KMT2A,0.0379655195146898
9330156P08RIK,0.0379533797625901
ASPRV1,0.0379486754077454
GDA,0.0379474859751372
YME1L1,0.0379437597908125
TSC1,0.0379323461936897
ENHO,0.0379305957561009
DNAJB1,0.0379256262523951
1700028P14RIK,0.0379124837705213
4933413J09RIK,0.0379091760687333
NYNRIN,0.0378915273043101
ABHD3,0.0378713606180906
UNC119B,0.0378707219888929
FGF12,0.0378691029750325
LOC552909,0.0378689582625791
D7BWG0826E,0.0378597532529072
HRASLS,0.0378594149780041
DDR2,0.0378155104835986
C77681,0.037814239497469
QRICH2,0.0378128357856063
USP2,0.0378057568306905
HK1,0.0378022462067153
6430553K19RIK,0.037801836726787
CEP76,0.0378003033221494
COLEC11,0.0377971384258355
RBFOX2,0.0377559543517653
PRDM8,0.0377470261999085
MPZL3,0.0377378378365329
IFT52,0.0377375584737818
PTGS1,0.037733796944474
PDSS2,0.0377247533892121
1110034G24RIK,0.0376953109316823
4933433G19RIK,0.0376947312353249
RORB,0.0376753761105895
NR5A1,0.0376623527952344
CORO1C,0.0376425722977516
PIP5KL1,0.0376350460293116
MOCOS,0.0376249380747812
ZFP507,0.037611865578962
1700020A23RIK,0.037603275946663
HERC6,0.0375827495631903
ATP5D,0.0375752038252198
9230104L09RIK,0.0375596294025237
GM16364,0.0375542361451249
1700092E16RIK,0.0375495773555869
B230216N24RIK,0.0375488802916216
1600012H06RIK,0.0375310610226719
WWP1,0.0375219486505628
DPCD,0.0374797353374765
CXCR3,0.0374775573377275
ITCH,0.0374754066080128
LARP1,0.0374693523915182
CBWD1,0.0374336129527116
LRRC8D,0.0374042159656111
NET1,0.0374008163574938
LRRC17,0.037399644718055
4933427I22RIK,0.0373738815132717
CBX3,0.0373731760430094
DPP3,0.0373474562124961
RNF169,0.037331348757154
SRRM2,0.037316635090934
CCDC97,0.0372937271305674
HESX1,0.0372877175649916
NETO1,0.0372826233941518
STAG3,0.0372664617662928
A430105J06RIK,0.0372444518156575
GALNT18,0.0372158002545554
SLC2A2,0.037201230535373
SCN3B,0.0371861092161875
B130019D13RIK,0.0371850907035369
CENPT,0.0371803062898312
KTN1,0.0371671177018506
ZFP704,0.0371628319123233
CACNA2D4,0.0371597203333683
SDR42E1,0.0371507558608578
4930548G14RIK,0.0371463275231272
4930549C15RIK,0.0371399598078825
AOC1,0.0371382564241561
NPAT,0.0371122221325453
RPS29,0.0371120387747231
ALX3,0.0371079365011755
UGDH,0.0371039655951977
PDS5B,0.0370846400499587
BC020402,0.0370627236419639
RGS4,0.0370621816802025
CALU,0.0370579517027234
DAG1,0.0370525129979998
TEKT1,0.0370445727871835
MMACHC,0.0370186300437877
KANK4,0.0370114065609961
GLT6D1,0.0370077338594958
ZFP939,0.0369924015048938
DGKH,0.0369889516936415
PDCL3,0.0369715982912365
PEF1,0.0369712754804471
PNRC1,0.0369549434781266
TUFT1,0.0369413151965547
H2-M3,0.0369261239654185
WDR24,0.0369156692608521
PRSS30,0.0369081721853488
THUMPD2,0.0368926124602762
SESN2,0.0368872741490111
PNCK,0.036882813539255
FABP6,0.0368811412501424
DIRAS2,0.0368694662851085
AI120166,0.0368531563550322
TRIM25,0.036839760592356
EIF2S1,0.0368367363837971
GM4944,0.0368218787575053
LMBR1L,0.0368203892240021
CDK1,0.0368191673771058
FAM50B,0.036815762966691
LAT,0.0368044408834876
ATF5,0.0367940659871256
BARHL1,0.0367785328817312
KLK1B24,0.0367733778267981
4933425M03RIK,0.0367537774253028
ANXA9,0.0367518162748955
FBXW9,0.036747691795493
MCTS1,0.03673493882148
TUB,0.0367235693906853
TSPAN6,0.0367170688715467
PPAP2C,0.0367006286914434
EIF4EBP2,0.0366972059209308
RAB37,0.0366888303571335
1700017D01RIK,0.036678139534424
ZFP827,0.0366688209529002
RIC3,0.036642583152375
SLC2A4,0.0366405681190209
2410127L17RIK,0.0366269244167545
SPINT2,0.0366143128607277
COL14A1,0.0366075522798325
XRCC1,0.036603228817431
FBXO28,0.0365938987325651
CPSF4L,0.0365914120913198
DNASE1L2,0.0365566839303517
INPP5J,0.0365372189679059
USP4,0.0365346362511827
KCNH7,0.0365064663316085
MAP3K1,0.0364893979834303
SPR,0.0364545604350689
ZFP703,0.0364042156517699
RSPO1,0.036393182829674
ZCCHC18,0.0363799488156375
CABLES1,0.0363471312449528
GM19648,0.036339317678202
ASNSD1,0.0363309355980298
KPRP,0.0363196608871459
EXOSC7,0.0362977746958772
CDYL2,0.0362900859432956
2810433D01RIK,0.0362788142284276
ZFP593,0.0362704574216668
SDPR,0.0362655196864094
ELOVL1,0.0362652306494465
LOC101056057,0.0362378460323304
AI851613,0.0362185362886661
4933406G16RIK,0.0362017693777239
H2-EB2,0.0361573848727119
PLLP,0.0361464668872673
AA408396,0.0361429428659932
MAP2K3OS,0.0361235287228185
PPP2R1B,0.0361229875892836
PRKCSH,0.0361098472739759
AA409289,0.0361053207435246
TTL,0.0361006889926714
NAT9,0.0360799089344705
ZIC2,0.0360656337956293
GLS2,0.0360375458334055
PLK4,0.0360302490698661
EVX2,0.0360289169671599
C130026L21RIK,0.0360287933498314
RNF115,0.0360267811207779
MS4A1,0.0360135780520634
2810428J06RIK,0.0359898860662271
LNP,0.0359450105082714
POPDC2,0.0359242501494382
1700019O17RIK,0.0359140296764548
GM16055,0.0359122954038238
BHLHE22,0.0358988716382902
AHNAK2,0.0358910206971929
KCNJ14,0.0358596865397826
PNPO,0.0358497010739183
2900012M01RIK,0.035845788408742
RASL10A,0.0358304976110803
3110067C02RIK,0.0358270442271205
TMEM18,0.0358213724328517
CACNA2D1,0.0358193264788687
USP40,0.0358176354818058
5930427L02RIK,0.0358131575984949
ZFP850,0.0357989574866037
C80865,0.0357597633028809
PRKG2,0.0357515082797726
ASCL1,0.0357514167457715
LOC102636808,0.0357507083663442
1700052M18RIK,0.0357490485297723
SAMD8,0.0357310546015616
IL2RA,0.0357232541475792
NDUFA8,0.0357165651778207
FAM187B,0.0357055022366163
C77534,0.0356778575073688
RALB,0.0356704049955944
4930459I23RIK,0.0356514872877279
MPHOSPH9,0.0356257813434492
PTRH2,0.0356197600673597
A830010M09RIK,0.0356020148306778
BAMBI,0.0355836908379022
NXT1,0.0355626051155733
TRHR2,0.035550343520868
2610035F20RIK,0.0355444787071584
PSMG1,0.0355388304982608
KLK10,0.0355298967060382
1700018A14RIK,0.035523588362537
SLC39A5,0.0355213210117797
CCNK,0.0355192621563463
IL1B,0.0355177473480767
PKD1,0.0355016454755652
CPA3,0.0354991922394139
RIT1,0.0354941630781617
AA675344,0.0354685392991976
FAM229B,0.0354531734073406
BTNL10,0.0354417567997885
RCC1,0.0354391825658116
GJA4,0.0354311804954213
BRD4,0.0354216845327376
A630072M18RIK,0.0353864968634008
CHTF18,0.035351970573201
NDNL2,0.0353507982859473
ERMP1,0.0353486885061185
MAPRE3,0.0353454467819235
IL12RB2,0.03530143546122
NSFL1C,0.0352858671196396
PEX14,0.0352784836490564
HIVEP2,0.0352675382289441
9330112F22RIK,0.035262716700597
GM4792,0.0352582654933823
BCKDHA,0.0352562724216846
SLC18B1,0.0352516277108051
KAZN,0.0352083699552473
PDYN,0.0351989246392556
ADCK3,0.0351965727728265
H3F3B,0.0351764174616629
9430020K01RIK,0.0351752985891279
GAL,0.0351447963387121
AA408954,0.0351391349202768
AK036547,0.0351339471177919
D15ERTD50E,0.0351294359151364
BEND5,0.0351283156285109
PRKAA2,0.035125202385773
IP6K1,0.0351157720755364
GLTP,0.0351147788419872
CEP135,0.0351133653781085
1110008P14RIK,0.0350932320513353
5830424K16RIK,0.035091376521173
GM26744,0.0350886285254271
PHKA2,0.0350786743087839
RELB,0.035045416890677
KHDRBS2,0.0350450920770565
SCIN,0.0350210678320252
MAP10,0.035019232121692
UTP14A,0.0350126900282237
CRYBB3,0.0349790547170709
PWWP2A,0.0349763044460109
PEX1,0.0349744887753203
PXK,0.0349464869314443
KRTAP10-4,0.0349407874606493
1700071A11RIK,0.0349290928434785
WDR78,0.0349195500109563
SSTR2,0.0349146799687172
SPDYB,0.0349108314913739
GMPPA,0.0349023991112228
BAIAP2L1,0.0348934468455989
BC022960,0.0348901724643182
PEX26,0.0348485297398599
DYSF,0.0348414266088349
RAB5B,0.034838144039664
MOV10,0.0348306859049157
RAB2B,0.0348284709993176
AU022899,0.0348223096942431
CPEB4,0.0348002182215932
A4GNT,0.0347620956918941
AMN,0.0347521711344449
RELL2,0.0347366099046125
PAXBP1,0.0347364769820208
TPM4,0.0347303618991822
GPR150,0.0347234065173577
TBL2,0.0346806599454107
AP3S2,0.034668590802914
CHDH,0.0346666823502823
COL17A1,0.034650111501093
SLC26A8,0.0346470632971448
GRID2,0.0346453052165623
4933401J01RIK,0.0346431606689334
SPEER4A,0.0346320220416172
AK149260,0.0346296699531381
SFT2D3,0.0346248812272159
USP37,0.0346219646524417
AFTPH,0.0346185083019342
TMED10,0.0345886777334
TRDN,0.0345692778054209
ALPK2,0.0345671943765012
2700097O09RIK,0.0345627172031652
BAD,0.0345540489086637
CILP2,0.0345537241997672
2210008F06RIK,0.0345497502818206
SV2A,0.034548130101807
GTF2E2,0.0345466800016974
IMMT,0.0345407019819105
RFC5,0.0345065105854911
AU023617,0.0344829037540396
KCNMB1,0.0344738435715772
KIF9,0.0344725155817726
FCER1G,0.0344689167845612
SETD5,0.0344663115012535
LHX6,0.0344584001503917
ANXA2,0.0344089910935915
AK052226,0.0344076379317834
FAM84B,0.0344006641195433
DOCK5,0.0343925012577372
UBXN11,0.0343805450814233
STT3A,0.0343621915905466
AA409587,0.0343617381118718
CUTAL,0.0343502743637949
4930518P08RIK,0.0343471788863215
4930537H20RIK,0.0343439479532593
ZFP958,0.03434028399122
PNKP,0.0343368521127031
DNAH7A,0.0343320434248374
GPR137,0.0343319810687057
SOWAHC,0.0343288963361747
CATSPERG2,0.0343250637262816
RBX1,0.0343186309245727
4933424G06RIK,0.0343165864585924
2810004I08RIK,0.0343098041005076
TBC1D16,0.0343093183053246
PSMA8,0.0343025943487772
GOLT1B,0.0342920659473392
5830403L16RIK,0.0342716990960899
DSCAML1,0.0342558975031166
CRIP3,0.0342465786148982
C1GALT1,0.0342303264085492
2610008G14RIK,0.0342255331369712
ACBD3,0.0342238269468196
IGSF21,0.0342150939849306
FLII,0.0342114244419825
GALNT12,0.0341986804623039
ENPP2,0.0341981130139156
PTGER2,0.0341720665276102
SLC22A21,0.0341678444636809
9430019C24RIK,0.0341623754772611
SRSF5,0.0341557735857534
DPAGT1,0.0341299461242329
CTCFLOS,0.0341215020516739
TADA1,0.0340912144534869
SLC22A3,0.0340532701375777
TMEM169,0.0340410948471288
HTR7,0.0340333676928053
ATAD5,0.0340325014046272
SFRP2,0.0340193130296123
RNMTL1,0.03399005079758
GM9798,0.0339587013614635
CNOT11,0.0339336896596071
5031425E22RIK,0.0339221957651024
MARCH1,0.0339058990730566
RAB11A,0.0339052546020314
TTLL8,0.0339038537551357
EZR,0.0338881009300188
SERPINA5,0.0338741006131527
4833420L08RIK,0.0338653333563223
MORN5,0.0338520139980574
RASSF9,0.0338452420341221
ZDHHC24,0.0338371491418384
PMM2,0.0338347890414374
SMN1,0.0338347620736967
MRPL48,0.0338143746753795
BC080696,0.0338064218755401
SPOCK2,0.0338030009190819
ZFP353-PS,0.033796724829452
DDX23,0.033793614163482
SPRED3,0.0337915415647767
B230104F01RIK,0.0337756023666429
MRPS34,0.0337662444499451
4933433C11RIK,0.0337564020641295
OBOX3,0.033753300476727
BPIFA1,0.033752956863651
ATP6V1E2,0.0337402299226129
RARS2,0.0337379683548334
CELF1,0.0337249722037956
4930525G20RIK,0.0337224274526111
VSIG10L,0.0337204422425462
SLFN2,0.0337162314903919
MB21D2,0.0337127684434682
TRIM10,0.0337068874890807
C77027,0.033698136274876
B430319H21RIK,0.0336967874788331
RSL1,0.0336957039749098
1700042B14RIK,0.0336934685697721
HSPA5,0.0336928105532321
4930571B16RIK,0.033690097759314
STAT2,0.033687628481059
MAPKAPK5,0.033686666130505
WRN,0.0336569932638305
PDLIM2,0.0336553894881707
RHBDD3,0.0336508231435374
HS6ST1,0.0336504611581493
4930519N06RIK,0.0336453247628937
AP1S1,0.0336451385603058
GMCL1,0.0336437981656716
NESPAS,0.0336402110348763
D8ERTD82E,0.0336396625853422
TTC21B,0.0336218927293991
SYCP1,0.0336180294043422
MUM1L1,0.033611460955728
IGF1IT,0.0335678512406912
DZIP1L,0.0335620181978719
CTS6,0.0335551334292296
DNAIC2,0.0335342324082836
CTH,0.0335223670354886
A930002H02RIK,0.033491413753191
5830477G23RIK,0.0334783846868635
TGIF2,0.0334776242801097
CIDEA,0.0334660118172109
ELF2,0.033462680387759
TSPYL2,0.0334514064459428
B930054O08,0.0334487480500674
NEBL,0.033448662852738
LY75,0.0334384695963488
UGGT2,0.0334271863542511
SHCBP1,0.0334263979986637
2610105M22RIK,0.0334257222606642
PRR14,0.0334214169428833
AP1AR,0.0334023769530481
5430416G10RIK,0.0333951497923505
ZFP11,0.0333917012254501
SPATA21,0.0333842004095562
GABRA6,0.0333748170034173
D030029J20RIK,0.0333694613994331
SLC35D1,0.0333618947149656
UBXN6,0.033350935654981
XAF1,0.0333356314051929
4930442P07RIK,0.0333306168412971
RIPPLY2,0.033329684921321
3110039M20RIK,0.0333265040099094
A530064N14RIK,0.033322139176211
AW049021,0.0333116945837049
CYP2J13,0.0332962847004874
TMEM9,0.0332939649198728
1500017E21RIK,0.0332894568737441
ARL5B,0.0332786051976324
D3ERTD108E,0.0332779573912027
DISP1,0.0332721899067674
RAB27B,0.0332705095266677
4930423M02RIK,0.0332375351003043
PSG16,0.033237186405246
PDE1B,0.0332322371464721
GTF2H2,0.0332191174167124
6330415G19RIK,0.0332190557271198
DNAJB11,0.0332119216246405
EPB4.1L2,0.0331897091526566
PNKD,0.0331874568998793
9230108I15RIK,0.033152344497188
SP110,0.0331342504446767
CRISPLD2,0.0331169084647703
ADAMTSL1,0.0331129024680566
RPLP0,0.0330925845192684
DOT1L,0.0330671298906247
AI314604,0.0330652286809509
CLIC4,0.033062993729349
C77097,0.0330563506832643
LTB4R2,0.0330456441536145
PLA2G10,0.0330290445830387
CATSPERD,0.0330267514932952
PPM1L,0.0329986505264953
SYT1,0.0329985379920659
BC065397,0.0329865579501428
TCF3,0.0329781187009258
ISX,0.0329612515240337
ITGA2B,0.0329567658726708
YIPF1,0.0329508160439094
CIDEC,0.0329488330814858
PDE7A,0.0329468042087779
OTX2,0.0329322354507498
ACTR8,0.0329287402215559
PPP1R8,0.0329206903926506
TRAPPC4,0.0329157834068458
TLN1,0.0328796967082478
THUMPD1,0.0328754870231126
PUS1,0.0328750038117462
RASL12,0.0328738657475527
LRRC10B,0.0328356212581413
4930431P03RIK,0.0328090385135611
HMGCR,0.0328082113325653
SEC14L1,0.0328045961559587
ACTN2,0.0328000983704834
1700085C21RIK,0.0327996735015455
ACE2,0.0327959913489806
RAB38,0.0327943520203523
RAPSN,0.0327802720546699
MRPL23,0.0327745718527813
SYNE1,0.0327666236590146
PCM1,0.0327519495037983
CASP8AP2,0.0327502933893289
IKBIP,0.0327174922003999
BOLL,0.0327109146403154
CYP1A2,0.0326894705872629
YARS2,0.0326855290437489
SLC38A5,0.032684628816063
LOC102633763,0.0326702791850746
CDH8,0.0326625964990253
PCGF3,0.0326612694974265
LRG1,0.0326595531156809
TOM1,0.0326531001089416
TRIP10,0.0326446673579597
CCDC63,0.0326345133582449
D9ERTD115E,0.0326219612215518
FOXP2,0.0326117169338546
PRP2,0.0325939311251824
PXMP2,0.0325878392950031
4930513L20RIK,0.0325802915686836
NCOA1,0.0325673606483767
GM4850,0.032560281618903
HHIPL2,0.0325308952499277
KRTAP5-1,0.0325264265771236
TRIM34A,0.0325176700879543
MUC13,0.0325109930914882
KCNJ4,0.0325093459461056
FAM118B,0.0325034638139647
SRRM3OS,0.0324985630344929
AA407111,0.0324983507483076
ALKBH7,0.0324975124694424
TXNDC11,0.032485503000545
1700015G11RIK,0.0324752492153307
BCL7B,0.0324703999538875
PRMT8,0.0324557481818272
CYP2C68,0.0324510863963782
ATP10D,0.0324395198922363
C77798,0.0324229930773916
ZFP235,0.0324092747838982
RSPH6A,0.0324011996084084
CACNA2D3,0.032382775593545
POLR2J,0.032334490737692
SLC20A1,0.0323218328850902
BBS12,0.0323089107040439
ARHGAP39,0.0323036132854521
LOC102638080,0.0323015342948759
LRRC3B,0.0322977982729172
FAM109A,0.032293157406363
PGK1,0.032286573900742
HAGH,0.0322795526960603
TRP53BP1,0.0322693509863718
DENND2A,0.0322653712040736
MYH8,0.0322606328664837
CHST13,0.0322525127214152
NDUFA12,0.0322256321500084
BEST1,0.0322251039548186
GM9757,0.0322250446314752
MYH3,0.0322242074849459
TEX15,0.0322081802803517
NECAB1,0.032185518125433
VMN1R13,0.0321660001657765
SUMF2,0.0321633256632485
9430064K01RIK,0.0321579302572006
SLC38A2,0.0321561928038031
TOPBP1,0.0321544484277859
GDAP1L1,0.0321500247089599
HMG20B,0.0321361392802033
FBXW4,0.0321360564035633
PTGER1,0.0321282331605774
MIER1,0.0321279336906967
1700019N19RIK,0.0321098827618146
FGB,0.0321027357169257
AA407175,0.0320985320695676
CDC42BPB,0.0320869432504131
GM6556,0.0320822870633828
PDIA2,0.0320766270397658
GPC5,0.0320708862457558
TEX38,0.0320613885075496
LBR,0.0320466005760567
ADAM19,0.0320354458107329
DPY19L2,0.0320283884885116
LRRC59,0.0320236868733568
IFLTD1,0.0320234397457805
NOX4,0.0320192777569066
MRPL55,0.0320174614995145
LAMP5,0.0320118650839579
LNPEP,0.0320087759761029
GPR135,0.0319959380513573
AVP,0.0319908274265649
CCDC108,0.0319832288297697
CC2D1A,0.0319823167644064
IDH2,0.0319796275496013
SPACA6,0.0319586582784384
LRCH3,0.0319263793925579
JAK2,0.0319241124772578
2900009J06RIK,0.0319106023009209
FSHR,0.0318937416493169
ZFAND4,0.0318769839544833
4933432I09RIK,0.0318760893829286
1700039M15RIK,0.0318760181774029
ILK,0.031871156409094
TAC4,0.0318643883883273
NFRKB,0.0318549816809211
R3HCC1L,0.0318497509387835
DGKZ,0.031834920529047
GPR4,0.0318267152451028
CHAC1,0.0318257736034617
GM16619,0.031813683483968
CLDN26,0.0318121245689149
GM19696,0.0318039691055923
2310061A09RIK,0.0317988408114807
TMBIM7,0.0317961143763207
MEIS1,0.0317921729573866
TTC12,0.031789068013816
ZFP322A,0.031786258800931
LOXL1,0.0317814391433199
PANCT2,0.0317543284857452
DCP1A,0.0317441288468956
TNFRSF10B,0.0317426099431073
9430078G10RIK,0.031731614109515
A430035B10RIK,0.0317214738982095
DLGAP1,0.0317209693364635
C030017B01RIK,0.0317198684264381
ZFP113,0.03171593738387
CENPL,0.0317130967057559
ST6GALNAC4,0.0317129710212176
COL12A1,0.0317094730190646
DCAF15,0.0317073290521012
IQCF5,0.031691010010157
MYCL,0.0316877439539657
CD164,0.0316808716381718
DLX6OS1,0.031674238546565
HAPLN1,0.0316654102742561
PKIB,0.0316644254233528
PPM1M,0.0316595733087254
TEX18,0.0316591451958832
NAIP5,0.0316550372619259
AMER1,0.0316524028991579
HDAC6,0.0316468120280829
5730488B01RIK,0.0316406708123608
SEMA3B,0.0316386857725197
RBP2,0.0316233046120429
8030494B02RIK,0.0316148282099982
PPP2R5D,0.0316086457704969
GANC,0.0316033701566329
GDE1,0.0316025637056872
SLAMF8,0.0315937529780891
FAM129A,0.0315894349129822
SLC25A27,0.0315667350379777
TMEM88,0.0315616291128746
8030498B09RIK,0.031541554727604
DMRT3,0.0315288299301206
GM3912,0.0315287841008124
DIDO1,0.0315268238514989
CLEC10A,0.0315189798797274
FAM69B,0.0315110026166684
GM16039,0.0314942157868375
TBCD,0.0314888206860671
DOCK4,0.0314792811768661
1700019L13RIK,0.0314787875060561
FERD3L,0.0314701987541101
CCDC64B,0.0314689551495737
2010204K13RIK,0.0314654307206125
KMT2C,0.031463595382698
CDC42EP2,0.0314600100844649
GLYCAM1,0.0314506778846102
6720489N17RIK,0.0314348130807849
SEC63,0.031424929100383
COQ2,0.0314240974839289
CUL9,0.0314099931732987
STAG1,0.0313911439555678
E430016F16RIK,0.0313858862817321
CDC20B,0.0313828146445556
RRNAD1,0.0313526839234086
KLHL13,0.0313514967127686
C79246,0.0313481020240928
FAM160A2,0.0313468039734384
SGCG,0.0313457738898057
PROCR,0.0313293163330037
HAL,0.0313271380523288
IDI1,0.0313014455912345
MAD1L1,0.0312904115786639
SERP1,0.0312832313997485
REG4,0.0312582765581092
CASP7,0.0312481069689727
TMPRSS13,0.0312393228406501
C1QTNF2,0.0312273690096397
BLOC1S2,0.0312271810982881
AMDHD2,0.0312227136161783
GAMT,0.0312123388369437
ATN1,0.0312079008402408
ELMOD3,0.0312073701200929
RRP12,0.0312073352756106
MS4A18,0.0312063934083409
RAP1GAP,0.0312055514753512
BCL11B,0.0311948519532648
TNFRSF25,0.0311941461027518
EMC4,0.0311940803408246
PLXNB2,0.0311716570661105
METTL21A,0.031165789507041
KCNK7,0.0311625657616103
4930520O04RIK,0.0311537512691037
MS4A10,0.0311331291991614
OTUD7A,0.031111336263314
PROSER2,0.0310834394592537
DNTTIP1,0.0310823806850609
GM12942,0.0310743478745143
MRGPRE,0.0310727738111636
TSGA13,0.0310679884508569
SECTM1A,0.0310597696037289
4933421H06RIK,0.0310502185692898
SEPW1,0.0310321564315273
CCL8,0.0310100698032725
D11ERTD49E,0.0310023134028066
MIR425,0.0309957662958715
ADAMTS20,0.0309826848669996
SERPINI2,0.0309731433239018
NAA40,0.0309712419858202
TTLL3,0.0309645830652716
TWIST2,0.0309636587175755
HIST2H2BE,0.0309635765582514
AHSG,0.0309411777301589
FAM26F,0.0309278551853396
SLC25A54,0.030916755788096
IDI2,0.0309124991694369
1700013D24RIK,0.0309073190803196
GSE1,0.0309025141143513
IPO13,0.0308938124361559
SEMA6B,0.0308873938349031
PMP2,0.0308703323931859
CMTM5,0.0308628739243392
AU022186,0.0308377997694004
4921539H07RIK,0.0308310779863052
TRANK1,0.0308250252635758
IFRD2,0.0308218838716595
1700026H06RIK,0.0308207014165787
MYO1B,0.0308163720569871
NLRC5,0.0308151153935954
NPR3,0.0308058597486322
PLXNB3,0.0308033039740631
RNF7,0.0307977878005268
TMPRSS5,0.0307972228046335
NKX2-9,0.030776695411792
5033406O09RIK,0.030774523962099
TMPRSS11E,0.0307725747237358
XRN1,0.0307706566855876
4921534H16RIK,0.0307686782014057
GM4981,0.0307634700171737
MBOAT1,0.0307464671969432
LDLRAD4,0.030730902163577
SLC4A5,0.0307151764383525
SYNPO,0.0307069132580545
FCRLS,0.0307047995116827
ARR3,0.0306993992282864
A230070E04RIK,0.0306986573168165
TANC1,0.0306964227880329
4933423K11RIK,0.0306896853840373
RAB17,0.0306802078660255
1810026B05RIK,0.030675981556199
PTPN1,0.0306759582585605
TSKU,0.0306698715166178
PTX4,0.0306658913796773
4933412E12RIK,0.030664312247002
CRAT,0.0306632577409396
TSC22D4,0.0306316118215096
0610040B10RIK,0.0306291894161219
SLC31A2,0.0306290206694603
VMN1R58,0.0306278344474447
AU015449,0.0306056320585494
NR3C2,0.0305908993399737
CROCC,0.0305895766860394
MARCH3,0.0305841448834773
IFT43,0.0305837787875774
TXNL4B,0.0305654412099627
KRT75,0.0305649129994178
1700029P11RIK,0.030562623808229
TNFAIP8L2,0.0305588285759842
VPS37C,0.0305466304561721
4732496C06RIK,0.0305425933728286
HMBOX1,0.0305424379526321
SLC43A2,0.0305385722844177
PABPC4,0.0305166163536516
SMCO2,0.0304776526585344
SH3TC2,0.0304607870094464
MFSD5,0.0304585873022439
HSD17B3,0.0304552195292168
SLC12A9,0.030448833459988
RPE,0.0304027174237255
BICD2,0.0304020496461191
NFXL1,0.0303995998884493
PLAUR,0.0303912464675443
CORT,0.0303845229540699
CYSLTR1,0.030365989118935
1700066J03RIK,0.0303646776712128
ADNP2,0.0303520224880495
PIP,0.0303457874980243
S1PR5,0.0303415163584794
MSX1,0.0303334131326325
AKR1C21,0.0303156898106663
ZNF41-PS,0.0303098872273722
SSSCA1,0.0303097899310823
RHOG,0.0302990593334722
MYO15,0.0302890233464418
GOLGA1,0.030287964803596
CYB561,0.0302810072796889
RBCK1,0.0302802367604667
A930012M21RIK,0.03027655922799
SNRNP25,0.0302675479999798
DGCR6,0.0302231430269016
WDYHV1,0.0302097204039666
FFAR4,0.0302003582751884
ACY1,0.0301920145866047
SOAT1,0.0301721569168647
SLC7A15,0.0301666483056791
TMC8,0.0301660123830679
MYO19,0.0301584224920633
C730034F03RIK,0.0301554963381648
BC002288,0.0301487269581363
DAPK3,0.0301412506800748
MYT1,0.0301347868899706
4930405A07RIK,0.0301168132791188
MORC3,0.0301161599407611
HOXD3OS1,0.0301135706090562
ARSK,0.030096742771477
XCL1,0.0300940621518182
ACTR1A,0.030088217948667
SNAP23,0.030086889180987
2810403A07RIK,0.0300780852622399
DCUN1D3,0.0300757162593909
AKAP11,0.0300738691027638
IIGP1B,0.0300713272549606
THBS1,0.0300635173582324
ERDR1,0.0300634419144603
GPX2,0.0300503233558454
A930025H08RIK,0.0300432184155571
D5ERTD163E,0.0300421479437037
ARL4C,0.0300369117371715
CHIL3,0.0300355098637439
TTC25,0.0300312335458934
ARSB,0.0300302074048568
MTCH2,0.03001268924052
TTC38,0.0300078391390629
LRRC75A,0.0299881281760915
AKAP10,0.0299864816593321
ATP2C1,0.0299774828448534
ATG4C,0.0299642153348764
DLGAP2,0.0299590021385411
INS1,0.0299536035586675
LYPD2,0.0299535034987506
5430439G13RIK,0.029951669467646
2600006K01RIK,0.0299492837011448
FCHO2,0.029946333305826
C78516,0.0299421731984657
A830039N20RIK,0.0299410972642031
ERCC3,0.0299375154129184
ATP1A3,0.0299247195175739
4933430L12RIK,0.0299243498211217
MCM3,0.0299208090586131
NOTCH3,0.0299200261809668
3110082I17RIK,0.0299029363799489
LRCH4,0.02990289685321
GPR158,0.0298971942446214
AZI2,0.0298849141857958
NPEPL1,0.0298820731538575
TEX43,0.0298690825708013
AI847159,0.0298606669203325
GM4787,0.0298513846931859
1700023G09RIK,0.0298468683734554
2900046D03RIK,0.0298378905423886
4833423F13RIK,0.0298353377734451
KREMEN1,0.0298337220715004
GIPC2,0.0298298240335504
2310047D07RIK,0.0298134154526475
C80283,0.0298132267368143
PIPOX,0.0297983037525016
GM4349,0.0297696025191883
C2CD3,0.0297581347990639
ARMCX5,0.0297482048597168
TEX19.2,0.0297418924091825
SLC34A1,0.029734392025149
CALCRL,0.0297317373611178
TMCO2,0.0297072435346526
KCNQ5,0.0296857349138428
9430024F10RIK,0.0296829738628178
SLC13A3,0.0296736088558483
AQP1,0.0296733943754039
DDX43,0.0296617677649169
SNX30,0.0296550877052641
GM7173,0.0296517402629004
FCOR,0.0296514864944005
MAPK1IP1,0.0296367231930255
CCDC106,0.0296335147871745
PRORSD1,0.0296211319361437
ARL6IP1,0.0296201146315296
JAK3,0.0295985794571849
RAB3IP,0.0295956115305979
C79798,0.0295868485298739
WNT5A,0.0295800945206755
LOC102638937,0.0295752372429735
LOC102639656,0.0295582655739098
ZFYVE27,0.0295577041027527
PLEC,0.0295515530807237
SP6,0.0295405911986885
CDCA3,0.0295333850778401
GM2694,0.0295303652166627
RPUSD1,0.0295100787100371
SAMD5,0.0295065531689263
CLUAP1,0.0295050637118724
FHL2,0.0294875749064213
3110062G12RIK,0.0294795750728968
NT5DC1,0.0294744536315447
SHQ1,0.029470567850546
SMC2,0.0294693140090617
LENG8,0.0294393831820926
CLK1,0.029437675869691
ECD,0.0294332624214321
TEX13,0.0294102442490705
TNRC6C,0.0294083967862793
NOLC1,0.0294078448415325
GM1070,0.0293805243895226
1110003F02RIK,0.029369258127716
PCDH17,0.0293503550502152
LRRC20,0.0293452574809441
PRDM1,0.0293279305968412
TRAIP,0.0293259305777091
HPCA,0.0293112369205194
DUS3L,0.0293098735274341
STAM2,0.0293003459887227
MYL6B,0.029296697168762
ODF2L,0.0292930159886125
D13ERTD205E,0.0292843701744716
ZSCAN26,0.0292591988498203
4921517D22RIK,0.0292561310637343
HEXDC,0.0292496848123718
KDM3A,0.0292457228183563
MSRB3,0.0292357299305521
LOC102636076,0.0292295104629405
ADAM28,0.0292160835364054
UBQLN1,0.0292160299921111
A430033K04RIK,0.0292135636856416
NCAPD2,0.029212955169466
IL27RA,0.0292039240771424
TMC5,0.0291929801263551
SMTNL1,0.0291901978872104
ACTL11,0.0291863596690001
9530002B09RIK,0.0291734621281045
VPS13B,0.0291669987182324
FANCD2OS,0.0291487970028074
SPO11,0.0291219061006958
LCA5L,0.0291086762985115
GM10501,0.0291037575352122
4930517O19RIK,0.0291024289689305
CYP4X1,0.0290903427594342
ENO1,0.0290882196656053
ELP6,0.0290806557955204
GUCD1,0.0290803858724813
1700016D18RIK,0.0290645263196669
MYH10,0.0290641176875523
3000002C10RIK,0.0290368578605035
FTSJ1,0.0290361649988167
GPRC5D,0.0290131416866808
FIG4,0.0290106170444868
ASGR1,0.0290038854023159
2510017J16RIK,0.0289939338330853
CACNA1G,0.0289637197273866
FCHO1,0.0289623965201312
EDNRB,0.0289544624823201
MS4A8A,0.028954414696288
ZFP143,0.028953130848851
CHIT1,0.0289480077549673
NPNT,0.028945262276233
1110002L01RIK,0.0289359825075134
SLC7A9,0.0289287651712897
CAMK2B,0.0289266645924446
PPP1R14C,0.0289222970759137
B330016D10RIK,0.0288965695245061
4930448A20RIK,0.0288943885538004
TCHH,0.0288807557797993
2310035C23RIK,0.0288604326977263
PCDHB8,0.0288417024588459
KHDRBS3,0.0288372078614618
AI451458,0.0288214524071643
1700129O19RIK,0.0287842461835832
F2RL3,0.0287826783782193
FUK,0.0287802366661
CYP3A13,0.0287748805197608
INTS3,0.0287728987515479
CCDC23,0.028763759922074
MMP12,0.0287618460666893
RHOT1,0.0287603670632188
ZFP408,0.0287522296543835
NRD1,0.0287465885432872
4930481A15RIK,0.0287349307824975
STX11,0.0287341168232773
4930434J08RIK,0.028733010303528
AMELX,0.0287306773344993
CRYM,0.0287287030775953
TAAR1,0.0287245779616717
SLC39A4,0.0287171683884101
HSD17B1,0.0287144245856179
MLPH,0.0287049423929874
ZKSCAN4,0.0286973376329722
4930509G22RIK,0.0286871598173071
BCO2,0.0286786328599977
TRNAU1AP,0.0286366346432225
CERKL,0.0286355336713789
ATXN7L1,0.0286261949972911
NAGK,0.0286242654572186
CDKN2A,0.0286073802578902
GM15706,0.0286040344506646
A530053G22RIK,0.0286009418824372
SZRD1,0.028596604122612
1700116B05RIK,0.0285924416460755
COPS2,0.0285921922323627
RGR,0.0285855981359213
BC030308,0.0285843178827108
PHF21B,0.0285828717784625
3100002H09RIK,0.0285757012331824
STXBP5,0.0285545680054085
D930016D06RIK,0.0285496934510624
D230025D16RIK,0.0285323095298843
D10WSU159E,0.0285303193827692
PTGR1,0.0285245169955643
C030009J22RIK,0.028517714674349
KLRA20,0.0285084296283546
2310007L24RIK,0.0285006382222288
TRA2A,0.0284978234496777
ZRSR1,0.0284964479031705
WNT4,0.0284879002522094
9630013K17RIK,0.0284877855126943
4930523O13RIK,0.0284701141319687
SCN1A,0.0284575102435586
HOXB13,0.0284527460134808
RBM15,0.0284486226263078
RPL22L1,0.0284437040638326
SLC39A8,0.0284281609778201
MYCT1,0.0284258370987127
COASY,0.0284190413824038
GFAP,0.0284106185253932
BHMT,0.0284095987848408
STXBP4,0.0284017746568804
ZFP142,0.0283838684555057
D1ERTD185E,0.0283827222152728
CCDC169,0.0283798133212106
8430419L09RIK,0.0283767332137144
ZKSCAN17,0.0283715086722412
SLC35D3,0.0283580644417127
UCP1,0.0283526359200173
C330022C24RIK,0.0283363381921396
LHFPL5,0.0283318079944753
RPS7,0.0283315554505731
IGSF11,0.0283184362446917
CHL1,0.0283057628632205
ZFP579,0.0283034237533059
3100003M19RIK,0.0282988869615353
IMP3,0.0282971642673903
RBMS2,0.0282921829509739
PDE6D,0.0282888300299696
MBLAC1,0.0282880565114834
GRM1,0.0282794851955887
ADAMTS4,0.0282793845340421
NOXO1,0.0282775503588357
SDCCAG8,0.0282760069694028
B230112I24RIK,0.0282606918361583
PINX1,0.0282543212089112
TRMT5,0.0282406339128166
FABP7,0.02823747837934
FOXP3,0.0282207476261499
ABHD16A,0.0282174762051306
PRMT6,0.0282143865124144
CRISPLD1,0.0282135888811024
HAGHL,0.0282092093642812
CNBD2,0.0281993095636616
C81600,0.0281939164154724
MEX3B,0.0281806901918796
RPSA,0.0281761283419591
UAP1L1,0.0281660640402234
NOS1AP,0.0281594262139395
GRM8,0.0281593733754519
4930433M22RIK,0.0281572668177519
GPX7,0.0281417955100571
9230110F11RIK,0.0281329994283888
SNN,0.0281316354396736
AA408650,0.0281280331904991
C77370,0.0281164007580607
D0KIST5,0.0280723349699776
F11R,0.0280716180129823
4933436F18RIK,0.0280702702327909
MURC,0.0280682146595188
6430571L13RIK,0.028057610468933
OGFR,0.0280524217106228
LYAR,0.0280485862072092
GPANK1,0.0280449597122102
NCAPH2,0.0280415870715094
RP9,0.0280405954881908
PGK2,0.0280392466090641
CENPB,0.0280364414864978
C920021A13,0.0280342576703924
VAMP1,0.0280319652743426
CDK2AP1,0.0280259877412688
GM12371,0.0280128559371919
SNTB2,0.0280046090132482
ZFP182,0.0280008796861504
PTCH2,0.0279954796985381
9030622O22RIK,0.0279889491742312
MXD4,0.0279809702775006
CES1H,0.0279780105571899
CC2D2A,0.0279766474916133
CKS2,0.0279477449246781
COA6,0.0279384233483993
4933409L14RIK,0.0279357694983042
KNOP1,0.0279313699341773
AURKC,0.0279242223319419
NUPR1,0.0279139468131183
HCN2,0.027900832195139
PRPF8,0.0279005243009247
LOC102635741,0.0278895101458404
ANKRD31,0.0278889353521152
SELK,0.0278850166582191
1700001D01RIK,0.0278834418309674
PHKA1,0.0278823415959419
CCDC19,0.0278815150312593
6030439D06RIK,0.0278769170245438
PPP1R17,0.0278636123638804
NSUN7,0.0278615667826865
WDR60,0.0278493179405456
SEC16A,0.0278450221076639
LCOR,0.0278311155500058
THTPA,0.0278131592433264
HES6,0.0277782504834476
IZUMO3,0.0277753516842051
SNX16,0.0277686497769313
LCP2,0.0277662968596873
LRRC52,0.0277561466705027
ZFP207,0.0277437348824092
D18ERTD169E,0.0277410087393473
MAEA,0.0277406840208444
SQLE,0.0277326643840632
DNAL4,0.0277274454694488
FAM102B,0.0277229029340175
PRSS36,0.0277047591999031
E030047P09RIK,0.0276973095089184
CRX,0.0276891901851782
CD99,0.0276846759619833
TLL2,0.027683765752575
AI118078,0.0276824340698707
IFNA9,0.0276822984313259
NEFL,0.027663651886957
RAD51D,0.0276608618534878
GAD1,0.0276360571174166
PDXK,0.0276280055330226
GIPC1,0.0276264156352576
GIPC3,0.0276237332988252
AUP1,0.0276203132301539
NEURL1A,0.0276112201885402
RNF139,0.0276070380439088
PRDX6,0.0275966244686021
DPYSL5,0.0275920760921442
4933426B08RIK,0.0275887615585612
IGSF10,0.0275848197486242
SLX4,0.0275815164943922
EFHC2,0.0275704940245581
LOC102634000,0.0275505305541452
NLRP5,0.0275467283460868
PCDH19,0.0275150782900605
B230217C12RIK,0.0275145803775848
CAR10,0.0275075652812428
RBMXL2,0.0275025436686404
ADAM24,0.0274890948118376
1700019P21RIK,0.0274765744134607
DCAF10,0.0274753292547249
SNPH,0.0274731235685096
CAV2,0.0274706496348214
MAK,0.0274698224136335
NGFRAP1,0.0274495759316248
MYH11,0.0274481575306684
NIPBL,0.0274472991838779
HSD17B14,0.0274338094668325
NSMCE2,0.0274277498454336
SREK1IP1,0.027426770387991
TMEM194,0.0274256268960521
PM20D1,0.027423537691008
DNAJC2,0.0274074659453694
PLS3,0.0274000530393461
ATP4B,0.0273950139770858
DPP7,0.0273856424673647
TMEM26,0.0273649872305309
PSMC3IP,0.0273648465738007
FNDC3B,0.0273648362657097
LTF,0.0273646972328607
SAMD4,0.0273567608181784
ANGPT4,0.0273310898098119
PARVB,0.0273301818829729
BSND,0.0273243695903779
HOXC6,0.0273242475880433
ANAPC10,0.0273168336862532
SSPO,0.027310679439124
MADD,0.0272976706785373
AA407782,0.0272924784317918
SPTA1,0.0272892415656685
AMZ1,0.0272840667537088
9430027B09RIK,0.0272837439897754
GAREML,0.02728329324669
SLC22A26,0.0272719517002494
1700008I05RIK,0.0272616580850417
ASTN2,0.0272527048084153
QARS,0.0272377127106672
PHTF1,0.0272376595289841
LEKR1,0.0272357849975606
DCDC2C,0.0272354890447359
OTOP2,0.0272317854826947
PCYOX1L,0.0272270397636508
AK079263,0.0272079867063757
ABCG8,0.0271915702994702
ADAM9,0.0271896656947018
TMSB15A,0.0271872602071543
FSCN1,0.0271792582903741
FBXW2,0.0271691661588703
CCDC79,0.0271688798513211
MIR1949,0.0271572010787738
YKT6,0.0271564345117623
RAD9A,0.0271502864879032
CSL,0.0271491543050123
KCNH8,0.0271423163450131
CASS4,0.027136136344402
ASB8,0.0271219743583437
2610100L16RIK,0.0271201498669335
4930556L07RIK,0.0271092470226067
D7ERTD661E,0.0271053773776646
1700019D03RIK,0.027104045303303
CACNG3,0.0271018553218456
SCN2B,0.0271016814564577
FGF1,0.0270852159730922
KRTDAP,0.0270850372531377
TSPYL5,0.0270849512809204
IDO2,0.0270672560818387
MLH1,0.0270572220915415
ADAMDEC1,0.027044894076622
GLI3,0.0270447894136767
ART5,0.027026433559773
AA516738,0.0270156418055795
SRSF2,0.0270086160737589
BC025933,0.0269909040795585
SPON1,0.0269707152642817
SLC19A1,0.0269702607383336
LPAR2,0.026940300304292
BDKRB1,0.0269256668332875
ZC3H14,0.0269145509268005
SOCS2,0.0269102413020855
MAGEA6,0.0268905439639383
SOX13,0.026890177162451
LOC102639232,0.026884487459505
CCDC110,0.0268664125303679
ELF1,0.0268650606909278
SMYD5,0.026857239534592
LMOD3,0.0268534531256918
SLC35B3,0.0268524009206785
PTPN6,0.0268511289002821
LRRC40,0.0268457122387041
4930521O11RIK,0.0268439022783854
PSG23,0.0268435591202285
5430411C19RIK,0.0268368583392131
CEP250,0.0268294033171834
TFPT,0.0268166141157723
9430082L08RIK,0.0268083258346153
CCDC104,0.0268011669464243
NIP7,0.0267881124119487
CYB5R3,0.0267650777332981
LOC102635243,0.0267564017578287
AVIL,0.0267377499489282
NACAD,0.0267317458885119
PSMB3,0.0267107704444533
GM17733,0.0267000297359904
ZFP934,0.026677074746143
SNAPC2,0.0266615791716677
GM17580,0.0266589010111641
FRAS1,0.0266574438522711
4933426I03RIK,0.0266528261667748
NSDHL,0.0266490722496669
CYP4F16,0.0266477944431722
DAGLA,0.0266336646295412
TTC14,0.0266301536490248
FLRT3,0.0266199653488189
PCDHB18,0.0266173020270421
LAMC2,0.0266098677642144
DARS,0.0265992995638461
MR1,0.0265928829797684
UNC13B,0.026590918777214
RGS13,0.026589916286589
2310011E23RIK,0.0265896847767363
KLF10,0.0265846045125415
RNH1,0.0265788139063389
MVK,0.0265671687860866
SPG21,0.0265530771714062
9430051O21RIK,0.0265436041853487
GM2788,0.0265398713832012
NFIX,0.0265101847983368
ZFP263,0.0265026097499633
9130022E09,0.0264951233111785
POLR2H,0.026475729150494
TLCD2,0.0264724655784098
CYYR1,0.0264659437481714
DLL4,0.0264620828356184
RPA3,0.0264537771207042
TGFB2,0.0264440350487204
NUDT12OS,0.026441997068419
D11ERTD506E,0.0264396458621091
VSTM2B,0.0264381609979746
MTFP1,0.0264378117566495
C1QC,0.0264326714901496
CTPS,0.0264222345866397
USP3,0.0264213552523519
TRAPPC13,0.0264144071744734
RIF1,0.026412839927743
SNHG1,0.0263946909402364
UNC5A,0.026394667623889
VMN1R40,0.0263872242241653
SEC31A,0.026379232567895
LOC665506,0.0263768886965902
CCDC172,0.026374485449738
SCN7A,0.0263666955879116
A430093F15RIK,0.0263638443507656
1700045I11RIK,0.0263521266844604
GM20754,0.0263493559735736
2810001G20RIK,0.0263452031961057
D2ERTD239E,0.026343253619161
RPL41,0.0263421896812095
PEX2,0.0263283339788108
NCKAP5LOS,0.0263181940945132
ATIC,0.026311582733417
IRAK1,0.026310756517717
DPEP1,0.0262984548645151
AY761184,0.0262796362868367
FDPS,0.0262780807047611
GPRIN1,0.0262709397217988
F9,0.0262655383105894
STRBP,0.0262626468171545
ENTHD2,0.026256109467708
KRTAP5-3,0.0262410422993666
NDUFB10,0.0262354143414385
GABRG3,0.0262322922090444
3110049I03RIK,0.0262188053877127
VGLL4,0.0262105581825923
4921509O07RIK,0.0261794956673175
PDZD4,0.0261789722360392
KLHL5,0.0261716475289288
CYP24A1,0.0261700456125655
9530034D02RIK,0.0261654875800608
TIMP3,0.0261585581692857
HR,0.0261378222140385
DEF8,0.0261370736877413
ZFP568,0.026135436294322
4632433K11RIK,0.0261353458743353
ACER3,0.0261344010238378
AKP3,0.026132393152685
RSG1,0.0261304608876979
CHRNB2,0.0261131370032998
RABEP1,0.026107084796748
D4ERTD117E,0.0261038068634811
TMEM131,0.0260976390989408
CTSR,0.0260975709178039
FANCB,0.0260937697960416
1700020G03RIK,0.026090460714247
RWDD3,0.0260741690762865
G630016G05RIK,0.0260588064296069
NDRG1,0.0260536922803918
RFTN2,0.0260377793018388
ZFP62,0.0260319316681625
ACAN,0.0260205835752121
BC016579,0.0260053877227167
NUDCD2,0.0260040810597416
LARS,0.0259972084494351
4933427D14RIK,0.0259879779043265
TTLL6,0.0259803473501292
EIF2AK1,0.0259751332105733
RPS14,0.0259701398106166
STAT1,0.0259654566216825
TPD52,0.025964186940041
GM568,0.0259592082809542
AP1S3,0.0259568747898431
MC1R,0.025931684169877
NECAB3,0.0259303872322203
EFR3A,0.0259291414634416
SMG7,0.0259246654743964
SLC35F1,0.0259169122440025
PLEKHG6,0.0259082592009173
NDP,0.0259010739168341
AU018091,0.0258942910782753
MAGEA5,0.0258844465601607
B3GNT4,0.0258836366345012
A130006I12RIK,0.0258708833007069
PRG4,0.0258681670308668
VARS2,0.0258610658722962
LMO2,0.0258345744497832
KLK5,0.0258239839523508
HCST,0.0258234301751664
ICA1,0.0258184960735501
B230204H03RIK,0.0257938059788515
ARHGEF33,0.0257844238971856
ZFP867,0.0257833163555764
5830427D03RIK,0.0257747688881055
PIGM,0.0257731355286883
RRAS,0.0257616551814672
OXLD1,0.0257596314123229
SURF6,0.0257467494097101
MEGF8,0.0257091884468971
PTPRR,0.0256936892177092
AIF1L,0.0256848738591833
ZFP944,0.0256846099449517
SCML4,0.0256665515249273
AI848615,0.0256355407967415
SHISA6,0.0256321350662848
PHLPP1,0.0256253001096777
1110064A23RIK,0.0256115608413825
CEP192,0.0256111421119743
2310001H17RIK,0.0256101296286839
ENPP3,0.0255974077655985
AGO4,0.025589678571241
NOS2,0.0255755001792468
ANXA7,0.0255701293637995
4933411E08RIK,0.0255617617194621
4930516K23RIK,0.0255596279098636
5830420C07RIK,0.0255590610599184
LRFN1,0.0255504105470208
E330024J20RIK,0.0255445902672588
NKX3-1,0.0255397621479239
NFKBIE,0.0255396939780589
OLFR672,0.0255253430905825
9130007G19RIK,0.0255189289256485
RNF180,0.0255149860138363
DECR1,0.0255053176399693
KIF27,0.0254979430470733
PRPS1,0.0254857913522908
NAE1,0.0254783950365232
SNRNP200,0.0254737451956725
PTGDS,0.0254688990528103
FGF7,0.0254617182103968
CASP2,0.0254530244948716
TMEM177,0.0254505294195542
1700028N14RIK,0.0254485166713523
IRX1,0.0254367511238617
TMEM183A,0.0254337927487194
IFIT2,0.0254316109718082
HOXA3,0.0254251131406079
TDRD3,0.025420080939696
LOC171588,0.0254141837767042
FAM71E1,0.0254127820377229
C77648,0.0254051421910266
LRRC57,0.0254017554149352
ANAPC2,0.0253946662938609
HID1,0.0253920795762052
AA408251,0.0253854529426821
D3ERTD254E,0.0253739528737423
2900084O13RIK,0.0253561994499737
MRPL18,0.0253527334050046
KRTAP1-5,0.0253526279910531
SOGA3,0.025351884391887
1500002C15RIK,0.0253441503385261
SLC35G1,0.025343043599159
A630035D09RIK,0.0253357751936836
D030028M11RIK,0.0253339438632878
1810014B01RIK,0.0253337127097424
RPL22,0.0253202596921419
UPK3B,0.025307529944589
KCTD5,0.0253063191218483
ADH7,0.0252909731296946
GPR26,0.025276465785006
ASAH1,0.0252564336316862
ABHD12,0.0252423935227888
ANXA8,0.0252228425713061
CHRDL2,0.0252200448224661
ZFP12,0.0252128623001275
TARDBP,0.0252087076058022
TCF23,0.0252077590280342
KLC1,0.0251976355343352
ELAVL2,0.0251885691921159
RBM19,0.0251806434369464
GPC2,0.02516871880392
1700126A01RIK,0.0251655587989934
1300017J02RIK,0.0251653772975394
6330562C20RIK,0.025140464304766
TRPD52L3,0.0251378997043868
REXO2,0.0251373583869844
C87436,0.0251316540782741
ELAC2,0.0251309940550418
PPP2R3C,0.0251172765008794
EIF4G1,0.0251041985975897
LYZL4,0.0251034618379885
AW552393,0.0251018053056234
AW557046,0.0250892931541906
FAM71F1,0.0250883908277487
2610024D14RIK,0.0250857586906306
UGT2B36,0.025082781627133
WDPCP,0.0250621165356749
OLFR17,0.0250555214742165
LOC102633267,0.0250554193992182
C79601,0.0250519366974915
ZFP787,0.0250470313324907
A530079E22RIK,0.025037534428238
NDUFB2,0.0250270942240309
AU022331,0.0250225323612836
2810429I04RIK,0.0250211842776586
KLHL12,0.025021059728848
CCDC138,0.0250113447419636
TRAK2,0.0250017763877512
4931400O07RIK,0.0249990622409251
CYP2B19,0.0249843805321665
ZFP455,0.0249841233780798
FIGF,0.0249807944350905
FKBP4,0.024968124317032
PDIA5,0.0249507254775981
AKR1E1,0.024950589650645
ACOT3,0.0249435993343212
SLC23A2,0.0249434202336349
NEGR1,0.024939421998712
SKINT10,0.0249321764109666
C2,0.0249318805792832
MESP1,0.0249211870871663
PGBD1,0.0249116789515888
FAM26D,0.0248916184311172
ZFP445,0.0248807565246802
4933424L07RIK,0.0248730666261449
IRG1,0.0248714477509881
TRAT1,0.0248703615479742
MCAM,0.0248651241632671
CD7,0.0248576774975767
STARD13,0.0248476534654358
C130046K22RIK,0.0248475532080948
4933431I19RIK,0.0248473751155156
GM2011,0.0248451660520067
TMEM138,0.0248376307278464
GXYLT2,0.0248311814365471
ANAPC16,0.0248196096418493
GM19924,0.0248173290612563
SLAIN1OS,0.0248140939700764
1700123L14RIK,0.0248006594942036
ANK3,0.0247812283385134
2700057C20RIK,0.0247751172442421
NOL11,0.0247721919764251
MYO1C,0.0247494874193264
SAMD1,0.0247436565601529
ANGPTL6,0.024722489338915
TOX2,0.0247217849362504
STMND1,0.0247032448593444
EWSR1,0.0247023558223198
FAM53A,0.0247008763287827
RNF146,0.0247003010200007
4930456G14RIK,0.0246996633572937
PCBD2,0.0246979984504269
CXXC1,0.024686477260391
TNPO1,0.024685987177939
PRKCI,0.0246839635593947
GAPVD1,0.0246711211044476
C130057M05RIK,0.0246612242844541
DEFA4,0.0246594781029682
SPAG6,0.0246592501177267
4930478L05RIK,0.0246578228354319
GALNT9,0.0246312311179664
FOXC2,0.0246124136495051
HSPB11,0.0246054400430701
4930524O08RIK,0.0245989999216253
BAG6,0.0245972405494037
IL12B,0.0245958985877012
IGSF8,0.0245895864031162
FAM179B,0.0245851032067922
D030018L15RIK,0.0245846532209863
WDR4,0.0245834334031928
TXNDC16,0.0245780362677223
AU022436,0.0245760132657857
GRIN1,0.024569168333257
4933438K21RIK,0.0245532300434589
AMN1,0.0245372092872946
FBXO17,0.0245309207368735
GM1673,0.0245283920112708
KLK4,0.0245257336094025
PPFIA2,0.0245206518436566
SCRG1,0.0245109125050756
UBL7,0.0245061760878126
MCL1,0.0245060120749324
IPO8,0.0244977317841889
PREB,0.024495705579718
4930551O13RIK,0.0244943272332772
PDS5A,0.0244932508983719
CYP2J9,0.0244888192197246
GMPR,0.0244864607606104
MRPL24,0.0244823283219709
FADS2,0.0244795134013362
CXCL17,0.0244665919444489
CBY3,0.0244515043574106
PRSS54,0.0244435328679766
PROX1,0.0244333797675387
D4ERTD58E,0.0244319842543347
A230083N12RIK,0.0244190781605931
HINT2,0.0244061479248652
SLC22A7,0.0243817998445395
VPS26A,0.0243817218864488
1700011I03RIK,0.0243796924112689
ACTL10,0.0243711792304327
FRYL,0.0243686032535126
OSR1,0.0243682518454423
CELF5,0.0243469211140134
LCORL,0.0243285674009093
CDC40,0.0243261181993374
2310057M21RIK,0.0243209617734395
SLC41A3,0.0243207829380878
RRP7A,0.0243085178237036
ANG4,0.0243037297437774
CCDC68,0.0243020957171717
LIMS1,0.024292267616298
POLE3,0.0242865871913742
4921523P09RIK,0.0242813966111339
TEX16,0.0242638734546158
PAPPA,0.0242634417437257
CD163,0.0242530787609399
YRDC,0.0242477296496135
LCE1F,0.0242431230105552
LGALS8,0.0242279474860921
BFSP2,0.0242267376484994
MAB21L3,0.0242217713962224
EPM2A,0.0242180098979473
ACSS1,0.0242056796180205
RTCB,0.0242034218003643
GMPPB,0.0242023338555181
LOC269472,0.0242017698701967
ZFP959,0.0241953611224128
PADI6,0.0241780594605662
ABCA9,0.024167493046711
6530402F18RIK,0.0241667218350959
PHACTR2,0.0241630900959548
CALB2,0.0241621706655536
9330182L06RIK,0.0241618637304364
RBM20,0.0241503635459536
MKKS,0.0241394385254681
2310005G13RIK,0.0241385661039847
MYO10,0.024136976893321
CANX,0.0241294706998205
PLEKHA1,0.0241276377482234
KLK1B7-PS,0.024106203531012
4921524M04RIK,0.0241027388766672
GOT2,0.0240961347299354
SCEL,0.0240827361293598
S1PR3,0.0240773841077902
TCERG1,0.0240714201159673
PAK2,0.0240634659453949
SCGN,0.024055831036471
MAPK9,0.0240494593153943
IL20,0.0240492595647846
3222402N08RIK,0.0240337049102086
GM10627,0.0240253872626688
PRPF39,0.0240119746562311
PLA2G1B,0.0240118425456097
KRT2,0.0240100865528487
CAR3,0.0240024254791689
FBXL16,0.0239977427520851
4930423C22RIK,0.0239973601838504
FAM151A,0.0239959254661579
FYB,0.0239827586858682
SPEF2,0.0239812489974174
PPP3R1,0.0239795001733705
ASB12,0.0239710914060997
SDHAF1,0.0239695170456326
IP6K2,0.0239668775402229
LSM1,0.0239616066849198
E130119H09RIK,0.0239583716745062
2410022M11RIK,0.0239388121564589
PIRB,0.0239358018563194
TSPAN8,0.0239329395319123
DNAJC17,0.023932195019319
LYG2,0.0239226370236158
IL1RN,0.0239185702414571
PALD1,0.0239154656763752
PBX1,0.0239142432838771
UBE2CBP,0.0239070428592431
HSD17B12,0.0239026439420006
MNAT1,0.0239020879075597
PARD6A,0.0239009080579289
IPP,0.0238893264677517
HRNR,0.0238874374292901
GBA2,0.0238858619144183
SHE,0.0238698048406068
COMMD4,0.0238404614154022
CD274,0.0238396887205919
PTPN11,0.0238390343192477
SLC22A22,0.0238390219614195
IFITM10,0.0238354461646417
A730041O05RIK,0.0238086200369086
CD209F,0.0237891986836275
RAB39B,0.0237737026492101
KBTBD13,0.0237392111248486
CTDP1,0.0237372068554833
SCAMP2,0.0237371494132453
EOMES,0.023737100680148
GNPTG,0.0237356868030251
TRAV12N-1,0.0237338997505387
A930036I15RIK,0.0237278966318452
SMUG1,0.0237225230553818
DGKQ,0.0237124813647899
GSC2,0.0237099557106539
TRBV13-2,0.0237002011092901
ARHGDIG,0.0236951100273073
CPD,0.023688404698709
VGLL3,0.0236836666476057
POLD4,0.0236805775544878
LOC102639375,0.0236692171684202
CCDC84,0.023664771430815
KCNC1,0.0236598403297334
D130012P04RIK,0.023647328121321
GM15941,0.0236470678837182
ARHGEF26,0.0236465562015808
NSG2,0.0236425267843918
2200002D01RIK,0.0236309217306106
CD3EAP,0.0236242638709294
COX7A1,0.0236186200146162
B4GALT5,0.02361184415025
SLC6A7,0.0236099618891834
PYGB,0.0235954948537971
CLDN10,0.023589072896458
9630009C16,0.0235867852801337
STAC3,0.0235800289197422
PRAMEF12,0.0235781120101978
BST1,0.023570410121128
9330169L03RIK,0.0235618050903788
CLDN18,0.0235552940150153
ADAMTS6,0.0235521851902174
GLCE,0.0235415728570241
LOC102641779,0.0235314256084542
MARCH7,0.0235267842517599
CDCA5,0.0235217783419384
C030039L03RIK,0.0235203188701405
ZIC3,0.0235190465889267
ZFAND2A,0.0235033787588435
C230004F18RIK,0.0234913559489976
C330024D21RIK,0.0234636959339871
ERMAP,0.0234531252599934
ZFP169,0.0234485947713285
2410006H16RIK,0.0234331444962725
NAV2,0.0234272162522144
ANKRD45,0.02341017902092
ARHGEF2,0.023406782437204
ASB6,0.0234043543702471
IGKV8-30,0.0233879497104153
9430034F23RIK,0.0233839310896216
KDM4C,0.0233769535779353
CYTH3,0.0233728723212318
PLD4,0.0233720876260963
ADCK4,0.0233605395383842
RUNDC3B,0.0233560167923261
TRP53I13,0.0233517761306044
C79743,0.0233507113518202
NSL1,0.0233443111399781
DZIP3,0.0233433479210741
MUP5,0.0233426996612233
ASRGL1,0.0233419432994164
ERCC6L,0.0233396664134745
MASP2,0.0233363406530765
SMIM15,0.0233355822557772
GM15663,0.0233339586107129
KRTAP3-1,0.0233329873933483
CCND3,0.0233061160802355
ODF2,0.0232915849578652
PGLS,0.0232895810834391
PSMC4,0.0232856337929913
DDX27,0.0232723726683799
4930524J08RIK,0.0232708777487552
LTB,0.0232696905614664
2010308F09RIK,0.0232348556483642
ASCC2,0.0232260282944206
1700109K24RIK,0.0232245362962824
EML5,0.0232206838729587
4933407O12RIK,0.0232205109156569
GM2044,0.0232098600549934
PPEF2,0.0231953010919775
ADAM17,0.0231917424821327
POU4F2,0.0231868162481446
SRRT,0.0231807876142702
MCM6,0.0231802847880396
TNFRSF9,0.0231788040128078
0610040F04RIK,0.023176941255883
PCDHB6,0.023175081566077
TAF13,0.0231739616269218
CCDC12,0.0231706302043791
ASB4,0.0231612686518174
LRRC8A,0.0231575972489071
TAPBP,0.023140299298576
GNB5,0.0231263991473434
IL6RA,0.0231185534676119
RNF2,0.0231138870912054
4632415L05RIK,0.0231048083452289
PRPH2,0.023092999427023
C1GALT1C1,0.023084672765704
RTN2,0.0230804937497263
CCNYL1,0.0230556621015484
1700061G19RIK,0.0230474845882326
6530401F13RIK,0.0230458773750117
NPTX1,0.0230282434401394
EEA1,0.0230258163208582
B4GALT4,0.0230226407878286
RBMS3,0.0230214542884866
PRSS29,0.0229845787759879
SCN8A,0.0229794208020448
EIF3B,0.0229635412196404
C78651,0.022938061270757
FPR-RS3,0.0229348807833007
9530053H05RIK,0.022930923783729
GNAT2,0.0229242652071151
TTLL9,0.0229028245210684
2310067E19RIK,0.0228923526310745
ZFP532,0.0228879860227907
POLD2,0.0228862297291768
NPTX2,0.0228747004493426
ZFP426,0.0228722415396439
DNMT3B,0.0228677438075932
UPK2,0.0228664815015322
BATF2,0.0228654410147885
AI317158,0.0228521432029843
BNC2,0.0228516203184323
LYVE1,0.0228507126284052
TIGD3,0.0228489172994082
2900064B16RIK,0.0228283153566193
MYLK,0.0228271713586581
1700039E15RIK,0.022811257642836
FANCM,0.022808263215768
OLFM4,0.0227969763183621
TIFAB,0.0227966700355405
CNIH2,0.0227959068351981
FAM83H,0.0227926639938719
D5ERTD798E,0.0227732601734963
NLRX1,0.0227697239692209
CLRN1,0.0227675067742234
PGAP1,0.0227669135793875
HIST1H3D,0.0227625187968837
GPR101,0.0227546957647537
SLC39A12,0.0227541513287614
PPARGC1B,0.0227140642878859
ZMAT1,0.0227133812190074
CELF3,0.0227091531768353
TNIP2,0.0227088666643077
KDELC1,0.0226959252374369
MOB3B,0.0226934689541044
5330439B14RIK,0.0226913761465051
HCFC2,0.0226869064821217
SORL1,0.0226821994226066
FN1,0.022674391024717
B3GNTL1,0.022672974270823
LIN37,0.0226683984577918
ZFP575,0.0226656263171162
COL4A4,0.0226641087767752
COX4I2,0.022661910977212
SSRP1,0.0226556902422281
FNTA,0.0226538696174358
1700003G18RIK,0.0226490955496997
GNPDA2,0.0226458951670371
5730406G12RIK,0.0226378515252545
ARFGAP1,0.0226275542844301
PKNOX2,0.0226265364095505
A230050P20RIK,0.0226228055747888
4930529K09RIK,0.0226132277074219
IL1RAP,0.0226111089148227
NME1,0.0226101715669559
PTPN12,0.0226094715430574
C78444,0.0226068694697762
EGFEM1,0.022590454425105
D12ERTD123E,0.0225769735051447
TYRP1,0.0225663168875188
D530015H24RIK,0.0225402795038059
SMC1A,0.0225370483109744
NYX,0.022528414384207
PTPRG,0.022523803287823
CTSQ,0.0225229903662076
SRP68,0.0225217639633536
MLLT10,0.0225059825211795
TMEM119,0.0225007493489815
4933425L06RIK,0.0224919437716925
AGO3,0.0224840277643711
SULF1,0.0224719173027917
SNX31,0.0224606281983676
TAB2,0.0224549747600728
RWDD4A,0.0224516885206104
BAI3,0.0224437947962525
REST,0.0224397295828655
R74862,0.0224379887163458
ASB11,0.0224338331299383
KLC3,0.0224186155551163
IL33,0.022412197734875
CD177,0.0224113579258024
ANK,0.0224069829196168
PIK3C3,0.0224065546424949
ARHGAP42,0.0224015383062034
PEX11A,0.0223933284363745
IQCF3,0.0223897746218422
RASGRP1,0.0223874027530441
CCDC96,0.0223800447764737
TENM3,0.0223721370328886
AI987944,0.0223637223834897
KRTAP19-1,0.0223632056583702
PROK2,0.0223586730887279
GM14137,0.0223565799310284
LCN2,0.0223511325824063
EIF2AK2,0.0223492021655465
LOC102637262,0.0223480559866339
GM10710,0.0223468422710105
MMP7,0.0223421234947474
TOMM34,0.0223398737104569
ITGBL1,0.0223312952741273
TECPR2,0.022299901777733
D5WSU152E,0.0222932863549092
TMPRSS11A,0.0222843953660863
2610021J01RIK,0.0222761679997656
C5AR1,0.0222712645429234
TM7SF2,0.022260938728158
KRT23,0.0222538199873272
CTSC,0.0222536343746355
PRL3C1,0.0222517489126262
OMP,0.0222494636835543
8430401P03RIK,0.0222492712020971
PGLYRP2,0.0222488538267178
4930509E22RIK,0.0222455895873819
ST6GALNAC1,0.0222288099797592
MYO5C,0.0222168637055497
D17WSU104E,0.0222093772329827
D4ERTD199E,0.022203900559696
KRTAP22-2,0.0221993876160843
TTC30A2,0.0221816482152132
A230072C01RIK,0.022178384158826
ZEB2,0.0221747965731721
ARRB1,0.0221674661110652
BSG,0.0221644769483634
MED27,0.0221623279537696
TRIM65,0.0221620069839154
AK138291,0.0221573008871028
PENK,0.0221549636741074
CXCL14,0.0221534345930726
TSHZ1,0.0221506971408615
CRHR1,0.0221470000061947
TMEM208,0.0221271428410823
CLCN5,0.0221244502139258
KCNH3,0.022124340500717
DHX16,0.0221131559758569
D5WSU148E,0.0221112006663548
2900034C19RIK,0.0221002618616884
LOC102643033,0.0220894212407611
TET2,0.0220888747736628
RPS6KA2,0.0220863119491349
GRP,0.0220739192014035
RBFA,0.0220667061273128
CEP83,0.0220664422341607
9530018H14RIK,0.022064453642902
GINS2,0.0220595791938275
GPR63,0.0220547540806724
HMG20A,0.0220532063172059
E2F3,0.0220464673227494
SNAI3,0.0220267613968755
2310001K24RIK,0.0220263699300681
MCC,0.0220237850896804
GZMN,0.0220209395799456
CEP350,0.0220193200112818
LOC102632927,0.022019129476609
DDAH1,0.0220085361662961
1700034H15RIK,0.0220026517170027
ARL11,0.0219939675623488
1110028F11RIK,0.0219919332011599
PCDHB9,0.0219873125007291
RASSF6,0.0219862466178712
SMCO1,0.0219773039810149
ZKSCAN8,0.0219657941650536
9130009M17RIK,0.0219633727202693
D130084N16RIK,0.0219582543032475
TLE6,0.0219506621789325
4930556A12RIK,0.0219470210365102
STARD6,0.0219332342886346
RAB40C,0.0219279730283076
RPL39L,0.0219204903614145
A830052D11RIK,0.0219192530815145
GM17244,0.0219047239102656
1700110I01RIK,0.0219041127572698
ZSCAN10,0.0218906499199322
CEACAM2,0.0218888448748046
BLK,0.0218809524756689
LOC102639318,0.0218724725648596
SCARB1,0.0218673093056908
CCDC92,0.0218654870413524
8030474K03RIK,0.0218616729561936
ACPP,0.0218519289614586
GNG3,0.0218451075778933
EPB4.1L4A,0.0218433139889994
WNT11,0.0218385016120682
ABTB2,0.0218335171974915
LYZL6,0.0218292917711286
TMEM81,0.0218280221402651
TNNT2,0.0218263715872662
TNPO2,0.021813634335786
SEC14L2,0.0218134629803701
SAE1,0.0218032146850691
4930544F09RIK,0.0217997839854356
LRRC16B,0.0217899154296819
ZNRF3,0.0217709934489591
TMCO6,0.0217668106675883
CRYZ,0.0217603392985506
SPEER4F,0.0217551667751081
CALR3,0.0217539747387605
LOC101056118,0.0217529725239163
ANGPT1,0.0217482639818647
D8ERTD575E,0.0217339206186431
FV1,0.0217292411099423
SLC26A11,0.0217288790108673
VMN1R14,0.021723336168966
ISOC2B,0.0217226190765721
FOLR1,0.0217220612072984
TAP2,0.0217196595057643
PLAT,0.021715186567798
SBSPON,0.0217100425906591
9030619P08RIK,0.0217006860825562
DGKK,0.0216989850925088
H2-EB1,0.0216978775088432
ADRBK2,0.0216959144709596
MDC1,0.0216952864084285
MAP4K4,0.0216855328411438
THBS3,0.0216833666851523
GUK1,0.0216826337047298
RIPK2,0.0216581802389474
RDH14,0.0216478436318263
GPAM,0.0216452880495462
SSBP4,0.0216430144056377
NAGPA,0.0216423308914785
GRIA1,0.0216282903354802
ZDHHC11,0.0216221761220097
PPP1R16B,0.0216213259282525
USP42,0.0216206290201272
OGG1,0.0216196076165829
5930405F01RIK,0.0216143113006119
LEO1,0.0216072211011626
SAMT3,0.0216058439871927
8430418B16RIK,0.021589389920999
LCMT2,0.0215851818089726
A330023F24RIK,0.0215843965470323
SLC15A3,0.0215703762082003
KAT2B,0.0215599670326593
HNF1B,0.0215499416308022
A930033C23RIK,0.0215414799482762
SYNCRIP,0.0215406798949893
MERTK,0.0215368559970352
CAR5B,0.0215283212975021
DYDC2,0.0215264090362015
BC021614,0.021520108646255
TSSK4,0.0215111699302454
WNT5B,0.0215105382959991
CACNG7,0.0215055263340911
HIF1A,0.0215027829571026
SLC24A4,0.0214999185358914
1700071K01RIK,0.021498667674688
POLR3F,0.0214972220156768
RHPN2,0.0214886997188915
C78128,0.0214866336054889
SMAD7,0.0214743038309071
ATP13A2,0.0214501337462454
ARNT2,0.0214428275255158
LHX2,0.0214316331764316
FAM214A,0.0214209011417189
VCL,0.0214208153722136
FAM227A,0.0214117936520488
9430013L14RIK,0.0214104081069431
4930579F01RIK,0.0213909644617095
TMC6,0.0213906601547027
AFP,0.0213903429022234
OSBPL3,0.0213897344583398
5430421N21RIK,0.021387304830866
REDRUM,0.0213849555492163
CLCA4,0.0213834535985636
TAF7L,0.0213810856421776
AI594671,0.0213744647450017
COL4A1,0.0213697774655244
4930403L11RIK,0.0213635152841584
TMED2,0.0213574664330424
RHOV,0.0213474491922034
TSPAN17,0.0213474421516736
D830012I24RIK,0.0213364832929064
COX8B,0.021336105986263
PSMB2,0.0213341996658189
B3GALT1,0.0213312063277383
TARS,0.0213251249594347
1810062O18RIK,0.0213204352280643
C80763,0.0213134465760114
GM5089,0.0213133053760542
CCR4,0.0213048926224644
TSPAN4,0.0212970903387693
TNK2,0.0212947364983822
SRR,0.0212861689213846
1600002K03RIK,0.0212857031317565
GPC4,0.0212831600577818
RCOR1,0.0212826114163979
TYW3,0.0212780275373124
MESP2,0.0212764012821214
9030601B04RIK,0.0212493763631633
DONSON,0.0212450967583402
COPA,0.0212434578328088
TRP53I11,0.0212412991713144
CHRAC1,0.0212336074361184
WBP11,0.0212333750172644
REXO4,0.0212327427427074
OBP1A,0.0212198366637478
GM2990,0.0212189758284754
CDC26,0.0212165508654657
RTEL1,0.0212149342661078
LST1,0.0212129307500836
CAPRIN2,0.021212374598618
TRIB3,0.0212086164969083
CRYAA,0.021185787431699
HOMEZ,0.0211803565875057
RNF217,0.021176283228916
LMCD1,0.0211760256238531
FGF2,0.0211724980380875
VAMP2,0.0211693112571417
ARRDC1,0.0211593101012108
D17ERTD165E,0.02115266966639
GM9930,0.0211482812048554
ZFP768,0.0211437874363426
SLC11A2,0.0211414290519233
CD48,0.0211180481119072
TBC1D10A,0.0211168395689359
9030624J02RIK,0.0211133866677227
CDK19OS,0.021111732306643
RAP1GAP2,0.021105306786363
IGTP,0.0211007606967751
BCAM,0.0210978596615223
SLC5A6,0.0210959534968035
PANCT1,0.02107555608685
HN1L,0.0210659803353303
ALDOB,0.021064645976164
N4BP1,0.0210604236992631
PMS1,0.021059068924957
CNEP1R1,0.0210584575066125
EYA4,0.0210431707114464
CLEC3B,0.0210389039020957
A930018O16RIK,0.021018254571703
FAM53C,0.0210167253870187
PKM,0.0210137132745158
METTL22,0.0210069776348973
NUP85,0.0210060183216382
SLC25A33,0.0210011105888426
1700034I23RIK,0.0210009274048485
CCDC184,0.02100044992061
PROSCOS,0.020997442099107
INTS10,0.0209956837607023
POLI,0.0209955839233049
RAB33B,0.0209932620338248
SLC25A45,0.0209870519399041
C77691,0.0209769236083687
MSRB1,0.0209765178029665
5330438D12RIK,0.0209721172928029
FPGS,0.0209633490530112
EDEM3,0.0209542404832322
D7ERTD715E,0.0209528417033455
HBEGF,0.0209520104966539
CD200,0.0209504256907574
CPNE2,0.020943131827723
MTCP1,0.0209427533064646
FRMPD3,0.0209371513663199
CERS4,0.0209341023019036
KRT19,0.0209283365055111
A530058O07RIK,0.0209260388369746
GNG7,0.0209251797607689
VILL,0.0209235620650975
FOLR2,0.0209234854250363
WNT8A,0.0209186093169962
D8ERTD268E,0.0209150176730739
LIN9,0.0209101168005915
SUPT16,0.0209067799554896
ARHGAP5,0.020890298482451
P4HB,0.0208822115152722
C77905,0.0208775777350812
GLRA4,0.020870990111364
TSHZ3,0.0208435741177599
FFAR2,0.0208222524101435
VIL1,0.0208216172433992
LSM4,0.0208187335245858
4930522N08RIK,0.0208129304597767
LIX1L,0.0208075942317448
DOC2A,0.0208039362780699
PPAPDC2,0.020803523111033
TMEM159,0.0208012201986202
ZFP106,0.0207988921082715
XRCC5,0.020794625554988
TMEM237,0.0207900922127318
NUMB,0.020789532465291
DDX26B,0.0207849134263647
GPD1,0.0207816034249323
ACSL5,0.0207718796396534
ZMYM5,0.020767148590996
BB163080,0.0207666178006866
AU021128,0.020753506097725
IRS4,0.0207529541484268
PKD1L2,0.0207490858581976
PRLR,0.0207463540227508
RAP2A,0.0207442097425294
EDEM1,0.0207158517295857
CFL1,0.0207043440380853
AU022245,0.0206936469332135
LCN5,0.0206885145875825
PSEN1,0.0206849622771004
FBXO18,0.0206818403137098
OPCML,0.0206812102864943
VAT1L,0.0206677113739607
TNIK,0.0206604486936454
AJUBA,0.0206570556975476
SPINT4,0.020654894950621
PFKM,0.0206455169494059
VAC14,0.020629167199434
KLHL23,0.0206269916367457
HYAL3,0.0206191382610159
4933412E24RIK,0.0206191356579725
CKMT1,0.0206171684521982
SEMA3C,0.0206089544994813
GRAMD1B,0.0206040829489981
ATP9B,0.0205974431428235
ARHGEF12,0.0205896290596672
THRA,0.0205894536687219
TMEM86B,0.0205877138307131
4921515E04RIK,0.0205835848697872
1110008F13RIK,0.0205814932741892
NEFM,0.020580416548831
CSAD,0.0205788733146967
MXD1,0.0205782947076027
AK088937,0.0205695190707596
WDR91,0.020558389012587
PHF10,0.020553448685173
DBPHT2,0.0205532997482564
ST8SIA5,0.0205448642869282
GLIS3,0.0205419052301539
130004C03,0.0205356549743509
3110009F21RIK,0.0205340551607198
MS4A7,0.0205316738957081
ACTR10,0.0205283792657766
OSCAR,0.0205233343367957
JMJD6,0.0205165729194674
MFSD7B,0.020511836372554
CCDC7,0.0205103298030241
1010001B22RIK,0.0204991387292451
KRTAP28-13,0.0204974403612636
4930524B17RIK,0.020490749478711
RNASE2B,0.0204881881298679
KRI1,0.020477688144192
PIGR,0.0204765862462996
GPAA1,0.0204764247472319
VPS37A,0.0204740974382332
1700034F02RIK,0.0204729825469567
PROM1,0.0204694220730609
EPCAM,0.0204669975065008
CYPT12,0.0204649445857722
SPEM1,0.0204637404875952
TSEN2,0.0204634724793369
MMP9,0.0204525689053522
ABCA12,0.0204514127834481
ZFP521,0.0204511773283011
MFF,0.0204487441527296
ACSF2,0.0204427532915769
UBE2I,0.0204412556152743
TMEM189,0.0204153829359554
CML1,0.0204072627558248
EPS8,0.0204055921374114
DHDDS,0.0204029649611522
B230334L07RIK,0.0203952375595479
RRP36,0.0203951253069584
OAS3,0.0203889968604072
8430431K14RIK,0.0203848182468066
SLCO3A1,0.0203846544642139
KLK1B21,0.0203740351463901
GM10512,0.0203710471770234
MYCS,0.0203660784219806
DCAF12,0.0203632836818146
NOL3,0.0203591153733863
ZFP81,0.0203574165249056
CD276,0.0203510450058695
ZFP628,0.0203467040695662
SERINC4,0.0203289865200379
RPRD1B,0.0203176582198456
4921525D07RIK,0.0202905211116381
9130009I01RIK,0.0202770695487975
4933416M06RIK,0.0202738267801934
GM15958,0.0202693669002048
FEZ2,0.0202688228853021
HDHD2,0.020267517507313
CYP51,0.0202669661680814
PRL3D1,0.0202650925622446
ZFP644,0.0202614939281168
PGAM5,0.0202502293540224
DPT,0.0202439407784692
DDN,0.0202415415519755
1700086P04RIK,0.0202391774638177
4930453J04RIK,0.020233583147812
GINM1,0.0202325325269366
ABI3BP,0.020210771800843
4930465M20RIK,0.0202105174569941
SERP2,0.0202031295024726
NWD2,0.0201912589882399
BATF3,0.0201878853986642
MDN1,0.0201853268712606
CCDC71L,0.020182682964615
COPRS,0.0201814098016731
2310015K22RIK,0.0201813835198468
NICN1,0.0201726302950842
GM2115,0.0201362009381278
A130004G11RIK,0.0201316649828896
2610028E06RIK,0.0201200358789984
GPD1L,0.0201167489911949
4930556A20RIK,0.0201080587538051
SST,0.0201019427947843
NUAK2,0.0200961162968447
CLPTM1L,0.0200892701492914
OPN3,0.0200876093421
TMEM173,0.0200820242160189
PPP2R2C,0.0200688719319743
SRGN,0.0200678103246002
PDE9A,0.0200655580692376
AU015849,0.0200548945899779
ECSIT,0.0200448307226106
FHL3,0.0200182540856925
CD209B,0.020018241818932
TRIM14,0.020010462003688
PNMA3,0.0200082686798826
TMEM69,0.0200001237893566
1700122O11RIK,0.0199998442578774
MVD,0.0199770446029143
B4GALT1,0.0199660842924426
KIF23,0.0199611274431783
MEX3D,0.0199595900597113
1700009N14RIK,0.0199573844143629
KIF18B,0.0199424920875025
TOP2B,0.0199349166643627
SIGLECH,0.0199314303915519
SPEN,0.0199254246602862
VIM,0.0199220844355336
ADGB,0.019921753387388
OMD,0.0199181687743833
C330013J21RIK,0.019918054933568
SLC29A4,0.0199092809892508
KDM2B,0.019901464269622
NPPC,0.0199010980471645
LZTS2,0.0198973634751077
SCN4B,0.0198948537222091
FSD1,0.0198752514616297
ARHGEF11,0.0198681833251249
SNX2,0.0198639405504776
B930042K01RIK,0.0198629733324119
LRP1,0.0198544796151372
MUP3,0.019847132744006
LPIN2,0.019838505248656
IER3IP1,0.0198350108550439
SNAP47,0.0198349631830179
RAG1,0.0198344181566419
PEX5L,0.0198313380984163
LYNX1,0.0198244256757411
GMPR2,0.0198178439560143
TAF8,0.0198149348124453
LRP10,0.0198128809797236
GLRP1,0.0198050587849102
MED21,0.0197979123479918
KIF5B,0.0197952619924768
APCDD1,0.0197942339232926
CD2BP2,0.0197937454974912
BMP5,0.0197904206987188
A130086G11RIK,0.0197888002039619
TJAP1,0.0197768128546222
4930435M08RIK,0.0197736469291672
TMED3,0.0197675439624404
NANS,0.0197644867605964
CNRIP1,0.0197599435089048
4930539J05RIK,0.0197592956412782
UBTF,0.0197523471003415
D14ERTD725E,0.0197522780371425
ZFP52,0.0197470279861435
2310008B10RIK,0.0197452869822443
DERL2,0.0197367427402818
CHST7,0.0197322637073962
5033430J17RIK,0.0197278981600218
FAM129B,0.0197063249805893
2900093K20RIK,0.0197062857520349
FBLN5,0.0196990263333702
6430547I21RIK,0.0196916582506232
URI1,0.0196850227006864
1700061F12RIK,0.0196790551121682
ZFP429,0.0196721216966706
MED25,0.0196644831044275
SP3OS,0.0196533450397743
A230051N06RIK,0.0196526158673639
USP21,0.0196439103175212
IGLON5,0.0196388589815761
MOXD2,0.0196321611576944
SFMBT2,0.019631246249495
GM10083,0.0196307629763225
STAB1,0.0196255356421558
SRRM1,0.0196164975543526
MN1,0.0196126002085825
INADL,0.0195850264914881
STEAP4,0.0195776986342368
CD83,0.0195695125551878
1110012L19RIK,0.0195628096275185
TCF4,0.0195573704381863
PLEKHH2,0.019554623396298
VSIG2,0.0195540188368282
GABRB1,0.0195503279376685
9030409C19RIK,0.0195496119426478
RBM3OS,0.0195475220920753
2310047M10RIK,0.0195415337872437
MED29,0.0195377462173887
ZSWIM3,0.0195163538104417
BC023969,0.0195121311099531
C130036L24RIK,0.0195077013459523
PTPRO,0.0195065811455143
RPAP2,0.0195028433106894
HAPLN2,0.0195016431610292
ZFP30,0.0195006701335407
ZBED6,0.0194962773078655
DFFB,0.0194897730592126
DEFB3,0.0194862062148441
CTSLL3,0.0194855297409349
1700030C10RIK,0.0194785830638225
CXXC5,0.019477056307768
CACNA1D,0.0194736731647655
GIP,0.0194719193925627
MX1,0.0194479629332917
PAK7,0.0194450911315221
PKD2L1,0.0194412342665362
1810030O07RIK,0.0194396689228885
4930500H12RIK,0.0194282345201015
TFDP2,0.0194262733153417
FMR1,0.0194229600351497
D3ERTD270E,0.0194152171102393
SMG6,0.0194105982939724
PCYT2,0.0194038151329349
SLC25A25,0.0194031777864076
TCEA3,0.019401315736983
NAT8,0.0194000568834091
AU045717,0.0193945663977438
PARP3,0.0193862670214289
DNAJC24,0.0193845521328452
HRH3,0.0193599631218413
GM13262,0.0193541143291077
UACA,0.0193535485818332
C530005A16RIK,0.0193517246929538
B4GALT2,0.0193496950419514
SSB,0.0193454214821677
MRC1,0.0193429468795427
NKX2-6,0.0193412536386202
PDCL2,0.0193309440279385
F7,0.0193299877277966
ZFP36L1,0.0193268932457145
PARS2,0.0193219785789975
KHDC3,0.0193077500986479
GAB2,0.0193049261435974
TRMT11,0.0192939936753866
DESI2,0.0192923822886969
SERPING1,0.019289443787534
SEMA3F,0.0192835756541567
NRIP2,0.0192780051372435
PILRB1,0.0192594255924433
E330020D12RIK,0.0192560477714626
1700034P13RIK,0.0192547855095962
GRIN2A,0.0192501328999611
SIVA1,0.0192470835841439
VMN1R25,0.0192461858833472
CCDC3,0.0192368275733595
ZFHX2,0.0192363127230829
BC005764,0.0192311257896183
DNAJC1,0.0192289432802249
LYRM2,0.0192279034339957
ZFP362,0.0192248442029235
TMEM100,0.0192245045132605
OPN4,0.0192215850166564
SLC6A19,0.0192215835845019
COPE,0.0192161177345954
VPS37D,0.0192135869507427
ACTA2,0.0192129329119243
B4GALT3,0.0192047359541827
DUSP3,0.0192032524510393
NIPAL3,0.0191966208289885
4921531C22RIK,0.019194090872179
GM4926,0.0191901680314735
FAM78A,0.0191895081181207
GCHFR,0.0191800583522792
YIF1B,0.0191774626230587
GM10505,0.0191590906071121
XPO5,0.0191378437690566
AAGAB,0.0191346142085692
A830018L16RIK,0.0191339073336314
ZFAND5,0.0191307615871379
MRPL49,0.0191222825751378
LRRN4,0.0191180535601988
NQO2,0.0190968650175438
NELL2,0.0190881008161016
SNAPC5,0.0190863939373812
CMAS,0.0190833128784996
TMEM132E,0.019079354682531
MSRB2,0.0190752206790883
STFA3,0.0190750732694337
ZFP473,0.0190684616069613
ZFP712,0.0190662987669429
SLC5A7,0.0190502579645405
SIM1,0.0190500175577385
SH3D21,0.0190464845461443
4930550C17RIK,0.0190415171221604
UGP2,0.0190395713695913
SEZ6,0.0190269690750967
2210011C24RIK,0.0190213493536039
9130208D14RIK,0.0190147782786024
1700030F18RIK,0.0190113867702331
COL6A1,0.0190059114172476
SCYL2,0.0190038588688232
STIM1,0.019000649537931
GM13152,0.0189953454669695
TMEM247,0.018994065090265
DOHH,0.0189915052211664
ATP1A1,0.0189891540560586
KCNJ2,0.0189876657620086
ZFP385A,0.0189832623649644
FADS6,0.0189782165375544
NRXN2,0.0189712607427186
TPR,0.0189694804309448
A730028G07RIK,0.0189665930274277
LOC102638292,0.0189661631451941
PODN,0.0189645362656095
GLT8D1,0.0189609124781613
D130020L05RIK,0.018959266549836
RPP14,0.0189477583872895
NPHP1,0.0189332880496721
SCNN1G,0.0189296524553306
4933408K01RIK,0.0189272460503509
SERPINA10,0.018927212257757
2010004M13RIK,0.0189255970071334
SLC5A2,0.0189252958088669
BANF2,0.0189097869491322
MBOAT7,0.0189018293674157
CLSTN1,0.0188970622331776
ZFP472,0.0188940882137016
FAM114A2,0.0188904442577482
THSD7B,0.0188884880407941
TASP1,0.0188858470969309
FAM50A,0.0188843820246181
2210409D07RIK,0.0188835608554841
LOC102636289,0.018874666175073
CNTRL,0.0188718064436932
UBA6,0.0188713854577819
SH3BGRL3,0.0188689586663231
5830432E09RIK,0.0188640525313943
RNF141,0.0188607489943888
PCSK9,0.0188604615453932
1700123O12RIK,0.018857405643752
1700016A09RIK,0.0188555815954703
TMEM150COS,0.0188495340270956
TMEM132D,0.0188395414584655
1500011B03RIK,0.0188364616738541
SARM1,0.0188235119769181
SAMD14,0.0188143297138431
SLC5A4A,0.018796643560546
SLC11A1,0.0187957039318375
RABGGTA,0.0187954020175686
LOC102635192,0.0187936509325616
HS3ST6,0.0187868467360386
BCAS2,0.0187828069739621
GPA33,0.0187711919806855
MUL1,0.0187677065806049
IGSF6,0.0187640729490541
GM3579,0.0187590813576607
PRL,0.0187537260509134
DNAJC14,0.0187481103219903
SUPT6,0.0187449432253812
ANKUB1,0.0187419803677781
PPP1CA,0.0187191638002428
BAX,0.0187139006269717
CADM4,0.0186964950027083
TBC1D12,0.0186958913233432
B9D1OS,0.0186890753078446
TFEC,0.0186875678787714
B3GAT2,0.0186859908317207
HPGD,0.0186723263387039
CLDN22,0.0186656829680849
EP300,0.0186559058415545
LINGO3,0.0186533188483283
BLMH,0.0186527884452454
PPP1R32,0.0186469223211333
LOC102637500,0.0186463014022025
VAT1,0.0186458081671557
VGLL2,0.0186455219721884
NCAPG,0.018642771013728
CRTC1,0.0186405225488865
ERI1,0.0186375096581004
HBP1,0.0186372277459365
MYO18A,0.0186341567719046
IFNZ,0.0186305767253752
IGKV9-120,0.0186161254800375
CRYGS,0.0186143942590611
FCNA,0.0186101320103345
FGD2,0.0186099605283056
MYBPHL,0.0186071399765028
CCDC77,0.0186016381799618
GM13629,0.0185986494412456
4933428P19RIK,0.0185973252502309
INSL6,0.0185950508551755
ERO1LB,0.0185769519524016
GADL1,0.0185768403573094
TFAP2B,0.0185734607495232
GYS1,0.0185631201256744
AA914427,0.0185609216848784
MRPL3,0.0185580349119723
AI597479,0.0185529299120189
ADRA1A,0.0185506646560941
AI835735,0.0185456031959426
4930519A11RIK,0.018539205684258
TMEM259,0.0185314807943535
POP7,0.0185205337288196
PAWR,0.018519801059391
KRT79,0.0185196634742932
POLR2F,0.0185061631838978
SLC9A3,0.0185038846136111
THOC1,0.0185027061282306
SLC4A3,0.0185017223387705
ABHD13,0.0184998767825464
UIMC1,0.0184990958679613
GLRX3,0.0184962316043514
AU015696,0.0184951371341473
MAD2L2,0.0184832178539656
DRP2,0.0184645873280832
C030013G03RIK,0.0184548117151654
AKR1C19,0.01845394404633
DAPL1,0.0184535093877206
TFAP4,0.0184472947587762
NUDT17,0.0184454621864533
TANGO2,0.0184395960093026
ASB3,0.0184385371454547
SPEER7-PS1,0.0184350365941133
MUP4,0.0184332724901782
OPALIN,0.0184332597103414
WNK2,0.0184284209150075
ATXN7L3,0.0184258490481639
LHCGR,0.0184225380377553
NLRP5-PS,0.0184190955893289
METTL18,0.0184175059248213
IRF2,0.018414830831441
DHX58,0.0184101328629192
ZFAND2B,0.0184087445790154
TRHR,0.0184057357035785
PRIMPOL,0.0184002995768661
GYPC,0.0183974232447797
E130114P18RIK,0.018390589297862
FAM185A,0.0183846506071991
RPS27,0.0183829126065666
4930442H23RIK,0.0183797912432636
NDST1,0.0183702543645858
DNAJC13,0.0183697705256301
TGM5,0.0183601515839086
SFTPC,0.0183414556374352
1700001C19RIK,0.0183404185661912
WDR61,0.0183396427273804
GAP43,0.0183329438154489
ATXN7L2,0.0183290653980292
EFS,0.0183161621933051
UNG,0.01830891805667
NPFFR2,0.0183088225617234
LOC100503594,0.0183082479071923
UBE2O,0.0183078717394643
NOVA1,0.0183018463088126
LOC102642487,0.0182986972368747
ABHD14A,0.0182956910829108
RAD23B,0.0182886787287231
DOC2G,0.0182779156512167
KRT8,0.0182732567797967
3010026O09RIK,0.0182673385320763
SIGLEC1,0.0182655099795933
TADA2B,0.0182632177788431
CTBS,0.0182624398927684
CALD1,0.0182615448487332
SCPEP1,0.0182614760582388
ATP6AP1,0.0182539152004325
1810043G02RIK,0.0182535974184358
KCNJ12,0.0182523079590859
HDGFRP2,0.0182417593186521
NHLRC2,0.0182356113695694
OLFM1,0.018228307052204
SEPT14,0.0182240914327977
TAC1,0.0182198292282548
5033423K11RIK,0.0182148672431734
CHIC2,0.0182132624994877
RGS19,0.0182121024610037
HPS5,0.0181943006245693
5430427M07RIK,0.0181850731154261
DFFA,0.0181752563573494
CRYBB1,0.0181714728915894
C230091D08RIK,0.0181630937043255
CCDC160,0.0181596668856055
EMP3,0.0181540897739461
TRIM47,0.0181540369473454
4930447F24RIK,0.0181475275861638
1700007F19RIK,0.0181471118534328
GM9905,0.0181470046627735
PAPL,0.0181425089650994
RNPC3,0.0181370825341145
ZMYND19,0.0181363778620618
DIO1,0.0181347547953898
ANKLE1,0.0181306036877685
ZFY2,0.0181267402611033
GM19576,0.0181233920128038
5830407F19RIK,0.0181198159706799
TCN2,0.018119311580585
PCNXL3,0.0181130394544057
TWISTNB,0.0181127773528926
CTSG,0.0181114864148434
NDUFB6,0.0181056403179997
CDH15,0.0180956073279525
4930563J15RIK,0.0180932274504959
TMOD1,0.0180892002838748
CWH43,0.0180778646484812
SLC25A37,0.0180759406280711
1700067P10RIK,0.0180707046368762
SLITRK5,0.0180593710851293
BC089491,0.0180540027060589
EIF3C,0.0180525436284334
1810041L15RIK,0.018050228405872
MSTO1,0.0180465286377002
SGCE,0.0180379558521393
UPK1B,0.0180379299696813
4932435O22RIK,0.018035908630261
4732491K20RIK,0.01803547535728
DEFB45,0.0180331178742099
TCEA2,0.0180321974721102
TNFAIP2,0.0180320121918215
BMP10,0.0180224251614149
GM26643,0.0180202201264381
SLC25A47,0.0180162548589076
HAUS5,0.0180122275107851
CCDC38,0.0180069149247726
CD80,0.0180027965410843
PHGR1,0.0179988771597763
LHFPL2,0.0179977055969162
IL4I1,0.0179960234854215
LOC100862268,0.0179944897803191
GAL3ST2,0.0179944260319145
GFPT2,0.017989584938808
SLC16A7,0.0179832338752307
FLOT2,0.0179799893634898
LRRC75AOS2,0.017959871594542
CSGALNACT1,0.0179556564096601
NEIL3,0.0179520297298386
ENGASE,0.0179410306242001
TTLL11,0.0179363461204462
VMN1R171,0.0179353650184927
PRDX4,0.0179269012286451
MDP1,0.0179243729026441
SNTA1,0.0179167557351511
KRT13,0.0179099622188653
MRPL35,0.0178928675346567
RASL11B,0.017882815982891
D5ERTD255E,0.0178775498410146
TMEM229A,0.0178773594827416
DPP6,0.0178763752971885
HSPD1,0.0178753756482529
GM10010,0.0178706566608353
VCPKMT,0.0178628706614005
GGTA1,0.0178623273454392
TAF5,0.0178608560043102
FAM131C,0.0178571749600437
KLHL1,0.0178419232132286
GM4251,0.0178414145885699
SNIP1,0.017839918323682
AA987161,0.017836254517255
WDR5,0.0178304886210548
POLR3D,0.0178129134674818
A130033P14,0.0178100044148956
AU015603,0.0178039590897297
6430598H11RIK,0.0178015029728876
ANXA13,0.0177966704514831
CCDC55,0.0177869312130409
GRIA3,0.0177835855007077
D19ERTD409E,0.0177828140756081
NEK5,0.0177585288337834
2810474C18RIK,0.0177572211395208
4933425D22RIK,0.0177534700743869
BANK1,0.0177507273900761
PMAIP1,0.0177480871380032
EREG,0.0177430389024068
NRBP2,0.0177423727596956
CDK19,0.0177423558582807
ERGIC1,0.0177418281581837
CHMP2B,0.0177387432080432
SLC39A11,0.0177377258950939
EFNB3,0.0177373127793337
CHAT,0.017731370789024
1700084C06RIK,0.0177229357618053
SEMA3A,0.0177209141321253
HIST2H2BB,0.0177082301024142
NPRL3,0.0177017378884647
1700109H08RIK,0.0176964171689874
DCTN2,0.017679582344762
CACNA2D2,0.0176783960352918
CCDC157,0.0176740017908653
ZFP955A,0.0176710390750268
GFOD1,0.0176658437033609
INTS1,0.0176515000792418
GLIPR1L1,0.0176398413011443
9030404E10RIK,0.0176386203666668
DLD,0.0176376990194797
PLGRKT,0.0176363591006045
SFSWAP,0.0176362152691239
SRSF10,0.0176341366812779
PARM1,0.0176302284269717
METTL21E,0.0176296370616751
5830456J23RIK,0.0176266944630154
ZFP866,0.0176263753757028
CCR2,0.0176262034373955
EXOSC10,0.0176228570562929
NIFK,0.0176195413253993
RNF185,0.0176177719410328
C330018D20RIK,0.0176130569947064
IFT88,0.0176041793069567
SLC6A12,0.0175972308551215
LYPD3,0.0175972054002209
MTUS1,0.0175952626319374
GM1965,0.0175873870515577
NARS2,0.0175749637717426
KCNJ10,0.0175716820283438
SNAPC4,0.0175713377545536
APOBEC4,0.0175711811209168
GEMIN7,0.0175686260204703
CYP4B1,0.0175585724119375
C230085N15RIK,0.0175561448210079
LSM8,0.0175549853822445
2900064F13RIK,0.0175516164650849
ZDHHC22,0.0175462075317248
USP38,0.0175443145479095
FAM132A,0.0175426519785467
SLC38A1,0.0175401583574768
FAAH,0.0175352161930746
SLC12A3,0.0175340089561951
AURKA,0.0175338216577657
BC048562,0.0175299245827618
ATP5G1,0.0175237893651124
4921506M07RIK,0.017515665717764
NRG4,0.0175139236499589
1700003D09RIK,0.0175138274931903
PHOSPHO2,0.0175064688542645
RDH11,0.0174969334477504
GM12863,0.0174963218747266
DLX4,0.0174963163695445
1700095A21RIK,0.0174940011958104
RASL10B,0.0174820827817944
FAM26E,0.0174747763859966
EIF4EBP1,0.0174718683615639
UTRN,0.0174616994007632
KCTD18,0.0174554030956406
KHDC1A,0.0174401419227856
SAP130,0.0174345504777621
CYSTM1,0.0174340412628577
LYPD6,0.0174260445553065
RALGPS2,0.0174258543172912
IGLL1,0.0174239415575725
DOS,0.0174231736731988
DANCR,0.0174197399432871
CSF2,0.0174185129027752
ABCA8B,0.0174163878342334
C430002N11RIK,0.0174028435717037
CRIP1,0.0174025275399564
TIMD4,0.0173982820623973
BFSP1,0.0173929623426991
YIPF3,0.0173927791514888
SRST,0.0173918489051512
MAN1C1,0.0173877668095193
1700003M02RIK,0.0173832530697462
AI504432,0.0173826201594495
ATP6V1H,0.0173775741488556
UBE2V1,0.0173753198695253
BB045044,0.0173696014455707
DMC1,0.0173689492393875
CCDC117,0.0173619321072775
DNAH1,0.0173554274417087
CYP1A1,0.0173535733116615
CKS1B,0.0173529524578462
OST4,0.0173521885468515
IQCG,0.0173520078279285
FLNB,0.0173478879340324
PDLIM4,0.0173471198269386
PPP2CB,0.0173457372357374
THOC6,0.0173383491917939
SAFB2,0.0173350375752566
GDPD5,0.0173251504780491
KDM8,0.0173119382110749
SH3BP5L,0.0172926407079223
CCDC66,0.0172834201188404
NUDT15,0.0172793661754962
METTL8,0.0172793495090461
PKP2,0.0172664011781508
SHISA7,0.0172642794204492
EMC2,0.0172577320029808
SGSM2,0.017252793571065
SIRT2,0.0172485915198162
WDSUB1,0.0172466712894447
STMN2,0.017245687530057
PCNXL2,0.0172428473599557
PDE5A,0.0172383293740429
ADI1,0.0172364921360413
C81608,0.0172290392654668
RSL1D1,0.0172274951145288
A930033H14RIK,0.0172233213653038
UGT2B5,0.0172176549385095
FHOD3,0.0172051267582366
CLEC5A,0.017203917367795
EHD4,0.0172034450207247
RUSC2,0.0172028325248532
PTS,0.0171961067527952
SRSF1,0.0171957782800666
GPATCH3,0.0171922356320592
PDZRN3,0.0171734001527432
PRDM10,0.0171606340142602
MOXD1,0.0171505019620025
0710001D07RIK,0.0171399856230004
KLRA21,0.0171347804531309
PIAS1,0.0171347556386105
BE949265,0.0171305165556085
SEC24C,0.0171263858290629
AI315376,0.0171183088302747
TRAK1,0.0171134903391243
PNMA5,0.0171059484580592
4933425B07RIK,0.0171057608663391
GBA,0.0171027659435604
RLBP1,0.0170944901504922
PTH2R,0.0170919407391221
SLC37A2,0.0170811646429172
LOC102633442,0.0170744961003554
D9WSU74E,0.0170593855616157
ADRB2,0.0170578293224022
SIRT5,0.0170532224562892
CNGA2,0.0170520555118516
SCN3A,0.0170407401007729
KATNB1,0.0170358374030115
TRIM45,0.0170322289666048
0610030E20RIK,0.0170297223254957
KRTAP21-1,0.0170285763581045
RQCD1,0.0170280324154653
ABCB6,0.0170126501637108
ALDH8A1,0.0170114916207619
ZFP94,0.0170045697444049
OOSP2,0.0170034354551925
4833419A21RIK,0.0170009099945936
HSF2BP,0.0169993967219789
CCDC83,0.0169985649866651
CASC5,0.0169938755393981
SLMO1,0.0169906824199538
RNF10,0.0169826663844048
ITPR3,0.0169782438090447
HNRNPR,0.0169736966408993
SSR2,0.0169630766619113
0710001A04RIK,0.0169625051001529
HSPA4,0.016960017551895
A330033J07RIK,0.0169598484793671
WT1OS,0.016955388793722
SERPINA3A,0.0169547071247649
S100A1,0.0169447245786381
DMP1,0.0169438573305772
ZCCHC4,0.0169419801916072
D330005C11RIK,0.0169343009328189
RTP4,0.0169258781328327
CD3G,0.0169191226962232
GCM2,0.0169170993546843
TTC39C,0.0169150549005231
CCNJ,0.0169133477477937
LARGE,0.0169072572759123
1110006E14RIK,0.0169025178976778
KLK9,0.0169017784516764
FNDC4,0.0169010497591925
PARP16,0.016900362261549
CCR5,0.0168956091692739
PLBD1,0.0168910481417814
SLC26A6,0.0168878696354464
WBP1,0.0168851902697919
C77545,0.0168849525693875
OAS1H,0.016878138723476
ARPC3,0.016872760622466
OTOP3,0.0168702631397753
ZFYVE21,0.0168675488582704
TK2,0.0168675059586519
SEC61A2,0.0168577675928458
RABIF,0.0168558587143611
D830044I16RIK,0.0168510819749944
SLC17A3,0.0168448586418195
GOSR1,0.0168435281527199
ADAT3,0.0168416552039159
D130062J10RIK,0.016838267276248
RAI2,0.016831711453192
A730035I17RIK,0.0168152664353013
PCDH9,0.0168142652386707
PLA2G4E,0.0168140518557734
ZFP101,0.0168139184341321
CYB5R4,0.0168005469524084
LOC102635872,0.0167938132781808
2610034M16RIK,0.016793636359287
LAMA4,0.0167897283938859
CD68,0.0167753895918035
BLNK,0.0167735871837941
2900054C01RIK,0.0167701253173257
OLFR68,0.0167612614320273
ZBTB5,0.0167545476693016
ANG3,0.0167528843320608
DDX20,0.0167492984132944
MRPL16,0.0167390207547534
TXNRD3,0.0167216025225589
DHODH,0.0167205027378868
RNF113A1,0.0167172953821024
NDUFB7,0.0167140572006907
CABP1,0.0167062759285079
TLCD1,0.0167041511227954
MGAT4C,0.0167032520355206
AU040972,0.0167024873429506
C030034I22RIK,0.0166991319370816
VMN1R51,0.0166973698018338
SPARCL1,0.0166898422980682
MAPK11,0.0166839367509364
TRAPPC2L,0.0166782254187068
EYA1,0.0166781005617224
H2-EA-PS,0.0166743694998693
TARSL2,0.016654819909225
MRRF,0.0166496708010494
2410024F20RIK,0.016629415051001
SMOC1,0.0166146278195758
VDAC3,0.0166123107186867
5430402P08RIK,0.0166106280827788
GLRA1,0.0166093706590837
FGL1,0.0166016556310331
ANKRD13A,0.0165901076475196
D5ERTD525E,0.0165885702302853
COX6A1,0.0165698413931843
MMAB,0.0165663579810302
EXT2,0.016564536271841
HECTD2,0.016559258212982
PORCN,0.0165554941446732
4930563E18RIK,0.0165540973788186
USP29,0.0165533356448846
GBP8,0.0165511611083484
ZFP810,0.0165459010519535
ATP5C1,0.016538107201622
LSM14B,0.016521449154897
SRP54B,0.0165183011108333
FECH,0.0165105465937548
COA7,0.0165078221969823
SENP8,0.0165073016299042
SLC27A2,0.0165061509464734
RSF1,0.0165015714374156
TTC27,0.016498582425035
BC022687,0.0164914582274085
NCMAP,0.0164879884061623
GALNTL6,0.0164872477929038
BPIFA2,0.0164817794480945
CHCHD3,0.0164773081683941
2900057C01RIK,0.0164769655260642
NFKB2,0.016457391916704
CD99L2,0.0164532495822459
RHOC,0.0164503643907556
EIF4ENIF1,0.0164472597609775
NUCB1,0.0164432640993382
DUSP6,0.0164427300365653
MPV17L,0.0164413589008528
4732440D04RIK,0.0164395469976683
SSC5D,0.0164387934355012
1700060J05RIK,0.0164361458333274
LGALS1,0.0164359196229373
PRL8A2,0.0164351774393498
AI428898,0.0164323728598907
E130309F12RIK,0.0164311623219131
PTGES3L,0.0164305654524811
C80165,0.0164290650080961
ANKLE2,0.0164290438110568
TMEM117,0.0164196915748307
USH1C,0.0164193224140068
OTOS,0.0164161558538554
FOXG1,0.016409825054248
CCDC102A,0.0164044904455598
C77494,0.0163962983462561
1700013G24RIK,0.0163902047381863
GCM1,0.0163901887380563
2310061G22RIK,0.0163826092639141
CES1E,0.0163732789711196
BAP1,0.0163677664006584
IFT80,0.0163621993590055
ZFP748,0.0163611599569614
CYP21A1,0.0163589624871911
4930424E08RIK,0.0163559488643971
CHD9,0.0163506602303087
HGS,0.0163502903693587
GPSM2,0.0163499620916487
RAB30,0.016347391469181
ALKBH3,0.0163427053701684
TGFB3,0.0163415177037873
DEFA-RS10,0.0163411955405624
TMEM252,0.0163372155558445
TFF3,0.0163354341210363
TSPYL4,0.0163312550548545
CDK7,0.0163286538166404
FLCN,0.0163259365368251
FBXW16,0.016325778050425
MCM5,0.0163227957455227
SEMA6A,0.0163214883462883
1700086O06RIK,0.016315090320837
TCTA,0.0163145187364456
INTS4,0.0163081806273809
NLRC3,0.0163045460565642
TM6SF2,0.0163045452005478
LOC102640338,0.0162981260644963
ELP4,0.0162972783504284
HOXD13,0.0162877588412462
EIF3L,0.0162745687478523
LOC545086,0.0162692729773035
GSTO2,0.0162613843555148
4930470H14RIK,0.0162598315753255
A330048O09RIK,0.0162501719306287
PPP2R5A,0.0162467550711617
ARL6IP5,0.0162428655950921
MOCS1,0.0162419948342108
AU022746,0.0162419211391117
PCID2,0.0162412027922478
SPI16,0.0162372348146416
CCL3,0.0162338091703516
MIR133B,0.0162245203705787
MPND,0.0162233898686618
MYBPC2,0.0162231117049685
PDZK1IP1,0.0162227223926013
FOXO1,0.0162213716660456
SPINK10,0.0162193426804332
CNOT8,0.0162125615155897
MOSPD2,0.0162114042836986
9930021J03RIK,0.0162107937642684
MPTX1,0.0162053584210066
SLC39A9,0.0162043923329944
MAST1,0.0161920919585739
NIM1K,0.016183396856869
C78888,0.0161816017279473
D430019H16RIK,0.0161812543039417
DDX50,0.0161727055281838
RFPL4,0.0161723469736519
DSTN,0.0161718504144514
C2CD5,0.0161710423149516
GALC,0.0161668378815424
GLT28D2,0.0161612266834096
SRA1,0.0161593798737645
FAM120AOS,0.0161527394533944
KSR2,0.016149691889941
RAB19,0.0161486278187131
SMARCE1,0.0161433404109602
ZFP639,0.0161387243095423
ZBTB14,0.0161345285074909
ATF4,0.0161332809436873
HACE1,0.0161309092087454
5830448L01RIK,0.0161204159997869
HECW2,0.0161147574218236
ADAM32,0.0160995717764792
ADAM21,0.0160971865579031
4921521D15RIK,0.0160943054400846
PPP1R11,0.0160937285078919
AK213652,0.0160898490532714
4933426K07RIK,0.0160891213951031
POLRMT,0.0160864826457732
GOT1L1,0.0160824624533792
TBC1D10C,0.0160811974388546
5430419D17RIK,0.0160739188849231
LCN12,0.016071675879608
INPP1,0.0160659206771904
SLITRK4,0.0160656679505791
ADM,0.0160643482562554
E2F1,0.0160575875117075
TIMM8A1,0.016057391351362
CD300A,0.0160560392754921
CALCOCO1,0.0160538706943781
MPP6,0.0160526722752889
D11WSU47E,0.0160518927896726
ANKDD1B,0.0160516536811207
C77973,0.0160403555219997
TSC22D2,0.0160379936377581
PCDHB15,0.0160379689130593
TMCO5,0.016036367893522
MPRIP,0.0160309040645762
PPIC,0.0160301607786935
ARPC2,0.0160272001330744
GM11691,0.0160270292503315
LRSAM1,0.0160163952646139
CCL6,0.0160157877340206
9630015K15RIK,0.0160117129350579
4930503E24RIK,0.0160101798842475
SPACA1,0.0160100750822466
NTPCR,0.0160088852402231
9130024F11RIK,0.0160086435278472
5830409B07RIK,0.0160072465720088
BAAT,0.0160050910462654
4930403D09RIK,0.0160014079082247
BC025446,0.015993254607979
PPP1R3F,0.0159914328099628
1700021K19RIK,0.0159860454285433
ENTPD3,0.0159816958219273
D1ERTD704E,0.0159791120399461
IL15,0.0159784744435952
4930429B21RIK,0.0159717139714419
RACGAP1,0.0159705546223802
NMT1,0.0159650514672643
5430440P10RIK,0.0159554940819262
PPM1D,0.0159533090330417
AA407787,0.0159500643136589
SMIM11,0.0159316813848911
4930578G10RIK,0.0159316465517992
TSTD3,0.0159311182992602
PCK2,0.0159288626841621
LY6A,0.0159286549872337
PPAP2A,0.0159167513626696
PIK3CD,0.0159147159984071
FLT3,0.015906492481702
TMEM106A,0.0159035260036933
SLCO6C1,0.0159033244657656
ZFP157,0.0159005512161691
SRPK1,0.0158984764394107
MED9OS,0.0158928824938801
AURKB,0.0158902348773854
XIST,0.0158878681528057
KRTAP12-1,0.0158877055404437
MVB12B,0.0158864754139801
PRRT4,0.0158848637162278
PPP6C,0.0158809960005633
9530006O14RIK,0.0158803704750535
RSRC2,0.015873636813493
GABRR2,0.0158665004443223
TTC1,0.0158650684925042
MMRN2,0.0158581706479654
LEMD3,0.0158420152406518
SDHC,0.0158412218266849
BLOC1S3,0.0158404090900673
FGFR3,0.0158391384269905
WBP2NL,0.0158290686319807
NMRK1,0.0158280727199906
GATSL2,0.015820112578772
ZDHHC18,0.0158122111295211
2310011J03RIK,0.0158042095823994
PFDN1,0.0158022030303402
RGS2,0.0157931106084864
GM5124,0.0157892912854186
IDNK,0.0157887448994984
GPN1,0.015786681370174
DNAJB9,0.0157687860499214
5830415G21RIK,0.0157677993767075
ATP1B2,0.0157643336087382
RUSC1,0.0157516824000667
TRIM5,0.0157492971407891
ACD,0.0157475079360543
KCNE1L,0.0157459250825819
NAALAD2,0.0157450880787787
TRAF3IP1,0.015744189311989
SH2B1,0.0157377412304889
SOD3,0.0157369573436127
STEAP1,0.0157353285961602
SLC25A39,0.0157318815501937
SEC24A,0.0157287662976743
IKZF2,0.0157269063778531
AP1B1,0.0157190974373333
MOGAT1,0.0157178438246542
CDC14A,0.0157149294043087
D730048M19RIK,0.0157114336437971
CLEC2G,0.0157092655961169
1810011H11RIK,0.0157043050841882
1110035H17RIK,0.0156997387781864
RPUSD4,0.0156938731386607
CBLN2,0.0156917319714182
4930488L21RIK,0.0156883631282555
HYAL5,0.0156858733519504
LOC102636518,0.015677839713492
TAF2,0.015676532063839
OTOR,0.0156743159523523
SYT16,0.0156693385170604
ZMAT4,0.0156317263370222
IGFBP3,0.015629913749766
EPHA10,0.0156254290713259
5730453C05RIK,0.0156253292295433
TTLL1,0.0156228875172844
FUCA1,0.015620897406192
GATSL3,0.0156159418059283
1700023E05RIK,0.0156128053396516
FAM53B,0.0156113993630239
GALE,0.0156089024263726
CCT6B,0.0155976569177496
TEPP,0.0155901366341355
B930003M22RIK,0.0155855925448996
MLEC,0.0155854799678147
LIN28B,0.0155698241364414
FAM135B,0.0155691821611998
AI451250,0.0155618545024728
MLANA,0.0155559699394608
RAB9B,0.0155545408583892
4933401D09RIK,0.0155374050675812
2410012E07RIK,0.0155301375560927
5930433N17RIK,0.0155238652711972
C77137,0.0155228893611592
OVCA2,0.0155204535810227
GRAMD1C,0.0155194460868724
CHST15,0.0155185758073539
3110054G05RIK,0.0155107117352321
ARHGAP19,0.0155069396265766
ZC3HC1,0.0155000872704343
WDR62,0.0154991867548954
PTPN2,0.0154968954246717
GRIK2,0.0154859589050924
PDIK1L,0.0154852324701185
GM17308,0.0154846834396424
OVOL2,0.0154840403945173
CSMD3,0.0154828209518778
CTNND1,0.0154820807786571
WDR19,0.0154683645267667
ADAM15,0.0154649363384555
PDPR,0.0154566101434386
COX16,0.0154565308135629
ARHGAP21,0.0154515697425601
FOSL2,0.0154513446562861
LY96,0.0154446260703166
AKAP9,0.0154376602823674
P2RX4,0.015430221194044
SGMS1,0.0154290591136837
PI4K2A,0.0154274793119639
DSC2,0.0154264689171839
TCTE1,0.0154242955926316
KBTBD4,0.0154222374784041
PCNT,0.0154222248837036
SPPL3,0.0154217880887262
NKX6-2,0.0154204665377776
ZFP133-PS,0.0154092553484373
DUSP14,0.0153921583190538
GM10392,0.0153881069662211
E130112B07RIK,0.0153867100289582
GM15972,0.0153841222069228
WFDC5,0.015370556597395
WDR89,0.0153697194152695
DUSP27,0.0153682004965636
9530071P10RIK,0.0153648257251155
NR2C2AP,0.0153630542739187
PRKD2,0.015361061588864
ANO6,0.0153589814649563
MGEA5,0.0153572866309803
MTF2,0.0153424203323641
ZSCAN12,0.0153402503248734
KPNA1,0.0153395098721828
A530020G20RIK,0.0153390329908885
TBCB,0.0153382994379444
1700057H21RIK,0.0153312775439243
4930435N07RIK,0.0153292170663561
TMEM191C,0.0153243966987294
2610037D02RIK,0.0153233623980514
CDC25A,0.0153191392416144
LOC102633530,0.0153174185074276
GSDMC2,0.0153077159996401
GDPD3,0.0153016530163997
CCT8L1,0.0153011611568161
FAM198B,0.0152969508024182
DNAH11,0.0152885897789004
POGK,0.0152876388896233
SLC4A9,0.0152874055722972
GCNT7,0.0152812488054384
CACNA1A,0.0152757556916829
AMD1,0.0152711035966456
P2RX5,0.0152658772892323
SRFBP1,0.0152657916800777
3830408D07RIK,0.0152569431174989
INTS6,0.0152490413204468
ZBED5,0.0152389683468783
PRSS16,0.015236482839875
DHPS,0.0152318106896823
TTC29,0.0152291730918113
AK077428,0.0152259953211486
SLC35F2,0.0152168966324033
2310016G11RIK,0.0152166275512022
EHMT2,0.0151998862996619
SLC39A13,0.0151895431492761
CRYGN,0.0151862653237548
TRIM67,0.0151854608893268
D17ERTD589E,0.0151840647717185
C230034O21RIK,0.0151792316623982
5330431K02RIK,0.0151718872648641
LOC102633667,0.0151700894722388
SYNDIG1,0.0151689302154917
FGD6,0.0151640470076806
ARNTL2,0.0151631229674957
FDFT1,0.0151600114810529
FRZB,0.015159689369584
GM13103,0.0151573177170507
SCAI,0.0151533858090868
H6PD,0.0151497482178576
SNX7,0.0151467769558827
DGCR2,0.0151361065340813
2900006B11RIK,0.0151334142239379
SPAST,0.015126188424256
GON4L,0.0151226510185935
BOK,0.0151213950185262
COMT,0.0151162436545409
SRPK3,0.0151138038075676
STRADB,0.0151097274714045
OCEL1,0.0151049597217646
GM14204,0.0151014288049657
TFAP2E,0.0151005943146278
5033430I15RIK,0.0150983099200126
MAPK3,0.015095495022787
NCCRP1,0.0150930075706846
TMPRSS11G,0.0150867512713129
ZDHHC25,0.0150854716147475
9130011E15RIK,0.0150761837753099
2410024N13RIK,0.0150726701483197
SCN11A,0.0150701852462721
LDB3,0.015069615823108
HNRNPA0,0.0150563189990951
ARHGEF40,0.0150529469770365
OIP5,0.0150450995855563
HORMAD1,0.0150437292628307
1600029O15RIK,0.0150432075954254
SLC5A3,0.0150431887660411
ZFP148,0.0150307219635772
C230037L18RIK,0.0150199132382101
4930451C15RIK,0.0150190731983399
MED24,0.0150078581666036
B3GALT5,0.0150069344914356
SOCS4,0.0150026849863874
FAM220A,0.0150019299755728
2510003E04RIK,0.0150006167894932
AU022538,0.0149989749500891
DACT2,0.0149983995781303
LOC102635387,0.0149941112015385
RND3,0.0149884515327569
CCSER2,0.014982122021957
KRBA1,0.0149786334668052
NIT1,0.0149775035071897
BCKDK,0.0149740346334618
4930533B18RIK,0.0149727910375484
DDHD2,0.0149667632576754
C030011I16RIK,0.0149578450062526
2810474O19RIK,0.014956567623668
ITGB1BP1,0.0149517276170322
CMBL,0.0149516395169155
ZFP84,0.0149429468803794
RPS6KA6,0.0149317901057806
NT5DC3,0.0149310797075555
YWHAG,0.0149272291755761
D2WSU107E,0.0149270276475075
GATA5,0.0149249694995434
AU015228,0.0149237598444432
KCNC3,0.014921013241593
TULP1,0.0149112015217821
SETD3,0.0149060067652305
SOX9,0.0148910551604952
DNAJB8,0.0148908538086294
MROH2A,0.0148706627077186
HOXC5,0.0148655130820829
TULP2,0.0148646897036184
AK028549,0.0148564387032884
ABCC2,0.0148557752592857
PYURF,0.0148510177457769
6430537K16RIK,0.0148482001475079
OMT2A,0.0148471285256933
ZFP689,0.0148449156186427
TAF1A,0.0148410802125477
SPEG,0.0148346928883098
4833413E03RIK,0.0148335619497099
GM13483,0.0148278395943892
SPINK2,0.0148182455982748
MST1R,0.0148167001717391
ZSCAN29,0.0148147036531983
MTERFD2,0.0148138922773953
TMEM106B,0.0148072536420821
ATP6V0D1,0.0148035947629812
APOA1BP,0.0148015177685061
FAM228A,0.0148007290021355
USP26,0.0147914690465327
AI853502,0.0147914077584454
DLC1,0.0147897484668923
SHD,0.0147843117716823
MARC1,0.0147827268548633
PSMF1,0.0147804014727791
DKK2,0.014773171198582
MAOA,0.0147697820681009
CYB561D2,0.0147690212628795
TM4SF4,0.0147675958749226
4930540E01RIK,0.0147605213040013
EBI3,0.014758433242348
VAV2,0.0147565603454613
AKT1,0.0147528744990825
E130012A19RIK,0.0147500851403503
EXOC8,0.0147492730607541
MRGPRA3,0.0147464785805518
ZNRD1,0.0147458905954072
PMM1,0.0147458852960357
HADH,0.0147441566307419
KAP,0.0147441483437364
SEPT10,0.0147411139236587
SLC35B1,0.0147401663909363
RGS11,0.0147319068340042
2700080J24RIK,0.01472458453513
NCF4,0.0147056296838433
RNF186,0.0147054355497554
PBLD1,0.0147042562801368
NPAS2,0.0147004827058151
FAM49B,0.0146947241527046
STK32B,0.014692042967099
FAM117B,0.0146875904729582
UBXN8,0.0146837838540102
D430042O09RIK,0.0146789747893441
5830440H09RIK,0.0146775897160128
RBM26,0.0146755816266692
RAD54B,0.0146591126282158
TSPAN5,0.0146574574568553
2900092N22RIK,0.0146569518553876
DPPA2,0.0146568840340166
MCM3AP,0.0146482257882531
GM17739,0.0146416993415919
ZBTB42,0.0146397639597436
DBR1,0.0146382488539734
4833428L15RIK,0.0146264017011842
CDS2,0.0146215459708784
EBF3,0.0146177245924119
CLIP3,0.0146167979738504
FRMD5,0.0146160345000727
4930455C13RIK,0.0146143849534527
ITFG1,0.0146119499759042
WASF1,0.0146110630117142
PDE3B,0.0146007466213072
PALB2,0.0146000889589298
LMAN2L,0.014594585773936
C76332,0.0145939439197008
LRRC39,0.0145904955273215
LTK,0.014586062388186
IBA57,0.0145857873221456
SPTLC3,0.0145763086611193
4833403I15RIK,0.0145743121258135
TECR,0.0145725360998795
PRSS8,0.0145678381130962
AI846148,0.0145643744547564
ACVR1,0.0145519301390429
FCF1,0.0145398868246376
D5ERTD683E,0.0145337105846862
AI317395,0.0145323102469586
SIRT3,0.0145238547382596
4933409D19RIK,0.0145206716819978
BCAS1,0.0145145541796134
ZFP868,0.0145085934944303
1700104B16RIK,0.0145019134702754
MAST4,0.0144960825777169
NACC2,0.0144931464373272
FEZ1,0.0144821507340398
A030001D20RIK,0.0144814346414165
AB348727,0.0144804457331379
2600002B07RIK,0.0144785020354396
AARS2,0.0144742274703037
BCMO1,0.0144688818643273
4931406B18RIK,0.0144620770985424
CPNE5,0.0144598977746242
CCAR1,0.0144563172532711
8030456M14RIK,0.0144556936580473
B230220N19RIK,0.0144460042252838
BCKDHB,0.0144444165967875
CAMKK2,0.0144423934420192
TSEN34,0.0144423143114305
GM17750,0.0144411712684183
A330075M08RIK,0.0144346376502986
TMEM204,0.0144218014295199
CEP57,0.0144215728856309
PTHLH,0.0144203207066594
PPM1J,0.0144194264064699
BC026513,0.0144164021042246
DENND4C,0.0144156223782243
IPW,0.0144088210542708
1810073O08RIK,0.0144086217699899
GPC6,0.0144063053104721
LCE1H,0.0144055244816366
NUDT9,0.0144053613008217
OLFR1508,0.0143979374530058
ZSCAN21,0.0143948357127809
RPS6KB1,0.0143822825580018
D6ERTD474E,0.0143795642330022
ICT1,0.0143761378365557
4930488N15RIK,0.0143744932374793
2900022B07RIK,0.0143715166275976
HGD,0.0143703844610133
4833420G17RIK,0.0143493880140978
TNFSF13OS,0.0143486452618348
CNST,0.0143465507016699
TTC3,0.0143390399933804
BMI1,0.0143379583172981
SELM,0.0143344114056936
TRP53TG5,0.0143317797729621
KCNK12,0.0143167364971603
CPEB1,0.0142992667852122
GANAB,0.0142990713121236
LIPF,0.014293372151276
H2AFV,0.0142929517833281
USP14,0.0142903376440366
A230102O21RIK,0.0142889193617509
ANGPTL2,0.0142830605621019
SMAP1,0.0142776282691526
THAP6,0.0142737790430482
DSC3,0.0142716641227809
PGP,0.0142713872915365
POLR2G,0.0142533321478502
BC028789,0.0142471751308233
ARMC3,0.0142404530690594
1700021F05RIK,0.0142350264916129
BC018242,0.0142271902581326
4930533L02RIK,0.0142182706746194
FITM1,0.0142174742917733
ZFP287,0.0142162338010103
BC017643,0.014213676217828
C030046G05,0.0142110973859898
GM4491,0.0142036949525437
SDHAF2,0.0141974275819383
GFPT1,0.0141970344256271
VPS13D,0.0141958760233306
IGF2,0.014187905665829
SAR1B,0.0141878216404144
DUSP18,0.0141854482407389
SLC4A11,0.0141820900978286
MYC,0.0141796312644687
INTS7,0.0141794802388835
MUC2,0.0141775427367059
SFRP1,0.014175912620003
4933415F23RIK,0.0141751145146261
ZRSR2,0.0141733999337158
NRBP1,0.014171793222226
SLITRK1,0.0141715452798292
CCSER1,0.0141700324237675
APBB3,0.0141690724413906
UHRF1,0.0141652175091955
TEX13A,0.0141622754954429
MYH7B,0.0141569968730929
AI747448,0.0141460164604764
DOLK,0.0141406616952442
ZFP335,0.0141375273409667
1700016D06RIK,0.0141254339814001
OPA3,0.0141189221166281
LMO3,0.0141172078360596
TRPC4,0.0141168264831728
GM16982,0.0141126032338195
GTF2IRD1,0.0141109680712019
CNIH1,0.0141056445584821
GIMAP3,0.0141048208567883
MUP10,0.0141047638136794
LOC102635316,0.0141006941653073
RPP25L,0.0140941215926909
SIL1,0.0140923581016865
C77949,0.0140892760957524
DBF4,0.014084128245358
SAMM50,0.0140782660298754
BC029722,0.0140729701680825
PLEKHM3,0.0140699422660285
CXCR5,0.0140660606366825
GLMN,0.014062198597588
CLNKOS,0.0140620118489366
INTS2,0.0140537338285466
RTN4RL1,0.0140437673112129
YIPF4,0.0140432809595821
B3GNT6,0.0140336038794377
PGM1,0.0140271623732143
KRT32,0.0140228604255998
SLC25A18,0.0140172905266132
LARP6,0.0140131593827739
TREML2,0.0140118232816008
APCS,0.0140096867638701
NLRP6,0.0140000975523168
AU021025,0.0139988255518253
4930579G24RIK,0.0139983201622737
EMC9,0.0139873918430531
GM9222,0.0139781727549577
SLITRK6,0.0139772712834486
CACUL1,0.0139715957453265
HIP1,0.0139690698449033
KLHDC10,0.0139672768406073
2300009A05RIK,0.0139666533899043
TREM3,0.0139651056872221
GALNT14,0.0139645451705458
WNT10B,0.0139638468225267
2900005J15RIK,0.0139579171158635
GPR84,0.0139509744885621
TXN1,0.013950173318647
KCNH1,0.0139467558611826
NEK11,0.0139422010406432
PSMD2,0.0139410737500213
MYT1L,0.0139359682096698
MPPED2,0.0139328824083714
TRIM3,0.0139244640841586
TPMT,0.0139240898004318
SLC17A9,0.013922349028377
MAP7,0.013915837090753
MDFIC,0.013915194327179
SLC25A48,0.0139134146960631
NPHP3,0.0139101154724882
SNHG6,0.0139072011949367
PITPNM2,0.0139016222041412
2610318N02RIK,0.0138992337659633
CLCA2,0.013897977269862
SAMD10,0.0138949064854555
RYR2,0.013888934394421
ZBTB4,0.0138883614718309
MTA3,0.0138862043638511
1600014C23RIK,0.0138842509917567
PROL1,0.0138785600137768
ART2B,0.0138777453530242
IGKV19-93,0.013877551681392
ACTB,0.0138716492587119
GM13032,0.0138679650895738
EVC,0.0138631522338737
LMX1B,0.0138628728609076
MAX,0.0138607455196707
CCDC80,0.0138606527972917
GALNT11,0.0138579910832539
9630019E01RIK,0.0138561073582337
TBC1D20,0.013854432787292
SOX21,0.0138510554325004
ZNFX1,0.0138504021397502
CTTNBP2,0.0138471617554254
ZFP524,0.0138424921873441
GM14025,0.0138392036798539
PLXDC2,0.0138375205379231
COL1A1,0.0138373932044551
CD209A,0.0138295261926709
MASTL,0.013823291676924
GM20213,0.0138200607346851
ETAA1,0.0138130399215559
2310005E17RIK,0.013809193363832
LRIG1,0.0138030903881799
ZFP830,0.0138024051014824
NEPN,0.0137953753769162
1700003F12RIK,0.013795238866308
U2AF1L4,0.013788980787952
2810043O03RIK,0.0137799945562165
RRN3,0.013777023535749
NBAS,0.0137726071084054
PRAM1,0.0137714737747404
ELMSAN1,0.0137633111738837
AGER,0.0137629314068439
FOXN3,0.0137621742228025
1700080O16RIK,0.0137590276227399
5330423I11RIK,0.0137571418641646
MMP1B,0.0137472631776854
PTRH1,0.0137328632121731
AA619741,0.0137309194943033
2810001A02RIK,0.0137253174491626
TMEM42,0.0137207642430937
ICMT,0.0137141576880668
SYT9,0.0137111585173039
OTOP1,0.0137104791737353
SLC1A2,0.0137075993653602
GM15270,0.0137067073564347
GPR132,0.0137039398436785
RAB6B,0.0137032899746656
MMD,0.0136995762643812
FAM129C,0.0136995298368297
5430434F05RIK,0.0136992500715311
GPR31B,0.0136987520982536
TMEM41B,0.0136935011430569
AI413759,0.0136925990808582
CPT1A,0.0136919670538651
CES1C,0.0136869260694823
HTRA2,0.0136796835736918
9430064I24RIK,0.0136785540724721
APC2,0.0136781784785099
KRTAP5-4,0.0136778778395626
FAM120B,0.0136751238838753
SHF,0.0136695564359337
JUNB,0.0136637376157311
CBY1,0.0136636763997673
PHF3,0.0136631793181011
FES,0.0136600458474055
POMT1,0.0136590362552985
GZF1,0.0136583875577853
TMEM143,0.0136565709091971
4921509A06RIK,0.0136518585113142
RAD9B,0.0136512968615939
AVPR1A,0.0136488892719681
TYW5,0.0136468829937325
CAR9,0.013644069249583
RHPN1,0.0136435619682275
TRIM60,0.0136424630350825
TMEM60,0.0136414508000229
EPHX1,0.0136380201424462
BC048507,0.0136359283775981
CCL27A,0.0136337809029865
PRKAG1,0.0136280904242651
MBNL3,0.0136227483664619
HEPACAM2,0.0136223920895974
FOSB,0.0136197118280953
AA415398,0.0136126287267071
HCCS,0.0136112192062476
PCMTD1,0.0136111223062937
FRG1,0.0136027770280615
N4BP3,0.0136021740923525
PCDH15,0.0135962507996422
CNTN4,0.0135934323585188
EXOSC1,0.0135929585556937
DEGS1,0.013587931724291
PRR12,0.0135835878966562
SCTR,0.0135805578662707
C030044M21RIK,0.0135616847490586
CLDN9,0.0135563134388876
RREB1,0.0135554126122547
TMEM243,0.0135531289292653
IL23A,0.0135368249972168
SAG,0.0135346179745498
LOC102632799,0.0135294851882186
DHRSX,0.0135286034614555
GM19710,0.0135169998028859
4930533N22RIK,0.0135166960188266
SIT1,0.013513904363645
PDPK1,0.0135116507138474
PDLIM5,0.0135092422589846
CD97,0.0135056903211578
NR1D1,0.0135027371608868
NOXRED1,0.0135024950485683
LRRFIP2,0.0135022462660573
UNC5C,0.0134977242792146
UBE2Q2,0.0134938566500763
CTR9,0.0134896072327689
SRCAP,0.0134871998066611
FBXW7,0.0134861414712882
2510009E07RIK,0.0134822655351844
MYB,0.013480799530235
AK164218,0.013480247527362
SLC35C2,0.0134798847046896
SERPINH1,0.013476097440355
CYP4F39,0.0134734873812865
PSG28,0.0134664601409651
CTNS,0.0134630392723907
SKIV2L,0.0134609145515917
A030005K14RIK,0.0134593832612613
KRTAP19-3,0.0134484872093868
RNASEH2B,0.0134393573251913
4933403J19RIK,0.0134358991904134
A330076H08RIK,0.0134321762022542
PELI1,0.0134234191114482
4921515G04RIK,0.0134230736167558
DCAKD,0.0134218128990243
6720454L07RIK,0.013420130014376
UTP14B,0.0134149946126605
AK040357,0.0134105699312261
5430400D12RIK,0.013400547068181
MAGEB3,0.0133998139056137
4933434C23RIK,0.0133964615462512
THEM5,0.0133960945358369
SLC7A14,0.0133935419702052
PNPLA6,0.0133810843686423
AI853106,0.0133746728250046
RETSAT,0.0133735699816561
ENPP1,0.0133729829881846
GAR1,0.0133621408725176
PTH2,0.0133613643324685
GM9866,0.0133594434735933
4931428A05RIK,0.0133581663943443
SORBS2,0.0133525706819816
1700073E17RIK,0.0133498357153629
ATP9A,0.0133456177346161
MFNG,0.0133452828153599
C430045I18RIK,0.0133436998652596
TRIM43A,0.0133401371164058
GPR146,0.0133339288895459
1700008K24RIK,0.0133328731453588
OSTF1,0.0133327629778406
SESN3,0.0133309508455508
RGS14,0.0133293690982716
GNAL,0.0133280302649075
HTATSF1,0.0133278394273764
RSPO3,0.0133256045638483
TOB1,0.0133232845731767
PPP1R2-PS7,0.0133120247469224
FGF4,0.0133065810507465
ABCC6,0.0133057938563006
SLCO1A4,0.013305083069128
UNC119,0.0133005255245146
TRIM13,0.0132877720727006
NDRG3,0.0132841245881848
FLRT1,0.0132838896698306
SLITRK3,0.0132821384295547
LOC100047123,0.0132732838009182
BC002189,0.0132656107435572
ANAPC11,0.0132648327565368
MTX3,0.0132596123702377
PIP5K1B,0.0132583370663929
PLXNB1,0.0132569210823828
ATP6V1G1,0.0132561953649425
4921522E08RIK,0.013254319648443
5730407O05RIK,0.0132461659166231
PRPSAP1,0.0132453946794894
SASS6,0.0132433299836263
LRRTM2,0.0132402785175707
9230104K21RIK,0.0132316557841631
MIRG,0.0132298643761643
AU021092,0.0132223345798479
5033423O07RIK,0.0132191986799558
4933407K13RIK,0.0132181928523174
PHF5A,0.0132155809758974
HS3ST3B1,0.0132094164461041
LCE1G,0.0132006420600916
JPX,0.0131999605340439
4631422I05RIK,0.0131914685571234
BC068281,0.0131909000218079
4930466K18RIK,0.0131871268738561
1700106J12RIK,0.0131867773107861
F5,0.0131834383868145
SPHK2,0.013181047770537
ZFP541,0.013176544074241
NUP37,0.0131742134099422
PTPN18,0.0131731748202057
UMODL1,0.0131730503961417
ATP8B4,0.0131644425814122
LRRC6,0.0131562929917063
CAPN13,0.0131548589530241
LSM11,0.0131490591638148
PDK2,0.0131473450628108
C80154,0.0131453903619685
PRL2A1,0.0131386270303222
ARHGEF10L,0.0131260459513917
D2ERTD282E,0.0131227180529984
FARP1,0.0131216165258112
WASH,0.0131184510497006
EVI5L,0.0131184452376451
SENP3,0.0131147400236956
MGST3,0.0131132975324848
SOCS5,0.0131035562478996
LIG3,0.0130989578606869
PHF13,0.0130969399860977
ZMYM3,0.0130953798186152
GALK2,0.0130948644539241
CILP,0.0130928200415748
APBA3,0.0130920769857164
4930402F11RIK,0.0130911373848969
IQCE,0.013086072042365
IGKV1-135,0.0130735109501747
ACTR5,0.0130712162765665
ZG16,0.0130635494074506
ELF3,0.0130621637008366
5830454E08RIK,0.0130599970260643
SCNN1B,0.0130562872241394
1700025K04RIK,0.0130531917717156
HDAC5,0.0130511521480806
0610037L13RIK,0.0130357504933103
DHX34,0.0130317106650328
1700097M23RIK,0.0130308812697215
TMEM120B,0.0130306821448274
NT5C2,0.0130280129673885
NUSAP1,0.0130248815149362
ATF7,0.0130237151116467
TRPM7,0.0130228189820305
1700011A15RIK,0.0130173268073562
PDK3,0.0130151778800576
ZFP318,0.0130106577553864
1700063J08RIK,0.0130106209339568
RPF1,0.0130080102875639
HMX3,0.0130044156221561
DNAH9,0.0129993317503127
NDUFA13,0.0129978733255615
GABRA5,0.0129937430897142
A730082K24RIK,0.0129904301732642
5430425E15RIK,0.0129864552015789
RAB1B,0.0129840111569163
A230107N01RIK,0.0129824230098538
MAP6D1,0.0129798633726756
USP47,0.0129795947377702
SCAF4,0.012979379440452
LOC102632897,0.0129776324945989
1810008I18RIK,0.0129773982144737
MKRN2,0.0129679161689038
FANCD2,0.0129667051893187
HELQ,0.0129628931682209
CCDC167,0.0129530708955672
NSF,0.0129511095339516
A630012P03RIK,0.0129506486652486
ACOX3,0.0129462483400102
AFAP1L1,0.0129446760278357
SETX,0.0129443591678212
TUSC2,0.0129438179164982
TMEM192,0.0129431269984976
MMAA,0.0129414847881288
EFCAB1,0.0129399810716301
DCTN3,0.0129393678754453
MYO1A,0.012935019617647
4932442L08RIK,0.0129267344004685
AI464131,0.012926727941699
NCKAP5,0.0129154706595685
EHD3,0.0129137174178903
UGT3A1,0.0129121449320143
INPP4A,0.0129118485809595
AA517858,0.0129089691456237
SEMA4G,0.0129083372427163
KLRA17,0.012906440522158
GPRC5C,0.0129013839766366
CD37,0.0129012167675183
1110019D14RIK,0.0129001157737529
PLEKHS1,0.012892700455178
ZFP422,0.0128893830748091
MAVS,0.0128860650600266
ENO4,0.0128848604145134
NAV1,0.0128768732530921
SERPINB12,0.0128765949412568
NUP35,0.0128694892818523
RNF14,0.0128693003033036
ARSA,0.0128611643198114
NAA20,0.0128605980725293
G3BP1,0.0128578046000337
MTPN,0.0128572532192839
FAM171B,0.0128525439523076
PDE1C,0.012849873075561
KDM4D,0.0128495520119026
SIRT6,0.0128480473419826
SUMO3,0.0128479757400606
MTMR12,0.0128446986540571
AOX3,0.0128265117586829
1700101I19RIK,0.012824275019071
PRAF2,0.0128229520754343
P2RY1,0.0128222874600187
ZBTB33,0.0128197156176345
RWDD2A,0.0128169910777635
SAMT4,0.0128137336381853
TGFA,0.012806672612306
PCDH18,0.012805827007481
H2-OA,0.0128004394156213
MGRN1,0.0127970439616778
GM6150,0.0127967469324356
IGK-V1,0.0127951175496047
C79490,0.0127901211604502
TMEM134,0.012788400979624
C230014O12RIK,0.0127854406653155
C130098B18RIK,0.0127685653912389
DXO,0.012764655522653
IL10RB,0.0127578712581698
UBE2U,0.0127569595397304
GRHL1,0.0127565652167481
CH25H,0.0127538369942546
MAP2K6,0.012752072711077
EAPP,0.0127470810400923
STK40,0.0127465931252038
4930430F08RIK,0.0127404002014381
TLX2,0.0127345133315922
BC023105,0.012733772214466
TRAPPC3,0.0127333371538098
LIMD2,0.0127308948130007
ZW10,0.0127238449146155
CPPED1,0.0127236639946607
DNAJC8,0.0127221397169747
CDH18,0.012715750979907
L3HYPDH,0.0127156594239575
RAB8A,0.0127129412758587
MARF1,0.0127122767188292
FGF13,0.0127104492112493
ARHGEF7,0.0127085154224922
BST2,0.0126993360552931
4930542C12RIK,0.012697640805518
CDKN2AIP,0.0126966629287871
SLC25A20,0.0126964184924117
PKIA,0.0126953221640997
D16ERTD780E,0.0126951191279343
USP5,0.0126943806549866
SLC38A10,0.0126907630337229
RAP1B,0.0126900073335328
COL18A1,0.0126888828150868
OSBPL9,0.0126885445036814
RAVER1,0.0126854975604065
PEAK1,0.0126848764902075
HTR1A,0.0126825287322797
SLC22A15,0.0126818191547629
DEDD,0.0126799677393773
ITGB5,0.0126788124277709
CDK2AP2,0.0126753879057522
OMA1,0.0126750925430338
DAPP1,0.0126744155480001
TMEM59L,0.0126731137027359
UBR5,0.012672040818246
ZFP784,0.012659063451353
NR6A1,0.0126566869062578
4931431B13RIK,0.0126565244830368
PIGP,0.0126550280829604
GM13446,0.0126518780123184
SLC30A3,0.0126438982482013
FAM208B,0.0126393667549117
2500002B13RIK,0.0126339443048715
DBT,0.0126293744702
VSIG8,0.0126280667771777
PRKAR2A,0.0126235274939222
C230035I16RIK,0.0126166375501946
AI449212,0.012612128859953
BC055324,0.0126111124789584
PHF1,0.0126059176321201
OSBPL7,0.0126038776000208
NEK7,0.0125996314728851
STYXL1,0.0125981932180429
4931409D07RIK,0.0125969008306848
SURF2,0.0125875383721839
LCN3,0.0125837187116312
GM14964,0.0125776456984037
TYROBP,0.0125775493666161
RBM4B,0.0125757807576954
OTUB1,0.0125732065712832
TCF25,0.0125484499569067
DHFR,0.0125471165811481
IKZF5,0.0125448644196056
C87312,0.0125448169765784
MON1B,0.0125426420201861
CYP2C44,0.012541531993385
DYNAP,0.0125405018396836
CCDC67,0.0125397694498325
SNTG1,0.0125390685123169
PPP1R18,0.0125390145930745
UNK,0.0125374779522101
BACH2,0.0125293935068123
TNFRSF11A,0.0125239442094409
SOX6OS,0.0125233096548865
IMPDH1,0.0125146618797196
LOC102632597,0.0125130575622
5730437C12RIK,0.0125096951148764
ZFP626,0.0125093456696928
DHCR7,0.0125066117899466
RTN1,0.0125000889232654
SMOX,0.0124968743232854
LRRC28,0.0124903899200412
DMGDH,0.0124893805984742
FARSA,0.0124802099799759
TMEM168,0.0124762065182619
OLFR2,0.0124750851945376
1700018L02RIK,0.012469466854848
HMCES,0.0124674287020284
CORO2A,0.0124634444256285
PAOX,0.0124613419190269
SAV1,0.0124587984310006
RASSF3,0.0124560361431357
METTL17,0.0124493201067848
IL31,0.012447307880394
SLC41A1,0.0124469985975273
1700016K19RIK,0.0124468735221731
FLYWCH1,0.0124425501135462
HOGA1,0.0124361646026961
CNDP2,0.012434620833445
BEND3,0.0124270135975029
1700048M11RIK,0.0124226565318541
CERS6,0.0124223702468626
FAM162B,0.012422001796488
KIF1A,0.0124218454616259
1600020E01RIK,0.0124192229687465
FEM1A,0.0124191992710625
ROPN1,0.0124176176365363
WWP2,0.0124175404069053
CTU1,0.0124085221684991
LOC101055837,0.0124062417104442
PTRHD1,0.0124042163414941
6820402I19RIK,0.012399590517875
PSIP1,0.012399248926889
EEF2,0.012394539005337
D030055H07RIK,0.0123852258267365
SUCLG2,0.012384071403399
GM9796,0.0123811971400211
DDA1,0.0123746554479783
BBS2,0.0123737255102883
4933423L19RIK,0.01237368026484
CXCL12,0.0123729165604902
NAA25,0.0123728432899827
CENPK,0.0123716199800887
TMCO5B,0.0123650039934991
2610028H24RIK,0.0123636156907971
D13ERTD212E,0.0123634116681594
SLAIN2,0.0123624338291582
PSRC1,0.0123603405262872
KLRB1A,0.0123592164452739
BMP15,0.0123582537158805
CDON,0.0123549451692931
JRK,0.0123479819649328
CLEC4G,0.0123446548879735
ZCCHC8,0.0123309049249299
GSTM5,0.0123273321145222
HOXB9,0.0123257511367922
R3HDM4,0.0123252313069781
ANKMY2,0.0123248022337024
GM4814,0.0123242078359505
9430052A13RIK,0.0123227800775538
SNHG3,0.0123217742420839
ACKR3,0.0123207565699666
KDM5B,0.0123166417573254
4930563F15RIK,0.0123156724538553
WFDC17,0.0123151695938043
C030040A22RIK,0.0123130614850525
TTC22,0.0123103430310532
TMPRSS15,0.0123084497307617
CALML3,0.0123068815725652
GM6297,0.0123011757274259
ATP6V1F,0.0123004313888843
GM11944,0.0122924884622396
RFX1,0.0122886424732695
ZBTB18,0.0122860258002572
5730552O08RIK,0.0122797959789265
ETV6,0.0122780918147517
SPRR2D,0.0122762782639771
C920006O11RIK,0.0122736298561679
ITGA6,0.0122705216006707
EMR4,0.0122619070083516
FNDC3C1,0.0122578204671483
MTIF2,0.0122569379078871
C78344,0.0122560368240154
CYP4F13,0.0122484729781176
IREB2,0.0122398377560302
C1QTNF7,0.012232771207486
WRNIP1,0.0122296039917939
AW551984,0.012226464883322
D16ERTD550E,0.0122235932769986
PTCRA,0.0122230552231457
MIPEP,0.0122109188316055
4930483O08RIK,0.0122046341250936
PQBP1,0.0122027946183252
TMEFF1,0.0121996566737762
ELF5,0.0121970848765956
CHADL,0.0121954931416034
C130030K03RIK,0.0121872160849246
5430427N15RIK,0.0121862247773694
AW495222,0.012185059273355
CYP4A12A,0.0121828885181483
TMEM234,0.0121809655747659
SERPINA11,0.0121797305696161
ZFHX3,0.0121741107905224
VMN2R1,0.0121720607111468
TECTA,0.012165596744054
CCDC88C,0.0121654444214377
NPPB,0.0121593767774118
EFR3B,0.0121580565842601
CLEC1A,0.0121561033449309
AW987390,0.0121542635796693
CEP72,0.0121523925123852
B930068K11RIK,0.0121512823169786
CENPO,0.0121500855211909
KIF4,0.0121469059791352
DCUN1D4,0.012145875194202
TMEM45A,0.0121335707996163
VCAM1,0.0121303472356743
UPP2,0.0121278785533883
SF3A1,0.0121260910059602
N28178,0.0121161795038667
NHLRC3,0.012106569608304
LARP7,0.0121064862267555
SDCCAG3,0.0121047060145113
FBXL3,0.0121015585671303
MYEF2,0.0120985755345844
MLLT11,0.0120919573929437
D8ERTD67E,0.0120789300462054
EPS8L3,0.0120779138290104
KCNJ16,0.0120758343325319
CELSR1,0.0120674329904197
LRRC61,0.0120596493429849
D830036C21RIK,0.0120592034660839
8030431A06RIK,0.0120572972638536
KLRA1,0.012046827475791
CTSE,0.0120408879216566
4930579H20RIK,0.0120405791476343
BNIP1,0.0120404288164077
SPAG1,0.0120403514201561
ALDH7A1,0.0120399650430789
3110038A09RIK,0.0120363573711344
EPB4.1L5,0.0120317683635696
LOC102633986,0.0120278809726281
LEPROT,0.0120240648383371
4930402H24RIK,0.0120233307160147
STK10,0.0120229969108041
BAALC,0.0120222062759237
EFNA5,0.0120209956317104
LRRC63,0.0120182841064811
CMKLR1,0.0120060468927221
4930448N21RIK,0.0120052975546958
SMPD2,0.012004762100717
PEMT,0.0120030358532656
BCDIN3D,0.0119973593451369
SF3B1,0.0119965450508524
1110032F04RIK,0.011990477872774
KL,0.0119869669372181
CTNNA1,0.0119858208945905
ASB15,0.011984412451416
DIAP1,0.0119803154207021
GNAT1,0.0119802069931668
TACR1,0.0119758432650119
MINK1,0.0119726214475806
D8ERTD51E,0.0119693182104453
TCTN1,0.0119635521018524
JAKMIP2,0.0119596545583432
ZGRF1,0.0119528807429479
2510002D24RIK,0.0119498252980928
GAB3,0.0119491034815067
ASGR2,0.0119444175970408
IGFBP6,0.0119394754944695
STRN4,0.0119293806508447
CNTN3,0.0119278253704456
CD79B,0.0119276958739182
CD28,0.0119262040086706
PCYT1B,0.0119184836987057
TMC1,0.0119152495945824
CNTN2,0.0119130009240073
LECT2,0.011910237919316
IL6ST,0.0119054196534332
GSR,0.0118989473017634
SHB,0.0118974390453741
AL023051,0.0118935497990231
COX10,0.0118931986197786
LRRC47,0.0118928667783909
ASPA,0.0118915623623753
5430416N02RIK,0.0118911953434784
VKORC1,0.011888097313282
PRL7D1,0.0118865113134758
CHUK,0.0118854724075565
MTCL1,0.0118836572134529
BUB1B,0.0118833682000349
PROKR1,0.0118825943080999
GM20274,0.0118762791947068
UBL4B,0.0118761720366625
AES,0.0118742255691025
NTHL1,0.0118733901260642
GJA3,0.0118718443295818
IL11,0.0118701944540373
KIF24,0.0118695459905796
PROM2,0.0118674679911481
ZSCAN20,0.0118597151275116
MEF2A,0.0118581527031492
LRRCC1,0.0118574061716977
TACC3,0.0118544816269015
RHOA,0.0118528055839723
FEM1C,0.0118524407418787
5430416B10RIK,0.0118467516240616
EXTL1,0.0118467184945932
H2-M10.1,0.011845936283837
GORASP1,0.0118457248723637
OLFR154,0.0118396265370357
TBRG1,0.0118360489791378
RTKN2,0.0118300662535634
D4ERTD76E,0.0118209674037053
GPR176,0.0118205866431294
MIXL1,0.0118142968218716
CPSF3,0.0118138805179461
TBC1D9B,0.0118120137597804
AFMID,0.0118109057808762
GDF9,0.0118087144339888
RNF181,0.0118067431062294
D12ERTD247E,0.0118042602834841
FPGT,0.0118020102067375
YPEL2,0.0118008154801836
WTIP,0.0117979295462778
ATP6V1B2,0.0117958761262215
NEXN,0.0117916478032471
CKAP4,0.0117900567417178
D4ERTD103E,0.0117868489912757
RANBP6,0.0117832264498739
MRPL19,0.0117828234606104
SOX3,0.011776426221901
ARHGAP20,0.0117742815374381
KIF3C,0.0117722122095119
MPPED1,0.0117682246665943
EPHX3,0.0117603428755288
FOSL1,0.0117555867203188
RPS6KA3,0.011752771650759
BOC,0.0117514395795694
LENG9,0.011751403910081
FGD1,0.0117493636277884
KCNK15,0.0117490723092599
CACNG5,0.0117428680512414
RPL7A,0.0117419775207367
MYO3A,0.0117407894948252
REG1,0.0117363609506047
CRKL,0.011731465280825
GSTM3,0.0117283716627171
2410016O06RIK,0.0117267460830463
MBTPS1,0.0117152958467357
OLFR78,0.0117145467976564
MAP4,0.0117129742745973
FAM110B,0.011709886279351
4930430O22RIK,0.0117049683680707
TEX36,0.011703818849927
SIK1,0.0116979970265156
AK039269,0.0116849126172062
UTF1,0.0116822820874235
ITSN2,0.0116817916441557
LOC102640379,0.0116796421702087
POLR3B,0.0116780470324784
PYY,0.0116758764651798
4930433N12RIK,0.01167474113179
RNF123,0.0116723358878314
D230021J17RIK,0.0116705425051542
SMARCA4,0.0116636667468707
GNL2,0.0116617553353354
SDSL,0.0116587292187784
ERBB2IP,0.0116574041381061
9430047L24RIK,0.0116571352196966
CTDSP2,0.0116570558902588
4933437F24RIK,0.0116544506899311
EP400,0.0116515361416098
KCNMB4,0.0116447180096165
GM13856,0.0116443235713639
LRRC72,0.0116412693282393
LRFN5,0.0116401193231611
C78532,0.0116357143939092
LOC102634683,0.0116309049695039
5330411O13RIK,0.0116247150803934
CRNDE,0.011623953367933
GGNBP2,0.0116205657398276
SLC38A3,0.0116126332584361
BTBD11,0.011609244471423
AI596198,0.0116069301358612
AW493563,0.0116046932438775
NOTCH4,0.0116045739027638
CC2D1B,0.0116038380381714
LIFR,0.0115982016315483
RASSF2,0.0115972553109583
GM11346,0.0115922204462903
STOM,0.0115890770349144
RASA2,0.0115864738337979
4930535I16RIK,0.0115860129886351
1500004F05RIK,0.0115853171471924
SNX20,0.0115827098211256
KRT1,0.0115802587445969
SLFN5OS,0.0115785419750309
SLC25A11,0.0115726261227643
SPECC1L,0.0115663556414234
5430440L12RIK,0.0115570774270224
D030041H20RIK,0.0115560461883792
CDK4,0.011555235415332
TMEM158,0.0115552101671389
2210408I21RIK,0.0115548899848364
TMEM120A,0.011548167895585
HSD3B7,0.0115438066445759
JPH2,0.0115370723876057
BCL2L15,0.0115322702793863
PPP1R1B,0.0115321170397976
PSMG4,0.0115299175879845
HP1BP3,0.0115293538449932
ACSM3,0.0115290442203998
CDK8,0.011528924298901
HIST1H1T,0.0115282687059714
8430432A02RIK,0.0115242460868299
B230217O12RIK,0.0115235008418003
TRIO,0.0115219648301601
PCK1,0.0115217476005156
CTHRC1,0.0115206767599393
COPB1,0.0115186789287596
OLFR49,0.0115153160729447
AMMECR1,0.0115039762252673
SCO1,0.0114878860565076
P2RY4,0.0114831683578419
TM4SF1,0.0114681088431218
NME5,0.0114669686198692
PPP1R9A,0.0114628386822492
CCDC89,0.0114597076199926
C1QL3,0.0114580529668419
SCRT1,0.0114565309088795
TMEM38B,0.0114558293367172
SLC16A1,0.0114543208474714
TMTC2,0.0114483997903101
COLEC12,0.0114457139113258
STX3,0.0114454938300417
LAMTOR2,0.0114434180876911
UBA5,0.0114412352084116
UTP3,0.0114399065886693
CRY1,0.0114379107611287
LRMP,0.0114350171427878
GBX2,0.0114339681306547
MUSK,0.0114330164431706
KLK11,0.0114322662924159
CNNM2,0.0114301238964502
SGCD,0.0114264428352056
XPOT,0.0114256145365356
5230400M06RIK,0.0114211920538755
5730416F02RIK,0.0114198568885621
GTF3C2,0.0114192373384966
GABRB2,0.0114148238608845
OPTN,0.0114136213123671
RPS6KA5,0.0114084963371689
DRD1A,0.011404633902702
UBLCP1,0.0114022509044983
CYP2J6,0.0113924803958093
SLC12A7,0.0113912718898528
FAM102A,0.0113906471899538
ANK1,0.0113904632872239
ABCG3,0.0113857300981583
CENPJ,0.0113812699724755
WDR26,0.0113789421333584
ZFP606,0.0113769622726562
NUP214,0.0113760958290984
D11ERTD717E,0.0113738364437009
D5ERTD566E,0.0113696850226016
A330068G13RIK,0.0113693162932483
CTSS,0.0113677589156944
EML4,0.0113673199755086
LCE1B,0.0113641419679592
CYB5A,0.0113614989455102
NPC1L1,0.0113568540233442
ZIM2,0.0113560482533722
YTHDF2,0.011352378031106
LOC552876,0.0113493689895618
LHPP,0.0113460848376689
OAS1B,0.0113428308060867
4930471E19RIK,0.011340048363544
TAF10,0.0113248722506177
4930443O20RIK,0.0113166968365829
9030407P20RIK,0.0113155961025162
BC005624,0.0113140038645497
PI4KB,0.0113138293673363
SIDT2,0.0113116158722249
NPHS1,0.0113100099425204
KCTD20,0.0113090238062119
PLVAP,0.0113078861705242
POLR2D,0.011303320353674
AKAP3,0.011303037677096
GM15234,0.0113018311496417
POU4F1,0.0112971689881477
SPEER5-PS1,0.0112969793269333
CAPN2,0.011294010699087
CDKL2,0.0112922050345046
ZRANB3,0.0112907128241079
GM20559,0.0112885169045756
ARHGAP35,0.0112833370029181
EME2,0.0112765239365553
SP1,0.0112755714116587
AU015559,0.0112726616588114
4933427E13RIK,0.011270817500895
LHX3,0.0112699379480267
LOC102632764,0.011269021485235
SPATA2L,0.0112674771601936
GBP3,0.011266356050019
FAM19A3,0.0112640922937897
DNAJC3,0.0112634716918948
UNC93B1,0.0112634308816001
BNC1,0.0112632304333448
CHST14,0.0112571928279512
DGKA,0.0112543433903708
LIPN,0.0112533661687367
DPEP3,0.0112474841173996
CYP27A1,0.0112459455632171
SLCO5A1,0.0112410500311081
CDX1,0.0112378396555054
GNB1,0.0112375940755715
LY6D,0.0112326738175455
NID1,0.0112286167925465
DDX19A,0.0112275363436227
COL11A2,0.0112248485751661
D7ERTD523E,0.0112151699247834
1810010K12RIK,0.011211471371085
USP16,0.0112058065612672
TXNRD2,0.0112034595866136
ZAN,0.0111968567059028
NYAP1,0.0111949986523172
SPINK3,0.0111946981548734
GM5891,0.0111923043646963
DLL3,0.011192168529014
PHF23,0.0111878170223563
TNF,0.0111877765769452
GLIPR1L2,0.0111876310777264
CYTIP,0.0111844545514063
RPP21,0.0111797214509844
4930534I15RIK,0.0111768241715192
PRAMEL6,0.0111724568358594
OLA1,0.0111722734185783
MATK,0.0111681994465157
ENO3,0.0111679115873982
GAS1,0.0111664732041255
PFN1,0.0111664352766872
4930419G24RIK,0.0111656846082543
BC029214,0.011163156765116
ZFP316,0.0111499279858275
CCPG1OS,0.0111470496444319
ZFML,0.0111461674133722
H2AFB1,0.01114240094886
ACTL6B,0.0111423074326341
RTF1,0.0111405683801145
SNRPE,0.0111243501814354
ENAH,0.0111239912266617
SPCS2,0.0111217090209159
FGF5,0.0111189250930858
HTR1D,0.0111141570005381
4933411G06RIK,0.0111104405687661
CGGBP1,0.0111097688315326
PDE2A,0.011109403360568
TIPARP,0.0111082540994737
PRM1,0.0111046261415021
AU015247,0.011099187566583
HBS1L,0.0110989113511815
SMU1,0.0110988361404219
GLE1,0.0110985546069541
ZHX2,0.0110971924251088
TMCC1,0.0110968041997046
CYLD,0.0110927727430818
TMEM50B,0.0110925395354904
RGL3,0.0110886619275376
PIWIL1,0.0110868769834308
ABCB10,0.0110845292243582
4833419O12RIK,0.0110839114441847
ATG13,0.0110773010177849
GPR126,0.0110676464967204
APOC2,0.0110659337429003
5033425B01RIK,0.0110641317735682
KPNA2,0.011063981309425
2510016G02RIK,0.0110635136510264
MED22,0.0110613952223731
VBP1,0.0110599156255692
NEUROD6,0.0110592884241179
ABCF1,0.0110588979098207
KRTAP19-9B,0.0110582053399069
MYPN,0.0110579884996156
AA409261,0.0110572640881208
PLD2,0.011056855453523
4933416C03RIK,0.0110567122480778
1700129C05RIK,0.0110559215524355
TNKS,0.0110515698459675
GM10401,0.0110445982004152
GJA10,0.011043339263823
4833411C07RIK,0.011043135791123
PRPF19,0.0110413527642377
ARHGEF3,0.0110382859617703
FAM64A,0.0110360901120344
CDHR5,0.0110238881216319
N6AMT1,0.0110224076351231
INPP5K,0.0110175399411745
DPH6,0.0110118692038769
EPYC,0.0110054180785406
KIF11,0.0110053522508647
MKRN1,0.0109968885972363
ATP6V0E2,0.010994764255592
FOXM1,0.0109940523411512
PXN,0.0109879535370589
BHLHB9,0.0109850037183763
GOLGA4,0.0109843731838955
MAN2A1,0.0109820297704582
LRRC38,0.010981757595872
USP17LA,0.0109738393819544
KRT26,0.0109713969241589
FRS3,0.0109634638925051
ZFPM2,0.0109613241302319
4930429N05RIK,0.0109554360377333
2900008C10RIK,0.0109546092889256
DENND1A,0.0109541903894028
ZBTB45,0.0109521058412691
USP46OS2,0.0109497042187271
INF2,0.0109492525176752
DAB2IP,0.0109462511528086
MTPAP,0.010943751233702
COLQ,0.0109400897265125
NXT2,0.0109398095795014
8030448K23RIK,0.0109382355113411
KLF7,0.0109364424742336
BIN1,0.0109355085639762
PI16,0.0109344016572714
GIN1,0.0109300249405196
PFKP,0.0109292217291946
CYBB,0.0109268910294051
4932702M13RIK,0.010925745723747
UBE2E3,0.0109257291707409
KRT12,0.0109248913419389
RNF149,0.010918318976434
9430016H08RIK,0.0109163628203158
FBXL5,0.0109134384478187
DLGAP4,0.0109123494484601
PSAPL1,0.0109115745426074
SUMF1,0.0109108431707222
EBP,0.0109002660546384
DDX59,0.010883915271763
9130004C02RIK,0.0108685877409652
PTPRT,0.0108678028939256
GM19461,0.0108677116162268
5330426L24RIK,0.0108640282972778
MUC5B,0.0108630415871614
LMF1,0.0108475792997895
KLK1B11,0.0108428565521811
NUP205,0.0108427112379547
SET,0.0108352428957409
CAR14,0.0108331647139033
ITGA10,0.0108309271801758
FLT4,0.0108282204819361
4933432I03RIK,0.0108251007308136
ATPIF1,0.0108219065946602
RMI2,0.0108191636289344
FCHSD2,0.0108159894705185
CLASRP,0.0108157207161214
GRSF1,0.0108099582665533
1700092E19RIK,0.0108096506507778
LOC102640089,0.0108095646661199
ALDH4A1,0.0108084551732283
ZMYND11,0.0108050188108474
CLEC2E,0.0108023543740536
GPS2,0.0107912341999962
D1ERTD83E,0.0107827451349785
IL12A,0.0107740022246027
RETNLB,0.0107738075905304
FGA,0.0107732213690933
HAUS4,0.0107710247453293
NR1I2,0.0107693619329526
GTSE1,0.0107670507958834
FOXC1,0.0107653759094378
4833421K07RIK,0.0107653069766203
ZBTB1,0.010764886132382
VWA3B,0.0107629944362539
CCKAR,0.0107562064611336
RNF19B,0.0107540467159229
CTLA4,0.0107535289870642
TLR2,0.0107526047893466
FBXO2,0.0107501027598577
MED7,0.0107485063534463
GM12992,0.0107427761085652
PLA2G4D,0.0107403610515381
C79818,0.010738958238352
RASGRP3,0.0107383311143198
CD70,0.0107332868519779
MAP4K1,0.0107279924841128
SLC33A1,0.0107279477450931
CLK4,0.0107274287949469
FUT9,0.0107267669610563
SLC7A2,0.0107233559824391
NIT2,0.0107228094584409
MFSD9,0.0107148298623351
DEFB19,0.0107119987811322
TMEM248,0.0107118330606482
4930456K20RIK,0.0107072720302605
CD40,0.0107044926073319
C430003N24RIK,0.010695479006299
SERPINB11,0.0106952420895412
4930599N24RIK,0.0106936799104088
CIPC,0.0106935556537953
WDR86,0.0106923722770211
4930422N03RIK,0.0106905934077202
TNFSF10,0.0106904872875797
TCTN2,0.0106903821784437
MAMLD1,0.0106881971365933
AU022121,0.0106869857419136
AGR3,0.0106806744336926
4930505N22RIK,0.010680456477833
C76336,0.0106745581401032
NPY5R,0.0106743310320736
GPX1,0.0106742824204051
HEXIM2,0.0106711051286978
GRASP,0.0106653383548849
MAPK12,0.0106648032934131
ART1,0.010662308629415
CDH3,0.0106606432040374
A530054K11RIK,0.0106583746393907
POP1,0.0106556084883738
2610011I18RIK,0.0106519165320597
MRPS35,0.0106499475324121
DLGAP5,0.0106451560936788
HPS6,0.0106436528931955
TCL1B4,0.0106435741857088
B4GALNT4,0.01064093169442
MAN2B1,0.0106355525152001
ADRA1B,0.0106349900703545
DOK7,0.0106343610344389
LOC664787,0.0106337081694312
BC030870,0.0106325375628191
B3GALT2,0.0106287585829957
BDP1,0.0106271855700303
HDAC1,0.0106261769267862
RASEF,0.0106226941267155
RIMS3,0.0106223656051118
SLC16A2,0.0106207771675633
9430087B13RIK,0.010619445054723
KLK1,0.0106181177892354
AB351656,0.0106174966416742
UNC5CL,0.0106174329775971
RASL11A,0.0106140583908383
ECM1,0.0106128578667117
4930527J03RIK,0.0106080028556397
SRP14,0.0106043763364518
UCHL4,0.0106032444323245
MMP20,0.0105992165925878
RBPJ,0.0105989255483035
EPN2,0.0105984658976426
CYP2D12,0.0105983845741571
APITD1,0.0105979472359507
TKTL2,0.0105948915243515
DES,0.0105947128158145
DPH7,0.0105942818283261
2300002M23RIK,0.010593240083449
4930432K21RIK,0.0105906070338496
NOL8,0.0105845280282072
ASPN,0.0105840516862307
GLIS1,0.0105828715674672
2310007B03RIK,0.0105818103360032
MAMSTR,0.0105800930667757
TPBPB,0.0105797962626803
FAM25C,0.0105782303994965
1700080E11RIK,0.0105696469793427
EPHB2,0.0105654481423266
AGPAT4,0.0105631014530378
2810002D19RIK,0.0105630902133058
FAM20B,0.0105605820449432
APOBEC3,0.0105565362471059
NOP58,0.0105542441527475
SLC29A3,0.0105520683164007
2310009A05RIK,0.0105519660546317
6330575P09RIK,0.0105504012859815
RADIL,0.0105477032495966
H2-AB1,0.0105439549703169
AFM,0.0105313965945849
VPS25,0.0105311145719124
ZFP286IT,0.0105287212285294
RECK,0.0105270929550607
KANSL1,0.0105238834199603
MCOLN3,0.0105223426629996
6330416G13RIK,0.0105199586119402
OGN,0.0105196613138313
FNDC1,0.0105152539862989
BSDC1,0.0105146275825212
TAPBPL,0.010509625024205
LOC102632394,0.0105073581610857
PGD,0.0105056425519874
SH2D2A,0.0105024826066118
XKR6,0.0105024365833698
GPSM1,0.0105004229769201
LIAS,0.0104965200881207
SLC3A1,0.010496506098778
CRELD2,0.0104939650768535
CCDC18,0.0104929432880417
EDARADD,0.0104878026634167
XPA,0.0104846485074703
FAH,0.0104829626981981
COMMD10,0.010481489930117
INHBB,0.0104797363189927
CDC6,0.0104792496466381
9430014N10RIK,0.0104696015984784
TRIM62,0.0104623551058862
ASPHD2,0.0104619777653496
NLGN2,0.0104613758058076
ARAF,0.0104612280051686
TBX21,0.0104577628609068
DPP9,0.0104538258141007
UBXN7,0.0104527210255216
TIGD2,0.0104520789410623
ANXA6,0.0104509883872988
NBEAL2,0.0104481682526036
CNTN6,0.0104441613517218
OAT,0.0104433379929763
IQGAP1,0.0104393166049981
SVS6,0.0104356627046612
GM4793,0.0104354185598646
CES2B,0.0104348389401897
NOVA2,0.0104333682512057
NPFF,0.0104320937396955
MKNK2,0.0104280388425388
ANAPC5,0.0104274553138049
ITGB2,0.0104256791480145
1700001C02RIK,0.0104239405485443
NRCAM,0.0104230370670575
EDEM2,0.0104156829425189
MARCH10,0.0104140506074225
ARID2,0.0104118067993629
NAPRT1,0.0104117241558744
NUDT14,0.010411133865775
PPP1R3G,0.0104098912952404
BTBD17,0.0104089760848561
PADI2,0.0104076832643141
9530020I12RIK,0.010407644820339
TEX10,0.0104071261458007
PRR9,0.0104055489213658
CEACAM13,0.0104054083381317
DUSP7,0.0104046378034337
ZFP553,0.0104032983212128
MTNR1A,0.0103945932755186
HK2,0.0103925227720831
NADK2,0.0103889825729283
METTL23,0.010386377213041
LIN7C,0.0103859645898144
XIAP,0.0103841027271031
4930445E18RIK,0.0103829686764658
RNF8,0.0103827515341441
GM5802,0.0103823895687571
CNN3,0.0103782855486597
DPYD,0.0103757935741826
PEO1,0.0103723419849348
PTPRD,0.0103716155626759
SSU2,0.0103716010578188
SIPA1L1,0.0103688633431332
FARSB,0.0103667370165431
TNFSF13B,0.0103662709919191
1810043H04RIK,0.0103650787471803
SPATC1L,0.0103642971629311
FAM217B,0.0103633700011785
GNAI3,0.0103482234465831
RRAD,0.0103475338690581
GSDMA,0.0103450623589761
MAP2K3,0.0103443112887046
TMEM203,0.0103440692641325
DEFA-RS2,0.0103429785122154
MKL2,0.0103406216945345
KLK8,0.0103369485092983
STAG2,0.0103362365904215
SH2D3C,0.0103353268114232
BMX,0.0103313087793137
4933436N17RIK,0.0103311040335232
5930409G06RIK,0.0103307061770615
AMPH,0.0103303343042628
HSPB8,0.0103280285872282
TREML4,0.0103272454739652
OSBPL1A,0.0103217428949638
URB2,0.0103209366734521
IRGM1,0.0103188873551418
JAM3,0.0103174287711774
1700081H04RIK,0.0103127361638207
VPS39,0.010310706368564
DLG4,0.0103087176527997
SIX3,0.0103067301485477
PCDHGC4,0.0103045677062918
DOCK7,0.0102982238342546
XRCC2,0.0102966832283459
ADCK1,0.0102963891881968
TRIM29,0.0102963340841094
LENG1,0.0102911573645577
FBXO34,0.0102907919353238
COX15,0.0102888241000194
DHCR24,0.0102873852875303
RNF219,0.010280912945906
CCL7,0.0102776314052175
KCTD9,0.0102727857286199
BCL9,0.0102712467715254
NKX3-2,0.0102706171935316
RNF26,0.0102688725381311
FBXW5,0.0102672877255937
SVA,0.0102572692079901
ASH2L,0.0102511477466568
CLEC11A,0.0102495501743832
CSRP1,0.0102457431726754
MARS,0.0102437516498484
TEAD4,0.0102392496880908
C530025M09RIK,0.010235608503905
AKAP2,0.0102342522154512
PIK3IP1,0.0102330395130121
4930505O19RIK,0.0102307667350819
SLC25A15,0.0102302003396767
PMVK,0.0102267538432384
FAM43B,0.010225220579955
MDFI,0.0102244017637402
4933417O13RIK,0.0102181095917712
CDCA4,0.0102160220434257
SAFB,0.010210065152849
PPIB,0.0102100019984034
ZBTB37,0.0102097325142292
GM16845,0.0102047725303371
ZFP326,0.0102009540070747
C78148,0.0102008147171907
NCAPG2,0.0101980728819448
LOC102632708,0.0101973943986711
TMEM151A,0.0101956438918815
ZFP352,0.0101917315347247
ANKEF1,0.0101903410318447
FOS,0.0101900505961489
NWD1,0.0101884181390539
PIH1D3,0.0101870292283423
OTOG,0.0101856673418774
TTLL13,0.0101846955726923
SMARCD2,0.0101836049359453
C330027C09RIK,0.0101809383475552
FGF2OS,0.0101709945410109
GFER,0.010168711464951
GM7120,0.0101645426640126
RAB11FIP3,0.0101644159347781
IFI202B,0.0101621088899802
TRIB2,0.0101611472688809
4933439N06RIK,0.0101597936700307
PRL7C1,0.0101595653841862
ZWINT,0.0101569349692268
1700011B04RIK,0.0101539166614751
UQCC1,0.0101425441232614
D6ERTD588E,0.0101415593664377
9130221J18RIK,0.0101404407468467
KBTBD11,0.010140090487793
GM10461,0.0101374014459191
QPRT,0.0101284648823569
BMP4,0.0101278336760977
ZFP580,0.0101245630486803
4930431C11RIK,0.010117916820957
ITPA,0.0101174723696785
DENND4A,0.0101154103230345
SCNM1,0.010115268801977
DAB1,0.01011301977879
PJA1,0.0101107217330218
RELT,0.0101073885173055
RABL2,0.0101040822685002
MUC15,0.0101001005809744
KLRD1,0.0100984970692309
PTDSS2,0.0100983231738543
MARK2,0.0100979930197676
COX11,0.0100959852146211
APOA2,0.0100937372646332
DNAJC5G,0.0100933966481817
FBXO36,0.010085534753335
ZFP180,0.0100803596510785
STOML2,0.0100790896664829
CASK,0.0100780856006857
TRMT44,0.0100742031236864
TMEM223,0.0100724604460722
MAGEE1,0.0100714229302264
NEK8,0.0100640458574191
CORO2B,0.0100606853797182
CLEC4A2,0.0100563830312166
FASL,0.0100542994751216
2810403G07RIK,0.0100513620866065
TEX29,0.0100510964678966
IAPP,0.0100477279572881
C230029M16,0.0100473205916648
D15ERTD180E,0.0100457844042476
ALPK1,0.0100449422894582
GJB3,0.0100415133198606
A430105D02RIK,0.0100394449792166
ZFP236,0.0100367349228256
JAKMIP1,0.0100357743439125
CASP6,0.0100325510193252
SOX10,0.0100223577302502
4930448E22RIK,0.0100193780983314
REG3D,0.0100191743535936
MROH2B,0.0100169679363179
AU022320,0.0100135705151873
TDP1,0.0100131063832812
GALM,0.0100107836472659
SCAPER,0.0100102474112614
SYNDIG1L,0.00999881357773093
4933437I04RIK,0.009998773566278
TMEM246,0.00999471166179193
TUBG1,0.00999255755428805
9130410C08RIK,0.00998743938268106
VANGL2,0.00998708058630117
BCAP29,0.00998516577511375
PPAP2B,0.00997789649035048
TMEM229B,0.00997689799915122
TUBB2B,0.0099766290480308
MAPK8IP1,0.00997650677149759
9230106L01RIK,0.00997635217897658
MTMR1,0.00997421685656337
FAIM,0.00997408683610066
SPATA2,0.00997052183023292
D930028M14RIK,0.00996982542613581
GYK,0.00996329524109141
ARF3,0.00996095841256062
9630002D21RIK,0.00996049305436612
HOXD3,0.00996032132654837
SNCAIP,0.00995877702440205
LMNB2,0.0099559816331721
USP25,0.00994695007025134
ELL,0.00994377946983014
MED8,0.00994124504267349
KCNJ13,0.00994073574633311
2810416A17RIK,0.00994067338602035
5430417L22RIK,0.00993752931084013
IL18R1,0.00993569867977131
SYNE4,0.00993533772643296
EEF1D,0.00993514852611328
USP44,0.00993369571855593
CEP57L1,0.0099294367805366
AW556556,0.00992865530707063
5430420F09RIK,0.00991893593399056
ANG2,0.00991386950673922
PAN3,0.00991266491675006
PRL2B1,0.0099113211273809
RAC1,0.00990756808003708
SPATS2L,0.00990645657720282
CRYGB,0.00990165691523933
THBD,0.00989801369876857
MPP5,0.00989544140102198
NUDT4,0.00989476531946034
WSCD2,0.00989025586084952
IL1F10,0.0098884103387034
PPWD1,0.0098815686238778
RDH10,0.00988145948747344
D17H6S56E-5,0.00987732494570697
KRTAP9-3,0.00987679572892854
BLCAP,0.00987368201019549
SHISA4,0.00987363673742245
UPK1A,0.00987208058967243
PTGFR,0.00987092954712494
ABHD15,0.00986489006216282
4833422B07RIK,0.00986437946205379
MGMT,0.00986437614717734
APOL7A,0.00986186972595593
DPM2,0.00985765687878679
DLX6,0.0098573696057701
THG1L,0.00985358409779846
VAMP4,0.00985120373346429
D2ERTD337E,0.00984252909434624
GALNT3,0.00983439884154255
STK4,0.00983425204594166
TNFRSF11B,0.00983424962571713
SELO,0.00982590587988502
UGT2B1,0.00982485942315416
HELB,0.00981936042959543
ACAA1A,0.00981772083765993
3732407C23RIK,0.00981551309942363
CES5A,0.0098050220597286
2310046K23RIK,0.00980433422331005
LXN,0.00980060170162528
FERT2,0.00979805094123454
DGKB,0.00979791531279958
D14ERTD611E,0.00979564448982363
PLIN3,0.00979424432840886
VASH2,0.00979015852269442
4933412A08RIK,0.00977675774217083
A930001A20RIK,0.00977516974780898
MUC3,0.00977343523558731
GRIP2,0.00977239627589205
RAB26,0.00976859030671673
A930004J17RIK,0.00976673792182228
LGR6,0.00976480604434035
LDHAL6B,0.00976346593780156
4930471M09RIK,0.00976273969005105
CLPS,0.00975663828802222
AVPI1,0.00975550655295014
MYL3,0.00975059066083502
ALKBH6,0.00975015731920645
CBX2,0.00974891173408566
GM19784,0.00974703690776067
PLSCR2,0.00974138729656217
ELOVL4,0.00973773101930665
2610306M01RIK,0.00973678649063783
9130409I23RIK,0.00973568538183464
PMS2,0.00973478680740718
MYO18B,0.00973293293436787
DLX1,0.00973243265498312
DSG2,0.00973167739477256
1700001K19RIK,0.00972335778962081
NPAS4,0.00972231522656721
SPECC1,0.00971229189258156
SRPRB,0.00970931434802644
POLR2C,0.00970852952811005
TBKBP1,0.0097059226245751
PCDHB12,0.00970370243733602
PABPC1L,0.00969705976773274
4930560O18RIK,0.00969534866202918
C130079G13RIK,0.00969022381012659
RXFP1,0.00968922093607204
SH3PXD2B,0.00968626798965229
ADAM26A,0.00968407348771907
FOXB1,0.00968288013097012
1700052K11RIK,0.00968048626027358
MYPOP,0.00967815970253079
SEMA4F,0.00967735777116125
VPS13C,0.00966828953392654
SUN5,0.0096671363251778
1700061I17RIK,0.00966681221135187
CLCNKA,0.00966635796005354
MSL3,0.00966385908260066
D4ERTD571E,0.00965636879147503
2410015M20RIK,0.00965248105028559
P2RX3,0.00964985071217133
HSPA1A,0.00964903480513968
CDH11,0.0096449878136551
L1CAM,0.00964432113197646
RHOBTB3,0.00964034672194685
SHC4,0.00962924231823154
MYF5,0.00962706220123857
APMAP,0.00962528324374735
4733401A01RIK,0.00961870979440039
TCEAL1,0.00961302662137947
ZFP820,0.00961026144470445
4933429H19RIK,0.00961003158996296
NAT10,0.00960341232209806
ENKD1,0.00959783089619704
ATP2B2,0.00959629205077643
LGALS9,0.00959361487670044
PSMA6,0.00959289147568537
ANKRD42,0.00958236722755407
MSS51,0.00957351097447571
TTC30A1,0.00957340082640135
4930512B01RIK,0.00956927409016432
CRBN,0.00956796600888958
PDCD2L,0.0095648113198173
RPS5,0.00956257438877889
CHFR,0.00956091240713366
CDH22,0.00956006710206035
BET1,0.0095596038215773
ROBO4,0.00955868509446058
SIM2,0.00955701613926924
CEP152,0.00955661184108382
OLFR870,0.00955106743060986
CCDC34,0.00954845135509593
VAMP5,0.00954647565365029
CCDC126,0.009543306789133
AK035085,0.00954239033965602
CYB5B,0.00954016377044809
SPRR2J-PS,0.00953781692571966
AASS,0.00953285834397484
FAM134B,0.00953149817747419
EARS2,0.00952722984529158
CAB39L,0.00952317011070443
FAM134C,0.00951955242029161
4930474N05RIK,0.00951236696580429
ETS2,0.00951173933250983
AI462521,0.00950631968986493
RARG,0.00949971156338169
IMP4,0.00949908297229634
C87487,0.00949887002412088
4930402K13RIK,0.00949817810628348
KLRC2,0.00949767932409699
AU014965,0.00949660740425358
IGFBP4,0.00949532251067071
A730091E23RIK,0.00949262192333143
ESRP1,0.00948846978291598
CREM,0.00948522626308904
TSHB,0.00948444135475711
ZFP605,0.00948428306804675
RIN1,0.00948108335191565
HTRA3,0.00947645974006531
SMC5,0.00947586734886183
SERPINE2,0.0094707633065494
ST5,0.00946928146994692
GPR89,0.00946736321301704
CD200R3,0.00946277690431773
IL1RL2,0.00946180022448872
APH1A,0.00946114357016751
2310069B03RIK,0.00945923820794817
SYT7,0.00945562293059767
FER1L4,0.00945490184278446
ESCO1,0.00945181143971938
CTXN3,0.00945180079093777
LYZ1,0.00945170696730917
RIAN,0.00944929242247108
MFAP3L,0.00944901622800173
UNC79,0.0094456651150709
C230006B20,0.00943766519454695
GM11696,0.00943707609464433
ZP1,0.00943274065749985
SYNJ1,0.00943158854931148
AKAP4,0.00942881194789782
4933424M12RIK,0.00942508007315781
KRT36,0.00942453406152918
LCE3F,0.00942307930629544
TRUB1,0.00942071745126448
ZC2HC1C,0.00941883548837346
LOC102640479,0.00941701406427641
FAM3C,0.00941448128224802
RNF222,0.00941395164247002
RAB21,0.00940834826643564
4930425F17RIK,0.00940502232551886
PSMC5,0.00940470342161168
CMYA5,0.00940423222191522
UEVLD,0.00940293097399443
GM20611,0.00940236469782658
4930505O20RIK,0.0094019308965579
KCNK2,0.00940067126502309
HLF,0.00940015442174814
COG8,0.00939588417680396
MUC1,0.00939574661861033
SPOCK3,0.00938774316261643
SCP2,0.00938307432898758
C130080G10RIK,0.00938067700989808
FGFR1OP,0.00938061351016989
GNS,0.00937917516142979
TMEM37,0.00937418831118516
GPR17,0.00937258492914278
NCK1,0.00937022678241082
ISOC1,0.00936290824925887
RBBP4,0.00936081262248601
TMEM30B,0.00936079366868545
NUP50,0.0093601252481163
NUCB2,0.00935988050118911
CHD2,0.00935940024337688
ANAPC1,0.00935448294564189
ASL,0.00935366222758757
1700012A03RIK,0.00935295881967001
SVS5,0.0093515349271448
RAB35,0.00935046855605289
TBC1D10B,0.00934340453713743
DNAJC27,0.0093425441121249
MEIOB,0.00934166788491471
LOC102631739,0.00934134928069285
A830010M20RIK,0.00933927853500466
SLFN4,0.00933695272438674
KANSL2,0.00933524034039295
A230055J12RIK,0.00933146997462367
FAM155A,0.00932683287101251
COL6A4,0.00932472732457855
PAIP2B,0.00932166646376539
ADRA2B,0.00932070010365248
COL4A6,0.00931976059108263
9430091N11RIK,0.00931891468678919
UBQLN4,0.0093185629404172
ADAM1A,0.00931819585017754
SERPINB8,0.00931783409206311
KIFC2,0.00931749379225605
TSHR,0.00931320556062123
CENPW,0.00931319835610595
SLC26A10,0.00931249137749665
E230016K23RIK,0.00931169437515915
ZCCHC5,0.00930545798459709
CSRP2BP,0.00930295613167348
NCLN,0.00930063985217445
BTD,0.00930030698766785
1700125H20RIK,0.00929938346056365
UAP1,0.0092984002215949
WRB,0.00928885059458657
PLRG1,0.00928553202063455
LYPD8,0.00928551280428901
SPRR2K,0.00928041475450947
RUNX2,0.00927944192430112
FAM168A,0.00927452094105441
BPHL,0.00927339076966973
MEF2B,0.00927330601048291
ACER2,0.00927313626704571
LRRN4CL,0.00927286174156184
NUP98,0.00926964310880293
HAUS1,0.00926757592321337
RAP2C,0.00926664602560488
IFI204,0.0092659125050529
MAL,0.00926563638878125
OFD1,0.00926562338245638
TBX19,0.00926440449151759
ITPR2,0.00926184510583569
ZFP763,0.00926025771409546
CREBRF,0.00925697587893348
USP12,0.00925412394290475
BCOR,0.0092534875092027
FUZ,0.00924731119051197
ARHGAP36,0.00924387394315219
9430030N17RIK,0.00924385834521172
VMN1R11,0.00923969885109392
KRTAP13,0.00923931530638539
FAM71B,0.00923836423371945
HERPUD2,0.00923681762000569
NEK4,0.00923599664039599
RGL1,0.00923510050176648
C79946,0.00923493785579113
4833406M21RIK,0.00923369230752606
AU022052,0.00923305958797108
C79329,0.00923092968370229
TTC7B,0.00922871748233184
MFSD6,0.00922733258348268
SPTAN1,0.00922350846516504
PSMB10,0.00922261256479141
4931429P17RIK,0.00922246491098407
KDM1B,0.00922137702287746
SETD4,0.00922000046126136
PRR30,0.00921046254573696
HOXA11OS,0.0092078676481581
DYX1C1,0.00920016240479285
9430053O09RIK,0.00919989350353273
ATG4D,0.00919875999913872
NCS1,0.00919742395487445
CCR8,0.00919685892385719
4930444F02RIK,0.00919174409174489
FBLN1,0.00919164362862501
LCK,0.0091907685226642
XPO7,0.00919074022338538
UBAP2L,0.00918894642076384
SLC25A42,0.00918771928804768
STX5A,0.00918768386632757
SCN1B,0.00918540374682243
NXNL2,0.00918520899934726
4930423D22RIK,0.00918452079057121
RPL7,0.00918438579077925
AA589418,0.00918091654748736
FXYD3,0.0091793502378172
PDE3A,0.00917811287030105
BCLAF1,0.00917760657267481
ZSCAN5B,0.00917718503433304
D730035F11RIK,0.00916783393608489
MBTPS2,0.00916720829729312
WARS2,0.00916524328858497
CRYAB,0.00916257204594914
NENF,0.00915825922412642
ATG4A,0.00915714844114664
MCEE,0.00915433667208148
1700008J07RIK,0.00915277298225808
4933406K04RIK,0.00914652625062729
AL023008,0.00914522001357453
GRM7,0.00914383823098181
MT3,0.00913974689958478
CD8A,0.00913954791725369
CDC42SE1,0.00913877428360356
LOC434348,0.00913720576501504
APOA4,0.0091295937196223
TMEM132C,0.00912925290680035
VSTM5,0.00912588932109868
AGAP2,0.00912588008360443
1700084F23RIK,0.00912575750604721
PRSS52,0.00912095650024226
LANCL2,0.00911286852721796
5730409N24RIK,0.00911267249562357
ZZZ3,0.00911120104834952
PGC,0.00911011815190975
MPDZ,0.00910434139564422
6330408A02RIK,0.00910376417195555
DYNC1LI2,0.00910242828323119
WDR33,0.00909907109992993
9030420N05RIK,0.00908975156646539
SDC1,0.00908788395985962
4930423O20RIK,0.0090876151788964
CPEB2,0.00908757063493017
FAR1,0.00908693143706384
1700052M09RIK,0.00907912253590106
CLCNKB,0.0090677752503879
4932432N04RIK,0.0090651223592878
ESPN,0.00906394418990606
IRF2BPL,0.00906254441581208
2300004M11RIK,0.00906169146146499
4930597G03RIK,0.00905909017606193
AAMP,0.00905702120361119
TMLHE,0.00905427980971469
SVS4,0.00905045749935776
TRIP6,0.00904748477800469
SPP2,0.00904365861985906
PDK1,0.0090422866164097
TBRG3,0.00904142467539111
ATXN2,0.00903880904525481
RAB43,0.00903831713174105
CEBPZ,0.00903708119851052
UBA1Y,0.00903457797800951
BRIP1OS,0.00903088552761277
CSNK2B,0.00902863226761062
ZCCHC7,0.00902780715262229
PPIP5K2,0.00902678748703012
CISD1,0.00902582999689218
4933416I08RIK,0.00902005820228162
DUSP22,0.00901919187085181
DAB2,0.00901685647307598
HS1BP3,0.00901544011389088
SNX9,0.00900532348553839
2810019C22RIK,0.0090045634692733
ARPC5L,0.00900426852855443
BC030500,0.00900294227960422
SLCO1A5,0.00900220131168654
C78142,0.00899984671590407
GGACT,0.00899651676068464
AA517650,0.00898803459144749
2610507B11RIK,0.00898237785635662
PDX1,0.00898087597106185
SETD1A,0.00897893111475502
1700029I15RIK,0.00897803373859103
DQ699523,0.00896679399277334
GM3556,0.00896617575738184
4930518C04RIK,0.00896182725494601
LOC102636612,0.00896153247361102
RDH16,0.00895940814187572
IBTK,0.00895817384181612
DEFA-RS7,0.0089536044558718
SERTAD3,0.0089497495518789
KCNJ11,0.00894182778493119
ICE2,0.0089411783602363
EXO5,0.00894085437576695
WDR1,0.00894008204818456
USHBP1,0.00893246200014317
CDK13,0.00893091914052483
CYP3A16,0.00892762759252135
ABCA1,0.0089268695765836
2610030P05RIK,0.00892613406582005
TMEM216,0.0089242948111186
3632451O06RIK,0.00892371735565775
GM13308,0.00892341882783794
1700018F24RIK,0.00891731178461264
CENPI,0.00891100643531066
TET1,0.00890873378700717
1700013F07RIK,0.00890197439236494
DCDC2A,0.00889594386877845
ABHD5,0.00889493830621556
AW046200,0.00889394780445017
GDAP10,0.00889238377003969
ITGB7,0.00889237880566133
BORA,0.00889135726911573
APEX1,0.00889044006976418
RRM1,0.00888678472119069
OBOX6,0.00888574459644164
POU2F1,0.00888151688688242
UCN2,0.00888094837414431
COX6B1,0.00887917834733955
TMEM150B,0.0088790015341751
FGF23,0.00886978568254376
VPS45,0.00886684116232482
2810030D12RIK,0.00886386470384929
PHXR1,0.0088566539370598
FAM214B,0.00885459707365727
VPS36,0.00885281943301042
TCAP,0.00885123344640919
NCBP2,0.0088432081935052
4930432F04RIK,0.00884042757758258
OLFR701,0.00883813559587074
VMN1R41,0.00883174240528454
STC1,0.00883136610952922
SARS,0.0088306749117079
RMDN1,0.00882997298994142
KLC4,0.00882863573074178
TLE1,0.00882699962418498
STXBP2,0.00882077543931465
GRHL3,0.00882046232908654
DDX42,0.00881917468527839
TMEM8C,0.00881829918082528
IL5,0.00881773675336321
BAZ2B,0.00881711192539265
RHEBL1,0.00881634794632269
NMRK2,0.00880948875593267
NKRF,0.00880923397154795
MINA,0.00880796850774052
B430105A11RIK,0.00880348186018218
IDH1,0.00880344623596931
LHX4,0.00879857471898002
C87499,0.00879391793546157
DTD1,0.00879166621222714
P2RY12,0.00878965495879278
AMPD3,0.00878731750689651
FANCE,0.00878537172709543
SERPINB6B,0.00878475114816243
SF3B5,0.00878435888441159
SH3RF2,0.00878374053538044
CNNM3,0.00878370339974593
YEATS4,0.00878222624198627
LRRC74,0.00877349629071559
SPPL2B,0.00876986452125956
SUCO,0.00876961848290211
SIGMAR1,0.0087680058928998
YPEL3,0.00876647505925676
ANKRD55,0.00876437264579091
CARNS1,0.00876436819114212
GM12159,0.00876189574247932
VMN1R42,0.00875926142468989
TREX2,0.00875724206678817
GCC2,0.00875701082327908
UNC13A,0.00875697378902737
TRNT1,0.00875640966022337
BC034090,0.0087538631705381
HERC4,0.00875259218581435
SOCS3,0.00875067635583965
LOC552901,0.00874981340162555
AKIP1,0.00874620117940063
RHBDL3,0.00874578023644721
STK32A,0.00874459613131221
IGSF9,0.00874416014419628
GPR98,0.00874320892580732
SUGT1,0.00874205902593845
TTBK2,0.00873981271110334
POC5,0.00873820596786105
UBASH3B,0.00873751286421589
SYNPO2L,0.00873478943637391
CHIL4,0.00872672363276399
CTNNAL1,0.00871739484103437
AGTRAP,0.00871358405808498
ICOS,0.00871306441794697
ALOX5AP,0.00871283823345604
SFXN5,0.00871061260291983
C80120,0.0087089092859546
2900076A13RIK,0.00870816795680445
POLG,0.00870421237463315
EHF,0.00870416677801462
NTN5,0.00870330433078203
9430078K24RIK,0.00870211713687364
D630038D15RIK,0.00870162296815179
TACR2,0.00869976793753645
DST,0.00869878705676458
MAMDC2,0.00869583782641921
THOC7,0.00869492008650674
TPX2,0.00869243995242684
MALAT1,0.00868645366170973
LOC102639714,0.0086795351852167
4930556N09RIK,0.00867926231344808
TMEM52B,0.00867840602054222
PAFAH1B2,0.00867684413462027
ZHX1,0.00867580181486631
IGFBPL1,0.00866512231884854
ADCY6,0.00865930192008012
1700023A20RIK,0.0086568553144105
GEM,0.00865681605855347
SMEK1,0.00865069702838486
PHC1,0.00864715042517877
LOC73899,0.00864409652967646
PXYLP1,0.00864157992951405
TRP53INP2,0.00864046624067285
TEX30,0.00863895661440025
RNF133,0.0086365625913918
CCDC181,0.00863465700100646
NPC2,0.00863112186153458
OSBPL2,0.00862264340261452
UBA1,0.00862217031909823
2900052N01RIK,0.00862062194011516
CDC42BPA,0.00861901061458568
TRAP1A,0.00861623336643048
NAP1L3,0.0086125351476181
ATP1B3,0.00861194683521866
CAR7,0.00860798382521516
DIMT1,0.00859978816947115
TRAV6-3,0.00859915985468984
KCNA7,0.0085969066253705
TTPAL,0.00859405095507201
TUNAR,0.00859226804611392
ACTR2,0.0085909126662232
LHX1OS,0.00859017466692461
FGF21,0.0085866007316993
OLFR1509,0.00858433351782878
SGTB,0.00858405501490631
DOK5,0.00858282358886727
CSF2RB2,0.00858154440386863
LPHN2,0.00858087185883121
GZMC,0.008578434606042
HSPB3,0.00857377077194991
TAF6L,0.00857243080597714
TRIM11,0.00856935448300002
GM10033,0.00856841855479772
PCTP,0.00856430601890278
CRB3,0.00856092966247045
RAB5C,0.00856086052466366
6030442H21RIK,0.00856076692342729
HOXA13,0.00856015871692014
TCTEX1D4,0.00855876261430403
NSUN4,0.00855820735586303
CNNM4,0.00855659348604561
SPATA19,0.00855397215384709
FBL,0.00855331334497576
NRM,0.00854886408437301
SAT1,0.00854760269928359
VWF,0.00854628079537356
PDE1A,0.00854503669050459
CDC27,0.00854356600041147
GM19521,0.0085422081874398
NUTM1,0.00854218373158261
1600022D10RIK,0.00854026757587622
GM26745,0.00853834672010466
LPCAT4,0.00853795687945113
DENND6B,0.00853527361580975
METTL7B,0.00853091817826537
TSR3,0.00852977842142176
AU042950,0.00852945642279695
TMEM121,0.00852836922535743
GM15834,0.00852639190878451
2010300F17RIK,0.0085219826634002
SNX24,0.00851956105657997
TMEM171,0.00851850367452469
COL4A5,0.00851803419211448
FAM203A,0.00851673400394482
C79122,0.00851575118819589
COMP,0.00851507415883468
TIMM10,0.00851437086807182
GM10791,0.00851344222955247
AU015581,0.00850369999446403
AW047730,0.00850360728292776
AU015558,0.00850144091105401
MAP1LC3A,0.00849904583971223
YAE1D1,0.00848996524421257
ZFP597,0.00848979242970958
SYNE2,0.00848841066326468
FRMPD1,0.00848350451430993
A230101C19RIK,0.00848176260193636
PHLDA1,0.00848137832759625
LY6G6E,0.0084742772836188
AUH,0.00847212492346061
EIF5B,0.00847191690669366
CHST1,0.00847135735150872
POLR3K,0.00846988361193979
LRP8,0.00846867367689195
4930567K12RIK,0.00846422249661033
LOR,0.00846275228774954
MPO,0.0084620511054348
FGFR1,0.0084616145816028
FSTL4,0.00846138970106933
GALR2,0.00845913654468528
C77626,0.0084580609059518
SPINK5,0.00845609032509673
SH3PXD2A,0.00845445606474136
2810430I11RIK,0.00845438879048428
BTF3,0.00844421239843106
PRPF40A,0.00844334594148731
SLC25A28,0.00844037059502056
RAB5A,0.00843986931800922
AW107722,0.00843811927431005
GM9054,0.00843559804123876
LOC102632313,0.00843016495285683
HDGFL1,0.00842935467653928
RTN4,0.00842819595897518
USP1,0.00842736292294144
4933428G20RIK,0.00842600893920748
TJP2,0.00842475522369007
GM11149,0.00842388453998889
MSGN1,0.00842340799477677
B230214O09RIK,0.00842035423589442
4933436E23RIK,0.00841875992326247
MOBP,0.00841708233585482
METTL13,0.00841223332361524
SLC2A6,0.00841155510309452
HCN1,0.0084088367216734
OGFOD2,0.0084067863649405
IQCF4,0.00840522328459379
PRRC1,0.0083997071408656
SLC22A29,0.00839337869781776
FBXW8,0.00838865420351187
SNRPA1,0.00838845758570495
AXL,0.00838546787310585
SDAD1,0.00838452635252382
HERC2,0.00838283673144362
GMDS,0.00838239968240412
PHACTR1,0.00838120056922711
TOR1AIP1,0.00837956136672243
LPCAT2B,0.00837941747551639
TMEM33,0.00837796365371346
OLAH,0.00837137422923243
PTGES2,0.00836939055697636
4921511H03RIK,0.0083689974755587
9330121J05RIK,0.00836663137140751
GM19929,0.00836660051103171
C3AR1,0.00836475144825699
PAF1,0.00836190222631198
MORC1,0.00835398079219736
SCG3,0.00834915554311422
RGAG4,0.00834637602497992
COL8A1,0.00834230860605421
LOC102632699,0.00834152439285899
5830416I19RIK,0.00833916278251312
GIMAP6,0.00833629040217089
ZNHIT1,0.00833304579855717
NEMF,0.00833290263090273
PDRG1,0.00832960498886132
RPGR,0.00832832784812712
EIF3F,0.00832160557537841
4921507L20RIK,0.00831879391739517
1700010B09RIK,0.00831791307108292
BC031181,0.00831613981666157
SNX22,0.00831390459603545
TRAPPC6A,0.0083096285877406
FKBP9,0.00830322932581453
GM9558,0.00830295516035338
GRIA2,0.00830272697895793
PLEKHD1OS,0.00830171529301313
ANK2,0.00830122999748165
MYZAP,0.00830059964686407
GPR137C,0.00829895408420511
PARD6B,0.00829647208815633
FAM178B,0.00829304552498654
GM10750,0.00829204429901222
XPC,0.00829037818091096
CYTH2,0.00828954527251776
CCDC105,0.00828946877991034
GM3948,0.0082884826978194
PAN2,0.00828607710970723
NUDT12,0.00828566608491042
B230359F08RIK,0.00828278377001915
GM7544,0.00827987629275015
PPP1R14D,0.0082794523983532
GPSM3,0.0082774084949688
B4GALT6,0.00827590095960637
CUL1,0.0082743971529071
CHKB,0.00827404190864892
ILVBL,0.00827293117775205
PLD1,0.00827282214254982
MYL1,0.00827103871899842
E430018J23RIK,0.0082709399504652
PET100,0.00826483263673518
GFI1,0.00826176128051746
TMEM27,0.00826150889103553
4833438C02RIK,0.0082580087628899
A530021J07RIK,0.00825784496076965
CDK11B,0.00825752122232002
D9WSU90E,0.0082570018448765
EMC1,0.00825110411537994
GM8369,0.00824940435383859
LOC493582,0.00824365322137002
IPO9,0.00824196945767477
6720483E21RIK,0.00823979798899247
5730411F24RIK,0.00823264691567145
T2,0.00823047962063513
RAPGEF3,0.00822441449581862
TYSND1,0.00822295824564325
ERLIN2,0.00822081995116008
HYAL2,0.00821776441474888
9530046B11RIK,0.00821680259995862
DCLRE1B,0.00821630790127091
PPP1R3A,0.00821394106113131
UBOX5,0.00821208767183088
TRIM39,0.00821133227708306
4933434P08RIK,0.00820827490504945
FUBP1,0.00820589283618584
SOX7,0.00820315085342281
A730062M13RIK,0.00820093539928225
SLC25A51,0.00819926816938404
D15ERTD30E,0.00819873854240307
CCDC141,0.00819548594855537
IKZF3,0.00819545905346545
SPATC1,0.00819221233906465
ARHGAP10,0.00819160754188184
LGALS3,0.00818924985725769
MRPL47,0.00818759786891082
5033415L01RIK,0.00818619961826536
NADSYN1,0.00818415937276778
SVS2,0.0081827402856902
ATG5,0.00817998727608359
HMBS,0.00817825821685374
TRIM7,0.00817451235182502
CES2A,0.00817370450028074
RALGAPA1,0.00817344302739114
ALX4,0.0081713971961171
NPB,0.00816907480472773
PGM3,0.00816863436616329
TRIOBP,0.00816467098140437
APOA5,0.00816334024536849
NGP,0.00816196822051572
CBX4,0.00816033460751385
XPR1,0.00815632119649315
ANGPT2,0.00815318051659097
LYPD5,0.00815151551366974
LKAAEAR1,0.00814064358525163
4930532J02RIK,0.00814019344556346
LATS1,0.00814006774576936
5230400M03RIK,0.0081376338625942
RNF6,0.00813604992304186
WDR48,0.00813592968069592
OAF,0.00813476132387782
CDCA7,0.00813091992722216
ALG5,0.00812737837922468
PPP1R15B,0.00812574014143848
GM13889,0.00812397361388037
1700056N10RIK,0.00812317603201378
GP1BB,0.0081199703895452
IL1R2,0.00811785135528987
THAP11,0.00811776895522874
GPS1,0.00811546210310677
E530001K10RIK,0.00811523366925812
1110019B22RIK,0.00811512260482617
LPIN1,0.00811407648566499
IPO5,0.00811310958381589
NECAP1,0.00811040106278877
SH3KBP1,0.00810870115350088
DDX3X,0.00810597995093248
PLDI,0.00810501521109738
CYP2D26,0.00809826925594059
WBSCR22,0.00809152922177118
AIP,0.00809146513178834
MOSPD3,0.00809133566274165
MESDC2,0.00808522786697877
AA545190,0.00808377881970613
N4BP2L2,0.00807537474728885
GM5485,0.00807176448240621
CCNF,0.0080701272506408
BTNL9,0.00806895207849468
ZFP936,0.00806795342656536
TRABD2B,0.0080658964992034
ADSS,0.0080646638406967
D5ERTD121E,0.00806003509110365
IBSP,0.0080593973819268
C79870,0.00805120252433332
NRP,0.00805046121963083
GM26549,0.00804176511265244
GM8709,0.00804133423459974
A730059M13RIK,0.00803883269115386
VHL,0.00803327670208799
CTNND2,0.00803076399274152
METTL1,0.00802921498107379
MOGAT2,0.00802718376632346
LOC102643228,0.00802680587324237
LCE1M,0.00802579486235669
D11ERTD729E,0.00802433335567896
CPA5,0.00802063622851026
GABRP,0.0080201862540661
NXN,0.00801988151141274
PPARGC1A,0.00801651227085078
MCUR1,0.0080150156761408
I54,0.00801294816375912
3110035G12RIK,0.00801218162577194
ADHFE1,0.00801062075342892
RPS19,0.00800961176982141
SLC25A32,0.00800661722436145
4930426D05RIK,0.00800165763159528
PARP11,0.00799621375726587
SCGB2B27,0.00799591788811264
IYD,0.00799554171410862
B830008H07RIK,0.00799503693406039
ZDHHC5,0.00799473187573896
FAM3B,0.00798980428806339
HSD17B13,0.00798915442231327
GUCA1A,0.007986780832327
BID,0.00798196122609835
ZBTB34,0.00798127386270166
RBM25,0.00798064446682894
ELF4,0.00797949450123595
C030023E24RIK,0.00797742732207043
SLCO1A6,0.00797573172170742
COL6A3,0.00797570726482765
ATP11B,0.00797277840050771
NLRP9C,0.00796916206781233
ATP13A1,0.00796557400027295
DAZL,0.00796541862303123
SART3,0.00796480009960363
MYBBP1A,0.00796161005778987
PHXR4,0.00795405182678772
TRAV12N-2,0.00795393697870306
ARHGEF28,0.00795224617551028
2410021H03RIK,0.00795055387372493
USP15,0.0079499540797799
KRTAP7-1,0.00794675375256929
PHKG2,0.007945412730907
HNF1A,0.00794310763066523
GM20066,0.00794304104299223
E430022K19RIK,0.00794142463180166
SPDEF,0.00794011682618672
SON,0.00793787579286542
5830443J22RIK,0.00793715478813694
ASPM,0.00793711848060497
SUPT5,0.00793539877509112
PDLIM1,0.00793346395695407
1700065D16RIK,0.00793310902463157
KIF5A,0.00793081989586269
9030407C09RIK,0.00793037852874093
IRAK1BP1,0.00792812948028261
SLC10A1,0.00792646514660661
FBXO32,0.00792534476837308
TREM1,0.00792393572287105
PLA2R1,0.00791785273176564
ANO10,0.00791658763846746
CCNT2,0.00791391511316818
C4BP,0.00791317229916992
NKX2-3,0.00791299047759696
ESRRG,0.00790892761511361
UBTD1,0.00790420519577987
8030497I03RIK,0.00789819569184145
4930544L04RIK,0.00789740503183929
LOC102634243,0.00789674615944815
EMB,0.007896011300879
TAF4B,0.0078957883762827
ZFAND3,0.00789502166192644
SEC13,0.00789453451439052
CALY,0.00789192999542812
4930578I07RIK,0.00788660169438754
RRP1,0.00788651942349988
DPP4,0.00788637644725583
GM19589,0.00788531568622485
GCLM,0.00788479352006752
MON2,0.00788403962949935
CRYL1,0.00788106242200973
BOLA3,0.00787592339345276
PRR24,0.00787269693140045
RBM8A,0.00787245880597913
DDX49,0.00786650355984718
CYPT3,0.00786312030951939
PLEKHH1,0.00786074998680914
GM4980,0.00785137308215157
1110014L15RIK,0.00784788682049474
SNHG5,0.00784736912056498
LHX9,0.00784712328866093
4833412K13RIK,0.00784497353103412
CLEC4D,0.00784370375717486
COL5A1,0.00784164579145324
OSM,0.00784152109969994
STK19,0.00784031741343921
SPTBN1,0.00783991511430307
ITGA7,0.00783955501557073
ECHDC1,0.00783433528243352
C9,0.00783056173814452
ERGIC3,0.00782535999604735
1700042O10RIK,0.00782352930278258
AI316844,0.0078227416951983
CTSZ,0.00782163369782952
ATP6V0A4,0.00781886789000728
1700019A02RIK,0.00781851603148284
CD5L,0.00781727321898819
MS4A6D,0.00781690747790326
FAM151B,0.00781575532806256
C85351,0.00781043771450109
GP5,0.00780703226016802
LRRC4,0.0078039565572073
GPATCH1,0.00780023013880885
AGRP,0.00779462820014847
6030498E09RIK,0.00779313924066215
HRK,0.00779271904387789
TOP3A,0.00779156290991532
9430029E18RIK,0.00778925330914883
PGAM1,0.00778615427926646
FDXR,0.00778536988786187
PPP4R4,0.00778204181670798
VASN,0.00778021227028124
NDUFAF3,0.00777727218334464
YARS,0.0077770083109721
S100A6,0.00777261413364631
ZCCHC17,0.00777249312053489
EHBP1L1,0.0077710112630345
TMEM200C,0.00776916826624231
D15ERTD621E,0.00776891174270424
2810459M11RIK,0.00776704780084207
SLC6A20B,0.00776577173097033
GM6607,0.00776000609731211
GM7111,0.00775626301433266
GM11190,0.00775588922229969
9530019H20RIK,0.00775532034355911
E230006M18RIK,0.00775521993010919
MPZ,0.00775342044015961
2310024H09RIK,0.00775289765675508
PSCA,0.00775239984146443
CMTM4,0.00775105681024496
SGK3,0.00775098968235221
2610301B20RIK,0.00774926230975846
ARHGAP4,0.0077455744990172
AA986695,0.00774432225485475
KBTBD3,0.00774222835123593
CFD,0.00774069510562968
CDH2,0.00773909204769006
8030451A03RIK,0.00773836832063534
PHLDB2,0.00773822807808792
CCDC122,0.00773789519239767
AA517562,0.00773705878313748
MIS12,0.00773333163607717
SUN1,0.00773092183433863
TMEM144,0.00772948713417913
RPS3A1,0.00772716929113823
GABRA1,0.007725358483612
VEZF1,0.00771920668164742
4930402C16RIK,0.00771829552798276
TOX,0.00771552572647302
TBP,0.0077102087398231
MAK16,0.00770973567700382
3110005L21RIK,0.00770646616394634
TMC7,0.00770482714267961
ATP1A2,0.0077040227944465
ZMYND10,0.00770239942713441
STK16,0.00769987684748034
4930554H23RIK,0.00769980499869622
ENOX2,0.00769891178646256
FHL1,0.0076983110622972
FAM92A,0.00769144912999812
MED10,0.00769058706042493
HARBI1,0.00768825504953281
GJD4,0.00768765007256156
NELFCD,0.00768729175991687
BHLHE23,0.00768142720558894
4833447I15RIK,0.00767695154812947
DQ553245,0.00767634519826413
GM10699,0.00767614936360183
ACO1,0.00766952133252759
KRT33A,0.00766832945729486
P2RX1,0.00766694902606679
E430014B02RIK,0.00766647732116928
PTPMT1,0.00766509392243985
8430408J09RIK,0.00766432520091638
ARMC12,0.0076615442526121
EXTL3,0.00766148738027976
VAX2OS,0.00766126400817518
EDIL3,0.00766092916139096
INPP5E,0.00765947256272998
GSTM1,0.00765361913502225
PRICKLE1,0.007653345941891
EGFL7,0.00765287948033289
CYP2C50,0.00765265939537822
LOC102639606,0.00765251197677925
MBD4,0.00765245737053406
PIGL,0.00765216466565892
CCDC30,0.00765040589538639
GTSF1,0.00764405096314832
2010300C02RIK,0.00764054486226981
RAD51AP1,0.00763918745316735
2700094K13RIK,0.00763857351948125
PAICS,0.00763840747296596
ABL1,0.00763741578789112
MED9,0.00763680770898211
NTRK2,0.00763314308877312
8430437N05RIK,0.00763301869248859
DMAP1,0.00763224366687843
FAM83E,0.00762862394858435
ARID5A,0.00762621240903021
PRTG,0.00762546334208369
GM3227,0.00762438634437114
ARMC2,0.00762317685222833
MED4,0.00762008937323085
KLHDC1,0.00761948757560029
WNT2B,0.00761903579182027
LTBP1,0.00761659874515632
CD47,0.00761389900003235
TRIP12,0.00760785132680826
RASSF5,0.00760181758921879
SCAMP1,0.00760089968625414
SPACA7,0.00759990085134429
KCNK4,0.00759862899043907
WDR64,0.00759343516452006
4933416A02RIK,0.00759276114891769
4930570E03RIK,0.00759266921814907
USP32,0.00759220073208732
PSMA1,0.00759105270578118
PROP1,0.00758894632286185
MYO1F,0.00758769935253629
CD200R4,0.00758299244225147
1110008E08RIK,0.00758023987536974
D18ERTD201E,0.00757833531900067
GM17455,0.00757549262832699
C030006K11RIK,0.0075737776313804
TMEM91,0.0075704345179412
ZFP617,0.00756856224686767
4930513N10RIK,0.007567800186935
AHNAK,0.00756575301577609
9530004M16RIK,0.00756015096702447
CPSF7,0.00755980630492218
PLD3,0.00755565288073214
RFC3,0.00755427228203555
NCOA4,0.00755410164805223
4831440E17RIK,0.00755243222421122
AZIN2,0.00755161449641995
NFU1,0.00755141161665303
TBC1D31,0.00755028264485631
MCU,0.00754868701229377
C87882,0.00754750885053106
9430083A17RIK,0.00754476990697215
3110037C07RIK,0.00754103020675405
CTRL,0.00753885078539289
EFNA4,0.00753394299735818
ATP8B3,0.0075338175475501
SPHKAP,0.00753070214618923
RAMP2,0.00753011836930108
EVA1B,0.00752761897542158
EHBP1,0.00752740308201482
2900011F02RIK,0.00752081238875169
GPR107,0.00752059330967234
ARHGAP1,0.00752010373935278
1700069L16RIK,0.0075196985153915
MOB1B,0.00751869535849993
ZFP59,0.00751711408051172
SGIP1,0.00751149860983212
3110018I06RIK,0.00750839348141793
MMP24,0.00750767594475957
AU015741,0.00750699334323196
LOC101055670,0.00750665347928635
CYP2C29,0.00750385447328458
SKIDA1,0.00750082547880368
GPR50,0.00750000916513006
DENND5A,0.00749951313330091
BCL7C,0.00749715494088025
AHSA2,0.00749665316137343
5830418K08RIK,0.00749568868908751
E230025N22RIK,0.00749552302958463
C77805,0.0074945450181659
1600014C10RIK,0.00748919974948302
SLC35F4,0.00748825912591664
SMLR1,0.00748811414335571
GM16794,0.00748741029110639
KRTAP26-1,0.00748291679260442
GPR12,0.0074795110945106
PDHB,0.00747812911028026
CAV1,0.0074779657016478
RUVBL1,0.00747623026218417
SMAD1,0.00747361465116415
FAM170B,0.00746984370265136
PMEL,0.00746955014121599
POC1A,0.00746788285507147
S100A16,0.00746624953162162
GIGYF1,0.00746407339372454
WDFY4,0.00746246644070159
THEM7,0.00745659153131974
FAM126A,0.00745525341216609
OPRL1,0.00745502778894167
TMEM179B,0.00745488629518667
PHAX,0.00744950688094968
ALDOA,0.00744913149163001
RNASE6,0.00744682208352
ANKRD13C,0.00744578678477312
9530003J23RIK,0.00744496343068228
SPACA4,0.00744405266504427
INO80C,0.00744220878680472
SEMA4C,0.00744136719883163
IQCC,0.00744045433548327
GM2A,0.00743823663307712
2810004N23RIK,0.00743139408359737
LRRC56,0.00743002658360763
TRIM37,0.00741359454085495
TIMM44,0.00741259061727672
LDOC1L,0.0074112106434886
ZMAT3,0.00740889844788912
GSG1,0.00740866333552507
WNK4,0.00740238502678264
RP1L1,0.00739970168591011
MIEN1,0.00739867868064994
IFI35,0.00739509665052436
SPHK1,0.00739484895702693
A730054J21RIK,0.00739402261890457
TEF,0.00739323491125493
2010012O05RIK,0.00739163079050903
VMN2R-PS54,0.00739132168926086
LPCAT1,0.00738915290019561
EMILIN1,0.00738860156761291
WDR76,0.00738798555051105
C77405,0.00738752193556729
1500009L16RIK,0.00738727002237425
2500004C02RIK,0.00738674313699756
GM10785,0.00738672019105098
A330008L17RIK,0.00738477236714657
SERGEF,0.00738464605978306
HCAR2,0.00737762899306185
4930533B01RIK,0.00737704953508305
SGPP1,0.00737441633012675
ZNRF2,0.00737355654494995
CALCR,0.0073722368103338
4930516B21RIK,0.00736903408842513
TFB2M,0.00736475678289537
RBM46OS,0.00736303527832112
ENPP6,0.0073603930888606
UOX,0.00735680765787861
STS,0.00735583384212157
LRP4,0.0073556438429889
BPNT1,0.00734734995547837
4933436I01RIK,0.00734632372469033
A430105P17RIK,0.00734462590193917
ZFYVE19,0.00734192235023534
SART1,0.00734076207413673
IFNA4,0.0073331919356593
1810046K07RIK,0.00732684047548075
BCL2L11,0.0073259060858742
GPR179,0.00732388317016915
STMN3,0.00732373290198576
RASA1,0.00732128314434232
WEE1,0.00731547928418038
DUSP21,0.00731451084620532
RCOR2,0.00731027613653727
KCNMB4OS2,0.00730962780141456
2310067P03RIK,0.00730947548214454
LYL1,0.00730891375498792
ITGA9,0.00730080740872417
TPD52L2,0.00730006412846661
CAR8,0.00729680308595042
YAP1,0.00729652788328333
4933422H20RIK,0.0072950912208191
CAV3,0.00729297737065352
TSPAN15,0.00728879966516117
FAM167B,0.00728779149562944
SUV420H1,0.00728495666243404
DSTYK,0.00728464464801784
2410002F23RIK,0.00728100576336586
CDC42BPG,0.00727834230329748
SLC24A3,0.00727575616929423
A130071D04RIK,0.00727492550155491
CSF2RB,0.00727331630708339
HOXA5,0.00727186603067236
9530004P13RIK,0.00726628002145689
FMN1,0.00726478089812474
TEAD2,0.00726134793884889
ZFP949,0.00725946269713893
LOC102637403,0.00725937333992924
CS,0.00724304712215466
7530414M10RIK,0.00724214724180135
MANBAL,0.00723917025111296
EMILIN3,0.00723875684477553
PLEKHG5,0.00723806786208746
POMGNT1,0.00723745040965587
ABCA6,0.00723740274750563
1700018A04RIK,0.00722776403279579
ZFP955B,0.00722568078934083
SFTPB,0.00722463025893618
RMDN2,0.00721639956232195
IL13,0.00721508676256944
TMBIM4,0.00721492025876954
TUBGCP4,0.00721446921779666
ULBP1,0.00721442166095833
CLPTM1,0.0072140056397628
SRL,0.00721063441424086
TMEM47,0.00720694699122644
MRPS18C,0.00720677129118896
C630050I24RIK,0.00720624434994187
GOLM1,0.00720596820845917
LALBA,0.00720344121685758
BMPR1B,0.00720153461689726
ZMAT5,0.00719948865873466
DENND3,0.00719890264133181
GM14133,0.00719822034143219
2010109K09RIK,0.00719790920752048
GM9873,0.00719716261959022
CABP4,0.00719525129346159
TMEM50A,0.00719140302816507
CCNL2,0.0071907633759206
EIF2AK4,0.00718961635116651
GYKL1,0.00718661968845269
PAX5,0.00718584457499715
FANK1,0.00718379184101886
AGO1,0.0071816189450195
NAIP1,0.00718067883686992
SLC31A1,0.0071785438173889
HEATR5B,0.00717728967385819
SCD1,0.00717693249846146
CDKN1B,0.00717645783342176
ISY1,0.00717526258266535
ME2,0.00717490800628636
E330037M01RIK,0.00717154838688999
KCNQ4,0.00717118064186983
NKG7,0.00716937518436817
LPCAT3,0.00716769891774596
LYPLA2,0.00716697748755453
4930403O18RIK,0.00716104412962233
TRPM8,0.00716080348538148
PITX3,0.0071581473613421
PDLIM3,0.00715780492856063
LRFN4,0.00715659663841417
AI844685,0.00715629746182949
SLC25A22,0.00715590505837051
SPOPL,0.00715438633382026
MAP6,0.00714865730578786
DQ554143,0.00714679405989241
PPP2R4,0.00714668771369927
SRPX,0.00714514943564199
KRTAP31-1,0.00714467977546114
GM20748,0.00713988616358657
MNS1,0.00713725694491961
SLC35A3,0.00713464244285143
CXCL16,0.00713439983366155
5830453K13RIK,0.00712419993264908
2810421E14RIK,0.00712284730422064
FAM227B,0.00711911138794231
ELOVL6,0.00711674877463853
TIMM22,0.00711648118936388
RXFP2,0.00711605986965288
TTC28,0.00711251312417151
LIN7A,0.00711197206162965
SLC9A1,0.00711134980494624
HSPH1,0.00710838138772641
SLC36A1OS,0.0071044234645041
IL7,0.00710325998033683
MPHOSPH6,0.00709883225842785
EIF2B1,0.00709775910371968
GPT2,0.00709440332931327
4921524J17RIK,0.00709377551566359
CCNB3,0.00709095446972492
D630033A02RIK,0.0070873041115003
B3GNT2,0.00708660954556133
KDM2A,0.00708274942848531
MAPKAPK3,0.00708168560482164
VASH1,0.0070800709629268
KCNA2,0.00707199331333065
A630057N01RIK,0.00706964410631469
LOC675947,0.00706911574173996
DNAJB7,0.00706842284216184
CD209E,0.00706740919884114
BPIFB9B,0.00706639470232394
TAGLN2,0.00706435873263823
ZFP870,0.00706373161859258
WFIKKN2,0.00706191739067194
B3GNT7,0.00705844403126474
DAPK2,0.00704850697114209
WDR43,0.00704790615777028
4833418N02RIK,0.00704715905756591
CCND2,0.00704556683867735
CCDC146,0.00704382729622439
5830435N06RIK,0.00704068963559266
CXXC4,0.00703969712862755
UTY,0.00703559075514468
DNM2,0.00703488425709355
QPCT,0.00703005737831404
SLCO4A1,0.00703000892785194
H2-BL,0.00702826927312652
SUSD1,0.00702090965197562
RNF38,0.00701975645716986
ZFP354C,0.00701865242793935
SH3GL3,0.00701795970702685
FYCO1,0.00701719252945991
SC5D,0.00701606888430864
EBAG9,0.0070144634425114
RALYL,0.00701333884654748
RAB9,0.00701096072269946
CYLC1,0.00700923058216966
1700040F17RIK,0.00700862639110607
DGCR8,0.00700671064442369
6030468B19RIK,0.00700549367646987
PTPRV,0.00700467510396381
2610035D17RIK,0.0070046259418412
USP10,0.00700356620216283
4930412D23RIK,0.00699885460537107
MS4A6B,0.00699804832034237
FAM187A,0.00699271153069157
MIEF1,0.00698726212973563
AQR,0.00698469614766106
4930557B21RIK,0.0069838723889358
LGALS6,0.00697581433223126
TFAP2A,0.00697285732689016
SHPRH,0.00697260575687633
9430031J08RIK,0.00697198784357019
TEX11,0.00697131630615514
DHX35,0.00697026675070228
GM12264,0.00696954890893498
GAS8,0.00696801128505308
SLC16A4,0.00696682171878547
SHPK,0.00696606708662238
EMG1,0.00696545899911919
DTWD2,0.0069632476588556
CCDC64,0.0069631415204298
MAGI2,0.00696244603419553
4933433N18RIK,0.00696195622157482
C920009B18RIK,0.0069586801878629
CTRB1,0.00695212478747438
TNFAIP8,0.00695144416762816
NCR1,0.00694867693337359
KIF16B,0.00694856134125564
KPNA3,0.00694690688509281
DNAJB4,0.00694617970226538
NAT8L,0.00694617101954668
ZBTBD6,0.00694481763372791
POPDC3,0.00694323559883417
4930553P13RIK,0.00694246560413671
D730045B01RIK,0.00694172119706114
HDAC9,0.00694165358668043
FGFR2,0.00694089072373357
C920008N22RIK,0.00693601142909201
DGKD,0.00693551292984137
ARTN,0.00693393817481297
SLC5A5,0.0069319240265809
C85328,0.00692854837003652
ZFP566,0.00692834038854924
1110007C09RIK,0.00692755172432028
CMTR1,0.00692619485259441
ZYG11B,0.00692275929284629
XAB2,0.0069210672594252
NANOG,0.00692068012049553
NDUFA2,0.0069193521919031
RPL18,0.00691747655096084
SSX2IP,0.0069174011859043
NDUFV2,0.00691356643106886
BTBD1,0.00691349411032711
LOC102638940,0.00691224760793319
1700015F17RIK,0.00691131644587111
SLC25A17,0.00690990991403848
IGK-V21,0.00690922300209521
MPHOSPH10,0.00690154959947612
5430427O19RIK,0.00690148896575442
SLAMF1,0.00690147930312995
MECOM,0.00690107687717341
RGS18,0.00689478287121996
CCDC151,0.00689106082588967
KANTR,0.00688771455795194
GABARAP,0.00688670595830623
MS4A15,0.00688585451308864
SCML2,0.00688554148478373
PIR,0.00688273915492297
CCNB2,0.00688181451644696
ST7L,0.00687873253379718
DIAP3,0.00686883901618416
MADCAM1,0.00686706922815849
D19ERTD79E,0.00686679477723398
TCEB2,0.00686449377641982
CDC42EP4,0.00686124157578296
TRO,0.00686088851367837
SYCP2,0.00685680106238067
CLN6,0.00685030834674511
ADAM6A,0.00684662059445654
4930451G09RIK,0.00684338191887177
OLFR70,0.00684336433585986
GSTM2,0.00684179448418463
5031434O11RIK,0.00684120566815905
CHCHD7,0.00684034719268809
RIT2,0.00683425776973778
DHH,0.00683367539544903
LIN28A,0.00683350635191921
INIP,0.00682926632892495
SLA2,0.00682865432272851
ASIC5,0.0068278352967837
ADAM23,0.00682665207252122
DCLK3,0.00682580633585711
4833405L11RIK,0.00682003454405737
KCNIP2,0.00681539306353793
LGI1,0.00681503244101817
BRI3,0.00681460685851475
ADAMTS3,0.00681405981899005
C76533,0.00681339655100582
ZFP54,0.00681211516239551
CCDC40,0.00681130470268806
AP1G2,0.00680473809625168
PSMD1,0.00680345964694058
GM6484,0.00680207603383898
SDC3,0.00680073373699395
SERHL,0.00680013137099896
FCNB,0.00679981034175113
WIPI1,0.00679958317954265
ESRRB,0.00679944148648961
GRINA,0.00679938763955658
NSUN2,0.00679521698542556
6330415B21RIK,0.00679430599906855
LOC102636754,0.00679033467716864
NDUFA7,0.00678893075389484
8430416G17RIK,0.00678518217587542
2810408I11RIK,0.00678148624056622
ATRIP,0.00678022109108618
NTNG2,0.00677900612059979
ARID4B,0.00677879429027643
TFCP2L1,0.00677131639979975
4930417H01RIK,0.00677060773483027
A930018P22RIK,0.00676569212958171
INPP5D,0.00676515395188505
L3MBTL2,0.00676210529516212
HIATL1,0.00676083934820426
MZT2,0.00676071295771069
GPX6,0.00675602614821375
AKNAD1,0.00675531428082814
TBX2,0.00675449892407963
CCDC173,0.0067515677795067
LEFTY1,0.00675076647723363
MAP3K4,0.00675036976071973
PCGF2,0.00674946247113469
NABP2,0.00674494470540992
EXOC6,0.00674243884363332
SERPINA1B,0.00673868954286494
GPR87,0.00673789281485776
PACS2,0.00673756375233908
RASA4,0.00673214883492039
HIBADH,0.00673171017446165
LDHB,0.00672917428524813
4930415F15RIK,0.00672656909478514
MTHFD1L,0.00672634172579992
NBR1,0.00672616467355688
METTL24,0.00672447638694736
ACTL6A,0.00672393146648446
EBF1,0.00672068522136696
DNMBP,0.00671842503670553
RPL39,0.0067159123123751
NFKBIZ,0.00671551783428947
VRTN,0.00671402230120818
SLC26A7,0.00671371721775104
1700065I16RIK,0.00671319379649454
BTN1A1,0.00671272723829677
PIDD1,0.00671130078231758
TGFBR3,0.00670808993668884
CPNE6,0.00670546392440739
EFCAB2,0.00670500083850204
C79356,0.00670392132664012
6330510M09RIK,0.00670388841748141
5330430B06RIK,0.00670068669951676
WIPF1,0.006697042382175
BTRC,0.00669683069242948
TC2N,0.00669626255606142
FAM124B,0.00669580189940348
UBE2B,0.00669463294955779
EIF4B,0.00669439357679673
ERI3,0.00669359413305898
RNF130,0.00669353651864899
MAMDC4,0.00669196232687706
MVB12A,0.00669072149738092
NONO,0.00668922585005029
2210018M11RIK,0.00668753342790858
CAMSAP2,0.00668741044812305
1700029M20RIK,0.00668518806401675
TAPT1,0.00668368733251329
TM4SF20,0.00668305423591374
MAPK4,0.00668290173622731
ITPKA,0.00668244895678588
EGFLAM,0.0066813770542373
RABL6,0.00667570582086927
TXNDC12,0.00667496452725667
CPB2,0.00667484423313048
AIRN,0.00667284187327074
ZFP277,0.00667171892145211
HAMP,0.00667151136715655
1700027F06RIK,0.00667101027829729
GM9,0.0066709884558158
KLF9,0.0066694213697798
CUL4B,0.00666675906587101
SERINC3,0.00666198612837625
LOC100502835,0.00665572427437766
BC089597,0.00665278918824628
TOPORSL,0.00664893182689506
TMEM241,0.00664875852062253
SPDL1,0.0066484851549965
ATP1B4,0.00664685859048987
EXOC3L4,0.00664397012547108
KLHDC8B,0.00664391863585122
DTNB,0.00664159841440286
SPN-PS,0.00664057518590915
IFNGR1,0.00664027509269627
GEMIN8,0.00663977695936855
SERPINB2,0.00663888243609634
A730089K16RIK,0.00663784945030413
A930007I19RIK,0.00663749336577011
LIG4,0.00663564308614271
HTR1F,0.00663372522372567
HAS3,0.00663345447714414
CML2,0.0066327645996658
ACVRL1,0.00662709603280692
DOLPP1,0.00662661876989934
SPG20,0.006624774956862
RNF113A2,0.00662397866658219
ACOT5,0.00661816133981935
BC049805,0.00661656188644982
FKBP7,0.00661653287987584
BMP8B,0.00661611784278491
TRPM6,0.00661278078728142
CML5,0.00661218793955705
PPP1R1A,0.00660944924006169
HSPB2,0.00660846047634354
AFG3L1,0.0066069002845368
GIT1,0.00660262339010694
XKR8,0.0066024059790553
FAM131A,0.0066021985013341
C76132,0.00660013937548203
VNN1,0.00659972648072185
4930432H08RIK,0.00659787772917872
4833422M21RIK,0.00659362300313223
BCL2L10,0.00658819348283947
ERCC2,0.00658765792230669
PLCH1,0.00658590603946622
PCDHB17,0.00658556801848386
PCDHB13,0.00658548029101128
EPHB6,0.00658113871347523
2310033P09RIK,0.00657877071939456
MIER3,0.0065777217954919
CCDC9,0.00657769477921974
RTBDN,0.00657452001325593
LPP,0.00657310942784901
LIPT1,0.00657239481137432
A930016O22RIK,0.00657174578763951
DICER1,0.00657135258979464
SLC25A31,0.00656962324419968
LRRC36,0.00656922147080864
HAND1,0.00656879126598847
PLCG2,0.00656443159258928
MSH4,0.00656034158250081
ZFP110,0.00655842371437225
CPLX4,0.00655800189877298
PYROXD1,0.00655756167424978
C76555,0.00655650614275635
INSRR,0.00655604016565089
EFNA3,0.00655360234523881
ETOHD2,0.00655296692273835
D13ERTD476E,0.00655044436833534
5830490A12RIK,0.0065480533402076
PLEKHG3,0.0065467014045075
KEG1,0.00654602003741202
CD151,0.00654345099659211
2410049M19RIK,0.00654313616021847
APOC3,0.00653818169417984
E130309D02RIK,0.00653770640757999
2900017F05RIK,0.0065377025896197
WDR73,0.00653627162739051
TRAPPC5,0.00653580478587645
METTL4,0.00652878612574646
BHLHA9,0.00652599891876945
SYNM,0.00652122464610004
ASAP1,0.00652080634928727
FPR-RS4,0.00651864544491727
FOXO4,0.00651847225931487
B4GALT7,0.00651827522457665
MCM2,0.00651646092601607
RAPGEF5,0.00651512467729135
ATP5B,0.00651462052587668
SCGB1B27,0.00651353987856538
LYPD4,0.00651071476882405
MAPK1IP1L,0.00650740509161992
4930570B17RIK,0.00650399483346084
SLC52A3,0.00650326308519676
PFPL,0.00650175100168541
SLMO2,0.00650168463813335
USP48,0.00650089445480452
C230071H18RIK,0.00649884445152358
2810007J24RIK,0.00649863930657029
5031426D15RIK,0.00649708540171484
KRTCAP2,0.00649584111913273
4833447P13RIK,0.00649352855041042
HOXA2,0.00648936550447482
CHM,0.00648844741260488
CASD1,0.00648774847087849
RNF111,0.00648430446013452
INHBA,0.00648356960866025
CPS1,0.00647999872296576
1700111E14RIK,0.00647554265856461
UBFD1,0.00647228693855168
MEX3A,0.00647225230036036
4930581F22RIK,0.00647215058047418
5830405M20RIK,0.00646698859143571
UQCR11,0.00646299673255829
TUBB2A,0.00646066467354497
UCKL1,0.00645643087910173
TPRGL,0.0064508754871469
W91776,0.00645022463661324
JKAMP,0.00644870824318164
LOXL3,0.00644796820992415
VMN2R29,0.0064478798016768
BACE1,0.00644272349389826
ELMO1,0.00643329451488488
LOC102633575,0.00643150311598864
PRSS2,0.00642966619600851
SCRT2,0.0064284472794732
TEFM,0.00642741551402169
GM6277,0.00641667912189579
C030043A13RIK,0.00641410339261369
TOE1,0.00640939300708793
C630043F03RIK,0.00640831877238004
GM14005,0.00640566775071714
CNTN5,0.00640495951364943
ASB10,0.00640437661433092
VMN1R15,0.00640366806105704
S100A8,0.00640221534448342
1700057G04RIK,0.00640127043334939
HOXA10,0.00640001956419279
TMEM209,0.00639870738658656
ARHGAP6,0.00639386139705327
DNAJC18,0.00639377997738969
FAM171A1,0.00638665162001009
D1ERTD622E,0.00638604171025578
D130043K22RIK,0.00638545588034835
PHLPP2,0.00638389631403508
TRIM54,0.00637722244786386
WASL,0.00637667273413286
NSUN5,0.00637650011821845
ST3GAL6,0.00637408793126438
OLFR315,0.00637041051078456
KCNS1,0.00637032778307896
VSTM2A,0.00636927915618867
MEI4,0.00636866867197124
TUBGCP5,0.00636176390808451
ATP1A4,0.00635776978481347
CBFA2T3,0.00635668435729209
ST6GALNAC6,0.00635451058919233
AMER3,0.00634846506495947
GGNBP1,0.00634737602198651
COX6A2,0.00634495993189576
RNF150,0.00634346494008857
D13ERTD94E,0.0063412854115767
C78339,0.00634081144913459
SKAP1,0.00634038805497923
C80278,0.00633984845737824
FAM20C,0.00633716722030232
SNRPD3,0.00633645518959646
DBN1,0.00633633383041184
ACTL9,0.00633621064730285
IST1,0.00633585521425745
TSSC1,0.00633557810819874
HADHA,0.00633356044955023
TPT1,0.00633319104637331
C78662,0.00633226994670031
RANBP17,0.00633185624473732
5033403F01RIK,0.0063317146288426
TGM3,0.0063310997688374
SBF2,0.0063292270132123
KLK1B5,0.00632830303924668
HELLS,0.00632702076969071
ST6GALNAC5,0.00632662973388853
9430008C03RIK,0.00632489171256009
REC8,0.00632335798208197
AA517631,0.00632251600116059
TEX261,0.00631660179844316
GM5129,0.00631638027924226
SOCS6,0.00631215056168521
EIF2B5,0.00631130366661871
ATRAID,0.00631051028331465
EIF3K,0.0063096116725495
BSN,0.0063083627148173
NMBR,0.00630378034345246
2610011E03RIK,0.00630364090917592
GOLGA7,0.00629895447537868
3110009E18RIK,0.00629787896722306
NDUFAB1,0.00629524073287274
FOLR4,0.0062937135064249
ENAM,0.0062933226469662
C77406,0.00629160805311587
WIPI2,0.00629115884023855
PDE4D,0.00628614309665937
GULO,0.0062851617374528
1700007B14RIK,0.00628355596216185
ADAM18,0.00627654549319886
3110056J03RIK,0.00627566835541326
SERINC2,0.00627544271387311
RBM34,0.00627361182737668
DKK1,0.00626811470903965
COL9A3,0.00625887863757204
PSMA4,0.00625880903415056
H2AFZ,0.00625669229178506
PRDX5,0.00625662370217676
CSGALNACT2,0.00625501734090867
FIGNL1,0.00625448871301463
MRPS27,0.00625236456116481
CAMSAP1,0.00625209774156686
REP15,0.00624978433981047
PARVA,0.0062497309442542
EIF4A1,0.00624698793146741
TPRG,0.00624666783023978
ATOH7,0.00624598828465059
PDGFB,0.00624431596436788
3110047M12RIK,0.00624358012402551
UCP3,0.00623831153986932
KIF21A,0.00623546679874832
UBE2T,0.00623339197103623
4933424N20RIK,0.00623061590778215
GLTSCR2,0.00623029941018622
2900064K03RIK,0.00622973928151329
CLPB,0.00622903763678192
ZFP772,0.00622139310336483
SDR39U1,0.00621983135043459
NR1H2,0.00621924933359393
LSM3,0.0062191692951889
GIGYF2,0.00621572980843198
MROH1,0.00621487156194418
1700021N20RIK,0.00621132138341801
VMN2R88,0.0062099410831326
1700007J24RIK,0.00620929948071364
DCLK1,0.00620593521874044
SH2D6,0.0062047493970995
AU023386,0.00620464701290001
GM1123,0.00620036602251802
GALNS,0.00619729241701762
2900052L18RIK,0.00619437803533069
A330102I10RIK,0.00619181748364133
AI463170,0.00619177530793105
ARMCX1,0.00618577054743578
ZKSCAN14,0.00618358659764272
DTL,0.00618122102515114
CDC34,0.0061806025664889
NCOR1,0.00617866536285454
TMPO,0.00617599945087723
DIO3OS,0.00617140028302157
DLX6OS2,0.00617136752509081
MFSD6L,0.00616783717670253
4933426M11RIK,0.00616711030067331
FNIP2,0.00616618436533005
PDCD6IP,0.0061660872548251
OTUD7B,0.00616565054438118
PRL8A9,0.00616400928129093
DUS1L,0.00616350816031544
TOX4,0.00616218880630209
5830495A06RIK,0.00616093323001641
IGF1OS,0.00616020126203019
SLC4A2,0.00615580514707187
DOCK6,0.00615436119158408
SLC34A2,0.00614343466711221
CENPN,0.00614126215330554
ADAMTS19,0.00613866458339127
1700031C06RIK,0.00613824213563367
FMN2,0.00613634425189552
LOC102633357,0.00613566744383268
TLR4,0.0061347380328864
PES1,0.00613408924388492
SHISA9,0.00613006763968287
KCNN4,0.0061298854087448
MS4A13,0.00612930490369517
4930453H23RIK,0.00612833951863201
TFR2,0.00612748510571857
PHYKPL,0.00612737188695855
D3BWG0562E,0.0061262246458276
TGDS,0.0061256030734872
BIRC2,0.00612541211318271
PLCZ1,0.00612506913077757
PRKACB,0.00612319121844684
TMEM2,0.00611562729069605
PDZD11,0.00611385689455756
UCK1,0.00611193702538617
MYCBP2,0.00610823536493428
SDHB,0.0061078990982235
ATCAYOS,0.00610415755951304
TBXA2R,0.00610286183859774
CEP41,0.00610208886169114
FAM219B,0.00609941934015002
9330179C17RIK,0.00609792107756516
SEPT3,0.00609763982278692
EIF4H,0.00609739566431231
NUMA1,0.00609424779750046
TRAF4,0.00609163040810761
RHBDD2,0.00609146206246047
ZBTB44,0.00609121146073455
ZFR2,0.00608972584123345
LOC102636681,0.00608656702762517
ALDH1A2,0.00608000319171008
CLN3,0.00607879080123325
TIMP1,0.0060771214120269
SUPT7L,0.00607686376668565
CCDC171,0.00607610900540452
MYO9A,0.00607187670583489
PCP4L1,0.00607151470728538
ARMC10,0.0060711326614509
KLHL32,0.00607045113986496
TPH2,0.00606969090717689
GLB1,0.00606703763535442
GPHN,0.00606661309454403
NKAIN4,0.00606509406789328
REM1,0.00606440752614245
A830080D01RIK,0.0060633269819806
TARBP2,0.00606264833545616
GM7444,0.00606252261104963
IQSEC1,0.00606143628226005
GSDMCL1,0.00606028427977015
FAM181B,0.00605826095976095
KLHL11,0.00605763552609365
EZH1,0.0060573323302364
AI464196,0.00605480327354771
ACOT9,0.00605292401692326
9030203C11RIK,0.00605224425731096
ADK,0.00605220826699907
FCHSD1,0.00605055206692526
ENG,0.00605019908558445
ATG3,0.00604877764803391
CDHR1,0.00604688647155077
ABCB4,0.0060467850204253
SYDE1,0.00604280710922072
PIK3C2A,0.00603975269917288
IRGQ,0.00603895251320418
SEMA5B,0.00603892360051199
HAVCR1,0.00603878134665729
RPAIN,0.00603797152374391
4933415A04RIK,0.00603615577462721
QTRT1,0.00603449472257964
ZFP786,0.00603370666545399
TCF21,0.00603134467929723
RB1CC1,0.00602883403597839
BC010981,0.0060285800387101
CBLN1,0.00602703052842384
ACTR3B,0.00602344039294749
PPBP,0.00602327229797025
FBXO8,0.00602238847880258
PLEKHM1,0.00602145741431496
STARD7,0.00602038737774245
MFSD11,0.00601633963301889
ANKRD34A,0.00601516669406649
NEK3,0.00601504379746836
4930578M01RIK,0.00601290049111206
VAV1,0.00601254516356131
JAM2,0.00600871223644257
S100G,0.00600667113174722
SATB2,0.00600656031639335
4930544N03RIK,0.00600543355044323
MEIS3,0.00600512340408653
ZDHHC20,0.00600180578790312
DDO,0.00600084644749152
GPRASP2,0.0060003485452292
FAM84A,0.0059993493469378
NCOR2,0.005998407693919
KCNJ3,0.00599829858753454
PSMD13,0.00599559991899583
PRR5,0.00599375426581465
HSPB7,0.00599302854920623
C76662,0.00599267628857713
OXT,0.00598939700184141
CTU2,0.00598847611583767
HEATR5A,0.00598828483624147
SPCS1,0.00598703637063716
MYLK3,0.00598686442865576
CLEC2I,0.0059863787341852
SMPX,0.00598018678003116
PDC,0.00597926820687512
9430065F17RIK,0.00597890778526618
SQSTM1,0.00597859957764708
FANCC,0.00597818565070118
KALRN,0.00597668705458633
MFAP3,0.00597386395428429
RIMS1,0.00597282230102753
LOC102638152,0.00597281684783979
IL3,0.00596998780344569
CFI,0.00596971573140661
FCGR3,0.00596958867841227
5430437J10RIK,0.0059676310678455
A730017C20RIK,0.00596680201506462
ORM1,0.00596625663473519
VWA1,0.00596506214851737
HOXAAS2,0.00596095023261322
E130102C15RIK,0.00596050717818568
SFT2D1,0.00596027035868827
SERPINB6A,0.00596002195398861
A930003A15RIK,0.0059595116944004
SPAG7,0.0059576995870899
AGTR1A,0.00595295815888396
LOC102637513,0.00595085296530516
CAMTA1,0.00594673579273625
KRTAP16-1,0.00594625561872887
SHOX2,0.00594610567992243
NAP1L2,0.00594506510461835
SLC35D2,0.0059390237225348
1190003K10RIK,0.00593700567968535
MRPS15,0.00593421496761781
IGKV4-72,0.00593127340067189
CTAG2,0.00593037523696301
NCOA7,0.00592995462040411
SHCBP1L,0.00592865921457187
ZC3H12A,0.00592855558465642
CES2F,0.00592691538863154
SYPL,0.00592688209560667
PPIG,0.0059265071180512
4931407J08RIK,0.00592500552304414
ZFP467,0.00592311398159909
TRIM75,0.00592130287204012
SNX1,0.00591971997752921
4933424C09RIK,0.0059189796116081
CLTC,0.00591786786358771
SARS2,0.00591698295884371
PPAT,0.00591491205891555
BTBD18,0.00591331032451323
MAPK10,0.00591293364287128
LEFTY2,0.00591180220141834
PIP4K2A,0.00591092527078583
PNLIPRP1,0.00591066067022679
3110035E14RIK,0.00591026888751453
SPATA7,0.00590933391226538
GADD45G,0.00590668372286749
COPS8,0.00590365830462907
E330013P04RIK,0.00590146148244427
SLC39A3,0.00589979225210942
OCRL,0.00589944568824818
SETD6,0.00589646575198628
2900035I09RIK,0.00589624871611386
C8G,0.00589314490336331
DCST1,0.00589296939060582
UCK2,0.00589239057065358
5330403D14RIK,0.0058854535422485
RAB11FIP2,0.00588447949972879
KLK13,0.00588316211567953
D4ERTD335E,0.00588226629689048
B230216G23RIK,0.00588188455342039
DEGS2,0.00588157635536608
RIBC1,0.00588050088990578
ACBD6,0.0058802151818425
NOMO1,0.00587972606876263
UQCRFS1,0.00587958789310601
2900024I21RIK,0.00587888729529174
TMEM176B,0.00587731819728862
SLC45A2,0.00586997780774672
CRYBB2,0.00586924874974852
MANEAL,0.00586651194921792
4930515I15,0.00586149751197797
SLC5A9,0.00586030615624367
DUSP4,0.00584721328165536
UHRF2,0.00584589081082945
GM15886,0.00584504769912384
LOC102640178,0.00584452625520125
ZFP60,0.00584334740051029
GULP1,0.00584310039510655
GM3609,0.0058414321902252
MED18,0.00584056121988874
FGR,0.00583871091717007
STAC,0.00583796383198914
NLRP4B,0.00583229746541387
MKRN2OS,0.00583197170953214
GM12789,0.00583148562179562
EPPIN,0.00583104573243224
PLXDC1,0.00582988800683108
PRRC2C,0.00582878777538973
SLC46A1,0.00582802030553145
C4BP-PS1,0.00582554881817312
STK25,0.00582291203993164
SNX14,0.00582218191685866
TMEM190,0.00581718481939011
PUM2,0.00581673587172706
ENDOV,0.00581544902496715
A730009L09RIK,0.00581349653092826
RAB14,0.00581314374697412
PABPC6,0.00580959262184249
PCDH7,0.00580929692152545
PPP3R2,0.00580347404050944
GM7056,0.00580163245844391
TMEM41A,0.00579984502605195
ODF1,0.00579731977410639
NGEF,0.00579591720354856
CYP2D22,0.00579136080576193
G3BP2,0.00579102055757289
HGFAC,0.00578907552460515
C78760,0.00578897734202145
TRIM31,0.00578701258686381
EPT1,0.00577861992036572
C79685,0.00577732347484095
1700012I11RIK,0.00577666497897294
ANKRD37,0.00577473159637948
C77649,0.00577432613019976
HRASLS5,0.00577414669183069
B9D1,0.00577353556773112
SAYSD1,0.00577163783494983
CYP1B1,0.00576963897361864
SNRPB2,0.005768934663942
4930415O20RIK,0.00576655299549516
PTTG1IP,0.00576058555129208
2700081O15RIK,0.00575715226030636
MFSD1,0.0057571132120685
TSPO,0.00575468422051798
PDCD2,0.00575006750529117
PCDH12,0.00574951946877463
SNRK,0.0057488261471834
CREBZF,0.00574487110715506
SLC29A1,0.00574374491531523
TBC1D23,0.00573918689816716
CAMK2N2,0.00573560616446459
D9ERTD12E,0.00573040675231751
WNT6,0.0057283940982085
BMS1,0.00572791566332666
ZSWIM7,0.00572535468126009
1700057D03RIK,0.00572424076131121
4930518F22RIK,0.00572324221480754
4930566D17RIK,0.00572133493635534
GM6787,0.00571713021641657
ZFP839,0.00571636604487421
EDRF1,0.00571537212983676
ERC2,0.00571468416604405
DRD4,0.00571141903146129
PCDHB1,0.00571090967555042
CDK5RAP1,0.00571075862220723
2610303G11RIK,0.00571049307331741
LOC102631579,0.00570728617214486
DEFA15,0.00570570308212094
TNNT3,0.00569826363649288
CEP104,0.00569628566703035
NOL6,0.00569056304903469
LGALS7,0.0056898803567862
SLC13A2,0.00568885122599966
4930414L22RIK,0.00568702896719647
MIF,0.0056860290937332
REEP6,0.00568248698660669
IL1RL1,0.00568030557870185
GH,0.00567510414843567
FMOD,0.00567218001992035
STX1A,0.00567057261447585
YIPF5,0.00566974433249715
ZFP330,0.00566933715489095
ADAM34,0.0056662396907345
FAM204A,0.00566490842098306
CSN1S2A,0.00566346777962723
GM19773,0.00566150891588119
4932412D23RIK,0.00566134237149112
FOCAD,0.00566082732961017
SERPINA3G,0.00565840297656941
PPP1R12B,0.00565586491839252
MRPL22,0.00565445754235214
TANC2,0.0056520640973577
TEP1,0.00564959886087661
5330411J11RIK,0.00564612221795259
G6PC,0.00564580930441536
KIF12,0.00564462649538058
HUNK,0.00564425275746137
EFNA2,0.00564390276128269
RHOBTB2,0.00564341156882289
ZFP282,0.00564220447810551
YES1,0.00563254719569511
SLC1A4,0.00563023534643009
OSR2,0.00562981373252083
COQ3,0.00562880994852467
CLMP,0.00562880535925342
POMP,0.00562825986843303
AW413774,0.005626626537477
SPG7,0.00562627982854481
PLA2G16,0.00562528365436885
TEKT5,0.00562427012374993
5031439G07RIK,0.00562406334798809
4932416J16RIK,0.00562406039191534
MOGS,0.00562233362081963
CHRNA1,0.0056211741446734
ZBBX,0.00562054625200774
GATAD2B,0.00561928113255103
ARF5,0.00561871522346521
HEMGN,0.00561625804293438
VWA3A,0.00561379211596706
SRRM4OS,0.0056128159771192
4632404M16RIK,0.00561023414071539
CGREF1,0.00560757175419899
ZFP292,0.00560756955274408
GM4640,0.0056056286967
DDX39B,0.00560442906461319
XIRP1,0.00560285672350133
A930012N16RIK,0.00560172678843489
NF1,0.00559891563746302
R3HDM2,0.00559649691566357
D18ERTD232E,0.00559613236815072
C80719,0.00559525655343333
VMAC,0.00559295237077701
ADCYAP1R1,0.00559039319043437
COA5,0.00559002107596731
LRFN2,0.00558446197651048
NPL,0.00558195716653168
NUBPL,0.00558185326141231
PIM3,0.00558096075149463
SETD8,0.00557941270941932
SPEF1,0.00557667758362066
GRAMD1A,0.00557401524439728
TRMT10A,0.0055733517090565
1700095A13RIK,0.00557300770427514
HAMP2,0.00557162148812579
APOL8,0.00557127210147296
GRTP1,0.00557092285121932
PSMD4,0.00557002606961125
MRPL43,0.00556839798977949
NVL,0.00556767023681524
ACTC1,0.00556561879110916
ATXN3,0.00556543970223592
TTC16,0.00556474913630394
MITD1,0.0055635956328518
TRIM71,0.00556346339450885
A1CF,0.00556316533931003
4930544L18RIK,0.00556258788927888
RSPH9,0.00556037865851434
DIXDC1,0.0055601714544989
SMC6,0.00555841396697712
GM10658,0.00555724340332734
MRAP,0.00555278168944286
CELA1,0.00555217135774967
EGR1,0.00555095065356852
KEAP1,0.00555023557701041
NR4A1,0.00554871777108072
FBXO10,0.00554182149634195
4930503B20RIK,0.00553983301616333
PACRGL,0.00553909123676037
PYROXD2,0.00553878905828618
NAPG,0.00553714592639582
GM25857,0.00553470144782476
PREX2,0.00553431725758435
RNF114,0.00553415249151036
CST7,0.00553351955382401
STUB1,0.00552870225120506
PXMP4,0.00552668884264877
L7RN6,0.00552603129219573
4632418H02RIK,0.00552186300429427
D430047D06RIK,0.0055196798030662
SVIP,0.0055191985880048
MELA,0.00551873153808255
MSANTD2,0.0055122131996399
ARPC5,0.00550923497124917
NFIC,0.00550864786593195
THOC5,0.00550730192056792
NXF1,0.00550722497981279
OGFOD1,0.00550655515114487
CHRNG,0.00550495279574746
4930445B16RIK,0.0055044485052223
CHCHD6,0.00550309504236142
MPV17L2,0.00549900444676563
N6AMT2,0.00549828603310483
BC004004,0.00549766528185793
C030041B07RIK,0.00549574465892183
KRTAP4-2,0.00549277853656879
L1TD1,0.00549163085635787
SH3TC1,0.00549010324229104
SH2B2,0.00548544605892136
SLC35B4,0.00548405229266337
C76554,0.00548254700697335
LUC7L3,0.00548198192851151
PCDHB20,0.00548191120515349
ZFP13,0.00548104301756185
GM10399,0.00548095934677096
1700007G11RIK,0.00548089340707451
HDGF,0.00547894868448504
TRIT1,0.00547885154819539
RIOK3,0.0054784625537632
SHROOM2,0.00547799924059373
4632428C04RIK,0.00547764619382807
VDR,0.00547449865295447
ESYT1,0.00547227552947332
MIR22HG,0.00547142742765026
NUDT19,0.00547105784607247
SNRNP35,0.00546928276600127
4930558J22RIK,0.005464243160142
PEPD,0.00546381274611535
1700024J04RIK,0.00546214015085948
YWHAE,0.00546020947053731
APBB1IP,0.00545958270464619
D2ERTD397E,0.00545827044752183
ISLR,0.0054581485967384
A630023P12RIK,0.00545375031804873
EPOR,0.00545370804675464
SLC30A8,0.00545345677540439
DNAJC10,0.00545332249499595
MKX,0.00545321803936713
4933424H11RIK,0.00545207902591504
ANKRD6,0.00544890470322068
ATP2B3,0.00544640774215189
D13ERTD297E,0.00544587902601539
FASTKD3,0.00544512455325364
HOXD12,0.00544429989097593
9430038I01RIK,0.00544362060771324
GM7969,0.0054435884492991
MAPKBP1,0.00544223587535631
RNF4,0.00543788183015303
TMEM217,0.00543715135033692
ING5,0.00543646769132185
TMEM97,0.00543604688194913
DLST,0.00543510263102667
LOC102638744,0.00543429005974578
5430434N17RIK,0.00543321495894238
SERPINA3N,0.00543162691384882
CTNNA3,0.00543106859728382
PRKD3,0.00542815143277619
PRSS32,0.00542797178395356
ACRBP,0.00542774537792187
ERBB4,0.00542155202494038
PDE7B,0.00541939546756721
4921530L21RIK,0.00541497298269261
CD6,0.00541360595705063
ADH6-PS1,0.0054118812946956
UBR4,0.00541021460801738
NELFB,0.0054095541206938
BPGM,0.00540828514671077
EGLN1,0.00540765450722319
PPIFOS,0.00540756485717853
SMAD9,0.00540561714283519
LARP4B,0.00540460009263639
ALDH1B1,0.00540354244197416
LOC552902,0.00540339390384459
ANKRD24,0.00540322499701429
HMGB3,0.00540174548469092
PAPOLB,0.00540156110878345
CCDC90B,0.00540077423508941
TBATA,0.00540022253412748
3830612M24,0.00539919981658707
2810405F17RIK,0.00539721827649264
PNPLA2,0.00539670135788785
TRIM12A,0.00539359789794235
2310016D03RIK,0.0053919447286447
1700099I09RIK,0.00539166511731332
FBXO21,0.00538902433594573
VPS13A,0.00538474307708385
JAGN1,0.00537512266713611
HOXC10,0.00537500708874193
4930468A15RIK,0.00537478734680461
SLC37A1,0.00537332027164602
SCX,0.00536592190310622
CST8,0.00536227415937738
TREM2,0.00536218576455033
GATA1,0.00536174669238285
6720477C19RIK,0.00535931040451791
YIF1A,0.00535798575631262
5830437K03RIK,0.00535775928696722
A730009E18RIK,0.00535681752545567
4930474H20RIK,0.00535605538234441
ZC3HAV1L,0.00535424374912784
D630032N06RIK,0.00535412967248639
COMTD1,0.00535271679137254
APBA2,0.00535265189008196
9330159N22RIK,0.00534995864211153
SLCO2A1,0.00534953407175665
RNF168,0.00534839999592373
NT5E,0.00534752858782939
SLC7A6,0.0053467776507172
LOC102636980,0.00534538537954045
LY86,0.00534387735917511
GPLD1,0.00533967093636398
5430439M09RIK,0.00533854545895622
ASCL2,0.00533665910421551
C030013D06RIK,0.00533644673184567
AI131651,0.00533520195236052
NEDD1,0.00533322477842321
PAPD7,0.00532979334054544
SVEP1,0.00532791825552104
PRKAR1A,0.00532689073601425
2610524H06RIK,0.00532653266780544
FNDC9,0.00532636145432057
RNF144A,0.00532551294834849
GAN,0.00532354281105091
AHCTF1,0.00532353522765612
EFCC1,0.00532236613354041
RXRA,0.00531881009730295
TRPA1,0.00531344122828283
GPRC6A,0.00531287389609522
GM6600,0.00530645059981115
WNK1,0.00530637245801241
CCDC54,0.00530580335074091
5730471H19RIK,0.0053044588606487
PAUPAR,0.00530420146327977
TAOK3,0.00530325269726066
LOX,0.00529976829851208
LOC433197,0.00529935701146411
DMRTA1,0.00529931452627152
VAMP7,0.00529898314655834
AI414108,0.00529880686550983
DPYSL2,0.00529870460149458
MC2R,0.0052985720213289
MAL2,0.00529803723837578
GPR1,0.00529505897874276
CSTAD,0.00529196889729659
ZBED3,0.00528687142074143
RPL19,0.0052867946864384
IGLV1,0.00528510287989662
BAZ1B,0.00527911959314748
SLC13A1,0.00527871453321114
SMURF1,0.00527287141209321
ARL15,0.00527270686444539
RPH3AL,0.00527233234262358
SLC22A14,0.00527129848745672
LOC102643220,0.00527077343584261
4930584F24RIK,0.00526950894051682
FKBP14,0.0052692983515442
NRAS,0.00526850068784562
CREBL2,0.00526846218480816
DPYS,0.00526654130539524
SOD2,0.00526532931754583
C80406,0.00526496829735529
NDUFB5,0.00526424304414213
PHF20L1,0.00526017648642129
VSX1,0.00525937000768375
5830435N17RIK,0.00525845078720202
SMIM13,0.00525623947805404
HYDIN,0.00525495374958931
SNHG12,0.00525351602567731
ARMCX3,0.00525279717568732
AOX1,0.00525007030653372
PNPLA5,0.00524834482584113
CD93,0.00524791066589122
NR2C1,0.00524771264168573
GSK3A,0.0052472746499399
RMND1,0.00524337652101216
ORC2,0.00524256836999057
CASC4,0.00523825434391923
RETN,0.00523642647378187
C1D,0.00523619877150134
PHF7,0.00523514246360974
GNPAT,0.00523459396233814
TNP2,0.00522997286740707
5830487K18RIK,0.00522883749168539
2610015P09RIK,0.00522807799250814
PARD3,0.00522640172387228
6330405D24RIK,0.00522607976027419
FAU,0.00522023605906559
SAMSN1,0.00521917308585236
IL2RB,0.00521769203668565
CCDC132,0.00521744193923648
TECPR1,0.00521689720754494
5730507C01RIK,0.00521448881939406
ISG20L2,0.00521315540935404
A430088P11RIK,0.00521218591169481
D430020J02RIK,0.00521059049201951
ENTPD1,0.00521043117090277
CASC3,0.00520889680977481
ARHGDIA,0.00520859574060731
D530037P16RIK,0.00520610569761666
TCEA1,0.00520408525605269
PALM2,0.0052035941588825
KCNMB2,0.00520079038271394
H2-DMA,0.0051994983522447
PHF6,0.00519592670723453
AA536887,0.00519555372151723
1110051M20RIK,0.00519450485453364
DNAJC22,0.00519385228774007
SSMEM1,0.00519377279576204
NLRP4C,0.00519277253796632
LOC102639888,0.00519267704949429
SDE2,0.00519213514914948
9430019H13RIK,0.00519028245685079
RAP1GDS1,0.00518935985447551
ZC3H13,0.0051853086836613
LYRM9,0.00518101017420271
LIPE,0.00517943936392667
TDRD9,0.00517563153672413
SLC7A6OS,0.00517468951967592
SLC14A1,0.00517244348930152
POLB,0.00516754703303527
NUP153,0.00516443489765494
ANGEL2,0.00516387580595822
C78441,0.00516253219921117
ANKRD9,0.00516141102003668
RPIA,0.00516068459005354
ECI2,0.00515979733133153
PTPRC,0.00515955133722396
HMGCLL1,0.0051581380782612
LYPD1,0.00515740408316484
KDM6B,0.00515693569790355
FAM32A,0.00515055234438529
SGK2,0.00515028580176884
IL1F8,0.00515011693271382
TPP2,0.00514912919865568
SCAP,0.00514861810194162
A930007D18RIK,0.00514495332914807
PRMT1,0.00514492339529899
CYP11B1,0.00514175744944198
ZFP85OS,0.00514171015157239
4930461C15RIK,0.00514072913008784
ACSM5,0.00514034782756814
GM10643,0.00513963868397212
PRKAR2B,0.0051376882277174
GM19277,0.00513662649678123
COPS7A,0.00513630171188335
4833422C13RIK,0.00513474228472955
UBE2D2A,0.00513388775929659
ZDHHC23,0.00513050633071957
NTN3,0.00512343884555576
5033418A18RIK,0.00512326400019982
SERPINA4-PS1,0.00512304489917505
8430436N08RIK,0.00512223442955053
KITL,0.00512053785935918
EPN3,0.00511954407071361
VDAC1,0.00511687234229405
1700006F04RIK,0.00511310603141155
FLT1,0.005104487082142
OTUD6B,0.00510303956403678
BC027231,0.00510208035528942
MAFK,0.00510125823348507
LOC102640394,0.00510073901918708
NUMBL,0.00509977382234614
GM3715,0.00509769564744291
PLIN5,0.00509128034881534
EPHB1,0.00508996137598538
DNAIC1,0.00508943279615821
5430421F17RIK,0.00508871131996338
TMEM222,0.00508857528493266
4930552P12RIK,0.00508701421725698
MRPS17,0.00508572839650164
VMN1R65,0.00508356059985301
YTHDC1,0.00508319662599431
IL1F9,0.00508319230982593
TBC1D32,0.00508299236875437
FCGR2B,0.00508056371159753
BARX1,0.00508012137316172
PKN3,0.00508009558652779
CRLF1,0.00507931150733012
RPS6KA1,0.00507258965707935
4833419E13RIK,0.00507193530644
OBOX5,0.00506909151336376
TRIM66,0.0050590442977501
AK5,0.00505897602819043
FBXL4,0.00505741879671676
ARHGAP27,0.0050545794691284
NPHS2,0.00505385911275293
MAP7D1,0.0050530833048383
EPHA4,0.00504900409213257
MID2,0.00504887891275969
UTP23,0.00504803246663417
TSC22D3,0.00504460370071973
CYCS,0.0050443962737135
RPP40,0.00504103066050774
PITPNB,0.00504069048155669
LIMK2,0.00503551879464289
TMEM239,0.00503434986210932
WDR45B,0.00503336835726797
GM8273,0.00503181669794281
AGPAT9,0.00502503870425732
DPF2,0.00502031459600358
IFNA11,0.0050185203221999
LY6G6C,0.0050173676228753
D4ERTD669E,0.0050152558886676
SYNJ2,0.00501514079462241
ATP6V0A1,0.00501497489038339
2610028L16RIK,0.00501118794167397
BECN2,0.00501109800130278
SPATA25,0.00500738154677616
RASA3,0.00500666656788394
1500004A13RIK,0.00500614115609373
PPARA,0.00500440039484986
PPCS,0.00500433765427169
SLC20A2,0.00500403832428165
TGS1,0.00500304707580829
GLG1,0.00500227218327544
USB1,0.00500197539240002
NACC1,0.00500112439563715
MORN3,0.0049997206327063
TULP3,0.0049986222690206
WDR18,0.00499739591354381
OLFR16,0.0049967652483118
ABHD11OS,0.00499197131794528
ERMN,0.00498526173053167
1700040L02RIK,0.00498462192442237
SEPSECS,0.00498431039098011
CD207,0.00498318089646729
ZFYVE20,0.0049822760727348
PKDCC,0.00498165515433328
9430087N24RIK,0.00498002627572244
FKBP6,0.00497686377933316
IGF2BP1,0.00497658561046367
TRAF7,0.00497300901106701
4930524N10RIK,0.00497268446212266
RECQL,0.0049708785653836
TRIM26,0.00497016727634379
DMD,0.00496757109780091
SCRN3,0.00496619345190985
FAM161A,0.00496509628300598
GCC1,0.00496256350146478
2610007B07RIK,0.00496208790635502
SHC1,0.00496119481657311
MRPL27,0.00495735390357115
INSR,0.00495675067799789
AA386476,0.00495620642877387
MIIP,0.00495556130710702
ZFP41,0.00495530043496258
4833439L19RIK,0.00495060662835785
SULT2B1,0.00495057522082584
NTSR2,0.00494946381304179
BCL9L,0.00494895727532736
MSR1,0.00494765706747677
SNX18,0.00494521973736277
SCGB1B2,0.00494376011601922
CXCR6,0.00494354204005684
SLC15A2,0.00494339341564737
SERPINB9B,0.0049433752088013
FGF18,0.00494079679777049
CENPE,0.0049386968238246
IL15RA,0.00493734282197174
PLK5,0.00493578822064885
H2AFJ,0.00493518734930874
GPC1,0.00493048077422573
ST3GAL4,0.00493028428546005
GPER1,0.00492722829405043
SOX4,0.00492679846594004
4930558K02RIK,0.00492649827934549
SGOL2,0.00492231733187595
PRKD1,0.00492153856110482
AU021720,0.00492150170993506
CWC27,0.0049205188853588
IDO1,0.00491875385489914
PM20D2,0.00491754752441368
BAHD1,0.00491695210574204
SMARCC2,0.004916873189769
HSPA13,0.00491301245936701
SMYD2,0.00491265805044579
NR1I3,0.00491182129790676
LOC102640117,0.00490976696663414
ADCY10,0.00490600064457865
CAMK1,0.00490599687819494
EMD,0.00490370535870035
ATF6,0.00490248962278521
MEP1B,0.00490033929139196
SNX3,0.00489966367686664
BBS1,0.00489904302095107
MRPS30,0.00489728628455663
OLFR690,0.00489463520401564
COL10A1,0.00489323410396616
SPOP,0.00488966028386211
C76793,0.00488948929057912
AU022479,0.00488840143574673
D8ERTD28E,0.0048853309957715
ACP6,0.00488492886658586
SLA,0.00488195890298248
4921511I17RIK,0.00488054534126152
ZNRF4,0.00488053638807533
ARAP3,0.00488016211934587
RAB3C,0.00488008649695615
ATAT1,0.00487945540691101
TMEM261,0.00487943815657371
ATP2A2,0.00487743779030988
CHEK1,0.004877408556376
TUBA1A,0.0048771575348924
PLCXD1,0.00487682388283461
B430306N03RIK,0.00487675176598224
SLC6A4,0.00486965034990485
IFITM7,0.00486941155374848
TMEM219,0.00486792585326384
CDH9,0.00486737822972734
B230311B06RIK,0.00486733971309046
LMTK3,0.0048640351658716
ASS1,0.00486184683469669
NFASC,0.00486094346667308
C030007D22RIK,0.00485549092382085
B430316J06RIK,0.00485347795756445
AY074887,0.00485321676657648
AI195470,0.004852932753656
PATZ1,0.00485184468102399
NRXN3,0.00484860320597324
8030497O21RIK,0.00484786252752135
GLOD5,0.00484709718633291
RSBN1,0.00484685047539778
CLDN8,0.00484541988195281
CHD1,0.00484478796136251
PAPSS2,0.00484269071829043
SLC38A7,0.00483986934389423
ZFP280B,0.00483758668535756
NFIB,0.00483601944654563
ERLIN1,0.00483555108133151
MBOAT2,0.00483435030145663
GRAP,0.00483427864451606
ZFP141,0.00483252831893041
2510046G10RIK,0.00483153876044936
FBXW11,0.00483117781411297
DHX33,0.00482780779163585
LRAT,0.00482563530257039
PKN1,0.00482482219478051
4921513H07RIK,0.00482413422286572
OGDH,0.00482262747003199
PELP1,0.00482070855975446
4933414I15RIK,0.0048201785684609
PRPS2,0.00481911230180616
CYP2C65,0.0048158906681063
LAMC1,0.00481557238100542
TMEM245,0.0048141504010596
SEC11C,0.00481327625900107
FAM192A,0.00481086594468347
DMXL1,0.00480932483816255
D630023F18RIK,0.00480927717559836
LAMC3,0.00480855181338616
HOXB2,0.00480816512042874
CNOT2,0.00480747613387447
D630045M09RIK,0.00480528819998501
CDH19,0.00480267346907796
NALCN,0.00480245777896679
3110070M22RIK,0.00480172017086458
GM6792,0.00480122643273759
FOXD4,0.00480070590725613
BC061194,0.00480002767755109
GABRG1,0.00479923195409482
AA415437,0.00479827999670906
PAPSS1,0.00479799398220312
4930523C07RIK,0.00479750495896151
PLEKHA7,0.00479594960233863
1700006A11RIK,0.00479560295863702
AIFM1,0.00479405013660303
CREB5,0.00479389134210504
LRP11,0.00479260063660421
D1ERTD75E,0.00478711846028616
SPRYD3,0.0047865226347048
2610012C04RIK,0.00478631805114315
CLEC16A,0.00478538342115051
PRPF31,0.00478503881585493
HLCS,0.00478100740802552
CSNK1G1,0.00478062742491391
MTMR4,0.00478055181533417
AU021884,0.0047787358770456
SLC23A3,0.00477549986434143
D8ERTD54E,0.00477433999416382
4933415J04RIK,0.00477376188519124
1700028I16RIK,0.00477160575812402
LAMTOR5,0.00477058580661952
RAD23A,0.00477038123694034
XKR5,0.00476913450229423
TRMT61B,0.00476857021911462
DIO2,0.0047682902795265
LOC102632747,0.00476791202987551
TES,0.00476647297948772
GLUD1,0.00476637919159685
GPR180,0.00476395105501156
GM14321,0.0047609319073786
ANKS4B,0.00476082979255989
MYLK2,0.0047607148801035
D9ERTD292E,0.00476023386895438
VWA9,0.0047595283964616
MIA2,0.00475873777647447
TMEM201,0.00475689835847824
MALSU1,0.00475598493209554
PCSK5,0.00475570130219417
PSD2,0.00475493834076877
ADAM7,0.0047530916117417
AP1G1,0.00474725152612832
AVL9,0.00474614410509466
GM17767,0.00474383929083576
PTER,0.00474176041839735
PLEKHF2,0.0047410086995138
BATF,0.0047401473956182
4933433H22RIK,0.00473904531010564
ANKRD12,0.00473843673096938
RGS7BP,0.0047377660298371
HBA-A1,0.00473608622348367
OAS1E,0.004735996233198
D1ERTD84E,0.00473543125360714
LRRC14,0.00473433416291117
POLN,0.00473405843379902
ITGB6,0.0047295035483666
MYH1,0.00472945398419719
5031415H12RIK,0.00472777531313465
5430401H09RIK,0.00472731193002564
ESYT2,0.00472521577725984
OARD1,0.00472386230244075
ARID1A,0.00472159358797102
OTX2OS1,0.00471672498382655
AU018740,0.0047164429910047
CTTNBP2NL,0.00471492599223632
KIDINS220,0.00471474679368275
GM561,0.00471054079400473
FN3KRP,0.00471051689586179
4930511E03RIK,0.00471024156316914
TONSL,0.00470942843260233
CLEC4N,0.00470788947701602
TPM3,0.00470676791897846
SBNO2,0.0047067622091182
DPM1,0.00470664251481691
NFE2L2,0.0047064478459596
ICA1L,0.00470540903623526
LEF1,0.00470324563712878
4930455J16RIK,0.00470307228505056
9030625N01RIK,0.00470298268263968
COLEC10,0.00470120449761046
TTC19,0.0046926943655898
ACRV1,0.00468733876889369
MELK,0.00467891791397471
MFSD10,0.00467564723515605
CPA2,0.00467492102531365
4930402D18RIK,0.00467383568530041
SPATA9,0.00466979696890564
MARC2,0.00466963067838959
SYT12,0.0046668857118112
6330582A15RIK,0.00466618803659336
MED15,0.00466490869998866
ARF6,0.00466367568443701
HYLS1,0.00466331713910236
RGS6,0.00466234419786299
ATP5K,0.00466216044486214
GGA1,0.00466179675533535
STOX2,0.00466094413629929
PYGO1,0.00466057623831201
9630017O17,0.00465959418571229
AKR1B8,0.00465898700304773
C87115,0.00465889994148801
NOBOX,0.00465747258342706
4930526L06RIK,0.00465740265794092
PCDHB5,0.00465561305393943
MIA3,0.00465475171435533
STRIP2,0.00465414293361268
ODC1,0.00465404996533316
ZC3H7A,0.00465341090767703
DSE,0.00465258460972151
C87977,0.00465223279765236
MRPS31,0.00465160521912609
EIF4E,0.00464798843131862
MX2,0.00464790560366082
D10ERTD533E,0.00464778933289796
KRT6A,0.00464578923017201
4930435E12RIK,0.00464465409813631
EPHX2,0.0046441969967354
DDX46,0.00464223745542369
CLOCK,0.00464167932687852
6720482G16RIK,0.00464123336030092
BC051019,0.00464077735653855
ARL14,0.00464037819833412
CYP4A31,0.00463810586276916
D13ERTD150E,0.00463637208015813
ADAMTS7,0.00463610354096828
CTC1,0.00463586697402798
TEX14,0.00463503564390081
CDC23,0.00463065843513546
PSMB1,0.00462903746769664
5830487J09RIK,0.00462852026164131
TUFM,0.00462423781119306
CDH13,0.00462358590607157
6330531I01RIK,0.00462266367703829
HSF2,0.00462069108437015
GM5481,0.00462067328989481
HELZ,0.00462030666639784
CP,0.00461988116263371
ALK,0.00461986546238692
OMT2B,0.0046195966000289
6720418B01RIK,0.00461915789879181
4933405O20RIK,0.00461875928246707
F13B,0.00461862584786886
MTUS2,0.00461415781625783
NCAM1,0.00461188548877615
CRYGF,0.00461109340117096
NDUFA3,0.00461108903301281
A930011E06RIK,0.00461068024779014
PRR16,0.00461053336813436
HMOX2,0.00460807852434801
DAD1,0.00460782255358127
OAS1A,0.00460641791756679
4930445B03RIK,0.00460252698187921
9530025L08RIK,0.00460188160388591
DOCK8,0.00459790076642572
SERBP1,0.00459509489239704
UBR7,0.00459108513549227
SULT2A2,0.00459076269459493
5730405A17RIK,0.00458939610813353
SEPP1,0.00458922889373385
ITGB3BP,0.0045856788391344
EML1,0.00458495182530803
TMEM65,0.00458397263115586
BOP1,0.00458140675340263
MYBL2,0.00458039363929947
LOC553096,0.00457949366498336
ZBTB24,0.00457778417474699
4921519G19RIK,0.00457659803351944
B020011L13RIK,0.00457626318609225
CD81,0.00457597712461018
BC023829,0.00457578666412974
RAPGEF1,0.0045756745286629
NKX2-2,0.00457470076741064
CUL7,0.00457396654863932
GNL3,0.00457130919843731
SLC7A12,0.00456989468372737
ARHGAP31,0.00456921410476472
GM11567,0.00456784550369244
GAS2,0.00456594636941057
D830025C05RIK,0.00456557419494593
RAB34,0.00456534688075625
TPCN2,0.00456392426074328
CAMK4,0.00456336025997885
STARD9,0.00456063698026879
1010001I08RIK,0.00455956429819586
BCL7A,0.00455644325852586
BEND6,0.00455289312471039
FBXO30,0.00455077948840388
FCAMR,0.00454848640471401
ZFP111,0.00454787768345725
TGM2,0.00454704793684692
DPH1,0.00454686888740242
RHOU,0.00454474541143085
GM16740,0.00454326700950952
ADAM33,0.00454255479231949
CHMP1A,0.00454193105110516
4933440K10RIK,0.00454084538741464
BLVRB,0.00453906608501186
GFM2,0.00453738869679968
4632409D06RIK,0.00453567494972722
SELP,0.00453492627444352
GTPBP6,0.00453201974376698
TCF15,0.00453174933797747
NOB1,0.00453062110624797
1700029H14RIK,0.00452880368900647
SEC16B,0.00452873528132727
4933431G14RIK,0.00452830233774022
1700049G17RIK,0.0045282143853466
TMEM225,0.00452747222947433
GPR149,0.0045262953373367
MNDAL,0.00452574710847311
SLIRP,0.00452475984623532
CD72,0.00452134923166498
COX8C,0.00452084446131571
PSD4,0.00452041111221283
ITPRIPL1,0.00451984514453588
CD247,0.00451900960479221
TMEM72,0.00451814741787727
SLC17A2,0.00451788821422119
YTHDF1,0.00451635350456616
GNRHR,0.00451579226172534
CST11,0.00451561792872966
FGF17,0.00451124098810757
SQRDL,0.00450865036461912
TMEM128,0.00450827980340618
DDX51,0.00450454571657232
TCF12,0.00450330238646739
MT2,0.00450247673385344
4922502N22RIK,0.00450144668490078
1700049J03RIK,0.00450012563783853
SMAD4,0.00449739991605996
AGT,0.00449695801139125
OLFR156,0.00449563862557191
ASB2,0.00449551101576479
GCKR,0.00449486386460983
SLC6A17,0.0044901348579054
LOC102635502,0.00448910445295962
GPATCH8,0.00448735914832271
1700128E19RIK,0.00448713279910999
SSH3,0.00448671773885209
HNMT,0.00448212278931684
PAQR8,0.00448183922411235
EVPL,0.00448066350958727
RAX,0.00447964929038731
FAM120C,0.00447902822042005
SORBS3,0.00447819832568561
COX7B2,0.0044780450613076
SLC22A17,0.00447168199367272
LOC102636147,0.00447014243937643
AU022138,0.00446824350303705
AQP3,0.0044667019947239
CLDN16,0.00446360879634797
GNAO1,0.00446289492651372
TAF1,0.00446234076409649
ARL6IP4,0.00446178654526551
MGAT4B,0.00446081776031841
E130304I02RIK,0.00446046178811555
ZFP131,0.00445924354764006
RAB29,0.00445900367577867
KLHL42,0.00445898449546179
SYNGR2,0.00445735041897971
CCL17,0.004453708387333
4930455H04RIK,0.00445290643515079
PTPLB,0.00445110915469018
NPN2,0.00445075153660441
TGFB1I1,0.00444936630810783
RBM5,0.0044475150004115
CLRN3,0.00444459399298864
AA763521,0.00444455690179336
SETD1B,0.00444248745060385
TSPAN12,0.00443900603655407
SOAT2,0.0044384852967532
PLA2G4F,0.00443725396584221
DOK1,0.00443426094223254
DTX3,0.00443117346510646
CST3,0.00443043147463347
PSMB4,0.0044301976102819
CES1D,0.00442985237474229
SERPINA3C,0.00442884361211468
4933435G04RIK,0.00442752565048351
CNPY3,0.00442604199630664
CNR2,0.00442591783209735
CD209C,0.00442396619954752
GRIP1OS1,0.00442368997694894
CCSAP,0.00442293481690796
AKR1C13,0.0044215869351106
GHR,0.00442110219788318
GRM4,0.00442062055618221
1300002K09RIK,0.00442053206557304
NUP133,0.00441995294768757
PANK3,0.00441938707604059
9030607L20RIK,0.00440935869410467
AKNA,0.00440915953352522
SMIM1,0.00440716069787623
TMEM19,0.00440707591299037
FABP4,0.00440348923129887
6430562O15RIK,0.00440333019352349
MRPS22,0.0044030558153054
SOX15,0.00440017277757777
PIGQ,0.00439978793748729
GM7694,0.0043996922165382
GM10044,0.00439941577821162
HSPG2,0.0043989831704994
NOL4L,0.00439886518031387
VPS11,0.00439542513429888
BHMT2,0.00439527746751839
NTF5,0.00439504882779582
KCTD6,0.00439441251862612
C230057M02RIK,0.00439412503537608
NKAIN2,0.00439362269830016
ADAMTS2,0.00439347375026677
PRNP,0.00439318418841742
WFDC2,0.00439235962312995
TRAF3,0.00439036289661683
LZTFL1,0.00438750443155718
TECTB,0.00438726089831633
HNRNPL,0.00438584141560675
APOC1,0.00438431143680402
COL19A1,0.00438392144731114
KIT,0.0043785555304325
GPALPP1,0.00437842583877872
TTC5,0.00437779525756537
IL1BOS,0.00437455919556966
LAP3,0.00437180288838727
TUBB4B,0.00437138910516664
RNASEH2C,0.00437084003433219
G630055G22RIK,0.00436605569754091
6330403L08RIK,0.00436566930552247
KCNC4,0.00436499176885797
CDT1,0.00436487765723976
GM364,0.00436401205730676
CBX6,0.00436376574528635
CREB1,0.00436247301817666
DHRS13,0.00436156856348714
C76669,0.00436068004605139
4831407H17RIK,0.00435875166292153
IGHG3,0.00435845028422145
ORMDL1,0.00435758712984211
LRFN3,0.00435283101461547
ZFP957,0.00435227788751131
ATP4A,0.0043512030618945
4930509J09RIK,0.00435010031305199
D12ERTD208E,0.00434848396891694
GPR97,0.00434827926473744
IFT81,0.0043462177778029
PLG,0.00434550149206561
UBA2,0.00434543101728956
STX18,0.00434542763332078
KRT42,0.00434505964555826
NDUFA9,0.0043411593348249
ITGB1BP2,0.00434014790153978
ROGDI,0.00434000467805912
SMPD1,0.00433949540226625
ZFP821,0.0043394284200858
FOXE3,0.00433469444863019
MSRA,0.0043337342814963
IRF4,0.0043325436595504
PPP1R3B,0.00433077098013895
SSH2,0.00432872720584116
PATE4,0.00432837225190735
CADM2,0.00432817289653771
ABHD17B,0.00432739061438126
1700019L03RIK,0.00432609687045629
SLC1A1,0.0043245193161507
TBX6,0.00432449698778218
HVCN1,0.00432426690592217
RAB25,0.00432317009463694
OC90,0.00432252260490294
SULT1C2,0.00432203687083634
CELRR,0.00431617191342857
DDX56,0.00431438920837637
WDR55,0.00431342301346927
TEKT3,0.00431329043673567
DOCK1,0.00431294430223956
GSTZ1,0.00431251893938848
DYNC1I1,0.00431167686580816
AU022804,0.00430860753541515
ELAVL1,0.00430785710577731
THEMIS3,0.00430710568855554
MYCBP,0.00430628731192054
QSER1,0.00430537739371731
NFAM1,0.004305368724068
D13ERTD324E,0.00430382688225682
CCL24,0.00430110282762329
ZFP932,0.00430006517916646
KRTAP19-5,0.0042993227065315
CRMP1,0.00429768892484382
CCDC82,0.00429731965692783
1700008N17RIK,0.00429650256273322
SNED1,0.00429451926670348
GM11985,0.00429304422843999
4931414P19RIK,0.00429244605315788
E130002L11RIK,0.00429106990069606
9330101J02RIK,0.00428996592751843
CD38,0.00428700213654337
9330169B04RIK,0.00428663361520823
PDCD10,0.00428579459388635
3300002A11RIK,0.00428568641589427
DCAF17,0.00428558598499326
CAR11,0.00428030088510551
RIOK1,0.00427720240136185
HUS1,0.00427630198744094
TSGA8,0.00427526353396315
C1QB,0.004274819579057
MORC2A,0.00427367477180714
DNLZ,0.00427305412946895
MED31,0.00427249143984231
RPAP3,0.00427148494451691
ZFP873,0.00427025946421332
ARL5A,0.00426997806700551
AU015105,0.00426890533588119
PLCB4,0.00426732483514566
RNF167,0.00426354779105204
SCFD1,0.00426188664222056
SRSF12,0.00426014372311852
TESK2,0.00425976537972414
ASTN1,0.004258255303133
ASF1B,0.00425774833095173
CNOT6,0.00425730437671215
CRABP1,0.00425639309813625
FNTB,0.00425425010891171
MRPL40,0.00425341962170304
MTRR,0.0042532961282688
SNX5,0.00425286259195345
EXOC5,0.00425125928361962
KLKB1,0.00424983768051738
TMX2,0.00424918380241569
PFDN5,0.00424612164218128
CDADC1,0.0042443227751897
ING2,0.0042441030303431
A530058N18RIK,0.00424385369747483
ASPH,0.00424334719150058
ATM,0.0042432938662082
4930572C08RIK,0.00424067494868594
SMG8,0.00423994124771431
GM6658,0.00423941959306356
GID4,0.004237401542723
GM26801,0.00423594544810052
NDST3,0.00423531155137896
SUN2,0.00423301275731499
4933406J08RIK,0.00423265692326852
MTHFD2L,0.00423193471966206
NREP,0.00423143670818386
MTHFS,0.00423074660843868
ZBTB3,0.00422985665870439
CSF3,0.00422716815260226
DMKN,0.00422684262502419
3300002P09RIK,0.00422547322395825
4930519P11RIK,0.00422192162824839
C78452,0.00421941670701863
2310015A10RIK,0.00421700521282803
KANK1,0.00421579515504517
PIEZO2,0.00421368777461939
A630014C17RIK,0.00421265242798236
UGT2B38,0.0042126337628894
ZFP746,0.00421056121975965
SAA4,0.00420458478923612
ZFP740,0.00420317358828743
TAF1D,0.00420163841741648
KLHDC3,0.00419924892119837
SERF2,0.00419818453562886
SPAG17,0.00419805705984225
LTN1,0.00419759847897075
ITGAX,0.00419392580083031
ABHD11,0.00419372442026435
3110007F17RIK,0.00419309818876528
DSEL,0.00419222512251446
CCNA1,0.00419024453354922
VPS35,0.00418954144593113
DCP1B,0.00418916835887266
PSMD5,0.00418869663603265
TNN,0.00418858324538827
RAB44,0.00418821800127858
LYZL1,0.00418687693901584
SAMD11,0.00418565678602584
GM10336,0.00418564214922097
HMGXB4,0.0041850686963626
BCL2L12,0.00418239119964338
PNLDC1,0.00418083648702595
TMBIM6,0.00417992010994247
TRPT1,0.00417859830880811
MST1,0.00417859671341575
IFI44,0.00417750051042721
BB182297,0.00417652363105139
VARS,0.00417378217273089
SOX14,0.00417199445309092
GFRA4,0.0041719167538929
ADAM2,0.00417072466182381
PLBD2,0.00417005231956297
4933428L01RIK,0.00416637012575428
BRD1,0.0041660323257424
LCE3C,0.0041657445683502
PSG-PS1,0.00416465076638659
CYB561A3,0.00416426419781919
TCEANC,0.00416390107889186
AY036118,0.00416335310912476
INA,0.00416207460589615
ATP6V1G2,0.00416155604801304
RUNX1,0.00416068039897354
LRCH1,0.00416038582302693
4930554C24RIK,0.00415834105193752
TCF7L2,0.00415831729347871
SPATA31D1D,0.00415750106762005
NGFR,0.0041563334570125
GP9,0.00415623521120194
ABCC3,0.00415605511423076
GPBP1,0.00415592694258528
PAPD5,0.00415478049689414
TMEM256,0.00415475890770251
CYP4F18,0.00415410775577575
SLC14A2,0.00415386246314536
SLC10A2,0.00415379618065386
FAM72A,0.00414926827289531
SAAL1,0.00414877037968651
PDIA3,0.00414741254672182
SYVN1,0.00414721201360051
ONECUT1,0.00414512039610365
AA517864,0.00414368120914437
FAM118A,0.0041413021527122
MACC1,0.00414080641693887
C86187,0.00414042189245964
ELP5,0.00414029662548007
NRIP3,0.00413703160083803
NTS,0.00413328522678803
AAR2,0.00413207182744295
ME1,0.00413072367573875
ACSS2,0.00413007660718184
ZFP329,0.00412844935324322
TMEM67,0.00412600759726016
USO1,0.00412460759542951
AU015858,0.00412456826094103
COL8A2,0.00412423298857284
KIF2C,0.00412306959362242
C78859,0.00411979629325667
PTPN9,0.00411909050138982
TTK,0.00411865947482931
ZFP365,0.00411577969873614
EMR1,0.00411372700048256
BBS4,0.00411366374191136
CATSPER1,0.00411266420071189
KIF7,0.00410774231628727
RBBP9,0.00410673206383664
ZFP710,0.00410516716176472
HOXB6,0.00410502788581752
ZFP248,0.00410354688241184
GPATCH11,0.00410223722078795
TAX1BP1,0.00410215551767493
4930502E18RIK,0.00409915772685612
ARRDC2,0.00409894668262436
B230118H07RIK,0.00409834678103979
SOHLH1,0.00409790121862174
ANKRD66,0.0040973932503955
SUGP2,0.00409566751035605
ZBTB25,0.00409469863424941
MATN4,0.0040944844972267
JPH4,0.00409215183578212
ZFP53,0.00409176986934341
A230009B12RIK,0.0040916177867539
GSDMA2,0.00409145310370643
UHMK1,0.00409026956667276
HIPK1,0.00408819777267806
GM12185,0.00408629673657607
ARF2,0.0040853022027003
TK1,0.00408517143223763
PPP2R2D,0.00408400683896882
MEGF6,0.00408228448323969
GSTM4,0.00408201290396038
HEMK1,0.0040815628223056
ZGLP1,0.00408086513570701
GM13238,0.00408083074575442
FAM131B,0.00408057130150926
C2CD2L,0.00408016738274636
1700028E10RIK,0.00407951393663736
FAM19A1,0.00407940411694698
DCAF11,0.00407535963500116
DHRS7,0.00407511349519119
EMC7,0.00407507871806147
VWA7,0.0040744642512271
RIMS2,0.00407389331139563
NFIL3,0.00407381921929189
TBC1D21,0.0040730129422456
EHHADH,0.00407173799938501
AU019157,0.00407163548721027
5430430B14RIK,0.00407082530170208
CAMP,0.00407058619355878
ABCE1,0.00406917939537789
CDH23,0.00406847118418164
TSLP,0.00406731961631371
EDN2,0.00406650675598756
6230414M07RIK,0.00406613561722295
LOC102631806,0.00406536614289578
KIF26B,0.00406448013783442
KIF2B,0.00406381232616158
1500015A07RIK,0.00406360297806132
PDZD8,0.00406313932741039
SEC1,0.00406113214110582
GZMG,0.00406108059644844
DNMT1,0.00406001532826557
WISP3,0.00405804205379686
SEL1L,0.00405782104963559
ADRA2C,0.00405774617666245
TMSB10,0.00405604617801319
OPHN1,0.00405399714889298
SHH,0.00405388304902667
GM9776,0.0040521468295517
CCHCR1,0.00405203876419235
EMC3,0.00405144840357583
VPREB3,0.00405050049698874
2210418O10RIK,0.00404900972888526
CLEC1B,0.00404839976909788
KRR1,0.0040469993963211
CATSPER3,0.00404689553732259
ELAC1,0.00404474524730589
PICALM,0.00404427670302981
PCDHB3,0.00404402463710138
FAM188B,0.00404240705068166
VTI1A,0.00404210216932501
9430021M05RIK,0.00404154292245367
POLM,0.00403820984091414
ACTN1,0.0040374184496976
SYPL2,0.00403592873365555
NOTCH1,0.00403571914484701
GPR161,0.00403564279765201
ZC3H4,0.00403494257239632
CNTNAP5A,0.00403391022648961
HAND2,0.00403386682083981
SRC,0.0040295477323137
4833417C18RIK,0.00402939182549861
PITX1,0.00402569035414522
KLRB1B,0.00402446727634614
C79562,0.00402374507305651
GM20383,0.0040236184471385
PIK3CB,0.00401972128772755
6030458A19RIK,0.00401507481333605
AA414768,0.0040148789823627
DAGLB,0.00401482816901837
TMEM180,0.00401393321839351
4930434B07RIK,0.00401371619309781
D6ERTD234E,0.00401322880970433
LRRTM3,0.00401187078238077
FASTKD5,0.00400957462046658
ZFP800,0.00400851071750725
KCNA1,0.00400237799905803
NEU1,0.00400224001033932
SFXN2,0.00399978547907226
GPAT2,0.00399971106180556
PUF60,0.00399928157316004
4930455D15RIK,0.0039973141775807
2300010F08RIK,0.00399536724332887
DEP1,0.00399358774781221
APBB2,0.00399327064174476
CTSM,0.00399286777051251
RGS20,0.00399214099426702
SLC7A5,0.00399156701263649
TBC1D24,0.00398645431825944
9430006E15RIK,0.00398600295801854
MBD1,0.00398371146131333
WDR53,0.00398335163895097
PTCHD4,0.00398077320061526
NLK,0.0039807576264738
TMEM210,0.00398031626083799
BOD1L,0.00398029955370429
NPC1,0.00398028040711794
9030201C23RIK,0.00398001489296208
KRTAP16-3,0.00397999521177091
SNX27,0.00397716951044764
D8WSU26E,0.00397646923108392
TFAM,0.00397624894086593
SYTL2,0.00397613017692005
SPIN2C,0.00397499866426294
PLEKHH3,0.00396919179018904
CABIN1,0.00396757682991053
SIX6,0.0039670960170077
ZSCAN18,0.00396648144283433
GABRA2,0.00396498470778743
LOC102639097,0.00396197811925325
FUT4-PS1,0.00396123452554986
HAUS7,0.00396060450739047
LRTM1,0.00396045810568366
AK085609,0.00395885889453627
QDPR,0.00395844098722816
PDE11A,0.00395774031855188
VMA21,0.00395669813668084
IGFBP2,0.00395668060121003
AP2A2,0.00395608428784019
9030613N10RIK,0.00395566041003117
SEC61A1,0.00395556618718872
ACOT12,0.00395528788774226
LEMD2,0.00395515814570164
HOXA7,0.00395512989449556
LIPI,0.00395408383006441
CLEC18A,0.00395300916694921
TSHZ2,0.0039510493310548
TBCK,0.00394966944403452
KRT84,0.00394851954311586
2010309G21RIK,0.00394827536744932
TRIM44,0.00394812317806345
PANK1,0.00394474143178576
NASP,0.0039435426523136
AU041133,0.00394117136434057
4933435E02RIK,0.00394087557947285
NMB,0.00393835148643518
E230013L22RIK,0.00393795168157789
3200001G23RIK,0.00393782497916291
ARHGEF10,0.00393776801534283
2810408A11RIK,0.00393453691354341
FCER2A,0.00393430703286697
EMC10,0.00393408277027745
ATP2B1,0.00393027200686141
BIVM,0.00392813468163218
ACTRT2,0.00392613492955538
IQCB1,0.00392593275355353
GFRA2,0.00392077776790945
KLRC1,0.00392016832663203
TRAM2,0.00391926608495227
4930466I24RIK,0.00391867414808223
FAS,0.0039183728585657
CFH,0.00391502434248982
BMP6,0.00391439933058267
ARFIP2,0.00391338574167768
AI194348,0.00390875103760674
ELFN2,0.00390799840829445
ACACB,0.00390731056240423
NPHP4,0.00390421906092626
E130317F20RIK,0.00390373039024733
4930539E08RIK,0.00389995358105437
UBE2C,0.00389960191142072
PVALB,0.00389950380151013
NRSN2,0.00389947381198156
INO80B,0.00389682906858115
TWF2,0.00389460738027939
AW125324,0.00389430094463611
IL10,0.00389411880794971
DUSP8,0.00389366537818867
IGK,0.00389355515844172
VTCN1,0.0038932784294523
IGFBP1,0.00388912002885504
SLC22A23,0.00388887739954676
E330009J07RIK,0.00388820532076257
NFIA,0.00388758367848533
SLC19A3,0.00388721896984168
GHRHR,0.00388652654783499
POLR3C,0.00388619090535728
TSFM,0.00388513562991725
CHST4,0.00388470504158559
ZIC5,0.0038830681636132
SLC26A5,0.00388244171115209
E130218I03RIK,0.00388026359573873
MPP2,0.00387912630981594
TNNI3,0.00387825273104975
FUCA2,0.00387716482018565
TRMT2A,0.00387544934084102
FAM154B,0.00387378425512629
PHC2,0.00387259054980995
CNKSR3,0.00387203875660546
GM20052,0.00387196320755585
MT4,0.00386949297010461
STIP1,0.00386460318052653
MDM2,0.00386004169532635
ABCG5,0.00385905275293711
TIMP2,0.00385832044167465
ZCCHC24,0.00385739110330544
4931428L18RIK,0.00385730053181461
4933421H12RIK,0.00385669937917989
RPAP1,0.00385475761868799
INTS5,0.00385342080325084
VPS4A,0.00384934188776607
CYP3A25,0.00384847908473728
HYPK,0.00384453236459291
KLF13,0.00384365475370758
C230073G13RIK,0.00383697525983069
PTGR2,0.00383562333364973
SPON2,0.00383343045390034
DCTN1,0.00383328512970356
MORC4,0.00383263510625741
TCIRG1,0.0038321861031965
CAMTA2,0.00382515339331942
LYPD6B,0.00382474913741577
IRGC1,0.00382262125015028
AMH,0.00382175718299521
4833427F10RIK,0.00382129369230743
THAP7,0.0038211325974025
FAM78B,0.00382084603858097
TMED6,0.00382074558506195
NDFIP1,0.00382044510863701
FAM65A,0.00381981761835531
IGF2R,0.00381818041666369
2410131K14RIK,0.00381809577700741
LOC102640359,0.00381681571145838
GPR45,0.00381481468636504
KIF2A,0.00381361043397416
FAM149A,0.0038133971112312
SLC8A3,0.00381149008886183
PIAS3,0.003809942419825
HNRNPUL1,0.00380656500335893
SMIM20,0.00380524488196271
CHST3,0.00380434319176147
TNFRSF17,0.00380388597591229
9530003O04RIK,0.00380249666899534
PI4K2B,0.00380079301033543
POLR1D,0.00380057309509587
DUT,0.00380056077253258
4933433G08RIK,0.0037975497707433
TNFRSF4,0.00379719238462991
IFITM1,0.0037960446217282
TSGA10,0.0037951932291909
RBM38,0.00379282619890651
NUBP1,0.00379282601411867
CELA2A,0.00379182166620544
RALGDS,0.00378718656333395
GM19619,0.00378658501315404
SYN3,0.00378576153898515
UGGT1,0.00378553950669224
2210039B01RIK,0.00378512989064806
API5,0.00378501864223795
MED20,0.00378468427338651
GPR64,0.00378391325232423
D3ERTD740E,0.00378355940956147
1110058L19RIK,0.00378006205757974
FBXL12,0.00377812856456786
DLX3,0.0037773699093612
SPATA1,0.00377705385363319
GM12108,0.00377493219437849
LRRC41,0.00377432500907169
C76614,0.00377387880528024
HILS1,0.00377279820473818
FBXL17,0.00377279129434736
BC037032,0.00377186920874813
CDKN1C,0.00376980864632276
TRIM21,0.00376945273528911
SLC9B2,0.00376809065185123
GM2164,0.00376772707379466
RAI14,0.00376667626139813
SLC22A6,0.00376632801141603
NCALD,0.00376617481870254
DHRS7C,0.00376081433503024
RAB8B,0.00376078889879001
GM4432,0.00375912525816028
C77673,0.0037582495788619
4932437C15RIK,0.00375723657445432
GPD2,0.0037563273140692
1700016G14RIK,0.00375563556125289
2900092C05RIK,0.00375507150211541
RNF19A,0.00375477997602618
GBP6,0.00375360310391783
4930500F04RIK,0.0037512644404382
5730559C18RIK,0.00374738417419166
TOPORS,0.00374630002599638
EI24,0.0037451343368244
CDKL4,0.00374502390300778
TICRR,0.0037438142069425
AW061096,0.00374255901195077
SLC38A9,0.0037407213875555
9330184L24RIK,0.00373872266296789
2610044O15RIK8,0.0037363668796643
RBM12B1,0.00373623608459562
4931402G19RIK,0.00373477393272021
USP39,0.00373433998627247
AQP12,0.00373388814014412
4921524L21RIK,0.00373145108667987
DHRS3,0.00373111856269781
4921513I03RIK,0.00373110905289987
SNF8,0.00372872275742483
FAM86,0.00372695613652478
PARG,0.00372663219213162
SYNRG,0.00372605001456168
CCRL2,0.0037257322250039
B3GALT4,0.00372490732279714
FABP3,0.00372467083621332
TTF1,0.00372458149249539
ARHGEF5,0.00372328233511879
OASL2,0.00372194043581947
5730403I07RIK,0.0037215335318796
AVPR1B,0.00372026236849643
MFN1,0.00371907028475493
4930431F12RIK,0.00371901915150059
4930517N10RIK,0.00371819748491701
4930481B07RIK,0.00371727416230405
SND1,0.00371569225286205
ANO1,0.00371410042071547
GCK,0.00371384009575983
FAM210A,0.00371317995925664
SLC44A4,0.00371176255704363
GM12072,0.00370913697611387
NDUFA4L2,0.00370828251608097
PRMT3,0.0037082793059107
A330106F07RIK,0.00370756233102829
MAP2K4,0.00370585262997198
FERMT2,0.00370430344513098
CAML,0.00370418266319866
BC025920,0.00370297554281323
C80993,0.00370284014372276
ADRB1,0.00370077032804746
POU2F2,0.00370064562353157
ENTHD1,0.00369914565625834
2210411G17RIK,0.00369854221184722
USP33,0.00369846758765761
N4BP2,0.00369547162144494
HMX2,0.00369519896738583
LRRK1,0.00369519182772849
SURF4,0.00369503384627441
SPRR1A,0.00369420140311397
TERF1,0.00369297275679158
RSU1,0.0036924580641266
SEPT2,0.00369232432708589
OSBP2,0.00369152278105403
SHISA3,0.00369061230776064
4933404O12RIK,0.00368868137329712
TOM1L2,0.00368850422575491
ZCCHC3,0.00368794105109967
ASB9,0.00368716526867871
ACADSB,0.00368645679673418
STK35,0.00368604387479709
RAPGEF6,0.00368553140281198
PKDREJ,0.00368325999829564
D7ERTD443E,0.00368249347493134
TLR13,0.00368187997346555
OLIG3,0.00368160502316237
FGF9,0.00368001754938187
RBM33,0.00367955808364372
CNTNAP1,0.00367940308278734
JUND,0.00367655351975083
GPM6A,0.00367521142734592
GM10229,0.0036744381227316
SLC6A20A,0.00367318663643796
TSPYL1,0.00367216870219216
GGCT,0.00367210595165873
HPRT,0.00367200741373617
4930565N06RIK,0.00367054081753723
TESC,0.0036685579223049
CRIP2,0.00366641113610202
CYP3A44,0.00366138770285728
TXNDC8,0.00365991111967797
DBX1,0.00365952720719864
UBE2H,0.00365882447910704
CCDC177,0.0036585233172318
A430027H14RIK,0.00365768125460313
NAPSA,0.00365418758031329
DCTN6,0.00365228229886311
FGFR4,0.00365129103315043
AGA,0.00364960437627204
HSP90AB1,0.00364712414541041
GTF2H5,0.00364639838451181
CHCHD4,0.00364632329731494
C77438,0.003645892145875
GABARAPL1,0.00364555807234056
FBXO4,0.00364458565048642
PGF,0.00364405234053792
ADAMTS8,0.0036435165703561
GM19935,0.00364227367842625
LCE3A,0.00364048719850738
PBP2,0.00363968829556571
DAZAP1,0.00363952851257708
SLC27A1,0.00363758741809355
ZFP420,0.00363688703201987
GDAP2,0.00363590540390347
MPDU1,0.00363541937779744
FBXO42,0.0036326975984402
USP31,0.00363059048791699
FBXW24,0.00362962527965292
ZDBF2,0.00362941638047783
9130413E14RIK,0.00362906929162611
PRELID2,0.00362817368559636
4930445K14RIK,0.0036268132817521
IMMP1L,0.00362487178703185
SNHG18,0.00362402720611299
TUBB4A,0.00362328223344121
4930590A17RIK,0.0036223633652669
SULT3A1,0.00362205165771623
EDA2R,0.00362195362753017
4933413I22RIK,0.0036218945322676
PCYT1A,0.00362095366700816
1110006O24RIK,0.00362089884779514
RPL6,0.00362068356417527
6430548M08RIK,0.0036200659500449
IL2,0.00362000651596959
SUV39H1,0.00361968865896053
SLC6A13,0.00361955053530531
SLC6A2,0.00361662434061458
TBRG4,0.00361474304050587
GM15498,0.0036143816215152
D10ERTD709E,0.00361360209308267
9530097N15RIK,0.00361231696826008
SCGB1A1,0.00361114090703531
4921507H08RIK,0.00361079954227119
C78513,0.0036101981479376
PCBP2,0.00360974053505246
ADARB1,0.0036091043381511
FAM195B,0.00360895456834313
ZFP940,0.00360811315411504
BRPF1,0.00360540693637775
ADCY4,0.00360440398784527
TMTC4,0.00360434257834032
GM9954,0.00360142319768084
TBR1,0.00359970383268801
MRPL10,0.00359941876567651
SFRP4,0.00359720521661005
ARHGAP20OS,0.00359547569363109
NAA10,0.00359403225815295
GNB2L1,0.00359142538489703
CYB561D1,0.00359077476844571
RBP7,0.0035899435317936
GM1564,0.00358902484379837
CES4A,0.00358795053899259
FBXO6,0.00358747448578006
RC3H1,0.00358475329637106
NATD1,0.00358417740287422
PLAA,0.00358352338844715
PCLO,0.00358333155000274
4930583I09RIK,0.00357661121670234
EVA1A,0.00357653452404385
KCTD4,0.00357610011265018
THY1,0.00357509599978619
CTXN2,0.00357485153553221
REG3A,0.00357374162180658
ARHGEF19,0.0035729718460012
TUBGCP6,0.00357281525641859
LOC102636933,0.00357274981529703
GALNT2,0.00357261538757891
GEN1,0.0035725331614781
ZFP953,0.00357247236352794
ACAT2,0.00357124489873145
WDR65,0.00357094001330532
C87114,0.00357088074302436
CFHR3,0.00356990403707152
CYP2C37,0.0035693706697008
CSNK1A1,0.0035678210079633
SNRNP70,0.00356707213417476
C79744,0.00356577649953652
LEPROTL1,0.00356384693582928
GREM2,0.00356322029528191
ALKBH2,0.00356273969356518
THNSL1,0.00356215134657768
9430069I07RIK,0.00356118552848993
GLA,0.00356080490574398
IRAK4,0.00355997753361917
LDLRAP1,0.00355907513530686
SCARB2,0.00355553052215005
KRTAP17-1,0.00355492701392835
ABCG2,0.00354923761653386
SEMA4B,0.00354885278870398
SNCA,0.00354866673969897
BUB3,0.00354779816944351
NUDT3,0.00354735083938357
T,0.00354698986205026
GOT1,0.00354399638553629
4930588G17RIK,0.00354354662748544
DNTTIP2,0.00354316786033719
D3ERTD751E,0.00354303480646718
GM3120,0.00354157658315527
6330565B04RIK,0.00354119038254464
VAX1,0.00354055975259396
UFM1,0.00354031681026771
SLC7A3,0.00353776586447454
EXOC4,0.00353709758197344
FUNDC2,0.0035361623838485
4930543N07RIK,0.00353593113836026
AW125646,0.00353555796174789
D4ERTD628E,0.00353547180398804
1700123K08RIK,0.00353524831648025
CCDC59,0.00353511418820988
RABEP2,0.0035328366987657
5830411N06RIK,0.00353216914533896
TMA16,0.00353046809498182
HSH2D,0.00353041791201091
THEM4,0.00352920208279356
4930591A17RIK,0.00352848460306116
KIZ,0.00352300469080407
PSMD8,0.00352287424957048
2510019K15RIK,0.00352281048667558
AA986860,0.00352256964395101
4921513I08RIK,0.00352256324297805
PTPN22,0.00352255693633295
AU021877,0.00352221666451743
OXCT1,0.00351998422476079
LOC102638081,0.00351834148479559
USP7,0.0035173212829151
FAM209,0.00351409558471361
CYP2C70,0.00351406969131202
TSX,0.00351309979766299
RSAD2,0.00351222713927622
A830005F24RIK,0.00351188721453342
AKAP12,0.00351105979447907
AGPAT6,0.00351103382784492
SMARCD1,0.00351089002316938
CDKAL1,0.00351083884304101
DLG1,0.00350986879251736
VEGFA,0.00350980533914166
LDHC,0.00350915684004607
TRIM30A,0.0035082479008229
CREBBP,0.00350672702581909
PEX6,0.00350662032520582
VASP,0.00350635655015133
C79557,0.00350626885699176
C76938,0.00350325559282949
KCNIP4,0.00350302879574368
EPC1,0.00350281126152477
TTC39A,0.00350208581033076
VRK1,0.00350128297541193
CSF3R,0.00350105869306376
USP8,0.00349860157673375
RPS28,0.00349725388990238
GTF3C5,0.00349671739320018
MATN3,0.00349643979843336
BCCIP,0.00349619138494315
ESRRA,0.00349615446481044
HIP1R,0.00349295046323567
SEL1L2,0.00349250271782404
NTMT1,0.00349247861422979
4930413F20RIK,0.0034916146341743
PTPN21,0.00349066260671727
QTRTD1,0.00348955350973801
FJX1,0.00348923528337605
PTGIR,0.00348918529392208
RNF125,0.00348769747923689
LMLN,0.00348673924912049
PTAR1,0.00348634177645538
ST13,0.00348591313968488
TBXAS1,0.00348582339969392
CEPT1,0.00348427212396324
RNF17,0.00348364448293509
ARPC1A,0.00348285902347961
GM17753,0.00348279903091034
NIPA2,0.00348211976923351
UCN,0.00348022779251999
ZFAT,0.00347990692983487
C1QBP,0.00347988274901305
ACTRT3,0.00347470525837998
APC,0.00347278996741075
TRAFD1,0.00347266906978929
ZBTB8A,0.00347229374736771
PIK3AP1,0.00347094829315535
ARHGAP30,0.00346942797659409
COPS4,0.00346932056323139
KIF13A,0.00346926626532649
NDUFA6,0.00346921313140175
VGF,0.00346679134982333
SMG9,0.00346653119672108
CTSB,0.00346614639175632
GPR116,0.00346500780789375
BCAT2,0.00346469988124991
AU015230,0.0034630547286719
ADORA1,0.00346247241892451
4933438B17RIK,0.00346242958696662
GORASP2,0.00346133139098379
0610005C13RIK,0.00346072169682752
SGSH,0.00346028368488139
KCNE3,0.00345766112062507
KIF18A,0.00345750303598658
RPL4,0.00345575563201013
PLET1,0.00345565927623673
LRP5,0.00345562203867899
SNRNP27,0.0034543502170746
ACP5,0.00345402746473515
SLC48A1,0.00345265424754166
GM15050,0.00345224328117415
BC026585,0.00344981292734223
IGKV6-20,0.00344961842629288
FZD10,0.00344667360828682
GM2682,0.00344519248204182
DEFB6,0.00344353130539542
ACOT2,0.0034424391841287
KIF14,0.00344157351848528
PLCL1,0.00344041988429512
FAM159B,0.00343915956847225
PPCDC,0.00343740006070634
CXCR2,0.00343727712595825
DPY19L4,0.00343556748691636
ATRX,0.00343398543018332
OPN1MW,0.00343126269925654
MAP4K3,0.00343017470738683
4930453N24RIK,0.00342953339820465
C8B,0.00342880137231078
PSAT1,0.00342785686047014
MND1,0.00342728858237948
FRMD6,0.00342680536279594
1700010L04RIK,0.00342623604927045
ZSWIM5,0.00342588543205576
AACS,0.00342562319384566
ZFP668,0.00342523268733351
5430414B19RIK,0.00342458980061475
CENPM,0.00342456315732778
ZFP523,0.00342383991366233
LOC102636217,0.00342288843982002
BGN,0.00341811821036111
HSPA9,0.00341770565519818
ZFP788,0.00341767333453834
SHC3,0.00341656955006056
2410004B18RIK,0.0034165174881243
ZFP783,0.00341483769480074
4930519G04RIK,0.00340913518990472
CD320,0.00340831416154095
SUDS3,0.00340813289462763
8430437B07RIK,0.00340812180004537
PRKCQ,0.00340688820220259
MC3R,0.00340323282923408
GBP2,0.00340274795471628
CMPK2,0.00340245567778869
DDI1,0.00340173136496719
TLR9,0.0034008866222746
LMO7,0.00340053982794421
AI314180,0.00340028693165038
CACNB4,0.00340012073660547
TMEM161B,0.00339995751291287
GBP2B,0.00339953946775144
BBC3,0.00339923049372382
ALS2CR11,0.00339905775660886
NUAK1,0.00339830991727266
EPHB4,0.00339813956091456
ZDHHC1,0.00339585766250355
NRON,0.0033957723624613
HSD17B7,0.00339539399835502
4933412L11RIK,0.0033949532500902
4933411B09RIK,0.00339359747457772
GPR171,0.00339307186019053
ANGPTL7,0.00339265903748376
MDM4,0.00339059559987444
4930544G11RIK,0.00338759500118934
TMEM57,0.00338735612407639
IQCD,0.00338590658940867
2610311E24RIK,0.00338584617211679
PPP2R2COS,0.00338549702597148
ABHD10,0.00338526518521582
RARS,0.00338521550604006
POGLUT1,0.00338379214526876
AU024605,0.00338372845029323
5730420D15RIK,0.00338218741348037
6430710C18RIK,0.00338122259480181
NEIL1,0.00338077511953066
GNA13,0.0033789041449469
1700017B05RIK,0.00337807491181228
GM10804,0.00337771049929804
LOC552908,0.00337672094361963
ACSM1,0.00337646298076704
HTR2B,0.00337600449129121
AEBP1,0.00337475779450462
TMEM56,0.0033746141505582
1700003P14RIK,0.00337396522279538
SULF2,0.00337246267221108
GM3363,0.00337192354166236
TOX3,0.00337174291716656
TMEM236,0.00336992662980743
MAGEA7-PS,0.00336985680843584
SPATA18,0.00336969682456773
BRD7,0.00336940627122457
2900041M22RIK,0.00336859444877206
TSPAN33,0.00336272274143979
BB165335,0.00336197859170063
9330175E14RIK,0.00336188405117304
GDPGP1,0.00336068855770735
ADCY3,0.00336005669462775
A930017M01RIK,0.00335984961897948
LAMA2,0.00335871513041629
FGF6,0.00335617188662827
BMP1,0.00335544285779357
HPS4,0.00335397130365083
DEFB1,0.00335374578838691
SUMO1,0.0033511189271922
UBN2,0.00334984595840332
CDC16,0.00334816891030936
CACNG2,0.00334627294197914
UXS1,0.00334564966932504
AU015836,0.00334556910961723
DIAP2,0.00334222888877795
ADTRP,0.00334125078065976
DCHS1,0.00334060026420732
FOXI1,0.00334002889813567
C78282,0.0033369672104581
NGDN,0.00333608995302364
MREG,0.00333575842647926
APOA1,0.00333572711929228
C130079B09RIK,0.00333536203215239
AMZ2,0.00333467117382502
FAM58B,0.00333382939430716
AKR1B7,0.0033322889329914
TNFRSF12A,0.00333138955097758
ZC3H8,0.0033270874431155
SNX25,0.00332486245342925
STARD3NL,0.00332463903661248
SNRPB,0.00332443488794142
TRH,0.00332418456050379
4930564C03RIK,0.00332343789432467
ABHD16B,0.00332282982087093
HMCN1,0.00332132607381334
ZCCHC10,0.00332029113194379
LIPK,0.00331915896939191
GM9933,0.00331860979364691
NMNAT3,0.00331736589659166
ABHD2,0.00331714929426296
CPZ,0.00331642843691684
EXD1,0.00331584206993391
DNAH2,0.00331338182964617
CCDC109B,0.00331164776148319
9630005C17RIK,0.00331112480039876
5730458M16RIK,0.00331005999352672
CANT1,0.00330987570037263
ACOT8,0.0033092097076824
LZTS3,0.00330815670991503
COG7,0.00330584014446807
INHA,0.00330417163009998
ARHGAP18,0.00330362790625049
SLPI,0.00330290150445051
MLC1,0.00330188205041038
ACSL6,0.00330101864407979
CHD7,0.00330055304656216
AW060742,0.00329896188855131
ZBTB11,0.00329889169122967
EML6,0.00329871700247912
PRL3B1,0.00329831446501974
CHRD,0.0032975139939232
FZD5,0.00329577054294584
PSMC2,0.00329474674677393
IFI27L2B,0.00329408807433843
CEP55,0.00329385841227471
LOC102633715,0.00329327234742363
KCNE1,0.00329170874004974
LOC102636151,0.00329113287577281
C80060,0.00328781631581073
LGI2,0.00328761537861101
SBSN,0.00328720813961204
SPIN1,0.00328716880152287
COL4A3BP,0.00328617213402585
PDXDC1,0.0032850396733466
BTBD7,0.00328328443333902
GPR20,0.00328283362270937
BMP2,0.0032803658005209
HES2,0.00327848945086429
4921506L19RIK,0.00327607173757387
MITF,0.00327461316504965
KCTD1,0.00327389565525969
0610011F06RIK,0.00327312426405755
FBXO43,0.00327237061282211
TTN,0.00327229164294834
KIFC1,0.00327171700644101
SALL4,0.00326899682043659
CCAR2,0.00326863917712815
MYOM2,0.00326832443580073
SLC17A5,0.0032679066002235
DNAJC12,0.00326660497148757
9530036M11RIK,0.0032656480226657
CABS1,0.00326556927088113
FAM63A,0.00326414378466842
SPIRE1,0.00326375417200456
PDE4DIP,0.00326263737855435
ZFP418,0.00326260948446519
FAM134A,0.00326195017700308
2210402A03RIK,0.00325764494556431
5730575I04RIK,0.00325404069848547
EDAR,0.00325226719438834
AA414903,0.00325218966347215
DERA,0.00325170469058975
D15ERTD492E,0.00325161452404171
OLFR71,0.00325125436261298
4930563E22RIK,0.00325013729160426
SEC23A,0.00324824607217248
TMSB4X,0.00324820040412381
FBXL6,0.00324759095898118
ALOXE3,0.00324440032588095
PNLIP,0.00324324681552201
DEK,0.00324247285985405
SNX15,0.00324246625585348
PTBP3,0.00324221538103115
RHOF,0.00324118780868457
HSD17B11,0.00323723316245928
TMC2,0.0032363947309117
GM15622,0.00323628965472345
CSTF1,0.00323476129472082
GCAP8,0.00323431484704725
MALL,0.00323158564685438
PPP1R13B,0.00323048941655778
CAPZB,0.00322966478460726
CHD8,0.00322925311448239
ANP32B,0.00322881704754918
ST8SIA3,0.00322861641341634
D1ERTD259E,0.00322727708251325
LRIT1,0.00322713125125537
PQLC1,0.00322512320449783
4930429F11RIK,0.00322465769714813
E030016H06RIK,0.00322345760258962
GABRD,0.00321993540034047
NPAS3,0.00321830903644378
TMEM8B,0.00321794693283582
ODF4,0.00321791916733735
LOC552882,0.00321761575930756
LOC102638039,0.00321671351998781
CRYZL1,0.00321598063069035
3300002P13RIK,0.00321522253814977
3100003L13RIK,0.00321518289835677
9030409K20RIK,0.00321336883747523
ZFP385C,0.00321330053793942
ECSCR,0.00321322580507125
CCDC150,0.00321315160388914
DUSP23,0.00321308550634749
1700029F12RIK,0.00321268674328842
BHLHA15,0.00321268065476489
KAT5,0.00321059670071802
ZFP629,0.00321041493181609
POU1F1,0.00321026930351349
OAS1C,0.00320996184059269
TFIP11,0.00320873067971354
MS4A4C,0.00320796831708761
CPN2,0.00320736053037128
NFKB1,0.00320454525585315
KRT5,0.00320408191926425
EPHB3,0.00320222718202533
ARFGEF2,0.00320181293118407
D5ERTD159E,0.00320159316953079
MS4A3,0.00320002380021685
ANKRD33,0.00319937643788115
PRM3,0.00319753484931266
SORCS2,0.00319617774020732
DAAM2,0.00319544355865216
2210015D19RIK,0.00319303088033688
1700086D15RIK,0.00319199017421516
CYP2D34,0.00319111418450377
MTHFSD,0.00319108879053468
TOLLIP,0.00319062271980161
HPVC-PS,0.00319045672709342
STXBP1,0.00319018877236682
MRGPRG,0.00318529722747659
PRRT1,0.00318490228508453
ERBB2,0.00318452832991402
BTBD9,0.00318365314400401
4930555B11RIK,0.00318294097348687
SLC6A6,0.0031828478540707
A930013F10RIK,0.00318213688678701
LIPA,0.00318173858934444
AW112010,0.00318104961186463
4930473A02RIK,0.00317959580484479
PRSS53,0.00317868722784187
LRBA,0.00317645978653586
KCNT1,0.00317619481969373
LOC101056065,0.00317569391113745
FAM76A,0.00317122108138113
SLC12A1,0.00316839134734023
WIZ,0.00316691253277959
TMEM74,0.00316685288393336
NEDD4,0.00316636817369502
ATG12,0.00316596091508635
OTULIN,0.00316480401503774
MS4A4D,0.00316429042730946
VOPP1,0.00316310946884087
SARDH,0.00316001029172631
HDAC11,0.00315980020095021
RPL8,0.00315945251332587
HCFC1,0.00315764678682166
TRIM16,0.00315591002497671
4930429L21RIK,0.00315573937023763
TMEM25,0.00315491875589811
UBE3A,0.00315464867717695
FOPNL,0.00315453999553841
NDUFAF4,0.00315408973676036
RALGPS1,0.00315232887374614
TMCC2,0.00315232330992465
LCP1,0.00315123345840244
PSMG3,0.00314867999926017
PEX12,0.00314582566640512
SHROOM1,0.00314572313924042
CR1L,0.00314413429270293
CCZ1,0.00314379113885654
POM121,0.00314230189973525
4930562A09RIK,0.00314228722797008
FGFBP1,0.00314215551118495
KRTAP5-2,0.00314086238561188
IL18BP,0.00314049176865003
AGMO,0.00313974341936843
B3GALNT2,0.00313798839204403
CHST12,0.00313608002271079
0610010F05RIK,0.00313480943891005
SVIL,0.00313408100147132
CCDC33,0.00313347419027634
ILF2,0.00313196714832447
SFN,0.00313181157897148
C78893,0.00313026663167416
DCPS,0.00312518772861067
CRTC2,0.00312426162421047
CHCHD10,0.00312375599566696
CPE,0.00312334792583121
NPVF,0.00312306781127121
MCCC2,0.00312224272664034
FST,0.00312204796280992
STK3,0.00312086991758487
ANKRD33B,0.00311815067034839
CXADR,0.00311801817261017
2900024J01RIK,0.0031129667234103
TMEM163,0.00311283728136388
AI481207,0.00311246285424637
TRPM4,0.00310887346068446
SPEER4B,0.00310548252631954
CDX4,0.00310546663294944
EPAS1,0.00310434606539962
3110079O15RIK,0.00310340062739627
MEGF11,0.00310312580988405
PAQR9,0.00310249192541023
GM10451,0.0030998369943765
CD84,0.00309873335250959
GFRA3,0.00309827044972949
AI837181,0.00309726549382103
ZDHHC8,0.0030971074952499
2310015D24RIK,0.0030965182913412
GM12758,0.00309629759995819
CER1,0.00309555656676173
4930486A15RIK,0.00309406887682551
HOXB1,0.00309370756928029
1810073G21RIK,0.00309220800886067
RWDD2B,0.00309219443823046
BMF,0.00309158097217531
CLINT1,0.00309090750180435
TRPC4AP,0.00309003175472556
TMED7,0.00308932159822033
IFITM6,0.00308912901415526
GM14022,0.00308853694219319
PRMT7,0.003087029122582
4930414F18RIK,0.00308694203013661
TMEM45B,0.00308446172954497
4933433F19RIK,0.00308381735213348
OLFR66,0.00308260290168339
1700025F22RIK,0.00308224205176204
1700025H01RIK,0.00308216911531332
CCNG1,0.00308212620729027
5330427O13RIK,0.00308174368880372
ADRBK1,0.00308109608254489
ATG9B,0.0030803150720762
ZFP771,0.00307967759968393
TMEM170,0.00307746056074336
ANKRD46,0.00307729879236878
DYNLL1,0.00307705599048305
VTI1B,0.00307520406403847
NFKBIA,0.00307479983381848
ACCSL,0.00307219018586744
S100PBP,0.00307188905826412
PRRG3,0.00307126927568689
D5ERTD521E,0.00307045078258665
SESTD1,0.00306920548997544
DDX25,0.00306907688843453
RDH13,0.00306864053367667
MORN4,0.00306682325664367
PSMB7,0.00306670898783619
COPS5,0.00306622992332274
PTK2B,0.00306598690715714
LAPTM4A,0.00306402342037211
BC094435,0.00306391437960579
GM5107,0.0030636756739886
SLFNL1,0.00306288211327825
4930480E11RIK,0.00306163743237256
HSD3B1,0.00306128615400225
GNMT,0.0030608124271555
GAD2,0.00305996609347266
HNRNPK,0.00305909363083438
GM9872,0.00305864685020656
PLCD1,0.0030551553153925
RGCC,0.00305514760668907
4931406P16RIK,0.00305427374540815
UTS2,0.00305379039243534
PRL7A1,0.00305225569147852
ANKRD13B,0.00305089173564925
IFNB1,0.00304876908908955
BB144871,0.00304849432816329
5430435K18RIK,0.00304794209959338
C78692,0.00304721495981068
CCNH,0.00304689190397585
STAM,0.00304669550895219
SPRED2,0.00304648046729277
SOX12,0.00304608805674034
5730493B19RIK,0.00304501539751164
GDAP1,0.00304425168938428
TRIM9,0.00304344809526069
DPP8,0.00304271993922428
PIGX,0.0030412944036963
ST3GAL3,0.00304006091110482
LETMD1,0.00303933757691185
IL16,0.0030380153144428
CDK12,0.00303233831259292
AKIRIN2,0.00303223571701367
PITPNA,0.00303152973062669
FAM213B,0.00303103284995535
1700066D14RIK,0.00303059227645621
RAB3GAP1,0.00303048586434782
GM13111,0.00303031083673769
ABHD17C,0.00302994234047716
LRIG2,0.00302816619769636
MAP3K2,0.00302587852043367
LOC102639488,0.00302554792147061
KDR,0.00302258401258656
SUFU,0.00302175171496846
FAM120A,0.00301883445869724
NACA,0.00301759181517513
RBBP7,0.00301737612050145
PLXNA1,0.00301708811285151
GM15471,0.00301630188866813
SP7,0.00301575253150601
SLTM,0.00301457012255654
AZIN1,0.00301355423035489
D930050J11,0.00301262471242751
1700018P08RIK,0.00301101044734154
GAS7,0.00300889163489961
CEACAM9,0.00300810631406739
HEATR2,0.00300702411274326
CSE1L,0.0030066428140351
HDHD1A,0.0030065888037756
ZBTB21,0.0030058989673024
B630005N14RIK,0.0030054011143847
LRRC4B,0.00300427046484056
GM20199,0.00300302167427904
KEL,0.00299985532961209
DLK2,0.00299943692310903
D1ERTD507E,0.00299880113763156
NUDC,0.0029980755552114
KRT34,0.00299733919659508
LOC100125594,0.00299731814374733
RFNG,0.00299728478558043
LPO,0.00299649292887639
4930566F21RIK,0.00299631502334374
MAT2A,0.00299513314874188
TGM6,0.00299389608724026
AI414330,0.00299282978807506
NFYC,0.00299200561216713
RAB22A,0.00299113843393128
GAREM,0.00299056220320989
UCHL5,0.00299021454618044
IGF1R,0.00298880476130765
WFDC1,0.00298720713685763
C77080,0.00298680745231481
ATP8A2,0.00298572059830742
METTL15,0.00298562703541604
UBE2A,0.00298532659628511
SCUBE3,0.00298109736617501
DCP2,0.00298079197351193
NDUFS2,0.00298067996964709
PRKAA1,0.00298046436206682
4930406D14RIK,0.00297883183413911
AU019754,0.00297847109972809
GM12800,0.00297745882070976
WDR75,0.00297723949511302
TMEM40,0.00297543785384505
GOPC,0.0029739597398514
JSRP1,0.00297161072328265
2810025M15RIK,0.00297115578217788
PRMT10,0.00296970120155944
4930556H04RIK,0.00296894250071349
SNX10,0.0029681092736874
IKBKE,0.00296650393966669
SDCBP,0.00296639173258152
ZFP516,0.00296598919433004
AY702103,0.00296460091734262
CTNNB1,0.00296448119009003
PRPH,0.0029642457143256
PTGES,0.00296367449941853
ZCRB1,0.00296246015309554
MXRA7,0.00296230587076548
KLK1B8,0.00296188104453851
SLC25A34,0.00296178064528722
CSNK2A2,0.00296173969234688
PDHA2,0.00296032173305216
RAB40B,0.00295953362461421
MC5R,0.00295799304088524
CEBPA,0.00295778896518844
TXNIP,0.00295758960203007
4930466F19RIK,0.00295666535074827
SRBD1,0.0029565279923914
KLF17,0.00295574371026205
FAM122C,0.00295478995955943
OLFML1,0.00295314018814855
TMEM63A,0.00295188059568799
D8ERTD572E,0.00295147186780364
MBD2,0.00295078756212544
UST,0.00295044662269673
FBF1,0.00295030252771891
RAB20,0.00295015846259771
B930059L03RIK,0.00294991240316654
ATHL1,0.00294930044707343
1810058I24RIK,0.00294913224520028
AP4M1,0.00294870473761777
GM5544,0.0029476011139644
FAM65C,0.0029475182970082
NAGS,0.00294403839438161
RAD51,0.00294242591808952
KRT7,0.00294159303972984
TCF7L1,0.00294052342428706
2010002M12RIK,0.0029404917803478
PERM1,0.00293957931082274
MAD2L1BP,0.00293829535005857
DNPEP,0.00293442299744209
ERGIC2,0.00293415529730415
NMI,0.00293371448109726
PTPN3,0.00293122372208951
KCNS2,0.00293073937933084
IL6,0.00293029072121345
PDGFD,0.00292992589875427
BB236558,0.00292982230555764
6330571C24RIK,0.00292933251920463
DNAJB6,0.00292709663294287
ZBTB7A,0.00292611029855727
TPST1,0.00292461567196569
2900046L07RIK,0.00292452460985597
4933402N03RIK,0.00292306735584337
COL1A2,0.00292281609706333
TMX1,0.00292124898472629
ALG3,0.00292120988732806
ATP5J,0.00292043074246863
SLC30A4,0.00292012522749755
WHSC1L1,0.00291989456861042
SNRPG,0.00291863668287644
PLS1,0.00291838767645705
CENPU,0.00291608506756559
RHOD,0.00291576052735942
NKPD1,0.00291520955811209
ATP5J2,0.00291332499675048
NXPE2,0.00291077210075349
4933406J10RIK,0.00290910931818995
AGTR2,0.00290908679929972
YIPF7,0.00290867657700215
COG5,0.0029045150645766
SLN,0.00290439068141838
HIVEP3,0.00290380881683487
LRRC66,0.0029031034174671
ERCC6L2,0.00290267413901779
B3GAT3,0.00290266603182802
4930542D17RIK,0.00290244284361551
GM7788,0.00290243769450773
P2RY10,0.00290230980034588
ACCS,0.00290014696339437
CRYBA2,0.00289595038903742
GABBR1,0.00289496778777001
WDR77,0.00289429647628234
URB1,0.00289379989229087
SEZ6L,0.00289245268364537
4933402J15RIK,0.00289155457271445
A130012E19RIK,0.00289123378716583
HORMAD2,0.00289039813307463
LAPTM4B,0.00288919545982603
GM16532,0.00288833035585216
BPIFC,0.00288742508480036
MKLN1,0.0028871080552796
ARFIP1,0.00288585761366958
5830411J07RIK,0.00288576881454836
H2-M9,0.00288517131576705
KCNE4,0.00288291473949954
GRIN2D,0.0028825774707365
BC100451,0.0028819620606546
YPEL5,0.00288171429487929
FAM199X,0.00288035580725943
4930406D18RIK,0.0028800952973297
ZCCHC12,0.00288005355677317
TSPAN11,0.00287982955125047
KRTAP13-1,0.00287944038956962
ZMPSTE24,0.00287871030183006
C77267,0.00287743328043639
SNHG4,0.00287627282918103
KCTD2,0.0028755555287795
GHRH,0.00287467226148002
EMC8,0.00287396998305444
REPIN1,0.00287355030620921
SLC8B1,0.00287258012635054
MTL5,0.00287219995453262
KLK7,0.00287182315574003
CDRT4,0.00287142484671899
D1ERTD164E,0.00287126812653862
SLC30A5,0.00287115780379334
DEFB5,0.00287101865564277
SLC44A2,0.00287034015735937
ACAD9,0.00286991048735983
MMS19,0.00286946597113665
4933440M02RIK,0.00286748890061323
CSTF2T,0.00286690121320409
NBEAL1,0.00286521759154418
METTL10,0.00286335354340534
LYPLA1,0.00286266663482002
UBE2K,0.00286129443353624
TRADD,0.00285935619751119
TMEM115,0.00285907069835414
DMRT1,0.00285877300256121
EIF5,0.00285789727529917
KLRA2,0.00285701221360335
SEPT6,0.00285693885629706
ACADL,0.00285692265970625
GPR37L1,0.00285448229369785
DSC1,0.00285441891638442
CUBN,0.00285393359280089
UNC45BOS,0.00285387864252608
CLVS2,0.00285273059511117
RBM43,0.00285266726230246
DMXL2,0.00285259035278486
BEND7,0.00285182675307994
1700016P04RIK,0.00285143222101676
MARK1,0.00285085735655303
C87033,0.00285076915087277
2410089E03RIK,0.00285029343216485
EVA1C,0.00284914566824856
APELA,0.00284886182197251
FAM219A,0.00284865039732982
RD3,0.00284854741463613
NAV3,0.00284681532091172
2810410P21RIK,0.00284552714544516
ADORA2B,0.00284490918734152
9330199C07RIK,0.00284369229505085
9430040K09RIK,0.00284258955244938
ZBTB49,0.00284252196492606
PRL4A1,0.00284185557993575
4633401B06RIK,0.00284138792509347
TMEM127,0.0028405453648953
PRELP,0.00283892857596659
ARC,0.00283816491178564
LARP1B,0.00283789387194726
BLOC1S4,0.00283550945025588
GATM,0.00283462985840867
CAPRIN1,0.00283458802007569
ITGB2L,0.00283368655353609
NLRP4E,0.0028332257800452
CAMK2N1,0.00283266785784846
NDE1,0.00283235655880514
4933406F09RIK,0.00283090387665438
GJA8,0.00283079138638179
SLAMF9,0.00282954471562142
CYR61,0.00282926895709081
CR2,0.00282905354822393
SPATS1,0.00282795848591873
4930528G23RIK,0.00282782248372618
LOC552911,0.00282775207692262
RERG,0.00282469164285219
H3F3A,0.00282339673299548
2210011K15RIK,0.00282155672325801
MBOAT4,0.00282036381800757
TTC30B,0.00281975309127592
C79999,0.00281945222109686
LNX1,0.00281796909039593
C80198,0.00281780194323444
PIGU,0.00281562445074492
SIX4,0.00281558934263702
GPBP1L1,0.00281463542058237
PRAMEF12OS,0.00281311552594735
PCDH20,0.00281230190985237
GM16233,0.00281223392438539
ANPEP,0.00280995192784784
ADCY9,0.00280972103585989
BBIP1,0.00280717948435101
ABCB1B,0.00280618681205255
SMAD3,0.00280468825857663
ZFP36,0.00280309421078338
CDK20,0.00280280701953569
SMTNL2,0.00280233698491957
SH3GLB2,0.0028022753633802
FBXO38,0.00280226442129298
CD2AP,0.00280148328287589
WFDC15A,0.00280114339439035
CYP2B9,0.0028011369862826
9230116N13RIK,0.00280030162073524
UFSP1,0.0027979080760614
4930552N02RIK,0.00279731544394278
4933429K18RIK,0.00279336793565765
TLK1,0.00279308314183296
AMPD1,0.00279255570187401
TXNDC15,0.00279151671668825
DNAAF1,0.00279107658743273
WDR41,0.00279082765029093
NLRP4A,0.00279029899285915
C8A,0.00279002851842264
GABPA,0.00278952434024492
ASAP3,0.00278945875711933
TPST2,0.00278909425957515
VMN2R26,0.00278893107330138
PWP1,0.00278814898012057
BC030343,0.00278647438982382
NPDC1,0.00278592582630483
SF3B4,0.00278519486940727
UBP1,0.00278422398732257
AMIGO1,0.00278199599350917
KHDRBS1,0.00278166698993567
PLA2G2D,0.00278150324953497
AMFR,0.00278093440865775
MS4A6C,0.00277939960266204
KHNYN,0.00277646989211238
AA511254,0.00277552323273005
GRID1,0.00277494179685564
MVP,0.00277365474875698
GM11563,0.00277315646732295
PFN4,0.00277236286270458
3110021A11RIK,0.00277164299390976
PGAP3,0.00277096553658491
IL3RA,0.00277016619049291
PHLDA2,0.00276850098784111
1700082M22RIK,0.00276781423095429
CDCA2,0.00276701590241974
CDK5,0.00276525683936405
PEX11B,0.00276318886032861
SERPINA12,0.00276235838583835
SYF2,0.00276221813744575
PABPC4L,0.00276172781931683
DARS2,0.00276171688001488
MYBPH,0.00275962355851053
OLFR157,0.00275900159977278
2210416J07RIK,0.00275750932663757
MAN2A2,0.00275384328225981
NEU3,0.00275371930790573
ME3,0.00275341995274757
LOC102631981,0.0027528250982668
PLEK2,0.00275208337465343
4930548F15RIK,0.00275129501902328
PDP1,0.00275074340672602
NR1D2,0.00275008908158596
A030007N12RIK,0.00274987215060517
CIRBP,0.00274971173083381
PIAS2,0.00274959644237688
TSSK5,0.00274922778335735
AP3M2,0.00274894861843266
CCDC158,0.00274862611417914
ECI1,0.002747948619688
PRKRIP1,0.00274786954510071
BTLA,0.00274785924892445
PANX3,0.00274745733609127
RBM47,0.00274694252877931
RAF1,0.00274543499257169
LOC102634103,0.00274501959726357
GRK1,0.00274491963051907
C030018P15RIK,0.00274355095619327
9230112J17RIK,0.002742773243099
5530400N10RIK,0.00273948497295819
CD226,0.0027391822082808
PHEX,0.0027389028557613
F13A1,0.00273832849199672
COQ9,0.00273729805857598
NUB1,0.00273620008907939
TRIP11,0.00273578427314294
SFT2D2,0.00272994365878721
ARID4A,0.00272862579462445
LAMA5,0.00272644309966544
B230208B08RIK,0.00272583365729453
SLC38A4,0.0027255074574646
1810015A16RIK,0.00272519034269745
ASXL2,0.00272485346068662
TOR1A,0.0027244483458475
SRP72,0.00272317069607958
HOXB7,0.00272285540762391
PARP1,0.00271807955755687
PLEKHA8,0.00271700585920378
ICAM2,0.00271658334030547
TLR3,0.00271639055287576
EED,0.0027148846182687
6330407A03RIK,0.00271408972770579
LDHD,0.00271285613265254
PREPL,0.00271072139189507
GLS,0.00271048771823405
OXSR1,0.00270897853698884
ACOT13,0.00270867847423183
PLAC8,0.00270851952119435
GM4022,0.00270749637705818
LRP1B,0.00270735275511016
SYTL4,0.00270536245918
BCL11A,0.00270518828273617
1700012P22RIK,0.0027047795303929
EXOC7,0.00270316022914676
D17WSU92E,0.00270272475051158
FGF3,0.00270175072985576
FLI1,0.00270132210423712
RAC2,0.00270055862994553
LAMP1,0.00269997549887959
UBN1,0.00269990220844694
LRRC26,0.00269854201904983
TRMT10B,0.00269784732952335
KCNG1,0.00269782426852507
STAU2,0.00269656915960364
SORCS1,0.0026962799552915
AU044157,0.00269484890285405
MGAT4A,0.00269470876910814
ANKRD7,0.00269466623926966
DOCK2,0.00269442718633234
EIF1AX,0.00269411815503106
ANKRD29,0.00269222531934233
KCNK13,0.00269167861088031
RBP1,0.00269023441796945
BTG1,0.0026886828753034
PHXR5,0.00268618735099128
4933428M09RIK,0.00268549124593377
4933430I17RIK,0.00268499936153246
DNAJB2,0.00268408756836357
9530078B04RIK,0.00268222579229638
AHCYL2,0.0026816929660314
UBR3,0.00268129365608126
PPP1R26,0.00267988302414772
TRIL,0.00267917661896289
MRPS21,0.00267864248960934
RHOT2,0.00267756590983094
TCTN3,0.0026767165660889
9530086O07RIK,0.0026763050998475
MAP3K12,0.00267481047341217
HMGCS1,0.00267456033027339
SLC22A18,0.00267453225936093
TRAPPC12,0.00267358249163758
NAMPT,0.00267156519755223
PHF19,0.00267080394533556
TBX20,0.0026704542063126
VMN1R29,0.00267040405701442
SEMA5A,0.00266970070129797
DNAJA2,0.00266947726411273
ABCB1A,0.00266928919165804
LOC102638722,0.00266853995277036
AGXT2,0.00266789227492234
PSPH,0.0026662966368273
A230001M10RIK,0.00266609326255472
OSBPL6,0.00266436417263525
CIZ1,0.00266428372984051
MTDH,0.00266261175722748
PNN,0.00266172915839788
2010001K21RIK,0.00266069692486258
ZFP664,0.00265858021667405
MED28,0.00265793980079168
FIBP,0.00265660334242529
VPS33B,0.00265498997689841
EIF4G2,0.00265380405099413
VEZT,0.00265316340514663
IL1A,0.00265311904236285
WTAP,0.00265308840666907
PLEKHJ1,0.00265266573248102
METRNL,0.00265152588649802
CAPN11,0.00265147752936308
4930435F18RIK,0.0026508900819454
CABYR,0.00265038436678131
SERTAD2,0.00265035110021936
WDFY1,0.00264974633665678
TEN1,0.00264940042534658
ALDOART1,0.00264795021454007
FCER1A,0.0026445412475892
CLEC4B1,0.00264367524207043
FAM213A,0.00264268689073098
BUD13,0.00264238959618652
STX16,0.00263965547257428
GM16499,0.00263903939035894
1700013H16RIK,0.00263884815141824
RALBP1,0.00263782123566691
4930504O13RIK,0.00263778925304589
GPR155,0.00263680093720138
SOGA1,0.00263605383424854
KCNQ3,0.00263502027890606
4930519D14RIK,0.00263492610623278
CHSY3,0.00263356090073632
CYP2B10,0.00263286981585003
XRCC6BP1,0.00263185382066212
1700063K16RIK,0.00263171552542164
SPTSSB,0.00263074400237079
CCNT1,0.00263058300911488
MED13L,0.00263019149537521
MRAP2,0.0026289456625606
DTNBP1,0.00262883265460881
FAHD2A,0.00262852950122251
CAPN3,0.00262832915275932
NUP62,0.0026282749223845
SLC7A13,0.00262767016321555
TSPAN1,0.00262652161488579
CD5,0.00262597990614162
AIM1,0.00262429557679984
ENOPH1,0.00262423195211455
GM19325,0.0026218814990828
GALNT6,0.00262066272235084
RPS24,0.00261997491104714
FAM71A,0.00261915457877759
MRPL2,0.00261897347545617
PPM1E,0.00261774005613988
KRT17,0.00261773363237915
POP5,0.00261742811015157
MRPS25,0.00261645866645491
PACSIN1,0.00261623279203082
FAM107A,0.00261539582996059
PPM1B,0.00261522270951186
TUBA4A,0.00261422088590823
PDE6H,0.00261363463065692
SERPINA6,0.00261217465623837
BMP7,0.00261108117045049
BRD2,0.00260917277145915
ITIH2,0.0026090265715369
2700089I24RIK,0.0026087563529605
4631405K08RIK,0.00260708135985265
ORAI1,0.00260693889443538
HDAC2,0.00260676226255153
D830039M14RIK,0.00260624765988152
9530085L11RIK,0.00260589551737579
GM5112,0.00260526100351843
ACER1,0.0026051533542601
FER1L6,0.0026042575440257
IGHMBP2,0.00260350584166722
TMEM62,0.00260328035982494
CSNK1G3,0.00260327444824976
ZFP317,0.00260238417149204
AU020745,0.0026012082802479
MPV17,0.00260042622545717
TCP1,0.0026004219596818
NDUFC1,0.00260029263320939
TMEM101,0.00259764521480629
AGBL4,0.00259651128085453
GOLGA2,0.00259638668103363
WDR83,0.00259617269681944
PARP9,0.00259498528194579
TLN2,0.00259484257862642
5730412P04RIK,0.0025947482618594
MRS2,0.00259440047801265
BEX6,0.00259357738135595
C130034I24RIK,0.00259251223224207
ECHS1,0.00259092987792666
SPACA3,0.00259090909119497
LOC102637568,0.00259033094434367
1700011M02RIK,0.00258931747523519
GPRC5A,0.00258864092110282
ZC3H12D,0.00258801262927901
LPAR3,0.00258768398309895
UBTD2,0.00258721376811799
9430087J23RIK,0.0025871295691269
SLC25A36,0.00258615660262729
D9ERTD241E,0.00258595105126891
VMN1R43,0.00258576355197022
ANKRD44,0.0025849180631145
PPL,0.00258490622234146
RDH7,0.00258398066158385
GPR174,0.00258300547314084
1700108F19RIK,0.00258265141455107
OXR1,0.00257952694462392
ADSSL1,0.0025790277685933
4930570E01RIK,0.00257827127300293
5033404E19RIK,0.00257813519452478
CHRNA9,0.0025759663391101
PIGO,0.00257568184367716
ZFP367,0.00257552443825312
CDS1,0.00257499137451001
CCDC159,0.00257293470929775
PKLR,0.0025724012852555
HS2ST1,0.00256988751633545
KIF13B,0.00256988193010291
VCAN,0.00256915840948794
GM13139,0.00256902382223052
4930471G03RIK,0.00256899215823987
GATAD2A,0.00256832691515489
CARKD,0.00256822954075454
OXNAD1,0.00256751471312704
GIMAP9,0.00256695585495112
FOXP1,0.00256576211173391
PINK1,0.00256373065453002
CCDC42OS,0.00256323837573304
SPINK12,0.00256318601762319
SLC40A1,0.00256314433996528
AI836737,0.00256215967349998
TRIM12C,0.00256184121013468
IQGAP3,0.00256146561238704
ZSWIM6,0.00256106053815202
CHRNB4,0.00255915566521735
SLC43A3,0.00255914926233005
1700054O19RIK,0.002557616226618
CIC,0.00255744974944574
AA414992,0.00255718086884139
1700012E03RIK,0.00255605778466854
DMPK,0.00255602308774501
SLC26A2,0.00255573842027592
SUB1,0.00255541885014717
TUBB5,0.00255267145447683
GOLPH3,0.00255238741407893
6820431F20RIK,0.00255156606312185
PDHA1,0.00254971905258337
CAT,0.00254906893030758
1700001L19RIK,0.00254878539108591
USP36,0.00254702926462283
AFAP1L2,0.00254696930219407
D2ERTD640E,0.00254641288947373
TXNL4A,0.0025462086986973
GM8579,0.00254569424755836
UBA3,0.00254558530805141
SLC25A23,0.00254499987182781
CLEC7A,0.00254305529969089
LOC102633824,0.00254281546380201
TBCC,0.00254137978476749
ZFP414,0.0025392119703084
4933421D24RIK,0.00253850542122895
POLR1A,0.0025365865923342
PTEN,0.00253649635002696
PRAP1,0.00253612538143413
4930483K19RIK,0.00253575648859646
SLC25A30,0.00253567844619404
4930517J16RIK,0.00253435949381115
SNAP25,0.00253391884731708
SH3RF3,0.00253261747450792
BC003331,0.00253214582683923
BC052688,0.00253208499372589
2010107E04RIK,0.00253115255458575
GM9744,0.00253107896735209
PI15,0.00252889390224337
ALDH18A1,0.00252858702300866
CDK5R1,0.00252636715318344
NFKBIL1,0.00252624861160971
RABGAP1,0.00252604082640194
1200014J11RIK,0.00252546950405519
C80171,0.0025254602494312
ULK3,0.00252334532026314
CD180,0.00252229078629275
TBC1D8,0.00252119015112667
MEST,0.0025203233324854
A930005H10RIK,0.00251990445151987
RTFDC1,0.00251810731102897
POLR2A,0.00251797188971874
ATP2C2,0.00251755708964783
HSPA14,0.00251529438950471
FENDRR,0.00251524374530012
KLK1B3,0.00251487050204179
1700006J14RIK,0.00251345271175223
HNF4A,0.00251333621320126
MPG,0.0025131885729036
PRSS55,0.00251186100357922
LRGUK,0.00251176431499509
TMBIM1,0.00251079612066668
REEP4,0.00251030343662649
LOC100653389,0.0025098319876186
HRAS,0.00250974896462051
HIF1AN,0.00250930310410575
AMER2,0.00250847155323639
C6,0.00250772156341553
PDE10A,0.00250561882254624
SLC6A8,0.0025053987875494
ZPR1,0.00250389122523019
1110004E09RIK,0.00250277057239411
SPATA5,0.00250087631590068
MRPS26,0.00250079163402736
SYCE1L,0.0024948594138747
UBTFL1,0.00249446525806275
A930004D18RIK,0.00249254767446296
LRPAP1,0.00249136028244174
4932703K07RIK,0.00249095637365865
CHORDC1,0.00249059384008553
ATP10A,0.00249055667699261
4931403M11RIK,0.0024903053066141
REEP3,0.00248556386001946
HCK,0.00248444418057344
NEB,0.00248411570883166
AIMP1,0.00248330067967635
FAXC,0.00248135953726034
6530409C15RIK,0.0024812000222395
SLC47A1,0.00247979226462666
BDH2,0.00247864280903131
PPP1R7,0.00247805070071775
PHGDH,0.00247797211361716
UGCG,0.00247624568736828
SYBU,0.00247456100236388
PHF8,0.00247395647162567
PCF11,0.00247257306965408
LOC102636844,0.0024707645171579
SHOC2,0.00246902267271492
1810006J02RIK,0.00246892061147679
A730052K04RIK,0.00246832856222997
4922502D21RIK,0.00246756436433546
LOC102636733,0.00246754590873447
GM24401,0.00246636167995877
DAW1,0.00246505979319953
UBQLN2,0.00246497832894092
MED1,0.00246453218789324
RP1,0.00246396874252121
SENP6,0.00246357250859015
RPS6KL1,0.00246193447172146
3100002H20RIK,0.00246190375385423
WIBG,0.00245978786503608
ODAM,0.00245945794810341
4930404F17RIK,0.00245934561663598
FASTKD2,0.00245533537673054
MUCL1,0.00245527896844761
CUL5,0.00245172729871156
AI845619,0.00245127397570173
TSR2,0.00245101832411331
DCUN1D1,0.00245092686161708
MAPT,0.00244898520658188
2010001E11RIK,0.00244775516341005
2610005M20RIK,0.00244734208903684
LAMB3,0.00244732997836217
4930401B11RIK,0.00244636184494149
MRPL13,0.00244510966590565
ST3GAL2,0.00244421078931108
PAPOLG,0.00244367526562298
SUV39H2,0.00244296407387289
PLA2G2E,0.00244043036355512
8430428J23RIK,0.00243981147052531
SDC2,0.00243684015469622
TLE3,0.00243470464091456
USP11,0.00243464581792071
1700102P08RIK,0.00243309376450885
SLC25A13,0.00243229582058477
STK39,0.0024298837787158
9030612E09RIK,0.00242713968882195
ACAD8,0.00242697835253079
RAD54L2,0.00242678360487955
CRABP2,0.00242621966769884
DLG5,0.0024260256932182
CYP2J5,0.00242495571012964
TBC1D1,0.00242373396427529
A630038E17RIK,0.00242266374467925
HHAT,0.00242251926272374
CRK,0.00242216162036641
1700019B03RIK,0.00242213280581364
SHANK3,0.0024212210280718
ETV3,0.00241926862538775
TRIM32,0.00241744962146694
TSSK1,0.00241706543903637
FNBP1,0.00241663493425598
OLFR15,0.00241595237980537
IFT46,0.00241560899767894
NFATC2IP,0.00241344074754528
GPR85,0.00241227471358353
OGFRL1,0.00240584063027702
PSTK,0.00240538063164848
TUSC3,0.00240531499082344
RFX7,0.00240509521654189
AI849538,0.00240399209799712
D530017H19RIK,0.00240284262381672
AP2M1,0.00240054131812348
LAPTM5,0.00240036842323197
RAP1A,0.00239917880806879
NCSTN,0.002398478642315
REG2,0.00239790582051088
CES1G,0.00239668111276877
PPIF,0.0023961461401016
CYLC2,0.0023956360032066
MCEMP1,0.00239496328313798
SLC2A9,0.00239138508558126
HSD3B2,0.00239086772110445
CTBP1,0.0023906303941312
MCPH1,0.00238989359283009
PCP4,0.00238943460407216
4930544M13RIK,0.00238806909957143
CRXOS,0.00238782481936839
4930467D19RIK,0.0023866665478222
COQ6,0.00238643851316311
D15ERTD529E,0.00238566656346252
YOD1,0.00238564866788934
2310026I22RIK,0.00238446498038996
CCNB1,0.00238410655509841
ISYNA1,0.00238333660160863
DIS3L,0.00238168736884756
LUC7L,0.00238041619453272
ALDH3A2,0.00237974703053182
4931431F19RIK,0.0023795840563999
APLP2,0.00237913323196722
WNT7A,0.00237851300626676
RBM22,0.00237771732799281
GCDH,0.00237755715210747
2610528A11RIK,0.0023772219748975
EEF1B2,0.0023769208458594
SH3GLB1,0.00237690607852859
PDZD9,0.00237689433883882
MTHFD2,0.0023766987203914
PTCD3,0.00237662197437265
C530007A02RIK,0.00237396955850299
EMX2OS,0.00237370861855476
ARG1,0.00237295923388205
2700038G22RIK,0.00237148275034739
5530402H23RIK,0.00237097549268091
ERO1L,0.00237095615206894
AIM1L,0.00236802428008448
4930535F04RIK,0.00236624957432009
KCTD14,0.0023658704380714
OLFR65,0.00236515806491567
1700019M22RIK,0.00236281365512274
CHAMP1,0.00236110045991633
P2RX6,0.00236054710012204
TOMM20,0.00235933133976689
LOC102631812,0.00235844311753501
IL17RE,0.00235775564850337
HOXB5OS,0.00235752964145605
KLHL2,0.0023571264914608
GM11545,0.00235615184345407
LAMA1,0.00235607747741093
1500002I01RIK,0.00235527356110881
DNAJC11,0.00235488387485015
FICD,0.00235463727649955
DPF1,0.00235369189423302
RNF157,0.00235345047858542
TFB1M,0.00235228078545236
FYN,0.00235202867954432
ARHGAP23,0.00235146431627739
SIAH1A,0.00235105686042213
COL11A1,0.00235093360385451
HNRNPA2B1,0.00235017274821333
LOC102634251,0.00234928105901314
GM20319,0.00234893325743259
LDOC1,0.00234889246688701
KRTAP15,0.00234859025619063
A730011C13RIK,0.00234852717600369
CBS,0.00234842577253008
CD302,0.00234695541710363
UBE2L6,0.00234630615111016
GM20556,0.00234523255239572
CDSN,0.00234366356133063
IL4RA,0.00234313078777338
4921531P14RIK,0.0023421165675137
AP5B1,0.00234176926105732
AADAT,0.00233823504511723
MMRN1,0.00233739648854942
ISL1,0.00233603917539418
4930589P08RIK,0.00233519107391742
IFT122,0.00233494634855942
TTC36,0.00233423477084325
TCF19,0.00233207743504375
AQP11,0.00233088709626396
MUT,0.002330353023107
ST18,0.00233005402538408
PRDM6,0.00232714752958783
ADAMTS18,0.00232693782392944
MYLK4,0.00232690612822579
PDDC1,0.00232675307859597
HOOK3,0.00232626284706001
NOP2,0.00232598134021455
CRISP1,0.00232579345277936
UBASH3A,0.00232554332616208
PHYHIPL,0.00232505338927826
ZMAT2,0.00232460163553344
ACYP2,0.00232423219017725
FIBIN,0.0023223283742923
SPRR1B,0.00232171643360915
CNKSR2,0.00232088604039283
PPM1K,0.0023200160985665
NTM,0.0023198322147845
UBE2D1,0.00231942967371039
SEC11A,0.00231901571076476
SNAPIN,0.00231620290958687
REC114,0.00231489669946375
EAR3,0.00231444438846564
1810007D17RIK,0.00231363287707637
NRXN1,0.00231321757198801
LY6F,0.00231264048210029
ARHGAP24,0.00231107178628776
DUSP9,0.00230925166455444
NRK,0.00230922756124494
GM10199,0.0023089935105929
RRP15,0.00230895062688735
ZMYND12,0.00230862030510385
DDX24,0.00230850395096144
GJB5,0.00230661927257695
SLC25A41,0.00230622577641425
FAM217A,0.00230596743220899
2410004P03RIK,0.00230566539720687
EPS8L1,0.00230462420037639
MSMO1,0.00230434590732212
DDHD1,0.00230205211912285
SSU72,0.00230198341983188
WDR38,0.00229931219909901
SELT,0.00229911548849723
GM5082,0.00229891981205397
SNX17,0.00229847143538007
AU022084,0.00229717187393273
LSAMP,0.00229617070713077
DPH3,0.00229509985128703
LCN11,0.00229362462052836
LOC100049077,0.00229190258113923
DENND2C,0.00229171657902939
1700007K09RIK,0.00229008875745901
RBFOX1,0.00228995917637039
CMTM1,0.00228957457877553
C77581,0.00228883637231198
AFAP1,0.00228797735928928
MMEL1,0.00228599311755816
ZFP879,0.00228298392669165
CEACAM14,0.00228230550571783
ANKFY1,0.00228195505923661
EDC4,0.00228182755915585
4632432E15RIK,0.00228156942075974
ACAP3,0.00228059146525996
2310031A07RIK,0.00227996113667323
HOXC13,0.00227994994497848
A630001G21RIK,0.00227881384983039
MAP3K3,0.00227852926973226
IRX3,0.00227833346103767
CLCN6,0.00227737491962924
KRTAP4-1,0.00227574035792924
TRIM30D,0.002275521067986
PROCA1,0.00227466390791304
KLHL35,0.00227408036753578
APH1B,0.00227354507618964
MRPS18B,0.00227335319989929
VIMP,0.00227298749937128
4930502M04RIK,0.00227277109081072
GM94,0.00227258704747425
CPVL,0.00227042865752908
EMID1,0.0022680126492436
AF529169,0.0022672297680331
THBS2,0.00226677623761554
HSP90AA1,0.00226470509646603
GPR133,0.00226464568399991
HDAC7,0.00226334606630313
GM10266,0.00226264815854205
LIF,0.00226256413634919
1700047M11RIK,0.00226228915006457
SESN1,0.00226062817768135
ATL2,0.00225942866251809
BRMS1L,0.00225894314923036
6230426I18RIK,0.00225873850009012
DDX19B,0.00225853678961364
KLHL14,0.00225824698836346
MRPL57,0.00225817447444194
POLR3GL,0.00225739663910357
1700120K04RIK,0.00225713797062235
DLEU7,0.002256841816927
BC051212,0.00225591315781294
BRF2,0.00225523126258721
FOXK1,0.00225404307591281
D1ERTD273E,0.00225348457285506
SMC3,0.00225186172090614
FAM63B,0.00225183737296841
A330043J11RIK,0.00225166928262212
CSMD1,0.00225138368300769
SHANK1,0.00225007591821549
ARL3,0.0022500589602477
PRTN3,0.0022495737989754
MBTD1,0.0022487212170265
EPHX4,0.00224811474497346
CEACAM18,0.00224785931435902
IGFBP5,0.00224739831371211
CRADD,0.00224729915819795
MCPT8,0.00224614740158273
D11ERTD326E,0.0022459655910065
SLC25A2,0.00224525940243937
CPNE7,0.00224317063146193
1700102J08RIK,0.00224296992083207
KRTCAP3,0.00224222101436123
TSSC4,0.00223898070567765
PRMT2,0.00223779218117496
TEX2,0.0022377856580997
PPRC1,0.00223320043070401
PPM1H,0.00223246740855786
RASAL3,0.00222963667590881
NME7,0.0022282240854311
LMX1A,0.00222788586949725
AICDA,0.00222708023022429
1700034G24RIK,0.00222698403464847
ZFP91,0.00222638744791502
ACKR2,0.00222583563404049
A130094D17RIK,0.00222472630343965
A930005N03RIK,0.0022235340386264
1810009N02RIK,0.00222317641497829
ZFP39,0.00222192568647608
4930431P19RIK,0.00222172546900321
SLC9A8,0.00222049942173744
CD3D,0.00222046799344713
1110018N20RIK,0.00221914567649944
D630029K05RIK,0.00221800441084076
D7ERTD783E,0.00221760269103145
CTSA,0.00221678260467023
4930556M19RIK,0.00221591101795967
PRKAG2,0.00221527300366909
2810455D13RIK,0.00221505934581764
NEK9,0.00221473666006461
ATE1,0.0022145309790453
FOXN2,0.00221330539643246
AIG1,0.00221178073415616
C130009A20RIK,0.00221155672449446
LIMD1,0.00221117954348145
RPS18,0.00221009017681434
FTSJ3,0.00220913642459617
OBP2A,0.00220909893282384
MAN1A,0.00220883105242881
GM5219,0.00220870964410105
CDH4,0.00220757448945373
4933414I06RIK,0.00220645738530351
D9ERTD306E,0.00220570750499497
HYPM,0.00220565201150497
MUC20,0.00220547257631376
ARID1B,0.00220514744929072
JAZF1,0.00220272781858697
CGNL1,0.0022014443785539
2310010J17RIK,0.00220141197135066
ESRP2,0.00220024004291429
GM11651,0.00219881974880685
WAP,0.00219872689220432
MIDN,0.00219859233920948
FAM109B,0.00219835036078221
SLC39A1,0.00219832246687239
XXYLT1,0.00219613013467527
LOC101055763,0.00219573283857832
RPS6KC1,0.00219559156578637
6330403K07RIK,0.00219492637333086
CAMSAP3,0.00219308441426206
AGTPBP1,0.00219286351748784
DACT3,0.00219097739717513
INTS12,0.00218885074761699
B930093H17RIK,0.00218520943604957
IRAK2,0.00218346943532519
GAL3ST1,0.00218332019814803
TNFRSF1A,0.00218198697507
FXYD2,0.00218052037529048
SRSF9,0.00217989246774524
PSMC3,0.00217971641007936
B930036G03RIK,0.00217943973107415
ZFP410,0.00217937099094678
H2AFX,0.00217898523524884
PAFAH1B3,0.0021782958739378
HOXD8,0.00217746506311127
2900018E21RIK,0.00217667308467166
OBSL1,0.00217509946374085
SACS,0.00217373267930211
4933403O08RIK,0.00217286800579143
AU015723,0.00217266840769646
PINLYP,0.00217201095845049
SNRPC,0.00217194000199046
PRDM11,0.00217159744786546
GPR34,0.00216720458584781
SELENBP1,0.0021663274819198
GRIN2B,0.00216518868682069
TMUB2,0.00216495105446236
B230219D22RIK,0.00216477547729139
FIRRE,0.00216311525437536
MBLAC2,0.00216264582176023
YTHDF3,0.00216226991667334
PROSER1,0.0021616429110371
AU021977,0.0021595522943573
SGPP2,0.00215815788740631
SRSF6,0.00215802763559616
RPN1,0.00215563024396903
EIF4G3,0.00215428896791774
B4GALNT2,0.00215347853298584
GM20555,0.00215192177345404
AY702102,0.00215138083347183
7420700N18RIK,0.00215111663439052
TPPP,0.00215098031436956
GZMA,0.00214980912106687
9230102K24RIK,0.00214784043340207
NAF1,0.00214730617089599
MCOLN2,0.00214621417864843
1700113H08RIK,0.00214526322526047
IGK-V28,0.00214484766820136
9230118N17RIK,0.00214476981764262
DUSP12,0.00214427532235392
TCEAL8,0.00214266067055174
SLC1A6,0.00214113409131997
LINCPINT,0.00214101419482556
BB166591,0.00214062558108326
GCNT3,0.00214021759208405
ZSCAN2,0.00213942045235635
MIER2,0.00213899519957399
VPS33A,0.00213783118770925
CBLC,0.00213686505983009
ADD3,0.0021363977137758
SEL1L3,0.00213572237810117
PTN,0.00213549901336819
PPFIA1,0.00213536174228203
CACNA1E,0.00213460900538027
ADAMTS5,0.0021344289016006
C78228,0.00213343152050842
SLC38A6,0.00213201745856845
WFDC18,0.00213095404633392
SKAP2,0.00213045665550809
3110099E03RIK,0.00213037692723245
2900018N21RIK,0.00212999026162714
FANCL,0.00212989153945183
CLCN1,0.00212981156463641
9330102E08RIK,0.00212905376132689
HSPE1,0.00212705652549213
9330198I05RIK,0.00212662208140735
TTC23,0.00212577890900678
4930447F04RIK,0.00212524975584473
SLC22A2,0.00212472792817786
TNFRSF21,0.00212389191638896
CHP2,0.00212349344255762
BLOC1S5,0.00212336989993832
GM3458,0.00212265782226811
PRPSAP2,0.00212242258137564
NXPE3,0.00212238017377123
D3ERTD229E,0.00212149031223989
2310079G19RIK,0.00212103487213876
AIMP2,0.00212027837475025
MYL12B,0.00211948129073295
SNX29,0.00211863688971601
MED13,0.00211763715288722
TMEM55B,0.00211756050825667
ATXN7,0.0021170613656007
ADAM11,0.0021168257115218
4921532D01RIK,0.00211635749283022
PNMA2,0.00211560675183099
5730414N17RIK,0.00211403629298923
EMP2,0.00211402547415162
5430414B12RIK,0.00211199625471208
EBPL,0.00211183585571403
IER5L,0.0021116735166688
GM11175,0.00211100952274831
HOXD9,0.0021106009438528
LIG1,0.00210818298112247
HOOK2,0.00210813657806551
RESP18,0.0021078221359237
ETFA,0.00210764707390941
CAR2,0.00210725109111081
ZBTB48,0.00210530232864944
PSMD7,0.0021019566120797
RPRM,0.00210184363001318
CLEC4E,0.00210072364632084
D8ERTD317E,0.00209983914172165
GM10776,0.00209936819910154
KIF17,0.00209911216410618
PRC1,0.0020989358807975
PKN2,0.00209808222782697
4930463O16RIK,0.00209752671248955
ZFP407,0.00209467820083332
ARHGAP17,0.00209311727070649
CHCHD5,0.00209237276009831
SCN4A,0.00209124876194382
TFF1,0.00209098528207832
1700095J03RIK,0.00209078360242263
ATP5G3,0.00208894031671882
SPIC,0.00208785990975581
GKAP1,0.00208643848049594
D930015E06RIK,0.00208622330988492
CYP3A11,0.00208267011632222
ISM1,0.00208262050766285
4921520E09RIK,0.00208218915481987
MYNN,0.00208114414156675
4930532I03RIK,0.00208090940049749
POLE4,0.00208032373373731
GADD45A,0.00207867778931516
NCK2,0.00207783052386434
CEP128,0.00207774175026901
SYP,0.0020775430495713
PNMT,0.00207736996604836
WDR95,0.00207627714590476
C78115,0.00207613012810882
TSPAN13,0.00207610618065427
CETN3,0.00207510343785081
ZRANB1,0.00207412076227026
SPEER3,0.00207341789353099
CREB3,0.00207071864113733
WNT9B,0.00207060881913824
SNAP91,0.00206991504889456
MATN1,0.0020695252349373
GRIK5,0.00206926356651438
TBC1D22BOS,0.00206894559136312
SLC9A7,0.0020687293714175
PPP1R2-PS9,0.00206815212731699
SLC46A3,0.00206747058839699
DNAH17,0.00206724836901056
ZFP790,0.0020664889397892
MPST,0.00206615003309595
RFX8,0.0020661224858173
DCTD,0.00206521354110401
FKBP15,0.00206513794490377
TERT,0.00206499587728417
C78505,0.00206450039775262
D730048I06RIK,0.00206428917847842
IER2,0.00206402754756312
SSBP2,0.00206368848411551
DDX11,0.00206352885789253
WNK3,0.00206299039580656
DVL2,0.00206220067898816
SIN3B,0.00206142826981922
F10,0.00206094353550986
NDUFA1,0.00206045315465824
4930478P22RIK,0.00205904552349357
ZFP616,0.00205851588150119
2810410L24RIK,0.00205741697782082
HNRNPUL2,0.0020564217917112
NXPH4,0.0020562818139896
FCGBP,0.00205602429706016
AU014678,0.00205550536144586
FAM105A,0.00205527732446311
SLC4A1AP,0.00205405900082214
TMX3,0.00205367125616975
VPS29,0.00205271694106119
SLK,0.00205114272863766
NDUFS7,0.00204923335789141
6330409D20RIK,0.00204921634378161
FOXJ3,0.00204903276427901
EPHA3,0.00204631808516694
C130078N14,0.00204630803082886
GKN1,0.00204553501376727
RCN2,0.00204310282489612
4930455M05RIK,0.0020414921997939
MAGEB16,0.00204073309056836
C78948,0.00203994819240865
NT5DC2,0.002039838370621
DYNLT3,0.0020397037045821
SFXN4,0.00203970212418821
ARX,0.00203542062906864
TFPI,0.00203365670700611
GM2102,0.00203350431880156
RRH,0.0020325412927827
SASH3,0.00203214617782
SAA1,0.00203188009421749
1500009C09RIK,0.00203177514180035
CD4,0.00203070798699093
METTL5OS,0.00202811673408835
AGPAT5,0.00202756406865677
BICD1,0.00202658102035592
RASGRP4,0.00202469898000127
ZFP493,0.00202437798889317
SAMD7,0.00202411398741808
INSIG2,0.00202409227141397
CXCL15,0.00202076728309993
REV3L,0.00201958722897017
LCN4,0.00201908914954438
AQP6,0.00201894349102504
FAM122B,0.00201760880681339
INSM1,0.00201622843361537
IFIT1,0.00201613913809521
FBRSL1,0.00201594375078399
C030015A19RIK,0.00201508666973563
COA4,0.0020147847920088
RAB6A,0.00201339507556126
ABO,0.00201337825914464
ITFG2,0.00201292075950174
CBFA2T2,0.0020099746978057
PPP1CB,0.00200914418529342
CDC20,0.00200738972269185
5830453J16RIK,0.00200735662500037
TRIM15,0.002005254806894
KIF3A,0.00200497262854099
9530036O11RIK,0.00200289336203161
5730405N03RIK,0.0020022151865002
CHD3,0.00200141711316359
RAD1,0.00200137830700206
SLC6A15,0.00200051725457642
B230369F24RIK,0.00200014249137753
1700020N01RIK,0.00199985521436298
NUDT16,0.00199982300114439
MAGOHB,0.00199788117522026
B130052P14RIK,0.00199728894341215
PPP1R36,0.00199681947175167
GM9999,0.00199648423182748
SMAD5,0.00199619378937393
PRKAG2OS1,0.00199298779843607
LPIN3,0.00199171006384602
ABCA13,0.0019897306393938
PHF11D,0.00198934373295123
VDAC2,0.00198839053407408
NGB,0.00198798804592606
VPS28,0.00198687840186627
CXCR4,0.00198613964677462
AKAP7,0.00198514922601115
METAP2,0.00198482623477343
A530016L24RIK,0.00198463907183115
SYNPR,0.00198200914413497
ANG,0.0019813267705156
RPUSD2,0.00198054687678192
SALL3,0.00197949237835781
A430102J17RIK,0.00197930315303641
KLF1,0.00197733198023435
4931406H21RIK,0.00197710029948925
KATNBL1,0.0019770804808881
A930010G16RIK,0.00197706421551183
3110005L24RIK,0.00197634504788492
FRMD8,0.00197426250572158
RNF34,0.00197409085130407
HMMR,0.00197344629082932
GM5463,0.00197302483068626
DR1,0.00197120997988684
GM20300,0.00196970775081318
ARCN1,0.00196934572814262
6720460K10RIK,0.00196930675147701
GM4665,0.00196846822761676
PREP,0.00196822903680068
RNF145,0.00196730440262358
UBE4A,0.00196614416658542
LAYN,0.00196550553577627
6430709C05RIK,0.0019652168707815
MMP19,0.00196396870449811
2310034O05RIK,0.00196376542942786
4122401K19RIK,0.00196369189871911
FETUB,0.00196338274221627
SENP2,0.00196321122280625
4921539E11RIK,0.00196313146882495
3110037L02RIK,0.00196207317154627
PLCB3,0.00196028753782155
APON,0.00195917849547754
4930442J19RIK,0.00195803366108999
NODAL,0.00195766304797521
4930480G23RIK,0.00195591385230638
CYP17A1,0.00195586102197999
C79491,0.00195572992496257
TES3-PS,0.00195502018774627
GNPTAB,0.00195418990531905
CTBP2,0.00195347172289876
SLC24A1,0.00195330044381667
GRIFIN,0.00195329737773628
BRCA2,0.0019526556151029
LIM2,0.00195231744946813
2210019G11RIK,0.00195201951229572
CASP9,0.00195116890460008
FAM83G,0.00195027140125889
0610007P14RIK,0.00194982164954453
ADH1,0.00194939243100408
OBSCN,0.00194937032213818
2310003H01RIK,0.00194936793847982
DNAJA4,0.00194886814162618
SLC36A1,0.00194495819720453
ATOX1,0.00194486340964682
PON1,0.00194417125785658
BC051142,0.00194291950783856
5830445D09RIK,0.00194259751932804
A430107P09RIK,0.00194243900711901
ARL8B,0.00194185106101858
C77631,0.0019416902408331
KMO,0.00194159399335742
ZSWIM1,0.00194143080719967
TEKT4,0.00194008499732804
4632428N05RIK,0.00193958544444553
GPR153,0.00193917892337804
SYS1,0.0019384876771586
KLHL10,0.00193758499046789
CAR12,0.00193755926174004
ARMC4,0.00193679012736276
UVSSA,0.00193657423374454
MCM10,0.00193650168074637
MB,0.00193627098886164
PTPN14,0.0019362098428413
IMPAD1,0.00193584452177914
ACADM,0.00193442134747246
4930452B06RIK,0.00193382888669541
C77815,0.00193265244020604
DLGAP3,0.00193056030678782
KCNJ9,0.00193000402927913
4930557J02RIK,0.00192997657538205
PRPS1L1,0.00192984951008016
RNPEP,0.00192968226475042
ADIG,0.00192950699799541
GREB1,0.00192912689682634
VMN1R172,0.00192791202341372
FA2H,0.00192764127415751
4932429P19RIK,0.00192582517332808
4930518I15RIK,0.00192482478105909
GM4988,0.00192455511439149
CPA1,0.00192412533254262
F3,0.00192377742643631
KCNA3,0.0019237098269193
ATOH8,0.00192312084825019
FASTK,0.00192272370477613
FAM126B,0.00192095310896161
FAM195A,0.00192075062605971
HSDL2,0.00191917366440996
LRP2,0.00191830133198121
PLA2G15,0.00191700074218584
LOH12CR1,0.0019166979925008
PCSK2,0.00191653029343805
EEF1A1,0.00191652459791374
MRPL12,0.00191611832180673
ADRB3,0.00191610430193598
AU022332,0.00191575618916221
ADPRHL2,0.00191527433778632
5730480H06RIK,0.00191488135391878
KCNG2,0.00191446518678094
D5ERTD505E,0.00191393395927273
INSC,0.00191243025943422
4933406L23RIK,0.00190966858216682
PPARG,0.00190882056975768
BROX,0.0019057626172918
UBE2M,0.00190520560617233
DESI1,0.00190494255766892
HMHA1,0.0019046684560409
ARHGEF15,0.00190451742110339
AU022434,0.00190273405648236
TRAF2,0.00190222184582809
CRTAP,0.0019021493612654
GJB6,0.00190085234018843
SERPINB9D,0.00190016262648222
4921507G05RIK,0.00189795861737784
DDIAS,0.00189555308055948
PCOLCE,0.00189386357882808
AK084265,0.00189345282513813
CDKL1,0.00189309122771751
ANKRD10,0.00189274903702034
1700026J12RIK,0.00189216483851754
PRAME,0.00189136366183521
CDH5,0.00189048700690855
FMO4,0.00189018389135424
ARHGEF25,0.00188988310417107
RPL27,0.00188926370349473
AKAP17B,0.00188629805958847
MYADM,0.00188600652552085
IFRD1,0.00188492598970523
HIST1H1C,0.00188372890029513
DDR1,0.00188124492490547
PLSCR1,0.00188067533373126
GM3134,0.00187998219503979
EIF1AD,0.00187932534114814
MICALL1,0.00187920486607215
PRKAB2,0.00187706327278296
ARSI,0.00187606652950215
NR1H3,0.00187506212006161
YDJC,0.00187434955752615
6330412A17RIK,0.00187403624112479
TMEM230,0.00187396082663218
PDIA4,0.00187348046815528
ATAD1,0.00187334876887911
AOX4,0.00187331254191179
PSMB6,0.00187045445632756
CNTFR,0.00186974976799245
AP3M1,0.00186964048376982
ATP6V0E,0.00186847316845927
4930504C09RIK,0.00186804590063237
SECISBP2L,0.00186759244348784
A830029E22RIK,0.00186630039361454
ELAVL4,0.00186471550049613
GNAQ,0.00186440733720673
LMNB1,0.00186436787935202
AQP2,0.00186428159574321
ELMOD1,0.0018603177910803
4930447M23RIK,0.00185889671522785
TLE4,0.00185769533461576
MAU2,0.00185768271218741
FAM169B,0.00185743818458233
PIK3R1,0.00185687580689972
ETF1,0.00185631735024951
BC035044,0.00185605541419831
NCEH1,0.00185593993386427
PPP2R2B,0.00185455509747786
NSMAF,0.00185443719475777
CASP14,0.00185427419848608
PSTPIP1,0.00185419612037896
SLC22A13,0.00185277088449106
LOC102634692,0.00185270031239479
SPCS3,0.00185227978897378
TROVE2,0.0018521069474591
CHMP7,0.00185135296021317
NCKAP5L,0.00185056436308359
LOC102634995,0.00185044377396624
CLU,0.00184976078899213
LIPH,0.00184915394324614
CRTAC1,0.00184859966672574
KCNMA1,0.00184733228352962
D1ERTD86E,0.0018460751800312
BC037034,0.00184570884196204
C79452,0.00184542148234799
4933407C09RIK,0.00184519609682026
TSPAN3,0.00184397869276303
4933417G07RIK,0.00184330025154162
SLC16A10,0.00184256083383844
NME2,0.001839630661619
PRSS56,0.00183962343127652
C85395,0.00183951889156309
SCN9A,0.00183860569791716
BTBD3,0.00183729589586776
TOP1,0.00183724570832125
9430037G07RIK,0.00183700215860677
CDC7,0.00183699999087632
ZFP324,0.00183605227865906
C87926,0.00183465778284134
ALB,0.00183398968497167
EPDR1,0.00183342796207874
RPN2,0.00183292784887855
DTNA,0.00183287749730398
LOC102640815,0.00183273312933083
SWAP70,0.00183259579682687
NOL12,0.0018321347033985
D10ERTD755E,0.00183204456814907
STAP1,0.00183178368545464
TRRAP,0.00182997043014812
IFI203,0.00182811771423196
GABARAPL2,0.00182704404673083
NR0B2,0.00182686181486051
MED12L,0.00182672109297642
2410018L13RIK,0.00182652427379869
DIS3L2,0.00182546045486588
GM6936,0.00182526337485045
VPS18,0.00182451495794827
ITPRIPL2,0.00182337663927037
HAO1,0.00182288019722571
FBXW17,0.00182270383797722
PDPN,0.00182234634669048
CD19,0.00182159160589446
DENND5B,0.0018214549168011
MEGF10,0.0018210015774097
CCR1,0.00181984950261999
FTSJ2,0.00181916932983634
0610039K10RIK,0.00181879419599576
1110004F10RIK,0.00181800944861555
TRMT2B,0.00181798417553727
TPSG1,0.00181713967527525
BC027072,0.00181685746123218
FAM222A,0.00181661043569259
4933400F21RIK,0.00181657489753579
ZDHHC21,0.00181632413603223
TCP11L2,0.00181629779255017
ESF1,0.00181605835816681
TMEM87A,0.00181458227507516
2510022D24RIK,0.00181056599004798
SLU7,0.00181017285160131
RPS26,0.00180879518786001
1700026L06RIK,0.00180766372506317
SSTR5,0.00180537745653334
CTDNEP1,0.00180490008396029
CMTM8,0.0018045682799215
D2ERTD105E,0.001804276517429
TRPV4,0.00180268506688031
2310022A10RIK,0.00180220211469365
MOCS3,0.0018003600094111
SNX12,0.00179966334897949
PRR15,0.00179953790299132
HHIPL1,0.00179826030732265
FOXJ1,0.00179806519045455
CYP2C55,0.00179798315291012
C86371,0.00179717629003308
MTA2,0.00179709493660674
IFIT3,0.00179673122246091
LRRTM4,0.00179639460848458
TRIAP1,0.00179589583949393
LACE1,0.00179357762672745
MFAP4,0.00179308718925337
POU2AF1,0.00179174443348152
ALOX12,0.00179034140082696
CHTOP,0.00179019006865734
TMED1,0.00178749875253144
2010002M09RIK,0.00178672267396789
DCBLD2,0.0017860721827655
CYP4V3,0.00178580533924606
MRC2,0.00178452622845947
PROSC,0.00178339550072886
SDHD,0.00178313960203962
CDC25C,0.00178105551343012
DLG3,0.00178099910290952
AIFM3,0.00178071219729751
CTS8,0.001778841948357
GM12338,0.00177875121733462
TTC34,0.00177760024850865
CCK,0.00177753450224201
FKBP1A,0.00177693944816781
FMO2,0.00177690322948008
GOLT1A,0.00177595596338944
A,0.00177574967053034
TERF2,0.00177571719953624
H2AFY3,0.00177565755688946
UNC45B,0.00177511283489921
NUDT6,0.0017741734829842
D7ERTD526E,0.00177242548503827
4632411P08RIK,0.00177193149835651
SCLY,0.00177128684984104
9330133O14RIK,0.00177041984995744
EPB4.2,0.00176844277758997
ERV3,0.00176833394605569
GRN,0.00176737697211693
SMC1B,0.00176734806996151
ADCK2,0.00176699689430774
BB319198,0.00176697148122829
COL16A1,0.00176680501014278
ADAMTS12,0.0017665351735846
PRR13,0.00176651394404257
AU021001,0.00176486003210035
AGRN,0.0017640964589857
BAI2,0.00176379120506117
C76872,0.00176311129744734
AMBRA1,0.00176261622147381
PITHD1,0.00176241996121365
AUTS2,0.0017603022758871
RIBC2,0.00176019606256574
LOC102643125,0.00175851936955067
PMPCB,0.00175833769029666
NAT2,0.00175809755711395
CYP2C38,0.001757866727026
GUCA2B,0.00175670498676928
KLHL33,0.00175632201737585
TBL3,0.00175570501805887
TFDP1,0.00175545593003906
TGM1,0.00175535908434358
DNAJC4,0.00175411106352243
LOC102633095,0.00175370092898146
RABGAP1L,0.00175355085120087
ECM2,0.00175194651001054
2610203C22RIK,0.00175187225615779
SERINC5,0.00175073654819293
PVRL2,0.00175008437264419
MOB1A,0.00174963829882695
HEXA,0.00174960098124598
ADRA2A,0.00174943493532086
HADHB,0.00174933170727387
LPHN1,0.00174920332522991
LRP2BP,0.00174693294139913
TMEM51,0.00174675461892737
SSTR1,0.00174666742105337
A430005L14RIK,0.00174649361600013
PRAMEL7,0.00174554741632295
CD40LG,0.0017448407865014
TFEB,0.00174482727298014
DUSP1,0.00174462380561461
KIF21B,0.00174420672900482
CGA,0.00174360089891472
PON2,0.00174309203400255
4930527F18RIK,0.00174297480820854
4930480K15RIK,0.00174297445162511
4921504E06RIK,0.00174186332974467
LOC102635234,0.00174173638159657
GMEB1,0.00174160359489801
HTRA1,0.00174103168240824
FYTTD1,0.00174017264462989
AMOTL2,0.00173763752903882
KCNJ15,0.0017373200565344
CARD11,0.00173452663468124
SMPD5,0.00173420567996818
KLHL40,0.001733545331476
CMSS1,0.00173322564192756
GM8096,0.0017327920751998
HDAC4,0.00173128024884969
CCL28,0.00173017736669884
AW549877,0.00172874227268239
LYRM4,0.00172869356635677
2010007E15RIK,0.00172855156244883
GPR62,0.00172852747083551
CPN1,0.00172787917139643
GM11627,0.00172787072164431
GM15577,0.00172759425006614
TMEM214,0.00172731215209763
DACT1,0.0017272538746286
TTLL7,0.00172687455621544
PIP5K1BOS,0.00172559208463249
MAGED2,0.00172445117796811
NLRP9B,0.00172417618548997
URGCP,0.00172333378250536
GOLIM4,0.00172244915518006
SKI,0.00172212979611833
TAF4A,0.00172200184160703
FASN,0.00172142352836928
CEMIP,0.00172141018175122
ITGAV,0.00172132439111813
CDH10,0.00172069024781496
0610038B21RIK,0.00172051395370783
AP3S1,0.00171969618575842
9130231A04RIK,0.00171937006559427
CNDP1,0.00171738388763466
SIGIRR,0.00171443293554072
MYH14,0.00171400554675554
6430500D05RIK,0.00171379755881611
SCGB3A2,0.00171317553458318
CYB5D1,0.0017121542300855
1700008P02RIK,0.00171200421537522
1700034J04RIK,0.0017110870598923
2900040J22RIK,0.00171007477066487
HMGN5,0.00170982569269109
A230061C15RIK,0.00170967208109231
LOC102638888,0.00170868069924131
SEPT4,0.00170825529102148
4930470B04RIK,0.0017077555713642
DLX6AS2,0.00170750324793805
ALYREF,0.00170736427701947
4833423E24RIK,0.00170561352197788
PRAMEF8,0.00170515478242597
LHFPL4,0.0017051268295561
MMP14,0.00170502712868675
MAPK13,0.00170410669836
TSACC,0.00170342887331073
H1F0,0.00170328489930624
ROMO1,0.00170123793258702
C80360,0.00170113478273869
LOC624295,0.00170082444528785
GJB4,0.00169972336003701
GM15708,0.0016995345357669
4930465K10RIK,0.00169917568799594
IDH3G,0.0016986524258352
CYGB,0.00169857694295497
4921527H02RIK,0.00169675615603708
FEZF1,0.00169592816601833
CSNK1G2,0.00169463904713738
NTRK3,0.00169411881091024
4931429L15RIK,0.00169353297386973
4930550L24RIK,0.00169352749371021
NEURL3,0.00169097697027172
9230110F15RIK,0.00169059898830656
PLEK,0.0016856216989447
GSDMD,0.00168560364505344
SERTAD1,0.00168480752904952
TMEM218,0.00168422777608837
SAR1A,0.00168331956797992
TM2D1,0.00168296447457988
D3ERTD258E,0.00168274270991938
KRT24,0.00168135913677565
SCAF11,0.00168055145868093
TM2D3,0.00168012165827385
RUFY3,0.00167974835753551
JAG2,0.00167846088130439
1700025G04RIK,0.0016783048513928
DBNDD1,0.00167829124256893
D14ERTD426E,0.00167816563761506
NUDT5,0.00167790611650111
IQCH,0.00167690781194403
RBMX2,0.00167687737792606
D6ERTD490E,0.00167667336810423
SLC10A6,0.00167625125829146
GM2087,0.00167478541204532
AA986715,0.00167466406271955
DHTKD1,0.00167409881575654
BCL10,0.00167337088066048
OTUD1,0.00167214847819707
PHLDA3,0.00167080336691402
CCBE1,0.00167072385185068
XRCC4,0.00167067103231409
TNFSF4,0.00167025236375761
HOXD11,0.00166991573146318
CLCN3,0.00166948777983582
2310067B10RIK,0.0016682923528067
VIPAS39,0.00166694303233564
YEATS2,0.00166620256402127
BDH1,0.00166597376558697
AAK1,0.00166580385042997
SMARCA1,0.00166543858412452
1190005I06RIK,0.00166503701662877
C030048H21RIK,0.00166391496309581
ZDHHC6,0.0016626551256546
1110020A21RIK,0.0016600743487789
CHRDL1,0.00165985337084754
C77068,0.00165950863464713
D730050C22RIK,0.0016594043686778
NKX2-5,0.00165882841420439
SF3A3,0.00165817938104235
RBM44,0.00165817079305319
CAPN6,0.00165776958809404
ZCCHC14,0.00165679881147771
LRP12,0.0016562636127783
WDR12,0.00165621072220847
TCRB-J,0.00165523524324837
TMCO4,0.00165515487208331
BRWD3,0.00165483533069988
TMOD4,0.00165427526154548
ZFP202,0.00165303473888678
CNTLN,0.00165229880104505
KRT35,0.00165221957208485
RITA1,0.00165192984343369
MFI2,0.00165108163256178
GSX1,0.00165075700664807
COX20,0.00165057130856578
OSBP,0.00165053741285327
GPRIN2,0.00165052934449522
1700001O22RIK,0.00164986413192677
APP,0.00164980041456404
NOP9,0.00164940114290653
TMEM74B,0.00164861433601833
TMEM98,0.00164828921198772
IP6K3,0.0016482204939517
GREB1L,0.00164818089053685
PSD3,0.00164780999002437
GM829,0.00164699789684407
IRF1,0.00164612492704488
FSIP1,0.00164471138853019
FAM114A1,0.00164463542789927
9130401L11RIK,0.00164457318140769
9430034N14RIK,0.00164246585756648
CAR13,0.00164112345979643
RARRES1,0.00164096118046802
KY,0.00164089149795001
ECE2,0.00164001003899795
C030045M22RIK,0.00163895745920217
PRDM16,0.00163884764825025
A130038J17RIK,0.00163813808354823
MZF1,0.00163798587281158
ZFP709,0.00163788991550588
TUBA8,0.00163733296171697
BCORL1,0.00163722589042582
HSF1,0.00163657133011094
WDR3,0.00163601419227682
D13ERTD787E,0.00163559155523854
ETNPPL,0.00163530441200089
SLIT1,0.00163529465444354
APPBP2,0.00163479673946504
KIF15,0.00163415097602725
CHN2,0.00163256070119081
FBXL21,0.00163234113450965
ZFP46,0.00163152846019974
ACAA2,0.00163107351008768
ADRM1,0.00163062095567722
RAB28,0.00163025908619681
C79017,0.00162873816496366
SERPINA1F,0.00162863387300773
4921523L03RIK,0.0016284682399184
SEPT8,0.00162816511960144
ERICH3,0.00162634290522328
SLC16A11,0.00162569020365725
NARFL,0.00162529551609336
PHLDB1,0.00162424514472564
WFDC12,0.00162385790829301
MEX3C,0.00162370005098094
PLOD2,0.00162328947886948
ASXL1,0.00162251512776068
BRMS1,0.00162212062283266
FXYD5,0.0016216885751305
EVL,0.00162082907401952
6430628N08RIK,0.00162036907485602
WDR17,0.00161956732559807
E430024I08RIK,0.00161888362053969
TM4SF5,0.00161757206299881
SPTBN4,0.00161746633833902
ATG2A,0.00161552754243928
B830004H01RIK,0.00161540271592422
NDUFS1,0.00161469706594775
BPIFB5,0.0016145070669551
SGTA,0.00161378631313767
5730507A11RIK,0.00161268918889204
MLYCD,0.00161262504449823
PKNOX1,0.00161174513675675
EXOC2,0.00161052250553973
FSTL5,0.00161022693562209
ANXA4,0.00160916501231322
ALDOART2,0.00160859784899867
CUX1,0.00160776613640486
PRR14L,0.001607689706825
SPDYA,0.00160761103325336
MAB21L1,0.00160687433121876
BC030307,0.00160616894914336
C76411,0.00160566882723923
LOC432459,0.00160507782562373
4921521C08RIK,0.00160090741497099
LURAP1L,0.00160068059432692
SLC29A2,0.00160061102703407
EEPD1,0.00159972883526531
RALA,0.00159813768921579
LOC102640703,0.00159807349134387
ANKHD1,0.00159732361171593
TCL1,0.00159709804577281
PCBP3,0.00159692723822192
HILPDA,0.00159669508148885
ARHGEF6,0.0015958589107551
ZFP518B,0.00159540241657334
GPR162,0.00159517054605091
EPSTI1,0.0015936072785394
SHROOM3,0.00159311134977391
ZFP423,0.00159279571694526
ZIM1,0.00159216486599088
1700017L05RIK,0.00159142097262097
CLPP,0.00159132794828604
RIPK3,0.00159056496754521
LOC102641500,0.00159027430848255
ZFP26,0.00158993205434616
CPNE4,0.00158985258872068
ARMC5,0.00158927016927893
ESR2,0.00158870326998639
UBE2D2B,0.00158594424037451
4921522P10RIK,0.00158357113475402
RPP30,0.00158282853943162
HIRIP3,0.00158275656796258
LTV1,0.00158244291065577
PLP1,0.00158212767479285
PPP4C,0.00158212658543445
ACN9,0.00158185854786607
CAB39,0.00158156983855746
CST12,0.0015815606402258
FTCD,0.00158100080615864
8030411F24RIK,0.00158070512674701
SP3,0.00158062622032111
ZFP931,0.00158041770349189
1500035N22RIK,0.0015804007120493
A930009A15RIK,0.00158026960802345
NAGA,0.00157952101144001
PARP14,0.00157898689863732
FAM104A,0.0015781323200764
TMEM151B,0.00157610516715526
LOC102633540,0.00157573882202149
FCRLA,0.00157512534781746
PDCD1,0.00157504286189327
DCAF8,0.00157252627061191
GSKIP,0.00157137902082798
E2F6,0.0015713105173384
UTP6,0.00157062191103924
TNFSF14,0.0015702602379565
RAD54L,0.00156998498387688
A430028G04RIK,0.00156953883686703
BYSL,0.00156764624494244
CTSW,0.00156702073349026
MDK,0.00156631687137647
ARHGAP29,0.0015652757869879
DNAJC7,0.00156527166686405
AASDH,0.00156502433983283
DMTF1,0.00156493533172519
A630052C17RIK,0.00156446071096
SOWAHB,0.00156437083986614
ALG6,0.0015630096075182
CHAD,0.00156279541536591
ANKRD40,0.00156257028965873
NAA15,0.00156147342290662
IQUB,0.00156129960199762
2810040C05RIK,0.00155954950229694
DFNA5,0.00155894092642651
TBX3,0.00155846535561433
2700068H02RIK,0.00155805574754212
D17ERTD763E,0.00155784388767508
STC2,0.00155665134575435
WDR13,0.00155662846116472
RBMXL1,0.00155647401098703
RBM27,0.00155643509499749
CEP19,0.00155637675933958
TMEM182,0.0015561670210898
CFDP1,0.00155427270236772
RAB3D,0.00155321240519901
LOC102636448,0.00155274807827255
ZC3H7B,0.00155237649702675
THRB,0.00155216517540464
SPC24,0.00155138090435862
SORT1,0.00155076277872277
ALG2,0.00154968056704035
PCOLCE2,0.00154967756525598
OLFR480,0.00154928941764878
PSPN,0.0015490535202308
MIF4GD,0.00154769192886472
EPHA1,0.00154718265195744
CFHR1,0.00154681217888193
TEX35,0.00154669848478041
CDK6,0.00154588437933108
4930579D07RIK,0.00154546555155957
COG4,0.00154522632138679
COX4I1,0.00154395705922612
MARS2,0.00154344928634539
4930405N21RIK,0.00154242344364625
IGKV5-39,0.00154229577641149
CXCL9,0.00154090949606756
1700128F08RIK,0.00154090696577776
4930470P17RIK,0.00154069913588739
D1ERTD705E,0.00153994541672816
GM9918,0.00153977963503409
4833428M15RIK,0.00153849467553555
NDUFB3,0.0015376953348923
IL12RB1,0.00153722320354053
GZMK,0.00153706956807003
FADS3,0.00153640560078529
CCDC115,0.00153560139097827
RFESD,0.00153505882154998
PTPRS,0.00153422090406659
NDUFS3,0.00153283539924276
ACTL7B,0.00153269964344995
4930453O03RIK,0.00153269799666884
CERCAM,0.001531928068494
CCDC43,0.00153186602593134
TOP2A,0.00153146542779132
2310075K07RIK,0.00153121832124985
PAK6,0.00153061733282642
GALNT13,0.00153052059424593
GM11681,0.00153047133138545
2900026A02RIK,0.00153006546469871
PDGFRB,0.00152982934239803
RBL2,0.00152981128978232
GATA4,0.00152903039044211
TDRD1,0.00152844905153739
CPLX2,0.00152822781350101
IRF2BP2,0.00152815127722397
MROH4,0.00152722369366694
HIPK3,0.00152613917211125
2210016F16RIK,0.00152592295955828
PAGR1A,0.00152574654081813
4931440L10RIK,0.00152535627866858
H2-DMB2,0.00152464957053174
PHC3,0.00152461696260717
NRF1,0.00152428938566882
UFSP2,0.00152288867807443
XBP1,0.00152283132662019
AI448005,0.00152275962266644
IRF7,0.0015217157285565
2900069G24RIK,0.00152170210134064
ADAD2,0.00152088437576256
SRSF3,0.00151978005568868
MRPL50,0.00151952450909489
G2E3,0.00151923794521064
RAD21,0.00151885020594913
PLA2G4C,0.00151877582922579
4930524O07RIK,0.00151599801012979
MSI2,0.00151578922963824
AA407107,0.00151521843096192
SEC22A,0.00151484207257926
1700010H22RIK,0.00151472106817495
ANO8,0.00151433567120192
D830026I12RIK,0.00151387993923705
PISD,0.00151334013390014
STYX,0.00151324354939366
4833413G10RIK,0.00151181399222351
PCDHB11,0.00151171498065107
4933416O17RIK,0.00151146726368241
9930017N22RIK,0.00151111957097949
MAPK8IP3,0.00151081692776333
SCG5,0.00151012972186558
IVNS1ABP,0.00150976361270377
CEBPG,0.00150815241219998
CHRM3,0.00150810199513342
SLC22A19,0.0015078420026117
4933417E11RIK,0.0015067435499968
EIF1B,0.0015059202725316
A630023A22RIK,0.00150566775116729
FH1,0.00150558955066541
4930440C22RIK,0.00150544392337239
4921504P20RIK,0.00150382946612819
ECI3,0.00150337081224075
PDGFA,0.00150314003983624
JTB,0.00150312830519174
LOC101055769,0.00150242995187115
INO80D,0.00150223786538934
VMN2R84,0.00150108315413123
GM996,0.00149946699582996
4930524B15RIK,0.00149846793107639
CBX7,0.00149786160092346
WDR7,0.00149745657534132
GSTA2,0.00149705930847007
MICU2,0.0014969205629059
COX8A,0.00149489786956076
POLR1E,0.00149428936854589
CES2G,0.00149363881097063
HOXC8,0.00149270420481008
CCDC17,0.00149231140837965
4933411K20RIK,0.00149141312927744
BEX2,0.00149037472640594
SMAD2,0.00149025659485829
TMPPE,0.00148835892623158
MAML2,0.00148772923210777
RNGTT,0.00148739199579936
FAM122A,0.00148670931435163
GPR83,0.00148485340911282
FBXW10,0.001484039051131
WDR44,0.00148342611204083
AU022855,0.00148314518050761
SLC36A4,0.0014826813772507
D3ERTD797E,0.00148190202860782
ZFP64,0.00148175456540858
FAM174B,0.00148155308697445
E130006N16RIK,0.00148150363562598
DKK4,0.00148100893165041
SRPR,0.00148028428728974
C230040D14,0.00147970978097514
TOP3B,0.00147935678890299
ADCY5,0.00147837784428372
KERA,0.00147792658428682
TAB3,0.00147637671114869
TESPA1,0.0014753129292163
IPO7,0.00147479925226582
4930573C08RIK,0.00147459938931994
CEACAM20,0.00147438197084955
LRIT2,0.0014734934616848
POU4F3,0.00147266923941683
MAGEL2,0.00147221902335949
PRL8A8,0.0014714987671769
5230401M06RIK,0.00147133396260141
GPT,0.00147044808827952
PFDN4,0.00147038899510709
PVR,0.00147027332782112
CHRNE,0.00146992081172206
2900022M07RIK,0.00146978840780462
MMP15,0.00146973028995743
NAIF1,0.00146887933123932
RAP1GAPOS,0.00146692272598353
PANK4,0.00146541468148354
NCAM2,0.00146520474232513
PHRF1,0.00146383253612737
MYO5A,0.00146333195036758
TENM1,0.00146235113663355
ALDH6A1,0.00146181151046067
LONRF1,0.00146167221129423
D10ERTD638E,0.00146064982766571
WDFY2,0.00146019583368086
STRN,0.00146012420095575
H2AFY,0.00145941615021084
GM608,0.00145899906145702
ITGAM,0.00145868983709965
HAUS8,0.00145867467499351
TRP53BP2,0.00145837557863727
DOK3,0.00145804116187889
GM11110,0.00145652303380378
TDRD5,0.00145628696241779
MDGA1,0.0014556178750671
CCR3,0.00145561288779644
FTX,0.00145555987842316
MSLN,0.00145514503623165
CST10,0.00145416459205825
7630403G23RIK,0.00145406178863783
9130403I23RIK,0.0014540104398933
PPIL2,0.00145383078245748
SVS3A,0.00145251401245469
FAM107B,0.00145243680497625
CHSY1,0.00145237299593968
OGT,0.0014523525484253
EXD2,0.00145226493319892
1110038F14RIK,0.00145157574462982
GUCY1B3,0.00145153470558547
2700005E23RIK,0.00145126208634476
PNMAL2,0.00145029439717712
ACADS,0.00144967592641785
C730036E19RIK,0.0014494376615279
CYM,0.00144867056185049
CABP5,0.00144862057435353
CSDC2,0.00144828127903042
TIMM8B,0.00144751026470528
MFSD4,0.00144693058683246
ZER1,0.00144667255124067
PRDX6B,0.00144641964777671
FAT4,0.00144582285625465
WBP2,0.00144257685161818
RNF103,0.00144108108872057
GCA,0.0014410305267825
AU014876,0.0014407401270407
RPS15A-PS6,0.00143993186950847
GOLGA7B,0.00143891991114117
ZFYVE9,0.00143838428354825
6030422H21RIK,0.00143798413305954
GRB2,0.00143726415061036
UHRF1BP1L,0.00143698186291337
PAM16,0.00143681650559663
STARD3,0.00143673148967665
MNT,0.00143592371396353
4933428L12RIK,0.00143574956780761
PTPRZ1,0.00143572646731566
PLEKHO1,0.00143546413400976
SOX17,0.00143517314260733
4933407A17RIK,0.00143517240075732
NDUFV1,0.00143501273688132
HC,0.00143460116294521
HSD17B4,0.00143248689440835
PLCXD3,0.00143234999688694
TBC1D8B,0.00143136750863586
AA407331,0.00143114789031546
RUFY1,0.00143065322417203
HNRNPC,0.00142967200947791
FAM73B,0.00142950925719369
2310002L09RIK,0.00142935008415644
SNAPC1,0.0014283489999316
PTPRM,0.00142707613851021
PPP4R1,0.00142626056991947
AI606473,0.00142530737356486
MGL2,0.00142334841141373
9130011L11RIK,0.00142325451866155
ADCY1,0.00142325277546956
FAM188A,0.00142323248590572
AK134344,0.00142281115176245
GM12130,0.00142260367804783
TLR6,0.00142182354117607
EPC2,0.00142165329633648
MLLT4,0.00142075697162795
S100A3,0.00142045949016791
8430437O03RIK,0.00141970496590603
FLOT1,0.00141937392925548
ACOX1,0.0014193184622251
TDP2,0.00141903661670639
ZC3HAV1,0.00141820009478606
RNF215,0.00141799353624383
FHOD1,0.0014169716077197
ACSL1,0.00141652465058747
TATDN2,0.00141604558650778
WNT9A,0.00141431856460684
CCDC94,0.00141414231181373
MLH3,0.00141361632014557
TMEM59,0.00141322007416629
EGR4,0.00141312530955542
AI661323,0.00141243661846295
EAF1,0.0014119557306274
C78024,0.00141155860843591
ZFP777,0.00141132930079065
MAML1,0.00141012383407337
RAB36,0.00140767697826616
EPGN,0.00140741181441752
5730409E04RIK,0.00140589251223163
D1PAS1,0.00140585316970634
CGN,0.00140537601503635
RANBP3,0.0014047717343035
TLR1,0.00140463463729816
TCF24,0.00140453925133195
4930428O21RIK,0.00140224018361247
DIP2B,0.00140218837516753
ALG9,0.0014021487412949
CYP4F14,0.00140144016979744
NHLRC1,0.00140072414759595
EEF2K,0.00140068059030848
RER1,0.00140065253364293
GPM6B,0.00139808938305941
MAPK8IP2,0.00139699103854492
LDB2,0.00139691448188752
PAX8,0.00139691040227365
NUPL1,0.00139686701863974
B230325K18RIK,0.00139639327851574
CIB1,0.00139561281483298
KRTAP11-1,0.00139530863754994
LAMP2,0.00139500723130725
C530030P08RIK,0.00139498121995546
AKT2,0.0013941199508941
4932418E24RIK,0.00139337450891524
SCAND1,0.00139281563612668
VPS41,0.00139253326967407
YIPF6,0.00139140069405296
RXRB,0.00139116634213488
ZFP612,0.00139110257413327
ADAMTSL2,0.00139094727101703
CYP2G1,0.00139010839560393
FBXO16,0.0013898036382605
CAMK2A,0.00138820710361576
FUT2,0.00138792356963593
CHST11,0.00138665107998035
DXERTD223E,0.00138559859373042
MAP1A,0.00138446037761635
USE1,0.00138431466302083
ASB5,0.00138411171532135
GM14634,0.00138353036970291
4930449A18RIK,0.00138297782002472
HEATR6,0.0013829753006378
ZC4H2,0.00138215265578412
NNAT,0.00138201975690027
CDA,0.00138194456519618
BC059050,0.00138190391622669
ASB14,0.0013810904959615
GM101,0.00138078113779942
ATP6V1B1,0.00138030680690405
TTLL12,0.00137980370923199
TACSTD2,0.00137943363592689
FITM2,0.00137898896694058
GTPBP1,0.00137868121718891
CLDND2,0.00137863019395944
4930511A02RIK,0.00137851202893151
NDUFAF1,0.00137769006232661
LHFP,0.00137632376987473
4930571K23RIK,0.00137537939787928
A230091C14RIK,0.00137341326202942
HIST1H1E,0.00137322836703503
1700021A07RIK,0.0013731212972028
NRBF2,0.00137255145243995
CYP2C54,0.00137250368089829
G530011O06RIK,0.00137245160846805
6820445E23RIK,0.00137229785569382
POC1B,0.00137204604313574
EIF3E,0.00137168607990864
5830458C19RIK,0.00137031175539974
EFCAB3,0.00137017826609099
SP2,0.00136954858347843
2700049A03RIK,0.00136943919020588
TNRC6B,0.00136905130743633
WDR45,0.00136884602544157
GSTT1,0.00136835889149455
VMN1R45,0.00136758333480424
NAT14,0.00136642637904952
ITM2A,0.00136565880691064
C81615,0.00136536842540341
UBE3B,0.00136364570767496
USP50,0.00136357942312782
KRT82,0.00136329726812745
DEFA-RS12,0.00136293253579474
KLF2,0.00136191003678695
STIL,0.00136089777421362
D17ERTD657E,0.00135995515492941
ZCCHC11,0.00135988963705627
CSTF2,0.00135881401107462
AF067061,0.00135841980610532
CATSPER2,0.00135824697643066
PPP3CC,0.00135789316832561
MRPS36,0.00135784990301933
CCDC116,0.00135763428908959
TFAP2C,0.00135753758760643
ABCG4,0.00135663323001083
SCARA5,0.00135440382491159
2310045N14RIK,0.00135429646225871
SORD,0.00135403769709252
ADH5,0.00135355122700463
SLC5A4B,0.00135256625419514
TBX5,0.00135195915775794
DNAJC15,0.00135123545618845
ATP6V1A,0.00135025028834004
ALKBH5,0.00134929658720409
RILP,0.00134882525841818
PTCHD2,0.00134784995910076
KLRA5,0.00134765208918571
FAM175B,0.00134758755333182
PUS10,0.00134695734458485
5730407M17RIK,0.00134616662050825
SMCHD1,0.00134595287119191
ALPI,0.00134577942039819
ATP13A5,0.00134573609590271
LY6H,0.00134542392534477
4833417J20RIK,0.00134426485262198
D4ERTD510E,0.00134400688776955
4930458K08RIK,0.00134382876685995
GM19439,0.00134369072778767
PPIE,0.00134220794101261
TENM2,0.00134205863504408
SMIM5,0.00134175290245939
THOC3,0.0013414361708145
SEC14L4,0.00134001131716793
ZMYM2,0.00133878139510432
LIN52,0.0013385907603904
FAM189B,0.00133850218384762
PCP2,0.00133797366366669
CIB4,0.00133793470416584
GNA12,0.00133746223431815
FANCG,0.0013374383545971
UFD1L,0.00133693446390581
SLC52A2,0.00133592407946108
RHO,0.00133575405418523
2210013O21RIK,0.00133565495037624
SECISBP2,0.00133456906522114
FBXL8,0.00133374617490473
POLA2,0.00133263676984965
1810055G02RIK,0.00133234178955752
GEMIN2,0.00133211429434687
PEG12,0.00133176848798028
KDELR2,0.00133169422394358
ANLN,0.00133094133098169
ZBP1,0.00133090513193694
WWTR1,0.00133006032342927
GPR137B,0.00132877048180421
4930434J06RIK,0.00132854091596156
SLC25A3,0.00132809163913004
LOC102634753,0.0013280454627006
GM20740,0.00132799903727711
TBPL1,0.0013276998856116
HINT1,0.00132745596339641
PER3,0.00132686343719136
AF067063,0.0013266440509363
GRCC10,0.00132620877237879
CNTD1,0.00132595745347539
FAM221B,0.00132594715770358
ASCC1,0.00132559903123701
C79709,0.00132548424567983
FOXF1,0.00132455526939865
TMEM70,0.00132444388443537
A130009I22RIK,0.00132261187706559
TUBG2,0.00132214201188523
AP5M1,0.00132169201334582
B230303O12RIK,0.0013208392580485
DRG1,0.00132066337220105
PYCARD,0.00132026631863357
COL20A1,0.00131996291627549
C1QTNF9,0.00131938307885936
IZUMO2,0.0013192487084711
TMEM52,0.00131897787317511
FAM212B,0.00131849134819547
MUSTN1,0.0013184441258707
PECR,0.00131731410710803
THAP2,0.00131726152797639
C030034E14RIK,0.00131693924439879
TMEM89,0.00131611387578398
GM15698,0.00131562071266496
SIRPB1A,0.00131558359062096
IGJ,0.00131512668570502
ENC1,0.00131489688356949
RPS11,0.00131436851382159
LRWD1,0.00131297138510157
PRSS22,0.00131229061630984
ITGB4,0.00131209824301242
PTGDR,0.00131175695491076
CIRH1A,0.00131136025679754
DNAJC5B,0.00131129041580169
C78891,0.00131125125236706
3021401N23RIK,0.00131078950044612
NLE1,0.00131006172797767
UGT8A,0.00130977691949088
SEMA3G,0.00130929078082234
CAPNS1,0.00130849432071292
E2F7,0.001308421940145
TAMM41,0.00130818059060006
LRP6,0.00130638383161694
4930592C13RIK,0.00130393856979426
4930448F12RIK,0.00130393470964491
RSPO4,0.00130335703698809
PPP4R1L-PS,0.00130332768738273
AU015148,0.00130266642030422
MYL2,0.00130266320933397
TM9SF3,0.00130259323259336
FMR1NB,0.00130167384639959
SFXN1,0.00130120456076563
GM16491,0.00129973192103191
ACSL3,0.00129932776504578
PSME3,0.00129904296271682
CRB1,0.0012989560536108
D14ERTD574E,0.0012988882178355
NT5C3B,0.00129859207510286
IDS,0.00129777071369954
KLHL7,0.00129694267652019
TRMT112,0.00129547905161744
APOB,0.00129544721227161
INHBC,0.00129499878474832
SLC22A8,0.00129460104488194
GALK1,0.00129444259315677
NAP1L1,0.00129403085110959
CACNB2,0.00129315556798601
2610002J02RIK,0.00129304809281194
MCMBP,0.00129294281270506
4930458D05RIK,0.00129226280280876
DPPA5A,0.00129221944094915
PTPLA,0.00129205889615507
GM12500,0.00129200134606919
4921508M14RIK,0.00129187810055094
A830021M18RIK,0.00129176110364617
FBXO33,0.00129127311934754
TMEM123,0.00129026980546817
A430106A12RIK,0.00129020608793941
GPR39,0.00129019788590692
NAIP2,0.00128911687440964
C130050O18RIK,0.00128890868138689
D12ERTD216E,0.00128855379265863
SIGLEC5,0.00128739938596381
RFPL4B,0.00128710188937598
TMEM186,0.00128680403791646
IGHG,0.00128632196410321
GNG4,0.00128627211818494
2310057B04RIK,0.00128587101296296
TRPS1,0.00128508901737105
PTPRU,0.00128468310681956
MSN,0.00128457059633545
CNBP,0.001284447360721
CCT2,0.00128424029245676
ERP44,0.0012839345183883
FIGN,0.00128343716506129
LINCENC1,0.00128294284737902
STAR,0.00128280420375241
RNF39,0.00128211620704742
EID2,0.00128158315729176
E130311K13RIK,0.00127969920461975
CDC42EP5,0.00127963554760289
A030012G06RIK,0.00127962943333777
CAMK2G,0.00127960232012402
TBC1D7,0.00127850113502372
TRIM72,0.00127845469407923
TUBB2A-PS2,0.00127829323578174
TPRKB,0.00127711979310376
EDNRA,0.00127626567727707
4930420G21RIK,0.00127589576824271
KATNAL2,0.00127561383358033
KPNB1,0.0012756023471307
ZPBP,0.00127550082302423
PYGM,0.00127409680399381
PRSS58,0.00127406644357158
TMEM164,0.00127319689377256
SIAH2,0.00127124490932928
USP9X,0.00127046167055405
ZFP688,0.00127032387076711
CNKSR1,0.0012701988217297
PDK4,0.00127007747501977
BC048671,0.00126944992401497
SPTY2D1,0.00126879116066635
KCTD15,0.00126830633480029
HAS2,0.00126814353304342
MOSPD4,0.00126813795201869
4930515G13RIK,0.00126797987751256
FANCA,0.00126742378626721
OGFOD3,0.00126705038041388
BRSK2,0.00126699658761986
KCNK5,0.0012668863851013
IFITM3,0.00126665280211193
DNAJC5,0.00126474520254434
UGT2B34,0.00126454279297308
CHMP5,0.00126450401251346
RABL3,0.00126427066473707
SYTL1,0.00126417326790902
RPS6KA4,0.00126369319400005
MMGT1,0.00126266617976046
D3ERTD162E,0.00126262900991126
KAT7,0.00126247201314607
RHOX13,0.00126234222592375
AU022297,0.00126175522300776
GM3716,0.00126135863923608
NPRL2,0.00125974526692884
TEX101,0.00125960818100585
BPIFA3,0.00125958268832128
ORC5,0.00125927570964209
GTF2H4,0.00125920538780371
TMEM170B,0.00125920324906273
AW124847,0.00125915304481455
GBAS,0.00125885005841557
M1AP,0.00125803237527667
1700024P04RIK,0.00125790003031019
FAM47E,0.00125739937247922
CHIA1,0.00125722643188716
PALMD,0.0012571048827757
MGAT3,0.00125685757406369
SPNS3,0.00125616746398084
1700017H01RIK,0.00125574131505797
GHITM,0.00125425613514769
ATAD3A,0.00125405570966409
ZFP369,0.00125374010194319
ATP10B,0.00125359437216851
GM19818,0.00125359093200625
2210019I11RIK,0.00125339657097935
HBA-X,0.00125299605206266
TMEM14A,0.0012527017072966
YWHAH,0.0012523411327079
PPA2,0.00125213431135778
GM17250,0.00125112655087494
LSM7,0.00125104733281719
MKRN3,0.001250836035881
MSL1,0.00125053641879266
U2AF2,0.0012504674590057
KLHL4,0.00124976336359754
GM14743,0.00124928595477254
C430002E04RIK,0.00124868821494529
SYCP3,0.00124858306882767
LANCL3,0.00124829737180844
CCDC185,0.0012473442680655
ARL13B,0.00124707573255864
TMEM86A,0.00124654378682783
THUMPD3,0.00124609822856377
4930572G02RIK,0.00124595928359098
SLC44A3,0.00124578257161921
LPAR1,0.00124576719705843
ZFP296,0.0012454622442574
4833408G04RIK,0.00124521599126968
RICTOR,0.00124468319889105
ARRDC3,0.00124457437817697
FAM110A,0.00124307475658965
TMED8,0.00124281202804871
G730013B05RIK,0.0012424368927967
CDK16,0.00124201231777224
SLC13A4,0.00124178872030508
ALS2,0.00124154920311517
MAT1A,0.00124095027787982
TEX26,0.00124056930773101
RUFY2,0.00124012344167303
GFOD2,0.00123959851058197
FEV,0.00123847610939768
RDX,0.00123821662356668
GSTO1,0.00123807555969106
DDX5,0.00123757076319474
GM732,0.00123655674163286
CLEC4A3,0.00123633996982171
EXOC3L,0.00123601249985551
PTH,0.00123581357579896
E030042N06RIK,0.00123494382038345
HSD17B6,0.00123299950774411
TBX4,0.00123253041996089
MMP1A,0.00123231344912696
SEZ6L2,0.00123226451840743
A030014E15RIK,0.00123146539889167
PNMA1,0.00123142828699304
TRIM8,0.00123135362229014
4931413K12RIK,0.00123111061543634
RHBDL2,0.0012306361625648
TRAM1,0.00122900889900772
ABR,0.00122853460570462
6030458E02RIK,0.0012280359038262
APPL2,0.00122755149551646
CUL4A,0.00122684984894452
APLP1,0.00122616106831537
SYDE2,0.00122597329820164
PPP1R27,0.00122592286825284
DZIP1,0.00122583892178051
RNF20,0.00122520845795535
SMG5,0.00122515454757588
IDH3B,0.00122436307258026
ACTR3,0.00122338650277552
EFNB1,0.00122320419080314
SLC12A2,0.00122290525204686
DDX21,0.0012225228334273
CYP27B1,0.00122247619466613
NFX1,0.00122242718692555
TCL1B1,0.00122223042360415
CNGB3,0.00122183935912526
C130073F10RIK,0.00122177272423879
ARID3A,0.00122164774704441
OLFR658,0.00122084545308807
KDM3B,0.00122064306531754
CINP,0.00121974505449726
ARMCX6,0.0012195653559438
KLF15,0.00121916291602382
ZDHHC19,0.00121908965723103
F11,0.00121861813363573
A130019P10RIK,0.0012182978490835
KIF22,0.00121737093971835
RAN,0.00121699989119704
RILPL1,0.00121639161438437
CLHC1,0.00121635971829331
TOMM70A,0.00121574799361184
C030046E11RIK,0.00121556207791025
LRRN1,0.00121384725394367
4930442G15RIK,0.00121368005777616
KLHL8,0.00121335658880139
LOC100043315,0.0012133027551211
4932414N04RIK,0.00121282697847094
RHOX6,0.00121245848243878
VCP,0.0012123905555602
EPHA8,0.0012123846391911
ATXN1L,0.00121173641066595
EBNA1BP2,0.00121126160592285
LAMB1,0.00121073566746644
UBE3C,0.00120977817231025
CDC42EP3,0.00120913917932228
GNG11,0.00120910725327189
ATP12A,0.00120819082270629
NCKAP1L,0.00120682968007495
RFK,0.00120680666399653
6430537I21RIK,0.0012062792080775
TIGD5,0.00120588237794045
SGOL1,0.0012053623692589
JARID2,0.0012048940896341
ZDHHC17,0.00120415740776665
D430018E03RIK,0.00120360775189931
POLDIP3,0.00120300396831752
DCLK2,0.0012029798623977
YPEL4,0.00120208851850773
4932438A13RIK,0.00120201222964179
STOX1,0.00120191864290398
PPA1,0.00120148879512005
ANKRD22,0.00120134848350479
4930592A05RIK,0.00120115439102472
TARS2,0.00120108923699317
OOEP,0.00120047020991074
ETFDH,0.00120026597517822
SLC7A1,0.00120024170875442
FAM181A,0.00120020834232568
GPR124,0.00119941149562747
LCE1C,0.00119934599495163
TGFB1,0.00119919079598701
STK31,0.00119806774929742
NRTN,0.00119771000236691
TBX18,0.00119751845366237
SRGAP1,0.00119704759769596
DAXX,0.00119671834351999
ZGPAT,0.00119652948867684
LOC102637763,0.00119643464501305
CTSH,0.00119628225923127
4930573O21RIK,0.00119600589443329
SASH1,0.00119554393383969
HIGD1B,0.00119434544410431
ABHD4,0.00119432901486235
ZCCHC13,0.00119412375829619
ASH1L,0.00119395810315759
ZFP260,0.0011939474698406
COL13A1,0.0011934498846101
TNRC18,0.00119304140065265
E130116L18RIK,0.00119225492643677
ANKRD23,0.0011920609795532
MRPS28,0.00119124615544763
MSL3L2,0.00118954269021441
MTMR14,0.00118951371297907
DBH,0.00118842443520012
HOMER1,0.0011880945810834
BBX,0.00118794028592743
RSL24D1,0.0011878283049433
SLC9A5,0.00118741695498946
FAM101A,0.00118700846138789
IL10RA,0.00118596270816928
PIGF,0.00118591815667712
ZFP276,0.00118577174623847
1700084J12RIK,0.00118567064507587
4933411E06RIK,0.00118566545328994
1810062G17RIK,0.00118542821157208
5930427J20RIK,0.00118537128965407
PPP1CC,0.00118522741046877
PARP2,0.00118400638994161
GTPBP10,0.00118395312736816
EIF2D,0.00118390828033076
ALLC,0.0011835061391686
B230308N11RIK,0.0011830211828743
CSF1,0.00118288571027793
PCED1B,0.00118194874991824
DHRS11,0.00118166874670646
ITFG3,0.00118099440439969
EXT1,0.00118092666806177
H2AFY2,0.00118090003243349
1700072H12RIK,0.00118080877879236
FUBP3,0.00118063489688446
D19ERTD744E,0.00118053605522311
2810408B13RIK,0.00118021554764945
SH3D19,0.00118011845087966
ZFP68,0.00117976226577588
PLA2G6,0.00117906525930501
DNAJC28,0.00117895295630934
1190002N15RIK,0.00117878604940382
GTSF1L,0.00117843795660447
GM6590,0.00117841170288033
KIFC5B,0.0011783033907535
PPP1R16A,0.0011774894318845
ADAM3,0.00117683799540072
MXI1,0.00117671609835709
CTRC,0.00117541534594903
4932431P20RIK,0.0011748998279863
ACNAT2,0.00117448335384843
ZFP677,0.00117426850063777
5430435G22RIK,0.00117421336513196
KLRA15,0.00117413403467783
SLC37A4,0.00117334969609077
9430018C23RIK,0.00117328729843585
SERPINB3A,0.00117279651236517
KLRA19,0.00117248983702881
B130024G19RIK,0.00117235297291815
P2RY13,0.00117193484922107
TCRB,0.00117186593041664
GRIA4,0.00117160278304156
TRIP4,0.00117154011267771
TCOF1,0.00117099401318269
AA511261,0.00117089867318348
GTF2H3,0.00117046249824822
ZC3H12C,0.0011703962125179
E2F2,0.00116992770656121
DNMT3A,0.00116931245597865
LOC102631979,0.00116835109996548
KDM5A,0.00116734495324717
SNUPN,0.00116701434983669
NPR2,0.00116596509370073
COL9A1,0.0011658968628554
IMPA2,0.00116554164788143
PUS7L,0.00116524022237797
GGT5,0.00116515829942277
SREK1,0.00116512173859862
D330040H18RIK,0.00116454762554352
HTR4,0.00116437135726412
KAT6A,0.00116433222839869
A430088I17RIK,0.001163768921423
RPF2,0.00116350654386594
TTC17,0.0011632931045913
STON1,0.00116281306689457
LCE1I,0.00116279589109093
GEMIN5,0.00116228344017284
EPX,0.00116223371011868
E2F5,0.00116183044178719
CNOT4,0.00116127088448854
ALKBH1,0.00116059301680423
TPPP3,0.00116014487547693
2310029O18RIK,0.001159802416303
NDOR1,0.00115960720390869
ZMYM1,0.00115956507277744
IL17B,0.00115939247178378
CDHR4,0.00115938260808011
CPXM2,0.00115924803806638
SNAPC3,0.00115905026679876
DLEU2,0.00115869724598091
MAPKAP1,0.00115850659563328
A230059L01RIK,0.00115836059081343
SWSAP1,0.00115743935116721
CD74,0.00115619505743801
MRPL11,0.00115565555868091
TMEM102,0.0011553428032608
KCMF1,0.00115418233189113
RPS27L,0.00115345865682598
HOXA9,0.00115316712414277
ANGEL1,0.00115287134393019
CHMP4C,0.0011526268767787
ABCF3,0.00115235054041069
KARS,0.00115229481206527
NDC1,0.00115217843932669
NCOA6,0.00115168079363177
PPT1,0.00115051606268076
DEFA-RS1,0.00115046460221082
ASUN,0.00115026506684952
CRP,0.00114978170779651
ZFP14,0.00114836457477473
CCR7,0.00114803838830302
ARHGEF18,0.00114703441693856
ELFN1,0.00114455610383621
GOLGB1,0.00114362490595517
LPAR4,0.00114251998794804
E430025E21RIK,0.00114202525971202
CAMKMT,0.00114176912699334
G730007D18RIK,0.00114123217213124
DND1,0.0011404254646267
TAP1,0.00114012631733161
PON3,0.00113943163521179
CCDC58,0.00113896893971752
ALDH1L2,0.00113851229936181
OLFR1507,0.00113831309387359
EEF1A2,0.00113830871395808
PRRXL1,0.00113828264014099
MRPL41,0.00113772814954314
AI429214,0.00113680634875922
MLLT6,0.00113670232799081
NAT3,0.00113588927048974
KCNAB3,0.00113565773249941
4930438A08RIK,0.00113520582600993
RPL7L1,0.0011340991003789
5330425B07RIK,0.00113392910121323
ITGA8,0.00113320938650447
LUZP2,0.00113309698053259
RAB3B,0.00113304312028661
RASSF1,0.00113292904493699
4931406C07RIK,0.00113258251893132
SAPCD1,0.0011323803060485
NUDT1,0.001132233519383
SERPINF1,0.00113213096761971
2410003I16RIK,0.00113149739208442
ROS1,0.00113120289232337
NAA50,0.00113102970680495
ZDHHC3,0.00113100817835637
POU6F2,0.00113073589244396
FAM207A,0.00112852935511252
STX6,0.0011280579568511
TMEM43,0.00112770025013369
ARRDC5,0.0011273862207461
EXOSC3,0.00112679481550041
UBXN2A,0.00112667563108795
MTOR,0.00112624543900566
1700094J05RIK,0.0011255849264068
9630001P10RIK,0.00112512994637401
TAF15,0.00112505811375051
ZC2HC1A,0.00112488126385201
UQCRH,0.00112484545018102
PSMG2,0.00112429502985731
ISG20,0.00112404315998728
EIF2B4,0.0011217865382824
NRG3,0.00112165148330466
CRISP3,0.00112129117929519
FIZ1,0.00112071084850796
2310010G23RIK,0.00112069754583749
1700048F04RIK,0.00112045208525179
OSGIN1,0.00111958700290551
GM11559,0.00111860254876418
POT1B,0.00111848051225578
TIMM8A2,0.00111782034145463
DHX30,0.00111775526592945
BC147527,0.00111770878938803
ATP2B4,0.00111731959646274
PRPMP5,0.00111684890017609
FBRS,0.0011166332275443
A930006K02RIK,0.00111642469554106
MED12,0.00111627445928112
ATXN2L,0.00111610430908891
SCUBE1,0.00111564875252064
D2ERTD127E,0.00111360928745123
5530401A14RIK,0.00111345643466763
GPR137B-PS,0.00111267131497187
E230008N13RIK,0.00111264436426034
SMAP2,0.0011118110834686
BMPR1A,0.00111175285119171
COX7A2,0.00111115964003935
ADAM10,0.00111042254288442
TANK,0.00111013005416048
2810457G06RIK,0.00110958343322498
TMEM167B,0.0011090293623783
4930594C11RIK,0.00110897630091433
CHMP6,0.00110845198740385
INTU,0.00110839800078544
AI790276,0.00110768244763477
FAM20A,0.00110726574047279
CPED1,0.0011067635874813
C78568,0.00110606335158501
M6PR,0.00110566558866933
TNFRSF23,0.00110521401297886
ANKZF1,0.00110418590521334
HGSNAT,0.00110387844702861
2410137M14RIK,0.00110384227356324
TPM1,0.00110374973980828
ASNS,0.00110374940891261
MEGF9,0.00110331088840551
PRSS27,0.00110305393599662
WWC1,0.0011025040588845
STAC2,0.00110237142479994
KLHL41,0.00110227323129953
CLNK,0.00110223426453029
MECP2,0.00110195061857381
SLMAP,0.00110181751959864
4930485E13RIK,0.00110154437795476
WFIKKN1,0.0011012327674536
FOXL2,0.00110099286565669
HNRNPF,0.00110062315791469
1700037C18RIK,0.00109944048696659
ITGA1,0.001099227478429
PGM2L1,0.00109892837087986
TSPAN32,0.00109879948062605
IFI30,0.00109858554284692
4833444G19RIK,0.00109836223771699
SUV420H2,0.00109831991845862
AKAP13,0.00109831609059834
KCTD12B,0.00109810170201379
HIVEP1,0.00109753579410091
LHX8,0.00109709817635959
AHSA1,0.00109622979663651
PARP12,0.00109622427220403
ATP13A3,0.00109611223157055
SRF,0.00109569712770214
POLL,0.00109559389522124
ZFP623,0.00109536782437394
ETOS1,0.00109461094444069
4833424O15RIK,0.00109446684611833
ZFP3,0.00109441764845737
MDGA2,0.00109439908183242
PROB1,0.00109365844535384
GPATCH2,0.00109310650635112
UNC45A,0.00109304980716338
TPGS2,0.00109252461069511
USP45,0.00109191458361331
AKR1A1,0.00109167902135775
KCTD10,0.00109154660116537
ACOT6,0.00109131107096106
CETN1,0.00109103406118746
HAT1,0.0010903760567521
CRIM1,0.00108997423061829
GPR27,0.00108967069580596
MRPL17,0.00108958364947193
CLDN2,0.00108955654329531
2700008E08RIK,0.00108934306682777
GIMAP8,0.00108783987259177
5830403F22RIK,0.00108744387562329
PCNX,0.00108741237632531
ENY2,0.0010872751377981
PPIL4,0.00108591761341948
DYRK2,0.00108479903613475
BAK1,0.00108463894227432
GM9112,0.00108453832810502
CAMKK1,0.00108436765963035
RTN4R,0.00108431313913222
UTS2R,0.00108424998052817
MOSPD1,0.00108418369310129
FMNL1,0.00108352473210507
DEFB35,0.0010834403520636
GM15545,0.00108330204117309
DIABLO,0.00108325326911703
LDLR,0.0010830528895145
1700023H06RIK,0.00108305202564641
SH3BGRL,0.00108270134889968
ATAD2,0.0010823315192756
ABHD17A,0.00108110880436282
PFKFB3,0.0010808860424056
SH3RF1,0.00108059329319666
TEX40,0.00107920671875385
NPY6R,0.00107854461106153
2010106E10RIK,0.00107851243333991
TAL2,0.0010784901007537
MSH5,0.00107805937882555
RBM14,0.00107803999158069
4930500E03RIK,0.00107800828313068
PPP1R12C,0.00107791614691003
MBNL1,0.00107781630398233
ARHGAP26,0.00107715787503025
FAM3A,0.00107692552935607
POLE,0.00107628619028038
AU022238,0.00107572308047499
NRN1,0.00107551038266985
LRRC51,0.00107540220947103
SLC35A4,0.00107490397373251
GRIN3B,0.00107436699341704
RNF122,0.00107396538741991
PLAGL2,0.00107393232385298
PRODH,0.00107374977294501
SLC8A1,0.00107369353762637
FABP9,0.0010735501890466
NME4,0.00107341283196202
TAS1R2,0.0010728722418742
GSTA3,0.00107274190851701
STK17B,0.00107255550171293
CYB5R1,0.00107250334474743
4933408J17RIK,0.00107249181114189
GBP7,0.00107222971690598
4833419G08RIK,0.00107221819825323
4933405E24RIK,0.00107142440709705
NTNG1,0.00107032037797065
A630039O03RIK,0.00107024411044338
RANBP1,0.0010699323560573
OIT3,0.00106923976332403
4930579G18RIK,0.001069040202371
ZFP358,0.00106896862898505
IER3,0.00106882995359407
PHKB,0.00106880041027805
CCL12,0.00106879885292206
CD300LD,0.00106840204773141
FBXO25,0.00106798314474746
H2-T3,0.00106733433629381
9530025H10RIK,0.00106669482897276
DEFB2,0.00106637413332196
FUNDC1,0.00106605563814721
RASGEF1C,0.00106546649518552
CTLA2A,0.00106512474318887
USP18,0.00106442087718353
DNAH12,0.00106429941186853
TRABD,0.00106405639074817
BPIFB1,0.00106361101777278
HOXA1,0.00106319867062287
4930562D21RIK,0.00106282702089005
TM9SF1,0.00106269612948563
DNASE2B,0.00106264654026161
CTNNBIP1,0.00106244048504536
PRDX3,0.00106239405096778
5830426C09RIK,0.00106062460171454
CEP112,0.00106049098038897
NCBP1,0.00106034490156187
GADD45B,0.00105997750368062
SLC41A2,0.00105958780974095
TMEM154,0.00105917038148558
MYL6,0.00105844447399694
JUN,0.00105841008497922
NDUFAF6,0.00105837383070498
ORAI3,0.00105836976364317
ZFP708,0.0010574730603438
TBC1D14,0.00105663364059894
OPRM1,0.00105597576508177
RPS6,0.00105589864135205
PPOX,0.00105533336689127
2410006F04RIK,0.00105532257071255
9430076C15RIK,0.00105502137469119
IWS1,0.00105490634071338
SELL,0.00105436158142423
4930417O22RIK,0.00105389152729768
POU3F3,0.00105376577433905
SPIB,0.00105324527506061
SLC39A14,0.00105297107754401
DCAF12L1,0.00105259467857005
PTGDR2,0.0010523301414215
ASCL3,0.00105227496918849
DENND1C,0.00105203653921088
4930473M17RIK,0.00105154692681936
PRSS45,0.00105115336086335
MYEOV2,0.00105043712567765
ACE,0.00104972252111106
SIX5,0.00104893910969966
USP13,0.00104887214582037
THAP3,0.00104862202642887
0610006L08RIK,0.00104815949159976
EFCAB4A,0.00104785762734625
LOC102633981,0.00104756409874529
CCDC88A,0.00104671508659569
HOXD10,0.00104661454455924
MPP7,0.00104656473596262
CRAMP1L,0.00104634601914798
NPTN,0.00104567731584766
METTL20,0.0010452342899912
ITPR1,0.00104497633033967
6330418B08RIK,0.00104477634163084
PELI2,0.00104418575329781
GTF3C4,0.00104417262601662
NOS3,0.00104341848617684
COQ10A,0.00104242806999807
TRP73,0.00104134158074874
PIK3R5,0.00104121047469114
DEFB10,0.00104111663316044
RNF112,0.00104097532402736
RNFT2,0.00104015359797394
TUBA3B,0.00103969778773065
E130309D14RIK,0.0010391901137801
CELA3B,0.00103794375586997
4930588G05RIK,0.00103789044368042
4732423E21RIK,0.00103543583445688
ORC6,0.00103463397979957
TXNDC2,0.00103404264563592
6530406A20RIK,0.0010332626598844
VEGFB,0.00103320634011888
HDAC8,0.00103292392998321
BTG4,0.001032006447271
MGME1,0.00103198431940129
ARFGAP2,0.00103137443791086
PKHD1,0.00103070260648675
REG3B,0.00102878012983234
PHYHIP,0.00102851352900226
MYOCD,0.00102814439268075
9230112D13RIK,0.00102795345497098
ACLY,0.00102717961151021
GSN,0.00102708473555228
ZFP592,0.0010267687567809
GM5148,0.00102595772009281
ANKRD17,0.00102590562548665
RNF11,0.00102492387859087
5730526G10RIK,0.00102337537118536
EPHA6,0.00102319325710292
CEP170,0.00102318709741737
ARL1,0.00102310266767207
DDX31,0.00102275495231713
ADCY2,0.00102274465359654
MARCH5,0.00102268682241863
WWC2,0.00102215794597505
ITSN1,0.00102203887168147
BC005685,0.00102168533275076
4930487N04RIK,0.00102143652656032
MRPL32,0.00102127228440439
GRM2,0.00102124552387217
CCDC22,0.00102036493926901
ACBD5,0.00101956328391266
MBD5,0.00101936799835384
RAMP1,0.0010191255565641
KMT2D,0.00101789379098696
MFAP5,0.00101752658273034
FUT11,0.00101742093961846
MMP13,0.00101718338067562
MSH3,0.00101620645816312
5730406E14RIK,0.00101613256007437
IQSEC3,0.00101602953260057
CBR4,0.00101580650407368
9330111N05RIK,0.00101372380020491
C79240,0.00101354035644758
AGBL5,0.00101314188752806
CD27,0.00101305833213005
SIGLECG,0.00101304112197611
CSMD2,0.00101282217714176
NAP1L4,0.0010127336091
GM9789,0.00101163112146105
1700096K18RIK,0.00101152376423037
4921504P05RIK,0.00101152118441813
PIK3R3,0.00101151546228122
GM17501,0.00101083140035551
UGT2B37,0.00101060470554313
5830485P09RIK,0.00101021932016294
FARP2,0.00100968567039794
SLC12A4,0.00100952814451716
MYG1,0.00100947043616714
PPP2R1A,0.00100930972983349
IMPA1,0.00100898115706742
MYO1D,0.00100897515506525
LOC102633199,0.00100881738598579
RAB42,0.00100763473146929
PIP5K1C,0.0010063010839608
OCIAD2,0.0010062552102711
ZFP652OS,0.00100605023219512
FAM96A,0.00100589979407183
PAPOLA,0.00100512936328995
BB114814,0.00100455340091227
SCG2,0.00100395859399146
GAD1OS,0.00100392802008352
6430514K02RIK,0.00100389094802862
CADM3,0.00100342151428749
CACTIN,0.0010033353827905
GABRG2,0.00100313500241574
GM10997,0.00100305924356192
IL25,0.00100277057864011
ZFP82,0.00100064674831152
GPN3,0.000999471200437246
MOB3C,0.000999081151023596
D230040A04RIK,0.000998518128581824
PLAU,0.000998503001473315
GLIPR2,0.000998448186606004
RLIM,0.000998418532285501
GFI1B,0.000997975264322135
LOC75771,0.000997837076965228
GSTT3,0.000997198442055455
APOH,0.000996543801085296
TSPAN14,0.000996527166474713
ZAR1,0.000995777186705542
MAP1B,0.000994647359247917
PDCD4,0.000993828252141495
ZBTB20,0.000992715306152823
EXOSC6,0.000992228483551384
DEPDC1B,0.000991728584880535
NMU,0.000991650269992546
BTC,0.000991606616763049
CRTC3,0.000990677503864914
ESCO2,0.000990198423587118
BAIAP2,0.000989717112166609
PTDSS1,0.000989527205740433
KLK12,0.00098919551491963
PARN,0.000988968828515554
SLC3A2,0.000988846679527248
CRIPT,0.000988626271722125
H2-AA,0.000988553208113717
DDOST,0.000988056152631125
H2-OB,0.000988028013861916
GM2381,0.000987992174734683
NGRN,0.000987706362649903
BC053393,0.000987617588779521
SH2D1A,0.000987450781556397
PLEKHA3,0.000987056263624598
GABRE,0.000986896319067681
MANEA,0.000986068920735585
2900097C17RIK,0.000985390509084209
UBAC1,0.000985105489564315
C030014O09RIK,0.000984857988792355
IPCEF1,0.000984502837997196
FBXW14,0.000984494562148422
ZFP1,0.000984346148373722
TSEN15,0.000984176024626097
VMP1,0.000983900010308489
AP4S1,0.000983826793788232
CDPF1,0.000983372701923968
HSD11B2,0.000982664086857365
2310036O22RIK,0.000982315756342484
D7ERTD495E,0.000981494646772712
ADPRM,0.000981247852143412
TBX22,0.000981207496349883
WSB2,0.00098104211149417
MARCKS,0.00098070618585401
NHSL1,0.000980055740120561
RYR1,0.00097995135419091
GOLPH3L,0.000979033499353425
SERPINC1,0.000979017870354476
ZFP799,0.000978934342663989
INS2,0.000978795471927869
GJB2,0.000977775695479181
BC006965,0.000976568389606125
CENPH,0.000976337139276539
HNRNPH1,0.000975670660903779
FSHB,0.00097538818077456
MTMR9,0.000975380226866685
OMG,0.000975073066784764
ALDOC,0.000974237565628214
NCAN,0.00097380349163436
GGT7,0.000973802719974173
NUDT21,0.000972259362798751
WBSCR28,0.00097217643996686
DCK,0.000971852764056091
ZBTB22,0.000971200240660182
IGFALS,0.000971121963815151
A530084C06RIK,0.000971094839630373
D19ERTD132E,0.000970544536322725
9430063H18RIK,0.000970512673721018
GGH,0.000970087253157311
MAPK7,0.000969987339631832
LLGL1,0.000969948006041057
NAALADL2,0.000969616731337939
ZIM3,0.000969282891098416
INO80DOS,0.00096883524979448
LOC102634580,0.000968567637872993
RHEB,0.000967659819224309
VSNL1,0.000966645958398237
OAZ1,0.000965806126553162
CLCF1,0.000965553353537854
MSX3,0.0009654207050277
FABP5,0.000964557498724293
COL22A1,0.000964168415840815
NEUROD2,0.000963214774483346
IGHV14-2,0.000963201531775145
ZC3H10,0.000963158575771716
GM13023,0.000962552829439084
VTN,0.000961637102904827
TEX24,0.000961187698808338
DUSP2,0.000961171991545157
TMED11,0.000960761284357442
C1QTNF6,0.000960514793945512
DDX4,0.000959967474156031
SLC36A2,0.000959431961123888
A130010C12RIK,0.000959088119720751
CDC37L1,0.000958828811208878
ANKRD13D,0.000958358571380646
METTL5,0.000958343776807323
TMEM64,0.0009580881944268
CAPNS2,0.000958085754582634
GRPR,0.000957840931306622
DEFB9,0.000957770216743824
AK018214,0.000957225153401853
FBN1,0.000957057664377774
GJC3,0.000955822109538894
TENC1,0.000955794935321477
NUS1,0.000955452573991039
4932416H05RIK,0.000955134161572479
4933435C09RIK,0.000954929169992628
FAM208A,0.000954852621808093
4930448D08RIK,0.000954306112914355
GNB4,0.000954304419344715
MDH1,0.000953694600818377
FTH1,0.000953663624490608
MAP3K8,0.000953411381688905
GINS1,0.000953248896391823
5730419F03RIK,0.000952389744223912
KDM4B,0.000952132062529704
PAIP1,0.000951359380488796
GP1BA,0.000951138095202821
D10JHU81E,0.00095086234545789
IFIH1,0.000950560472339713
STK11IP,0.000950478790915541
IFNAB,0.000950439939034052
FBXW22,0.000950088805943935
CBX5,0.000949843882985753
AQP8,0.000949419108160839
2810404M03RIK,0.000949209072033839
TRUB2,0.000948941588190236
CYC1,0.000948135335061111
SYCE1,0.000947948299657559
DNAJA1,0.000946763097937692
CREB3L3,0.000946246807178247
DIP2A,0.000946077939401703
RCSD1,0.000945929762959707
A230056P14RIK,0.000945826112881234
ASIC2,0.000945672794489213
PTPDC1,0.000945536735610139
HINT3,0.000945137376817314
REEP1,0.000944585391835196
FPR1,0.000944554056528136
1700031L13RIK,0.000944058122429553
STT3B,0.000943364285678363
THSD4,0.000943053002189481
TMPRSS2,0.000941947365875717
EIF3D,0.000941859981347322
TAT,0.000940374507003915
KRCC1,0.000939865376381146
C530045E16RIK,0.000939616647323871
CAPN12,0.000938116514959575
GPKOW,0.000938082202628167
4930564D02RIK,0.000937996706383482
9330198N18RIK,0.000937618085496315
KLHL24,0.000936995432067532
GPCPD1,0.000936989014318033
PA2G4,0.000936362115980852
VTA1,0.000936020414462762
BCL2L14,0.00093571924875815
PIGYL,0.000935267431299529
HTT,0.000934907748474327
EEF1E1,0.000934725627117576
TSPO2,0.000934417526769922
HMGN3,0.000934341377880891
IGDCC4,0.000933844653362149
GM9706,0.000933215120816696
SOD1,0.000932479042699268
TRIM40,0.000932165409258307
GGN,0.000931422523710825
1700018C11RIK,0.000930719485036124
SLBP,0.000930640925692518
PSPC1,0.000930472194455586
ARIH2,0.000930338393675891
SCAF1,0.000930200549445156
2810037O22RIK,0.000930167858971774
2610317O13RIK,0.000930153853102979
SUSD3,0.000930018929451406
RPL38,0.000929990351533959
ARHGAP9,0.000929534253636736
ANAPC4,0.000929531212501761
DDX55,0.000929124635603396
SLC45A4,0.000928758919054551
ARHGAP44,0.000928046819024691
DNAJA3,0.000927641107322322
1700093C20RIK,0.000926971816656078
LOC101056236,0.000926962582047114
HMGA2,0.000926422723728725
TLX3,0.00092617737693765
1810018F18RIK,0.000925870790259543
BIRC3,0.000925488825064388
BTG2,0.000924493045575229
9830166K06RIK,0.000924438475231218
OTUD4,0.000924266880868097
SERPINA3M,0.000924178835396945
GAPDHS,0.000923923518410616
SPATA13,0.000923826662804015
IL21R,0.000923755843468965
NTRK1,0.000923596086467725
ABCA8A,0.000922944073536782
C330007P06RIK,0.000922730988253959
5430401F13RIK,0.000922369151172034
HPN,0.000920555792769093
2310065F04RIK,0.000920350094027473
RBM28,0.000920022337571746
ZFP583,0.000919496660452837
ACTRT1,0.000919489028010581
CBL,0.000919129065026228
AP3B1,0.000918824254798441
AU044856,0.000918599449191625
CRISP2,0.000918531698302709
PRR27,0.000918395522852156
9130017K11RIK,0.000917790587488269
BIRC6,0.000917327005884565
RGS8,0.00091690796733871
CLDN23,0.000916438894360399
NDUFC2,0.000916266643750162
SPZ1,0.000915880450840121
2610203C20RIK,0.000915646184391285
WDR16,0.00091561843246724
WSCD1,0.000915577763377079
XPNPEP3,0.000915055505468137
9530034A14RIK,0.000914880316547299
NEU2,0.000914793237577992
HIPK2,0.000914721045423958
DCC,0.000914125580438857
TTC39D,0.000913931968224275
SH2D5,0.000913464212409246
PCNP,0.000912170091079761
4933433M23RIK,0.000911219746997435
ATG2B,0.000911192085113984
TPI1,0.000910577066392389
SPATS2,0.000910155026483148
HRSP12,0.000910106353612723
LIPO1,0.000909917198442259
LYG1,0.000909869761303383
EXOC3,0.000909821064743769
RERE,0.000909586379351134
PLCL2,0.000909511007328851
UBC,0.000909246029387025
GM5600,0.000909084526449966
VRK2,0.00090891267708329
DCLRE1A,0.000908575394374753
MTHFD1,0.000908071448153535
NUP107,0.000907525709907572
CLPX,0.000906729384281526
SLC39A7,0.000906561624450957
ZFP239,0.000906550602856651
1700113P08RIK,0.000905788167708523
ZFPL1,0.000905588012595089
OSBPL8,0.000905545521093077
ZFPM1,0.000905155059756867
NME8,0.000904372479554372
4921504P13RIK,0.000903320281849259
9430037O13RIK,0.000902666856753407
EFCAB11,0.000902551434392233
ATP6V0C,0.000902061163221376
KCNK16,0.000901522431852608
4930404A10RIK,0.000901251416070196
1810028F09RIK,0.000901126104659378
FAM110C,0.00090101540279081
RPS4L,0.000900633492107548
JAG1,0.000899287096206446
C730027H18RIK,0.000898696376491628
METAP1D,0.000898658240445816
SEC61B,0.000898567372223521
MEPCE,0.000898336781089858
PRSS21,0.000897913149414575
1200003I10RIK,0.000897106765382469
4930589L23RIK,0.000897018894294256
ATP6AP2,0.000896905257250558
UBE2D3,0.000896594836754158
DNAJC6,0.000896458507844019
KLHL15,0.000894540092759104
POMGNT2,0.000894452393949671
CARD14,0.000894414692984192
SUN3,0.000893718751803091
USP6NL,0.00089349565491266
RND2,0.000893096677098766
1600025M17RIK,0.000892776271818777
EIF4A2,0.000892619298050584
D930002L09RIK,0.000892032891513979
MTMR3,0.000891738268267039
IPMK,0.000891548830538194
SBDS,0.000890358838335774
UNCX,0.0008899385319072
PLA2G2F,0.00088960395435759
ZFP937,0.000888445930718938
MYO7A,0.000887620151347691
PDILT,0.000887577411722688
SPRR3,0.000886658427906049
COX5A,0.000886466188562135
TPSB2,0.000886344536534028
MGA,0.000885988553537235
HS6ST3,0.000885666930886027
2310040G24RIK,0.000885436858146104
PSME1,0.000884982510987437
COBL,0.000884331818262567
RPRML,0.000884269212367258
LGI3,0.000883690258436692
XKR4,0.000883385307118653
DAPK1,0.000882986792968389
IFITM5,0.000882973433796694
SAA3,0.000882747894075811
9430014F16RIK,0.000882461037320389
PPP3CA,0.000882132929612488
MS4A4B,0.0008821138228263
BICC1,0.000882063558563048
VAPA,0.00088102658208209
IRS2,0.000880844342686385
FAM173A,0.00088062196436895
VAPB,0.000880283230062582
UPF3B,0.000879965655574638
ORLY,0.000879876899340012
LRR1,0.000879735028637261
CLCA6,0.00087966785077344
MRPL51,0.000879428137451683
PRCP,0.000879416971122022
GRM3,0.000879260412829125
CAPZA2,0.000878085776007487
PGPEP1,0.000877968349880718
ACTL7A,0.000877433148682402
SLC2A3,0.000877147638314015
AIDA,0.000876828986042013
AI132709,0.000876533757676367
MSANTD4,0.000876469352184878
4933406J09RIK,0.00087644676489678
SDF2,0.000876097001733556
NR4A3,0.000875808401710177
PROC,0.000875638554704332
PCIF1,0.000875593826081833
TRNP1,0.000875365535482344
FAM179A,0.000875331581903947
SRY,0.000874892968827083
SELE,0.000874402196476337
ARF1,0.000874132688564511
GLI1,0.000873825279196088
NMRAL1,0.000873732533262977
SMYD4,0.000872913815824938
ZXDB,0.000872578657801586
MARCH8,0.000871360641035909
A430103D13RIK,0.000871341636619175
AA409749,0.000871333909301062
UHRF1BP1,0.000871155710245146
C76434,0.00087095371348829
ISCU,0.000870905751841255
PPP1R13L,0.000870557861365864
DRAM2,0.000870252850016736
ZFP119B,0.000870225072262979
CCNI,0.000870182268754179
D5ERTD301E,0.000869895769975275
ATPAF1,0.000869743332917581
EAR4,0.000869694320831383
SPRY2,0.000869673757869326
4931432E15RIK,0.000869586866059795
8030425K09RIK,0.000869542187119507
REXO1,0.000869046161798806
ATP5E,0.000868979625459715
CLK2,0.000868671444846109
ID4,0.000868321736992157
CELF6,0.000868232591017097
CKM,0.000868022408216529
NDUFAF5,0.000867936947819987
CES2E,0.000867350152495599
4930421C12RIK,0.000867308149523342
PRPF4,0.000867069813059284
CSNK1E,0.000866825066761268
GM9799,0.000866685340757806
GUCY2E,0.00086514795849168
GPR114,0.000865099300894072
RNF214,0.000864455121892589
TAB1,0.000864274268894231
4933413C19RIK,0.000864151502877449
TMX4,0.000861116392582648
MAGED1,0.000861044931639404
NUFIP2,0.000861030548163142
LGALS4,0.000860938785080876
4633401L03RIK,0.0008605870215422
PCNA,0.000860370372298177
TXNDC17,0.000860145986437694
MCM7,0.000859927715976204
ACTA1,0.000859800465008595
MAP3K10,0.000859698320436685
BPIFB3,0.000859523785296859
1700029M03RIK,0.000859115121211111
PPME1,0.000858835412651016
A930030B08RIK,0.000858567066030306
GM5113,0.000858382232598611
OOG3,0.000858350924660305
NEUROG3,0.000858244972146766
BRS3,0.000858101488755015
ZNRD1AS,0.000857241467063086
ADAD1,0.000856261570250711
FBXL20,0.000856090337049254
SYN1,0.000855655170089525
SMCO3,0.00085540570152433
TMPRSS11F,0.000855161797547171
COL4A2,0.000853868629906166
GCNT2,0.000853500122318874
PTK2,0.000853430205669192
ABLIM1,0.000853343713375615
4933411K16RIK,0.000852809363403691
PRSS44,0.000852800456445976
ADSL,0.0008526346432292
5830408C22RIK,0.000852286002533543
4933401L05RIK,0.000852185448367912
MTMR6,0.000851936390400412
SLFN1,0.000851925364865363
IZUMO4,0.000851431697149002
DEXI,0.000850685419188086
GM17399,0.000850378475712954
GPATCH2L,0.000849963327097509
NAGLU,0.000849387121759913
GPRIN3,0.000849302416909091
SMARCA2,0.000848177720204581
SLC12A5,0.000847338196773063
LOC102640253,0.000846722200521986
MPP4,0.00084615565060871
AU022554,0.000846113081548939
HTR1B,0.000846089712638736
ZFP449,0.00084574447314989
RWDD1,0.000845029247152978
1700061E18RIK,0.000844340669525863
CWC15,0.000843487886994597
ACSM2,0.000843322016844921
CSPG4,0.00084311466703905
WASF2,0.000842379452315666
CYP2D9,0.000842036894095521
PRKCE,0.000841857317694159
MSH2,0.000841370726144197
A130004G07RIK,0.000840891727401848
GM4871,0.000840885679989227
RGS1,0.000840825770875148
PROX2,0.000840819955755124
HECA,0.000838479554880008
LHFPL3,0.000838349656155621
FAR2,0.000837262146801227
CKAP2L,0.000836711346715499
MYLPF,0.000836323457276356
HEPH,0.000835490845208501
4933431M02RIK,0.000834665382524669
4932434E15RIK,0.000833201665420247
CLUH,0.000832688244148
PLAC8L1,0.000832552764093141
WBP4,0.000831931933784686
RPRD2,0.000831553905526327
MMADHC,0.000831470882876907
NCOA2,0.000831187764574583
THADA,0.000831125314360211
SMIM14,0.000831084377044812
B930025B16RIK,0.000831072445189165
A830082K12RIK,0.000831052247802124
SERPINB6C,0.000831047523286746
MRPL39,0.000830708158556388
EIF3M,0.000829950537982949
2310058F05RIK,0.000829896255659788
2310079F09RIK,0.000829822427778556
CHIC1,0.000828398502973653
FBLL1,0.000828224264304571
GM1976,0.00082810230039514
DQX1,0.000827945855368856
RANBP3L,0.000827508474026651
D2ERTD501E,0.000827451977767166
DRAM1,0.000827230293954241
C77058,0.000826702561159776
VAX2,0.000825298556623628
GGPS1,0.000825178649449572
1600014K23RIK,0.000824422806472744
FAM81B,0.000824190910759664
FOXH1,0.000824167607374623
ATAD2B,0.000823961113529009
BCR,0.000823892954052377
CYP2R1,0.000823758149102913
STRN3,0.000822770875152653
HEATR1,0.000822657742141956
EGFBP2,0.000821681255580877
TMPRSS6,0.000821584298047415
4930533K18RIK,0.000821039674485889
CEP131,0.000821002183463135
SUGCT,0.000820856953506856
1110020C17RIK,0.000820840120588025
KLRA7,0.000820563323803325
AHCYL1,0.000819993996414257
OLFR544,0.000819690458064675
NSG1,0.000819597028625919
REX2,0.000819576822474584
PTGFRN,0.000819230856663705
NR2F6,0.00081911892810631
CUX2,0.000818878029435205
PLAC1,0.000818503541455863
NKX6-3,0.000817920707636619
RNF183,0.000817840602816788
DKC1,0.000817600375829913
TBC1D15,0.00081751667419131
3830408C21RIK,0.000817379559066719
PAPLN,0.000816900643466911
AKAP6,0.000815939298323134
D2WSU81E,0.000815640869438495
DSPP,0.000815530666480147
CD86,0.000815493917534816
REG3G,0.000815354187225592
RAB31,0.000815183205596576
VMN1R148,0.000815173622095736
CD14,0.000815017537024163
PLA2G4A,0.000814975033047151
KCNN2,0.000814803895929347
NUP54,0.000814047166566771
CCL2,0.000814003736227015
PRRX1,0.000813925379502659
LOC102636806,0.000813278198144538
LONP2,0.000813155521271672
YLPM1,0.000813150401912184
2210406H18RIK,0.000812824948143105
LOC102636686,0.000812470369819879
ALX1,0.000811758521945968
SHISA2,0.000810899921252454
C030026M15RIK,0.000810817417974921
CREB3L4,0.000810799221152295
A630095E13RIK,0.000810601235265563
AJAP1,0.00080945708666133
FBXL2,0.000809327946913112
RPL11,0.000809039323342212
EVI2A,0.000808508442196182
NIPAL4,0.000808147918001584
ARHGEF17,0.000808048624886547
BACH1,0.000807973329179097
ARL6IP6,0.000807801155822554
GM19345,0.000807640435380042
MRPL20,0.000807296805329553
DMBX1,0.000807004105708588
ZBTB10,0.00080657683215166
CEP95,0.000806239415434079
METTL7A2HIGD1C,0.000806079485216745
UQCRC2,0.000806046895302089
2310043L19RIK,0.000805948575281132
SVAL2,0.000805934476659554
PAG1,0.000805598123285106
ZFP444,0.000805550670268347
PSG19,0.000805124055071529
NHEJ1,0.000805059482413956
LOC102634292,0.000804982431150959
AKR7A5,0.000803227011857046
IGBP1,0.000803024510384288
9130401M01RIK,0.000802778046700264
CKS1BRT,0.000802694210448286
1700034O15RIK,0.000802673415564418
ZBTB7C,0.00080165917248562
TMEM178B,0.000801615423518041
GM10482,0.000801420183983727
PNPLA1,0.000800817582866673
CCDC73,0.000800796691951863
DUSP13,0.000800554409460012
ANXA5,0.000800486942964558
PASK,0.000800357593029687
4930480K02RIK,0.000799603374817174
AADAC,0.000799309180202322
IKBKAP,0.000798103430155006
ERLEC1,0.000798076393648992
TMPRSS4,0.000797654617576383
IRX6,0.000797580163164508
WNT16,0.000797049443985267
NMT2,0.000797035982055445
PDE6C,0.000796994183226578
LFNG,0.000796900119171334
ATG4B,0.000796778673016428
KIF5C,0.000796303602473168
SPATA17,0.000796282977395339
BB031773,0.000796238302010474
LOC102634385,0.000796133281898661
VPS4B,0.000795583986023314
CCNA2,0.000795046875634304
MPZL1,0.000794526326556805
5430430K15RIK,0.000794493226827693
AKAP14,0.000794247803370162
LARS2,0.000793936552023832
DCAF6,0.000793295643065162
POLDIP2,0.00079315335883001
OTC,0.000793122471782615
BZW1,0.000793078715105737
MYO7B,0.000792551347286837
PPP1R1C,0.000792508411729642
3110057O12RIK,0.000792030619993644
GPHA2,0.000791794679711496
TRAF3IP3,0.000791596498782042
ALDH9A1,0.000790427471975602
TRMT13,0.000790289200271961
KCND1,0.000789687539399951
PIK3C2G,0.000789591470396558
RNASEH1,0.00078943164086538
MTX1,0.000789016206027227
TRPV2,0.000788699299308497
SCGB3A1,0.00078862163577914
FAM65B,0.000788259734481806
ATP6V1D,0.000788237626965636
1810021M19RIK,0.000788087453890594
NEURL4,0.000787799227775639
PLA2G12B,0.000787488847954661
PFKFB1,0.000786575097372398
E130307A14RIK,0.000785841680550452
CIB3,0.000785714722957951
TUBB1,0.000783910019804789
LOC102635073,0.000783381488161573
4930449I04RIK,0.000783210338505857
ACACA,0.00078313805225927
RYK,0.000782850365568203
PLXNA2,0.000781412214182948
5730422E09RIK,0.000780778175406626
U2AF1,0.000780524200435922
HEATR3,0.000780129769360116
GUCY2G,0.000779955075930514
SETMAR,0.000779739252990143
TTC4,0.000779524799925586
VPS8,0.000779491646914692
CD160,0.000778802458158034
CCL20,0.000778580784876616
PGBD5,0.000778431720780022
ROPN1L,0.000777810203421482
RAB39,0.00077761590172163
DCTN5,0.000777127792680997
B430203I24RIK,0.000776990211333756
RANBP2,0.000776187583033958
VMN1R49,0.000774417624053895
RASSF8,0.00077399896241975
3300002I10RIK,0.00077368205732605
5730596P11RIK,0.000773464068670244
2310061I04RIK,0.000772361962021994
LMBR1,0.000772314490661518
LPCAT2,0.000771818010006283
EIF2B2,0.000771590216066764
D730002M21RIK,0.00077135972632012
4933404M09RIK,0.000771244488178484
4930529I22RIK,0.000771021321134222
LZTR1,0.000770937117079467
4930564B18RIK,0.000770307463908631
SEPT11,0.000769669298057028
LOC102632821,0.000769391299878639
TMEM150A,0.00076930414541202
D9ERTD256E,0.000768840407151434
COQ7,0.000767972296880789
FZD7,0.000767889115741805
CRCP,0.000767698479171379
IFT172,0.000767538908828537
CYP7B1,0.000767262114391106
4933402E15RIK,0.000767221816613877
ZPBP2,0.000766409451161428
COMMD6,0.000766061004815455
PRSS39,0.000766023153273179
KLRK1,0.000765806524132513
AGMAT,0.00076559857482076
PAXIP1,0.000765538067452125
FSD2,0.000765263763434807
EXOSC9,0.000764348338716185
BRD9,0.000764257365468156
1110035E04RIK,0.000763989145611184
NINJ2,0.000763975206013725
ZNHIT2,0.000763722856804246
CAPN1,0.000763566050427408
CRYBA4,0.00076325710688518
AI426330,0.000761934136135141
GLYCTK,0.000761558855761507
SPNS1,0.000761505596701757
ANKRD28,0.000761275356252186
KRT73,0.00076120257952449
MSL2,0.000760906527657239
EIF6,0.000760806434185998
ACY3,0.0007596746764221
PLK2,0.000759543681781885
TSIX,0.000758813345041658
2410007B07RIK,0.000758259367736045
DGKE,0.000758211981565786
CRNKL1,0.000757963414874175
RNF216,0.000757930054194768
MCOLN1,0.00075773620934426
SKIV2L2,0.00075764266120665
AU022537,0.000757602430139403
2810471M01RIK,0.000757516729088928
EYA3,0.000757233247609089
TAX1BP3,0.000756441868548581
METTL4-PS1,0.000756376615187433
1700010B13RIK,0.0007562726290182
RAB11FIP5,0.000755156417888794
UBR1,0.000755149309911425
GM3336,0.000754444746605351
E230029C05RIK,0.000753691689414372
TMEM79,0.000753406570024972
STAU1,0.000752804345552202
NOL9,0.000752790818806239
SLC1A5,0.000752463159282234
1110054M08RIK,0.000751704817342921
CCNE1,0.000751540334219282
SPATA6,0.000751394822138678
3110052M02RIK,0.000751284014056699
RAB18,0.000750979002240316
CDV3,0.000750931158339231
ANTXR2,0.000750068032001421
GM19313,0.000750038838331318
ATXN7L3B,0.000749846632665512
TRIM27,0.000749713068994962
TDPOZ1,0.00074968030240526
AU021880,0.000749503002012005
TJP1,0.000749435713854659
GPIHBP1,0.000749433291499098
PSMD3,0.000748878346831574
SLC15A5,0.000748865180750503
2810403D21RIK,0.000748636679507325
CCDC86,0.000748506632226832
CABP2,0.0007483298096469
4930412L05RIK,0.000747905887718077
2310068J16RIK,0.00074688718131595
BEX1,0.000746768946052647
AU015777,0.000746728858283419
CCDC88B,0.000746621618924468
CALM4,0.000746592612314163
1700022A21RIK,0.000746282714909082
ETL4,0.000746274410923206
CALCOCO2,0.000745312761739848
GDF11,0.000745195825897515
THEG,0.000745080655509209
3110043O21RIK,0.000745063897814481
1700052N19RIK,0.000745061576393615
4930445G23RIK,0.000744658794083087
ZNHIT6,0.000744600852500013
PAFAH2,0.000744590645307385
GNA11,0.000744440384679116
2610301H18RIK,0.000744424084747792
CD69,0.000743820093774265
UNC5B,0.000743479578785342
HAPLN3,0.00074296364667107
ZFP672,0.00074290303771085
RECQL5,0.000742660373121439
E130018N17RIK,0.000742329340640112
MPZL2,0.000742088968609556
PID1,0.000740806696007199
PDP2,0.000740799030212778
SLC18A1,0.00074068822167976
KLHL26,0.000740651307709973
NLRP14,0.000739687780027033
TNFSF11,0.000739363131672076
SERPINA3I,0.000739240947034021
4930429D17RIK,0.000739066994721167
CLEC14A,0.000738553472001065
CNGA1,0.00073807735787394
GPC3,0.000737805852611927
PAPD4,0.000737574654452179
RPL13A,0.000737405446793082
GPR33,0.000737073963922304
4930551A22RIK,0.000736812831624359
4930405G09RIK,0.000736612126902764
BIRC5,0.000736410712233095
IK,0.000735735897102882
C330026N13RIK,0.000735169557067632
EDA,0.000735150834400228
FBXO22,0.000734587555562809
TRIM17,0.000734102320150418
CD209D,0.000733840204323216
NXNL1,0.000733591677271069
TOMM7,0.000733236082285358
LOC102634034,0.000733137355108645
EGF,0.000732352607136697
ID3,0.000731996020358223
AI662175,0.000731591583743346
SNX13,0.000731062795418981
RNF138RT1,0.000730708575362578
PSMD12,0.000729897452888446
FKBP11,0.000729692165059107
AU022054,0.00072962259384425
LTBP2,0.000729479288732845
TMCC3,0.000728933537170761
PLA2G2C,0.000728759731407211
GRAMD3,0.000728044859403817
RDH12,0.000727756234359591
2610020H08RIK,0.000727544551043637
5330439K02RIK,0.000727522248542567
BC049762,0.000727508791574516
NRG2,0.00072748787934864
CASP12,0.000727381977315405
OXCT2A,0.000726775222342632
CADPS,0.000726657045473416
GABRQ,0.000726274237470549
TGFBI,0.000726270398983496
RAB7,0.000725555139959674
PRIM2,0.000725468271098803
CSTF3,0.000724886713219868
RNF128,0.000724811854237416
TOPORSOS,0.000724659304094641
LOC102633368,0.000724243707311749
TMTC3,0.000723733728902497
ZFX,0.000723619131275605
FOXF2,0.000723438731118707
WEE2,0.000723088887821188
SERPINA7,0.000723047525419663
AAMDC,0.000722834281273457
RFXANK,0.000722756476669916
SMIM6,0.000722567383542286
IL31RA,0.000722259369167933
EIF5A,0.000722010397493284
PEX19,0.000721899341521704
PURB,0.000721809206770104
GJA1,0.000721805119333087
PRRT3,0.000721497169945263
SLC34A3,0.000720934260035356
UBAC2,0.000720785371538933
NANOS1,0.000720085651392862
ATPAF2,0.000719809173331471
ASB18,0.000719676230645303
AU014972,0.000719513817992142
ZBTB6,0.000719436698623705
SLC28A3,0.000719285644223275
BCS1L,0.000719065014437814
D13ERTD666E,0.000718299722935341
SLC25A4,0.000717968574782094
LBX1,0.000717819341228824
GM5065,0.000717487802608948
G6PD2,0.000717200157680419
MAATS1,0.000716979016827175
GRAMD4,0.000716642321265462
EPB4.1L1,0.000716391461572026
KLRB1F,0.000716244912498143
MRPL4,0.000716141962117661
CPEB3,0.000715160962538698
TMEM200A,0.000714983608687334
COPZ1,0.000714961482770042
MAPRE1,0.00071489166863655
PSMA2,0.000714788518637407
PPP2R3A,0.000713358143712272
3200001D21RIK,0.000713268340261365
AA763515,0.000712747955526213
ULK2,0.000712615535844718
GPR173,0.000712049207773758
STAT5A,0.00071184113243149
NSUN3,0.000711488518259245
PPM1N,0.000711341264967918
DUOXA2,0.000711286448634028
ANXA10,0.000711126836962727
KRT72,0.000710735240637469
TWIST1,0.000710626455605179
PODXL,0.000710522872325153
LRRC8E,0.000710246881808809
8430408G22RIK,0.000710246634172269
SFXN3,0.000710125166871806
HBB-Y,0.000709867014542731
CLDN6,0.000709527065839332
TUBGCP3,0.000708421391275814
E230012J19RIK,0.0007081629965097
CERS3,0.000708057379360683
NES,0.000707726535967347
GM15821,0.000707211289557195
PPP1R12A,0.000707025468894988
PPP4R2,0.000706767542094846
B230110C06RIK,0.00070662148538891
RBM15B,0.000706453892976642
SHKBP1,0.000706401565902955
TRIM2,0.000706129468561003
CST9,0.000705942200413139
9030607J07RIK,0.00070592165882246
E330021D16RIK,0.0007047310582288
2900011O08RIK,0.000704189243751616
2900019E01RIK,0.000703472801374927
CELF4,0.0007030394828953
PIWIL4,0.000702738130573626
AA517545,0.000702448545490147
LOC102636304,0.000702119518066612
HNF4G,0.000702011294057119
A930009L07RIK,0.000701201395950064
RPS20,0.000701102101419777
TCEB3,0.000700607991637225
XCR1,0.000700433199156698
MASP1,0.000700150619821678
SUPT20,0.000699874135574351
VPS26B,0.000699553855118076
DTYMK,0.000699533167508373
LOC102638947,0.000699222738081763
LCMT1,0.000699026248580655
MRVI1,0.000699011560209351
NBEA,0.000698678878762078
FBXW21,0.000698306846816542
D8ERTD124E,0.000696926964244927
SAC3D1,0.000696599138520852
APLF,0.000696543173247836
ERAL1,0.000696531674028131
ISCA2,0.000696078062514602
KRT85,0.000694974709607118
PLXNA4,0.000694560015963286
CCDC32,0.000694195035836213
ITM2B,0.000694181066593515
RNMT,0.000693803730997808
SENP7,0.000693417700579921
SH3BP4,0.000693270531669163
SAT2,0.000692379865007346
D3ERTD547E,0.000691514551194596
MYOZ2,0.000691369078314728
AIFM2,0.000690833662946479
POMK,0.000690034578191494
1810012K16RIK,0.000688710559358245
OLFR75-PS1,0.000688139581841729
MICALL2,0.000687666492972805
CHID1,0.000687609667640801
4933409F18RIK,0.000687476000811434
TCEANC2,0.00068741393363311
NKD1,0.000687219475780243
NAB1,0.000687086471707573
KDM1A,0.000685549802417417
IL22RA2,0.00068542115094908
RARA,0.000685321427832808
TMEM199,0.000685243167629224
FBXO11,0.000684850212747423
AKT1S1,0.000684804667726752
TMEM5,0.000684772046268164
EDN1,0.0006846596993148
2210404O09RIK,0.000684344407669725
D930003E18RIK,0.000683833789249504
AW209491,0.000683792350050706
TIMELESS,0.000683306813629182
UMOD,0.000683062344129482
OSTC,0.000682652695908971
CARM1,0.000682621378667974
CCDC93,0.000681892878719424
OIT1,0.000680770243006796
RUNDC3A,0.00068067642160207
ABCD2,0.000680594756460376
POLE2,0.000680025175581412
VAMP8,0.000679750985662932
ZFP334,0.000679698372072944
AKR1D1,0.000679533296726157
LPHN3,0.00067917499279127
STMN1,0.000679036916691341
C79741,0.000678964160553502
FBXO9,0.000678288333845479
CHRM1,0.000678221699789511
FNDC3A,0.000678068491381261
DDRGK1,0.00067804224042255
COG2,0.000677509660378544
OLFR140,0.000677472489925108
3830417A13RIK,0.000677381317892767
PCSK7,0.000676753676946287
ZFP825,0.000676748328649762
GTF2E1,0.000676102084530459
WDR63,0.000675838292304186
9030417H13RIK,0.000675512658261967
KAT8,0.000675443381068903
PUS7,0.000675175472271764
KATNA1,0.000675043674472967
SLCO6B1,0.000674962956403941
SCARF1,0.000674951493678909
TMEM35,0.000674516811787618
SYNC,0.000674473865825222
RAPGEF2,0.000674394566658687
DNAJB14,0.000673838495435673
FAM149B,0.000673164154776559
PKD2,0.000672714465729928
SPPL2A,0.000672044487877135
6030440G07RIK,0.000671390836130531
4921518K17RIK,0.000671324226550079
NUP155,0.000671297154215499
1700123M08RIK,0.000670937569258625
ZSCAN22,0.000670479458949332
AREL1,0.000670411107309261
MRPL38,0.00067032614514927
LOC102633720,0.000670281864416123
BCHE,0.000669861713930942
TM9SF2,0.000669794131271537
ZFP212,0.000669314567121944
LRRC24,0.000669142702304907
RMDN3,0.000668643604011256
SAP30L,0.000668410409177183
PGS1,0.000668371396074454
MICU1,0.000668267659691921
B130040O20RIK,0.000668099531860789
RMND5B,0.000667691106570391
PPP1R3E,0.000667679647033895
9530077C05RIK,0.000667650094235227
GNAI1,0.000667462743785421
HIGD2A,0.000667340643641801
NSUN6,0.00066720906687169
ADPGK,0.000666981906408442
A230046K03RIK,0.000666940536268859
WDTC1,0.000666804682670574
POU5F1,0.000665460437145359
ZFP518A,0.000665173722514056
KLHL25,0.000665096821743301
CHD1L,0.000664901452526392
GPR115,0.000664595317574063
DNTT,0.000664586974125413
4930556A17RIK,0.000663802372685391
WNT1,0.00066379862291051
PBXIP1,0.000662291200472594
AP1S2,0.000662055179602298
ACSL4,0.000661854279304585
ERAS,0.000661593256533381
GNG12,0.000661426367817393
A530088E08RIK,0.000661337193619596
KANK3,0.000660569338377521
ULK4,0.000660554420493528
CRLF3,0.000660388757052665
CD200R1,0.000660216024744875
MAP2K7,0.000660189932852403
4921515L22RIK,0.000659864609402346
D5ERTD560E,0.000659752901352703
FGD3,0.000659628819112678
NDC80,0.000659450826806358
4930412B13RIK,0.000658744395884545
D7ERTD481E,0.000658677481664314
1700028J19RIK,0.000658633269292839
TMEM8,0.000658544134375499
PANX2,0.000658331890630315
DNMT3L,0.000657964510303185
NR3C1,0.000657653101745911
IFFO2,0.000657291103882481
4933416M07RIK,0.000657081774348101
FASTKD1,0.000656648624318249
DEPTOR,0.000655981227291481
DYNC1H1,0.000655799578414536
SPTB,0.000655791828259755
FOXS1,0.000655383648105303
LSS,0.000655150566082765
FBXL13,0.000654931318676069
ALKBH8,0.000654732562368701
FAM47C,0.00065443101503674
CKAP5,0.000654387747019018
MAP2K1,0.000654160179260489
SLC25A26,0.000653912790812302
PHIP,0.000653844520302683
FAM162A,0.00065358159781692
KRT10,0.000653504468422387
A930011G23RIK,0.00065316190113832
DVL1,0.000652671735936135
4930529F21RIK,0.000652372934274859
NCOA3,0.000651876774247183
DKKL1,0.0006514285796227
CAR6,0.000651087028057292
AKIRIN1,0.000651058317020042
PABPN1L,0.000650313435720553
CAND1,0.000650017110718928
CLIP4,0.000649919172222622
RNF165,0.00064984415293513
FXYD1,0.000649779199157367
TIMM50,0.000649519814175519
HCRT,0.000649444764395407
D930017J03RIK,0.000649202561660164
MTFR1L,0.0006491760458806
PIH1D2,0.000649010566081712
ZFP930,0.000648807473466915
ZFHX4,0.000648413154790153
1110001J03RIK,0.000648395128923865
NRN1L,0.000648105355136434
GRK4,0.0006479856196101
MS4A2,0.000647767535041325
CNNM1,0.000647276192270425
A930036A04RIK,0.000646793833862578
LIPM,0.000646782431292233
FOXL2OS,0.000646602764143105
GPNMB,0.00064653478436733
INPP5A,0.000646402880671303
ARMC9,0.000646291715865056
D10ERTD43E,0.000646100300993524
ESM1,0.000645946348556066
CPOX,0.000645452347962472
RCE1,0.000645423712582029
TRAF5,0.000645067148402274
LGR4,0.000644249887807896
CDK10,0.000644218983169145
WRAP73,0.000644157623343251
CD163L1,0.000643057171716944
4930448K20RIK,0.000642901614173206
USPL1,0.000642864127441625
COX6C,0.000642487008127162
4930562C15RIK,0.000641963592898778
DOCK9,0.00063875013051094
MROH9,0.000638098939602422
VSIG1,0.0006378448295913
STXBP3A,0.000637297444737926
AB041806,0.000637238670747648
CHRNA7,0.000637208816861477
COX7A2L,0.000637205363052165
4731417B20RIK,0.000637017457257627
TRIQK,0.000636965297309586
E030024N20RIK,0.000636561668353624
9030617O03RIK,0.00063647031821131
PTPRB,0.000636431882185114
AK8,0.000636108419122363
FNIP1,0.000636024039724145
SNAP29,0.000635425028027888
C77144,0.000635208441582819
KDF1,0.000634913070213701
SHC2,0.000634909628915482
PAM,0.000634673089988301
4933436I20RIK,0.000634060838935901
CREG2,0.000634043939697894
MAP2K2,0.000633512258648482
MARVELD3,0.000633330692501219
AIM2,0.000633097967848568
3110002H16RIK,0.000632957688272079
CLMN,0.000632925337894293
ABL2,0.000632270754201341
SFR1,0.00063214541331022
HKDC1,0.000631718869172365
ZFP646,0.000631682889079924
TTLL5,0.000631578892861068
ASCC3,0.000631407644774872
CACNG4,0.000631355853445601
MAP9,0.000631302007763224
RGMB,0.000631272193531546
SPN,0.000631205131817743
GLTPD1,0.000631166172440904
5830433M15RIK,0.000630896432943991
UBAP1,0.000630766720917501
IRF5,0.000630565237784801
RNASEH2A,0.000630160818366846
PIP4K2B,0.000629853365323948
A130001G05RIK,0.000629801835833324
KLHL28,0.000628968497213983
SMCO4,0.000628897233809376
4933424G05RIK,0.000627992952273701
GC,0.000627989840642407
5033425G24RIK,0.000627054772053539
STX1B,0.000627026264759967
LRRK2,0.000627013675544027
OLFR159,0.00062686832627785
TGFBRAP1,0.000626743749365156
D2ERTD48E,0.000626180309228267
NFATC3,0.000625765562931912
TMEM232,0.000625555173090761
D1ERTD218E,0.000625311284110096
OTOA,0.000624969180192909
ZHX3,0.00062464464721666
PIGS,0.000624366959776278
SUZ12,0.000624363655483272
KPNA7,0.00062371481720894
CCDC125,0.000623578339686664
4732490B19RIK,0.000623354525944178
ACAD12,0.000623249320403082
PROS1,0.000623110187561577
WDR6,0.000622388738539764
C79657,0.000622324906771402
BC030867,0.000622257312964556
FBXW13,0.000622189447114312
2310009B15RIK,0.0006219201802056
2700060E02RIK,0.000621880914176411
1700024H08RIK,0.000621814996119284
4930480K23RIK,0.000621791945093034
OSMR,0.000621601021672836
EIF2B3,0.000620750107772979
ARL10,0.000620647944179926
CFC1,0.000619791337504488
4931412I15RIK,0.000619608126442568
KBTBD2,0.000619331659399256
S100A10,0.000619143183374027
CCDC71,0.000619016246176978
SETDB1,0.000618640244385606
ARF4,0.000618221226229399
UBL3,0.000618105517694975
9030425P06RIK,0.000618050624939662
CPSF6,0.000617439304532095
CLASP2,0.00061736670298941
F8A,0.000616495854070006
PDE6A,0.000616331300243875
D430040D24RIK,0.000615291454812826
ZFP503,0.000614719642860769
ADO,0.000614109712176642
6330549D23RIK,0.000614103750379829
ADAT2,0.000613747135151992
CD9,0.000613493021388987
ARL2BP,0.00061335229681207
PRKCZ,0.000613052577040514
DHRS2,0.000613028485694133
INMT,0.000612705605885847
GM20269,0.000612635168331371
1700006E09RIK,0.00061235406151219
SRD5A3,0.000612125729229179
FAM172A,0.000611581122292697
SLC12A6,0.000611403419654256
AU022749,0.000611179827186695
D630004N19RIK,0.000611064214983199
1700121N20RIK,0.000610879296421673
AI661384,0.000610226870784234
VPS51,0.000610107061526333
PTK6,0.000610012232694349
ADORA2A,0.000609929990340188
GCNT1,0.000609893942533736
ERP29,0.000609831476828049
SMO,0.000609628193800984
PDGFRA,0.000609196871129201
1700018B08RIK,0.000609112828293324
CCDC174,0.000608772014235488
CORO6,0.000608668078936016
B230354K17RIK,0.000608629853197709
TTBK1,0.00060861583507734
ORAI2,0.000608446258978602
NAA38,0.000608278099145425
GKN3,0.000607759713057082
POTEG,0.000607675314630784
SFPQ,0.000607519019689452
NARS,0.000607419690535795
TCSTV3,0.000607385354188434
SRRD,0.000607367703040036
NEDD4L,0.000607223395008997
FOXK2,0.000606839203778764
MMD2,0.000606125781439024
UBXN10,0.000605642808997815
PLCG1,0.000605540021222337
ASIC3,0.00060547910071819
ALCAM,0.000604455018304686
PNPLA8,0.000604357047564771
C79468,0.000604253248960365
SLC35A2,0.000604244294773705
C78515,0.000602906036246357
HPX,0.000602002806315729
CORIN,0.000601854796145383
GM13999,0.000601581715709817
RASAL2,0.000601529070399017
AP3D1,0.000601346420341238
DDX18,0.000601187631337
3110021N24RIK,0.000600844972996151
CMTM7,0.0006004921324783
TOMM40L,0.000600480293758532
PDCD6,0.000600390801600692
THAP1,0.000600216155979923
CX3CL1,0.000600105400352218
GPR151,0.00059995381809792
WAPAL,0.00059988963239098
ZFP93,0.000599862600104575
COL5A3,0.000599798571231396
PI4KA,0.000599795724252089
2610027F03RIK,0.000599694238614017
GIMAP1,0.000599554072238387
ATP6V0A2,0.000599343407783194
LIN54,0.000599217587419117
ELK1,0.000599044545028495
ASZ1,0.000599034330436153
CCDC70,0.000598953160641997
CYB5RL,0.000598696604021996
MCF2L,0.000598466242920073
1700058M13RIK,0.000598098039549832
D16ERTD472E,0.000598079976723151
UBXN2B,0.000598050223984717
ANKRD36,0.000597776518557478
2810487C13RIK,0.000597749563497639
SPT1,0.000596875586557436
TSKS,0.000596757660641178
CD46,0.000596611241287765
PSMB5,0.00059660927200006
ZFP341,0.000595977663458517
ALG12,0.000595202448533602
CCDC103,0.000595169299331487
GM9564,0.000594732167728021
ZMYM4,0.000594704131438401
4933411K05RIK,0.000594497659330631
LOC102638970,0.000594241037722376
IGSF23,0.000594027013563154
MARVELD2,0.000593910038250373
RLN1,0.00059345919480342
SPNS2,0.000593301121080396
RRAS2,0.000592794513777334
SCRIB,0.000592723605842322
D7ERTD1E,0.000592633730133408
CRYBA1,0.000592537910727743
FREM1,0.000592460965321054
GM20767,0.000591977564416999
DEPDC5,0.000591849569821629
CSRP3,0.000591421406422194
NLRP4F,0.00059119275669187
IAH1,0.000590987908051676
DPY19L3,0.000590900068714131
AU015791,0.000590744879876557
CLDN25,0.000590637029791122
CCDC183,0.000590304395833509
LATS2,0.000590036662620195
LOC102635622,0.000589480752883859
GLUL,0.000589375954803142
CACNA1F,0.000589145236396293
CCT4,0.00058896873858159
A730056I06RIK,0.000588929310702353
TPO,0.000588717829120771
ELP2,0.000588701724282259
B430105G09RIK,0.000588403617574835
MT1,0.000586008222413243
TMEM184B,0.00058581682132165
GM4788,0.000585613189852088
TMEM55A,0.000585573072870887
BPTF,0.000585517608553168
KLK1B1,0.000585050929336025
DCBLD1,0.0005849259571562
FZR1,0.000584782458554815
ANO9,0.000584684766975569
PAIP2,0.000584096507397237
ACOT4,0.000583863492303305
FBXW18,0.000582298649526826
PCDHB19,0.000582019816003839
CD300LG,0.000582019614050272
PDCD11,0.000581931481660513
KLHL18,0.000581722763978317
MRPS7,0.000581491152278711
CYP4F41-PS,0.000581450656314979
RILPL2,0.00058130262862942
4930442E04RIK,0.000581249045990159
KLHDC8A,0.000581051063351405
GM13648,0.000580826589143001
FAM13C,0.000580810356538041
OVOL1,0.00058074247973809
IFNGR2,0.000580519488011875
AU022706,0.000580494256616985
DCDC2B,0.00058041481909598
NKAIN1,0.000580102082732889
5430434I15RIK,0.000580004128638526
CDC5L,0.000579766702719282
RINL,0.000579335724479655
CCDC50,0.000579244059660148
CCDC47,0.000579184940190355
ELOVL3,0.000579171439291065
EVI5,0.00057861751766108
ZFP454,0.000578316439162137
APAF1,0.00057820548048374
DSCC1,0.000578126679364703
PTCH1,0.000577943275743097
SRM,0.000577553616452288
ATG10,0.000577459657036189
VRK3,0.000577147797342009
GM26911,0.000576924472751069
E130107B13RIK,0.000576620810523586
FRMD3,0.000576201760503285
PTPN13,0.000576009211272198
ZFP651,0.000574990097608846
RBBP8,0.000574507105513674
BAI1,0.000574309100207934
HEPACAM,0.000574303671229816
HSBP1,0.000574254764796836
A630033H20RIK,0.000574177668520744
ILF3,0.000574169775938596
EIF4E2,0.000573770252131687
GZMD,0.000573758373050091
RAB23,0.000573737723581999
KRT76,0.000573701325170554
CLNS1A,0.000573436724299612
LCN9,0.000573360098244027
TSC22D1,0.000572942369146954
SHFM1,0.000572364812766451
MRGPRA1,0.000572228852610586
SSBP3,0.000571583022795275
HEY1,0.000571294498597262
ZFP759,0.000570179466432312
SSR1,0.000569128046384924
4732460I02RIK,0.000569110803482521
GM19651,0.000568946643315846
9430002A10RIK,0.000568733910293038
NCKAP1,0.000568590003952986
GTPBP8,0.000568460791601028
CCPG1,0.000568278667276301
CIR1,0.000568036816950366
UGT2B35,0.000567802028065286
CHD3OS,0.000567146757616967
CCDC6,0.000566834612837579
COPS6,0.000565455517824444
EPG5,0.000565376829310823
FBXO27,0.000564750932028907
LBX2,0.000564740046168779
CXCL3,0.000564448674030791
OXSM,0.000563421997931769
SEC22B,0.000563382714903844
GM15247,0.000562787794772649
4933430H06RIK,0.000562720906251838
SNX4,0.000562685745891935
1700105P06RIK,0.000562554081195583
GGCX,0.000562257789385496
FAM229A,0.000562067937576263
4930425K24RIK,0.000562038046775095
AMMECR1L,0.000561997986064038
PGPEP1L,0.000561964923167685
DNAJB13,0.000561253907831683
BTBD2,0.000560688254708371
CENPP,0.000560565407144053
SPAG8,0.00056015618258679
ZIC4,0.000559950476078789
RPL14,0.000559661668915993
CLIC5,0.000559586452271971
IGF2BP3,0.000559494965350146
ZFP7,0.000558922346901212
CACHD1,0.000558427208178553
FAM154A,0.0005584142924767
TREML1,0.000558189036053498
DYNC1I2,0.000557842899847835
CEBPB,0.000557747215822231
TYR,0.000557660737193551
ARFRP1,0.000557593058871369
STAMBPL1,0.000557539267174608
PPM1A,0.000557006117603919
SOX18,0.000556954205244754
ZFP462,0.000556413500238001
D730045A05RIK,0.000556382059104797
PMF1,0.000556207117924817
4933431E20RIK,0.000556133643312344
ZFP512,0.000555663475830469
ING3,0.000555453521840854
TBC1D25,0.000555001413745648
SSTR4,0.000554809353036394
DYNC1LI1,0.000553658051542345
PICK1,0.000553414849724193
LAD1,0.000553065682781566
ABCA4,0.000552943471652313
FAM115A,0.000552856128810874
DNPH1,0.000552715802576624
CEP162,0.000552663907951924
PRKRIR,0.00055220978041745
ILDR1,0.000552011932584258
SLC6A18,0.000551220412483989
C130013H08RIK,0.000551019999628775
ATP5L,0.00055094771982344
4930540M05RIK,0.00055013696592767
SLC18A3,0.000549994881224029
CHCHD1,0.000548578594848374
AP1M1,0.000548387961025459
HMGXB3,0.000547844008963301
MYO1H,0.000547640637672437
SMC2OS,0.00054758920404739
MAN2C1,0.000547393360229999
GM9947,0.000547185831595731
MRPS2,0.000546914921240426
SZT2,0.000546293728980535
2010107G23RIK,0.000546268327805928
BCL2,0.000545583614529846
INO80E,0.000545148203499555
ATP5A1,0.000545146573797315
MCHR1,0.000544821705060911
AI662168,0.000544732735087601
4930459C07RIK,0.000544701297109825
ISCA1,0.000544336751377808
RBM18,0.000544004564425645
SLC44A1,0.00054381510005372
UPK3BL,0.000543370914534601
2610312I10RIK,0.000543346707510318
PAMR1,0.000542324637244355
PEBP4,0.000542200883251842
PIEZO1,0.000542095209531389
GM7854,0.000541696489437816
PRSS37,0.000541217567980097
IL17D,0.000541042820618008
4930542C16RIK,0.00054100696709922
PLA2G12A,0.000540672479345711
GZME,0.000539726666835623
SCARA3,0.00053967619927113
WDR20RT,0.000539233536683337
KIF3B,0.000539215290688346
UTP20,0.00053914929616644
4930556N13RIK,0.000538897585935802
TMEM160,0.000538747631138759
NFKBID,0.000537945372806458
GM5084,0.000537623789047789
KRTAP19-4,0.000537585043953491
EDC3,0.000537216784318981
AKTIP,0.000537054698534362
KLHDC2,0.000536948665245044
TBC1D13,0.000535626322353977
NDN,0.000534134818069566
TRA2B,0.000534057775264259
5730415C11RIK,0.000533806680867178
RBBP6,0.000533683034669123
2010107G12RIK,0.000533235908167801
FBP2,0.00053271725508523
9330159F19RIK,0.000532600826608764
PCDH11X,0.00053190785537962
1700027J07RIK,0.000531815568525795
EIF5A2,0.000531261970660037
BC021785,0.000531124543997306
TCEB1,0.000531060055143746
MAP3K6,0.000530947979741631
PSMC1,0.000530264351902818
ZFP961,0.000529919802658357
LCA5,0.000529524530596793
PURG,0.000529381255597529
TXNDC9,0.000528975806284621
PLP2,0.000528904433101223
ZFP264,0.000528845804157959
5730522E02RIK,0.000528037888811519
BC051628,0.000527386532554181
SMYD1,0.000527271330212965
GM3916,0.000525220617628138
PRDM9,0.000524834391362613
NAA11,0.000524397887538841
ANP32E,0.000524122931629361
CHRNA2,0.000523113994105988
UNKL,0.000522840971850539
2310050C09RIK,0.000522385308244263
APOBR,0.000522007789194376
DYM,0.00052187371634501
GDPD1,0.000521836742301751
MRGPRB1,0.000521568875242236
PTCHD1,0.000520886717252873
GPR75,0.000520478196117927
PLEKHN1,0.00052015200421265
9030607L02RIK,0.000520021821855642
TFAP2D,0.000520013637678973
SDS,0.000519161410002043
4930447A16RIK,0.000516950108314608
DNAH6,0.000516591305692903
KRTAP4-6,0.000516490166929112
VKORC1L1,0.000515965575016166
GM16880,0.000514273624674641
VMN1R50,0.000513962397997774
CDIP1,0.00051319368881049
1700016C15RIK,0.000512926757949482
EXPH5,0.000512877125437021
WWOX,0.000512791125988646
PCDHB16,0.000512736327496498
TTC18,0.000512044045547589
ZFP707,0.000512004623350742
COG6,0.000511710371221631
ZFP438,0.00051019489331376
LGI4,0.000509570370247938
TYW1,0.000509395746333407
RFWD2,0.000509322961575955
AU021933,0.000509299731322184
BHLHE41,0.00050922519661866
TMEM175,0.000508897083811044
C030005H24RIK,0.000508753088171117
ANKRD1,0.000508355793229343
4930578I06RIK,0.000508157131275606
ARL6,0.000507649576671908
ERN1,0.000507647141188775
LELP1,0.000507433249664184
TRAF6,0.000506962704112042
CAMKV,0.000506930427496578
DNA2,0.000506421048472567
TMEM106C,0.000506419234111009
PHF21A,0.000506043601304739
WIPF2,0.000505498685321073
CSN1S1,0.000505276282246668
ITM2C,0.000505209224444619
HECTD3,0.000504848924974676
1500005C15RIK,0.000504836631638244
RPL35,0.000504458839198498
CST13,0.000504227049289208
3300002I08RIK,0.000503299286469743
EIF3I,0.000503256698595197
ATG16L1,0.000503129241252232
SNRPN,0.000503122995314365
DLAT,0.000502895102860706
NMNAT2,0.000502603450589535
IGF2BP2,0.000502489323269683
AY512915,0.000502406989770551
MAD2L1,0.000501934011485603
1810010D01RIK,0.000500785685643658
AKAP1,0.000500769374792377
TET3,0.000500700200157695
TKT,0.000500029866183479
BB212172,0.000499744638725519
ADARB2,0.000499419724171119
3110080E11RIK,0.000498928523102392
IER5,0.00049889979405022
ERCC8,0.000498798659323755
PSG21,0.000498545809198336
LONP1,0.000498500391724761
SEMA6C,0.000497977848392415
WDR37,0.000497963946937814
CSNK2A1,0.000497722523625561
CCDC134,0.000497609111567987
9430081G06RIK,0.00049725326178774
ZBTB12,0.000497113283225431
GM15850,0.000496944960298982
STRADA,0.000496772229624724
ZFP474,0.00049673377740374
CCR10,0.000496268642116079
SUSD4,0.000496192359605218
KRT4,0.000495964112009233
PZP,0.00049589386118418
S100A14,0.000495269334757402
TSPY-PS,0.000495142780096677
FAM83F,0.000494840579919997
4930505A04RIK,0.000494669230425551
4930511J24RIK,0.000494662407587808
P2RY2,0.000494620092597188
CSF1R,0.000493082885490339
IGHM,0.000493064931547221
PTPRE,0.000493057989033834
NSMCE4A,0.000492974583051169
NFATC2,0.000492202043833282
6430605C03RIK,0.00049208879103527
PIGG,0.00049125718854228
MINOS1,0.000490801279224662
PYCRL,0.000490417819160377
FBN2,0.000490050917388184
HEXIM1,0.000489680369980269
ATMIN,0.000489415000512279
SPRN,0.000488912642089218
KCTD13,0.000488473320887615
ZFP51,0.000488390510122018
HYKK,0.000488194660046395
DCPP3,0.000488002286394703
RGS12,0.000487977778678432
KLRA16,0.000487884928700149
WFDC6A,0.000487709202771389
1810064F22RIK,0.000487669143105796
MATR3,0.000487566751493639
GKN2,0.000487520454281564
ALKBH4,0.00048748230361903
RIC8,0.000487163887499793
AFF4,0.000487062735315794
FBXO46,0.000486916663604883
AIPL1,0.000486894871914157
KRTAP6-3,0.000486592678012454
TXNDC5,0.000486511681040222
STARD5,0.000486450582148915
MFHAS1,0.000485832942016015
UNC50,0.000485730055655987
MRPS6,0.000484942407742511
CNOT10,0.000484759859699934
JDP2,0.000484582055485368
CPNE3,0.000484501231534905
2310014L17RIK,0.000483640369392759
IL9R,0.00048359245444678
4930509E16RIK,0.000483530242325422
NINJ1,0.000483424354591518
SFMBT1,0.00048306146627305
NRGN,0.000482914462912417
PHF12,0.000482864773611416
SLC16A9,0.000482859657482443
DYNLRB1,0.000482829964559179
DTX3L,0.000482493866419559
CLTA,0.000482291814141076
USH2A,0.000482265860271367
MACROD2,0.000481761624185899
PRPF40B,0.000481578870316514
HSF4,0.000481035248387089
SIX3OS1,0.00048013031200297
UQCC2,0.000479997168113614
CLEC12B,0.00047958565453249
FUT7,0.000479533198466755
PPP2CA,0.00047907442941416
LCAT,0.000479024004023943
MAGOH,0.000478666728140434
CEP85,0.000478184148061505
H13,0.000478158990559777
BPIFA5,0.000478004841425231
GYG,0.000477949173930824
CAPN10,0.000477570586802551
D7ERTD316E,0.000477195772803937
MARCH11,0.000477059952499758
4930422I22RIK,0.000477050240054159
PEG3,0.000476522130804143
SLC25A16,0.000476205480986794
AATF,0.000476145803492279
SPERT,0.000475361614767798
VSTM4,0.000474781541843763
KLF14,0.000474698663058936
AU018466,0.000474592394646109
IGF2OS,0.000474543533360704
EXOG,0.000474410176309608
CDK3-PS,0.000474071687088495
TAF6,0.000474043440236035
EXO1,0.000474020182057438
DUSP16,0.000473832205700781
1810019D21RIK,0.000473635444292066
4930485G23RIK,0.000473298676649258
CXCL5,0.000473057304132623
CCER1,0.000472285703313807
TMEM88B,0.000471579259760994
HECW1,0.000471259271011
PRPF6,0.000471160725759227
ZFP760,0.000470931402690645
DPYSL3,0.000470918935735248
ZKSCAN6,0.000470182142415515
BTK,0.000469631788577253
MIR1931,0.000469427334815774
UTP18,0.000468434447438671
SIK3,0.000468269384055744
PSMB8,0.000468265887465057
PRG2,0.000468232584433924
SMIM4,0.000468005771301348
FAM19A5,0.000467926627801746
4930546C10RIK,0.000467850242176952
LOC102635020,0.000467602600363618
GRID2IP,0.000467439612362067
4933411E02RIK,0.000466987172835219
UBE2F,0.000466974268119443
EPN1,0.000466935212790031
LOC102634284,0.000465899054359924
CAGE1,0.000465642745144091
RAE1,0.000464771787201114
ANO3,0.000464613036746873
SUGP1,0.00046415109139535
IGFBP7,0.000463939874048199
MSC,0.000463524727813378
ASB7,0.000462990834127495
UBE2W,0.000462846297485907
C820005J03RIK,0.00046282177268392
CDH17,0.000462819421689677
TMEM242,0.000462328228125734
D10ERTD447E,0.000461985830491286
CLASP1,0.000460957698796302
RHD,0.000460397182266363
SULT1B1,0.000459728388976734
4930568A13RIK,0.000459380268298439
TEAD1,0.000459295779263705
LOC102632893,0.000459068924331193
D19ERTD200E,0.000459014341380133
USP19,0.000458312778040718
SNW1,0.000457965782526876
ZFP572,0.000457060370359874
THRAP3,0.000456753674419776
6230424C14RIK,0.000456585139242263
ASTL,0.000456466205218046
ZKSCAN1,0.000455924566816928
UTP11L,0.000455861794397865
4930444G20RIK,0.000455595596665553
DHX32,0.000455544274964553
GART,0.000455315199084622
SMOC2,0.000455267330056206
ISPD,0.000454933389760614
4930529M08RIK,0.000454703917517999
CCR9,0.000454608882174549
AGGF1,0.000454123659435227
SRRM4,0.000454002629791326
CECR2,0.000453924156709758
CTNNA2,0.000453535457165197
BRAF,0.000453418680697921
DTWD1,0.000453326117408321
CEACAM15,0.000453200515703131
ATP6V1E1,0.000453093386540321
VPS9D1,0.000452767318671938
GTF3C1,0.000452574107705152
HDGFRP3,0.000452538433874406
TDO2,0.000452521690165524
ENO2,0.000452467503731762
CHEK2,0.000452318050361211
RCBTB2,0.000452025376449894
RMST,0.000451769876151298
ASPHD1,0.000451526860528252
PHACTR4,0.000451514019239624
CHIL1,0.000451425579050447
1700015C15RIK,0.00045117630412295
HPS3,0.000450862067141794
MTTP,0.000450757476125835
DLG2,0.000450486259095869
SLC25A5,0.000450132243534612
LDHA,0.000450105172531337
C79206,0.000450043620571522
CRYBG3,0.000449898395662611
NSD1,0.000449610926518685
DMTN,0.000448441611547338
PAX4,0.000448412189715652
RNF24,0.000447990693626006
THSD7A,0.000447878018421847
TNP1,0.000447867943310719
MAF1,0.000447866045961521
GM10523,0.000447743508783475
CLIC3,0.000447434171999541
RNPS1,0.000447265568183899
KPTN,0.000447226808272981
BC017158,0.000447145429436951
CACYBP,0.000446915455300058
XRCC3,0.000446685738962284
ZP2,0.000446673550238144
EEFSEC,0.000446339970157967
TMEM30A,0.000446183207018306
4930473O22RIK,0.000446079039219793
CHD4,0.000445989121497995
HSPBAP1,0.000445703381910571
MAP3K14,0.000445481906451321
PSMD9,0.000444984147981179
MMP10,0.000444413996879036
MEOX2,0.000444352465192537
KRT71,0.000444104249696438
4921536K21RIK,0.000443604770307214
GCGR,0.000443486063743725
SOX5OS1,0.000442963671691068
LASP1,0.000442588152398373
TRAPPC11,0.000442525987263903
CBLB,0.000442494731756273
GLT25D1,0.000442219708120861
PALLD,0.000442168120915572
AU015892,0.000442166141978251
CMC2,0.00044216047415912
PTPN5,0.000441130650613948
DCPP1,0.000440338044474154
1700030K09RIK,0.000440260252545428
FAM43A,0.000439859893557478
C76751,0.000439438463712613
AZGP1,0.000439169747903476
UBA7,0.000438726252929804
MAP7D2,0.000438606614461883
5330417C22RIK,0.00043817692714518
CYP11A1,0.000438000779710215
DCAF13,0.000437719472618649
PER2,0.000437358377872615
TOR1B,0.000437144991956572
ACSBG2,0.000436581833922447
SMURF2,0.000436529546865659
B230205O20RIK,0.000436407228274557
D12ERTD673E,0.000436227858564135
COQ5,0.000436215284754327
KIF1C,0.000435973858844782
4931403G20RIK,0.000435443998077675
CKB,0.000435216379146656
SAA2,0.000435135236471578
FAM216A,0.000434877408416239
5830462O15RIK,0.000434756167637
FREM2,0.000434667919914942
RELL1,0.000434559549486733
STX12,0.000434275587028736
PHOX2B,0.000433664641739881
CACNG8,0.000433627970934773
1700093K21RIK,0.000433300508709607
UPF2,0.000433128547266849
MYCN,0.000432640176682297
ADAL,0.000432406978531257
CPHX3,0.000432040631034344
C80256,0.000431995647614371
SNCB,0.000431339323887458
GM10857,0.000431273517227641
9530067D14RIK,0.000430706850217793
E130308A19RIK,0.0004303855271122
MDH2,0.000429996267617375
TAF5L,0.000429922879498179
KIF20B,0.000429601750822093
1700010B08RIK,0.000428902836974781
GIF,0.000428800238760125
NDRG2,0.000428060794862386
MOB4,0.00042794904464509
TMEM150C,0.000427909571011679
C730049O14RIK,0.000427772773064312
MYO1E,0.000427766026866243
SLC30A2,0.000427729554529842
PDXP,0.000427402147131422
PTPRF,0.000427236383032311
TNNI3K,0.000427194790687415
RRP9,0.00042703251449129
AXIN2,0.000425237537146748
ABCC8,0.000424923787213406
NAA60,0.000424075409286549
GTF3C6,0.000423958548452709
CCBL1,0.000422317253751547
2810404I24RIK,0.000422026493381858
SPANXN4,0.000421615473212526
GM19816,0.000421590071875741
FBXO45,0.000421488537404936
PLCB1,0.00042096375804554
SMARCA5,0.000420954138889124
DUSP11,0.00042049165122277
IRAK3,0.00041927681065436
GK2,0.000418900028339945
ZFP35,0.000417982894835674
ACOX2,0.000417573388191401
ZFP398,0.000417367260872842
KCNB1,0.000417314421666891
PGRMC2,0.000417084719830386
PPP1R14B,0.000416892247486505
PHF14,0.000416823166651693
KCNC2,0.000416462273132045
EGLN3,0.000416110060424613
4930517G19RIK,0.000416108848180362
H60C,0.000415512551493279
MRPS10,0.000415495544958304
LOC101055634,0.000415351968755806
GNL3L,0.000415077985138738
ZBTB39,0.000414835277734004
MLLT3,0.000414400499589096
FAM98B,0.000414141354082669
FGG,0.000414074033490854
P4HA3,0.000412947321912849
USP27X,0.000412907685735013
CX3CR1,0.000412678153232332
2610316D01RIK,0.000412500013448575
TRPV6,0.00041209203050572
SIKE1,0.000411445785546467
C430042M11RIK,0.000411353229855443
ZFP386,0.000411348754977568
1700007E05RIK,0.000411325483012025
LAX1,0.000411315312764835
RBP3,0.000411162616988938
SLCO1B2,0.000410753368637384
ZXDA,0.000410614239552336
EFCAB14,0.000410366734011929
MYOZ3,0.000410103283008279
LSM10,0.000409731137215695
HSDL1,0.000409441319552913
1700037H04RIK,0.000409341263638404
HSPA2,0.000409242943815138
KRAS,0.000408814447529616
ELMO2,0.000408788120281393
TRAPPC1,0.000408593895584884
RPS17,0.000408164785627915
AGPAT1,0.000407590365004268
6330417A16RIK,0.000407506900297701
NME6,0.000406916562879354
CACFD1,0.000406529831195286
GALNT1,0.000406373084056286
D15ERTD154E,0.000406164887805147
BC048546,0.000406094552401066
THYN1,0.000406050108619617
ATL3,0.000405618206409404
RHBDF1,0.000405216798181946
PTGS2,0.000405003360936479
USP46,0.000404269166425608
CXCL1,0.000403493743931018
GTF2B,0.000403274488801706
RNF187,0.000402583012666357
RAB27A,0.000402369271457833
LCE3B,0.000402287234107144
NCF1,0.000402044113802557
SHARPIN,0.000401843375578939
GDF3,0.000401635081763935
TMEM109,0.000401431946038865
4930412C18RIK,0.000401359024404345
NR5A2,0.00040100677617976
ATP8B2,0.000400993650804425
F2RL1,0.000400687356126453
A830091E24,0.000400092172156022
SMR2,0.000400051376131187
GSDMCL-PS,0.000399667010375923
HEPHL1,0.000399379425586523
SLC6A16,0.000399273487024513
NOTUM,0.000399120116920624
TAOK2,0.000399084688599438
KLF6,0.00039876409902971
PRADC1,0.000398428856604291
SLC45A3,0.000398342888387059
MYOZ1,0.000398284399410735
YWHAQ,0.000398061044635811
IPO11,0.000397987475468971
MSANTD3,0.000397567261324402
EPS8L2,0.000397056408842835
MFSD2B,0.000396817898048656
KATNAL1,0.00039616660855714
PDE6G,0.000396043633063575
LYRM1,0.000396039608632356
C3,0.000394643934075365
LOXL4,0.000394572569842416
FIGLA,0.000394384630519168
B9D2,0.000393467203853815
CST6,0.000393035211300104
MAPK14,0.0003928809599512
ARHGEF9,0.000392768712767769
SFTPA1,0.000392706823110682
PSMA5,0.00039227675288659
MRPS24,0.000392197925174777
COG1,0.000391661167616329
GM6377,0.000391511505603937
C86090,0.000391225685856694
PIWIL2,0.000391112706139166
FEM1B,0.000390987683649077
OPA1,0.000390175549244612
GNE,0.000389879348485636
CLDN12,0.000389621581135751
GPR56,0.000389585904172145
AA522020,0.000389576540424598
3830406C13RIK,0.000389401141558913
CTS3,0.000389071426406975
YWHAB,0.000388810584464848
RTP3,0.000388650215425913
DNAJB12,0.000388351934771452
WAC,0.000388295073069438
FAM166A,0.00038812508275305
DHX15,0.000388055255649791
NPM1,0.000388001942539499
RBL1,0.000387943615659359
ARL13A,0.00038788394608184
CDC14B,0.000387623966670468
WFDC3,0.000387299789269917
AKR1CL,0.000387285859520597
ATG7,0.000387212515178091
PCDHB4,0.000386475348118092
DPY30,0.000386290083680927
ESAM,0.000386073425068939
C79130,0.000385942453037076
0610031J06RIK,0.000385733713848524
CAPZA3,0.000385572133374791
AMDHD1,0.000385180510906316
MYO9B,0.000385168605101257
CMTM3,0.000385025223654862
PEX10,0.000384035386538811
SMIM23,0.000383866186561818
SLC24A2,0.000383540983542072
2610305D13RIK,0.000383423480887665
AI662501,0.000383308443806305
ST7,0.000383004887692781
GMPS,0.000382557707147195
MRPS5,0.00038250537756042
1810022K09RIK,0.000382247413849175
NTAN1,0.000382171567820938
NLRP3,0.000382100346738179
2700029M09RIK,0.000381510520746727
5830406C21RIK,0.000381223416879679
A530030E21RIK,0.00038108104966014
MRGPRH,0.000380666165144888
SAMHD1,0.000380342829244708
RCVRN,0.000380324407965911
SSTR3,0.00037983492066602
ENDOD1,0.000379264683797045
DAAM1,0.000379154067617443
KLF5,0.000378943280486948
KLK1B16,0.000378832703395918
D7ERTD413E,0.000378586980278266
INVS,0.000378090830883957
ELL2,0.000377949874473503
UNC80,0.000377815246562486
GTPBP4,0.000377312263016769
GM8479,0.00037730349394118
ELK3,0.000377279079955848
CASR,0.000377102909723582
MICU3,0.000377014454029062
STARD4,0.00037685278507617
IARS,0.000376328445235449
MCPT-PS1,0.000376120366230092
RBPJL,0.000375569894542074
GGT6,0.000375411912393427
PLEKHA4,0.000375291266350457
TWSG1,0.000375207354811474
CDKN2AIPNL,0.000375095800327095
STK38,0.000374938792682211
HERPUD1,0.000374929790626628
HIRA,0.000374522212758844
MOCS2,0.000374337025341692
MCPT4,0.000374306384769036
GLOD4,0.000374254783900524
EFNA1,0.000374040010051158
TSNAXIP1,0.000373541874427546
RAB15,0.000373487370896097
CXCL2,0.000373262376383612
NELFE,0.000372692554019502
TSTA3,0.00037243627808703
PCSK6,0.000371863399777673
2310057N15RIK,0.000371841411666985
NFE2L3,0.000371785791446889
ATP6V1C1,0.000371238465714459
SPRED1,0.000371228932266524
XRCC6,0.000371224864758023
GTF3C3,0.000370934130699223
PRDM14,0.000370353801676158
ZFP654,0.000370005484430184
6330437I11RIK,0.000369751967444879
CYHR1,0.000369506326415123
4921528I07RIK,0.000369488097943676
FAM160A1,0.000368250954250397
ATG16L2,0.000367707104519404
POT1A,0.000367510893742735
AF366264,0.000367497732775673
D130009B15RIK,0.000367376630370542
ATF7IP2,0.000367253943250891
2900011L18RIK,0.00036672828014824
PRKACA,0.000366672583773285
GATA5OS,0.000366353672548728
HNRNPH2,0.000365329728710557
ULK1,0.000365182548378582
ADD2,0.000365154903194432
PPHLN1,0.00036485615843946
ZFP711,0.000364838794487257
UBD,0.000364802585830406
CHMP3,0.000364637781502097
CHODL,0.000364492063279292
HMGB2,0.000364471361493851
MBP,0.000364048466388606
TTI2,0.000363414456100293
CACNB1,0.00036326010720486
POF1B,0.00036317206943722
2810032G03RIK,0.000362868705096127
ARHGAP8,0.000362382710135369
CLCA1,0.000362090089313091
4930568G15RIK,0.000362041373314974
YWHAZ,0.000361877727203852
SCLT1,0.000360894587174885
MYH9,0.000360659544250113
DOPEY2,0.000360648437388841
CLIC1,0.00036020168546508
ALG14,0.000359305591678533
4930592I03RIK,0.000359297807567346
1700066B19RIK,0.000359275640857951
SLCO1C1,0.000358988617171802
FKBP3,0.000358876099215978
TBCEL,0.000358821946186598
GPX8,0.000358391478713516
MYRIP,0.00035803564429666
RAB3IL1,0.000357889019274191
GM21283,0.000357764812986346
GNA15,0.000357630235952178
SPEER6-PS1,0.000357523776003758
CTDSPL2,0.00035715962962643
GRAP2,0.000356998700793234
NFYB,0.000356808379748488
SLC25A24,0.000356794853647309
NUDT13,0.000356699726785403
APIP,0.000356690578232619
BAG5,0.000356675004467679
TAF11,0.000356571419794411
SPATA24,0.000356130460613349
4933408M05RIK,0.000356107859983028
TUT1,0.000356068320655113
DEFB29,0.000355995195068699
SRGAP2,0.000355819074818339
FSCN3,0.000355798582122737
HSPA4L,0.000355736804738695
MAP2K5,0.000355676758078829
RFC1,0.000355658226278221
DCAF4,0.000355656044553917
4930534H18RIK,0.000355196617498805
ZBTB17,0.00035498534483342
BCAN,0.000354535194744453
SEC22C,0.000353916494746614
DUSP15,0.000353760097684473
ZFR,0.000353514209340394
2610005L07RIK,0.000352848582077966
ING4,0.000352149907091697
MED6,0.000351751120499818
FAM49A,0.000351742784120056
NNT,0.00035173289061638
DMRT2,0.00035170584736394
4833412C15RIK,0.000351703194721188
NAPA,0.00035121989745265
TRPC1,0.000351158169637222
LYRM5,0.000350765250174423
1700063H04RIK,0.000350449868089643
4930521G14RIK,0.000350325102394958
MYBPC1,0.000349669141137436
INSL5,0.000349586265321016
TRIP13,0.000349308229158545
KLHL9,0.000349054564474079
CIART,0.000347463398359204
BRCA1,0.000347408951085645
TRIM23,0.00034735261991384
NDUFS8,0.000346278210793028
NUDT16L1,0.000346254593291596
TYRO3,0.000345785157198674
D10WSU102E,0.000345222768500901
FAF2,0.000345024293050594
2610528J11RIK,0.000344788499349018
ZDHHC14,0.000344549007610122
GCFC2,0.000344228594500362
GYLTL1B,0.000344189244859596
FAM71D,0.000343950076570973
GM19723,0.000343935036212803
MAP4K2,0.000343582575378174
PTPRCAP,0.000342971874448673
PDZK1,0.000342908229157464
CNN2,0.000342330566007582
TIPRL,0.00034199067094654
MYADML2,0.000341802984744291
IL20RB,0.000341683466270698
ZFP618,0.000341377130202384
NPEPPS,0.00034133187281342
DNM3,0.000341287368415155
LRIF1,0.0003412753151242
TBL1X,0.000341098169090659
C85319,0.000340870781687807
EPPK1,0.000340581138627745
GADD45GIP1,0.000340424233772387
ARL14EP,0.000340042333099854
UBE2E1,0.000339463012920388
RFX5,0.000339192133558822
CFLAR,0.000338837287108829
GPR108,0.000338794171440752
KBTBD12,0.000338722072749155
A430108G06RIK,0.000338558700942991
CYP2B13,0.000338415176950193
4933403O03RIK,0.000337622416404114
HNF4AOS,0.000337450628406912
ADAM25,0.000337444648168601
ITGA2,0.000337335141876943
2700089E24RIK,0.00033722892089493
BAIAP3,0.000336925228587067
C78809,0.000336597722249057
2810404F17RIK,0.000336098563589518
AU022526,0.00033575462488574
UNC13D,0.000334932338599658
MUC5AC,0.000334902594453176
4932430A15RIK,0.000334705962666739
EIF3G,0.000334257741834339
GM10839,0.000334086051442525
9430081I23RIK,0.000333997697460543
PIGV,0.000333534074503836
C79250,0.000332808875540889
4930432O09RIK,0.000331598245103378
PRKCA,0.000331316655773922
2810047C21RIK1,0.000331278899445479
AU019796,0.000331276662439489
SEPT7,0.0003311350054094
SLC35F3,0.00033111178477821
KCNMB4OS1,0.000330734957370872
NPY,0.000330708806118713
DYDC1,0.000330396736200985
CHAC2,0.00033012338883444
SMARCD3,0.000328903218679666
MFN2,0.000328100790276144
VLDLR,0.000328086258694599
RPS16,0.000327764658732856
KLHL20,0.000327477733349254
HTR3B,0.00032739597799833
SENP5,0.000327269778510949
D530039A21RIK,0.000326874005034533
HCLS1,0.000326449730848581
TALDO1,0.000326244432215903
KIFC3,0.000326082758611247
BRSK1,0.000325918051113283
4921508D12RIK,0.000325704166799212
2310007H11RIK,0.00032551258108483
ANKRD26,0.000325510371243551
CASQ1,0.000325498372510876
ZFP275,0.000325480268802389
2310068G24RIK,0.000325425604514797
SOBP,0.000325216741101893
VIPR1,0.000324464313439386
SCN2A1,0.00032439397946388
NF2,0.000324306584536994
ATCAY,0.000323709653890879
UFL1,0.000322864657682711
LNX2,0.000322753589230893
PDCD1LG2,0.000322739809225835
H2BFM,0.000322399795851962
GSTA4,0.000321929832023557
MBD3L2,0.000321850381422817
MEAF6,0.000321699248539511
SEMA6D,0.000321573121463327
ANTXR1,0.000321469094927913
TRPM1,0.000321261154322019
IDUA,0.000321237662093835
BRE,0.000321128574799553
CASZ1,0.000321050326532603
TMEM165,0.000320796308939659
HDDC3,0.000320492015176085
4930412F09RIK,0.00032035331117472
AREG,0.000320223498804486
1700001L05RIK,0.000320040981571459
WHSC1,0.000320014655393136
PCMT1,0.000319810078917072
AU015438,0.000319744232792928
TSSK2,0.000319470345637772
RHOX5,0.000319188185335253
RHOH,0.000319185427558013
PVRL3,0.000318872600093935
ID1,0.000318707145719523
2700099C18RIK,0.000318466293477428
TTYH3,0.000318257736747522
ZYX,0.000318021054698068
CCL22,0.000317313892895096
EPRS,0.000317181879886561
C030013E06RIK,0.000317020018625679
TMED5,0.000316887332304482
C80678,0.000316852471766377
TRPV1,0.000316698281251288
LMAN2,0.000315880571019111
8030423J24RIK,0.000315289028075548
SPRY1,0.000314057209049678
AU045094,0.000314050971281065
ARMCX4,0.000313993169937577
ELP3,0.000313713857285364
GM10941,0.000313616481345767
4930519F16RIK,0.000313275536004391
DDX17,0.000313091565327623
WASF3,0.000313045864394911
MIS18BP1,0.000312988713425419
ZDHHC15,0.000312856924914267
IDH3A,0.000312820195144951
DDIT3,0.000312793533892431
ARMC8,0.000312115090713266
C130033P17RIK,0.000311758309337522
F2,0.000311433527526148
NLRP10,0.00031128907750031
GM17249,0.000311282111362999
TACC1,0.000311241827316714
FNBP1L,0.00031021717013333
GAS6,0.000310109099649104
D10ERTD494E,0.000309901018654729
MBL2,0.000309835686842746
VMN1R56,0.000309811743051098
ZFP853,0.000309364035736577
TSC2,0.000309114515938247
1500002K03RIK,0.000309052223369178
PUM1,0.000308772037260004
RASAL1,0.000308622064482593
CHST2,0.00030853290029089
CTNNBL1,0.000308487926391974
CIT,0.00030825694264789
GM13583,0.000308121230646876
PCED1A,0.000308053807892233
6030427F01RIK,0.000307954255123191
MFGE8,0.000307831481575673
RANBP9,0.00030722130365241
SPSB4,0.000307140939293634
PRSS3,0.000306983759807994
PSMA7,0.000306955845985443
HNRNPM,0.000306801431460185
SORBS1,0.000306401780033758
ZCCHC2,0.000306305854875369
MYO1G,0.000305936345252472
EFEMP2,0.000305719114172999
SIDT1,0.000305595229332664
CDR2L,0.000305430110218498
CETN4,0.000305197935390129
ATXN1,0.000305059324832305
CREG1,0.000305002906951341
MSI1,0.000304900921355458
ZFP384,0.000304615618214141
TMEM135,0.000304609193405018
MRPL21,0.000304376805279197
TSPYL3,0.00030424268351839
1500012F01RIK,0.0003042419527499
HK3,0.000304064773964924
9130204L05RIK,0.000304051652424847
C79595,0.000303791639764104
OLR1,0.000303730107442412
ALDH3B1,0.000303726777388902
SPESP1,0.000303656081676964
PLEKHA6,0.000303349351404658
1700020D05RIK,0.000303006571126725
TUBD1,0.000302792182444817
STK24,0.000302745833874333
GATAD1,0.000302549579688663
METTL9,0.000301036847677765
ABCD3,0.000300598888528215
ACAD10,0.000300156904383737
SOS2,0.000300056616292271
POLA1,0.000300032131480738
RPL27A,0.000299711781796916
ARV1,0.000299376048934186
4932442E05RIK,0.000299333876636249
AEBP2,0.000299279172766185
RASGRP2,0.000298786072256286
MTA1,0.000298626053919379
ZFP61,0.00029859434825734
SOX11,0.000298486227359454
9130023H24RIK,0.000298402027946912
FAM101B,0.000298259700578425
CLDN15,0.000297542228255799
RASL2-9,0.000297125412268863
DGKEOS,0.000297036879917639
STFA2L1,0.000296201597894267
LYST,0.000295675924742146
PEX5,0.000295521805492665
1110015O18RIK,0.000295029072937457
TAS2R108,0.000294866814923375
NRSN1,0.000294586810718906
CCKBR,0.000294541265995102
TGM4,0.000293807251258262
4930543E12RIK,0.000293786746956238
4930407I10RIK,0.000293203854998195
ADAR,0.000293115285879552
TSR1,0.000292754804524696
USP22,0.000292721437352224
TMEM82,0.000292155456955678
RBM17,0.000291866464973286
RAD18,0.000291856896483097
GTPBP2,0.00029127663217093
LOC102640771,0.000291210320299664
HECTD1,0.000291204785234931
KCNK6,0.000291083477045739
TMEM110,0.00029104855180163
SLC7A4,0.000291001135012554
KHDC1B,0.000290960692221475
2010003K10RIK,0.000290729342915443
SLAIN1,0.000290522194709981
5330439A09RIK,0.000290290188946586
5031420N21RIK,0.000290117798625098
9530047P18RIK,0.000289847953897086
AK162774,0.000289473333718483
SRD5A1,0.000289386503515968
HRCT1,0.000289120686308461
SLC30A9,0.000289049440331596
AGFG1,0.000288804708610725
ZFP280C,0.000288797255102042
ZDHHC13,0.000287767938095096
ZFP536,0.000287757810381428
SPINKL,0.000287697309997374
ZBTB38,0.000287686861060657
3110073H01RIK,0.000287650073743109
UBE2Z,0.000287616598124261
CDK5RAP2,0.0002874862157522
RLTPR,0.0002873899519937
RBM12,0.000287174451222083
NRDE2,0.00028710505770437
MYH6,0.000287042818706836
PHYH,0.000286842897894746
GM15506,0.000286087412798383
TMEM238,0.000286020247876736
D5ERTD579E,0.000285900643366935
NDUFA4,0.000285897582302326
4930449C09RIK,0.000285864266507755
RAD51C,0.00028584099178108
PIGK,0.000285716117286739
AKR1C20,0.000285436215774465
LYSMD2,0.000285167797977755
POLH,0.000285159330782554
TAOK1,0.000285095700601758
B630019K06RIK,0.000285001976856943
BEAN1,0.000284705117218486
EFTUD2,0.000284525417432977
SF3B3,0.000284035255619717
PRR5L,0.000283776385595379
DPP10,0.000283754225213692
NAALADL1,0.000283617213492304
ASIC1,0.000283554907806643
ACOT11,0.000283467127636182
GM9939,0.000283052380118742
5830407E08RIK,0.000283020105453775
MORN1,0.000282992131755734
4733401D01RIK,0.000282875992327808
SOCS7,0.000282725282443443
1700106J16RIK,0.000282623938263417
TVP23B,0.000282204612409938
AV039307,0.000281892462864068
NUP210,0.000281748134508238
TRP53RK,0.000281515903530619
MME,0.000281211037646059
FOXJ2,0.000281158473547661
DAF2,0.000280969702204158
CEP170B,0.000280471205301779
B3GALNT1,0.000280359153669613
GSTK1,0.000280327503131497
HLX,0.000279954934132166
ZFP945,0.000279327933622229
PXT1,0.000279044374622243
9530010C24RIK,0.000279022533544327
4930425O10RIK,0.000279013829583284
SOX5,0.000278234975897289
SERPINA3K,0.000278216389308817
GGA2,0.000278029008066958
DHX9,0.000277971352610178
6330419J24RIK,0.000277437724393029
OPN1SW,0.000277422940592922
COPS7B,0.000277359501727597
KBTBD7,0.000277324392758759
PADI4,0.000277307919463366
CEP164,0.000277028735889614
GMEB2,0.000276458360267139
CHMP2A,0.000276392227032346
VCPIP1,0.000276333711897778
RCHY1,0.000276322970993307
GAST,0.000275945027788566
TRIM61,0.000275797519131216
AI415730,0.000275617975952976
SOST,0.000275601963710043
RNF32,0.000275457270346942
GIPR,0.000275168563098767
6330403N20RIK,0.000274628742999637
ORC1,0.000274527695895676
ACO2,0.000274477698243023
CCDC136,0.000273851632295428
RNF144B,0.000273524064274593
UBE4B,0.000273414750455646
GPR152,0.000273339739788672
CSPG5,0.000273330914958544
PPFIA4,0.000273233944035951
TTF2,0.000273014760468335
LLGL2,0.000272821587101297
COPG1,0.000272809214972081
EMX1,0.000272649884652375
RNF148,0.000272583585356261
LEPR,0.000272457222285631
PCBP1,0.000271956246812848
4931408D14RIK,0.00027170537919949
DGKI,0.000271613093865331
DUS4L,0.000271572894601599
4933404I11RIK,0.000271555841041265
ATF2,0.000271216332932808
MIRLET7BHG,0.000270891380071268
POLD1,0.000270879417965149
STRIP1,0.00027071367272403
RINT1,0.000270692027950305
CXCL11,0.00027040298758447
SLC23A1,0.000270075921948265
CCT5,0.000270074156382208
CASP1,0.000270002901452896
FRMD4B,0.000269507132960508
SEC23B,0.000269415880684356
1700016H13RIK,0.000269409254593221
4933402E13RIK,0.000268998348252009
TECRL,0.000268934017737448
SYNJ2BP,0.000268851866296872
OS9,0.000268817390675643
FAM57B,0.00026875712613813
MRPL1,0.000268741784745888
B3GNT9,0.000268652724883496
SUCLA2,0.000268466375023064
PLET1OS,0.000268288128292837
SIPA1L3,0.000268088255805691
PPP3CB,0.000267703189070215
CPT1C,0.000266797558782711
E030042O20RIK,0.000266748904180318
AK037556,0.000266314301393793
SS18L1,0.000266127671391472
SLC26A1,0.00026598128377515
MRPL52,0.000265934154302267
DDX41,0.000265797303102595
D7ERTD193E,0.000265788789865317
PCSK4,0.0002657430769755
4933407L21RIK,0.00026572197000981
CMTR2,0.00026569905462619
TEAD3,0.000265528255545721
GSAP,0.00026541981732609
ADAM22,0.000265393202446932
PAK1,0.000265384925892753
GM12888,0.000265280607041607
TAS2R105,0.000265232376447173
IZUMO1,0.000264886322423249
TRIB1,0.000264608205181056
CUTC,0.000264569292537447
HEG1,0.000264123641240264
FAM163A,0.000264086805427691
WNT10A,0.000263611179695159
FAM174A,0.000263290359543094
DEFB42,0.000262679502960357
2900079G21RIK,0.000262673274527917
A430110A21RIK,0.000262598946961317
MDM1,0.00026243485089927
CHERP,0.00026241379026051
9930031P18RIK,0.000262381428998571
PTTG1,0.000262119491425076
H60A,0.000261918527518789
4930554P06RIK,0.000261628984593625
GZMM,0.000261435196895605
LGALSL,0.000261337223597302
NHSL2,0.000261233787347481
PRSS42,0.000261115626407699
SNX32,0.00026100729528557
DENND1B,0.000260538445286266
GM550,0.000260280284634851
D730001G18RIK,0.000260038050995552
CHGB,0.000259761499953925
MRFAP1,0.000259705319836472
BZW2,0.000259239246029745
GNPDA1,0.000258972491273164
RS1,0.000258740997686704
RAB1,0.000258737673689475
KAT2A,0.00025834494148879
IGSF1,0.000257335794935745
FTO,0.000256981993196425
TRPC3,0.000256853667346282
0610033M10RIK,0.000256549399782664
METTL3,0.00025643378430032
CSRNP1,0.000256248201581135
IARS2,0.000256236931047895
JMY,0.000256217593993297
GNG13,0.000256015250761105
GSTT2,0.000256014724329898
CYP4A14,0.000255895692398174
MTMR11,0.000255494316850239
DOCK3,0.000255421230205956
DNAJB5,0.000255269641363954
CDIPT,0.00025516213596895
SRSF7,0.000254899535629229
DNAJC9,0.000254897279389426
ART3,0.000254611610721117
ORC3,0.000254555393106485
1810032O08RIK,0.000254393011854648
ST6GAL2,0.000253918063286608
BCL2L2,0.000253725484983671
WDR20,0.000253638081968337
7030407E18RIK,0.000253475372151849
NOC2L,0.000253470158896379
EPS15L1,0.000253464808030318
KCNV2,0.000253135140262327
COX17,0.000253038500898101
DTX2,0.000252330210398103
4930505M18RIK,0.000252192361090098
ENSA,0.000252135670406973
ITIH3,0.000251765014347244
4933407I05RIK,0.000251503317981591
RABGEF1,0.000251387926897643
KDM4A,0.000251159533883831
ATP7B,0.000251040451902547
SEP15,0.000250923388700748
CD52,0.000250877982257002
CCDC69,0.00025075655415699
LMBRD1,0.000250611644694625
POLR2M,0.000250543316910001
FAF1,0.000250489296999415
2610201A13RIK,0.000250395293373112
USP54,0.000250176448420717
4932443L11RIK,0.000249574051651607
HPS1,0.000249556851340109
4930474N09RIK,0.000248685206843132
AKNAOS,0.0002486431078069
FXN,0.000248590955859102
CXX1C,0.000248427273808513
GM5817,0.000248403535205136
CD24A,0.00024789930750369
KLRG2,0.000247876586787532
VPS54,0.000247817185214362
CUEDC2,0.000247544198106089
REV1,0.000247482691643935
ZFP191,0.000247194590434077
1700003H04RIK,0.000246518961700401
ZCCHC6,0.000246408388247533
FGFR1OP2,0.000246401855103872
TMED4,0.0002462630290712
WDR11,0.00024622933512379
4930443G03RIK,0.000246134949069945
C79123,0.000245968686344094
RPE65,0.000245929846374642
9130214F15RIK,0.000245925237085827
C80279,0.000244653166957522
LRRC58,0.000244471369658817
LTA4H,0.000244440627769048
MPLKIP,0.000244365922942033
PKD2L2,0.000244241534627475
PRR15L,0.000244128397696713
LOC102633805,0.000243316993873256
RPTN,0.000243003267009335
PLEKHA5,0.000242927265524145
DEFB21,0.000242748441978191
UPB1,0.000242720658132887
VWA2,0.00024256186253089
KDM5D,0.000242238894215266
DUSP28,0.000242138057412327
4933404K13RIK,0.000241689918925206
CCRN4L,0.000241248411705878
ETS1,0.000241191678591657
SLC5A10,0.000240999960231085
NDUFS5,0.000240965245943193
D17892,0.000240308144804087
HN1,0.000240182914480421
TRIM42,0.000239776313836527
SLC30A10,0.000239537103380908
ALPPL2,0.000239413149641122
4930563N14RIK,0.000239257942921246
INTS9,0.000238932158959117
ZKSCAN5,0.000238528160239352
1700023F06RIK,0.000237707791624991
VPRBP,0.000237520326260142
2210010C04RIK,0.000237337131440201
CCDC149,0.000237232568039686
PRSS40,0.000237087795135811
ZFP354B,0.000236987213262594
PTCD2,0.000236972804007686
UVRAG,0.000236807278115885
SLC7A8,0.000236641468031424
MRPL45,0.000236598617781658
NFATC1,0.000236538666343504
DNAJB3,0.000236498584132085
9230110K08RIK,0.000236468095519285
RSRP1,0.00023639325403898
1700066C05RIK,0.000236333693915516
DOCK11,0.000236293344570579
2210016L21RIK,0.000236209827998497
DDB2,0.000236129504897855
LHB,0.000235967550568258
ACTG1,0.000235931487274951
KCTD3,0.000235688096074449
ZFP128,0.000235229394983097
F12,0.00023482694341595
HTR6,0.000234574087443059
PLEKHB1,0.000234547507557231
DEFB8,0.000234485466762159
NDUFB11,0.000234007094231297
LAMTOR1,0.00023367374568584
FAM168B,0.000233498204473252
LYZ2,0.000233418805931252
TM6SF1,0.000233248009160964
LCN8,0.000233195845259908
SDR9C7,0.000233176536593807
4933407G14RIK,0.000233095576934984
CPNE1,0.00023297733874248
4930432B10RIK,0.000232795423904331
OSBPL10,0.000232642153321083
PBX4,0.000232313488475884
ANKRD2,0.000231647398081604
CNPY2,0.000231642470239494
NPLOC4,0.000231538375065629
CDC42EP1,0.000231374919138167
A730020M07RIK,0.000231276066784428
ASB13,0.000231185760018868
AXIN1,0.00023065289756252
PET2,0.000230526109805798
5830432F11RIK,0.000230470503105253
CYP11B2,0.000230210267556523
SLC35A1,0.000230118575801493
AI506816,0.000230044200757389
IKBKB,0.000229701945299093
CCT7,0.000229652566953491
HTR5B,0.000229424504131414
KLF3,0.000229400341254707
4930509K18RIK,0.000229273085861328
POMT2,0.000229206820735543
5430402E10RIK,0.00022909815547377
SMNDC1,0.000228936793138016
PTPRN2,0.000228741649534471
4930456A14RIK,0.000228533678092779
ABRA,0.000228227482256272
SLC9A6,0.00022805770350608
SETD2,0.000227684921443365
AMTN,0.000227483748357736
HMGB4,0.000227235309700853
AARSD1,0.000227178897625276
CCDC13,0.000227162447987335
BNIP3,0.00022617248357373
FBXL14,0.000226097014209249
PARPBP,0.000226087071376405
PTPRJ,0.000225687636912286
ZMYND8,0.000225556463859941
PRKRA,0.000225497735720086
CRYGD,0.000225246169596282
IL5RA,0.000225187079790704
FRA10AC1,0.000225132790855933
RFFL,0.000225026184677668
HPCAL4,0.00022488352492563
E2F8,0.000224756118266853
RORA,0.000224507726135496
IFNA5,0.000224381173543981
KLK1B4,0.000224230695019963
TIMP4,0.000224115555019416
PBSN,0.000223562603055391
2310050P20RIK,0.000223562540818503
OLFR749,0.000223486235171083
KAT6B,0.000223450151613844
RSRC1,0.000223199286854343
DHX36,0.000223103591915815
XPO1,0.000222891854975587
1700010N08RIK,0.000222512500395646
CDKN2B,0.000222132976398003
RHOJ,0.000221992699079958
4930500A05RIK,0.000221599402650165
SMC4,0.000221561682757186
BOD1,0.000221545927336682
CAPN7,0.000221334082480049
TMEM107,0.00022128028894765
CEP68,0.000221266744092211
CCDC107,0.000221158747397967
AU022240,0.000221151720279651
SLC19A2,0.000220923441145382
9430013L17RIK,0.000220917920390933
AQP5,0.000220849382718244
BC028528,0.000220809686929516
HP,0.000220700253411248
1700020I14RIK,0.000220417724679449
NOC4L,0.000220083193988886
PEG10,0.000220076892530871
3930402G23RIK,0.000220013988181464
FAM222B,0.000219434727124391
4930519E07RIK,0.000218950988373681
C130070B15RIK,0.000218865221256002
ROCK2,0.000218777892867256
RFC2,0.000218272598838191
5830490A04RIK,0.000218252199458806
PRRG1,0.000218190212365066
GALNTL5,0.000218114446313708
EMC6,0.000217993109387485
4933427C19RIK,0.000217877787204692
MCM4,0.00021766011699979
RC3H2,0.000217558903696218
4921517O11RIK,0.000217528677532423
NKIRAS2,0.000217284800655871
SLC2A13,0.000217282058869217
PPP2R5E,0.000217165796638171
5930435M05RIK,0.000216957723179875
SLC35F6,0.000216859697482101
SENP1,0.000216343719633329
NUP88,0.000216341979368109
TMEM108,0.000216020195861391
BIK,0.000216011007150201
2610034B18RIK,0.000215745951455176
4930506M07RIK,0.000215172696743648
ARPP19,0.00021507008016567
PAQR7,0.000215042075119168
S1PR1,0.000214161826356353
XPO6,0.000214154763328792
C030004G16RIK,0.000213686497485043
CLCC1,0.000213573488864707
APEX2,0.000213500470608625
HIAT1,0.000213359690917476
EPB4.1,0.000213281660028213
A330021E22RIK,0.000212737889355369
GLTSCR1,0.00021251687827021
METTL2,0.000212245308736928
PCMTD2,0.000212138687940614
PAQR5,0.000211889128529949
D6WSU163E,0.000211644395661815
UPK3A,0.000211502207407954
ND5,0.000211147275090298
TNNC2,0.00021098494635087
1700021P04RIK,0.000210937134523364
ASAP2,0.000210878418864956
4930444E06RIK,0.000210776713473037
TDRD7,0.000210740077419413
4930507D10RIK,0.000210616313245118
GLRX2,0.000210471983136555
3110040N11RIK,0.000210107309353312
RNPEPL1,0.000209853646112996
EDN3,0.000209491424249892
TMOD3,0.000208968059963913
ENTPD8,0.000208855893636236
CBLN3,0.000208584122352789
BECN1,0.00020773920710585
FOXN4,0.000207424458295322
4931430N09RIK,0.000207026009606161
COPZ2,0.000207025894690828
PIGA,0.000206671469548486
GDI2,0.000206534873156777
GUCA2A,0.000206531868252995
SMIM7,0.000206421451074071
ZFP874B,0.000206300118573719
LYSMD1,0.000206151343925562
TXLNA,0.000205650751898126
CYP2J11,0.000205340275385533
SEPHS2,0.000204757774528347
LOC102642202,0.000204439803988607
FAM57A,0.00020418624077719
SOX1,0.00020401155470262
2700046G09RIK,0.000203343554015532
EFCAB9,0.000203161628382285
4933431K23RIK,0.000203159953285049
TEKT2,0.000203074287148951
GRPEL1,0.000202875834106675
COG3,0.000202682105732294
SMEK2,0.000202319969183307
SLC30A6,0.000202142571783402
KLHDC4,0.000202137019037653
RGS17,0.000202074931496428
KRTAP8-1,0.000201909453299511
NCF2,0.000201808116464372
CIITA,0.000201729059351547
B3GALT6,0.00020114755904048
WFDC21,0.000200794369276294
CDC42SE2,0.000200624721397109
NIPAL1,0.000200622935135477
4933417A18RIK,0.000200416277675445
ZYG11A,0.000200383682987801
D930048N14RIK,0.000200094027348896
FRK,0.000199595773951551
D14ERTD16E,0.000199468172562693
ZFP595,0.000199362232135631
CAP1,0.000199170182401853
PKIG,0.000199080146765756
GTDC1,0.000199043252284722
CHPT1,0.000198926059688037
HINFP,0.000198583082467136
AGR2,0.000198577747481226
COMMD1,0.000198257705310163
ZFP346,0.000198091959751326
DNAL1,0.000197863739163357
ADAMTS1,0.000197592931771774
6720462K09RIK,0.000197297101030826
C77717,0.000197104186635448
NDUFA5,0.00019708801608909
APOC4,0.00019707337476408
ASXL3,0.0001970445927911
LOC102635878,0.000196930792510349
ASPDH,0.00019681251637427
6030419C18RIK,0.000196776110772672
GZMB,0.000196550486986305
MAN1B1,0.000196540248326872
SPICE1,0.000196434561891969
GPRC5B,0.000196297494401473
TNFSF8,0.000196179490817005
4933402D24RIK,0.000196070020743544
PABPC1,0.000196009209089433
CENPF,0.00019512987863325
LRRN3,0.000194916909973555
ZFP865,0.000194644647529132
HOMER2,0.000194452525458899
5830462P14RIK,0.000194292453674654
SURF1,0.000193846660633019
DDX3Y,0.000193660597393234
CFL2,0.000192953113837174
4833417J16RIK,0.000192472412748978
GM5547,0.000192136047218508
MTF1,0.000191885965960272
IHH,0.000191744065571056
MKNK1,0.000191693523104059
GTF2IRD2,0.000191495414396573
STK11,0.000191003515083834
SLC35E3,0.000190971591211604
1700061N14RIK,0.000190915563101005
MBL1,0.00019076082554838
POLR2B,0.000190507683224087
D13ERTD37E,0.000190344275403988
PRKAR1B,0.000190216589491764
FAM212A,0.000190035179912488
TTC33,0.000189912780740468
CLK3,0.00018987646176184
STXBP6,0.000189362643430519
EPHA2,0.000189135380415284
DEFB13,0.000189039886691395
BAG4,0.000189037565264502
CTPS2,0.000188871762849119
E330017L17RIK,0.000188865040419712
PITPNC1,0.000188487103356872
BRIX1,0.000188424425517396
TEX37,0.000187575927371077
SGPL1,0.000187403543334027
CMIP,0.000187389607437594
1700011H14RIK,0.000187015206395766
CYP19A1,0.000186776686595874
NUP93,0.000186638439232884
D15ERTD55E,0.000186570143467342
D8ERTD107E,0.000186544077095418
DHX40,0.000186362202781774
PTX3,0.000186330337022141
SCD3,0.000186299839665899
KRTAP4-16,0.00018604201859676
1700111N16RIK,0.000185811335080588
2610206C17RIK,0.000184944980371071
OLIG1,0.000184877722788588
DENR,0.000184296946726261
4933404G15RIK,0.000184049647009921
RPL18A,0.000183688764593924
FUS,0.000183282790808816
PRKCB,0.000183067954010868
ZEB1,0.00018278247511451
LPGAT1,0.000182426421545432
FBXO41,0.000182173914756206
DNAJC21,0.000182074095896139
CEP290,0.00018204817114304
RIPPLY3,0.000181828903919837
PEX11G,0.000181788216065418
ENTPD2,0.000181418081968693
TLX1,0.000181326832423841
NSMCE1,0.000181095980101401
SAPCD2,0.000180879685209007
2900011G08RIK,0.000180760868590636
FZD6,0.000180535907741832
PGGT1B,0.000180357210278436
H1FNT,0.000179287965891604
KCNAB1,0.00017898944625642
MRGPRA4,0.000178756485979553
PANTR1,0.000178722813434842
MYO6,0.000178653567671227
KIRREL,0.000178483419349224
ATF7IP,0.000178366091217414
STEAP3,0.000178350624126641
CCDC65,0.000178348814339493
1700012B09RIK,0.000178285736007716
NEUROD4,0.000178232405779289
NISCH,0.000177757642344697
VMN1R47,0.00017766441759009
A930041D05RIK,0.000177330178171478
FLG,0.000177324513391041
ALDH5A1,0.000177263946395695
PNMAL1,0.000177260461630806
MRPL54,0.000176960111141917
DIEXF,0.000176808849479634
HERC1,0.000176540424346774
GRIK4,0.000176478788622212
MFAP2,0.000176368716897308
ALOX5,0.00017633267670788
SERPINB9G,0.000176003023074561
HDLBP,0.000175979273838328
CCDC14,0.000175740936686182
PIGH,0.000175415021786729
PCDHB7,0.000175059913265918
8430434A19RIK,0.000175027362811068
EGFL6,0.000174750146866294
CD244,0.000174357030284265
ATP1B1,0.000174238032634073
9630028H03RIK,0.00017417944965176
RBM46,0.000174098951349377
ADAP2,0.000173650530770654
CARTPT,0.000173604215791419
PRDM4,0.000173509927371197
IL22RA1,0.000173223473352408
ELDR,0.000173069540417731
VIT,0.000172064890885675
2310005A03RIK,0.000172039963928432
GJB1,0.000171256729205903
TMEM11,0.000171192866152299
SLC4A8,0.000171155167064316
4930510E17RIK,0.000171063390524316
RRM2B,0.000170948669838976
STOML3,0.000170925737748695
GATA2,0.000170131876240795
MRPL15,0.000169956973564344
USP49,0.000169752888595722
PPIL3,0.000169334029175225
CLDN1,0.000169031085187913
HNRNPLL,0.000168968352122221
CASP8,0.000168936923796081
GM9484,0.00016849504828489
OSBPL5,0.000168444775359129
TRAPPC2,0.000168306660643871
1700036A12RIK,0.000168066483064755
GM11487,0.000166782536603405
SULT1D1,0.00016675943161673
RTTN,0.000166652013640312
STPG1,0.000166485038976352
ISL2,0.000166378638281779
RPS19BP1,0.000166021170335324
YBEY,0.000165559605378664
KCTD17,0.000165258059821775
DPY19L1,0.00016518877160027
FCGR1,0.000165177756692677
SAP30,0.000165009282803158
4930483C01RIK,0.000164960910074221
C130075A20RIK,0.000164452828731089
ATP11A,0.000164303589248746
SCARF2,0.000164050454281764
ST8SIA1,0.000163995887806661
CEP89,0.000163856154030714
DPF3,0.000163723200973062
B3GNT1,0.000162854627873008
1600012P17RIK,0.000162718641629023
FXYD4,0.000162687476465978
CCDC53,0.000162344281257808
VAV3,0.00016222987631111
DYRK3,0.000161128199273216
GPR35,0.000160489584807387
ZSWIM2,0.000160345509875487
EID1,0.000160234320881965
1700123O20RIK,0.000160088691863741
SALL2,0.000159848293337487
9230110I02RIK,0.000159516133791514
1700007J10RIK,0.000159461114866644
HCRTR2,0.000159366459948197
ANKIB1,0.000159344308442663
CLEC2D,0.000159324199869094
DCAF7,0.000159305220712278
PRDX2,0.000159223750672604
NT5C3,0.000158737151693831
UBE2E2,0.000158669783073677
SLC50A1,0.000158651410479153
ICOSL,0.000158441426279403
CCBL2,0.000158426641748799
RBBP5,0.000158354127319191
ARRB2,0.000157855007861858
GM11517,0.000157728241127097
MAP1LC3B,0.000157467858866943
6030400A10RIK,0.000157304119484159
GTF2A1,0.000157150380856292
AGFG2,0.00015617031784376
RNF208,0.000156126486428764
DDX1,0.000155855098851521
FAM193B,0.000155622484474617
CDX2,0.000155543168096813
SH3BGRL2,0.000155536049489321
SLC26A3,0.000155488192516964
MRPL36,0.000155385644110281
WDR70,0.000155349841409582
CETN2,0.000155223916186917
CRLS1,0.000154521960099495
SACM1L,0.000154292275948038
BRWD1,0.000154219532337313
GM19395,0.000154198008369484
AU021745,0.000154156063678414
SNRNP48,0.000154121455935206
LOC102642974,0.000154119156755507
ERN2,0.000154110064543077
DDX47,0.000154097996278223
GM614,0.0001538821100946
SUCLG1,0.000153833730288643
DAP3,0.000153566058065255
TSPAN18,0.000153315321250088
LEAP2,0.000152954303593227
ZFP652,0.000152603840858079
MTR,0.000152123497580532
PKP1,0.000152109674345336
AP5Z1,0.000151952013908065
TUBE1,0.000151898839834988
4921517D16RIK,0.000151601359150215
ZDHHC4,0.000151439703277976
MRPS16,0.000151302671621456
EIF2A,0.000150957246081559
C2CD4B,0.000150497014269368
ALAS1,0.000150283670948818
1700022A22RIK,0.000150032904645635
CISH,0.000149901538590689
4930558J18RIK,0.000149450484733324
MIPOL1,0.000149396048557043
LRPPRC,0.000149376797516142
0610025J13RIK,0.000148912268041696
FDX1,0.000148852443012079
TTC7,0.000148612434542989
HAUS6,0.000148515636218462
TSG101,0.000148433142797129
C030015D19RIK,0.000148335125205559
SDHA,0.000148128380368175
TBC1D9,0.000148073539336694
REEP5,0.000147825321388565
MUC4,0.00014777785083595
ZP3R,0.000147493936808542
CEACAM12,0.00014711495248925
MPHOSPH8,0.000146742835889694
CCDC85A,0.000146353767389627
PKP3,0.000146308303596816
ABCB7,0.000145953732302086
CCDC130,0.000145943499353878
FAM196A,0.000145863554060631
REPS1,0.000145735864320338
E330012B07RIK,0.000145625858567867
RTN3,0.000145602463604597
CLCN4-2,0.000145517545755475
4931439C15RIK,0.00014515672285306
RHOB,0.000145081744313677
DBI,0.000144909187113128
FAM13A,0.000144805949022416
TMED9,0.000144054169081727
SLC6A19OS,0.000143807005559957
CCDC25,0.000143606693499896
NT5C,0.000143518614251763
SS18,0.00014329548309773
GSDMCL2,0.000143211218122963
USP24,0.000143192833933917
HOXA11,0.000143064663240086
ASPG,0.000142656344269793
FOXA3,0.000142362306398075
CBR1,0.000142008228471029
CPQ,0.00014190670623699
ZFP770,0.000141867455813674
PTBP2,0.000141838443825713
EGFR,0.000141661050638949
CCDC28A,0.000141543563575333
2700046A07RIK,0.000141486288491286
GTL3,0.000141379956534284
MORF4L2,0.000141378119983511
BLOC1S6,0.000141347478185056
WDR96,0.00014130791210411
GFM1,0.000141195972615074
DCUN1D5,0.0001411652825425
MARCH2,0.000140876824770709
KIFAP3,0.000140256355869444
4933404K08RIK,0.000139998380038523
CAPN8,0.000139987913882124
ING1,0.000139925897205153
FSCN2,0.000139678342781031
BC038331,0.000139553430147743
SUOX,0.00013946121440676
CALR,0.000139363887968835
RAB13,0.000139332423656798
4930597L12RIK,0.000139178241515567
ZFP9,0.000138878649306192
4930566N20RIK,0.000138576192716705
TAF9B,0.000137985893376547
BC048609,0.000137726901520676
MTO1,0.0001376977038533
TTC37,0.000137679232069924
NUPR1L,0.000137589932650142
ARNT,0.000137540534533493
EXOC3L2,0.000137305949166966
4930526I15RIK,0.000136862426082099
ECE1,0.000136844080573249
AU041474,0.00013655555759969
6720420G18RIK,0.000136452517031272
ZFP667,0.000136263650336919
4930594M17RIK,0.000136251010685864
TRMT1L,0.000135968232592891
TXNL1,0.000135510207444035
1810008B01RIK,0.000135048259269523
WAS,0.000134844445841036
1700012O15RIK,0.000134705007987661
STRA8,0.000134491548171631
MTSS1,0.00013446283496934
LRRFIP1,0.000134253848334988
EZH2,0.000133758350369652
MRPS14,0.000133647855555629
ALDH16A1,0.000133361231894335
TCTE2,0.000133262441850605
SYT2,0.000133144506519223
VSTM2L,0.000133034565095194
PAQR3,0.000132856372413458
NDUFA10,0.000132839140417462
SLC7A11,0.000132793044752686
TBL1XR1,0.00013265286373694
BMPR2,0.000132643217445862
AMOT,0.000132480356197127
TBC1D30,0.000132443884838154
TRAF3IP2,0.000132357417271023
ANKS1B,0.000132318558293859
PCDHB22,0.000132078181245137
1810013L24RIK,0.000132047559482499
CLVS1,0.000131896602673526
QRSL1,0.000131542179831552
GRWD1,0.000131470623210568
TTYH1,0.000131218272291938
MRPL42,0.000131074934546946
SMARCAD1,0.000131061104493814
SF3A2,0.000130777993960494
FAM133B,0.000130584793909821
ZDHHC16,0.000130320671434003
ADPRH,0.00013019319172903
NDUFS4,0.000130191119703121
MTHFR,0.000129816929042856
ZC3H3,0.000129711710462715
POU6F1,0.000129553871670459
FKTN,0.000129447584302206
5330430C04RIK,0.00012933383732522
BC125002,0.000129090738555462
LINGO1,0.000128812506643819
NEK6,0.000128786701388831
RP2H,0.000128643172922963
ABCC5,0.000128484911042555
RBM42,0.000127890825730972
RDH5,0.000127781042529652
E230032D23RIK,0.00012757817265374
TMEM87B,0.000127518854914635
AARD,0.000127376197797146
SIAE,0.000127337354107631
VPS16,0.000127309567460527
C79242,0.000127175303976135
FOXD3,0.000127135713747192
GAS5,0.000126649391286418
PSMC6,0.000126515654379459
SLC12A8,0.000126504514350607
MED19,0.000126128184978827
CYP39A1,0.00012606459968792
PLK1,0.000125968218945605
QRFPR,0.000125653015988586
SSFA2,0.000125383188836143
CAD,0.000125134868378027
MOB2,0.00012505764959345
9130015G15RIK,0.000124720744756817
FRY,0.000124148731681168
SF3B2,0.000123632539677587
RNF126,0.000123384221974875
TOMM22,0.000123365555603439
GM16489,0.000123346304389685
PIAS4,0.000123144287786384
ADAM12,0.000123053806550954
MB21D1,0.000123025707170652
B3GNT5,0.000122920260794649
AK076947,0.000122425509472977
STX4A,0.000122313257821618
4931407E12RIK,0.000122244763247436
RIMKLB,0.000122111061927183
RBM24,0.000121959659167319
4933402C05RIK,0.000121888445612528
CYCT,0.000121807592896764
D030056L22RIK,0.000121614961235508
TEX9,0.000121570108549863
SH3BP5,0.000121525612035386
MEI1,0.000121441720619219
CSDE1,0.000121252713159513
UBE2Q1,0.000121242245449028
CCDC137,0.000121038566442009
SIX1,0.000121025563006814
2410004I01RIK,0.000120924885622338
YTHDC2,0.00012089386593051
APOF,0.000120874050256867
OAZ3,0.000120587948620144
CYP2F2,0.000120543564570175
4631423B10RIK,0.000120540335357864
NUDCD3,0.000119714800005999
CDH7,0.000119343609863944
CD3E,0.000118884591604793
PSMD14,0.000118668556062792
GM5142,0.000118392057339101
INO80,0.000118263808390942
LECT1,0.000118155769145587
ABT1,0.00011805053470919
4933405L10RIK,0.000117925975949758
AU022848,0.000117534833567928
KNSTRN,0.000117147091406009
SIRT1,0.000116679135905979
AP1M2,0.000116657427017629
RPL3L,0.000116563573659241
TSPAN7,0.000116324941374144
FAM160B1,0.000116297358792328
TMEM140,0.000116243127286136
SOX2OT,0.0001162310435269
HSFY2,0.000116159084895646
LSM12,0.000116145523166199
DEFB41,0.000116089415180135
E230008O15RIK,0.000116054258501844
2510039O18RIK,0.000116035509303168
MAGEH1,0.000116001759833823
SLC46A2,0.00011583715872474
FBXO3,0.000115289978314647
PLEKHM2,0.000115266058143071
AU016916,0.000115067061038963
TMEM185B,0.000115064521276242
WDR92,0.000115031746008103
AK050197,0.000115031015108517
SCT,0.000115024929721129
4930519H02RIK,0.000114977238206688
AA407881,0.000114817187598426
A130040M12RIK,0.000114691969844127
HRH2,0.000114414286604374
4933413G19RIK,0.000114071909009885
NRL,0.000113233182754426
9230109A22RIK,0.000113160248859818
ATL1,0.000113089610834724
PLEKHA2,0.000112987141009854
MAPK8,0.00011253934219941
CTSL,0.000112376409793314
ZFP735,0.000112364303102164
TAF7,0.00011223794758105
TRP53,0.000112122628494496
ARAP2,0.000112068317577587
H2-Q5,0.000112041274572181
NOL7,0.000112038448477982
BOLA1,0.000112021330091523
AGO2,0.00011201069495449
C86695,0.000112001189188144
GM9870,0.000111825191882999
6030458C11RIK,0.000111789580728877
DDX6,0.000111653152792501
OOG4,0.00011165099547687
LRRIQ3,0.000111569843743158
MXRA8,0.000111430911755621
PGRMC1,0.000111409912682065
PML,0.000111354908893931
4930578C19RIK,0.000111126105305031
NPY4R,0.000111101150702826
HSPA8,0.000111084811619716
TPBPA,0.00011090344505355
NABP1,0.000110871252648142
GGA3,0.000110663659738056
ZFP574,0.00011047414095328
KBTBD8,0.00011033584709272
KANSL1L,0.000110310158261438
ABCD1,0.000110227542096279
5830468F06RIK,0.000110080058085281
IRX4,0.000110035967875655
CLCN7,0.000109939472096587
WIPF3,0.000109400922328576
BVES,0.000109399952890038
AK029768,0.000109303171827072
CAST,0.000109283757346067
B3GNT8,0.000109158553598533
EFHD2,0.000109130337520402
GDI1,0.000109093194292393
SLC16A5,0.000109017470783737
SERPINI1,0.00010873826155006
CLP1,0.00010860041310979
PRCC,0.000107980325678556
SEPT12,0.00010793838050686
SLC35E2,0.000107866592287208
SPRYD7,0.000107805820956073
WT1,0.000107575086299459
PPY,0.000107211969202709
CERS5,0.00010708542156184
CUL3,0.000106954612694929
SCYL1,0.000106880449063401
HEBP1,0.00010657610889428
TTLL10,0.000106320583224409
TTC13,0.000106089595386355
ACADVL,0.000106057151963999
CCP110,0.000106050655968135
HSD17B10,0.000106024985141203
KCNJ1,0.000105884915459293
HSD3B5,0.000105698188292079
POGZ,0.000105643366579466
A230106O10RIK,0.000105565227954151
PITPNM2OS1,0.000105439903223014
C76472,0.000105378294753041
BRINP1,0.000104791726158609
6530413G14RIK,0.000104704664429828
4921507P07RIK,0.000104653107569602
GM2590,0.000104491275575129
CCDC127,0.000104447039866188
AK129341,0.000104426713444483
PRL3A1,0.000104164810542341
IFI44L,0.000104157350578966
FAM73A,0.000104107948594205
LIPT2,0.00010393933787605
LY9,0.000103747520993181
PRL7A2,0.00010354682957899
PIGN,0.000103503078337935
HNRNPAB,0.000103440939671443
PRPF4B,0.000103159972015339
ATXN7L1OS2,0.000102810172891279
SLC35A5,0.000102589325651418
CLEC2H,0.000102336091831997
ARID3B,0.00010226227200407
NEURL2,0.000101936817170378
C1QL2,0.000101746391215108
CSN2,0.000101523130287953
CDYL,0.000101407482562826
LY6K,0.000101392217924064
SLC15A1,0.000101237525955435
OLFR976,0.000101152946117458
USP28,0.000100961459223644
TRAM1L1,0.000100789926817032
4932441J04RIK,0.000100393254728592
RAB2A,0.000100338920905046
ASB17,9.98422387475537e-05
4933427E11RIK,9.97585095795475e-05
WNT3A,9.97123220289645e-05
ZFP42,9.97065922418708e-05
1700020M10RIK,9.97063384566291e-05
SWI5,9.9637552861089e-05
8030453O22RIK,9.89362597343673e-05
IDE,9.86248530137914e-05
MIOX,9.85742202532446e-05
TMEM126A,9.84703608599151e-05
SRI,9.84365142945392e-05
OXA1L,9.8400492101564e-05
MAPKAPK2,9.82123262598173e-05
DNAAF2,9.75595672296012e-05
PPP6R3,9.75327504938368e-05
FAM46A,9.74026972836354e-05
CNIH4,9.74018025711837e-05
MRPL46,9.73377676261231e-05
JADE1,9.73155075609628e-05
GOSR2,9.71825121890506e-05
1700067K01RIK,9.71778328935863e-05
VNN3,9.7073562509029e-05
FNDC7,9.69852708758076e-05
CMTM2B,9.69313655212163e-05
CYP2D13,9.68851835820578e-05
C430049A07RIK,9.67927996792468e-05
RAB11B,9.67444949638449e-05
ETNK2,9.66307356351005e-05
APOBEC2,9.66256292309391e-05
TRAPPC6B,9.65965953048759e-05
BC068157,9.62635645405039e-05
BCAP31,9.59973157342538e-05
4930444K16RIK,9.58860944134109e-05
4933421I07RIK,9.56657362892263e-05
A730056A06RIK,9.5652723369975e-05
1700034E13RIK,9.56268810338146e-05
2010111I01RIK,9.5582690269833e-05
BIRC7,9.55652019560342e-05
4930503E14RIK,9.54979569552659e-05
FKBP10,9.54684573745671e-05
4930402H05RIK,9.52609861554053e-05
ANKRD54,9.5248140901592e-05
FURIN,9.51799866624256e-05
RMND5A,9.47182298789752e-05
KDM6A,9.42244540731938e-05
ENPP5,9.40144116360112e-05
SARNP,9.37925408866898e-05
D5ERTD102E,9.37227336496733e-05
DGCR14,9.36985973135234e-05
COQ4,9.36501222198852e-05
GRB14,9.35987853224145e-05
MIB1,9.35314700814733e-05
GM15417,9.33676557639326e-05
MTFMT,9.32772793472535e-05
GDF10,9.29764852995036e-05
RGMA,9.24543154859386e-05
ALG10B,9.21673568447271e-05
MARCKSL1,9.21539890549003e-05
GM7325,9.21472246015448e-05
SOS1,9.20493152749884e-05
SYT14,9.17784461166636e-05
SGMS2,9.17393924154055e-05
B230354O11RIK,9.16335789150213e-05
GLIS2,9.15291759363774e-05
INCENP,9.14773459574824e-05
NQO1,9.11197040523862e-05
RBM12B2,9.06742257281292e-05
NKD2,9.04933144043751e-05
LMNA,9.04871553260929e-05
ZDHHC12,9.03826495008089e-05
PIGZ,9.03007483848315e-05
EMX2,9.02283006459906e-05
BAG1,9.02052855696811e-05
ALDH2,9.00747520229021e-05
SMARCAL1,8.98703251874396e-05
AB352356,8.98527029126869e-05
CCDC85B,8.97410753433214e-05
MEMO1,8.95780616722102e-05
MGAT2,8.93374443244282e-05
PGM5,8.88128996377915e-05
9530002O20RIK,8.87639705085319e-05
KLRA18,8.86307660928157e-05
RIC8B,8.81533979434875e-05
PRL7B1,8.80773066657997e-05
SCN5A,8.80400330150078e-05
DSG1B,8.80381069092843e-05
HOMER3,8.79534078426005e-05
LRRC73,8.78719048270859e-05
C85163,8.78587245129408e-05
LHX1,8.77993419154065e-05
NDUFAF2,8.77007383736269e-05
COL6A2,8.75363332509927e-05
RGS10,8.74013347799647e-05
1700019G17RIK,8.72137845198063e-05
RAB3GAP2,8.72104714520133e-05
FOXO3,8.71957398872178e-05
PSMD6,8.68749855457031e-05
GYPA,8.68747460552048e-05
KRT222,8.64153990233893e-05
4930484H19RIK,8.64042635351432e-05
GM5785,8.61863195782233e-05
AF251705,8.60880611464112e-05
LIMK1,8.59231705832747e-05
EIF3A,8.59174591759245e-05
MAPK6,8.58744573798171e-05
C79461,8.58489178236115e-05
SPARC,8.57225457184057e-05
TTC9C,8.56654742016111e-05
3830403N18RIK,8.56492681198516e-05
FKRP,8.55169612233409e-05
4933436P19RIK,8.54886316128087e-05
INTS8,8.53443740288916e-05
NKIRAS1,8.52426282849833e-05
TMEM139,8.51866252131462e-05
FILIP1L,8.51212796544975e-05
DERL1,8.51178705678318e-05
CYTH1,8.49077879605461e-05
GLRX,8.48965944773672e-05
LSP1,8.48752617730207e-05
EXTL2,8.48208325442614e-05
PRUNE2,8.47719281405532e-05
RHBDD1,8.4740008230696e-05
DNAH5,8.46630112771683e-05
C030004M13RIK,8.45271136129546e-05
IRS1,8.44034417024038e-05
CIDEB,8.43778354931151e-05
EIF4E3,8.42954906879547e-05
AGAP1,8.42754573603175e-05
AMBP,8.42067980591024e-05
G6PC2,8.40437834333094e-05
CCDC91,8.38684216130151e-05
HS3ST4,8.37647373107223e-05
CWF19L1,8.35826952350196e-05
4930507A01RIK,8.35437294336568e-05
KIF1B,8.32157988727359e-05
CCDC175,8.3150048904909e-05
FOXD2,8.31373435098776e-05
TRP63,8.30310819718052e-05
GID8,8.30010777523976e-05
4930500G05RIK,8.29754188222278e-05
IGKV1-117,8.26392627943433e-05
TEX21,8.26180470048886e-05
LRCOL1,8.23375927216383e-05
AYM1,8.2157351231785e-05
MED16,8.21059414695498e-05
RALY,8.20941016490142e-05
BCAR3,8.20085048786956e-05
MAT2B,8.20023757948429e-05
BTBD6,8.19835323830779e-05
U90926,8.19344837327924e-05
GLB1L,8.19095177170904e-05
GLIPR1,8.18873931131218e-05
TNFRSF19,8.15485127360214e-05
ADCK5,8.13514614137115e-05
SSPN,8.11739216738414e-05
LRRIQ4,8.11019386125408e-05
ACP2,8.10953659246773e-05
D5ERTD422E,8.10546279130844e-05
2410124H12RIK,8.10182999985777e-05
SIRPA,8.10102366976308e-05
CYP2C39,8.1003937104118e-05
CHAF1B,8.09910322324193e-05
4930413G21RIK,8.0923130744999e-05
AKR1C18,8.06851122324051e-05
GNL1,8.02259628207122e-05
5530400C23RIK,8.00347485549435e-05
ALOX12E,7.99706209362746e-05
FIBCD1,7.9970446610108e-05
PCNXL4,7.99310461983644e-05
AU020094,7.96520167602988e-05
AKR1C14,7.96135215945466e-05
8030442B05RIK,7.94870233299428e-05
4930451I11RIK,7.93849758978654e-05
1810044D09RIK,7.93049722798428e-05
4930435H24RIK,7.91723232189208e-05
C330006A16RIK,7.9123686533503e-05
6430711C07RIK,7.90457056053905e-05
D730005E14RIK,7.90238170748034e-05
LAMTOR3,7.88332739785658e-05
ERICH2,7.85313774453393e-05
PRRG2,7.84296262006326e-05
B3GAT1,7.83872167574058e-05
YAF2,7.82337430314197e-05
MRPL44,7.81572188510344e-05
CARS,7.81193315077234e-05
PARP4,7.80972431625888e-05
PMFBP1,7.79402380488043e-05
TPTE,7.79114675381974e-05
ART2A-PS,7.78698646277682e-05
AU020147,7.77425947950126e-05
SGCA,7.76362767343988e-05
TVP23A,7.75772912812331e-05
4930548H24RIK,7.73829758325299e-05
NUPL2,7.73695363632727e-05
CHN1,7.72768425565708e-05
JADE2,7.7102827593023e-05
SLC27A3,7.70455054705666e-05
LBP,7.68955453134839e-05
H2-Q10,7.68762002941048e-05
KRT14,7.667790664624e-05
IFT20,7.66613847458191e-05
MYOG,7.65889865993458e-05
MED26,7.65179419576017e-05
CNGB1,7.64991322119445e-05
RPS15,7.63812097723487e-05
GM2762,7.62686282587279e-05
D17ERTD191E,7.61766155994676e-05
KHSRP,7.61134223455229e-05
UBA52,7.59878478201519e-05
NUFIP1,7.59269705883748e-05
GSX2,7.58482639228608e-05
GABRR1,7.57844264379635e-05
BC059841,7.56429764159482e-05
GM884,7.53558790940048e-05
ATP5S,7.53316370507943e-05
GM128,7.52843778411085e-05
NANP,7.51745701158791e-05
TUSC5,7.51443662406212e-05
GTF2F1,7.49229775695392e-05
ADH6A,7.47647624464171e-05
DNALI1,7.47632928307797e-05
ZMIZ1,7.47328694032304e-05
LETM2,7.4711433633511e-05
GPRASP1,7.44839349563431e-05
SCO2,7.44690643749998e-05
OFA,7.43987271963059e-05
KCNT2,7.42910662381317e-05
USF1,7.42529300103541e-05
HNRNPD,7.4155888050969e-05
SMPDL3A,7.37508159704608e-05
RPLP2,7.37492788848305e-05
APEH,7.37145513723035e-05
AIRE,7.36670871104471e-05
IL13RA2,7.31348614030963e-05
NT5M,7.3048492370824e-05
PTPN23,7.2915440674992e-05
IFNG,7.28212795754008e-05
NDFIP2,7.26629040314749e-05
NEURL1B,7.26040432804081e-05
PCCB,7.24905137793849e-05
0610012G03RIK,7.24430853538137e-05
IFITM2,7.23238947614982e-05
ADAM1B,7.21714895286151e-05
4933431J24RIK,7.14711785565764e-05
4931417E11RIK,7.1420193650383e-05
4931428F04RIK,7.13374971766979e-05
4930513N20RIK,7.11541203785647e-05
POLR3A,7.09462827988324e-05
MSH6,7.09371603794729e-05
CCL1,7.09229369458537e-05
1700021F07RIK,7.06372644699559e-05
5730492I20RIK,7.04643014334153e-05
SMYD3,7.03209262321369e-05
STMN4,7.03192294109407e-05
RPL10A,7.02663296309205e-05
LETM1,7.00790018473106e-05
ZFP219,7.00385207576127e-05
SNHG8,6.99888318607415e-05
COX6B2,6.99279839309651e-05
KRTAP6-2,6.98953626448593e-05
4930557A04RIK,6.97751972774435e-05
USF2,6.97348562497476e-05
D2ERTD210E,6.97196098488022e-05
SULT1C1,6.95369210541629e-05
PLA2G7,6.94642837206259e-05
XPNPEP2,6.92906348618852e-05
KPNA4,6.92329654135878e-05
FAM135A,6.90983137364463e-05
C530008M17RIK,6.90836270796208e-05
PAX1,6.90121920315776e-05
STRAP,6.89945204143874e-05
SAMD4B,6.89180135423855e-05
EGR3,6.88037625208912e-05
CIB2,6.87614147371428e-05
4933427G17RIK,6.87595673160625e-05
IL17RB,6.87394158206541e-05
ARHGAP12,6.87020316522805e-05
DNAJC16,6.85904283551324e-05
SNX19,6.84872208286957e-05
MAN2B2,6.83995050294657e-05
PDE4B,6.83848967948634e-05
4732416N19RIK,6.83509007689324e-05
C130015C19,6.82685550047398e-05
GM20324,6.82513516495743e-05
PARL,6.80392306506884e-05
FUOM,6.78610701765596e-05
TRIM63,6.76187233098429e-05
0610042E11RIK,6.75881631519601e-05
CAMK1D,6.73291775347954e-05
ZFP281,6.72668368881686e-05
MZT1,6.70476037437045e-05
ORM3,6.69905812707658e-05
SYNPO2,6.69002111010343e-05
SPTLC1,6.68787667965022e-05
ST14,6.67633919324366e-05
IQSEC2,6.67078768206498e-05
CTXN1,6.66796757831014e-05
TMOD2,6.66600606569659e-05
AMIGO2,6.66357531195645e-05
ABLIM3,6.65661666449824e-05
UCN3,6.65342749654097e-05
4930565D16RIK,6.65200527456605e-05
PGAP2,6.64623900680942e-05
BABAM1,6.63979991038211e-05
SUPV3L1,6.62985512985407e-05
PFKFB2,6.62178295166194e-05
TNS3,6.60523634756919e-05
KLRC3,6.60094281884627e-05
MCCC1,6.59936392198538e-05
MEFV,6.59340574061981e-05
SLC25A12,6.57940896543937e-05
FAM60A,6.56984559952237e-05
ARHGEF4,6.56933537915208e-05
CRHR2,6.5631521497875e-05
PSTPIP2,6.55196436784007e-05
KDM7A,6.54157032565727e-05
GLRB,6.52864763911399e-05
5930422O12RIK,6.52739715452771e-05
A130009E19RIK,6.50297745236313e-05
SH3GL2,6.48589695409253e-05
GALNT7,6.47288880512442e-05
PIH1D1,6.46859018638225e-05
PRSS28,6.45315666194557e-05
CENPA,6.44228451120449e-05
LOC102635639,6.44176444480785e-05
MRE11A,6.4318649550386e-05
EIF2S3Y,6.42808481627696e-05
IQGAP2,6.4198578806168e-05
H2-T18,6.41702008851164e-05
CLCN2,6.4160717713537e-05
PREX1,6.41227019372493e-05
PITRM1,6.40936906979773e-05
BDNF,6.39828394176106e-05
GM166,6.3939004674242e-05
FGF22,6.38150240421722e-05
ATF3,6.37085204579666e-05
AA517841,6.3705629713391e-05
ACVR2B,6.36804041318359e-05
9130004J05RIK,6.36143463889458e-05
LOC102635744,6.33276795263949e-05
IRF2BP1,6.32714842181582e-05
POFUT1,6.32539109286092e-05
POU2F3,6.32353017528354e-05
OBOX2,6.30657852053366e-05
OAZ2,6.27906187685902e-05
TAF1C,6.26305426021177e-05
TEC,6.26071527609449e-05
MARCH6,6.23459858460168e-05
9830004L10RIK,6.23265094907526e-05
CAR15,6.22950939462544e-05
BASP1,6.21704002798204e-05
2310066F23RIK,6.21414842759919e-05
PPP2R5C,6.2077863957469e-05
LAT2,6.19886869931512e-05
2210016H18RIK,6.18523894201964e-05
GM9648,6.18216045744223e-05
MAN1A2,6.18077738254895e-05
FBP1,6.17378584647427e-05
RPL37A,6.17061551229194e-05
NADK,6.16971875779421e-05
TRMT61A,6.16235380706966e-05
SPTSSA,6.15149096449982e-05
4930483J18RIK,6.12626528136311e-05
KLRA12,6.12362899292064e-05
HABP4,6.07206790284669e-05
RNASET2A,6.06482474294847e-05
GM10228,6.0543747753817e-05
9630050E16RIK,6.04407395200477e-05
4933430H16RIK,6.03649858183541e-05
EOGT,6.02896396710824e-05
GM5083,6.01079503584341e-05
MAGI1,6.00623636418013e-05
ZFP125,5.99218427283457e-05
TLR7,5.97328787557072e-05
MTBP,5.97200158760755e-05
CD8B1,5.967823024841e-05
PRSS46,5.9676091006594e-05
MAEL,5.96380059993318e-05
ARID5B,5.96283981130951e-05
KLF16,5.9621901221992e-05
PVT1,5.95813937542549e-05
VGLL1,5.95754223460272e-05
IFI27,5.94540681378531e-05
GOLGA3,5.94367319546941e-05
DNM1L,5.92790448339187e-05
NFS1,5.92299866635456e-05
DCUN1D2,5.91761124320175e-05
CDCA8,5.91411112891701e-05
4933433G15RIK,5.90270760969341e-05
FAM169A,5.89981906187003e-05
ALG11,5.89074435053388e-05
IFNAR2,5.88698055932066e-05
TCHP,5.88126853866171e-05
ATP7A,5.86546262028546e-05
CHD6,5.8495590625505e-05
2010320O07RIK,5.84284471368307e-05
AHDC1,5.83676180904736e-05
RPS3,5.83108528325715e-05
BC028777,5.81886185255863e-05
4933406B15RIK,5.81509191608463e-05
EIF2S2,5.81090881170539e-05
1700084K02RIK,5.80913861532187e-05
ACVR1B,5.80757234263335e-05
SPATA16,5.80457160836113e-05
ERCC1,5.79790028047608e-05
CHMP4B,5.79333557471881e-05
MGAT5B,5.78543228298889e-05
4933423P22RIK,5.78028169591181e-05
SHISA5,5.76757941626001e-05
FAT1,5.76060591967204e-05
GARS,5.7488761709023e-05
LOC102640589,5.72675197732036e-05
TBK1,5.72573627341271e-05
5730510P18RIK,5.69367744973083e-05
BRIP1,5.687961986666e-05
TAZ,5.67027637677829e-05
SCN10A,5.65079535566094e-05
TMEM29,5.63754584561739e-05
LSG1,5.63604226447233e-05
HIC2,5.63306456469642e-05
LMOD2,5.62411558033662e-05
GSTCD,5.62275042343089e-05
NDUFB8,5.61909514144274e-05
MAP3K7CL,5.61810882388714e-05
DRAXIN,5.61547516093215e-05
MCM9,5.61435784823296e-05
ATP2A1,5.60377785425811e-05
TNFAIP1,5.59192438788839e-05
ZP3,5.58385762665325e-05
MAP1S,5.57786102056621e-05
TMEM176A,5.57560230765177e-05
2810468N07RIK,5.5752528325554e-05
UFC1,5.57484703607695e-05
RNASE10,5.57137937341335e-05
AB124611,5.57091682537665e-05
CCT8,5.5666125235513e-05
S100A5,5.55542845454177e-05
RNASE2A,5.55509451653609e-05
APOBEC1,5.55420622088806e-05
FIP1L1,5.55370038927688e-05
CDO1,5.55106625518244e-05
MRPS11,5.53738269966141e-05
1110059G10RIK,5.53033379627041e-05
MYBL1,5.52874774877088e-05
VANGL1,5.5266756125907e-05
SLC35B2,5.52200259424573e-05
DSCR3,5.51818032802434e-05
1700003I16RIK,5.51127529199519e-05
SLCO1A1,5.50517482728262e-05
ELK4,5.48415940681231e-05
DISP2,5.48220150674202e-05
2310039H08RIK,5.47393626405945e-05
PIP5K1A,5.47113931816313e-05
ENDOG,5.46237205785216e-05
NIF3L1,5.44865994846279e-05
1700080G18RIK,5.44841914567411e-05
SYT10,5.44625414758405e-05
TNKS2,5.44399181055237e-05
EGR2,5.44235320425685e-05
IKZF4,5.4409317221185e-05
GNG10,5.44065681158168e-05
COX5B,5.42763789840597e-05
NIPA1,5.42743916464977e-05
VMN2R10,5.42020150770513e-05
LANCL1,5.41465368035023e-05
CLIP1,5.40191802168509e-05
RBM11,5.3969163994727e-05
ZNHIT3,5.38346097714399e-05
4930415O11RIK,5.37536311287869e-05
2900060K15RIK,5.36663272447783e-05
ICAM1,5.35046362273376e-05
AQP7,5.34518393613223e-05
MED14,5.33631335662162e-05
TMIGD1,5.31879418814977e-05
4933402J07RIK,5.31413679742242e-05
C87122,5.30149229076139e-05
D130017N08RIK,5.28230021367661e-05
AP3B2,5.27941111803114e-05
PCCA,5.27897304906096e-05
NOC3L,5.27200338688205e-05
9330118I20RIK,5.26466164745475e-05
GM13752,5.26269915441735e-05
GM10796,5.25996971648888e-05
RGS9,5.25268985104868e-05
PPP1R42,5.24496177658127e-05
MRPS33,5.23630844824457e-05
ZFP36L2,5.23060571311594e-05
UQCRB,5.2271292515259e-05
SF3B6,5.22411267826303e-05
BCAS3,5.21944071193628e-05
THNSL2,5.19711402677506e-05
MYH4,5.1944433420941e-05
4933427J07RIK,5.19434004324264e-05
C78200,5.19011342445639e-05
GNAS,5.18950515235796e-05
SEPT1,5.18924669251937e-05
SPTLC2,5.18869710716269e-05
LRRC18,5.18835140894833e-05
MXD3,5.17925377856346e-05
KRT86,5.17806835540467e-05
EPM2AIP1,5.17494979230422e-05
BRF1,5.17429102085464e-05
UBXN1,5.17106119366821e-05
2610008E11RIK,5.16533291315892e-05
SERPINA9,5.15842363013763e-05
AA517023,5.15686513538426e-05
C81001,5.14284661275397e-05
EIF2AK3,5.13508085504342e-05
BAMBI-PS1,5.13158230407718e-05
4933422A05RIK,5.12979127137565e-05
E230016M11RIK,5.12630161020869e-05
NEO1,5.1203499640951e-05
PCGF5,5.10571010597074e-05
LOC102643251,5.10462362835685e-05
FMNL3,5.10266997181197e-05
FCGR4,5.09374019274582e-05
IPO4,5.0802511008207e-05
LMO4,5.06883134614632e-05
ZBTB41,5.06876982822459e-05
DBIL5,5.06562701825252e-05
ZFP809,5.03848352265197e-05
LACTBL1,5.03078124380797e-05
OCIAD1,5.01721435214574e-05
ERBB3,5.00511974269958e-05
BRINP2,4.99584954746908e-05
KCNIP1,4.9860335330459e-05
IGH,4.98394068763582e-05
MARVELD1,4.98366117856071e-05
ASNA1,4.97964783092572e-05
CDHR3,4.97756251509288e-05
LRRC15,4.96967589850729e-05
IRF3,4.96119859044208e-05
GBX1,4.96038083991097e-05
SPIRE2,4.95720101753601e-05
CSRNP3,4.9506243486151e-05
1700024P12RIK,4.94348500932727e-05
RIMBP2,4.92971174646374e-05
QSOX2,4.91964195868591e-05
MTURN,4.91401065820092e-05
CSRNP2,4.91358754280795e-05
STX8,4.91280204030155e-05
CAMK1G,4.9124165053327e-05
D430041D05RIK,4.90745102332089e-05
BCL2L13,4.9049320992447e-05
SLC25A10,4.90104477977639e-05
4921511C10RIK,4.89689136386008e-05
DNM1,4.89582388111368e-05
CDCP1,4.89548713946142e-05
UBQLNL,4.89429092814362e-05
IFFO1,4.8825612100073e-05
1190002F15RIK,4.87932208268165e-05
TCF20,4.87880196645584e-05
PLTP,4.87170052004411e-05
BC005537,4.87074558389712e-05
ZRANB2,4.86909278785522e-05
ACAP1,4.86062920290388e-05
SLC25A14,4.85630738299901e-05
LIMA1,4.85554729202908e-05
TFE3,4.85550196105964e-05
CD34,4.85326993285921e-05
AK3,4.84907008239274e-05
UTP15,4.84125698295883e-05
WDR5B,4.83636642791327e-05
5830473C10RIK,4.82278734494657e-05
SKA1,4.81343366714979e-05
TMEM30C,4.81082498378277e-05
CD53,4.80489201919379e-05
LRCH2,4.79435916800221e-05
IQCF1,4.78105246450544e-05
IL17RC,4.78061892444887e-05
ARL4D,4.75983139332357e-05
1700052I22RIK,4.75467829876347e-05
STIM2,4.75158068224267e-05
ANGPTL1,4.73587367372435e-05
A930006A01RIK,4.71662492402085e-05
POU3F4,4.7125068553978e-05
GRIPAP1,4.71198255495588e-05
LOC553093,4.68982790829346e-05
AFG3L2,4.67584382718021e-05
AU019559,4.67346903895839e-05
PRX,4.66169053651853e-05
APOL6,4.65868478228007e-05
ATRNL1,4.6536013287553e-05
2310075M01RIK,4.65332356509813e-05
9430085M18RIK,4.65096300741276e-05
4933400A11RIK,4.63334888049833e-05
STON2,4.63119655113901e-05
VSIG4,4.62826986392807e-05
DEB1,4.62086430078866e-05
RUNDC1,4.61520135707104e-05
2310061N02RIK,4.60618175294261e-05
EFCAB6,4.60486540135867e-05
EXOC6B,4.59624638001686e-05
2210017G18RIK,4.59151456148896e-05
SH3BGR,4.57960956141037e-05
QK,4.55626387751247e-05
CCNO,4.55030177795104e-05
NR1H4,4.54344722677003e-05
PARD3BOS1,4.53446450311371e-05
2210409O19RIK,4.5196351828008e-05
4933432K03RIK,4.50592257539087e-05
PDZRN4,4.50322785310625e-05
CKLF,4.49265766422467e-05
MGST1,4.48189505140925e-05
LONRF3,4.44549189066672e-05
A330009N23RIK,4.44268714155474e-05
GALT,4.43147695743849e-05
SDR16C5,4.4272908187513e-05
CDC42,4.42496840674241e-05
SYAP1,4.41827442288756e-05
TNNI2,4.41651767009205e-05
PCDH1,4.41302959529605e-05
HAX1,4.40842874467162e-05
GLDC,4.40559952200213e-05
PNPLA7,4.4022931108398e-05
ELOVL5,4.40038827630096e-05
KIRREL3,4.39259052728674e-05
CHTF8,4.36739318819129e-05
TMEM9B,4.35600311259363e-05
GTF3A,4.3482685815083e-05
CORO1A,4.34547525283021e-05
D530014G21RIK,4.34228824324953e-05
TGFBR1,4.33576427042826e-05
SYCN,4.33450663903885e-05
TEX19.1,4.32703233831691e-05
AA672641,4.31186344031159e-05
CSN3,4.3094472790903e-05
EQTN,4.30387363159735e-05
A930018M24RIK,4.30314374324917e-05
DMWD,4.30057310666578e-05
IL17RA,4.3002704771128e-05
GPR110,4.29349166186045e-05
WFDC15B,4.29206592945951e-05
C79845,4.28606312895931e-05
ATRN,4.28444023885406e-05
HYAL6,4.28382327786471e-05
ALG1,4.27855856534685e-05
ATP5F1,4.26864978864724e-05
HEBP2,4.26104137100933e-05
USMG5,4.24919522109085e-05
LONRF2,4.24731786229602e-05
RBAKDN,4.24031291714778e-05
ANAPC15,4.23974197617909e-05
NOP10,4.2369634774609e-05
SYNE3,4.2349154857924e-05
S1PR2,4.23244275152708e-05
IL2RG,4.2284530605572e-05
4933403L11RIK,4.22429354184413e-05
2310047N11RIK,4.22128463305954e-05
ARHGAP28,4.21350093230788e-05
TM7SF3,4.21015600974623e-05
FBXO5,4.20273057136479e-05
CDK9,4.18250827361833e-05
4631402F24RIK,4.17796959928274e-05
LEP,4.14168802231181e-05
RIPK1,4.13672338219499e-05
PBRM1,4.13561979147933e-05
SERINC1,4.11857406675016e-05
9330121K16RIK,4.11833859361271e-05
CDK14,4.11773859544988e-05
CEP97,4.11451843706466e-05
2810449G22RIK,4.11300426597678e-05
SHROOM4,4.10802248280131e-05
WDR27,4.1053268828454e-05
KRT28,4.10012469693065e-05
FOXN1,4.09364672966899e-05
CLEC4F,4.08667398566269e-05
GCSAM,4.06613395468511e-05
OXGR1,4.05910991622565e-05
GAS2L2,4.05216564084822e-05
D1ERTD646E,4.03466810797223e-05
4933407I08RIK,4.03234369947831e-05
LGALS3BP,4.02552754201665e-05
ITK,4.01655219672406e-05
SKP1A,4.014103902203e-05
A830082N09RIK,4.01123403635016e-05
GM26568,3.99995480308611e-05
LOC102638647,3.99859132798499e-05
RFWD3,3.99464649854506e-05
GRIP1,3.98804601808103e-05
FTMT,3.98554040183471e-05
SSR3,3.97656433895065e-05
PCYOX1,3.97481619047186e-05
IFNA1,3.95261969481382e-05
ALOX8,3.93536425834847e-05
ADA,3.93377920420936e-05
BRD3,3.93178071365025e-05
MAP4K5,3.93100304514075e-05
TRIM69,3.92694326891114e-05
BTNL2,3.90106251584375e-05
C80425,3.88847710941897e-05
FABP12,3.87983750050525e-05
FAM189A1,3.86215586042191e-05
D030036P13RIK,3.85346502832353e-05
URM1,3.84335854467239e-05
A230107O07RIK,3.8390500557164e-05
NBL1,3.83629302746124e-05
GLB1L3,3.82544762234451e-05
PIF1,3.81898107528413e-05
TIFA,3.81788632931925e-05
KIN,3.81638681424256e-05
CEL,3.81400072680666e-05
DEFB15,3.81002824054096e-05
4930412O13RIK,3.806539565164e-05
GM12169,3.805517143447e-05
TESCL,3.80068412006903e-05
CNTNAP2,3.79830001284647e-05
KCNK3,3.78724802262553e-05
LOC102641876,3.78105899861621e-05
CDK18,3.77915910379172e-05
PLA2G3,3.77435613587849e-05
KRTAP4-7,3.7628362005713e-05
TOP1MT,3.75880776457928e-05
5330422M15RIK,3.74766778389575e-05
CTSJ,3.7302521963629e-05
SCRN2,3.72895213216088e-05
MAP3K9,3.70812861844337e-05
DROSHA,3.69941256534505e-05
GM9779,3.68327460082279e-05
MACROD1,3.67757939117222e-05
FOXD1,3.6700558508011e-05
ADH4,3.66928242478786e-05
FOLH1,3.64538130300688e-05
SLC51B,3.63641669972332e-05
P2RY6,3.63510384924795e-05
PFN2,3.61154266182494e-05
FSTL1,3.61087174856135e-05
BC030336,3.60694495396251e-05
TATDN3,3.60310251706805e-05
AK013187,3.58488046809794e-05
GM11783,3.58147154003252e-05
TYK2,3.56937318055754e-05
SNRNP40,3.56161955761809e-05
MAP3K11,3.56003530915451e-05
A130010J15RIK,3.55547604495368e-05
CACNG1,3.53949631619767e-05
MRPL9,3.53207292428223e-05
ABCA14,3.52704615906603e-05
ANKRD61,3.51587315489305e-05
DDX10,3.51533563836695e-05
GPR125,3.51418804919016e-05
4930444M15RIK,3.50815868466896e-05
ABCC10,3.50626017152824e-05
AQP9,3.50410213156222e-05
ORC4,3.50000586455489e-05
SLC9B1,3.4980846844338e-05
C1QTNF1,3.49163571239261e-05
CNOT6L,3.48485998074655e-05
PYHIN1,3.48425500145299e-05
TKTL1,3.48378182092941e-05
C1QTNF4,3.47848315105142e-05
PCDH10,3.46977699118616e-05
1700008F19RIK,3.46764439842921e-05
INPPL1,3.45324555114858e-05
LIPC,3.45080797927637e-05
AGPAT3,3.42547273154745e-05
CTDSPL,3.42324526741235e-05
UBIAD1,3.4204110613097e-05
AKT3,3.41939750653393e-05
SP8,3.4153277897065e-05
KLHL21,3.40860493508148e-05
UBR2,3.40797422610261e-05
4933417C20RIK,3.39607341802272e-05
GAS2L1,3.39344073791574e-05
COMMD9,3.39184680645023e-05
SERF1,3.38200183495497e-05
PTAFR,3.37590292188162e-05
C77683,3.37086819807748e-05
ZFP397,3.36255392961255e-05
POLR3H,3.35848701212095e-05
LOC102640749,3.35832607349642e-05
WLS,3.35304306879787e-05
NDRG4,3.35158240615145e-05
EVX1,3.34358440306868e-05
6820402A03RIK,3.3343785258618e-05
GAB1,3.32528465306143e-05
TTI1,3.29902946339199e-05
GCLC,3.29433078090326e-05
GM9898,3.2902761838981e-05
6030460B20RIK,3.28928297756141e-05
ZFP185,3.28744381238993e-05
4930442L01RIK,3.28314819896408e-05
SMARCB1,3.25262179683158e-05
GM8154,3.24999148422777e-05
AIF1,3.24956105020509e-05
LOC102638854,3.24770512966519e-05
TMEM167,3.24197410023973e-05
CPSF3L,3.23318508373786e-05
LOC102635638,3.23044406961668e-05
MLKL,3.22804888463673e-05
NAPB,3.21802407956015e-05
CCR1L1,3.21335486182528e-05
8030462N17RIK,3.20722058240342e-05
ANGPTL4,3.20718694274285e-05
4930447I22RIK,3.20400835164453e-05
GTF2I,3.19424079889235e-05
HPSE2,3.19002353569776e-05
POLQ,3.1868781748643e-05
SNHG10,3.178507697416e-05
KTI12,3.16833088005378e-05
PMPCA,3.1679020835698e-05
BB283564,3.16635535228446e-05
TMEM198B,3.16400238903434e-05
C86345,3.1576297633371e-05
A330094K24RIK,3.14955069877464e-05
STEAP2,3.14356084261706e-05
2900060N12RIK,3.12816416084108e-05
IVL,3.09348375015893e-05
PTBP1,3.08331216748572e-05
FRRS1,3.06555230893426e-05
PLCB2,3.05233861211226e-05
4933411O13RIK,3.05040359534977e-05
CYP7A1,3.04715439252684e-05
EIF2S3X,3.03892582961509e-05
CMAH,3.03512035942516e-05
ENV,3.03340838676907e-05
DPH5,3.03047458073453e-05
VMN1R54,3.02541495688112e-05
SLC7A10,3.0222934718199e-05
PEAR1,3.01769545452063e-05
LMAN1,3.01091504337858e-05
L3MBTL3,3.00804888832179e-05
RGL2,2.99421290238423e-05
RAG2,2.99159274753047e-05
OTUD5,2.99065272159884e-05
AU021760,2.9696751440209e-05
GSK3B,2.96523155820975e-05
KRTAP14,2.9506564385123e-05
GUCY1A2,2.95024517900345e-05
RNF44,2.94517794178972e-05
4833411I10RIK,2.9426108114672e-05
GABPB2,2.94056019826155e-05
FCRL1,2.9374045946843e-05
PNP,2.93479154091493e-05
9530029O12RIK,2.92252462962309e-05
MTFR2,2.89537687524568e-05
SLC6A11,2.87390780983791e-05
CSTB,2.87369006655034e-05
AA536748,2.86896135642917e-05
MID1IP1,2.86609222019495e-05
BMP2K,2.84996766787498e-05
FEN1,2.83184378792124e-05
BLZF1,2.82502375679917e-05
FBXO24,2.81769271752334e-05
GM3604,2.80806907848098e-05
MYH2,2.80555822708575e-05
NCL,2.80445521381729e-05
2210409E12RIK,2.78966078929139e-05
ANKRD27,2.77742516183088e-05
TLM,2.77679860207473e-05
4930555F03RIK,2.77321680324814e-05
RBFOX3,2.77239414115327e-05
GM12689,2.77020031166738e-05
BTAF1,2.76970088332478e-05
MCFD2,2.76170841761552e-05
PRKX,2.76146071359003e-05
DDX28,2.75970625786898e-05
ZC2HC1B,2.74915074105735e-05
AA414993,2.74847411890455e-05
CAPG,2.7363921204211e-05
TYMS,2.7342262155526e-05
PHACTR3,2.73146559642498e-05
AU015253,2.72836625023922e-05
ABLIM2,2.72585359730244e-05
TMEM54,2.71588115553408e-05
ADH6B,2.7120282973748e-05
SCD2,2.70002186054568e-05
SLC22A27,2.67339959504328e-05
IMPG1,2.66612488756897e-05
COPB2,2.6658242795515e-05
KDM5C,2.65123802533668e-05
AI854703,2.64141198436127e-05
TRIM28,2.63631784797615e-05
4930473H19RIK,2.61518359166847e-05
RFXAP,2.60772722563273e-05
MIS18A,2.60552777269212e-05
MAST3,2.60054705489022e-05
PSMD11,2.59927349363341e-05
ERP27,2.59821164702817e-05
FOXRED1,2.58399311564858e-05
DAP,2.57981441821843e-05
TIAM2,2.56698982010702e-05
RAB11FIP4OS1,2.55128279432633e-05
DMBT1,2.55033096511107e-05
NCOA5,2.53186194743692e-05
DHX8,2.52490457707803e-05
MTMR10,2.51780514147261e-05
SDK2,2.51184336925668e-05
MTFR1,2.50963097340238e-05
FAM98A,2.50951789239419e-05
P2RX2,2.50732590341834e-05
OCA2,2.50193273052191e-05
SLC25A46,2.49882532154911e-05
IFT74,2.49699648908608e-05
TNFAIP8L1,2.48047286128198e-05
C1QTNF3,2.47743740204762e-05
9530086P17RIK,2.47357419457066e-05
CPSF1,2.46580888336837e-05
PARP8,2.46441238021685e-05
ZFAND6,2.4634195044402e-05
SYT4,2.45027843579435e-05
GM438,2.43994886191505e-05
TUBGCP2,2.42367907169708e-05
UBE2V2,2.41835663305577e-05
OSER1,2.41832482387615e-05
IMPACT,2.41790733115343e-05
VAMP3,2.40822913675833e-05
9630021D06RIK,2.39844618396782e-05
AU015536,2.39488013463121e-05
ZFP715,2.39166960153962e-05
AK048274,2.37656321660677e-05
SEH1L,2.37244464014373e-05
AGPAT2,2.37076192195414e-05
LACC1,2.3652297785962e-05
4930427A07RIK,2.36404208887354e-05
ADIPOR1,2.35724365004776e-05
UROS,2.35124684556818e-05
CHURC1,2.34358468021862e-05
5830428M24RIK,2.34238680692602e-05
DBNDD2,2.34082946164248e-05
SNX6,2.32015182654569e-05
D15WSU126E,2.31848155360328e-05
KRT31,2.31842348664456e-05
C030005K15RIK,2.30888366875354e-05
DEFB4,2.30651732398592e-05
ZBTB7B,2.30616592085834e-05
6720475M21RIK,2.30236604834942e-05
NEFH,2.30088503829057e-05
D130062J21RIK,2.29879141947478e-05
ADM2,2.294421047339e-05
5830416P10RIK,2.29206105618118e-05
PEBP1,2.27988058827613e-05
YBX3,2.26497225524896e-05
CD96,2.26269763035739e-05
FBXL18,2.26117157006638e-05
NAP1L5,2.25760988954517e-05
D11ERTD4E,2.25539618039817e-05
TST,2.25430184907246e-05
LARP4,2.25171288880337e-05
PURA,2.2447531625762e-05
OLFR155,2.2435761045497e-05
GPATCH4,2.22558252496558e-05
LRRC42,2.22499957774903e-05
NUP160,2.219161324849e-05
B3GNT3,2.21908746268539e-05
ADD1,2.21764081266135e-05
FNDC5,2.21445891090054e-05
ANKRD39,2.21187074573245e-05
TMEM39B,2.20916253437903e-05
UBE2QL1,2.20733829527184e-05
STAMBP,2.20452657232152e-05
D10ERTD761E,2.20051512426351e-05
INSIG1,2.19375907845185e-05
FAM189A2,2.18285400056022e-05
TMEM68,2.18171175342128e-05
1700054K19RIK,2.17747807422638e-05
RGS3,2.16744208672232e-05
LY6I,2.16519067338945e-05
SLC36A3,2.16085391454447e-05
CYBA,2.15474689840167e-05
SRP19,2.15451138591983e-05
C430039J16RIK,2.15245061744637e-05
CLCA5,2.14933784645241e-05
SMIM19,2.14650026638331e-05
CCNC,2.1412448660398e-05
D4ERTD264E,2.13960896323879e-05
RPS4X,2.13901987211472e-05
ALPK3,2.1360391715534e-05
4930518J20RIK,2.13524470415768e-05
A230065H16RIK,2.13030723724059e-05
5730460C07RIK,2.12494683250461e-05
ITPKC,2.11706911005307e-05
XRN2,2.11456423663336e-05
5430402M21RIK,2.11154302049234e-05
AK1,2.1099487626356e-05
TBC1D5,2.10629087356698e-05
2610034E01RIK,2.10201606493044e-05
2310043M15RIK,2.09158521777448e-05
SLC1A7,2.09135762763918e-05
GCG,2.08980780000965e-05
PRL8A6,2.08602764648551e-05
LMNTD2,2.08070290618948e-05
PGA5,2.07970387901123e-05
PPARD,2.07900441954485e-05
KIS2,2.07105584079402e-05
4933430N04RIK,2.06914065502485e-05
PTPN4,2.06465086048513e-05
SDF4,2.05939294443733e-05
METTL6,2.05185523228778e-05
CYTH4,2.03624550811576e-05
1700040D17RIK,2.0355153033493e-05
D14ERTD24E,2.0326968548648e-05
NPPA,2.03173195309807e-05
RNASE4,2.03041982190154e-05
MYO15B,2.02731248135724e-05
MTAP,2.02616565907697e-05
ARG2,2.01965046425883e-05
5330421F21RIK,2.00862359828726e-05
CCIN,2.00713048144945e-05
L2HGDH,2.00013206695243e-05
HYI,1.99803041914928e-05
A030003K21RIK,1.99802278485259e-05
CD22,1.99759455777997e-05
9030218A15RIK,1.99459863250122e-05
RDH1,1.99183103324012e-05
METRN,1.99179660487407e-05
GM26672,1.98743605893999e-05
5830431M20RIK,1.9674462097652e-05
PKP4,1.96735077557652e-05
SYK,1.96584816234135e-05
ZMYND15,1.95783416542649e-05
CDC73,1.94911298428484e-05
HES3,1.94697784911689e-05
CDK5RAP3,1.94173772756021e-05
MPL,1.93677714811391e-05
NIPSNAP3B,1.93006109513895e-05
HCFC1R1,1.92402998898803e-05
OSGIN2,1.92076731121832e-05
AHR,1.92058177196859e-05
PSG17,1.9152108371241e-05
1700080N15RIK,1.9134638758165e-05
DYNC2LI1,1.91333979719951e-05
POR,1.90321187608281e-05
C86753,1.89539311623743e-05
D9ERTD26E,1.89252567917694e-05
WNT8B,1.89147231497634e-05
D030007L05RIK,1.88417819196801e-05
ACAT1,1.88242745546934e-05
KCP,1.8814413287318e-05
CCDC186,1.86701763135278e-05
4930553M12RIK,1.86533743634229e-05
AVEN,1.86157408507025e-05
H2-D1,1.85253712222359e-05
CACNA1B,1.85098265106347e-05
THRSP,1.8489444483962e-05
FHL4,1.84082938045858e-05
GTPBP3,1.83955243149591e-05
BARX2,1.8365240992454e-05
MLST8,1.83489565322039e-05
LOC101056011,1.83000156140299e-05
HSP90B1,1.81925521418286e-05
B530045E10RIK,1.8186682191802e-05
PPM1G,1.81562150108234e-05
GIMAP7,1.81266312226296e-05
TPK1,1.81253375379159e-05
OCLN,1.81096073288764e-05
C230072F16RIK,1.80170031846984e-05
BRCC3,1.79764019772551e-05
NIPSNAP1,1.79700874946016e-05
A4GALT,1.7904571414413e-05
CDC45,1.78771630040197e-05
SNAI1,1.78084077573469e-05
2200002J24RIK,1.77818437036651e-05
GABRA4,1.76707973217835e-05
4933439G19RIK,1.75889140941642e-05
2410012M07RIK,1.75509509090557e-05
BTBD10,1.753909126471e-05
1600010M07RIK,1.74752995328256e-05
KCNK1,1.74107097646614e-05
WBSCR25,1.73826093712597e-05
BC024139,1.72984404480368e-05
NKX6-1,1.72863735681861e-05
4933407I18RIK,1.72711068513399e-05
4930564B12RIK,1.71347261956387e-05
STX17,1.70847298849475e-05
PAK3,1.69373036450994e-05
2610018G03RIK,1.68772781926639e-05
HPD,1.68240368182331e-05
LRIG3,1.67701398112578e-05
OASL1,1.67030552083928e-05
FN3K,1.66828783696498e-05
HMOX1,1.66130826574707e-05
BC018473,1.66080512511772e-05
KCNQ2,1.66057218221788e-05
1600015I10RIK,1.66005687728019e-05
SLC25A35,1.6543875522562e-05
POLR2E,1.6483383871119e-05
1700003E16RIK,1.64499765658576e-05
GAA,1.64088315321219e-05
RBMS1,1.63321518667481e-05
AU020096,1.63039386952879e-05
DCTN4,1.61876265841175e-05
4930545H06RIK,1.61772073000724e-05
FUT8,1.61472655999109e-05
BAZ1A,1.61263121185323e-05
PDZD2,1.60942761638617e-05
NMUR2,1.60739159133497e-05
TACC2,1.60496998349077e-05
SECTM1B,1.59264991625868e-05
AU014973,1.58883789939432e-05
OCSTAMP,1.58826463153301e-05
TXLNG,1.5869323024762e-05
1110059E24RIK,1.58395448545344e-05
FRS2,1.57908274547468e-05
PTCHD3,1.57858715713701e-05
SYT11,1.56993590582194e-05
CTS7,1.5686077923293e-05
TMEM14C,1.55932087352903e-05
TMEM130,1.5539211769097e-05
TBC1D19,1.5504127024633e-05
SLC4A7,1.54445572107447e-05
9130409J20RIK,1.54127868477408e-05
UBXN4,1.54019429036189e-05
CPA4,1.53755578914362e-05
KRIT1,1.5313861025162e-05
AA416453,1.52064769660072e-05
INSM2,1.51857469856492e-05
ZFP697,1.51355428199193e-05
4930477O15RIK,1.50963038751935e-05
BCL3,1.50303280004628e-05
BTBD19,1.49719535382776e-05
KCNJ6,1.49583692141149e-05
RAPGEF4,1.49168821409309e-05
CDC123,1.49092581106367e-05
PHXR2,1.48636809083202e-05
EML3,1.48329657012538e-05
ECT2,1.48293970682047e-05
9130221J17RIK,1.47591024537959e-05
SPTBN2,1.47320918415625e-05
TDH,1.46900253326552e-05
RAB32,1.46781336082616e-05
TACO1OS,1.46451791495486e-05
4933416E14RIK,1.46289308376324e-05
RPS10,1.45970597732693e-05
IKBKG,1.45391865978343e-05
4933428C20RIK,1.45184097227977e-05
DZANK1,1.44873174937426e-05
PLIN2,1.44434738751886e-05
MARK3,1.44397751083928e-05
UGT2A3,1.43957592027765e-05
UBE2G1,1.43193762377136e-05
CDC25B,1.4222185906959e-05
PRPS1L3,1.41839313590542e-05
CC2D2B,1.41626106642737e-05
IL1F5,1.41299981622282e-05
HEXB,1.41202373570691e-05
CMPK1,1.41174240191147e-05
SMAD6,1.4026522241369e-05
ZC3H18,1.39953521964229e-05
AU040320,1.39820976136569e-05
QRICH1,1.39586054667048e-05
AU040096,1.39212608690954e-05
2310034C09RIK,1.39100409178806e-05
SLX1B,1.39006668512644e-05
FADD,1.38055749293684e-05
RUNX1T1,1.37691592107411e-05
FGF8,1.37366533132737e-05
4930451E06RIK,1.36578606817175e-05
C030047K22RIK,1.36405481514902e-05
LUZP1,1.36384787401441e-05
DET1,1.36132379376892e-05
SFTPD,1.35785805724659e-05
4932702P03RIK,1.35320659081054e-05
CNPY4,1.34204200491392e-05
RRBP1,1.34098328752476e-05
IFNA2,1.34045142294916e-05
ZBTB2,1.33767382568622e-05
RPGRIP1,1.33433707503019e-05
IRF8,1.33032463281765e-05
HYAL4,1.32703109871555e-05
9130001E16RIK,1.32152926047967e-05
ZFP653,1.31970878190523e-05
UBE4BOS1,1.31510256545012e-05
URAH,1.30866065031589e-05
SPSB2,1.30841359888468e-05
4930572J10RIK,1.3065429179105e-05
4930432L08RIK,1.30603663341614e-05
B930053N05RIK,1.30087886590094e-05
CISD2,1.29611219011488e-05
CYFIP2,1.29465741400321e-05
ATP5SL,1.28696355423902e-05
E330027M22RIK,1.28424287254316e-05
SMGC,1.2799288659567e-05
4933401B06RIK,1.27936329245509e-05
PTPLAD1,1.27568271640989e-05
RNASEL,1.2751966146716e-05
PLB1,1.2732589014706e-05
PSKH1,1.27134052808878e-05
GP6,1.26961362047621e-05
ZFP952,1.26319225056113e-05
0610009B22RIK,1.26283178990944e-05
SLC6A14,1.26280807261592e-05
1700017G19RIK,1.26103068042017e-05
CBX1,1.25649397027804e-05
TNNC1,1.2561272621023e-05
ZFP846,1.24864265168811e-05
WBP5,1.2470698882407e-05
MAF,1.24446359557054e-05
MYOT,1.24443427626824e-05
4930568D16RIK,1.2421130668043e-05
PACSIN3,1.23568690639675e-05
ANGPTL3,1.23473017067046e-05
TIRAP,1.233738563726e-05
PATL2,1.23254321815233e-05
TMEM147,1.23111115177461e-05
CDH16,1.23090892493339e-05
CMC1,1.22595212901829e-05
HNRNPU,1.22141497486094e-05
SERPINB5,1.22122791290155e-05
MANSC1,1.22030035579983e-05
UBE2J1,1.22022864665577e-05
ECHDC2,1.21624177009696e-05
SPAG16,1.21070699590813e-05
LSM14A,1.20486373773808e-05
MMGT2,1.20480596224961e-05
BC048679,1.20102569907293e-05
AHRR,1.20013965498581e-05
ALDH1A3,1.19943042484295e-05
TMEM184A,1.1971786166197e-05
FAT3,1.1964154156453e-05
MBNL2,1.19586821182138e-05
9630023C09RIK,1.19088956669233e-05
4933423N03RIK,1.19062247346878e-05
RPTOR,1.19055554079099e-05
ARMC1,1.18555321887858e-05
LTB4R1,1.18296713346872e-05
2310061J03RIK,1.18089212451561e-05
BUB1,1.17795507318574e-05
EIF3H,1.17572634492592e-05
GM11992,1.16962839685659e-05
LRRC31,1.1601546765803e-05
RBKS,1.15976065847071e-05
LGR5,1.15360452752423e-05
BCAR1,1.15328249148417e-05
CYP20A1,1.14614644898942e-05
LOC102635985,1.14159228843086e-05
VEGFC,1.139129484996e-05
PDE6B,1.13700627876796e-05
5033428C03RIK,1.13395979767776e-05
HARS2,1.12922319178052e-05
9130015A21RIK,1.12703323403151e-05
TESK1,1.12103451602851e-05
DNER,1.11209632192473e-05
AU022882,1.10946047228396e-05
D2ERTD623E,1.10755170299655e-05
PEX13,1.1045393976513e-05
WDR47,1.09108302307268e-05
TPCN1,1.08637312315383e-05
FMO3,1.08204614879813e-05
ZFYVE28,1.07978297798099e-05
LCE1L,1.0786189737659e-05
NXF3,1.07707991570513e-05
TPRA1,1.07227978189867e-05
4833446E11RIK,1.07149952291635e-05
GATC,1.06626410483121e-05
APRT,1.06541923757012e-05
TBCA,1.06528405307137e-05
RRAGC,1.06324528642878e-05
2810047J09RIK,1.0624146267236e-05
GABPB1,1.06218741277707e-05
MORN2,1.05738181667795e-05
SCOC,1.05067754083548e-05
NUDT18,1.04888303349578e-05
ARHGAP22,1.04824597474146e-05
POLR1C,1.04797443869831e-05
ACP1,1.04621428162844e-05
TNC,1.0415491633309e-05
DHX38,1.03550276723229e-05
A530017D24RIK,1.02518299999931e-05
CCNE2,1.02354843532531e-05
F2RL2,1.02241667992736e-05
ODF3B,1.02094142461492e-05
PRDM2,1.02072030500851e-05
UBE2S,1.01861017412328e-05
GNG2,1.01431816464279e-05
4930413E15RIK,1.0115273213696e-05
5430416O09RIK,1.01114068158908e-05
C79607,1.00861906945922e-05
DEPDC1A,1.00311155033443e-05
ANKRA2,1.00111727519667e-05
ANAPC7,9.97422399116515e-06
SRXN1,9.963475084731e-06
CDRT4OS1,9.95032706451102e-06
RRS1,9.94707176156462e-06
1700094D03RIK,9.92791581529711e-06
CTTN,9.92545311264814e-06
MYL7,9.92527018630037e-06
VWA8,9.89978271454321e-06
HRH4,9.89385271205207e-06
ERCC6,9.86761991861173e-06
TIMM23,9.85005319016964e-06
OBFC1,9.8397296938596e-06
PPP1R21,9.82146427126591e-06
ITIH5,9.81898533661279e-06
4933440J02RIK,9.75351035679575e-06
4933408N05RIK,9.73868329585106e-06
YBX1,9.68329793468018e-06
OLFR67,9.66619850411996e-06
CHST9,9.58384742275721e-06
ZFP954,9.57012195763325e-06
GSTT4,9.55089251822607e-06
MGAM,9.54098476361549e-06
SPATA4,9.5369004163738e-06
2010003K11RIK,9.5350373896307e-06
YIPF2,9.50025870673329e-06
C230079E05RIK,9.49226336394042e-06
SLC35F5,9.455503734836e-06
AMPD2,9.45333633477598e-06
RNF40,9.43306961463571e-06
PIK3CA,9.43278073014394e-06
ARMCX2,9.41416792346121e-06
PITPNM1,9.40023352151754e-06
MUC16,9.38267788338904e-06
PPIP5K1,9.33234718538985e-06
PRSS23OS,9.30088627606088e-06
AU022680,9.25098848069681e-06
TMEM254A,9.24652118252802e-06
NEK2,9.22381901676331e-06
NDUFB9,9.20051108921843e-06
HDAC10,9.16449966307179e-06
9630002A11RIK,9.15972967616923e-06
AU022793,9.15321114208963e-06
AASDHPPT,9.12084401712529e-06
5830461L22RIK,9.02880157235766e-06
LCLAT1,9.02129000172419e-06
LOC102636257,8.93442719871427e-06
ALPL,8.93179448879153e-06
4930563D23RIK,8.90438462091701e-06
ACTR6,8.8791520167399e-06
GM19966,8.81358970165087e-06
4921518B13RIK,8.69488287861921e-06
PRKCH,8.65359372297518e-06
BC037039,8.64511089945895e-06
MPC1,8.55527487947268e-06
KLHL36,8.51641185067647e-06
CLDN14,8.46375338811339e-06
PIK3CG,8.42371359630606e-06
GNB1L,8.41772500312665e-06
HMX1,8.40085119942408e-06
ATP5O,8.39355432453035e-06
RASGRF2,8.3672159321825e-06
PLEKHB2,8.34819354717771e-06
GNGT1,8.34480695065057e-06
PRELID1,8.3282828558661e-06
PPP1R2,8.27530426118819e-06
RNF13,8.27272011157004e-06
2900073C17RIK,8.22786528746952e-06
CSMD2OS,8.22435750957983e-06
TATDN1,8.21511091025379e-06
HAO2,8.21060628594863e-06
APPL1,8.20201177117915e-06
APOLD1,8.19670728954734e-06
PSME4,8.19354021516688e-06
4930517E11RIK,8.17833536809994e-06
TERF2IP,8.17740019866917e-06
GSPT1,8.16589742358529e-06
ZFYVE16,8.11154637736974e-06
MLX,8.0870584353757e-06
AU022697,8.08615035429203e-06
LRRC49,8.0760876417605e-06
4930447K03RIK,8.01882782174083e-06
TDRP,8.00701883553086e-06
PTF1A,7.94150246049143e-06
ZFP385B,7.92979832727972e-06
A730090H04RIK,7.88458819628852e-06
WDFY3,7.83364295646822e-06
WDR74,7.82820310725173e-06
D10BWG1379E,7.8141900020932e-06
6530411M01RIK,7.77001991770854e-06
PKMYT1,7.73824988967878e-06
PTCD1,7.72449725562822e-06
ANAPC13,7.71482246696544e-06
CCM2,7.67877589786684e-06
AANAT,7.63804883312597e-06
ZFP319,7.6274144124177e-06
PRUNE,7.5839862864534e-06
FAM160B2,7.51057789269781e-06
AW111846,7.50843664416785e-06
ABAT,7.49659052993255e-06
CNTN1,7.44719412572868e-06
PPT2,7.44257262924762e-06
CCT3,7.43980756899896e-06
1110057K04RIK,7.43067410180815e-06
4930404K06RIK,7.42292417142538e-06
PITPNM3,7.40893669682109e-06
APOOL,7.36884570114056e-06
GSC,7.36665097304118e-06
SLC22A16,7.33480103768884e-06
MAPRE2,7.26764011247614e-06
D19BWG1357E,7.25746958548748e-06
SLC9A4,7.23054767736407e-06
AU014756,7.21621311621366e-06
C80918,7.21013644990242e-06
CECR6,7.19354075848896e-06
FAM193A,7.13068853654421e-06
PLCD4,7.12274581536932e-06
PAX3,7.11664826177021e-06
5530601H04RIK,7.09952219570022e-06
ATP5H,7.03743713042156e-06
BFAR,6.95587607042355e-06
GPI1,6.95021175025689e-06
DPPA3,6.9302620890272e-06
NAA30,6.88160959365809e-06
CEACAM11,6.86529940572936e-06
2610300M13RIK,6.84323512817921e-06
CCNDBP1,6.72379113142742e-06
4931423N10RIK,6.71776161774383e-06
NDST4,6.71580545584098e-06
MLF1,6.70728013291223e-06
ELTD1,6.70457909514623e-06
NIPSNAP3A,6.67846371251874e-06
PQLC2,6.65419740646571e-06
LRTM2,6.65181197190393e-06
CNIH3,6.65090951305924e-06
NEDD9,6.61422144875423e-06
THEM6,6.61286949525125e-06
HHIP,6.59895541421092e-06
CNOT7,6.54006865418516e-06
CNGA4,6.43407789230216e-06
BDKRB2,6.38272319391617e-06
HMGCL,6.29340535292312e-06
TOMM20L,6.29333386165e-06
ALOX15,6.21815251656154e-06
GRHL2,6.19597712881804e-06
RABGGTB,6.13710494667126e-06
NKX1-2,6.13169086132078e-06
UBQLN3,6.11984382533886e-06
CHRNB1,6.11113226639328e-06
AOAH,6.09432978991539e-06
LSR,6.08277642468197e-06
TMCO1,6.02354431794034e-06
9230112E08RIK,6.01613194793763e-06
GPR37,5.95995424304482e-06
SSBP1,5.95463416876103e-06
HNRNPH3,5.87660044163667e-06
DDX54,5.87282153313656e-06
GALR1,5.80852729274082e-06
SERPINB9C,5.80508841974955e-06
HABP2,5.80029993293908e-06
NAB2,5.77993332725471e-06
DCAF5,5.76934672577207e-06
SNTB1,5.72205546929575e-06
PMP22,5.67618427470956e-06
SLC37A3,5.67000241199191e-06
THAP4,5.66478837796046e-06
SLURP1,5.66029040774801e-06
GSTP1,5.56171250312122e-06
CCT6A,5.54698805214432e-06
FBXO7,5.53603714059843e-06
SYCE3,5.50730666469789e-06
GNAI2,5.46325653150341e-06
PPFIA3,5.44200612761767e-06
4930408K08RIK,5.41108347128186e-06
CCNB1IP1,5.36915418529544e-06
PAX9,5.3659858191417e-06
ALS2CR12,5.34885055870976e-06
MTG1,5.33565387844262e-06
SRP9,5.32329136090466e-06
AP4E1,5.28361474590496e-06
LAIR1,5.25257176276314e-06
CMTM2A,5.1554845018152e-06
TOR1AIP2,5.15206180683137e-06
5330409N07RIK,5.11894816185022e-06
MAGT1,5.10599689664683e-06
HARS,5.09070378006293e-06
SEC62,5.03047163980241e-06
PRODH2,4.9928395802549e-06
HTR5A,4.99161877112428e-06
GLYR1,4.95142196858609e-06
PEA15A,4.91972558270797e-06
BNIP2,4.91368604026971e-06
TRAPPC8,4.90485175312068e-06
CYB5D2,4.89039387450533e-06
AGXT,4.79392843093082e-06
ABI2,4.76216088622214e-06
TSNAX,4.72744005601892e-06
PAFAH1B1,4.67363625212434e-06
4930524C18RIK,4.67239031134599e-06
ITGA5,4.651546493539e-06
D630045J12RIK,4.64849688244535e-06
KCTD21,4.5872223920314e-06
GM5126,4.55539183574926e-06
ZFP266,4.41869263345606e-06
PACS1,4.40430697291696e-06
FRMD4A,4.30196694561133e-06
CORO7,4.28400486439806e-06
LOC102643160,4.24557255823811e-06
LCE1D,4.19461520076898e-06
KRT6B,4.12134592421453e-06
FRAT1,4.05293736096879e-06
PHB2,4.00952381911524e-06
A930023M06RIK,4.00494210151972e-06
MTERFD3,3.93336907158445e-06
GLB1L2,3.92129034623074e-06
GUCY2C,3.88410818650971e-06
CNPPD1,3.82983646266837e-06
GM9777,3.80122414015785e-06
TLR8,3.75776204585886e-06
CENPQ,3.69249409223381e-06
MRAS,3.67374800312159e-06
ZUFSP,3.65628223554159e-06
GINS4,3.65123392965978e-06
ZFP74,3.59933644711265e-06
TMEM263,3.5810422615476e-06
ADAMTS15,3.52117666807053e-06
GM8140,3.49602375633259e-06
SRSF4,3.49517880826259e-06
MMS22L,3.48260550406051e-06
GMFB,3.48170474663693e-06
GIT2,3.46940435826863e-06
B930012P20RIK,3.45300546551532e-06
SFRP5,3.42480464683729e-06
COPS3,3.39002261140725e-06
D5ERTD215E,3.38734239617417e-06
WHRN,3.3710194579833e-06
AI662270,3.36923551765645e-06
AI662245,3.31198984220024e-06
PLOD1,3.29340602543631e-06
4930507D05RIK,3.28920743946218e-06
RABEPK,3.2382283990394e-06
4933429O19RIK,3.1717181290248e-06
CXCL10,3.12096249909144e-06
RNF41,3.11729150752157e-06
CLSPN,3.09900923974153e-06
4930408O17RIK,3.0348766053279e-06
ABCB11,3.03064363766427e-06
BSCL2,3.00568276264322e-06
TRPM5,2.99068581560278e-06
SMARCC1,2.85828422519014e-06
4930448E06RIK,2.71363055343059e-06
ITPRIP,2.69825912812049e-06
PTP4A2,2.62185198972715e-06
PPP2R2A,2.59480664709402e-06
IPPK,2.59440536871306e-06
ADORA3,2.30066321346323e-06
PNRC2,2.29178025671028e-06
SERPINB7,2.26612855986623e-06
NSMF,2.13161481978787e-06
ROCK1,2.01071967567607e-06
COL4A3,1.9664840636081e-06
KNG1,1.8640425230227e-06
PVRL1,1.73919587119639e-06
NLGN3,1.65600767613553e-06
4933427D06RIK,1.6478346257648e-06
RAB33A,1.6440380198015e-06
A430046D13RIK,1.62473242884551e-06
PJA2,1.60839017125967e-06
4933406C10RIK,1.60340399842456e-06
MRPS9,1.47319446638817e-06
ELMOD2,1.43460384386134e-06
CDKL3,1.43364880098801e-06
C86400,1.41534449357014e-06
RAMP3,1.3882348661301e-06
MLXIPL,1.37667760833408e-06
9430099H24RIK,1.35776535190171e-06
6030487A22RIK,1.35371726661337e-06
AI413582,1.26308241826012e-06
CPNE8,1.23122248635369e-06
SIX2,1.17951616881482e-06
6030442K20RIK,1.1621323224373e-06
GNPNAT1,1.14732907368622e-06
SLC2A5,1.13000901628301e-06
CPT2,1.12349695632326e-06
5730433N10RIK,1.11933120842216e-06
SH2D4B,1.11796917272355e-06
HSPA12A,1.11281495565456e-06
ATOH1,1.04828328801406e-06
ALDH1L1,1.04199744391543e-06
1700018M17RIK,1.031315264355e-06
SLC17A1,1.02465726145713e-06
TDRKH,1.00792065330399e-06
ILKAP,9.45087027215794e-07
DSCAM,9.16309970004523e-07
LAS1L,9.10672670185897e-07
LOC102632682,9.07837369307895e-07
TPH1,8.7880105661493e-07
GM11544,8.73786312998161e-07
TAF3,8.64673299689393e-07
PHF20,8.46315838312181e-07
FAM115C,8.3321838645037e-07
MAGI3,8.25801647393735e-07
STAT3,8.11080635471442e-07
TRAPPC9,7.97627515381356e-07
BUD31,7.94681088135625e-07
LMTK2,7.75632806474583e-07
SLAMF6,7.60532122524763e-07
5730455P16RIK,7.46247704617507e-07
SLC16A6,7.43900287117693e-07
STK38L,7.36807100436747e-07
LRRC46,7.35146300842391e-07
RAPH1,7.34092916740623e-07
NPY1R,7.2601579460259e-07
DCXR,7.23028092079797e-07
UROD,7.078943643574e-07
AU018877,6.98563753051962e-07
EFHD1,6.96159290555334e-07
COTL1,6.90871394684613e-07
RARB,6.52787831607967e-07
EFEMP1,6.5209566691833e-07
4930478M09RIK,6.47002140779212e-07
NOTCH2,6.4129798279225e-07
MZB1,6.39258874686666e-07
UXT,6.30609933924969e-07
NRAP,6.29333398814913e-07
PTH1R,6.14281763227231e-07
KLHL30,6.10564991902325e-07
CEP78,5.76844666963836e-07
PGR,5.76843306443569e-07
RTCA,5.75154232791081e-07
GM14446,5.73707987470929e-07
FAM175A,5.66020651101627e-07
LOC101055948,5.65519582822208e-07
ONECUT2,5.53690085788781e-07
AK039862,5.522204404506e-07
SLC7A7,5.43605484351588e-07
CEBPZOS,5.36677063197857e-07
RNF135,5.27162831541594e-07
1700020L24RIK,5.08031308818223e-07
XKRX,4.9853442379545e-07
MPP1,4.91601892736716e-07
1700008H02RIK,4.90850772168518e-07
LURAP1,4.88234605057347e-07
ABI1,4.87452135834459e-07
SV2B,4.86100203844192e-07
SULT1E1,4.85120260772311e-07
NGLY1,4.76585717090361e-07
ABCG1,4.74570333057054e-07
EFHC1,4.64206343112664e-07
TTC23L,4.50412538244601e-07
LTBR,4.48582808540438e-07
TMPRSS3,4.4697314299066e-07
PDGFRL,4.41027385949378e-07
KLRE1,4.34078585335699e-07
RNFT1,4.31551929120905e-07
9130604C24RIK,4.2113108076671e-07
TMEM196,4.14116408296406e-07
IQCA,4.1320120331425e-07
9530001P21RIK,4.11184090286449e-07
LRRC9,4.02196436664735e-07
9130008F23RIK,4.0097673023865e-07
AI839979,3.9793931203749e-07
8030476L19RIK,3.91551981134585e-07
SEC23IP,3.87882459545058e-07
GPX5,3.831119085792e-07
SBNO1,3.81287167449379e-07
NUDT2,3.76191395449571e-07
D8ERTD503E,3.76184422783171e-07
PNOC,3.75085122401359e-07
ARSJ,3.74218470986524e-07
D030002E05RIK,3.7037981972034e-07
TMEM141,3.66365094455323e-07
EMP1,3.65717061642077e-07
ECH1,3.58702020697543e-07
NFKBIB,3.5405357642633e-07
A930008B05RIK,3.52944865779299e-07
STAB2,3.50295819428162e-07
PPIL1,3.47674890496013e-07
SLC9A9,3.46725247344417e-07
TTC39B,3.46295549691052e-07
D3WSU106E,3.38314170877366e-07
GM10575,3.33671848947381e-07
KCNJ5,3.33584463863949e-07
SLC10A7,3.31461400319747e-07
2810454H06RIK,3.26833307164306e-07
2010010I01RIK,3.24941220280882e-07
ROBO3,3.23960965423106e-07
LCE1A1,3.22798599257753e-07
BEST2,3.19941648402162e-07
GM4951,3.18913208451336e-07
IFT27,3.1502110007605e-07
RRAGA,3.14480690085334e-07
ARL16,3.11804263263687e-07
DTX4,3.07127333099217e-07
OLFR558,3.06410764077136e-07
4931431C16RIK,3.06262637432249e-07
COMMD3,3.03924101489584e-07
TMTC1,3.03505146277558e-07
1700051A21RIK,3.03018250084322e-07
2310022B05RIK,2.98288231284982e-07
ABCC9,2.97275947512416e-07
DCN,2.96341355116339e-07
RCBTB1,2.91895486645165e-07
DBP,2.910568676168e-07
CLDN4,2.87969081821299e-07
TXLNB,2.86624207529957e-07
HSD3B3,2.83208054497368e-07
PNLIPRP2,2.81751645887683e-07
MED30,2.80582987316063e-07
UMPS,2.7978611925362e-07
5830434F19RIK,2.78363326832388e-07
CHMP1B,2.74649645022278e-07
PRRC2B,2.73473758686693e-07
RAB10,2.71933026164167e-07
PDAP1,2.71798051215266e-07
NAA35,2.70662186851091e-07
MEP1A,2.68763524119679e-07
LSM6,2.68703491162573e-07
GM10421,2.67500734551561e-07
NECAP2,2.67256832948183e-07
ENPP4,2.61729237482096e-07
ZFP599,2.61269551694347e-07
ARFGEF1,2.59052895692938e-07
AI447881,2.58242620836964e-07
FOXRED2,2.57985255751695e-07
1110065P20RIK,2.57767912637839e-07
ELAVL3,2.57714568905417e-07
STX7,2.56039258252406e-07
3830422I06RIK,2.54599601048601e-07
PPTC7,2.53228026546867e-07
CMA1,2.52538412832734e-07
SYT6,2.52237539442858e-07
AGBL3,2.51696817666261e-07
CAP2,2.47983079167804e-07
METTL16,2.47294089025459e-07
RHAG,2.4593575125223e-07
ADIPOQ,2.41009647468328e-07
OOSP3,2.39285924968878e-07
UPF3A,2.37819510866345e-07
B4GALNT1,2.377386732867e-07
EPS15,2.35400930980862e-07
KCTD11,2.34304209918758e-07
VPS53,2.33386312240225e-07
MRPL33,2.28507344815e-07
A230057D06RIK,2.27555745915504e-07
6330436F06RIK,2.24729633519472e-07
5730420F10RIK,2.23208600196744e-07
VWA5A,2.20742827264253e-07
SEPHS1,2.1608681509901e-07
B930041F14RIK,2.12545720954544e-07
PPAN,2.11275363492398e-07
2210407C18RIK,2.10403893568237e-07
CHRND,2.09612751028616e-07
TNFAIP3,2.06423181310085e-07
FPR3,2.0534854035826e-07
MTG2,2.0143602417886e-07
FNDC8,2.00962676500025e-07
ENTPD6,1.94785687700404e-07
TCAM1,1.9043403525824e-07
IL9,1.89056196694415e-07
MGAT1,1.88812663565271e-07
SNRPF,1.88136314923816e-07
1700040G22RIK,1.85859030737673e-07
NOA1,1.84893571537896e-07
BRI3BP,1.82162667216891e-07
IGH-VJ558,1.8164209814686e-07
TMEM206,1.77269839491371e-07
SLC16A8,1.7510740589174e-07
AKR1C12,1.74945277225695e-07
GM26598,1.74728954502047e-07
5033405D04RIK,1.7401972662062e-07
GJE1,1.72667766286172e-07
9630013D21RIK,1.67207544917843e-07
1700031F05RIK,1.66809195919139e-07
4930488N24RIK,1.66720932166335e-07
NT5C1B,1.64308673031291e-07
IFT57,1.59906029423004e-07
DPPA4,1.57469621053098e-07
PRM2,1.55753438103503e-07
RPRD1A,1.55536718561445e-07
HMGN1,1.53846668938791e-07
CSNK1D,1.52455196828044e-07
OSBPL11,1.48888677960963e-07
POFUT2,1.43454363166182e-07
MAP3K5,1.39435510782813e-07
GM16793,1.35547614558398e-07
FBXO15,1.08422959974435e-07
GM9946,9.80526995974953e-08
TMEM212,9.77112072679708e-08
RPA1,9.72911005561513e-08
ATXN10,8.89916713617514e-08
ARHGEF1,8.69950912953242e-08
SPATA33,8.48261473016033e-08
H1FOO,7.99289246528237e-08
3110080O07RIK,7.26943065843318e-08
DYRK1B,7.07835251018565e-08
TBX15,6.70076380421261e-08
CD1D1,6.59477437689606e-08
RAB24,6.30618879106559e-08
RENBP,6.3022776234379e-08
MUTYH,6.14475150828331e-08
1810065E05RIK,5.56989511743915e-08
CTCF,5.2485928287922e-08
SOX8,5.13887734932848e-08
RHNO1,4.94779237752376e-08
SLC2A12,4.65594226148668e-08
GM5085,4.64161973268701e-08
ACKR1,4.5140983156121e-08
LUC7L2,4.45816343620618e-08
CLDN3,4.34915605545815e-08
9030625G05RIK,4.31918404948619e-08
C030014A21RIK,3.86221796991542e-08
C030046M01RIK,3.84920466362318e-08
MTSS1L,3.69971228450812e-08
TCF7,3.58921951296144e-08
CCDC166,3.4634443896903e-08
MTM1,3.10716760819286e-08
METAP1,3.07495879740908e-08
NEUROG2,2.81614418761567e-08
ACAP2,2.79871318285593e-08
NUCKS1,2.74205352169087e-08
FAM19A4,2.54543053217792e-08
TMEM178,2.5355310137965e-08
CCNY,2.44240264332783e-08
NFATC4,2.37301437983859e-08
MTX2,2.35626127283044e-08
GUCA1B,2.30253947271315e-08
ARIH1,2.28644145397578e-08
GSTM7,2.28613763169978e-08
1700009J07RIK,2.21623478633745e-08
1700023L04RIK,2.1404717293252e-08
PRL8A1,2.07109441438657e-08
KCTD7,1.80894870810636e-08
ETNK1,1.7832250887299e-08
SMR3A,1.67510693272681e-08
RNF220,1.38334607726034e-08
4930549C01RIK,8.66016232022224e-09
CCDC51,6.65091734920401e-09
TMEM61,6.17072273079142e-09
MICALCL,6.03511345485863e-09
MUM1,5.52098779016183e-09
A030005L19RIK,5.48116901515696e-09
NDUFV3,5.45840604909657e-09
ZAP70,5.32008272720835e-09
MAST2,3.64769964883504e-09
PRPF38B,3.5635286571431e-09
ODF3,3.49371857997921e-09
MKL1,3.05800750305576e-09
ENTPD7,2.96921278388403e-09
PALM,2.96652609726078e-09
TSN,2.84139818226722e-09
ASB1,2.64834251229748e-09
COMMD8,2.44611325756831e-09
CCDC11,2.33260211587402e-09
ZFP213,2.30975159994396e-09
KLB,1.8759201092805e-09
AU022255,1.71945754881398e-09
ZFP622,1.58175254787976e-09
ZBTB8B,1.36198048805706e-09
GM19434,1.18454973385379e-09
4930422C21RIK,1.09787536308442e-09
BNIPL,1.06332052397798e-09
KRTAP6-5,9.67852863195492e-10
ICE1,8.38842658672966e-10
RIIAD1,7.8012405559602e-10
SRD5A2,6.97312822816727e-10
FARS2,5.37474120509381e-10
MICAL3,5.32819203424642e-10
GM11738,2.22450924293088e-10
NOP14,2.57544513164459e-11
