logFC	CI.L	CI.R	AveExpr	t	P.Value	adj.P.Val	B	gene
-0.539158949929362	-0.962489545315938	-0.115828354542786	-0.059360153030099	-2.78830318771952	0.0169824425545782	0.0643622779455627	-3.29173094412839	11-Sep
-0.192397843753814	-0.468439378241189	0.0836436907335611	-0.027144418064647	-1.52503566668904	0.154130483436904	0.27992250028516	-5.29050946570982	2-Sep
0.0904976169611801	-0.44532130813138	0.62631654205374	0.04685291551201	0.370027421434451	0.718125520412593	0.804344797876188	-6.33613526426559	3-Sep
-0.04852716733524	-0.441994824356067	0.344940489685587	0.05769716751068	-0.269854792379355	0.792028484822762	0.857212782532519	-6.36977635593698	5-Sep
0.08800262602964	-0.360461755663885	0.536467007723165	0.08445515202446	0.429698705402554	0.675367815220518	0.77637069016661	-6.31126832053861	6-Sep
-0.288201391481698	-0.621961702751087	0.0455589197876915	-0.0503732164715191	-1.88936390776772	0.0841748117636074	0.185235498064471	-4.76956670630705	7-Sep
-0.13262869935784	-0.430868326164695	0.165610927449015	0.02988339403176	-0.973030372580664	0.350458363258096	0.502001710624949	-5.92747176724145	9-Sep
-2.0821645455154	-2.67608207243898	-1.48824701859182	-0.1118180420663	-7.68075160381667	7.62367527433963e-06	0.00416062078097085	4.09369214703429	A2M
0.78855091534722	0.299872731804103	1.27722909889034	-0.02109147682347	3.53526199227971	0.00441004626985276	0.028759531789488	-1.9945249823511	AAAS
-0.03228952842208	-0.327416674729812	0.262837617885652	0.00150975544302	-0.239390425753884	0.814994312619525	0.8761678363394	-6.37793276874451	AARS
0.43988760142732	0.0763255204592975	0.803449682395343	-0.07843746955234	2.64738664644363	0.0218677552120442	0.0737449565665352	-3.53244604857748	AARS2
0.6051718144901	0.11900122903308	1.09134239994712	0.14832166292491	2.72712364137235	0.0190777991585334	0.0680829830580107	-3.39992722617115	AARSD1
0.21629021650986	-0.229634179536485	0.662214612556205	0.06471736442095	1.06209868594336	0.31001636323401	0.458824217586335	-5.83959579030053	AASDHPPT
-0.6304579714353	-1.12605012359993	-0.134865819270674	-0.14080909066475	-2.78706138741809	0.0171092989176854	0.0644659209799313	-3.29669013160795	AASS
-1.06790459010652	-1.58828938248484	-0.547519797728198	0.02512734338214	-4.49596241224327	0.000824529728558892	0.0146337268084883	-0.364886835671524	ABAT
0.21520559670498	-0.201532885065135	0.631944078475095	-0.09409278310629	1.13055785082242	0.28126198104814	0.430571461871031	-5.76793899045683	ABCA3
-0.31102993621406	-0.691235481908341	0.0691756094802207	-0.08569922510599	-1.7899379557241	0.0996654521626767	0.210478568638085	-4.91802715124701	ABCB7
0.71513097948808	0.134367568146806	1.29589439082935	0.19317951523026	2.69774663417484	0.0201228963210039	0.069645641787961	-3.45038292808497	ABCE1
1.76016929384	0.873725382589002	2.646613205091	0.0298460207246	4.35028784678959	0.00105592725399345	0.0152211294937552	-0.605483450081625	ABCF1
0.7271994484792	0.223107357412463	1.23129153954594	0.0671256987432	3.16051948421549	0.00867611463947945	0.0421435362479735	-2.64769892835887	ABCF2
-0.71246516029146	-1.30030393460978	-0.124626385973139	-0.11233073383455	-2.65534048996031	0.0217319235291355	0.0735516109520973	-3.52303191816261	ABHD10
-0.173209578416	-0.732682702389125	0.386263545557124	0.124515309326	-0.678277625008403	0.511090951446163	0.649802881192181	-6.16956676589988	ABHD12
-0.03979443986034	-0.3650439962559	0.28545511653522	0.05236544565463	-0.267707116593972	0.793641123952224	0.85853249434475	-6.37038295526114	ABI2
-0.141602174380944	-0.522085276319108	0.23888092755722	-0.0466318234971882	-0.814308150907754	0.43192289207075	0.580238568240275	-6.06746576940911	ABR
-0.13475287264022	-0.835754571403652	0.566248826123212	0.06597482964651	-0.42114706326138	0.681456479473357	0.78111192314871	-6.31502753794719	ACAA1
-0.054102652542088	-0.547814072131201	0.439608767047025	0.083212092432444	-0.240082331755475	0.814516917986001	0.8761678363394	-6.37773207157764	ACAA2
0.11413509379184	-0.174366098699196	0.402636286282875	0.03183646312682	0.865617087086583	0.404306376964143	0.555793967829172	-6.02458024261943	ACACA
-0.757829532869	-1.10300311113024	-0.412655954607756	-0.0086376657085	-4.80383646471044	0.000478228035200268	0.0118989178515851	0.158241852949856	ACAD9
0.07285211412606	-0.496708089563669	0.642412317815789	0.04038336452927	0.280231749061866	0.784305538786185	0.853508968679084	-6.36674287535585	ACADM
-0.710183606445276	-1.1341213698492	-0.286245843041352	-0.168576657214402	-3.66751055671829	0.00344683562298019	0.0260428068581542	-1.7585013057857	ACADSB
-0.06808408584824	-0.544875836651714	0.408707664955234	-0.05258454546752	-0.312801788806439	0.760056470464329	0.836544661253059	-6.35660532006102	ACADVL
-0.3035489183694	-0.736485485328042	0.129387648589242	-0.03635968043048	-1.5352274436399	0.151796514900431	0.276517304817308	-5.27694020717302	ACAT1
0.1399109972059	-0.181479684755785	0.461301679167585	-0.043090594416745	0.9525171505909	0.360326328958271	0.512438030042935	-5.94676676590462	ACAT2
-0.2716525645554	-0.637751699806068	0.0944465706952677	0.0807176484405	-1.62356372584296	0.131401342272448	0.250523257799785	-5.15621064375723	ACBD3
0.655354273434702	-0.0231080606876779	1.33381660755708	0.034517484301951	2.11624141073502	0.0570190643932659	0.139699907486531	-4.41786691764855	ACIN1
-0.09720436410943	-0.418351346786283	0.223942618567423	-0.0380411346012218	-0.66227162918853	0.520781318881771	0.660200707966845	-6.1806363893292	ACLY
-0.65900104534502	-1.00249387517009	-0.315508215519948	-0.00754605247891	-4.19780887011761	0.0013395579525776	0.0168060632786029	-0.842688481238413	ACO2
1.18927104961396	0.405645056101193	1.97289704312673	0.10236440389242	3.32496308821736	0.00644079223773549	0.0351771359343979	-2.36073506706654	ACOT13
0.0480778646286601	-0.624403116779303	0.720558846036623	0.07833220292141	0.156631814371734	0.878266823942263	0.919124485787964	-6.39518932839789	ACOT7
-0.236295580665	-0.588794253426703	0.116203092096703	-0.08584173224904	-1.46673733367252	0.169116491227071	0.300636238068971	-5.36738155613176	ACOT9
-0.2417916607226	-0.594927319034061	0.111343997588862	0.01365108374234	-1.49814544528722	0.160895124349888	0.29003638022775	-5.32621442382981	ACOX1
-1.061380242231	-1.53094750308092	-0.591812981381079	-0.1085388358111	-4.95072091613637	0.000385226993031919	0.0111734568271003	0.37279323448336	ACOX3
-0.17612999475332	-0.468201181575834	0.115941192069194	-0.03680445852106	-1.31946793301506	0.212547664696861	0.35311381433276	-5.55227843274121	ACP2
1.218807810292	0.264449444740949	2.17316617584305	0.3112647738408	2.79794104121498	0.0167742361167568	0.0640177577672729	-3.27791225765092	ACSL1
0.41103174436144	0.0706951913459101	0.75136829737697	-0.05680972609842	2.64253654124179	0.0220616761698374	0.0740932908903924	-3.5407642147513	ACSL3
-0.397884942252136	-0.725037914915158	-0.0707319695891142	-0.054459537000788	-2.6610979857727	0.0213285632960696	0.0726369012095476	-3.50891294993471	ACSL4
-0.18532327300822	-0.757924206023963	0.387277660007523	0.04546779552109	-0.709075900570266	0.492484110168495	0.632779760151751	-6.14789058200127	ACSL6
-0.07788720407942	-0.727119726778984	0.571345318620144	0.04127185705611	-0.262833465786316	0.797355274714711	0.859993362007022	-6.37171060125517	ACTBL2
0.261309452039532	-0.191844752215536	0.7144636562946	0.102606364074994	1.26271539340881	0.231732954716864	0.376113784495847	-5.61965637309897	ACTG1
0.8464005055332	0.056176322289951	1.63662468877645	0.1194922670196	2.34660727456702	0.0379079721955439	0.106264783044936	-4.04335462700604	ACTL6A
0.7909440953944	0.383538941282908	1.19834924950589	-0.078417922792	4.24924542937934	0.00123264704050418	0.0161470205080271	-0.760378434002311	ACTL6B
-0.4195359768971	-0.982371516340637	0.143299562546437	-0.15376213299625	-1.63306139207071	0.129670032874113	0.248107117568836	-5.14327178589303	ACTN1
-0.03057387288452	-0.310995227788642	0.249847482019602	-0.0263841826049	-0.238557791494357	0.815624650875684	0.876234553573631	-6.37814214161381	ACTN4
0.430680105040718	-0.131189274826641	0.992549484908077	0.103579319617879	1.67932309278378	0.120182297926623	0.236358519255692	-5.07827983678845	ACTR10
-0.33815966055548	-0.840224600032436	0.163905278921476	-0.09926814194904	-1.47562742873309	0.167045958987726	0.298413525753033	-5.35583851111571	ACTR1A
-0.0666685766288	-0.439622083794412	0.306284930536812	-0.00315062757258	-0.391129633320459	0.702814140306126	0.793300552372426	-6.32780891365361	ACTR2
-0.13514090450068	-0.53146213813566	0.2611803291343	-0.03157393124078	-0.746156446613419	0.470484922276257	0.615379619729819	-6.12079720110835	ACTR3
0.099201244276634	-0.438203645537856	0.636606134091124	0.071659314906723	0.40441785430162	0.693368559625996	0.788345607116431	-6.32222692364627	ACYP1
0.57744738644648	0.146357451794573	1.00853732109839	0.05829555546374	2.9330052596439	0.0130596599628754	0.0546153978907222	-3.04132069954244	ADAR
-0.516108761325568	-1.34157641067824	0.309358888027108	-0.162485291787624	-1.36979630010112	0.197052235592758	0.334758778442794	-5.49058576950143	ADD2
0.144578387418568	-0.240719745316985	0.529876520154121	-0.058261009626224	0.821033174407725	0.428233910737346	0.576675547041228	-6.06197669730688	ADH5
-0.242048966053264	-0.725915182827703	0.241817250721175	-0.074855201389778	-1.09595505886334	0.29564770769135	0.444489632155796	-5.80451095720572	ADK
1.8530992196994	0.237963655481294	3.46823478391751	0.1248136767435	2.51364827183174	0.0280807574444119	0.086338441550917	-3.76392867367901	ADNP
-0.68579334015078	-1.15967118693753	-0.21191549336403	-0.07148391044359	-3.16996057270582	0.00851173459474692	0.0419478690454066	-2.63000078711157	ADPGK
0.205927688622671	-0.273966912506621	0.685822289751964	0.112858721803338	0.940120874006225	0.366594659022302	0.517643040521142	-5.95804303071869	ADSS
0.421757311307366	0.0167163150859766	0.826798307528755	0.071131494751197	2.27905202195949	0.0425828362765281	0.115619815412513	-4.15292148899046	AFDN
-0.23035218902159	-0.534051984658845	0.0733476066156651	0.002425968885575	-1.65959484549208	0.123854311443756	0.239905911163904	-5.10579575023317	AFG3L2
-1.3852245411956	-1.96645604878538	-0.803993033605825	0.026465823922	-5.2213865160316	0.000251057867733083	0.00926108531767927	0.788550445249008	AFP
-0.175344195363087	-0.624057608158428	0.273369217432254	-0.0545543886944563	-0.855694442159774	0.409668056834101	0.558940855043027	-6.03292910981468	AGK
-0.40465671916374	-0.840152546564307	0.0308391082368266	-0.05957307359259	-2.0345626255178	0.0656434994404016	0.154918658679348	-4.54632151957295	AGL
0.435640175278411	-0.170260143414164	1.04154049397099	0.111639168589555	1.57522123605992	0.142455393098391	0.265341401991286	-5.22295973510743	AGO1
-0.707321698651822	-1.57899118427624	0.164347786972594	-0.167281383355531	-1.77778792915295	0.102018202304646	0.212708438998129	-4.93645118690356	AGPAT1
-0.06796898864648	-0.534063981854997	0.398126004562037	0.01486114458284	-0.319390458121856	0.755176248725247	0.833021602307839	-6.35442595948661	AGPAT3
-0.5493591361377	-1.08500223297846	-0.0137160392969419	0.04911904702185	-2.24696161835217	0.0452717027743453	0.120090220532509	-4.20709836008097	AGPAT4
-0.27185984566234	-0.624057052672796	0.0803373613481164	-0.04930519316605	-1.68893677320329	0.117994048024053	0.233785746028425	-5.06424893124201	AGPS
-0.19942344154828	-0.51084736955891	0.11200048646235	0.00919385257624	-1.40113009660337	0.187444219419864	0.323412105269083	-5.45144740906858	AHCY
-0.280290692856772	-0.977451560468138	0.416870174754594	-0.114613001900874	-0.880826739693944	0.396550756034465	0.547199937056408	-6.01121844656264	AHCYL1
-0.50210277029127	-1.08448743551474	0.0802818949321995	-0.167399815427415	-1.88885013424879	0.0845336615821007	0.185837848170922	-4.77120797664811	AHSG
-0.11165598613694	-0.556350108149956	0.333038135876077	0.05856391000143	-0.549806476735879	0.59298395128074	0.719201340166918	-6.25035226901029	AIFM1
1.426344285236	0.860001352288294	1.99268721818371	-0.00502078550119999	5.517720476731	0.000157767213278955	0.00782740514972634	1.23669376489177	AIMP1
0.864004345215	0.33294248599839	1.39506620443161	0.0585325472339	3.56439339229849	0.00418566264037089	0.028288859269132	-1.94393869260892	AIP
0.4606573268369	-0.0463558332780986	0.967670486951899	0.07386919611889	1.99055217655374	0.0709782817273737	0.164485763281164	-4.6154790897416	AK1
0.153610525053408	-0.230381853653617	0.537602903760433	-0.019630599275604	0.87529128047819	0.399236164587894	0.549862805864589	-6.01623680351488	AK2
-0.66103517854422	-1.14964099522298	-0.172429361865464	-0.11998389171555	-2.96401743661547	0.0124006442195923	0.052666549282821	-2.99008776317752	AK3
0.31208729628346	-0.0928900056560621	0.717064598222982	0.11013048399501	1.6866928706661	0.118505328456643	0.234385660623572	-5.06753535495227	AK4
0.6922057216624	0.361244010688145	1.02316743263665	0.052971162864	4.57627026428313	0.000700104319322925	0.0141511826766847	-0.21185058656782	AKAP8L
0.6431105270176	0.246203028691081	1.04001802534412	0.0519763499376	3.54557543865005	0.00426270587322689	0.0285444384087555	-1.9662764720846	AKR1A1
-0.09238887038492	-0.439173318947469	0.254395578177629	-0.04854353163964	-0.582927141674334	0.571138273099808	0.701234448918381	-6.23113401463366	AKR1B1
-0.62913246202234	-1.68144623484719	0.423181310802505	-0.24495657833351	-1.30982011258074	0.215965199466671	0.357160629117988	-5.56379165740288	AKR1C1
0.11088758857976	-0.481370283562093	0.703145460721613	0.0767801409829	0.410191741228172	0.689247303126564	0.784706638633505	-6.31977412649304	AKR7A2
-1.7261406355628	-2.17916297760571	-1.27311829351989	-0.03354979865	-8.34358942152078	3.28354253896397e-06	0.00358398668127917	4.85850580862317	ALB
-0.11744105969752	-0.434982167427203	0.200100048032163	0.04309409060876	-0.80923421943402	0.434719954342726	0.582562099650197	-6.07158064038996	ALDH18A1
0.359262987420452	-0.501680922566671	1.22020689740757	0.085503044308014	0.914223611251594	0.379476596892669	0.530004741533394	-5.98163439950363	ALDH1B1
-0.67491174252666	-1.03308882670941	-0.316734658343908	0.03396151967505	-4.12290588332416	0.00152631403265186	0.0176293308639101	-0.969602253326899	ALDH2
0.28733352089078	-0.0604383468626061	0.635105388644166	0.06036825815479	1.80778209269246	0.0967077606670922	0.205763198378423	-4.89170020588821	ALDH3A2
0.06286544244414	-0.324482046068642	0.450212930956922	-0.01331917741673	0.355112095674358	0.728899883417433	0.813261576694427	-6.34184758107646	ALDH4A1
-0.630537652678152	-1.13570122002635	-0.12537408532995	-0.248474411006324	-2.73460006029452	0.0188205080397877	0.0680829830580107	-3.38707059422665	ALDH5A1
-0.70183345720284	-1.12102376099475	-0.282643153410935	-0.15176164991772	-3.66543627055272	0.00345964910163295	0.0260428068581542	-1.7620997703717	ALDH6A1
-0.184173819229002	-0.49762105859644	0.129273420138436	-0.040564786552459	-1.28563497383373	0.223726847874026	0.36611372481934	-5.5927614457243	ALDH7A1
0.05375519939542	-0.323346282375008	0.430856681165848	-0.05570333679163	0.311900787665407	0.760669332380816	0.836544661253059	-6.35693888781649	ALDH9A1
0.097115501164976	-0.303955257490122	0.498186259820074	0.091453699506628	0.529867942931092	0.606239361632102	0.731171561570651	-6.26150908788835	ALDOA
0.0711876461743952	-0.3106829321787	0.45305822452749	-0.0553100087806124	0.407889633164114	0.690807245343911	0.785842739231766	-6.32082664451342	ALDOC
-0.135211139151138	-0.49459289880886	0.224170620506584	-0.034607708097869	-0.823210069748707	0.427044250329212	0.576166624517102	-6.06019130249805	ALG11
-0.172859239895436	-0.545957678603961	0.200239198813089	-0.030501740172482	-1.01373257119972	0.331457681583088	0.481098483308432	-5.8881644261568	ALG2
0.355270941910996	-0.335057528164467	1.04559941198646	0.122999274566002	1.12750562607532	0.282635927146453	0.431766430343392	-5.77110155879901	ALG5
-0.24914644483736	-0.718795668233634	0.220502778558915	-0.06410379132454	-1.16192030504889	0.268895961228573	0.419585334783399	-5.73384375174145	ALG9
1.378132898232	0.664445682749137	2.09182011371486	0.2122851022878	4.23056135414723	0.00129658930150482	0.016633183951575	-0.805239559234408	ALYREF
0.58241840536116	-0.160801558227891	1.32563836895021	0.20326475957708	1.71685073635909	0.112943901772588	0.227660699510212	-5.02477195790763	AMPH
0.288048542331984	-0.773223819182083	1.34932090384605	0.202040558110132	0.594639346532282	0.563667632075001	0.694405440643187	-6.2239268395258	AMT
-0.48747579873382	-0.975524162494018	0.000572565026377925	-0.07590252798389	-2.18829069323962	0.0502275097576515	0.130067204983337	-4.30230528107571	ANK2
0.786260280891	-0.242426178886714	1.81494674066871	0.2985191855221	1.67455003492912	0.121131898988047	0.237473392151972	-5.08503553683758	ANKMY2
0.55716181303122	-0.07102400243198	1.18534762849442	0.10391981306809	1.94315762918001	0.0770236471085517	0.174124548261804	-4.68854555279922	ANP32A
0.16718552427156	-1.18029551331237	1.51466656185549	-0.12775583783478	0.271825893332236	0.790602105361536	0.856943592852151	-6.36918221586655	ANP32B
0.4640546493432	-0.0399802997251791	0.968089598411579	-0.00678862209664	2.01708078478745	0.0677898423842275	0.158442426043649	-4.57422142347625	ANP32E
0.7215444193636	0.196196824487208	1.24689201423999	0.1173963385784	3.0090620164695	0.0114250664896897	0.0502841131995818	-2.91172329147782	ANXA2
-0.24699706191082	-0.777156747995235	0.283162624173595	-0.11832235890861	-1.02070419967702	0.328508013246109	0.4784076003444	-5.88108214007417	ANXA5
-0.54284584785248	-0.97706538275653	-0.10862631294843	-0.02153665165672	-2.73738237726648	0.0186525568845854	0.0678642194650834	-3.38020409263237	ANXA6
-0.454126515627418	-1.01532091151544	0.107067880260599	-0.112408485102769	-1.77287595428179	0.102862270544935	0.213661830446913	-4.94363436957372	ANXA7
-0.13447778710868	-0.400681599995328	0.131726025777968	0.0033126496939	-1.10532633031626	0.291491185472636	0.440973844689372	-5.79486988666553	AP1B1
-0.51806416405628	-0.989705067901027	-0.0464232602115331	-0.11118831972614	-2.40600620772413	0.0340471147409248	0.0984435118932964	-3.9441838890313	AP1G1
-0.19257106694861	-0.470367144463701	0.0852250105664812	-0.011556678863863	-1.51676801103686	0.156183823717728	0.282945466535933	-5.30153183073399	AP1M1
-0.1693287666177	-0.59025595673374	0.25159842349834	0.02042618531663	-0.880697165537744	0.396508922308665	0.547199937056408	-6.01144705529707	AP2A1
-0.392580507924486	-0.923933849599419	0.138772833750447	-0.143057233054603	-1.61867675930442	0.132751838356097	0.252216939191783	-5.16325579670541	AP2A2
-0.218430979235932	-0.525519889636376	0.088657931164512	0.003883639208906	-1.55633947324374	0.146565380657566	0.271145954216497	-5.24842275985507	AP2B1
-0.46052641263522	-0.820527710330825	-0.100525114939615	-0.00838905910369	-2.79901167793002	0.0165846448467263	0.0637399290500063	-3.27092373145863	AP2M1
0.742390073832503	0.29926076987204	1.18551937779297	0.162198894262629	3.66852019957658	0.00345010644658309	0.0260428068581542	-1.75862816734339	AP3B2
0.60847136025612	0.216901150565314	1.00004156994693	-0.10765219827512	3.40004551777188	0.00554026995079727	0.0319113701915315	-2.22006541142253	AP3D1
-0.1475230057192	-0.641796058890384	0.346750047451984	0.12366142633414	-0.653894422547538	0.526113863754395	0.665297549175419	-6.1860989820644	AP3M1
-0.047460257413354	-0.360682592135747	0.265762077309039	-0.036686706263217	-0.331536692309809	0.746171822173576	0.827689577136644	-6.35031883197667	APEH
0.690012138275758	0.292653669569477	1.08737060698204	-0.00156493295315881	3.79983442154798	0.00270261951496879	0.0228153096802596	-1.52446509405366	APEX1
1.47825473642714	0.676482335114984	2.2800271377393	0.14170434216865	4.03936400550671	0.00180619168201608	0.0191403710768986	-1.127724422852	API5
-0.342576017398614	-0.693875155575797	0.00872312077856924	-0.022784369903833	-2.13370367445785	0.0550398878001597	0.137017321864744	-4.38833514608003	APLP1
-0.34227229729595	-0.750572998856364	0.0660284042644638	-0.065231756750545	-1.83483793258796	0.0924530183736362	0.198842304541525	-4.85170807597236	APMAP
-0.5856372126127	-1.10413043145456	-0.0671439937708406	-0.06074800912715	-2.47457373453887	0.030129775573941	0.0905968320632413	-3.82978277910264	APOO
-0.7771411845689	-1.54508442089435	-0.00919794824344977	-0.21464908171545	-2.21710172649388	0.0477326347469788	0.124492642356816	-4.25567115258254	APOOL
-0.13813683013262	-0.488908858507489	0.212635198242249	-0.05472368805289	-0.861665619798091	0.406389845956021	0.557024541020995	-6.02796482744426	APP
0.62676792523428	0.120603537027732	1.13293231344083	0.12767548444808	2.71287630079957	0.0195777739003446	0.0684785656623216	-3.4244098689206	AQR
0.113326791239	-0.208388041279692	0.435041623757692	0.0026190027499	0.770753918231376	0.456316589926865	0.602065047658627	-6.10203883889115	ARCN1
-1.24294064091114	-2.34610216589646	-0.139779115925825	-0.25346305444737	-2.46846001567361	0.0304632730581535	0.0912226681563087	-3.84006123968954	ARF1
-0.313611815288766	-1.00657112791523	0.379347497337702	-0.182020794094923	-0.991515472176736	0.341955294890351	0.493382953566184	-5.90957169463589	ARF5
0.623116561390894	-0.084944755399504	1.33117787818129	0.062281759084053	1.92802757365438	0.0790516457602068	0.177271778438996	-4.71169179493459	ARFGEF1
-0.010308430797319	-0.89133447127216	0.870717609677522	0.0899951290205395	-0.0256341327815219	0.979991140427169	0.989052547181003	-6.40781187073595	ARG2
-0.89284884257592	-1.41144663361198	-0.374251051539864	-0.0555363269838	-3.77191669274255	0.00289142144321676	0.0233674328247815	-1.58508171871785	ARHGAP1
0.10251797223992	-0.201354846952151	0.406390791431991	-0.06358395593748	0.738180189155662	0.4751238729019	0.618482656258109	-6.12677703945553	ARHGAP35
-0.69295467060456	-1.4013188495716	0.0154095083624821	-0.22373396407836	-2.1432017232004	0.0543818938544914	0.135830290943198	-4.37480740119004	ARHGDIA
-0.03068375349212	-0.758798285560501	0.697430778576261	-0.29045592603946	-0.0923259108448715	0.928037104037024	0.951533809795379	-6.40364992221502	ARID1A
-0.0574348112654	-0.67946699803147	0.56459737550067	-0.02267426849584	-0.202291276782151	0.843243898767898	0.893757812943925	-6.38654111902449	ARL15
-0.55302297098412	-1.03333965759398	-0.0727062843742623	-0.07481529255332	-2.52249498343689	0.0276360705065975	0.0856953720396342	-3.74898133295161	ARL2
0.26277769915264	-0.067092233012839	0.592647631318119	0.00771591811278	1.74301051801028	0.107837157755089	0.220626537375221	-4.9865678245376	ARL3
-0.0935483512511199	-0.861799193616731	0.674702491114491	-0.08075711709602	-0.266776706949056	0.794391805097266	0.858884995991446	-6.37061222404798	ARL6IP5
-0.449003348335886	-1.01665384000883	0.118647143337058	-0.089161761896837	-1.73293940093528	0.109961766290506	0.223481570545484	-5.00162313977712	ARL8A
-0.00127496435539994	-0.537250974800947	0.534701046090147	0.00655529323410001	-0.00521155717124466	0.995931626702878	0.99730217481302	-6.40814526652708	ARL8B
-0.399006726855492	-0.713002862013914	-0.0850105916970698	-0.159544783056694	-2.78041836390612	0.0171574439254879	0.0644659209799313	-3.30313198240563	ARPC1A
-0.4364619860788	-0.828924982463601	-0.0439989896939991	-0.0288836855048	-2.43333522234843	0.0322366742590485	0.0953559077337438	-3.89597432280573	ARPC2
-0.364755589097292	-0.922469504745424	0.19295832655084	0.098056300403814	-1.43286504888616	0.178669530459592	0.312044120859889	-5.41111526293598	ARPC3
-0.471792704644392	-1.11203188656614	0.168446477277352	-0.148008071414264	-1.6144469801502	0.133670198759923	0.253080697218485	-5.16911140294396	ARPC4
-0.18670948101754	-0.521550915290569	0.148131953255489	-0.08210641621739	-1.22006062543956	0.246746532239301	0.394613684892597	-5.66897898453168	ARPC5
-0.1480151481094	-0.994018847894703	0.697988551675903	0.3201320264315	-0.383308735306668	0.708522751388025	0.797944365403364	-6.33090652641008	ARRB1
0.179268518826	-0.31564590068004	0.67418293833204	0.00193674464021999	0.793576388678474	0.443601003692303	0.590836480207626	-6.08394316891198	ARRB2
0.145346857535844	-0.146730424923244	0.437424139994932	0.006255249964478	1.08883507038624	0.298404439477972	0.447709203697878	-5.81215164125594	ARSB
-0.268749188817757	-0.89288176139335	0.355383383757836	-0.128764870847502	-0.943376662925048	0.364997283805486	0.516925481805012	-5.95503732337134	ASAH1
0.15937012848814	-0.296573672901888	0.615313929878168	0.04000086066473	0.765463661320242	0.459450801827237	0.605664915693755	-6.10599889759948	ASH2L
0.03748010983558	-0.424632252769758	0.499592472440918	0.02286584261411	0.177639210816863	0.862106847704863	0.907415259662351	-6.39148547359502	ASNA1
0.04593292216204	-0.432293385127682	0.524159229451762	0.04258226862318	0.210428920410745	0.837036414565277	0.889605887534567	-6.38477033942307	ASNS
-0.285730609962402	-0.782935842072445	0.211474622147641	0.0213241943913169	-1.25902946228072	0.233119357759612	0.378082881121272	-5.62390460866588	ASPH
0.03134522632828	-0.438550877577447	0.501241330234007	0.0736880213548	0.146104913413022	0.886377039059239	0.923609105616381	-6.3968746583716	ASRGL1
0.069469079172254	-0.31831836556676	0.457256523911268	0.018864204972433	0.39196928034793	0.702210575896384	0.793300552372426	-6.32746589241422	ASS1
-0.10759373300288	-0.475500900801806	0.260313434796046	-0.00846402035972	-0.639886517992718	0.534722275715688	0.672417978531359	-6.19549018856866	ATAD3A
0.079524403559	-1.13037900129897	1.28942780841697	-0.1704611381591	0.144000677866071	0.888006947987665	0.924866015008145	-6.3971950236445	ATAT1
0.18134062692284	-0.140994308401804	0.503675562247484	0.04280083323694	1.2309544092823	0.242796485765801	0.389724065019664	-5.65652633375587	ATIC
0.29141482292472	-0.158660575109473	0.741490220958913	-0.03070606210016	1.41782533862248	0.182804687218942	0.317472261097017	-5.43029791562409	ATL1
0.162985778426876	-0.642720539360018	0.96869209621377	-0.063013082013438	0.443187759272889	0.66589946614241	0.76872476710147	-6.30511134393664	ATL2
0.19446363152508	-0.432027980998092	0.820955244048252	0.15257865185006	0.680045459966042	0.510011719657794	0.649186929453623	-6.16834645754568	ATM
-0.07085110695738	-0.45927138075946	0.3175691668447	-0.03203496022983	-0.399115857343772	0.697082051290961	0.790320722648574	-6.32451734025382	ATP13A1
-1.386097691026	-2.31167985254612	-0.460515529505879	-0.1906885598748	-3.28090517788595	0.00697510126719386	0.0375966569537881	-2.43760438230355	ATP13A2
-0.70255646531276	-1.14316655035254	-0.261946380272984	-0.032092770654	-3.49138106909695	0.00473847312311652	0.0295545337936096	-2.06621062791839	ATP1A1
-0.470712604635	-1.64659513745357	0.70516992818357	0.1434645710217	-0.877014358246424	0.398532883220194	0.549240709639951	-6.01453485532842	ATP1A2
-0.73580209544706	-1.10765556105212	-0.363948629841997	-0.09660397471735	-4.32955658685625	0.00106653109495868	0.0152211294937552	-0.621041325117829	ATP1A3
-0.738282401602	-1.44946214876294	-0.0271026544410589	-0.0940834065584	-2.27435341253302	0.0431211200107883	0.116496970156866	-4.16233295864394	ATP1B1
0.23161709930832	-0.503048622617759	0.966282821234398	-0.18759219384196	0.690709860878591	0.50353009374419	0.642810640142437	-6.16092307164748	ATP1B2
-1.3245243278964	-1.79928478862382	-0.849763867168977	-0.2073160681278	-6.11100164479923	6.41201667603128e-05	0.00728834050717379	2.09829413373253	ATP1B3
-0.53385788571506	-0.903186152320372	-0.164529619109748	-0.00323279030785001	-3.16276808471943	0.00853176997533694	0.0419478690454066	-2.635990008612	ATP2A2
-0.49788481109496	-0.786186779160563	-0.209582843029357	-0.03723584692552	-3.77863987917042	0.00280316019871099	0.0230639010985359	-1.56026381739548	ATP2B1
-0.56667568269832	-1.00702638916689	-0.126324976229752	-0.13317355391434	-2.81777512233125	0.0161128074854311	0.0623541306843193	-3.2413615685206	ATP2C1
-0.40833028242178	-0.770804389710449	-0.0458561751331106	-0.06899852564577	-2.46484056888806	0.0304540617238093	0.0912226681563087	-3.84298002983375	ATP5A1
-0.33691465904878	-0.678279872077524	0.00445055397996363	0.00169845320525	-2.1595083052012	0.0525890661554167	0.133883734811296	-4.34688890947175	ATP5B
-0.4241951523066	-0.810162857914581	-0.0382274466986195	0.00866553157722	-2.40474464416626	0.0339415922257276	0.0982685621071132	-3.94389075785329	ATP5C1
-0.87990071108938	-1.41283276234518	-0.346968659833584	-0.13194497763745	-3.61723432587048	0.00380805309213038	0.0272277190965996	-1.85229955415927	ATP5F1
-0.13337368438502	-0.626644454145131	0.359897085375091	-0.07565100361549	-0.592378902209068	0.565128879192387	0.695409386984321	-6.22530336635839	ATP5H
-0.7246739593074	-1.48076904135175	0.0314211227369514	0.00199221147569999	-2.09981511287252	0.0586844709008358	0.142500778616824	-4.44399087437729	ATP5I
-0.09866342285173	-0.768358245842403	0.571031400138942	-0.023408985092485	-0.322770660680858	0.752695173932391	0.832078162197701	-6.353277290952	ATP5J
-1.0060200960874	-1.82022464359927	-0.191815548575527	-0.1798010696431	-2.70699807771761	0.0197878109255696	0.0687846994435007	-3.43450420243303	ATP5J2
-0.982513975461958	-1.75508686814077	-0.209941082783149	-0.211893950877059	-2.78621153237639	0.0171357501987248	0.0644659209799313	-3.2981564744228	ATP5L
-0.4503117366814	-0.863811238650388	-0.0368122347124118	-0.09148105197252	-2.38419135741744	0.035318746956556	0.100917309693929	-3.97945402296211	ATP5O
-0.50738125264043	-0.925967326553443	-0.0887951787274172	0.005357279409675	-2.65370397276772	0.0216969455457055	0.0735472548544646	-3.52348396719868	ATP5S
-0.22501893734718	-0.670049359383956	0.220011484689597	-0.02515365767621	-1.10718093326084	0.290868031054446	0.440336277248166	-5.79279214435544	ATP6AP1
-0.10569996800704	-0.624853330121261	0.413453394107181	0.10489234996732	-0.446060739244187	0.66388340300058	0.766802893518659	-6.30378279103087	ATP6AP2
-0.8197539228869	-1.47759364734311	-0.161914198430693	-0.14336952469585	-2.73009791406289	0.0189750291748804	0.0680829830580107	-3.39481333821379	ATP6V0A1
-0.7576517973316	-1.13411467045171	-0.381188924211486	-0.0592170881774	-4.40353790167404	0.000939286725041307	0.0152211294937552	-0.497509834926474	ATP6V0D1
-0.25837545182156	-0.588993980866559	0.0722430772234391	-0.02830429009802	-1.70992984703863	0.113953713941595	0.229129606175651	-5.03425983915786	ATP6V1A
-0.4792868127972	-0.784897088646836	-0.173676536947564	-0.001360099523	-3.43148227788185	0.00523341867599937	0.0308771701883963	-2.16502409676364	ATP6V1B2
-0.38771855176844	-0.697743749043687	-0.0776933544931928	0.03130280456696	-2.73636371319964	0.018594069223773	0.0677643624632663	-3.37930198904514	ATP6V1C1
0.01504430757908	-0.50593365205953	0.53602226721769	-0.11540121031872	0.0632656054026637	0.950647612673606	0.968843948863904	-6.40604164233733	ATP6V1D
0.0584822404232	-0.23393890150321	0.35090338234961	0.00827064648078	0.437592093435624	0.669745300747504	0.772347591934391	-6.30775500571169	ATP6V1E1
0.23944581324812	-0.466831206487103	0.945722832983343	0.15502896248356	0.742757399146287	0.472614645809592	0.61705608361384	-6.1231810498653	ATP6V1G1
-0.433356323548376	-0.903736918272143	0.0370242711753902	-0.128429018199532	-2.01785983851622	0.0676402627501981	0.158432074660603	-4.57273891270605	ATP6V1H
-1.3084973960344	-1.81156899813079	-0.805425793938005	-0.051628564187	-5.69846486706631	0.000119565138998326	0.00782740514972634	1.50322499642631	ATP8A1
-0.77878994310078	-1.27137243092034	-0.286207455281224	-0.24130236819985	-3.46382690814923	0.00501387848861424	0.0306549416242319	-2.11874228511141	ATP8A2
-0.8293991710394	-1.20688783148404	-0.451910510594761	-0.0677844341345	-4.80744052466492	0.00047537687454441	0.0118989178515851	0.164043736364594	ATP9A
-0.18211465373556	-0.792327903710386	0.428098596239266	0.15809248899622	-0.653849918187027	0.526141516510205	0.665297549175419	-6.18612864519297	ATPIF1
0.4629576316868	0.0460168182600214	0.879898445113579	0.0411687738396	2.43091443301968	0.0324724927000372	0.0958269174837173	-3.90136577587284	ATRX
1.0089450614418	0.541713966450633	1.47617615643297	0.0299055494285	4.72956662914154	0.000553929074233599	0.0128641188197016	0.0202906421368905	ATXN2L
-0.00795938302848606	-0.757896064950129	0.741977298893157	0.129346710955663	-0.023252498371978	0.981849754952534	0.989555870296113	-6.40787348912009	AUH
-0.672806906706816	-1.35119137932774	0.00557756591411218	-0.136259143255492	-2.17284805198487	0.0516152609559697	0.132560134902214	-4.32720392197251	B3GAT3
-0.5107780388839	-0.899667292206663	-0.121888785561137	-0.09510254484013	-2.87382625220359	0.0144656347387256	0.0580486776372021	-3.14100390720306	B3GLCT
-0.19225068349958	-0.62849128700202	0.24398992000286	0.02963401358219	-0.964961778464035	0.354437247546613	0.506040883841894	-5.9349819167879	B4GALNT1
-0.38457403771382	-0.693820815359843	-0.0753272600677968	-0.06335682229089	-2.72100294818053	0.0191224665444779	0.0680829830580107	-3.40580994351022	B4GAT1
-1.691925144492	-2.86609132738368	-0.517758961600325	-0.031554483093	-3.15694046209824	0.00873266382416875	0.0421756750623017	-2.65394390035291	BAG5
-0.136352944415792	-0.938962545535403	0.666256656703819	0.014117175864204	-0.372198813883493	0.716552024695378	0.802994389070848	-6.33529269938597	BANF1
-0.04051364136356	-0.621613767508815	0.540586484781695	-0.03930806222498	-0.152744339356725	0.881262385092912	0.921358135372523	-6.39582449923536	BASP1
-0.15158850707516	-0.940590371886498	0.637413357736178	-0.09999315119002	-0.420923391521771	0.681615161220627	0.78111192314871	-6.31512565998288	BAZ1B
0.72346705478414	-0.21103044471815	1.65796455428643	0.11788613864637	1.69611552828899	0.116893791929747	0.23255843357935	-5.05442215153892	BCAP31
-0.67982164714724	-1.14967047158209	-0.209972822712387	-0.02676308179066	-3.16907195552556	0.0085193424126462	0.0419478690454066	-2.63111002683402	BCAT1
-0.52767663951682	-1.07009497109806	0.0147416920644202	-0.08813607774879	-2.13131835199548	0.0555297688168783	0.137595329542844	-4.39381445742483	BCAT2
-0.27189509146266	-0.870461827575787	0.326671644650467	-0.04332474367441	-0.995184501346354	0.340243277701693	0.491888129286619	-5.90602844105599	BCKDHA
-0.99454955498176	-1.93360414051364	-0.055494969449882	-0.30473096598074	-2.32033346937766	0.0397293996391136	0.109368574290271	-4.08676412806078	BCS1L
0.68193842698586	-0.120644152294628	1.48452100626635	0.14425468790053	1.86153089988338	0.0885605209630854	0.191793271093666	-4.81234227564319	BIN1
-0.5424779074578	-1.42086331280712	0.33590749789152	-0.16978393314958	-1.35304350150309	0.202191794039132	0.341893637790415	-5.51127078100773	BLMH
-0.278377289526996	-0.671047066337653	0.114292487283661	-0.044268530095518	-1.55117415335775	0.147791089319629	0.272489820933066	-5.25540541389037	BPHL
-0.552133569652	-0.998644320283004	-0.105622819020996	0.0843336522232	-2.70770571795353	0.0196937313165196	0.0685668508197165	-3.43146058241807	BRSK2
-1.30872187990896	-2.45915583316889	-0.158287926649034	-0.3405021205896	-2.49230097477163	0.0291827381209996	0.0889747448577405	-3.79994038741913	BSG
-1.0081377860396	-1.63111197478976	-0.385163597289444	-0.146232636655	-3.54539521715741	0.00433063032655558	0.028759531789488	-1.97692381796305	BTBD17
0.0346098260536001	-0.497237164710931	0.566456816818131	0.047940617382	0.1425697949921	0.889111575105605	0.925133731389674	-6.3974116463671	BTF3L4
0.40136986384532	-0.176307972948436	0.979047700639076	-0.00486202371664001	1.52220754513394	0.155124560082687	0.281259895897429	-5.29439474233071	BUB3
-0.055768889902432	-0.473013297992018	0.361475518187154	0.017047863320136	-0.292620203946392	0.775023252391786	0.845937879985635	-6.36303559234804	BUD31
-0.0839654353542	-0.693948732356824	0.526017861648424	-0.10414631726758	-0.301576443979055	0.768389771466401	0.841643186709059	-6.36021990318221	BZW1
-0.0772355730111559	-0.727092512619144	0.572621366596832	-0.136469106605498	-0.2603840794285	0.799197740951323	0.861172586038238	-6.37238473609448	BZW2
0.633024094648	0.0391137855143022	1.2269344037817	0.0158721846232	2.33514682102748	0.0386923606533578	0.107937532801331	-4.06230935460835	C12orf10
0.7876833826908	0.242477807060399	1.3328889583212	0.1002199181434	3.16523682524663	0.00860214470984925	0.0421042195103159	-2.63946748826806	C12orf57
0.360902429478	-0.581231600525722	1.30303645948172	0.2258243896394	0.839251120200559	0.418531509120056	0.567839828719131	-6.0467053023971	C1QBP
0.4847001730919	-0.0724900512249458	1.04189039740875	-0.01625681323445	1.90583150257933	0.0821159456011786	0.182544917767182	-4.7454859055377	C20orf27
-0.219643159352388	-0.638386658885469	0.199100340180693	-0.032017560171906	-1.14834514228953	0.274145296433697	0.425344123748942	-5.74872836262118	C21orf33
-1.29787212748074	-2.02299032429606	-0.572753930665416	-0.23319472725503	-3.92137085606113	0.0022208186691538	0.0208070693337457	-1.3286817309948	C3
-0.13856292289	-0.662956744264572	0.385830898484572	-0.06065300182562	-0.578900979983651	0.573884305990206	0.703814292121697	-6.23340862622257	C6orf89
0.4459647305018	-0.0430118824634122	0.934941343467012	0.0713987220595	1.99814610334029	0.0700516067537885	0.162683678237788	-4.60369472221134	C9orf72
-0.184360350950732	-0.697386808210679	0.328666106309214	-0.056427286685554	-0.787304218319734	0.447118420384997	0.593710165267913	-6.08891190205278	CAB39
-0.81953204049508	-1.26363576752461	-0.375428313465549	-0.06545165251666	-4.0408315694268	0.00178570832090188	0.0191403710768986	-1.11887107432572	CACNA2D1
0.54478044865732	-0.0409376419271476	1.13049853924179	0.00320585688163999	2.0377349296748	0.0654004320516526	0.154847226864162	-4.54192746697054	CACNA2D2
0.174223271138855	-0.199305668895094	0.547752211172803	0.0071713973060947	1.02055435767191	0.328348256851933	0.4784076003444	-5.88144495948638	CACNB3
-0.222959686548422	-0.623148823369774	0.17722945027293	-0.067991116781071	-1.21913406066818	0.24710193666189	0.394892772864499	-5.67002365973943	CACYBP
0.998945117157734	0.544511870595726	1.45337836371974	0.00104471884304701	4.81357674752071	0.000479663202445942	0.0118989178515851	0.159064881017521	CAD
-0.90973728581962	-1.44190541195391	-0.377569159685329	-0.33177433199081	-3.74525981129561	0.0030314663644891	0.0239771415713033	-1.63100920693445	CADM3
-0.12562788001106	-0.607626574118926	0.356370814096806	-0.01233366185045	-0.571024818335994	0.579034371806211	0.707348647819227	-6.23806382910363	CADPS
-0.38581191347464	-0.720525599737232	-0.0510982272120479	0.00450121216658	-2.52206570460379	0.0274581500997107	0.0853862416918353	-3.74623812825734	CALR
-0.08042632206702	-0.671186753463747	0.510334109329707	0.10241905468077	-0.298264540291085	0.770852262622774	0.843493979601762	-6.36126291115143	CALU
-0.08496804770772	-0.391335848339811	0.221399752924371	-0.06671209128118	-0.606829596397221	0.555694359059259	0.689013178057618	-6.21655495582296	CAMK2B
0.09707043576576	-0.1901764830466	0.38431735457812	-0.03744725371976	0.739410874874854	0.474404624022073	0.618283757755335	-6.12585996844589	CAMK2D
0.11903337444004	-0.432127944200614	0.670194693080694	0.04381697585132	0.473156520914867	0.645006987636403	0.755797237794025	-6.29084628961808	CAMK2G
0.068881537802536	-0.240560439770139	0.37832351537521	-0.009415229199648	0.48705481343137	0.635323376742236	0.750087037008275	-6.28402249089123	CAMKV
0.2587933373308	-0.108043102780818	0.625629777442418	-0.02379674584252	1.54360029957704	0.149604372675803	0.274311484524081	-5.2656169232138	CAND1
-0.4120527491292	-0.915202701998756	0.0910972037403562	-0.09713818011932	-1.79419728232866	0.0992435904182341	0.210134585725514	-4.91237521560237	CANX
-0.0697966638544428	-0.369374429563452	0.229781101854566	0.0584552360529186	-0.509775924054576	0.619799721379076	0.740165641012321	-6.27230466802368	CAP1
-0.05486223571666	-0.364644604109948	0.254920132676628	-0.02535041006811	-0.387499404366915	0.705426103612029	0.795426231500547	-6.32928373217734	CAP2
0.077919603257219	-0.240896973938707	0.396736180453145	0.0069043937755535	0.534761423855225	0.602948402514712	0.727604401707914	-6.25883092693148	CAPN1
-0.3668354306064	-0.926450467304265	0.192779606091464	0.0837047248916	-1.43613978870132	0.177755824388715	0.311179602759073	-5.40692132221446	CAPN5
-0.7101333500256	-1.14962009419075	-0.270646605860445	-0.043215445645	-3.53803751097868	0.00435654119088773	0.028759531789488	-1.98488732018067	CAPNS1
0.39957691859302	0.0702422830119309	0.728911554174109	-0.04984049183749	2.65471081787526	0.0215780879169873	0.0732808946710604	-3.51987858539019	CAPRIN1
-0.10984103545198	-0.43899399911126	0.219311928207299	-0.00152747755193	-0.730165118168065	0.479824691886913	0.622005523984045	-6.13271568931555	CAPZA1
-0.00332830854388	-0.375317342622626	0.368660725534866	-0.00726970358718	-0.0195770691886616	0.984714577467972	0.991261271040107	-6.40795698022623	CAPZA2
-0.074232831759586	-0.416839923105834	0.268374259586662	-0.007349432961507	-0.474082488024096	0.644269301039459	0.75574416129454	-6.29048294277324	CAPZB
0.57892645667098	0.0355283187770741	1.12232459456489	0.02048205500441	2.33410326478184	0.0387645559854528	0.107937532801331	-4.0640338065473	CARM1
0.184783310242604	-0.125887828531415	0.495454449016623	0.017318046467618	1.30141577538011	0.218454416147806	0.359371507498614	-5.5739752053301	CARS
-0.248198320130984	-0.76666524304369	0.270268602781722	-0.043882747804688	-1.04879980531495	0.315935927898518	0.464174653306978	-5.85301447584152	CASC4
-0.23016876361304	-0.533621728510697	0.0732842012846167	0.00724063250712	-1.65962219021883	0.123848732245833	0.239905911163904	-5.10575723455975	CASK
-0.4565712294686	-1.2677956264766	0.354653167539403	-0.23482356668172	-1.23305472804959	0.242307481605451	0.389225336530316	-5.65395893512825	CASP3
-0.7491625391621	-1.17032343821456	-0.328001640109644	0.06768292744825	-3.89431289486213	0.00230288712544641	0.0210516452698728	-1.36697079155726	CAT
-1.087688302963	-1.9437620898541	-0.231614516071902	-0.1044194059741	-2.78360798671769	0.0172170371077168	0.064578680422931	-3.30264820701494	CBLN1
-0.180080829317032	-0.772468452846814	0.41230679421275	-0.111048251245044	-0.666003207023451	0.51862150765218	0.65822718093297	-6.17795886364955	CBR1
0.79847264031164	0.265987506841554	1.33095777378173	0.1999700982022	3.28524200691327	0.00692056618766459	0.0373950395734451	-2.4300366706649	CBX3
0.9746836015494	0.537127468549259	1.41223973454954	-0.0159879932197	4.8775102240945	0.000431055267142588	0.0114176942467361	0.262417548260174	CBX5
0.8876565628905	-0.0232541671615387	1.79856729294254	0.24119216438415	2.13493159961454	0.0551783474989611	0.137191722767918	-4.38803975469569	CCAR1
0.800508915762224	-0.117188897207004	1.71820672873145	-0.212430629751908	1.9110906663595	0.0813801625151917	0.181278464051698	-4.73749629059924	CCAR2
-0.123925363048268	-0.603833448044083	0.355982721947547	-0.079132252096114	-0.565740080853984	0.582503730793701	0.709601364019335	-6.2411536550743	CCDC134
-0.1462134164506	-0.569679800708092	0.277252967806892	0.107135052282	-0.755911788303151	0.464900205078883	0.610429620353351	-6.11334976392151	CCDC47
0.51851935966344	-0.0625814350289663	1.09962015435585	0.18660415883562	1.95491699216499	0.0754807590297428	0.172719598492587	-4.67049517259035	CCDC88A
-0.80539952395296	-1.44024317832356	-0.170555869582356	-0.14937632771784	-2.77945342175274	0.0173475427400079	0.0647345056434824	-3.30981445041261	CCDC90B
0.1686574030096	-0.210566760633706	0.547881566652906	0.0059533863478	0.973113818835649	0.350418621316528	0.502001710624949	-5.92739256650812	CCT2
0.22556840103299	-0.244259329827374	0.695396131893354	0.035457942917265	1.05156196573311	0.314669592206928	0.463198732156253	-5.85026648024934	CCT3
0.3260041954022	-0.0294984033059616	0.681506794110362	0.0376671740571	2.00647911052616	0.0687744208488134	0.16022898688683	-4.58952142415853	CCT4
0.37727977517872	0.0597071073060506	0.69485244305139	0.00261660333324	2.5994091325599	0.0238620312292475	0.0774676170439574	-3.61458152568831	CCT5
0.353248674118308	0.0545806117517973	0.651916736484819	0.032224070342766	2.58789105401267	0.0243667597823783	0.0789208258233411	-3.63424905592372	CCT6A
0.307872347469961	0.0119685814321502	0.603776113507771	0.0405110589272396	2.27653548330101	0.0427166935537044	0.115839182643151	-4.15650377706287	CCT7
0.149977378302028	-0.156799511466248	0.456754268070304	0.016509371747706	1.06968855908139	0.306585657609106	0.455657283347552	-5.83195191992737	CCT8
-0.9365932988008	-1.51943204000666	-0.353754557594942	-0.02278165584666	-3.52060619987692	0.00452755305217074	0.0289461723459199	-2.01999071960827	CD47
0.33916219454672	-0.141580722711945	0.819905111805386	0.0093693641368	1.54564358952711	0.149408432047307	0.274311484524081	-5.26300888287588	CDC37
-1.04598701980859	-1.57500237488531	-0.516971664731869	0.209368187299675	-4.33184423765018	0.00108973138958542	0.0152211294937552	-0.636139922282656	CDC42
0.165831652756554	-0.168774885669184	0.500438191182292	-0.050102780756203	1.08439433305012	0.300287091712259	0.449298643733969	-5.81676937749527	CDC42BPA
0.109128045246366	-0.355667585160004	0.573923675652736	0.057830555602863	0.514232956675907	0.616858599673156	0.738332410973868	-6.26986532834166	CDC42BPB
1.1680864041234	0.379764046006303	1.9564087622405	0.04236151776684	3.24627972867917	0.00742645521055932	0.0385998850586929	-2.49803089499729	CDC5L
0.938365440180903	0.472544753212806	1.404186127149	0.0232437883832488	4.41203348821104	0.000944757358046955	0.0152211294937552	-0.498622331785931	CDC73
-0.3920040718017	-0.825658022075406	0.0416498784720052	0.02273496859305	-1.97931800745124	0.0722486414157461	0.166545706663753	-4.63237739888326	CDH2
0.38789617239062	0.0144236127746921	0.761368732006548	0.06349386178689	2.27253734781554	0.0430226516252863	0.116496970156866	-4.16306970861279	CDK5
-0.18926361153662	-0.862417741961363	0.483890518888123	-0.08058637959751	-0.615981151005645	0.549974043567051	0.68487925676376	-6.21068850900593	CDS2
0.63475535651212	0.083483780683843	1.1860269323404	0.01308071641504	2.52264180730623	0.0276287485988993	0.0856953720396342	-3.74873314667066	CELF1
1.101316074938	0.514435838065602	1.6881963118104	0.0551573775966	4.11128239169325	0.00159365377920043	0.0180085726245312	-1.00594400655413	CELF2
1.22718864428072	0.11096792481421	2.34340936374723	0.08166409667768	2.40866312015277	0.0339200088432038	0.0982685621071132	-3.9402098916473	CELF4
2.3664683658468	1.18814067493165	3.54479605676195	0.1388452231672	4.39996715324967	0.000970207322732661	0.0152211294937552	-0.523122829899398	CENPV
0.58555504187782	-0.282809263093103	1.45391934684874	0.08806043393063	1.47734040757367	0.1665940662238	0.298094136529963	-5.35360141019346	CEP170
-0.274252735024248	-0.731179750945184	0.182674280896687	-0.113331379893256	-1.31443943290263	0.214369152222305	0.355598677280616	-5.5582716432249	CERS6
0.59283497404	-0.558676650103158	1.74434659818316	0.1459658298062	1.1279252142145	0.282465896304476	0.431766430343392	-5.77065216109161	CETN2
0.34075032530958	-0.35684902402829	1.03834967464745	0.16668626700313	1.07015091492601	0.306624163645237	0.455657283347552	-5.83126750900424	CFL1
0.0192662262898781	-0.70017884514153	0.738711297721286	0.262947692926831	0.0586696949331649	0.954228156289991	0.970433062924344	-6.40633814208361	CFL2
1.0534590490318	0.51588519153083	1.59103290653277	0.00203104095269999	4.29333060446917	0.0011640112267123	0.0157545607429045	-0.700293325504688	CHAMP1
-1.0345161865834	-1.74746955592909	-0.321562817237712	-0.2417362913517	-3.17900330424542	0.00838990463414817	0.0418154379368618	-2.61544456393195	CHCHD3
0.85441392491988	0.423238252126912	1.28558959771285	-0.11337680568076	4.33892729093329	0.00106462817528919	0.0152211294937552	-0.616031141873137	CHD4
0.416062648188926	-0.147974467789263	0.980099764167115	-0.010501205232057	1.61609118174978	0.133312552829527	0.25284213972794	-5.16683633023813	CHGA
3.07111088799156	1.21699502308412	4.925226752899	-1.01223181925624	3.62888698042047	0.00372959454107309	0.0271390162772085	-1.83211309105668	CHGB
-0.52739739031181	-0.873659972247369	-0.181134808376251	-0.043330380058805	-3.33262652556122	0.00626161182277056	0.0345179257805761	-2.33818904511517	CHID1
-0.69792833077602	-1.12451514183835	-0.271341519713685	-0.17527881732347	-3.58227545968969	0.00402218233096248	0.0276984985125902	-1.90765729332266	CHML
0.51173609375556	-0.242498499139016	1.26597068665014	0.19439606051576	1.4864640734663	0.164204729525988	0.29454307687365	-5.34165696318622	CHMP4B
-0.1218849802326	-0.611087049087923	0.367317088622723	-0.10693665069728	-0.545854281433841	0.595656451093859	0.721768569695889	-6.25253682569662	CHP1
2.0547665568355	0.71947957642871	3.39005353724229	0.77690568890629	3.37134105249208	0.00592319204482646	0.0331546877791184	-2.27985484870447	CIRBP
-0.17738569735094	-0.572394912482269	0.217623517780389	0.000242311608609998	-0.982656627454487	0.34590933325327	0.49711657306905	-5.91828356612933	CISD1
-0.1512912951836	-0.612134349051706	0.309551758684506	-0.07556083632856	-0.718999467675799	0.486536508543485	0.627724112382049	-6.14076385013223	CISD2
-0.25045937775416	-0.605115123823236	0.104196368314916	-0.09652051580866	-1.54519939689124	0.149219933046997	0.27419790727407	-5.26346361733953	CKAP4
0.01797941714388	-0.267166045134583	0.303124879422343	0.000358619882160002	0.137963237527997	0.892643289103832	0.927482294199745	-6.39810324277229	CKAP5
0.0936442377636	-0.327045630930061	0.514334106457261	0.0122322994118	0.487328532563141	0.635179692319658	0.750087037008275	-6.283841746101	CKB
-0.31760062624958	-0.644021696234807	0.00882044373564739	-0.00303513704743	-2.1289104774317	0.0555068413835183	0.137595329542844	-4.39601115536365	CKMT1A
-0.28006963006778	-0.669067766403685	0.108928506268125	-0.06229393300325	-1.57533430476737	0.142133493515294	0.264967904648921	-5.22261720913994	CLASP1
0.19639695851666	-0.124465396059607	0.517259313092927	-0.07121075376003	1.3392764276911	0.206217333837305	0.3457545620329	-5.52822014821141	CLASP2
0.57231163070472	-0.323882198301011	1.46850545971045	0.13618289541188	1.39908930773926	0.188326585142534	0.323969216206582	-5.4539853360602	CLCN4
0.43338594411362	0.0180774869888141	0.848694401238426	-0.09203054577079	2.28458268405108	0.0422119143742307	0.115041958900057	-4.14429345864923	CLCN6
-0.0797336708879898	-0.409872174012193	0.250404832236214	0.0112034054959149	-0.528445026254456	0.60718635685089	0.731505417773451	-6.26229508626783	CLGN
0.60543238617728	0.174453561290453	1.03641121106411	-0.00677251775363999	3.07594113966279	0.010064308653174	0.0460738190147819	-2.79209775656461	CLIC1
-0.0687771909859461	-0.392563533988865	0.255009152016973	-0.035714947407607	-0.464772197581009	0.65072615619748	0.760457815299304	-6.2950163274293	CLIC4
0.2231147679366	-0.399925541246937	0.846155077120137	0.0344066606521	0.784561489167582	0.44866218275136	0.595196872385179	-6.09107357787597	CLIP2
0.02491708022908	-0.406199450349128	0.456033610807288	0.0366897563395	0.126552514738279	0.901482364969804	0.932671091340798	-6.39969263664223	CLPB
-0.028184081930572	-0.437476601533379	0.381108437672235	-0.018746874975044	-0.1507247727084	0.882798931675703	0.922081372176105	-6.39615572075016	CLPP
-0.71227715017446	-1.86818930810099	0.443635007752074	0.09407272094487	-1.35001624845911	0.203132253467028	0.342687565161146	-5.51498919278771	CLPTM1
-0.60014463147732	-1.03049354200105	-0.169795720953589	0.0271300670417198	-3.05353935869683	0.0104835710374153	0.047678407447245	-2.83121470101624	CLPTM1L
0.40656084752248	-0.155195116488374	0.968316811533334	0.09653694897922	1.58559649087281	0.140083999274584	0.262042305412525	-5.20879742406756	CLPX
0.30837189948782	-0.069239014783168	0.685982813758808	0.02296087002169	1.78683516484253	0.100188009399963	0.21090687031834	-4.92259029940662	CLTA
0.39450816838658	0.0805263924024893	0.708489944370671	-0.02040865563125	2.74919655772263	0.0181637204381485	0.0666410112881987	-3.35713586929264	CLTB
-0.413116749886974	-0.96517532592309	0.138941826149142	-0.123913023482107	-1.63946616363362	0.128318240958949	0.246422331930885	-5.13433919896155	CLTC
-0.26365892466758	-0.657933959491424	0.130616110156264	-0.07632091311319	-1.463252591958	0.170061689008193	0.301824932605598	-5.37191422213233	CMAS
0.3187314169725	-0.189507031268023	0.826969865213023	0.05739198116975	1.37395393420525	0.195793659176753	0.334066392614864	-5.48542425592611	CMPK1
0.8838521096226	0.294654574092414	1.47304964515279	-0.0237110253293	3.2864989365018	0.00690484152546631	0.0373950395734451	-2.42784338162626	CMTR1
0.010636382551504	-0.307936855103369	0.329209620206377	0.066669036556332	0.0730531408806575	0.94301253693673	0.96151161519518	-6.40533828847599	CNDP2
-0.064968988576982	-0.43062976395527	0.300691786801306	0.029240554640971	-0.388760348939445	0.704518400715048	0.794813265509534	-6.32877297765606	CNN3
0.3523553723112	-0.403455518883661	1.10816626350606	-0.064033348153	1.02136875143723	0.328206442391321	0.4784076003444	-5.88042551597405	CNOT1
-0.0372041832366942	-0.926307201094011	0.851898834620623	0.013676231459053	-0.0916757570834568	0.928542315862909	0.951533809795379	-6.40371318908146	CNOT10
0.209756377526321	-0.194265388583573	0.613778143636214	0.0521793933921803	1.1362833154752	0.278899209106241	0.429969614038788	-5.76182540250099	CNOT9
-0.27295698057963	-0.60084513641828	0.0549311752590197	-0.060187620180985	-1.8214728807048	0.0944926311686263	0.201836999844532	-4.8714047622857	CNP
-0.47931369557155	-0.959009616487118	0.000382225344017439	-0.078484134447249	-2.18911525693676	0.0501544155298666	0.130032172329809	-4.30097388195561	CNPY2
-0.70301940289948	-1.10904708743784	-0.296991718361118	-0.15295498879986	-3.7896776122398	0.00276145130808506	0.0230639010985359	-1.54442220723082	CNTN1
-0.9571870219122	-1.5510377317307	-0.363336312093703	-0.2812286552855	-3.53129774025253	0.00444151928178416	0.028759531789488	-2.00141218712492	CNTNAP2
0.39392280762846	-0.182137730272792	0.969983345529713	0.06867073900577	1.4981586836323	0.161184991887991	0.290319172682743	-5.32627522477699	COA3
0.76043148429346	0.381699991867521	1.1391629767194	0.07426336707833	4.3932195118529	0.00095603899457859	0.0152211294937552	-0.514697619182901	COASY
-0.2290440633172	-0.967767487084827	0.509679360450427	-0.082390048614	-0.679284937175384	0.510475839277075	0.649399042623458	-6.16887179261068	COL1A1
0.045947389865852	-0.335074090999063	0.426968870730767	0.020296001622114	0.263855176035102	0.796535959375138	0.85953435458029	-6.37145892444864	COL6A1
-0.38113159183152	-0.773395968686568	0.0111327850235275	-0.01731415666816	-2.12593661663941	0.0557984304271784	0.137643390594039	-4.40076999960856	COLGALT1
0.055045495470258	-0.250796799138783	0.360887790079299	0.029501068976975	0.393802505685704	0.700893537039506	0.793300552372426	-6.32671447720964	COPA
-0.26496049245664	-1.16589446250102	0.635973477587737	-0.18549467825628	-0.644322021286175	0.532081045072041	0.67063101697013	-6.19243610810134	COPB1
0.2513235531646	-0.253853556645697	0.756500662974897	0.1159351372572	1.08994439403177	0.298177489874759	0.447676382666161	-5.81078945225514	COPB2
-0.02388915196888	-0.3747340130216	0.32695570908384	0.00110131628488	-0.148984074291966	0.884133478046753	0.922446415887055	-6.39643405621963	COPE
0.20825643998486	-0.226657170586014	0.643170050555734	0.04216724260487	1.04848867907484	0.315970469452208	0.464174653306978	-5.85342210061717	COPS2
0.461555436670158	0.0437038277715959	0.879407045568721	0.0196421168509328	2.41826909667232	0.0332201100616047	0.0968217627029146	-3.92254504989626	COPS3
0.68636903990032	0.279961820180448	1.09277625962019	-0.0548136938119	3.69646733011698	0.00326105946468333	0.0252443007496586	-1.70579966468301	COPS4
0.55827592614666	-0.100931916780463	1.21748376907378	0.11129050763771	1.85541622403818	0.0894855201985817	0.193412762963865	-4.82150666043639	COPS5
0.546683982262646	0.144919844914294	0.948448119610998	-0.057846858583643	2.97770367538779	0.0119782634840445	0.051654038227358	-2.96061812523375	COPS6
-0.150543857041044	-0.418264352209654	0.117176638127566	-0.016380167392958	-1.23036977122813	0.24300718689198	0.389775671554145	-5.6571967746397	COPS7B
0.10789337085908	-0.513986233114546	0.729772974832706	0.02811370805266	0.380104720648361	0.710834611046508	0.799872142223983	-6.33218436406626	COPZ1
-0.21528758622886	-0.67295846308542	0.2423832906277	-0.07497124608995	-1.03018317419033	0.324157725567849	0.473889963606188	-5.87174623068331	CORO1A
0.502676186664704	-0.280779906260445	1.28613227958985	0.203430260967218	1.40568646868451	0.18640667316099	0.322189839675726	-5.44566762658225	CORO1C
0.313429608955688	-0.272742920256664	0.899602138168041	0.119566779912452	1.17146515248768	0.265247505890206	0.415571758546913	-5.72330367663327	CORO7
0.2584971278764	-0.184306377166612	0.701300632919412	0.089599574243	1.27830327358409	0.226374549425737	0.368975095367471	-5.60135333764621	COTL1
0.171197476533738	-0.415152312564857	0.757547265632333	-0.006032482006649	0.639669141719575	0.534995538241607	0.672417978531359	-6.19548508870751	COX18
-0.29532917558388	-0.850041359326881	0.259383008159121	-0.06113116879636	-1.16641598580307	0.267201302296275	0.417239229551337	-5.72886656169305	COX4I1
-0.78227132857032	-1.2837380575239	-0.280804599616737	-0.02841532712186	-3.41766982398065	0.00544837843692875	0.0315485679782904	-2.19911436297911	COX5A
-1.0775966831851	-1.62339104370597	-0.531802322664232	0.20516362027607	-4.32555677645235	0.00110151172335303	0.0152211294937552	-0.646600538063762	COX6C
-1.17906146317114	-1.89583111769054	-0.462291808651733	-0.267544579891062	-3.60389101692741	0.0038999790098959	0.0272873531365473	-1.87542491270611	COX7A2
-0.43330830058108	-0.977305672665138	0.110689071502978	-0.08651256552066	-1.74507871625355	0.107758571507453	0.220626537375221	-4.98407534397642	COX7A2L
-1.14062215660608	-2.12512566859453	-0.156118644617625	-0.181896800359562	-2.5382789527319	0.0268596978536334	0.0842444327356427	-3.72227968349927	COX7C
-0.4445101364379	-0.896378323750851	0.00735805087505126	-0.13034920053725	-2.15410203596216	0.0532494162356098	0.134541059771222	-4.35665600721672	CPD
-0.408227217996282	-0.745812193029513	-0.0706422429630509	0.047315668763905	-2.64589789926152	0.0219271005331097	0.073754792702278	-3.53499966979338	CPE
-0.383734946593726	-0.825062390008172	0.05759249682072	-0.037431078593623	-1.90390395011484	0.0822657055972253	0.182691795848162	-4.74802410480903	CPNE1
-0.5748299820269	-1.24640351453198	0.0967435504781805	-0.14338057569063	-1.87525639478402	0.0865159371771438	0.189242776410526	-4.79171438602305	CPNE2
-0.3328544076491	-0.877987687965911	0.212278872667711	-0.03536967967181	-1.33772372848521	0.206988294899331	0.346780850165188	-5.53002676980772	CPNE3
1.8678875179248	0.788839163576479	2.94693587227312	0.3531418623002	3.79249160466408	0.00278789921917223	0.0230639010985359	-1.54967120465931	CPNE4
-0.2163810875696	-0.695193490969936	0.262431315830736	-0.04695544586228	-0.990076430856123	0.342628476123337	0.494027716893821	-5.91095841442615	CPOX
-0.09588599909338	-0.502345400859371	0.310573402672611	-0.09710562647715	-0.516331505118952	0.615381857766946	0.73771476963495	-6.26880319803859	CPSF1
0.726749399684894	0.342881488342142	1.11061731102765	-0.222060429039093	4.1424483803699	0.00147512087884751	0.0173018520762686	-0.936429420516207	CPSF2
0.9533117428282	0.312883622956238	1.59373986270016	-0.0457100929809	3.26121450198895	0.00722824919010621	0.0383923795182527	-2.47196651342176	CPSF6
1.1205505732328	0.653192369279568	1.58790877718603	-0.0454246776912	5.25130397863018	0.000237408411935671	0.00926108531767927	0.841148783938182	CPSF7
-0.43590942140434	-0.93974234912013	0.0679235063114494	-0.09247621814495	-1.89550320598021	0.0835787511026721	0.184295367330438	-4.76114426024266	CPT2
0.146285969533382	-1.10955843733373	1.40213037640049	-0.084611851739091	0.255200577919157	0.803101027599701	0.864482023298889	-6.3737908064573	CPVL
0.0491221920522599	-0.595677030474429	0.693921414578949	0.046965603831456	0.166904500907564	0.870360675311851	0.913460266445082	-6.39343441734937	CRABP1
-0.586836055394876	-1.06092417248691	-0.112747938302841	-0.115196127721758	-2.71134463080394	0.0196056360691484	0.0684785656623216	-3.42632582896848	CRAT
-0.16677287568406	-0.935694741124799	0.602148989756679	-0.09577894375363	-0.475179855762076	0.643607575367638	0.755373837111588	-6.28985085334541	CRELD1
-0.08207785698378	-0.482294708459871	0.318138994492311	-0.05318746817529	-0.448767143914024	0.66190140313746	0.765823902358459	-6.3026017446945	CRELD2
-1.9485754443748	-2.57368002259808	-1.32347086615152	0.00836288012080003	-6.82934984150422	2.33661005232903e-05	0.00621639195785531	3.05393939149433	CRIP2
0.63998655057524	0.242292272300437	1.03768082885004	0.21486438547514	3.52137210714883	0.00445291880203708	0.028759531789488	-2.00853045978535	CRKL
0.313022078314124	-0.0636549538368808	0.689699110465129	0.096035908675858	1.81827707845156	0.0950055452743996	0.202658693902512	-4.87614968125424	CRMP1
0.6563159484286	0.354413255724216	0.958218641132985	0.0489070564539	4.75663913226982	0.000517267620438783	0.0122738610371507	0.0820891254770579	CRYZ
-0.259362840785991	-0.817613207967882	0.2988875263959	-0.0899775421241845	-1.01787289998087	0.329795131103046	0.479642086074583	-5.88387569647295	CS
0.63042959726084	0.185910182475477	1.0749490120462	0.11998312630784	3.10552542465994	0.00954068995535062	0.0444079449307684	-2.74068960544021	CSDE1
-0.13114004889116	-0.828385030433969	0.566104932651649	-0.15464108199982	-0.412064080637921	0.6879131115313	0.784594734834289	-6.31897149656564	CSE1L
-0.01815530538798	-0.41505790494719	0.37874729417123	-0.05418693510035	-0.100094457576322	0.921985378792545	0.948042431419749	-6.4028638088776	CSNK1A1
-0.79784265991512	-1.67092857588603	0.0752432560557873	-0.1361109245752	-2.00205076855234	0.0695795189192366	0.161931865459162	-4.59762729853285	CSNK2A1
0.0788788198967	-0.283117736448175	0.440875376241575	0.01947344993205	0.476771403408979	0.642410110216269	0.754374002475587	-6.28915757004541	CSTB
1.40750316102372	0.589577666480519	2.22542865556692	-0.01252262732836	3.77007898057976	0.00290085858704342	0.0233674328247815	-1.58824615955705	CSTF2
-0.527204640610016	-1.49992773058643	0.445518449366393	-0.244589085570408	-1.18742124298889	0.259146647527901	0.409939950401019	-5.7056014123802	CSTF3
0.523906779550968	-0.00572942851339608	1.05354298761533	0.098144824344336	2.16716094573809	0.0521354349667035	0.133389548930587	-4.33635596081862	CTBP1
0.12126170075668	-0.427121928190223	0.669645329703583	-0.10021025795282	0.484455609324916	0.637210549268699	0.750314265013065	-6.2852352143303	CTDSPL2
-0.23583889918504	-0.568482776325776	0.0968049779556957	0.03677544869212	-1.55127980366108	0.147765930303201	0.272489820933066	-5.25526274196768	CTNNA2
-0.1677874837684	-0.717425235157656	0.381850267620856	0.03364211165	-0.668802398336718	0.516898441429404	0.656421929982774	-6.17605747947048	CTNNB1
0.809391832696184	0.382299242645777	1.23648442274659	-0.021856038911052	4.14946738474751	0.00147558673251499	0.0173018520762686	-0.933681578333736	CTNNBL1
-0.4137994138702	-1.02314768965797	0.195548861917567	-0.07254453648392	-1.48778131266035	0.163862196662909	0.294170374436784	-5.33992842144772	CTNND1
0.16513771260622	-0.196688667502929	0.526964092715369	0.00134319869059	0.998620025257628	0.338422818087806	0.489905180295544	-5.90291648709973	CTPS1
0.01612909109434	-0.374140686810863	0.406398868999543	-0.04538349192351	0.0904272256670223	0.929495544782928	0.951730194306347	-6.40383725790507	CTPS2
-0.13431886747692	-0.755527038147512	0.486889303193672	-0.15641086635354	-0.473712316907792	0.644622436223294	0.755752297677471	-6.29057325660088	CTSA
-0.233468907090388	-0.64702432753823	0.180086513357454	-0.101570663035506	-1.23594221601496	0.241123352174088	0.387608451985298	-5.65072774678869	CTSB
0.2346443386119	-0.204117038409988	0.673405715633788	0.00655556987004999	1.17098139244647	0.265321343148337	0.415571758546913	-5.72391834732212	CTSD
0.43700296176132	-0.178442922887242	1.05244884640988	0.16493188717692	1.55564079395449	0.147026077738709	0.271538009901525	-5.24952654560769	CTSL
0.044780343783536	-0.401913000851919	0.491473688418991	-0.073021890877928	0.219516500400885	0.830100964403292	0.884819533834173	-6.38271983754562	CUL1
-0.5830420740758	-1.37216888681039	0.206084738658787	0.0025675744589	-1.61870575499995	0.132745562041596	0.252216939191783	-5.16321562320974	CUL2
0.045352668235038	-0.226370573534235	0.317075910004311	-0.032285064408753	0.365199596513567	0.721556281167463	0.806945369768736	-6.33804909848311	CUL3
0.1003005488377	-0.351617703209459	0.552218800884859	0.03347407146145	0.486003947490796	0.636106810576331	0.750200522684026	-6.28449367965946	CUL4B
0.054139180219724	-0.259020090719988	0.367298451159436	-0.014681760034582	0.378268898955492	0.712085179974784	0.800042175957259	-6.33297338321536	CUL5
-1.0593299572322	-1.84455116824334	-0.274108746221062	-0.2816022537871	-2.95565708815892	0.0125906967988754	0.0532664556433044	-3.00462105436428	CXADR
0.8981215762736	0.547879502610371	1.24836364993683	-0.0137537604602	5.61075167332154	0.000131178237706508	0.00782740514972634	1.40809824815264	CYB5A
0.04857501594232	-0.266259232348904	0.363409264233544	0.0246210921383	0.337586612287638	0.741725224141658	0.824852860061762	-6.34819929339228	CYB5R1
-0.773613820302088	-1.87587909329082	0.328651452686646	-0.401147315023416	-1.53763377292732	0.151341232265134	0.27600493737242	-5.27377063805599	CYB5R3
-0.1371137403728	-0.51975945896276	0.24553197821716	-0.0029686974278	-0.78404024041463	0.448783349494276	0.595196872385179	-6.09167251524702	CYC1
0.459846357680404	0.107324191884287	0.812368523476521	0.036476819009242	2.85417471582919	0.0149946369812603	0.0598414854297828	-3.17517657181472	CYCS
-0.274705537908384	-0.695619526461621	0.146208450644853	-0.074186693640888	-1.42881792268984	0.179643469928879	0.313228190778548	-5.41629144353272	CYFIP1
-0.78025641218752	-1.48455918052485	-0.0759536438501865	-0.2105765705883	-2.42712847726945	0.0328138539609066	0.0962804344041118	-3.90935991989252	CYFIP2
-1.0686743221866	-1.49193320031254	-0.645415444060665	-0.1040626014517	-5.52767030354356	0.000151928354219368	0.00782740514972634	1.26958301559065	CYP4X1
0.13753535926894	-0.225032659394493	0.500103377932373	-0.02389399941511	0.830001937680225	0.423346589809098	0.57188465690177	-6.05459400523932	CYP51A1
-0.88006688513342	-1.41078049260453	-0.349353277662315	-0.03186302711871	-3.63304077046536	0.0037020295512742	0.0270285301352227	-1.82491930494229	DAAM1
-0.66792852682716	-1.23275409525241	-0.103102958401909	-0.11335585495336	-2.59077954265751	0.0244277803513365	0.0790012511214336	-3.63317300157406	DAP3
1.1217678967664	0.509184412800362	1.73435138073244	-0.0764669697736	4.01192253145079	0.00189485930044121	0.0196041604401097	-1.1743358308695	DARS
-0.35925211313158	-0.782564258347868	0.0640600320847078	-0.04561881035307	-1.85798171743786	0.0889365317072256	0.192416698430995	-4.81723016171665	DARS2
0.71548982832922	0.0927099621931338	1.33826969446531	0.02516544322429	2.51700289515919	0.0279113185604944	0.0861951918505309	-3.75826231813812	DBI
0.38773141027214	-0.0466471988059941	0.822110019350274	0.01092749338481	1.95447832724988	0.0754152424186937	0.172719598492587	-4.67070669113838	DBN1
-0.08989817916856	-0.506445130120492	0.326648771783372	-0.0105457463392	-0.472486897289186	0.645416635774939	0.755871521403804	-6.29122555966423	DBT
-0.06468609276452	-0.660716945873689	0.531344760344649	-0.09387036785658	-0.237769964434374	0.816267028395536	0.87649332168591	-6.37831390422678	DCAF7
0.14842274774734	-0.151378203823384	0.448223699318063	0.01701652916611	1.08323253029977	0.300781116946203	0.449729574173672	-5.81797496540302	DCAKD
-0.18492529426266	-0.630748139997548	0.260897551472228	-0.00354100555606999	-0.90828727055405	0.382392061086415	0.5333941657199	-5.9870475051849	DCLK1
0.48955285764988	0.177602512021209	0.801503203278551	0.00681585478544001	3.43374746766488	0.00521198894109934	0.0308340700770186	-2.16105921966227	DCTN1
0.34746939369712	-0.218517431803097	0.913456219197337	-0.07097021853816	1.34500856240586	0.204695895746406	0.344261279209865	-5.52112708255019	DCTN2
-0.44517888562946	-0.733978729387518	-0.156379041871403	-0.07895616192433	-3.37280969346743	0.00582090917811841	0.0327141387998756	-2.26777299051294	DCTN4
-0.4466962380102	-0.870055651625413	-0.0233368243949866	-0.00557724466950001	-2.30996770292402	0.0403415981431972	0.110496497799999	-4.10250914204379	DCTN5
-0.08634680111454	-0.938758039855023	0.766064437625944	0.29970514920271	-0.221927898477569	0.828284579042085	0.8841785995349	-6.38215004634473	DCUN1D1
-0.479387426495862	-1.19365745661724	0.234882603625519	-0.108205429519069	-1.47041195777333	0.168428266377377	0.300082060250404	-5.36263904747299	DCX
-0.948868825166	-1.67030067658618	-0.227436973745825	-0.1851639969474	-2.88154681983978	0.0144080814925656	0.0579242023909222	-3.13326720066752	DCXR
-0.10679249079064	-0.488145346174693	0.274560364593413	-0.06529678456998	-0.612728310202793	0.551918881270901	0.68612694636354	-6.21287263485382	DDAH1
0.34290098331962	-0.0906633314356128	0.776465298074853	-0.07348553478507	1.73174325750681	0.110051620859549	0.223481570545484	-5.00313872891131	DDAH2
0.1581262965453	-0.195708205018993	0.511960798109593	0.01055966652291	0.977818287034414	0.348183321582195	0.4993982858173	-5.92291818248344	DDB1
-0.80213182217238	-1.41920767958047	-0.18505596476429	-0.13878714059415	-2.84788209762003	0.0153179820844113	0.0603515600308429	-3.19157908198725	DDOST
0.31525213529	-0.619328163327112	1.24983243390711	-0.1452730495599	0.739020065069654	0.474794419881787	0.618422564798294	-6.1259741865603	DDT
1.13895425948448	0.608704648576665	1.6692038703923	0.13273670991014	4.70587881889053	0.000580147345170323	0.0133311753105981	-0.0232274164500765	DDX1
1.0822254344168	0.62795095483113	1.53649991400247	-0.0361545100746	5.21669884700833	0.00024939257929642	0.00926108531767927	0.792580339311155	DDX17
0.08917829652668	-0.491277571462589	0.669634164515949	-0.12247736096154	0.33659276847706	0.742521411360343	0.825317841649505	-6.34850038587527	DDX18
0.9126839848386	0.359699125133357	1.46566884454384	0.1032299187655	3.61594656415314	0.00381682707588409	0.0272277190965996	-1.85453091526522	DDX21
-0.244981177737042	-0.991080871959217	0.501118516485133	-0.164858561208293	-0.719367264620305	0.48635948744285	0.627724112382049	-6.14045131167155	DDX39A
-0.642995579692232	-1.39846330284942	0.112472143464952	-0.132212452645484	-1.86469105744732	0.0880858992220029	0.191334843782719	-4.80759984937779	DDX39B
0.9249436161385	0.462194967107837	1.38769226516916	-0.07948336413755	4.37779748096555	0.00100152739200937	0.0152211294937552	-0.555378796137999	DDX3X
0.61665536394466	-0.0886603377817823	1.3219710656711	0.03421853483507	1.91546303891694	0.0807730685389007	0.180109916874791	-4.73084551154727	DDX3Y
0.050033095756252	-0.430335095515878	0.530401287028382	0.000150555113754002	0.228190704065572	0.823528061099011	0.880701684925766	-6.38066481906406	DDX42
0.792304882697	0.181945484577289	1.40266428081671	0.0127134661851	2.84394708193846	0.0154280091897206	0.0603515600308429	-3.19838926817107	DDX5
-0.210591293466886	-1.15295320730415	0.731770620370375	-0.185433035248297	-0.489595594661122	0.633678888681839	0.74895561125742	-6.28264071177227	DDX6
-0.11138048135072	-0.460121868965687	0.237360906264247	-0.01325355362878	-0.698811160715754	0.498487953810087	0.638240001857724	-6.15537855113578	DECR1
1.07748181558646	0.5302803758552	1.62468325531772	0.07821248059019	4.31397409503052	0.00112356233728728	0.0153296036393634	-0.665883878108763	DEK
0.15005725064462	-0.396701684766967	0.696816186056207	-0.01291167829671	0.601278826262702	0.559387578886307	0.691474000401363	-6.21985521300058	DERA
-0.49758230669556	-1.0561405346261	0.0609759212349781	-0.06463125231538	-1.95169203747304	0.0759010203402617	0.173136810243251	-4.67545064859904	DGLUCY
-0.9657131717987	-2.01583009796017	0.0844037543627666	-0.27813226562121	-2.01476923738054	0.0680622665486115	0.158909013770715	-4.57782636134694	DHCR24
-1.2554379621356	-1.81313007844692	-0.69774584582428	-0.168451283721	-4.93191481084144	0.000399997130130837	0.0111734568271003	0.337625513146623	DHCR7
-0.03356499152588	-0.739565989148998	0.672436006097238	0.06128088842956	-0.104158817792657	0.918848151821098	0.946153545012008	-6.40242047154692	DHODH
-0.61343613291466	-1.41808218546358	0.191209919634259	-0.09724952713067	-1.67024154982161	0.121994783917821	0.238206273070306	-5.09112389105483	DHRS7
0.227652860458599	-0.785080188171986	1.24038590908918	-0.0963302999019597	0.492484927948004	0.63169778714107	0.748171862645571	-6.2811707526004	DHX15
0.602207231702316	0.125331823979231	1.0790826394254	0.072150979215242	2.76626250432383	0.0177503981943696	0.0655212627518292	-3.33200924944919	DHX30
0.05324608406476	-0.564575257267429	0.671067425396949	0.02510921189262	0.188816343165521	0.85354689217164	0.901447927242715	-6.3893208368354	DHX36
0.61702909884664	0.118972882315622	1.11508531537766	-0.17410054334322	2.71420155749336	0.0195307259417505	0.0684785656623216	-3.42213352686953	DHX8
0.4382472237158	-0.0821506012262114	0.958645048657811	0.0705575497215	1.84500911330147	0.0910801594216539	0.196276394883979	-4.83706812182207	DHX9
0.720800688931382	0.178302048014473	1.26329932984829	-0.066307080953029	2.91092726159586	0.0136581651736159	0.0562561784415159	-3.08230873400351	DIABLO
0.80644504003478	0.383639334043956	1.2292507460256	-0.01554793000541	4.17577191750481	0.00140659488779656	0.0170793775364142	-0.887642463499604	DICER1
0.460713954754712	-0.229519743376582	1.15094765288601	0.189329733493786	1.46234560270659	0.170585346461185	0.302262833867506	-5.3731249943776	DIP2B
0.76563812612428	0.223052400769253	1.30822385147931	0.05778291807146	3.0915053514157	0.00983472660442414	0.0454856105454616	-2.76808239268499	DIS3
0.12539882400298	-0.358462291013625	0.609259939019585	-0.12886857289293	0.567789761051338	0.581156835287773	0.70875160415263	-6.23995848718086	DKC1
0.02512621696926	-0.613672656356397	0.663925090294917	0.05724686965107	0.0861743029246696	0.932818591218704	0.953323801959658	-6.40423066649212	DLAT
-0.10193710394256	-0.546484872344121	0.342610664459001	0.05420413526612	-0.502114872786806	0.62507496202201	0.743212768025081	-6.27625236949255	DLD
0.80308152946138	0.22218754391328	1.38397551500948	0.13556533538489	3.02884864979413	0.011021240574258	0.0490007498444098	-2.87727135499654	DLG3
-0.70950117334066	-1.2071573917916	-0.211844954889716	-0.13305964522677	-3.12347833326214	0.00927972075674556	0.0435647965848937	-2.712322230391	DLG4
0.039029682069924	-0.260024993843915	0.338084357983763	-0.021157934131562	0.285560839215628	0.780266313354642	0.849960759507577	-6.36519493250603	DLGAP4
-0.037823120809806	-0.332061042910549	0.256414801290937	-0.011644652586997	-0.281263222492861	0.783479250873054	0.853035014790961	-6.36647393367673	DLST
-0.6780026093399	-1.30144351522863	-0.0545617034511674	-0.03984589503185	-2.38259861971732	0.0355430208601864	0.101425378480767	-3.98363456406453	DMTN
-0.234659685782172	-0.627809628403462	0.158490256839118	-0.027629411961094	-1.3059739115958	0.216950485757401	0.357913827996926	-5.56851752004832	DMXL2
0.163671014286546	-0.159021788686037	0.486363817259129	0.037546073833587	1.10977957524621	0.289645428025224	0.439094423179906	-5.79016736749133	DNAJA1
0.150598124989302	-0.148584566439062	0.449780816417666	-0.029711092996391	1.1013803739183	0.293134162425546	0.441928091557297	-5.7990240268367	DNAJA2
0.100301289689736	-0.868824431264044	1.06942701064352	0.157762831214108	0.226746823677526	0.824624023815055	0.880701684925766	-6.38101086840638	DNAJA3
0.39618376752726	-0.163694075510309	0.956061610564829	0.05056300331085	1.55030879807775	0.148292573451902	0.273183702823208	-5.25672427040434	DNAJB1
-0.54192271770536	-0.863426467623603	-0.220418967787117	-0.00817341486811999	-3.68812428499492	0.00329550656893882	0.0254154031841043	-1.71725261223398	DNAJB11
0.41006349218636	0.0400622591926282	0.780064725180092	0.10301568079876	2.42494653574435	0.0327281209538613	0.0962804344041118	-3.91005098954002	DNAJB6
-0.06920504274612	-0.622514232645778	0.484104147153538	-0.07799548319754	-0.274021521004752	0.788955909112017	0.856434982392607	-6.36855212569541	DNAJC10
-0.37752753473146	-0.840791400951395	0.0857363314884755	-0.09175899006103	-1.78486663845508	0.100745512868973	0.211468706339392	-4.92594278285069	DNAJC11
-0.347121400084664	-0.745414611892645	0.0511718117233166	-0.089284254627032	-1.90707994626944	0.0816757902957898	0.181751529271875	-4.74273494123653	DNAJC13
0.12284938076388	-0.331694379443661	0.577393140971421	-0.01189526732086	0.591825454971489	0.565438232660179	0.695409386984321	-6.22569075838374	DNAJC19
0.44284735316402	-0.225544562279981	1.11123926860802	0.13829798016563	1.45156898388861	0.173503796726314	0.305697165660649	-5.38707332957838	DNAJC3
0.303327709686712	-0.363400651375601	0.970056070749025	-0.093103830562376	0.996731012933352	0.339523526078849	0.491172867746937	-5.9045316665924	DNAJC5
0.20016890372514	-0.332965033030501	0.73330284048078	0.06698547818115	0.822574225067981	0.427573575125732	0.576524468498747	-6.06051562884587	DNAJC6
1.2972418412682	0.787659630825872	1.80682405171053	0.00311053022629999	5.57726788043265	0.000143921325672463	0.00782740514972634	1.32507641281113	DNAJC8
0.61770765579576	0.117393587860796	1.11802172373072	0.10026316438078	2.70492410524599	0.0198624470570483	0.0689343750803441	-3.43806474968761	DNAJC9
-0.45044075060036	-0.736824041640194	-0.164057459560526	-0.04083814818022	-3.44147192669163	0.00513958251693489	0.0306549416242319	-2.14753994969142	DNM1
0.04806941441934	-0.271949702060357	0.368088530899037	0.01413156999873	0.328660221056479	0.748289364111796	0.828354808243434	-6.35131339587237	DNM1L
-0.53608556550476	-0.936856845078455	-0.135314285931065	0.01095878044898	-2.92703514994534	0.0131337985082739	0.0548204247486845	-3.04872062296413	DNM2
-0.97714732322606	-1.95228243534808	-0.0020122111040386	-0.29280977637831	-2.19538183760023	0.0496022012841816	0.128753395247763	-4.29084908458825	DNM3
0.107878409180834	-0.33994515609869	0.555701974460358	-0.095587193941803	0.527493507915533	0.607891665785361	0.731951189415027	-6.26274800644266	DOCK7
-0.9216698482682	-1.55368540830658	-0.289654288229822	-0.19195347156976	-3.19493792314395	0.00815084013923803	0.040904101204498	-2.58763617238949	DPM1
0.1322375054916	-0.274918541733596	0.539393552716796	0.04742112609216	0.710863647060854	0.491300478461491	0.631630709353024	-6.1467326696787	DPP3
-0.112408305941654	-0.431608414835658	0.20679180295235	-0.024122268970013	-0.770530093918363	0.456444184093004	0.602065047658627	-6.10221210852578	DPYSL2
0.265599169030161	-0.158062976719372	0.689261314779695	0.122156568152977	1.37249219776225	0.196077357017786	0.334142755948342	-5.48727313756728	DPYSL3
0.372088825571642	0.0225391123620083	0.721638538781276	0.038893650294339	2.32912024742564	0.0388816444531642	0.108012740018436	-4.06977149372116	DPYSL4
-0.03787196266946	-0.33767349102058	0.26192956568166	0.000848200059490003	-0.276400104749499	0.787120016764753	0.855718623803514	-6.36789816478669	DPYSL5
-0.003325591616574	-0.372277266743949	0.365626083510801	-0.063716079601993	-0.0197221230218383	0.98460133794553	0.991261271040107	-6.40795396596797	DR1
-0.44441556002875	-1.48088232234624	0.592051202288738	-0.220865264795395	-0.939395967264063	0.36695099002389	0.517811254830092	-5.95871105100484	DRAP1
0.50047565928942	0.114574098316922	0.886377220261918	0.04506005619825	2.8376619600479	0.0154540046316981	0.0603515600308429	-3.20386638327354	DST
-0.69052038431536	-1.07634050859211	-0.304700260038606	-0.15246480309104	-3.91602864818117	0.00219602265508194	0.0207528894201033	-1.32321490954969	DSTN
-0.03966657172484	-0.471794106376259	0.392460962926579	-0.00647604019798001	-0.200993045972692	0.844218328122022	0.893757812943925	-6.38682535444211	DTYMK
-0.15875305517118	-0.651443565734589	0.333937455392229	-0.09690932984799	-0.705931740220996	0.494364602840282	0.634449105232413	-6.15014386553445	DUSP3
-0.05783826938144	-0.485349836777935	0.369673298015055	-0.04776199105348	-0.296225876841296	0.772342629290573	0.843638984550006	-6.36191737794877	DYNC1H1
1.02515022587116	0.510320131340894	1.53998032040143	0.05667222419884	4.36252974172763	0.00103409549428481	0.0152211294937552	-0.585159030204576	DYNC1I2
-0.19777885638788	-0.572169567315697	0.176611854539937	-0.01795558770582	-1.155870100609	0.271064102517385	0.421589182049153	-5.74061403338902	DYNC1LI1
0.000516471660046038	-0.363892431100628	0.36492537442072	-0.047304149234883	0.00310107129193429	0.99757857564191	0.997862150674222	-6.40815455619017	DYNC1LI2
0.00328288125785997	-0.53498927964574	0.54155504216146	-0.07313097166807	0.0133618954848379	0.989569396332408	0.994451231300339	-6.40806514804326	DYNC2H1
0.47978215057486	0.116457578946326	0.843106722203395	0.09209199932207	2.88937259907042	0.0140603487598913	0.0571578051077147	-3.11394838178938	DYNLRB1
0.595994467738194	0.121117276610196	1.07087165886619	0.008973397269297	2.74908344016331	0.0183060490878823	0.0669381995960586	-3.36139535055615	DYNLT1
0.23853633483334	-0.0561448747326556	0.533217544399335	-0.00390419499319	1.77115402902705	0.102866964635687	0.213661830446913	-4.94558468561887	EBF3
-0.3177800622189	-0.709002189289841	0.0734420648520412	-0.05047421621693	-1.77728661030628	0.101811683065406	0.212520001895077	-4.93660545511667	ECH1
0.02563060959758	-0.651474717144413	0.702735936339573	0.14960395150393	0.0829311179720363	0.9353405574035	0.9545808493744	-6.40452074722293	ECHS1
0.161821090230608	-0.233441463134893	0.557083643596109	-0.075667025043948	0.895859423254438	0.388614171897652	0.541036184472305	-5.99821626874457	ECI1
-0.21890803862212	-0.878157667049606	0.440341589805366	0.0104063679931	-0.727489335018142	0.481559025285318	0.623143658682779	-6.13451122736996	ECI2
0.477727602695426	0.00105609657270717	0.954399108818145	0.089099264826839	2.19539915837651	0.0495729212246573	0.128753395247763	-4.29060882119059	ECM29
0.6639905739658	0.068041172320649	1.25993997561095	0.0409568584505	2.44099753549088	0.0320061182950467	0.094931190540879	-3.88614359724843	EDF1
-0.91092708442056	-1.36415136253786	-0.45770280630326	0.05760383103174	-4.40115656651075	0.000958411109026619	0.0152211294937552	-0.51351330034489	EDIL3
0.71611023076814	0.0475135735245817	1.3847068880117	0.10626243870927	2.34655367266895	0.0379116049734981	0.106264783044936	-4.04344335090005	EEA1
0.038058752306062	-0.327667470367282	0.403784974979406	0.017957028151449	0.227694572909039	0.82386079623921	0.880701684925766	-6.38080758650176	EED
0.01971037156358	-0.389719496490759	0.42914023961792	-0.00357893053067	0.105373120713357	0.917891640640588	0.945614653854839	-6.40228964358387	EEF1A1
0.00375685042559997	-0.348350959198998	0.355864660050198	-0.02543791437874	0.0233454623873077	0.981772817859571	0.989555870296113	-6.40787145265162	EEF1A2
0.95477553678746	0.0572668561957678	1.85228421737915	0.08997368322031	2.3306520441177	0.0390042428460441	0.108166629176684	-4.06973505555918	EEF1B2
0.702225231077	0.131710108859372	1.27274035329463	0.0489469093377	2.69664690389523	0.020163099225832	0.069645641787961	-3.45226977241698	EEF1D
0.2186292079731	-0.235847404896141	0.673105820842341	0.00359140601537001	1.05339926538667	0.31382095969829	0.462573365983368	-5.8484425210419	EEF1E1
0.3577842066067	-0.181508784350353	0.897077197563753	-0.10507962211495	1.45348717761322	0.172981246958046	0.305022667293549	-5.38459569758963	EEF1G
0.08203818954534	-0.356241223286331	0.520317602377011	-0.01145074871999	0.409857891009024	0.689449075995906	0.784706638633505	-6.31994813415896	EEF2
0.068795910122332	-0.221079953556814	0.358671773801478	0.021373303406454	0.519283828588835	0.613359697717231	0.736099076479777	-6.26724980888971	EFTUD2
0.195666993648376	-0.240570050704547	0.631904038001299	0.067049430798368	0.982117239866277	0.34627268754633	0.497311366390551	-5.91869259650398	EHD1
-0.1643588533382	-0.667641047954641	0.338923341278241	-0.08179737280328	-0.71547811083039	0.48866850056656	0.629358900729676	-6.14327413829964	EHD3
0.531567749890595	0.0342911322652513	1.02884436751594	0.114625542138818	2.34193803821946	0.0382256826713098	0.106982904194191	-4.0510808514228	EIF1
0.73370624805458	0.220644533379729	1.24676796272943	-0.000697705944730014	3.13305070869158	0.00911978449336279	0.0431854437071822	-2.69562407037046	EIF2A
1.2049657088886	0.628416444739436	1.78151497303776	0.1101818402267	4.57881482763832	0.000717205877230666	0.014233276636314	-0.229307324005184	EIF2AK2
0.236507169728216	-0.221494648517098	0.69450898797353	0.072278081903732	1.13091296406305	0.281184988932049	0.430571461871031	-5.76750540553274	EIF2B3
0.15017458959384	-0.209342513713234	0.509691692900914	-0.0279639972248	0.913968296169433	0.37940122406058	0.530004741533394	-5.98207626486632	EIF2S1
1.0145938800376	0.528291378750076	1.50089638132512	0.1592230985818	4.5708876832052	0.00072681055526955	0.0142939409203011	-0.242238718623061	EIF2S2
0.84212853965884	0.289259320027277	1.3949977592904	0.1747195147274	3.33711204784823	0.00630090969306845	0.0346470676573512	-2.33954373743749	EIF2S3
0.61580951476944	-0.00467725301495592	1.23629628255384	-0.0347065176139	2.174346157797	0.0514790569899862	0.132522147888137	-4.32479150548122	EIF3A
0.326763747764798	-0.129578778111879	0.783106273641475	0.122165232111033	1.56812029352249	0.144004442610018	0.267712915421188	-5.23256242620488	EIF3B
0.7448490990526	0.0612443127299058	1.42845388537529	-0.0336900487465	2.38714069672216	0.0352548872227917	0.100866866064684	-3.97607767332878	EIF3C
0.35913726227032	-0.233090461791956	0.951364986332596	-0.02397265439624	1.32857644480809	0.209896669225367	0.349507573546129	-5.54115235002107	EIF3D
0.468965445465738	-0.015528412542157	0.953459303473633	0.041026974311203	2.1206421198352	0.0565805148451402	0.139231477819482	-4.41085370791937	EIF3E
0.488569756423654	-0.160765901455377	1.13790541430269	-0.040333315944507	1.64843619546298	0.126445917531073	0.24362880668167	-5.12179328848627	EIF3F
1.06046402615268	0.501559295228985	1.61936875707637	-0.0111729996499578	4.1569324732183	0.00147237545941212	0.0173018520762686	-0.928938574113067	EIF3G
0.378700433141056	0.00566248368341588	0.751738382598696	-0.031719134959642	2.22124784742121	0.0471379748609694	0.123829361157035	-4.24692408470885	EIF3H
1.05697477725276	0.30253833800506	1.81141121650046	0.1537221250341	3.06942327514843	0.0102374598838357	0.0466563150864579	-2.80657801346627	EIF3I
0.9989853936386	-0.0292487765249833	2.02721956380218	0.0165880722651	2.12854051498269	0.055801374565151	0.137643390594039	-4.39825127481433	EIF3J
0.07873984925428	-0.777494143944737	0.934973842453297	-0.2527833013938	0.201473034744772	0.843868683024308	0.893757812943925	-6.3867153364175	EIF3L
0.16202991626874	-0.27542972514117	0.59948955767865	-0.05537929002157	0.811008711965729	0.433840852267344	0.582098697295398	-6.07003479984579	EIF3M
0.271342195537	-0.470893754446005	1.01357814552001	-0.1237035628145	0.800921891106289	0.439504550163375	0.587531189838731	-6.07807943732197	EIF4A1
-0.22145809842096	-1.07533902002778	0.632422823185857	-0.09700882437204	-0.568210259716346	0.580880719925032	0.70875160415263	-6.23971279029364	EIF4A2
-0.38437948236678	-0.904225885551023	0.135466920817463	-0.08698161542809	-1.61994387829307	0.132477804928379	0.252135177121754	-5.16149979236014	EIF4A3
0.217044971681058	-0.261812713454899	0.695902656817014	0.019048305023231	0.993020197742845	0.341252414612471	0.492694458398826	-5.90811987590279	EIF4E
-0.300286957416558	-1.25083357256099	0.650259657727879	-0.233974623352621	-0.69211436743802	0.502680153548837	0.642477034658731	-6.15993750511271	EIF4G1
0.21114532561326	-0.425519454200158	0.847810105426678	0.00180705698229	0.726583382109034	0.482093024871289	0.623465090813996	-6.13517680290854	EIF4G2
0.084400644360754	-0.427498615596047	0.596299904317555	0.001732753860147	0.361223565805689	0.724519076477033	0.809843903711912	-6.33950211046373	EIF4G3
1.1261052387835	0.28863698876924	1.96357348879776	0.25152770080289	2.9459504822239	0.0128150158185472	0.0539020800229067	-3.0214897767165	EIF4H
0.191750941695816	-0.298418102249993	0.681919985641625	0.098482383381552	0.857050553827008	0.409022816623334	0.558928372828997	-6.03169645033148	EIF5
0.82998445324	0.222287094685741	1.43768181179426	0.045702970882	2.99224688637084	0.0117799043616615	0.0513744540997732	-2.94098807846789	EIF5A
0.57119831215554	0.105494426616988	1.03690219769409	0.00608329657017001	2.68635015954731	0.0205032850145116	0.0705972731651084	-3.46891246799569	EIF5B
0.321178291520737	-0.558284811589473	1.20064139463095	-0.331264824639278	0.800098349648797	0.439962593877135	0.587783563300971	-6.07873924680274	EIF6
-0.31964532756524	-0.823102298191184	0.183811643060704	-0.12758068787088	-1.39097978052542	0.190709277184014	0.326524197719766	-5.46417234744231	ELAC2
0.9451038174984	0.501198009746856	1.38900962524994	-0.0770422943238	4.66206065193294	0.000616686882680831	0.0134311692199802	-0.0849897070318377	ELAVL1
0.50929825304853	0.12745431858102	0.891142187516041	-0.017470172037879	2.91837115073446	0.013334395174475	0.0554456850778648	-3.06343438390106	ELAVL2
1.7829843848954	0.895912052897291	2.67005671689351	-0.0772749877983	4.40355394387761	0.00096430660443728	0.0152211294937552	-0.517188750505964	ELAVL3
0.465410967254632	0.131304568694912	0.799517365814352	-0.021599661333284	3.04793747262184	0.0105223123361049	0.0476867360570807	-2.83712156956216	ELAVL4
0.5298352050106	0.103765529424937	0.955904880596263	0.09123018728622	2.72280011560609	0.0191503074470472	0.0680829830580107	-3.40521369511699	ELMO1
-0.70183977158446	-1.6219812051478	0.218301661978875	-0.21297439468647	-1.67108369834878	0.121825694676074	0.238089070257716	-5.08993457714946	ELMOD2
-0.148451040417878	-0.753687389969583	0.456785309133827	-0.049700489218319	-0.537369554733599	0.601314880177176	0.726838529029222	-6.25727624111762	ELOB
-0.288181743030702	-1.3141309840002	0.737767497938797	-0.105229144475491	-0.615397041627917	0.55034633846088	0.684952141881471	-6.21105664207377	ELOC
-0.43732725603112	-0.847819514682747	-0.0268349973794926	-0.08158735551582	-2.33208470313146	0.0387525852218755	0.107937532801331	-4.06570673275452	EMC1
-0.67842556567224	-1.14908756034702	-0.207763570997459	-0.01220409209864	-3.1570999383561	0.00870670400725425	0.0421435362479735	-2.6520205416904	EMC10
-0.63022710922536	-1.31453887004124	0.0540846515905167	-0.15870517030002	-2.01770602708671	0.0677163301895875	0.158440245234587	-4.57324601236063	EMC2
-0.81112989240998	-1.3955616439582	-0.226698140861764	-0.22822391885749	-3.04068491008775	0.010786561542575	0.0482521800152483	-2.85665498463787	EMC3
0.48545376098212	-0.286447165808036	1.25735468777228	0.09812848047674	1.37784740476631	0.194621117479078	0.332439670936484	-5.48058065398125	EMC7
-1.38289743438375	-2.15887160563561	-0.606923263131881	-0.270169134919874	-3.90442891171235	0.00228798713161816	0.0210516452698728	-1.35764725139317	EMC8
-0.371032881668908	-0.873465836385569	0.131400073047752	-0.08499534489989	-1.61789039623131	0.132922151367293	0.252320918638956	-5.16434513285667	EML4
0.12797413586719	-0.789148762601617	1.045097034336	0.078324023461995	0.305709886370465	0.765320167261803	0.839966779855463	-6.3589022771075	ENDOD1
0.329256647420068	-0.0758392944429044	0.73435258928304	0.110772999306218	1.77896441278545	0.101595811848071	0.212520001895077	-4.93428803254347	ENO1
-0.45799713806102	-0.74306033783882	-0.17293393828322	-0.04681019244089	-3.51540885041905	0.00449636721751915	0.0288785057386122	-2.0182463917452	ENO2
0.61978124281474	-0.0173080443894637	1.25687053001894	0.18076875946217	2.13134100769339	0.0555275587737062	0.137595329542844	-4.3937782615164	ENO3
0.7700316892084	-0.234948476682888	1.77501185509969	0.09513714163772	1.67867229284051	0.120311384397096	0.236399416866661	-5.07920163737626	ENOPH1
-0.32786128258232	-1.31228595645881	0.656563391294171	-0.21986435742012	-0.729663224209199	0.480279152526133	0.62222515724899	-6.13291106389372	ENPP4
-0.247318112418972	-0.818303351261115	0.323667126423171	-0.122454174556086	-0.948955521523374	0.36227163961996	0.514199602919618	-5.94986642910994	EPB41
-0.5084504942734	-1.00380344404054	-0.0130975445062606	-0.0539650394923	-2.24878913958028	0.045125085900942	0.120041948245513	-4.20411779937061	EPB41L1
-0.30560123357358	-0.735596043745715	0.124393576598555	0.08483263293289	-1.5561813047864	0.146768356701014	0.271291551802129	-5.24872614885328	EPB41L2
-0.106207339778886	-0.532818265742444	0.320403586184672	-0.084927441277023	-0.545102446465125	0.596104113427623	0.721768569695889	-6.25301301669406	EPB41L3
-1.0321917618574	-1.4517379110024	-0.612645612712401	-0.0831269105597	-5.3862124963814	0.000189503857716687	0.00844259023256177	1.05667576339079	EPDR1
-0.24701323102118	-1.00155622014937	0.507529758107006	0.00760495990419	-0.717217773083548	0.487634824321984	0.628398359796276	-6.14201318030477	EPHB2
-0.791591507433168	-1.41088333187542	-0.17229968299092	-0.064066339038656	-2.80040338780327	0.0166993118819562	0.0638434287886348	-3.27366079420363	EPHX1
-0.19751194209744	-0.833485867290131	0.438461983095251	-0.1268504302788	-0.680407142907995	0.509791085604628	0.649186929453623	-6.16809643340384	EPM2AIP1
-0.06440007376584	-0.703385331161553	0.574585183629873	0.20556054134142	-0.220805731050809	0.829137612634043	0.884224430083105	-6.38241184148153	EPN1
0.498798886869028	0.0973648752615271	0.900232898476529	0.120794603605882	2.71910014630689	0.0192068990842877	0.0680829830580107	-3.40958571558143	EPRS
-0.5308259420536	-0.860119927738048	-0.201531956369152	0.0345875994861	-3.527138989863	0.00440215168821576	0.028759531789488	-1.99775451984616	ERAP1
0.104781743174598	-0.480859911734682	0.690423398083878	0.107437973971501	0.391984121401342	0.702278369563696	0.793300552372426	-6.32739416361957	ERC1
-0.45775061423468	-1.13957889458522	0.224077666115865	-0.14069063418056	-1.47085120282067	0.168311474410649	0.300082060250404	-5.36206693213593	ERGIC1
0.3508501572722	-0.1195485326227	0.8212488471671	0.0200935908661	1.63361919363731	0.12948863814949	0.248107117568836	-5.14243390282337	ERH
0.0872255860428	-0.366241916403588	0.540693088489188	0.03842021493716	0.421205560938468	0.681381878089181	0.78111192314871	-6.31503095071382	ERI3
-0.64531069013656	-0.999804310659818	-0.290817069613302	0.05585274211404	-3.98304000954213	0.00195090556278242	0.0197267509166318	-1.20820515735224	ERLEC1
-0.30461130778053	-0.695788223940416	0.086565608379356	-0.029842959591975	-1.70383304084018	0.11511421744107	0.230295004714358	-5.04299164516384	ERLIN2
-1.1806995557667	-2.33454216624858	-0.0268569452848235	-0.26058203634375	-2.24185562981676	0.0456837566542206	0.120735642586154	-4.21542118977884	ERMP1
-1.271835317701	-2.2090219961615	-0.334648639240501	-0.1783839278443	-2.97316895169623	0.0121958997542998	0.0521010746842199	-2.97417487450486	ERO1A
0.218302008644894	-0.332844924480821	0.769448941770609	0.056528905752153	0.867771038243279	0.403366731085273	0.554999341015559	-6.0225236272479	ERP29
-0.62758563725348	-1.11086205550226	-0.144309219004704	-0.04736358488036	-2.84506509005566	0.0153966687250354	0.0603515600308429	-3.19645450095139	ERP44
0.01632928105196	-0.298179409352591	0.330837971456511	-0.03036438860336	0.113602698335312	0.911501704484877	0.940363053350891	-6.40133922230587	ESD
0.514189230017954	0.0999394488569547	0.928439011178953	0.035385138385557	2.71746226432752	0.0193212977754892	0.0681899787517534	-3.41396752897386	ESYT1
0.118023621703779	-0.329657859559431	0.565705102966989	0.0804335716229314	0.577283754687128	0.574890924437581	0.703976848505756	-6.23442014145561	ETF1
-0.101805458119612	-0.660777847767588	0.457166931528364	0.091853287961278	-0.399020787034728	0.697230195087167	0.790320722648574	-6.3244891091844	ETFA
-0.119385340292688	-0.525983384947024	0.287212704361648	0.069443612961984	-0.642652671198113	0.533021555866849	0.671094938017052	-6.19364433926657	ETFB
-0.8388589368395	-1.28171990342309	-0.395997970255914	0.02681777997295	-4.1477327041452	0.00148211009540185	0.0173018520762686	-0.937631428407497	ETHE1
1.03561647814432	0.373667875179129	1.69756508110951	0.37616647964144	3.42759497123418	0.00535181186095549	0.0312379820654167	-2.18182562496643	EVL
1.1473932353665	0.447340512731575	1.84744595800142	0.29935657980955	3.59084245250179	0.00399207730265411	0.0275781795939681	-1.89804958667242	EWSR1
-0.04605197544158	-0.475580951993194	0.383477001110034	-0.04678572899261	-0.234760000482542	0.818526791638967	0.877565776836872	-6.37907392749449	EXOC1
0.463679528046394	0.113798144778904	0.813560911313884	0.042129804739587	2.89968832643929	0.0137976918558621	0.0565903437805721	-3.09598578529808	EXOC3
0.0938888963615	-0.360950607309179	0.548728400032179	0.01440125498299	0.452014562217007	0.659678382680891	0.765584763068811	-6.30103611573824	EXOC4
0.41813915445408	-0.0272526595391073	0.863530968447267	-0.1317533747605	2.05573833643069	0.0632744575127101	0.150959716666936	-4.51310219451015	EXOC7
-0.4996658393119	-0.959899046446796	-0.0394326321770042	-0.01877172113495	-2.37776747367127	0.0357937236874156	0.102007439699254	-3.99095427384604	EXOG
0.8354165509378	-0.101502905178182	1.77233600705378	-0.0377129615189	1.9535099711861	0.0756638501384223	0.172957261625315	-4.67265769051785	EXOSC4
-0.33714042843634	-0.758838847543703	0.0845579906710232	0.00187249600357	-1.75029678597566	0.10666038976951	0.219246356748437	-4.97622318110639	EXTL2
0.19466679654984	-0.18898603337942	0.5783196264791	-0.03924504933382	1.11021658156671	0.289464781617401	0.439094423179906	-5.78970508221093	EZR
-0.62201651338544	-1.00034960458881	-0.243683422182074	0.07434269293964	-3.59734275160805	0.00387898334358336	0.0272277190965996	-1.8752519734645	F5
-1.0740510962766	-1.52525653616485	-0.622845656388347	-0.0940341395935	-5.21251100589614	0.000251063448954091	0.00926108531767927	0.786126572918124	FAAH
-0.08879263135002	-0.473344763739438	0.295759501039398	-0.02280404581219	-0.505214650256776	0.622901054740311	0.742336734145909	-6.27469800443653	FABP3
-0.13470720992086	-1.0274834842147	0.758069064372985	0.19546773884909	-0.330569678657853	0.746948562381871	0.828130376678326	-6.35060610267516	FABP5
-0.9299661582682	-1.33860808453033	-0.521324232006069	-0.0315067930987	-4.98122237050913	0.000360437465983303	0.0111727312916823	0.434141510170164	FABP7
-0.3407904886852	-0.909209862703936	0.227628885333536	0.074058769767	-1.3135100745043	0.214760116208691	0.355889014048533	-5.55935632475806	FADS1
-0.96531788427524	-1.73864769148812	-0.191988077062358	-0.0932702831944	-2.73476754517594	0.0188147837724348	0.0680829830580107	-3.38678251230848	FADS2
0.371393771566384	-0.22235900515319	0.965146548285958	0.128302659543648	1.37038872688032	0.196872489706639	0.334713897998126	-5.48985097601646	FAHD1
-0.000452169718948024	-0.334515150300311	0.333610810862415	-0.053229226843494	-0.00296160651398751	0.997687474238755	0.997862150674222	-6.40815500329689	FAHD2A
-0.774734966457036	-1.41305048892652	-0.136419443987556	-0.169836880222322	-2.65908712236499	0.0215847985677929	0.0732808946710604	-3.51662253374301	FAM20B
-0.52118952030968	-0.95151127385638	-0.0908677667629801	-0.00404134816616	-2.65198264825833	0.0217858365838516	0.0736199400349042	-3.52692553600787	FAM210A
0.00980579393671994	-0.49064485919093	0.51025644706437	-0.02064695211214	0.0429275711812073	0.966499852542174	0.979057623248058	-6.40718441561898	FAM213A
-0.9574061122152	-1.45958592642584	-0.455226298004559	-0.1108807494888	-4.17687769731681	0.00142243733349031	0.0170793775364142	-0.895367777847023	FAM234B
-0.71695458887012	-1.10023700065515	-0.333672177085094	0.12076808170568	-4.09286096114442	0.00160864482903508	0.0180085726245312	-1.02068400362464	FAM3C
-0.00824186286119	-0.360057352132613	0.343573626410233	0.014452226118061	-0.0512583545916793	0.959994657083768	0.975183032300542	-6.40677045287104	FAM49B
1.43789429072456	0.650230784333663	2.22555779711546	0.07323263043614	3.99945716468048	0.00193661593541982	0.0197267509166318	-1.19553476493942	FAM98B
0.09037122043058	-0.219498227704764	0.400240668565924	0.06317062326439	0.638124797940954	0.535828445828728	0.673022725687062	-6.19663905870526	FAR1
1.62454320004456	0.788812884167656	2.46027351592146	0.09816106147068	4.25872819670885	0.00123525076721966	0.0161470205080271	-0.758087415053577	FARSA
0.41952472417596	-0.0780096355682738	0.917059083920194	0.13451317827138	1.84735047620767	0.0907191589614564	0.195691624518636	-4.8335711448161	FARSB
-0.39487948345305	-0.910951626887334	0.121192659981234	-0.087081978852995	-1.67636647679705	0.12076973534841	0.237086629735233	-5.08246592010177	FASN
-0.543104779296638	-0.952706111731847	-0.133503446861429	-0.002119932420021	-2.90226334079778	0.0137735366961542	0.0565903437805721	-3.09317617337679	FASTKD2
1.041291329686	0.606788106407365	1.47579455296463	-0.066526115265	5.24744087921701	0.000237045133842215	0.00926108531767927	0.84133745448162	FAU
0.089904525256662	-0.595945228229775	0.775754278743099	-0.157351114774271	0.287188721364121	0.779106367277384	0.849120918505507	-6.3646686067423	FBL
0.425755036412	-0.134974952721415	0.986485025545415	0.0717333898757	1.66349241573221	0.123357427102307	0.239581195164	-5.10064236826809	FBLL1
-0.8483631517142	-1.46660563296373	-0.230120670464672	-0.1541552253893	-3.00633773670896	0.0114818181895881	0.0504322114846497	-2.91646544289953	FDFT1
-0.14934163633946	-0.815966280878342	0.517283008199422	-0.11181183710107	-0.490811076631748	0.63284511605019	0.748495906077124	-6.28202334001391	FDPS
0.53418708951152	-0.127567904541797	1.19594208356484	0.01506454157244	1.76852406970112	0.103615349917055	0.214603708604299	-4.94998928028607	FEN1
-0.493427742196774	-0.879638743663206	-0.107216740730342	-0.072085792193553	-2.79545918587518	0.0166925995341206	0.0638434287886348	-3.27708017533323	FH
0.436422467565318	-0.021637246814851	0.894482181945487	0.045423147170661	2.08658978205263	0.0599819420190294	0.144591086807148	-4.46452897703631	FHL1
-0.0209604303094	-0.46652110987994	0.42460024926114	-0.0535419051903	-0.103010753884937	0.919731351702115	0.946616473722638	-6.40254822545318	FIS1
-0.9702872378364	-1.26685601842411	-0.673718457248688	-0.0061041084998	-7.15861689329681	1.41129327570283e-05	0.00593306760264962	3.52040044244219	FKBP10
-0.254883635514333	-0.705299962057951	0.195532691029285	0.0067076095318717	-1.23915090382963	0.240021214770706	0.386405834693548	-5.64700761846895	FKBP1A
-0.207183566368354	-0.546846206653737	0.132479073917029	-0.076503860932013	-1.33463268565154	0.207687285028099	0.347418653805625	-5.53388352514548	FKBP2
0.69035475504379	0.127098761329464	1.25361074875812	0.0188017515748949	2.68522890553262	0.0205852227075376	0.0707677813709521	-3.47185134913511	FKBP3
0.69968645153662	0.268202079606264	1.13117082346698	0.07165538329211	3.55064046755748	0.00425895109774219	0.0285444384087555	-1.96294862220502	FKBP4
0.11660045244386	-0.633397289942809	0.866598194830528	0.09657872554861	0.340608196203854	0.739575306220194	0.823300812584744	-6.34707586674674	FKBP7
-0.38457795443326	-0.860018851037825	0.0908629421713053	-0.09714315597557	-1.77189462724721	0.102997857999683	0.213730346020255	-4.94500279412679	FKBP9
-0.1634224217984	-0.733492740146622	0.406647896549822	0.0451324381882	-0.628055506488766	0.542309867105959	0.677654516252036	-6.20300571533095	FLII
-1.19153564538194	-1.86028157231145	-0.522789718452435	-0.35115620949863	-3.9035586053175	0.00229149379385526	0.0210516452698728	-1.35913592991887	FLNA
-0.258096874202	-0.834362562672065	0.318168814268065	0.0145697262342	-0.981238992217682	0.346783702818988	0.497717832514037	-5.91943749586817	FLNC
-0.40928504506588	-1.10194212808951	0.283372037957751	-0.10153342759292	-1.29456067838118	0.221007454711868	0.362478793114957	-5.58203633282809	FLOT1
0.66470793000168	-0.013048731768998	1.34246459177236	0.17041885397876	2.14868068462185	0.0538602408018643	0.135145868586747	-4.36602953183628	FLOT2
1.53801990157256	0.7732479904668	2.30279181267832	-0.10621492986796	4.40600353663163	0.000960298268314158	0.0152211294937552	-0.513137037631116	FMC1
0.00206746176746001	-0.302049331384325	0.306184254919245	-0.01759683410393	0.0148748062676281	0.988385678856272	0.994306883383983	-6.40804264270482	FMNL2
0.53110496507126	-0.0126485597962931	1.07485848993881	0.09217269174623	2.13989808972306	0.0546987380526741	0.136465537335986	-4.38009577526027	FN3K
0.1215035917195	-0.172508287892834	0.415515471331834	0.00403819907729	0.904229082211116	0.384330133275878	0.53575522410041	-5.99079860219102	FNBP1L
0.34240402674518	-0.242959820410475	0.927767873900835	0.05140238979927	1.28152706302512	0.225389693538326	0.368282710324975	-5.59749492603163	FRG1
-0.32254975329122	-0.622840754602353	-0.0222587519800874	-0.05951469836031	-2.3502206035717	0.037437652949218	0.105726256647015	-4.03478010246663	FSCN1
0.038927735396	-0.293692551650263	0.371548022442262	-0.05242713146782	0.2560735008293	0.802393749518904	0.86414679585583	-6.37358559290794	FTH1
0.07453015779734	-0.843797517049434	0.992857832644114	-0.21213766562947	0.177807134536851	0.861985791658862	0.907415259662351	-6.3914506184753	FTL
0.48305490918182	-0.104664739798203	1.07077455816184	0.03885030785621	1.80069892135372	0.0981632572006663	0.208251108327555	-4.90280251538524	FTO
1.46521443080136	0.636108220241829	2.2943206413609	0.173536557965541	3.87173686699435	0.00242360180597971	0.0216140503701391	-1.41361534214834	FUBP1
-0.33852804282778	-0.979937523581598	0.302881437926038	-0.16538264451341	-1.1563094907194	0.271145768024283	0.421589182049153	-5.73994486420778	FUNDC2
1.7072872540576	0.908984513044896	2.5055899950703	0.2484900280974	4.68547680699899	0.000600154954041446	0.0133687578027804	-0.0561630806472042	FUS
0.41279962738878	0.0169353073853232	0.808663947392237	0.00244838523973	2.28183034937696	0.0423299751418209	0.115219869993261	-4.14794945930359	FUT11
0.0583068542442441	-0.56781469769242	0.684428406180908	0.103693483639542	0.20402142327763	0.841923182011241	0.893494558255002	-6.38617043404418	FXN
-0.46010357310316	-0.781248340396308	-0.138958805810012	-0.09725371795756	-3.1347938724857	0.00897866897032293	0.0428784636635984	-2.68501807350368	FYN
0.511766301155	-0.331743677662182	1.35527627997218	-0.0164416832823	1.3292181878955	0.20969153756223	0.349432539311716	-5.54037361728972	G3BP1
-0.0134490394982201	-0.676155635214862	0.649257556218422	-0.02369537394443	-0.0444615696642073	0.965303581733848	0.978299776659698	-6.40711347803691	G3BP2
2.1339793791758	0.522307562899278	3.74565119545232	0.07451050270392	2.90087103715175	0.0139103507120172	0.056653536575249	-3.09975727495352	G6PD
0.0461773261945199	-0.622859792151325	0.715214444540365	-0.01040103212282	0.151214481277638	0.882441775839994	0.922081372176105	-6.39607010267887	GAA
-0.70059760986314	-1.16204462545541	-0.239150594270872	0.11596172335389	-3.32526974746409	0.00641522270184606	0.0351771359343979	-2.3580166683327	GABARAPL2
-0.56314630524158	-1.00071505293835	-0.125577557544807	-0.07376165783695	-2.81801465709532	0.0161051858606363	0.0623541306843193	-3.24092673241953	GABBR1
-0.5033185157432	-1.16252643680747	0.15588940532107	-0.0815128962626	-1.67276643240142	0.121488452401379	0.237642734401622	-5.08755708953158	GABBR2
-0.541240257480584	-1.00826696141977	-0.0742135535413937	-0.128153248707608	-2.53824737436614	0.026815837635135	0.0842287389316543	-3.72151516798468	GABRB3
-0.3349025712178	-0.775532866002087	0.105727723566487	-0.06093401365018	-1.66423472782613	0.12307787689764	0.239251117780542	-5.09944790460471	GADD45GIP1
-0.80353812361336	-1.29378678718542	-0.313289460041302	-0.11387211694578	-3.59091299764536	0.00399157343439162	0.0275781795939681	-1.89792724327054	GALC
-1.05217333715126	-1.51592942572524	-0.588417248577283	-0.16266191633273	-4.9691629113032	0.000373618591064043	0.0111727312916823	0.402343004144289	GALNT1
-0.10995786668882	-0.5695165356177	0.34960080224006	-0.00034911486977	-0.524026218476017	0.610240334210401	0.733969503901546	-6.26461530609974	GALNT16
-0.64801174875712	-1.01999367150547	-0.276029826008767	-0.08906178781344	-3.81166986171463	0.00264293972030874	0.0226256368997411	-1.50313050444078	GALNT2
-0.490720541799382	-1.07808075410919	0.0966396705104293	-0.097580921167545	-1.83039376964185	0.0933633538900345	0.200011974035275	-4.85884417695357	GANAB
0.24798332764332	-0.243807837093525	0.739774492380165	0.08441560783554	1.10473108937958	0.291983380099651	0.441107071804524	-5.79529405287784	GAP43
0.32696827950909	-0.102433518831263	0.756370077849443	0.0959377251675051	1.66728586258373	0.122459747605403	0.238564548025913	-5.09514266948328	GAPDH
-0.28832257004134	-1.59923008059201	1.02258494050933	-0.29256825558807	-0.481860585180582	0.638997147599682	0.751579080393376	-6.28653512865604	GAR1
0.077164207192884	-0.319328093031634	0.473656507417402	0.046186009409098	0.425864614773499	0.678032915724855	0.779024134224925	-6.3130174595655	GARS
0.07341711746998	-0.238447869005587	0.385282103945547	0.05047790751337	0.515092164750817	0.616194727177873	0.738283803199395	-6.26948928146932	GART
0.30203136548212	-0.0668880214361799	0.67095075240042	0.03199484525702	1.79132670811716	0.099432363610378	0.210330280776604	-4.91598335537071	GATD1
-0.33989616523278	-0.870552247033565	0.190759916568005	-0.09173164182933	-1.40329162620742	0.187101717432573	0.323135323698819	-5.4486902012158	GBA
0.330142765579716	-0.625673205600024	1.28595873675946	0.229212846507142	0.756732378775448	0.464519461481811	0.610429620353351	-6.11262384790437	GCLC
0.61712101086686	0.173937061507385	1.06030496022633	-0.04993225647463	3.04912717466345	0.010572780692454	0.0476867360570807	-2.83917468639235	GCN1
0.18231702689612	-0.170074540572952	0.534708594365192	-0.0114036051657	1.13202483796515	0.280558829652869	0.430571461871031	-5.76645077341979	GDAP1
0.5794014069264	-0.0122726359777566	1.17107544983056	-0.0216256898162	2.14541762128424	0.0541703449694778	0.13545688782173	-4.37125839270884	GDAP1L1
-0.24177255182832	-0.734147561895319	0.250602458238679	-0.05296341191232	-1.07578579766478	0.304201382088228	0.453910879766646	-5.82546869269974	GDE1
-0.81846596517432	-1.46622623970544	-0.170705690643201	-0.12408391070826	-2.76822335942697	0.0177052412221781	0.0655212627518292	-3.32917674546198	GDI1
-0.6946508213578	-1.00387685747946	-0.385424785236141	-0.0539394154175	-4.91524005848742	0.000397850335217469	0.0111734568271003	0.336702141771847	GDI2
-0.37853662945234	-1.00007711646985	0.243003857565166	-0.17750184665473	-1.33429943425678	0.208073139644093	0.347531494906699	-5.53419809986999	GDPD1
-0.4294920273127	-0.814170463618597	-0.0448135910068037	-0.02959658266045	-2.44293267117151	0.0316831830830198	0.0942294123572645	-3.87985169090128	GFM1
0.18390722905898	-0.243157994361631	0.610972452479591	-0.04322360546745	0.942888127887962	0.365139300477934	0.516925481805012	-5.9555880575104	GFPT1
0.54939015364124	-0.0686132837806914	1.16739359106317	0.12928820858116	1.94762255659111	0.0764344247101462	0.173627834695369	-4.68169818736633	GGCT
-0.26384136090412	-1.08103720804358	0.553354486235339	-0.2058250400492	-0.70734541423541	0.493518558503068	0.633735890124822	-6.14913187879285	GGH
-0.365378942525328	-0.752004735588288	0.0212468505376321	-0.035221612437028	-2.06779234850439	0.061797416441486	0.14824589021073	-4.49324324418499	GGPS1
-0.5691541030204	-1.15950698344351	0.0211987774027111	-0.1452150291496	-2.11219008336699	0.0574256276944444	0.14038090174353	-4.4243179676263	GGT7
-1.00060005146894	-1.60792863449556	-0.393271468442323	-0.12852989473515	-3.60953797028405	0.00386080069742321	0.0272277190965996	-1.8656368512205	GHITM
-0.8969601505528	-1.50111607249986	-0.292804228605737	-0.1860358033344	-3.25266193303457	0.00734108828499806	0.038528983942327	-2.486892439843	GK
0.410183733396618	0.0081829761209537	0.812184490672282	-0.013984138362791	2.2329116542675	0.0461989726938499	0.121802363998399	-4.22816013800963	GLA
0.20394899728258	-0.145367901188955	0.553265895754115	-0.02873695340861	1.2774861849368	0.226489522580125	0.368975095367471	-5.60239557207061	GLB1
-0.121236309576458	-0.7127200701903	0.470247451037384	0.038776009980577	-0.449060336473763	0.661781433411864	0.765823902358459	-6.30238684902757	GLDC
-1.1260868954704	-1.6233276093584	-0.6288461815824	-0.115086587438	-4.96158045474132	0.000381146315432329	0.0111734568271003	0.384423599918145	GLG1
0.81571765769122	0.211359677420197	1.42007563796224	0.21287149993479	2.95706191042085	0.0125585587894782	0.0532336579367591	-3.00217923425256	GLO1
0.37731413785656	-0.146482607989424	0.901110883702545	0.0522698058055	1.57817477418507	0.141776789111219	0.264528829598112	-5.21893409655744	GLOD4
0.920956396416982	-0.0880488482316847	1.92996164106565	0.176921076908969	1.99967980115365	0.0698658230038277	0.162425017696865	-4.60131217745999	GLRX3
-0.9826798617522	-1.31234044221841	-0.653019281285991	0.0559164568203	-6.52227746673691	3.39499554073323e-05	0.00621639195785531	2.69695428542874	GLS
-0.5461193021459	-0.938815329302449	-0.153423274989351	-0.02749548763727	-3.04288298869302	0.0106199552430065	0.0478007470009962	-2.84596540688721	GLUD1
-0.361564438098864	-1.04394187874183	0.320813002544102	-0.010054330330992	-1.16084935069122	0.269368333722922	0.420022194655099	-5.73497780188639	GLUD2
0.46785594992988	-0.224860756728544	1.1605726565883	-0.03979612090094	1.47969194592127	0.16597541657319	0.297230791123277	-5.35052754089317	GLUL
-0.25167498328194	-0.892455400342024	0.389105433778144	-0.15704299223441	-0.860489613402896	0.407202565992434	0.557024541020995	-6.02876473514245	GM2A
-0.12498717008388	-0.848281832742132	0.598307492574372	0.14038395687954	-0.378586383278468	0.711931226627684	0.800042175957259	-6.33278626352011	GMPR2
0.6020680647309	-0.00150698699554852	1.20564311645735	0.06175299037817	2.18539087958643	0.0504853707192595	0.130580052464625	-4.30698598074978	GMPS
-1.3004827776032	-1.8276089835236	-0.773356571682798	-0.1152497808362	-5.40511343128496	0.000187952805883194	0.00844259023256177	1.0680252258966	GNA11
-0.72360349177062	-1.22993366771129	-0.217273315829947	-0.05488316683363	-3.13098983597779	0.00915398112081714	0.0432535514864585	-2.6992192213272	GNA13
-1.48088023717692	-2.22952520493292	-0.732235269420916	-0.16079315292596	-4.33369998500724	0.00108627959377145	0.0152211294937552	-0.633053412922221	GNAI1
-1.1251955528146	-1.65879098290026	-0.591600122728936	-0.17278516937976	-4.61988026980202	0.000669535009074191	0.0137886313661222	-0.162457313025333	GNAI2
-1.5799094399204	-2.50833783691152	-0.65148104292928	-0.409824917708	-3.7281947752897	0.00312477081745889	0.0246259014242338	-1.66043927117493	GNAI3
-0.9116928700078	-1.35566502815822	-0.467720711857384	-0.0988788465475	-4.49657717140137	0.000814659774476058	0.0146337268084883	-0.355566870358704	GNAO1
-1.07669545772428	-1.60398784588728	-0.549403069561282	-0.10681137601546	-4.47359015222629	0.000856302267117852	0.0149544627929462	-0.401655785715657	GNAQ
-1.0530002517366	-1.48836039864532	-0.617640104827877	-0.1832902016733	-5.29600161127161	0.000219462868891203	0.00903938571300936	0.915770142515728	GNAS
-0.6613630104344	-0.992270335369027	-0.330455685499774	0.0280797858208	-4.37308334004864	0.000989634626684373	0.0152211294937552	-0.548278313608727	GNAZ
-0.45641861685202	-1.50128981180332	0.588452578099277	0.20191701786139	-0.957007648453865	0.358363218124538	0.51031109273703	-5.94235748333303	GNB1
-0.57555203898412	-1.13634413966466	-0.0147599383035804	-0.01220000130294	-2.24852398288064	0.0451463305128567	0.120041948245513	-4.20455030625468	GNB2
0.0035216909112003	-1.13294282932562	1.13998621114802	0.00746226149979999	0.00678906817006338	0.994700169646341	0.996526145175751	-6.40813524709055	GNG2
-0.0108967151815801	-0.809072271010892	0.787278840647731	0.18403519005219	-0.0299096954511281	0.976654831790596	0.986141303329728	-6.40768619041418	GNPDA1
0.6821325917345	0.150908101075103	1.2133570823939	0.06342888215515	2.81323185448332	0.01631431407387	0.0628115478364342	-3.2515022798187	GNS
-0.200935519792558	-0.927516242960486	0.52564520337537	0.034951394556879	-0.605881452747266	0.556431098286273	0.689013178057618	-6.21700781767933	GOLM1
-0.58655634439118	-0.94745481717765	-0.22565787160471	-0.07024631451449	-3.55614061809843	0.00417778419877561	0.028288859269132	-1.94711785496465	GOLPH3
-0.352426667647225	-0.821354460916516	0.116501125622066	-0.0312307141810876	-1.64610693555814	0.126866617981741	0.244223833381076	-5.12498953078811	GORASP2
0.09621314889858	-0.355233049532026	0.547659347329186	0.07232806470661	0.466686026711114	0.649454647153548	0.759762370633504	-6.29403700485163	GOT1
-0.695430431426724	-1.28553616778009	-0.105324695073362	-0.041225821119402	-2.58189555339942	0.0248235686779897	0.0798083216849065	-3.64828173299405	GOT2
0.12765512665782	-0.303412796109796	0.558723049425436	0.08703066280189	0.648426654243886	0.529456463341891	0.668423245903941	-6.18979523229137	GPAA1
-0.692729718337812	-1.14088488565718	-0.244574551018442	-0.013754436308854	-3.38479039849699	0.00574780245208106	0.0325063542821061	-2.25266974101101	GPD2
-0.0715839487021791	-0.650812291567428	0.50764439416307	0.107345738460914	-0.270757603457286	0.791403452084483	0.856961178522037	-6.3694869793281	GPHN
-0.3675543925313	-0.808515560323639	0.0734067752610386	-0.10304944359847	-1.8251212541261	0.0940735380793732	0.201335817281639	-4.86637493800981	GPI
-0.795962861063928	-1.75509389465663	0.163168172528769	-0.278268878028984	-1.81814985659455	0.0953160367765433	0.202999910520189	-4.87701603026063	GPS1
-0.1034787373443	-0.451629269055038	0.244671794366438	-0.00324194677595	-0.650336742445522	0.528187608731114	0.667264785798624	-6.18861480961291	GPX1
-0.36505046033778	-0.974090770030796	0.243989849355236	-0.09489884657007	-1.31317219265716	0.21487023385981	0.355889014048533	-5.5597628375154	GRB2
0.022801373251756	-0.621699001468194	0.667301747971706	0.029312696726278	0.0775090911630484	0.939558467459425	0.95843744601118	-6.40498088951895	GRHPR
-0.77846261828408	-1.27010565313959	-0.286819583428565	0.09455898676762	-3.46898711406398	0.00496755439874561	0.0306332521255979	-2.10976190878368	GRIA4
-0.0144995769574	-0.558343310373423	0.529344156458623	-0.1095591138579	-0.0584111850849135	0.954429585936128	0.970433062924344	-6.40635415601261	GRID1
0.332282732763132	-0.122135392477335	0.7867008580036	0.145247916044454	1.60121075005609	0.136464737842778	0.257034100699555	-5.18728460197821	GRPEL1
-0.32785378941306	-0.829316072141065	0.173608493314945	-0.05762778120625	-1.43237505547246	0.178806587075987	0.312044120859889	-5.41174223002924	GRSF1
0.42882477319978	-0.268567297358227	1.12621684375779	0.19469413253557	1.34715533818039	0.204024355672151	0.343396429014884	-5.51849779703398	GSN
0.22588714615508	-0.329292001232513	0.781066293542673	0.07322017658154	0.891401145549036	0.391088348967008	0.543441034879044	-6.00195436294155	GSPT1
0.02837466528432	-0.266358609849904	0.323107940418544	0.00966034201486	0.210647258041609	0.836829628846694	0.889605887534567	-6.38474217917227	GSR
0.26536434888368	-0.1700464939184	0.70077519168576	-0.00738315000354	1.33447868265625	0.207893140279436	0.347496726822366	-5.53402003316227	GSS
-0.115775193064984	-0.746281832043683	0.514731445913715	-0.072336321976908	-0.40229132250546	0.694889034221487	0.789663072204845	-6.32312178580663	GSTA4
-0.347476913488028	-1.54467645358451	0.849722626608449	-0.348997214282506	-0.635878628270791	0.537376602118047	0.674579138829038	-6.19795379398962	GSTM2
0.25076456784044	-0.104116594595697	0.605645730276577	0.03149996125938	1.54609956669868	0.149003898828691	0.274196102296585	-5.26225083609839	GSTP1
-0.22031404513086	-0.694197190617336	0.253569100355616	-0.04860646729147	-1.01835201191739	0.329541481940166	0.479592703383588	-5.88343706839449	GSTZ1
0.915966323325138	0.456192668782871	1.37573997786741	-0.023089305057009	4.36317968292558	0.0010259968921472	0.0152211294937552	-0.579044709691853	GTF2I
-0.0612901671996798	-1.65450059730935	1.53192026291	-0.33806879528876	-0.0842815434129215	0.934290348054577	0.953955018616998	-6.40440131110133	GTF3C4
-0.20402604802826	-0.856492840522339	0.448440744465818	-0.15107980834477	-0.685081151814228	0.506944952986021	0.646414037598413	-6.16485438802761	GTF3C5
-0.238386325792254	-0.562145908265072	0.0853732566805641	0.009739375426527	-1.61106455169313	0.134112281277981	0.253697669003321	-5.17354054468442	GTPBP1
0.162944995259024	-0.562081733424498	0.887971723942546	0.093266773638792	0.492381609172211	0.63176857709841	0.748171862645571	-6.28122345918765	GTPBP10
1.0649781996134	0.457304798351865	1.67265160087494	0.1179023089417	3.83959401042045	0.00256504916383024	0.0222202473200056	-1.46873643450576	GTPBP4
-0.174783867506814	-0.845366738680768	0.495799003667139	-0.076741942264167	-0.57103628312136	0.57902685732091	0.707348647819227	-6.23805709653223	GUK1
0.33951620669578	0.0336941774514595	0.645338235940101	0.00861847363117	2.42910326431249	0.0324837008419381	0.0958269174837173	-3.90307758228987	GUSB
-0.06434459374478	-0.400286848030971	0.27159766054141	0.01982945166135	-0.41908456344948	0.68283579563389	0.78111192314871	-6.31600441483739	GYS1
4.3897645411806	2.90342797338525	5.87610110897595	-0.4057688789267	6.47051544590457	3.85002400983161e-05	0.00621639195785531	2.5834794869607	H1F0
2.1881393080564	1.18540324661814	3.19087536949466	-0.0110176046482	4.78082832652593	0.000512454570347229	0.0122738610371507	0.0972530466313524	H1FX
1.2644956272752	0.770028200802037	1.75896305374836	0.0476177946184	5.6026624705119	0.000138413707177794	0.00782740514972634	1.36259717364012	H2AFY
0.9784593603786	0.558630292272767	1.39828842848443	-0.1002976252315	5.10238377783419	0.000297783752295121	0.0103184433533373	0.620043459849657	H2AFY2
0.08242633854796	-0.479860826516026	0.644713503611946	0.10182272474738	0.321160890241356	0.753883268064709	0.832436608085614	-6.35382085065831	H3F3A
0.13173184842154	-0.554227401604624	0.817691098447704	-0.04859854056697	0.420733684646842	0.681749759463662	0.78111192314871	-6.31520884247708	HACD3
-0.2210305720189	-0.83543857502419	0.393377430986391	0.07523362477885	-0.788152574452788	0.446641613183281	0.593438004612966	-6.08824190592966	HADH
-0.301535388505872	-0.701378927912449	0.0983081509007046	-0.021034636755536	-1.65020774405601	0.125801887216105	0.242666844512412	-5.11901546542451	HADHA
-0.24859594365907	-0.666467374632761	0.169275487314621	0.014491915461035	-1.30242940124936	0.21824181144418	0.359292514617379	-5.57271178233923	HADHB
0.0935840161188801	-0.570127395780573	0.757295428018333	0.19878272125158	0.308913728056124	0.762943783020227	0.837779818075028	-6.35786884863594	HAGH
-0.292712545972174	-1.16810238879271	0.582677296848365	-0.243653447278893	-0.732579309956769	0.478565623483642	0.621111032143157	-6.13075777148011	HARS
-0.31652314757188	-0.965985641622303	0.332939346478543	-0.11527538149056	-1.06774172585291	0.307664440536438	0.456581559273314	-5.83373923678229	HARS2
-1.2441818585334	-2.18983389935561	-0.298529817711187	-0.0184934844707	-2.88248672112707	0.0143834663771601	0.0579242023909222	-3.13163794049682	HBA1
0.083734020898113	-0.2942715344771	0.461739576273326	-0.00998267232176351	0.484683234271347	0.636954409294816	0.750314265013065	-6.2852160782601	HBS1L
0.0485576427031642	-0.667082781145382	0.764198066551711	-0.0900370522695379	0.148654323808523	0.884416100985619	0.922446415887055	-6.3964756023575	HCCS
0.655762251415046	-0.115640698775877	1.42716520160597	0.165009293134017	1.86242988799092	0.0884252652845853	0.191690520472939	-4.81099359480616	HCFC1
0.746531678982708	0.23771732389993	1.25534603406549	0.149583876401046	3.21442798976377	0.00786778279989383	0.0401293688134772	-2.55362112544495	HDAC2
0.94743763386642	0.308170072283736	1.5867051954491	0.01861703135975	3.24700366606983	0.00741672158573448	0.0385998850586929	-2.49676744435118	HDGF
0.93531974501786	0.211526200818441	1.65911328921728	0.06868388820749	2.83113261093206	0.015791798106208	0.0614500806877935	-3.22055794541109	HDGFL2
-0.683229717819646	-1.34986698215915	-0.0165924534801419	-0.089568019197779	-2.24539099413626	0.0453980729264597	0.1202718364059	-4.209659234466	HDGFL3
0.54987518705128	-0.172496499551107	1.27224687365367	-0.02367855509406	1.66770112654643	0.12250611925655	0.238564548025913	-5.09470941097813	HDHD2
0.63966238894256	0.0752543054248832	1.20407047246024	-0.06797675142608	2.48297533474271	0.029677266896618	0.089855025846487	-3.81564655132614	HDLBP
0.31069749345262	-0.0383127167746267	0.659707703679867	0.00895796177919001	1.94784255861019	0.076126074219097	0.173167749163451	-4.68032656384232	HEATR1
0.391733122394424	-0.0670634464980109	0.850529691286859	0.059027801356148	1.86998363882209	0.0872210919145763	0.19040364364952	-4.79943538918365	HEBP2
0.41781595529298	-0.167307261524431	1.00293917211039	0.15308200641031	1.56441692121047	0.144961937176873	0.268634897162236	-5.23764519296697	HECTD4
-0.04058861470488	-0.529164876716253	0.447987647306493	-0.02890492314148	-0.18200640912841	0.858764744094245	0.904769998242151	-6.39065324904252	HEXB
-0.13610997982474	-0.463882626564929	0.191662666915449	0.03845486906083	-0.908597410757075	0.382113897408308	0.533346955270037	-5.98689634457705	HIBADH
0.01190342829648	-0.551106564003689	0.574913420596649	-0.0017578241285	0.0463202369423036	0.963854240902172	0.977738758312938	-6.40702419097075	HIBCH
-0.241428359888066	-1.17214332848134	0.689286608705206	-0.160601927742773	-0.56831144240954	0.580814289945284	0.70875160415263	-6.23965364374407	HINT1
-0.4534964865486	-0.787564290881876	-0.119428682215324	-0.06027362135792	-2.97025364383421	0.0121277273074325	0.0520134159373773	-2.97291968238257	HINT2
-0.73949255363488	-1.28593520621397	-0.193049901055788	-0.01860947069504	-2.96485889611193	0.0123816755491587	0.052666549282821	-2.98862479555291	HINT3
0.19976411931962	-0.297725235095644	0.697253473734884	-0.11709611883393	0.879728188456966	0.397121219125845	0.547640948421807	-6.0121753646472	HIP1
3.3234850731432	2.10862786445696	4.53834228182944	0.2108574462774	5.99353867904646	7.67896617796597e-05	0.00728834050717379	1.92720456595398	HIST1H1B
3.0158507989568	1.48932496346394	4.54237663444966	0.819010269531	4.32833142910772	0.00109629677810379	0.0152211294937552	-0.641983664847838	HIST1H1E
1.14419936803534	0.581703504319057	1.70669523175162	-0.27405220650511	4.45653359945612	0.000881384346653466	0.0150317345995665	-0.429733114475318	HIST1H4A
1.66284943008602	0.46950259063646	2.85619626953558	-0.15219037413363	3.05281898291057	0.0105511916472505	0.0476867360570807	-2.83551458752262	HIST2H2AB
-0.178878657252956	-0.526454506379327	0.168697191873415	-0.079928434917382	-1.12606424028224	0.282971813462189	0.43197725090067	-5.77284242132891	HIST3H2BB
-0.7319253223579	-1.18591874859822	-0.277931896117583	-0.02266677187187	-3.53031597186843	0.00442108557842795	0.028759531789488	-1.99887835434831	HK1
-1.591135149816	-2.34498017194321	-0.837290127688788	-0.2064958904958	-4.62423411448649	0.000664679228750464	0.0137886313661222	-0.155383493162208	HM13
0.9213175955467	0.521617455655231	1.32101773543817	0.10031384499455	5.04388853497155	0.000323092449769853	0.0108382261829701	0.538744314809627	HMGB1
0.78022558571434	0.352012239255359	1.20843893217332	0.01045724558977	3.98959024467576	0.00195189106641891	0.0197267509166318	-1.20560081843821	HMGB2
0.90278900467464	0.197045476146427	1.60853253320285	0.23410630180296	2.80255517460734	0.0166341096492808	0.0638176825384535	-3.26994507968184	HMGB3
-0.375938769324808	-0.757135888576866	0.00525834992724966	-0.00309166069629601	-2.15785241819885	0.0527431865997519	0.133883734811296	-4.34955461089625	HMGCL
-0.0769020800066001	-0.482674512601006	0.328870352587806	-0.00218885685608	-0.414807069220305	0.685897290904778	0.782760377017447	-6.31784421607172	HMGCS1
0.185410905264856	-1.58616539137089	1.9569872019006	-0.368854719513372	0.229292700013017	0.82269186514126	0.880360951766359	-6.38039924366043	HMGN2
0.98556789410192	0.415298052240126	1.55583773596371	-0.01065203781544	3.78635175100817	0.00281838544982505	0.0230639010985359	-1.56023466133696	HMOX2
1.3185733034574	0.687879240431214	1.94926736648359	0.2405702198003	4.58036777519106	0.000715339919497592	0.014233276636314	-0.226775045976749	HNRNPA0
0.5964465715608	-0.216502886398532	1.40939602952013	0.0869569599572	1.60739574953814	0.13521354208442	0.255338375752846	-5.17885192972453	HNRNPA1
0.66059615655652	-0.104383938008705	1.42557625112175	0.06463810668114	1.89191108947797	0.0840930883450414	0.185235498064471	-4.76658007316699	HNRNPA2B1
0.00913959727232793	-1.02626351781894	1.0445427123636	-0.223657630769036	0.0193389284665136	0.984904121340354	0.991261271040107	-6.40796170482401	HNRNPA3
1.47240503274844	0.654361762055897	2.29044830344098	0.1895824693499	3.94335459586424	0.0021366897273561	0.0205399956881253	-1.29113667831215	HNRNPAB
1.4528939232604	1.0841681908752	1.8216196556456	0.0366265971214	8.6215369474466	2.25501316242156e-06	0.00358398668127917	5.19457257569173	HNRNPC
0.93782818143536	0.45105765743274	1.42459870543798	-0.10170836399586	4.2209851267628	0.0013181588747698	0.016633183951575	-0.821292031885512	HNRNPD
1.87763521725733	0.674489716585108	3.08078071792956	0.0462504876082665	3.4190691619835	0.00543465666880279	0.0315485679782904	-2.19667664157104	HNRNPDL
0.9400711877606	0.498096040921086	1.38204633460011	0.0742174102225	4.65749205102435	0.000621414608895099	0.0134311692199802	-0.0924087653053682	HNRNPF
1.2879084001534	0.626142959005708	1.94967384130109	-0.1387466850219	4.26378902192962	0.00122455414192699	0.0161470205080271	-0.74962555974126	HNRNPH1
0.9314710582464	0.373764654226127	1.48917746226667	0.17976650150356	3.65913597959794	0.00353357950134859	0.0263269762847917	-1.77975110486326	HNRNPH2
0.8526502698588	0.167366931276891	1.53793360844071	0.00442931266326001	2.72593550197836	0.0191190066900099	0.0680829830580107	-3.40196980586937	HNRNPH3
0.364558803074314	-0.308820638919422	1.03793824506805	0.032381381920243	1.18610340082751	0.259646315844773	0.410313082129875	-5.70707051036284	HNRNPK
0.66193492235098	0.185012734262327	1.13885711043963	-0.04751385410751	3.04032574169259	0.0107797780045216	0.0482521800152483	-2.85652126487832	HNRNPL
0.67890172478754	0.132139192146844	1.22566425742824	0.11473003242097	2.7203387027772	0.019314304523007	0.0681899787517534	-3.41158935479097	HNRNPLL
0.68441311653246	0.304286055943732	1.06454017712119	0.00504467990091	3.93952417567261	0.0021066438491066	0.0205399956881253	-1.28284191034623	HNRNPM
0.8721222418878	0.450161508013353	1.29408297576225	-0.0961480772243	4.52489136895522	0.000773245954552984	0.0146337268084883	-0.305764476571391	HNRNPR
0.9866235716488	0.360668333359555	1.61257880993804	0.118461436812	3.45321026932059	0.00511057903413171	0.0306549416242319	-2.13722184535637	HNRNPU
0.8049390171108	0.378523738502656	1.23135429571894	-0.0630661906422	4.13319405485538	0.00151792692264217	0.0176257152772759	-0.961197737162427	HNRNPUL1
-0.0563026342838	-0.664234533092868	0.551629264525268	0.01771565026216	-0.202903060627225	0.842776832772582	0.893757812943925	-6.38641040206742	HNRNPUL2
1.04869561678846	0.527750595578348	1.56964063799857	0.02370776058077	4.41034309443482	0.000953239995754035	0.0152211294937552	-0.505961165155855	HOOK3
0.981746488799614	0.486133603872705	1.47735937372652	-0.0145314719536529	4.3398186609715	0.00107497908751476	0.0152211294937552	-0.622879794499696	HP1BP3
-0.57589785999278	-1.11560197485938	-0.0361937451261822	-0.03022197417741	-2.33778490617247	0.0385104292287548	0.107641827152845	-4.05794885145434	HPCA
-0.467051396768146	-1.04342244073097	0.10931964719468	0.054276183167293	-1.77532282070729	0.102441019449832	0.213271740868888	-4.94005749098969	HPCAL4
-0.57315501248048	-1.05324441032989	-0.0930656146310725	-0.07433318479384	-2.61556064693072	0.0233562060977959	0.0762131508392952	-3.59096634464275	HRAS
-0.9252036066914	-1.68377995457592	-0.166627258806875	-0.0787027833419	-2.67210078428889	0.0210813565381765	0.0722458419510822	-3.49434581748338	HS2ST1
-0.41786683051474	-0.779396586241766	-0.0563370747877142	-0.06165042111005	-2.52899566309246	0.027115449370491	0.084682440594824	-3.73448247403844	HSD17B10
0.9367500009088	0.576846790620164	1.29665321119744	0.1071258219386	5.69498015371268	0.000115217706825818	0.00782740514972634	1.53270421521063	HSD17B11
0.42744093533684	0.122614011502297	0.732267859171383	0.03903797555648	3.06815306035105	0.0101407227378421	0.0463121291562958	-2.80174077631645	HSD17B12
-0.78811216505306	-1.27804033199976	-0.298183998106363	-0.06990951953335	-3.52428026053291	0.00449779750395242	0.0288785057386122	-2.01360573589835	HSD17B4
0.306128012676026	-0.412148368993261	1.02440439434531	0.112286737047315	0.933740724686122	0.369739262018722	0.519755977640238	-5.96390740707226	HSD17B7
-0.8037518396898	-1.28409736935123	-0.323406310028373	-0.1493402243273	-3.66592049174881	0.00349108790723148	0.0261891577370664	-1.76801504827414	HSDL1
1.00286956296672	0.111849133533381	1.89388999240005	-0.06325718090335	2.46587810157199	0.0306051899663046	0.0915220954745793	-3.84439987550453	HSDL2
-0.220171332008436	-0.7997474010118	0.359404736994928	-0.084616330471438	-0.832271723667889	0.422300039960646	0.570894957085532	-6.05251479162332	HSP90AA1
0.16236340096561	-0.18088902816141	0.50561583009263	-0.009951493957071	1.034972364845	0.321847123185413	0.47153843618373	-5.86712038494218	HSP90AB1
-0.521234407616774	-1.02537302260171	-0.0170957926318389	-0.073936325015233	-2.26515501154659	0.0438321692001006	0.117839440103226	-4.17738721636599	HSP90B1
0.23973785397146	-0.0554239682159297	0.53489967615885	0.02305914358023	1.77717691756694	0.1018304727358	0.212520001895077	-4.93676621738201	HSPA12A
-0.507717302850712	-0.929089509969495	-0.0863450957319294	-0.114594214246624	-2.63790354251177	0.0223288397888648	0.0746460294932494	-3.55054228260423	HSPA13
-0.04192156511894	-0.350216925866493	0.266373795628613	0.03531570001051	-0.297525868932824	0.771343721503883	0.843608889801091	-6.3615334103582	HSPA2
0.18963222728758	-0.221333226428907	0.600597681004067	0.07710964566879	1.01007588632584	0.333210955950327	0.483321938099378	-5.89167666968009	HSPA4
-0.392473323209968	-1.1606427788436	0.375696132423667	0.02999244808842	-1.11935520481357	0.285954380246483	0.435009346395869	-5.77980464839491	HSPA4L
-0.02862818320162	-0.420682672443057	0.363426306039817	0.03241274891493	-0.15977233781423	0.875817905033756	0.917863891833264	-6.39467641309875	HSPA5
0.24760500612434	-0.162193785892114	0.657403798140794	0.08912610225761	1.32252593998065	0.211640320263487	0.352142392633531	-5.54855251973959	HSPA8
-0.187375937685734	-0.569542297763287	0.194790422391819	0.0080635231442269	-1.07279217367393	0.305248157589753	0.454920975316439	-5.82876171465822	HSPA9
0.0234356360530601	-0.817289479149014	0.864160751255134	0.20615420607373	0.0610713525440938	0.952356956765751	0.97013310154906	-6.4061859882925	HSPBP1
0.18429483211408	-0.377681167220018	0.746270831448178	0.10306110977586	0.718472589092782	0.486890067636403	0.627809224837724	-6.14110192034683	HSPD1
0.20201995773708	-0.670750810929731	1.07479072640389	0.1253986300184	0.507117851247756	0.621710888803067	0.741636541124096	-6.27359918895585	HSPE1
0.00853289278191202	-0.365554655938168	0.382620441501992	0.074233759403116	0.0499088161856363	0.961046961798912	0.975797915166058	-6.40684263150879	HSPH1
0.61718093266112	-0.814674567394624	2.04903643271686	0.05531732599464	0.944339429048788	0.364525872434769	0.516925481805012	-5.95414681346248	HTATSF1
0.153395335017332	-0.160257652244141	0.467048322278805	0.010000470278386	1.0700817501733	0.306415969084014	0.455657283347552	-5.83154817517785	HUWE1
-0.251458353113934	-0.561714130590868	0.0587974243629996	-0.046941710836713	-1.77337435034205	0.10248376370658	0.213271740868888	-4.9423357245793	HYOU1
0.689912199073544	-0.0535303622936177	1.43335476044071	0.22092326569763	2.033111602008	0.0659283558253788	0.155255232758147	-4.54916920223794	HYPK
0.375962441071434	-0.0381812961426527	0.790106178285521	0.009634383448063	1.98744993046505	0.0712068956855124	0.164840565515879	-4.61964426075545	IARS
-0.29833115029056	-0.721577768069577	0.124915467488457	0.0178299771003	-1.54314927875506	0.149843861756157	0.27442042803162	-5.26628622987307	IARS2
0.095464487609537	-0.218769299471604	0.409698274690678	0.0047709063362515	0.664726816822559	0.519265283803311	0.658661310018958	-6.17897845824302	IDH1
-0.57774046183754	-1.03195951958074	-0.123521404094343	0.00265650751571	-2.78524755384723	0.017103804038957	0.0644659209799313	-3.29785666805889	IDH2
-0.43203035269622	-0.791952346177951	-0.0721083592144889	-0.08624459570603	-2.6263953896812	0.0227193003684259	0.0755527799610781	-3.56842323345703	IDH3A
-0.40486231561806	-0.787732896324792	-0.0219917349113283	0.01503252313437	-2.31371355559728	0.0399696492783814	0.109891365711217	-4.09525379563867	IDH3B
-0.223311688047132	-0.728004371951796	0.281380995857532	-0.143068752420094	-0.969391617845648	0.352411108716008	0.504137254473817	-5.93070412588841	IDH3G
-0.5824781126144	-1.02195692514267	-0.142999300086127	-0.061514960013	-2.90208396094754	0.0138170651557696	0.0565903437805721	-3.09509099679423	IDI1
0.00789382831060995	-0.524182697669983	0.539970354291203	-0.031065266442065	0.0325033700218459	0.974631156525557	0.985009173470042	-6.40760052186549	IDS
1.10608569291268	0.434962910737958	1.7772084750874	0.18011746749822	3.61078481914784	0.00385220468362408	0.0272277190965996	-1.86347589987434	IGF2BP1
1.553788532607	1.02567975700273	2.08189730821127	0.0405013888973	6.44589671729285	3.98669204809777e-05	0.00621639195785531	2.55047699172095	IGF2BP2
1.020359482347	0.526609232487256	1.51410973220674	0.0554979896987	4.5275232712162	0.000781789522009616	0.0146337268084883	-0.313130676855827	IGF2BP3
-0.27553622646056	-0.674520381206122	0.123447928285002	0.02123219117362	-1.51117052138864	0.157606297437452	0.285049334967654	-5.3089781691467	IGF2R
-0.2675515932209	-0.680055685571928	0.144952499130128	-0.00305291383915	-1.41992643980659	0.182149730598189	0.316838933781551	-5.42762897994266	IGFBPL1
-0.000941868577940062	-0.754441191625199	0.752557454469319	-0.13388718700403	-0.00273855997713095	0.997862150674222	0.997862150674222	-6.40815567207443	IGSF3
0.04376750081388	-0.830083768723297	0.917618770351057	-0.0890955270012	0.109730925413042	0.914525254866087	0.94303667046418	-6.40179033916468	ILF2
0.89008988286282	0.325330631062429	1.45484913466321	-0.13822112471851	3.45291053047722	0.00511333665815405	0.0306549416242319	-2.13774364029316	ILF3
-0.57051487621199	-1.0183173393948	-0.122712413029184	-0.158326673865495	-2.78978043142057	0.0169612701289732	0.0643622779455627	-3.28996178663811	ILVBL
0.166471109261662	-0.137837309819992	0.470779528343317	-0.015030536960969	1.19695862599684	0.255291887621223	0.405310684128821	-5.6951055728237	IMMT
0.46819254379218	0.178258346934387	0.758126740649973	-0.02877392799497	3.53328999991701	0.00435355660625117	0.028759531789488	-1.98701156383155	IMP3
0.38072591603138	-0.0911007668147391	0.852552598877499	-0.05289048033701	1.76748251126057	0.103749521286598	0.214677919401557	-4.95142014180944	IMPA1
-1.3056219208564	-1.75721147368657	-0.854032368026232	0.0470926553334	-6.33096505046636	4.60598428511545e-05	0.00670324246293802	2.4115028138839	IMPAD1
0.94398023206854	0.32549393093686	1.56246653320022	0.08122241183425	3.34385648587779	0.00622459257653755	0.0344880345040139	-2.32778069668742	IMPDH2
-0.81815586836412	-1.51829707219702	-0.118014664531224	-0.31539161056154	-2.56014891633348	0.0258191139274344	0.0818042463041935	-3.68521410112538	INA
-0.26341033386228	-1.13981453567584	0.612993867951278	-0.25987384846784	-0.658480885300525	0.52326859607184	0.662584306974957	-6.18303198650227	IPO5
-0.22825085081172	-0.603987203241567	0.147485501618126	0.01064055124006	-1.32917885365554	0.209424651512498	0.349254403553692	-5.54051664717859	IPO9
0.5970952932145	0.214206452015732	0.979984134413268	-0.09280880208141	3.41212687529494	0.00542023241029466	0.0315485679782904	-2.19890927605438	IRF2BPL
0.54949574561702	0.033320500064951	1.06567099116909	-0.05755840023741	2.33228691705807	0.0388905238912004	0.108012740018436	-4.06703467203479	IRGQ
-0.43468730970778	-0.798053246180598	-0.0713213732349625	-0.02412720630053	-2.61750176164448	0.0230898356434573	0.0759893637124026	-3.58364711469629	ISLR2
-0.498915218567283	-1.25714512007306	0.259314682938495	-0.113472271856458	-1.44158634250374	0.176244890031582	0.309030196738106	-5.39993144482239	ISOC1
0.02749552349366	-0.438610850082372	0.493601897069692	-0.10963057932465	0.129200001424318	0.899438783689617	0.932324247290804	-6.39933331239359	IST1
-0.122904384736674	-0.436894263626177	0.191085494152829	-0.015323252336023	-0.856457784370494	0.4091468345308	0.558928372828997	-6.03240481219891	ISYNA1
-0.48125254491498	-0.862186188344383	-0.100318901485577	-0.03061535079745	-2.76425396927351	0.017671326830054	0.0655212627518292	-3.33110419030736	ITFG1
-0.27137648739458	-0.795699792440317	0.252946817651157	-0.12621945589941	-1.133934241865	0.280039472444459	0.430571461871031	-5.76420167779099	ITGB1
-0.9750069188654	-1.35190782409153	-0.598106013639266	0.0687665614891	-5.66023875159524	0.000121536316368225	0.00782740514972634	1.48144474132496	ITGB8
-1.51220967029113	-2.22567398613744	-0.798745354444814	-0.136431173830896	-4.64359750529897	0.000643526447069508	0.0137310293614599	-0.123955377516086	ITIH2
0.84969667061632	0.106096516229817	1.59329682500282	0.23284555160784	2.50345194971576	0.0286019487629177	0.0875709034354127	-3.781139391279	ITSN1
-0.3495075491436	-0.796623553143789	0.0976084548565885	0.01492802791042	-1.71169181671359	0.113796648466549	0.229129606175651	-5.03199351300307	IVD
-0.45901987153618	-0.948498442049363	0.0304586989770031	-0.00574387385706999	-2.05453062322158	0.0635156577471202	0.151369738932274	-4.51555790451462	JUP
0.03351956643224	-0.383031574085335	0.450070706949815	0.01226564499824	0.176170382964428	0.86322328742098	0.907715046454721	-6.39176436379108	KARS
-0.9215303494092	-1.7592394700897	-0.0838212287286969	-0.1124369023514	-2.41007863987519	0.0338339502057842	0.0982174378979081	-3.93784747286857	KCTD12
0.682887837883504	0.246983982803393	1.11879169296361	-0.085556230767228	3.43025947597663	0.00529042916135227	0.0310397682182598	-2.17279028827705	KDM1A
1.8774123938346	1.18021501893785	2.57460976873135	0.0464401067969	5.89954817916629	8.8304898989402e-05	0.00782740514972634	1.79365341036865	KHDRBS1
2.7767975600224	1.04661107721298	4.50698404283182	0.9017568801398	3.51613967918045	0.00456399811167945	0.0289461723459199	-2.02775374881721	KHSRP
-0.00507514716638007	-0.910224673731656	0.900074379398896	0.10083717972391	-0.0122840938693736	0.990410705082561	0.994451231300339	-6.40807977723452	KIAA0319L
-0.71063803532046	-1.29939378687891	-0.121882283762009	-0.02373474506223	-2.64440579670322	0.0221669851771295	0.0743326092806046	-3.54172731491594	KIAA1324L
0.02854881964358	-0.549940778286703	0.607038417573863	0.06512328839427	0.108120343725262	0.91577447169898	0.943878976260091	-6.40197584125725	KIDINS220
0.46225959437668	-0.0216108173573642	0.946130006110724	0.09723998051902	2.09301182762086	0.059387553548143	0.143410430747341	-4.45478546547761	KIF1A
-0.8555811581864	-1.69771293565426	-0.0134493807185432	0.0670486977368	-2.22585039598093	0.046998698407818	0.123612239306345	-4.24146475409885	KIF1B
0.050492431496222	-0.466198454195859	0.567183317188303	0.096344622553389	0.21409686057316	0.834242205531088	0.888366212036276	-6.38394953264047	KIF21A
0.39817964839564	-0.114695257425382	0.911054554216662	0.16190624402172	1.70091426479896	0.115968875855474	0.231196398166667	-5.04757885800483	KIF21B
0.153512641041634	-0.396891220360337	0.703916502443605	-0.016643063308017	0.611051037994894	0.553120778073004	0.687055987562144	-6.21378544853066	KIF2A
0.0725348210841	-0.436095193236972	0.581164835405172	0.09062682642887	0.312434781011303	0.760335038717948	0.836544661253059	-6.35672088654035	KIF3A
0.395853262435358	-0.0695592035805176	0.861265728451234	-0.014591089230073	1.86286672020398	0.0882934959941745	0.191595130969466	-4.81015578061345	KIF5A
0.419781475352	0.0119865027615358	0.827576447942465	0.01473558043538	2.25306618146117	0.0446022964474395	0.119468482386209	-4.19551888932505	KIF5B
0.206184991303988	-0.157384500318355	0.569754482926331	0.065615484792228	1.24086304044294	0.239247564190322	0.386405834693548	-5.6451266865936	KIF5C
0.224435534032804	-0.101877245865992	0.5507483139316	0.043008584981978	1.50491429820106	0.159168777320918	0.287161521397987	-5.31726623012473	KLC1
0.02904308883814	-0.298249236853296	0.356335414529576	0.04411007283435	0.194160648744507	0.849419979695273	0.898393321547859	-6.38825845536864	KPNA1
1.08718366936736	0.58749410761709	1.58687323111763	-0.16922482828156	4.76669602628317	0.000524553596347399	0.0123129086110363	0.0745976457179864	KPNA2
0.27739696847134	-0.395965143538574	0.950759080481254	0.13185067432321	0.902542889569065	0.385389244639593	0.536888781779343	-5.99208971233652	KPNA3
0.193363626920968	-0.647764372924053	1.03449162676599	-0.210950172465236	0.503648457485161	0.624071690697245	0.742424251112853	-6.27541353054984	KPNA4
0.48743740728612	0.0492810726832811	0.925593741888959	-0.02194514660786	2.43589220008279	0.0322075552819877	0.0953559077337438	-3.8933716767679	KPNB1
-0.28830348227692	-0.857637397490815	0.281030432936975	0.0772864247262	-1.10942423178241	0.290038077886646	0.439384541309193	-5.7903409681107	KRAS
-1.83569207981104	-2.84208220828062	-0.82930195134145	-0.685419997383982	-3.99620980268084	0.00194764978968719	0.0197267509166318	-1.20105990651075	KRT1
-2.119294379166	-3.07081338360246	-1.16777537472954	-0.4346954801936	-4.87964956925412	0.000435635223679833	0.0114176942467361	0.254855810913853	KRT10
-2.7381305003822	-3.78687188135718	-1.68938911940722	-0.2645488961469	-5.72005958984312	0.000115704900983197	0.00782740514972634	1.5347225028799	KRT13
-1.93898563531174	-3.01535653948459	-0.862614731138892	-0.71508129975633	-3.94663948787078	0.00212440502707878	0.0205399956881253	-1.28553052950292	KRT14
-1.4387759499136	-2.41718275300833	-0.460369146818866	-0.5183899516002	-3.22172539756661	0.00776438055984796	0.0397878938078594	-2.54088505845184	KRT16
-1.9205252273886	-2.77615432093567	-1.06489613384153	-0.1660316915453	-4.91755570125893	0.000409471619866252	0.0111734568271003	0.314926366518266	KRT2
-1.70975853273328	-2.60194512096834	-0.817571944498224	-0.34725495227276	-4.19849755121266	0.00137029139576244	0.0169366375595839	-0.859030147974305	KRT6A
-1.75018694229546	-2.98435692869481	-0.516016955896116	-0.62845172100407	-3.10687852729198	0.0095638111782407	0.0444208506427648	-2.74127480718219	KRT6B
-1.9855756447543	-3.2438174162949	-0.727333873213696	-0.52510553874305	-3.45730069118357	0.00507309823128071	0.0306549416242319	-2.13010145010377	KRT9
1.43761656919559	0.710877051449349	2.16435608694183	-0.267503000023356	4.33390221369381	0.00108590412669562	0.0152211294937552	-0.632717088968993	KTN1
-0.34077177392538	-0.669089083331802	-0.0124544645189578	-0.03961998125821	-2.27103625979518	0.0431380628774904	0.116496970156866	-4.16553379901158	KYAT3
-0.26301427769948	-0.875538794105368	0.349510238706408	0.11668959191714	-0.940742280963266	0.366289398845053	0.517629449045544	-5.95747003853688	L1CAM
-0.3331095640769	-0.65731484958679	-0.00890427856700993	-0.02426198137361	-2.24812908624239	0.0449364096112685	0.120041397543407	-4.20306339550593	L1RE1
-0.6027244014615	-1.03138714196137	-0.17406166096163	-0.07005165216085	-3.07872815085313	0.0100133421473319	0.0460738190147819	-2.78723008637915	LACTB
-1.40967362742924	-2.3591972732889	-0.46014998156958	-0.16398938518226	-3.25257714035758	0.00734221590472195	0.038528983942327	-2.48704042187291	LAMP1
-1.21801506801312	-1.97757282648496	-0.458457309541272	-0.00683444541595789	-3.51323072029106	0.00458789538785538	0.0289461723459199	-2.03281016508732	LAMP2
-0.19694318771668	-0.560024912879406	0.166138537446046	-0.00932611170608	-1.18683625937238	0.259108897990494	0.409939950401019	-5.70643163386908	LAP3
-0.0960721917763594	-0.450644183213862	0.258499799661144	-0.0208263325799597	-0.592853660162791	0.564696437043664	0.695280497499334	-6.22514623210001	LARP1
0.9482596705001	0.330687987214962	1.56583135378524	0.05885013889005	3.36399018971983	0.00600231688353627	0.0335116566669046	-2.29267109632259	LARS
-0.392246051779864	-0.81419032794217	0.029698224382442	-0.048579929722532	-2.03519634845485	0.0655395710356447	0.154918658679348	-4.54517466290126	LARS2
0.36997836048528	-0.368769925461595	1.10872664643216	0.18718644955984	1.09722236697103	0.295116407912457	0.444255188891897	-5.80318363264994	LASP1
-1.6389714933876	-3.03159229846234	-0.246350688312857	-0.4277558871824	-2.57841806790994	0.0249801998257617	0.0801440231510359	-3.65419250424242	LBR
-0.18690274903044	-0.575225603851175	0.201420105790295	0.03317233556458	-1.05311784200033	0.313801301551168	0.462573365983368	-5.8488571865923	LDAH
0.36520954399106	0.042477439828487	0.687941648153633	-0.04249209463145	2.47602019268713	0.0298448133582074	0.0901123479404797	-3.82412832859074	LDB1
0.019037007311466	-0.323041707076669	0.361115721699601	-0.010633381431213	0.121766229599125	0.905175094123189	0.935346141724485	-6.40032443450715	LDHA
0.13263953617622	-0.178876068030575	0.444155140383015	-0.03930936330801	0.931638488111568	0.370571526804934	0.520564763845026	-5.96604594347045	LDHB
-0.2504700773101	-0.625764472929277	0.124824318309077	-0.04629024226021	-1.46028627746215	0.17084865928382	0.302483879332182	-5.37576425275385	LEMD3
-0.09095763893208	-0.620941120879417	0.439025843015257	0.07619431081584	-0.376003302307592	0.713798405644495	0.801554485350789	-6.33380485326903	LETM1
-0.653469124627826	-1.14507646014827	-0.161861789107381	-0.128486724823967	-2.91220224911667	0.0136265196384904	0.0562561784415159	-3.08009602636394	LGALS3BP
0.9170386601326	0.513036093166275	1.32104122709893	-0.0058033576173	4.96797885461032	0.000367537838823099	0.0111727312916823	0.414849760965894	LIG3
1.1854602158104	0.736305685513769	1.63461474610703	0.00843923106300002	5.77946407326635	0.000103985910938801	0.00782740514972634	1.6347895248814	LIG4
0.339017555757828	-0.453634248049577	1.13166935956523	0.052950262367106	0.937032277261081	0.368114574183656	0.518782514811441	-5.96088619961706	LIN7A
-0.42109990127284	-0.962783011541193	0.120583208995513	-0.12490308471292	-1.7031569065158	0.115538866172411	0.230549675369629	-5.0443768492334	LIN7C
-0.462377804675872	-1.05976985851808	0.135014249166338	-0.110220749696376	-1.69571300891669	0.116971672043118	0.23255843357935	-5.05499565551148	LIPA
-0.135876784086	-0.511206955995587	0.239453387823587	0.02841236495976	-0.792110946560063	0.44424661191882	0.59133558159682	-6.08529804119529	LMAN1
-0.27972033504428	-0.570943200576923	0.0115025304883631	-0.02472375331704	-2.10161327085255	0.0582381032552631	0.141732195547647	-4.4395876540027	LMAN2
0.9202927530156	0.567833434234554	1.27275207179665	-0.1429294115722	5.71309226559308	0.000112062475958826	0.00782740514972634	1.55935195109383	LMNA
1.12780166488854	0.595240020898253	1.66036330887882	-0.190666484702889	4.63956925281778	0.000647868082560863	0.0137310293614599	-0.130489174949834	LMNB1
0.71607825927106	0.324593034411201	1.10756348413092	-0.09156499354129	4.00220514363888	0.00188614199234443	0.0196041604401097	-1.17539213282246	LMNB2
-0.10677077100046	-0.477713929319805	0.264172387318885	-0.06949133137871	-0.629795055585559	0.541076279174243	0.677126904949037	-6.20203120500402	LNPEP
-0.178040090024166	-0.526732664587765	0.170652484539433	-0.048174934203877	-1.11719591580313	0.286591366010317	0.435674757660531	-5.78230227679532	LONP1
-0.277950592360212	-0.684544453419926	0.128643268699502	0.010829203204594	-1.49622665688483	0.161458761344462	0.290572527629812	-5.32876462817984	LONP2
0.7694814843272	0.42218567465905	1.11677729399535	-0.0422052353508	4.84789119476513	0.00044457352770159	0.0114176942467361	0.229032108539294	LPCAT1
0.02741681342412	-0.444790775906372	0.499624402754612	-0.01756419476134	0.127177714940008	0.901005313780324	0.932671091340798	-6.39960670120362	LPGAT1
-0.59465760655506	-0.926214488746532	-0.263100724363588	0.02581567334525	-3.92430871397119	0.00216408566572094	0.0205399956881253	-1.30898121657531	LRP1
-0.404098676178406	-0.730823191570928	-0.0773741607858837	-0.017859165909217	-2.70620030412455	0.0196456937007076	0.0685088647741927	-3.43132849040632	LRPAP1
-0.49662781302202	-1.11927841317899	0.126022787134955	-0.15590188393317	-1.7474366566497	0.107335247013006	0.220166566033406	-4.9806588170007	LRPPRC
0.83869758626418	0.416422671125371	1.26097250140299	-0.03322831996855	4.34823436115788	0.0010446503334294	0.0152211294937552	-0.598288824938668	LRRC47
0.7009679372442	0.359577035897394	1.04235883859101	-0.1161696680773	4.49262784532213	0.00080678404783756	0.0146337268084883	-0.349681923506601	LRRC59
-0.33368841781016	-1.18335550952545	0.515978673905131	-0.0407024912977	-0.860413368588838	0.407242861873343	0.557024541020995	-6.02882984337586	LSAMP
-0.196023814196838	-0.945305181067408	0.553257552673732	-0.080617889404347	-0.573163752743098	0.577633328500836	0.706823742218231	-6.23680555692626	LSM2
0.60481918227354	0.252209508762839	0.957428855784241	-0.00892683809385	3.7530605173215	0.00293409298535163	0.0235482536287596	-1.60456766593979	LSM4
0.19993968169372	-0.591629369956899	0.991508733344339	-0.11323033127166	0.553381970117349	0.590659453280359	0.717934068213264	-6.24827309990987	LSM6
0.5489627525105	-0.150474986066311	1.24840049108731	0.06085145087515	1.7195255445796	0.112443149728935	0.227001228383507	-5.02093196216199	LSM8
-0.258502128577646	-0.819542480059523	0.302538222904231	-0.123879606311417	-1.00945006521395	0.333646085833236	0.483631743276198	-5.89214816742904	LSS
0.77813114700356	0.361100744649918	1.1951615493572	0.03575225500544	4.08496101659524	0.00164749205835792	0.0181640159767441	-1.04139018301623	LTA4H
-1.49758541096026	-2.13701909367007	-0.858151728250448	0.04088742379423	-5.13110504996583	0.000289943390087986	0.0102088132348722	0.649292656350521	LTF
1.3742756349928	0.875933383138223	1.87261788684738	0.1280711954982	6.04172496744019	7.15152769951558e-05	0.00728834050717379	1.99512983165926	LUC7L
-0.39304296562854	-0.984587543102074	0.198501611844994	-0.16368690446913	-1.45568486038913	0.172384200905307	0.304461739948451	-5.3817543368882	LYRM2
0.0357068719731	-0.386752375931903	0.458166119878103	0.03990958096945	0.185041789042984	0.856418466846325	0.90360633790504	-6.39007413557188	LYRM7
0.144053577577866	-0.121904981067576	0.410012136223308	0.006650380496667	1.18512541353019	0.259758442282862	0.410313082129875	-5.7083385526552	MACF1
-0.134218683687926	-0.578663387163587	0.310226019787735	0.018169167059355	-0.661278601096425	0.521480220779394	0.660703030737909	-6.18121332435835	MAGEA4
-0.4957221905631	-1.37136231455665	0.379917933430448	-0.24585723107355	-1.24030222046466	0.239715134005515	0.386405834693548	-5.64562070528269	MAGOHB
-0.97157999527876	-1.58697653352537	-0.356183457032148	-0.02835775171872	-3.45890257852211	0.00505849664885481	0.0306549416242319	-2.12731314210238	MAIP1
0.08476246101134	-0.560685001474171	0.730209923496851	-0.06518437406935	0.287711667919748	0.778716002008297	0.849119396795261	-6.36451066120309	MAK16
0.326704411261308	-0.0109789292924327	0.664387751815049	0.039976085314546	2.11689636086235	0.0566937237904531	0.139231477819482	-4.41521934258813	MAN2B1
-0.06224531875454	-0.463848524408377	0.339357886899297	-0.03170431422225	-0.339175818692678	0.740566098699178	0.823983584842154	-6.3476308025342	MANF
0.25308047520978	-0.123892576395243	0.630053526814803	0.10412966525457	1.46893496797286	0.168529824034354	0.300082060250404	-5.36452017480818	MAP1A
0.158466337841346	-0.131921011359537	0.448853687042229	0.028075544573147	1.19402539184564	0.256393387706264	0.406763637618296	-5.6983952742516	MAP1B
0.18137903454094	-0.149773715004196	0.512531784086076	0.01621457142047	1.19843077750465	0.254740466232787	0.40472957626359	-5.69345216383643	MAP1LC3A
0.312767487262434	-0.603011573467944	1.22854654799281	0.267028032092523	0.748248244733192	0.469423520942227	0.614359440177986	-6.11905428032419	MAP2
1.03227219482418	0.220625773066308	1.84391861658205	0.10296187601905	2.78639168777936	0.0171301395698697	0.0644659209799313	-3.29784563948024	MAP2K6
-0.625559125048246	-1.01608920262414	-0.235029047472351	-0.010279155782373	-3.50483929324585	0.00458302622610063	0.0289461723459199	-2.03671599468598	MAP4K4
-0.18690990908276	-0.491617647218305	0.117797829052785	-0.01216309366706	-1.3421562439292	0.205310052618734	0.344776884097874	-5.52470085977026	MAPK1
0.0604837290762	-0.382966179344588	0.503933637496988	-0.07546619853384	0.298664234843731	0.770531463486413	0.843493979601762	-6.3611536094161	MAPK3
0.52007472342562	0.0730566251222404	0.967092821729	0.04314402608915	2.54759195678516	0.0263330292740795	0.0830708134469878	-3.70505599221337	MAPK8
-0.15103179159934	-0.784440768547176	0.482377185348496	-0.09061990938005	-0.522394956021515	0.611368129696799	0.734921050180679	-6.26546862516612	MAPRE1
0.44120717776856	0.0178265263524453	0.864587829184675	0.02939840255912	2.28146807599188	0.0424470352927269	0.115394617738509	-4.14940905962825	MAPRE2
-0.38149050078206	-0.987409571784091	0.224428570219972	-0.08122880640631	-1.37937998908851	0.194161176636677	0.331913742050013	-5.47867141400719	MAPRE3
-0.135644790032366	-0.963867010977287	0.692577430912555	0.038260159812983	-0.358815383415889	0.726271785340029	0.811387567757054	-6.34040927659598	MAPT
0.4892299722926	-0.297013537379696	1.2754734819649	0.1011721721811	1.36323521839457	0.199052035750192	0.337630609201763	-5.49870845940177	MARCKS
0.314793116523958	-0.364307403208351	0.993893636256267	0.215189261552161	1.01556091737074	0.330848912844234	0.480534382394519	-5.88615208679607	MARCKSL1
-1.56561186440426	-2.26228708574542	-0.868936643063098	0.41694364194861	-4.92343891948637	0.000405561481471409	0.0111734568271003	0.324230397465838	MARK3
0.65358847565538	0.00324816109253423	1.30392879021823	-0.06789906231247	2.20180332915885	0.0490423330219067	0.12760359116427	-4.2804624611544	MARS
-0.36087239819838	-0.709040064983779	-0.0127047314129816	-0.02251383670149	-2.26787681899874	0.043381944585542	0.11691701855585	-4.17071822115777	MARS2
0.374934209001748	-0.140188096325016	0.890056514328512	0.050810847364326	1.59462851715931	0.138047737428977	0.259567795699791	-5.1964211449138	MAT2A
0.78234226066266	0.325622939207145	1.23906158211818	0.07724386771599	3.75131777155804	0.00298122755340553	0.0238389001797959	-1.61645180021359	MAT2B
0.79746895497686	0.289275171111275	1.30566273884245	-0.03259262843689	3.43794758809418	0.00525294609989452	0.0309088445716165	-2.16379584095585	MATR3
0.558411663611975	-0.00455462192197309	1.12137794914592	0.0750151991213874	2.17313601210111	0.0515890538542301	0.132560134902214	-4.32674026738171	MAX
-0.740635374597638	-1.16964388589726	-0.311626863298015	-0.193385327335259	-3.78013097191129	0.00282585477148001	0.0230639010985359	-1.56512739450049	MBLAC2
-0.8280221012982	-1.49094827306412	-0.165095929532277	-0.1639184555181	-2.73647559262125	0.0187565047635549	0.0680829830580107	-3.38384441399362	MCAT
-0.47875005679844	-1.40428170882683	0.446781595229951	-0.03411409794176	-1.13326735254176	0.280307964608896	0.430571461871031	-5.7649189002994	MCCC1
-0.34464792814142	-0.781489648770416	0.092193792487576	-0.01396935744885	-1.72750720575033	0.110831206461708	0.224646725817929	-5.00924722888733	MCCC2
-0.14398139828618	-0.873961605090239	0.585998808517879	-0.01945035215123	-0.432125721099394	0.673687580673408	0.775664550954667	-6.31014932619023	MCFD2
0.05648129691302	-0.258649276612194	0.371611870438234	0.02323482513453	0.392164568996321	0.702070226851039	0.793300552372426	-6.3273860084876	MCTS1
-1.12203283598496	-1.8271288293947	-0.416936842575223	-0.01653904554822	-3.48635923290229	0.00481479172950084	0.0298710709731719	-2.07953695828425	MCU
0.341791917449082	-0.00481186253612365	0.688395697434288	0.017153422928821	2.1576585921411	0.0527612547192137	0.133883734811296	-4.34986658440906	MDH1
-0.160310427650546	-0.741987369391617	0.421366514090525	0.00922263547164701	-0.603802266964862	0.557765583838739	0.690250719682521	-6.21829661527619	MDH2
-0.93458031753388	-1.48063182659432	-0.388528808473439	-0.06753422984466	-3.74971131805312	0.00300760256677911	0.0239620306689008	-1.62333583341761	ME2
0.343158672298938	-0.17515417965306	0.861471524250936	-0.094442404814511	1.45050027698731	0.173795511448646	0.305964194751931	-5.38845275952537	MECP2
-0.2496079617346	-0.564102310428859	0.064886386959659	-0.00530894794078	-1.7366000987999	0.108998954475866	0.222340145004803	-4.99585066789904	MESD
-0.58278172470272	-1.34280492155962	0.177241472154175	-0.17669570129644	-1.67994046655843	0.120059955243665	0.236358519255692	-5.07740518617679	METAP2
-0.3054629057668	-0.774491467546007	0.163565656012407	-0.04650414226508	-1.42644307159904	0.180411330191639	0.314315988673862	-5.41932213221482	MFN1
-0.08365064311256	-0.44118977827546	0.27388849205034	-0.04238033032424	-0.511917448053901	0.618346278634934	0.739238732891599	-6.27117390797169	MFN2
-0.10008728826386	-1.01668007608529	0.816505499557567	-0.01299743552167	-0.239230915316405	0.815161189008393	0.8761678363394	-6.37794695134641	MGAT5
0.24960899762412	-0.13712921369444	0.63634720894268	0.09408435825708	1.41220383089311	0.184238497296411	0.319200507617513	-5.43744489174367	MGEA5
-0.40402947551186	-0.741947536481817	-0.0661114145419027	0.05985755821855	-2.61610926303617	0.0231483861057021	0.0759893637124026	-3.58602971080103	MIA3
-0.37908932200382	-0.918866345936047	0.160687701928407	-0.08022075933771	-1.53865754913767	0.151092992208065	0.275782610359704	-5.2723971335124	MIEF1
0.33581485893168	-0.225260219468377	0.896889937331737	0.04753649727306	1.31127488941175	0.215489433969019	0.356643998752364	-5.56204410463721	MIF
-0.6753431143188	-1.05533141997955	-0.295354808658045	-0.0566057322558	-3.88873615884137	0.0023047838843333	0.0210516452698728	-1.37017570925296	MINPP1
-0.5590116822339	-1.00940350419008	-0.108619860277724	-0.04528122646055	-2.717857966037	0.01933559177615	0.0681899787517534	-3.41405668138306	MLEC
-0.48202325767463	-0.852577529460303	-0.111468985888957	-0.142591851711665	-2.84623269128186	0.015213854657765	0.0601663853585164	-3.18897820605222	MLYCD
0.217600899912466	-0.196881638357463	0.632083438182395	-0.105706150002853	1.14936318452426	0.273742234663678	0.425020838030448	-5.74762169269852	MMAA
-0.241870679470268	-0.760942899366397	0.277201540425861	-0.049745578391806	-1.02086955661041	0.328432955891617	0.4784076003444	-5.88091878881133	MMAB
-0.3141008732839	-0.84029971684531	0.21209797027751	-0.11597938632235	-1.30777812711473	0.216634451345954	0.357725421549332	-5.56624220229855	MOGS
1.7873101188474	0.860227764464188	2.71439247323061	-0.1187564706839	4.22373258337154	0.00131193253276841	0.016633183951575	-0.816685402652291	MORC2
0.67792787663732	0.133353130892692	1.22250262238195	-0.11083130588986	2.72734959616069	0.0190699724538727	0.0680829830580107	-3.39953876001433	MORF4L1
-1.535650838645	-2.40472771442414	-0.666573962865856	-0.2081406706951	-3.87123113196693	0.00242576378409715	0.0216140503701391	-1.41448190949452	MP68
-0.674535944243564	-1.10208221370429	-0.246989674782833	-0.059999457931256	-3.45443917271242	0.00506270722148666	0.0306549416242319	-2.1303624142433	MPC2
0.107893975014362	-0.216131504374606	0.43191945440333	0.016918575922939	0.728571644966409	0.480762678790074	0.622482163581691	-6.1338893264637	MPP6
0.38858203117478	-0.2464192190174	1.02358328136696	0.14899509415869	1.34067326373567	0.206057595926529	0.345752292012	-5.52642759283288	MPST
1.16276355845052	0.64744366086664	1.6780834560344	0.02696294837394	4.94344054640282	0.000392559176935751	0.0111734568271003	0.355823265156281	MRE11
-0.3232224820264	-0.738614389619396	0.0921694255665962	-0.03861342518606	-1.70351657320171	0.115305744458449	0.230295004714358	-5.04363038238667	MRPL1
-0.258137419421828	-0.618612669374177	0.102337830530521	0.015817272914174	-1.56685838400465	0.144096507384286	0.267712915421188	-5.23415692692557	MRPL11
0.447903925208581	-0.479984720833834	1.375792571251	0.192480827369706	1.05755709369531	0.312091415479584	0.461269844273481	-5.84413809777896	MRPL12
-0.10790707314424	-0.534098298304745	0.318284152016265	0.02876027597106	-0.554371612395352	0.589950498423006	0.717471831786865	-6.24776328308714	MRPL13
0.0861314986958001	-0.946097373456954	1.11836037084855	0.2675943485333	0.18281036529893	0.858148373178646	0.904557169796709	-6.3904984814985	MRPL14
-0.33714658152004	-0.80315632247111	0.12886315943103	-0.09659460465978	-1.58456235125429	0.140250596115609	0.262129324760594	-5.21016496037503	MRPL15
-0.14799327967628	-0.723687562996311	0.427701003643751	0.07318152865008	-0.563202913295269	0.58417325564894	0.711238269426457	-6.24262742431442	MRPL16
-0.46504799660516	-0.840586165969233	-0.0895098272410865	0.10330882351022	-2.70955472065185	0.0195259003508188	0.0684785656623216	-3.42554805642839	MRPL17
-0.07463293618338	-0.424963674529137	0.275697802162377	-0.02487592992671	-0.466129422358871	0.649783026098374	0.759762370633504	-6.2943608494669	MRPL19
-0.5972247489994	-1.16266339004931	-0.0317861079494942	-0.1193751006097	-2.31402010207024	0.0401794555394104	0.110214503020884	-4.09717080592805	MRPL2
-0.46427258983496	-0.987785641596387	0.0592404619264666	-0.12551628631564	-1.94294427716358	0.0770519072931299	0.174124548261804	-4.68887255616328	MRPL20
-0.52512753496884	-0.998299672073807	-0.0519553978638732	-0.06544627239338	-2.43093099835633	0.0325569713342593	0.0959134526621972	-3.90253176052978	MRPL23
-0.156045624258982	-0.720332325958575	0.408241077440612	0.073395646092149	-0.605852067429848	0.556449946365359	0.689013178057618	-6.21702606126527	MRPL24
-0.77322640992266	-1.31807946934297	-0.228373350502353	-0.21452818961577	-3.10915304394597	0.00952437218435695	0.0444079449307684	-2.73730805490654	MRPL27
-0.76858900171764	-1.28587760604172	-0.251300397393557	0.0665933534282	-3.25518795034625	0.00730757635029441	0.038528983942327	-2.48248399630647	MRPL28
-0.85275845102632	-1.50790682387685	-0.197610078175789	-0.17093240050412	-2.85168256363285	0.0152124591704872	0.0601663853585164	-3.18500056819757	MRPL3
-0.65382700196988	-1.24554216686169	-0.0621118370780689	-0.10548741677054	-2.42083376034641	0.0331869490031979	0.0968217627029146	-3.91988430354567	MRPL34
-0.498488772647883	-0.944277346654928	-0.052700198640839	-0.0915875192402583	-2.44858777727028	0.0314873842840879	0.0937748429633887	-3.87218542692495	MRPL37
-0.43979434698966	-0.819628290635944	-0.0599604033433757	-0.05023060972193	-2.53343696751174	0.026898016315503	0.0842444327356427	-3.72694406688521	MRPL38
-0.07496254876832	-0.441374114843578	0.291449017306938	-0.02458622217854	-0.447640532411722	0.662684998421956	0.765823902358459	-6.30313179535691	MRPL39
-0.76789459590886	-1.43625506753858	-0.0995341242791439	-0.17595245228621	-2.51713013633795	0.02790491141004	0.0861951918505309	-3.75804735433139	MRPL4
-0.21487508293334	-0.966293327343194	0.536543161476513	-0.02202708353487	-0.626497203335208	0.543295590251152	0.67849786814546	-6.20400506221504	MRPL40
-0.82981631814678	-1.71972123191215	0.0600885956185903	-0.29927493967337	-2.04292856490371	0.0648120995505851	0.15371267270989	-4.53378365103354	MRPL43
-0.56833132055908	-0.967512340976265	-0.169150300141895	-0.03768695410798	-3.11545958515381	0.00930865378285263	0.0436068480857667	-2.71937503558946	MRPL44
-0.029163366633	-0.775242763060756	0.716916029794756	0.14686011132234	-0.0856381793648757	0.933235439664585	0.953323801959658	-6.40427938571445	MRPL45
-0.135751881440284	-0.598370112970177	0.326866350089609	0.046861112985358	-0.642700563304962	0.533063959011254	0.671094938017052	-6.1935350642243	MRPL46
-0.00631036061057996	-0.582881578316752	0.570260857095592	0.14268689012633	-0.0239781699594109	0.981283432412765	0.989555870296113	-6.40785535022158	MRPL47
0.12917884571926	-0.609786320057419	0.86814401149594	0.02847441408997	0.382985426050538	0.708755897625801	0.797944365403364	-6.33103594381736	MRPL48
-0.42067315259878	-0.81178644350777	-0.0295598616897901	0.000573798497229999	-2.35340382493757	0.0372243411125151	0.10532820288692	-4.02949222025916	MRPL49
-0.7148890280176	-1.31032984076962	-0.119448215265578	-0.0514853195134	-2.63035791740606	0.0227385141706039	0.0755527799610781	-3.56572168055198	MRPL51
-0.67591251665808	-1.38945885090049	0.0376338175843336	0.03542384017788	-2.07531069580272	0.0612541526834055	0.147266316418364	-4.48280111669439	MRPL53
0.0129404169267322	-0.829981389978741	0.855862223832206	0.085322954258146	0.0336337889341368	0.973749221477629	0.985009173470042	-6.40756095690398	MRPL54
-0.571975249298746	-0.958331392209389	-0.185619106388103	-0.018765189931173	-3.23924388665478	0.00742134596011579	0.0385998850586929	-2.5019093789628	MRPL55
-0.576922396975728	-1.31616238790814	0.16231759395668	-0.187016402798416	-1.70980570194724	0.114272354809685	0.229490846871705	-5.03486939954051	MRPL9
-0.3206725215514	-0.917029209618032	0.275684166515232	0.1132217475283	-1.17806829328408	0.262709271888092	0.413180360613621	-5.71600047711245	MRPS14
-0.3999847671944	-0.978336454740596	0.178366920351796	-0.03915836338804	-1.51518708517212	0.156873159373063	0.283958629279764	-5.30373586421121	MRPS15
-0.43950259658166	-0.968642881399124	0.0896376882358035	-0.07044828541601	-1.81972362449001	0.095062987886474	0.202658693902512	-4.87468396741097	MRPS17
-1.37408706539116	-2.32032743731796	-0.42784669346436	-0.39000042087146	-3.18146824517034	0.00835246490880356	0.0418059679240015	-2.6111429811848	MRPS18B
-0.0818518642357	-0.638562684328659	0.474858955857259	-0.02115684066355	-0.322117060945394	0.75317748442632	0.832078162197701	-6.353498308975	MRPS2
-0.310124705166684	-0.846215606097776	0.225966195764408	-0.042142185899058	-1.26739719976191	0.230219791787417	0.373935867166616	-5.61412255040692	MRPS22
-0.16328991870386	-0.587394984210203	0.260815146802483	-0.01602841718009	-0.842924635774711	0.416453001730287	0.566075281928528	-6.04374256615123	MRPS23
-0.74350004287822	-1.27690057959923	-0.210099506157214	0.00932371513037	-3.05381247162687	0.0105321508359447	0.0476867360570807	-2.83378347145298	MRPS25
0.83641972277094	-0.0281870035833162	1.7010264491252	0.06154527329843	2.11943679578421	0.0567003132301968	0.139231477819482	-4.4127751797308	MRPS26
-0.245323087592288	-0.702448573331645	0.211802398147069	-0.066677475331284	-1.17527483136872	0.263698848361903	0.414311077055442	-5.71915201024516	MRPS27
-0.20446085974812	-0.556118151335611	0.147196431839371	-0.01078573510604	-1.27216894281221	0.2283070485622	0.371381733987543	-5.60865741217714	MRPS28
0.238499480103546	-0.433150709340792	0.910149669547884	0.076897585614707	0.777963300142911	0.452390067138924	0.59852576761471	-6.09624624848391	MRPS30
0.2723621965411	-0.522608775570111	1.06733316865231	0.19470751910431	0.750603131449184	0.468059080954957	0.613677461696499	-6.11727599193719	MRPS31
-0.334498811765486	-0.753782542553923	0.0847849190229513	0.022078013076983	-1.7465836973815	0.107324741011852	0.220166566033406	-4.98161159537641	MRPS33
0.18998458181494	-0.573537082608192	0.953506246238072	0.17175931361799	0.545144717023461	0.596128598791428	0.721768569695889	-6.25293587336593	MRPS34
0.013495710196504	-0.499989392269369	0.526980812662377	0.067961539314552	0.0575814650529257	0.955076122110878	0.970638349426465	-6.40640507729594	MRPS35
-0.28625710906856	-0.602672745730499	0.0301585275933794	0.01335169853784	-1.97948664896434	0.0720727962086803	0.166420323799178	-4.63148156932594	MRPS5
-0.413199409940012	-0.860369428257144	0.0339706083771203	-0.133974155639054	-2.02337436836509	0.0669440845116188	0.157158379323404	-4.56388516034288	MRPS7
-0.419053328135996	-0.782381334625105	-0.0557253216468867	-0.064049959113762	-2.52362401486048	0.0273807220613677	0.08526692761764	-3.74359541590637	MRPS9
-0.1511465112632	-0.672435942029299	0.370142919502899	-0.00123647471378001	-0.635234420543631	0.53778187072705	0.674589324812778	-6.19837200083898	MRTO4
0.38188774856636	0.0689901620924273	0.694785335040293	-0.12084437730462	2.67047026107545	0.0209675555723194	0.0719688267521591	-3.49281251355165	MSH2
0.60423531318858	-0.0108049956346085	1.21927562201177	-0.11114018422731	2.15237202215257	0.0535114601609533	0.13486197289711	-4.36011052544789	MSH6
0.42009799974107	0.0590702310755811	0.781125768406559	0.012423925977215	2.54603423918038	0.0262905126821449	0.0830567137266603	-3.70554381888123	MSI1
0.5806897135705	0.120405461033026	1.04097396610797	0.06273291521413	2.76303057030007	0.0178304782263367	0.0656390117505784	-3.33684176776076	MSI2
0.0371191241009999	-0.854023348235215	0.928261596437215	0.0057381967459	0.0912568327431368	0.928867864715508	0.951533809795379	-6.40375371837064	MSN
-1.31489648120052	-2.62214102591057	-0.00765193649047302	-0.14040310323266	-2.20368512352069	0.048879407406073	0.127331439579305	-4.2774165007639	MT-CO2
-1.4064060831666	-2.32629994711584	-0.486512219217363	-0.1907818977929	-3.3495605203751	0.0061607826700073	0.0342213449583357	-2.31783296573601	MT-ND4
1.042675884341	0.410402000779932	1.67494976790207	-0.0730164334289	3.61292461939197	0.0038374982424479	0.0272277190965996	-1.85976756425781	MTA1
-1.491152492175	-2.3401645112564	-0.642140473093605	-0.2136146669293	-3.8478934272735	0.00252772945676622	0.0220987685464113	-1.45449527980267	MTCH1
-1.13584702502338	-1.81764588308845	-0.454048166958306	-0.05273176098771	-3.64987835431431	0.00359241927874348	0.02667432410033	-1.79577011065831	MTCH2
-0.2181146943179	-0.613436615027756	0.177207226391956	-0.04898054872269	-1.20732569424483	0.251445645357492	0.400661199865259	-5.68341779952132	MTHFD1L
-0.147030303489218	-0.491735798007657	0.197675191029221	-0.040879263368029	-0.933281981054342	0.369757688170082	0.519755977640238	-5.96454159596375	MTHFD2
-0.59330641704752	-1.19783716498998	0.0112243308949401	-0.12640481074684	-2.15018320545696	0.0537180144954447	0.135099568713774	-4.36362075517072	MTIF2
0.147923107729	-0.568244469495997	0.864090684953997	-0.0911349528419	0.45251833629473	0.659361990719075	0.765584763068811	-6.30076638269376	MTPN
-0.269494387841394	-0.929897474576223	0.390908698893435	-0.109339115148023	-0.894036903886057	0.389734909384242	0.541905291201147	-5.99963029465641	MTX2
-0.2232904779323	-0.654705457684207	0.208124501819607	0.03909699979269	-1.13329582030106	0.280186553589637	0.430571461871031	-5.76497449328929	MUT
-0.25173245558634	-0.609286111419115	0.105821200246435	-0.01391321345043	-1.54046637364106	0.150360284358374	0.274904942005301	-5.2698328039235	MVD
0.07126206979784	-0.267192296925309	0.409716436520989	0.01016404056344	0.460693986936473	0.653563902256962	0.76174566905787	-6.29697484807405	MVP
0.371854083299864	-0.401207934781396	1.14491610138112	-0.129272174311132	1.05383600761404	0.313720704660769	0.462573365983368	-5.84791716215279	MYBBP1A
0.03836309014068	-0.34109563069069	0.41782181097205	-0.02088587341672	0.221209246884868	0.828788344682158	0.884224430083105	-6.38234018496641	MYCBP2
-0.6922488715935	-1.12342290182096	-0.261074841366044	-0.14215144992205	-3.51542604328862	0.0045374078321179	0.0289461723459199	-2.02426767134109	MYDGF
1.1909455561616	0.702878139358717	1.67901297296448	0.0082489176602	5.34597480712324	0.00020620119931889	0.00882621996300266	0.978644103253433	MYEF2
0.12718018510776	-0.167845574009213	0.422205944224733	0.01121616970842	0.943221625830192	0.364862548832374	0.516925481805012	-5.95539519354373	MYH10
0.35073146979458	-0.0241669298062535	0.725629869395414	0.02681951054199	2.04698840211362	0.0640870377841	0.152398696604238	-4.52605752065556	MYH9
-0.18375149761544	-0.694524611390688	0.327021616159808	-0.04620935441292	-0.788165958731374	0.446634093362466	0.593438004612966	-6.08823133041785	MYL12B
0.20027806823919	-0.40946699021928	0.81002312669766	0.116255093711025	0.719614522608263	0.486212915694638	0.627724112382049	-6.14027137539369	MYL6
0.488246994917854	-0.144576405693382	1.12107039552909	0.125309230444777	1.69033141764298	0.118017357821037	0.233785746028425	-5.06265561318224	MYO18A
-0.17064108080926	-0.841576229044	0.50029406742548	0.06940593677145	-0.557208668613363	0.588127652579066	0.715653659743646	-6.24608444753097	MYO1B
-0.052685330152552	-0.433541360851534	0.32817070054643	0.027477386365494	-0.302679565827214	0.767510955075566	0.841102617936727	-6.35991070090278	MYO5A
0.542248530792418	0.109983377838483	0.974513683746353	-0.189156587019191	2.74673310712608	0.0183377902816361	0.0669421340883136	-3.36408678431916	NAA10
-0.144508818882137	-0.414377755436246	0.125360117671971	-0.0116757569041113	-1.17164403828395	0.264921585312624	0.415571758546913	-5.72329000784061	NAA15
0.1714953535086	-0.278824905695541	0.621815612712741	-0.05002967796568	0.833925475768445	0.421333068627646	0.570507888806406	-6.05121997277124	NAA35
-0.06971907680148	-0.561597531405958	0.422159377802998	0.01719501154872	-0.310533631859694	0.761743215893654	0.837039257337219	-6.35734230269741	NAA50
-0.707876337894974	-1.43029084614459	0.0145381703546447	-0.083541543822247	-2.14677115354691	0.0540415080874367	0.135289692838159	-4.36908982921151	NADK2
0.60519835807474	-0.00576217420401659	1.2161588903535	0.19838563761281	2.17019820527101	0.0518570153768032	0.133024517705713	-4.33146939549071	NAE1
0.61812919779766	0.265555531112082	0.970702864483238	-0.00317960770356999	3.83604434812682	0.00253077972359268	0.0220987685464113	-1.46102536860146	NAGA
0.4309932260095	0.0902971787937684	0.771689273225232	0.06449935776223	2.76794580596488	0.0175526318861407	0.0653880467703842	-3.32471793240941	NAGK
0.9619320242984	0.331176494263663	1.59268755433314	0.0648959670676	3.34116660056275	0.00625491675529839	0.0345179257805761	-2.33247204226513	NAMPT
0.051886248599822	-0.257399933926656	0.3611724311263	0.019369924626071	0.367067545043908	0.720199595251382	0.805840961780506	-6.33733431276278	NAP1L1
0.197081280076482	-0.274427449712689	0.668590009865653	0.014113130301959	0.915546256096195	0.378778263510593	0.529707206434096	-5.98047733426557	NAP1L4
-0.182529171328004	-0.657317023367563	0.292258680711555	-0.062734901133278	-0.842092282738463	0.416974632104169	0.566135635709114	-6.04435968481721	NAPA
-0.069279710875516	-0.400826161146337	0.262266739395305	-0.046882507135078	-0.457210207159014	0.655992535817137	0.763343126699793	-6.29863473335283	NAPB
0.170206850428326	-0.318018116785293	0.658431817641945	0.017413207652417	0.763786302073873	0.460466839641728	0.605906637093365	-6.10722765578636	NAPG
0.4076984149573	0.0424172572710817	0.772979572643519	0.03113570109415	2.44211429475192	0.0317300177336005	0.0942403111734012	-3.8812271966852	NARS
-0.7967195159806	-1.30042642587979	-0.293012606081414	-0.12498543614496	-3.465312153931	0.00500050011302754	0.0306549416242319	-2.11615738322939	NARS2
-0.29214190899452	-0.731405850481162	0.147122032492122	-0.0920660928144	-1.45625226284237	0.172102485080782	0.304210303588136	-5.38100853769935	NAXD
-0.51680317488472	-0.931992891271105	-0.101613458498336	-0.08893188658554	-2.72509356797364	0.0190547547791226	0.0680829830580107	-3.40082614136157	NAXE
0.1501058154758	-0.833837224399778	1.13404885535138	0.1421188753175	0.334227649770011	0.744258701361677	0.825987160687617	-6.34933169255908	NBEA
-0.3837872543625	-0.96207986747394	0.19450535874894	-0.000262288092350003	-1.45397760617767	0.172847860042478	0.305022667293549	-5.38396187998895	NCAM1
0.16164487134964	-0.341773807222435	0.665063549921716	-0.01304396418782	0.703472977326404	0.495838200174587	0.635966387180449	-6.15189957550928	NCBP1
-0.08811237741748	-0.549415827111874	0.373191072276914	0.00559699194008	-0.418340863463516	0.683428205778304	0.78111192314871	-6.31627264756869	NCDN
-0.77532402088896	-1.60956125107807	0.0589132093001484	-0.2016248090183	-2.03614398960888	0.0655816493190821	0.154918658679348	-4.54442026419996	NCKAP1
1.3151759216823	0.59139996720594	2.03895187615866	0.07750742898741	3.9810214105628	0.00200012824907389	0.0199975209572346	-1.22691590597501	NCL
-0.4824464141721	-0.903484596463152	-0.0614082318810479	-0.07230486482039	-2.5085943198547	0.0282257842315736	0.0866622882946908	-3.7705749877593	NCLN
0.823444419613886	0.089947528730385	1.55694131049739	0.064113852643103	2.45952266072124	0.0309572661747322	0.0924483065108625	-3.85507414213824	NCOA5
-0.83353607987198	-1.52477077382924	-0.142301385914718	-0.25006808738515	-2.64188366853752	0.0222685445809031	0.0745586392946495	-3.54603720085594	NCS1
-1.16025879252702	-2.14630075373435	-0.174216831319687	-0.18076396499105	-2.57794879146655	0.0250014107951697	0.0801440231510359	-3.65499000281449	NCSTN
0.11288149860582	-0.20518552315302	0.43094852036466	-0.03299844917961	0.776530212264816	0.453031606168283	0.599011505914816	-6.09755157648666	NDRG4
-0.7865342276424	-1.17126065763308	-0.401807797651723	-0.0391385211256	-4.47321566711484	0.000833891032369408	0.0146805171263098	-0.381804288714919	NDUFA10
-1.37508529581596	-2.3982437608907	-0.351926830741224	-0.17132689117356	-2.9444321505189	0.0128504644485719	0.0539472382523699	-3.02412794078787	NDUFA11
-0.6538399751248	-1.03241332383303	-0.275266626416569	0.0038092759496	-3.77898933266516	0.00280141371879156	0.0230639010985359	-1.55965890472678	NDUFA12
-1.18130406054074	-2.22639974936309	-0.136208371718388	-0.25056007742019	-2.47639806174309	0.0300309503532365	0.0904378957301653	-3.82671434424358	NDUFA13
-0.84572946270518	-1.30617312483311	-0.385285800577254	-0.01508292801175	-4.02274621509309	0.00184877109087635	0.0194032081316494	-1.15184305170389	NDUFA2
-0.75322511173386	-1.21618400297551	-0.290266220492206	-0.10155657984731	-3.56342751048337	0.00417680766669876	0.028288859269132	-1.94303956863509	NDUFA4
0.344773491598646	-0.0557878755344526	0.745334858731745	0.032404810115877	1.88345488428914	0.08504855165244	0.186593958047514	-4.77856233682077	NDUFA5
-1.04236016168364	-1.66195534291379	-0.422764980453487	-0.17605940465286	-3.68573908393026	0.00336994631749676	0.0256327275647924	-1.73374996038045	NDUFA6
-0.769911585775836	-1.25161752718365	-0.288205644368018	-0.156049510704002	-3.50165751430369	0.00468424495134231	0.0293842147378743	-2.05293083535614	NDUFA7
-0.298577451043188	-0.752190054244792	0.155035152158416	0.092790605607734	-1.44134605205897	0.176198421448574	0.309030196738106	-5.40023639018454	NDUFA8
-0.65686708528346	-1.25086123503366	-0.0628729355332615	-0.12976506691793	-2.42275862162178	0.0330724259697059	0.0966494054777348	-3.91666690625425	NDUFA9
-0.4235697598164	-0.960155588909865	0.113016069277065	-0.0145324646452	-1.72942034008465	0.110607955366725	0.224402571157585	-5.00669702304576	NDUFAF2
-0.327585788354984	-0.700280003148539	0.0451084264385707	0.038334881335408	-1.92320967184489	0.0794259207700365	0.177832600042041	-4.71808265178365	NDUFAF3
-0.18532341404277	-0.546960917104849	0.176314089019309	-0.035904462401065	-1.12127222275131	0.284923264878252	0.434045699392341	-5.77796148607133	NDUFAF4
-1.17826957364954	-2.62534027653701	0.268801129237928	-0.40978438269057	-1.78389680210296	0.10097718493375	0.21175138781016	-4.92750238472419	NDUFB10
-0.9379690533339	-1.68055641322515	-0.195381693442654	-0.13109272757485	-2.76729699924361	0.0177350721142437	0.0655212627518292	-3.33077336385841	NDUFB3
-0.49471071095072	-0.995337697548347	0.00591627564690661	-0.08021906563542	-2.16496994358442	0.0523371587364321	0.133628090668575	-4.33987932260992	NDUFB4
-1.10933416224668	-2.14072727236054	-0.0779410521328148	-0.274374569104939	-2.35642149869372	0.0372484528761808	0.10532820288692	-4.02709872054448	NDUFB5
-1.0428232820332	-1.71564771509163	-0.369998848974772	0.1722120751062	-3.3956567206978	0.00566894755343928	0.0323364543718085	-2.23747045049642	NDUFB6
-0.38264936061122	-0.816260876816905	0.0509621555944648	0.04203881128129	-1.93227301355758	0.078354178077743	0.176337289426508	-4.70477243269546	NDUFB9
-0.35695731927717	-0.849767034003222	0.135852395448882	-0.033535793503585	-1.58690835184914	0.139786623094719	0.26193493409079	-5.20700256007072	NDUFC2
-0.27509298322396	-0.735759978499859	0.185574012051938	-0.000462755934380006	-1.30785648091797	0.216536095171775	0.357725421549332	-5.5661773855347	NDUFS1
-0.353279106549359	-0.753231558324548	0.0466733452258299	-0.0745997409821795	-1.93285824943928	0.0781361259911358	0.17602803203163	-4.70338608739722	NDUFS2
-0.4162791381541	-0.794452329434966	-0.0381059468732338	-0.02537072113695	-2.40850826845958	0.0337122703425812	0.0979945221808986	-3.93759291046882	NDUFS3
-0.1108730933677	-0.795158860237776	0.573412673502376	0.15736237300747	-0.354979662878173	0.729066837192393	0.813261576694427	-6.34184195331484	NDUFS4
0.29712395199966	-0.436093750287235	1.03034165428656	0.08794560889277	0.887808985207697	0.39293810504996	0.545020607643306	-6.00511215954358	NDUFS5
-0.173616996621946	-1.14499396835337	0.797759975109475	-0.00726249156302699	-0.391578871532119	0.702569557653864	0.793300552372426	-6.32755993830034	NDUFS6
-0.09690941345448	-0.664136664411375	0.470317837502415	-0.06120459783096	-0.3743033315413	0.715028292930311	0.802453722660406	-6.33447149543988	NDUFS7
-1.23580548203568	-1.83098820875177	-0.640622755319591	0.10379921607136	-4.54898613948518	0.000754053529070446	0.0144394636312349	-0.278011155634928	NDUFS8
-0.4840646638625	-0.95142489763226	-0.0167044300927401	-0.13662034485941	-2.26849168240285	0.0435179477129631	0.11713893940493	-4.17141847576961	NDUFV1
-0.45462493217409	-0.997659836789814	0.0884099724416336	-0.113465068573813	-1.8341730946413	0.0927680094192742	0.199127398782965	-4.85322197301578	NDUFV2
-1.1079739424336	-1.52613320816471	-0.689814676702495	-0.0946741143784	-5.80083691715701	9.9945832488623e-05	0.00782740514972634	1.67176246010356	NDUFV3
-0.43067214551814	-0.930668914701545	0.0693246236652652	-0.08199519881771	-1.88709776679786	0.0847868375708399	0.186206907864329	-4.77385569405979	NEDD4L
0.26754403534742	-0.150526663287112	0.685614733981952	0.06773107429963	1.40103303894798	0.187599713195309	0.323412105269083	-5.45155551683723	NEFL
0.023474890935628	-0.355052211267494	0.40200199313875	0.011812712987946	0.135694059872629	0.894397229258196	0.928862583953683	-6.39843106357724	NEFM
-0.03892371274524	-0.641265541661715	0.563418116171235	-0.05439528457298	-0.141574830517667	0.889879821970337	0.925491973016315	-6.39756100453885	NFASC
0.111470659220664	-0.500671639830366	0.723612958271694	0.131315435598228	0.398954156423598	0.69727792570827	0.790320722648574	-6.32451685293399	NFU1
0.046823174132562	-0.455517233810085	0.549163582075209	0.059120049575061	0.20421025705333	0.8417790652152	0.893494558255002	-6.38612978662847	NIF3L1
0.187770002611874	-0.123277206223761	0.498817211447509	-0.016237197595057	1.32085193581659	0.212100255057502	0.352638885598269	-5.55060598248136	NIFK
-0.5972051866036	-0.940488966512385	-0.253921406694815	0.0459273482392	-3.80648848662839	0.00266743533550412	0.0227303055144486	-1.51208720013253	NIPSNAP1
-0.8761530712634	-1.30125518259225	-0.451050959934552	0.0435649949685	-4.51267650753085	0.000791135454958895	0.0146337268084883	-0.327523555788735	NIPSNAP2
-0.9989226669533	-1.4387191615152	-0.5591261723914	0.08970508662045	-4.97336754530489	0.000368548710822373	0.0111727312916823	0.414321394443869	NIPSNAP3A
0.47715378708686	-0.298740322879325	1.25304789705304	-0.18213050990057	1.34731993268276	0.203972943481687	0.343396429014884	-5.5182960840097	NIPSNAP3B
-0.12431277526962	-0.627007797696076	0.378382247156836	-0.04611535660275	-0.541783771403403	0.598367616560152	0.724077886336371	-6.25481932842696	NISCH
-0.33229219487144	-0.624852473102909	-0.0397319166399709	-0.02329594303214	-2.48518665747599	0.0293541307316935	0.0892480047176699	-3.80865357252114	NLN
-0.097764505582406	-0.518859128950949	0.323330117786138	-0.042764628686377	-0.5082815502399	0.620861561347209	0.741028315156346	-6.27304531177869	NME2
0.6583637941101	0.327837735898805	0.988889852321395	-0.06949623373655	4.35827337715005	0.0010151282681091	0.0152211294937552	-0.573009295336448	NMT1
-0.213767108608548	-0.65772177758785	0.230187560370754	-0.017663061234186	-1.05436622194401	0.313393703486235	0.462573365983368	-5.84746452939173	NNT
0.110058981432848	-0.277292482697777	0.497410445563473	0.029827070055376	0.621690914595751	0.546209814383789	0.681357728457035	-6.20721392318744	NOC2L
1.5435031935195	0.867351511678233	2.21965487536077	-0.03163866434725	5.00124597198714	0.000357390442916978	0.0111727312916823	0.44678956582387	NONO
0.547612356671366	-0.161274025461714	1.25649873880445	0.219751555273977	1.69243274952276	0.117608066397659	0.233398553587353	-5.05966635299063	NOP16
0.163919923231254	-0.287491219067466	0.615331065529973	0.000978459268331201	0.795162401323579	0.442646124138775	0.590284965787994	-6.08275577340171	NOP2
0.67626380122918	0.335804431435408	1.01672317102295	-0.07740627176275	4.34615372781267	0.00103650000927628	0.0152211294937552	-0.593268227144038	NOP56
0.16189426559756	-0.410484760328537	0.734273291523657	-0.03793999985658	0.619672994135751	0.547624230569525	0.682342291856891	-6.20835419312396	NOP58
1.04102498587988	0.43923177091151	1.64281820084826	0.045530553911582	3.78990811862642	0.00280068535588616	0.0230639010985359	-1.55411565269255	NOVA1
-0.55390198323414	-0.933865614730987	-0.173938351737293	0.08696239007763	-3.18966537236639	0.00812325709923314	0.0408596088654975	-2.58883819892617	NPC1
0.06728172810562	-0.232840957429218	0.367404413640458	0.01130843195541	0.490515287224542	0.63294706487328	0.748495906077124	-6.28227085701321	NPEPPS
0.10237148022892	-0.273918521184286	0.478661481642126	-0.00544030824226	0.59526525999934	0.563137426200718	0.694143987236685	-6.22367718568595	NPLOC4
0.785029734788946	0.280481239877818	1.28957822970007	0.057082712871567	3.40877241552522	0.00553645618677848	0.0319113701915315	-2.21461559173039	NPM1
-0.5914911313738	-2.05779783728021	0.874815574532612	0.4202922922729	-0.883767916827952	0.395026207750243	0.546824484159024	-6.00865135880915	NPTN
0.098865597750602	-0.715569756237901	0.913300951739105	0.010620463411699	0.265952081404399	0.795011260155902	0.858884995991446	-6.37084325642222	NPTXR
0.44845412418764	-0.411672538839828	1.30858078721511	0.13709771698324	1.14227435501429	0.276698449332235	0.427482459230197	-5.75520392715736	NRCAM
0.136088135280228	-0.208315340730914	0.48049161129137	0.032476233882926	0.864583554641604	0.404850621227875	0.555842079333618	-6.02546681209541	NRDC
-0.8420443055212	-1.31063334806563	-0.373455262976774	-0.0489360304707	-3.93584575047955	0.00215548100392289	0.0205399956881253	-1.30081303609964	NRXN1
-0.56129955408026	-1.03370896620142	-0.0888901419591023	-0.10606473787259	-2.60257443353081	0.0238825956347152	0.0774676170439574	-3.61248298230285	NSDHL
0.053088996858424	-0.277128838610466	0.383306832327314	0.027633924180948	0.351769536210975	0.731339515877421	0.815380062901128	-6.34308328841696	NSF
0.70420065036	0.193074528881361	1.21532677183864	-0.0519060540944	3.01844425884639	0.0112317638745655	0.0495332132084373	-2.8953892003125	NSFL1C
0.7545910717654	0.383413323027593	1.12576882050321	-0.1175365327489	4.44819648212375	0.000870237926426633	0.0150317345995665	-0.423278009586265	NSUN2
-0.9949275770876	-1.90370421234774	-0.0861509418274579	-0.233776601812	-2.39855195840144	0.0345409243726293	0.0994760394530999	-3.95707265140565	NT5C2
-0.417311868516334	-0.899031737218782	0.0644080001861135	-0.095379391662487	-1.89793350191219	0.0832324087958944	0.184088253641023	-4.75746363205993	NT5DC2
0.86658521778812	0.352678976512964	1.38049145906328	0.01349345405362	3.6943854001926	0.00331845790407515	0.0254182231740212	-1.71880947465069	NTPCR
-0.14735946847499	-0.452362134378814	0.157643197428834	-0.029466284885045	-1.05713060017534	0.312042430774516	0.461269844273481	-5.84478322123032	NUCB1
-0.068193166364172	-0.701470151332352	0.565083818604007	-0.004856834819314	-0.235918482584239	0.81766906989293	0.877135911339688	-6.37877575141087	NUCB2
0.17702918114088	-0.260772153265264	0.614830515547024	-0.01302817780198	0.885393000020889	0.394098899455521	0.545886990806727	-6.00732147727746	NUDC
-0.167730585221236	-0.896024407354369	0.560563236911897	0.046824367521702	-0.504568868185702	0.623444954250335	0.742336734145909	-6.2749333553419	NUDT16L1
0.34169562380042	-0.0170836794159696	0.70047492701681	0.03926081792659	2.08384910554454	0.0600828879657307	0.144609641046516	-4.46781690987433	NUDT21
-0.10818749036694	-0.391973757657425	0.175598776923545	-0.01592074899013	-0.83414183712113	0.421103178864848	0.570507888806406	-6.05116229227139	NUDT5
0.33766294297828	-0.515035356336719	1.19036124229328	0.14017069415246	0.867566590842118	0.403474097201875	0.554999341015559	-6.02269949145678	NUDT9
1.0332553595502	0.47169634671284	1.59481437238756	-0.08684440304376	4.03113255857365	0.00183232772399087	0.0193235334370631	-1.14169795562791	NUMA1
0.47151491056452	-0.248382238986298	1.19141206011534	-0.13636119047706	1.43495998875644	0.178084552118246	0.311505270251708	-5.40843304142398	NUP107
0.48726161459182	0.0720600374391924	0.902463191744448	-0.03813095515401	2.56924807180593	0.0252910433023595	0.0805990474876655	-3.66769680266477	NUP133
0.73158435909734	-0.00276150855860902	1.46593022675329	0.17033181636289	2.18262221617834	0.0507327418326028	0.131064586296535	-4.31145273366133	NUP205
-0.17610219471248	-0.610902966511662	0.258698577086702	0.07799792000078	-0.886834881529638	0.393353917964294	0.545201017724478	-6.00605835111856	NUP210
0.9434182549342	0.43629774313959	1.45053876672881	0.1531553132157	4.07575352925887	0.00169520117812663	0.0185031208592521	-1.06603595358374	NUP214
1.031912374477	0.543001257560321	1.52082349139368	-0.1575746122161	4.62410538118132	0.000664822272357288	0.0137886313661222	-0.155592611945978	NUP43
0.09942808261086	-0.49030544374788	0.6891616089696	0.07958527018427	0.369375478826403	0.718598215076799	0.804461488980847	-6.33638729853472	NUTF2
0.7751292376576	0.380857139010711	1.16940133630449	-0.08974223145736	4.30183925725135	0.00111982303062518	0.0153296036393634	-0.668228294801636	NXF1
0.179957593285406	-0.234983280510209	0.594898467081021	-0.072353147051969	0.949482124871613	0.361897100491371	0.514002192825415	-5.94949655361487	NXN
-0.87924235454984	-1.77114824536867	0.01266353626899	-0.16803555233234	-2.15975447785852	0.0528203215114248	0.133883734811296	-4.34826063977493	OAT
-0.531182896992439	-1.26036329974516	0.197997505760285	-0.254178821476539	-1.5959670100211	0.13774818675266	0.259227837656083	-5.19458331527174	OCIAD1
-0.53045590526566	-0.867386251063404	-0.193525559467916	-0.00184523696739	-3.44479509526593	0.00510874867851123	0.0306549416242319	-2.14172437818045	OCRL
-0.32496368221578	-0.714958207160179	0.0650308427286192	-0.01287653869981	-1.82318420762968	0.0942190040641866	0.201449643361527	-4.86886204952243	OGDH
0.831122396114056	0.239667961753947	1.42257683047417	-0.123057330663482	3.07863716596801	0.0100674354878841	0.0460738190147819	-2.79051713748665	OGFR
0.60521192596644	0.200112651313577	1.0103112006193	0.1011050761336	3.26991612536574	0.00704173691808176	0.037769316196984	-2.45024004271153	OGT
0.058979996438724	-0.287072669509073	0.405032662386521	0.008968953542042	0.372920944884326	0.715954774362778	0.802737171255236	-6.33507140988576	OLA1
0.29440312983076	0.0107035746734736	0.578102684988046	0.02544210205746	2.27058623756659	0.0431727205024756	0.116496970156866	-4.16627241279539	OPA1
-0.85362875584445	-1.40477037104374	-0.302487140645156	0.083728638285295	-3.39328741781913	0.00569322419410169	0.0323653864992812	-2.24159964081309	OPA3
0.06597108681114	-0.374321672386184	0.506263846008464	-0.04452283847093	0.328082108046928	0.748751645418982	0.828446448023131	-6.35148553551244	OS9
-0.19872592833776	-0.779775172972492	0.382323316296972	0.01495355689822	-0.749301165906622	0.468813141584132	0.613928667113473	-6.11825979302321	OSBP
0.321682161592636	-0.0040985929398229	0.647462916125095	0.075971230692362	2.16050754285331	0.0524962690622262	0.133877751592103	-4.34527990424278	OSBPL8
0.1450488232564	-0.309167641444568	0.599265287957369	0.0039245607092	0.699274524110326	0.498301533475695	0.638240001857724	-6.15494910637174	OTUB1
-0.4810299991852	-0.883258495065683	-0.0788015033047164	-0.0608316673426	-2.61709389791733	0.0231285912501362	0.0759893637124026	-3.58481651059377	OXA1L
-0.76927263137572	-1.22379837000329	-0.314746892748153	-0.08793241796166	-3.70610884257267	0.00322692592942675	0.0251584975140664	-1.69368646890276	OXCT1
0.7686092947366	0.364677158809695	1.17254143066351	0.1603093427791	4.16460143454954	0.00142653959485023	0.0170793775364142	-0.902624432769675	OXSR1
0.25759170670852	-0.246267398657042	0.761450812074082	-0.02303455135246	1.1200504380269	0.285670153852237	0.434880018033077	-5.77906423276189	P2RX3
-0.5397237780899	-0.937192285049688	-0.142255271130112	-0.06904734250143	-2.97138716868036	0.0121111835601816	0.0520134159373773	-2.9713507143659	P4HA1
-0.2331842334387	-0.605661792478047	0.139293325600647	-0.03686713159545	-1.3697878298764	0.196771021419969	0.334713897998126	-5.49065783567378	P4HB
0.44847040019766	0.110718761709014	0.786222038686306	0.07399651452775	2.90529711549831	0.0136569423068513	0.0562561784415159	-3.08621606622618	PA2G4
0.412467890631	0.0550941407019215	0.769841640560079	0.09779151783306	2.52535088522404	0.0272951675561824	0.0851219296787803	-3.74066634841654	PABPC1
0.73179595508332	-0.0624016470987631	1.5259935572654	0.24461830466026	2.01872075423396	0.067597182911252	0.158432074660603	-4.57166269087796	PABPC4
0.156853757136504	-0.492677055042999	0.806384569316007	0.210594020386892	0.529066158477975	0.606878940273978	0.731505417773451	-6.26184609776205	PACS1
-0.45732658717726	-1.17712339860531	0.262470224250794	-0.18789317053977	-1.39197471569849	0.190415602201428	0.326524197719766	-5.46292476432182	PACSIN2
0.091620699794892	-0.252624345251924	0.435865744841708	0.030196749597494	0.582344717075435	0.571517468304274	0.701305583647121	-6.23148238491819	PAFAH1B1
-0.224683514160272	-1.36906174160649	0.919694713285948	-0.208025067036656	-0.430146542308208	0.675085235663147	0.77637069016661	-6.31103772066205	PAFAH1B2
-0.334860787087318	-1.23886293740198	0.569141363227346	-0.182729982391993	-0.81153946633488	0.433627060861843	0.582098697295398	-6.06951871936357	PAFAH1B3
-0.00513650421548003	-0.308133319970133	0.297860311539173	-0.03873192282694	-0.0370923046153826	0.971044201616224	0.983204773714386	-6.4074321570695	PAICS
0.218552939779	-0.222103544455447	0.659209424013447	0.12997911266216	1.08599278239444	0.299744490553653	0.44910241789885	-5.81499216715279	PAK2
-0.0515587778852	-0.52997170042217	0.42685414465177	-0.14541373653242	-0.236110079508022	0.817523951578981	0.877135911339688	-6.37872812387387	PAM
0.28499761120356	-0.266556749477509	0.836551971884629	0.04344845578664	1.13205548206959	0.280796376265852	0.430571461871031	-5.7662213805787	PAPSS1
0.11641433697914	-0.310833849603564	0.543662523561844	-0.06187042752227	0.596598030238556	0.56234475481723	0.69355853094125	-6.22279149525019	PARK7
0.70484407902896	0.304282431236577	1.10540572682134	-0.07159765564636	3.85047321066479	0.00246989100799269	0.0218290367224617	-1.43702840515367	PARP1
0.1612121159104	-0.357907968789156	0.680332200609956	-0.0317450488056	0.68036922491226	0.509814213701755	0.649186929453623	-6.16812265109069	PBDC1
0.74875942801386	0.172865582816581	1.32465327321114	-0.05435904961167	2.84848988509665	0.0153010575399938	0.0603515600308429	-3.19052709475348	PBRM1
-0.528675438781	-0.865351870553549	-0.191999007008451	-0.0740709249315	-3.43582196668009	0.00519244172748237	0.0308019029649294	-2.15742826219367	PC
0.32757936329544	-0.186048098882689	0.841206825473569	0.03300259905258	1.39727893935274	0.188856326052636	0.324624692734571	-5.45626307372114	PCBP2
-0.46406828034508	-0.837512576572386	-0.0906239841177738	-0.02775162641264	-2.71900676093176	0.0191922143018719	0.0680829830580107	-3.40925273075339	PCCA
-0.225573709441137	-0.611460747519344	0.16031332863707	-0.0001562980770856	-1.2790352795024	0.225962220749179	0.368666313823212	-5.60056762203795	PCCB
-0.29543667224486	-0.676791321965843	0.0859179774761232	0.00578273371019	-1.69507762086858	0.116799191260361	0.23255843357935	-5.0554991201409	PCDHB14
-0.653013124598	-1.25971143898357	-0.0463148102124258	-0.113113038036	-2.3581093297985	0.0371361504196108	0.10532820288692	-4.02430086315139	PCK2
0.4326931938493	-0.0535030104419371	0.918889398140537	0.06781241980639	1.94976968975722	0.0761525603284073	0.173167749163451	-4.67840265624675	PCMT1
-0.63486244773828	-1.0768396927734	-0.192885202703157	-0.10620974690004	-3.14534984713728	0.00887361958812046	0.0426574967933731	-2.67109754319076	PCNA
0.523835845969	0.0678168423360959	0.979854849601904	-0.1674928705649	2.51559801759053	0.0279157126148994	0.0861951918505309	-3.75950003237887	PCSK1
-0.8943982117013	-1.52156946439614	-0.267226959006464	-0.11097361567495	-3.12434938419932	0.00926505081310946	0.0435647965848937	-2.71080283011327	PCYOX1
-0.192243624922184	-0.748676919102075	0.364189669257707	-0.064676232586992	-0.756926401475493	0.464407690757771	0.610429620353351	-6.11247602582103	PCYOX1L
0.655595594149268	0.108663042055929	1.20252814624261	0.145852883787566	2.62613512713162	0.0229131321007252	0.0756722653190365	-3.57292905504831	PDCD11
1.3154912590472	0.749837869634023	1.88114464846038	0.0799735590314	5.09509619403175	0.000307182429432298	0.0104778006789173	0.593398708998788	PDCD5
-0.216103072311412	-1.13687382632525	0.70466768170243	-0.175156838824634	-0.514190726162044	0.616911735051001	0.738332410973868	-6.26986356676172	PDCD6
0.27237646056256	-0.0931313585441629	0.637884279669283	-0.03687086117762	1.63052376607791	0.129912732990475	0.248335810961652	-5.1465248626132	PDCD6IP
0.12838810720854	-0.479199773386516	0.735975987803596	-0.01648668233391	0.462946183933084	0.652090548606641	0.761237255405506	-6.29580725869143	PDE6D
-0.335297805873062	-0.766091193586828	0.0954955818407043	-0.029077172612729	-1.70423699025069	0.115202481150426	0.230295004714358	-5.0426493906966	PDHA1
-0.018456847720424	-0.705786772781998	0.66887307734115	0.081537827798912	-0.058831116593092	0.954102378982642	0.970433062924344	-6.40632810664074	PDHB
-0.128650324318	-0.771312744190352	0.514012095554352	0.05277458870014	-0.43857391257979	0.669142892676115	0.772060747733593	-6.30722758197057	PDHX
-0.171238251913866	-0.653365306821613	0.310888802993881	-0.005097436241467	-0.778133472721301	0.452293672876468	0.59852576761471	-6.09611333301239	PDIA3
-0.41018437113952	-0.80920568688211	-0.0111630553969297	-0.11981166127544	-2.24943489397673	0.0448475814048398	0.119978272312212	-4.20106611909275	PDIA4
0.461444297278146	0.00957306404583408	0.913315530510458	0.102805093106987	2.23615013145101	0.0460536100034494	0.121565937893023	-4.22390417818076	PDIA5
0.125072307689126	-0.470616073986255	0.720760689364507	0.110072142473443	0.459998958288518	0.654141916454897	0.762002029680385	-6.29721988495667	PDIA6
-0.3492021964692	-1.06204833920452	0.363643946266121	0.0292141931992	-1.07323784274279	0.305295111698847	0.454920975316439	-5.8280938357339	PDK3
-0.28604174490564	-1.01334700633685	0.441263516525568	-0.14517273280922	-0.86164327780508	0.406593176365821	0.557024541020995	-6.02777896304406	PDP1
-0.03101641193174	-0.419511837446966	0.357479013583486	0.02716481367725	-0.174686715751833	0.864347708939932	0.908459821192042	-6.39204522923024	PDPR
0.46436284022112	-0.00339597684510057	0.932121657287341	0.03890883506624	2.17430789892368	0.0514244083064114	0.132522147888137	-4.32443326549268	PDS5B
-0.04928772938666	-0.370763222917367	0.272187764144047	0.00586491946782999	-0.335463422037631	0.743284632396818	0.82574572647443	-6.34894741425749	PDXK
-0.22529056656509	-0.561101773794925	0.110520640664745	-0.068030797446035	-1.46791887380159	0.168800858993534	0.300319702675537	-5.36584351774801	PDXP
0.24785676125344	-0.290505645480751	0.786219167987631	0.00756534407412	1.00865085119833	0.334013194426603	0.483842603472644	-5.89293014657042	PEBP1
0.02093432875412	-0.430968616355025	0.472837273863265	-0.02669637504586	0.101440232896779	0.920950797047888	0.947424877453129	-6.40271788719696	PEPD
-1.6136061662764	-2.51939846374431	-0.707813868808492	0.1124455544924	-3.9028668611374	0.00229428495228781	0.0210516452698728	-1.36031922379077	PEX11B
-0.34343899379026	-0.978460275594286	0.291582288013766	-0.15198805346339	-1.18488482558271	0.260109019948302	0.410569769014565	-5.70842782384493	PEX14
1.25966207686482	0.518752971927314	2.00057118180233	0.29293513774599	3.72480839815454	0.00314363502158443	0.0246854505471899	-1.66628194128499	PFAS
1.0323843492556	0.496794427265356	1.56797427124584	-0.0603313133424	4.2230267316485	0.00131352922000559	0.016633183951575	-0.817868810849356	PFDN1
0.64991682234138	0.213991305555797	1.08584233912696	0.08045576908029	3.264478343013	0.00714264289399705	0.0381232015589133	-2.46249489518823	PFDN2
0.8152656305682	0.417574167569487	1.21295709356691	0.0592075649279	4.48583485344197	0.000817610584581462	0.0146337268084883	-0.36225431268197	PFDN5
0.6456725418883	0.23698993285308	1.05435515092352	-0.05493042809899	3.45810255242177	0.00500918797249998	0.0306549416242319	-2.1213337495389	PFDN6
0.116386070463762	-0.396721371342359	0.629493512269884	0.0218307133510616	0.496944063381413	0.628646225670099	0.746645653230591	-6.27888590446273	PFKL
0.140705372053176	-0.193545508580548	0.4749562526869	0.035415524607948	0.921069395144244	0.37583533346241	0.526941896562903	-5.97566587264824	PFKM
0.275723423170422	-0.0755226855880193	0.626969531928863	-0.040327183953011	1.71757762291746	0.112512748103965	0.227001228383507	-5.02328107013195	PFKP
-0.165206590384574	-0.469202813060704	0.138789632291556	-0.013819249672193	-1.18908640587759	0.258256544071658	0.409124844490878	-5.70392035693465	PFN1
-0.53886705601132	-0.8428099087661	-0.23492420325654	-0.07493870930008	-3.87921572378931	0.00234401930561593	0.0213208089339983	-1.38657271968109	PFN2
0.384670093966818	-0.217455563199919	0.986795751133555	0.108599797428971	1.39963922491382	0.188165917622945	0.323948105813003	-5.45329304288158	PGAM1
-0.388671802608826	-0.713339083160594	-0.0640045220570579	0.00193724469497299	-2.61938143137737	0.0230110316193551	0.0758807885574806	-3.58043050635103	PGAM5
-0.702231666243352	-1.12989045494577	-0.274572877540929	-0.032117876764764	-3.59532853954566	0.00392906938566769	0.0273157913022693	-1.88496291691189	PGAP1
0.15046008151564	-0.380546319775721	0.681466482807001	0.03426942620962	0.620778048167909	0.546921974914333	0.681856465584232	-6.20765294684477	PGD
0.356031045811374	0.0430703996711919	0.668991691951556	0.030184910860653	2.48915747884591	0.0291440163316048	0.0889747448577405	-3.80194516337856	PGK1
-0.24348985074696	-0.780476983304508	0.293497281810588	-0.08708075405308	-0.993417483874127	0.341067011525901	0.492694458398826	-5.9077362511567	PGK2
0.3954757151644	-0.480864435655833	1.27181586598463	-0.1199207649412	0.988694059978357	0.343276052303425	0.494634734111139	-5.91228893558255	PGLS
0.249405523709288	-0.0647749072490727	0.563585954667649	0.053213870982516	1.73692541542836	0.108939726464036	0.222340145004803	-4.99538005214395	PGM1
0.62729165016478	0.0288300250075982	1.22575327532196	0.15781074709081	2.29640251572168	0.0414613919810195	0.113326584879265	-4.12615993638651	PGM2
-0.31837138339432	-0.753106007808857	0.116363241020217	-0.06508883418744	-1.60353372444595	0.135935224975366	0.25647933977634	-5.18407301382788	PGM2L1
0.32015344568856	-0.0794164267409883	0.719723318118108	0.07281252538428	1.75329849746069	0.106014764180165	0.218689596688264	-4.97166324085189	PGM3
0.30463505788774	-0.166182476194427	0.775452591969907	0.01883118394211	1.41717182066322	0.183041970493512	0.317631654679917	-5.43112545825278	PGRMC1
-0.56212921459916	-1.13445241710445	0.010193987906127	-0.18137291786102	-2.15183822811103	0.0535617638578996	0.13486197289711	-4.36096670936453	PGS1
-0.01696579261608	-0.414110904838121	0.380179319605961	-0.0710001980299	-0.0934792775650233	0.927124449852335	0.951533809795379	-6.40354041157035	PHB
-0.441714862540252	-0.950473260381648	0.0670435353011435	-0.117306439799704	-1.9021520787879	0.0826343463084018	0.183220569582979	-4.75106905217435	PHB2
-0.4832078966994	-0.908293365569379	-0.058122427829421	-0.0611029880531	-2.48888734860604	0.0292652467371557	0.0891018600100569	-3.8041254893301	PHYHIPL
-1.11104798871	-1.72077234133765	-0.50132363608235	-0.2988279291686	-3.99221655369831	0.00196130737808385	0.0197305714578666	-1.20785557875543	PICALM
-0.395311467998842	-0.767093008055588	-0.0235299279420965	-0.046234021894299	-2.32651482677421	0.039063616065075	0.108166629176684	-4.07408482264411	PIGS
-0.212697741353834	-0.737616732130902	0.312221249423235	0.0624706507867467	-0.88773922110016	0.392974089065764	0.545020607643306	-6.00517337833226	PIGT
-0.32261049163548	-0.848881638598956	0.203660655327996	-0.08158516072258	-1.34302390081576	0.205318346004231	0.344776884097874	-5.52355513683454	PIN1
-0.323947048787706	-1.20296573436224	0.555071636786829	0.151540577441553	-0.807403700516452	0.43591030894303	0.583440959180033	-6.07286521631229	PIP4K2A
-0.3372991470786	-0.982701078964565	0.308102784807365	-0.00591454842570001	-1.14498499898078	0.275619237582209	0.427023985551429	-5.75226833553314	PIP4K2B
-0.16309477228526	-0.543617125468078	0.217427580897558	-0.03683091148203	-0.937808360683794	0.367522792534267	0.518283111177199	-5.96038671533299	PITHD1
-0.05968183594186	-0.404409916071979	0.285046244188259	-0.00800047768967	-0.378808527584324	0.711695187878445	0.800042175957259	-6.33276006665727	PITPNA
-0.209081965796032	-0.909972443710029	0.491808512117965	0.021514260080016	-0.653553627804029	0.526325637849725	0.665297549175419	-6.18632608155345	PITPNB
-0.15514428997946	-0.483631186796145	0.173342606837225	-0.03819918025439	-1.03340838017899	0.322547694263681	0.472247898442399	-5.8686822690777	PITRM1
-0.0284701235762615	-0.354042839307901	0.297102592155378	-0.0466089563922393	-0.191335512219892	0.85158194141535	0.900243766639084	-6.38883245463783	PKM
0.120797882390036	-0.295831781089246	0.537427545869318	-0.039879530192818	0.634763530544782	0.538002755153021	0.674589324812778	-6.19875835072463	PLA2G15
-0.068062613262486	-0.4310847432438	0.294959516718828	-0.068582079328337	-0.41023220605282	0.689135933714174	0.784706638633505	-6.31982805915533	PLAA
-0.172309668799742	-0.67174990943716	0.327130571837676	-0.074793059818029	-0.755859248474949	0.465022656274679	0.610429620353351	-6.11328864568088	PLBD2
-0.629461189090662	-1.354562751987	0.0956403738056789	-0.285359423363269	-1.90188797026018	0.0826716724870518	0.183220569582979	-4.75146960126414	PLCB1
0.087534774904548	-0.212018777501887	0.387088327310984	-0.029458093090274	0.639381959598108	0.535038950393482	0.672417978531359	-6.19581952709541	PLCG1
-0.094120158432776	-0.579573041220815	0.391332724355263	-0.144438846063508	-0.42476661932456	0.67889085042286	0.779599540490849	-6.31343266556665	PLCH2
-0.64377676049572	-1.53254545395756	0.244991932966119	-0.19802907005214	-1.58694312305939	0.139778748564727	0.26193493409079	-5.20695497407152	PLD3
-0.0380724775245	-0.341011744670922	0.264866789621922	-0.00685490681989	-0.274985504897026	0.788180051023925	0.856018433524989	-6.36830784928917	PLEC
-0.2152234659299	-0.540940850363026	0.110493918503226	0.010958781405536	-1.44578233981193	0.174798122211279	0.307233736543658	-5.39451926760332	PLOD1
0.15514608201752	-0.336514299232483	0.646806463267523	-0.10754091695876	0.691337976048861	0.503149881993932	0.642701107309979	-6.16048253942647	PLRG1
-0.52240417607888	-0.863968392667297	-0.180839959490463	0.08653667072364	-3.34648210538964	0.00610594467172755	0.0340032582101562	-2.31390543742498	PLXNA1
-0.286560755086	-1.13000955242478	0.556888042252783	-0.0323126772748	-0.744342478811905	0.471692051517712	0.616220076878016	-6.12199257099815	PLXNB2
-0.017599205574786	-0.320699399838578	0.285500988689006	-0.043045485536967	-0.127046025409294	0.901086938008271	0.932671091340798	-6.39963072981239	PMM2
-0.29403225544486	-0.689113477380594	0.101048966490874	-0.01269979671571	-1.62854214540207	0.13035418465759	0.248744042926153	-5.14930304777929	PMPCA
-0.36204016103964	-0.768255093781305	0.0441747717020252	0.03714892237492	-1.95070441191361	0.0758189403139212	0.17313048818545	-4.67617898677391	PMPCB
0.4167692317739	-0.0064458814611148	0.839984345008915	0.09428061749873	2.15594320119088	0.0530343579623894	0.134152958785511	-4.35340597946782	PMVK
1.25418656684982	0.598933919208394	1.90943921449125	0.14315881073959	4.19341819548419	0.00138236108325755	0.0169533384536586	-0.867562408464707	PNN
-0.28620576264894	-0.81712836863066	0.24471684333278	-0.0751970172676702	-1.18103283308907	0.261575916852697	0.411694467548261	-5.71271126298356	PNPLA8
-0.188826466698796	-0.718096399132482	0.34044346573489	0.015777558373924	-0.78162863060375	0.450316757394076	0.596867930413642	-6.09337763258862	PNPT1
-0.105307122469526	-0.602809353766677	0.392195108827625	0.002480353938803	-0.463743171434836	0.651536330838642	0.760997223232079	-6.29542376568265	POGLUT1
0.14791473978796	-0.352096331167859	0.647925810743779	-0.06234123215638	0.648106904791811	0.529717002021905	0.668423245903941	-6.18994079321565	POGZ
-0.3553521336362	-0.7864211097666	0.0757168424942002	-0.10035956433648	-1.80501353975832	0.0973243686631403	0.206672273143614	-4.89615622086008	POLDIP2
0.23028034185974	-0.226861145532474	0.687421829251954	0.06341052023713	1.10317059475232	0.292554649080294	0.441433894134698	-5.7970019926598	POLR2A
-0.058581852405388	-0.378764226586019	0.261600521775243	-0.028215016941394	-0.400331637480359	0.696211135299449	0.790320722648574	-6.32401057548903	POLR2B
-0.676686719629541	-1.05603807227937	-0.297335366979707	-0.01573922020177	-3.90301526289745	0.00224720417034787	0.020964302153288	-1.34559799364547	POLR2E
-0.150609454907406	-0.836365555346921	0.535146645532109	-0.101568965294337	-0.481168703388939	0.639473890701375	0.751734789122833	-6.28688057941329	POLR2G
-0.498566565751586	-0.990294732230254	-0.00683839927291791	-0.046159348867033	-2.22132896813939	0.0473766534774855	0.124008674510013	-4.24880942299834	POMK
-0.37946895380556	-0.722548789148038	-0.0363891184630822	0.03209980740278	-2.42011102576399	0.0330146956614484	0.0966100276527372	-3.91815863635928	POMT1
0.01674794213878	-0.363096020193474	0.396591904471034	0.01279877421225	0.0964740381804197	0.92479632134853	0.949590954611403	-6.40324010682439	POMT2
-0.19095260882648	-0.875900257449972	0.493995039797012	0.06714293482484	-0.610777502650882	0.553295660162276	0.687055987562144	-6.21395659353332	PON2
0.52215919713174	0.0595050648297453	0.984813329433735	0.12446840703397	2.47190658054491	0.0302270346316076	0.0907642594233829	-3.8335319364898	POR
0.6359819069517	-0.314470555930434	1.58643436983383	0.09088731693155	1.46598381322724	0.169609535718993	0.30126738525188	-5.3684002721342	POTEI
-0.07118236130638	-0.442815578045106	0.300450855432346	-0.02416176441419	-0.419094633176345	0.682828643242476	0.78111192314871	-6.31600002030197	PPA1
-0.247462919072594	-0.607129079991741	0.112203241846552	-0.0182964699471172	-1.50544462550928	0.15903419425353	0.287156034785324	-5.31656402636684	PPA2
0.28217837640024	-0.163804563598984	0.728161316399464	0.05020594972066	1.38546230142711	0.192229995676032	0.328869969091519	-5.47109857033648	PPAT
0.402282829803592	-0.0309426128957521	0.835508272502936	-0.024175828509276	2.03322689968475	0.0657963324793875	0.155111656374193	-4.54841500469611	PPIA
-0.434201038069	-0.8097846547553	-0.0586174213827005	-0.0245837910446	-2.52952194223259	0.0270895949808069	0.084682440594824	-3.73358937721846	PPIB
0.982899424982308	0.232696855507891	1.73310199445673	0.200573611077344	2.87041934686341	0.0147027130466043	0.0587839241405443	-3.15255105266324	PPID
0.55245238494278	0.195186851493007	0.909717918392553	-0.07786826224283	3.3834359976015	0.00570973264339377	0.0323749256117626	-2.24915729451807	PPIH
0.40522888844818	-0.281532923676039	1.0919907005724	0.05705482577889	1.29273371417013	0.221617521421775	0.363206493441242	-5.58421017145676	PPIL1
1.0652010707166	0.225646174097088	1.90475596733611	0.2403893327297	2.77969605176454	0.0173398941816804	0.0647345056434824	-3.30939598230329	PPIL3
0.10122295900607	-0.392962341290083	0.595408259302223	0.098273819259759	0.448749544255874	0.661999081103592	0.765823902358459	-6.30253190347169	PPIP5K2
0.733281171289938	0.231448242646961	1.23511409993292	0.115919255127931	3.2012986653222	0.0080573464900441	0.0408101795539821	-2.57653524953926	PPM1B
1.57518995194723	0.777353288304514	2.37302661558995	-0.055051434627865	4.32547451658178	0.00110166672469689	0.0152211294937552	-0.646737428771837	PPM1G
-0.323715222414932	-0.666594918825791	0.0191644739959269	0.034153650968626	-2.06573965391452	0.0620198779644674	0.148616238854481	-4.49648751980581	PPM1L
0.1100560656097	-0.347527901672427	0.567640032891828	-0.09152080713513	0.526734694844234	0.608413522798216	0.732175700258272	-6.2631494372708	PPME1
-0.298029405471818	-0.92444044010293	0.328381629159294	-0.045324569623291	-1.04235230665077	0.318788912456429	0.467685615519076	-5.85951098838029	PPOX
0.501805022696296	0.0940105068901161	0.909599538502476	-0.082049507655368	2.69330892174113	0.0201554549215718	0.069645641787961	-3.45463546567405	PPP1CA
0.13331410747896	-0.265852532949609	0.532480747907529	0.00808883910108	0.730823133268197	0.479447984006647	0.621886481929002	-6.1322190684054	PPP1CB
0.38802743151988	-0.0846436926776324	0.860698555717392	-0.06963170263236	1.79816839855714	0.0985368679915928	0.2088407600249	-4.90643233758828	PPP1CC
0.386505520818126	-0.210398107356505	0.983409148992757	0.205349102937463	1.41862071722536	0.182690160756614	0.317472261097017	-5.42928123908298	PPP1R21
-0.0801890231184201	-0.470824408144379	0.310446361907539	0.01373830449063	-0.449156382709148	0.661622844481667	0.765823902358459	-6.30242556960499	PPP1R7
1.06224136575658	0.310675673197954	1.81380705831521	0.05022263071477	3.09649994989136	0.00974587086192599	0.0451703526360604	-2.75937349717473	PPP1R9B
0.25618156596008	-0.0253785317734387	0.537741663693599	-0.0376958711258	1.99081544795162	0.0706709707051074	0.16394763979729	-4.61390338170428	PPP2R1A
0.001720988930912	-0.334784059809005	0.338226037670829	0.003848951590256	0.0111902741338741	0.99126242753529	0.994451231300339	-6.40809342557611	PPP2R2A
-1.070462811829	-1.72178139544193	-0.419144228216075	-0.1913808498945	-3.60074966923848	0.00392194989372167	0.0273157913022693	-1.88087073448953	PPP2R5D
0.28971195617542	-0.0501639503433709	0.629587862694211	-0.04010807435149	1.86509205854226	0.0877391332510649	0.191152223440194	-4.80619913963823	PPP2R5E
-0.40540339015292	-0.843238970686016	0.0324321903801755	0.00576024577302	-2.02742421474043	0.0664641364473368	0.156348286491957	-4.55750233742773	PPP3CA
-0.551329783245538	-1.59287802340134	0.490218456910263	-0.108730000629031	-1.15970326381966	0.269816188329383	0.420120356007876	-5.73623317475053	PPP3CB
0.65604560793616	0.271940834107829	1.04015038176449	-0.03016392216388	3.73713305755555	0.00301878578034832	0.0239636703945469	-1.63217900805657	PPP5C
-0.39448412056272	-2.1508885478766	1.36192030675116	-0.30302274579384	-0.492061988858489	0.631987592633272	0.748171862645571	-6.28138644185868	PPP6R3
0.019679208035494	-0.285887211821262	0.32524562789225	-0.052474754285473	0.140914675299773	0.890362894651593	0.92555342810687	-6.39766875162836	PPT1
0.13882970026786	-0.191740698451268	0.469400098986988	-0.01376306174459	0.918909322828283	0.376917546104477	0.528025464510665	-5.9776203563266	PRCP
0.34865742610122	-0.0671835617327102	0.76449841393515	0.02592884929719	1.83558482950479	0.0923857907397475	0.198842304541525	-4.85071926730453	PRDX1
0.22606741279382	-0.356589953502753	0.808724779090393	0.00521668253189	0.850040342326711	0.412750232037804	0.562092175008439	-6.03764061755681	PRDX2
-0.85093411984136	-1.73691984956936	0.0350516098866425	-0.2695693721478	-2.10418551105425	0.0582369538132217	0.141732195547647	-4.43704866228027	PRDX3
-0.73678026283396	-1.4247136090077	-0.0488469166602196	-0.09873012671972	-2.34642370032967	0.0379204150215322	0.106264783044936	-4.04365848331263	PRDX4
0.1302428119775	-0.250120657125995	0.510606281080995	0.05428782508085	0.749219716461124	0.468696341833507	0.613928667113473	-6.11850122541427	PRDX5
-0.041914790450786	-0.465278570473443	0.381448989571871	0.005350194030387	-0.216748665861518	0.832200407798494	0.886624446180631	-6.38335929645024	PRDX6
-0.86165967740382	-1.31437312235785	-0.408946232449789	0.02698389883051	-4.16781800630971	0.00143175725568658	0.0170793775364142	-0.903938102605026	PREB
-0.00834331724286001	-0.386167007180105	0.369480372694385	0.02486124919903	-0.0483174276998837	0.962287948265821	0.976603715046159	-6.40692527206328	PREP
0.4500042100984	-0.36043417328606	1.26044259348286	0.1813178391386	1.21649797461039	0.248313573593028	0.396248926281857	-5.67286807806298	PREPL
0.194418679967348	-0.333128213500082	0.721965573434778	-0.051436652383706	0.807405558567543	0.43590928139675	0.583440959180033	-6.07286371626352	PRKACA
-0.12556447247543	-0.63925758103647	0.38812863608561	-0.086143490451925	-0.535522659468571	0.602550211947813	0.727526057899378	-6.25829854412109	PRKACB
-0.045477387542956	-0.427804788885561	0.336850013799649	0.027671974939498	-0.260264129903348	0.799237590157338	0.861172586038238	-6.37244814372163	PRKAR2A
-0.104136312853428	-0.480134391848896	0.27186176614204	-0.060039125591406	-0.605997459899616	0.556228118112233	0.689013178057618	-6.21707173942923	PRKAR2B
-0.4996654256718	-1.3548220137296	0.355491162386	-0.0290495896477	-1.28011347304916	0.225869185749526	0.368666313823212	-5.59916456261226	PRKCA
-1.03889137607624	-1.61906703354826	-0.458715718604224	-0.05399500978316	-3.92306453989426	0.00221421694712054	0.0208070693337457	-1.32578753159122	PRKCB
-0.15317861451	-0.532822257531532	0.226465028511532	-0.00987925076536	-0.882828283037789	0.395316232181337	0.546879172909923	-6.00968054169019	PRKCSH
0.12092742614776	-0.488842191843423	0.730697044138944	-0.12397196815182	0.434484054470121	0.672023844215694	0.774291666811657	-6.30908559179662	PRKDC
0.8734554701273	-0.0564016308923779	1.80331257114698	0.11330309864347	2.05797157467902	0.0631358501639855	0.150793830315077	-4.5101437215525	PRKRA
0.27615188898551	-0.171192247622866	0.723496025593886	0.001759652997325	1.35174819258853	0.202480507383821	0.342116832522354	-5.51289356934382	PRMT1
0.12826788710546	-0.218197907227744	0.474733681438664	-0.05286987183313	0.810049969245809	0.434269464221594	0.582315872478955	-6.07092062444819	PRMT5
-0.044563721949866	-0.649746242817731	0.560618798917999	0.011095335792933	-0.161328053783325	0.874650698711972	0.917080919927106	-6.39440082025305	PRMT8
1.16716576697302	0.28020026229889	2.05413127164715	0.16461020215555	2.88297333928027	0.0143707388047016	0.0579242023909222	-3.13079439320337	PRPF19
0.0587011512790199	-0.34885599358591	0.46625829614395	-0.06439996812471	0.315246776503761	0.758207272375366	0.835520684298548	-6.35582801975968	PRPF40A
-0.059428268730692	-0.375874047418831	0.257017509957447	-0.037504216737542	-0.410911224973194	0.688651807826305	0.784706638633505	-6.31953757132034	PRPF8
-0.961024283390794	-2.13751812708751	0.215469560305922	-0.222173728924137	-1.78961461400259	0.100011513231708	0.210738545738243	-4.9191111605244	PRPS1
-0.085994261180264	-0.497023196273584	0.325034673913056	-0.011001747305868	-0.457977610740018	0.655489349855419	0.763164400391669	-6.29824037893551	PRPSAP2
0.478396246875736	-0.0608402072120269	1.0176327009635	0.0473293836081919	1.94367359383555	0.0769553430311349	0.174124548261804	-4.68775466472255	PRRC1
-0.42062815072482	-1.14251502175143	0.301258720301795	-0.09192885435979	-1.27656815427525	0.227075399343527	0.369653688864221	-5.60334603667076	PRUNE1
-0.39204388818086	-1.0846386434762	0.30055086711448	-0.06506952793423	-1.24013882481619	0.239773333422661	0.386405834693548	-5.64580909898729	PSAP
-0.10918210464972	-0.444407600646404	0.226043391346964	-0.01379066118792	-0.712637469121578	0.490204320299975	0.630592829236797	-6.14549675127738	PSAT1
0.611014335756894	0.0985076307892045	1.12352104072458	0.090183458856487	2.61196085059226	0.0235089514096584	0.0765970760108722	-3.59710301303278	PSIP1
-0.29887321074931	-0.648552886153179	0.0508064646545594	-0.011835793013695	-1.87012584469813	0.0869887738007792	0.190086579786888	-4.79862203042131	PSMA1
-0.300579156885108	-0.633433120222653	0.0322748064524367	-0.041703968240854	-1.97587452865775	0.0725251535018586	0.167006761703119	-4.63707624760357	PSMA2
-0.36742352333342	-0.751171131386114	0.0163240847192737	-0.11802518411375	-2.09495890998283	0.0589228264008159	0.142603691832573	-4.45017425540558	PSMA3
-0.144836978675	-0.485494298313807	0.195820340963807	-0.08158667795528	-0.930284885785097	0.371242761435606	0.52117231396394	-5.96728323852636	PSMA4
0.1655917803152	-0.17540739474631	0.50659095537671	0.02417488865102	1.06252627956009	0.309689024747819	0.458650706258134	-5.8392852604807	PSMA5
-0.156677637829024	-0.486585775671653	0.173230500013605	0.001616165306188	-1.03912602068643	0.319992003760858	0.469135355412998	-5.86296284800891	PSMA6
0.0531851018980336	-0.312862760367889	0.419232964163956	0.0527475474188412	0.317911584802705	0.756221024327399	0.833752775811471	-6.35495454459099	PSMA7
0.02443622665614	-0.279029481057561	0.327901934369841	-0.02732689198873	0.17618898597648	0.863194106945004	0.907715046454721	-6.39176725895859	PSMB1
-0.872688352992864	-1.85280355346026	0.107426847474532	-0.183779731069368	-1.95072868426597	0.0760269793016567	0.173167749163451	-4.67693017471713	PSMB2
-0.9566891786208	-1.32845026368479	-0.584928093556813	0.001680416834	-5.63068416651935	0.000127200626143838	0.00782740514972634	1.43768755485481	PSMB3
-0.8576715719382	-1.46794389209941	-0.24739925177699	-0.0028680356149	-3.07901750436586	0.0100604785187648	0.0460738190147819	-2.78985411064828	PSMB4
-0.86287686564262	-1.70285408338422	-0.0228996479010191	-0.08971873133741	-2.25058869573556	0.0449811558362376	0.120041397543407	-4.20118198755562	PSMB5
-0.466880656866326	-1.10512186426278	0.171360550530129	-0.102612698600003	-1.60263954803368	0.13626335905789	0.256876435944191	-5.18540720117985	PSMB6
0.074701877290056	-0.256251544342598	0.40565529892271	0.021938486355392	0.493877082269642	0.630642623175862	0.748171862645571	-6.28055779593253	PSMB7
0.25532231291318	-0.173273450502215	0.683918076328575	0.08294330631609	1.30439522611683	0.217625374187478	0.358548069321709	-5.57034572456547	PSMC1
0.424105155092968	0.00565592613003885	0.842554384055897	-0.023819060745584	2.21887896625252	0.047445857141688	0.12404108519797	-4.25167147292169	PSMC2
0.31983551212226	-0.0869014252015241	0.726572449446044	0.06384733510999	1.72109035130513	0.11192810111384	0.226659596225893	-5.01833979435111	PSMC3
0.4515343677912	0.0782662245696035	0.824802511012797	-0.03421414341732	2.64681823735905	0.021890394803076	0.0737449565665352	-3.53342106665103	PSMC4
0.491537450982106	0.0286705480484317	0.95440435391578	-0.039177632904833	2.32587329549058	0.0392854642621655	0.108498458777688	-4.07705485339044	PSMC5
0.690687189229554	0.298563218013177	1.08281116044593	-0.041375384928557	3.85400471689775	0.00245128417729449	0.021752655931032	-1.43003182097814	PSMC6
0.02601185838541	-0.274322228303089	0.326345945073909	0.016119398594335	0.189505137659935	0.8529833293801	0.901288774461161	-6.38919988026801	PSMD1
0.33785885546892	-0.563815884896035	1.23953359583387	0.14601956528062	0.820918830752262	0.428478120614233	0.576675547041228	-6.06187310855381	PSMD10
-0.20429827498204	-0.767666195277918	0.359069645313838	-0.12260010622838	-0.794488108038349	0.443091211337521	0.590517774328332	-6.08321798575256	PSMD11
-0.335463132106032	-0.894053113254409	0.223126849042346	-0.111807052396684	-1.31572907072527	0.214038079217593	0.355319488161221	-5.55668470815531	PSMD12
0.193379874735244	-0.124065526415964	0.510825275886452	-0.013666348034922	1.33289662426758	0.208239033290256	0.347542667945434	-5.53599711592571	PSMD13
-0.21520804289055	-0.64584852188931	0.21543243610821	-0.063709829554435	-1.0942384033471	0.296261833836038	0.445106389032396	-5.80639723742889	PSMD14
-0.300582978035928	-0.741657239962894	0.140491283891038	-0.034350161614436	-1.49218654027293	0.162593453172771	0.292373565301614	-5.3341096075919	PSMD2
-0.369236496947332	-1.02853392039725	0.29006092650259	-0.142032186361314	-1.22698162357858	0.244496956596956	0.391302680536037	-5.66091748964933	PSMD3
0.64853644660684	-0.194776546670193	1.49184943988387	0.20454791514522	1.68484677438787	0.119091616736194	0.234896114686817	-5.07044753794365	PSMD4
0.51560339619212	0.0763308600779029	0.954875932306337	0.08229957797194	2.57010000454901	0.0252744263381006	0.0805990474876655	-3.66668380016244	PSMD6
-0.466204719324782	-1.16460928450605	0.232199845856482	-0.148362636005819	-1.46246139546322	0.170554216109525	0.302262833867506	-5.37297474339721	PSMD7
0.09032312698748	-0.223974992720392	0.404621246695352	-0.00978969614568	0.628798381084737	0.54170614194781	0.677287805195915	-6.20267196814185	PSMD8
0.49872497980234	0.0891152621403888	0.908334697464291	-0.05495670240219	2.66505037417456	0.0212261913207736	0.0725138562027112	-3.5033556723541	PSMF1
1.04943148236282	0.505363948948298	1.59349901577734	-0.21365339059129	4.22586961143838	0.00130711073007439	0.016633183951575	-0.813102890606955	PSPC1
0.30865176017772	-0.0689462559830785	0.686249776338519	0.01479708861262	1.7885178848515	0.0999043074807264	0.210716041768527	-4.92011613393072	PTBP1
0.53647841727598	0.174452168761323	0.898504665790637	-0.04378097688215	3.24239878621755	0.00737881524324536	0.0385998850586929	-2.49637742179918	PTBP2
0.2151216875422	-0.319245486489319	0.749488861573719	-0.0270588451149	0.881981019736154	0.395951959047892	0.547150628401962	-6.01021186629579	PTBP3
-0.04048922696644	-0.660696828015282	0.579718374082402	-0.00350435500998	-0.143026731966601	0.888758797676388	0.925133731389674	-6.39734270448286	PTCD3
0.05474694978156	-0.250645787184511	0.360139686747631	-0.06093931260634	0.392243230088131	0.702013698356232	0.793300552372426	-6.32735382078455	PTGES2
-0.21301134659122	-0.587687338272848	0.161664645090408	-0.01871670963323	-1.24394479054956	0.238152280614343	0.38510105820823	-5.6415670770562	PTGES3
1.74006124123282	0.747328839498858	2.73279364296678	0.04169035130881	3.84014082752672	0.00256257289092276	0.0222202473200056	-1.46779795549646	PTMA
0.17527304534984	-0.90418266033756	1.25472875103724	-0.26778797974228	0.355733791476082	0.728516986394715	0.813261576694427	-6.34156146799377	PTMS
0.30673499003712	-0.0997686485285715	0.713238628602812	0.06301421035764	1.65154147194566	0.125579255051818	0.242601339626653	-5.11719997962396	PTPA
0.330439685844244	-0.101874383964041	0.762753755652529	0.0317669339054621	1.67363648604501	0.121184314639165	0.237473392151972	-5.08616940161019	PTPN1
0.30399722201008	-0.0419906124616214	0.649985056481782	-0.00189967403481999	1.92248526460867	0.0795249284442107	0.177871843026344	-4.71918938245127	PTPN11
-0.36807591746208	-1.02950436375959	0.293352528835431	-0.07754598524516	-1.21918426593893	0.247331135128293	0.394969910742548	-5.66981335483423	PTPRS
0.051528508239168	-0.277590256455062	0.380647272933398	-0.011725627040844	0.342569866739104	0.738069932806515	0.822044215977869	-6.34642524532436	PTRHD1
-0.0677853492451201	-0.810771805810747	0.675201107320507	-0.14904427676584	-0.199880190864013	0.845085248985999	0.894241928519843	-6.38705246890524	PUDP
0.626485703399946	0.159429330990757	1.09354207580913	0.096059314656347	2.93783520021638	0.0129739125315147	0.0543609425264812	-3.03418877574798	PUF60
0.57544552006924	0.262813142320178	0.888077897818302	0.02864013877838	4.02739747052385	0.00180438080554064	0.0191403710768986	-1.13231552731438	PUM1
-0.09065216270472	-0.93820794990019	0.75690362449075	-0.0654801569134	-0.234328272478332	0.81887379176212	0.877565776836872	-6.37916957152811	PUM2
0.45618746084564	0.122115585556188	0.790259336135092	0.00509530815972	2.9878422353379	0.0117439695617285	0.0513744540997732	-2.94219890709228	PUM3
-0.51875479474868	-1.04758152420885	0.0100719347114906	-0.05738028333194	-2.14913422473898	0.053817271903324	0.135145868586747	-4.365302507391	PURA
0.47329823089898	0.0577348947957467	0.888861567002213	0.01934036901659	2.49344900656212	0.0290089522141969	0.0886926368117534	-3.79616431691258	PUS1
0.48736452036736	-0.0626415544877776	1.0373705952225	-0.01069536431364	1.94133836998194	0.0772649301569717	0.174245188566807	-4.69133336009027	PYCR1
0.8595290496806	0.180001461316754	1.53905663804445	0.0987144879443	2.77120261768125	0.0176096393552817	0.0654886587948551	-3.32404128901514	PYCR2
-0.238336202990996	-0.858429253122774	0.381756847140782	-0.128860263212522	-0.842069557722984	0.417016079807721	0.566135635709114	-6.044347187975	PYGB
1.17467642136276	0.190816715471842	2.15853612725368	0.37423862833986	2.61577203218151	0.0233472670480154	0.0762131508392952	-3.59060593271691	PYM1
0.7791026700954	0.214715189437207	1.34349015075359	0.1806043374035	3.02435060246706	0.0111117635634403	0.0492027989026171	-2.88510463053383	QARS
0.40509576518886	0.0911306910041498	0.71906083937357	0.00406158300165	2.82312817983624	0.0158698844823754	0.0616440530694404	-3.22909822176215	QDPR
0.69799135033814	0.297725924310429	1.09825677636585	0.09242986647593	3.81585951810011	0.00262662005067848	0.0226256368997411	-1.49677217501345	QPRT
0.03267725418696	-0.74962264792594	0.81497715629986	0.10495829245496	0.0915139066340619	0.928668089301565	0.951533809795379	-6.40372886945012	QRSL1
-0.4159984291722	-0.771418214928135	-0.0605786434162653	-0.07555988859778	-2.56096901060542	0.0255876389355412	0.0813068643322947	-3.68013807799464	QSOX2
-0.07326972724607	-0.369572658713826	0.223033204221686	-0.035009621830745	-0.541056800397888	0.598739626875024	0.724126651228908	-6.25533938370013	RAB10
-0.278123371407902	-0.593465212897391	0.0372184700815865	-0.038291287708249	-1.92979030003617	0.0785317038435041	0.176373157911903	-4.70801944191067	RAB11B
-0.330918275701547	-0.794516879940163	0.132680328537069	-0.100094135792674	-1.56337873430037	0.14513668054451	0.268730596801242	-5.23901383502411	RAB14
0.018127585716986	-0.29685698276995	0.333112154203921	-0.029595811829633	0.125922959760438	0.901956284976628	0.932719360541914	-6.39978074607221	RAB18
-0.404435845647974	-0.981901874615648	0.1730301833197	-0.155883401445419	-1.53439796834054	0.152128152376333	0.276746463864613	-5.27810792577682	RAB1A
0.63456106739954	0.237959353655699	1.03116278114338	-0.08099532305311	3.50113818296327	0.00461858758538389	0.0290558406308156	-2.04387504879571	RAB1B
-0.48645302982254	-0.931686542997895	-0.041219516647185	-0.10724084433693	-2.39244683112599	0.034832733841311	0.0999715765489445	-3.96612119908716	RAB2A
-0.49228833103028	-1.1894859209858	0.204909258925234	-0.16396144185436	-1.54695784508152	0.149093345591409	0.274196102296585	-5.2612396495039	RAB2B
0.117604748710314	-0.728267886834179	0.963477384254807	0.173071545410023	0.304603365611164	0.766141491240901	0.840023543635804	-6.35925673418557	RAB35
-0.158456854206	-0.653934424932763	0.337020716520763	-0.0854716761852	-0.700651159395107	0.49753266227016	0.637765003955232	-6.15390762250774	RAB3A
-0.46107501739902	-0.776908941054968	-0.145241093743073	-0.04328933267649	-3.1942363599814	0.0080558244635357	0.0408101795539821	-2.58082429634028	RAB3C
-0.279339223081142	-0.596741816633191	0.0380633704709074	-0.025138121611549	-1.92564259127577	0.0790942337148797	0.177271778438996	-4.71436418067155	RAB3GAP1
0.1631757136212	-0.255354042304409	0.581705469546809	-0.0763832495183	0.853555989827328	0.410772596370639	0.560097800048161	-6.03477819890832	RAB3GAP2
0.132132609040952	-0.170661344815558	0.434926562897462	-0.027597619841936	0.954810188942116	0.359213520380955	0.511188471311359	-5.94462722017076	RAB5A
-0.18147905929124	-0.697122445245517	0.334164326663038	-0.10670745690304	-0.77106658468583	0.456307794809783	0.602065047658627	-6.10161106093558	RAB5B
-0.10963204596247	-0.596342814183604	0.377078722258664	-0.098646321422275	-0.493493434333908	0.631006999804086	0.748171862645571	-6.28065572161202	RAB5C
-1.0925591706326	-1.94842651982212	-0.236691821443084	-0.1287835580827	-2.79674791479531	0.0168106605615068	0.0640448028023897	-3.27997209462265	RAB6A
-0.4332084401292	-0.933382344325576	0.066965464067176	0.0257393478976	-1.89753893074856	0.0832885495020986	0.184088253641023	-4.75806136295293	RAB6B
0.064903235062416	-0.262163845109626	0.391970315234458	0.050852878001928	0.434193926132841	0.672140498675258	0.774291666811657	-6.3092955254942	RAB7A
-0.0299889056521908	-0.449269169749384	0.389291358445002	-0.0019199508668334	-0.156588199852281	0.878283865026886	0.919124485787964	-6.39520286190206	RAB8A
-0.12825660906592	-0.738027905019634	0.481514686887794	-0.18473237953536	-0.460816044382867	0.653572898829771	0.76174566905787	-6.29682911974631	RAB8B
-0.1274760744431	-0.462184594220402	0.207232445334202	-0.04478561657617	-0.83332833157835	0.421543391958192	0.570507888806406	-6.05183782763865	RABGAP1
0.3591176292914	-0.00524640097710993	0.72348165955991	-0.04322319825328	2.15652978846736	0.0528665961554452	0.133883734811296	-4.35168322952044	RABGEF1
-0.9910563236506	-1.86368654138854	-0.118426105912656	-0.3098809061397	-2.48818635445889	0.0293999345325922	0.0892629444849078	-3.80687214948154	RAC1
-0.24112416908144	-0.591110197617258	0.108861859454378	-0.07186285212312	-1.50745469842804	0.158524976190878	0.286473528993946	-5.31390101304559	RACK1
0.764599740201	0.450767091193692	1.07843238920831	0.0161231050199	5.33077382714958	0.000203362587948384	0.00882621996300266	0.985848732661187	RAD21
0.54458855261337	0.175416059449997	0.913761045776743	0.152381402435115	3.22770181830353	0.00757906933399175	0.0392995447888456	-2.52214771316541	RAD23A
1.249662848648	0.771064544472146	1.72826115282385	-0.0622576000464	5.72053330278543	0.00011562171762681	0.00782740514972634	1.53541261809073	RAD23B
1.0864968097034	0.288812208006295	1.8841814114005	0.06296135918744	2.98409099196464	0.0119559740056293	0.051654038227358	-2.95517775020523	RAD50
0.7172138080747	0.15451835651206	1.27990925963734	0.08031590562925	2.7924798781532	0.0169416019700838	0.0643622779455627	-3.2873394223454	RAE1
-1.44687749012483	-2.34012572510252	-0.553629255147134	0.00556692977484401	-3.5487418509789	0.00430472512271712	0.0287376603758149	-1.97111194140097	RALA
0.020622585266278	-0.285295856055117	0.326541026587673	0.021003641023299	0.147499885562455	0.885278645988341	0.922905102288705	-6.39666629036444	RALB
0.47072585521792	0.0715452428461987	0.869906467589641	0.03941200188216	2.5804118542529	0.0247123576150613	0.0795679596956913	-3.64725481249549	RALY
0.21880974642436	-0.293318640555926	0.730938133404646	0.0839954073334	0.936057718035084	0.368595083387748	0.518921779548931	-5.96178166111248	RAN
0.47164942129876	0.0841054921748035	0.859193350422716	0.04313570471904	2.6628861640329	0.0212592157442671	0.0725138562027112	-3.50584197957972	RANBP1
0.49082010866534	0.0998849446220331	0.881755272708647	0.04330784261147	2.74708339768468	0.0182339011705262	0.0667862521061388	-3.36078718387353	RANBP2
0.75044531815436	0.291507545088036	1.20938309122068	-0.11374445226666	3.58123584257422	0.00404334964221642	0.027756705248297	-1.91173718295057	RANBP6
0.0257090465592999	-0.413239436866977	0.464657529985577	-0.11957530302757	0.128245082845997	0.900172522736042	0.932641963518168	-6.39946480667709	RANBP9
0.4373763297362	-0.067661376578286	0.942414036050686	-0.00351743833649999	1.89734491101689	0.083316167932813	0.184088253641023	-4.75835525801608	RANGAP1
0.15116364759692	-0.158482213996528	0.460809509190368	-0.01092461668888	1.0681600135793	0.307245998825779	0.45627075880046	-5.83352034457897	RAP1GDS1
0.40680567793294	0.0674948132094709	0.746116542656409	0.00572160678887	2.62327290286086	0.0228487224507097	0.0755738804695442	-3.57376953592946	RARS
-1.80913837332283	-4.02750034111538	0.409223594469718	-0.721769314578665	-1.7867104988244	0.100500936306486	0.211223371127247	-4.92337496106145	RASA1
0.853335276326	0.0107874262819248	1.69588312637008	0.1090232941546	2.21891128839439	0.0475799385323559	0.124242829923604	-4.25273444169783	RBBP4
-0.48537236440358	-1.29933213989923	0.328587411092071	-0.24986706316411	-1.30643232275388	0.217076458207938	0.357913827996926	-5.56785574475277	RBBP5
0.80940940591526	0.379880270704841	1.23893854112568	0.00193068364115	4.12613966096031	0.00153747507140632	0.0176647793730527	-0.973515088051589	RBM12
1.47099136467286	0.554322003626715	2.38766072571901	-0.00537711275065	3.51570334721135	0.00456757446943098	0.0289461723459199	-2.02851216537037	RBM12B
0.849395588819218	0.403119914006093	1.29567126363234	-0.011370934288055	4.16769582399187	0.0014316322207493	0.0170793775364142	-0.903925652802118	RBM25
0.576967380408584	0.141191628342734	1.01274313247443	-0.074138220510308	2.8990553283082	0.0138935695024109	0.056653536575249	-3.10035415867231	RBM39
0.71074491000396	0.188603607451666	1.23288621255625	-0.1290692546681	2.98222581171572	0.0119966089698903	0.051654038227358	-2.95842234994277	RBM6
0.37867013579978	-0.12370398935357	0.88104426095313	0.11153911364291	1.65138603383542	0.125835486939098	0.242666844512412	-5.11765847406028	RBM8A
1.68818398597202	0.842579816820852	2.53378815512319	0.00581915572065	4.37388616188579	0.00101426393217437	0.0152211294937552	-0.566321743380807	RBMX
1.18553239233576	0.580200595633591	1.79086418903793	-0.05231059751596	4.29076522876515	0.00116914284945054	0.0157545607429045	-0.704573076783163	RBPJ
-0.630886111329156	-1.07142442833025	-0.19034779432806	-0.05338983263397	-3.13572327676357	0.00902666657909952	0.0429307475864363	-2.68766910495714	RCC1
0.77426285936024	0.39610414851224	1.15242157020824	-0.23329952804688	4.47990239080598	0.000824447888207599	0.0146337268084883	-0.370733789199644	RCC2
0.24577307407514	-0.0669451417967863	0.558491289947066	0.00637568257715	1.71963135470881	0.112128572273605	0.226720336607189	-5.02032799129382	RCL1
-0.162129126046878	-0.782878911453292	0.458620659359536	0.025727598649639	-0.572215053012133	0.578254521447718	0.707187462364352	-6.2373641964108	RCN1
0.4997144736652	-0.168123246219831	1.16755219355023	0.00343150938012001	1.63932778079906	0.128347316264506	0.246422331930885	-5.13453242283976	RCN2
1.11773564636354	0.523584979540979	1.7118863131861	0.09806324094975	4.12151920128169	0.00156558331111378	0.0178935516657663	-0.988655637112798	RCOR3
-0.31686023564606	-0.728813052917489	0.095092581625369	-0.01950700125315	-1.68379976293937	0.119115895079389	0.234896114686817	-5.07170038739909	RDH11
-0.11187731353404	-0.454990945035143	0.231236317967063	-0.03270124122866	-0.713441371960123	0.489725278746863	0.630348044519105	-6.14491674924869	RDX
0.591079783106412	0.209232224866404	0.97292734134642	-0.105916467760994	3.38696197393385	0.0056733220450768	0.0323364543718085	-2.24298090182397	RECQL
-0.10393369556376	-0.484545655854194	0.276678264726674	-0.0997991597812	-0.597486602721458	0.561703495345645	0.69337818484989	-6.22231908249318	REPS1
0.00866437208534005	-0.571983827522458	0.589312571693138	-0.11836113126499	0.0326917994135117	0.974484144398879	0.985009173470042	-6.40759402070212	RER1
0.68879489631442	0.220983086626633	1.15660670600221	-0.11641241225639	3.22481129748583	0.00769751217810437	0.0395380449054161	-2.53359613302619	RFC4
0.9593784064992	0.542740585905061	1.37601622709334	0.0951866886578	5.04120179548756	0.000328743800902489	0.0108382261829701	0.524294471624181	RGS10
0.0300715236852	-0.295763745980033	0.355906793350433	-0.0214309707817	0.201934988899836	0.8434772758092	0.893757812943925	-6.38663576627283	RHEB
-1.1322640237394	-1.59202760241776	-0.672500445061043	-0.1621344509877	-5.39362586362248	0.00018944138488718	0.00844259023256177	1.05880520586331	RHOA
-1.089205478753	-1.45579714124206	-0.722613816263938	-0.0297685939325	-6.50101947486946	3.49920533724545e-05	0.00621639195785531	2.66838131679702	RHOB
0.23186162547236	-0.200246666370823	0.663969917315543	0.08259054943662	1.1749099467039	0.263807786123255	0.414311077055442	-5.71957789766099	RHOT1
-0.19058829119248	-0.498587633779559	0.117411051394599	-0.05830294461038	-1.35394386892572	0.201630607024058	0.341209003979471	-5.51023899267018	RMDN1
-0.829404571049564	-1.62101275385683	-0.0377963882422988	-0.139191894306898	-2.2954665290324	0.041530585388645	0.113326584879265	-4.12769794715639	RMND1
0.70962505366562	0.205326023229658	1.21392408410158	-0.14201825471059	3.0828729116677	0.00999022996749031	0.0460738190147819	-2.78313292237306	RNF2
0.24742169492384	-0.210946807779166	0.705790197626846	0.03482979361978	1.18218105474	0.261067035184274	0.411365494328391	-5.71148487337627	RNH1
0.7679913516216	0.260251084331658	1.27573161891154	0.1309870952006	3.31382474817241	0.00657181267283951	0.0357324030334126	-2.38016586137729	RNMT
-0.00345240518841199	-0.674879817075734	0.66797500669891	0.221907853934606	-0.0112651637128263	0.991206071195	0.994451231300339	-6.4080924766775	RNPS1
-0.33933225721514	-1.24890709609853	0.570242581668248	-0.08700627725047	-0.817337683662868	0.43043926326137	0.578958047874042	-6.06480148195355	RPA1
0.0374441382856601	-0.488765217068624	0.563653493639944	0.01243623541673	0.155897837238048	0.878832252647106	0.919257694072177	-6.39531046933301	RPL10
-0.2705562506406	-1.03057713264874	0.489464631367539	-0.19538020196592	-0.779914261247269	0.451285736025016	0.597789297173914	-6.09472086217252	RPL10A
0.35329479224642	-0.267594379903884	0.974183964396724	0.02866118645819	1.24663112103388	0.237469549795342	0.384281710306324	-5.63830912702334	RPL11
-0.642397631163218	-1.135836715575	-0.148958546751431	0.101944268040191	-2.85223430802155	0.0151971998740078	0.0601663853585164	-3.18404541594776	RPL12
0.271702668269818	-0.370439864946276	0.913845201485913	0.0471752528238568	0.926994764481005	0.373084813153942	0.523421688377285	-5.97007089818772	RPL13
-0.0674306658275	-0.493020382733125	0.358159051078126	-0.07687836768861	-0.346914055677185	0.73492576732183	0.818960158276445	-6.34482969197593	RPL13A
-0.140660688385828	-0.821586053788557	0.540264677016901	-0.140294420409534	-0.452572374681838	0.659324213941614	0.765584763068811	-6.30074096446931	RPL14
-0.72430550476528	-1.11615182641676	-0.332459183113801	0.07597275928484	-4.04445720890045	0.00175110599941638	0.0190182308294824	-1.1031814848779	RPL15
0.8101343404824	0.325093451743402	1.2951752292214	0.15772074893	3.65926199887969	0.00353278541370428	0.0263269762847917	-1.77953308510825	RPL17
-0.0738906616624	-0.775516146097521	0.627734822772721	0.1131864324116	-0.230727316653877	0.821603618967024	0.880059224830723	-6.38005160945268	RPL18
-0.33923961574006	-0.839751616008941	0.161272384528821	-0.17068949268387	-1.48493308240653	0.164603614880694	0.295016166900291	-5.34366471866013	RPL18A
0.250219114713296	-0.2029654816214	0.703403711047992	0.026841237807208	1.20904290437976	0.250953843875099	0.400169642935969	-5.68138424574549	RPL19
0.27465865585602	-0.234365263127266	0.783682574839306	0.03721059664741	1.18214272783023	0.261152587908031	0.411365494328391	-5.71147816262228	RPL21
0.150884681091634	-0.374070830615281	0.675840192798549	0.112866972161217	0.629705467639629	0.541267269416431	0.677126904949037	-6.20194506750916	RPL22
0.10787151370424	-0.418404409089789	0.634147436498269	0.05831820202202	0.449063840700825	0.661778979587777	0.765823902358459	-6.30238521296564	RPL23
-0.102562120730548	-0.475040577324174	0.269916335863078	0.023844102994806	-0.602476437532589	0.558489750108115	0.690755311323521	-6.21925105347387	RPL23A
0.819940151226104	0.252155347423578	1.38772495502863	-0.075976810187148	3.1638304651542	0.00862413010806805	0.0421173960311243	-2.64192151823595	RPL24
0.8367309235356	0.132572214491309	1.54088963257989	0.1054238920146	2.60333513421876	0.0238789587871483	0.0774676170439574	-3.61179986097324	RPL26
-0.113835682439582	-0.567003134683138	0.339331769803974	-0.007787785062471	-0.550067612285818	0.592812076912637	0.719201340166918	-6.25020282224601	RPL26L1
0.52410255658798	-0.378977237572533	1.42718235074849	0.18167440824751	1.27146663368643	0.228820215317311	0.371939337332605	-5.60934782111702	RPL27
0.2779461623336	-0.177353621615295	0.733245946282495	0.0715607783796	1.33680384021974	0.207174124009609	0.34682600668173	-5.53118162461106	RPL27A
-0.1403890356719	-0.4863570354302	0.2055789640864	-0.02092975001855	-0.887874316822477	0.392706618020563	0.545020607643306	-6.00526378518878	RPL28
0.2745183474389	-0.289335444826531	0.838372139704331	0.11195477363997	1.06664446729903	0.308139109849124	0.456730906083867	-5.83486347672098	RPL3
-0.54152280167386	-1.10254166564011	0.0194960622923863	-0.04091845606261	-2.11472596869365	0.0571708250680436	0.13991469856899	-4.42028060512583	RPL30
-0.10634636606784	-0.709782537525484	0.497089805389804	-0.10096054817952	-0.386105626040827	0.706507142000977	0.796233913778076	-6.3297825204384	RPL31
-0.48316106627522	-1.08532019231754	0.118998059767102	-0.110787141329232	-1.75790529052444	0.105473785822309	0.217832804588553	-4.96545899161694	RPL32
0.31308122979748	-0.096837040426285	0.722999500021245	-0.06607772392926	1.67176491859319	0.121478249251095	0.237642734401622	-5.08871887693844	RPL34
0.449634442393642	-0.069851295346516	0.9691201801338	-0.152111239826399	1.89627254560153	0.0834689693667846	0.184239393455704	-4.75997937030898	RPL35
-0.66779718041164	-1.0816709267807	-0.253923434042578	-0.07213151437692	-3.53247857597871	0.00439188045632481	0.028759531789488	-1.99328984243602	RPL35A
-0.73194634685702	-1.71542077980881	0.251528086094771	-0.27460855959921	-1.6305382389446	0.130206004211433	0.248678658961993	-5.1467849213303	RPL36A
-0.25096829344082	-0.999126656334897	0.497190069453257	-0.11466105379247	-0.734920120450839	0.477192881278425	0.620066702280239	-6.12902363235481	RPL37A
0.45245703293306	-0.0520518251249658	0.956965890991086	-0.08874374675795	1.96482267827537	0.0742033239086444	0.170511427465864	-4.65524950989813	RPL38
-0.071190255010922	-0.391609089347794	0.24922857932595	0.031501549662901	-0.486134838696976	0.635955843614312	0.750200522684026	-6.28448616635876	RPL4
0.23000488399344	-0.293265944891173	0.753275712878053	0.08611846846418	0.96299791845668	0.355475196432224	0.507191080922579	-5.93673643899468	RPL5
0.15637493768034	-0.249628416801212	0.562378292161892	0.07583170525073	0.843001075980105	0.416374517973616	0.566075281928528	-6.04371884628245	RPL6
-0.37140526044886	-1.08368427165886	0.340873750761144	-0.09056122518001	-1.14238559540326	0.276654095998871	0.427482459230197	-5.75508356328422	RPL7
0.36023290033876	-0.114658691042976	0.835124491720496	-0.01694583947866	1.66155950282597	0.123703795725244	0.239905911163904	-5.10331156838614	RPL7A
0.15589273212756	-0.549153739598567	0.860939203853687	-0.02385541563416	0.484420975274391	0.637234378073395	0.750314265013065	-6.28525260749125	RPL7L1
-0.1433554441148	-0.539965699804435	0.253254811574835	-0.00383302619182	-0.790934766004898	0.444917177117113	0.591867274617098	-6.08621835143816	RPL8
0.46609746814046	-0.227590720313155	1.15978565659408	0.14709019794651	1.47206592177606	0.167988848805754	0.299852540427605	-5.36048416689553	RPL9
0.219836163030588	-0.12368505695869	0.563357383019866	0.044609847453626	1.40023135737636	0.187706430314213	0.323412105269083	-5.45258046284502	RPLP0
0.8683874256106	0.445266668498945	1.29150818272225	0.0197131958199	4.49316149944562	0.000815934592852365	0.0146337268084883	-0.358003601584829	RPLP2
-0.23152796048034	-0.690526543371523	0.227470622410843	-0.11648332095791	-1.104739227362	0.291915780035022	0.441107071804524	-5.79533879315799	RPN1
-0.22348661078326	-0.890661435279306	0.443688213712786	-0.12083800061705	-0.733882740745152	0.477800938896828	0.620487477460901	-6.12979277228633	RPN2
0.132489463341186	-0.20279770125972	0.467776627942092	0.016862341313927	0.864606798412962	0.404838375912937	0.555842079333618	-6.02544688365554	RPP30
1.02503832888964	0.531615626706798	1.51846103107248	-0.02747349708326	4.55130345373763	0.000751121144187588	0.0144394636312349	-0.2742231094061	RPRD1A
1.25494157959651	0.658115726889357	1.85176743230367	0.039966131255744	4.60670812219731	0.000684453396108045	0.0139641286327464	-0.183874596771969	RPRD1B
-0.167363728960986	-0.490928826853982	0.15620136893201	0.003296780486859	-1.13175887192494	0.280666160081551	0.430571461871031	-5.76673654508267	RPS10
0.35311191358732	-0.0879918195513115	0.794215646725952	0.08554055900248	1.75283924608163	0.10624302850835	0.218689596688264	-4.97259302121825	RPS11
-0.00253602193049994	-0.736640536344496	0.731568492483497	0.17608453153043	-0.00756850191041194	0.994091723076676	0.996373843653069	-6.40812932429714	RPS12
-0.547558903536536	-1.40859983328919	0.313482026216119	-0.261618592001072	-1.39322694075821	0.190046520134236	0.32615688164547	-5.46135366776277	RPS13
0.48499974804296	0.14717459533769	0.82282490074823	-0.11259457184678	3.14125913474513	0.0088733289651175	0.0426574967933731	-2.67368822097841	RPS14
-0.25745610523576	-0.656207825975593	0.141295615504073	-0.1041377704172	-1.4128336824938	0.18407613405942	0.319172518388971	-5.43664483649901	RPS15
-0.65156593893668	-1.69074622306011	0.387614345186753	-0.2594237062159	-1.37366960745867	0.195879515596439	0.334066392614864	-5.48577758757134	RPS15A
-0.35851891873732	-0.832499669974337	0.115461832499697	-0.08853511800266	-1.65683162920936	0.124669061758104	0.241270001611649	-5.10996243547862	RPS16
-0.3271784861147	-0.853671871918809	0.199314899689409	-0.10897912644051	-1.36146547846614	0.199594321518448	0.338287580648115	-5.50089466539017	RPS17
-0.49672929984609	-1.36643930624536	0.372980706553178	-0.235195072238971	-1.2512962004712	0.235825134546555	0.381903760174428	-5.63290176209235	RPS18
-0.00676110615060006	-0.471625447654864	0.458103235353664	-0.02774497264	-0.0318549617445511	0.975135670931208	0.985063012328934	-6.40762271592731	RPS19
-0.03805454446887	-0.343424598682394	0.267315509744653	0.011396097450235	-0.272668089192002	0.789917573914321	0.856943592852151	-6.36897451735553	RPS2
-0.300590097408942	-0.683101066783533	0.0819208719656488	0.000359274963490999	-1.7194320132678	0.112165810140066	0.226720336607189	-5.02061471567923	RPS20
-0.26685319745394	-0.571679076352453	0.0379726814445733	0.00978216843961	-1.91546759654965	0.0804899577544039	0.179662144967141	-4.72990000734295	RPS21
-0.02603879292196	-0.609400524647597	0.557322938803677	0.015222652439672	-0.0977907386369643	0.923791901802574	0.949005986651774	-6.40310049199323	RPS23
-0.359354768609	-0.870429984144369	0.151720446926369	-0.0178813847625	-1.54047057333988	0.150654242830725	0.27521189297027	-5.26996332060066	RPS24
-0.15718857222724	-0.62485468281036	0.31047753835588	-0.0581158499982	-0.736157322861748	0.476431284249328	0.619814954419716	-6.1281456872944	RPS25
-0.81378797234346	-1.87085827345705	0.243282328770128	-0.19751914209553	-1.68663927986902	0.118739572032825	0.23457781515625	-5.06790259908251	RPS26
0.7421306016863	0.314977028895321	1.16928417447728	0.08457345491715	3.80409952778115	0.00270690114850537	0.0228153096802596	-1.52348702992977	RPS27A
0.57100008514004	0.136864907041132	1.00513526323895	0.0154794740797	2.87991386881698	0.0143869649343602	0.0579242023909222	-3.13360308107837	RPS27L
0.29468691454472	-0.0371493825139651	0.626523211603405	-0.06039865362284	1.94308230323437	0.0767537331182275	0.173991068948173	-4.68764128283101	RPS28
-0.4766741546993	-1.14291906770896	0.189570758310364	-0.14220486613137	-1.56748182499735	0.144247028434185	0.267764679482845	-5.23348582390959	RPS3
-0.067721632521588	-0.361664141595018	0.226220876551842	-0.016242913674166	-0.504102968821751	0.623658071655336	0.742336734145909	-6.27527819728149	RPS3A
-0.1257555423459	-0.409954025424289	0.158442940732489	0.01422019297475	-0.968187814360815	0.352770221948697	0.504320494115262	-5.93205811930915	RPS4X
-0.2360040234253	-0.539149913759419	0.0671418669088194	0.003320901571796	-1.70342083622402	0.115193057727855	0.230295004714358	-5.04358134375211	RPS4Y1
-0.52696209560558	-0.891987480781167	-0.161936710429993	0.01815684560903	-3.1587157283035	0.00859509053546377	0.0421042195103159	-2.64309306684397	RPS5
0.00230727980300005	-0.610255468082964	0.614870027688964	0.0605789656057	0.00825210028216316	0.993558091326916	0.996296423227679	-6.40812360042349	RPS6
-0.037673283379362	-0.347909289586838	0.272562722828113	-0.000325889020400999	-0.265702416811494	0.7951473096192	0.858884995991446	-6.37094485322244	RPS7
-0.14760212691068	-0.788653267781294	0.493449013959934	-0.16818158150188	-0.504446081749196	0.623528545492426	0.742336734145909	-6.27499746103026	RPS8
-0.80263101945443	-2.20268471413732	0.597422675228454	-0.335991485134605	-1.25598965646577	0.23417995608695	0.379521042418568	-5.62744618890133	RPS9
-0.60401284944954	-1.13153591224201	-0.0764897866570725	-0.15201542077719	-2.50853139781817	0.0283411408371183	0.0868942562463893	-3.77256790183126	RPSA
-0.19713065395966	-0.615518576395919	0.221257268476599	0.07256599132637	-1.03152048524278	0.323496947426252	0.473320265570716	-5.87047005862458	RRM1
0.3094442711314	-0.378764384076802	0.997652926339602	-0.1600898071199	0.985092769713575	0.344967255644125	0.496089274750412	-5.91574783062536	RRP12
-0.31071675494726	-0.799966105216846	0.178532595322326	-0.10444718570181	-1.39139112811992	0.190587813880754	0.326524197719766	-5.46365662053962	RRP9
0.978116298502659	0.449400604568953	1.50683199243637	-0.21398107706099	4.05306070737547	0.00176355633581517	0.0190586310944778	-1.10448893253011	RSF1
0.71943588495482	0.235526535448905	1.20334523446073	0.13905981028779	3.25718853974264	0.00728114525451102	0.0384860534881297	-2.4789925620675	RSL1D1
-0.154658281874474	-0.818066194182403	0.508749630433454	-0.149250241720101	-0.510748793170797	0.619244885753645	0.739907819157201	-6.27168763103419	RTCA
1.0480981127064	0.447573578169892	1.64862264724291	0.03297176464584	3.82371925950487	0.00263802563554132	0.0226256368997411	-1.4959927616262	RTCB
-0.86207666765574	-2.01622118212316	0.292067846811679	-0.19407442414543	-1.63644161084388	0.128955048054373	0.247371590424162	-5.13856012234366	RTN1
-0.98426609476258	-2.49829064310673	0.529758453581573	0.01426095395579	-1.42427687536483	0.181084615335851	0.315237412502522	-5.42208283619967	RTN3
-1.26824931448806	-1.84546869591663	-0.691029933059485	0.05344733972253	-4.81369473951831	0.000485436513042109	0.0119068304266396	0.149828453442796	RTN4
1.2355562728002	0.474366606790478	1.99674593880992	0.2905381155917	3.55618594469349	0.00424767054043751	0.0285444384087555	-1.95818635526684	RTRAF
-0.05744335849899	-0.649828664140486	0.534941947142506	-0.044120310772785	-0.212446881889708	0.835498855120674	0.888837232323797	-6.38432050363767	RUFY3
-0.3359213362067	-0.872946197565413	0.201103525152013	-0.12764229010089	-1.37043364514404	0.196858866790097	0.334713897998126	-5.48979525420763	RUNDC3A
0.41888204620204	0.0296048887445664	0.808159203659514	0.04753650692484	2.35443691994231	0.0371553639575957	0.10532820288692	-4.02777556711729	RUVBL1
0.33796349396652	-0.100686232987655	0.776613220920695	0.04417374796438	1.68702000476504	0.118534937850858	0.234385660623572	-5.06719255528383	RUVBL2
0.2206285040262	-0.269480182582336	0.710737190634736	-0.0187337963079	0.986243230277662	0.344426332639607	0.495637893310654	-5.91464400987622	S100A13
-0.631259952814266	-1.37267762157464	0.110157715946105	-0.175616094258193	-1.86534909965774	0.0879873613113688	0.191311165082388	-4.80661180613273	SACM1L
-0.076875800447972	-0.468207335054949	0.314455734159005	-0.025998463134294	-0.429832290475877	0.675220335160061	0.77637069016661	-6.31125579913102	SACS
0.99312264235158	0.36163125579273	1.62461402891043	-0.02873407086641	3.44548423546343	0.00518214663032494	0.0308019029649294	-2.15067264588235	SAE1
1.2902908866638	0.688510314589722	1.89207145873788	-0.0189827200479	4.69747288447386	0.0005883046623433	0.0133687578027804	-0.0367902131673876	SAMHD1
-0.83159514342294	-1.36720104878976	-0.295989238056121	-0.000318548733310003	-3.40158558552268	0.00560865987471823	0.0321357073661677	-2.22713842025678	SAMM50
0.30818980229358	-0.480382280102028	1.09676188468919	0.20612004324801	0.856232446699101	0.409456638859044	0.558940855043027	-6.03239235308701	SAP18
0.92679630446274	0.394649026217894	1.45894358270759	0.33126150294643	3.81563885880824	0.00267599107522367	0.0227303055144486	-1.50987470245732	SAR1A
-0.10063687519208	-0.845483114211853	0.644209363827693	-0.20079432340096	-0.296009281638593	0.772530613887064	0.843638984550006	-6.3619666655625	SAR1B
0.410620739550266	-0.162968819348128	0.98421029844866	0.145679370353187	1.56839142243346	0.144035449642795	0.267712915421188	-5.23225041801966	SARM1
-0.1963256928291	-0.588183763396003	0.195532377737803	-0.01654853709779	-1.09623225467478	0.29528826343662	0.444255188891897	-5.80442577529533	SARS
-0.153863691894586	-0.501886367872754	0.194158984083582	0.009511133935667	-0.967348227454842	0.353172154981536	0.504564669060664	-5.9328513182452	SARS2
0.264990416650362	-0.854898785261392	1.38487961856212	-0.153453074014981	0.518405888172543	0.614060417867223	0.736535105606674	-6.26761381714011	SART3
0.03820090321018	-0.265702457160707	0.342104263581067	0.01280070270225	0.275037785374302	0.788140866570154	0.856018433524989	-6.36829274516604	SBDS
-0.72544043731854	-1.12770112503787	-0.323179749599214	0.09920453160299	-3.94651853215987	0.00208591476524666	0.0205114951915922	-1.27258943141418	SCARB2
-0.66926898276918	-1.12587636666937	-0.212661598868987	-0.06182022927579	-3.20992005703578	0.0078993255629902	0.0401963349743767	-2.55889952894942	SCCPDH
-0.55265474164136	-0.959977689507526	-0.145331793775194	-0.11953183849668	-2.96966574207315	0.0121735676954408	0.0521010746842199	-2.9755106956573	SCD5
-0.7910030789621	-1.32696008502687	-0.255046072897325	-0.24050927880395	-3.23342682087723	0.00760144007348386	0.039322141422785	-2.52046268663509	SCG2
0.13465858746298	-0.33287546263936	0.60219263756532	0.04410509767831	0.630821339283847	0.540531772775721	0.677126904949037	-6.20125949493659	SCG3
-1.033416486296	-1.51625389221564	-0.550579080376356	-0.0434719628868	-4.68909781791344	0.000596551786237989	0.0133687578027804	-0.0503132295187196	SCN3B
0.59442087789696	0.0965201289592047	1.09232162683472	-0.00102929738771999	2.61556845002472	0.0233558760611396	0.0762131508392952	-3.59095304047862	SCO1
-0.02255000535354	-0.428624967907365	0.383524957200285	0.01467665787057	-0.121543303891904	0.905353365764469	0.935346141724485	-6.40035140324556	SCP2
0.12172118264434	-0.202743517302661	0.446185882591341	0.01932032004279	0.820829472757109	0.428345344292789	0.576675547041228	-6.06214355008153	SCRN1
0.268273420938144	-0.2062619125052	0.742808754381488	0.067885873548888	1.23832914901244	0.240376795414394	0.386693105666634	-5.64791850948451	SCYL2
-0.339697477358308	-0.738477921521193	0.0590829668045773	0.032724754178846	-1.86401277421292	0.0879193039746752	0.191311165082388	-4.80787384996654	SDCBP
-0.9110886198368	-2.21398486609292	0.39180762641932	0.5229160129314	-1.53202412419999	0.152707695919381	0.277569442291431	-5.28128607459385	SDF2
-0.28565531860462	-0.747204943442203	0.175894306232963	-0.03257541923517	-1.35551392600367	0.201359170505442	0.341014018008828	-5.50824970452188	SDF4
-0.50840166281814	-0.899116617504089	-0.117686708132191	-0.04468531310227	-2.84708977332165	0.0151900445759156	0.0601663853585164	-3.18748902662854	SDHA
-0.20454916885602	-0.867285473226855	0.458187135514815	-0.07395384291513	-0.676194715396334	0.512364267667892	0.65104260554075	-6.17100081276741	SDHB
-0.26943233885374	-0.850037983600585	0.311173305893105	-0.07806634749935	-1.01667766343272	0.330339601178018	0.480114080806667	-5.88505306873566	SEC11A
-0.861361070651893	-1.50102419484035	-0.221697946463434	-0.0680214463578535	-2.95018153072857	0.0127167487571017	0.0535920126192144	-3.01413745937538	SEC11C
-0.386786501367348	-0.778841404322193	0.00526840158749675	-0.017231891649292	-2.15863220908963	0.0526705549994257	0.133883734811296	-4.3482993808075	SEC13
-0.6480689545939	-1.06197092002899	-0.23416698915881	-0.12306908295865	-3.42788751658991	0.00530363423976679	0.0310397682182598	-2.17576280485214	SEC22B
0.79811096393866	-0.0816031641874487	1.67782509206477	-0.08603123717813	1.98763449396306	0.0713373420903734	0.164967603583989	-4.62000122480058	SEC23B
-0.150947551709022	-0.583723205385376	0.281828101967332	-0.023764043415911	-0.763715415557587	0.460433789157852	0.605906637093365	-6.10736288473817	SEC24A
0.32887968726984	-0.0438931682807416	0.701652542820422	0.0087230139507	1.93039864283027	0.0784495084196278	0.176370007085528	-4.70708829215267	SEC24C
0.668968404486258	0.175718367020189	1.16221844195233	0.102702807558211	2.97134646503612	0.0122364018276076	0.0521720023235689	-2.97734420857457	SEC31A
-0.86516760790352	-1.9000407954724	0.169705579665356	-0.22868963151496	-1.83158859603554	0.0931747621378378	0.199804033150196	-4.85706739307448	SEC62
-0.39339421550446	-0.800425675418198	0.0136372444092775	-0.10410018528637	-2.11540018873767	0.0569073731093265	0.139582916289505	-4.41800359710917	SEC63
0.16979163474418	-0.267397696419635	0.606980965907995	-0.01859463307243	0.850383919144267	0.412484021947982	0.56208028708642	-6.03743951602763	SEH1L
-0.2837064288009	-0.614528153263238	0.0471152956614384	-0.04207127729599	-1.87641713073509	0.0860592127332214	0.188621748390183	-4.78913716869285	SEL1L
0.06859056364722	-0.471224757600758	0.608405884895198	0.01579165718659	0.278377403574772	0.785693211388578	0.854593064504866	-6.36728729643897	SELENOF
-0.33445157638882	-0.733545195131331	0.0646420423536914	0.08915177642259	-1.83378695435179	0.0925583535814925	0.198872919161809	-4.85312618871565	SELENOH
1.10801074012142	0.641994339532728	1.57402714071011	-0.03685350831869	5.20748869986589	0.000254541969336123	0.00926108531767927	0.773808147681225	SEPHS1
1.06421491877338	0.11325932277715	2.01517051476961	0.00948225618491	2.45179366881542	0.0313907413274982	0.0936147381392466	-3.86804493560856	SERBP1
-1.6986897647546	-2.26081174117271	-1.13656778833649	-0.1070551503147	-6.62061479627225	3.11784114033867e-05	0.00621639195785531	2.78266904396313	SERPINA7
-0.2290107393274	-0.637280444691271	0.179258966036471	-0.05952218734286	-1.22776367406902	0.244020268816967	0.390826299946764	-5.66013916777533	SERPINB9
-2.1862735331074	-2.978698400821	-1.3938486653938	-0.1048669186925	-6.04451161015824	7.12222829437389e-05	0.00728834050717379	1.99904675468548	SERPINC1
-0.64944653316964	-1.17192347801157	-0.126969588327708	-0.21900217579338	-2.72327241169582	0.019211689218385	0.0680829830580107	-3.4065474579979	SERPINH1
0.061326161385242	-0.259025223901249	0.381677546671733	0.007508740496699	0.418864359497303	0.682992211612374	0.78111192314871	-6.31610048858319	SERPINI1
1.213060549883	0.563612590582702	1.8625085091833	0.1882703204525	4.09216312490537	0.00164748974127845	0.0181640159767441	-1.03826438576688	SET
0.21193353846866	-0.162343460272975	0.586210537210295	0.03570201364963	1.23896998167324	0.239922369743924	0.386405834693548	-5.64730996716561	SETMAR
-0.72776598961384	-1.17844012667743	-0.277091852550246	-0.07365560076538	-3.53610774476518	0.00437528604953316	0.028759531789488	-1.98879574677944	SEZ6L
-0.58527298130336	-1.07267026294454	-0.09787569966218	-0.00674533258241999	-2.63081426390393	0.0227197221876035	0.0755527799610781	-3.56494264856847	SEZ6L2
1.9871724851698	0.994830636916623	2.97951433342298	0.0453514244453	4.38721657199001	0.000991490721948233	0.0152211294937552	-0.544231166754483	SF1
0.20217296858952	-0.184688274715475	0.589034211894515	-0.0121367773164	1.14346295204744	0.275972844574691	0.42726859553656	-5.7541105279983	SF3A1
1.3236380358142	0.75910229697615	1.88817377465225	-0.00823000931049999	5.13679947457124	0.00028731204814816	0.0102088132348722	0.658113435564283	SF3A3
0.0829527901999	-0.768366536739796	0.934272117139596	-0.10214465522855	0.213478095844077	0.834713410284802	0.888434604900888	-6.38408898546909	SF3B1
0.083135812989624	-0.247730449763442	0.41400207574269	-0.025108202899368	0.549781213387913	0.592932010819154	0.719201340166918	-6.25043655448756	SF3B3
0.6396884941982	-0.26913237339843	1.54850936179483	0.14650954766142	1.54207346360255	0.150267263565621	0.274904942005301	-5.26781005256043	SF3B4
1.22701994507194	0.664077935787365	1.78996195435652	-0.03409274100765	4.77532328389684	0.000517132353415804	0.0122738610371507	0.0884313979372466	SF3B6
1.03123978981024	0.472141013519021	1.59033856610146	-0.05251275486588	4.04097287094395	0.00180112863523278	0.0191403710768986	-1.12499407373906	SFPQ
-0.32768197439624	-0.80881192356051	0.15344797476803	-0.12351605413838	-1.49212420360788	0.162737202327955	0.292391203853436	-5.33422227162213	SFXN1
-0.516027266896466	-1.10462591757278	0.0725713837798447	-0.165364688900447	-1.92073832937769	0.0800461568621271	0.178854411903811	-4.72281126269851	SFXN3
0.123824466150634	-0.21412509087686	0.461774023178128	-0.023014594016943	0.801694337351266	0.438898253844714	0.587080201068021	-6.07765305497369	SGPL1
-0.42939684350868	-0.992853261859113	0.134059574841752	-0.11764468395508	-1.66960344495201	0.122123043155734	0.238243613234108	-5.09202480934484	SGSH
0.67685980382928	-0.255020098198439	1.608739705857	0.07706582383496	1.59130560778343	0.138793857308375	0.26074611919465	-5.20097953076754	SGTA
0.38698603303952	-0.36805213827397	1.14202420435301	0.091236419392	1.12290029933611	0.284507334033812	0.434017826831455	-5.77602533754303	SGTB
0.168752406583812	-1.04383861821127	1.3813434313789	0.243938384805706	0.304895096947918	0.765924922266886	0.840023543635804	-6.35916340518654	SH3BGRL
0.820512684265136	0.322167232066896	1.31885813646338	-0.116180196078052	3.60719495336264	0.00387700719151893	0.0272277190965996	-1.86969785492531	SH3BGRL3
-0.1158485756632	-0.483999350556112	0.252302199229712	-0.03354836286306	-0.688524205806175	0.504705527629815	0.643934638700109	-6.16261555332805	SHMT2
-0.5023460468417	-0.905770322643181	-0.0989217710402189	0.04150427913323	-2.72525451872071	0.0190082321793732	0.0680829830580107	-3.39940960792158	SHOC2
0.0347368271053002	-0.541754036926442	0.611227691137042	0.0443544154075101	0.132011733114384	0.897269697229576	0.930959956773842	-6.39894339824809	SHTN1
-0.471826567812555	-0.918583666504403	-0.0250694691207065	-0.0880795122702628	-2.31259806918826	0.0401881559343214	0.110214503020884	-4.0985428497384	SIAE
-0.171979510412398	-0.713194279112596	0.3692352582878	-0.140114842281201	-0.696180547202338	0.500224358351871	0.639712814459364	-6.15707384560376	SIDT2
0.9787112259864	0.569253249044079	1.38816920292872	-0.1154220846026	5.23190423191152	0.000240555898024562	0.00926108531767927	0.825437534045506	SIN3A
0.92873871339886	0.414848378881046	1.44262904791667	-0.05479443746703	3.9594778198725	0.00207708974376678	0.0205114951915922	-1.26363006497153	SKIV2L2
0.030284067048442	-0.414565448050439	0.475133582147323	0.017506018622201	0.149070018876434	0.884084089116163	0.922446415887055	-6.39641437646303	SKP1
-0.823142596207	-1.23215083722019	-0.414134355193808	0.1622116519373	-4.40511823981383	0.00094385726744866	0.0152211294937552	-0.500542410055538	SLC12A6
0.99118741243342	-0.0253130407645253	2.00768786563137	0.16175409802191	2.13630381642008	0.0550454380556026	0.137017321864744	-4.38584562539462	SLC12A7
-0.679602985299111	-1.1769108107759	-0.182295159822325	-0.00194782378831571	-2.99395176742927	0.0117434292994279	0.0513744540997732	-2.93802151782991	SLC25A1
-0.15670573248258	-0.529982369215737	0.216570904250577	-0.06540449073637	-0.918561647870928	0.377091937321176	0.528025464510665	-5.9779345720426	SLC25A10
-0.87056955787542	-1.77577827510323	0.0346391593523881	-0.24008152496973	-2.10702439520334	0.0579479830893743	0.141341281658217	-4.43253594442495	SLC25A11
-0.42483414085568	-0.922816683645213	0.0731484019338529	-0.15470033678254	-1.86904650285225	0.0874355689234199	0.190681165794032	-4.80105684598672	SLC25A12
-0.184043476409829	-0.531368244652193	0.163281291832535	-0.0647815036871455	-1.15941497863956	0.269674134861413	0.420120356007876	-5.73673685639409	SLC25A13
-0.25835753806318	-0.733180432433051	0.216465356306691	-0.11135450014959	-1.19183597465731	0.257437538788431	0.408123563671129	-5.70069832493512	SLC25A19
-0.7964511087724	-1.47614897101244	-0.116753246532364	-0.1083183670728	-2.56719011631215	0.0254925652368193	0.0811228424372836	-3.67326413766191	SLC25A20
-0.51421991662594	-0.978355554976771	-0.0500842782751085	-0.01035197731391	-2.42655167402418	0.0327984413478132	0.0962804344041118	-3.90964263688475	SLC25A22
-0.4980022632161	-0.91997549739196	-0.0760290290402406	-0.00284745115545	-2.58374260013529	0.0246351802756859	0.0794366300470049	-3.64302248307982	SLC25A24
-1.20005266109226	-2.29881987745954	-0.101285444724979	-0.21814637616899	-2.3928166729187	0.0348979954933459	0.0999768033621708	-3.96662802112376	SLC25A3
-1.477657403449	-2.29120278881493	-0.664112018083068	-0.1516532352463	-3.9793009255605	0.00200616449364836	0.0199975209572346	-1.22984623404252	SLC25A4
-0.5827901488619	-1.31828086499619	0.152700567272391	0.06103673243175	-1.73600040364245	0.10940244156805	0.222785009275237	-4.99720491794948	SLC25A44
-0.986796702673	-1.58602498512819	-0.387568420217814	-0.0503440198547	-3.60786435870129	0.00387236984814011	0.0272277190965996	-1.86853758351044	SLC25A5
-0.06551477765456	-0.756184922609838	0.625155367300718	0.10619249280694	-0.20781811572523	0.839026731946301	0.891287277780426	-6.38534600908108	SLC25A6
0.158633680998756	-0.121511651284978	0.43877901328249	-0.018362070411342	1.23898555883835	0.239916810860693	0.386405834693548	-5.64729201220493	SLC27A4
-1.628917694225	-2.26345816322506	-0.994377225224941	0.1206483394099	-5.62412067299005	0.000133933935456754	0.00782740514972634	1.39422215456462	SLC2A1
-1.04585576020066	-1.59081021740078	-0.500901303000543	-0.14148336094793	-4.20461657977891	0.00135589669280937	0.0169138427451592	-0.848755456477079	SLC2A3
-0.24219226727912	-0.779537445242029	0.295152910683789	0.00140816920936	-0.987465046506237	0.343852532788177	0.495138574588781	-5.91347054324062	SLC30A9
-0.7819321844768	-1.27780975338411	-0.286054615569492	-0.0499101528638	-3.45469284585391	0.00509696151821291	0.0306549416242319	-2.13464097893877	SLC3A2
-1.18146098288032	-1.64119189888941	-0.721730066871227	0.07537498949464	-5.6283791763919	0.000131628445756364	0.00782740514972634	1.40931186163728	SLC8A1
-0.944221559013	-1.66927027600925	-0.219172842016749	-0.2289834155957	-2.85312985838385	0.0151724645790807	0.0601663853585164	-3.18249503237376	SLC8A2
-0.825770691126332	-1.45306326426437	-0.198478117988293	-0.015206087294586	-2.8840589536483	0.0143423848838878	0.0579242023909222	-3.12891243086804	SLIRP
0.080926573987	-0.448408771583665	0.610261919557665	0.047389606785	0.334946215803865	0.74373072420386	0.825821043202964	-6.34907973402821	SLIT1
-0.39840200568474	-0.785079565773861	-0.0117244455956192	-0.02209677904103	-2.25437821940859	0.0444388394779202	0.119176887690786	-4.19283900143918	SLIT2
0.9035806734638	0.598700763272578	1.20846058365502	-0.0318438286493	6.4847368739034	3.58132889158992e-05	0.00621639195785531	2.64644848840695	SMARCA4
0.6011285008591	0.266781923691659	0.935475078026541	0.10014884457463	3.93391227539297	0.00212764433751563	0.0205399956881253	-1.29248032866391	SMARCA5
0.03523854026828	-0.548643683117343	0.619120763653903	-0.10760100428114	0.132223141536024	0.897106219342384	0.930959956773842	-6.39891387931387	SMARCAD1
0.43450571885642	0.0597421338917133	0.809269303821127	-0.08490458657201	2.53683572756686	0.0267327737342004	0.0841088792583637	-3.72117291781929	SMARCC1
0.6290314155436	-0.0277801722685688	1.28584300335577	0.0800374282406	2.09819739964948	0.0588509395924473	0.142587792597461	-4.44655900304132	SMARCC2
1.1726953328692	0.570861445228405	1.77452922051	0.1083098371866	4.26897266105949	0.0012136979375968	0.0161470205080271	-0.740961573319812	SMARCD1
0.810157991518	0.49062829208152	1.12968769095448	-0.0380630382784	5.5476968674996	0.000144652178131763	0.00782740514972634	1.31408067601274	SMARCD3
0.57836797187816	0.210698380160989	0.946037563595331	0.06549782291282	3.44191987110182	0.00513541524529942	0.0306549416242319	-2.14675602192673	SMC1A
0.61314790155014	0.257030359935576	0.969265443164704	0.02386451559871	3.76726449800591	0.00286062807971514	0.0232146880967217	-1.57996001519121	SMC3
0.6338761230742	0.335832590794802	0.931919655353598	-0.0217539879807	4.65349149479422	0.000614686667608899	0.0134311692199802	-0.0854481230433475	SMCHD1
-0.16614819652618	-0.642301137176553	0.310004744124193	-0.04200762877545	-0.764366264172368	0.460115961574365	0.605906637093365	-6.1068024658036	SMG1
0.6904702882354	-0.589249334709889	1.97018991118069	0.2671704902549	1.18207485887632	0.261178458607032	0.411365494328391	-5.71155359127029	SMIM12
0.316760271778492	-0.0715644619833528	0.705085005540337	-0.003391617354714	1.78480135522104	0.100531874760059	0.211223371127247	-4.92557896669291	SMU1
-1.309078019275	-2.08496556561394	-0.533190472936059	-0.2067899462781	-3.69642215354954	0.00330644732216474	0.0254154031841043	-1.7152908069923	SNAP91
0.26292408912768	-0.365525036460685	0.891373214716045	0.07862067321872	0.916589898267539	0.378286560906227	0.529358693883522	-5.97950226628921	SNCG
0.4099442987292	-0.0157890739861805	0.83567767144458	0.09086726965214	2.10835010412338	0.0576928278166979	0.140876334590438	-4.42970175882621	SND1
0.138553427987636	-0.220249307960641	0.497356163935914	-0.0920718653746481	0.844920335007911	0.415299507060019	0.565211236852881	-6.04215694776165	SNF8
-0.027228258628868	-0.404353570534761	0.349897053277025	-0.062551363385546	-0.157975019642146	0.877202224150472	0.918873539021343	-6.3949777254725	SNRNP200
0.6273318551856	0.344584997482223	0.910078712888977	-0.0074401993224	4.85460375240531	0.000439668140912301	0.0114176942467361	0.239793401956375	SNRNP40
0.21350464413364	-0.224920866218713	0.651930154485993	0.066999973099	1.06630099519304	0.308183520229746	0.456730906083867	-5.83530759064767	SNRNP70
0.15314354145532	-0.197006123025449	0.503293205936089	-0.00958940471834	0.956971942172667	0.358166668792308	0.51031109273703	-5.94260616955431	SNRPA
-0.331901102586382	-1.59165434193902	0.927852136766255	-0.278888247981591	-0.577215555169861	0.574984297244967	0.703976848505756	-6.23440984816756	SNRPA1
0.16942171465319	-0.36328251392357	0.70212594322995	-0.083746041884995	0.696783316266353	0.499860928036153	0.63962274671918	-6.15664802916403	SNRPB2
-0.41811863374556	-1.22453315149008	0.388295883998958	-0.1442268965049	-1.13594158789079	0.279232504488358	0.430179645235064	-5.76204081249143	SNRPD1
0.25477848946818	-0.0979639676673007	0.607520946603661	-0.04535648383537	1.58037174308974	0.140977882602405	0.263263231583448	-5.21574015034103	SNRPD2
-0.30050677239542	-1.38531776221385	0.784304217423006	-0.27421625466167	-0.606897016617606	0.555779921317248	0.689013178057618	-6.21637680591076	SNRPD3
0.403299707412675	-0.598641308547025	1.40524072337237	-0.0195861140803374	0.881861872769112	0.396013739292304	0.547150628401962	-6.01031582043627	SNRPF
0.44908416637788	0.0379861812918902	0.86018215146387	0.0226155699486	2.39127524688685	0.0348503755170622	0.0999715765489445	-3.96736731552943	SNU13
0.42915959953756	0.110672781853093	0.747646417222027	0.03233023915498	2.94836741821708	0.0126228303791469	0.0532991077711369	-3.01112269339379	SNX12
1.3693958123796	0.886010891680366	1.85278073307883	0.152234822348	6.20655648133712	5.61996932632248e-05	0.00728834050717379	2.22471008341328	SNX3
-0.00481186328325995	-0.826670731704007	0.817047005137487	0.02063722839637	-0.0128271699394158	0.989986790006954	0.994451231300339	-6.40807255965562	SNX4
0.00938320750607994	-0.58251802968862	0.60128444470078	0.09914400814452	0.0347309679951157	0.97289325449474	0.984620294187305	-6.40752126219132	SOD1
-0.72387691373032	-1.35446340843661	-0.0932904190240289	-0.10220240059216	-2.51498196889321	0.0280132737713689	0.0863341191885473	-3.76167613556959	SOD2
-0.251264781081046	-0.912767716156126	0.410238153994034	0.026368533497203	-0.832174988468531	0.422352430459521	0.570894957085532	-6.05259501110999	SORCS2
0.19286815695076	-0.721188391186984	1.1069247050885	0.09291005554086	0.462276994481372	0.652556065415888	0.761373538643978	-6.29612876785474	SPAG7
-0.70140622264188	-1.19262872351699	-0.210183721766767	-0.06043835762464	-3.12828402936853	0.00919907591441002	0.0433727488577907	-2.70393933082289	SPCS1
-0.65507797346458	-1.15146749319848	-0.158688453730677	-0.00722729383038999	-2.89124708565084	0.0141560498616883	0.0574398826172222	-3.1164493487333	SPCS2
-0.826840941245591	-1.33481753584555	-0.31886434664563	-0.0621525668570554	-3.56609645122939	0.00417291254307249	0.028288859269132	-1.94098272933005	SPCS3
1.2512427681864	0.618178108598392	1.88430742777441	0.053065639373	4.33020368488405	0.00109279243973273	0.0152211294937552	-0.638868876070299	SPECC1L
1.264739662485	0.513879425652144	2.01559989931786	0.0162571225271	3.69025899159519	0.00334292878085271	0.0255161312188863	-1.72593909310467	SPOCK1
-0.3432417289075	-0.610135688350977	-0.0763477694640234	-0.05991785411385	-2.81394477231501	0.0161383801358866	0.0623541306843193	-3.2450315278534	SPTAN1
-0.57819606628428	-0.887248997483252	-0.269143135085309	-0.09755749614774	-4.09351606339516	0.00160680138742905	0.0180085726245312	-1.01956917340911	SPTBN1
0.072646137893002	-0.245800361707622	0.391092637493626	0.020467040346181	0.499149091029253	0.627036967490476	0.745139738721671	-6.27784879748831	SPTBN2
0.043773590090544	-0.466975864379011	0.554523044560099	-0.022132150021232	0.18776691467589	0.854350509229617	0.901860329617144	-6.38952933477635	SPTLC2
-0.44258931392836	-0.858891581237652	-0.0262870466190687	-0.05622741108154	-2.32752836090205	0.0390945810446192	0.108166629176684	-4.07351151965248	SQLE
-0.25796434355688	-1.01028904696489	0.494360359851132	-0.16475431018026	-0.751223513768111	0.467700042031752	0.613575235429876	-6.11680667113664	SRGAP2
-0.01247409944547	-0.466335354144272	0.441387155253332	-0.108153513497535	-0.060184195816505	0.953043720473779	0.97037987023986	-6.40624356523054	SRGAP3
-0.725704999077434	-1.62385176759743	0.172441769442558	-0.256551534527523	-1.77022152786555	0.103321021099339	0.214197330541175	-4.94751157063343	SRI
0.42321284437414	-0.0210327350490739	0.867458423797354	-0.08503110431383	2.08605115378893	0.0600089439520273	0.144591086807148	-4.46521540753922	SRM
0.47537724740824	0.145684108630879	0.805070386185601	0.12434506889548	3.15487906144287	0.00865547799557103	0.0421435362479735	-2.64981781993148	SRP14
0.45887802028392	0.0421479497409697	0.87560809082687	-0.05265910078176	2.41071155908448	0.0336748574144728	0.0979945221808986	-3.93518716410467	SRP54
0.369695957972543	-0.026791143368981	0.766183059314067	0.0683176434015686	2.04035649258792	0.0648508344323448	0.15371267270989	-4.53657303613896	SRP72
0.621365052127452	0.103439281272881	1.13929082298202	0.246520153593414	2.6284160896497	0.0228186481575081	0.0755738804695442	-3.5690362628396	SRP9
0.460810623840038	0.10549269213863	0.816128555541446	0.016439380380119	2.8376549855237	0.015454201583711	0.0603515600308429	-3.2038784961002	SRPK2
-0.268107631539747	-0.632901780611057	0.0966865175315633	-0.0301630660430533	-1.60810923256179	0.134760379022469	0.254702950135108	-5.17762589614273	SRPRA
-0.26205166631728	-0.954141559991962	0.430038227357402	-0.02237356789096	-0.82954363048493	0.423779197456295	0.572115020437286	-6.05477395659054	SRPRB
0.6282529059322	0.117506325667448	1.13899948619695	-0.0081892924159	2.69490744037022	0.0202268509213132	0.0697554748202634	-3.45525393133963	SRRT
0.985682608497212	0.460517720816843	1.51084749617758	-0.130965000777854	4.11202955153414	0.00159158740474239	0.0180085726245312	-1.00468177797814	SRSF1
0.4064376260244	-0.153861301269601	0.966736553318401	-0.13066768130802	1.58923795980554	0.139259899317149	0.261396698374322	-5.20381293937587	SRSF10
-0.67993415459628	-1.1489381735629	-0.21093013562966	0.1026404983561	-3.1753057393057	0.00842340250278437	0.0418626554433687	-2.62022134563934	SRSF12
0.22770921988342	-0.187096715337378	0.642515155104218	0.01160209549529	1.20181739989912	0.253591705435266	0.40349175872098	-5.68956645244944	SRSF2
0.638680170294548	0.192365494194481	1.08499484639462	0.061816278898006	3.13351294687376	0.00906682244896567	0.0430279856654175	-2.69178548132765	SRSF3
0.18789773381132	-0.723711206087677	1.09950667371032	0.0296239588071	0.451572807015153	0.660023144340588	0.765584763068811	-6.3012106611372	SRSF4
0.47943258471554	-0.253901217415338	1.21276638684642	0.20338647084747	1.43232198720095	0.178821436186771	0.312044120859889	-5.41181012427438	SRSF6
0.7933592636372	0.446666572015932	1.14005195525847	0.0064766031094	5.00702135548773	0.000342327180484389	0.0109897093381974	0.482345954799229	SRSF7
1.7146992032014	0.79817577618594	2.63122263021686	0.13348209386696	4.09882324575795	0.00162852498460303	0.0181381124560633	-1.02700116118906	SRSF9
0.71045157506724	0.32093970626758	1.0999634438669	0.04527199029002	3.99087402471857	0.00192415876365283	0.0197267509166318	-1.19478800002195	SSB
-0.58649130285984	-1.05721051646406	-0.115772089255622	-0.04720333159472	-2.72894577467412	0.0189790511738745	0.0680829830580107	-3.3957976514576	SSBP1
-0.1031925852446	-1.08877334152099	0.882388171031789	0.0805084557071	-0.229388210008412	0.822619402786945	0.880360951766359	-6.38037616655355	SSR1
-1.5743528437592	-2.10799435078682	-1.04071133673158	-0.3307458439548	-6.46349304526888	3.88849129146535e-05	0.00621639195785531	2.57407522393448	SSR4
0.153543987812	-0.160237253071305	0.467325228695305	0.00734003500928	1.07068094352657	0.306157512368179	0.455657283347552	-5.83093266645072	SSRP1
0.160090306376038	-0.313641458846953	0.633822071599029	0.121871187999079	0.740217814664543	0.474069835490473	0.618216517846895	-6.12510820896011	ST13
-0.24926833860138	-0.71615395856256	0.2176172813598	-0.07178258898101	-1.16934372227596	0.266007933267045	0.415970858396818	-5.72568576713277	ST3GAL5
0.11992088172286	-0.319138877681773	0.558980641127493	0.09548834765715	0.598052737271231	0.56140933303843	0.69337818484989	-6.22189748700059	ST7
0.70982348466908	0.279753269863421	1.13989369947474	0.08015738440104	3.61392639211835	0.00380169739153037	0.0272277190965996	-1.85291007643268	STAG2
1.5111573970314	0.976305594741213	2.04600919932159	0.0248117574737	6.19000575227086	5.75665766948672e-05	0.00728834050717379	2.20185126349586	STAU1
0.8789750715324	0.174276097552286	1.58367404551251	0.1126497280412	2.73267342894242	0.0188864801899546	0.0680829830580107	-3.39038426904018	STAU2
-0.91629011971456	-1.60511952930562	-0.227460710123504	-0.19077892694848	-2.91431262314628	0.0135743005238284	0.0562290285455738	-3.0764332943069	STIM1
0.566233264956348	-0.0262934398814545	1.15875996979415	0.175850743279354	2.09364124777483	0.0593221752892595	0.143410430747341	-4.45378740611886	STIP1
-0.57491375184898	-0.921002959187402	-0.228824544510559	-0.06900608171853	-3.63470253704498	0.00362699118974764	0.0268397348041326	-1.81016896340994	STK24
1.04413144027628	0.148537151660643	1.93972572889192	0.23431344861372	2.55422218504063	0.0260971485928362	0.0825653266350165	-3.69526650841202	STMN1
0.1235979672955	-0.441391598123657	0.688587532714657	-0.03501224332555	0.479276037667494	0.640778901345293	0.752863477737769	-6.28782313843279	STOML2
0.55563560636148	-0.0173722621565332	1.12864347487949	0.15340615761102	2.12443915719981	0.0562046822084275	0.138481739572232	-4.40479768915149	STRAP
0.843429112561	0.346688087436132	1.34017013768587	-0.04745458912358	3.7199180551645	0.00317108437657445	0.024811746215276	-1.67472096190111	STRBP
-0.14563509138064	-0.944028609085556	0.652758426324276	0.12437481068292	-0.399635302397207	0.696790053193927	0.790320722648574	-6.32423302415407	STRN4
-0.86084377280448	-1.33945747473631	-0.382230070872649	0.05630168756574	-3.9405244764249	0.00214733264574872	0.0205399956881253	-1.29596752453839	STS
-1.28559426787862	-2.16107295688164	-0.410115578875604	-0.30080528060595	-3.21716372585595	0.00782885573693882	0.0400243374092212	-2.54884649053735	STT3A
0.8876985218889	0.0210769727086135	1.75432007106919	0.24306758447371	2.24414455212516	0.0454985994904784	0.120392051742684	-4.21169107077845	STUB1
0.8304060883726	0.495833843558113	1.16497833318709	-0.0665139597617	5.43068793718421	0.000173687555064951	0.00824260723275628	1.13795089323653	STX12
-0.472950838956	-1.33565819122108	0.389756513309078	-0.1262371345534	-1.20106722441489	0.254017060645258	0.403874175811069	-5.69031519083414	STX1B
0.589837353587	0.189064914985557	0.990609792188443	0.02679173816234	3.22051139753415	0.00768563485224649	0.0395380449054161	-2.53529015669373	STX7
0.45735518317664	-0.0376461066423437	0.952356472995624	0.0828142447153	2.02424040586456	0.0669524932527559	0.157158379323404	-4.56304380523673	STX8
-0.24554163394368	-0.553356432217693	0.0622731643303331	-0.04631459663602	-1.74537953712131	0.107410624290232	0.220166566033406	-4.98313234416459	STXBP1
-0.06532281250785	-0.379322383583023	0.248676758567323	0.017324547668985	-0.455187213245722	0.657404715318792	0.764578845786321	-6.29959303937905	SUB1
-0.02319760167938	-0.614313129987337	0.567917926628577	0.06201324597357	-0.0859776427024973	0.932971496658314	0.953323801959658	-6.4042485728833	SUCLA2
-0.40322669786368	-0.899571426279682	0.0931180305523222	-0.02904473717716	-1.77983884262796	0.101667629181458	0.212520001895077	-4.93344871933033	SUCLG1
-0.063383987031592	-0.573710714578435	0.446942740515251	-0.101920929587272	-0.272110972529379	0.790388303911412	0.856943592852151	-6.36910068782864	SUGP2
0.430049261202814	0.0721138964218752	0.787984625983753	0.003605070401347	2.62886224637013	0.0226175625581956	0.0754956254809494	-3.56419850151858	SUGT1
-0.46898690203394	-0.792356326062014	-0.145617478005866	-0.10212554799619	-3.173335527889	0.00836885386293572	0.0418059679240015	-2.61746603331946	SULF2
-0.26796896638854	-0.60568611624617	0.0697481834690906	-0.06982909713373	-1.73614350106625	0.109082132524115	0.222340145004803	-4.99651111491475	SUMF2
1.2503486127268	0.73602914962482	1.76466807582878	-0.0286144059234	5.32614483402051	0.00021273214747398	0.00893065919107111	0.94855045883724	SUMO1
0.5370450386852	-0.378445613337758	1.45253569070816	0.1451218946564	1.28520264174671	0.224146791492723	0.366526176650647	-5.59314719348909	SUMO2
0.55698169303326	0.207801869107354	0.906161516959166	-0.01311028815491	3.49016543047787	0.0047061744449335	0.0294371885767617	-2.06236544628938	SUN2
0.17405457171074	-0.162884842450442	0.510993985871922	0.03282174187825	1.13028470768209	0.28126163129883	0.430571461871031	-5.76831951777408	SUPT16H
0.369766370321716	-0.0465976730523008	0.786130413695733	0.069954978863418	1.94427202164164	0.0767205212255788	0.173991068948173	-4.68626851101294	SUPT5H
0.8978897858654	0.282700190877223	1.51307938085358	-0.2009152657691	3.19763482130736	0.00811106632215566	0.0408596088654975	-2.58292950443474	SUPT6H
-0.11008897790076	-0.492595946442942	0.272417990641422	0.06428912208678	-0.629736290139571	0.541113405327553	0.677126904949037	-6.20206901161069	SUPV3L1
-1.5490869018716	-2.42304622690115	-0.675127576842049	-0.3672044907462	-3.88328599130127	0.00237476838645872	0.021481579119483	-1.39383238851965	SV2A
2.3471939226106	1.69556937288086	2.99881847234034	-0.2277893333945	7.89162334794642	5.85425025331914e-06	0.00416062078097085	4.33533917753734	SYMPK
-0.922351304610202	-1.87164755284699	0.0269449436265897	-0.258483480928299	-2.12867527984741	0.0557881689044979	0.137643390594039	-4.39803608056071	SYN1
1.2397356072824	0.788017434146764	1.69145378041804	-0.1020024266374	6.00977041234957	7.36332114199157e-05	0.00728834050717379	1.96499066990964	SYNCRIP
-0.2066788068264	-0.793726255170446	0.380368641517646	0.0931363051462	-0.771325262829026	0.456160460725592	0.602065047658627	-6.10141061479845	SYNE1
0.225353484879452	-0.080287644901164	0.530994614660068	-0.005448134727954	1.61326872775498	0.133630687493561	0.253080697218485	-5.17049051833816	SYNE2
-0.02287294369356	-0.591436756074386	0.545690868687266	0.07600460074298	-0.0881368776798894	0.931292823545286	0.953041560082317	-6.40404973101344	SYNJ1
0.9028159039632	0.0698236096419891	1.73580819828441	0.1910074774054	2.37450469098889	0.0360621208744553	0.102504700350177	-3.99708975716536	SYNJ2BP
-1.440477093598	-2.01204590295232	-0.868908284243683	-0.0239347215674	-5.52144372524189	0.000156861413625967	0.00782740514972634	1.24223641539113	SYT1
-1.06805203818454	-1.89081981743877	-0.245284258930312	-0.14496880670193	-2.84400235847039	0.0154264581633115	0.0603515600308429	-3.19829361185296	SYT2
-1.0175037135716	-1.53805234251737	-0.496955084625825	-0.0858367031976	-4.2824224868804	0.00118599482131925	0.0158835993554597	-0.718496647617323	SYT4
-1.7163968139312	-2.24636490770091	-1.18642872016149	-0.1606291409776	-7.09549650478683	1.63071028932193e-05	0.00593306760264962	3.39030939636586	SYT7
0.56674405783772	0.142711878613173	0.990776237062267	0.05198565882236	2.92611232439674	0.0132085913636432	0.0550273949367044	-3.05261072000337	SZT2
-0.203711267640794	-0.513944907239155	0.106522371957567	0.019744234418797	-1.43674732308303	0.177297216119371	0.310625860986024	-5.40613767320412	TAGLN3
0.50592291230614	0.0294332731435327	0.982412551468747	0.10816736684445	2.32585821617015	0.0393139170376323	0.108498458777688	-4.07737430407184	TALDO1
-0.46110600273532	-0.970973237870099	0.0487612323994587	-0.07777377927548	-1.98133762340505	0.0721180148025753	0.166420323799178	-4.62975018472702	TAMM41
0.2787597532872	-0.173756813110416	0.731276319684816	-0.0185445263852	1.34893790232881	0.203358434121514	0.342804217519123	-5.51634328135176	TANC2
0.26705160680822	-0.259554882081871	0.793658095698311	0.07742866352793	1.11102492989707	0.289376859565328	0.439094423179906	-5.78864776912856	TAOK1
0.8294649983364	0.415575691400172	1.24335430527263	-0.0075919957768	4.38749558007663	0.000976749983469063	0.0152211294937552	-0.532927339084185	TARDBP
0.0498447613565601	-0.241938582644121	0.341628105357241	0.00118222512074	0.373777587931186	0.715334376682157	0.802453722660406	-6.33473730472135	TARS
0.7993932393758	0.338557719314382	1.26022875943722	0.0617664320981	3.79911289140784	0.00274152231503251	0.0230182431296768	-1.53476806541513	TAX1BP1
0.55511995535632	-0.123748108912063	1.2339880196247	0.11270588986122	1.79149778524657	0.0996953000328811	0.210478568638085	-4.91634427597676	TBCA
0.40769614959746	-0.540425602410181	1.3558179016051	0.10670005653811	0.942078981265228	0.365633367959107	0.517289463548107	-5.95623638928855	TBCB
-0.80010276989444	-1.88196449108923	0.281758951300348	-0.35759637334834	-1.62027538403501	0.132406193912163	0.252135177121754	-5.16104024426748	TBCD
0.22860266057123	-0.234903871230176	0.692109192372637	-0.0344203991842388	1.08021695385027	0.302251004529473	0.451618030724051	-5.82093921408891	TBL1XR1
0.482989240087838	0.134407209098775	0.831571271076901	0.021237724911241	3.03170327635204	0.0108391709033712	0.0482896124123661	-2.86552293562366	TCERG1
0.107801090125778	-0.352770946956232	0.568373127207788	0.069886269519211	0.512617300946994	0.617949921622371	0.739169687069389	-6.27072628370565	TCP1
-0.357294348013784	-0.75754324330285	0.0429545472752815	-0.071068718489492	-1.95337857315536	0.0754200988374144	0.172719598492587	-4.67187682222221	TECR
-0.1455749218688	-0.914364609838142	0.623214766100541	-0.138119958523	-0.414852614228521	0.68592810332361	0.782760377017447	-6.3177695434046	TEFM
1.2285729568337	0.342638575659493	2.11450733800791	0.19242682291115	3.03818496543612	0.0108357062008669	0.0482896124123661	-2.86100981960372	TERF2IP
0.96278686964044	0.499203801770327	1.42636993751055	0.2855968694485	4.54870907101479	0.000749559326729811	0.0144394636312349	-0.273575405790906	TEX10
-1.04286429359762	-1.67172461770998	-0.414003969485264	-0.07945737748061	-3.63319257233245	0.00370102614956006	0.0270285301352227	-1.82465642564371	TF
0.3952832322806	-0.00224921170119508	0.792815676262395	-0.02902808526638	2.17583635430268	0.0511082583025185	0.131878638149406	-4.32067811838833	TFAM
-0.11425542810898	-0.403803525589262	0.175292669371302	-0.03696244424721	-0.863396650570851	0.405476241436304	0.556351121970743	-6.02648380102193	TFCP2
-0.38690768410892	-0.870374139252463	0.0965587710346224	-0.13338419847926	-1.7532983476874	0.106289355055542	0.218689596688264	-4.97215428248617	TFG
-0.6064744040998	-1.04358148540461	-0.16936732279499	-0.0790091253529	-3.03803615984761	0.0107839650087765	0.0482521800152483	-2.85827543922809	TFRC
-0.1673893358568	-1.05143649323627	0.716657821522674	0.1669474847074	-0.414827146461438	0.685946221362517	0.782760377017447	-6.31778055644821	TGOLN2
-1.02153490918994	-1.59809560360022	-0.444974214779662	0.03110362998949	-3.88170918496191	0.00238137523908148	0.021481579119483	-1.39653265397232	THBS1
-0.3298628638235	-0.824899087020153	0.165173359373153	0.04463032276573	-1.45986017558025	0.171254707298422	0.302957071339105	-5.37634811097874	THNSL1
1.10958949806162	0.439130236430243	1.780048759693	0.09658630270105	3.6258076256987	0.00375016542606361	0.027198043604973	-1.83744679659364	THOC2
0.28947337000262	-0.271559100598734	0.850505840603974	-0.00570578495715001	1.13040855223583	0.281461177882588	0.430574457825991	-5.76798967843551	THOP1
-1.58922315963968	-2.47080630186019	-0.707640017419167	-0.000264248513359985	-3.94944821082859	0.00211395906960282	0.0205399956881253	-1.28073785932866	THY1
0.7581822325734	0.292312009495667	1.22405245565113	0.0424907362769	3.56446387403917	0.00416904966265365	0.028288859269132	-1.94123852638362	THYN1
0.9213399093876	0.253962203902939	1.58871761487226	0.1186063871182	3.02456557056829	0.0111074203907949	0.0492027989026171	-2.88473028535191	TIA1
1.15595453377308	0.498279506243813	1.81362956130235	-0.17321799594276	3.85074017378244	0.00251505811450639	0.0220987685464113	-1.44961186180391	TIAL1
0.48122967403	0.0427133598088558	0.919745988251144	0.036176368724	2.4028958576763	0.0341769393645487	0.098688172794722	-3.94858109120163	TIGAR
-0.16347171256562	-0.510917104402067	0.183973679270827	-0.02074234046881	-1.02946192729163	0.324320478986553	0.473889963606188	-5.87261474435128	TIMM44
0.4123463252119	-0.234705167851978	1.05939781827578	0.14718237379987	1.39616934989293	0.189181624384007	0.324927998450265	-5.45765809828288	TIPRL
0.80873745304692	0.375083107714064	1.24239179837978	-0.07480424433406	4.08349622103835	0.0016560647680134	0.0181667808471017	-1.04578155551606	TKFC
0.49869203653632	0.0958679703340907	0.901516102738549	0.03278219064064	2.70934024125128	0.0195615557471644	0.0684785656623216	-3.42667167244738	TKT
0.32278481661858	-0.221837988965543	0.867407622202703	-0.01654613095847	1.29847050698062	0.219706460988835	0.360887286936514	-5.5773765767174	TLE3
-2.4141772577124	-3.29378824342709	-1.53456627199771	-0.4383096668916	-6.0130293617506	7.46080631341769e-05	0.00728834050717379	1.95472364898503	TM9SF2
-0.95205381725598	-1.59011207384807	-0.313995560663889	-0.08586769722555	-3.26900797919663	0.00712695791147331	0.0381232015589133	-2.4583657653743	TM9SF3
-0.62963745377418	-1.11007576406307	-0.149199143485291	0.02422833361385	-2.87122837950244	0.0146810904892791	0.0587839241405443	-3.1511493134835	TM9SF4
-0.551980411523343	-1.13895890915341	0.0349980861067278	-0.146654159443789	-2.06023275895918	0.0628874231176955	0.150364999634096	-4.50658367956201	TMED10
-0.60523429321686	-1.79474979944369	0.584281213009975	-0.36721441896977	-1.1147262667878	0.28785232180797	0.437287138835628	-5.78472507093032	TMED2
-0.93442766903524	-1.59222631906188	-0.2766290190086	-0.05994686278082	-3.11220020297402	0.00947179286374382	0.0442760681403699	-2.73199363593585	TMED3
-0.55114275508204	-0.925618680166452	-0.176666829997628	-0.13893118167176	-3.22028592502854	0.00768219453914438	0.0395380449054161	-2.53515086538918	TMED4
-0.422782615054808	-0.978700760276414	0.133135530166798	-0.093385389020544	-1.66617681087708	0.122813843822956	0.238950642660885	-5.09685924912234	TMED9
-1.05462630313278	-1.60511495078967	-0.504137655475897	-0.122111789707956	-4.19725201570726	0.0013732408832095	0.0169366375595839	-0.861122109850576	TMEM126B
0.4378357927798	-0.399747400357033	1.27541898591663	-0.2324208493785	1.14524425686706	0.275516188051338	0.427023985551429	-5.75198727525173	TMEM143
-1.5389745950074	-2.60612500833485	-0.471824181679951	-0.2221045912519	-3.15951650630249	0.00869192444645357	0.0421435362479735	-2.64944902270362	TMEM14C
-0.9617062626322	-1.34701020886584	-0.576402316398565	0.0273860443317	-5.46126462131287	0.000165549331572219	0.00803098201827007	1.18418532366251	TMEM246
-0.27882733422546	-0.711219562434026	0.153564893983107	0.05207094525053	-1.41197098312176	0.184466619687316	0.319342292448383	-5.43772820812557	TMEM256
-0.8781626871064	-1.33283707045089	-0.423488303761911	-0.0927207601026	-4.22932308514025	0.00128717897765987	0.016633183951575	-0.800389809249806	TMEM30A
-1.03247577107732	-2.10824480839665	0.0432932662420054	-0.21740100869104	-2.10269190857388	0.058389532138341	0.14194248180178	-4.43942187846632	TMEM33
-0.20781100451468	-0.620308228374989	0.204686219345628	-0.00372738272789999	-1.10289477089852	0.292604143294965	0.441433894134698	-5.79734670396998	TMEM43
-0.64443467586364	-1.04488748405879	-0.243981867668493	0.02810185832034	-3.52142118577633	0.00445252443606308	0.028759531789488	-2.00844475128587	TMEM63B
-0.57181793149354	-0.97104937551265	-0.17258648747443	0.13662800719883	-3.13417647036356	0.00899603131375541	0.0428784636635984	-2.68658996143347	TMEM87A
-0.27379709897334	-1.42789803024861	0.880303832301929	0.21008170451547	-0.519756423836444	0.613148254315912	0.736099076479777	-6.2668892963919	TMOD2
0.874321366131334	-0.00915102826144254	1.75779376052411	0.311168392456067	2.16816796123192	0.0520429672214603	0.133344832681277	-4.33473610054525	TMSB10
-0.5033256941353	-0.839949176096647	-0.166702212173953	-0.04686821219141	-3.27159041021316	0.00699681252023558	0.0376207924425475	-2.44519207778977	TMTC4
-0.347079364971762	-0.732068183785118	0.0379094538415946	-0.016340223949861	-1.97258129650917	0.072939866931953	0.167784751857169	-4.64217276023953	TMX1
0.05810566564362	-0.339280224180281	0.455491555467522	-0.05831126844699	0.319960563999723	0.754710813062943	0.832929072252985	-6.35426669427759	TMX2
0.01963723814282	-0.339342086280341	0.378616562565981	0.00769789888299	0.119692022146967	0.906781944252273	0.935936162790881	-6.40058892796047	TMX3
0.4181445056734	0.104328399852391	0.731960611494409	0.05806322364406	2.91544866647526	0.0134058287534087	0.0556367379632914	-3.06852787297663	TMX4
0.441489210042262	-0.00798205919802059	0.890960479282545	0.00546485041046901	2.15087180632879	0.0535534627652314	0.13486197289711	-4.36184241237896	TNPO1
-0.099949740659	-0.854919888026749	0.655020406708749	-0.1612703314629	-0.290045884184883	0.776974348156165	0.847643679172868	-6.36380220624317	TNPO2
-0.3201988044507	-0.992633499220422	0.352235890319022	0.16154010447155	-1.04324042595905	0.318394790404182	0.467421538300154	-5.85861807012332	TOMM40
-0.49616167834068	-1.02228318049812	0.0299598238167604	-0.12293232626526	-2.06610306225887	0.0622467460692645	0.148996323102198	-4.49733339081952	TOMM40L
0.82793426003606	0.221238911647173	1.43462960842495	0.19507117116705	2.98978531082036	0.0118327691266168	0.0514560458235151	-2.94527107637709	TOMM70
0.08514400904758	-0.243834075327681	0.414122093422841	0.00707630909017	0.566293218901948	0.582021163438103	0.709409380114673	-6.24095416201543	TOP1
0.56416622865175	0.221752013596736	0.906580443706764	-0.113674602833565	3.60503539417061	0.00382566785225406	0.0272277190965996	-1.86184438434759	TOP2B
-1.63214600206596	-4.92695656274734	1.66266455861542	-0.95451431106032	-1.08528392673382	0.300150269701097	0.449298643733969	-5.81563842064248	TOR1A
-0.11817051683438	-0.434905473078346	0.198564439409586	0.01887343003711	-0.816333034878492	0.430809959119161	0.57909984036769	-6.06581724358149	TOR1AIP1
0.119511274200841	-0.368556289130583	0.607578837532265	0.0383031084208166	0.536467906468421	0.601917802934951	0.727164672831764	-6.25777574364651	TOR1AIP2
0.44178761632552	-0.0254715800968766	0.909046812747916	0.03330032896516	2.07081473982474	0.0616757005728352	0.148116671452694	-4.48957006462352	TP53BP1
0.8315751786376	0.0553605288687136	1.60778982840649	0.0930604712588	2.34711569498262	0.0378735315343163	0.106264783044936	-4.04251303755887	TP53I11
0.5937062938664	0.194174547375505	0.993238040357295	0.13644741933084	3.25170227190497	0.00726120419305045	0.0384738076539542	-2.4806154092895	TPD52
0.54203677417932	0.00772279284205846	1.07635075551658	0.12396014748754	2.2225269117546	0.0472762339593806	0.124008674510013	-4.2468640104136	TPI1
0.431296220127032	-0.446319176960816	1.30891161721488	0.168639735424376	1.07667897618828	0.303818678177666	0.453649914132589	-5.824547261277	TPM1
-0.761150659342244	-1.72004061149492	0.197739292810428	-0.168886827873178	-1.73906844476688	0.108844391608022	0.222340145004803	-4.99277208788469	TPM3
0.1798945489214	-0.195532341352835	0.555321439195635	0.05136676284512	1.04844791635799	0.315857519568919	0.464174653306978	-5.85358234288789	TPM4
-0.100414466580262	-0.376078538975175	0.175249605814651	-0.013879510040391	-0.797022076793858	0.441500522690583	0.589477456289629	-6.08139052617227	TPP2
0.07707318438568	-0.263761470387862	0.417907839159222	-0.01340156784122	0.49478188449024	0.630023093666659	0.747874069317192	-6.28009482459463	TPPP
1.205749701123	0.539453988824967	1.87204541342103	-0.08676831586584	3.96465096317657	0.00205833390701838	0.0204242859955506	-1.25480992335561	TPR
0.02621595488596	-0.327686005738798	0.380117915510718	-0.00441634673254	0.162082805630303	0.8740389846636	0.916879915194925	-6.3942840888668	TPT1
-0.00270999190072	-0.511671646375897	0.506251662574457	-0.09871502598662	-0.0116653492106444	0.990893689390838	0.994451231300339	-6.40808762000922	TRA2A
0.4521712893265	-0.0401819398356552	0.944524518488655	0.10981963231199	2.01206037153295	0.0683828145390106	0.159486842028483	-4.58204852471122	TRA2B
-0.452914629497096	-0.867066215874167	-0.0387630431200249	-0.093850278758828	-2.39419684166365	0.0346896299867446	0.0997726775508083	-3.9627708302522	TRAP1
0.62869097432832	0.0724713543754008	1.18491059428124	-0.01837386945336	2.47631413354113	0.0300354898783188	0.0904378957301653	-3.82685552122545	TRAPPC4
-0.093464735031866	-0.447274273016958	0.260344802953226	-0.037597332046687	-0.578006172119222	0.57434640260232	0.703976848505756	-6.23406711202807	TRIM2
0.75199184430284	0.171835125723072	1.33214856288261	-0.00197106469362	2.83976641965579	0.0155457672039736	0.0606007317969186	-3.20562319837074	TRIM28
-1.1528011910934	-2.78793321647091	0.482330834284113	-0.4783675520993	-1.54460133815407	0.149658716476492	0.274311484524081	-5.26441126007343	TRIM3
0.083423536606958	-0.352811374495677	0.519658447709593	-0.099518822069189	0.418732319857128	0.683133327805471	0.78111192314871	-6.31611666586754	TRIM71
-0.25328467588978	-0.581019914605461	0.0744505628259011	-0.03763787565175	-1.69098598570095	0.117594119662945	0.233398553587353	-5.06133118600505	TRIO
1.2659198262092	0.44640382618041	2.08543582623799	-0.0618193293052	3.38425889784468	0.00578670866828882	0.0326418217645336	-2.25733588413547	TRIP12
0.043747409777144	-0.750083699300237	0.837578518854525	0.194326286609774	0.12073662863025	0.90599549049017	0.935566771873245	-6.40044949806249	TRMT10C
0.31366874782166	-0.00636661492211471	0.633704110565435	0.02668039346663	2.14450722904111	0.0540009622920664	0.135289692838159	-4.37100778378216	TRMT5
0.0487790302102	-0.275274944214003	0.372833004634403	-0.01512193485464	0.329359384740481	0.74777446909396	0.828204802654549	-6.35107243620585	TRMT61A
0.694529058510936	0.12412804359054	1.26493007343133	-0.00615388595978801	2.66762602835588	0.0212531456788577	0.0725138562027112	-3.50200814150561	TRNT1
-0.17707913964406	-0.809055678554409	0.454897399266289	-0.15896166437047	-0.61387685854223	0.551315920725461	0.685767894554805	-6.21201320300167	TROVE2
0.12747449579849	-0.409086731190734	0.664035722787714	0.119544212082495	0.520497719765202	0.612647865558911	0.736054094945021	-6.26649085067964	TRUB1
0.362984255417246	-0.103242427750685	0.829210938585176	0.109372535873027	1.70520355545242	0.115079641106277	0.230295004714358	-5.04135542905815	TSFM
0.01448389890794	-0.690219701903798	0.719187499719678	-0.00475545253069	0.0450291562394793	0.964860978290383	0.978299776659698	-6.40708659981572	TSN
0.8134152980334	0.0785179077399212	1.54831268832688	0.0271006883333	2.42493691960987	0.0329432863121978	0.0965304617711783	-3.91302498245236	TSNAX
-0.9309411007631	-2.09414848917733	0.232266287651134	-0.30153028728671	-1.75339541870268	0.106272112207308	0.218689596688264	-4.97201331047639	TSPAN7
-0.5714726069812	-1.78818249351487	0.64523727955247	-0.0306479707788	-1.02901853052042	0.324749680793637	0.474199701118736	-5.87284154828132	TTC1
0.057880679179	-0.682278376090961	0.798039734448962	-0.0954139298129	0.171326039935702	0.866962206097798	0.910769247310631	-6.39264493837249	TTC17
0.072815916825588	-0.465156142542541	0.610787976193716	-0.001534897316574	0.296538725470658	0.772136495703194	0.843638984550006	-6.36180192464744	TTC37
-0.284142026887134	-1.06648303123921	0.498198977464937	-0.163556766591883	-0.795708863444203	0.442409215665382	0.590284965787994	-6.08224583131614	TTYH3
-0.60750522793992	-1.0897350452098	-0.125275410670044	-0.14151158942944	-2.76001075438649	0.0179714498910746	0.0660465910980067	-3.34332844650329	TUBA1A
-0.37995561054506	-0.785718424597703	0.0258072035075825	-0.02071563653055	-2.04951555678418	0.0638700196932815	0.15204825844104	-4.52241150773877	TUBA4A
-0.40199895739812	-0.889079875153594	0.0850819603573538	0.03798614998966	-1.80816736238053	0.0969354303185865	0.206046781290627	-4.89178316052454	TUBB
1.49515758956636	0.397359846484904	2.59295533264782	-0.23127959227542	2.98386692815263	0.0119608481738485	0.051654038227358	-2.95556753246232	TUBB1
-0.38494730636741	-0.762438691261311	-0.00745592147350904	-0.092093084498499	-2.23125123437246	0.0463069579805345	0.121939794054894	-4.23062517403222	TUBB2B
-0.7293942808385	-1.34658187276662	-0.112206688910378	-0.21618354662627	-2.58916651771027	0.0244991789830951	0.0791149522486635	-3.63591711369558	TUBB3
-1.16304928637304	-2.29619541347344	-0.0299031592726398	-0.36983074313324	-2.24867667575477	0.0451340954453397	0.120041948245513	-4.2043012455328	TUBB4A
-0.345693209726192	-0.899714971222058	0.208328551769674	-0.041522795531216	-1.36703250131754	0.197892591251221	0.335924981882905	-5.49401075968106	TUBB4B
-0.27584256105804	-0.563777461531612	0.0120923394155315	0.01766310573686	-2.09614441804977	0.0588002882264334	0.142587792597461	-4.4482892524224	TUFM
-0.523081065902628	-0.959058063032186	-0.08710406877307	-0.075500011032586	-2.62708260508168	0.0227933650577564	0.0755738804695442	-3.56952804906373	TUSC3
0.48613133301154	0.147036597877793	0.825226068145287	-0.07290670132147	3.13679979077244	0.00894585181312576	0.0428263037457314	-2.68150295241252	TWF2
0.270099216221874	-0.0489340247778404	0.589132457221589	0.052629250219423	1.85242921373546	0.0896529189367414	0.193582910028592	-4.82521264577941	TXLNA
-0.013753597349516	-0.318264475164317	0.290757280465285	-0.032054658765642	-0.0988252058972169	0.922969926654055	0.948607980172223	-6.40299750222574	TXN
0.462272227147946	-0.176364700117327	1.10090915441322	0.019039260429227	1.58583716068101	0.14002940227647	0.262042305412525	-5.20846821385722	TXNDC12
0.47966945170446	-0.456769100599194	1.41610800400811	0.13066713293529	1.1222189312916	0.284785019304162	0.434045699392341	-5.77675246038124	TXNDC17
-0.4528629236635	-0.752644907344446	-0.153080939982554	-0.00459800688085	-3.30533490797181	0.00658013102126975	0.0357324030334126	-2.38602934612495	TXNDC5
0.60903538235132	0.0725202184855499	1.14555054621709	0.16924147159386	2.48699743672908	0.0294629860497051	0.0893301368701476	-3.80887450596474	TXNL1
-0.083832495913	-0.390973916473637	0.223308924647637	-0.03331977488184	-0.597211608843169	0.561880901969517	0.69337818484989	-6.22248746806761	TXNRD1
1.27491801564202	0.506232374633367	2.04360365665067	0.14955906111623	3.63369360356636	0.00369771634321302	0.0270285301352227	-1.82378878687983	U2AF2
0.069927757344418	-0.423729177536526	0.563584692225362	-0.036280843422569	0.310341012492166	0.761885938767317	0.837039257337219	-6.35740505496417	UBA1
0.7822599163752	0.209411093738851	1.35510873901155	0.00533859138740001	2.99175390961786	0.0117904725167139	0.0513744540997732	-2.9418458521669	UBA2
0.369383828134618	-0.473257045818604	1.21202470208784	0.163110308848871	0.960395620727809	0.356727759831435	0.508645786879179	-5.93918198475546	UBA6
0.5374901269842	0.0691433003187972	1.0058369536496	-0.0224487042061	2.5136115576209	0.0280398032545488	0.0863341191885473	-3.76326276104919	UBE2I
0.368494259687716	-0.112163427830204	0.849151947205637	0.082412632214278	1.67961463091504	0.120124511101498	0.236358519255692	-5.07786683028394	UBE2L3
0.80803553585214	0.288266329823369	1.32780474188091	0.16757394844781	3.40592224861068	0.00556497676854922	0.0319693270677446	-2.21958173042732	UBE2M
0.13776458962933	-0.330084817032394	0.605613996291053	-0.0228920848769049	0.644936694104157	0.531664874899151	0.67049360017611	-6.19206605601377	UBE2N
0.143819199386269	-0.179892575948453	0.46753097472099	0.0629996781107657	0.972103714243525	0.350899909470125	0.502304591720186	-5.92835089423554	UBE2O
-0.04717335699581	-0.65476505612177	0.560418342130151	-0.079434103773075	-0.170098218826729	0.867905653067601	0.91132180887281	-6.39286622889898	UBE2V1
-0.310054847959352	-0.744131285645621	0.124021589726917	-0.120674597541584	-1.56401393603431	0.144926219003505	0.268634897162236	-5.23811663570825	UBE2V2
0.6275798225125	0.172381743420391	1.08277790160461	-0.04362820527211	3.01906871636454	0.0111714405478891	0.0493669123806516	-2.89180080991434	UBE3A
-0.19201653193648	-0.904227575304577	0.520194511431617	-0.09305619029236	-0.590669754123102	0.566235116845392	0.695997331122461	-6.22634090636502	UBLCP1
-0.172609102082894	-0.624938737518026	0.279720533352238	-0.102093226087493	-0.835612677206846	0.420421128618848	0.570049269425431	-6.04981718318471	UBQLN1
0.35274958809144	-0.0852052944564496	0.79070447063933	-0.00818300452950001	1.76362175500286	0.104340806797709	0.215696951931249	-4.95689698134934	UBQLN4
-0.13730938613452	-0.779575777743273	0.504957005474233	-0.11206396244872	-0.468381619048598	0.648315144165393	0.758858959631664	-6.29317925559162	UBR4
0.52210544200168	0.11072807940014	0.93348280460322	0.0767031645593	2.77824197071106	0.0172822406277095	0.0647120605322296	-3.30867178556396	UBR5
0.9789579122924	0.589059640145089	1.36885618443971	0.0164604025054	5.49372534726234	0.000157349290509584	0.00782740514972634	1.23310740522301	UBTF
0.345723502735708	-0.079985468681583	0.771432474152999	-0.072375109771494	1.77816343725334	0.10181878904334	0.212520001895077	-4.93563315980302	UCHL1
-0.15155306470786	-0.522591624196671	0.219485494780951	0.03591615956507	-0.893716778083497	0.389699944417284	0.541905291201147	-6.00012261756801	UCHL3
0.57261518452194	0.201054377575183	0.944175991468697	-0.01444837177769	3.37199712977013	0.00582950068399066	0.0327141387998756	-2.26919658688611	UCHL5
0.253194224977518	-0.233035723949505	0.739424173904541	-0.085172355862759	1.14084568810102	0.277268570946338	0.428060318511921	-5.75674894513696	UFD1
-0.4353772813561	-0.780373389655881	-0.090381173056319	-0.03873908546079	-2.7612504545056	0.0177684780343944	0.0655212627518292	-3.33629870076678	UGGT1
0.089043143607316	-0.1759015871066	0.353987874321232	0.022081236347242	0.735359031647251	0.476775199197262	0.619892948092687	-6.12887405072126	UGP2
-0.5964986352059	-1.48179887908196	0.288801608670164	-0.23073915943349	-1.47616085792376	0.166905125653647	0.298406133744399	-5.35514205433937	UMPS
-0.101153065787946	-0.595858617579023	0.393552486003131	-0.090817550784867	-0.447968091647931	0.662546475412747	0.765823902358459	-6.30289619884972	UPF1
-1.2812049024324	-1.76273796437219	-0.799671840492612	0.0182709726788	-5.82917771077834	9.81220662845891e-05	0.00782740514972634	1.69274648405085	UQCC1
-0.25039369808716	-0.673907674305133	0.173120278130813	-0.06929252692572	-1.29437012720371	0.220917893625853	0.362478793114957	-5.58233020196368	UQCC2
-1.03268201726362	-1.65453607981665	-0.410827954710595	-0.04543875498471	-3.63825347975227	0.00366773321624683	0.0270285301352227	-1.81589314745475	UQCR10
-0.47086931205878	-1.18422734230906	0.242488718191504	0.12941271272349	-1.44613103844459	0.174992467931439	0.307327882135424	-5.39408515336694	UQCRB
-0.1759238250061	-0.541679058319355	0.189831408307155	0.000730346326649996	-1.05241818440389	0.314108731009853	0.46268512806647	-5.84956621606353	UQCRC1
-0.647603210468526	-1.27904729946263	-0.0161591214744194	-0.117778299283757	-2.24692670441869	0.0452745082447341	0.120090220532509	-4.2071552937074	UQCRC2
-0.32009709809424	-0.746889037735181	0.106694841546701	-0.02875726596394	-1.64218129994741	0.127611967384215	0.245442224493164	-5.13040709757448	UQCRFS1
-0.93886744762428	-1.80442512361581	-0.0733097716327467	-0.12107918493434	-2.37641937299771	0.0359386664895015	0.102286973854735	-3.99390811730522	UQCRQ
0.423489382986264	-0.217455741471176	1.0644345074437	0.00692588426448801	1.44755973198526	0.174600310173112	0.3071333417469	-5.3922446937897	USMG5
0.4894267201158	-0.427374293881735	1.40622773411334	0.2049713171729	1.16957319349721	0.265978295286792	0.415970858396818	-5.72539032536898	USO1
0.105960932209624	-0.316029487904456	0.527951352323704	0.037863530159488	0.549725663831714	0.593019886532502	0.719201340166918	-6.25041608094694	USP11
0.471592592820454	0.0683315016856875	0.87485368395522	-0.002479870797387	2.55944427600033	0.0256967655163308	0.0815349405845207	-3.6834621845851	USP14
0.063380683950178	-0.243127554146274	0.36988892204663	0.005227258357791	0.452448344058473	0.659318833561992	0.765584763068811	-6.30088393308709	USP15
-0.050098449604172	-0.454548763838881	0.354351864630537	-0.053243729612054	-0.271112604985765	0.791097302784849	0.856961178522037	-6.36941083196279	USP39
0.34400064766118	-0.146842320192898	0.834843615515258	0.09160105626719	1.53543523208792	0.151875514647711	0.276517304817308	-5.27671821638997	USP47
0.03287967173344	-0.518926179308478	0.584685522775358	0.000111202349840001	0.130543720702254	0.898405017962296	0.931695085136196	-6.39914707788691	USP5
0.10937408924284	-0.274420392032352	0.493168570518032	-0.0060954117132	0.623548095938625	0.54503097552151	0.680275940287853	-6.20603175897166	USP7
0.76629908516206	0.284024710349847	1.24857345997427	0.07376661776179	3.48111952565796	0.00486035481243084	0.0300570950581771	-2.08865196051755	UTP11
0.29967120824962	-0.580570140604415	1.17991255710366	0.16935455697869	0.745861290553989	0.470809086954056	0.615434872347727	-6.12085162838995	UTP15
0.5526960905202	-0.154878948606585	1.26027112964699	-0.1191275350657	1.71131006018035	0.113987518234887	0.229129606175651	-5.03271526265244	UTP18
-0.145281588712674	-0.479367572461717	0.188804395036369	-0.027056172390823	-0.951495104278849	0.360823116495984	0.512810457884592	-5.94771898863973	UTP20
0.4779752155238	-0.2088419761436	1.1647924071912	0.0455866879883	1.5246811643624	0.154512462889948	0.280382964662308	-5.29109673817723	UTP6
-1.0832897119832	-1.55395340529504	-0.612626018671356	0.10425863819174	-5.04114484022273	0.00033264368037517	0.0108382261829701	0.514988524856056	VANGL2
0.986294376898	-0.0694189180061916	2.04200767180219	0.3187564088638	2.04679987218173	0.0643767830030061	0.152921128722048	-4.52770728339307	VAPA
0.718236451634336	0.244842098312265	1.19163080495641	-0.095668905853956	3.32331396770267	0.0064456501941178	0.0351771359343979	-2.36219200529801	VAPB
0.60002434805678	0.0889472321829903	1.11110146393057	0.05678521323029	2.57215569490726	0.0252647132112046	0.0805990474876655	-3.66483210542648	VARS
-0.4528394162438	-1.35472824531332	0.449049412825717	2.40886974999965e-05	-1.10003379839043	0.293940350372146	0.442837670712488	-5.80023465879006	VAT1
-0.04578926772914	-0.349782356383427	0.258203820925147	-0.03305751824367	-0.329574970292672	0.747615728101153	0.828204802654549	-6.35099803551719	VAT1L
0.314191106143838	-0.101616693309887	0.729998905597563	0.074385880022461	1.65426122327838	0.125078209949483	0.241847415695058	-5.11344446851213	VBP1
-0.08225937597144	-0.641063210826979	0.476544458884099	0.00614137063252	-0.322508264032515	0.752888790985417	0.832078162197701	-6.35336607452201	VCL
0.01374623182739	-0.329378325467592	0.356870789122372	-0.034547294670095	0.0876568975886342	0.931649422453351	0.953041560082317	-6.40409795318757	VCP
-0.7865277315858	-1.17378384457419	-0.399271618597412	0.0062997643379	-4.44395846280905	0.000876556820898142	0.0150317345995665	-0.430311382278258	VDAC1
-0.45048531139316	-0.894675223935662	-0.00629539885065805	-0.0204617904135	-2.22075767748682	0.0473258041723971	0.124008674510013	-4.24892775345397	VDAC2
-0.51614655794444	-0.961266289867952	-0.0710268260209285	-0.02192572790514	-2.53913281179651	0.0267391489717382	0.0841088792583637	-3.7194034750841	VDAC3
0.41414536201082	-0.284346676816284	1.11263740083792	0.08716167735359	1.29899104278263	0.21953372430262	0.36087509047637	-5.57675541965459	VGF
0.26761346479754	-0.209196905910371	0.744423835505451	0.06324589203837	1.22946060741611	0.2435716952142	0.390394280949044	-5.65809789484794	VIM
0.0669446586976661	-0.486641088350256	0.620530405745588	0.015521701187713	0.264938971852307	0.79577250455044	0.859135201500302	-6.37112612886882	VPS13A
-0.42611464267982	-0.815376276805954	-0.0368530085536862	0.00168091971329001	-2.39518514787544	0.0345308640315147	0.0994760394530999	-3.95987347162873	VPS26A
-0.3161970517092	-0.669491449824672	0.0370973464062715	0.01468576314612	-1.95828229838721	0.074766116808321	0.171624009455904	-4.66425408646781	VPS29
-0.33259666063498	-0.937844305620401	0.272650984350441	-0.16169760178881	-1.20392543851322	0.252952865491972	0.402768858766575	-5.68709638587155	VPS35
0.62944469352053	0.0203911798382796	1.23849820720278	0.134648858697865	2.26421122152557	0.0439057567835213	0.117892087402739	-4.17893061061727	VPS45
0.82535836546436	0.255328026363109	1.39538870456561	9.10030140399851e-05	3.17219153067312	0.00849425288112689	0.0419478690454066	-2.62733154998904	VTA1
-0.424044040832812	-0.959454885524559	0.111366803858935	-0.120434427176136	-1.73515635703869	0.109556415593481	0.22289063862122	-4.99842364996244	VTI1B
0.441890510139	-0.0565694188857379	0.940350439163738	-0.0784033388327	1.94222365158684	0.07714743075827	0.174160125486353	-4.68997692562156	WARS
-1.4218128219274	-2.52813982589455	-0.31548581796025	-0.4325950294461	-2.81561796900131	0.0162436832929574	0.0626501071175369	-3.24737912188939	WASHC5
1.166935540301	0.644281310153892	1.68958977044811	-0.1526575142855	4.8915580526182	0.000427231313586008	0.0114176942467361	0.273750454740588	WDFY1
0.11176972324216	-0.306957786870486	0.530497233354806	0.05138481183748	0.584380229581918	0.57024751775242	0.700534795303057	-6.23020633012234	WDR1
0.56329015043986	0.0316425214066641	1.09493777947306	0.02214205268607	2.32125627500802	0.0396640235698733	0.109326469006355	-4.08524221884039	WDR12
0.23923686637472	-0.369471766808727	0.847945499558167	-0.09304735125604	0.861060087103262	0.406901152604721	0.557024541020995	-6.02827742664188	WDR13
0.570080857536496	0.151951442405789	0.988210272667204	0.079244348363952	2.98489165050187	0.0118655628855847	0.0514960711316727	-2.95021242569527	WDR18
0.928645883099678	0.288023436637833	1.56926832956152	0.117118514665375	3.17587061510141	0.00843773174305188	0.0418626554433687	-2.62091136243102	WDR3
0.25408824455634	-0.497887626795814	1.00606411590849	0.00707933112263	0.740279089331892	0.474059403275279	0.618216517846895	-6.12503466693418	WDR33
0.6729994448601	0.220982603419015	1.12501628630118	0.08506537107567	3.26029170475056	0.00720204595226338	0.0383465032043682	-2.47024530205402	WDR36
-0.24879669498782	-0.715728384580041	0.218134994604401	0.02165464064357	-1.16701603845326	0.266909510076215	0.417081933068274	-5.72824916723776	WDR37
-0.26680561199318	-0.624597047587979	0.0909858236016185	-0.02956106954237	-1.63162087433224	0.129679441661036	0.248107117568836	-5.14499577427162	WDR47
-0.42808411410518	-0.773645407345336	-0.0825228208650243	0.03970712264521	-2.71055518982531	0.0194903113089432	0.0684785656623216	-3.42382375344292	WDR48
0.51866618671916	0.0847045973357407	0.952627776102579	0.05588884779228	2.61700739269212	0.0232139338815554	0.0760901166117649	-3.58674141331378	WDR5
0.253515733706386	-0.157635047772882	0.664666515185655	0.054264093779919	1.34974264926971	0.203032717553996	0.342687565161146	-5.51537666290624	WDR61
-0.167644543306052	-0.481031181066505	0.145742094454401	-0.018804562899394	-1.17047779821764	0.265371979575995	0.415571758546913	-5.72457714720478	WDR77
0.373068490424326	0.025595662681923	0.720541318166729	-0.030635685076163	2.34921061497877	0.0375055791953341	0.105781239513455	-4.03645737784674	WDR82
0.75750099381375	0.281386027116031	1.23361596051147	-0.00536372942787501	3.48516804492182	0.00481659046383716	0.0298710709731719	-2.08044337256473	XAB2
-0.0619079530833056	-0.402648512851743	0.278832606685132	-0.0042655003537272	-0.397536349679261	0.698214197515777	0.790971247107909	-6.32517347700024	XPNPEP1
0.38455816914282	-0.108865134462175	0.877981472747815	-0.09758727817231	1.70748618927337	0.114712778586897	0.23016359894779	-5.03818862998489	XPO1
1.15048371801084	0.484329830546202	1.81663760547548	0.18190424080264	3.78373511076696	0.00283148213211527	0.0230639010985359	-1.56473744648196	XPO5
-0.17911310056854	-0.990361210076229	0.632135008939149	0.09678170253383	-0.483713790326388	0.637721026245519	0.75048247994284	-6.28560749386435	XPR1
0.0831309434675401	-0.495748535138127	0.662010422073208	-0.06752913414663	0.314622204861188	0.758715934249337	0.835659376622757	-6.35600128704468	XRCC5
0.64233853183522	0.278805505340335	1.0058715583301	0.05731596183975	3.8661111517286	0.00239915667639249	0.0215529177965629	-1.40915569727757	XRCC6
0.50471726149316	0.0750848705478157	0.934349652438504	-0.04164073420958	2.57228713806529	0.025174487422354	0.0805805073944264	-3.66296387470104	XRN2
1.084758821357	0.443395241094042	1.72612240161996	0.3022218521921	3.70547348911906	0.00325361081246068	0.0252443007496586	-1.69965738622798	YARS
2.67606268068218	-0.0299062465107962	5.38203160787516	1.11676914355551	2.16664765513956	0.0521826270209441	0.133389548930587	-4.3371815127571	YBX1
-0.195125330541792	-0.569983911671575	0.179733250587991	-0.034084988777424	-1.13893890441603	0.277779741607293	0.428546414083901	-5.75900314293618	YME1L1
0.19715003888674	-0.177136333212706	0.571436410986186	-0.01364711786117	1.15251632509639	0.272384254196014	0.42321339993587	-5.744273593218	YTHDC1
0.22586842773775	-0.158343297823597	0.610080153299097	0.104611362383731	1.28629075227754	0.223505712147877	0.366026233772555	-5.59198415540164	YTHDF1
0.3786649498238	0.0927122868123961	0.664617612835204	0.0485040486979	2.89744496441956	0.0138543922143299	0.0566369629286184	-3.09989277356763	YTHDF3
-0.20331956460994	-0.676821145967769	0.270182016747889	-0.00335533155933	-0.940556179265607	0.366347915151336	0.517629449045544	-5.95767523002072	YWHAB
-0.05254304150818	-0.559894556937112	0.454808473920752	-0.02540799165023	-0.226892981325101	0.824513066627738	0.880701684925766	-6.38097593835601	YWHAE
0.02947016097096	-0.323305574083893	0.382245896025813	0.02993938507452	0.182783940572911	0.858133753246204	0.904557169796709	-6.39051897084203	YWHAG
-0.26466049354026	-0.676481998655183	0.147161011574663	-0.07564296404367	-1.40685804038064	0.185890942518818	0.321553032899033	-5.44420398482239	YWHAH
-0.43133544768686	-1.29925312021605	0.436582224842335	-0.07343626154297	-1.08880832740606	0.298657479652242	0.447781097582998	-5.81197301429977	YWHAQ
-0.197564569629092	-0.797530346257949	0.402401206999765	-0.036636611125274	-0.721435318261777	0.485134404251214	0.627026882463233	-6.1389445991931	YWHAZ
-0.18806637394512	-0.548217877962345	0.172085130072106	-0.00314577336036	-1.14256298844834	0.276331562839334	0.427482459230197	-5.75508503316876	YY1
-0.27518608386652	-0.91939512331195	0.36902295557891	-0.02712295483414	-0.935867720933714	0.368688813596149	0.518921779548931	-5.96195614492099	ZC2HC1A
-0.763817390593676	-1.5498728139852	0.0222380327978514	-0.120388420730038	-2.12888003232596	0.055768110776475	0.137643390594039	-4.39770911846567	ZCCHC3
-0.479543321875192	-0.903226945883924	-0.0558596978664602	-0.068717764410216	-2.47792982507558	0.0298333954877144	0.0901123479404797	-3.82234183068599	ZDHHC17
1.15225078618452	0.523561443309273	1.78094012905977	0.1377454544078	4.01537147470815	0.00188347161225911	0.0196041604401097	-1.16847326900948	ZFR
-0.65917203552514	-1.27355737334624	-0.0447866977040369	-0.20967331064347	-2.35056760648225	0.0376404932353779	0.106024769977845	-4.03679751952727	ZMPSTE24
0.7166018761275	0.225930836970493	1.20727291528451	-0.13139134092419	3.19964893568237	0.0080814903629417	0.0408377163479207	-2.57941441699787	ZMYND8
0.5127789586172	0.0234289395266208	1.00212897770778	0.0468363545562	2.29575427276814	0.0415093019681396	0.113326584879265	-4.12722515044067	ZNF629
0.48877837269352	-0.0820011940969055	1.05955793948395	0.03553664134324	1.87611034626482	0.086390169097463	0.189157210772078	-4.79042841497941	ZNF768
0.68897261481338	0.209333503968986	1.16861172565777	-0.04708118726571	3.14703943933702	0.00889104949197653	0.0426574967933731	-2.67121913662238	ZPR1
