gene	pooled_abundance	backbones	abundance_rank	backbone_rank
1-Mar	15.5379344441	1	0.0926958052215	0.0513347022587
11-Sep	18.5499698006	7	0.850102669405	0.646377236726
2-Sep	17.693456728	11	0.645643883837	0.812848342622
3-Sep	18.299030374	9	0.801994719859	0.747433264887
5-Mar	16.5213326306	6	0.26870049868	0.580228806101
5-Sep	17.0761780019	7	0.441771780581	0.646377236726
6-Sep	18.0609380545	12	0.749193311822	0.838222352596
7-Sep	17.8637894411	13	0.694925198005	0.859782927545
9-Sep	17.553487188	11	0.597242593136	0.812848342622
A2M	17.8885840353	8	0.701672044588	0.702552068055
AAAS	17.1276454	3	0.460252273394	0.294074508654
AAGAB	17.8993916943	1	0.70636550308	0.0513347022587
AAMP	16.2749631392	1	0.213552361396	0.0513347022587
AAR2	15.4734534343	1	0.0865356409504	0.0513347022587
AARS	17.8847440885	23	0.700498679965	0.962158990906
AARS2	16.2589243916	9	0.209445585216	0.747433264887
AARSD1	17.4812059025	3	0.569081842182	0.294074508654
AASDHPPT	17.2606317791	13	0.495453212086	0.859782927545
AASS	15.3424953097	5	0.0695218539161	0.505426811382
ABAT	18.0648542426	16	0.750953358756	0.905690818422
ABCA3	16.7555470512	9	0.332062188325	0.747433264887
ABCB7	17.2864644142	13	0.506013493693	0.859782927545
ABCE1	16.9024621811	11	0.378703432092	0.812848342622
ABCF1	15.2682649947	5	0.0645350542681	0.505426811382
ABCF2	16.4140143577	2	0.244353182752	0.168817835142
ABCF3	17.2933336472	1	0.508653564095	0.0513347022587
ABHD10	18.4243651096	9	0.824288647697	0.747433264887
ABHD12	17.1182704468	10	0.456732179525	0.783660897624
ABHD14A	15.1953688446	1	0.0580815488413	0.0513347022587
ABHD16A	18.0880548705	8	0.757700205339	0.702552068055
ABHD6	16.7772097112	7	0.339395717219	0.646377236726
ABI2	17.8497660165	6	0.690231739513	0.580228806101
ABR	16.2794840852	3	0.214432384864	0.294074508654
ACAA1	17.0219950046	7	0.422997946612	0.646377236726
ACAA2	17.9553476686	13	0.720445878557	0.859782927545
ACACA	16.7988046131	25	0.344675858023	0.968759166911
ACAD8	16.8381990482	4	0.355822821942	0.408917571135
ACAD9	17.5815033543	17	0.60662951012	0.917131123497
ACADM	18.4338811411	15	0.826048694632	0.894103842769
ACADS	16.199448427	2	0.198885303608	0.168817835142
ACADSB	18.3718532559	10	0.81578175418	0.783660897624
ACADVL	17.8527625582	21	0.691698445292	0.951158697565
ACAT1	18.211913859	17	0.787034320915	0.917131123497
ACAT2	17.6526420489	10	0.632443531828	0.783660897624
ACBD3	16.6767328555	6	0.305954825462	0.580228806101
ACBD6	15.3473957731	3	0.0701085362276	0.294074508654
ACIN1	18.3550739591	4	0.812261660311	0.408917571135
ACLY	17.7351744278	38	0.661484306248	0.99237312995
ACO1	14.8102892891	1	0.0390143737166	0.0513347022587
ACO2	19.2270464186	32	0.926078028747	0.986506306835
ACOT13	17.70274564	4	0.649457318862	0.408917571135
ACOT7	18.6794957226	8	0.868289821062	0.702552068055
ACOT9	16.4844927701	12	0.261660310942	0.838222352596
ACOX1	17.8987399114	17	0.705778820769	0.917131123497
ACOX3	17.1654649107	9	0.469052508067	0.747433264887
ACP1	18.9891781792	3	0.907597535934	0.294074508654
ACP2	19.2542727164	9	0.928131416838	0.747433264887
ACSF3	15.9740650943	3	0.154590789088	0.294074508654
ACSL1	17.685033255	10	0.641830448812	0.783660897624
ACSL3	17.2129168288	19	0.481079495453	0.936931651511
ACSL4	18.9746164197	18	0.905250806688	0.92725139337
ACSL6	16.4067766278	8	0.24171311235	0.702552068055
ACSS2	16.7687453626	1	0.336755646817	0.0513347022587
ACTBL2	22.351930073	3	0.996479906131	0.294074508654
ACTG1	20.1762074885	19	0.978292754473	0.936931651511
ACTL6A	17.7101607967	4	0.651510706952	0.408917571135
ACTL6B	18.1782441524	4	0.777354062775	0.408917571135
ACTN1	16.6835304403	9	0.307421531241	0.747433264887
ACTN4	17.3294606363	43	0.518040481079	0.993986506307
ACTR10	17.611837851	5	0.619536520974	0.505426811382
ACTR1A	18.3640314505	11	0.813435024934	0.812848342622
ACTR1B	16.3678633395	4	0.234379583456	0.408917571135
ACTR2	18.4173577958	7	0.823701965386	0.646377236726
ACTR3	17.8939017071	11	0.703432091522	0.812848342622
ACTR8	13.941771849	2	0.0152537400997	0.168817835142
ACYP1	17.6416414762	5	0.627750073335	0.505426811382
ACYP2	17.6761437656	1	0.640070401877	0.0513347022587
ADAM10	17.898747416	4	0.706072161924	0.408917571135
ADAR	17.8706683907	5	0.696391903784	0.505426811382
ADARB1	16.0773397632	3	0.176004693458	0.294074508654
ADD2	18.0028799273	4	0.732472865943	0.408917571135
ADGRG1	16.5102899339	2	0.266353769434	0.168817835142
ADGRL2	15.8161003922	2	0.127016720446	0.168817835142
ADH5	17.5080193467	11	0.577882076855	0.812848342622
ADK	16.064238189	7	0.174244646524	0.646377236726
ADNP	14.7613151484	3	0.0378410090936	0.294074508654
ADPGK	16.1163447545	5	0.181284834262	0.505426811382
ADPRHL2	16.622553892	6	0.292754473453	0.580228806101
ADRM1	16.0303037281	2	0.167791141097	0.168817835142
ADSS	17.103262749	8	0.450278674098	0.702552068055
AFDN	15.7443549909	19	0.118803168084	0.936931651511
AFG3L2	18.7436587861	22	0.879436784981	0.956585508947
AFP	17.9395363004	3	0.715752420065	0.294074508654
AGA	16.5552855756	2	0.276620709886	0.168817835142
AGFG1	16.9484302201	3	0.393957172191	0.294074508654
AGK	17.8011216361	13	0.677324728659	0.859782927545
AGL	16.5122363418	21	0.266940451745	0.951158697565
AGO1	17.2687170538	12	0.496919917864	0.838222352596
AGO2	16.2407640505	6	0.206218832502	0.580228806101
AGPAT1	17.4502993253	4	0.561161630977	0.408917571135
AGPAT3	17.4107362876	4	0.54502786741	0.408917571135
AGPAT4	16.5923261205	7	0.284247579935	0.646377236726
AGPAT5	16.7622779677	3	0.335288941038	0.294074508654
AGPS	18.3352961628	17	0.807861542974	0.917131123497
AGRN	16.756741571	4	0.332648870637	0.408917571135
AHCTF1	15.3018452868	2	0.0660017600469	0.168817835142
AHCY	18.5824498258	14	0.856556174831	0.879143443825
AHCYL1	17.670805773	3	0.638310354943	0.294074508654
AHCYL2	16.8201335915	1	0.349955998827	0.0513347022587
AHSA1	17.3174873467	6	0.514813728366	0.580228806101
AHSG	16.8735167421	3	0.369316515107	0.294074508654
AIFM1	17.2144255235	17	0.482252860076	0.917131123497
AIMP1	17.7054431319	7	0.650044001173	0.646377236726
AIMP2	16.3581923524	5	0.231152830742	0.505426811382
AIP	16.4089527437	2	0.242299794661	0.168817835142
AK1	17.6905262718	7	0.643883836902	0.646377236726
AK2	18.1741848157	9	0.775300674685	0.747433264887
AK3	18.0458580881	14	0.743619829862	0.879143443825
AK4	17.1162736738	7	0.455558814902	0.646377236726
AKAP1	17.0901330804	1	0.444998533294	0.0513347022587
AKAP12	15.414775448	4	0.0786154297448	0.408917571135
AKAP8L	16.8468756752	3	0.360222939278	0.294074508654
AKAP9	16.5882400186	5	0.282487533001	0.505426811382
AKR1A1	17.8375983885	9	0.686418304488	0.747433264887
AKR1B1	18.6782613517	10	0.867996479906	0.783660897624
AKR1C1	16.5288652109	7	0.270460545615	0.646377236726
AKR7A2	17.8870807619	6	0.701378703432	0.580228806101
AKT1	13.5307995849	3	0.00880023467292	0.294074508654
AKT3	15.1967977796	1	0.0586682311528	0.0513347022587
ALB	22.9810510335	6	0.997653270754	0.580228806101
ALDH16A1	15.0910593672	4	0.0530947491933	0.408917571135
ALDH18A1	17.4899287373	20	0.572308594896	0.944998533294
ALDH1B1	17.8916139386	10	0.702552068055	0.783660897624
ALDH2	18.704437081	14	0.872103256087	0.879143443825
ALDH3A2	18.0846669738	12	0.756820181872	0.838222352596
ALDH4A1	18.2092373275	14	0.785860956292	0.879143443825
ALDH5A1	18.075463926	7	0.754766793781	0.646377236726
ALDH6A1	17.3197205291	17	0.515987092989	0.917131123497
ALDH7A1	18.7643667806	18	0.882076855383	0.92725139337
ALDH9A1	18.7232872215	6	0.874449985333	0.580228806101
ALDOA	18.5964781167	16	0.858316221766	0.905690818422
ALDOC	17.1840016719	8	0.474039307715	0.702552068055
ALG1	16.3024288495	7	0.220299207979	0.646377236726
ALG11	17.628526736	4	0.623349955999	0.408917571135
ALG14	13.8929656433	1	0.0143737166324	0.0513347022587
ALG2	16.7446576134	8	0.328542094456	0.702552068055
ALG5	17.2578858196	4	0.49515987093	0.408917571135
ALG6	17.503809709	2	0.575535347609	0.168817835142
ALG9	17.5532091671	6	0.59694925198	0.580228806101
ALK	15.1022548454	2	0.0536814315048	0.168817835142
ALYREF	18.6527652291	4	0.866529774127	0.408917571135
AMPD2	16.3760328634	2	0.236432971546	0.168817835142
AMPH	16.9906645435	5	0.411850982693	0.505426811382
AMT	16.2632696377	3	0.210618949839	0.294074508654
ANAPC1	16.0724384843	3	0.175124669991	0.294074508654
ANAPC7	15.6673235953	3	0.108242886477	0.294074508654
ANK1	16.0522189389	3	0.171604576122	0.294074508654
ANK2	16.950991736	29	0.394837195659	0.98063948372
ANKFY1	15.9663627143	14	0.153417424465	0.879143443825
ANKMY2	16.5901994827	4	0.283367556468	0.408917571135
ANKRD17	16.6760350753	3	0.305074801995	0.294074508654
ANKS1B	16.7212130918	1	0.321208565562	0.0513347022587
ANP32A	16.8308590488	11	0.352596069229	0.812848342622
ANP32B	19.3971129489	3	0.938985039601	0.294074508654
ANP32E	16.6141528649	4	0.290114403051	0.408917571135
ANXA1	14.8557311114	5	0.041067761807	0.505426811382
ANXA2	17.7958358495	17	0.675564681725	0.917131123497
ANXA5	17.8351597026	20	0.685244939865	0.944998533294
ANXA6	18.6819809304	27	0.868583162218	0.973452625403
ANXA7	18.1977787858	10	0.782340862423	0.783660897624
AP1B1	18.3244816705	29	0.806394837196	0.98063948372
AP1G1	16.7721187105	21	0.337635670285	0.951158697565
AP1M1	18.1627913082	17	0.772367263127	0.917131123497
AP1S2	20.3198784592	1	0.982399530654	0.0513347022587
AP2A1	18.3625689336	16	0.813141683778	0.905690818422
AP2A2	17.2672060032	26	0.496039894397	0.971252566735
AP2B1	17.9493617145	18	0.718392490466	0.92725139337
AP2M1	18.2393854317	13	0.793194485186	0.859782927545
AP3B2	17.4456398296	13	0.559988266354	0.859782927545
AP3D1	17.9558063727	15	0.720739219713	0.894103842769
AP3M1	18.7214833912	5	0.873569961866	0.505426811382
AP3S1	18.5966567594	2	0.858609562922	0.168817835142
APEH	18.0987045516	7	0.760926958052	0.646377236726
APEX1	18.2503726626	9	0.794074508654	0.747433264887
API5	18.1863095348	16	0.780287474333	0.905690818422
APLP1	17.1761293111	7	0.471692578469	0.646377236726
APLP2	15.7007242473	2	0.112349662658	0.168817835142
APMAP	19.7249738138	14	0.958052214726	0.879143443825
APOA1	17.7355271897	1	0.661777647404	0.0513347022587
APOB	15.5579089307	2	0.0953358756233	0.168817835142
APOH	18.770691764	1	0.882663537694	0.0513347022587
APOM	17.0271491855	1	0.425051334702	0.0513347022587
APOO	19.1523802307	6	0.920797887944	0.580228806101
APOOL	18.2107041378	6	0.786740979759	0.580228806101
APP	17.5771978458	12	0.604869463186	0.838222352596
AQR	15.9764637447	9	0.156057494867	0.747433264887
ARCN1	16.9828214807	9	0.407157524201	0.747433264887
ARF1	19.2718855784	10	0.929891463772	0.783660897624
ARF5	18.6897912511	4	0.869463185685	0.408917571135
ARF6	17.9860758459	3	0.727486066295	0.294074508654
ARFGEF1	16.3198171044	9	0.223232619537	0.747433264887
ARFRP1	15.0370647436	1	0.0501613376357	0.0513347022587
ARG1	16.055516866	1	0.173071281901	0.0513347022587
ARG2	18.1226141195	8	0.764740393077	0.702552068055
ARHGAP1	16.2490844764	8	0.208565561748	0.702552068055
ARHGAP35	16.3884925759	12	0.23819301848	0.838222352596
ARHGDIA	17.1481567013	3	0.46465239073	0.294074508654
ARHGEF11	15.3265864506	2	0.0680551481373	0.168817835142
ARHGEF12	14.3909530601	1	0.0275740686418	0.0513347022587
ARHGEF2	14.9856069258	4	0.0469345849223	0.408917571135
ARID1A	16.9312701471	5	0.387210325609	0.505426811382
ARID2	15.4994329081	2	0.0897623936638	0.168817835142
ARID3A	16.9665047814	2	0.401290701085	0.168817835142
ARID3B	16.0244667387	5	0.166324435318	0.505426811382
ARL1	16.1074126516	6	0.180698151951	0.580228806101
ARL15	15.7873166173	2	0.122909944265	0.168817835142
ARL2	17.274617658	5	0.499266647111	0.505426811382
ARL3	16.7333744877	5	0.323261953652	0.505426811382
ARL6IP5	16.9848608394	4	0.408624229979	0.408917571135
ARL8A	19.821717937	4	0.962452332062	0.408917571135
ARL8B	18.9350923559	8	0.90026400704	0.702552068055
ARMCX1	15.433480945	2	0.0809621589909	0.168817835142
ARMCX3	17.3973720201	6	0.540627750073	0.580228806101
ARMT1	14.9569535803	3	0.046054561455	0.294074508654
ARPC1A	17.6250946218	12	0.622176591376	0.838222352596
ARPC2	18.8140215518	15	0.887356996187	0.894103842769
ARPC3	17.4669050432	7	0.565268407158	0.646377236726
ARPC4	19.4568344716	5	0.943385156938	0.505426811382
ARPC5	17.105920909	8	0.451158697565	0.702552068055
ARPC5L	18.8338137072	3	0.889410384277	0.294074508654
ARRB1	16.0074403566	5	0.161630976826	0.505426811382
ARRB2	16.297915203	5	0.218539161044	0.505426811382
ARSB	18.5487704147	9	0.849809328249	0.747433264887
ARSK	15.9629971265	2	0.152537400997	0.168817835142
ARVCF	16.0188513107	5	0.164564388384	0.505426811382
ASAH1	18.8382368964	16	0.889703725433	0.905690818422
ASAP1	16.3823117262	2	0.237899677325	0.168817835142
ASCC3	15.802996792	3	0.124963332356	0.294074508654
ASH2L	16.9555175554	4	0.39747726606	0.408917571135
ASMTL	16.3611459719	3	0.232032854209	0.294074508654
ASNA1	18.497848914	8	0.83866236433	0.702552068055
ASNS	17.111929125	5	0.454092109123	0.505426811382
ASPH	16.9292293285	3	0.386916984453	0.294074508654
ASRGL1	16.8861459289	6	0.373423291288	0.580228806101
ASS1	18.0746799256	9	0.753886770314	0.747433264887
ASTN1	16.2491678707	3	0.208858902904	0.294074508654
ATAD1	16.4782189229	5	0.25902024054	0.505426811382
ATAD3A	17.4882656736	19	0.571428571429	0.936931651511
ATAT1	17.642427559	4	0.628336755647	0.408917571135
ATE1	15.854453993	2	0.132590202405	0.168817835142
ATG7	14.6317268519	2	0.0337342329129	0.168817835142
ATIC	17.571960512	18	0.603109416251	0.92725139337
ATL1	16.6458164634	17	0.298621296568	0.917131123497
ATL2	16.3978707039	6	0.239953065415	0.580228806101
ATM	15.1033366242	8	0.0539747726606	0.702552068055
ATMIN	21.0165468513	1	0.991493106483	0.0513347022587
ATOX1	18.8282165648	1	0.888823701965	0.0513347022587
ATP11A	16.6529718308	2	0.300381343502	0.168817835142
ATP11C	16.4425552926	5	0.251686711646	0.505426811382
ATP13A1	18.0520778888	15	0.746259900264	0.894103842769
ATP13A2	15.0517826672	4	0.051041361103	0.408917571135
ATP1A1	17.5440654894	14	0.593722499267	0.879143443825
ATP1A2	16.3470770373	3	0.229392783808	0.294074508654
ATP1A3	19.2819219641	31	0.930478146084	0.985039601056
ATP1B1	18.5780930841	10	0.855676151364	0.783660897624
ATP1B2	18.5080389879	5	0.839835728953	0.505426811382
ATP1B3	18.5727233531	10	0.854502786741	0.783660897624
ATP2A2	17.5270632784	30	0.585508946905	0.983132883544
ATP2B1	17.5791096758	16	0.605749486653	0.905690818422
ATP2C1	16.7424378683	8	0.327075388677	0.702552068055
ATP5A1	19.6524111333	32	0.954238779701	0.986506306835
ATP5B	19.7310944806	26	0.959225579349	0.971252566735
ATP5C1	18.2365286248	12	0.792607802875	0.838222352596
ATP5D	19.1342419759	2	0.919037841009	0.168817835142
ATP5F1	19.2388088683	11	0.926664711059	0.812848342622
ATP5H	19.2839636289	11	0.93077148724	0.812848342622
ATP5I	19.9153932648	2	0.968905837489	0.168817835142
ATP5J	19.7219666802	4	0.95775887357	0.408917571135
ATP5J2	18.467375178	3	0.831328835436	0.294074508654
ATP5L	21.6573473736	5	0.994719859196	0.505426811382
ATP5O	19.5603546402	9	0.949545321209	0.747433264887
ATP5S	18.3832791672	6	0.81783514227	0.580228806101
ATP6AP1	17.8801773125	6	0.699325315342	0.580228806101
ATP6AP2	16.48236706	9	0.260486946319	0.747433264887
ATP6V0A1	17.9803057631	17	0.726312701672	0.917131123497
ATP6V0D1	18.0327222557	10	0.742153124083	0.783660897624
ATP6V1A	18.2611156727	23	0.794954532121	0.962158990906
ATP6V1B2	18.5466364343	14	0.848635963626	0.879143443825
ATP6V1C1	17.6011733871	14	0.615136403637	0.879143443825
ATP6V1D	18.7412668434	7	0.878556761514	0.646377236726
ATP6V1E1	17.8735963084	13	0.697858609563	0.859782927545
ATP6V1F	16.7905652811	3	0.342329128777	0.294074508654
ATP6V1G1	18.1759488789	2	0.775887356996	0.168817835142
ATP6V1H	17.042391142	11	0.43003813435	0.812848342622
ATP7A	14.8663693361	3	0.0419477852743	0.294074508654
ATP8A1	18.5819780395	24	0.856262833676	0.966265767087
ATP8A2	17.1602301324	13	0.4681724846	0.859782927545
ATP8B1	17.52567478	1	0.584922264594	0.0513347022587
ATP9A	18.0986708232	19	0.760633616896	0.936931651511
ATPAF1	18.0502610107	3	0.745673217952	0.294074508654
ATPIF1	14.4692279272	5	0.0296274567322	0.505426811382
ATRN	16.8386554541	7	0.356409504253	0.646377236726
ATRNL1	16.2740519285	1	0.213259020241	0.0513347022587
ATRX	16.436736281	8	0.249633323555	0.702552068055
ATXN10	16.8774993534	7	0.369903197419	0.646377236726
ATXN2L	16.643353698	4	0.297447931945	0.408917571135
AUH	16.8342460237	7	0.354356116163	0.646377236726
AURKAIP1	18.8262051219	1	0.88853036081	0.0513347022587
B3GALNT1	16.1616766044	2	0.189205045468	0.168817835142
B3GAT3	17.3811359829	6	0.533000880023	0.580228806101
B3GLCT	16.7013073081	4	0.315048401291	0.408917571135
B4GALNT1	17.0887984503	5	0.444411850983	0.505426811382
B4GAT1	17.7504880403	4	0.666471105896	0.408917571135
BABAM1	16.4830889559	1	0.26107362863	0.0513347022587
BABAM2	16.4909720968	2	0.26312701672	0.168817835142
BAG1	16.5656156709	2	0.278674097976	0.168817835142
BAG5	15.5884345473	7	0.0988559694925	0.646377236726
BAG6	16.6187634828	5	0.290994426518	0.505426811382
BAIAP2	16.7410732379	2	0.325902024054	0.168817835142
BANF1	16.3614234928	7	0.232326195365	0.646377236726
BASP1	15.6644647422	10	0.10736286301	0.783660897624
BAZ1A	15.5497489688	2	0.0935758286888	0.168817835142
BAZ1B	17.485771405	11	0.570255206806	0.812848342622
BCAP31	17.5517014365	6	0.595775887357	0.580228806101
BCAT1	18.1053318001	10	0.761220299208	0.783660897624
BCAT2	17.7651979931	6	0.667937811675	0.580228806101
BCKDHA	17.9460047519	9	0.716925784688	0.747433264887
BCKDHB	16.9928303975	2	0.413024347316	0.168817835142
BCL11B	17.5904270907	1	0.610442945145	0.0513347022587
BCS1L	17.5177476585	10	0.582868876503	0.783660897624
BDH1	17.3739391902	2	0.530947491933	0.168817835142
BDH2	16.6250020005	3	0.29363449692	0.294074508654
BDNF	15.7491173892	1	0.119683191552	0.0513347022587
BIN1	16.6401141556	5	0.295981226166	0.505426811382
BIRC6	16.4371891809	2	0.249926664711	0.168817835142
BLMH	15.8859103207	14	0.136990319742	0.879143443825
BLOC1S2	15.699902947	2	0.112056321502	0.168817835142
BLVRA	17.5599990157	3	0.599295981226	0.294074508654
BMS1	17.0669338139	6	0.440011733646	0.580228806101
BOLA2	15.9233661166	2	0.142563801701	0.168817835142
BORCS5	16.1447175714	2	0.187151657378	0.168817835142
BPGM	14.0833911901	1	0.0181871516574	0.0513347022587
BPHL	17.4374891311	10	0.557054854796	0.783660897624
BPNT1	17.0975951486	4	0.448518627163	0.408917571135
BPTF	14.192598363	2	0.0205338809035	0.168817835142
BRCC3	14.0207217366	1	0.0173071281901	0.0513347022587
BRD1	15.0825845897	2	0.052214725726	0.168817835142
BRD3	16.8330671711	2	0.353769433852	0.168817835142
BRD4	15.1752207352	2	0.057201525374	0.168817835142
BRI3BP	18.0040378285	2	0.733059548255	0.168817835142
BRIX1	16.1143748045	4	0.180991493106	0.408917571135
BRK1	17.2270434718	3	0.485772953945	0.294074508654
BROX	15.0367971852	2	0.0498679964799	0.168817835142
BRSK2	16.0923650665	3	0.178351422705	0.294074508654
BSG	17.927723989	6	0.710472279261	0.580228806101
BTBD17	16.2940188276	3	0.217952478733	0.294074508654
BTD	15.9457092056	1	0.147257260194	0.0513347022587
BTF3	15.8990119225	2	0.138750366676	0.168817835142
BTF3L4	20.1114924203	4	0.975946025227	0.408917571135
BTN2A1	16.0774520318	3	0.176298034614	0.294074508654
BUB3	18.6868989784	7	0.868876503373	0.646377236726
BUD31	17.6264521549	3	0.622469932532	0.294074508654
BYSL	16.8400459604	4	0.357289527721	0.408917571135
BZW1	19.0507550409	9	0.911997653271	0.747433264887
BZW2	18.5594360325	15	0.851276034028	0.894103842769
C11orf54	15.7134530701	1	0.115283074215	0.0513347022587
C12orf10	18.0594290902	8	0.748019947199	0.702552068055
C12orf57	15.4619840672	3	0.0853622763274	0.294074508654
C12orf65	16.3052098688	1	0.22088589029	0.0513347022587
C1QBP	17.2406301688	6	0.491053094749	0.580228806101
C1QTNF3	12.0949795593	2	0.00234672924611	0.168817835142
C1orf123	16.0013618902	1	0.16133763567	0.0513347022587
C1orf43	16.3906069128	2	0.238779700792	0.168817835142
C20orf27	17.7297823059	2	0.659137577002	0.168817835142
C21orf33	18.7278257445	9	0.876210032268	0.747433264887
C21orf59	15.393636793	1	0.0753886770314	0.0513347022587
C2CD4C	13.5883058962	2	0.00968025814022	0.168817835142
C3	18.3070903334	7	0.804341449105	0.646377236726
C3orf58	16.4411116978	1	0.251100029334	0.0513347022587
C6orf203	17.2873735737	2	0.506306834849	0.168817835142
C6orf89	16.7678896179	2	0.336462305661	0.168817835142
C7orf50	16.7580042293	3	0.33382223526	0.294074508654
C9orf72	16.181434311	3	0.193311821649	0.294074508654
CAB39	17.2889221022	7	0.50689351716	0.646377236726
CAB39L	17.8293151138	2	0.684071575242	0.168817835142
CACNA2D1	19.0135637001	29	0.909064241713	0.98063948372
CACNA2D2	17.0364000228	14	0.428571428571	0.879143443825
CACNB1	17.876072694	1	0.698151950719	0.0513347022587
CACNB3	18.0460826259	6	0.744499853329	0.580228806101
CACYBP	17.5765827205	4	0.604282780874	0.408917571135
CAD	15.3170876137	4	0.0674684658258	0.408917571135
CADM2	17.4375894248	2	0.557348195952	0.168817835142
CADM3	15.568678846	7	0.0973892637137	0.646377236726
CADM4	15.4071145999	3	0.0780287474333	0.294074508654
CADPS	16.9638453573	20	0.400410677618	0.944998533294
CALR	20.213591634	30	0.980052801408	0.983132883544
CALU	17.8722856682	12	0.697565268407	0.838222352596
CAMK2B	18.3047919641	9	0.803461425638	0.747433264887
CAMK2D	17.6010085203	5	0.614549721326	0.505426811382
CAMK2G	17.5350286069	3	0.588735699619	0.294074508654
CAMKV	17.943173259	11	0.716339102376	0.812848342622
CAMSAP1	11.8535317613	1	0.00176004693458	0.0513347022587
CAMSAP2	17.5420640486	2	0.593135816955	0.168817835142
CAND1	18.7054109839	35	0.872396597243	0.990613083016
CANT1	17.306128841	1	0.51246699912	0.0513347022587
CANX	18.6075463756	32	0.859782927545	0.986506306835
CAP1	16.8989077257	16	0.377530067468	0.905690818422
CAP2	18.0663211968	5	0.751540041068	0.505426811382
CAPN1	17.1080767144	16	0.452332062188	0.905690818422
CAPN5	16.100664246	6	0.180111469639	0.580228806101
CAPNS1	18.8950651921	4	0.894983866236	0.408917571135
CAPRIN1	18.7286097384	10	0.876796714579	0.783660897624
CAPZA1	17.9314829933	7	0.712525667351	0.646377236726
CAPZA2	17.9341530265	9	0.713405690818	0.747433264887
CAPZB	17.6931507564	10	0.645350542681	0.783660897624
CARHSP1	16.4825579205	1	0.260780287474	0.0513347022587
CARM1	17.1593292589	9	0.467879143444	0.747433264887
CARMIL3	14.4904001426	1	0.0299207978879	0.0513347022587
CARS	18.0163402709	17	0.73687298328	0.917131123497
CASC4	17.0055294668	10	0.416544441185	0.783660897624
CASD1	17.325402086	3	0.517453798768	0.294074508654
CASK	17.9926848664	12	0.729832795541	0.838222352596
CASP3	16.5724281267	4	0.279847462599	0.408917571135
CASTOR2	17.6991287438	1	0.646523907304	0.0513347022587
CAT	17.740956015	14	0.663537694339	0.879143443825
CBLN1	16.7124355838	6	0.317688471693	0.580228806101
CBLN4	21.6315173115	1	0.99442651804	0.0513347022587
CBR1	16.3443403852	5	0.22851276034	0.505426811382
CBX1	18.9554245647	2	0.903197418598	0.168817835142
CBX3	16.0157252942	8	0.163684364916	0.702552068055
CBX5	19.2992234384	3	0.931944851863	0.294074508654
CCAR1	16.9657900368	11	0.40099735993	0.812848342622
CCAR2	18.0463370796	8	0.744793194485	0.702552068055
CCDC134	16.9648179227	6	0.400704018774	0.580228806101
CCDC47	16.5330523486	9	0.271927251393	0.747433264887
CCDC51	17.0518541468	3	0.432678204752	0.294074508654
CCDC58	17.6445694804	3	0.629803461426	0.294074508654
CCDC88A	14.8214695478	5	0.0398943971839	0.505426811382
CCDC90B	16.6190704418	7	0.291287767674	0.646377236726
CCDC93	16.7023585111	1	0.315341742446	0.0513347022587
CCS	16.7926055436	1	0.343209152244	0.0513347022587
CCT2	19.129691687	25	0.918157817542	0.968759166911
CCT3	18.6146296216	27	0.860956292168	0.973452625403
CCT4	19.7555281365	23	0.960105602816	0.962158990906
CCT5	18.0611629324	28	0.749486652977	0.976972719273
CCT6A	18.2353175674	24	0.792021120563	0.966265767087
CCT6B	17.7005307524	1	0.647403930771	0.0513347022587
CCT7	17.8197582724	20	0.68143150484	0.944998533294
CCT8	18.510501921	28	0.841009093576	0.976972719273
CD200	20.890554353	2	0.99031974186	0.168817835142
CD47	18.0133095527	3	0.736579642124	0.294074508654
CD59	19.0398316807	1	0.911117629803	0.0513347022587
CD63	13.3700298104	2	0.00792021120563	0.168817835142
CD81	16.5173316241	1	0.267527134057	0.0513347022587
CDC37	17.4364735955	8	0.556468172485	0.702552068055
CDC40	17.1680688552	4	0.469932531534	0.408917571135
CDC42	17.7320393636	5	0.660017600469	0.505426811382
CDC42BPA	15.4565439519	2	0.0844822528601	0.168817835142
CDC42BPB	17.1436992752	12	0.463185684952	0.838222352596
CDC5L	16.1857321447	6	0.194485186272	0.580228806101
CDC73	15.8850513735	9	0.136696978586	0.747433264887
CDH2	16.7300291172	9	0.322675271341	0.747433264887
CDIPT	19.7916114427	4	0.961278967439	0.408917571135
CDK16	13.695259789	1	0.011146963919	0.0513347022587
CDK2AP1	14.5306680567	1	0.0305074801995	0.0513347022587
CDK5	16.3447077992	4	0.228806101496	0.408917571135
CDK5RAP3	15.3188613452	3	0.0677618069815	0.294074508654
CDK7	14.9073823272	2	0.0434144910531	0.168817835142
CDKN2AIP	15.9915468868	2	0.158697565268	0.168817835142
CDS2	18.4516360625	4	0.829275447345	0.408917571135
CDV3	16.7760043129	1	0.338809034908	0.0513347022587
CEBPZ	16.1237281837	8	0.183044881197	0.702552068055
CELF1	17.2079220928	3	0.479612789674	0.294074508654
CELF2	17.6075882798	3	0.616896450572	0.294074508654
CELF4	17.2852101679	3	0.505133470226	0.294074508654
CELSR3	17.6817117387	1	0.640950425345	0.0513347022587
CENPV	17.122841825	4	0.458785567615	0.408917571135
CEP170	16.0143140305	7	0.162804341449	0.646377236726
CERS6	19.4430904952	2	0.942211792314	0.168817835142
CETN2	17.5824652167	3	0.606922851276	0.294074508654
CFDP1	15.4589545079	1	0.0847755940158	0.0513347022587
CFL1	18.7228305967	14	0.874156644177	0.879143443825
CFL2	17.5980432214	2	0.613376356703	0.168817835142
CHAMP1	15.4092778036	3	0.078322088589	0.294074508654
CHCHD1	19.3278730695	1	0.933704898797	0.0513347022587
CHCHD3	16.2988551484	6	0.219125843356	0.580228806101
CHCHD4	13.625408475	1	0.0105602816075	0.0513347022587
CHCHD6	17.5400186037	2	0.591962452332	0.168817835142
CHD2	16.9235025201	5	0.38574361983	0.505426811382
CHD4	17.4950490119	21	0.573188618363	0.951158697565
CHD9	17.0349025384	2	0.427691405104	0.168817835142
CHGA	14.9112464547	8	0.0437078322089	0.702552068055
CHGB	14.2227763341	7	0.0214139043708	0.646377236726
CHID1	17.5050252797	9	0.576415371077	0.747433264887
CHML	16.778819401	2	0.339982399531	0.168817835142
CHMP1A	15.3345317267	1	0.0689351716046	0.0513347022587
CHMP1B	16.0443035449	1	0.171311234966	0.0513347022587
CHMP4B	15.8957142904	3	0.137870343209	0.294074508654
CHMP7	13.9839425117	2	0.0155470812555	0.168817835142
CHN1	16.9917857274	3	0.412437665004	0.294074508654
CHN2	17.8487005683	2	0.689645057202	0.168817835142
CHP1	17.5374289955	7	0.591375770021	0.646377236726
CHRNA3	17.7344703347	4	0.660604282781	0.408917571135
CIAO1	17.0432881653	2	0.430918157818	0.168817835142
CIRBP	16.5616207921	3	0.27838075682	0.294074508654
CISD1	17.7890456884	3	0.673511293634	0.294074508654
CISD2	20.0251471523	5	0.974185978293	0.505426811382
CKAP4	18.9092309023	38	0.897917277794	0.99237312995
CKAP5	17.9534275648	34	0.719859196245	0.98958638897
CKB	17.5105198382	15	0.57964212379	0.894103842769
CKMT1A	17.690609478	15	0.644470519214	0.894103842769
CLASP1	17.8084271059	21	0.67937811675	0.951158697565
CLASP2	16.5749237119	16	0.280140803755	0.905690818422
CLCN4	17.8328502138	4	0.684658257554	0.408917571135
CLCN6	17.0312782651	9	0.427104722793	0.747433264887
CLCN7	17.4295077306	3	0.552948078615	0.294074508654
CLDND1	15.7332377695	2	0.117629803461	0.168817835142
CLGN	17.6870100922	11	0.642710472279	0.812848342622
CLIC1	18.0959486292	5	0.759753593429	0.505426811382
CLIC4	17.3847761529	6	0.534760926958	0.580228806101
CLINT1	16.9954989627	6	0.413904370783	0.580228806101
CLIP2	14.5537516322	4	0.0316808448225	0.408917571135
CLN5	18.6300485721	4	0.86359636257	0.408917571135
CLPB	16.9939159209	9	0.413317688472	0.747433264887
CLPP	17.169298116	7	0.47022587269	0.646377236726
CLPTM1	16.220842047	6	0.20152537401	0.580228806101
CLPTM1L	16.7423139603	3	0.326782047521	0.294074508654
CLPX	16.4416743621	10	0.25139337049	0.783660897624
CLSTN1	17.4212976097	3	0.548547961279	0.294074508654
CLSTN3	16.8557690026	6	0.36286300968	0.580228806101
CLTA	15.8909096135	8	0.137283660898	0.702552068055
CLTB	16.8781625874	5	0.370196538574	0.505426811382
CLTC	18.2656522423	54	0.796127896744	0.997066588442
CLU	15.0527340363	2	0.0513347022587	0.168817835142
CMAS	18.3738259197	11	0.816075095336	0.812848342622
CMC1	19.8720545775	1	0.96538574362	0.0513347022587
CMPK1	17.6724681817	9	0.638897037254	0.747433264887
CMSS1	16.1830137426	2	0.193605162804	0.168817835142
CMTR1	16.0995364015	9	0.179818128483	0.747433264887
CNDP2	19.1979290308	12	0.924317981813	0.838222352596
CNN3	16.3238094596	7	0.224699325315	0.646377236726
CNNM2	15.9545541005	2	0.14960398944	0.168817835142
CNOT1	16.4519478193	27	0.254913464359	0.973452625403
CNOT10	16.2459522689	2	0.207685538281	0.168817835142
CNOT3	17.8624789041	2	0.69463185685	0.168817835142
CNOT9	16.918447416	3	0.384276914051	0.294074508654
CNP	18.0608330398	11	0.748899970666	0.812848342622
CNPY2	19.3224201258	7	0.933118216486	0.646377236726
CNRIP1	16.4726236555	2	0.258140217072	0.168817835142
CNTFR	16.7252234504	4	0.321501906718	0.408917571135
CNTN1	18.6010454695	28	0.859196245233	0.976972719273
CNTNAP1	16.902581611	6	0.378996773247	0.580228806101
CNTNAP2	17.1573127004	10	0.466705778821	0.783660897624
CNTNAP5	16.1763049776	6	0.192138457026	0.580228806101
COA1	15.9348036995	4	0.145203872103	0.408917571135
COA3	17.8011791364	3	0.677618069815	0.294074508654
COA7	18.4405383429	3	0.827808741566	0.294074508654
COASY	13.8201330316	3	0.0129070108536	0.294074508654
COCH	15.6460472891	1	0.105602816075	0.0513347022587
COIL	16.5008063871	1	0.264300381344	0.0513347022587
COL1A1	15.003209465	3	0.0484012907011	0.294074508654
COL1A2	13.7782656844	1	0.0126136696979	0.0513347022587
COL6A1	16.9484212404	9	0.393663831035	0.747433264887
COLGALT1	17.9338899755	14	0.713112349663	0.879143443825
COMMD1	15.5007134068	2	0.0903490759754	0.168817835142
COMMD10	14.7399003198	1	0.0363743033148	0.0513347022587
COMMD2	13.2768893894	2	0.00674684658258	0.168817835142
COMMD3	16.3329515122	3	0.227339395717	0.294074508654
COMMD9	15.1999794978	3	0.0592549134644	0.294074508654
COPA	17.7659251446	31	0.668231152831	0.985039601056
COPB1	16.5823134272	13	0.281607509534	0.859782927545
COPB2	17.1972528206	16	0.476679378117	0.905690818422
COPE	17.054539735	7	0.435024933998	0.646377236726
COPG1	16.9386700413	9	0.390143737166	0.747433264887
COPG2	16.3174776206	12	0.222645937225	0.838222352596
COPS2	17.4346229786	15	0.55470812555	0.894103842769
COPS3	17.7470274919	7	0.665297741273	0.646377236726
COPS4	16.4120914403	12	0.242593135817	0.838222352596
COPS5	16.9872941263	7	0.410970959226	0.646377236726
COPS6	18.1932242017	4	0.781460838956	0.408917571135
COPS7B	15.4264697045	4	0.0800821355236	0.408917571135
COPS8	19.1375805111	3	0.919917864476	0.294074508654
COPZ1	16.7204179076	5	0.32062188325	0.505426811382
COQ6	15.9795602323	4	0.15723085949	0.408917571135
COQ7	15.3630353594	3	0.0718685831622	0.294074508654
COQ9	15.382833469	3	0.0736286300968	0.294074508654
CORO1A	16.4072723409	5	0.242006453505	0.505426811382
CORO1C	17.1772346229	10	0.471985919625	0.783660897624
CORO2A	19.1588856941	2	0.921971252567	0.168817835142
CORO7	16.8784770885	7	0.37048987973	0.646377236726
COTL1	18.445074158	9	0.828688765034	0.747433264887
COX10	17.2151742433	1	0.483132883544	0.0513347022587
COX17	15.6941972192	2	0.111176298035	0.168817835142
COX18	16.4506387985	2	0.254326782048	0.168817835142
COX4I1	19.3778437346	10	0.936051628043	0.783660897624
COX5A	19.6281290027	6	0.953358756233	0.580228806101
COX5B	17.5357504259	3	0.58932238193	0.294074508654
COX6A1	16.6944200041	2	0.312701672045	0.168817835142
COX6B1	20.8138823532	3	0.989146377237	0.294074508654
COX6C	18.6971555064	4	0.870049867996	0.408917571135
COX7A2	23.1176273111	2	0.99794661191	0.168817835142
COX7A2L	20.2528422111	4	0.981226166031	0.408917571135
COX7B	15.7292384238	2	0.116456438838	0.168817835142
COX7C	16.8469663503	2	0.360516280434	0.168817835142
CPD	17.7133591386	29	0.653857436198	0.98063948372
CPE	18.535614958	16	0.845995893224	0.905690818422
CPEB4	16.6939830292	1	0.312408330889	0.0513347022587
CPNE1	18.9633780234	7	0.903784100909	0.646377236726
CPNE2	18.7563223323	2	0.88090349076	0.168817835142
CPNE3	18.4083442582	5	0.822528600763	0.505426811382
CPNE4	14.8195713126	4	0.0396010560282	0.408917571135
CPNE7	17.2955857889	6	0.509240246407	0.580228806101
CPNE9	13.4826091881	2	0.00850689351716	0.168817835142
CPOX	18.1135702151	5	0.763273687298	0.505426811382
CPSF1	16.7963216491	13	0.344089175711	0.859782927545
CPSF2	15.7314287332	9	0.11704312115	0.747433264887
CPSF3	16.7501670049	4	0.331182164858	0.408917571135
CPSF6	17.8830953983	4	0.700205338809	0.408917571135
CPSF7	17.9939818011	6	0.730419477853	0.580228806101
CPT2	17.2328493548	20	0.488119683192	0.944998533294
CPVL	18.4511784544	8	0.828982106189	0.702552068055
CRABP1	17.5406084237	11	0.592255793488	0.812848342622
CRAT	17.9777224028	15	0.724552654737	0.894103842769
CRCP	14.2195204792	2	0.021120563215	0.168817835142
CRELD1	18.2225346461	3	0.788501026694	0.294074508654
CRELD2	17.2402856713	2	0.490759753593	0.168817835142
CRIP2	14.0885922283	3	0.0184804928131	0.294074508654
CRK	15.9431997165	4	0.146670577882	0.408917571135
CRKL	17.4100228815	2	0.544734526254	0.168817835142
CRMP1	18.5225011475	24	0.843355822822	0.966265767087
CRNKL1	17.0945258679	8	0.44734526254	0.702552068055
CROCC2	19.7895421689	1	0.960985626283	0.0513347022587
CRYZ	16.8609816921	13	0.363743033148	0.859782927545
CS	18.9897303187	16	0.90789087709	0.905690818422
CSDE1	18.5091465579	19	0.840422411264	0.936931651511
CSE1L	17.4358709275	23	0.555001466706	0.962158990906
CSNK1A1	17.7519694999	8	0.666764447052	0.702552068055
CSNK2A1	17.2321418004	13	0.48753300088	0.859782927545
CSNK2A2	15.8612806031	9	0.133763567028	0.747433264887
CSNK2B	18.7700060461	2	0.882370196539	0.168817835142
CSTA	18.0302256509	2	0.74097975946	0.168817835142
CSTB	17.9624380017	7	0.72161924318	0.646377236726
CSTF1	17.4914022615	2	0.572601936052	0.168817835142
CSTF2	17.3080279391	2	0.512760340276	0.168817835142
CSTF2T	14.2471919865	1	0.0220005866823	0.0513347022587
CSTF3	16.9756563209	9	0.40510413611	0.747433264887
CTBP1	17.7111506901	9	0.652097389264	0.747433264887
CTBP2	17.1480631673	2	0.464359049575	0.168817835142
CTCF	18.4397020259	2	0.827222059255	0.168817835142
CTDNEP1	16.4266207946	4	0.247579935465	0.408917571135
CTDSPL2	16.4062856644	2	0.241419771194	0.168817835142
CTNNA1	16.786034263	3	0.341155764154	0.294074508654
CTNNA2	16.7800953848	19	0.340275740686	0.936931651511
CTNNB1	17.3196373189	16	0.515693751833	0.905690818422
CTNNBL1	15.3119931303	5	0.0668817835142	0.505426811382
CTNND1	16.5487728837	4	0.275154004107	0.408917571135
CTNND2	16.8669503345	3	0.365796421238	0.294074508654
CTPS1	17.4266731039	8	0.551481372837	0.702552068055
CTPS2	17.8078510029	7	0.679084775594	0.646377236726
CTR9	15.1522532916	6	0.0566148430625	0.580228806101
CTSA	17.1386447915	4	0.462012320329	0.408917571135
CTSB	17.404853436	8	0.542974479319	0.702552068055
CTSC	16.9754045635	3	0.404810794955	0.294074508654
CTSD	19.5520466022	11	0.948665297741	0.812848342622
CTSL	17.895918467	3	0.704898797301	0.294074508654
CTSZ	18.3850065648	1	0.818421824582	0.0513347022587
CTTN	15.9420133101	1	0.146377236726	0.0513347022587
CUL1	16.4526958374	18	0.255206805515	0.92725139337
CUL2	16.3798607385	11	0.237019653857	0.812848342622
CUL3	18.1099222205	20	0.762393663831	0.944998533294
CUL4B	17.6322277827	17	0.625110002933	0.917131123497
CUL5	17.5092052584	18	0.578175418011	0.92725139337
CUTA	17.3981247641	3	0.540921091229	0.294074508654
CXADR	18.5152668452	8	0.842182458199	0.702552068055
CYB5A	17.4110943285	4	0.545321208566	0.408917571135
CYB5B	17.1907602933	3	0.475212672338	0.294074508654
CYB5D2	16.1247408582	3	0.183631563508	0.294074508654
CYB5R1	17.4189213104	11	0.547667937812	0.812848342622
CYB5R2	18.7244944809	1	0.875036667644	0.0513347022587
CYB5R3	18.7000118681	14	0.870929891464	0.879143443825
CYC1	16.157379963	8	0.188325022001	0.702552068055
CYCS	19.0836546227	5	0.915224405984	0.505426811382
CYFIP1	17.4364439221	14	0.556174831329	0.879143443825
CYFIP2	17.543101109	17	0.593429158111	0.917131123497
CYGB	17.1271307318	1	0.459958932238	0.0513347022587
CYP20A1	14.9900958422	2	0.047227926078	0.168817835142
CYP4X1	15.8482861523	5	0.131710178938	0.505426811382
CYP51A1	17.3949903659	13	0.538867703139	0.859782927545
DAAM1	14.4492009234	9	0.0284540921091	0.747433264887
DACH1	16.8912390512	2	0.374889997067	0.168817835142
DAD1	19.6701878245	4	0.955118803168	0.408917571135
DAP3	18.435629801	11	0.826342035788	0.812848342622
DARS	17.5741814566	23	0.603696098563	0.962158990906
DARS2	17.7186176366	12	0.655324141977	0.838222352596
DAZAP1	18.6204942239	2	0.861542974479	0.168817835142
DBI	17.2843418306	5	0.50484012907	0.505426811382
DBN1	15.0546785134	8	0.0516280434145	0.702552068055
DBNL	14.6119637893	4	0.0328542094456	0.408917571135
DBR1	17.0255367955	2	0.424464652391	0.168817835142
DBT	17.1063315491	13	0.451452038721	0.859782927545
DCAF1	14.5665655864	3	0.0322675271341	0.294074508654
DCAF16	16.7334074859	1	0.323555294808	0.0513347022587
DCAF7	17.5029021788	4	0.574948665298	0.408917571135
DCAKD	17.2019941507	8	0.47785274274	0.702552068055
DCD	18.2917665666	2	0.801701378703	0.168817835142
DCLK1	18.2912116636	13	0.801114696392	0.859782927545
DCLK2	17.0624806412	5	0.438251686712	0.505426811382
DCP1A	14.801617155	2	0.0387210325609	0.168817835142
DCPS	16.3245707837	3	0.224992666471	0.294074508654
DCTN1	17.7223883904	19	0.657084188912	0.936931651511
DCTN2	17.4150391979	10	0.5470812555	0.783660897624
DCTN4	17.566724635	4	0.601936051628	0.408917571135
DCTN5	15.3833074904	2	0.0739219712526	0.168817835142
DCTN6	16.9479468728	4	0.393077148724	0.408917571135
DCUN1D1	16.0122470375	5	0.162217659138	0.505426811382
DCX	22.1769434519	5	0.996186564975	0.505426811382
DCXR	17.1832523196	6	0.473745966559	0.580228806101
DDAH1	17.6899150131	12	0.643590495747	0.838222352596
DDAH2	18.5816346449	8	0.85596949252	0.702552068055
DDB1	18.1416127974	29	0.767967145791	0.98063948372
DDOST	18.6079783731	15	0.8600762687	0.894103842769
DDT	18.9599686441	3	0.903490759754	0.294074508654
DDX1	17.6730446546	23	0.63919037841	0.962158990906
DDX17	19.3976706399	16	0.939278380757	0.905690818422
DDX18	16.3597003719	10	0.231446171898	0.783660897624
DDX21	17.7880774844	12	0.673217952479	0.838222352596
DDX23	16.0545895649	4	0.172777940745	0.408917571135
DDX27	16.9354738443	4	0.388970372543	0.408917571135
DDX28	15.5554623771	1	0.0950425344676	0.0513347022587
DDX39A	20.8087129961	12	0.988853036081	0.838222352596
DDX39B	17.139291848	8	0.462305661484	0.702552068055
DDX3X	17.2203853084	5	0.484012907011	0.505426811382
DDX3Y	18.3001126124	10	0.802874743326	0.783660897624
DDX41	16.7597825413	2	0.334408917571	0.168817835142
DDX42	16.4790362901	14	0.259313581696	0.879143443825
DDX46	16.8475184862	5	0.361102962746	0.505426811382
DDX5	18.0879481238	22	0.757406864183	0.956585508947
DDX50	16.6512590635	2	0.299794661191	0.168817835142
DDX52	15.9525266846	2	0.149017307128	0.168817835142
DDX54	14.3771504008	2	0.0266940451745	0.168817835142
DDX6	18.1822321055	13	0.778527427398	0.859782927545
DECR1	18.0836789592	12	0.756526840716	0.838222352596
DEGS1	17.1053898333	2	0.450572015254	0.168817835142
DEK	18.4368501552	6	0.826928718099	0.580228806101
DENR	17.5645108484	3	0.601056028161	0.294074508654
DERA	16.9226384521	5	0.385450278674	0.505426811382
DGCR8	15.4362794507	1	0.0818421824582	0.0513347022587
DGLUCY	15.7855781743	5	0.122616603109	0.505426811382
DGUOK	16.6268055478	3	0.294221179231	0.294074508654
DHCR24	17.4566551749	11	0.5623349956	0.812848342622
DHCR7	18.8684951598	4	0.89263713699	0.408917571135
DHODH	17.2269006031	5	0.48547961279	0.505426811382
DHPS	14.3599034957	2	0.0255206805515	0.168817835142
DHRS7	20.09671257	7	0.975652684072	0.646377236726
DHRS7B	16.9270070418	4	0.386623643297	0.408917571135
DHTKD1	16.5884229003	7	0.282780874157	0.646377236726
DHX15	17.9307134462	19	0.711352302728	0.936931651511
DHX16	16.427877642	5	0.247873276621	0.505426811382
DHX29	16.7824174627	6	0.340569081842	0.580228806101
DHX30	16.8150144256	21	0.348489293048	0.951158697565
DHX36	15.8136779373	7	0.126430038134	0.646377236726
DHX40	15.0914499052	2	0.0533880903491	0.168817835142
DHX8	14.7986508444	2	0.0384276914051	0.168817835142
DHX9	17.4226668411	21	0.549427984746	0.951158697565
DIABLO	17.1216317612	10	0.458198885304	0.783660897624
DICER1	15.920582191	9	0.141097095923	0.747433264887
DIP2B	17.0534899989	9	0.433851569375	0.747433264887
DIP2C	15.6579130798	4	0.106482839542	0.408917571135
DIRAS1	15.4302587515	1	0.0803754766794	0.0513347022587
DIS3	16.770850843	17	0.337342329129	0.917131123497
DIS3L2	16.6888795094	6	0.310648283954	0.580228806101
DKC1	18.1285529432	12	0.766207098856	0.838222352596
DLAT	19.558093208	12	0.949251980053	0.838222352596
DLD	18.636390893	14	0.864769727193	0.879143443825
DLG1	16.8455280706	2	0.359342915811	0.168817835142
DLG3	16.0349493787	6	0.169551188032	0.580228806101
DLG4	16.453210788	7	0.255500146671	0.646377236726
DLGAP4	17.095986815	6	0.447638603696	0.580228806101
DLST	19.1547317076	9	0.921091229099	0.747433264887
DMAP1	16.9067653986	1	0.38017013787	0.0513347022587
DMTN	18.6909411834	2	0.869756526841	0.168817835142
DMXL2	16.8366994771	8	0.35523613963	0.702552068055
DNAH8	19.8326695283	1	0.963625696685	0.0513347022587
DNAJA1	19.596050917	12	0.951012026987	0.838222352596
DNAJA2	16.6032650735	14	0.286300968026	0.879143443825
DNAJA3	17.4751712282	6	0.567028454092	0.580228806101
DNAJA4	19.6919312354	1	0.957172191258	0.0513347022587
DNAJB1	17.5321746999	7	0.58726899384	0.646377236726
DNAJB11	18.9334776998	12	0.899970665884	0.838222352596
DNAJB2	15.5220334307	1	0.0918157817542	0.0513347022587
DNAJB6	18.3822077796	3	0.817541801115	0.294074508654
DNAJC10	18.0281929065	6	0.739806394837	0.580228806101
DNAJC11	17.145670366	8	0.464065708419	0.702552068055
DNAJC13	15.9577472663	18	0.150484012907	0.92725139337
DNAJC16	16.3204101038	7	0.223525960692	0.646377236726
DNAJC19	17.921817193	6	0.709592255793	0.580228806101
DNAJC2	15.938174349	1	0.145790554415	0.0513347022587
DNAJC3	16.8406062394	8	0.357876210032	0.702552068055
DNAJC5	16.6065357576	3	0.287767673805	0.294074508654
DNAJC6	17.206245066	7	0.479319448519	0.646377236726
DNAJC7	16.9995784087	4	0.415077735406	0.408917571135
DNAJC8	16.7350062077	10	0.324435318275	0.783660897624
DNAJC9	18.0113124244	3	0.735992959812	0.294074508654
DNER	17.0117345906	2	0.419771193899	0.168817835142
DNM1	16.8786387272	18	0.370783220886	0.92725139337
DNM1L	17.4234175424	20	0.549721325902	0.944998533294
DNM2	18.1193994886	9	0.764153710766	0.747433264887
DNM3	15.7782367441	6	0.121736579642	0.580228806101
DNMT1	20.1198639863	1	0.976826048695	0.0513347022587
DOCK1	15.8501859229	1	0.132003520094	0.0513347022587
DOCK11	17.4644468236	3	0.56438838369	0.294074508654
DOCK7	16.5084367675	13	0.266060428278	0.859782927545
DPAGT1	17.4037751653	1	0.542681138164	0.0513347022587
DPCD	14.0439627106	1	0.0178938105016	0.0513347022587
DPM1	18.5595984031	8	0.851569375183	0.702552068055
DPP10	15.4543086948	2	0.0836022293928	0.168817835142
DPP3	16.5372564956	20	0.273100616016	0.944998533294
DPP7	16.1922497648	7	0.197125256674	0.646377236726
DPY19L3	17.8549251123	2	0.692285127603	0.168817835142
DPY30	16.4141227411	3	0.244646523907	0.294074508654
DPYS	16.9461852378	2	0.392197125257	0.168817835142
DPYSL2	19.4987070665	23	0.945438545028	0.962158990906
DPYSL3	19.3058427114	25	0.932531534174	0.968759166911
DPYSL4	17.9610249438	19	0.721325902024	0.936931651511
DPYSL5	19.0703812326	18	0.913757700205	0.92725139337
DR1	19.9887003662	2	0.972132590202	0.168817835142
DRAP1	18.5766467427	4	0.855089469053	0.408917571135
DRG1	16.6686044398	3	0.303021413904	0.294074508654
DRG2	16.2290703088	1	0.203285420945	0.0513347022587
DSCR3	16.0586544043	2	0.173364623057	0.168817835142
DSG1	16.8260382987	3	0.35112936345	0.294074508654
DST	16.1766438754	44	0.192431798181	0.995013200352
DSTN	17.701006248	6	0.647990613083	0.580228806101
DTX3	18.0070092526	1	0.734526254033	0.0513347022587
DTYMK	17.2052253633	7	0.479026107363	0.646377236726
DUSP3	17.1748291231	4	0.471399237313	0.408917571135
DUT	17.7838181581	3	0.672631270167	0.294074508654
DYNC1H1	18.1769230623	186	0.776180698152	1
DYNC1I1	15.8131899884	2	0.126136696979	0.168817835142
DYNC1I2	17.2832807208	8	0.504253446759	0.702552068055
DYNC1LI1	18.0393989115	13	0.742739806395	0.859782927545
DYNC1LI2	17.1355691142	8	0.460838955705	0.702552068055
DYNC2H1	15.6354389293	7	0.104429451452	0.646377236726
DYNLL1	19.9409531616	2	0.970665884424	0.168817835142
DYNLL2	21.3866362027	1	0.993253153417	0.0513347022587
DYNLRB1	17.3130389799	6	0.513933704899	0.580228806101
DYNLT1	17.9511547414	3	0.719272513934	0.294074508654
EBF1	17.6980177314	3	0.646230566148	0.294074508654
EBF2	17.8611243319	1	0.694045174538	0.0513347022587
EBF3	19.3870468763	6	0.937811674978	0.580228806101
EBP	15.738112751	3	0.118216485773	0.294074508654
ECE1	16.6905461999	3	0.311528307422	0.294074508654
ECH1	16.9751788741	9	0.404517453799	0.747433264887
ECHDC1	17.0078996817	5	0.417717805808	0.505426811382
ECHS1	17.5478606215	12	0.594602522734	0.838222352596
ECI1	18.471753318	6	0.832795541214	0.580228806101
ECI2	17.133676888	4	0.46054561455	0.408917571135
ECM29	15.7278248675	11	0.116163097683	0.812848342622
ECSIT	17.6575649827	4	0.634790261074	0.408917571135
EDC4	17.4181752639	9	0.547374596656	0.747433264887
EDEM3	15.2703185531	5	0.0648283954239	0.505426811382
EDF1	14.1087459102	4	0.0190671751247	0.408917571135
EDIL3	19.0422492016	16	0.911410970959	0.905690818422
EDRF1	14.1921809412	1	0.0202405397477	0.0513347022587
EEA1	16.4132476449	30	0.243179818128	0.983132883544
EED	16.52504748	5	0.269287180991	0.505426811382
EEF1A1	18.4440816515	23	0.828395423878	0.962158990906
EEF1A2	18.4004527084	8	0.820768553828	0.702552068055
EEF1B2	18.0434431749	6	0.743326488706	0.580228806101
EEF1D	18.8523889107	5	0.890877090056	0.505426811382
EEF1E1	16.3223079545	9	0.224112643004	0.747433264887
EEF1G	18.4549391063	18	0.829568788501	0.92725139337
EEF2	18.3321929035	28	0.807568201819	0.976972719273
EFHD2	15.6055436189	2	0.102669404517	0.168817835142
EFL1	17.1056255296	2	0.45086535641	0.168817835142
EFTUD2	17.7995344143	28	0.676738046348	0.976972719273
EHBP1	16.5933823485	2	0.284834262247	0.168817835142
EHD1	18.225762451	17	0.789381050161	0.917131123497
EHD3	16.9542418053	3	0.396890583749	0.294074508654
EI24	19.9116514067	1	0.968319155177	0.0513347022587
EIF1	18.9730717277	4	0.904957465532	0.408917571135
EIF2A	16.917679976	8	0.38369023174	0.702552068055
EIF2AK2	16.2185359789	6	0.201232032854	0.580228806101
EIF2B3	16.9804034255	4	0.406570841889	0.408917571135
EIF2S1	18.055376943	12	0.747139923731	0.838222352596
EIF2S2	17.5364009789	8	0.590495746553	0.702552068055
EIF2S3	17.8904046256	13	0.701965385744	0.859782927545
EIF3A	16.9181443351	33	0.383983572895	0.988119683192
EIF3B	17.9176805717	23	0.708125550015	0.962158990906
EIF3C	17.4850570867	16	0.56996186565	0.905690818422
EIF3D	18.7583829965	7	0.881196831916	0.646377236726
EIF3E	17.2945040852	17	0.508946905251	0.917131123497
EIF3F	17.3895054325	7	0.535934291581	0.646377236726
EIF3G	17.3522203621	3	0.525080668818	0.294074508654
EIF3H	17.4874921224	7	0.570841889117	0.646377236726
EIF3I	17.7948337002	7	0.675271340569	0.646377236726
EIF3J	16.363821245	6	0.232912877677	0.580228806101
EIF3L	17.4889444031	18	0.57201525374	0.92725139337
EIF3M	16.1497160414	13	0.187738339689	0.859782927545
EIF4A1	19.0821725959	18	0.914931064828	0.92725139337
EIF4A2	17.8547530092	10	0.691991786448	0.783660897624
EIF4A3	19.4162909598	17	0.941331768847	0.917131123497
EIF4B	18.0584493605	6	0.747726606043	0.580228806101
EIF4E	16.8904099544	6	0.374303314755	0.580228806101
EIF4G1	16.4846410099	17	0.261953652097	0.917131123497
EIF4G2	17.7473093662	19	0.665591082429	0.936931651511
EIF4G3	16.6523412629	12	0.300088002347	0.838222352596
EIF4H	18.2722583094	2	0.797301261367	0.168817835142
EIF5	17.6553162628	8	0.633910237606	0.702552068055
EIF5A	18.4014970883	7	0.821941918451	0.646377236726
EIF5B	17.4203140619	13	0.548254620123	0.859782927545
EIF6	18.5428676225	3	0.847755940158	0.294074508654
ELAC2	17.0939834176	4	0.446465239073	0.408917571135
ELAVL1	19.9538413049	7	0.971545907891	0.646377236726
ELAVL2	18.7420447369	3	0.878850102669	0.294074508654
ELAVL3	19.3838468152	4	0.936638310355	0.408917571135
ELAVL4	19.5779718065	12	0.950425344676	0.838222352596
ELMO1	16.1849032991	3	0.19389850396	0.294074508654
ELMOD2	18.2776219225	8	0.798181284834	0.702552068055
ELOB	17.4138875821	5	0.546494573189	0.505426811382
ELOC	18.2714274305	4	0.797007920211	0.408917571135
ELOVL5	17.988897025	1	0.728072748607	0.0513347022587
ELP1	15.9789660463	3	0.156937518334	0.294074508654
EMC1	17.3561628959	24	0.526254033441	0.966265767087
EMC10	19.6523291214	2	0.953945438545	0.168817835142
EMC2	18.219252117	8	0.788207685538	0.702552068055
EMC3	17.6502775622	5	0.63156350836	0.505426811382
EMC4	16.8566479712	1	0.363156350836	0.0513347022587
EMC7	18.7244849175	4	0.874743326489	0.408917571135
EMC8	16.9986304626	6	0.414784394251	0.580228806101
EML4	17.3056893492	5	0.512173657964	0.505426811382
ENAH	17.7024343957	5	0.64887063655	0.505426811382
ENDOD1	18.6224127471	4	0.862422997947	0.408917571135
ENO1	17.8392649255	21	0.687298327955	0.951158697565
ENO2	17.9901475253	16	0.728366089762	0.905690818422
ENO3	17.3020333917	10	0.51041361103	0.783660897624
ENOPH1	17.0125199608	4	0.420064535054	0.408917571135
ENPP4	16.8661345381	4	0.365503080082	0.408917571135
ENTPD4	17.6673411235	1	0.637430331476	0.0513347022587
ENTPD6	16.8302641695	1	0.352302728073	0.0513347022587
ENY2	17.8870755543	2	0.701085362276	0.168817835142
EP300	16.7379854169	2	0.325315341742	0.168817835142
EPB41	17.733836246	5	0.660310941625	0.505426811382
EPB41L1	17.6758932311	10	0.639483719566	0.783660897624
EPB41L2	16.7660165091	4	0.33587562335	0.408917571135
EPB41L3	17.6456363152	15	0.630096802581	0.894103842769
EPB41L5	17.6108647805	2	0.618949838662	0.168817835142
EPDR1	17.4777117987	6	0.567908477559	0.580228806101
EPHB2	17.3553039086	7	0.525960692285	0.646377236726
EPHX1	18.9165598206	13	0.898797301261	0.859782927545
EPHX2	15.0178837432	3	0.0492813141684	0.294074508654
EPM2AIP1	17.0272570414	4	0.425344675858	0.408917571135
EPN1	16.3138399693	3	0.221765913758	0.294074508654
EPRS	17.1485700902	22	0.464945731886	0.956585508947
EPS15L1	15.8277765222	6	0.128190085069	0.580228806101
ERAP1	16.8992963686	13	0.37811674978	0.859782927545
ERC1	17.0707482906	8	0.440598415958	0.702552068055
ERCC3	17.2309929705	1	0.486946318568	0.0513347022587
ERCC4	14.764458657	1	0.0381343502493	0.0513347022587
ERGIC1	18.7183639656	8	0.87327662071	0.702552068055
ERH	19.6214005769	3	0.952772073922	0.294074508654
ERI3	16.1430667726	4	0.186564975066	0.408917571135
ERLEC1	18.6383336756	5	0.865356409504	0.505426811382
ERLIN1	15.7766312073	5	0.121443238486	0.505426811382
ERLIN2	17.978423448	11	0.725139337049	0.812848342622
ERMP1	17.3588709502	11	0.52772073922	0.812848342622
ERO1A	18.3454759285	11	0.809328248753	0.812848342622
ERP29	19.6279337762	10	0.953065415078	0.783660897624
ERP44	17.2395507104	13	0.490466412438	0.859782927545
ESD	18.7952561026	6	0.885303608096	0.580228806101
ESYT1	15.394479442	10	0.0756820181872	0.783660897624
ETF1	16.9081705874	9	0.381050161338	0.747433264887
ETFA	18.1780348481	13	0.776767380463	0.859782927545
ETFB	19.7354957776	12	0.95981226166	0.838222352596
ETFDH	16.9799114011	4	0.405984159578	0.408917571135
ETHE1	15.7980441833	3	0.124083308888	0.294074508654
EVL	16.5298962414	3	0.27075388677	0.294074508654
EWSR1	19.9415517424	3	0.970959225579	0.294074508654
EXOC1	16.8195378596	7	0.349662657671	0.646377236726
EXOC2	16.9329724991	7	0.388090349076	0.646377236726
EXOC3	17.5586831032	3	0.598709298915	0.294074508654
EXOC4	15.7840250769	8	0.122323261954	0.702552068055
EXOC7	16.4589375999	8	0.256380170138	0.702552068055
EXOC8	16.7427591631	4	0.327368729833	0.408917571135
EXOG	17.5123735899	6	0.580228806101	0.580228806101
EXOSC2	17.3955895617	4	0.53945438545	0.408917571135
EXOSC4	16.502342361	3	0.264593722499	0.294074508654
EXOSC5	15.4797595607	2	0.087122323262	0.168817835142
EXOSC8	16.7944099687	2	0.3435024934	0.168817835142
EXTL2	18.1511156574	5	0.769140510414	0.505426811382
EXTL3	16.3248938145	4	0.225286007627	0.408917571135
EZR	17.118636384	7	0.457025520681	0.646377236726
F10	18.4648829045	2	0.83103549428	0.168817835142
F5	18.2061503297	9	0.784687591669	0.747433264887
FAAH	16.4746886772	3	0.258726899384	0.294074508654
FABP3	16.7894097023	2	0.341742446465	0.168817835142
FABP5	15.6931004744	6	0.110882956879	0.580228806101
FABP7	19.0318110189	6	0.910530947492	0.580228806101
FADS1	17.6911985694	6	0.64476386037	0.580228806101
FADS2	19.2622328014	10	0.929011440305	0.783660897624
FAF1	16.3256747401	6	0.225579348783	0.580228806101
FAHD1	17.5157239159	7	0.582282194192	0.646377236726
FAHD2A	16.4587203912	4	0.256086828982	0.408917571135
FAM114A2	12.4021128669	2	0.00293341155764	0.168817835142
FAM118B	16.4838180145	1	0.261366969786	0.0513347022587
FAM120B	17.0961015276	4	0.447931944852	0.408917571135
FAM136A	17.0544884172	2	0.434731592842	0.168817835142
FAM162A	16.9719311399	5	0.402464065708	0.505426811382
FAM20B	17.8927384608	7	0.702845409211	0.646377236726
FAM210A	16.0153148278	4	0.163391023761	0.408917571135
FAM213A	18.923287027	7	0.899383983573	0.646377236726
FAM234B	16.0940046534	4	0.179231446172	0.408917571135
FAM3C	17.3410542323	9	0.522440598416	0.747433264887
FAM49A	17.0194067378	3	0.421824581989	0.294074508654
FAM49B	17.8106612719	9	0.679671457906	0.747433264887
FAM57B	13.2170828852	1	0.00586682311528	0.0513347022587
FAM76B	16.4920419261	1	0.263420357876	0.0513347022587
FAM91A1	20.5346275547	1	0.985626283368	0.0513347022587
FAM98B	17.8719045414	4	0.69668524494	0.408917571135
FAR1	17.0353002061	4	0.428278087416	0.408917571135
FARP1	17.3972369916	12	0.540334408918	0.838222352596
FARSA	17.1016834929	10	0.449398650631	0.783660897624
FARSB	18.1856965158	21	0.779700792021	0.951158697565
FASN	17.5312993844	72	0.586682311528	0.998386623643
FASTKD2	16.1871013804	7	0.194778527427	0.646377236726
FAT2	18.513353678	1	0.841595775887	0.0513347022587
FAU	16.2675460241	2	0.211792314462	0.168817835142
FAXC	18.0214464965	2	0.738633030214	0.168817835142
FBL	17.1630974228	9	0.468759166911	0.747433264887
FBLL1	17.1233842989	7	0.459078908771	0.646377236726
FBLN1	16.6057407924	5	0.287180991493	0.505426811382
FBXO39	19.9989183726	1	0.972425931358	0.0513347022587
FBXW11	15.2141512019	2	0.0601349369317	0.168817835142
FDFT1	17.6437268528	14	0.62951012027	0.879143443825
FDPS	16.68416325	9	0.307714872397	0.747433264887
FDXR	17.7233997236	4	0.657377530067	0.408917571135
FECH	16.6764461004	2	0.305661484306	0.168817835142
FEN1	18.1082250826	4	0.762100322675	0.408917571135
FERMT2	14.7401299597	4	0.0366676444705	0.408917571135
FGF12	15.5065923664	1	0.0906424171311	0.0513347022587
FGFR1	15.3087056476	1	0.0662951012027	0.0513347022587
FH	18.3619917866	21	0.812848342622	0.951158697565
FHL1	18.6897098068	2	0.869169844529	0.168817835142
FIBP	17.8024157266	5	0.677911410971	0.505426811382
FIS1	17.3910027234	3	0.536814315048	0.294074508654
FKBP10	17.8805903236	4	0.699618656498	0.408917571135
FKBP1A	19.8604084654	2	0.964799061308	0.168817835142
FKBP1B	16.0242022127	1	0.166031094163	0.0513347022587
FKBP2	18.7255060545	4	0.875623349956	0.408917571135
FKBP3	19.2686913425	7	0.929304781461	0.646377236726
FKBP4	17.3248087474	21	0.517160457612	0.951158697565
FKBP5	17.5481310569	4	0.59489586389	0.408917571135
FKBP7	17.8346534362	5	0.684951598709	0.505426811382
FKBP8	15.1479392145	1	0.0563215019067	0.0513347022587
FKBP9	17.3954193145	6	0.539161044295	0.580228806101
FLII	15.7177118104	5	0.115576415371	0.505426811382
FLNA	17.2729514549	10	0.498386623643	0.783660897624
FLNC	16.9585663639	34	0.398943971839	0.98958638897
FLOT1	16.4245501378	10	0.246406570842	0.783660897624
FLOT2	17.0444114634	7	0.431504840129	0.646377236726
FMC1	18.0091897203	7	0.735406277501	0.646377236726
FMN2	15.7255017983	2	0.115869756527	0.168817835142
FMNL2	16.524316508	5	0.268993839836	0.505426811382
FMR1	15.2290862149	2	0.0607216192432	0.168817835142
FN1	16.0919318511	3	0.178058081549	0.294074508654
FN3K	17.9638089219	3	0.722499266647	0.294074508654
FN3KRP	16.914781067	1	0.382516867116	0.0513347022587
FNBP1	14.1250488224	2	0.0193605162804	0.168817835142
FNBP1L	17.0176895901	15	0.421531240833	0.894103842769
FNDC3A	16.2887253837	3	0.217365796421	0.294074508654
FNTB	16.6507029845	1	0.299501320035	0.0513347022587
FOXK1	16.8731860255	3	0.369023173951	0.294074508654
FOXK2	16.6059875168	2	0.287474332649	0.168817835142
FOXRED1	16.9532063423	3	0.396303901437	0.294074508654
FRG1	17.0171545754	2	0.421237899677	0.168817835142
FSCN1	18.9790134887	18	0.905837489	0.92725139337
FSD1	16.8908376816	4	0.374596655911	0.408917571135
FSD1L	17.4066032899	3	0.543854502787	0.294074508654
FTH1	17.4875747909	9	0.571135230273	0.747433264887
FTL	17.1151926482	6	0.45497213259	0.580228806101
FTO	16.990820323	11	0.412144323849	0.812848342622
FUBP1	18.2683896806	8	0.796714579055	0.702552068055
FUNDC1	16.0316615883	1	0.168377823409	0.0513347022587
FUNDC2	17.6222948245	3	0.621589909064	0.294074508654
FUS	17.7530831264	6	0.667057788208	0.580228806101
FUT11	18.3207594029	2	0.805221472573	0.168817835142
FUT8	17.7394072222	3	0.662364329715	0.294074508654
FXN	16.4655117274	4	0.257553534761	0.408917571135
FXR2	16.381291169	1	0.237312995013	0.0513347022587
FXYD6	17.9468401016	1	0.717512466999	0.0513347022587
FYN	17.7938842935	8	0.674977999413	0.702552068055
G3BP1	17.4114248703	8	0.545614549721	0.702552068055
G3BP2	17.9298833426	6	0.711058961572	0.580228806101
G6PD	17.5875642556	14	0.608976239366	0.879143443825
GAA	18.2679587984	22	0.7964212379	0.956585508947
GABARAP	17.2842328714	3	0.504546787914	0.294074508654
GABARAPL2	16.2391572883	3	0.205632150191	0.294074508654
GABBR1	17.6517447244	13	0.631856849516	0.859782927545
GABBR2	16.1693779925	4	0.190671751247	0.408917571135
GABPA	17.7415818876	1	0.663831035494	0.0513347022587
GABRA3	16.5064728888	4	0.265473745967	0.408917571135
GABRB3	18.1930385553	4	0.7811674978	0.408917571135
GADD45GIP1	19.3705776664	4	0.935464945732	0.408917571135
GALC	16.6176300018	14	0.290701085362	0.879143443825
GALE	16.0378254227	1	0.170431211499	0.0513347022587
GALNT1	17.3537240839	4	0.525667351129	0.408917571135
GALNT13	17.0969867516	4	0.448225286008	0.408917571135
GALNT16	16.7536521641	8	0.331768847169	0.702552068055
GALNT17	16.7461754461	2	0.329715459079	0.168817835142
GALNT2	17.5983604778	18	0.613669697859	0.92725139337
GAN	15.5433043404	3	0.0929891463772	0.294074508654
GANAB	18.4642635475	33	0.830742153124	0.988119683192
GAP43	16.3459090877	14	0.229099442652	0.879143443825
GAPDH	18.5197186674	19	0.84276914051	0.936931651511
GAPVD1	16.0241752543	3	0.165737753007	0.294074508654
GAR1	18.5659611103	4	0.853036080962	0.408917571135
GARS	18.3473740091	16	0.810208272221	0.905690818422
GART	17.8762936065	8	0.698445291874	0.702552068055
GATD1	17.6101583383	2	0.618363156351	0.168817835142
GATM	18.1458013884	4	0.768847169258	0.408917571135
GBA	18.9815981823	13	0.906424171311	0.859782927545
GBA2	17.8507208249	2	0.690818421825	0.168817835142
GBF1	16.67459595	3	0.304781460839	0.294074508654
GCA	17.6343379603	4	0.625403344089	0.408917571135
GCDH	17.4359302556	5	0.555294807862	0.505426811382
GCLC	16.9862564175	2	0.410384276914	0.168817835142
GCN1	14.1670345122	14	0.019947198592	0.879143443825
GCSH	15.80355002	1	0.125256673511	0.0513347022587
GDAP1	18.0790174648	3	0.755646817248	0.294074508654
GDAP1L1	17.1855685547	9	0.474625990026	0.747433264887
GDE1	17.4839152746	4	0.569668524494	0.408917571135
GDI1	18.6280931161	12	0.863303021414	0.838222352596
GDI2	18.7594814713	26	0.881490173071	0.971252566735
GDPD1	18.4104668366	11	0.822821941918	0.812848342622
GEMIN2	16.1849632039	1	0.194191845116	0.0513347022587
GEMIN8	17.7769739932	1	0.670284540921	0.0513347022587
GFM1	18.2613855531	18	0.795247873277	0.92725139337
GFM2	16.9316429562	4	0.387503666764	0.408917571135
GFPT1	16.5192307678	9	0.268113816368	0.747433264887
GGACT	14.3027874296	1	0.0237606336169	0.0513347022587
GGCT	17.3459928245	4	0.523320621883	0.408917571135
GGCX	16.6388351454	2	0.29568788501	0.168817835142
GGH	18.2258226322	9	0.789674391317	0.747433264887
GGPS1	17.7014231153	3	0.648283954239	0.294074508654
GGT7	18.2781395528	3	0.79847462599	0.294074508654
GHITM	19.536536068	4	0.947785274274	0.408917571135
GIGYF2	17.7070171586	2	0.650924024641	0.168817835142
GIT1	15.6547584922	2	0.106189498387	0.168817835142
GK	17.2790903437	4	0.501613376357	0.408917571135
GLA	17.2427342325	4	0.491933118216	0.408917571135
GLB1	18.9872611456	10	0.907010853623	0.783660897624
GLDC	16.6809381778	10	0.306541507774	0.783660897624
GLG1	18.1985374523	21	0.782634203579	0.951158697565
GLIPR2	18.1678445182	2	0.77354062775	0.168817835142
GLO1	18.2166930417	6	0.787621003227	0.580228806101
GLOD4	17.9474008684	8	0.717805808155	0.702552068055
GLRX	16.7088358267	2	0.316221765914	0.168817835142
GLRX2	16.0322184048	1	0.16896450572	0.0513347022587
GLRX3	17.2923790142	7	0.507773540628	0.646377236726
GLRX5	18.3768517579	2	0.816661777647	0.168817835142
GLS	17.3490090389	15	0.524200645351	0.894103842769
GLT8D1	16.6453824776	3	0.298034614256	0.294074508654
GLUD1	18.6377538504	19	0.865063068348	0.936931651511
GLUD2	17.5623924551	2	0.600176004693	0.168817835142
GLUL	16.317906495	3	0.222939278381	0.294074508654
GLYR1	15.6890459659	6	0.110002933412	0.580228806101
GM2A	18.1105624818	5	0.762687004987	0.505426811382
GMDS	16.5837775168	3	0.282194191845	0.294074508654
GMFB	16.55226553	3	0.276034027574	0.294074508654
GMIP	15.3994767764	5	0.0768553828102	0.505426811382
GMPR2	15.0384547811	4	0.0504546787914	0.408917571135
GMPS	16.2591164603	19	0.209738926371	0.936931651511
GNA11	17.5106514248	14	0.579935464946	0.879143443825
GNA12	18.1556418843	2	0.771193898504	0.168817835142
GNA13	17.5761934251	13	0.603989439718	0.859782927545
GNAI1	17.6624511817	6	0.635963625697	0.580228806101
GNAI2	18.2636527961	11	0.795834555588	0.812848342622
GNAI3	20.0095274391	3	0.973305954825	0.294074508654
GNAO1	19.2496034085	12	0.927544734526	0.838222352596
GNAQ	19.2486275108	11	0.92725139337	0.812848342622
GNAS	17.0542711963	13	0.434438251687	0.859782927545
GNAZ	16.9629076524	10	0.400117336462	0.783660897624
GNB1	17.4657994147	7	0.564681724846	0.646377236726
GNB2	20.1916613889	9	0.979466119097	0.747433264887
GNG2	16.6228873276	3	0.293047814608	0.294074508654
GNL1	16.6946640754	4	0.313288354356	0.408917571135
GNPDA1	16.6870672688	5	0.309474919331	0.505426811382
GNPTAB	15.2388977982	2	0.0613083015547	0.168817835142
GNS	18.1597491968	10	0.771780580815	0.783660897624
GOLGA3	16.8080637696	3	0.346435904957	0.294074508654
GOLGB1	19.8756721787	1	0.965972425931	0.0513347022587
GOLIM4	13.7308919524	3	0.0123203285421	0.294074508654
GOLM1	17.5770602309	11	0.60457612203	0.812848342622
GOLPH3	16.0936711903	6	0.17864476386	0.580228806101
GOPC	17.5127313389	1	0.580522147257	0.0513347022587
GORASP2	16.0824768131	4	0.177764740393	0.408917571135
GOT1	17.5615604186	16	0.599589322382	0.905690818422
GOT2	18.1847813805	22	0.779407450865	0.956585508947
GPAA1	17.9702760213	6	0.723379290114	0.580228806101
GPC2	16.6979014572	6	0.314168377823	0.580228806101
GPD2	17.4795139839	30	0.568495159871	0.983132883544
GPHN	17.5912321523	8	0.611322968612	0.702552068055
GPI	17.5561325657	19	0.597829275447	0.936931651511
GPM6A	15.8950883494	3	0.137577002053	0.294074508654
GPR107	16.2971979276	4	0.218245819889	0.408917571135
GPS1	16.701193414	8	0.314755060135	0.702552068055
GPT2	15.8530745883	3	0.13229686125	0.294074508654
GPX1	18.3909755738	5	0.819008506894	0.505426811382
GPX4	15.8816089701	5	0.135523613963	0.505426811382
GRAMD1A	14.3916396445	1	0.0278674097976	0.0513347022587
GRB2	17.3194437741	7	0.515107069522	0.646377236726
GRHPR	16.0292165238	4	0.16691111763	0.408917571135
GRIA2	17.3220301048	4	0.516573775301	0.408917571135
GRIA4	17.6201570257	8	0.621296567908	0.702552068055
GRID1	16.7319314459	4	0.322968612496	0.408917571135
GRIP1	16.9323555027	3	0.38779700792	0.294074508654
GRK2	17.9998855409	5	0.732179524787	0.505426811382
GRM2	15.4626882933	1	0.0856556174831	0.0513347022587
GRPEL1	18.2802729322	6	0.799354649457	0.580228806101
GRSF1	16.5829017093	8	0.281900850689	0.702552068055
GSK3B	16.6287277346	4	0.294514520387	0.408917571135
GSN	17.5801938042	8	0.606336168965	0.702552068055
GSPT1	17.9914175817	7	0.728952772074	0.646377236726
GSPT2	17.0217197849	2	0.4224112643	0.168817835142
GSR	17.9795530707	6	0.725726019361	0.580228806101
GSS	15.9245437638	4	0.142857142857	0.408917571135
GSTA4	17.5519403572	4	0.596069228513	0.408917571135
GSTK1	16.7212119697	2	0.320915224406	0.168817835142
GSTM2	16.6305600756	6	0.294807861543	0.580228806101
GSTM3	17.256852219	6	0.494866529774	0.580228806101
GSTP1	18.5472150499	12	0.849222645937	0.838222352596
GSTZ1	17.0840322782	4	0.444118509827	0.408917571135
GTF2F1	16.7632642119	1	0.335582282194	0.0513347022587
GTF2F2	15.792363854	3	0.123203285421	0.294074508654
GTF2I	17.8188642165	8	0.680844822529	0.702552068055
GTF3C1	15.5585647798	5	0.0959225579349	0.505426811382
GTF3C4	16.7560276062	7	0.332355529481	0.646377236726
GTF3C5	16.4323601314	4	0.249046641244	0.408917571135
GTPBP1	17.8669157077	5	0.695511880317	0.505426811382
GTPBP10	16.2249524814	7	0.202405397477	0.646377236726
GTPBP3	17.0061132603	2	0.417131123497	0.168817835142
GTPBP4	16.9032803376	10	0.379290114403	0.783660897624
GTPBP6	16.2079638111	1	0.19947198592	0.0513347022587
GUK1	17.390322973	5	0.536520973893	0.505426811382
GUSB	16.7184592459	6	0.319741859783	0.580228806101
GYS1	18.0604218188	5	0.74860662951	0.505426811382
H1F0	15.8375721159	3	0.129950132004	0.294074508654
H1FX	19.5048769223	3	0.945731886184	0.294074508654
H2AFY	18.4709965345	13	0.832208858903	0.859782927545
H2AFY2	18.2100570543	13	0.786447638604	0.859782927545
H3F3A	19.9174623942	7	0.969492519801	0.646377236726
HACD3	18.9434884206	6	0.901437371663	0.580228806101
HADH	16.9248931277	10	0.386330302141	0.783660897624
HADHA	17.6369317653	25	0.625990026401	0.968759166911
HADHB	18.8960388467	15	0.895277207392	0.894103842769
HAGH	17.2863659132	8	0.505720152537	0.702552068055
HARS	18.3538083751	13	0.811381636844	0.859782927545
HARS2	17.1658726626	4	0.469345849223	0.408917571135
HAS1	23.2799221179	1	0.998533294221	0.0513347022587
HBA1	17.8228476355	5	0.682311528307	0.505426811382
HBS1L	16.4488743762	6	0.253740099736	0.580228806101
HCCS	17.4224543604	7	0.54913464359	0.646377236726
HCFC1	17.0233668931	7	0.423584628923	0.646377236726
HDAC2	16.8505620323	10	0.361689645057	0.783660897624
HDGF	18.5436779538	8	0.848049281314	0.702552068055
HDGFL2	17.926182395	5	0.709885596949	0.505426811382
HDGFL3	21.5772315834	4	0.994133176885	0.408917571135
HDHD2	17.1356569533	5	0.461132296861	0.505426811382
HDHD3	16.9776401363	2	0.405397477266	0.168817835142
HDLBP	16.984713576	4	0.408037547668	0.408917571135
HEATR1	16.3333438737	16	0.227632736873	0.905690818422
HEATR3	13.0858246419	3	0.00528014080375	0.294074508654
HEBP2	17.2352491003	4	0.488999706659	0.408917571135
HECTD3	15.5582967549	4	0.0956292167791	0.408917571135
HECTD4	16.3204152306	13	0.223819301848	0.859782927545
HERC1	14.3134576462	4	0.0240539747727	0.408917571135
HEXB	18.1345997567	11	0.767087122323	0.812848342622
HIBADH	18.1728756686	5	0.775007333529	0.505426811382
HIBCH	17.6199157079	9	0.621003226753	0.747433264887
HID1	17.0244206784	6	0.423877970079	0.580228806101
HINT1	16.0357235387	4	0.170137870343	0.408917571135
HINT2	18.9097740209	4	0.89821061895	0.408917571135
HINT3	16.2429405582	4	0.206805514814	0.408917571135
HIP1	16.9853511443	4	0.409504253447	0.408917571135
HIPK2	19.7592236992	1	0.960398943972	0.0513347022587
HIST1H1B	20.0461996896	3	0.974479319449	0.294074508654
HIST1H1E	15.79537483	5	0.123496626577	0.505426811382
HIST1H2BA	19.3905893907	2	0.93839835729	0.168817835142
HIST1H4A	20.468021033	13	0.9847462599	0.859782927545
HIST2H2AB	17.6108299926	2	0.618656497507	0.168817835142
HIST3H2BB	19.4446162784	4	0.94250513347	0.408917571135
HK1	18.8568594144	41	0.891170431211	0.993546494573
HM13	19.2991122577	5	0.931651510707	0.505426811382
HMGA1	18.481813436	1	0.835142270461	0.0513347022587
HMGA2	11.5897322109	1	0.00146670577882	0.0513347022587
HMGB1	19.1990761775	8	0.924611322969	0.702552068055
HMGB2	19.8221823889	6	0.962745673218	0.580228806101
HMGB3	19.8080498172	6	0.961572308595	0.580228806101
HMGCL	17.7000800507	4	0.64681724846	0.408917571135
HMGCS1	17.1019733504	17	0.449985332942	0.917131123497
HMGN1	16.1951702741	2	0.197418597829	0.168817835142
HMGN2	13.2724122291	4	0.00645350542681	0.408917571135
HMOX2	17.5105062532	2	0.579348782634	0.168817835142
HNRNPA0	16.4501892436	3	0.254033440892	0.294074508654
HNRNPA1	16.8334038436	14	0.354062775007	0.879143443825
HNRNPA2B1	18.7305757278	11	0.877383396891	0.812848342622
HNRNPA3	17.3478376044	9	0.523613963039	0.747433264887
HNRNPAB	19.4553099935	5	0.942798474626	0.505426811382
HNRNPC	17.7104761497	15	0.651804048108	0.894103842769
HNRNPD	18.6688418846	10	0.86770313875	0.783660897624
HNRNPDL	17.345342897	4	0.523027280727	0.408917571135
HNRNPF	17.8328412101	5	0.684364916398	0.505426811382
HNRNPH1	19.0177959355	11	0.909650924025	0.812848342622
HNRNPH2	17.6171324478	4	0.620123203285	0.408917571135
HNRNPH3	17.9631886796	6	0.721912584336	0.580228806101
HNRNPK	18.5216338619	19	0.843062481666	0.936931651511
HNRNPL	17.5232001921	12	0.584628923438	0.838222352596
HNRNPLL	16.7112544374	4	0.317395130537	0.408917571135
HNRNPM	18.2729638398	9	0.797594602523	0.747433264887
HNRNPR	17.114253226	19	0.454678791434	0.936931651511
HNRNPU	18.3971214598	15	0.819888530361	0.894103842769
HNRNPUL1	17.3334859586	9	0.52009386917	0.747433264887
HNRNPUL2	17.2169057146	19	0.483426224699	0.936931651511
HOOK3	16.2882753316	7	0.217072455265	0.646377236726
HP1BP3	18.3364083856	14	0.80815488413	0.879143443825
HPCA	19.3421272204	4	0.934291581109	0.408917571135
HPCAL1	17.2659061735	5	0.495746553241	0.505426811382
HPCAL4	17.0050636099	4	0.415957758874	0.408917571135
HPF1	15.5945057377	3	0.100616016427	0.294074508654
HPRT1	17.3035899237	4	0.511000293341	0.408917571135
HRAS	18.5679406456	3	0.853916104429	0.294074508654
HRNR	12.6978221503	5	0.0041067761807	0.505426811382
HS2ST1	16.726835428	4	0.322088589029	0.408917571135
HSD17B10	17.9432237989	10	0.716632443532	0.783660897624
HSD17B11	15.4259854895	4	0.0797887943678	0.408917571135
HSD17B12	19.9163879306	8	0.969199178645	0.702552068055
HSD17B4	18.2828029152	22	0.799647990613	0.956585508947
HSD17B7	16.3021076388	5	0.220005866823	0.505426811382
HSDL1	18.4865739047	12	0.835728952772	0.838222352596
HSDL2	15.6459389531	4	0.105309474919	0.408917571135
HSP90AA1	19.2700048931	20	0.929598122617	0.944998533294
HSP90AA4P	19.135169124	1	0.919331182165	0.0513347022587
HSP90AB1	19.8735047024	36	0.965679084776	0.991493106483
HSP90B1	19.4950234877	40	0.945145203872	0.993253153417
HSPA12A	17.2460015775	17	0.492813141684	0.917131123497
HSPA13	17.2449475519	13	0.492226459372	0.859782927545
HSPA2	20.3320613016	11	0.98269287181	0.812848342622
HSPA4	17.6486309933	31	0.631270167204	0.985039601056
HSPA4L	16.6136845271	7	0.289821061895	0.646377236726
HSPA5	20.4217714375	34	0.983866236433	0.98958638897
HSPA8	19.5177133388	24	0.946025227339	0.966265767087
HSPA9	18.4725037486	36	0.833675564682	0.991493106483
HSPBP1	16.8912577802	4	0.375476679378	0.408917571135
HSPD1	19.4009989588	33	0.940158404224	0.988119683192
HSPE1	19.5420861314	9	0.948371956586	0.747433264887
HSPH1	16.7497009554	17	0.330595482546	0.917131123497
HTATSF1	14.6064995154	5	0.0325608682898	0.505426811382
HTD2	17.4400855234	1	0.557934878263	0.0513347022587
HTRA1	14.319783933	2	0.0243473159284	0.168817835142
HTRA2	16.3287898951	2	0.225872689938	0.168817835142
HTT	16.3690992797	3	0.234966265767	0.294074508654
HUWE1	16.8288467039	23	0.351716045761	0.962158990906
HYOU1	18.3508889178	38	0.811088295688	0.99237312995
HYPK	16.5569948853	5	0.277500733353	0.505426811382
IARS	18.0237071295	28	0.73892637137	0.976972719273
IARS2	18.5266839343	24	0.844235846289	0.966265767087
IBA57	16.5802954915	3	0.281314168378	0.294074508654
IDE	16.2609605837	4	0.210325608683	0.408917571135
IDH1	18.8833111416	16	0.893810501613	0.905690818422
IDH2	20.0165134284	23	0.973892637137	0.962158990906
IDH3A	17.2358312989	12	0.489293047815	0.838222352596
IDH3B	17.8480792171	11	0.689351716046	0.812848342622
IDH3G	17.0906819879	6	0.44529187445	0.580228806101
IDI1	18.0885675583	4	0.75828688765	0.408917571135
IDS	17.1576290731	8	0.467292461132	0.702552068055
IFT27	16.7476446895	2	0.33030214139	0.168817835142
IGF2BP1	18.1578231235	16	0.77148723966	0.905690818422
IGF2BP2	16.6082270907	8	0.28806101496	0.702552068055
IGF2BP3	17.5036396941	5	0.575242006454	0.505426811382
IGF2R	17.8191509783	29	0.681138163684	0.98063948372
IGFBPL1	19.7310128846	4	0.958932238193	0.408917571135
IGFN1	19.6822623741	1	0.956292167791	0.0513347022587
IGLON5	17.7138673551	3	0.654150777354	0.294074508654
IGSF3	17.7861133536	7	0.672924611323	0.646377236726
IK	15.5336399441	1	0.0924024640657	0.0513347022587
ILF2	19.672794498	15	0.955412144324	0.894103842769
ILF3	18.9768321425	18	0.905544147844	0.92725139337
ILKAP	15.4891701735	2	0.0891757113523	0.168817835142
ILVBL	17.7470061775	12	0.665004400117	0.838222352596
IMMT	17.498773669	33	0.573775300675	0.988119683192
IMP3	18.1184869295	3	0.763567028454	0.294074508654
IMPA1	17.9959744306	7	0.73129950132	0.646377236726
IMPAD1	16.7455441128	7	0.329422117923	0.646377236726
IMPDH1	16.2979585125	1	0.2188325022	0.0513347022587
IMPDH2	16.3822208295	11	0.237606336169	0.812848342622
INA	18.7809707178	23	0.884130243473	0.962158990906
INPP1	14.681509754	1	0.0354942798475	0.0513347022587
INPP4A	14.3838118015	2	0.0272807274861	0.168817835142
INPP5A	14.3670564316	3	0.0258140217072	0.294074508654
INPP5F	16.4308269658	2	0.248459958932	0.168817835142
INSR	17.0629680748	3	0.438545027867	0.294074508654
INTS11	15.6902381709	1	0.110589615723	0.0513347022587
IPO5	17.6556561598	19	0.634203578762	0.936931651511
IPO7	16.9071260323	13	0.380463479026	0.859782927545
IPO9	16.1067823464	14	0.180404810795	0.879143443825
IQSEC1	17.3377920029	4	0.521267233793	0.408917571135
IQSEC2	15.771733212	3	0.120563215019	0.294074508654
IRF2BPL	17.6435787895	3	0.629216779114	0.294074508654
IRGQ	18.5639033334	5	0.852742739806	0.505426811382
ISCA1	16.4336134555	3	0.2493399824	0.294074508654
ISCA2	17.4250720619	3	0.550601349369	0.294074508654
ISLR2	17.5788265433	4	0.605456145497	0.408917571135
ISOC1	17.151145513	5	0.465532414198	0.505426811382
IST1	17.4661624772	4	0.564975066002	0.408917571135
ISYNA1	18.9076519365	8	0.897330595483	0.702552068055
ITFG1	19.0175289873	10	0.909357582869	0.783660897624
ITGA3	16.7498644781	2	0.330888823702	0.168817835142
ITGAE	18.79682065	1	0.886183631564	0.0513347022587
ITGAV	16.3747225753	2	0.23613963039	0.168817835142
ITGB1	17.5666503132	14	0.601642710472	0.879143443825
ITGB8	16.3308601615	2	0.22645937225	0.168817835142
ITIH2	17.8909948221	6	0.702258726899	0.580228806101
ITIH3	18.3665759973	2	0.814901730713	0.168817835142
ITM2C	17.727611166	1	0.658257553535	0.0513347022587
ITSN1	16.0532895077	4	0.171897917278	0.408917571135
IVD	16.9868326589	10	0.41067761807	0.783660897624
IWS1	17.3772493269	4	0.5318275154	0.408917571135
JAM3	19.0612248252	2	0.912877676738	0.168817835142
JPT1	16.4225300063	2	0.245233206219	0.168817835142
JUP	15.2727323871	8	0.0651217365796	0.702552068055
KALRN	16.7195123734	14	0.320328542094	0.879143443825
KARS	18.3643788285	16	0.81372836609	0.905690818422
KAZN	13.4381002366	2	0.0082135523614	0.168817835142
KCNAB2	16.0356789662	3	0.169844529187	0.294074508654
KCTD12	17.7960637767	7	0.675858022881	0.646377236726
KDELC1	16.1357715887	3	0.185684951599	0.294074508654
KDM1A	16.8154948024	7	0.348782634204	0.646377236726
KDM1B	10.9333077526	2	0.000586682311528	0.168817835142
KDM3B	16.250819014	4	0.20915224406	0.408917571135
KDM4B	17.3401826455	1	0.52214725726	0.0513347022587
KHDRBS1	17.8180086893	7	0.680551481373	0.646377236726
KHDRBS2	16.8325597557	4	0.353476092696	0.408917571135
KHDRBS3	16.7090649211	2	0.31651510707	0.168817835142
KHSRP	15.3857443885	5	0.0742153124083	0.505426811382
KIAA0319L	16.6434735076	11	0.297741273101	0.812848342622
KIAA0391	16.6882129368	6	0.310354942798	0.580228806101
KIAA1191	15.4393080427	1	0.082135523614	0.0513347022587
KIAA1324L	16.8978978194	8	0.376943385157	0.702552068055
KIAA1468	16.3289094936	3	0.226166031094	0.294074508654
KIAA1549	15.5914776171	2	0.0997359929598	0.168817835142
KIDINS220	16.9370101443	17	0.389263713699	0.917131123497
KIF1A	15.6180596841	6	0.103549427985	0.580228806101
KIF1B	17.272766955	4	0.498093282488	0.408917571135
KIF21A	17.2130048926	9	0.481372836609	0.747433264887
KIF21B	17.0318339296	12	0.427398063948	0.838222352596
KIF2A	17.5200506169	15	0.583455558815	0.894103842769
KIF3A	15.8832649084	12	0.136110296275	0.838222352596
KIF3B	14.7550975771	5	0.0375476679378	0.505426811382
KIF5A	16.0401378629	6	0.170724552655	0.580228806101
KIF5B	16.6223723859	21	0.292461132297	0.951158697565
KIF5C	18.0742405349	44	0.753300088002	0.995013200352
KIFAP3	15.5514152622	4	0.0941625110003	0.408917571135
KIFC3	15.3971110125	1	0.0762687004987	0.0513347022587
KLC1	16.8657416899	21	0.364916397771	0.951158697565
KLHL7	12.466797535	1	0.00352009386917	0.0513347022587
KPNA1	17.2812720607	3	0.503080082136	0.294074508654
KPNA2	17.3749142365	8	0.531240833089	0.702552068055
KPNA3	16.2094650615	7	0.199765327075	0.646377236726
KPNA4	16.9854542703	2	0.409797594603	0.168817835142
KPNA6	16.6710336509	4	0.303608096216	0.408917571135
KPNB1	17.5966007594	23	0.613083015547	0.962158990906
KRAS	19.3933985755	5	0.938691698445	0.505426811382
KRR1	18.2789526363	2	0.798767967146	0.168817835142
KRT1	18.0740035308	29	0.753006746847	0.98063948372
KRT10	18.4007017018	21	0.821061894984	0.951158697565
KRT13	20.1130409016	8	0.976239366383	0.702552068055
KRT14	18.3244280915	13	0.80610149604	0.859782927545
KRT16	17.1797378667	7	0.473159284248	0.646377236726
KRT2	17.1101627552	29	0.4529187445	0.98063948372
KRT4	16.4447146704	2	0.252860076269	0.168817835142
KRT5	17.9525485845	11	0.719565855089	0.812848342622
KRT6A	18.0637243764	18	0.750073335289	0.92725139337
KRT6B	16.9127690361	2	0.381930184805	0.168817835142
KRT73	16.5346455621	3	0.272513933705	0.294074508654
KRT9	18.5666215824	28	0.853329422118	0.976972719273
KTN1	16.3644168049	14	0.233792901144	0.879143443825
KYAT3	17.0999082339	8	0.449105309475	0.702552068055
L1CAM	16.9392426468	12	0.391023760634	0.838222352596
L1RE1	15.9681394724	2	0.15371076562	0.168817835142
L2HGDH	16.1216024741	7	0.181871516574	0.646377236726
L3MBTL3	15.7049179089	2	0.112936344969	0.168817835142
LACTB	16.8555332278	6	0.362569668524	0.580228806101
LAMB1	14.898842767	3	0.0428278087416	0.294074508654
LAMC1	17.5627946369	2	0.600469345849	0.168817835142
LAMP1	17.5512937991	7	0.595482546201	0.646377236726
LAMP2	19.2749089651	5	0.930184804928	0.505426811382
LAMTOR1	16.4137478394	1	0.244059841596	0.0513347022587
LAMTOR5	15.5210439937	2	0.0915224405984	0.168817835142
LANCL1	19.9630350761	4	0.971839249047	0.408917571135
LANCL2	18.4013046696	5	0.821648577295	0.505426811382
LAP3	17.7908869785	15	0.67380463479	0.894103842769
LARP1	16.5565675686	10	0.277207392197	0.783660897624
LARP7	15.4042232622	3	0.0777354062775	0.294074508654
LARS	17.36729604	28	0.529480786154	0.976972719273
LARS2	17.7825322713	16	0.6717512467	0.905690818422
LAS1L	17.2298383024	6	0.486359636257	0.580228806101
LASP1	16.9087012582	5	0.381343502493	0.505426811382
LBR	18.456889666	6	0.829862129657	0.580228806101
LCLAT1	18.5229147223	4	0.843649163978	0.408917571135
LCMT1	17.921134509	3	0.709005573482	0.294074508654
LDAH	18.1847632762	3	0.77911410971	0.294074508654
LDB1	15.9658394942	3	0.153124083309	0.294074508654
LDHA	17.9918845273	14	0.72924611323	0.879143443825
LDHB	19.0606310689	15	0.912584335582	0.894103842769
LEMD2	17.1228234146	7	0.458492226459	0.646377236726
LEMD3	18.1380512548	3	0.767380463479	0.294074508654
LEO1	15.7461460623	2	0.119389850396	0.168817835142
LETM1	18.9038658276	20	0.896157230859	0.944998533294
LETMD1	15.1789300487	5	0.0574948665298	0.505426811382
LGALS3BP	17.4452591824	9	0.559694925198	0.747433264887
LGALS8	16.5767621681	1	0.280434144911	0.0513347022587
LGMN	17.6389074921	1	0.627163391024	0.0513347022587
LHPP	13.5357288052	1	0.00909357582869	0.0513347022587
LIG1	13.541340511	1	0.00938691698445	0.0513347022587
LIG3	16.8074114297	17	0.345849222646	0.917131123497
LIG4	15.6875146837	4	0.109709592256	0.408917571135
LIN28A	17.5358917095	1	0.589615723086	0.0513347022587
LIN7A	16.6647272377	5	0.301848049281	0.505426811382
LIN7C	16.3642357821	2	0.233206218833	0.168817835142
LIPA	19.5538890419	3	0.948958638897	0.294074508654
LMAN1	17.7450441301	12	0.664711058962	0.838222352596
LMAN2	17.7002090611	9	0.647110589616	0.747433264887
LMAN2L	17.202454687	8	0.478146083896	0.702552068055
LMBRD2	16.0676529357	5	0.174831328835	0.505426811382
LMF1	16.0316998277	3	0.168671164564	0.294074508654
LMNA	17.1440972863	11	0.463479026107	0.812848342622
LMNB1	18.0308137738	30	0.741566441772	0.983132883544
LMNB2	18.9068394127	30	0.897037254327	0.983132883544
LMTK3	15.8432655014	1	0.130830155471	0.0513347022587
LNPEP	17.4142419136	9	0.546787914344	0.747433264887
LONP1	17.8401319452	20	0.687591669111	0.944998533294
LONP2	17.5997315012	8	0.613963039014	0.702552068055
LPCAT1	17.3513114875	4	0.524787327662	0.408917571135
LPCAT3	18.8475093107	5	0.8905837489	0.505426811382
LPGAT1	17.6292481538	7	0.62393663831	0.646377236726
LRCH2	15.9770297686	2	0.156644177178	0.168817835142
LRP1	17.4465415231	47	0.560574948665	0.996333235553
LRPAP1	16.6253428251	8	0.293927838076	0.702552068055
LRPPRC	18.3399512358	69	0.808448225286	0.997653270754
LRRC40	16.4847265379	8	0.262246993253	0.702552068055
LRRC47	17.0589195841	9	0.437371663244	0.747433264887
LRRC4B	17.4360334965	3	0.555588149017	0.294074508654
LRRC57	17.7351040378	3	0.661190965092	0.294074508654
LRRC59	17.1784522945	9	0.472865943092	0.747433264887
LRRFIP1	17.4090115823	3	0.544441185098	0.294074508654
LRRN1	16.6714814155	1	0.303901437372	0.0513347022587
LRSAM1	14.929377686	2	0.0445878556762	0.168817835142
LSAMP	17.3366319336	3	0.520680551481	0.294074508654
LSM12	17.0937813997	1	0.446171897917	0.0513347022587
LSM2	17.5162840903	4	0.582575535348	0.408917571135
LSM3	17.3801323238	3	0.532707538868	0.294074508654
LSM4	18.0085926827	3	0.735112936345	0.294074508654
LSM5	14.9724725694	2	0.0463479026107	0.168817835142
LSM6	20.2877429962	4	0.981519507187	0.408917571135
LSM7	16.397895635	3	0.240246406571	0.294074508654
LSM8	19.0633204604	3	0.91346435905	0.294074508654
LSS	18.8637061499	21	0.892050454679	0.951158697565
LTA4H	16.8792850797	13	0.371076562042	0.859782927545
LTF	18.4683000426	3	0.831622176591	0.294074508654
LTN1	14.6418885384	4	0.0346142563802	0.408917571135
LUC7L	17.9014431406	3	0.706952185392	0.294074508654
LUC7L3	16.7095063281	4	0.316808448225	0.408917571135
LYPLA1	19.2221822455	1	0.925491346436	0.0513347022587
LYPLA2	17.0441722836	3	0.431211498973	0.294074508654
LYRM2	16.8429034103	3	0.358462892344	0.294074508654
LYRM7	19.0852291745	2	0.91551774714	0.168817835142
LZIC	17.9312318575	1	0.711645643884	0.0513347022587
M6PR	18.6307659206	2	0.863889703725	0.168817835142
MAB21L1	16.2323530564	3	0.204165444412	0.294074508654
MACF1	16.7174422526	72	0.319155177471	0.998386623643
MACROD1	17.9331195362	1	0.712819008507	0.0513347022587
MAD1L1	15.3730051995	1	0.072161924318	0.0513347022587
MADD	15.5967514274	2	0.100909357583	0.168817835142
MAEA	17.5458658183	1	0.594015840422	0.0513347022587
MAGEA4	17.6093331256	7	0.617483132884	0.646377236726
MAGED2	16.2466468149	3	0.208272220593	0.294074508654
MAGOH	18.2037073574	1	0.784394250513	0.0513347022587
MAGOHB	16.9137608305	8	0.382223525961	0.702552068055
MAGT1	18.1436829506	2	0.768553828102	0.168817835142
MAIP1	17.4013073739	4	0.541801114696	0.408917571135
MAK16	17.7380447537	2	0.66207098856	0.168817835142
MAN1A2	17.0570484567	3	0.436784980933	0.294074508654
MAN1B1	15.9577119699	7	0.150190671751	0.646377236726
MAN2B1	17.0090734176	23	0.41830448812	0.962158990906
MAN2B2	17.0424105161	7	0.430331475506	0.646377236726
MANBA	16.6761088616	7	0.30536814315	0.646377236726
MANEAL	16.4260526645	4	0.246993253153	0.408917571135
MANF	18.1636161594	8	0.772660604283	0.702552068055
MANSC1	13.720014192	1	0.0120269873863	0.0513347022587
MAP1A	17.2300525331	11	0.486652977413	0.812848342622
MAP1B	17.9809634441	47	0.726606042828	0.996333235553
MAP1LC3A	19.1381644477	3	0.920211205632	0.294074508654
MAP1S	16.3929446791	4	0.239659724259	0.408917571135
MAP2	16.140746	9	0.185978292754	0.747433264887
MAP2K1	16.7567577766	2	0.332942211792	0.168817835142
MAP2K2	17.3591635792	2	0.528014080375	0.168817835142
MAP2K4	16.3550788559	2	0.230566148431	0.168817835142
MAP2K6	17.1205845154	4	0.457612202992	0.408917571135
MAP3K9	25.0065705524	1	0.999706658844	0.0513347022587
MAP4K4	17.974247046	17	0.72367263127	0.917131123497
MAP7D1	10.6595613418	2	0.000293341155764	0.168817835142
MAPK1	17.5892750849	7	0.609269580522	0.646377236726
MAPK10	16.6737682467	1	0.304488119683	0.0513347022587
MAPK12	13.8364478656	1	0.0132003520094	0.0513347022587
MAPK3	17.7501325038	2	0.66617776474	0.168817835142
MAPK8	17.6705017585	4	0.638017013787	0.408917571135
MAPK9	15.8581558077	5	0.133176884717	0.505426811382
MAPRE1	18.4254237626	6	0.824875330009	0.580228806101
MAPRE2	16.8958423865	9	0.376356702845	0.747433264887
MAPRE3	17.1173193044	7	0.456438838369	0.646377236726
MAPT	17.804385512	6	0.678498093282	0.580228806101
MARCKS	16.9174505745	9	0.383396890584	0.747433264887
MARCKSL1	20.7703801485	2	0.988266353769	0.168817835142
MARK1	14.8182883012	2	0.0393077148724	0.168817835142
MARK3	18.2295201581	6	0.790261073629	0.580228806101
MARS	17.6614116988	14	0.635670284541	0.879143443825
MARS2	15.7991885291	2	0.124376650044	0.168817835142
MAT2A	18.2299733598	8	0.79084775594	0.702552068055
MAT2B	17.2824046372	6	0.503666764447	0.580228806101
MATR3	18.5253302568	16	0.843942505133	0.905690818422
MAU2	15.4159428653	2	0.0792021120563	0.168817835142
MAX	16.2116423883	5	0.200352009387	0.505426811382
MAZ	16.5666384205	1	0.278967439132	0.0513347022587
MB21D2	17.4782385158	2	0.568201818715	0.168817835142
MBLAC2	18.0300653519	10	0.740686418304	0.783660897624
MBOAT2	17.4448782579	4	0.559401584042	0.408917571135
MCAT	17.0053890097	3	0.416251100029	0.294074508654
MCCC1	17.5408084438	4	0.592549134644	0.408917571135
MCCC2	17.7113983542	3	0.652390730419	0.294074508654
MCF2L	15.4404901642	3	0.0824288647697	0.294074508654
MCFD2	17.0082771747	4	0.418011146964	0.408917571135
MCM3	16.5449642924	6	0.274273980639	0.580228806101
MCTS1	18.3311514729	4	0.807274860663	0.408917571135
MCU	15.9044826261	5	0.139337048988	0.505426811382
MCUR1	16.7474913126	3	0.330008800235	0.294074508654
MDH1	17.7125983333	13	0.653270753887	0.859782927545
MDH2	19.8969318048	19	0.967145790554	0.936931651511
MDN1	15.6365624497	5	0.104722792608	0.505426811382
ME1	15.5653488244	2	0.0970959225579	0.168817835142
ME2	18.9842225163	17	0.906717512467	0.917131123497
MECP2	17.7175809404	6	0.655030800821	0.580228806101
MED17	15.6036923281	3	0.102376063362	0.294074508654
MED24	13.8845456086	1	0.0140803754767	0.0513347022587
MED29	15.0896648827	1	0.0528014080375	0.0513347022587
MEGF8	16.2245587582	3	0.202112056322	0.294074508654
MESD	19.3455494908	8	0.934584922265	0.702552068055
MEST	17.9936685163	3	0.730126136697	0.294074508654
METAP1	17.0520673451	1	0.433264887064	0.0513347022587
METAP2	17.5958830108	5	0.612496333236	0.505426811382
METTL15	15.2078074852	4	0.0598415957759	0.408917571135
METTL9	16.4391089786	4	0.250513347023	0.408917571135
MFAP1	15.7321657703	1	0.117336462306	0.0513347022587
MFN1	17.5523607459	6	0.596362569669	0.580228806101
MFN2	16.923861732	5	0.386036960986	0.505426811382
MGAT3	20.9149058476	1	0.990906424171	0.0513347022587
MGAT5	15.1373406773	2	0.0557348195952	0.168817835142
MGEA5	16.3678770165	9	0.234672924611	0.747433264887
MGME1	15.2546842347	2	0.062188325022	0.168817835142
MGST3	19.1006761326	3	0.916691111763	0.294074508654
MIA3	17.3898850365	18	0.536227632737	0.92725139337
MIC13	15.9519734267	2	0.148430624817	0.168817835142
MICAL1	16.5923727437	5	0.284540921091	0.505426811382
MICU1	16.0238361221	3	0.165444411851	0.294074508654
MICU3	15.9078072075	6	0.1399237313	0.580228806101
MIEF1	17.9952041133	4	0.731006160164	0.408917571135
MIF	17.6868675816	3	0.642417131123	0.294074508654
MINOS1	18.4721203112	1	0.833382223526	0.0513347022587
MINPP1	17.4728581869	4	0.566441771781	0.408917571135
MIOS	16.062549865	3	0.173951305368	0.294074508654
MLEC	18.3842181337	12	0.818128483426	0.838222352596
MLH1	14.0006733535	2	0.0164271047228	0.168817835142
MLST8	15.520655686	1	0.0912290994427	0.0513347022587
MLYCD	17.6030189703	8	0.615723085949	0.702552068055
MMAA	17.3522810754	7	0.525374009974	0.646377236726
MMAB	17.0281365749	6	0.42593135817	0.580228806101
MMGT1	15.9602753232	1	0.15165737753	0.0513347022587
MMP2	15.0316008907	1	0.0495746553241	0.0513347022587
MMRN2	24.6614083981	1	0.999119976533	0.0513347022587
MOGS	18.0626808846	17	0.749779994133	0.917131123497
MON2	15.9047868885	4	0.139630390144	0.408917571135
MORC2	16.1334510387	6	0.185391610443	0.580228806101
MORF4L1	17.729334927	4	0.658844235846	0.408917571135
MP68	18.60938877	2	0.860369609856	0.168817835142
MPC2	19.1373778141	3	0.919624523321	0.294074508654
MPDU1	17.2091435185	3	0.480199471986	0.294074508654
MPG	15.9448974604	1	0.146963919038	0.0513347022587
MPI	16.0739530322	2	0.175418011147	0.168817835142
MPP6	15.0112604939	6	0.0486946318568	0.580228806101
MPST	17.4050447034	7	0.543267820475	0.646377236726
MPZL1	18.6361077264	2	0.864183044881	0.168817835142
MRAS	17.7148183321	2	0.654737459666	0.168817835142
MRE11	16.548309187	5	0.274860662951	0.505426811382
MRPL1	16.8713283856	7	0.368143150484	0.646377236726
MRPL11	18.908047235	6	0.897623936638	0.580228806101
MRPL12	15.4558108013	4	0.0841889117043	0.408917571135
MRPL13	18.4078593197	7	0.822235259607	0.646377236726
MRPL14	16.150751596	4	0.188031680845	0.408917571135
MRPL15	18.1106132566	8	0.762980346143	0.702552068055
MRPL16	17.7304530943	3	0.659430918158	0.294074508654
MRPL17	17.848767029	8	0.689938398357	0.702552068055
MRPL18	16.6620700163	4	0.301554708126	0.408917571135
MRPL19	17.0520014827	9	0.432971545908	0.747433264887
MRPL2	16.9720792503	5	0.402757406864	0.505426811382
MRPL20	17.6176259075	3	0.620416544441	0.294074508654
MRPL21	19.6402388233	2	0.953652097389	0.168817835142
MRPL22	18.1189106649	4	0.76386036961	0.408917571135
MRPL23	17.4626862018	5	0.564095042534	0.505426811382
MRPL24	18.2020613728	5	0.784100909358	0.505426811382
MRPL27	15.8601529005	2	0.133470225873	0.168817835142
MRPL28	16.4395127909	7	0.250806688178	0.646377236726
MRPL3	18.7955573455	6	0.885596949252	0.580228806101
MRPL30	13.872596253	1	0.0137870343209	0.0513347022587
MRPL33	18.6259108481	1	0.863009680258	0.0513347022587
MRPL34	18.9352501915	2	0.900557348196	0.168817835142
MRPL35	18.3234565489	1	0.805514813728	0.0513347022587
MRPL37	18.0910771888	11	0.759166911118	0.812848342622
MRPL38	18.4882088386	8	0.836608976239	0.702552068055
MRPL39	18.1650265785	10	0.772953945439	0.783660897624
MRPL4	17.1734856917	8	0.470519213846	0.702552068055
MRPL40	17.1591768712	2	0.467585802288	0.168817835142
MRPL41	17.7193623757	1	0.655617483133	0.0513347022587
MRPL42	17.0027584971	1	0.415664417718	0.0513347022587
MRPL43	20.1183891492	5	0.976532707539	0.505426811382
MRPL44	16.4907710803	8	0.262833675565	0.702552068055
MRPL45	17.2782848748	6	0.500733352889	0.580228806101
MRPL46	16.8162062625	7	0.349075975359	0.646377236726
MRPL47	17.4224184952	8	0.548841302435	0.702552068055
MRPL48	16.7766261319	4	0.339102376063	0.408917571135
MRPL49	17.2085776254	6	0.47990613083	0.580228806101
MRPL50	17.3927433529	6	0.53740099736	0.580228806101
MRPL51	16.8054954266	2	0.345262540334	0.168817835142
MRPL52	17.2806272917	2	0.50278674098	0.168817835142
MRPL53	15.3116034498	3	0.0665884423585	0.294074508654
MRPL54	17.756159399	2	0.667351129363	0.168817835142
MRPL55	17.3503038749	4	0.524493986506	0.408917571135
MRPL57	17.7216565168	2	0.656790847756	0.168817835142
MRPL9	17.3849956725	6	0.535054268114	0.580228806101
MRPS10	16.1913127368	5	0.196538574362	0.505426811382
MRPS11	17.0763624653	3	0.442065121737	0.294074508654
MRPS14	17.3296875293	2	0.518333822235	0.168817835142
MRPS15	18.4597499923	7	0.830448811968	0.646377236726
MRPS17	18.4398261664	2	0.827515400411	0.168817835142
MRPS18A	20.1451908294	1	0.977412731006	0.0513347022587
MRPS18B	16.6901160586	4	0.31094162511	0.408917571135
MRPS2	17.9461681386	4	0.717219125843	0.408917571135
MRPS21	17.825541652	3	0.683191551775	0.294074508654
MRPS22	18.0743902565	12	0.753593429158	0.838222352596
MRPS23	18.5350686984	7	0.845702552068	0.646377236726
MRPS25	15.589850214	5	0.099442651804	0.505426811382
MRPS26	17.6547691883	9	0.633616896451	0.747433264887
MRPS27	17.869513834	12	0.696098562628	0.838222352596
MRPS28	18.2258643044	4	0.789967732473	0.408917571135
MRPS30	18.0269832508	5	0.739513053681	0.505426811382
MRPS31	16.8725894138	13	0.36843649164	0.859782927545
MRPS33	16.8943359739	3	0.37606336169	0.294074508654
MRPS34	18.0060144059	7	0.73335288941	0.646377236726
MRPS35	18.1828475526	5	0.778820768554	0.505426811382
MRPS36	17.4570888771	3	0.562628336756	0.294074508654
MRPS5	16.413730312	4	0.24376650044	0.408917571135
MRPS6	15.2644663678	3	0.0636550308008	0.294074508654
MRPS7	17.250409421	9	0.493399823995	0.747433264887
MRPS9	17.9790576682	11	0.725432678205	0.812848342622
MRTO4	17.6860031226	7	0.642123789968	0.646377236726
MSH2	17.0553684055	13	0.435904957466	0.859782927545
MSH3	16.5608949014	6	0.278087415664	0.580228806101
MSH6	16.2690350533	11	0.212085655617	0.812848342622
MSI1	18.4247136491	6	0.824581988853	0.580228806101
MSI2	18.0875900495	6	0.757113523027	0.580228806101
MSN	17.4192797641	7	0.547961278967	0.646377236726
MT-ATP8	18.1871854168	1	0.780580815488	0.0513347022587
MT-CO2	19.018542037	6	0.90994426518	0.580228806101
MT-CO3	18.5853433347	1	0.856849515987	0.0513347022587
MT-CYB	17.9365245583	2	0.714285714286	0.168817835142
MT-ND1	18.0753885619	1	0.754473452625	0.0513347022587
MT-ND4	15.0149940595	5	0.0489879730126	0.505426811382
MT-ND5	16.3666016955	6	0.2340862423	0.580228806101
MTA1	17.5871774476	4	0.608389557055	0.408917571135
MTA2	16.9557560316	2	0.397770607216	0.168817835142
MTAP	16.1673429662	5	0.189791727779	0.505426811382
MTCH1	19.9061519307	6	0.96743913171	0.580228806101
MTCH2	19.1046606547	11	0.916984452919	0.812848342622
MTDH	18.5385974689	4	0.847169257847	0.408917571135
MTERF3	15.6167887393	1	0.103256086829	0.0513347022587
MTHFD1	17.3347199214	5	0.520387210326	0.505426811382
MTHFD1L	18.0881959659	8	0.757993546495	0.702552068055
MTHFD2	17.611347803	5	0.619243179818	0.505426811382
MTHFD2L	16.0234182187	1	0.165151070695	0.0513347022587
MTIF2	16.6787562262	5	0.306248166618	0.505426811382
MTIF3	15.1141975744	1	0.0545614549721	0.0513347022587
MTMR1	14.7424061671	2	0.037254326782	0.168817835142
MTMR2	15.7083582453	5	0.114403050748	0.505426811382
MTOR	15.1610101859	8	0.0569081842182	0.702552068055
MTPN	18.5600094802	4	0.851862716339	0.408917571135
MTX1	17.5873316362	2	0.608682898211	0.168817835142
MTX2	18.1695492507	6	0.774420651217	0.580228806101
MUT	17.6880280548	14	0.643003813435	0.879143443825
MVD	16.743349967	5	0.327955412144	0.505426811382
MVP	15.4889843155	5	0.0888823701965	0.505426811382
MYBBP1A	15.4255363337	15	0.0794954532121	0.894103842769
MYCBP2	16.1417145679	5	0.18627163391	0.505426811382
MYDGF	18.3617399814	4	0.812555001467	0.408917571135
MYEF2	17.5311616168	11	0.586388970373	0.812848342622
MYH10	17.9141948517	75	0.707832208859	0.998826635377
MYH14	18.7397778852	2	0.877970079202	0.168817835142
MYH9	16.9800027383	44	0.406277500733	0.995013200352
MYL12B	18.0470792441	8	0.745086535641	0.702552068055
MYL6	19.4288458023	5	0.941918451159	0.505426811382
MYO18A	16.8080079884	18	0.346142563802	0.92725139337
MYO1B	17.596389337	8	0.612789674391	0.702552068055
MYO5A	17.5041630368	43	0.575828688765	0.993986506307
MYO6	15.9798524116	11	0.157524200645	0.812848342622
NAA10	15.5831248067	5	0.0985626283368	0.505426811382
NAA15	16.9215967226	19	0.384863596363	0.936931651511
NAA35	16.6232821398	4	0.293341155764	0.408917571135
NAA40	16.5788547805	2	0.281020827222	0.168817835142
NAA50	17.845972883	4	0.68905837489	0.408917571135
NAAA	15.1849360047	3	0.0577882076855	0.294074508654
NACA	19.3118447116	2	0.93282487533	0.168817835142
NACAD	15.9153741176	2	0.140803754767	0.168817835142
NADK2	16.9924266104	6	0.41273100616	0.580228806101
NAE1	16.5329944837	10	0.271633910238	0.783660897624
NAGA	17.8721320877	4	0.697271927251	0.408917571135
NAGK	17.8434934562	11	0.688765033734	0.812848342622
NAGLU	16.9746409972	15	0.404224112643	0.894103842769
NAMPT	16.9742381345	9	0.403930771487	0.747433264887
NANS	16.8843921033	3	0.372836608976	0.294074508654
NAP1L1	18.3100574139	5	0.804634790261	0.505426811382
NAP1L4	16.8514819355	9	0.361982986213	0.747433264887
NAPA	19.0083313165	8	0.908770900557	0.702552068055
NAPB	17.6642661717	11	0.636550308008	0.812848342622
NAPG	17.7917095803	5	0.674391317102	0.505426811382
NARS	17.7304916889	11	0.659724259314	0.812848342622
NARS2	18.1520208164	8	0.769727192725	0.702552068055
NASP	16.7598221644	4	0.334702258727	0.408917571135
NAT10	17.5076579509	5	0.577295394544	0.505426811382
NAT14	19.1494849457	2	0.920504546788	0.168817835142
NAV1	15.9759614906	6	0.155764153711	0.580228806101
NAXD	16.8962833452	7	0.376650044001	0.646377236726
NAXE	17.9374311158	4	0.714579055441	0.408917571135
NBAS	16.0001793463	4	0.161044294515	0.408917571135
NBEA	16.7777820442	28	0.339689058375	0.976972719273
NBPF7	19.8290944337	1	0.963332355529	0.0513347022587
NCALD	18.7276855526	4	0.875916691112	0.408917571135
NCAM1	18.7141655067	22	0.872689938398	0.956585508947
NCAPG	11.2824183611	1	0.000880023467292	0.0513347022587
NCBP1	17.5354105522	11	0.589029040774	0.812848342622
NCBP2	16.7412140557	1	0.32619536521	0.0513347022587
NCDN	16.8986488042	6	0.377236726313	0.580228806101
NCEH1	15.8208021389	1	0.127603402757	0.0513347022587
NCKAP1	17.2802512649	27	0.502493399824	0.973452625403
NCL	18.3129248135	19	0.804928131417	0.936931651511
NCLN	18.494929059	19	0.838369023174	0.936931651511
NCOA2	16.7897212061	1	0.342035787621	0.0513347022587
NCOA5	17.7967750982	7	0.676151364036	0.646377236726
NCS1	18.3929350535	7	0.819595189205	0.646377236726
NCSTN	17.9298609828	13	0.710765620417	0.859782927545
NDRG3	16.3005203055	2	0.219419184512	0.168817835142
NDRG4	15.3620071938	5	0.0715752420065	0.505426811382
NDUFA10	18.5113224116	12	0.841302434732	0.838222352596
NDUFA11	19.4702983952	3	0.944265180405	0.294074508654
NDUFA12	17.8799468975	6	0.699031974186	0.580228806101
NDUFA13	19.8576968815	7	0.964505720153	0.646377236726
NDUFA2	19.5986553252	4	0.951305368143	0.408917571135
NDUFA4	19.3262256953	5	0.933411557642	0.505426811382
NDUFA5	15.8095422424	6	0.125843355823	0.580228806101
NDUFA6	18.2850707043	9	0.800234672925	0.747433264887
NDUFA7	18.8756142788	3	0.892930478146	0.294074508654
NDUFA8	18.2872371173	6	0.800821355236	0.580228806101
NDUFA9	18.7772992668	18	0.883836902317	0.92725139337
NDUFAB1	16.2606548223	1	0.210032267527	0.0513347022587
NDUFAF2	17.7795062482	5	0.670577882077	0.505426811382
NDUFAF3	17.3943926843	3	0.538574361983	0.294074508654
NDUFAF4	18.5468094294	6	0.848929304781	0.580228806101
NDUFB1	19.0710785025	3	0.914051041361	0.294074508654
NDUFB10	21.2993803971	5	0.992666471106	0.505426811382
NDUFB11	18.887307645	3	0.894397183925	0.294074508654
NDUFB3	20.0803076447	3	0.97506600176	0.294074508654
NDUFB4	19.7279640661	4	0.958345555881	0.408917571135
NDUFB5	19.2851449974	3	0.931064828395	0.294074508654
NDUFB6	17.3839558599	6	0.533587562335	0.580228806101
NDUFB7	16.8122339135	2	0.347315928425	0.168817835142
NDUFB8	20.8056235507	2	0.988559694925	0.168817835142
NDUFB9	18.7217090934	3	0.873863303021	0.294074508654
NDUFC2	19.4695890517	5	0.943971839249	0.505426811382
NDUFS1	18.9429303405	27	0.901144030507	0.973452625403
NDUFS2	18.5629105713	14	0.852449398651	0.879143443825
NDUFS3	18.5896840036	11	0.857436198299	0.812848342622
NDUFS4	17.0301639726	6	0.426518040481	0.580228806101
NDUFS5	19.1639357016	4	0.922557934878	0.408917571135
NDUFS6	15.6416463877	3	0.105016133764	0.294074508654
NDUFS7	17.3563210667	5	0.526840715752	0.505426811382
NDUFS8	18.1200902936	5	0.764447051921	0.505426811382
NDUFV1	18.7319509859	14	0.877676738046	0.879143443825
NDUFV2	18.4885794024	10	0.837195658551	0.783660897624
NDUFV3	18.8862063621	2	0.894103842769	0.168817835142
NECAP1	18.9551713333	3	0.902904077442	0.294074508654
NEDD4L	17.1166915993	9	0.455852156057	0.747433264887
NEDD8	19.4685661029	1	0.943678498093	0.0513347022587
NEFL	17.0401694842	20	0.429451452039	0.944998533294
NEFM	17.2765411869	39	0.500146670578	0.992959812262
NELFB	15.926582304	5	0.143737166324	0.505426811382
NELFCD	17.1928643826	3	0.476092695805	0.294074508654
NEMF	17.2888610062	5	0.506600176005	0.505426811382
NEO1	14.0273195612	3	0.0176004693458	0.294074508654
NES	17.6917007158	3	0.645057201525	0.294074508654
NEXN	17.6761154121	1	0.639777060722	0.0513347022587
NF1	14.9188202518	7	0.0442945145204	0.646377236726
NFASC	17.2126873331	2	0.480786154297	0.168817835142
NFS1	16.5331019118	2	0.272220592549	0.168817835142
NFU1	16.497566999	4	0.264007040188	0.408917571135
NHLRC2	16.9946303815	1	0.413611029627	0.0513347022587
NIF3L1	17.0791311054	5	0.44323848636	0.505426811382
NIFK	17.0664134784	4	0.43971839249	0.408917571135
NIPBL	13.9309016195	6	0.014960398944	0.580228806101
NIPSNAP1	19.883001498	10	0.966559108243	0.783660897624
NIPSNAP2	18.9533349588	7	0.902610736286	0.646377236726
NIPSNAP3A	18.2389869148	8	0.792901144031	0.702552068055
NIPSNAP3B	16.9726648564	6	0.403344089176	0.580228806101
NISCH	17.8945441386	2	0.704018773834	0.168817835142
NIT2	16.0591389691	1	0.173657964212	0.0513347022587
NKIRAS2	17.1670045522	1	0.469639190378	0.0513347022587
NLN	17.8251302634	16	0.682898210619	0.905690818422
NLRP13	20.8906593936	1	0.990613083016	0.0513347022587
NME1	19.9337745802	1	0.970372543268	0.0513347022587
NME2	16.9962806421	14	0.414197711939	0.879143443825
NME3	16.90416181	5	0.379583455559	0.505426811382
NMT1	17.4409079284	8	0.558228219419	0.702552068055
NNT	18.4221503479	32	0.823995306542	0.986506306835
NOC2L	18.153720865	3	0.770313875037	0.294074508654
NOC4L	15.6806230443	3	0.1094162511	0.294074508654
NOL11	16.2638383263	4	0.210912290994	0.408917571135
NOL4	16.7669289385	1	0.336168964506	0.0513347022587
NOL7	25.8227703561	1	1	0.0513347022587
NOL9	18.2831341466	8	0.799941331769	0.702552068055
NONO	17.3869098449	17	0.53534760927	0.917131123497
NOP16	16.2663869786	2	0.211498973306	0.168817835142
NOP2	17.9975451094	8	0.731592842476	0.702552068055
NOP56	16.8611460662	20	0.364036374303	0.944998533294
NOP58	17.3654053604	15	0.528894103843	0.894103842769
NOSTRIN	19.2957445778	1	0.931358169551	0.0513347022587
NOVA1	17.6311655576	10	0.624816661778	0.783660897624
NOVA2	14.5253505434	3	0.0302141390437	0.294074508654
NPC1	16.824837398	7	0.350836022294	0.646377236726
NPC2	17.1449466495	2	0.463772367263	0.168817835142
NPEPPS	17.5669183765	33	0.602229392784	0.988119683192
NPLOC4	16.2817074139	6	0.215312408331	0.580228806101
NPM1	19.7191791263	9	0.957465532414	0.747433264887
NPM3	16.8615882886	1	0.364329715459	0.0513347022587
NPTN	15.5546161346	9	0.0947491933118	0.747433264887
NPTX1	17.0059930223	1	0.416837782341	0.0513347022587
NPTX2	15.5974900652	4	0.101202698739	0.408917571135
NPTXR	16.5178154556	3	0.267820475213	0.294074508654
NRBP1	15.5600789098	2	0.0962158990906	0.168817835142
NRCAM	15.9338430984	4	0.144617189792	0.408917571135
NRDC	16.40406037	11	0.240833088882	0.812848342622
NRXN1	16.556322133	4	0.276914051041	0.408917571135
NSD2	16.6879269893	1	0.309768260487	0.0513347022587
NSDHL	18.5174015551	13	0.842475799355	0.859782927545
NSF	18.844625523	26	0.890290407744	0.971252566735
NSFL1C	18.4732985414	3	0.833968905837	0.294074508654
NSUN2	16.9813697632	10	0.406864183045	0.783660897624
NT5C	14.8820378475	1	0.0425344675858	0.0513347022587
NT5C2	18.1751485455	12	0.77559401584	0.838222352596
NT5C3A	17.583242509	3	0.607216192432	0.294074508654
NT5DC2	18.5473064123	20	0.849515987093	0.944998533294
NT5DC3	17.1141286561	4	0.454385450279	0.408917571135
NTPCR	16.6132517263	5	0.289234379583	0.505426811382
NUBPL	17.392743223	3	0.537107656204	0.294074508654
NUCB1	17.7405683486	25	0.663244353183	0.968759166911
NUCB2	17.6525334703	17	0.632150190672	0.917131123497
NUDC	15.9334611003	12	0.144323848636	0.838222352596
NUDT13	16.7731948244	1	0.338222352596	0.0513347022587
NUDT16	17.5373102453	3	0.590789087709	0.294074508654
NUDT16L1	18.3480336228	6	0.810501613376	0.580228806101
NUDT21	18.5768073763	9	0.855382810208	0.747433264887
NUDT5	16.9376992409	7	0.389557054855	0.646377236726
NUDT9	16.9211998529	3	0.384570255207	0.294074508654
NUMA1	15.9129405113	14	0.140217072455	0.879143443825
NUP107	16.3515961415	7	0.229979466119	0.646377236726
NUP133	16.527523946	11	0.269873863303	0.812848342622
NUP155	16.7919379131	9	0.342622469933	0.747433264887
NUP188	15.4356079535	4	0.0815488413024	0.408917571135
NUP205	15.708084667	14	0.114109709592	0.879143443825
NUP210	17.8586322471	23	0.692871809915	0.962158990906
NUP214	15.2564651079	4	0.0627750073335	0.408917571135
NUP37	16.7345601665	3	0.324141977119	0.294074508654
NUP43	17.6050403785	3	0.61630976826	0.294074508654
NUP98	16.6009667739	5	0.285714285714	0.505426811382
NUTF2	17.9353874859	3	0.713699031974	0.294074508654
NXF1	17.7449748423	4	0.664417717806	0.408917571135
NXN	17.1414769755	4	0.462892343796	0.408917571135
OARD1	15.2584203445	3	0.0630683484893	0.294074508654
OAT	17.2799077989	15	0.502200058668	0.894103842769
OCIAD1	17.682260176	3	0.641537107656	0.294074508654
OCIAD2	17.5546305367	3	0.597535934292	0.294074508654
OCRL	17.0113451696	5	0.419184511587	0.505426811382
ODF2	14.0197751321	3	0.0170137870343	0.294074508654
OGDH	18.8180173244	22	0.887943678498	0.956585508947
OGFR	15.8220269581	2	0.127896743913	0.168817835142
OGT	17.0660650405	15	0.439425051335	0.894103842769
OLA1	18.5272359324	16	0.844529187445	0.905690818422
OLFM1	15.7062978499	2	0.113523027281	0.168817835142
ONECUT3	16.6021689232	2	0.28600762687	0.168817835142
OPA1	18.3423108946	31	0.809034907598	0.985039601056
OPA3	18.3260439976	2	0.806688178351	0.168817835142
ORC3	12.6489632355	1	0.00381343502493	0.0513347022587
OS9	17.7030051609	4	0.649750660018	0.408917571135
OSBP	16.8347147484	12	0.354649457319	0.838222352596
OSBPL11	17.5575302501	2	0.598415957759	0.168817835142
OSBPL2	14.5615295026	2	0.0319741859783	0.168817835142
OSBPL8	17.4372860921	13	0.55676151364	0.859782927545
OSGEP	17.426358566	5	0.551188031681	0.505426811382
OSTC	17.6379304756	2	0.626870049868	0.168817835142
OSTF1	15.6969761075	1	0.11146963919	0.0513347022587
OSTM1	19.1786652599	1	0.923437958346	0.0513347022587
OTUB1	17.5347252057	7	0.588442358463	0.646377236726
OTX2	16.6500491545	1	0.299207978879	0.0513347022587
OXA1L	17.4672402305	4	0.565561748313	0.408917571135
OXCT1	18.5506352063	16	0.85039601056	0.905690818422
OXSM	16.884512113	1	0.373129950132	0.0513347022587
OXSR1	16.9158332543	7	0.382810208272	0.646377236726
P2RX3	18.8192751792	6	0.888237019654	0.580228806101
P4HA1	15.9469160659	5	0.147843942505	0.505426811382
P4HB	19.5677590997	29	0.95013200352	0.98063948372
PA2G4	18.006330686	14	0.733939571722	0.879143443825
PABPC1	18.233684277	17	0.791727779407	0.917131123497
PABPC4	17.7631715499	7	0.667644470519	0.646377236726
PABPC4L	19.6200082588	1	0.952478732766	0.0513347022587
PACS1	17.3488433846	5	0.523907304195	0.505426811382
PACSIN2	18.7765447081	7	0.883543561162	0.646377236726
PACSIN3	17.2926319751	1	0.508360222939	0.0513347022587
PAFAH1B1	18.1815657632	14	0.777940745087	0.879143443825
PAFAH1B2	16.9169645284	7	0.383103549428	0.646377236726
PAFAH1B3	18.5542238334	11	0.850689351716	0.812848342622
PAICS	18.5384626815	7	0.846875916691	0.646377236726
PAK1	16.2690910001	3	0.212378996773	0.294074508654
PAK2	17.6069717268	5	0.616603109416	0.505426811382
PALM	17.3659826559	1	0.529187444999	0.0513347022587
PAM	15.9359607446	8	0.145497213259	0.702552068055
PANK4	16.1475670309	4	0.187444998533	0.408917571135
PANX1	17.6232525668	2	0.62188325022	0.168817835142
PAPSS1	17.1190084001	11	0.457318861836	0.812848342622
PARK7	18.0513927002	8	0.745966559108	0.702552068055
PARP1	17.3222200372	36	0.516867116456	0.991493106483
PATZ1	17.3841442426	2	0.533880903491	0.168817835142
PAXBP1	15.5930008214	2	0.100322675271	0.168817835142
PBDC1	17.9357927013	6	0.71399237313	0.580228806101
PBRM1	15.9926192342	12	0.158990906424	0.838222352596
PBXIP1	15.2666398891	2	0.0639483719566	0.168817835142
PC	17.607918508	27	0.617189791728	0.973452625403
PCBD2	18.2793230999	2	0.799061308302	0.168817835142
PCBP1	19.8390888076	2	0.963919037841	0.168817835142
PCBP2	18.1688139144	7	0.773833968906	0.646377236726
PCBP3	18.1068893364	1	0.761513640364	0.0513347022587
PCCA	18.7160774731	23	0.872983279554	0.962158990906
PCCB	17.8616551217	16	0.694338515694	0.905690818422
PCDHB14	17.1773284458	2	0.47227926078	0.168817835142
PCDHB2	17.5013024234	1	0.574655324142	0.0513347022587
PCIF1	15.8392451212	2	0.130243473159	0.168817835142
PCK2	17.1066975929	9	0.451745379877	0.747433264887
PCMT1	18.4990976878	7	0.838955705485	0.646377236726
PCNA	16.7273260663	2	0.322381930185	0.168817835142
PCNP	13.8987964287	2	0.0146670577882	0.168817835142
PCSK1	17.6350120139	2	0.625696685245	0.168817835142
PCSK1N	16.8472050282	4	0.36080962159	0.408917571135
PCSK2	16.7363165408	1	0.324728659431	0.0513347022587
PCYOX1	18.1521153768	19	0.770020533881	0.936931651511
PCYOX1L	17.7018054387	5	0.648577295395	0.505426811382
PDAP1	17.7796732105	2	0.670871223233	0.168817835142
PDCD11	17.0382502186	13	0.429158110883	0.859782927545
PDCD5	16.719269957	5	0.320035200939	0.505426811382
PDCD6	18.0288213044	6	0.740393077149	0.580228806101
PDCD6IP	16.5210839731	10	0.268407157524	0.783660897624
PDCL	16.3715523851	1	0.235259606923	0.0513347022587
PDE10A	13.9966825699	3	0.016133763567	0.294074508654
PDE6D	17.080255305	3	0.443825168671	0.294074508654
PDHA1	18.1993724843	14	0.782927544735	0.879143443825
PDHB	19.0723747607	13	0.914344382517	0.859782927545
PDHX	17.8413098211	11	0.687885010267	0.812848342622
PDIA3	20.5407536081	28	0.986212965679	0.976972719273
PDIA4	18.1430237528	35	0.768260486946	0.990613083016
PDIA5	17.4548260217	7	0.562041654444	0.646377236726
PDIA6	17.9783080914	14	0.724845995893	0.879143443825
PDK1	18.1070193971	3	0.76180698152	0.294074508654
PDK3	17.0568766332	5	0.436491639777	0.505426811382
PDP1	16.9562319309	11	0.398063948372	0.812848342622
PDPR	17.8214199042	12	0.681724845996	0.838222352596
PDS5A	16.3491279222	6	0.229686124963	0.580228806101
PDS5B	17.214911563	20	0.482546201232	0.944998533294
PDXDC1	15.7074083449	2	0.113816368436	0.168817835142
PDXK	15.960385899	5	0.151950718686	0.505426811382
PDXP	17.5594579657	6	0.59900264007	0.580228806101
PEA15	16.1646636041	4	0.189498386624	0.408917571135
PEBP1	17.6602826014	8	0.635376943385	0.702552068055
PEPD	17.7147672763	9	0.65444411851	0.747433264887
PES1	17.2011628215	5	0.477559401584	0.505426811382
PET100	18.5370787455	1	0.846582575535	0.0513347022587
PEX11B	18.0176725908	7	0.737166324435	0.646377236726
PEX14	15.2561434558	4	0.0624816661778	0.408917571135
PFAS	16.8410399274	7	0.358169551188	0.646377236726
PFDN1	17.6309046761	3	0.624229979466	0.294074508654
PFDN2	18.1234544092	5	0.765033734233	0.505426811382
PFDN4	18.3680835333	2	0.815195071869	0.168817835142
PFDN5	15.4461028814	3	0.0830155470813	0.294074508654
PFDN6	18.8337075845	5	0.889117043121	0.505426811382
PFKL	16.2699263747	9	0.212672337929	0.747433264887
PFKM	17.292004325	18	0.507480199472	0.92725139337
PFKP	17.3399042212	5	0.521853916104	0.505426811382
PFN1	19.8712193093	7	0.965092402464	0.646377236726
PFN2	17.7119819664	8	0.652684071575	0.702552068055
PGAM1	19.0996989378	11	0.916397770607	0.812848342622
PGAM5	17.5904872379	8	0.610736286301	0.702552068055
PGAP1	17.958648732	16	0.721032560868	0.905690818422
PGD	17.6905814892	23	0.644177178058	0.962158990906
PGGT1B	12.8495137212	1	0.00440011733646	0.0513347022587
PGK1	17.8374882057	22	0.686124963332	0.956585508947
PGK2	18.7289556965	2	0.877090055735	0.168817835142
PGLS	17.6274392514	4	0.622763273687	0.408917571135
PGM1	16.8188101886	7	0.349369316515	0.646377236726
PGM2	16.4245278206	8	0.246113229686	0.702552068055
PGM2L1	17.5412814808	16	0.592842475799	0.905690818422
PGM3	17.1234165761	3	0.459372249927	0.294074508654
PGP	13.3033651118	1	0.00704018773834	0.0513347022587
PGRMC1	18.3779251226	11	0.816955118803	0.812848342622
PGS1	16.9549861213	4	0.397183924905	0.408917571135
PHAX	16.5259798163	2	0.269580522147	0.168817835142
PHB	19.1222540614	18	0.91757113523	0.92725139337
PHB2	18.6462938066	20	0.865943091816	0.944998533294
PHF14	16.3020875835	3	0.219712525667	0.294074508654
PHF6	18.9491678871	2	0.902317395131	0.168817835142
PHGDH	16.8009306752	4	0.344969199179	0.408917571135
PHIP	14.4525704194	3	0.0287474332649	0.294074508654
PHPT1	16.9493013121	1	0.394250513347	0.0513347022587
PHYHIPL	17.0911667362	8	0.445878556762	0.702552068055
PI4K2A	17.5637699538	9	0.600762687005	0.747433264887
PICALM	16.9109366277	5	0.381636843649	0.505426811382
PICK1	19.8132516244	1	0.961865649751	0.0513347022587
PIGG	17.0940678523	2	0.446758580229	0.168817835142
PIGK	18.2085241745	4	0.785274273981	0.408917571135
PIGS	17.0758177826	9	0.441185098269	0.747433264887
PIGT	16.6404965003	11	0.296861249633	0.812848342622
PIK3CA	16.6401946859	1	0.296274567322	0.0513347022587
PIN1	18.6997088177	4	0.870636550308	0.408917571135
PIN4	17.4532275582	2	0.561748313288	0.168817835142
PIP4K2A	17.5948601396	6	0.61220299208	0.580228806101
PIP4K2B	16.7963776044	8	0.344382516867	0.702552068055
PIP4P1	19.9301086316	1	0.970079202112	0.0513347022587
PIP5K1C	15.4007075285	1	0.077148723966	0.0513347022587
PITHD1	18.1519803566	7	0.769433851569	0.646377236726
PITPNA	17.2473563523	7	0.49310648284	0.646377236726
PITPNB	18.0257018657	10	0.739219712526	0.783660897624
PITPNC1	17.8947778204	2	0.70431211499	0.168817835142
PITPNM1	16.7954357749	5	0.343795834556	0.505426811382
PITPNM2	16.5526591112	2	0.27632736873	0.168817835142
PITRM1	17.8956323379	23	0.704605456145	0.962158990906
PKM	17.5147111651	28	0.581402170725	0.976972719273
PLA2G15	19.1636008791	6	0.922264593722	0.580228806101
PLAA	16.0104667809	11	0.161924317982	0.812848342622
PLBD2	17.2383017106	15	0.48958638897	0.894103842769
PLCB1	16.0263018457	8	0.166617776474	0.702552068055
PLCB4	16.4538675518	3	0.255793487826	0.294074508654
PLCG1	17.0025448178	13	0.415371076562	0.859782927545
PLCH2	15.60142793	2	0.10178938105	0.168817835142
PLCL1	17.2130663856	5	0.481666177765	0.505426811382
PLCL2	14.6120921976	2	0.0331475506013	0.168817835142
PLD3	18.2356886581	12	0.792314461719	0.838222352596
PLEC	16.7418019569	8	0.326488706366	0.702552068055
PLGRKT	19.1570921507	2	0.921677911411	0.168817835142
PLOD1	16.2231384608	5	0.201818715166	0.505426811382
PLOD3	16.9880616219	4	0.411264300381	0.408917571135
PLPBP	17.4620561467	1	0.563801701379	0.0513347022587
PLRG1	16.4135488154	7	0.243473159284	0.646377236726
PLXNA1	15.0512728248	7	0.0507480199472	0.646377236726
PLXNA3	15.4722344421	5	0.0862422997947	0.505426811382
PLXNA4	16.6811811294	6	0.306834848929	0.580228806101
PLXNB1	15.6111548315	3	0.102962745673	0.294074508654
PLXNB2	15.9524891243	7	0.148723965972	0.646377236726
PMM2	16.6594930349	2	0.300968025814	0.168817835142
PMPCA	17.6310027119	13	0.624523320622	0.859782927545
PMPCB	18.246753298	8	0.793781167498	0.702552068055
PMVK	17.8230144082	8	0.682604869463	0.702552068055
PNKD	20.358817473	1	0.983279554121	0.0513347022587
PNKP	17.3774603162	2	0.532120856556	0.168817835142
PNN	17.0430437525	4	0.430624816662	0.408917571135
PNPLA8	17.0615507325	14	0.437958345556	0.879143443825
PNPT1	17.6461783283	15	0.630390143737	0.894103842769
POFUT1	17.2675779624	3	0.496626576709	0.294074508654
POFUT2	18.2096653073	5	0.786154297448	0.505426811382
POGLUT1	17.5184648537	8	0.583162217659	0.702552068055
POGZ	16.8941029706	8	0.375770020534	0.702552068055
POLB	15.5896229078	4	0.0991493106483	0.408917571135
POLDIP2	18.3701875051	6	0.815488413024	0.580228806101
POLR1B	15.3805418914	4	0.073335288941	0.408917571135
POLR1D	17.3760355516	2	0.531534174245	0.168817835142
POLR2A	16.7850836304	22	0.340862422998	0.956585508947
POLR2B	17.4308455558	18	0.553534760927	0.92725139337
POLR2C	17.5128522001	7	0.580815488413	0.646377236726
POLR2E	17.7123606252	5	0.652977412731	0.505426811382
POLR2G	17.0269691122	3	0.424757993546	0.294074508654
POLR2H	17.6767784563	3	0.640363743033	0.294074508654
POLR2L	17.3821418364	2	0.533294221179	0.168817835142
POLR3A	16.1797163821	2	0.192725139337	0.168817835142
POMK	17.4312903958	6	0.553828102083	0.580228806101
POMT1	17.3001856796	4	0.510120269874	0.408917571135
POMT2	17.2715643462	8	0.497506600176	0.702552068055
PON2	15.9207719736	4	0.141390437078	0.408917571135
POP4	15.9211529957	1	0.141683778234	0.0513347022587
POR	16.4028560916	18	0.240539747727	0.92725139337
POTEI	17.8274379263	4	0.683778234086	0.408917571135
POU4F1	16.4441252058	2	0.252273393957	0.168817835142
PPA1	18.399189664	12	0.820181871517	0.838222352596
PPA2	16.9728371892	8	0.403637430331	0.702552068055
PPAT	17.6100248842	5	0.618069815195	0.505426811382
PPIA	18.8882269961	10	0.894690525081	0.783660897624
PPIB	18.4582923898	12	0.830155470813	0.838222352596
PPID	17.202604833	6	0.478439425051	0.580228806101
PPIE	16.0123173475	1	0.162511000293	0.0513347022587
PPIF	15.8362701953	2	0.129656790848	0.168817835142
PPIH	17.9799854324	4	0.726019360516	0.408917571135
PPIL1	16.4231184478	4	0.245526547375	0.408917571135
PPIL3	18.1552202867	2	0.770900557348	0.168817835142
PPIL4	15.314996975	1	0.06717512467	0.0513347022587
PPIP5K2	15.4845331996	9	0.0880023467292	0.747433264887
PPM1A	18.412182027	2	0.823115283074	0.168817835142
PPM1B	17.460817811	4	0.562921677911	0.408917571135
PPM1E	16.0755629303	1	0.175711352303	0.0513347022587
PPM1G	15.3784516238	4	0.0730419477853	0.408917571135
PPM1L	16.0949310818	5	0.179524787328	0.505426811382
PPME1	17.9944288449	7	0.730712819009	0.646377236726
PPOX	17.525892011	6	0.585215605749	0.580228806101
PPP1CA	18.4919864448	7	0.838075682018	0.646377236726
PPP1CB	18.6016129795	2	0.859489586389	0.168817835142
PPP1CC	18.3919966149	3	0.819301848049	0.294074508654
PPP1R12A	15.6029972156	3	0.102082722206	0.294074508654
PPP1R21	15.3925295606	6	0.0750953358756	0.580228806101
PPP1R7	18.1962230206	14	0.781754180111	0.879143443825
PPP1R9B	16.9511938105	4	0.395130536814	0.408917571135
PPP2R1A	17.9313341862	22	0.71193898504	0.956585508947
PPP2R2A	17.5922984146	11	0.611616309768	0.812848342622
PPP2R5D	18.0283878254	3	0.740099735993	0.294074508654
PPP2R5E	16.7924095593	9	0.342915811088	0.747433264887
PPP3CA	17.2739098361	9	0.498973305955	0.747433264887
PPP3CB	15.9931611233	3	0.159577588736	0.294074508654
PPP3CC	17.8214610934	1	0.682018187152	0.0513347022587
PPP3R1	18.3456088097	6	0.809621589909	0.580228806101
PPP4C	17.3800146654	1	0.532414197712	0.0513347022587
PPP4R1	14.5454276129	1	0.0308008213552	0.0513347022587
PPP4R2	17.0589197915	2	0.4376650044	0.168817835142
PPP4R3A	15.5643963496	5	0.0965092402464	0.505426811382
PPP5C	16.6648152667	9	0.302141390437	0.747433264887
PPP6C	16.8527737006	4	0.362276327369	0.408917571135
PPP6R3	16.0662518467	4	0.17453798768	0.408917571135
PPRC1	19.2327679047	1	0.926371369903	0.0513347022587
PPT1	17.9274637724	5	0.710178938105	0.505426811382
PRCP	17.8514310914	9	0.691405104136	0.747433264887
PRDX1	19.6871681409	12	0.956585508947	0.838222352596
PRDX2	20.3380909994	11	0.982986212966	0.812848342622
PRDX3	20.2364556364	9	0.980932824875	0.747433264887
PRDX4	19.9120520945	8	0.968612496333	0.702552068055
PRDX5	20.4701609379	8	0.985039601056	0.702552068055
PRDX6	17.5924325513	10	0.611909650924	0.783660897624
PREB	17.5843981615	7	0.607509533588	0.646377236726
PREP	16.559595153	21	0.277794074509	0.951158697565
PREPL	16.0800645944	11	0.17659137577	0.812848342622
PRKACA	16.9439052671	5	0.391610442945	0.505426811382
PRKACB	17.3305925144	13	0.519213845703	0.859782927545
PRKAG1	17.0549331602	8	0.43561161631	0.702552068055
PRKAR1A	16.9602986495	2	0.399530654151	0.168817835142
PRKAR2A	16.8312208306	11	0.352889410384	0.812848342622
PRKAR2B	17.111257535	10	0.453505426811	0.783660897624
PRKCA	16.8451499845	5	0.359049574655	0.505426811382
PRKCB	18.1966217861	5	0.782047521267	0.505426811382
PRKCG	15.6657717938	2	0.107656204165	0.168817835142
PRKCSH	17.533996693	20	0.587855676151	0.944998533294
PRKDC	17.5909038086	128	0.611029627457	0.999559988266
PRKRA	16.7152668889	4	0.31856849516	0.408917571135
PRMT1	17.9674196578	9	0.723085948959	0.747433264887
PRMT5	17.7212813316	10	0.6564975066	0.783660897624
PRMT8	16.3925170807	4	0.239366383104	0.408917571135
PRPF19	19.5299555145	9	0.946905250807	0.747433264887
PRPF3	15.9759128493	2	0.155470812555	0.168817835142
PRPF38A	17.5388374539	3	0.591669111176	0.294074508654
PRPF38B	16.1878502871	6	0.195071868583	0.580228806101
PRPF39	15.7962772092	4	0.123789967732	0.408917571135
PRPF4	17.3572526403	3	0.527134056908	0.294074508654
PRPF40A	16.2804893061	9	0.214725726019	0.747433264887
PRPF40B	16.1578942863	3	0.188618363156	0.294074508654
PRPF4B	17.5795883564	7	0.606042827809	0.646377236726
PRPF6	16.8891052502	5	0.374009973599	0.505426811382
PRPF8	17.6578887377	71	0.635083602229	0.99794661191
PRPH	18.4002563076	1	0.820475212672	0.0513347022587
PRPS1	17.229117675	3	0.486066295101	0.294074508654
PRPSAP2	16.6053848032	6	0.286887650337	0.580228806101
PRRC1	17.0526313117	4	0.433558228219	0.408917571135
PRSS3	18.6165925479	1	0.861249633324	0.0513347022587
PRUNE1	13.0275907871	4	0.00469345849223	0.408917571135
PSAP	16.8463103578	7	0.359929598123	0.646377236726
PSAT1	16.9832428557	8	0.407450865356	0.702552068055
PSIP1	19.3034380446	9	0.932238193018	0.747433264887
PSMA1	16.7451095797	10	0.328835435612	0.783660897624
PSMA2	18.5000542325	7	0.839249046641	0.646377236726
PSMA3	18.5979494686	10	0.858902904077	0.783660897624
PSMA4	18.6387176187	7	0.86564975066	0.646377236726
PSMA5	19.1339883131	7	0.918744499853	0.646377236726
PSMA6	18.9919040189	8	0.908184218246	0.702552068055
PSMA7	18.7405027424	13	0.878263420358	0.859782927545
PSMB1	19.0742182295	7	0.914637723673	0.646377236726
PSMB2	18.8995241064	6	0.895863889704	0.580228806101
PSMB3	17.2328039854	8	0.487826342036	0.702552068055
PSMB4	18.0406723296	6	0.743033147551	0.580228806101
PSMB5	19.3860293649	9	0.937518333822	0.747433264887
PSMB6	19.6162378192	6	0.951892050455	0.580228806101
PSMB7	17.1269219832	4	0.459665591082	0.408917571135
PSMC1	16.736823483	14	0.325022000587	0.879143443825
PSMC2	18.3004485032	19	0.803168084482	0.936931651511
PSMC3	17.3844389227	20	0.534174244647	0.944998533294
PSMC4	17.2002312569	13	0.477266060428	0.859782927545
PSMC5	18.178044844	15	0.777060721619	0.894103842769
PSMC6	18.2159024009	12	0.787327662071	0.838222352596
PSMD1	18.0595553356	25	0.748313288354	0.968759166911
PSMD10	15.9496306435	4	0.148137283661	0.408917571135
PSMD11	17.9411678842	19	0.71604576122	0.936931651511
PSMD12	18.0545372507	17	0.746846582576	0.917131123497
PSMD13	16.7581546551	16	0.334115576415	0.905690818422
PSMD14	16.8672215744	7	0.366089762394	0.646377236726
PSMD2	16.7703115285	26	0.337048987973	0.971252566735
PSMD3	17.9376565029	23	0.714872396597	0.962158990906
PSMD4	17.4057134571	5	0.543561161631	0.505426811382
PSMD5	15.921248414	5	0.14197711939	0.505426811382
PSMD6	18.9459334907	14	0.901730712819	0.879143443825
PSMD7	17.9217891826	9	0.709298914638	0.747433264887
PSMD8	19.3375084513	8	0.933998239953	0.702552068055
PSME1	16.1978930739	6	0.198298621297	0.580228806101
PSME2	16.0539581016	8	0.172484599589	0.702552068055
PSME3	14.6316387068	3	0.0334408917571	0.294074508654
PSME4	15.4889043983	9	0.0885890290408	0.747433264887
PSMF1	17.4247324081	2	0.550014667058	0.168817835142
PSPC1	18.4317134628	10	0.82546201232	0.783660897624
PTBP1	16.9007478968	11	0.378410090936	0.812848342622
PTBP2	17.2853810361	13	0.505426811382	0.859782927545
PTBP3	17.5851538803	5	0.607802874743	0.505426811382
PTCD1	16.0811423432	1	0.176884716926	0.0513347022587
PTCD3	17.1825166526	13	0.473452625403	0.859782927545
PTDSS2	14.9013564814	2	0.0431211498973	0.168817835142
PTGES2	17.3085173974	10	0.513053681432	0.783660897624
PTGES3	19.1094241555	5	0.917277794075	0.505426811382
PTGR1	15.6623005721	3	0.107069521854	0.294074508654
PTMA	16.5780982651	7	0.280727486066	0.646377236726
PTMS	14.63549688	3	0.0343209152244	0.294074508654
PTPA	17.5854880892	11	0.608096215899	0.812848342622
PTPN1	17.8366671613	9	0.685831622177	0.747433264887
PTPN11	17.2672771928	8	0.496333235553	0.702552068055
PTPN12	16.041027539	1	0.171017893811	0.0513347022587
PTPN23	17.6152061919	3	0.61982986213	0.294074508654
PTPRF	15.5002685295	1	0.0900557348196	0.0513347022587
PTPRG	16.4793133454	3	0.259900264007	0.294074508654
PTPRJ	16.515162374	1	0.267233792901	0.0513347022587
PTPRO	15.9339536591	2	0.144910530947	0.168817835142
PTPRS	16.4309544632	6	0.248753300088	0.580228806101
PTRH2	14.3445678852	2	0.02493399824	0.168817835142
PTRHD1	18.124167877	4	0.765327075389	0.408917571135
PUDP	16.4734682414	3	0.258433558228	0.294074508654
PUF60	17.4286027275	10	0.552361396304	0.783660897624
PUM1	15.8745477647	7	0.134936931652	0.646377236726
PUM2	17.2347138076	5	0.488706365503	0.505426811382
PUM3	16.1956614649	10	0.197711938985	0.783660897624
PURA	16.3605012298	5	0.231739513054	0.505426811382
PURB	17.0248246568	2	0.424171311235	0.168817835142
PURG	17.9380126293	3	0.715165737753	0.294074508654
PUS1	16.7152547051	4	0.318275154004	0.408917571135
PWP1	16.9605117315	3	0.399823995307	0.294074508654
PWP2	16.5986627481	5	0.285420944559	0.505426811382
PXDN	15.6194659573	3	0.103842769141	0.294074508654
PXN	16.1693066595	1	0.190378410091	0.0513347022587
PXYLP1	17.4752667378	3	0.567321795248	0.294074508654
PYCR1	17.9870408483	5	0.727779407451	0.505426811382
PYCR2	16.8695188336	4	0.367556468172	0.408917571135
PYGB	18.1655478159	30	0.773247286594	0.983132883544
PYGL	16.8057270529	2	0.34555588149	0.168817835142
PYGM	18.126632412	1	0.7659137577	0.0513347022587
PYM1	14.9427382994	2	0.0457612202992	0.168817835142
PZP	20.1703218681	1	0.977999413318	0.0513347022587
QARS	17.0790434996	12	0.442945145204	0.838222352596
QDPR	18.2086153166	5	0.785567615136	0.505426811382
QPRT	18.2299213263	4	0.790554414784	0.408917571135
QRSL1	16.4614051255	4	0.256966852449	0.408917571135
QSOX2	17.0218127958	11	0.422704605456	0.812848342622
RAB10	18.5299546059	8	0.844822528601	0.702552068055
RAB11B	19.4156100629	14	0.941038427691	0.879143443825
RAB12	17.1169664914	2	0.456145497213	0.168817835142
RAB14	17.4332731714	11	0.554121443238	0.812848342622
RAB18	18.5313118762	7	0.845409210912	0.646377236726
RAB1A	17.2180805708	13	0.483719565855	0.859782927545
RAB1B	17.3285746558	3	0.517747139924	0.294074508654
RAB21	17.5358944336	6	0.589909064242	0.580228806101
RAB25	18.2997712924	2	0.802288061015	0.168817835142
RAB2A	19.2173187077	7	0.92519800528	0.646377236726
RAB2B	18.4007806965	9	0.82135523614	0.747433264887
RAB31	14.3728693138	1	0.026107362863	0.0513347022587
RAB35	17.064855427	4	0.439131710179	0.408917571135
RAB3A	18.0824598967	3	0.75623349956	0.294074508654
RAB3B	17.0540333387	2	0.434144910531	0.168817835142
RAB3C	16.8312818225	2	0.35318275154	0.168817835142
RAB3D	16.6934433032	1	0.312114989733	0.0513347022587
RAB3GAP1	15.9970354149	5	0.160457612203	0.505426811382
RAB3GAP2	16.8393946059	11	0.356996186565	0.812848342622
RAB4B	16.7038792225	2	0.315928424758	0.168817835142
RAB5A	17.8389770764	5	0.6870049868	0.505426811382
RAB5B	17.4135272173	7	0.546201232033	0.646377236726
RAB5C	17.9635590449	5	0.722205925491	0.505426811382
RAB6A	19.5370736473	8	0.94807861543	0.702552068055
RAB6B	18.7528451819	4	0.880023467292	0.408917571135
RAB7A	18.7733596456	11	0.88295687885	0.812848342622
RAB8A	16.6103940759	5	0.288354356116	0.505426811382
RAB8B	17.3302328661	2	0.518920504547	0.168817835142
RAB9A	17.9759573899	2	0.724259313582	0.168817835142
RABEP1	15.9838318782	5	0.158110882957	0.505426811382
RABGAP1	17.3055000136	12	0.511880316808	0.838222352596
RABGEF1	16.2427600787	4	0.206512173658	0.408917571135
RABGGTA	16.3892119773	2	0.238486359636	0.168817835142
RABL3	16.684952749	3	0.308008213552	0.294074508654
RAC1	17.1076704029	3	0.452038721033	0.294074508654
RAC3	20.1803254906	1	0.978586095629	0.0513347022587
RACK1	18.330450949	14	0.806981519507	0.879143443825
RAD21	15.6700739518	4	0.108536227633	0.408917571135
RAD23A	17.7731370143	4	0.66969785861	0.408917571135
RAD23B	18.2610173089	2	0.794661190965	0.168817835142
RAD50	16.2329653951	11	0.204458785568	0.812848342622
RAE1	17.2506791908	5	0.493986506307	0.505426811382
RALA	16.7255882103	4	0.321795247873	0.408917571135
RALB	17.0453514016	5	0.431798181285	0.505426811382
RALGAPA1	15.9619635362	7	0.152244059842	0.646377236726
RALGAPB	16.0147058429	6	0.163097682605	0.580228806101
RALY	19.602885949	8	0.951598709299	0.702552068055
RALYL	16.8462050344	3	0.359636256967	0.294074508654
RAN	20.181048977	7	0.978879436785	0.646377236726
RANBP1	19.9101742333	3	0.968025814022	0.294074508654
RANBP2	16.9890871633	7	0.411557641537	0.646377236726
RANBP3	16.7569582538	4	0.333235552948	0.408917571135
RANBP6	15.9028450057	11	0.139043707832	0.812848342622
RANBP9	15.1254732655	5	0.0551481372837	0.505426811382
RANGAP1	16.3735355485	4	0.235846289234	0.408917571135
RAP1GDS1	18.1303529352	14	0.766793781167	0.879143443825
RAP2B	16.550966595	3	0.275740686418	0.294074508654
RARS	17.4413582655	22	0.558814901731	0.956585508947
RARS2	15.9275638285	5	0.14403050748	0.505426811382
RASA1	15.875904084	3	0.135230272807	0.294074508654
RASA3	16.3135613296	2	0.221472572602	0.168817835142
RASAL2	15.5544544046	4	0.0944558521561	0.408917571135
RB1CC1	14.1662663009	1	0.0196538574362	0.0513347022587
RBBP4	17.4614618364	10	0.563215019067	0.783660897624
RBBP5	16.4516257119	2	0.254620123203	0.168817835142
RBBP7	14.4551903336	2	0.0290407744207	0.168817835142
RBKS	16.7511378733	1	0.331475506013	0.0513347022587
RBM12	17.3877140803	10	0.535640950425	0.783660897624
RBM12B	17.2243516506	9	0.484892930478	0.747433264887
RBM19	14.2387871333	2	0.0217072455265	0.168817835142
RBM25	15.842611415	7	0.130536814315	0.646377236726
RBM39	17.2787247044	13	0.501320035201	0.859782927545
RBM5	15.9134720121	3	0.140510413611	0.294074508654
RBM6	15.477505441	3	0.0868289821062	0.294074508654
RBM8A	18.0759360425	6	0.755060134937	0.580228806101
RBMX	19.3847344198	5	0.936931651511	0.505426811382
RBP1	18.8634871088	4	0.891757113523	0.408917571135
RBPJ	17.0777845981	5	0.442358462892	0.505426811382
RCC1	17.4396768266	6	0.557641537108	0.580228806101
RCC2	18.6552063497	6	0.866823115283	0.580228806101
RCL1	17.601169399	3	0.614843062482	0.294074508654
RCN1	18.6361255204	10	0.864476386037	0.783660897624
RCN2	17.1019296794	12	0.449691991786	0.838222352596
RCOR3	16.3325952384	3	0.226752713406	0.294074508654
RDH11	18.1857181261	8	0.779994133177	0.702552068055
RDH13	16.9055041089	1	0.379876796715	0.0513347022587
RDX	17.5049618809	21	0.576122029921	0.951158697565
RECQL	16.7617677475	7	0.334995599883	0.646377236726
RECQL5	14.8330186518	1	0.0401877383397	0.0513347022587
REEP1	14.2508269213	1	0.0222939278381	0.0513347022587
REEP5	15.8038786452	1	0.125550014667	0.0513347022587
REEP6	13.9942094014	1	0.0158404224113	0.0513347022587
REPS1	16.8729109792	3	0.368729832796	0.294074508654
RER1	18.468858561	4	0.831915517747	0.408917571135
RETREG3	16.7099261392	3	0.317101789381	0.294074508654
REXO2	15.5297443755	2	0.0921091229099	0.168817835142
RFC1	15.9805241983	1	0.157817541801	0.0513347022587
RFC2	15.8973662422	3	0.138457025521	0.294074508654
RFC3	15.3753183618	2	0.0724552654737	0.168817835142
RFC4	16.8989773846	5	0.377823408624	0.505426811382
RFK	13.2122028534	1	0.00557348195952	0.0513347022587
RGS10	17.2392564649	5	0.490173071282	0.505426811382
RHEB	17.7930232206	4	0.674684658258	0.408917571135
RHOA	17.0352074569	7	0.42798474626	0.646377236726
RHOB	16.2434922855	3	0.207098855969	0.294074508654
RHOC	16.2255136766	1	0.202698738633	0.0513347022587
RHOG	16.2096438001	1	0.200058668231	0.0513347022587
RHOT1	17.3928049192	7	0.537694338516	0.646377236726
RHOT2	16.246401308	2	0.207978879437	0.168817835142
RMDN1	17.6190990801	8	0.620709885597	0.702552068055
RMND1	17.6281693459	8	0.623056614843	0.702552068055
RNF13	18.4407037808	2	0.828102082722	0.168817835142
RNF150	19.5876272644	1	0.950718685832	0.0513347022587
RNF167	13.5916235352	1	0.00997359929598	0.0513347022587
RNF2	16.9426870827	4	0.391317101789	0.408917571135
RNF214	16.0300326597	1	0.167497799941	0.0513347022587
RNH1	16.4791243832	2	0.259606922851	0.168817835142
RNMT	17.4334911528	7	0.554414784394	0.646377236726
RNPS1	18.743716072	2	0.879730126137	0.168817835142
ROBO1	15.1999342401	2	0.0589615723086	0.168817835142
ROBO2	16.6191156402	1	0.29158110883	0.0513347022587
ROCK2	15.8559173998	4	0.132883543561	0.408917571135
RP2	13.7143099111	2	0.0114403050748	0.168817835142
RPA1	17.2205150851	10	0.484306248167	0.783660897624
RPAP3	16.1713094312	5	0.190965092402	0.505426811382
RPF2	16.4473397996	4	0.253153417424	0.408917571135
RPIA	17.0474664224	2	0.432091522441	0.168817835142
RPL10	19.1262027648	6	0.917864476386	0.580228806101
RPL10A	20.4585354809	9	0.984452918744	0.747433264887
RPL11	20.5641649513	5	0.986506306835	0.505426811382
RPL12	19.534106588	8	0.947198591962	0.702552068055
RPL13	16.7435717675	7	0.3282487533	0.646377236726
RPL13A	19.7330145599	8	0.959518920505	0.702552068055
RPL14	19.226771074	4	0.925784687592	0.408917571135
RPL15	17.3195116594	11	0.515400410678	0.812848342622
RPL17	18.3048564763	6	0.803754766794	0.580228806101
RPL18	20.3126814816	4	0.981812848343	0.408917571135
RPL18A	19.5229761103	5	0.946318568495	0.505426811382
RPL19	18.8985003236	5	0.895570548548	0.505426811382
RPL21	20.5365478821	5	0.985919624523	0.505426811382
RPL22	23.1292937573	3	0.998239953065	0.294074508654
RPL23	18.9426419077	6	0.900850689352	0.580228806101
RPL23A	20.2118408527	8	0.979759460252	0.702552068055
RPL24	16.983724856	7	0.407744206512	0.646377236726
RPL26	17.4306764106	2	0.553241419771	0.168817835142
RPL26L1	18.3401852596	7	0.808741566442	0.646377236726
RPL27	19.8282734523	6	0.963039014374	0.580228806101
RPL27A	20.3804137172	4	0.983572895277	0.408917571135
RPL28	20.0123298795	8	0.973599295981	0.702552068055
RPL3	18.471441233	18	0.832502200059	0.92725139337
RPL30	17.186259132	4	0.474919331182	0.408917571135
RPL31	18.1290807109	7	0.766500440012	0.646377236726
RPL32	18.9047934184	6	0.896743913171	0.580228806101
RPL34	18.5357601626	4	0.84628923438	0.408917571135
RPL35	20.4899175396	3	0.985332942212	0.294074508654
RPL35A	16.8202328146	10	0.350249339982	0.783660897624
RPL36	18.7004204348	3	0.871516573775	0.294074508654
RPL36A	19.6798909956	2	0.95570548548	0.168817835142
RPL36AL	18.2606675206	1	0.794367849809	0.0513347022587
RPL37A	14.2938018983	3	0.0231739513054	0.294074508654
RPL38	22.5348155125	3	0.997066588442	0.294074508654
RPL3L	17.9032937966	1	0.707245526547	0.0513347022587
RPL4	18.7281769535	17	0.876503373423	0.917131123497
RPL5	18.170586621	11	0.774713992373	0.812848342622
RPL6	19.8172309435	14	0.962158990906	0.879143443825
RPL7	19.3481628578	14	0.93487826342	0.879143443825
RPL7A	17.9926806551	9	0.729539454385	0.747433264887
RPL7L1	18.1614322391	3	0.772073921971	0.294074508654
RPL8	21.4212760948	6	0.993839835729	0.580228806101
RPL9	19.1938659592	9	0.924024640657	0.747433264887
RPLP0	20.6128450814	10	0.986799647991	0.783660897624
RPLP1	20.2166877668	1	0.980346142564	0.0513347022587
RPLP2	21.1258350806	5	0.991786447639	0.505426811382
RPN1	18.7000743065	33	0.87122323262	0.988119683192
RPN2	18.3748093227	18	0.816368436492	0.92725139337
RPP30	17.0485003373	4	0.432384863596	0.408917571135
RPP40	15.5510559697	4	0.0938691698445	0.408917571135
RPRD1A	17.1848013396	6	0.474332648871	0.580228806101
RPRD1B	18.0182696431	6	0.737753006747	0.580228806101
RPRD2	14.2974936551	1	0.0234672924611	0.0513347022587
RPS10	20.3142167743	4	0.982106189498	0.408917571135
RPS11	18.3062504321	9	0.80404810795	0.747433264887
RPS12	18.9891067661	5	0.907304194779	0.505426811382
RPS13	20.7589452164	9	0.987973012614	0.747433264887
RPS14	19.1564560854	8	0.921384570255	0.702552068055
RPS15	18.4718693585	4	0.83308888237	0.408917571135
RPS15A	19.9065999657	6	0.967732472866	0.580228806101
RPS16	19.3982154764	12	0.939571721913	0.838222352596
RPS17	18.1891805225	5	0.780874156644	0.505426811382
RPS18	20.4328201423	12	0.984159577589	0.838222352596
RPS19	19.6186509735	9	0.95218539161	0.747433264887
RPS2	19.6643568937	11	0.954532120857	0.812848342622
RPS20	22.7959843347	4	0.997359929598	0.408917571135
RPS21	18.4743509463	5	0.834262246993	0.505426811382
RPS23	19.8845408437	4	0.966852449399	0.408917571135
RPS24	19.35643652	6	0.935171604576	0.580228806101
RPS25	19.8770057602	5	0.966265767087	0.505426811382
RPS26	16.9704028217	3	0.401877383397	0.294074508654
RPS27	21.9759261516	2	0.995599882664	0.168817835142
RPS27A	24.8838496365	6	0.999413317688	0.580228806101
RPS27L	19.565115151	3	0.949838662364	0.294074508654
RPS28	17.369019142	3	0.530067468466	0.294074508654
RPS3	19.0496216809	15	0.911704312115	0.894103842769
RPS3A	18.5034488325	16	0.839542387797	0.905690818422
RPS4X	18.6122331152	10	0.860662951012	0.783660897624
RPS4Y1	20.0783923168	10	0.974772660604	0.783660897624
RPS5	17.4504229755	7	0.561454972133	0.646377236726
RPS6	18.0459832391	8	0.743913171018	0.702552068055
RPS7	18.2065754975	12	0.784980932825	0.838222352596
RPS8	20.094566184	8	0.975359342916	0.702552068055
RPS9	19.4020771576	12	0.94045174538	0.838222352596
RPSA	19.6668376263	7	0.954825462012	0.646377236726
RPTOR	15.8015176752	4	0.1246699912	0.408917571135
RRAGA	17.6369922812	3	0.626283367556	0.294074508654
RRAGC	15.9764704089	6	0.156350836022	0.580228806101
RRAS2	16.8681609391	5	0.366676444705	0.505426811382
RRM1	16.933889415	6	0.388383690232	0.580228806101
RRP12	15.9727418843	7	0.154297447932	0.646377236726
RRP9	14.8818832093	4	0.04224112643	0.408917571135
RSF1	15.9947220519	4	0.159870929891	0.408917571135
RSL1D1	18.5101178683	6	0.84071575242	0.580228806101
RSPRY1	13.866334333	1	0.0134936931652	0.0513347022587
RTCA	15.8837440466	5	0.13640363743	0.505426811382
RTCB	17.7204325384	20	0.655910824289	0.944998533294
RTFDC1	16.5446796778	1	0.273980639484	0.0513347022587
RTN1	17.6650461991	10	0.636843649164	0.783660897624
RTN3	16.505098066	3	0.264887063655	0.294074508654
RTN4	16.9343775556	10	0.388677031388	0.783660897624
RTN4IP1	16.1234721665	4	0.182751540041	0.408917571135
RTRAF	17.6467310746	10	0.630683484893	0.783660897624
RUFY3	17.6026166415	14	0.615429744793	0.879143443825
RUNDC3A	17.628832498	6	0.623643297155	0.580228806101
RUVBL1	17.7824643822	14	0.671457905544	0.879143443825
RUVBL2	18.3653076726	16	0.814021707246	0.905690818422
S100A13	16.1260750328	4	0.18421824582	0.408917571135
SAAL1	15.3298178886	1	0.068348489293	0.0513347022587
SACM1L	16.2838403982	19	0.21677911411	0.936931651511
SACS	16.1719448647	22	0.191258433558	0.956585508947
SAE1	17.8603796859	12	0.693458492226	0.838222352596
SAFB	12.1000976492	4	0.00264007040188	0.408917571135
SAFB2	16.2318155208	1	0.203872103256	0.0513347022587
SAMD4B	13.6102413747	2	0.0102669404517	0.168817835142
SAMHD1	16.4123632818	8	0.242886476973	0.702552068055
SAMM50	19.7684416952	16	0.960692285128	0.905690818422
SAP18	17.7081654416	10	0.651217365796	0.783660897624
SAP30BP	17.2029375954	1	0.478732766207	0.0513347022587
SAR1A	18.5085706422	3	0.840129070109	0.294074508654
SAR1B	17.242667242	5	0.491639777061	0.505426811382
SARM1	16.6403909144	7	0.296567908478	0.646377236726
SARS	18.3659836331	15	0.814608389557	0.894103842769
SARS2	17.2257570508	12	0.485186271634	0.838222352596
SART3	17.4291770701	10	0.55265473746	0.783660897624
SBDS	16.9715378935	8	0.402170724553	0.702552068055
SBF1	16.3721938045	1	0.235552948079	0.0513347022587
SCAF4	17.981684662	4	0.726899383984	0.408917571135
SCAI	14.3543592884	4	0.0252273393957	0.408917571135
SCAP	17.3448521737	5	0.522733939572	0.505426811382
SCAPER	15.7295101313	1	0.116749779994	0.0513347022587
SCARB1	17.6722083384	1	0.638603696099	0.0513347022587
SCARB2	18.0646524509	16	0.7506600176	0.905690818422
SCCPDH	18.7532774824	10	0.880316808448	0.783660897624
SCD	17.4985388716	3	0.573481959519	0.294074508654
SCD5	17.7725900205	3	0.669111176298	0.294074508654
SCFD1	15.9929655561	7	0.15928424758	0.646377236726
SCFD2	16.8693407354	2	0.367263127017	0.168817835142
SCG2	17.483075482	10	0.569375183338	0.783660897624
SCG3	16.8376638053	11	0.355529480786	0.812848342622
SCIN	17.1613424216	1	0.468465825755	0.0513347022587
SCN3B	18.2748363174	2	0.797887943678	0.168817835142
SCO1	16.173979008	4	0.191551774714	0.408917571135
SCP2	18.9282311502	8	0.899677324729	0.702552068055
SCPEP1	16.4972903673	2	0.263713699032	0.168817835142
SCRN1	17.74022273	12	0.662657670871	0.838222352596
SCRN3	15.4602759002	3	0.0850689351716	0.294074508654
SCYL2	16.3117593512	4	0.221179231446	0.408917571135
SDCBP	16.8632416079	2	0.364623056615	0.168817835142
SDF2	14.3786103539	4	0.0269873863303	0.408917571135
SDF4	14.9951149595	7	0.0475212672338	0.646377236726
SDHA	17.6429235363	14	0.628630096803	0.879143443825
SDHAF2	14.6754320246	2	0.0352009386917	0.168817835142
SDHB	17.6892575733	9	0.643297154591	0.747433264887
SDR39U1	16.0299327078	4	0.167204458786	0.408917571135
SEC11A	16.8772843611	9	0.369609856263	0.747433264887
SEC11C	18.0460755152	7	0.744206512174	0.646377236726
SEC13	17.9505137154	3	0.718685831622	0.294074508654
SEC22B	16.6207847947	6	0.292167791141	0.580228806101
SEC23A	17.6526861571	6	0.632736872983	0.580228806101
SEC23B	16.4159214531	6	0.244939865063	0.580228806101
SEC23IP	17.8385562029	4	0.686711645644	0.408917571135
SEC24A	16.6858770248	6	0.308594895864	0.580228806101
SEC24B	15.4535973902	10	0.083308888237	0.783660897624
SEC24C	17.3298708558	8	0.518627163391	0.702552068055
SEC31A	16.3620250017	15	0.232619536521	0.894103842769
SEC61A1	16.9521986324	3	0.39542387797	0.294074508654
SEC61A2	16.1239369887	7	0.183338222353	0.646377236726
SEC61B	18.0903580288	1	0.758873569962	0.0513347022587
SEC61G	18.8653375028	2	0.892343795835	0.168817835142
SEC62	17.815774067	6	0.680258140217	0.580228806101
SEC63	17.4733427086	18	0.566735112936	0.92725139337
SEH1L	16.1605840194	5	0.188911704312	0.505426811382
SEL1L	17.2735697869	9	0.498679964799	0.747433264887
SELENOF	18.474910558	3	0.834555588149	0.294074508654
SELENOH	19.0330468698	3	0.910824288648	0.294074508654
SELENOI	16.4304948798	2	0.248166617776	0.168817835142
SELENOT	16.9570631514	3	0.398357289528	0.294074508654
SENP8	16.5111233307	1	0.26664711059	0.0513347022587
SEPHS1	17.0301507622	3	0.426224699325	0.294074508654
SERBP1	14.2885532721	5	0.0228806101496	0.505426811382
SERINC1	16.6926058188	2	0.311821648577	0.168817835142
SERPINA7	16.4445117649	2	0.252566735113	0.168817835142
SERPINB6	14.4566946874	4	0.0293341155764	0.408917571135
SERPINB9	17.515580044	12	0.581988853036	0.838222352596
SERPINC1	18.3539494959	7	0.811674977999	0.646377236726
SERPINE2	16.0313807834	2	0.168084482253	0.168817835142
SERPINH1	18.0182492582	13	0.737459665591	0.859782927545
SERPINI1	17.215084434	13	0.482839542388	0.859782927545
SESTD1	17.5057101921	4	0.576708712232	0.408917571135
SET	18.0653694561	8	0.751246699912	0.702552068055
SETD3	16.2792394692	5	0.214139043708	0.505426811382
SETMAR	16.3326020692	5	0.227046054561	0.505426811382
SEZ6L	17.9198358817	6	0.708712232326	0.580228806101
SEZ6L2	17.5007705341	9	0.57406864183	0.747433264887
SF1	15.9976698842	3	0.160750953359	0.294074508654
SF3A1	18.1821975356	11	0.778234086242	0.812848342622
SF3A2	17.241884188	4	0.491346435905	0.408917571135
SF3A3	16.0538965572	8	0.172191258434	0.702552068055
SF3B1	17.5526444751	28	0.596655910824	0.976972719273
SF3B2	16.7176203679	3	0.319448518627	0.294074508654
SF3B3	18.0119162272	31	0.736286300968	0.985039601056
SF3B4	15.3583559623	3	0.0709885596949	0.294074508654
SF3B5	16.425895255	1	0.246699911998	0.0513347022587
SF3B6	17.5467767328	2	0.594309181578	0.168817835142
SFPQ	17.6469966921	14	0.630976826049	0.879143443825
SFXN1	18.8037868709	11	0.886770313875	0.812848342622
SFXN3	17.5332563067	10	0.587562334996	0.783660897624
SGF29	13.7183124432	1	0.0117336462306	0.0513347022587
SGPL1	17.0574855565	8	0.437078322089	0.702552068055
SGSH	17.4804055799	6	0.568788501027	0.580228806101
SGTA	18.4869523614	4	0.836022293928	0.408917571135
SGTB	17.0111559555	2	0.418891170431	0.168817835142
SH3BGRL	15.6778635603	6	0.109122909944	0.580228806101
SH3BGRL3	16.7724544524	4	0.33792901144	0.408917571135
SH3GLB1	17.3989912165	3	0.541507773541	0.294074508654
SH3GLB2	16.8392374756	3	0.356702845409	0.294074508654
SH3PXD2B	17.4248782445	3	0.550308008214	0.294074508654
SHMT2	17.7767223355	19	0.669991199765	0.936931651511
SHOC2	17.295903111	6	0.509533587562	0.580228806101
SHPRH	17.780562169	2	0.671164564388	0.168817835142
SHTN1	17.7009398759	2	0.647697271927	0.168817835142
SIAE	17.8506751128	6	0.690525080669	0.580228806101
SIDT2	17.5213204026	2	0.583748899971	0.168817835142
SIN3A	15.845514327	6	0.131416837782	0.580228806101
SIRT3	16.122743361	2	0.18216485773	0.168817835142
SIRT5	15.3753541502	1	0.0727486066295	0.0513347022587
SIRT6	15.9951977918	2	0.160164271047	0.168817835142
SKIV2L2	16.592087127	13	0.28395423878	0.859782927545
SKP1	16.8400848366	8	0.357582868877	0.702552068055
SLC12A2	16.7429100897	3	0.327662070989	0.294074508654
SLC12A5	16.667402205	3	0.302434731593	0.294074508654
SLC12A6	15.4303039949	2	0.0806688178351	0.168817835142
SLC12A7	15.3461790229	4	0.0698151950719	0.408917571135
SLC12A9	15.5162321685	2	0.0909357582869	0.168817835142
SLC17A5	17.8366099393	2	0.685538281021	0.168817835142
SLC17A6	18.0734152746	5	0.752420064535	0.505426811382
SLC25A1	17.6704428481	12	0.637723672631	0.838222352596
SLC25A10	17.6976776545	6	0.645937224993	0.580228806101
SLC25A11	19.3759204985	15	0.935758286888	0.894103842769
SLC25A12	18.4878544692	20	0.836315635084	0.944998533294
SLC25A13	17.42598455	19	0.550894690525	0.936931651511
SLC25A14	17.9742649546	4	0.723965972426	0.408917571135
SLC25A15	17.5725196325	5	0.603402757407	0.505426811382
SLC25A19	16.9380603475	2	0.389850396011	0.168817835142
SLC25A20	18.0679189204	8	0.751833382224	0.702552068055
SLC25A22	16.9480255007	9	0.39337048988	0.747433264887
SLC25A23	17.2454106276	2	0.492519800528	0.168817835142
SLC25A24	17.8513110237	21	0.69111176298	0.951158697565
SLC25A29	16.6683162351	4	0.302728072749	0.408917571135
SLC25A3	18.5422960301	12	0.847462599003	0.838222352596
SLC25A32	17.4674967206	3	0.566148430625	0.294074508654
SLC25A4	20.7205422381	7	0.987092989146	0.646377236726
SLC25A44	17.7694961437	4	0.668524493987	0.408917571135
SLC25A46	16.190127895	3	0.196245233206	0.294074508654
SLC25A5	20.1895651456	16	0.979172777941	0.905690818422
SLC25A6	19.6886113182	4	0.956878850103	0.408917571135
SLC27A4	17.7347137339	8	0.660897623937	0.702552068055
SLC2A1	17.5481710471	4	0.595189205045	0.408917571135
SLC2A13	17.4411261087	2	0.558521560575	0.168817835142
SLC2A3	17.871923439	2	0.696978586096	0.168817835142
SLC30A9	17.8072196372	6	0.678791434438	0.580228806101
SLC35A4	17.1377768889	2	0.461718979173	0.168817835142
SLC35B2	18.9799244305	1	0.906130830155	0.0513347022587
SLC36A1	17.8264476112	2	0.68348489293	0.168817835142
SLC37A4	17.2559065891	2	0.494573188618	0.168817835142
SLC38A10	12.4654044115	3	0.00322675271341	0.294074508654
SLC39A6	15.297434645	3	0.0654150777354	0.294074508654
SLC39A7	16.3154601831	1	0.222352596069	0.0513347022587
SLC39A9	13.238989537	1	0.00616016427105	0.0513347022587
SLC3A2	18.3540347544	12	0.811968319155	0.838222352596
SLC4A7	15.988933496	3	0.158404224113	0.294074508654
SLC4A8	18.0923617016	1	0.759460252273	0.0513347022587
SLC5A6	17.6663800009	1	0.63713699032	0.0513347022587
SLC7A5	15.9591154583	1	0.151364036374	0.0513347022587
SLC8A1	16.9578949592	3	0.398650630683	0.294074508654
SLC8A2	15.9727303189	5	0.154004106776	0.505426811382
SLC9A3R1	17.2925535689	2	0.508066881784	0.168817835142
SLIRP	19.2449055494	7	0.926958052215	0.646377236726
SLIT1	16.5907162995	7	0.283660897624	0.646377236726
SLIT2	16.5378040113	10	0.273393957172	0.783660897624
SLK	14.3258526245	6	0.0246406570842	0.580228806101
SLTM	16.234881568	2	0.205338809035	0.168817835142
SMAP1	17.5896176708	2	0.609856262834	0.168817835142
SMAP2	17.6530636387	2	0.633030214139	0.168817835142
SMARCA2	17.1925064043	1	0.475799354649	0.0513347022587
SMARCA4	17.7283346767	17	0.658550894691	0.917131123497
SMARCA5	17.529764148	21	0.586095629217	0.951158697565
SMARCAD1	16.265416202	5	0.21120563215	0.505426811382
SMARCC1	14.9360082203	13	0.0451745379877	0.859782927545
SMARCC2	16.5275933383	16	0.270167204459	0.905690818422
SMARCD1	16.86957375	5	0.367849809328	0.505426811382
SMARCD3	16.9967679717	6	0.414491053095	0.580228806101
SMARCE1	16.9790156773	4	0.405690818422	0.408917571135
SMC1A	17.0793084118	27	0.443531827515	0.973452625403
SMC3	16.3776942891	28	0.236726312702	0.976972719273
SMC4	15.0009782397	2	0.0481079495453	0.168817835142
SMCHD1	16.4635848093	16	0.257260193605	0.905690818422
SMG1	14.9120691128	7	0.0440011733646	0.646377236726
SMG8	15.7723882787	3	0.120856556175	0.294074508654
SMIM12	13.315292105	2	0.0073335288941	0.168817835142
SMPD1	16.6037440488	3	0.286594309182	0.294074508654
SMS	16.5675318483	3	0.279554121443	0.294074508654
SMU1	17.4474177793	9	0.560868289821	0.747433264887
SNAP25	16.093972628	5	0.178938105016	0.505426811382
SNAP91	16.6604378933	7	0.30126136697	0.646377236726
SNAPIN	17.5154837628	2	0.58169551188	0.168817835142
SNCG	16.9526255362	6	0.395717219126	0.580228806101
SND1	17.5221792295	23	0.584335582282	0.962158990906
SNF8	16.6134088094	3	0.289527720739	0.294074508654
SNRNP200	17.5221291277	57	0.584042241126	0.997359929598
SNRNP40	17.395658016	7	0.539747726606	0.646377236726
SNRNP70	17.507722805	13	0.5775887357	0.859782927545
SNRPA	19.3879019965	7	0.938105016134	0.646377236726
SNRPA1	18.7759233035	7	0.883250220006	0.646377236726
SNRPB2	17.2716083286	6	0.497799941332	0.580228806101
SNRPC	19.1848365563	1	0.923731299501	0.0513347022587
SNRPD1	19.9532391932	5	0.971252566735	0.505426811382
SNRPD2	18.388963841	9	0.818715165738	0.747433264887
SNRPD3	18.4255228507	4	0.825168671165	0.408917571135
SNRPE	22.4526387629	1	0.996773247287	0.0513347022587
SNRPF	17.570015379	5	0.60252273394	0.505426811382
SNU13	20.99555665	5	0.991199765327	0.505426811382
SNW1	18.6642578878	2	0.867409797595	0.168817835142
SNX12	17.9644286543	7	0.722792607803	0.646377236726
SNX18	16.4482779131	1	0.25344675858	0.0513347022587
SNX2	16.4050115717	2	0.241126430038	0.168817835142
SNX3	15.9249881283	3	0.143150484013	0.294074508654
SNX4	16.845102005	6	0.3587562335	0.580228806101
SNX6	15.240215583	4	0.0616016427105	0.408917571135
SOD1	18.2854470563	6	0.80052801408	0.580228806101
SOD2	19.4117737193	12	0.940745086536	0.838222352596
SORBS1	15.5644621111	2	0.0968025814022	0.168817835142
SORCS2	17.0689501838	5	0.440305074802	0.505426811382
SORD	16.7135178179	5	0.317981812848	0.505426811382
SORT1	17.3315201481	3	0.519800528014	0.294074508654
SPAG7	17.3931417823	2	0.537987679671	0.168817835142
SPAST	16.1168897057	1	0.181578175418	0.0513347022587
SPCS1	18.8579148808	2	0.891463772367	0.168817835142
SPCS2	17.5102321672	7	0.579055441478	0.646377236726
SPCS3	22.0193257045	4	0.995893223819	0.408917571135
SPECC1L	16.6363659847	5	0.295394543855	0.505426811382
SPG11	18.4320609909	1	0.825755353476	0.0513347022587
SPG7	17.0911559394	6	0.445585215606	0.580228806101
SPOCK1	15.2614688587	3	0.0633616896451	0.294074508654
SPTA1	18.5619709269	1	0.852156057495	0.0513347022587
SPTAN1	17.7971346935	128	0.676444705192	0.999559988266
SPTBN1	18.0068070797	88	0.734232912878	0.999119976533
SPTBN2	17.1215044623	47	0.457905544148	0.996333235553
SPTLC1	16.2790376485	3	0.213845702552	0.294074508654
SPTLC2	16.9593197366	10	0.399237312995	0.783660897624
SQLE	18.4360542127	8	0.826635376943	0.702552068055
SRBD1	16.882950113	4	0.372249926665	0.408917571135
SRC	18.9046891035	4	0.896450572015	0.408917571135
SREK1	14.2128955235	2	0.0208272220593	0.168817835142
SRGAP1	16.7882014821	6	0.341449105309	0.580228806101
SRGAP2	16.7451476461	5	0.329128776767	0.505426811382
SRGAP3	17.3934523808	11	0.538281020827	0.812848342622
SRI	19.0235370251	6	0.910237606336	0.580228806101
SRM	18.0310184724	6	0.741859782928	0.580228806101
SRP14	17.6410725055	7	0.62745673218	0.646377236726
SRP19	18.9972021049	1	0.908477559402	0.0513347022587
SRP54	16.849739068	7	0.361396303901	0.646377236726
SRP68	15.5456133249	4	0.093282487533	0.408917571135
SRP72	16.2810331955	9	0.215019067175	0.747433264887
SRP9	18.0098498361	5	0.735699618656	0.505426811382
SRPK1	15.9568755078	6	0.149897330595	0.580228806101
SRPK2	17.4887518097	9	0.571721912584	0.747433264887
SRPRA	16.947194716	7	0.392490466412	0.646377236726
SRPRB	18.8773979753	7	0.893223819302	0.646377236726
SRRT	16.9391525783	12	0.390730419478	0.838222352596
SRSF1	18.8415898763	11	0.889997066588	0.812848342622
SRSF10	18.0735006119	6	0.752713405691	0.580228806101
SRSF11	16.292423892	2	0.217659137577	0.168817835142
SRSF12	17.7727429215	3	0.669404517454	0.294074508654
SRSF2	18.9692292176	5	0.904370783221	0.505426811382
SRSF3	17.0642641791	7	0.438838369023	0.646377236726
SRSF4	11.4699018595	5	0.00117336462306	0.505426811382
SRSF5	16.2298995787	2	0.2035787621	0.168817835142
SRSF6	16.3925023236	7	0.239073041948	0.646377236726
SRSF7	17.0066635099	4	0.417424464652	0.408917571135
SRSF9	18.482653088	2	0.835435611616	0.168817835142
SSB	17.566210532	18	0.601349369317	0.92725139337
SSBP1	20.8613493606	6	0.990026400704	0.580228806101
SSR1	20.1582547573	4	0.977706072162	0.408917571135
SSR3	15.1246922065	2	0.0548547961279	0.168817835142
SSR4	19.3848692341	5	0.937224992666	0.505426811382
SSRP1	19.4558846108	17	0.943091815782	0.917131123497
SSU72	15.4157440206	2	0.0789087709006	0.168817835142
ST13	20.2342844244	7	0.98063948372	0.646377236726
ST3GAL5	15.7528731608	3	0.119976532708	0.294074508654
ST7	16.5323703126	10	0.271340569082	0.783660897624
STAG2	16.6119407524	4	0.288647697272	0.408917571135
STAM	17.2343134935	4	0.488413024347	0.408917571135
STAU1	17.0742614825	4	0.440891757114	0.408917571135
STAU2	15.864097453	3	0.134056908184	0.294074508654
STIM1	17.2989298319	3	0.509826928718	0.294074508654
STIP1	17.4461829855	28	0.56028160751	0.976972719273
STK24	16.6987172154	5	0.314461718979	0.505426811382
STMN1	17.4074319352	12	0.544147843943	0.838222352596
STMN2	15.8826898746	2	0.135816955119	0.168817835142
STOML2	17.5317545756	12	0.586975652684	0.838222352596
STRAP	17.6536376132	14	0.633323555295	0.879143443825
STRBP	18.201678247	11	0.783514227046	0.812848342622
STRIP1	16.3425477303	2	0.228219419185	0.168817835142
STRN	15.7750075483	1	0.121149897331	0.0513347022587
STRN3	16.6881651282	4	0.310061601643	0.408917571135
STRN4	16.9222322889	4	0.385156937518	0.408917571135
STS	17.4267166066	3	0.551774713992	0.294074508654
STT3A	18.5942490219	13	0.85802288061	0.859782927545
STT3B	17.7834233238	10	0.672337929011	0.783660897624
STUB1	15.8169009059	4	0.127310061602	0.408917571135
STX12	17.2138708611	6	0.481959518921	0.580228806101
STX18	15.1412354453	1	0.056028160751	0.0513347022587
STX1A	17.3611372788	2	0.528307421531	0.168817835142
STX1B	16.883714611	8	0.37254326782	0.702552068055
STX7	17.604870415	6	0.616016427105	0.580228806101
STX8	17.0545605023	3	0.435318275154	0.294074508654
STXBP1	17.1574745391	22	0.466999119977	0.956585508947
SUB1	18.0985627871	7	0.760340275741	0.646377236726
SUCLA2	18.0061167191	13	0.733646230566	0.859782927545
SUCLG1	18.5730539003	8	0.854796127897	0.702552068055
SUGP2	19.0560788475	4	0.912290994427	0.408917571135
SUGT1	17.5786761025	6	0.605162804341	0.580228806101
SULF2	17.1781036998	9	0.472572601936	0.747433264887
SUMF2	18.5448141523	8	0.84834262247	0.702552068055
SUMO1	17.4131702908	5	0.545907890877	0.505426811382
SUMO2	18.6239371166	2	0.862716339102	0.168817835142
SUMO3	14.2790317352	1	0.0225872689938	0.0513347022587
SUN1	15.3988371857	3	0.0765620416544	0.294074508654
SUN2	16.1900250815	16	0.19595189205	0.905690818422
SUPT16H	18.0195029962	30	0.738046347903	0.983132883544
SUPT5H	17.0309297885	8	0.426811381637	0.702552068055
SUPT6H	15.7010942403	7	0.112643003813	0.646377236726
SUPV3L1	16.9080100204	6	0.380756820182	0.580228806101
SURF1	18.3656349982	3	0.814315048401	0.294074508654
SURF4	16.4379718988	3	0.250220005867	0.294074508654
SUSD2	16.8348497435	8	0.354942798475	0.702552068055
SV2A	18.5307686335	7	0.845115869757	0.646377236726
SVIL	14.9329002657	2	0.0448811968319	0.168817835142
SYMPK	15.6996756861	6	0.111762980346	0.580228806101
SYN1	16.8139290323	8	0.347902610736	0.702552068055
SYNCRIP	17.8944437276	12	0.703725432678	0.838222352596
SYNE1	15.3606648709	13	0.0712819008507	0.859782927545
SYNE2	16.6342900484	3	0.295101202699	0.294074508654
SYNJ1	17.3845464157	10	0.534467585802	0.783660897624
SYNJ2BP	16.6200863023	2	0.291874449985	0.168817835142
SYP	18.4883345315	4	0.836902317395	0.408917571135
SYT1	18.9113230437	17	0.898503960106	0.917131123497
SYT2	18.7896041575	4	0.884423584629	0.408917571135
SYT4	16.3231916703	3	0.22440598416	0.294074508654
SYT6	17.9904695585	10	0.728659430918	0.783660897624
SYT7	17.7027406212	7	0.649163977706	0.646377236726
SYVN1	14.852896732	3	0.0404810794955	0.294074508654
SZT2	19.6802349368	2	0.955998826635	0.168817835142
TAC1	15.7123098268	2	0.11498973306	0.168817835142
TACC2	15.6000623698	3	0.101496039894	0.294074508654
TAF15	17.110235326	2	0.453212085656	0.168817835142
TAGLN3	19.8523982349	9	0.964212378997	0.747433264887
TALDO1	17.9393141575	14	0.715459078909	0.879143443825
TAMM41	17.5896117185	5	0.609562921678	0.505426811382
TANC2	16.6432536963	4	0.297154590789	0.408917571135
TAOK1	16.2141620447	11	0.200645350543	0.812848342622
TAOK2	15.9464067023	4	0.147550601349	0.408917571135
TAPT1	18.0202532457	2	0.738339689058	0.168817835142
TARBP2	16.2834474544	2	0.216485772954	0.168817835142
TARDBP	16.5308887437	9	0.271047227926	0.747433264887
TARS	18.071232843	19	0.752126723379	0.936931651511
TATDN1	16.879955052	3	0.371369903197	0.294074508654
TAX1BP1	15.4887690962	3	0.088295687885	0.294074508654
TBC1D10B	16.4810135454	1	0.260193605163	0.0513347022587
TBC1D5	15.9580957956	1	0.150777354063	0.0513347022587
TBC1D7	14.7110174125	1	0.0357876210032	0.0513347022587
TBC1D9B	16.4906441074	1	0.262540334409	0.0513347022587
TBCA	17.8807416887	7	0.699911997653	0.646377236726
TBCB	17.5373528964	6	0.591082428865	0.580228806101
TBCD	16.356817538	14	0.230859489586	0.879143443825
TBCE	14.0059532625	3	0.0167204458786	0.294074508654
TBL1XR1	16.6549697598	3	0.300674684658	0.294074508654
TBL2	17.1557419404	2	0.466119096509	0.168817835142
TBL3	15.5928141178	6	0.100029334116	0.580228806101
TBP	16.7028357496	1	0.315635083602	0.0513347022587
TBPL1	16.8120409912	3	0.347022587269	0.294074508654
TBRG4	17.3101546834	8	0.513640363743	0.702552068055
TCAF1	16.5503483691	11	0.275447345263	0.812848342622
TCEA1	14.4480188402	1	0.0281607509534	0.0513347022587
TCERG1	18.1695147839	18	0.774127310062	0.92725139337
TCOF1	15.0695826699	1	0.0519213845703	0.0513347022587
TCP1	18.0973108464	23	0.760046934585	0.962158990906
TECR	18.4813292617	10	0.834848929305	0.783660897624
TEFM	14.978138985	2	0.0466412437665	0.168817835142
TERF2	16.7166706508	2	0.318861836316	0.168817835142
TERF2IP	16.685221664	4	0.308301554708	0.408917571135
TEX10	16.7406531724	18	0.325608682898	0.92725139337
TF	17.5274493019	14	0.585802288061	0.879143443825
TFAM	17.5142913503	10	0.581108829569	0.783660897624
TFB1M	16.9497221178	2	0.394543854503	0.168817835142
TFB2M	16.6902156699	1	0.311234966266	0.0513347022587
TFCP2	17.3383261214	5	0.521560574949	0.505426811382
TFG	18.3491042107	4	0.810794954532	0.408917571135
TFRC	17.6819893501	18	0.6412437665	0.92725139337
TGFBR1	15.3485441916	2	0.0704018773834	0.168817835142
TGFBRAP1	14.8654373583	2	0.0416544441185	0.168817835142
TGOLN2	15.0866533048	7	0.0525080668818	0.646377236726
THAP10	19.7308269579	1	0.958638897037	0.0513347022587
THBS1	17.4870449952	2	0.570548547961	0.168817835142
THEM4	17.4032950544	1	0.542387797008	0.0513347022587
THNSL1	17.5615795495	6	0.599882663538	0.580228806101
THOC2	16.244915479	10	0.207392197125	0.783660897624
THOC3	16.8385917901	3	0.356116163098	0.294074508654
THOP1	16.1281005498	6	0.184511586976	0.580228806101
THRAP3	16.3379374298	3	0.227926078029	0.294074508654
THSD7A	17.199822074	3	0.476972719273	0.294074508654
THUMPD1	16.8285835948	5	0.351422704605	0.505426811382
THY1	18.7633252192	2	0.881783514227	0.168817835142
THYN1	18.4894920033	7	0.837488999707	0.646377236726
TIA1	15.9265439397	6	0.143443825169	0.580228806101
TIAL1	17.2504479031	5	0.493693165151	0.505426811382
TIGAR	16.3643433747	3	0.233499559988	0.294074508654
TIMM10	18.4138489537	3	0.82340862423	0.294074508654
TIMM13	18.9637456835	4	0.904077442065	0.408917571135
TIMM21	17.2792688534	2	0.501906717512	0.168817835142
TIMM44	18.323673305	13	0.805808154884	0.859782927545
TIMM50	16.945435263	5	0.391903784101	0.505426811382
TIMM9	15.8744995176	2	0.134643590496	0.168817835142
TIMP2	17.3653188574	1	0.528600762687	0.0513347022587
TIPRL	18.0498028562	6	0.745379876797	0.580228806101
TKFC	16.0815683461	6	0.177178058082	0.580228806101
TKT	18.0765799615	25	0.755353476093	0.968759166911
TLDC1	16.1322997715	3	0.184804928131	0.294074508654
TLE3	18.5701447116	2	0.854209445585	0.168817835142
TLN2	14.3740165081	2	0.0264007040188	0.168817835142
TM9SF1	17.0761604462	4	0.441478439425	0.408917571135
TM9SF2	17.9543810231	7	0.720152537401	0.646377236726
TM9SF3	18.2320937193	7	0.791141097096	0.646377236726
TM9SF4	17.8936883292	10	0.703138750367	0.783660897624
TMBIM6	18.7036184012	1	0.871809914931	0.0513347022587
TMED10	18.8150698895	10	0.887650337342	0.783660897624
TMED2	17.0231195352	5	0.423291287768	0.505426811382
TMED3	18.0806552318	2	0.755940158404	0.168817835142
TMED4	19.4802432657	6	0.944851862716	0.580228806101
TMED8	16.6946445027	3	0.3129950132	0.294074508654
TMED9	17.5360865802	6	0.590202405397	0.580228806101
TMEM109	19.2562658598	1	0.928424757994	0.0513347022587
TMEM11	18.6222646783	3	0.862129656791	0.294074508654
TMEM126A	17.2219322206	7	0.484599589322	0.646377236726
TMEM126B	17.4026741475	2	0.542094455852	0.168817835142
TMEM131	14.6318527363	2	0.0340275740686	0.168817835142
TMEM132E	14.7408103126	1	0.0369609856263	0.0513347022587
TMEM143	15.2471169329	2	0.0618949838662	0.168817835142
TMEM14C	16.9476809554	3	0.392783807568	0.294074508654
TMEM167A	20.002033693	2	0.972719272514	0.168817835142
TMEM167B	17.5010437494	2	0.574361982986	0.168817835142
TMEM17	17.8002847523	1	0.677031387504	0.0513347022587
TMEM181	15.3346151007	1	0.0692285127603	0.0513347022587
TMEM199	16.5367139213	3	0.272807274861	0.294074508654
TMEM201	17.1542450193	2	0.465825755353	0.168817835142
TMEM246	17.3048073543	3	0.511586975653	0.294074508654
TMEM256	18.7555284621	2	0.880610149604	0.168817835142
TMEM260	15.5809195485	2	0.098269287181	0.168817835142
TMEM30A	19.47611812	9	0.944558521561	0.747433264887
TMEM33	18.0071849989	6	0.734819595189	0.580228806101
TMEM43	17.9980880063	13	0.731886183632	0.859782927545
TMEM50A	15.3876160013	1	0.0748019947199	0.0513347022587
TMEM63B	18.6487833505	4	0.866236432972	0.408917571135
TMEM65	17.331007665	5	0.519507186858	0.505426811382
TMEM70	16.4261255186	5	0.247286594309	0.505426811382
TMEM87A	17.6423805121	8	0.628043414491	0.702552068055
TMOD2	18.0574130824	3	0.747433264887	0.294074508654
TMPO	15.2983034224	1	0.0657084188912	0.0513347022587
TMSB10	15.0005103341	2	0.0478146083896	0.168817835142
TMSB4X	21.165070138	1	0.99237312995	0.0513347022587
TMTC3	17.3680917541	2	0.52977412731	0.168817835142
TMTC4	17.275460753	9	0.499853329422	0.747433264887
TMX1	21.3028215707	4	0.992959812262	0.408917571135
TMX2	16.1762903483	4	0.19184511587	0.408917571135
TMX3	18.1779249517	9	0.776474039308	0.747433264887
TMX4	18.2461959552	7	0.793487826342	0.646377236726
TNPO1	17.6004561139	16	0.61425638017	0.905690818422
TNPO2	16.1688240453	7	0.190085068935	0.646377236726
TNPO3	16.1439214481	10	0.186858316222	0.783660897624
TNRC18	17.303134349	1	0.510706952185	0.0513347022587
TOM1	15.6488486737	1	0.105896157231	0.0513347022587
TOMM22	16.1257011778	3	0.183924904664	0.294074508654
TOMM40	17.918383214	8	0.70841889117	0.702552068055
TOMM40L	16.8685279473	5	0.366969785861	0.505426811382
TOMM70	16.8145262646	6	0.348195951892	0.580228806101
TOP1	17.8595968508	19	0.693165151071	0.936931651511
TOP2B	17.8774611736	44	0.69873863303	0.995013200352
TOR1A	17.3577832652	8	0.527427398064	0.702552068055
TOR1AIP1	17.9818902137	5	0.727192725139	0.505426811382
TOR1AIP2	15.9749436112	3	0.154884130243	0.294074508654
TOR1B	17.0110924366	3	0.418597829275	0.294074508654
TOR2A	15.1060955411	3	0.0542681138164	0.294074508654
TOR3A	14.5492361308	1	0.0313875036668	0.0513347022587
TP53BP1	17.8122392618	7	0.679964799061	0.646377236726
TP53I11	15.7786912308	3	0.122029920798	0.294074508654
TP53RK	16.2833783545	2	0.216192431798	0.168817835142
TPD52	16.5674213263	3	0.279260780287	0.294074508654
TPD52L2	16.7740224489	2	0.338515693752	0.168817835142
TPI1	19.0961119174	15	0.916104429451	0.894103842769
TPM1	16.6697530569	9	0.30331475506	0.747433264887
TPM3	18.799966788	6	0.886476972719	0.580228806101
TPM4	17.1962580833	12	0.476386036961	0.838222352596
TPP1	18.3791673367	5	0.817248459959	0.505426811382
TPP2	17.7055780228	22	0.650630683485	0.956585508947
TPPP	17.7492688563	2	0.665884423585	0.168817835142
TPR	17.3143698517	20	0.514227046055	0.944998533294
TPRKB	15.8348018658	4	0.129070108536	0.408917571135
TPST1	17.5345310783	2	0.588149017307	0.168817835142
TPT1	16.9855149063	7	0.410090935758	0.646377236726
TRA2A	16.6122439543	6	0.288941038428	0.580228806101
TRA2B	18.7251401948	5	0.8753300088	0.505426811382
TRAP1	17.7829332409	28	0.672044587856	0.976972719273
TRAPPC4	17.8413765127	4	0.688178351423	0.408917571135
TRAPPC5	17.7126717488	2	0.653564095043	0.168817835142
TRIM2	17.868092103	12	0.695805221473	0.838222352596
TRIM26	15.7355873205	3	0.117923144617	0.294074508654
TRIM28	18.2916748185	16	0.801408037548	0.905690818422
TRIM3	16.687053806	7	0.309181578175	0.646377236726
TRIM71	17.7444270969	10	0.66412437665	0.783660897624
TRIO	16.5398518419	19	0.273687298328	0.936931651511
TRIP12	15.8728053751	5	0.13435024934	0.505426811382
TRMT10C	18.0302474002	14	0.741273100616	0.879143443825
TRMT11	16.1884607187	3	0.195365209739	0.294074508654
TRMT112	15.2680604795	1	0.0642417131123	0.0513347022587
TRMT5	15.7590641834	4	0.120269873863	0.408917571135
TRMT6	16.6171920776	6	0.290407744207	0.580228806101
TRMT61A	16.1329062422	3	0.185098269287	0.294074508654
TRMT61B	16.2258468476	2	0.202992079789	0.168817835142
TRNT1	16.2074184827	5	0.199178644764	0.505426811382
TROVE2	17.2321142298	15	0.487239659724	0.894103842769
TRRAP	15.8316825167	6	0.128483426225	0.580228806101
TRUB1	16.9726397323	4	0.40305074802	0.408917571135
TSC1	16.016424398	3	0.163977706072	0.294074508654
TSC2	15.690121349	2	0.110296274567	0.168817835142
TSFM	18.2002084813	4	0.78322088589	0.408917571135
TSN	17.8029718482	12	0.678204752127	0.838222352596
TSNAX	17.0115785801	6	0.419477852743	0.580228806101
TSPAN3	17.4425512111	2	0.559108242886	0.168817835142
TSPAN7	15.8340702615	2	0.12877676738	0.168817835142
TSPYL4	13.3314258004	1	0.00762687004987	0.0513347022587
TSR1	14.7154248253	2	0.036080962159	0.168817835142
TSTA3	17.2777337257	2	0.500440011734	0.168817835142
TTC1	17.3729157943	3	0.530654150777	0.294074508654
TTC13	16.2341743731	4	0.205045467879	0.408917571135
TTC17	15.4929685192	7	0.0894690525081	0.646377236726
TTC19	16.4428141354	3	0.251980052801	0.294074508654
TTC37	15.6669313048	5	0.107949545321	0.505426811382
TTLL12	17.9476910631	3	0.718099149311	0.294074508654
TTYH3	18.3000516286	4	0.802581402171	0.408917571135
TUBA1A	20.8228940957	25	0.989733059548	0.968759166911
TUBA4A	18.6985623674	5	0.870343209152	0.505426811382
TUBAL3	18.7432337995	1	0.879143443825	0.0513347022587
TUBB	20.7393098318	4	0.987386330302	0.408917571135
TUBB1	21.8473958412	2	0.995306541508	0.168817835142
TUBB2A	23.3131941651	1	0.998826635377	0.0513347022587
TUBB2B	21.3896038863	6	0.993546494573	0.580228806101
TUBB3	20.7588919004	10	0.987679671458	0.783660897624
TUBB4A	18.4907260399	5	0.837782340862	0.505426811382
TUBB4B	20.8152798525	20	0.989439718392	0.944998533294
TUBB6	18.5887689844	1	0.857142857143	0.0513347022587
TUBG1	14.5482098782	4	0.031094162511	0.408917571135
TUBGCP2	15.9751459048	1	0.155177471399	0.0513347022587
TUBGCP6	11.9086506608	1	0.00205338809035	0.0513347022587
TUFM	18.8823804141	22	0.893517160458	0.956585508947
TUSC3	19.0631313856	7	0.913171017894	0.646377236726
TWF1	17.6811502471	3	0.640657084189	0.294074508654
TWF2	15.4544735649	4	0.0838955705485	0.408917571135
TXLNA	17.5717900175	5	0.602816075095	0.505426811382
TXN	18.917719175	4	0.899090642417	0.408917571135
TXN2	17.2889400933	1	0.507186858316	0.0513347022587
TXNDC11	18.971324637	1	0.904664124377	0.0513347022587
TXNDC12	18.2632402219	5	0.795541214432	0.505426811382
TXNDC17	18.6209202396	3	0.861836315635	0.294074508654
TXNDC5	19.5239729489	9	0.946611909651	0.747433264887
TXNL1	17.8646336256	7	0.695218539161	0.646377236726
TXNRD1	17.656248329	11	0.634496919918	0.812848342622
U2AF2	17.254061513	9	0.494279847463	0.747433264887
U2SURP	16.6456432005	7	0.298327955412	0.646377236726
UBA1	18.141264014	35	0.767673804635	0.990613083016
UBA2	17.2827392003	19	0.503960105603	0.936931651511
UBA3	17.4672461959	4	0.565855089469	0.408917571135
UBA6	17.0136552495	10	0.42035787621	0.783660897624
UBE2E2	19.1709958647	2	0.922851276034	0.168817835142
UBE2H	15.482472429	1	0.0877090055735	0.0513347022587
UBE2I	19.0926987053	5	0.915811088296	0.505426811382
UBE2J1	15.8957521203	1	0.138163684365	0.0513347022587
UBE2K	18.5675094084	2	0.853622763274	0.168817835142
UBE2L3	17.8607785585	6	0.693751833382	0.580228806101
UBE2M	17.6098392993	3	0.617776474039	0.294074508654
UBE2N	16.9852480858	9	0.408917571135	0.747433264887
UBE2O	17.8556643681	9	0.692578468759	0.747433264887
UBE2V1	18.5553335143	7	0.850982692872	0.646377236726
UBE2V2	17.4361576928	3	0.555881490173	0.294074508654
UBE3A	17.141107407	9	0.46259900264	0.747433264887
UBFD1	17.589966457	2	0.610149603989	0.168817835142
UBLCP1	17.3151876873	5	0.51452038721	0.505426811382
UBP1	16.6480623458	2	0.298914637724	0.168817835142
UBQLN1	20.0023346347	2	0.97301261367	0.168817835142
UBQLN2	19.2577204932	1	0.928718099149	0.0513347022587
UBQLN4	16.6814818726	2	0.307128190085	0.168817835142
UBR4	16.2726444489	34	0.212965679085	0.98958638897
UBR5	17.1112697376	5	0.453798767967	0.505426811382
UBR7	16.2829293314	1	0.215899090642	0.0513347022587
UBTD2	18.0646404177	1	0.750366676445	0.0513347022587
UBTF	17.2688289146	11	0.49721325902	0.812848342622
UBXN1	15.7096939676	3	0.114696391904	0.294074508654
UCHL1	17.8985160931	9	0.705485479613	0.747433264887
UCHL3	17.6641350514	4	0.636256966852	0.408917571135
UCHL5	16.3141007178	6	0.222059254913	0.580228806101
UFC1	16.695323088	2	0.313581695512	0.168817835142
UFD1	17.7054563874	5	0.650337342329	0.505426811382
UFL1	15.964606419	2	0.152830742153	0.168817835142
UGCG	15.4036933232	5	0.0774420651217	0.505426811382
UGDH	16.9668630791	6	0.401584042241	0.580228806101
UGGT1	17.3982072711	47	0.541214432385	0.996333235553
UGP2	16.6964020343	14	0.313875036668	0.879143443825
UMPS	15.204977443	2	0.0595482546201	0.168817835142
UNC13B	16.8289520512	9	0.352009386917	0.747433264887
UPF1	17.6373584863	26	0.626576708712	0.971252566735
UPF2	16.1994373623	5	0.198591962452	0.505426811382
UQCC1	17.0136620947	4	0.420651217366	0.408917571135
UQCC2	19.2141010715	4	0.924904664124	0.408917571135
UQCR10	18.9483290836	3	0.902024053975	0.294074508654
UQCR11	21.7281863966	1	0.995013200352	0.0513347022587
UQCRB	20.1337067977	7	0.97711938985	0.646377236726
UQCRC1	19.3788133724	13	0.936344969199	0.859782927545
UQCRC2	18.7932746363	17	0.884716925785	0.917131123497
UQCRFS1	18.2187017651	10	0.787914344383	0.783660897624
UQCRQ	21.1632275537	6	0.992079788794	0.580228806101
USF1	17.5098663424	2	0.578762100323	0.168817835142
USMG5	18.2017575528	3	0.783807568202	0.294074508654
USO1	17.900538634	10	0.706658844236	0.783660897624
USP10	15.7452690114	2	0.11909650924	0.168817835142
USP11	16.9853192433	9	0.409210912291	0.747433264887
USP14	16.7336154682	11	0.323848635964	0.812848342622
USP15	16.2331426083	10	0.204752126723	0.783660897624
USP19	14.6653593408	4	0.0349075975359	0.408917571135
USP24	16.4595808293	11	0.256673511294	0.812848342622
USP32	15.2300059759	2	0.0610149603989	0.168817835142
USP39	17.6434783839	12	0.628923437958	0.838222352596
USP47	16.4238345558	9	0.24581988853	0.747433264887
USP48	14.8607776178	3	0.0413611029627	0.294074508654
USP5	17.3962370981	27	0.540041067762	0.973452625403
USP7	16.86811144	28	0.366383103549	0.976972719273
USP9X	16.8114856285	25	0.346729246113	0.968759166911
UTP11	15.9584608835	2	0.151070695219	0.168817835142
UTP15	17.0554126278	9	0.436198298621	0.747433264887
UTP18	17.8850534636	4	0.700792021121	0.408917571135
UTP20	15.5794232327	10	0.0979759460252	0.783660897624
UTP3	15.8154730096	2	0.12672337929	0.168817835142
UTP4	16.954075496	5	0.396597242593	0.505426811382
UTP6	16.5065100288	3	0.265767087122	0.294074508654
VAC14	16.8828122473	5	0.371956585509	0.505426811382
VAMP2	17.9119778057	3	0.707538867703	0.294074508654
VAMP4	17.0786328713	1	0.442651804048	0.0513347022587
VANGL2	18.0536216741	7	0.74655324142	0.646377236726
VAPA	16.3536311821	4	0.230272807275	0.408917571135
VAPB	17.0163363473	4	0.420944558522	0.408917571135
VARS	17.1502752271	24	0.465239073042	0.966265767087
VARS2	16.2826526181	3	0.215605749487	0.294074508654
VAT1	19.4229217012	8	0.941625110003	0.702552068055
VAT1L	18.7957570635	11	0.885890290408	0.812848342622
VAV2	16.2159274833	4	0.200938691698	0.408917571135
VBP1	18.0748162897	8	0.75418011147	0.702552068055
VCL	17.3367862209	18	0.520973892637	0.92725139337
VCP	17.7403146093	44	0.662951012027	0.995013200352
VDAC1	18.7951060613	17	0.88501026694	0.917131123497
VDAC2	19.5352850162	12	0.947491933118	0.838222352596
VDAC3	19.3996857697	11	0.939865063068	0.812848342622
VEZF1	19.9271123651	1	0.969785860956	0.0513347022587
VGF	16.9388682541	14	0.390437078322	0.879143443825
VIM	18.590856338	18	0.857729539454	0.92725139337
VKORC1L1	18.0038031936	2	0.732766207099	0.168817835142
VMP1	17.4277400809	3	0.552068055148	0.294074508654
VPS11	16.1918193207	8	0.196831915518	0.702552068055
VPS13A	16.6865983365	3	0.30888823702	0.294074508654
VPS16	17.509620068	1	0.578468759167	0.0513347022587
VPS26A	16.6720865711	8	0.304194778527	0.702552068055
VPS26B	18.0362086667	7	0.742446465239	0.646377236726
VPS29	16.8573316006	9	0.363449691992	0.747433264887
VPS33B	15.6584236225	4	0.106776180698	0.408917571135
VPS35	17.7205671278	22	0.656204165444	0.956585508947
VPS36	17.3037966319	5	0.511293634497	0.505426811382
VPS39	16.5980030863	4	0.285127603403	0.408917571135
VPS41	15.2225427265	4	0.0604282780874	0.408917571135
VPS45	17.4767093437	7	0.567615136404	0.646377236726
VPS4A	17.0893568041	1	0.444705192138	0.0513347022587
VPS50	15.4629388201	2	0.0859489586389	0.168817835142
VPS51	15.3867933376	4	0.0745086535641	0.408917571135
VPS53	17.3690503625	4	0.530360809622	0.408917571135
VRK1	16.1231293251	3	0.182458198885	0.294074508654
VTA1	17.7261578111	6	0.657964212379	0.580228806101
VTI1B	16.590164529	5	0.283074215312	0.505426811382
VTN	18.15503545	2	0.770607216192	0.168817835142
VWA5A	15.442045488	5	0.0827222059255	0.505426811382
WARS	17.3218389333	9	0.516280434145	0.747433264887
WARS2	15.6754036773	4	0.108829568789	0.408917571135
WASF1	15.7412987212	2	0.118509826929	0.168817835142
WASHC4	15.8359252999	11	0.129363449692	0.812848342622
WASHC5	16.7569952009	15	0.333528894104	0.894103842769
WBP2	17.8979870068	2	0.705192138457	0.168817835142
WDFY1	16.0340673939	5	0.169257846876	0.505426811382
WDR1	17.7695517167	15	0.668817835142	0.894103842769
WDR12	16.95280336	8	0.396010560282	0.702552068055
WDR13	16.0199936219	4	0.164857729539	0.408917571135
WDR18	16.4657924509	5	0.257846875917	0.505426811382
WDR26	15.8442335712	8	0.131123496627	0.702552068055
WDR3	17.1373781588	3	0.461425638017	0.294074508654
WDR33	17.1162203175	5	0.455265473746	0.505426811382
WDR36	16.5053116	7	0.265180404811	0.646377236726
WDR37	16.8660179825	9	0.365209738926	0.747433264887
WDR43	15.1260377163	3	0.0554414784394	0.294074508654
WDR44	17.724213852	3	0.657670871223	0.294074508654
WDR47	17.281851801	4	0.503373423291	0.408917571135
WDR48	17.4936575864	8	0.572895277207	0.702552068055
WDR5	18.2251827069	7	0.789087709006	0.646377236726
WDR61	16.5479686545	9	0.274567321795	0.747433264887
WDR75	17.2389899222	4	0.489879730126	0.408917571135
WDR77	18.2227735748	4	0.78879436785	0.408917571135
WDR82	18.0889637492	5	0.758580228806	0.505426811382
WDR91	16.3027788013	1	0.220592549135	0.0513347022587
WRAP53	16.0817253819	2	0.177471399237	0.168817835142
WRB	17.9506043954	3	0.718979172778	0.294074508654
XAB2	16.1968180649	5	0.198005280141	0.505426811382
XPNPEP1	17.7911328782	14	0.674097975946	0.879143443825
XPO1	17.1747560523	25	0.471105896157	0.968759166911
XPO5	16.8128692388	10	0.347609269581	0.783660897624
XPOT	16.1894947454	6	0.195658550895	0.580228806101
XPR1	17.1915379436	7	0.475506013494	0.646377236726
XRCC4	17.8421813425	1	0.688471692578	0.0513347022587
XRCC5	18.1245894432	26	0.765620416544	0.971252566735
XRCC6	18.2329287244	32	0.791434438252	0.986506306835
XRN2	17.0402014272	11	0.429744793194	0.812848342622
XXYLT1	16.821937921	6	0.350542681138	0.580228806101
YARS	17.2124511141	14	0.480492813142	0.879143443825
YARS2	15.7050873185	8	0.113229686125	0.702552068055
YBEY	15.1967113384	1	0.0583748899971	0.0513347022587
YBX1	15.4824611956	5	0.0874156644177	0.505426811382
YIPF3	17.0202519151	2	0.422117923145	0.168817835142
YKT6	17.356274896	4	0.526547374597	0.408917571135
YLPM1	15.3957981358	3	0.0759753593429	0.294074508654
YME1L1	17.3098675779	4	0.513347022587	0.408917571135
YTHDC1	15.9398201347	4	0.146083895571	0.408917571135
YTHDF1	17.2748781714	3	0.499559988266	0.294074508654
YTHDF3	17.9313485151	6	0.712232326195	0.580228806101
YWHAB	18.8127252289	12	0.887063655031	0.838222352596
YWHAE	19.2508160786	15	0.927838075682	0.894103842769
YWHAG	18.347195918	9	0.809914931065	0.747433264887
YWHAH	17.5071875677	12	0.577002053388	0.838222352596
YWHAQ	19.1743328333	6	0.92314461719	0.580228806101
YWHAZ	18.179428131	10	0.777647403931	0.783660897624
YY1	13.69365449	5	0.0108536227633	0.505426811382
ZC2HC1A	17.03744596	3	0.428864769727	0.294074508654
ZC3H15	17.1746300241	1	0.470812555001	0.0513347022587
ZCCHC3	18.5150948739	6	0.841889117043	0.580228806101
ZCRB1	15.5696072948	2	0.0976826048695	0.168817835142
ZDHHC15	13.0513719038	2	0.00498679964799	0.168817835142
ZDHHC17	16.8912479008	7	0.375183338222	0.646377236726
ZDHHC21	15.9227879724	1	0.142270460546	0.0513347022587
ZFR	17.2785408291	4	0.501026694045	0.408917571135
ZFYVE1	17.0279626746	5	0.425638017014	0.505426811382
ZKSCAN1	16.8869719572	2	0.373716632444	0.168817835142
ZMAT2	17.5565311917	1	0.598122616603	0.0513347022587
ZMPSTE24	17.0943366	10	0.447051921385	0.783660897624
ZMYM2	17.1095433685	2	0.452625403344	0.168817835142
ZMYM3	14.1009780102	2	0.0187738339689	0.168817835142
ZMYND11	17.0985975451	1	0.448811968319	0.0513347022587
ZMYND8	17.156218039	4	0.466412437665	0.408917571135
ZNF207	19.1327176349	2	0.918451158698	0.168817835142
ZNF22	15.9535921228	2	0.149310648284	0.168817835142
ZNF257	15.6248091873	1	0.104136110296	0.0513347022587
ZNF326	15.4347914109	2	0.0812555001467	0.168817835142
ZNF512	16.8806199909	4	0.371663244353	0.408917571135
ZNF555	15.3520286722	1	0.0706952185392	0.0513347022587
ZNF627	16.9848035911	2	0.408330888824	0.168817835142
ZNF629	16.1802620927	2	0.193018480493	0.168817835142
ZNF638	17.461816284	2	0.563508360223	0.168817835142
ZNF697	16.0179029466	1	0.164271047228	0.0513347022587
ZNF768	18.6611639086	4	0.867116456439	0.408917571135
ZPR1	16.2393616203	4	0.205925491346	0.408917571135
ZW10	14.9418421163	1	0.0454678791434	0.0513347022587
ZYG11B	14.8551743453	4	0.0407744206512	0.408917571135
ZZEF1	15.330933696	3	0.0686418304488	0.294074508654
