pseudo	source	weighted	cells	original	retention	effect
0	mouse10	-0.0636982043476	20	20	1	-0.00318491021738
0	mouse11	0.405159278174	45	45	1	0.00900353951498
0	mouse12	-0.107020396978	29	29	1	-0.00369035851647
0	mouse13	-1.04890335135	38	39	0.974358974359	-0.0276027197723
0	mouse15	-0.343959507811	29	29	1	-0.0118606726831
0	mouse16	-0.2039437178	25	25	1	-0.00815774871199
0	mouse18	-0.026479275603	33	35	0.942857142857	-0.000802402291001
0	mouse19	0.548420420149	26	26	1	0.0210930930827
0	mouse20	-0.316374933516	37	37	1	-0.00855067387881
0	mouse21	-0.518142423783	27	27	1	-0.0191904601401
0	mouse22	-0.398673434824	25	27	0.925925925926	-0.0159469373929
0	mouse23	-0.713574224699	47	47	1	-0.0151824303127
0	mouse26	0.803859377731	26	26	1	0.0309176683743
0	mouse34	0.580610979101	29	29	1	0.0200210682449
0	mouse35	-0.559053692215	28	28	1	-0.0199662032934
0	mouse36	0.00951460829225	27	27	1	0.000352392899713
0	mouse37	0.404056546532	23	23	1	0.0175676759362
0	mouse38	-1.31365218257	39	39	1	-0.0336833892966
0	mouse4	-0.453049023271	26	27	0.962962962963	-0.0174249624335
0	mouse44	-0.545696552318	31	31	1	-0.0176031145909
0	mouse45	-0.00203221090061	26	26	1	-7.81619577156e-05
0	mouse52	0.581630020189	31	31	1	0.0187622587158
0	mouse54	0.301528269313	25	25	1	0.0120611307725
0	mouse55	0.23707424268	32	32	1	0.00740857008375
0	mouse6	-0.260098175685	25	25	1	-0.0104039270274
0	mouse60	0.811680197934	56	57	0.982456140351	0.0144942892488
0	mouse62	0.45703688742	49	49	1	0.00932728341673
0	mouse63	-1.01188268974	58	58	1	-0.0174462532714
0	mouse67	0.365604798508	52	52	1	0.00703086150977
0	mouse68	-0.492712580926	66	66	1	-0.00746534213524
0	mouse69	-0.190487120176	21	22	0.954545454545	-0.00907081524649
0	mouse7	-0.30156365802	31	31	1	-0.00972785993612
0	mouse70	0.0456025453674	36	36	1	0.00126673737132
0	mouse72	-0.00538181189542	67	67	1	-8.03255506779e-05
0	mouse73	-0.157990152253	54	54	1	-0.00292574356023
0	mouse74	-0.104788185744	33	33	1	-0.003175399568
0	mouse75	-0.0459958429097	27	27	1	-0.0017035497374
0	mouse76	-0.509687582082	53	53	1	-0.00961674683174
0	mouse8	0.231000447154	33	33	1	0.00700001355012
0	mouse9	-0.28997099358	35	35	1	-0.00828488553087
1	mouse11	0.0675553536756	34	35	0.971428571429	0.00198692216693
1	mouse12	-0.028260391315	29	29	1	-0.000974496252241
1	mouse13	-0.575250387549	28	29	0.965517241379	-0.0205446566982
1	mouse14	0.158619778412	22	24	0.916666666667	0.00720998992783
1	mouse15	0.0666787217282	31	32	0.96875	0.00215092650736
1	mouse16	-0.446595801754	20	20	1	-0.0223297900877
1	mouse18	-0.330022511512	40	40	1	-0.00825056278779
1	mouse19	-0.592691987631	24	24	1	-0.0246954994846
1	mouse20	-0.136262262426	41	41	1	-0.00332346981526
1	mouse21	-0.235945041844	36	37	0.972972972973	-0.00655402894012
1	mouse22	0.5749299458	36	36	1	0.0159702762722
1	mouse23	0.962960162676	60	60	1	0.0160493360446
1	mouse24	0.365487434194	21	21	1	0.017404163533
1	mouse25	-0.956324365014	26	26	1	-0.0367817063467
1	mouse26	-0.093776524455	29	29	1	-0.00323367325707
1	mouse34	-0.669450732775	33	34	0.970588235294	-0.0202863858417
1	mouse35	-0.53806732659	32	32	1	-0.0168146039559
1	mouse36	-0.253259824822	21	22	0.954545454545	-0.0120599916582
1	mouse38	0.741862856899	36	36	1	0.0206073015805
1	mouse4	-0.297969525193	23	23	1	-0.0129551967475
1	mouse44	-0.250342729874	22	22	1	-0.0113792149943
1	mouse45	0.159362106394	32	32	1	0.00498006582481
1	mouse52	-0.216926540466	36	36	1	-0.00602573723516
1	mouse54	-0.302427079404	35	36	0.972222222222	-0.00864077369727
1	mouse55	0.50555671789	35	36	0.972222222222	0.014444477654
1	mouse6	-0.496670167361	33	33	1	-0.0150506111321
1	mouse60	-0.588372905533	49	49	1	-0.012007610317
1	mouse62	-0.770203785267	63	63	1	-0.012225456909
1	mouse63	0.269523155243	68	68	1	0.0039635758124
1	mouse67	-0.0140805552761	46	46	1	-0.000306099027741
1	mouse68	-0.493082300508	56	56	1	-0.00880504108051
1	mouse69	1.04230915304	36	36	1	0.028953032029
1	mouse7	0.0240012320011	36	36	1	0.000666700888921
1	mouse70	0.808233404229	42	43	0.976744186047	0.0192436524816
1	mouse72	0.224158730751	65	65	1	0.0034485958577
1	mouse73	0.0114642768707	52	52	1	0.000220466862898
1	mouse74	0.307431020918	37	37	1	0.00830894651129
1	mouse75	-0.466201366204	32	32	1	-0.0145687926939
1	mouse76	-0.280098708149	43	43	1	-0.00651392344534
1	mouse9	-0.239094126966	52	52	1	-0.00459796398011
2	mouse10	-0.0800833357293	26	26	1	-0.00308012829728
2	mouse11	0.350363729901	51	51	1	0.00686987705688
2	mouse12	-0.48276581033	39	39	1	-0.0123786105213
2	mouse13	-0.0896407199498	33	33	1	-0.00271638545303
2	mouse14	-0.0798874405398	24	25	0.96	-0.00332864335582
2	mouse15	-0.498493220134	37	37	1	-0.0134727897334
2	mouse16	0.025868009757	27	27	1	0.000958074435444
2	mouse18	-0.399070495964	45	45	1	-0.00886823324365
2	mouse19	-0.670204369337	39	39	1	-0.0171847274189
2	mouse20	0.26759439198	61	61	1	0.00438679331115
2	mouse21	-0.373247977468	36	36	1	-0.0103679993741
2	mouse22	-0.148880514448	38	38	1	-0.00391790827494
2	mouse23	-0.451090718877	70	70	1	-0.00644415312681
2	mouse26	0.0624639324006	38	38	1	0.00164378769475
2	mouse31	-0.0858180048863	26	26	1	-0.00330069249563
2	mouse33	0.315130978555	27	27	1	0.0116715177243
2	mouse34	0.971879124346	59	60	0.983333333333	0.0164725275313
2	mouse35	-0.0131063815868	35	35	1	-0.000374468045338
2	mouse36	0.454408715063	20	20	1	0.0227204357531
2	mouse38	-0.45058012823	43	43	1	-0.0104786076333
2	mouse4	0.481205713564	33	33	1	0.0145819913201
2	mouse41	-1.02590852561	20	20	1	-0.0512954262807
2	mouse42	-0.0234564974538	22	23	0.95652173913	-0.00106620442972
2	mouse44	-0.182231582269	33	34	0.970588235294	-0.00552216915966
2	mouse45	-0.13224963258	38	38	1	-0.00348025348895
2	mouse52	0.236236577967	44	45	0.977777777778	0.00536901313562
2	mouse54	0.502998300824	40	40	1	0.0125749575206
2	mouse55	-0.386745734126	45	45	1	-0.00859434964724
2	mouse6	-0.486672658885	32	32	1	-0.0152085205902
2	mouse60	-0.664686322338	78	78	1	-0.00852161951715
2	mouse62	-0.306014211234	69	69	1	-0.0044349885686
2	mouse63	0.179364123208	66	66	1	0.00271763823043
2	mouse67	0.29593613873	57	57	1	0.00519186208298
2	mouse68	0.601112992504	72	73	0.986301369863	0.00834879156255
2	mouse69	0.089475153883	36	36	1	0.00248542094119
2	mouse7	0.239850433942	41	41	1	0.00585001058396
2	mouse70	1.36333590778	56	57	0.982456140351	0.0243452840676
2	mouse71	-1.17701241568	26	26	1	-0.0452697082952
2	mouse72	-1.46203090163	83	83	1	-0.0176148301401
2	mouse73	-0.762915071601	65	65	1	-0.0117371549477
2	mouse74	-0.256916462066	36	36	1	-0.00713656839071
2	mouse75	-0.0325312598386	31	31	1	-0.00104939547866
2	mouse76	0.559410664595	87	87	1	0.00643000763903
2	mouse8	-0.332737423451	28	28	1	-0.011883479409
2	mouse9	0.0530844602105	56	56	1	0.000947936789474
3	mouse10	-0.00283441128126	22	22	1	-0.000128836876421
3	mouse11	0.057716787986	43	43	1	0.00134225088339
3	mouse12	0.684786549746	25	25	1	0.0273914619899
3	mouse13	-0.514255901397	54	54	1	-0.00952325743328
3	mouse15	0.354173524669	42	42	1	0.0084327029683
3	mouse16	0.0884638326522	27	27	1	0.00327643824638
3	mouse18	1.20903605448	38	38	1	0.0318167382758
3	mouse19	0.511608034515	28	28	1	0.0182717155184
3	mouse20	0.318753933279	51	51	1	0.00625007712312
3	mouse21	-1.43391382936	44	44	1	-0.0325889506674
3	mouse22	-0.699151263842	30	30	1	-0.0233050421281
3	mouse23	-0.545544271797	60	60	1	-0.00909240452994
3	mouse24	-0.530507340026	22	22	1	-0.0241139700012
3	mouse25	0.108271795271	24	24	1	0.00451132480295
3	mouse26	-0.170977380822	27	27	1	-0.00633249558599
3	mouse3	0.164598430753	22	23	0.95652173913	0.00748174685242
3	mouse33	-0.0829212298962	21	21	1	-0.00394862999506
3	mouse34	-0.366189046915	42	42	1	-0.00871878683131
3	mouse35	-0.701606253909	32	32	1	-0.0219251954347
3	mouse36	-0.218674686502	35	35	1	-0.00624784818576
3	mouse38	0.377001064856	36	36	1	0.0104722518015
3	mouse4	-0.0801673751333	27	27	1	-0.00296916204198
3	mouse42	-0.75867844434	20	20	1	-0.037933922217
3	mouse44	-0.00621064962942	27	27	1	-0.000230024060349
3	mouse45	-1.02129742727	28	28	1	-0.0364749081166
3	mouse52	0.194571342916	40	41	0.975609756098	0.00486428357291
3	mouse54	0.366834085808	35	35	1	0.0104809738802
3	mouse55	-0.285261681779	23	23	1	-0.0124026818165
3	mouse6	-0.220895880669	31	31	1	-0.00712567356996
3	mouse60	-0.181642534376	52	54	0.962962962963	-0.00349312566108
3	mouse62	0.373989694453	77	77	1	0.00485700901887
3	mouse63	-0.219731311049	68	68	1	-0.00323134280954
3	mouse67	-0.00448694465341	62	62	1	-7.23700750549e-05
3	mouse68	0.931552689984	67	67	1	0.0139037714923
3	mouse69	0.335682923385	36	37	0.972972972973	0.00932452564958
3	mouse7	-0.0353690751589	42	42	1	-0.000842120837118
3	mouse70	0.489295287838	63	63	1	0.00776659187045
3	mouse72	-0.229732590712	86	86	1	-0.00267130919433
3	mouse73	0.130630581281	46	46	1	0.00283979524525
3	mouse74	0.0544980645916	41	41	1	0.0013292210876
3	mouse75	-0.767537112376	25	25	1	-0.030701484495
3	mouse76	0.254005639683	62	62	1	0.00409686515617
3	mouse8	-0.101485175277	41	41	1	-0.0024752481775
3	mouse9	-0.221725407399	59	59	1	-0.00375805775252
4	mouse11	-0.910847026035	42	42	1	-0.0216868339532
4	mouse12	0.373370013116	30	30	1	0.0124456671039
4	mouse13	-0.254547706138	58	58	1	-0.0043887535541
4	mouse14	-0.49010345756	24	24	1	-0.0204209773983
4	mouse15	0.813547433761	39	39	1	0.0208601906093
4	mouse16	-0.138756747359	21	21	1	-0.00660746415996
4	mouse17	-0.205762067663	20	20	1	-0.0102881033831
4	mouse18	-0.139360784501	39	39	1	-0.00357335344874
4	mouse19	-0.0403795529862	37	38	0.973684210526	-0.0010913392699
4	mouse20	0.551522303884	57	57	1	0.00967582989271
4	mouse21	0.362114035191	37	39	0.948717948718	0.00978686581597
4	mouse22	-0.336638825991	30	30	1	-0.0112212941997
4	mouse23	0.78939991071	59	60	0.983333333333	0.0133796595036
4	mouse26	-0.000412210013696	23	23	1	-1.79221745085e-05
4	mouse31	0.371502602408	24	24	1	0.0154792751003
4	mouse34	0.337838419406	27	27	1	0.0125125340521
4	mouse35	-1.60028177834	35	35	1	-0.045722336524
4	mouse37	-0.36372405571	21	21	1	-0.017320193129
4	mouse38	-1.03712101512	37	37	1	-0.0280302977061
4	mouse4	0.204175893553	33	33	1	0.00618714828949
4	mouse41	0.200418753089	22	22	1	0.00910994332224
4	mouse44	0.183450275408	28	28	1	0.00655179555028
4	mouse45	-0.368363033229	44	44	1	-0.00837188711883
4	mouse52	0.203603374685	48	48	1	0.00424173697261
4	mouse54	-0.0642402336922	39	39	1	-0.00164718547929
4	mouse55	-0.187938273792	37	37	1	-0.00507941280518
4	mouse57	0.838962234607	21	21	1	0.0399505826003
4	mouse6	0.283312413592	31	31	1	0.00913911011586
4	mouse60	-0.850979485854	53	53	1	-0.0160562167142
4	mouse62	1.48464166029	68	68	1	0.0218329655925
4	mouse63	0.998669126787	75	77	0.974025974026	0.0133155883572
4	mouse67	0.40377542797	58	59	0.983050847458	0.00696164530984
4	mouse68	0.687322871497	77	77	1	0.00892627105841
4	mouse69	0.324486943521	29	30	0.966666666667	0.011189204949
4	mouse7	-0.0204726006864	46	46	1	-0.00044505653666
4	mouse70	-0.31007416873	42	42	1	-0.00738271830309
4	mouse71	-0.867845765207	23	23	1	-0.0377324245742
4	mouse72	0.35341061345	85	85	1	0.00415777192294
4	mouse73	-0.543920122932	43	43	1	-0.0126493051845
4	mouse74	-0.148155687999	37	38	0.973684210526	-0.00400420778377
4	mouse75	0.151485201093	23	23	1	0.00658631309102
4	mouse76	-0.190204152729	49	50	0.98	-0.00388171740264
4	mouse8	1.06132627987	37	37	1	0.0286844940506
4	mouse9	-0.812959589109	40	40	1	-0.0203239897277
5	mouse10	0.600208771359	23	23	1	0.0260960335374
5	mouse11	-0.4249506908	50	50	1	-0.00849901381601
5	mouse12	-0.131615702436	30	31	0.967741935484	-0.0043871900812
5	mouse13	0.169530550257	35	35	1	0.00484373000735
5	mouse15	-0.300740294906	25	25	1	-0.0120296117963
5	mouse17	-0.448329299176	22	22	1	-0.020378604508
5	mouse18	0.386414599372	42	42	1	0.00920034760409
5	mouse19	-0.373368487606	25	25	1	-0.0149347395042
5	mouse20	-0.705740100727	38	38	1	-0.0185721079139
5	mouse21	0.756747385908	35	35	1	0.0216213538831
5	mouse22	-0.338804145714	35	35	1	-0.00968011844896
5	mouse23	-0.404703023195	57	57	1	-0.00710005303851
5	mouse25	-0.07761519653	22	22	1	-0.00352796347864
5	mouse26	0.561086621207	22	22	1	0.0255039373276
5	mouse31	0.239063591972	23	23	1	0.0103940692162
5	mouse34	0.0910257395069	38	38	1	0.00239541419755
5	mouse35	-0.211671937993	26	27	0.962962962963	-0.00814122838435
5	mouse36	0.148950699448	31	31	1	0.00480486127252
5	mouse38	-0.301743906001	31	31	1	-0.00973367438714
5	mouse4	0.0702824406499	32	32	1	0.00219632627031
5	mouse41	0.581154304878	22	23	0.95652173913	0.0264161047672
5	mouse44	-0.765745919951	37	37	1	-0.0206958356744
5	mouse45	0.671255187289	32	32	1	0.0209767246028
5	mouse52	0.848062523855	25	25	1	0.0339225009542
5	mouse54	0.547401481124	49	49	1	0.0111714587985
5	mouse55	-0.434049083714	40	40	1	-0.0108512270929
5	mouse6	0.086788265459	20	20	1	0.00433941327295
5	mouse60	0.972467550973	55	55	1	0.0176812281995
5	mouse62	-0.100713852892	74	74	1	-0.00136099801205
5	mouse63	-0.453346234663	61	62	0.983870967742	-0.00743190548629
5	mouse67	-1.23122195655	52	52	1	-0.0236773453183
5	mouse68	0.47710807028	66	66	1	0.00722891015575
5	mouse69	-0.265544241465	39	39	1	-0.00680882670424
5	mouse7	0.0880111578585	40	41	0.975609756098	0.00220027894646
5	mouse70	-0.238604158653	39	39	1	-0.00611805535009
5	mouse72	-0.62370450487	57	57	1	-0.010942184296
5	mouse73	-0.360018306502	52	52	1	-0.00692342897119
5	mouse74	-0.302737397925	34	34	1	-0.00890404111545
5	mouse75	0.108971439382	24	24	1	0.00454047664094
5	mouse76	0.956340655806	73	73	1	0.0131005569288
5	mouse8	-0.193095782944	20	20	1	-0.00965478914722
5	mouse9	-0.576565924259	50	50	1	-0.0115313184852
6	mouse1	0.0225435513445	22	22	1	0.00102470687929
6	mouse10	0.207984541162	35	35	1	0.00594241546176
6	mouse11	-0.627383840371	75	75	1	-0.00836511787161
6	mouse12	-0.0868833719803	35	36	0.972222222222	-0.00248238205658
6	mouse13	-0.663898127544	48	48	1	-0.0138312109905
6	mouse14	0.405572761976	22	22	1	0.0184351255444
6	mouse15	0.275053080432	46	46	1	0.005979414792
6	mouse16	1.47440401655	43	43	1	0.0342884655012
6	mouse17	0.561472776294	29	29	1	0.019361130217
6	mouse18	-0.409394724744	57	57	1	-0.007182363592
6	mouse19	0.49682517019	40	41	0.975609756098	0.0124206292547
6	mouse20	-0.81899926027	59	60	0.983333333333	-0.0138813433944
6	mouse21	-0.127722141005	40	40	1	-0.00319305352512
6	mouse22	-0.498451885165	44	44	1	-0.0113284519356
6	mouse23	-0.0571324479565	70	70	1	-0.000816177827949
6	mouse25	0.344523845134	22	23	0.95652173913	0.0156601747788
6	mouse26	-0.410089581771	26	26	1	-0.015772676222
6	mouse29	0.145600191226	24	24	1	0.00606667463442
6	mouse31	-1.02551765384	21	21	1	-0.0488341739923
6	mouse34	0.465201950932	41	41	1	0.0113463890471
6	mouse35	-0.175857582004	40	41	0.975609756098	-0.00439643955009
6	mouse37	0.556922101866	20	20	1	0.0278461050933
6	mouse38	1.02736716259	51	51	1	0.0201444541684
6	mouse4	-0.259407930459	45	45	1	-0.00576462067687
6	mouse41	-0.118617789286	23	23	1	-0.00515729518634
6	mouse44	0.932330052349	33	34	0.970588235294	0.0282524258288
6	mouse45	-0.589637969396	58	58	1	-0.0101661718861
6	mouse52	0.665701599894	66	66	1	0.0100863878772
6	mouse54	0.170828722624	38	39	0.974358974359	0.00449549270064
6	mouse55	-0.539896119145	46	46	1	-0.0117368721553
6	mouse56	0.112684483919	21	21	1	0.00536592780569
6	mouse6	0.539381114759	39	39	1	0.0138302849938
6	mouse60	0.63731478371	78	79	0.987341772152	0.00817070235526
6	mouse61	-0.000552389652764	23	23	1	-2.40169414245e-05
6	mouse62	0.428270749621	79	79	1	0.00542114872938
6	mouse63	-1.15958927595	98	98	1	-0.0118325436322
6	mouse67	0.823578405667	72	72	1	0.0114385889676
6	mouse68	1.41774159767	98	98	1	0.0144667509966
6	mouse69	1.01861726877	54	54	1	0.018863282755
6	mouse7	-0.539850709861	46	46	1	-0.011735884997
6	mouse70	-0.86084241097	59	59	1	-0.0145905493385
6	mouse71	0.379433023556	20	21	0.952380952381	0.0189716511778
6	mouse72	-0.223651560303	96	96	1	-0.00232970375316
6	mouse73	-1.27328877605	63	63	1	-0.0202109329532
6	mouse74	0.727602896916	48	49	0.979591836735	0.0151583936857
6	mouse75	0.450327564624	28	28	1	0.016083127308
6	mouse76	0.894135954298	91	91	1	0.00982566982745
6	mouse8	-0.453163281466	41	41	1	-0.0110527629626
6	mouse9	0.196570571578	71	71	1	0.00276859959969
7	mouse10	-0.13270171151	23	23	1	-0.00576963963085
7	mouse11	-0.307066392422	48	48	1	-0.00639721650879
7	mouse12	-0.0399454454816	44	44	1	-0.000907851033674
7	mouse13	-1.28667123401	40	40	1	-0.0321667808503
7	mouse14	-0.554216535896	26	26	1	-0.0213160206114
7	mouse15	-0.583751918999	35	35	1	-0.0166786262571
7	mouse16	1.18382457278	24	24	1	0.0493260238657
7	mouse18	0.778219778871	52	53	0.981132075472	0.0149657649783
7	mouse19	-0.11273085358	36	36	1	-0.00313141259943
7	mouse20	0.881234973729	48	48	1	0.0183590619527
7	mouse21	-0.45185202716	26	27	0.962962962963	-0.0173789241216
7	mouse22	-0.183820378092	35	35	1	-0.00525201080264
7	mouse23	0.242478984743	63	63	1	0.0038488727737
7	mouse24	-0.000701687250241	31	32	0.96875	-2.26350725884e-05
7	mouse25	-0.132641955243	29	29	1	-0.00457386052562
7	mouse26	0.270616211382	22	22	1	0.012300736881
7	mouse34	0.270056020868	30	30	1	0.00900186736228
7	mouse35	-0.244287269833	25	25	1	-0.00977149079332
7	mouse38	-0.306051165144	21	22	0.954545454545	-0.0145738650069
7	mouse4	0.572688239136	31	32	0.96875	0.0184738141657
7	mouse44	-0.826771796675	30	30	1	-0.0275590598892
7	mouse45	-0.415844392261	34	34	1	-0.0122307174195
7	mouse52	-0.764972582644	33	33	1	-0.0231809873528
7	mouse54	0.0917111945176	21	21	1	0.00436719973893
7	mouse55	-0.720555941302	47	47	1	-0.0153309774745
7	mouse6	-0.100880657217	42	42	1	-0.00240192040993
7	mouse60	0.0377540849906	60	60	1	0.000629234749844
7	mouse61	-0.83439097659	20	20	1	-0.0417195488295
7	mouse62	-0.394217671482	68	68	1	-0.00579731869826
7	mouse63	-0.608226908066	63	64	0.984375	-0.00965439536613
7	mouse67	0.289457453406	65	65	1	0.00445319159086
7	mouse68	0.199203439811	85	86	0.988372093023	0.00234356988012
7	mouse69	-0.435558784643	27	27	1	-0.0161318068386
7	mouse7	-0.612151186042	36	36	1	-0.0170041996123
7	mouse70	-0.155573982313	65	65	1	-0.00239344588173
7	mouse72	0.522302746249	66	66	1	0.00791367797347
7	mouse73	0.150551169073	39	40	0.975	0.00386028638649
7	mouse74	-0.998587532353	40	40	1	-0.0249646883088
7	mouse75	-0.0823014888476	26	26	1	-0.00316544187875
7	mouse76	-0.304456825661	64	64	1	-0.00475713790096
7	mouse8	-0.790544389046	33	34	0.970588235294	-0.0239558905772
7	mouse9	-0.377060701858	56	56	1	-0.0067332268189
8	mouse10	0.443714225525	32	32	1	0.0138660695477
8	mouse11	-0.157132879464	51	52	0.980769230769	-0.00308103685224
8	mouse12	0.260587772112	30	30	1	0.00868625907041
8	mouse13	0.28394797684	43	43	1	0.00660344132186
8	mouse14	-0.00786871845656	25	26	0.961538461538	-0.000314748738263
8	mouse15	0.260661900685	43	43	1	0.00606190466709
8	mouse16	0.394698280048	26	26	1	0.0151807030788
8	mouse18	0.740781802698	38	38	1	0.0194942579657
8	mouse19	-0.0659944211672	35	35	1	-0.00188555489049
8	mouse20	0.705614068946	42	42	1	0.0168003349749
8	mouse21	-0.739304284833	42	42	1	-0.0176024829722
8	mouse22	0.52670322606	36	36	1	0.0146306451683
8	mouse23	0.573840531576	55	55	1	0.0104334642105
8	mouse25	-0.545124478985	29	29	1	-0.0187973958271
8	mouse26	0.738997288736	25	25	1	0.0295598915494
8	mouse31	-0.107331823385	24	24	1	-0.00447215930769
8	mouse34	0.220651791978	26	26	1	0.00848660738376
8	mouse35	-0.312373700971	27	27	1	-0.0115693963323
8	mouse36	0.0664816805085	22	22	1	0.00302189456857
8	mouse38	0.347158786896	44	47	0.936170212766	0.00788997242945
8	mouse4	0.0942496050914	37	37	1	0.00254728662409
8	mouse44	-0.0472323429944	34	34	1	-0.00138918655866
8	mouse45	0.953938323197	33	33	1	0.0289072219151
8	mouse52	-0.484138527094	50	50	1	-0.00968277054188
8	mouse54	-0.395069329557	27	28	0.964285714286	-0.014632197391
8	mouse55	0.302992716678	30	30	1	0.0100997572226
8	mouse6	0.922305728512	27	27	1	0.0341594714264
8	mouse60	-0.159693807257	61	61	1	-0.00261793126651
8	mouse61	-0.459207744821	20	21	0.952380952381	-0.022960387241
8	mouse62	0.350292135417	66	67	0.985074626866	0.00530745659723
8	mouse63	-0.243273037183	69	69	1	-0.00352569619106
8	mouse67	-0.00371084087695	59	59	1	-6.28956080838e-05
8	mouse68	-1.0679667488	74	74	1	-0.0144319830919
8	mouse69	-0.816007013893	36	36	1	-0.022666861497
8	mouse7	-0.542413803137	43	43	1	-0.0126142744916
8	mouse70	0.100760936294	51	52	0.980769230769	0.00197570463321
8	mouse71	-0.833903437554	24	24	1	-0.0347459765648
8	mouse72	-0.754620267463	92	92	1	-0.00820239421155
8	mouse73	0.782819401916	48	49	0.979591836735	0.0163087375399
8	mouse74	-0.0835124397674	38	38	1	-0.00219769578335
8	mouse76	-0.988897581136	71	71	1	-0.0139281349456
8	mouse8	0.519728733901	38	38	1	0.0136770719448
8	mouse9	0.0939783965762	56	56	1	0.00167818565315
9	mouse10	0.672644714343	42	42	1	0.0160153503415
9	mouse11	0.3564649557	75	75	1	0.004752866076
9	mouse12	0.0913343599285	54	54	1	0.00169137703571
9	mouse13	0.288223502439	68	69	0.985507246377	0.00423858091822
9	mouse14	-0.0914922451729	33	34	0.970588235294	-0.00277249227797
9	mouse15	0.660361568894	38	38	1	0.0173779360235
9	mouse16	-0.694248406725	27	28	0.964285714286	-0.0257129039528
9	mouse17	-0.254341381332	36	36	1	-0.00706503837034
9	mouse18	-0.336928653217	78	79	0.987341772152	-0.00431959811817
9	mouse19	-1.11652817778	46	46	1	-0.0242723516909
9	mouse20	0.135864027713	86	86	1	0.00157981427573
9	mouse21	-0.413828946982	58	58	1	-0.00713498184452
9	mouse22	0.269764889496	56	56	1	0.00481723016957
9	mouse23	-1.18752050811	93	94	0.989361702128	-0.0127690377216
9	mouse24	-0.262161759126	27	27	1	-0.00970969478246
9	mouse25	1.08171623175	35	35	1	0.03090617805
9	mouse26	-0.196275350681	37	37	1	-0.00530473920761
9	mouse29	0.445435809149	29	29	1	0.0153598554879
9	mouse33	0.0597766742414	20	20	1	0.00298883371207
9	mouse34	0.345779069322	64	64	1	0.00540279795816
9	mouse35	-0.182532778024	57	58	0.98275862069	-0.00320232943901
9	mouse36	0.958528853793	33	34	0.970588235294	0.0290463289028
9	mouse37	0.736267283018	25	25	1	0.0294506913207
9	mouse38	-0.110128944669	55	55	1	-0.00200234444854
9	mouse4	0.0738050761468	56	56	1	0.00131794778834
9	mouse41	0.615333937215	32	32	1	0.019229185538
9	mouse44	0.804936828949	38	38	1	0.0211825481302
9	mouse45	0.300035589235	44	44	1	0.00681899066443
9	mouse46	0.473764582261	20	20	1	0.023688229113
9	mouse52	0.268025143437	67	68	0.985294117647	0.00400037527517
9	mouse54	0.771190303814	56	57	0.982456140351	0.0137712554253
9	mouse55	0.922286032911	61	62	0.983870967742	0.0151194431625
9	mouse56	-0.148178088741	32	32	1	-0.00463056527316
9	mouse57	0.221618865113	36	36	1	0.00615607958646
9	mouse58	0.872917570926	20	22	0.909090909091	0.0436458785463
9	mouse6	-0.292252602994	41	41	1	-0.00712811226814
9	mouse60	-1.06342656605	89	89	1	-0.0119486131017
9	mouse61	0.520799925144	35	36	0.972222222222	0.0148799978613
9	mouse62	-0.874516309363	110	110	1	-0.00795014826693
9	mouse63	-0.321808066614	92	92	1	-0.00349791376754
9	mouse64	-0.374429028194	27	28	0.964285714286	-0.013867741785
9	mouse66	0.335716895843	25	25	1	0.0134286758337
9	mouse67	0.400821554549	93	95	0.978947368421	0.0043099091887
9	mouse68	1.01648391779	115	115	1	0.00883899058946
9	mouse69	-0.41730638762	60	60	1	-0.00695510646033
9	mouse7	0.472547730936	47	47	1	0.0100542070412
9	mouse70	0.96552217135	73	73	1	0.0132263311144
9	mouse71	0.947134319356	23	23	1	0.0411797530155
9	mouse72	-0.646435534919	108	108	1	-0.00598551421222
9	mouse73	-0.514147996836	77	78	0.987179487179	-0.00667724671216
9	mouse74	0.254874262568	43	43	1	0.0059273084318
9	mouse75	-0.291412925636	48	48	1	-0.00607110261741
9	mouse76	0.569277553671	105	105	1	0.00542169098734
9	mouse8	-0.363603836894	42	42	1	-0.00865723421176
9	mouse9	-0.310013223759	61	62	0.983870967742	-0.00508218399606
10	mouse10	0.182660106337	22	22	1	0.00830273210622
10	mouse11	0.458305231364	32	32	1	0.0143220384801
10	mouse12	-0.0206098927292	22	22	1	-0.000936813305871
10	mouse13	0.133036946194	36	37	0.972972972973	0.00369547072762
10	mouse14	-0.585667533397	21	21	1	-0.0278889301618
10	mouse15	0.644961257637	26	27	0.962962962963	0.0248062022168
10	mouse18	0.418115884451	47	49	0.959183673469	0.0088960826479
10	mouse19	-0.00627811582585	21	21	1	-0.000298957896469
10	mouse20	-0.376332678493	39	39	1	-0.00964955585878
10	mouse21	0.105557534724	25	25	1	0.00422230138897
10	mouse22	0.562090446374	29	29	1	0.0193824291853
10	mouse23	-0.0860644696065	44	44	1	-0.00195601067287
10	mouse33	0.0268235981547	22	22	1	0.00121925446158
10	mouse35	-0.18823993315	27	27	1	-0.00697184937594
10	mouse38	0.151536301376	24	25	0.96	0.00631401255731
10	mouse4	-0.223758712401	39	39	1	-0.00573740288207
10	mouse44	0.662805318848	20	20	1	0.0331402659424
10	mouse45	0.391726053621	27	27	1	0.0145083723563
10	mouse52	-0.186203992179	41	41	1	-0.00454156078485
10	mouse54	0.0732004354341	35	35	1	0.0020914410124
10	mouse55	0.197426141402	31	31	1	0.00636858520652
10	mouse56	-0.631766253983	21	21	1	-0.0300841073325
10	mouse6	-0.251333530798	27	27	1	-0.00930864928883
10	mouse60	-0.205696068693	44	47	0.936170212766	-0.00467491065211
10	mouse62	-0.778827534068	61	61	1	-0.0127676644929
10	mouse63	0.29379992201	44	44	1	0.00667727095476
10	mouse67	-0.298861368913	42	42	1	-0.00711574687888
10	mouse68	0.0478838315971	59	59	1	0.000811590366053
10	mouse69	-0.147749860612	28	28	1	-0.00527678073614
10	mouse7	-0.0677054807071	30	30	1	-0.0022568493569
10	mouse70	0.32159961667	38	38	1	0.0084631478071
10	mouse72	-0.00952301370066	59	59	1	-0.000161407011876
10	mouse73	0.612638255242	45	45	1	0.0136141834498
10	mouse74	0.122000327256	43	43	1	0.00283721691292
10	mouse75	0.13950436593	22	22	1	0.00634110754225
10	mouse76	0.0956177153822	48	48	1	0.00199203573713
10	mouse8	-0.855829881772	28	29	0.965517241379	-0.0305653529204
10	mouse9	0.327181081975	37	37	1	0.00884273194527
11	mouse11	-0.0194609019657	32	32	1	-0.000608153186428
11	mouse12	-0.532390457082	21	21	1	-0.0253519265277
11	mouse13	-0.0572597207368	30	30	1	-0.00190865735789
11	mouse14	0.391847185214	35	36	0.972222222222	0.0111956338632
11	mouse15	-0.0262130557689	27	27	1	-0.000970853917367
11	mouse17	-0.509747582049	20	20	1	-0.0254873791025
11	mouse18	-0.19055891189	29	29	1	-0.00657099696174
11	mouse19	-0.301933710123	22	22	1	-0.013724259551
11	mouse20	0.671912486068	46	46	1	0.0146067931754
11	mouse21	0.22287897648	33	33	1	0.00675390837819
11	mouse22	0.177577879724	40	40	1	0.00443944699309
11	mouse23	-0.184249349271	53	53	1	-0.00347640281644
11	mouse25	0.229919581438	27	27	1	0.00851554005326
11	mouse34	-0.620311735483	30	31	0.967741935484	-0.0206770578494
11	mouse35	-0.565314910413	22	22	1	-0.0256961322915
11	mouse36	-0.0870676572211	24	24	1	-0.00362781905088
11	mouse38	0.331096833354	31	31	1	0.0106805430114
11	mouse4	-0.183000011822	38	38	1	-0.00481578978478
11	mouse44	0.478612771665	32	32	1	0.0149566491145
11	mouse45	-0.111585390886	31	31	1	-0.00359952873825
11	mouse52	-0.477057496598	36	36	1	-0.0132515971277
11	mouse54	0.473222054154	22	22	1	0.0215100933706
11	mouse55	1.01938158137	37	37	1	0.0275508535506
11	mouse6	0.605998801966	20	20	1	0.0302999400983
11	mouse60	0.885361265763	56	56	1	0.0158100226029
11	mouse62	-0.692442501188	50	51	0.980392156863	-0.0138488500238
11	mouse63	0.0885332934764	55	55	1	0.00160969624503
11	mouse67	-0.5327506597	40	41	0.975609756098	-0.0133187664925
11	mouse68	1.05615504945	75	75	1	0.014082067326
11	mouse69	0.532747932814	41	42	0.97619047619	0.0129938520198
11	mouse7	0.539852149907	25	25	1	0.0215940859963
11	mouse70	0.182840194879	59	59	1	0.00309898635388
11	mouse72	0.8250675792	62	62	1	0.0133075416
11	mouse73	0.123820156958	46	47	0.978723404255	0.00269174254257
11	mouse74	0.0190721079856	34	34	1	0.000560944352518
11	mouse75	0.841328709028	23	23	1	0.0365795090882
11	mouse76	0.322771571094	57	57	1	0.00566265914199
11	mouse8	-0.025184948201	21	21	1	-0.00119928324767
11	mouse9	-0.238296966811	47	49	0.959183673469	-0.00507014823001
12	mouse1	-0.809668717768	20	22	0.909090909091	-0.0404834358884
12	mouse10	-0.208306811603	28	28	1	-0.00743952898584
12	mouse11	0.214919369795	72	72	1	0.00298499124715
12	mouse12	0.364805799208	27	27	1	0.0135113258966
12	mouse13	-0.00281017462438	43	43	1	-6.53528982414e-05
12	mouse14	-0.688672373963	38	38	1	-0.0181229572096
12	mouse15	0.346819645204	38	39	0.974358974359	0.00912683276851
12	mouse16	0.46997456911	26	26	1	0.0180759449658
12	mouse18	0.215923177367	55	55	1	0.00392587595212
12	mouse19	-0.750476505098	37	37	1	-0.0202831487864
12	mouse20	-0.0144925340117	47	48	0.979166666667	-0.000308351787483
12	mouse21	-0.267846569204	48	51	0.941176470588	-0.00558013685842
12	mouse22	0.197416208859	38	38	1	0.00519516339101
12	mouse23	-1.08531959563	67	67	1	-0.0161987999347
12	mouse24	0.250987223488	20	20	1	0.0125493611744
12	mouse25	0.0677804870811	20	20	1	0.00338902435405
12	mouse29	0.418545306384	22	22	1	0.0190247866538
12	mouse31	0.0869736363821	20	20	1	0.0043486818191
12	mouse34	0.464566797402	39	39	1	0.0119119691642
12	mouse35	-0.28212069768	34	37	0.918918918919	-0.00829766757884
12	mouse37	-0.05834259394	28	28	1	-0.00208366406929
12	mouse38	0.729590220557	34	34	1	0.0214585358987
12	mouse4	0.53751191015	38	38	1	0.0141450502671
12	mouse44	-0.307016095736	49	49	1	-0.00626563460686
12	mouse45	0.0296011463267	42	42	1	0.000704789198254
12	mouse52	0.451882695415	50	50	1	0.0090376539083
12	mouse54	-0.465972345447	35	36	0.972222222222	-0.0133134955842
12	mouse55	-0.722086581941	42	43	0.976744186047	-0.0171925376653
12	mouse56	0.28452293194	24	25	0.96	0.0118551221642
12	mouse57	0.386019194467	24	25	0.96	0.0160841331028
12	mouse6	-0.135464608863	30	30	1	-0.00451548696211
12	mouse60	-0.137993979498	59	60	0.983333333333	-0.00233888100844
12	mouse62	-0.0881614543862	82	82	1	-0.00107513968764
12	mouse63	-0.1251518394	78	78	1	-0.00160451076154
12	mouse67	0.208606959416	65	65	1	0.00320933783716
12	mouse68	0.174598733331	84	85	0.988235294118	0.00207855634918
12	mouse69	-0.274652398194	42	42	1	-0.00653934281415
12	mouse7	-0.487069165975	34	35	0.971428571429	-0.0143255637052
12	mouse70	0.0190476058886	48	49	0.979591836735	0.000396825122679
12	mouse72	0.609624513678	83	83	1	0.00734487365877
12	mouse73	0.940975431997	45	47	0.957446808511	0.0209105651555
12	mouse74	-0.337733217356	46	46	1	-0.00734202646426
12	mouse75	-0.247908286197	30	30	1	-0.00826360953991
12	mouse76	0.971386532608	60	60	1	0.0161897755435
12	mouse8	-0.241896360467	35	35	1	-0.00691132458476
12	mouse9	0.421064746081	53	53	1	0.00794461785059
13	mouse11	0.668588429955	58	58	1	0.0115273867234
13	mouse12	0.306462993369	31	31	1	0.0098859030119
13	mouse13	-0.668984316641	34	34	1	-0.019676009313
13	mouse15	0.289049641878	27	28	0.964285714286	0.0107055422918
13	mouse16	-0.508691887799	26	26	1	-0.0195650726077
13	mouse17	0.575144040437	21	21	1	0.0273878114494
13	mouse18	-0.0733737398947	45	45	1	-0.00163052755322
13	mouse20	0.57611567163	39	39	1	0.0147721967085
13	mouse21	0.119971879936	36	36	1	0.00333255222046
13	mouse22	0.159862020527	22	22	1	0.00726645547852
13	mouse23	1.05732797331	43	43	1	0.024589022635
13	mouse24	0.017128834134	20	21	0.952380952381	0.000856441706701
13	mouse25	-0.355508698252	20	20	1	-0.0177754349126
13	mouse26	0.0857626748923	23	23	1	0.00372881195184
13	mouse34	0.29075091176	32	32	1	0.00908596599248
13	mouse36	0.0798187786342	22	22	1	0.00362812630155
13	mouse38	0.0108193364769	34	34	1	0.000318215778733
13	mouse4	0.28858504674	26	26	1	0.0110994248746
13	mouse44	-0.268791478024	24	24	1	-0.0111996449177
13	mouse45	0.578100861429	37	37	1	0.0156243476062
13	mouse52	-0.000528983046668	34	35	0.971428571429	-1.5558324902e-05
13	mouse54	0.643916712806	29	30	0.966666666667	0.0222040245795
13	mouse55	-0.265865307568	33	33	1	-0.00805652447176
13	mouse6	0.107292962642	30	30	1	0.00357643208805
13	mouse60	0.887136280452	57	57	1	0.0155637943939
13	mouse62	0.965523631591	56	56	1	0.0172414934213
13	mouse63	1.0070547161	67	67	1	0.0150306674044
13	mouse67	0.776417105294	47	48	0.979166666667	0.0165195128786
13	mouse68	-0.441007628204	48	48	1	-0.00918765892091
13	mouse69	0.0502701047004	31	31	1	0.00162161628066
13	mouse7	0.675298863872	30	30	1	0.0225099621291
13	mouse70	-0.161562079274	39	39	1	-0.00414261741729
13	mouse72	0.0261872805077	65	65	1	0.00040288123858
13	mouse73	-0.91769788148	46	46	1	-0.0199499539452
13	mouse74	0.916457365292	42	43	0.976744186047	0.0218204134593
13	mouse75	0.0898834442491	23	23	1	0.00390797583692
13	mouse76	0.267074671143	53	54	0.981481481481	0.00503914473855
13	mouse8	-0.235456248336	24	25	0.96	-0.00981067701398
13	mouse9	0.258488850956	45	45	1	0.0057441966879
14	mouse10	0.314507406003	25	25	1	0.0125802962401
14	mouse11	-0.135225959847	58	58	1	-0.00233148206633
14	mouse12	-0.589194031232	31	31	1	-0.019006259072
14	mouse13	0.0149199935592	33	33	1	0.000452121016945
14	mouse14	-0.0632461590468	29	29	1	-0.0021809020361
14	mouse15	0.122498326484	37	37	1	0.00331076558064
14	mouse16	0.532404852119	29	29	1	0.0183587880041
14	mouse18	0.713787256229	41	41	1	0.0174094452739
14	mouse19	0.14830051469	37	37	1	0.00400812201864
14	mouse20	-0.443361080898	40	40	1	-0.0110840270224
14	mouse21	0.374222011147	42	42	1	0.00891004788445
14	mouse22	-0.577652377491	35	35	1	-0.0165043536426
14	mouse23	-0.309082974477	47	49	0.959183673469	-0.0065762334995
14	mouse25	0.225345783849	37	37	1	0.0060904265905
14	mouse26	-0.0137191702529	35	35	1	-0.000391976292941
14	mouse34	0.784675841612	35	36	0.972222222222	0.0224193097603
14	mouse35	0.259594224555	23	23	1	0.0112867054154
14	mouse36	-0.179239150575	28	28	1	-0.00640139823481
14	mouse38	0.130408684593	32	32	1	0.00407527139354
14	mouse4	0.00119287860712	33	33	1	3.61478365793e-05
14	mouse44	0.0579246996329	27	27	1	0.00214535924566
14	mouse45	-0.807603693735	30	30	1	-0.0269201231245
14	mouse52	0.381629384007	35	35	1	0.0109036966859
14	mouse54	-1.30176027949	48	49	0.979591836735	-0.0271200058227
14	mouse55	0.338047989509	40	40	1	0.00845119973773
14	mouse57	-0.192636131828	20	21	0.952380952381	-0.00963180659141
14	mouse6	-0.164194544908	34	34	1	-0.00482925132084
14	mouse60	-0.119901657293	69	69	1	-0.00173770517816
14	mouse62	-1.72567841326	75	75	1	-0.0230090455101
14	mouse63	-0.273212015398	64	64	1	-0.00426893774059
14	mouse67	-0.63390136156	54	54	1	-0.011738914103
14	mouse68	-1.58103450085	89	89	1	-0.0177644325938
14	mouse69	-0.399832824218	37	38	0.973684210526	-0.0108062925464
14	mouse7	-0.754702660133	41	41	1	-0.0184073819545
14	mouse70	0.428038924192	54	55	0.981818181818	0.0079266467443
14	mouse72	-1.7862365028	67	67	1	-0.0266602463104
14	mouse73	0.108581773532	43	43	1	0.00252515752401
14	mouse74	0.245285499875	52	52	1	0.00471702884375
14	mouse75	0.252165648851	24	25	0.96	0.0105069020355
14	mouse76	-0.0763040694604	75	75	1	-0.00101738759281
14	mouse8	0.322481528237	37	38	0.973684210526	0.00871571697937
14	mouse9	-0.545994026201	61	61	1	-0.008950721741
15	mouse10	0.306486544178	42	42	1	0.00729729867091
15	mouse11	0.325839885403	68	69	0.985507246377	0.00479176302064
15	mouse12	0.200418286085	35	35	1	0.00572623674528
15	mouse13	-0.497495281961	49	51	0.960784313725	-0.010152964938
15	mouse14	-0.604490648355	32	32	1	-0.0188903327611
15	mouse15	0.618409352241	55	55	1	0.0112438064044
15	mouse16	0.634819433847	38	38	1	0.0167057745749
15	mouse17	0.245144059233	27	27	1	0.00907940960121
15	mouse18	-1.77699496644	49	49	1	-0.0362652033967
15	mouse19	0.264803416656	41	41	1	0.00645861991843
15	mouse20	0.358814754127	56	56	1	0.0064074063237
15	mouse21	0.545029539784	49	50	0.98	0.0111230518323
15	mouse22	0.0202234285865	56	56	1	0.000361132653331
15	mouse23	-0.0124160631604	87	87	1	-0.00014271336966
15	mouse24	0.233245864637	21	21	1	0.0111069459351
15	mouse25	-0.0481215601557	30	30	1	-0.00160405200519
15	mouse26	0.107019845682	41	41	1	0.00261024013858
15	mouse29	-0.267147162181	21	21	1	-0.0127212934372
15	mouse31	0.39364893532	32	32	1	0.0123015292288
15	mouse32	0.336055731556	27	28	0.964285714286	0.0124465085761
15	mouse33	0.203571345587	22	22	1	0.00925324298122
15	mouse34	0.0632190879784	51	51	1	0.00123958996036
15	mouse35	0.0466014018838	39	39	1	0.00119490774061
15	mouse36	0.117454600388	26	26	1	0.00451748463031
15	mouse37	-0.0523998531945	27	27	1	-0.0019407353035
15	mouse38	-1.07497023696	53	53	1	-0.0202824573012
15	mouse4	0.690253174672	53	53	1	0.0130236448051
15	mouse41	-0.55957948481	43	45	0.955555555556	-0.0130134763909
15	mouse42	0.150295403598	21	23	0.913043478261	0.00715692398088
15	mouse44	-0.306937897572	49	49	1	-0.00626403872596
15	mouse45	-0.511702600812	49	49	1	-0.0104429102206
15	mouse46	-0.345214710399	21	22	0.954545454545	-0.0164387957333
15	mouse52	0.422583838961	71	72	0.986111111111	0.00595188505579
15	mouse54	-0.191610590791	40	42	0.952380952381	-0.00479026476978
15	mouse55	0.508295786371	51	51	1	0.00996658404649
15	mouse57	0.528959340361	23	23	1	0.0229982321896
15	mouse6	-0.29741620588	44	44	1	-0.00675945922454
15	mouse60	-0.766333269719	80	80	1	-0.00957916587149
15	mouse61	1.06708009354	25	25	1	0.0426832037415
15	mouse62	-0.385686034179	84	84	1	-0.0045915004069
15	mouse63	-0.950505252359	80	80	1	-0.0118813156545
15	mouse64	0.192608168631	20	20	1	0.00963040843156
15	mouse67	-0.0782875790103	71	71	1	-0.00110264195789
15	mouse68	0.21898290772	88	89	0.988764044944	0.00248844213318
15	mouse69	0.189872102967	56	57	0.982456140351	0.00339057326727
15	mouse7	-0.13287974903	63	63	1	-0.00210920236555
15	mouse70	-0.341760313233	65	65	1	-0.00525785097281
15	mouse71	0.360124672533	26	26	1	0.0138509489436
15	mouse72	-0.479350109021	115	115	1	-0.00416826181757
15	mouse73	0.354916199279	75	77	0.974025974026	0.00473221599039
15	mouse74	0.224350099895	58	59	0.983050847458	0.0038681051706
15	mouse75	-0.207069620603	31	31	1	-0.00667966518074
15	mouse76	-0.711741662575	87	87	1	-0.00818093865029
15	mouse8	0.852898276887	47	47	1	0.0181467718487
15	mouse9	-1.05176896689	79	79	1	-0.0133135312265
16	mouse10	0.153271321009	29	29	1	0.00528521796581
16	mouse11	0.346331476976	35	35	1	0.00989518505645
16	mouse13	-0.0719602351645	28	28	1	-0.00257000839873
16	mouse15	-0.00739961453817	25	25	1	-0.000295984581527
16	mouse18	-0.0715941406601	34	34	1	-0.00210571001941
16	mouse19	0.107897866984	26	26	1	0.00414991796093
16	mouse20	0.12071299703	31	31	1	0.00389396764613
16	mouse21	-0.131081687022	25	25	1	-0.00524326748086
16	mouse22	0.0664742684482	25	25	1	0.00265897073793
16	mouse23	-0.45648654898	43	43	1	-0.0106159662553
16	mouse34	-0.119227414098	35	35	1	-0.00340649754565
16	mouse35	0.476657589856	27	27	1	0.0176539848095
16	mouse4	-0.251711614349	27	27	1	-0.00932265238329
16	mouse45	0.032784523275	33	33	1	0.000993470402272
16	mouse52	0.124182840647	24	24	1	0.00517428502695
16	mouse54	-0.0744860944166	21	21	1	-0.00354695687698
16	mouse55	-0.0813703161214	27	27	1	-0.0030137154119
16	mouse60	-0.192961037717	30	31	0.967741935484	-0.00643203459055
16	mouse62	-0.105877527774	38	38	1	-0.00278625073089
16	mouse63	0.369596130558	61	61	1	0.00605895295997
16	mouse67	-0.1363569767	33	33	1	-0.00413202959698
16	mouse68	0.462370095498	53	53	1	0.008723964066
16	mouse7	0.00376726195774	26	26	1	0.000144894690682
16	mouse70	0.788513544451	32	32	1	0.0246410482641
16	mouse72	0.776999679297	51	51	1	0.0152352878294
16	mouse73	-0.882401152129	36	37	0.972972972973	-0.0245111431147
16	mouse74	-0.0524557520616	22	22	1	-0.00238435236643
16	mouse75	0.365853522094	29	29	1	0.0126156386929
16	mouse76	-0.175102938663	42	42	1	-0.00416911758721
16	mouse8	0.282688767377	22	22	1	0.0128494894262
16	mouse9	0.275886477452	41	41	1	0.00672893847443
17	mouse10	-1.12087097269	28	28	1	-0.0400311061676
17	mouse11	0.343576402487	46	46	1	0.00746905222798
17	mouse12	-0.437616524244	22	22	1	-0.0198916601929
17	mouse13	0.0435473976369	47	47	1	0.000926540375254
17	mouse14	-0.603364008867	23	23	1	-0.0262332177768
17	mouse15	-0.951463227049	28	28	1	-0.0339808295375
17	mouse16	0.38306780154	25	25	1	0.0153227120616
17	mouse18	0.438924015289	36	36	1	0.012192333758
17	mouse19	0.0403794682281	32	32	1	0.00126185838213
17	mouse20	-0.177121314203	38	38	1	-0.00466108721587
17	mouse21	0.209579871865	36	36	1	0.00582166310737
17	mouse22	0.193921671107	32	32	1	0.00606005222209
17	mouse23	-0.0334093806361	60	61	0.983606557377	-0.000556823010601
17	mouse25	0.414915481734	24	24	1	0.0172881450723
17	mouse26	0.0249580060033	29	29	1	0.000860620896666
17	mouse31	0.485329188719	21	21	1	0.0231109137485
17	mouse33	0.248256393915	23	24	0.958333333333	0.0107937562572
17	mouse34	0.307165424977	35	35	1	0.00877615499933
17	mouse35	-0.386889348486	23	26	0.884615384615	-0.0168212760211
17	mouse36	0.378755800666	20	20	1	0.0189377900333
17	mouse38	0.235156486962	39	39	1	0.00602965351185
17	mouse4	-0.0820476352658	27	28	0.964285714286	-0.00303880130614
17	mouse44	-0.339071528596	27	27	1	-0.0125582047628
17	mouse45	-0.035971496265	35	35	1	-0.00102775703614
17	mouse52	-0.440556215343	35	35	1	-0.0125873204384
17	mouse54	-0.233925500111	35	35	1	-0.00668358571745
17	mouse55	0.243148250641	31	31	1	0.00784349195616
17	mouse6	0.202160037055	30	30	1	0.00673866790184
17	mouse60	-0.0131836747177	64	64	1	-0.000205994917464
17	mouse62	0.25304061208	64	64	1	0.00395375956375
17	mouse63	-0.173275342628	58	58	1	-0.00298750590738
17	mouse67	0.0639983615209	52	53	0.981132075472	0.00123073772155
17	mouse68	0.388206864513	87	87	1	0.00446214786797
17	mouse69	0.0988259425871	33	33	1	0.00299472553294
17	mouse7	0.239700235513	32	32	1	0.00749063235977
17	mouse70	-0.633857875896	47	47	1	-0.013486337785
17	mouse72	-0.436808794485	91	91	1	-0.00480009664269
17	mouse73	-0.305334873608	48	48	1	-0.00636114320016
17	mouse74	0.58958321119	36	36	1	0.0163773114219
17	mouse75	-0.291018490327	29	29	1	-0.0100351203561
17	mouse76	0.491930626312	63	63	1	0.00780842263987
17	mouse8	0.309910872895	35	35	1	0.00885459636843
17	mouse9	0.238839809154	36	36	1	0.00663443914316
18	mouse10	-0.228279799122	30	30	1	-0.00760932663742
18	mouse11	-0.541960747353	55	55	1	-0.00985383177006
18	mouse12	-0.0897475347736	31	31	1	-0.00289508176689
18	mouse13	0.0448148576555	34	34	1	0.00131808404869
18	mouse14	0.0306515000431	28	31	0.903225806452	0.00109469643011
18	mouse15	0.20208067257	34	34	1	0.00594354919324
18	mouse16	0.242678636873	21	21	1	0.0115561255654
18	mouse18	-0.98357480546	42	42	1	-0.023418447749
18	mouse19	0.317988427104	31	31	1	0.0102576911969
18	mouse20	0.150244903785	50	51	0.980392156863	0.0030048980757
18	mouse21	-0.763486642891	27	27	1	-0.0282772830701
18	mouse22	0.00264030689673	42	42	1	6.28644499222e-05
18	mouse23	0.580527822637	49	49	1	0.0118475065844
18	mouse25	-0.200184321668	29	29	1	-0.00690290764372
18	mouse26	0.719337554899	23	24	0.958333333333	0.0312755458652
18	mouse34	-0.4935875554	33	34	0.970588235294	-0.0149571986485
18	mouse35	-0.274733613491	25	25	1	-0.0109893445396
18	mouse36	0.0887956711576	20	21	0.952380952381	0.00443978355788
18	mouse38	0.282852809356	37	37	1	0.00764467052313
18	mouse4	0.0617665206622	31	31	1	0.00199246840846
18	mouse44	-0.338785175645	32	32	1	-0.0105870367389
18	mouse45	1.07247287168	38	38	1	0.0282229703075
18	mouse52	0.559021844303	44	45	0.977777777778	0.012705041916
18	mouse54	0.597628224655	36	36	1	0.0166007840182
18	mouse55	-0.0376282311546	39	39	1	-0.000964826439861
18	mouse57	0.309402271347	20	20	1	0.0154701135674
18	mouse6	0.454742460657	24	25	0.96	0.0189476025274
18	mouse60	0.0280762174192	59	59	1	0.000475868091851
18	mouse61	0.229754115572	20	20	1	0.0114877057786
18	mouse62	-1.06704673494	59	59	1	-0.0180855378804
18	mouse63	-0.0966236125761	77	78	0.987179487179	-0.00125485211138
18	mouse67	0.565392263622	61	61	1	0.00926872563315
18	mouse68	0.300538318829	88	88	1	0.00341520816852
18	mouse69	0.753365263339	42	42	1	0.0179372681747
18	mouse7	0.801486073886	47	47	1	0.0170528951891
18	mouse70	-0.00100453542344	46	46	1	-2.18377265966e-05
18	mouse71	0.266967615845	21	21	1	0.0127127436117
18	mouse72	-0.721334317498	75	75	1	-0.00961779089998
18	mouse73	-0.273907466236	54	54	1	-0.00507236048585
18	mouse74	-0.0540069726021	34	34	1	-0.00158844037065
18	mouse75	-0.0758103181457	25	25	1	-0.00303241272583
18	mouse76	-0.939612844854	80	80	1	-0.0117451605607
18	mouse8	-0.0668324449735	29	29	1	-0.00230456706805
18	mouse9	-0.166340058602	59	59	1	-0.00281932302715
19	mouse10	-0.153594441554	23	23	1	-0.00667801919801
19	mouse11	0.705030419382	50	50	1	0.0141006083876
19	mouse12	-0.304413110884	25	25	1	-0.0121765244354
19	mouse13	0.0683653802474	31	31	1	0.00220533484669
19	mouse15	0.831405208815	41	41	1	0.0202781758247
19	mouse16	-0.197608737318	21	21	1	-0.00940993987227
19	mouse18	-0.39025213618	40	40	1	-0.0097563034045
19	mouse19	0.210677957689	26	26	1	0.00810299837267
19	mouse20	0.0297835154091	39	39	1	0.000763679882285
19	mouse21	0.367023457911	24	25	0.96	0.0152926440796
19	mouse22	0.0143439383414	25	25	1	0.000573757533655
19	mouse23	0.181229000919	49	49	1	0.00369855103916
19	mouse25	-0.178360557191	24	25	0.96	-0.00743168988297
19	mouse31	-0.0922547920777	23	23	1	-0.00401107791642
19	mouse34	-0.0530342976659	38	38	1	-0.00139563941226
19	mouse35	0.0869655433323	27	28	0.964285714286	0.00322094604934
19	mouse36	-0.226874913302	32	33	0.969696969697	-0.0070898410407
19	mouse38	0.68318812929	28	28	1	0.0243995760461
19	mouse4	0.0994812009274	37	37	1	0.00268868110615
19	mouse41	-0.143452581657	25	25	1	-0.00573810326626
19	mouse44	-0.0732227901249	21	21	1	-0.00348679952976
19	mouse45	-0.16095212971	22	23	0.95652173913	-0.00731600589593
19	mouse52	1.08913726044	44	44	1	0.0247531195555
19	mouse54	-0.168757186018	39	39	1	-0.00432710733379
19	mouse55	0.356926055111	33	33	1	0.010815941064
19	mouse6	-0.28256736798	22	22	1	-0.0128439712718
19	mouse60	-1.61795647457	51	52	0.980769230769	-0.0317246367562
19	mouse62	-0.00157895182151	53	53	1	-2.97915438022e-05
19	mouse63	0.345890208875	56	56	1	0.00617661087277
19	mouse67	-1.14546697162	46	46	1	-0.0249014559049
19	mouse68	0.0924735965556	66	66	1	0.00140111509933
19	mouse69	-0.0231212870698	35	36	0.972222222222	-0.000660608201993
19	mouse7	-1.02841767961	26	26	1	-0.0395545261389
19	mouse70	-0.638536956138	37	37	1	-0.0172577555713
19	mouse71	0.455052161941	20	20	1	0.0227526080971
19	mouse72	-0.373416053795	77	77	1	-0.0048495591402
19	mouse73	-0.0651468796133	45	45	1	-0.00144770843585
19	mouse74	0.105757916176	31	32	0.96875	0.0034115456831
19	mouse76	0.703480164263	61	61	1	0.0115324617092
19	mouse8	0.613619683768	36	36	1	0.0170449912158
19	mouse9	-0.129627100266	40	40	1	-0.00324067750666
20	mouse10	-0.313972975252	32	32	1	-0.00981165547664
20	mouse11	1.1180698332	63	63	1	0.0177471402096
20	mouse12	-0.311934456628	33	33	1	-0.00945255929176
20	mouse13	0.7059313467	40	40	1	0.0176482836675
20	mouse14	0.700473339153	24	24	1	0.0291863891314
20	mouse15	-0.00284283117699	33	33	1	-8.61463993027e-05
20	mouse16	0.136399948882	32	33	0.969696969697	0.00426249840256
20	mouse18	-0.517543239306	49	49	1	-0.0105621069246
20	mouse19	-0.712356907555	38	38	1	-0.0187462344093
20	mouse20	-0.556066772796	42	42	1	-0.0132396850666
20	mouse21	-0.906854369923	32	32	1	-0.0283391990601
20	mouse22	-0.699871375515	44	44	1	-0.0159061676253
20	mouse23	0.469283826408	62	62	1	0.00756909397432
20	mouse24	0.380378084614	24	24	1	0.0158490868589
20	mouse25	0.524903597778	31	31	1	0.0169323741219
20	mouse29	0.279446593646	20	20	1	0.0139723296823
20	mouse31	0.743863522739	28	28	1	0.0265665543835
20	mouse34	0.177861765562	37	38	0.973684210526	0.00480707474491
20	mouse35	0.431067258079	28	28	1	0.0153952592171
20	mouse36	-0.224231832347	23	23	1	-0.00974921010203
20	mouse38	-1.228870726	34	34	1	-0.036143256647
20	mouse4	-0.921297929767	42	42	1	-0.0219356649945
20	mouse44	-0.834036362662	33	33	1	-0.0252738291716
20	mouse45	-0.384803693346	38	38	1	-0.0101264129828
20	mouse52	0.158116596447	34	34	1	0.0046504881308
20	mouse54	-0.22394652901	33	33	1	-0.00678625845486
20	mouse55	-0.330495724918	42	42	1	-0.00786894583138
20	mouse6	0.221127085342	24	24	1	0.0092136285559
20	mouse60	-0.106821812673	53	53	1	-0.00201550589949
20	mouse61	-0.484897447042	20	20	1	-0.0242448723521
20	mouse62	-0.705702642751	87	88	0.988636363636	-0.00811152462933
20	mouse63	0.770002175407	59	59	1	0.0130508843289
20	mouse67	0.152823980809	76	76	1	0.00201084185274
20	mouse68	1.2270316908	97	97	1	0.0126498112454
20	mouse69	0.136279674865	42	42	1	0.00324475416345
20	mouse7	-0.25656809649	43	43	1	-0.00596669991838
20	mouse70	-0.220568767999	49	49	1	-0.00450140342856
20	mouse72	0.706303611636	91	91	1	0.00776157814985
20	mouse73	0.291644224362	71	71	1	0.00410766513186
20	mouse74	0.171815334937	40	40	1	0.00429538337342
20	mouse75	0.323302216744	28	28	1	0.0115465077408
20	mouse76	-0.756531296959	64	64	1	-0.011820801515
20	mouse8	-0.115775460296	35	35	1	-0.00330787029416
20	mouse9	0.997905442167	39	39	1	0.0255873190299
21	mouse10	0.0339341932287	35	36	0.972222222222	0.000969548377962
21	mouse11	0.311839655759	51	52	0.980769230769	0.00611450305409
21	mouse12	-0.226671617914	31	31	1	-0.00731198767463
21	mouse13	-0.0404390834804	52	52	1	-0.000777674682316
21	mouse14	1.019351664	31	31	1	0.0328823117419
21	mouse15	-0.0832949720057	39	39	1	-0.00213576851297
21	mouse16	0.172611536946	26	26	1	0.00663890526716
21	mouse17	1.00155692278	25	25	1	0.040062276911
21	mouse18	1.20296928888	64	64	1	0.0187963951388
21	mouse19	0.0150382511308	32	32	1	0.000469945347838
21	mouse20	0.9232650615	57	57	1	0.0161976326579
21	mouse21	-0.738840281385	31	31	1	-0.023833557464
21	mouse22	0.255175530315	49	49	1	0.00520766388399
21	mouse23	0.567122542685	82	82	1	0.00691612856933
21	mouse24	0.257820564174	21	21	1	0.0122771697226
21	mouse25	0.418427217486	26	27	0.962962962963	0.0160933545187
21	mouse26	-0.393475321494	35	35	1	-0.0112421520427
21	mouse29	-0.123707616929	24	24	1	-0.00515448403873
21	mouse3	-0.199462369044	26	27	0.962962962963	-0.00767162957862
21	mouse31	0.146648101278	23	23	1	0.0063760044034
21	mouse33	0.791323762446	28	29	0.965517241379	0.0282615629445
21	mouse34	-0.414407571985	39	40	0.975	-0.0106258351791
21	mouse35	1.09307788014	41	42	0.97619047619	0.026660436101
21	mouse36	-0.782339319228	32	33	0.969696969697	-0.0244481037259
21	mouse38	0.00592822535691	34	34	1	0.000174359569321
21	mouse4	-1.09861350787	48	48	1	-0.022887781414
21	mouse41	-0.923608733239	27	27	1	-0.0342077308607
21	mouse44	-0.767249501631	29	29	1	-0.0264568793666
21	mouse45	0.37010812149	32	33	0.969696969697	0.0115658787966
21	mouse52	0.669706883461	46	48	0.958333333333	0.0145588452926
21	mouse54	0.228352282981	49	49	1	0.00466025067308
21	mouse55	-0.0160229580248	45	45	1	-0.000356065733883
21	mouse56	-0.179228366729	20	20	1	-0.00896141833646
21	mouse57	-0.682897420109	25	25	1	-0.0273158968044
21	mouse6	0.100342060949	38	38	1	0.00264058055128
21	mouse60	-1.22985656159	83	83	1	-0.0148175489348
21	mouse61	-0.0810932659077	26	26	1	-0.00311897176568
21	mouse62	0.861782768674	96	96	1	0.00897690384036
21	mouse63	0.469682063045	90	90	1	0.00521868958939
21	mouse67	-0.39492143379	58	58	1	-0.00680899023776
21	mouse68	0.830594124084	83	83	1	0.0100071581215
21	mouse69	-0.649440066391	58	59	0.983050847458	-0.011197242524
21	mouse7	0.247157019573	51	51	1	0.00484621607007
21	mouse70	-0.711119189488	66	66	1	-0.0107745331741
21	mouse72	0.326199255845	83	83	1	0.00393011151621
21	mouse73	0.302703250397	52	52	1	0.00582121635379
21	mouse74	-1.0505134512	40	40	1	-0.02626283628
21	mouse75	0.490925909151	33	33	1	0.0148765427015
21	mouse76	-0.0789298933688	82	82	1	-0.00096255967523
21	mouse8	0.993845349088	36	36	1	0.0276068152524
21	mouse9	-0.59358703431	63	63	1	-0.00942201641762
22	mouse10	-0.483129038595	22	22	1	-0.0219604108452
22	mouse11	-1.20044470913	48	48	1	-0.0250092647735
22	mouse12	0.368415014944	24	24	1	0.0153506256227
22	mouse13	-0.0485198399273	39	39	1	-0.00124409845967
22	mouse15	0.293287861902	25	25	1	0.0117315144761
22	mouse18	-0.272581150326	34	34	1	-0.00801709265665
22	mouse19	-0.13958795494	29	29	1	-0.00481337775654
22	mouse20	0.766387527513	34	34	1	0.0225408096327
22	mouse21	0.338896195595	33	33	1	0.0102695816847
22	mouse22	0.0472081583467	37	38	0.973684210526	0.00127589617153
22	mouse23	0.753538466887	51	51	1	0.0147752640566
22	mouse25	0.175795388465	22	22	1	0.00799069947567
22	mouse26	-1.26276818955	23	23	1	-0.0549029647629
22	mouse31	0.493012495314	22	22	1	0.0224096588779
22	mouse34	0.221133630366	31	31	1	0.00713334291502
22	mouse35	0.88342978785	31	31	1	0.0284977350919
22	mouse38	0.533466509128	38	38	1	0.0140385923455
22	mouse4	0.424304310305	20	20	1	0.0212152155153
22	mouse44	0.892779422742	25	25	1	0.0357111769097
22	mouse45	-0.426251517923	34	34	1	-0.0125368093507
22	mouse52	0.0838069005909	34	34	1	0.00246490884091
22	mouse54	-0.44771361561	32	33	0.969696969697	-0.0139910504878
22	mouse55	0.849211043678	38	39	0.974358974359	0.0223476590442
22	mouse6	0.0557505382106	34	34	1	0.00163972171208
22	mouse60	0.240500692406	44	45	0.977777777778	0.00546592482742
22	mouse62	0.470086636472	66	66	1	0.00712252479503
22	mouse63	-0.34828037006	59	59	1	-0.00590305711965
22	mouse67	0.259468653048	38	38	1	0.00682812244864
22	mouse68	-1.03224702433	64	66	0.969696969697	-0.0161288597551
22	mouse7	0.0137150230794	31	33	0.939393939394	0.000442420099334
22	mouse70	-0.321224894782	51	52	0.980769230769	-0.00629852734868
22	mouse72	0.21908400901	85	85	1	0.00257745892953
22	mouse73	0.327176867855	49	50	0.98	0.00667707893581
22	mouse74	0.517757150895	42	42	1	0.0123275512118
22	mouse76	-0.183342099083	52	52	1	-0.00352580959776
22	mouse8	-0.117268206904	34	34	1	-0.00344906490894
22	mouse9	0.444662807108	39	39	1	0.0114016104387
23	mouse10	0.0273242792396	24	24	1	0.00113851163498
23	mouse11	-0.684947953093	51	52	0.980769230769	-0.0134303520214
23	mouse13	-0.419759669034	37	37	1	-0.0113448559198
23	mouse15	0.077897544572	27	27	1	0.00288509424341
23	mouse18	-1.1916762863	28	28	1	-0.0425598673678
23	mouse19	-0.58882672244	34	34	1	-0.0173184330129
23	mouse20	0.0129509591339	32	32	1	0.000404717472935
23	mouse21	-0.149074528669	33	33	1	-0.00451740995966
23	mouse22	-0.116981220143	22	22	1	-0.00531732818832
23	mouse23	-1.16682637827	50	50	1	-0.0233365275653
23	mouse24	-0.245034701032	20	20	1	-0.0122517350516
23	mouse25	-0.409543394105	22	22	1	-0.018615608823
23	mouse34	-0.562919538691	30	31	0.967741935484	-0.018763984623
23	mouse36	0.485589866943	21	21	1	0.0231233269973
23	mouse38	0.281921758504	26	26	1	0.0108431445578
23	mouse4	0.360125395299	31	32	0.96875	0.0116169482354
23	mouse44	0.123562483476	23	23	1	0.00537228189028
23	mouse45	-0.935350500257	30	30	1	-0.0311783500086
23	mouse52	0.683889253364	34	34	1	0.0201143898048
23	mouse54	-0.220744570601	34	35	0.971428571429	-0.00649248737062
23	mouse55	0.0669356779495	23	23	1	0.00291024686737
23	mouse6	0.778527814822	27	28	0.964285714286	0.0288343635119
23	mouse60	-0.189531507442	54	54	1	-0.0035098427304
23	mouse62	0.574985581401	44	44	1	0.0130678541228
23	mouse63	-0.402923851565	39	39	1	-0.0103313808093
23	mouse67	-0.55477638486	40	40	1	-0.0138694096215
23	mouse68	-0.174654959285	57	57	1	-0.00306412209272
23	mouse69	-0.286860256738	31	31	1	-0.00925355666895
23	mouse70	-0.101046122003	34	34	1	-0.00297194476478
23	mouse72	0.023999244557	53	53	1	0.000452815935038
23	mouse73	-0.254334898159	35	36	0.972222222222	-0.00726671137598
23	mouse74	0.00641655008343	30	30	1	0.000213885002781
23	mouse75	0.829698308205	23	23	1	0.0360738394872
23	mouse76	-0.354210873604	52	53	0.981132075472	-0.00681174756931
23	mouse8	-0.229409613777	27	28	0.964285714286	-0.00849665236211
23	mouse9	-0.410332701898	50	50	1	-0.00820665403796
24	mouse10	-0.660766394492	35	35	1	-0.0188790398426
24	mouse11	0.380627010045	71	71	1	0.00536094380346
24	mouse12	0.358086221407	32	32	1	0.011190194419
24	mouse13	-0.0686894860119	41	42	0.97619047619	-0.00167535331736
24	mouse14	-0.0583950492665	26	27	0.962962962963	-0.00224596343333
24	mouse15	1.04517924154	43	43	1	0.0243064939893
24	mouse16	0.22538858086	22	22	1	0.0102449354936
24	mouse18	-0.147285931039	61	61	1	-0.00241452345965
24	mouse19	1.04706920143	41	41	1	0.0255382732057
24	mouse20	0.137275816329	64	64	1	0.00214493463014
24	mouse21	0.625363144697	42	42	1	0.0148895986833
24	mouse22	-0.108964436419	35	35	1	-0.00311326961197
24	mouse23	0.635973651406	76	76	1	0.0083680743606
24	mouse25	0.618798021646	22	22	1	0.0281271828021
24	mouse26	0.431761037021	24	24	1	0.0179900432092
24	mouse29	-0.0309615511151	22	23	0.95652173913	-0.00140734323251
24	mouse31	-0.0588667392141	25	25	1	-0.00235466956856
24	mouse32	-0.0690623561356	21	21	1	-0.0032886836255
24	mouse33	0.592045127887	21	22	0.954545454545	0.0281926251375
24	mouse34	-0.00272126936746	45	45	1	-6.04726526103e-05
24	mouse35	0.715481302964	28	28	1	0.0255529036773
24	mouse36	0.719129428219	23	23	1	0.0312664968791
24	mouse38	-0.368701645185	42	43	0.976744186047	-0.00877861059964
24	mouse4	0.513425731771	50	50	1	0.0102685146354
24	mouse41	0.497168053325	22	22	1	0.0225985478784
24	mouse44	-0.077000400648	32	32	1	-0.00240626252025
24	mouse45	-0.116201789945	44	44	1	-0.00264094977148
24	mouse52	0.0136155972182	62	63	0.984126984127	0.000219606406745
24	mouse54	-0.758679911975	53	53	1	-0.0143147153203
24	mouse55	-1.5329229828	52	52	1	-0.0294792881308
24	mouse56	-0.358386630313	21	23	0.913043478261	-0.0170660300149
24	mouse6	0.203696861126	21	21	1	0.0096998505298
24	mouse60	-0.983965859526	75	75	1	-0.0131195447937
24	mouse61	0.41128163567	26	26	1	0.0158185244488
24	mouse62	1.5820269751	96	96	1	0.0164794476573
24	mouse63	0.0202735824454	81	82	0.987804878049	0.000250291141301
24	mouse67	0.25504120391	55	57	0.964912280702	0.00463711279836
24	mouse68	-0.54050955369	107	107	1	-0.00505149115598
24	mouse69	-0.698604698196	41	41	1	-0.0170391389804
24	mouse7	-0.139468587842	53	53	1	-0.00263148278948
24	mouse70	-0.368234233026	71	72	0.986111111111	-0.00518639764826
24	mouse71	-0.475398007664	28	28	1	-0.0169785002737
24	mouse72	0.139006259578	86	86	1	0.00161635185556
24	mouse73	0.458852958628	73	73	1	0.00628565696751
24	mouse74	0.613188415641	58	58	1	0.0105722140628
24	mouse75	-0.349587809315	37	37	1	-0.00944831917067
24	mouse76	-0.622962720689	61	61	1	-0.0102125036179
24	mouse8	0.183019733661	35	35	1	0.00522913524746
24	mouse9	1.05545229475	58	58	1	0.0181974533578
25	mouse10	1.09815514318	22	22	1	0.0499161428719
25	mouse11	-0.397644505746	68	68	1	-0.0058477133198
25	mouse12	0.174124463459	28	29	0.965517241379	0.00621873083781
25	mouse13	0.572895301731	50	51	0.980392156863	0.0114579060346
25	mouse14	-0.251311050692	23	25	0.92	-0.0109265674214
25	mouse15	-0.540385998931	35	35	1	-0.0154395999694
25	mouse16	0.400680625083	28	28	1	0.0143100223244
25	mouse18	0.467637505429	43	44	0.977272727273	0.0108752908239
25	mouse19	0.059161927786	37	38	0.973684210526	0.00159897102124
25	mouse20	-0.451152314987	48	48	1	-0.00939900656222
25	mouse21	0.271892340115	33	34	0.970588235294	0.00823916182167
25	mouse22	-0.582688527175	42	42	1	-0.0138735363613
25	mouse23	-0.629820069322	50	51	0.980392156863	-0.0125964013864
25	mouse24	-0.158396395611	22	22	1	-0.00719983616416
25	mouse26	0.136080497543	27	28	0.964285714286	0.00504001842752
25	mouse34	-0.158813037406	49	50	0.98	-0.00324108239604
25	mouse35	0.222889305338	36	36	1	0.00619136959274
25	mouse36	-0.189269959345	31	32	0.96875	-0.00610548255953
25	mouse38	-0.128623868846	29	29	1	-0.00443530582228
25	mouse4	0.00493957456923	36	36	1	0.000137210404701
25	mouse44	0.614041225479	36	36	1	0.0170567007077
25	mouse45	-0.199910902317	41	41	1	-0.00487587566628
25	mouse52	-0.196204866424	40	40	1	-0.00490512166059
25	mouse54	-1.16255204117	38	38	1	-0.0305934747677
25	mouse55	-0.98335573501	39	39	1	-0.0252142496156
25	mouse56	0.00981138646181	21	22	0.954545454545	0.000467208879134
25	mouse57	0.0258159440648	23	23	1	0.00112243235064
25	mouse6	-0.110172182089	34	34	1	-0.00324035829673
25	mouse60	-0.0695662778096	54	54	1	-0.00128826440388
25	mouse61	-0.547907701705	23	23	1	-0.0238220739872
25	mouse62	-0.404452777238	76	76	1	-0.00532174706892
25	mouse63	-0.117440137561	83	84	0.988095238095	-0.0014149414164
25	mouse67	0.0634767642316	38	38	1	0.00167044116399
25	mouse68	0.794496198544	74	74	1	0.0107364351155
25	mouse69	0.337632052142	33	33	1	0.0102312743073
25	mouse7	-0.0374134020737	48	48	1	-0.000779445876536
25	mouse70	0.281771762885	51	52	0.980769230769	0.00552493652716
25	mouse72	0.208129672426	91	91	1	0.00228713925743
25	mouse73	-0.674869510448	43	43	1	-0.0156946397779
25	mouse74	0.200846344041	42	42	1	0.00478205581051
25	mouse75	-0.0067154174128	29	29	1	-0.000231566117683
25	mouse76	0.336253712217	63	63	1	0.00533736051138
25	mouse8	-0.37909140197	39	39	1	-0.00972029235821
25	mouse9	0.498897423153	53	53	1	0.00941315892742
26	mouse10	-0.199880599647	21	21	1	-0.00951812379272
26	mouse11	0.125467116879	43	43	1	0.00291783992743
26	mouse12	0.602966581053	25	25	1	0.0241186632421
26	mouse13	-0.225589632531	39	41	0.951219512195	-0.00578434955208
26	mouse15	0.33891899792	34	35	0.971428571429	0.00996820582118
26	mouse18	-0.700696868678	25	25	1	-0.0280278747471
26	mouse19	0.14872484304	22	22	1	0.00676022013817
26	mouse20	0.0329518446147	35	35	1	0.000941481274705
26	mouse21	-0.134292129895	25	25	1	-0.0053716851958
26	mouse22	0.191898984374	27	27	1	0.00710736979163
26	mouse23	0.045658566421	50	50	1	0.000913171328421
26	mouse24	-0.196743897227	20	20	1	-0.00983719486137
26	mouse25	-0.229205135829	20	20	1	-0.0114602567914
26	mouse26	-0.277164153076	24	24	1	-0.0115485063782
26	mouse31	0.0266909401294	20	22	0.909090909091	0.00133454700647
26	mouse34	-0.865150101985	30	30	1	-0.0288383367328
26	mouse35	-0.0860031807396	27	27	1	-0.00318530299035
26	mouse38	0.816045397841	36	37	0.972972972973	0.0226679277178
26	mouse4	0.144124367789	24	24	1	0.00600518199121
26	mouse41	0.190414386789	22	22	1	0.00865519939951
26	mouse44	-0.455513487143	23	23	1	-0.0198049342236
26	mouse45	0.193427884853	28	28	1	0.00690813874473
26	mouse52	-0.467128960329	26	26	1	-0.0179664984742
26	mouse54	0.49100038336	34	34	1	0.0144411877459
26	mouse55	0.69011721869	34	34	1	0.0202975652556
26	mouse6	0.0359117311802	26	26	1	0.00138122043001
26	mouse60	-0.160964831615	55	55	1	-0.00292663330209
26	mouse62	-0.472246922266	63	63	1	-0.0074959828931
26	mouse63	-0.045764736184	40	40	1	-0.0011441184046
26	mouse67	1.26117245279	42	42	1	0.0300279155425
26	mouse68	0.839338564498	76	76	1	0.0110439284802
26	mouse69	0.159833605806	42	42	1	0.003805562043
26	mouse7	0.31658500259	37	37	1	0.00855635142136
26	mouse70	-0.826370996577	45	45	1	-0.0183637999239
26	mouse72	-0.382625181291	72	72	1	-0.00531423862904
26	mouse73	0.741661919764	53	53	1	0.0139936211276
26	mouse74	0.0714290375553	30	30	1	0.00238096791851
26	mouse75	-0.277902805913	22	22	1	-0.0126319457233
26	mouse76	0.574194664248	51	51	1	0.0112587189068
26	mouse8	-0.59110087837	28	28	1	-0.0211107456561
26	mouse9	-0.661498727468	41	41	1	-0.0161341153041
27	mouse10	-0.440174675397	27	27	1	-0.0163027657554
27	mouse11	-0.296768520035	48	49	0.979591836735	-0.00618267750073
27	mouse12	-0.669374395388	27	27	1	-0.0247916442736
27	mouse13	-0.206734332185	38	39	0.974358974359	-0.00544037716276
27	mouse14	0.344039442119	21	21	1	0.0163828305771
27	mouse15	0.727454494374	37	37	1	0.0196609322804
27	mouse16	-0.504808823275	23	23	1	-0.0219482097076
27	mouse17	0.224553960447	21	21	1	0.0106930457356
27	mouse18	0.781443284702	45	46	0.978260869565	0.0173654063267
27	mouse19	-0.646985132475	25	25	1	-0.025879405299
27	mouse20	-0.276485269938	46	46	1	-0.00601054934648
27	mouse21	-0.19894097317	27	28	0.964285714286	-0.00736818419146
27	mouse22	0.0364371360269	24	24	1	0.00151821400112
27	mouse23	-0.700499469428	55	56	0.982142857143	-0.0127363539896
27	mouse24	0.292343082877	20	20	1	0.0146171541438
27	mouse26	0.697351626686	30	30	1	0.0232450542229
27	mouse34	0.325061490361	33	33	1	0.00985034819276
27	mouse35	-0.552067517272	29	29	1	-0.0190368109404
27	mouse38	0.345490465382	37	37	1	0.00933758014547
27	mouse4	0.699035712342	36	36	1	0.0194176586762
27	mouse41	-0.455677128909	20	20	1	-0.0227838564454
27	mouse44	0.102942704891	20	20	1	0.00514713524454
27	mouse45	1.1554094936	30	31	0.967741935484	0.0385136497866
27	mouse52	-0.00693502070578	28	28	1	-0.000247679310921
27	mouse54	-0.307826389417	41	41	1	-0.00750796071749
27	mouse55	0.231837014798	39	39	1	0.00594453884097
27	mouse6	-0.388124717525	25	25	1	-0.015524988701
27	mouse60	0.494437128715	48	48	1	0.0103007735149
27	mouse62	-0.675362114009	94	94	1	-0.00718470334053
27	mouse63	-0.589006086904	58	59	0.983050847458	-0.0101552773604
27	mouse67	-0.0246778538623	46	47	0.978723404255	-0.000536475083964
27	mouse68	-0.568412809567	73	73	1	-0.00778647684338
27	mouse69	-1.32616248089	43	43	1	-0.0308409879278
27	mouse7	-0.441856747538	44	44	1	-0.0100421988077
27	mouse70	0.471451427748	63	63	1	0.007483355996
27	mouse71	-0.277828074687	21	21	1	-0.0132299083184
27	mouse72	0.534777912473	71	71	1	0.00753208327427
27	mouse73	-0.419525862552	42	42	1	-0.00998871101314
27	mouse74	0.66425655135	39	40	0.975	0.0170322192654
27	mouse75	-0.0782517109794	23	23	1	-0.00340224830345
27	mouse76	-0.0737249674384	66	66	1	-0.00111704496119
27	mouse8	0.783555323426	30	30	1	0.0261185107809
27	mouse9	0.0740901983476	54	54	1	0.00137204071014
28	mouse10	-0.770215952626	28	28	1	-0.0275077125938
28	mouse11	-0.511784304312	52	52	1	-0.00984200585216
28	mouse12	-0.0763129767155	37	37	1	-0.0020625128842
28	mouse13	-0.250087101199	44	45	0.977777777778	-0.00568379775452
28	mouse14	-0.126861134283	29	30	0.966666666667	-0.00437452187182
28	mouse15	0.427149099659	36	36	1	0.0118652527683
28	mouse16	-0.112349046203	25	25	1	-0.0044939618481
28	mouse18	0.064779614316	53	53	1	0.00122225687389
28	mouse19	0.163843329178	38	39	0.974358974359	0.00431166655733
28	mouse20	-0.514119719606	44	44	1	-0.011684539082
28	mouse21	0.149611689685	39	39	1	0.0038361971714
28	mouse22	-0.27448687419	38	38	1	-0.00722333879448
28	mouse23	-0.0340645530271	62	62	1	-0.00054942827463
28	mouse24	0.198461202084	22	22	1	0.00902096373107
28	mouse25	0.521046599713	26	26	1	0.0200402538351
28	mouse26	-0.40495116176	36	36	1	-0.0112486433822
28	mouse31	0.0248530008033	20	20	1	0.00124265004017
28	mouse33	-0.344824598001	27	27	1	-0.0127712814075
28	mouse34	-0.451348922457	41	42	0.97619047619	-0.0110085103038
28	mouse35	-0.77889789658	40	40	1	-0.0194724474145
28	mouse36	0.84866897557	33	33	1	0.0257172416839
28	mouse37	-0.161818919869	20	20	1	-0.00809094599346
28	mouse38	-0.752160601868	37	37	1	-0.0203286649153
28	mouse4	-0.98452798054	38	38	1	-0.0259086310668
28	mouse44	-0.189653258943	38	39	0.974358974359	-0.00499087523534
28	mouse45	-0.264433101124	39	40	0.975	-0.00678033592626
28	mouse52	0.480115645828	46	46	1	0.0104372966484
28	mouse54	0.383518051633	34	34	1	0.0112799426951
28	mouse55	0.550146454643	36	37	0.972972972973	0.0152818459623
28	mouse6	-0.295966353633	37	37	1	-0.00799909063873
28	mouse60	0.46949012519	74	74	1	0.00634446115122
28	mouse62	-0.405857473235	66	66	1	-0.00614935565508
28	mouse63	-1.3857730014	80	80	1	-0.0173221625175
28	mouse67	-1.03949500993	57	57	1	-0.0182367545602
28	mouse68	-0.684710196689	93	93	1	-0.00736247523322
28	mouse69	-0.372993778192	45	46	0.978260869565	-0.0082887506265
28	mouse7	-0.518069929535	37	38	0.973684210526	-0.0140018899874
28	mouse70	0.509628774933	61	61	1	0.00835457008086
28	mouse71	0.90574336774	21	21	1	0.043130636559
28	mouse72	0.422091517482	88	88	1	0.00479649451684
28	mouse73	1.21353263013	70	70	1	0.0173361804304
28	mouse74	0.286991994723	43	44	0.977272727273	0.00667423243543
28	mouse75	0.576747378606	34	35	0.971428571429	0.0169631581943
28	mouse76	0.254721332302	55	55	1	0.00463129695095
28	mouse8	0.0889452285589	35	35	1	0.00254129224454
28	mouse9	-0.919932399976	48	48	1	-0.0191652583328
29	mouse10	-1.36920367202	31	31	1	-0.0441678603878
29	mouse11	-0.467862914456	56	56	1	-0.00835469490099
29	mouse12	-0.830409516374	29	29	1	-0.0286348109094
29	mouse13	0.861336081815	38	38	1	0.0226667389951
29	mouse14	0.0710692231515	40	40	1	0.00177673057879
29	mouse15	0.5901945754	38	38	1	0.0155314361947
29	mouse16	0.755343559525	23	23	1	0.0328410243272
29	mouse17	0.688487252797	29	30	0.966666666667	0.0237409397516
29	mouse18	0.955939835659	44	44	1	0.0217259053559
29	mouse19	0.558180298606	27	28	0.964285714286	0.0206733443928
29	mouse20	-0.651180568516	37	39	0.948717948718	-0.0175994748248
29	mouse21	-0.462312034586	41	41	1	-0.0112759032826
29	mouse22	-0.244238825415	25	25	1	-0.00976955301658
29	mouse23	-0.266674186202	58	58	1	-0.00459783079659
29	mouse25	-0.353582614465	24	24	1	-0.0147326089361
29	mouse26	0.384533992204	30	30	1	0.0128177997401
29	mouse29	-0.0142623691867	20	20	1	-0.000713118459334
29	mouse34	-0.932093281892	37	38	0.973684210526	-0.0251917103214
29	mouse35	-1.04835433281	36	37	0.972972972973	-0.0291209536892
29	mouse36	0.673244805796	27	27	1	0.0249349928073
29	mouse37	0.623369710424	20	20	1	0.0311684855212
29	mouse38	-0.54612436251	41	41	1	-0.0133201064027
29	mouse4	-1.32622467551	51	51	1	-0.0260044054021
29	mouse44	0.645718999039	31	31	1	0.0208296451303
29	mouse45	-0.866647993657	28	28	1	-0.0309517140592
29	mouse52	-0.160983736372	52	53	0.981132075472	-0.00309584108408
29	mouse54	0.613728980571	50	50	1	0.0122745796114
29	mouse55	0.163550721559	47	47	1	0.00347980258637
29	mouse57	0.734068854058	26	26	1	0.0282334174638
29	mouse6	-0.0781583108464	32	32	1	-0.00244244721395
29	mouse60	0.327599394481	65	65	1	0.00503999068432
29	mouse61	0.314700178633	23	23	1	0.0136826164623
29	mouse62	-0.825670823267	79	80	0.9875	-0.0104515294084
29	mouse63	0.216752568936	70	70	1	0.00309646527052
29	mouse67	0.142352994393	53	53	1	0.00268590555458
29	mouse68	-0.634349372733	103	103	1	-0.00615873177411
29	mouse69	-0.219538838743	41	41	1	-0.00535460582301
29	mouse7	0.815532813816	29	30	0.966666666667	0.0281218211661
29	mouse70	0.271323163794	52	52	1	0.00521775314989
29	mouse72	0.639583074979	82	82	1	0.0077997935973
29	mouse73	0.280061652897	69	69	1	0.00405886453474
29	mouse74	0.170964165924	42	42	1	0.00407057537914
29	mouse75	-0.699338759458	21	21	1	-0.0333018456885
29	mouse76	0.0538442022063	78	78	1	0.000690310284697
29	mouse8	0.128928417315	33	33	1	0.00390692173681
29	mouse9	-0.219782252675	59	60	0.983333333333	-0.00372512292669
30	mouse10	-0.130316226543	21	22	0.954545454545	-0.00620553459726
30	mouse11	-0.626038561055	39	39	1	-0.0160522707963
30	mouse12	-0.401445390792	21	21	1	-0.0191164471806
30	mouse13	0.878770898281	37	37	1	0.0237505648184
30	mouse15	0.369966521178	27	27	1	0.0137024637473
30	mouse16	-0.769372411859	22	22	1	-0.0349714732663
30	mouse18	1.04966813343	37	39	0.948717948718	0.0283694090117
30	mouse19	0.0154602158133	25	25	1	0.000618408632531
30	mouse20	-0.924226147799	28	28	1	-0.0330080767071
30	mouse21	0.329348119119	40	40	1	0.00823370297797
30	mouse22	-0.0952263327521	25	27	0.925925925926	-0.00380905331008
30	mouse23	0.273252260684	47	47	1	0.0058138778869
30	mouse34	0.640064376943	33	34	0.970588235294	0.0193958902104
30	mouse36	0.0723866150511	20	20	1	0.00361933075256
30	mouse38	-0.220570114263	20	20	1	-0.0110285057131
30	mouse4	-1.03815110908	26	27	0.962962962963	-0.0399288888107
30	mouse45	0.102745737826	27	27	1	0.00380539769726
30	mouse52	-0.0341721484224	56	56	1	-0.000610216936114
30	mouse54	0.136725980371	42	43	0.976744186047	0.00325538048502
30	mouse55	0.652162448626	26	26	1	0.025083171101
30	mouse6	-0.251116117412	29	29	1	-0.00865917646248
30	mouse60	0.460680076386	28	28	1	0.0164528598709
30	mouse61	0.345819004112	20	20	1	0.0172909502056
30	mouse62	1.03953729101	52	52	1	0.0199911017502
30	mouse63	-0.586981355684	47	47	1	-0.0124889650145
30	mouse67	0.162661714073	44	44	1	0.00369685713803
30	mouse68	0.197881148026	70	70	1	0.00282687354323
30	mouse69	0.17199112531	27	28	0.964285714286	0.00637004167815
30	mouse7	0.207656354129	39	39	1	0.00532452190075
30	mouse70	-0.633934981364	52	52	1	-0.0121910573339
30	mouse72	0.518546661914	61	61	1	0.0085007649494
30	mouse73	-0.256812834621	43	43	1	-0.00597239150282
30	mouse74	-0.870830159039	37	37	1	-0.0235359502443
30	mouse75	0.531399437178	20	21	0.952380952381	0.0265699718589
30	mouse76	-0.174815680983	50	50	1	-0.00349631361965
30	mouse8	-0.0641640665747	21	21	1	-0.00305543174165
30	mouse9	-0.872595694538	30	30	1	-0.0290865231513
31	mouse10	0.190209021828	29	30	0.966666666667	0.00655893178718
31	mouse11	0.764150641666	64	64	1	0.011939853776
31	mouse12	-0.356202171035	29	30	0.966666666667	-0.012282833484
31	mouse13	0.833296497204	48	49	0.979591836735	0.0173603436918
31	mouse14	-0.158430865186	21	21	1	-0.0075443269136
31	mouse15	0.264680434414	50	51	0.980392156863	0.00529360868828
31	mouse16	0.393923036622	23	23	1	0.0171270885488
31	mouse17	-0.369070082686	25	25	1	-0.0147628033075
31	mouse18	0.361386596857	48	48	1	0.00752888743452
31	mouse19	0.0470410320869	43	43	1	0.00109397749039
31	mouse20	-0.0576180608571	53	53	1	-0.00108713322372
31	mouse21	-0.27236465999	31	33	0.939393939394	-0.00878595677386
31	mouse22	-0.536917054964	32	32	1	-0.0167786579676
31	mouse23	0.774013303442	79	80	0.9875	0.00979763675243
31	mouse24	-0.875182730062	21	21	1	-0.0416753680982
31	mouse25	0.235031669393	32	32	1	0.00734473966855
31	mouse26	-0.314584607423	34	34	1	-0.0092524884536
31	mouse3	0.00151918112702	23	24	0.958333333333	6.60513533488e-05
31	mouse33	-1.03874127463	25	26	0.961538461538	-0.0415496509853
31	mouse34	0.144343836132	28	30	0.933333333333	0.00515513700472
31	mouse35	-0.762777854504	24	24	1	-0.0317824106043
31	mouse36	0.213461741983	33	33	1	0.00646853763586
31	mouse38	-0.490997934792	48	48	1	-0.0102291236415
31	mouse4	-0.466840491527	34	35	0.971428571429	-0.013730602692
31	mouse44	0.328176635781	40	40	1	0.00820441589453
31	mouse45	-0.0601820815318	36	36	1	-0.001671724487
31	mouse52	0.358949344667	48	48	1	0.00747811134724
31	mouse54	0.899805277335	40	40	1	0.0224951319334
31	mouse55	-0.126675035983	51	52	0.980769230769	-0.00248382423496
31	mouse56	0.000753811072169	21	22	0.954545454545	3.58957653414e-05
31	mouse6	0.466053644465	46	46	1	0.0101316009666
31	mouse60	0.265841972917	64	64	1	0.00415378082682
31	mouse62	0.00674162390851	68	68	1	9.91415280663e-05
31	mouse63	-0.27947227812	63	63	1	-0.00443606790666
31	mouse67	-0.726143504086	58	58	1	-0.0125197155877
31	mouse68	0.905998487523	60	60	1	0.0150999747921
31	mouse69	0.530619939445	31	31	1	0.0171167722402
31	mouse7	-0.507622649317	37	38	0.973684210526	-0.0137195310626
31	mouse70	0.608330616439	68	68	1	0.00894603847704
31	mouse71	0.0195136899204	23	24	0.958333333333	0.000848421300886
31	mouse72	0.700528685137	78	78	1	0.00898113698894
31	mouse73	0.264148791101	56	56	1	0.00471694269824
31	mouse74	-0.291006356517	41	41	1	-0.00709771601261
31	mouse75	-0.134394604809	23	23	1	-0.00584324368734
31	mouse76	-0.041256176943	73	73	1	-0.000565153108808
31	mouse8	0.095391042049	29	30	0.966666666667	0.00328934627755
31	mouse9	-0.0281315942963	52	52	1	-0.000540992198005
32	mouse10	-0.293554541647	30	30	1	-0.00978515138824
32	mouse11	0.328767415803	44	44	1	0.00747198672281
32	mouse12	0.493124843183	26	26	1	0.0189663401224
32	mouse13	0.36804779656	39	39	1	0.00943712298873
32	mouse14	0.35702429962	22	22	1	0.0162283772554
32	mouse15	0.826875926603	43	44	0.977272727273	0.0192296727117
32	mouse17	0.096654286509	20	20	1	0.00483271432545
32	mouse18	-0.198117215147	32	32	1	-0.00619116297335
32	mouse19	0.0825619316279	25	25	1	0.00330247726511
32	mouse20	-0.0656084780523	43	43	1	-0.00152577855935
32	mouse21	0.116341279777	32	32	1	0.00363566499304
32	mouse22	-0.457211731598	28	28	1	-0.0163289904142
32	mouse23	0.156690933752	47	48	0.979166666667	0.00333384965429
32	mouse25	0.223968701611	22	22	1	0.0101803955278
32	mouse31	0.325553283526	20	20	1	0.0162776641763
32	mouse35	0.126323277591	29	29	1	0.00435597508934
32	mouse36	0.463002280785	21	21	1	0.0220477276564
32	mouse38	0.0245849986903	39	42	0.928571428571	0.000630384581802
32	mouse4	-0.0960471955013	37	37	1	-0.00259587014868
32	mouse44	0.14818711838	31	31	1	0.00478022962516
32	mouse45	1.05164337688	47	47	1	0.0223753909974
32	mouse52	0.00677385068772	39	40	0.975	0.000173688479172
32	mouse54	0.52352034743	26	27	0.962962962963	0.0201353979781
32	mouse55	-0.57451370634	43	43	1	-0.0133607838684
32	mouse6	0.29192442598	25	25	1	0.0116769770392
32	mouse60	1.20098125837	61	62	0.983870967742	0.0196882173503
32	mouse61	-0.076650206675	20	20	1	-0.00383251033375
32	mouse62	-0.85606441579	70	70	1	-0.0122294916541
32	mouse63	0.178866538927	56	56	1	0.00319404533798
32	mouse67	-0.161415040723	47	47	1	-0.00343436256858
32	mouse68	0.0483371806628	75	76	0.986842105263	0.000644495742171
32	mouse69	-0.228323141495	35	35	1	-0.00652351832843
32	mouse7	-0.286955545758	34	36	0.944444444444	-0.00843986899288
32	mouse70	-0.246541917538	50	50	1	-0.00493083835076
32	mouse72	0.647003282676	76	76	1	0.00851320108784
32	mouse73	0.327286677265	66	66	1	0.00495888904948
32	mouse74	-0.258412831919	32	32	1	-0.00807540099745
32	mouse75	-0.393169386683	31	31	1	-0.0126828834414
32	mouse76	0.643363550474	64	64	1	0.0100525554762
32	mouse8	-0.264230177587	29	29	1	-0.00911138543404
32	mouse9	-0.054790110457	53	53	1	-0.001033775669
33	mouse10	0.47888358696	25	25	1	0.0191553434784
33	mouse11	-0.232026590755	49	50	0.98	-0.00473523654601
33	mouse12	-0.472733826133	28	28	1	-0.0168833509333
33	mouse13	0.511486251992	34	34	1	0.0150437132939
33	mouse14	-0.432114061503	27	27	1	-0.0160042245001
33	mouse15	-0.0943753341682	26	26	1	-0.00362982054493
33	mouse16	0.178692988089	22	22	1	0.00812240854952
33	mouse18	-0.295188357095	43	43	1	-0.00686484551383
33	mouse19	0.290861891907	26	26	1	0.0111869958426
33	mouse20	-0.460329515626	51	51	1	-0.00902606893384
33	mouse21	-0.0504555425657	34	34	1	-0.00148398654605
33	mouse23	-0.953543643565	52	52	1	-0.0183373777609
33	mouse25	0.0837149825081	23	23	1	0.00363978184818
33	mouse26	0.0529859615177	21	21	1	0.00252314102465
33	mouse31	0.918909399941	20	20	1	0.0459454699971
33	mouse34	-0.0230655476714	37	37	1	-0.000623393180307
33	mouse35	0.352079385461	26	27	0.962962962963	0.0135415148254
33	mouse36	0.0346314539562	23	23	1	0.0015057153894
33	mouse38	0.252183420791	39	39	1	0.00646624155873
33	mouse4	0.95705622064	33	33	1	0.0290017036558
33	mouse44	0.415357879582	31	31	1	0.0133986412768
33	mouse45	0.834485013843	37	37	1	0.0225536490228
33	mouse52	0.173896053907	32	36	0.888888888889	0.00543425168459
33	mouse54	-0.0758067021539	40	41	0.975609756098	-0.00189516755385
33	mouse55	0.0716946370038	31	31	1	0.00231273022593
33	mouse6	0.0159873832085	26	26	1	0.000614899354173
33	mouse60	-0.389036673741	53	54	0.981481481481	-0.00734031459888
33	mouse62	0.302321103525	57	57	1	0.00530387900921
33	mouse63	0.0708495529587	54	54	1	0.00131202875849
33	mouse67	-0.629749261213	49	49	1	-0.012852025739
33	mouse68	0.637844588839	57	57	1	0.0111902559445
33	mouse69	-0.398590829172	36	36	1	-0.011071967477
33	mouse7	0.063387472397	40	40	1	0.00158468680992
33	mouse70	-0.600058703362	45	45	1	-0.0133346378525
33	mouse72	-0.163110399314	61	61	1	-0.00267394097237
33	mouse73	-0.68136068605	49	49	1	-0.0139053201235
33	mouse74	-0.233192885771	33	33	1	-0.00706645108398
33	mouse75	-0.619438954482	32	32	1	-0.0193574673276
33	mouse76	-0.145373857491	64	64	1	-0.00227146652329
33	mouse8	-0.754105508951	27	27	1	-0.0279298336649
33	mouse9	-0.663684507138	32	32	1	-0.0207401408481
34	mouse10	1.31338918943	36	36	1	0.0364830330398
34	mouse11	1.34513280644	52	53	0.981132075472	0.0258679385855
34	mouse12	-0.161405702769	36	36	1	-0.00448349174357
34	mouse13	-0.234317033658	59	59	1	-0.00397147514674
34	mouse14	0.8070915282	25	28	0.892857142857	0.032283661128
34	mouse15	-0.674660518276	50	50	1	-0.0134932103655
34	mouse16	-0.8193966119	22	22	1	-0.0372453005409
34	mouse17	-0.378473782988	22	22	1	-0.0172033537722
34	mouse18	-0.464013131547	66	66	1	-0.00703050199313
34	mouse19	-0.296320553067	35	36	0.972222222222	-0.0084663015162
34	mouse20	-0.350712996389	46	47	0.978723404255	-0.00762419557368
34	mouse21	0.495517033033	47	47	1	0.0105429155964
34	mouse22	0.900391975932	33	34	0.970588235294	0.0272846053313
34	mouse23	0.68403121424	74	74	1	0.0092436650573
34	mouse25	0.269775297991	43	43	1	0.00627384413932
34	mouse26	-0.0833264169581	38	38	1	-0.00219280044627
34	mouse3	-0.237429457731	20	21	0.952380952381	-0.0118714728866
34	mouse31	-1.14382428814	30	30	1	-0.0381274762713
34	mouse32	0.320747775193	22	22	1	0.0145794443269
34	mouse34	0.33173369292	51	51	1	0.00650458221412
34	mouse35	-0.536924425744	41	42	0.97619047619	-0.0130957177011
34	mouse36	0.502121820913	26	26	1	0.0193123777274
34	mouse37	0.311669535398	32	33	0.969696969697	0.00973967298119
34	mouse38	-0.381855871585	53	53	1	-0.00720482776575
34	mouse4	-0.616622582261	37	37	1	-0.0166654751962
34	mouse41	-0.0488191433328	22	22	1	-0.00221905196967
34	mouse42	0.303316808643	20	22	0.909090909091	0.0151658404321
34	mouse44	0.625818846113	46	46	1	0.0136047575242
34	mouse45	-0.102154779275	35	35	1	-0.00291870797929
34	mouse52	-0.278255974345	56	58	0.965517241379	-0.00496885668473
34	mouse54	-0.0201238164157	41	41	1	-0.000490824790626
34	mouse55	0.133125800441	46	46	1	0.00289403914002
34	mouse57	-0.152743194371	20	20	1	-0.00763715971857
34	mouse6	-0.467714305963	37	37	1	-0.0126409271882
34	mouse60	0.764737109491	74	74	1	0.0103342852634
34	mouse61	0.0217369514855	25	26	0.961538461538	0.000869478059418
34	mouse62	0.442816763293	84	84	1	0.00527162813444
34	mouse63	-0.21719354503	78	79	0.987341772152	-0.00278453262859
34	mouse67	0.545427134951	66	66	1	0.00826404749926
34	mouse68	-0.111755883152	108	108	1	-0.00103477669585
34	mouse69	0.198478320122	47	48	0.979166666667	0.00422294298131
34	mouse7	-0.747409548337	52	52	1	-0.0143732605449
34	mouse70	-0.329582276424	65	65	1	-0.00507049656037
34	mouse72	-0.327643931517	89	89	1	-0.00368139248896
34	mouse73	-0.0845487668792	59	60	0.983333333333	-0.00143302994711
34	mouse74	-0.700184339377	41	41	1	-0.0170776668141
34	mouse75	-1.40433856349	36	36	1	-0.0390094045413
34	mouse76	-0.289606818611	88	88	1	-0.00329098657512
34	mouse8	0.19117636177	35	35	1	0.00546218176484
34	mouse9	0.132297040782	60	60	1	0.0022049506797
35	mouse10	0.0875753049885	30	30	1	0.00291917683295
35	mouse11	0.204354884655	55	55	1	0.00371554335737
35	mouse12	0.465285818604	20	20	1	0.0232642909302
35	mouse13	0.00260208190124	36	36	1	7.22800528121e-05
35	mouse15	-0.466925394072	38	38	1	-0.0122875103703
35	mouse16	0.112874571191	22	23	0.95652173913	0.00513066232687
35	mouse18	-0.384470024935	54	54	1	-0.00711981527657
35	mouse19	0.296110209768	25	25	1	0.0118444083907
35	mouse20	0.187371971971	42	42	1	0.00446123742787
35	mouse21	0.0810736810893	36	36	1	0.00225204669692
35	mouse22	0.0210326945324	40	40	1	0.000525817363309
35	mouse23	-0.719162176667	58	58	1	-0.0123993478736
35	mouse25	-0.79446056056	22	22	1	-0.0361118436618
35	mouse26	0.0383324609823	24	24	1	0.00159718587426
35	mouse31	0.136474141348	29	29	1	0.00470600487406
35	mouse34	-0.14295031966	47	47	1	-0.00304149616299
35	mouse35	0.447403068981	37	37	1	0.0120919748373
35	mouse36	-0.101473948823	21	21	1	-0.00483209280111
35	mouse38	-0.508240807234	36	36	1	-0.0141178002009
35	mouse4	0.247131884995	29	29	1	0.00852178913775
35	mouse44	0.616106420286	24	24	1	0.0256711008453
35	mouse45	0.591232105674	36	36	1	0.0164231140465
35	mouse52	0.105735414835	39	39	1	0.00271116448296
35	mouse54	-0.101575535587	39	41	0.951219512195	-0.00260450091248
35	mouse55	0.174228033253	27	27	1	0.00645289012046
35	mouse56	0.109516802448	20	20	1	0.00547584012241
35	mouse6	0.0140191343982	20	20	1	0.00070095671991
35	mouse60	-0.166616064007	49	49	1	-0.00340032783688
35	mouse62	-0.123364555702	61	61	1	-0.00202236976561
35	mouse63	0.355570579287	65	66	0.984848484848	0.00547031660441
35	mouse67	0.883088051327	42	42	1	0.021025905984
35	mouse68	-0.335866125505	67	68	0.985294117647	-0.00501292724635
35	mouse69	0.373338956656	30	30	1	0.0124446318885
35	mouse7	0.721694993448	33	33	1	0.021869545256
35	mouse70	1.03828328065	50	50	1	0.0207656656131
35	mouse71	-0.117830064622	20	20	1	-0.00589150323108
35	mouse72	1.40161184299	70	70	1	0.0200230263284
35	mouse73	-0.444698612751	39	39	1	-0.0114025285321
35	mouse74	-0.460282340004	36	36	1	-0.0127856205557
35	mouse76	-0.670621922906	58	58	1	-0.0115624469467
35	mouse8	-0.590515954187	30	30	1	-0.0196838651396
35	mouse9	-0.843282859234	46	46	1	-0.0183322360703
36	mouse11	-0.282246491019	71	71	1	-0.00397530269041
36	mouse12	0.182228359497	31	31	1	0.00587833417732
36	mouse13	0.486575939445	46	46	1	0.010577737814
36	mouse14	0.215791689588	25	25	1	0.0086316675835
36	mouse15	-0.317066989082	39	39	1	-0.00812992279698
36	mouse16	-0.340838658266	28	28	1	-0.0121728092238
36	mouse18	0.0234429530513	44	44	1	0.00053279438753
36	mouse19	0.161091648433	40	40	1	0.00402729121082
36	mouse20	0.184483271113	57	58	0.98275862069	0.00323654861602
36	mouse21	-0.0772304896034	37	37	1	-0.00208731052982
36	mouse22	0.508945085759	42	42	1	0.0121177401371
36	mouse23	-0.018446256264	67	67	1	-0.000275317257672
36	mouse25	-0.0110927349255	22	22	1	-0.000504215223887
36	mouse26	0.40689105047	21	21	1	0.0193757643081
36	mouse33	-0.126631606345	22	22	1	-0.00575598210659
36	mouse34	-0.781632952495	36	37	0.972972972973	-0.0217120264582
36	mouse35	-0.768739166861	20	21	0.952380952381	-0.0384369583431
36	mouse36	-0.133522678357	21	21	1	-0.00635822277888
36	mouse38	0.130679219379	39	39	1	0.00335074921485
36	mouse4	-0.997650857607	43	43	1	-0.023201182735
36	mouse41	-0.122876220678	22	23	0.95652173913	-0.00558528275811
36	mouse44	-0.455530926963	33	33	1	-0.0138039674837
36	mouse45	0.125904414933	29	29	1	0.00434153154941
36	mouse52	0.669842171913	41	41	1	0.0163376139491
36	mouse54	-0.184978425125	41	41	1	-0.00451166890549
36	mouse55	0.142482212008	40	40	1	0.0035620553002
36	mouse6	0.0350406616216	37	37	1	0.000947044908691
36	mouse60	-0.266356347632	58	59	0.983050847458	-0.00459235082125
36	mouse61	0.112386170481	20	20	1	0.00561930852404
36	mouse62	-0.38467192284	68	69	0.985507246377	-0.00565694004177
36	mouse63	-0.845122277376	84	84	1	-0.0100609794926
36	mouse67	-0.372720545191	66	66	1	-0.00564728098774
36	mouse68	0.037676712038	89	90	0.988888888889	0.000423333843123
36	mouse69	-0.0419582014433	50	50	1	-0.000839164028865
36	mouse7	0.50477108082	33	33	1	0.0152960933582
36	mouse70	-0.638182090619	55	55	1	-0.0116033107385
36	mouse72	0.654833126356	73	73	1	0.00897031679939
36	mouse73	0.321008813486	54	54	1	0.00594460765714
36	mouse74	1.25515270445	45	45	1	0.0278922823211
36	mouse75	0.331095068076	26	26	1	0.0127344256952
36	mouse76	0.234384545393	60	60	1	0.00390640908988
36	mouse8	-0.454886767299	37	37	1	-0.012294236954
36	mouse9	-1.39738708153	55	57	0.964912280702	-0.025407037846
37	mouse10	0.126104292202	24	25	0.96	0.00525434550841
37	mouse11	-0.193372075036	55	55	1	-0.00351585590975
37	mouse12	0.316160773429	27	27	1	0.0117096582751
37	mouse13	0.0338062901047	35	35	1	0.000965894002992
37	mouse14	-0.457241937406	30	30	1	-0.0152413979135
37	mouse15	0.0438484785847	38	38	1	0.00115390733118
37	mouse16	0.724353106303	28	28	1	0.0258697537965
37	mouse18	-0.0972421342771	39	39	1	-0.00249338805839
37	mouse19	-0.316841534007	36	36	1	-0.00880115372242
37	mouse20	0.542429769969	54	54	1	0.0100449957402
37	mouse21	0.992052594744	43	43	1	0.0230709905754
37	mouse22	0.142613017412	33	33	1	0.00432160658823
37	mouse23	-0.156531413368	53	53	1	-0.00295342289373
37	mouse34	-0.26220960218	41	41	1	-0.00639535615073
37	mouse35	-0.449842223058	29	29	1	-0.0155118007951
37	mouse37	0.343145688837	28	28	1	0.0122552031728
37	mouse38	-0.13054035031	35	35	1	-0.00372972429457
37	mouse4	0.802302765945	37	37	1	0.021683858539
37	mouse41	0.411250803544	22	23	0.95652173913	0.0186932183429
37	mouse44	-0.104617932943	36	36	1	-0.00290605369287
37	mouse45	1.14209237999	45	45	1	0.0253798306665
37	mouse52	0.379176582652	48	49	0.979591836735	0.00789951213858
37	mouse54	-0.9641227684	29	30	0.966666666667	-0.0332456127034
37	mouse55	0.00371908221432	54	54	1	6.88718928577e-05
37	mouse57	0.641881426261	22	22	1	0.0291764284664
37	mouse6	0.223879361321	32	32	1	0.00699623004129
37	mouse60	0.71130431732	46	47	0.978723404255	0.015463137333
37	mouse62	-1.07523430883	92	92	1	-0.0116873294439
37	mouse63	-0.285908719887	74	75	0.986666666667	-0.00386363134982
37	mouse67	0.0172838809512	52	52	1	0.000332382325984
37	mouse68	-0.134746176891	94	96	0.979166666667	-0.00143346996692
37	mouse69	0.345535650716	43	43	1	0.00803571280736
37	mouse7	-0.631720548793	37	37	1	-0.0170735283458
37	mouse70	-0.0881728616357	51	54	0.944444444444	-0.00172887963992
37	mouse72	-0.158009776889	63	63	1	-0.00250809169666
37	mouse73	0.884068255843	55	55	1	0.0160739682881
37	mouse74	-0.020686939544	45	45	1	-0.000459709767645
37	mouse75	0.0879275378009	21	22	0.954545454545	0.00418702560957
37	mouse76	-0.158375372541	80	80	1	-0.00197969215677
37	mouse8	-0.693022329951	33	34	0.970588235294	-0.0210006766652
37	mouse9	0.276387277621	56	56	1	0.00493548710038
38	mouse10	-0.6010151685	21	21	1	-0.0286197699286
38	mouse11	-0.0407972359564	54	54	1	-0.000755504369562
38	mouse12	0.298566205717	27	27	1	0.0110580076192
38	mouse13	1.14242216293	50	50	1	0.0228484432586
38	mouse15	0.156482521455	26	26	1	0.00601855851751
38	mouse16	-0.285913534083	35	35	1	-0.00816895811667
38	mouse18	0.782936099556	39	39	1	0.020075284604
38	mouse19	0.716710314732	33	33	1	0.0217184943858
38	mouse20	-0.805607487974	52	52	1	-0.0154924516918
38	mouse21	0.0144519296853	42	42	1	0.000344093563935
38	mouse22	0.201097684094	35	35	1	0.00574564811697
38	mouse23	-0.346696752055	44	46	0.95652173913	-0.00787947163762
38	mouse24	-0.304441652791	21	21	1	-0.0144972215615
38	mouse25	-0.245274451983	25	25	1	-0.00981097807933
38	mouse26	-0.101291711084	30	30	1	-0.00337639036947
38	mouse33	-0.559231597779	25	25	1	-0.0223692639112
38	mouse34	0.0840551084957	37	37	1	0.00227175968907
38	mouse35	-0.500838307605	32	32	1	-0.0156511971127
38	mouse36	0.377543238403	22	23	0.95652173913	0.017161056291
38	mouse38	1.75547621695	41	41	1	0.0428164930965
38	mouse4	0.0986705571052	35	35	1	0.00281915877444
38	mouse41	0.24473253703	33	33	1	0.00741613748576
38	mouse44	-0.625171055183	39	39	1	-0.016030027056
38	mouse45	-0.355998207822	33	33	1	-0.0107878244795
38	mouse52	0.648384833676	33	33	1	0.0196480252629
38	mouse54	-0.336180533021	50	50	1	-0.00672361066042
38	mouse55	-0.544373832494	34	34	1	-0.0160109950734
38	mouse6	0.868965554099	26	26	1	0.0334217520807
38	mouse60	0.159513814702	50	50	1	0.00319027629403
38	mouse62	-0.117652890827	52	53	0.981132075472	-0.00226255559282
38	mouse63	-0.547861812841	63	64	0.984375	-0.00869621925145
38	mouse67	0.504422497527	57	57	1	0.00884951750047
38	mouse68	0.257435390578	65	66	0.984848484848	0.00396054447043
38	mouse69	-0.817895174009	31	31	1	-0.0263837152906
38	mouse7	-0.30590869646	36	36	1	-0.00849746379057
38	mouse70	-0.0895459162879	52	53	0.981132075472	-0.00172203685169
38	mouse72	0.242862043636	73	73	1	0.00332687731009
38	mouse73	-0.309816306542	63	63	1	-0.00491771915147
38	mouse74	-0.484428307433	32	32	1	-0.0151383846073
38	mouse76	0.677012520631	73	74	0.986486486486	0.00927414411823
38	mouse8	0.32791367708	45	45	1	0.00728697060178
38	mouse9	-0.390001047085	50	50	1	-0.0078000209417
39	mouse10	0.476128310547	33	33	1	0.0144281306226
39	mouse11	-0.31697656495	26	27	0.962962962963	-0.0121914063442
39	mouse13	-0.118937056644	42	42	1	-0.002831834682
39	mouse15	0.614651360474	27	27	1	0.0227648652027
39	mouse16	-0.469564887885	21	21	1	-0.0223602327564
39	mouse17	-0.062507753005	25	25	1	-0.0025003101202
39	mouse18	0.13184886804	25	25	1	0.00527395472162
39	mouse19	-0.020543051154	21	21	1	-0.000978240531145
39	mouse20	-0.226084454462	36	36	1	-0.00628012373504
39	mouse21	0.435136293829	31	34	0.911764705882	0.0140366546396
39	mouse22	-0.111717315253	29	29	1	-0.00385232121563
39	mouse23	-0.506750380812	40	41	0.975609756098	-0.0126687595203
39	mouse26	-0.164403308847	20	20	1	-0.00822016544234
39	mouse34	0.0362737642473	24	24	1	0.00151140684364
39	mouse38	0.448581005936	27	27	1	0.0166141113309
39	mouse4	-0.0523256151927	26	26	1	-0.00201252366126
39	mouse44	0.0220282310643	20	20	1	0.00110141155322
39	mouse45	0.215656123184	30	31	0.967741935484	0.00718853743947
39	mouse52	0.069628130103	37	37	1	0.00188184135413
39	mouse54	-0.188131444498	20	20	1	-0.00940657222488
39	mouse55	0.275606343054	33	33	1	0.00835170736529
39	mouse6	-0.452084098111	23	23	1	-0.0196558303527
39	mouse60	0.680187966012	36	36	1	0.018894110167
39	mouse62	0.184062675713	53	53	1	0.00347288067382
39	mouse63	-0.117175873142	60	60	1	-0.00195293121904
39	mouse67	0.389878954855	43	43	1	0.00906695243849
39	mouse68	-1.27648422216	54	54	1	-0.0236385967067
39	mouse69	0.813516551441	25	25	1	0.0325406620576
39	mouse7	-0.023714851535	27	27	1	-0.00087832783463
39	mouse70	0.107920682481	25	25	1	0.00431682729924
39	mouse72	0.0643133598094	57	57	1	0.00112830455806
39	mouse73	-0.216183244034	37	37	1	-0.00584279037929
39	mouse74	-0.0677416915178	25	25	1	-0.00270966766071
39	mouse75	-0.0182122421413	23	23	1	-0.00079183661484
39	mouse76	0.494864382976	46	46	1	0.010757921369
39	mouse8	0.708248216497	32	32	1	0.0221327567655
39	mouse9	-0.0915867387796	44	44	1	-0.00208151679045
40	mouse10	-0.13072703956	31	31	1	-0.00421700127613
40	mouse11	0.330058588746	70	70	1	0.00471512269637
40	mouse12	0.241349817205	29	29	1	0.00832240748984
40	mouse13	-0.964908095043	50	50	1	-0.0192981619009
40	mouse15	0.134591247056	40	40	1	0.0033647811764
40	mouse16	0.228609751085	30	30	1	0.00762032503617
40	mouse17	0.00201147234195	27	27	1	7.44989756279e-05
40	mouse18	0.902013878754	45	45	1	0.0200447528612
40	mouse19	-0.124537444766	29	29	1	-0.00429439464709
40	mouse20	-0.0937622046004	50	50	1	-0.00187524409201
40	mouse21	0.48568750914	32	32	1	0.0151777346606
40	mouse22	0.384944893135	46	46	1	0.00836836724207
40	mouse23	1.65747633759	66	66	1	0.0251132778422
40	mouse24	0.25986780793	31	31	1	0.00838283251386
40	mouse25	-0.170722954166	30	30	1	-0.00569076513887
40	mouse26	-0.983297350187	29	30	0.966666666667	-0.0339068051789
40	mouse34	0.136527415849	44	44	1	0.00310289581475
40	mouse35	-0.0882800435757	45	45	1	-0.00196177874613
40	mouse36	-0.0621374505337	21	21	1	-0.00295892621589
40	mouse37	-0.670747739573	23	23	1	-0.0291629451988
40	mouse38	-0.348395182949	46	46	1	-0.00757380832499
40	mouse4	0.235489186544	42	42	1	0.0056068853939
40	mouse41	-0.0661286376329	26	27	0.962962962963	-0.00254340913973
40	mouse44	-1.09725315193	29	29	1	-0.0378363155838
40	mouse45	-0.135401452435	29	29	1	-0.00466901560121
40	mouse52	0.13116641772	40	41	0.975609756098	0.00327916044299
40	mouse54	0.0488952399831	33	34	0.970588235294	0.00148167393888
40	mouse55	0.659663766178	46	46	1	0.014340516656
40	mouse57	1.28134555766	25	26	0.961538461538	0.0512538223063
40	mouse6	0.347971677901	36	36	1	0.0096658799417
40	mouse60	0.60476024696	68	68	1	0.00889353304353
40	mouse61	0.222302473931	20	20	1	0.0111151236965
40	mouse62	-0.18653316438	80	80	1	-0.00233166455475
40	mouse63	-0.102950450149	61	62	0.983870967742	-0.00168771229753
40	mouse67	0.149613827144	61	63	0.968253968254	0.00245268569089
40	mouse68	0.765803348509	81	82	0.987804878049	0.00945436232727
40	mouse69	-0.522431553952	36	36	1	-0.0145119876098
40	mouse7	-0.0863092697002	40	42	0.952380952381	-0.00215773174251
40	mouse70	0.222268160243	46	46	1	0.00483191652702
40	mouse71	0.215035556185	24	24	1	0.00895981484105
40	mouse72	1.41920954492	73	73	1	0.0194412266428
40	mouse73	-0.134025795294	59	59	1	-0.00227162364904
40	mouse74	-0.53970192417	41	41	1	-0.0131634615651
40	mouse75	0.544940396441	32	32	1	0.0170293873888
40	mouse76	-0.205898015115	78	78	1	-0.0026397181425
40	mouse8	-0.525289578195	33	33	1	-0.0159178660059
40	mouse9	0.325241848697	63	63	1	0.00516256902693
41	mouse10	0.325563468815	39	39	1	0.00834778125166
41	mouse11	0.0356943614476	61	61	1	0.000585153466354
41	mouse12	-0.57156702206	36	36	1	-0.0158768617239
41	mouse13	-0.297844583624	29	29	1	-0.0102705028836
41	mouse15	-0.33485895986	43	43	1	-0.00778741767117
41	mouse16	-0.0565026320936	27	27	1	-0.00209269007754
41	mouse17	-0.45326930308	23	23	1	-0.0197073610035
41	mouse18	0.740114461512	44	45	0.977777777778	0.0168207832162
41	mouse19	0.340196002337	28	28	1	0.0121498572263
41	mouse20	-0.433839360821	47	47	1	-0.00923062469832
41	mouse21	0.13489522564	42	42	1	0.00321179108666
41	mouse22	0.505970239154	43	44	0.977272727273	0.0117667497478
41	mouse23	-0.375225122657	58	58	1	-0.0064693986665
41	mouse24	0.524103835317	26	26	1	0.0201578398199
41	mouse25	-0.380185742326	31	31	1	-0.0122640562041
41	mouse26	-0.30058938764	34	34	1	-0.00884086434235
41	mouse31	0.438103378256	23	23	1	0.0190479729676
41	mouse32	-0.565886951991	20	22	0.909090909091	-0.0282943475996
41	mouse34	-1.04593441317	22	22	1	-0.047542473326
41	mouse35	-0.15328276727	42	42	1	-0.0036495896969
41	mouse36	-0.600048210025	22	22	1	-0.0272749186375
41	mouse38	-0.277300265902	29	29	1	-0.00956207813457
41	mouse4	0.0941870200542	35	35	1	0.00269105771583
41	mouse44	-0.568817853494	24	24	1	-0.0237007438956
41	mouse45	0.299217088871	37	37	1	0.00808694834787
41	mouse52	-0.503373540241	44	44	1	-0.0114403077328
41	mouse54	-0.0775758988536	27	27	1	-0.00287318143902
41	mouse55	0.382512569171	42	42	1	0.00910744212312
41	mouse56	-0.505461588934	24	24	1	-0.0210608995389
41	mouse6	-0.353545992078	27	27	1	-0.0130942960029
41	mouse60	0.152563772258	60	61	0.983606557377	0.00254272953763
41	mouse61	-0.367289500066	21	21	1	-0.0174899761936
41	mouse62	0.535518737117	68	68	1	0.00787527554584
41	mouse63	0.109954370451	82	82	1	0.00134090695672
41	mouse67	0.719110795857	70	71	0.985915492958	0.0102730113694
41	mouse68	-1.48348293517	81	81	1	-0.0183146041379
41	mouse69	0.189123244309	44	44	1	0.00429825555249
41	mouse7	0.084242036859	45	45	1	0.00187204526353
41	mouse70	-0.123734966823	60	60	1	-0.00206224944705
41	mouse72	0.950941320667	79	79	1	0.0120372319072
41	mouse73	-0.0120843895981	54	54	1	-0.000223784992557
41	mouse74	-0.209282694727	47	49	0.959183673469	-0.00445282329207
41	mouse75	0.231933689071	27	28	0.964285714286	0.00859013663226
41	mouse76	-0.283571565246	64	64	1	-0.00443080570697
41	mouse8	0.355005626047	25	25	1	0.0142002250419
41	mouse9	0.130883951012	52	52	1	0.00251699905792
42	mouse10	0.0887337926249	35	36	0.972222222222	0.00253525121785
42	mouse11	0.122187654362	53	53	1	0.00230542744079
42	mouse12	0.249485781337	35	35	1	0.00712816518107
42	mouse13	0.285613782454	41	43	0.953488372093	0.00696618981596
42	mouse14	0.0876463315722	23	23	1	0.00381071006836
42	mouse15	-1.66494479958	33	33	1	-0.0504528727146
42	mouse16	-0.536412306136	25	25	1	-0.0214564922454
42	mouse17	0.565898187951	22	23	0.95652173913	0.0257226449068
42	mouse18	-0.347503373598	58	58	1	-0.00599143747582
42	mouse19	0.00226134293587	32	32	1	7.06669667458e-05
42	mouse20	0.0914158640377	56	56	1	0.00163242614353
42	mouse21	0.215023219502	30	31	0.967741935484	0.00716744065005
42	mouse22	-1.64222117598	40	40	1	-0.0410555293994
42	mouse23	-0.0719199526531	76	76	1	-0.000946315166488
42	mouse24	-0.572028129708	22	22	1	-0.0260012786231
42	mouse25	0.359536003877	33	33	1	0.0108950304205
42	mouse26	0.327973260601	36	36	1	0.00911036835003
42	mouse31	0.338816528222	29	29	1	0.0116833285594
42	mouse34	-0.691773114907	34	34	1	-0.0203462680855
42	mouse35	-0.120486960863	25	25	1	-0.0048194784345
42	mouse36	0.162329699857	26	26	1	0.00624344999448
42	mouse37	0.235646608192	21	22	0.954545454545	0.0112212670568
42	mouse38	0.472768006648	45	46	0.978260869565	0.0105059557033
42	mouse4	0.0940223656373	45	45	1	0.00208938590305
42	mouse41	0.153700136205	27	27	1	0.00569259763723
42	mouse44	-0.678745113969	30	30	1	-0.0226248371323
42	mouse45	0.320863266113	35	35	1	0.00916752188894
42	mouse52	-0.772885347763	57	58	0.98275862069	-0.013559392066
42	mouse54	0.162586408903	33	33	1	0.00492686087584
42	mouse55	-0.492866858586	34	35	0.971428571429	-0.0144960840761
42	mouse57	-0.554013692834	21	21	1	-0.0263816044207
42	mouse6	-0.0513386316283	27	27	1	-0.00190143080105
42	mouse60	0.541945310559	62	62	1	0.00874105339611
42	mouse61	-0.473874293526	22	22	1	-0.0215397406148
42	mouse62	0.54455387555	74	74	1	0.00735883615608
42	mouse63	1.51180023001	71	72	0.986111111111	0.021292960986
42	mouse66	-0.0182507593698	21	21	1	-0.000869083779514
42	mouse67	-0.0250956342325	77	77	1	-0.000325917327694
42	mouse68	-1.44837044156	93	93	1	-0.0155738757157
42	mouse69	0.339066274956	50	50	1	0.00678132549912
42	mouse7	-0.826868890654	38	39	0.974358974359	-0.0217597076488
42	mouse70	-0.430989854761	54	54	1	-0.00798129360669
42	mouse72	-0.528055329961	88	88	1	-0.00600062874955
42	mouse73	-0.0355597607209	65	65	1	-0.00054707324186
42	mouse74	0.197732721314	47	47	1	0.0042070791769
42	mouse75	0.433552643967	39	39	1	0.0111167344607
42	mouse76	0.188031122315	74	74	1	0.00254096111236
42	mouse8	-0.00866869370739	31	32	0.96875	-0.000279635280884
42	mouse9	1.25191704504	52	52	1	0.0240753277892
43	mouse10	-0.0884938520716	21	23	0.913043478261	-0.00421399295579
43	mouse11	0.198740691956	60	60	1	0.00331234486593
43	mouse12	0.469019751749	41	41	1	0.0114395061402
43	mouse13	0.551144322726	51	51	1	0.010806751426
43	mouse15	0.5152122583	25	25	1	0.020608490332
43	mouse16	-0.662274257135	29	29	1	-0.0228370433495
43	mouse18	-0.626686968978	31	31	1	-0.0202157086767
43	mouse19	-0.360546363376	37	37	1	-0.00974449630746
43	mouse20	-0.350162061433	41	41	1	-0.00854053808373
43	mouse21	-0.116525196374	35	36	0.972222222222	-0.00332929132497
43	mouse22	0.071272587221	24	24	1	0.00296969113421
43	mouse23	0.0346470468641	73	73	1	0.000474617080331
43	mouse25	-0.0287272061689	27	27	1	-0.00106397059885
43	mouse26	-0.208566548696	21	21	1	-0.00993174041411
43	mouse31	-0.319288953014	26	26	1	-0.0122803443467
43	mouse33	-0.0164522917895	25	26	0.961538461538	-0.000658091671578
43	mouse34	-0.660157245042	31	31	1	-0.0212953950014
43	mouse35	0.235470528113	24	24	1	0.00981127200469
43	mouse38	0.840753571976	31	31	1	0.027121082967
43	mouse4	-0.433146068472	28	28	1	-0.0154695024454
43	mouse44	-0.742382384268	32	33	0.969696969697	-0.0231994495084
43	mouse45	0.00251507784155	26	26	1	9.67337631366e-05
43	mouse52	-0.320352241387	35	35	1	-0.00915292118249
43	mouse54	0.580940446208	27	27	1	0.0215163128225
43	mouse55	-0.754813620314	38	38	1	-0.0198635163241
43	mouse57	0.286771583176	20	20	1	0.0143385791588
43	mouse6	0.223379263051	31	32	0.96875	0.00720578267905
43	mouse60	0.186175843626	54	54	1	0.00344770080789
43	mouse62	-0.413581534196	71	71	1	-0.00582509203094
43	mouse63	-0.0141330599963	63	63	1	-0.000224334285655
43	mouse67	0.8376538816	49	49	1	0.0170949771755
43	mouse68	-0.291115274305	66	67	0.985074626866	-0.00441083748947
43	mouse69	0.240805084067	35	35	1	0.00688014525905
43	mouse7	0.440279302251	34	34	1	0.0129493912427
43	mouse70	-0.245806998479	46	46	1	-0.00534363040173
43	mouse72	-0.993664504772	81	81	1	-0.0122674630219
43	mouse73	0.496910931654	46	48	0.958333333333	0.0108024115577
43	mouse74	-0.370741492559	41	42	0.97619047619	-0.00904247542827
43	mouse75	0.0384389982317	33	33	1	0.00116481812823
43	mouse76	-0.301341505451	60	60	1	-0.00502235842418
43	mouse8	1.02590566989	30	30	1	0.0341968556629
43	mouse9	-0.00418647156598	44	44	1	-9.5147081045e-05
44	mouse10	-0.327684930904	21	21	1	-0.0156040443288
44	mouse11	-0.977557847079	39	39	1	-0.0250655858225
44	mouse12	0.319691530212	30	30	1	0.0106563843404
44	mouse13	0.164216105686	53	53	1	0.00309841708842
44	mouse14	-0.00101171170828	26	26	1	-3.891198878e-05
44	mouse15	0.249035993706	43	43	1	0.00579153473736
44	mouse16	-0.341296386416	32	32	1	-0.0106655120755
44	mouse17	-0.106168052546	20	20	1	-0.00530840262728
44	mouse18	0.903130641979	50	50	1	0.0180626128396
44	mouse19	-0.477756989784	34	34	1	-0.0140516761701
44	mouse20	-0.639392678936	67	67	1	-0.00954317431248
44	mouse21	0.253213597454	37	38	0.973684210526	0.006843610742
44	mouse22	-0.151224630077	43	43	1	-0.00351685186227
44	mouse23	-0.209098639056	52	52	1	-0.00402112767416
44	mouse25	0.17182526795	32	32	1	0.00536953962343
44	mouse26	-0.181854191014	33	33	1	-0.00551073306102
44	mouse32	0.0737248985093	21	21	1	0.00351070945282
44	mouse34	-0.195112147525	37	37	1	-0.00527330128447
44	mouse35	-0.153337105772	26	26	1	-0.00589758099123
44	mouse37	0.495476679052	22	22	1	0.0225216672296
44	mouse38	-0.13718964458	35	35	1	-0.00391970413086
44	mouse4	0.0569275453584	37	37	1	0.00153858230698
44	mouse44	-0.489546779953	37	37	1	-0.0132309940528
44	mouse45	-0.212772232698	37	38	0.973684210526	-0.00575060088373
44	mouse52	1.33632753747	52	55	0.945454545455	0.0256986064898
44	mouse54	0.151759919174	21	22	0.954545454545	0.00722666281779
44	mouse55	0.352437991359	37	37	1	0.0095253511178
44	mouse6	0.485897139596	35	35	1	0.013882775417
44	mouse60	-0.168968659076	63	63	1	-0.00268204220755
44	mouse62	0.930725302996	68	69	0.985507246377	0.0136871368088
44	mouse63	0.804136287798	82	82	1	0.0098065400951
44	mouse67	-0.120018020631	51	51	1	-0.00235329452218
44	mouse68	-0.284117085009	79	79	1	-0.00359641879758
44	mouse69	0.607026841618	37	37	1	0.0164061308546
44	mouse7	-0.569349486474	40	40	1	-0.0142337371618
44	mouse70	0.70796074584	57	57	1	0.0124203639621
44	mouse72	-0.802948748387	90	90	1	-0.00892165275986
44	mouse73	-0.866922919116	70	70	1	-0.0123846131302
44	mouse74	-0.525235727495	38	38	1	-0.0138219928288
44	mouse75	-0.303647182551	30	31	0.967741935484	-0.0101215727517
44	mouse76	0.639528548395	83	84	0.988095238095	0.00770516323367
44	mouse8	-0.24773880209	41	41	1	-0.00604240980707
44	mouse9	-0.68121601166	59	59	1	-0.0115460340959
45	mouse10	0.627103494542	42	42	1	0.0149310355843
45	mouse11	-1.32966003905	82	82	1	-0.0162153663299
45	mouse12	-0.765976564584	54	54	1	-0.014184751196
45	mouse13	-0.784291880665	67	68	0.985294117647	-0.0117058489652
45	mouse14	0.591525123523	39	39	1	0.0151673108596
45	mouse15	0.275169336525	61	62	0.983870967742	0.00451097272991
45	mouse16	-0.865197147597	31	31	1	-0.0279095854064
45	mouse17	0.31767874007	29	29	1	0.0109544393128
45	mouse18	-0.23418002477	70	70	1	-0.00334542892529
45	mouse19	0.129458118355	40	41	0.975609756098	0.00323645295888
45	mouse20	-0.419329790297	70	70	1	-0.00599042557567
45	mouse21	-0.354315730963	50	52	0.961538461538	-0.00708631461926
45	mouse22	-0.17575014008	47	47	1	-0.00373936468256
45	mouse23	-0.495671067544	91	92	0.989130434783	-0.00544693480817
45	mouse24	-0.389121380218	42	42	1	-0.00926479476708
45	mouse25	-0.57960733555	33	34	0.970588235294	-0.017563858653
45	mouse26	0.332039500485	45	46	0.978260869565	0.00737865556633
45	mouse31	0.292035029106	37	37	1	0.00789283862449
45	mouse32	0.345817223078	27	27	1	0.0128080452992
45	mouse33	-0.570019187717	36	38	0.947368421053	-0.0158338663255
45	mouse34	-0.5609771955	54	54	1	-0.0103884665833
45	mouse35	0.199612964465	40	41	0.975609756098	0.00499032411162
45	mouse36	0.96046116105	33	34	0.970588235294	0.0291048836682
45	mouse37	0.547870414153	20	20	1	0.0273935207077
45	mouse38	-0.309711400142	54	54	1	-0.00573539629892
45	mouse39	0.170898230998	22	22	1	0.007768101409
45	mouse4	-0.119219036414	51	52	0.980769230769	-0.00233762816498
45	mouse41	0.236996643597	24	25	0.96	0.00987486014986
45	mouse44	0.68303636642	40	40	1	0.0170759091605
45	mouse45	-1.03472915113	57	58	0.98275862069	-0.0181531430023
45	mouse52	-2.03954378811	80	80	1	-0.0254942973513
45	mouse54	-0.343496562295	41	41	1	-0.00837796493403
45	mouse55	1.31975451674	58	58	1	0.0227543882197
45	mouse56	-0.376268677836	20	20	1	-0.0188134338918
45	mouse57	-0.141016811619	25	25	1	-0.00564067246475
45	mouse6	1.03617506578	49	49	1	0.0211464299139
45	mouse60	2.51704931795	97	97	1	0.0259489620408
45	mouse61	0.805817884806	21	22	0.954545454545	0.0383722802289
45	mouse62	-1.23113627449	128	128	1	-0.00961825214442
45	mouse63	0.485681964923	90	92	0.978260869565	0.00539646627692
45	mouse66	-0.304512007616	23	23	1	-0.013239652505
45	mouse67	0.922427314288	91	91	1	0.0101365638933
45	mouse68	-0.794629783786	110	110	1	-0.00722390712533
45	mouse69	-0.973368793686	74	76	0.973684210526	-0.0131536323471
45	mouse7	-1.6181895327	58	61	0.950819672131	-0.0278998195292
45	mouse70	-0.310959600703	73	74	0.986486486486	-0.00425972055757
45	mouse71	0.229135483466	24	24	1	0.00954731181107
45	mouse72	-0.62161345041	115	115	1	-0.00540533435139
45	mouse73	-0.151438674363	83	84	0.988095238095	-0.00182456234173
45	mouse74	0.510987874208	68	68	1	0.00751452756189
45	mouse75	0.481993688761	52	52	1	0.00926910939925
45	mouse76	-1.21467121683	109	109	1	-0.0111437726315
45	mouse8	0.0271826696048	50	50	1	0.000543653392096
45	mouse9	1.14560189787	75	75	1	0.0152746919716
46	mouse10	0.0229515103424	28	28	1	0.000819696797944
46	mouse11	0.319095230505	49	50	0.98	0.00651214756132
46	mouse12	0.249086659195	31	31	1	0.00803505352243
46	mouse13	-0.516169834656	44	44	1	-0.0117311326058
46	mouse14	0.374056794537	25	25	1	0.0149622717815
46	mouse15	-0.292335670225	40	40	1	-0.00730839175563
46	mouse18	-0.22674531403	49	49	1	-0.00462745538837
46	mouse19	-0.268510859742	31	31	1	-0.00866164063685
46	mouse20	0.0969487973283	57	57	1	0.00170085609348
46	mouse21	-0.15736519229	37	37	1	-0.00425311330514
46	mouse22	0.0836593800355	31	31	1	0.00269868967857
46	mouse23	-0.578360300308	59	59	1	-0.00980271695438
46	mouse25	-0.20845331772	26	26	1	-0.00801743529691
46	mouse26	0.193643903904	21	21	1	0.00922113828115
46	mouse31	-0.259485375867	24	24	1	-0.0108118906611
46	mouse34	-0.315976867458	42	43	0.976744186047	-0.00752325874899
46	mouse35	0.0604124290729	23	25	0.92	0.002626627351
46	mouse36	0.570871401491	29	29	1	0.0196852207411
46	mouse37	0.37400021744	24	24	1	0.0155833423933
46	mouse38	0.180961737095	39	39	1	0.00464004454089
46	mouse4	-0.247943913245	22	22	1	-0.0112701778748
46	mouse45	0.383941358603	37	38	0.973684210526	0.0103767934758
46	mouse52	0.532112568234	31	31	1	0.0171649215559
46	mouse54	-0.232542401898	42	42	1	-0.00553672385472
46	mouse55	0.189095674478	37	37	1	0.00511069390482
46	mouse6	-0.0349919057464	30	30	1	-0.00116639685821
46	mouse60	-1.07546967272	47	47	1	-0.0228823334621
46	mouse62	-0.297456390983	74	74	1	-0.00401968095923
46	mouse63	0.369194784707	67	67	1	0.005510369921
46	mouse67	-0.396698578847	52	52	1	-0.00762881882397
46	mouse68	0.299839448525	63	63	1	0.00475935632579
46	mouse69	0.712233022368	33	33	1	0.0215828188596
46	mouse7	-0.535063045876	37	38	0.973684210526	-0.014461163402
46	mouse70	0.0856052567494	66	66	1	0.00129704934469
46	mouse72	-0.44881985307	69	69	1	-0.00650463555174
46	mouse73	-0.147643319244	46	46	1	-0.00320963737487
46	mouse74	-0.347567726322	32	34	0.941176470588	-0.0108614914476
46	mouse75	0.142928371319	21	22	0.954545454545	0.00680611291994
46	mouse76	-0.0206103794943	59	59	1	-0.000349328466005
46	mouse8	-0.169690956162	30	30	1	-0.0056563652054
46	mouse9	-0.689444129535	44	44	1	-0.0156691847622
47	mouse10	0.46635835307	25	25	1	0.0186543341228
47	mouse11	-0.348069965179	44	45	0.977777777778	-0.0079106810268
47	mouse12	-0.140331558085	22	22	1	-0.00637870718568
47	mouse15	0.704006811328	35	35	1	0.0201144803237
47	mouse16	-0.248166067636	25	26	0.961538461538	-0.00992664270542
47	mouse18	-0.792205305489	27	27	1	-0.0293409372403
47	mouse19	-0.1105767203	30	30	1	-0.00368589067668
47	mouse20	0.411821577896	32	32	1	0.0128694243092
47	mouse21	-0.00822675405331	30	30	1	-0.00027422513511
47	mouse22	-0.0435990307872	28	28	1	-0.0015571082424
47	mouse23	0.437955401274	33	34	0.970588235294	0.0132713757962
47	mouse31	0.366503290664	21	21	1	0.0174525376507
47	mouse34	0.00312990862894	35	35	1	8.9425960827e-05
47	mouse35	0.00207344505546	27	28	0.964285714286	7.67942613132e-05
47	mouse36	0.389577176222	21	21	1	0.0185512941058
47	mouse38	0.389244455069	29	29	1	0.0134222225886
47	mouse4	-0.0732431443585	28	28	1	-0.00261582658423
47	mouse41	0.0487725615202	21	21	1	0.00232250292953
47	mouse44	0.370316361817	25	25	1	0.0148126544727
47	mouse45	0.715950972629	25	25	1	0.0286380389052
47	mouse52	-0.0952697639541	33	34	0.970588235294	-0.00288696254406
47	mouse54	-0.643005076229	34	34	1	-0.0189119140067
47	mouse55	-0.529364469758	33	33	1	-0.0160413475684
47	mouse6	-0.0246393086459	25	25	1	-0.000985572345838
47	mouse60	0.566448469656	42	42	1	0.0134868683251
47	mouse62	0.860569166227	57	57	1	0.0150977046707
47	mouse63	0.203176544812	54	54	1	0.00376252860763
47	mouse67	-0.198795071194	42	42	1	-0.0047332159808
47	mouse68	-0.317215586199	60	60	1	-0.00528692643665
47	mouse69	0.804392328971	36	36	1	0.0223442313603
47	mouse7	0.193674640241	20	20	1	0.00968373201204
47	mouse70	0.782753299168	43	44	0.977272727273	0.0182035650969
47	mouse72	-0.15555264377	69	69	1	-0.00225438614159
47	mouse73	0.912312127941	39	39	1	0.0233926186652
47	mouse74	0.85982626072	22	22	1	0.0390830118509
47	mouse76	0.355935200881	55	55	1	0.00647154910692
47	mouse8	-0.0763115224369	30	30	1	-0.00254371741456
47	mouse9	0.347981591782	30	30	1	0.0115993863927
48	mouse10	-0.179599136641	30	30	1	-0.00598663788803
48	mouse11	-0.221152321139	51	51	1	-0.00433632002234
48	mouse12	0.312951584872	29	29	1	0.0107914339611
48	mouse13	-0.922545374837	30	30	1	-0.0307515124946
48	mouse14	0.218459323387	21	21	1	0.0104028249232
48	mouse15	0.703715426953	38	38	1	0.0185188270251
48	mouse16	-0.831717487014	29	29	1	-0.0286799133453
48	mouse18	0.28838568951	46	46	1	0.00626925411977
48	mouse19	0.275322916676	30	30	1	0.00917743055586
48	mouse20	-0.0629419375243	28	30	0.933333333333	-0.00224792634015
48	mouse21	0.443788467042	34	36	0.944444444444	0.0130526019718
48	mouse22	0.738024273076	37	37	1	0.019946601975
48	mouse23	0.184902021617	52	53	0.981132075472	0.00355580810803
48	mouse24	-0.240038248331	23	24	0.958333333333	-0.0104364455796
48	mouse25	0.0969724067262	31	31	1	0.00312814215246
48	mouse31	0.1755808235	22	22	1	0.00798094652274
48	mouse34	0.371897640314	28	28	1	0.0132820585827
48	mouse35	-0.0218826653029	34	34	1	-0.000643607803025
48	mouse38	0.134458638355	27	27	1	0.00497994956872
48	mouse4	0.100468905844	42	42	1	0.0023921168058
48	mouse41	-0.250225773227	27	27	1	-0.00926762123063
48	mouse44	-0.987649289979	37	37	1	-0.0266932240535
48	mouse45	-0.444954788981	34	34	1	-0.0130869055583
48	mouse52	-0.0931955517576	32	33	0.969696969697	-0.00291236099243
48	mouse54	-0.594254025961	36	37	0.972972972973	-0.0165070562767
48	mouse55	0.509678661511	50	50	1	0.0101935732302
48	mouse6	0.690033910691	30	31	0.967741935484	0.0230011303564
48	mouse60	0.0596602427886	60	60	1	0.00099433737981
48	mouse62	-0.15257889756	56	56	1	-0.00272462317071
48	mouse63	-0.108243530975	63	63	1	-0.00171815128532
48	mouse67	-0.158259725655	48	48	1	-0.00329707761781
48	mouse68	-0.931919888222	73	73	1	-0.0127660258661
48	mouse69	0.130528256443	37	37	1	0.00352779071468
48	mouse7	0.112698458802	40	40	1	0.00281746147005
48	mouse70	0.566678979037	43	43	1	0.0131785809078
48	mouse72	-1.636717845	71	71	1	-0.0230523640141
48	mouse73	0.19768005061	52	52	1	0.00380153943481
48	mouse74	-0.36910089831	33	33	1	-0.0111848757064
48	mouse75	-0.694100581562	31	31	1	-0.0223903413407
48	mouse76	1.04321023058	73	74	0.986486486486	0.0142905511039
48	mouse8	0.171632457425	33	34	0.970588235294	0.00520098355835
48	mouse9	0.243898977767	48	48	1	0.00508122870349
49	mouse10	0.985940409151	29	29	1	0.0339979451431
49	mouse11	0.0943863908098	48	48	1	0.00196638314187
49	mouse12	0.0262835528349	25	26	0.961538461538	0.0010513421134
49	mouse13	-0.883919715493	47	49	0.959183673469	-0.0188068024573
49	mouse14	-0.307374457612	21	21	1	-0.0146368789339
49	mouse15	0.285902487923	26	26	1	0.0109962495355
49	mouse18	-0.404266948358	39	39	1	-0.0103658191887
49	mouse19	0.616518979273	25	25	1	0.0246607591709
49	mouse20	-0.143239296046	44	45	0.977777777778	-0.00325543854649
49	mouse21	-0.238020485223	35	35	1	-0.00680058529209
49	mouse22	-0.467192831234	43	44	0.977272727273	-0.0108649495636
49	mouse23	0.581463902898	68	68	1	0.0085509397485
49	mouse24	0.477451416051	23	23	1	0.0207587572196
49	mouse25	-0.270813272129	26	26	1	-0.0104158950819
49	mouse26	-0.914920588372	31	31	1	-0.0295135673668
49	mouse34	0.175585056889	46	46	1	0.00381706645412
49	mouse35	0.783333685646	35	36	0.972222222222	0.022380962447
49	mouse38	-0.345113054154	39	39	1	-0.00884905267062
49	mouse4	-0.140296975369	28	28	1	-0.00501060626317
49	mouse41	-0.144748173006	21	21	1	-0.00689277014316
49	mouse44	-0.205769003427	33	33	1	-0.00623542434627
49	mouse45	-0.589844219747	34	34	1	-0.0173483594043
49	mouse52	0.0306684702225	51	53	0.962264150943	0.000601342553382
49	mouse54	-0.0757793647675	35	35	1	-0.00216512470764
49	mouse55	0.262603554571	40	40	1	0.00656508886427
49	mouse57	-0.0207821422645	23	23	1	-0.000903571402803
49	mouse6	-0.0503352030848	28	28	1	-0.00179768582446
49	mouse60	-0.85386808235	55	55	1	-0.0155248742245
49	mouse61	0.0920696320944	21	21	1	0.00438426819497
49	mouse62	-0.015533432839	73	73	1	-0.000212786751219
49	mouse63	-0.143633680422	54	54	1	-0.00265988297078
49	mouse67	0.616405990688	46	46	1	0.0134001302323
49	mouse68	-0.0354784663146	67	67	1	-0.000529529347979
49	mouse69	-0.804105951741	43	43	1	-0.0187001384126
49	mouse7	0.166728810342	45	45	1	0.00370508467426
49	mouse70	-0.80741534998	51	51	1	-0.015831673529
49	mouse72	1.01381540949	82	82	1	0.0123636025547
49	mouse73	-0.208379672052	59	59	1	-0.00353185884834
49	mouse74	-0.774362809956	33	33	1	-0.0234655396956
49	mouse75	0.368542045017	31	31	1	0.0118884530651
49	mouse76	-0.0145791357901	69	70	0.985714285714	-0.000211291823044
49	mouse8	0.659339239133	30	30	1	0.0219779746378
49	mouse9	0.440340118141	37	37	1	0.0119010842741
50	mouse10	0.366834373108	22	22	1	0.0166742896867
50	mouse11	-0.551539277557	60	60	1	-0.00919232129262
50	mouse12	0.259434883657	20	20	1	0.0129717441828
50	mouse13	0.299828744398	39	41	0.951219512195	0.00768791652303
50	mouse14	-0.691466055237	23	23	1	-0.0300637415321
50	mouse15	0.533318150634	36	36	1	0.0148143930732
50	mouse16	-0.112813311301	29	30	0.966666666667	-0.00389011418279
50	mouse17	0.32484673414	22	22	1	0.0147657606427
50	mouse18	-0.646603481657	56	56	1	-0.0115464907439
50	mouse19	0.0804592696775	33	33	1	0.0024381596872
50	mouse20	-0.231846493699	59	60	0.983333333333	-0.00392960158811
50	mouse21	-1.04358192624	38	38	1	-0.0274626822694
50	mouse22	-0.109928914861	29	29	1	-0.0037906522366
50	mouse23	0.815872660936	51	52	0.980769230769	0.0159975031556
50	mouse25	-0.490847688879	22	22	1	-0.0223112585854
50	mouse26	0.194035235268	26	28	0.928571428571	0.00746289366415
50	mouse34	-0.634374613434	46	46	1	-0.013790752466
50	mouse35	0.743172882408	37	37	1	0.0200857535786
50	mouse36	-0.391617961482	24	24	1	-0.0163174150618
50	mouse38	-0.0700144361372	41	41	1	-0.00170766917408
50	mouse4	-0.494285963401	33	33	1	-0.0149783625273
50	mouse41	0.602146683487	30	30	1	0.0200715561162
50	mouse44	0.156026783162	26	26	1	0.00600103012162
50	mouse45	-0.114477121354	34	35	0.971428571429	-0.00336697415747
50	mouse52	0.063267269017	55	56	0.982142857143	0.00115031398213
50	mouse54	0.539546396811	31	32	0.96875	0.0174047224778
50	mouse55	-0.714623521389	43	43	1	-0.0166191516602
50	mouse56	-0.222879399188	20	20	1	-0.0111439699594
50	mouse6	0.0202314862713	31	31	1	0.000652628589397
50	mouse60	-1.17515635471	66	66	1	-0.0178053993137
50	mouse61	-0.270911976396	25	25	1	-0.0108364790559
50	mouse62	-0.606137776193	78	78	1	-0.00777099713068
50	mouse63	0.206135809131	88	88	1	0.00234245237649
50	mouse67	-0.333369061071	56	56	1	-0.0059530189477
50	mouse68	-0.189368091764	79	80	0.9875	-0.00239706445271
50	mouse69	0.916600212039	37	37	1	0.0247729787038
50	mouse7	0.223475902987	38	39	0.974358974359	0.00588094481544
50	mouse70	0.571724352061	48	49	0.979591836735	0.0119109240013
50	mouse71	-0.205807329441	22	22	1	-0.00935487861097
50	mouse72	1.48648449874	83	83	1	0.0179094517921
50	mouse73	1.1471898514	69	69	1	0.0166259398754
50	mouse74	0.0447269298286	42	43	0.976744186047	0.00106492690068
50	mouse75	0.296577745338	23	23	1	0.0128946845799
50	mouse76	-0.701131847257	72	72	1	-0.00973794232301
50	mouse8	1.02609163729	54	54	1	0.0190016969869
50	mouse9	-0.430128344593	54	54	1	-0.00796533971469
51	mouse10	0.152210819597	23	23	1	0.00661786172161
51	mouse11	-1.10651647404	61	63	0.968253968254	-0.0181396143285
51	mouse12	-0.0826250274133	38	38	1	-0.00217434282667
51	mouse13	0.507512206501	45	45	1	0.0112780490334
51	mouse14	0.20600844448	30	32	0.9375	0.00686694814934
51	mouse15	-0.598041587307	40	40	1	-0.0149510396827
51	mouse16	-0.240230345766	30	30	1	-0.00800767819221
51	mouse18	-0.909632048864	49	49	1	-0.0185639193646
51	mouse19	-0.278536952687	30	30	1	-0.00928456508955
51	mouse20	-0.509272858522	46	46	1	-0.0110711490983
51	mouse21	0.416925185913	45	45	1	0.0092650041314
51	mouse22	-0.346952318114	29	30	0.966666666667	-0.0119638730384
51	mouse23	-0.518337238356	66	66	1	-0.00785359452055
51	mouse25	-0.481692325736	26	26	1	-0.0185266279129
51	mouse26	0.14513247239	28	28	1	0.00518330258536
51	mouse33	0.71496314287	23	23	1	0.0310853540378
51	mouse34	-0.656266037291	46	46	1	-0.0142666529846
51	mouse35	0.660415039544	37	37	1	0.0178490551228
51	mouse37	-0.186195962595	20	20	1	-0.00930979812974
51	mouse38	0.963204618352	42	42	1	0.0229334432941
51	mouse4	0.487402705702	46	46	1	0.0105957109935
51	mouse41	0.376590375806	35	35	1	0.010759725023
51	mouse44	0.311916832842	33	33	1	0.00945202523763
51	mouse45	-0.25563526652	41	41	1	-0.00623500650049
51	mouse52	0.624047596949	43	43	1	0.0145127348128
51	mouse54	0.307641133488	39	39	1	0.007888234192
51	mouse55	-0.291171032873	42	43	0.976744186047	-0.00693264363983
51	mouse59	-0.349139084626	21	21	1	-0.0166256706965
51	mouse6	-0.716870706979	36	37	0.972972972973	-0.0199130751939
51	mouse60	-0.269849500074	67	67	1	-0.00402760447872
51	mouse61	0.380585036586	27	27	1	0.0140957420958
51	mouse62	0.0920178516713	81	81	1	0.00113602286014
51	mouse63	-0.361254118093	74	74	1	-0.00488181240666
51	mouse64	0.0183473202971	24	25	0.96	0.000764471679047
51	mouse66	-0.0456343811621	20	20	1	-0.0022817190581
51	mouse67	0.342815826003	65	65	1	0.00527408963082
51	mouse68	-0.287494273819	82	82	1	-0.0035060277295
51	mouse69	-0.12599279085	43	43	1	-0.00293006490349
51	mouse7	-0.197437803165	45	45	1	-0.00438750673701
51	mouse70	-0.00654413114932	70	70	1	-9.34875878475e-05
51	mouse72	0.336245490764	73	73	1	0.00460610261321
51	mouse73	0.355336079206	54	55	0.981818181818	0.00658029776307
51	mouse74	0.102357922073	51	52	0.980769230769	0.00200701807986
51	mouse75	0.156991495213	26	26	1	0.00603813443128
51	mouse76	0.26186323085	82	82	1	0.00319345403476
51	mouse8	-0.0711736967428	32	32	1	-0.00222417802321
51	mouse9	0.523058444804	62	63	0.984126984127	0.00843642652909
52	mouse10	1.06029064743	20	20	1	0.0530145323715
52	mouse11	0.348234153622	61	62	0.983870967742	0.00570875661676
52	mouse12	0.0484982926242	33	33	1	0.00146964523104
52	mouse13	0.724356295956	49	49	1	0.0147827815501
52	mouse14	-0.379694982996	23	23	1	-0.0165084775216
52	mouse15	-0.332489229649	50	50	1	-0.00664978459297
52	mouse16	-0.846471242545	32	32	1	-0.0264522263295
52	mouse17	-0.179824233549	31	32	0.96875	-0.00580078172738
52	mouse18	-1.04557271769	48	48	1	-0.0217827649519
52	mouse19	0.619657212374	33	33	1	0.0187774912841
52	mouse20	0.12945772458	51	51	1	0.00253838675646
52	mouse21	0.21950682629	42	42	1	0.00522635300691
52	mouse22	-0.402504995861	43	44	0.977272727273	-0.0093605812991
52	mouse23	-0.00144280374675	64	64	1	-2.25438085429e-05
52	mouse25	-0.155978513657	32	32	1	-0.00487432855179
52	mouse26	0.222385325279	40	40	1	0.00555963313199
52	mouse31	0.0564899238202	23	23	1	0.00245608364436
52	mouse33	-0.292146146837	22	23	0.95652173913	-0.0132793703108
52	mouse34	-0.263788767155	33	33	1	-0.00799359900471
52	mouse35	-0.466130318101	40	40	1	-0.0116532579525
52	mouse37	0.0268612877082	27	27	1	0.000994862507712
52	mouse38	0.255346105656	52	52	1	0.00491050203185
52	mouse4	0.0811911513322	27	27	1	0.00300707967897
52	mouse44	-0.527823237202	33	33	1	-0.0159946435516
52	mouse45	0.197812808732	40	40	1	0.0049453202183
52	mouse52	1.22281066884	48	49	0.979591836735	0.0254752222675
52	mouse54	-0.280052600819	40	40	1	-0.00700131502048
52	mouse55	-0.174481242848	38	38	1	-0.00459161165389
52	mouse56	-0.0819428272875	22	22	1	-0.00372467396762
52	mouse57	-0.0941828833459	21	21	1	-0.00448489920695
52	mouse6	0.458690875665	41	41	1	0.0111875823333
52	mouse60	0.0593674108947	60	61	0.983606557377	0.000989456848245
52	mouse61	0.491583045486	23	23	1	0.0213731758907
52	mouse62	0.423942665339	65	65	1	0.00652219485138
52	mouse63	0.395347038997	80	80	1	0.00494183798746
52	mouse67	0.325214515892	56	56	1	0.00580740206951
52	mouse68	0.107335339144	82	82	1	0.00130896755053
52	mouse69	-0.95943917891	51	51	1	-0.0188125329198
52	mouse7	0.074260602107	39	39	1	0.00190411800274
52	mouse70	0.106865955491	59	59	1	0.00181128738121
52	mouse71	0.0375316017933	22	22	1	0.0017059818997
52	mouse72	-0.514327675838	89	89	1	-0.00577896264986
52	mouse73	0.257070751042	58	58	1	0.0044322543283
52	mouse74	0.0730551979047	39	39	1	0.00187321020268
52	mouse75	-0.261877982716	41	41	1	-0.00638726787112
52	mouse76	-0.0255534084501	72	72	1	-0.000354908450696
52	mouse8	0.713616933855	34	34	1	0.0209887333487
52	mouse9	0.367097256236	51	51	1	0.0071979854164
53	mouse10	0.0513921754851	29	30	0.966666666667	0.00177214398224
53	mouse11	-0.609037993734	46	46	1	-0.0132399563855
53	mouse12	-0.106803716157	24	24	1	-0.00445015483986
53	mouse13	0.359831976552	43	43	1	0.00836818550121
53	mouse14	0.114529798143	33	36	0.916666666667	0.00347059994372
53	mouse15	0.219428973434	31	31	1	0.00707835398174
53	mouse16	0.145861084944	24	25	0.96	0.00607754520599
53	mouse18	0.101383830137	59	59	1	0.00171837000231
53	mouse19	-0.331509010376	34	34	1	-0.00975026501107
53	mouse20	-0.710359063158	46	46	1	-0.0154425883295
53	mouse21	0.169266701174	35	35	1	0.00483619146212
53	mouse22	0.431362975075	24	24	1	0.0179734572948
53	mouse23	0.868418993991	64	64	1	0.0135690467811
53	mouse25	0.321994102904	27	28	0.964285714286	0.011925707515
53	mouse26	-0.520747886754	20	20	1	-0.0260373943377
53	mouse31	0.123417068265	23	23	1	0.00536595948977
53	mouse34	0.00169400821217	30	30	1	5.64669404058e-05
53	mouse35	-0.86697203472	36	36	1	-0.02408255652
53	mouse36	-0.0463023938348	22	22	1	-0.00210465426522
53	mouse38	0.0514622950649	32	32	1	0.00160819672078
53	mouse4	0.917166796606	40	40	1	0.0229291699152
53	mouse41	1.01153210147	24	24	1	0.0421471708946
53	mouse44	0.793101506524	20	20	1	0.0396550753262
53	mouse45	0.176179589036	31	31	1	0.00568321254954
53	mouse52	-0.293066534659	37	37	1	-0.00792071715294
53	mouse54	-0.311386463859	38	38	1	-0.00819438062786
53	mouse55	-0.0606258403315	41	41	1	-0.00147867903247
53	mouse6	-0.177071179015	33	33	1	-0.00536579330349
53	mouse60	0.396220335261	44	44	1	0.00900500761956
53	mouse62	0.524180183153	71	71	1	0.00738281948103
53	mouse63	0.165808546645	64	64	1	0.00259075854132
53	mouse67	-0.758978151213	45	45	1	-0.0168661811381
53	mouse68	-0.393461573644	83	83	1	-0.00474050088728
53	mouse69	0.468583980259	32	32	1	0.0146432493831
53	mouse7	-0.532188625469	33	33	1	-0.0161269280445
53	mouse70	-0.474800548691	53	53	1	-0.00895850091871
53	mouse72	-1.0457264293	69	69	1	-0.015155455497
53	mouse73	0.745849659189	59	59	1	0.0126415196473
53	mouse74	-1.18070267874	40	40	1	-0.0295175669685
53	mouse75	0.849085826883	39	39	1	0.0217714314585
53	mouse76	0.833590470712	74	74	1	0.0112647360907
53	mouse8	-0.0995441735078	28	29	0.965517241379	-0.00355514905385
53	mouse9	0.832175018988	41	41	1	0.0202969516826
54	mouse10	-0.283930907709	23	23	1	-0.0123448220743
54	mouse11	-0.364779530044	52	53	0.981132075472	-0.00701499096239
54	mouse12	-0.130690505139	32	32	1	-0.0040840782856
54	mouse13	-0.253139827008	39	39	1	-0.00649076479509
54	mouse14	0.116211498031	25	25	1	0.00464845992124
54	mouse15	-0.0801363606029	34	34	1	-0.00235695178244
54	mouse16	-0.206188077686	25	25	1	-0.00824752310745
54	mouse17	-0.627192941977	21	21	1	-0.0298663305703
54	mouse18	0.738325922461	38	38	1	0.0194296295385
54	mouse19	-0.603584162057	23	23	1	-0.0262427896547
54	mouse20	0.801359602683	42	43	0.976744186047	0.0190799905401
54	mouse21	-0.226592773904	41	41	1	-0.00552665302205
54	mouse22	-0.0210556814198	35	35	1	-0.00060159089771
54	mouse23	0.0269200225914	47	48	0.979166666667	0.000572766438114
54	mouse24	0.364053211635	22	22	1	0.0165478732561
54	mouse25	0.182073753203	28	28	1	0.00650263404295
54	mouse26	0.909075792319	26	26	1	0.0349644535507
54	mouse29	0.243070126171	25	25	1	0.00972280504682
54	mouse31	-0.0853906536012	25	25	1	-0.00341562614405
54	mouse34	-0.54335912383	33	33	1	-0.0164654279948
54	mouse35	-0.680082816762	44	44	1	-0.0154564276537
54	mouse36	-0.00585903067886	30	30	1	-0.000195301022629
54	mouse37	0.225642354554	20	20	1	0.0112821177277
54	mouse38	-0.33105711522	34	34	1	-0.00973697397705
54	mouse4	-0.334059682801	37	38	0.973684210526	-0.00902864007571
54	mouse44	-0.0488196583147	32	32	1	-0.00152561432233
54	mouse45	0.634752991779	40	41	0.975609756098	0.0158688247945
54	mouse52	0.336499106874	51	53	0.962264150943	0.0065980217034
54	mouse54	0.380371692729	48	49	0.979591836735	0.00792441026518
54	mouse55	-0.462027051515	39	39	1	-0.0118468474747
54	mouse56	0.193412501536	21	22	0.954545454545	0.00921011912074
54	mouse57	0.278611998417	26	26	1	0.010715846093
54	mouse6	-0.0418589696783	24	24	1	-0.0017441237366
54	mouse60	0.0357981603811	56	57	0.982456140351	0.000639252863948
54	mouse61	0.408998163219	20	20	1	0.0204499081609
54	mouse62	-0.0894531791127	68	68	1	-0.00131548792813
54	mouse63	-1.7595459921	60	60	1	-0.0293257665349
54	mouse67	-0.318675358817	56	56	1	-0.00569063140745
54	mouse68	0.0503568216238	84	85	0.988235294118	0.000599485971712
54	mouse69	-1.1080420861	39	39	1	-0.028411335541
54	mouse7	-0.577776204153	47	48	0.979166666667	-0.0122931107267
54	mouse70	0.885448196581	44	44	1	0.0201238226496
54	mouse71	-0.13465682177	27	27	1	-0.00498728969519
54	mouse72	-1.62164701648	79	79	1	-0.0205271774238
54	mouse73	1.07669441607	51	51	1	0.0211116552171
54	mouse74	-0.0259688482763	44	44	1	-0.000590201097189
54	mouse75	-0.117581779295	30	30	1	-0.00391939264318
54	mouse76	-0.426553146279	75	75	1	-0.00568737528372
54	mouse8	-0.713370910768	47	47	1	-0.0151781044844
54	mouse9	0.165603423574	42	42	1	0.00394293865652
55	mouse10	-0.909432772304	22	22	1	-0.0413378532866
55	mouse11	1.26852472323	52	52	1	0.024394706216
55	mouse12	0.152903504166	29	29	1	0.00527253462641
55	mouse13	-0.21795474035	31	31	1	-0.00703079807582
55	mouse14	0.00270876273135	20	20	1	0.000135438136568
55	mouse15	0.0605528286779	29	29	1	0.0020880285751
55	mouse17	-0.0363828421657	20	20	1	-0.00181914210828
55	mouse18	-0.0251733228868	36	37	0.972972972973	-0.000699258969078
55	mouse19	0.11272162873	28	28	1	0.00402577245463
55	mouse20	0.268011585548	37	37	1	0.00724355636616
55	mouse21	-0.21995459306	35	35	1	-0.00628441694457
55	mouse22	0.336801871324	30	30	1	0.0112267290441
55	mouse23	0.789153917567	53	53	1	0.0148896965579
55	mouse25	0.151751852298	25	25	1	0.00607007409192
55	mouse26	-0.210541719673	21	22	0.954545454545	-0.0100257961749
55	mouse34	-0.654584060361	42	43	0.976744186047	-0.0155853347705
55	mouse35	0.456414132636	33	33	1	0.013830731292
55	mouse36	-0.130621611995	23	23	1	-0.00567920052152
55	mouse38	1.14340021529	30	30	1	0.0381133405096
55	mouse4	0.0261906787789	37	37	1	0.000707856183214
55	mouse44	-0.0351897755608	37	37	1	-0.000951075015156
55	mouse45	0.827473911884	39	39	1	0.0212172797919
55	mouse52	0.552190928611	35	35	1	0.0157768836746
55	mouse54	0.248670235611	41	41	1	0.00606512769783
55	mouse55	1.04314192835	40	40	1	0.0260785482087
55	mouse56	-0.211525879314	20	20	1	-0.0105762939657
55	mouse6	-0.378033080173	22	22	1	-0.017183321826
55	mouse60	0.547993651652	57	59	0.966101694915	0.00961392371318
55	mouse62	0.460993216089	70	70	1	0.00658561737271
55	mouse63	0.931358930028	78	79	0.987341772152	0.0119404991029
55	mouse67	0.498548888537	54	54	1	0.00923238682476
55	mouse68	-0.72917192122	57	57	1	-0.012792489846
55	mouse69	0.160748477095	47	47	1	0.00342018036372
55	mouse7	0.236716960227	33	34	0.970588235294	0.00717324121901
55	mouse70	-1.18529097681	43	43	1	-0.0275649064374
55	mouse72	0.228589548694	82	82	1	0.00278767742309
55	mouse73	-0.404098319984	46	46	1	-0.00878474608661
55	mouse74	0.155202647044	27	28	0.964285714286	0.00574824618681
55	mouse75	-0.43425981049	36	36	1	-0.0120627725136
55	mouse76	-0.565167831727	57	58	0.98275862069	-0.00991522511802
55	mouse8	-0.953896633629	33	34	0.970588235294	-0.0289059585948
55	mouse9	-0.952500553235	39	39	1	-0.0244230911086
56	mouse10	0.359491304092	29	29	1	0.0123962518652
56	mouse11	-0.511035577189	59	59	1	-0.00866161995235
56	mouse12	0.133567399199	29	29	1	0.00460577238618
56	mouse13	-0.0889513908865	50	51	0.980392156863	-0.00177902781773
56	mouse14	-0.4625827065	24	25	0.96	-0.0192742794375
56	mouse15	-0.233792986056	47	47	1	-0.00497431885226
56	mouse16	0.41075357708	21	21	1	0.0195596941467
56	mouse18	-0.292689303158	60	60	1	-0.00487815505264
56	mouse19	0.347427323978	31	31	1	0.0112073330315
56	mouse20	0.0620099909557	60	60	1	0.00103349984926
56	mouse21	0.391262478099	39	39	1	0.0100323712333
56	mouse22	0.0704887813884	35	35	1	0.00201396518253
56	mouse23	-0.834544007525	61	61	1	-0.0136810493037
56	mouse25	0.0236869447651	27	28	0.964285714286	0.000877294250559
56	mouse26	-0.273613018123	32	32	1	-0.00855040681634
56	mouse29	0.198554319602	25	25	1	0.00794217278409
56	mouse3	-0.604152420483	20	20	1	-0.0302076210242
56	mouse31	0.232586383825	29	29	1	0.0080202201319
56	mouse33	-0.168242181413	28	28	1	-0.00600864933619
56	mouse34	-0.802157042091	41	42	0.97619047619	-0.0195648059047
56	mouse35	0.0225531932676	39	40	0.975	0.000578287006863
56	mouse36	-0.286798917522	33	33	1	-0.00869087628854
56	mouse37	0.0654912649428	21	21	1	0.00311863166394
56	mouse38	-0.322312913291	50	50	1	-0.00644625826583
56	mouse4	0.414333349068	33	33	1	0.0125555560324
56	mouse41	0.334475090084	28	28	1	0.0119455389316
56	mouse44	-0.845385733702	30	30	1	-0.0281795244567
56	mouse45	1.19721107034	30	31	0.967741935484	0.0399070356779
56	mouse52	-0.150255217312	56	56	1	-0.00268312888057
56	mouse53	1.07890466182	22	24	0.916666666667	0.0490411209918
56	mouse54	-0.758632034875	49	49	1	-0.015482286426
56	mouse55	0.8911411219	55	55	1	0.0162025658527
56	mouse57	0.0785627984089	21	21	1	0.00374108563852
56	mouse6	0.278725010735	25	25	1	0.0111490004294
56	mouse60	-0.223353338273	48	50	0.96	-0.00465319454735
56	mouse61	-0.0474320607156	27	27	1	-0.00175674298947
56	mouse62	1.08829017538	83	83	1	0.0131119298239
56	mouse63	0.91420356755	70	70	1	0.013060050965
56	mouse66	0.0911769261227	20	20	1	0.00455884630613
56	mouse67	-0.272622961624	63	63	1	-0.00432734859721
56	mouse68	-0.540244735823	87	88	0.988636363636	-0.00620970960716
56	mouse69	-0.223331067453	54	54	1	-0.00413576050839
56	mouse7	0.229939340442	48	50	0.96	0.00479040292587
56	mouse70	0.338552519114	67	67	1	0.00505302267334
56	mouse71	0.819621426891	24	24	1	0.0341508927871
56	mouse72	-0.174243733441	82	83	0.987951807229	-0.00212492357855
56	mouse73	0.0724045587039	68	68	1	0.00106477292212
56	mouse74	-0.351632959286	48	48	1	-0.00732568665178
56	mouse75	-0.101144930937	24	24	1	-0.00421437212238
56	mouse76	1.16235272268	91	91	1	0.0127731068427
56	mouse8	-0.414295181883	32	32	1	-0.0129467244339
56	mouse9	0.284697276377	49	49	1	0.0058101484975
57	mouse11	0.495436981036	61	61	1	0.00812191772189
57	mouse12	0.713079682057	26	26	1	0.0274261416176
57	mouse13	0.105315776669	42	43	0.976744186047	0.00250751849212
57	mouse14	-0.0412022036427	24	24	1	-0.00171675848511
57	mouse15	0.268266017356	37	37	1	0.00725043290151
57	mouse16	-0.831488261688	30	30	1	-0.0277162753896
57	mouse17	0.0556701689462	20	20	1	0.00278350844731
57	mouse18	0.268050863909	53	53	1	0.00505756346998
57	mouse19	0.0946767925288	35	35	1	0.00270505121511
57	mouse20	0.353082392646	51	51	1	0.00692318416952
57	mouse21	0.798101913479	33	35	0.942857142857	0.0241849064691
57	mouse22	0.262961745681	33	33	1	0.00796853774791
57	mouse23	0.188912084685	50	50	1	0.00377824169369
57	mouse25	0.304741559887	39	39	1	0.00781388615096
57	mouse26	-0.620318188221	37	37	1	-0.0167653564384
57	mouse34	-0.150525641729	42	42	1	-0.00358394385069
57	mouse38	0.318137946973	32	33	0.969696969697	0.0099418108429
57	mouse4	-1.2757866745	26	26	1	-0.04906871825
57	mouse44	-1.14676050712	31	31	1	-0.0369922744233
57	mouse45	0.849698847039	25	25	1	0.0339879538816
57	mouse52	-1.23840780766	38	38	1	-0.0325896791489
57	mouse54	0.813705885261	32	32	1	0.0254283089144
57	mouse55	0.131283138497	50	50	1	0.00262566276994
57	mouse6	-0.402204185692	38	39	0.974358974359	-0.0105843206761
57	mouse60	-0.425368409413	66	66	1	-0.00644497590019
57	mouse62	0.254756791174	69	69	1	0.00369212740832
57	mouse63	0.019153107902	61	61	1	0.000313985375443
57	mouse67	-0.427693620181	57	58	0.98275862069	-0.00750339684528
57	mouse68	-1.84738664291	72	73	0.986301369863	-0.0256581478182
57	mouse69	0.306627095913	42	42	1	0.00730064514079
57	mouse7	-0.200790794002	32	33	0.969696969697	-0.00627471231256
57	mouse70	0.00325429191094	45	45	1	7.2317598021e-05
57	mouse72	-1.30178777215	75	75	1	-0.0173571702954
57	mouse73	-0.0128265289157	55	55	1	-0.000233209616649
57	mouse74	0.521762489721	51	51	1	0.0102306370534
57	mouse75	0.263566730238	26	26	1	0.0101371819322
57	mouse76	0.30546198439	68	68	1	0.00449208800574
57	mouse8	-0.180996591183	37	37	1	-0.00489179976172
57	mouse9	1.08492002745	55	55	1	0.0197258186809
58	mouse11	1.14057149595	74	75	0.986666666667	0.0154131283236
58	mouse12	0.00892783717889	41	41	1	0.000217752126314
58	mouse13	0.513261781962	28	28	1	0.0183307779272
58	mouse14	0.00499914033157	29	29	1	0.000172384149365
58	mouse15	-0.165650498629	41	41	1	-0.00404025606413
58	mouse16	0.151810227962	29	29	1	0.00523483544695
58	mouse17	-0.384715741924	27	28	0.964285714286	-0.0142487311824
58	mouse18	-0.997130478899	35	35	1	-0.0284894422543
58	mouse19	0.345850124373	32	32	1	0.0108078163867
58	mouse20	1.20495452401	49	49	1	0.0245909086532
58	mouse21	-0.220775687757	46	47	0.978723404255	-0.00479947147298
58	mouse22	0.055183311944	29	29	1	0.00190287282565
58	mouse23	0.00772973005827	70	70	1	0.000110424715118
58	mouse25	0.451132549007	24	24	1	0.018797189542
58	mouse26	-0.288129043955	26	26	1	-0.011081886306
58	mouse3	0.209883067098	21	21	1	0.00999443176657
58	mouse31	0.599321978488	23	23	1	0.0260574773256
58	mouse33	-0.741091195185	29	30	0.966666666667	-0.0255548687995
58	mouse34	0.24427195353	47	47	1	0.00519727560703
58	mouse35	-0.459408589829	32	34	0.941176470588	-0.0143565184322
58	mouse38	0.63180062887	46	46	1	0.0137347962798
58	mouse4	0.424061892266	40	40	1	0.0106015473066
58	mouse41	-0.135350954962	20	20	1	-0.00676754774809
58	mouse44	-0.488230127925	34	34	1	-0.0143597096448
58	mouse45	0.402894279916	37	37	1	0.0108890345923
58	mouse52	-1.4555694218	64	64	1	-0.0227432722156
58	mouse54	0.274037214524	41	41	1	0.0066838345006
58	mouse55	0.14644263632	36	36	1	0.00406785100888
58	mouse6	-0.453063299707	34	34	1	-0.0133253911679
58	mouse60	-1.13756037319	66	66	1	-0.0172357632301
58	mouse62	0.233531513284	82	82	1	0.00284794528395
58	mouse63	-0.580024861503	75	75	1	-0.00773366482004
58	mouse67	-0.599642636748	52	52	1	-0.0115315891682
58	mouse68	-0.0506386660435	85	85	1	-0.000595749012276
58	mouse69	-0.295287604652	32	32	1	-0.00922773764537
58	mouse7	-0.526876905062	44	44	1	-0.011974475115
58	mouse70	-0.837623472334	47	47	1	-0.0178217760071
58	mouse71	-0.00699362707279	23	23	1	-0.000304070742295
58	mouse72	-0.110943057368	76	76	1	-0.00145977707064
58	mouse73	0.209186073742	54	54	1	0.00387381618041
58	mouse74	-0.248102176533	47	47	1	-0.00527876971347
58	mouse75	-0.807106893478	32	32	1	-0.0252220904212
58	mouse76	-0.190048944938	61	62	0.983870967742	-0.0031155564744
58	mouse8	0.874649372197	33	33	1	0.0265045264302
58	mouse9	-0.277969369526	52	52	1	-0.00534556479857
59	mouse10	0.5751261079	34	34	1	0.0169154737618
59	mouse11	-0.16802513538	54	54	1	-0.00311157658111
59	mouse12	0.286071690842	27	27	1	0.010595247809
59	mouse13	-0.627774831923	41	43	0.953488372093	-0.0153115812664
59	mouse15	0.303076142961	35	35	1	0.0086593183703
59	mouse16	0.189125912809	28	29	0.965517241379	0.00675449688603
59	mouse18	0.682254288942	49	49	1	0.0139235569172
59	mouse19	0.465567250557	34	34	1	0.0136931544281
59	mouse20	-0.149117075434	38	38	1	-0.00392413356406
59	mouse21	0.510373029871	34	34	1	0.0150109714668
59	mouse22	0.357166415673	34	34	1	0.0105048945786
59	mouse23	-0.592524459083	51	51	1	-0.0116181266487
59	mouse25	-0.545631155833	22	23	0.95652173913	-0.0248014161742
59	mouse26	0.382352224846	30	30	1	0.0127450741615
59	mouse33	-0.479761095773	27	27	1	-0.0177689294731
59	mouse34	0.447842351696	29	29	1	0.0154428397136
59	mouse35	-0.107625542781	26	27	0.962962962963	-0.00413944395313
59	mouse36	0.503665551857	24	24	1	0.0209860646607
59	mouse37	0.155774221383	20	20	1	0.00778871106915
59	mouse38	-0.0654572354906	37	37	1	-0.00176911447272
59	mouse4	0.155621564224	29	30	0.966666666667	0.0053662608353
59	mouse44	0.60227019957	23	23	1	0.0261856608509
59	mouse45	-0.672625691978	40	40	1	-0.0168156422994
59	mouse52	-0.314959308674	37	38	0.973684210526	-0.00851241374794
59	mouse54	-0.673009114542	32	33	0.969696969697	-0.0210315348294
59	mouse55	0.236116329191	42	42	1	0.00562181736168
59	mouse6	-0.159517724901	29	29	1	-0.00550061120348
59	mouse60	-0.247201493241	67	67	1	-0.00368957452599
59	mouse62	-0.273975538284	66	66	1	-0.00415114451945
59	mouse63	-0.262208944212	67	68	0.985294117647	-0.00391356633152
59	mouse67	0.642414648263	44	44	1	0.0146003329151
59	mouse68	-0.25747727329	66	66	1	-0.00390117080743
59	mouse69	0.296040073094	34	35	0.971428571429	0.00870706097336
59	mouse7	0.491848475339	43	43	1	0.0114383366358
59	mouse70	-1.12947160472	58	58	1	-0.0194736483572
59	mouse72	-0.292823258143	68	68	1	-0.00430622438445
59	mouse73	-0.938599753987	52	52	1	-0.018049995269
59	mouse74	-0.0536831421383	42	43	0.976744186047	-0.00127817005091
59	mouse75	0.174266178932	26	26	1	0.00670254534354
59	mouse76	0.720840594532	67	67	1	0.0107588148438
59	mouse8	-0.634993949145	26	26	1	-0.0244228441979
59	mouse9	-0.201589797505	44	44	1	-0.00458158630693
60	mouse11	0.0968251759854	47	47	1	0.00206011012735
60	mouse13	-0.486203046089	46	46	1	-0.0105696314367
60	mouse15	-0.509845107614	27	27	1	-0.0188831521338
60	mouse16	0.437469562528	23	23	1	0.0190204157621
60	mouse17	0.0939760488289	25	25	1	0.00375904195316
60	mouse18	0.688438500943	42	42	1	0.0163913928796
60	mouse19	0.285947327002	30	30	1	0.00953157756674
60	mouse20	-0.867402534699	40	40	1	-0.0216850633675
60	mouse21	-0.140099723541	38	38	1	-0.00368683483003
60	mouse22	0.450030208949	33	33	1	0.0136372790591
60	mouse23	0.0129829919879	57	58	0.98275862069	0.000227771789261
60	mouse24	-0.322464883691	23	23	1	-0.0140202123344
60	mouse25	0.142070225094	23	23	1	0.00617696630845
60	mouse26	0.581030528563	26	26	1	0.0223473280217
60	mouse34	-0.236793694677	36	36	1	-0.00657760262993
60	mouse35	-0.127549421361	33	33	1	-0.00386513398063
60	mouse36	-0.4544857687	25	26	0.961538461538	-0.018179430748
60	mouse38	-0.28771743693	33	33	1	-0.00871871020999
60	mouse4	0.552602377709	24	24	1	0.0230250990712
60	mouse41	-0.090573919618	26	26	1	-0.003483612293
60	mouse44	-0.626860180204	37	37	1	-0.0169421670325
60	mouse45	-1.08620846679	30	30	1	-0.0362069488928
60	mouse52	-0.234396678968	36	36	1	-0.00651101886022
60	mouse54	0.427636451798	32	32	1	0.0133636391187
60	mouse55	-0.361457651866	32	32	1	-0.0112955516208
60	mouse6	0.0784380486527	24	24	1	0.0032682520272
60	mouse60	0.0739757549764	57	58	0.98275862069	0.00129782026274
60	mouse62	0.0590790028201	68	68	1	0.000868808865001
60	mouse63	0.139292271228	51	51	1	0.00273122100447
60	mouse67	1.12427914066	60	60	1	0.0187379856776
60	mouse68	0.496055296077	63	63	1	0.00787389358852
60	mouse69	-0.591318188636	38	38	1	-0.0155610049641
60	mouse7	0.521746118279	41	41	1	0.01272551508
60	mouse70	-0.372996048743	44	44	1	-0.00847718292597
60	mouse72	-0.208246487239	70	70	1	-0.0029749498177
60	mouse73	0.544253006773	54	54	1	0.0100787593847
60	mouse74	0.403907262828	37	37	1	0.0109164125089
60	mouse75	0.404743391923	25	25	1	0.0161897356769
60	mouse76	-1.09749364273	62	63	0.984126984127	-0.0177015103667
60	mouse8	0.782490202439	34	35	0.971428571429	0.0230144177188
60	mouse9	-0.0107864902966	37	37	1	-0.000291526764773
61	mouse10	0.100371257747	29	31	0.935483870968	0.00346107785333
61	mouse11	-0.0895937946372	63	63	1	-0.0014221237244
61	mouse12	-0.454313866842	35	35	1	-0.0129803961955
61	mouse13	-0.251016261431	28	28	1	-0.00896486647968
61	mouse14	-0.428876969067	34	34	1	-0.012614028502
61	mouse15	0.3830837954	42	42	1	0.00912104274762
61	mouse16	-0.532441115952	37	37	1	-0.0143903004311
61	mouse17	-0.0812068766993	22	24	0.916666666667	-0.00369122166815
61	mouse18	-0.347144640908	42	42	1	-0.00826534859305
61	mouse19	-0.0862444810029	31	31	1	-0.00278208003235
61	mouse20	0.578464274051	53	53	1	0.0109144202651
61	mouse21	0.200181010582	39	40	0.975	0.00513284642517
61	mouse22	-0.291623746082	41	41	1	-0.00711277429468
61	mouse23	0.116819354961	77	77	1	0.00151713448001
61	mouse24	-0.505971685797	24	24	1	-0.0210821535749
61	mouse25	0.357382664595	31	32	0.96875	0.0115284730514
61	mouse26	0.107961024435	45	45	1	0.00239913387634
61	mouse29	-0.841341193775	21	21	1	-0.0400638663702
61	mouse31	-0.380347069667	23	23	1	-0.016536829116
61	mouse33	0.330699393892	20	21	0.952380952381	0.0165349696946
61	mouse34	0.670244507601	47	47	1	0.0142605214383
61	mouse35	0.74963403192	32	32	1	0.0234260634975
61	mouse36	0.00885450244558	23	23	1	0.000384978367199
61	mouse37	-0.428599837611	20	20	1	-0.0214299918805
61	mouse38	-0.210840949389	54	55	0.981818181818	-0.00390446202572
61	mouse4	0.103851538015	39	39	1	0.00266285994911
61	mouse41	-0.573947149621	22	22	1	-0.0260885068009
61	mouse44	0.718817984991	41	42	0.97619047619	0.0175321459754
61	mouse45	-0.284846243215	30	30	1	-0.00949487477385
61	mouse52	-1.41150320793	49	49	1	-0.0288061879169
61	mouse54	0.54644597946	43	43	1	0.012708046034
61	mouse55	-0.292794228198	50	50	1	-0.00585588456396
61	mouse6	-0.0362206726669	33	33	1	-0.00109759614142
61	mouse60	-0.497517365821	58	59	0.983050847458	-0.0085778856176
61	mouse61	0.00871712005022	21	21	1	0.000415100954772
61	mouse62	-0.00306382297137	95	96	0.989583333333	-3.22507681196e-05
61	mouse63	0.835978412801	68	68	1	0.0122938001882
61	mouse67	-0.0135375371113	52	52	1	-0.00026033725214
61	mouse68	0.503876305791	72	72	1	0.00699828202488
61	mouse69	-0.0729358406786	30	30	1	-0.00243119468929
61	mouse7	0.548931894938	32	35	0.914285714286	0.0171541217168
61	mouse70	0.234222585959	54	54	1	0.00433745529554
61	mouse72	1.43480957005	95	95	1	0.0151032586321
61	mouse73	-1.06338817993	52	52	1	-0.020449772691
61	mouse74	-0.067779066436	47	47	1	-0.00144210779651
61	mouse75	-0.570716261387	31	31	1	-0.0184102019802
61	mouse76	0.649928483489	67	68	0.985294117647	0.0097004251267
61	mouse8	-0.543389778014	30	30	1	-0.0181129926005
61	mouse9	1.00981644129	51	51	1	0.0198003223783
62	mouse10	-0.280205069352	28	28	1	-0.0100073239054
62	mouse11	0.558545460526	56	56	1	0.00997402608083
62	mouse12	-0.572151488034	34	34	1	-0.0168279849422
62	mouse13	-0.0847972288704	52	53	0.981132075472	-0.00163071593982
62	mouse14	-0.256577463185	25	26	0.961538461538	-0.0102630985274
62	mouse15	-0.183796409252	49	49	1	-0.0037509471276
62	mouse16	0.34294446323	22	22	1	0.0155883846923
62	mouse18	-0.167898612799	58	58	1	-0.00289480366895
62	mouse19	0.577147379963	42	42	1	0.0137416042848
62	mouse20	-0.885951043979	58	58	1	-0.0152750179996
62	mouse21	0.0197233976166	44	46	0.95652173913	0.000448259036742
62	mouse22	-0.651853806997	37	37	1	-0.0176176704594
62	mouse23	0.155279031057	69	69	1	0.00225042073996
62	mouse25	-0.496002443961	26	27	0.962962962963	-0.0190770170754
62	mouse26	-0.791957951002	37	37	1	-0.021404268946
62	mouse29	-0.067287899735	21	21	1	-0.00320418570167
62	mouse31	0.332955545686	25	25	1	0.0133182218275
62	mouse32	0.201905726942	22	22	1	0.00917753304282
62	mouse33	-0.0509250962353	23	23	1	-0.00221413461893
62	mouse34	-0.0562291259571	53	53	1	-0.00106092690485
62	mouse35	1.1904436159	31	33	0.939393939394	0.0384014069645
62	mouse36	0.326875232619	23	23	1	0.0142119666356
62	mouse37	0.369013413778	27	28	0.964285714286	0.0136671634733
62	mouse38	0.159529878696	36	36	1	0.00443138551934
62	mouse4	-0.169316312947	41	41	1	-0.00412966616943
62	mouse41	-0.429669559188	25	25	1	-0.0171867823675
62	mouse44	0.208742956887	30	30	1	0.0069580985629
62	mouse45	-0.267985121441	35	35	1	-0.00765671775547
62	mouse52	-0.00538796131572	41	43	0.953488372093	-0.000131413690627
62	mouse54	0.0846825430868	51	51	1	0.00166044202131
62	mouse55	-0.352780462779	55	55	1	-0.00641419023235
62	mouse56	0.470530269831	23	24	0.958333333333	0.0204578378188
62	mouse57	0.0558092050583	25	25	1	0.00223236820233
62	mouse6	0.0320319837014	31	31	1	0.00103328979682
62	mouse60	-0.0663790351612	55	55	1	-0.00120689154839
62	mouse61	0.0263258479744	20	20	1	0.00131629239872
62	mouse62	0.455234755862	84	84	1	0.0054194613793
62	mouse63	-0.137324697181	76	76	1	-0.00180690391028
62	mouse67	-1.33197615295	74	75	0.986666666667	-0.0179996777426
62	mouse68	0.445166745898	76	76	1	0.00585745718287
62	mouse69	0.210688935507	44	44	1	0.00478838489789
62	mouse7	-0.147538051293	43	43	1	-0.00343111747193
62	mouse70	0.350323389529	64	64	1	0.0054738029614
62	mouse72	0.734056341668	93	93	1	0.00789307894267
62	mouse73	0.560788683183	61	61	1	0.00919325710136
62	mouse74	-0.730935590077	54	54	1	-0.0135358442607
62	mouse75	-0.352162752453	22	23	0.95652173913	-0.0160073978388
62	mouse76	-1.04056401727	85	85	1	-0.012241929615
62	mouse8	-0.581998617566	38	40	0.95	-0.0153157530938
62	mouse9	1.38132951436	58	58	1	0.0238160261096
63	mouse10	-0.549948253826	32	32	1	-0.0171858829321
63	mouse11	0.621566475149	65	65	1	0.00956256115613
63	mouse12	0.393411213323	29	29	1	0.0135659039077
63	mouse13	0.0855013542646	40	40	1	0.00213753385662
63	mouse14	0.219521201438	26	27	0.962962962963	0.00844312313223
63	mouse15	-0.833550845397	54	54	1	-0.0154361267666
63	mouse16	0.368545789621	35	35	1	0.0105298797035
63	mouse18	0.393394349425	42	42	1	0.00936653212917
63	mouse19	-0.995878393758	40	40	1	-0.024896959844
63	mouse20	0.284702252559	44	44	1	0.00647050573997
63	mouse21	0.862052696056	36	37	0.972972972973	0.0239459082238
63	mouse22	1.06595045	47	47	1	0.0226797968085
63	mouse23	-0.861737777281	60	60	1	-0.014362296288
63	mouse24	-0.484630631347	21	21	1	-0.0230776491118
63	mouse25	-1.10973919199	32	32	1	-0.0346793497496
63	mouse26	-0.408423227332	27	27	1	-0.0151267861975
63	mouse3	0.238832574379	22	23	0.95652173913	0.0108560261081
63	mouse31	-0.469074559749	22	22	1	-0.0213215708977
63	mouse33	0.0738748620868	21	23	0.913043478261	0.00351785057556
63	mouse34	0.993115286202	34	34	1	0.0292092731236
63	mouse35	0.437162174882	43	44	0.977272727273	0.0101665622066
63	mouse36	-0.259590893387	27	27	1	-0.00961447753287
63	mouse38	-0.8070006804	33	33	1	-0.0244545660727
63	mouse4	0.435343772765	39	39	1	0.0111626608401
63	mouse41	0.418045211968	29	29	1	0.0144153521368
63	mouse44	1.20995456573	29	29	1	0.0417225712319
63	mouse45	0.182636608329	48	48	1	0.00380492934018
63	mouse52	0.160239039462	43	43	1	0.00372648928982
63	mouse54	-0.0766623911883	44	44	1	-0.00174232707246
63	mouse55	0.0880922715835	40	41	0.975609756098	0.00220230678959
63	mouse6	-0.47266726861	31	31	1	-0.0152473312455
63	mouse60	0.613529355163	68	68	1	0.0090224905171
63	mouse61	0.0867560380525	20	20	1	0.00433780190262
63	mouse62	0.297881880868	109	109	1	0.00273286129237
63	mouse63	0.24882761795	69	69	1	0.00360619736159
63	mouse67	-0.21965824864	45	45	1	-0.00488129441421
63	mouse68	-0.69158626026	93	94	0.989361702128	-0.00743641140065
63	mouse69	-0.197703706337	37	37	1	-0.00534334341451
63	mouse7	-0.130550773605	32	32	1	-0.00407971167517
63	mouse70	-0.672126760502	54	54	1	-0.0124467918611
63	mouse72	-1.21612157399	83	83	1	-0.0146520671565
63	mouse73	-0.440635936384	50	50	1	-0.00881271872768
63	mouse74	-0.730696239912	35	36	0.972222222222	-0.020877035426
63	mouse75	-0.386832121819	33	33	1	-0.0117221855097
63	mouse76	0.505415355108	72	72	1	0.00701965770983
63	mouse8	-0.0641302609796	34	35	0.971428571429	-0.00188618414646
63	mouse9	-0.0725375444928	56	56	1	-0.00129531329452
64	mouse10	0.0250524044045	37	38	0.973684210526	0.000677092010933
64	mouse11	0.421535774466	66	66	1	0.00638690567373
64	mouse12	0.80999201373	37	37	1	0.0218916760468
64	mouse13	0.245671160702	36	37	0.972972972973	0.00682419890839
64	mouse14	0.954386656254	31	33	0.939393939394	0.0307866663308
64	mouse15	-0.0295298061904	32	32	1	-0.00092280644345
64	mouse16	-0.422575500384	26	26	1	-0.0162529038609
64	mouse18	0.795920208275	38	39	0.974358974359	0.0209452686388
64	mouse19	-0.41045473258	34	34	1	-0.012072198017
64	mouse20	0.982084227706	49	49	1	0.0200425352593
64	mouse21	0.306088798884	49	51	0.960784313725	0.0062467101813
64	mouse22	0.453931898173	36	36	1	0.0126092193937
64	mouse23	0.716461246315	72	72	1	0.00995085064326
64	mouse24	-0.373129526454	26	26	1	-0.0143511356328
64	mouse25	-0.0909458272094	33	33	1	-0.00275593415786
64	mouse32	-0.0844884880351	21	21	1	-0.00402326133501
64	mouse34	1.16746243578	43	43	1	0.0271502892042
64	mouse35	0.0951496915812	24	24	1	0.00396457048255
64	mouse36	0.0994321623415	25	25	1	0.00397728649366
64	mouse38	0.342864901411	41	42	0.97619047619	0.00836255857101
64	mouse4	0.451309309764	33	33	1	0.0136760396898
64	mouse44	0.826262510767	45	45	1	0.0183613891282
64	mouse45	0.367917462854	46	46	1	0.00799820571422
64	mouse46	0.311263687321	20	20	1	0.0155631843661
64	mouse52	0.382887003905	37	37	1	0.0103482974028
64	mouse54	0.394129399957	37	39	0.948717948718	0.0106521459448
64	mouse55	-0.0919484695643	41	41	1	-0.00224264559913
64	mouse6	0.739953826009	29	29	1	0.0255156491727
64	mouse60	-0.22986906547	60	60	1	-0.00383115109117
64	mouse61	0.140254635675	26	26	1	0.00539440906442
64	mouse62	1.38854672895	85	85	1	0.01633584387
64	mouse63	0.278096075124	76	76	1	0.00365915888321
64	mouse67	-1.35325015089	61	61	1	-0.022184428703
64	mouse68	-0.05915876785	70	70	1	-0.000845125255
64	mouse69	0.321915016592	31	31	1	0.0103843553739
64	mouse7	-0.473236133841	31	33	0.939393939394	-0.0152656817368
64	mouse70	0.25790760923	65	65	1	0.00396780937277
64	mouse72	-0.771975529067	104	104	1	-0.00742284162565
64	mouse73	-0.133756678206	61	61	1	-0.0021927324296
64	mouse74	0.0566738272621	42	42	1	0.00134937683957
64	mouse75	-0.125284389236	26	27	0.962962962963	-0.00481863035525
64	mouse76	-0.755132144923	70	70	1	-0.0107876020703
64	mouse8	0.253847276647	24	24	1	0.0105769698603
64	mouse9	0.308786168737	61	62	0.983870967742	0.00506206833995
65	mouse10	-0.258029030433	26	26	1	-0.00992419347821
65	mouse11	-1.27058020514	66	66	1	-0.0192512152294
65	mouse13	0.605250799131	50	50	1	0.0121050159826
65	mouse15	0.239871335998	48	48	1	0.00499731949996
65	mouse16	0.29505870191	25	25	1	0.0118023480764
65	mouse17	-0.134435936877	21	25	0.84	-0.00640171127986
65	mouse18	0.162388415448	63	64	0.984375	0.00257759389601
65	mouse19	0.253000252118	31	31	1	0.00816129845543
65	mouse2	0.626074904744	23	24	0.958333333333	0.0272206480324
65	mouse20	-0.570751531032	61	61	1	-0.00935658247594
65	mouse21	-0.283429684025	50	50	1	-0.00566859368049
65	mouse22	-0.225699420997	39	39	1	-0.00578716464096
65	mouse23	-0.0437253843403	53	53	1	-0.000825007251703
65	mouse24	-0.52549866917	23	23	1	-0.0228477682248
65	mouse25	-0.265710205417	26	26	1	-0.0102196232853
65	mouse26	0.682329414571	32	32	1	0.0213227942053
65	mouse33	0.526137696658	21	22	0.954545454545	0.0250541760313
65	mouse34	0.584333795017	31	32	0.96875	0.0188494772586
65	mouse35	1.1311992395	40	40	1	0.0282799809874
65	mouse36	-0.293052548089	27	27	1	-0.0108537980774
65	mouse38	0.329629662881	46	46	1	0.00716586223654
65	mouse4	0.284876046588	40	40	1	0.00712190116469
65	mouse45	0.464633039024	48	48	1	0.00967985497967
65	mouse52	-0.0480247461819	44	44	1	-0.00109147150413
65	mouse54	-0.0957621506449	39	39	1	-0.00245543976012
65	mouse55	-0.133526096754	45	45	1	-0.00296724659454
65	mouse6	0.16450407906	25	25	1	0.00658016316239
65	mouse60	0.56307399918	60	61	0.983606557377	0.009384566653
65	mouse61	0.455614526391	22	22	1	0.0207097511996
65	mouse62	0.288455730995	68	68	1	0.00424199604405
65	mouse63	-1.41564322583	67	67	1	-0.0211290033706
65	mouse67	-0.636198829132	71	71	1	-0.00896054688918
65	mouse68	-0.685948521635	99	99	1	-0.0069287729458
65	mouse69	0.514036465317	43	43	1	0.0119543364027
65	mouse7	-0.0478205642893	49	49	1	-0.000975929883454
65	mouse70	0.255383058387	52	52	1	0.00491121266129
65	mouse71	-0.176898865426	20	20	1	-0.00884494327131
65	mouse72	-0.164816609748	91	91	1	-0.00181117153569
65	mouse73	0.120121904032	53	53	1	0.00226645101947
65	mouse74	-0.18944151273	43	43	1	-0.00440561657512
65	mouse75	0.840563011086	33	33	1	0.0254716063966
65	mouse76	0.0598328933659	77	77	1	0.000777050563194
65	mouse8	-0.433572540214	34	34	1	-0.0127521335357
65	mouse9	-1.38708041159	68	68	1	-0.020398241347
66	mouse10	-0.412588236783	24	24	1	-0.0171911765326
66	mouse11	-0.625669212414	44	44	1	-0.0142197548276
66	mouse13	0.425236383087	46	46	1	0.00924426919754
66	mouse14	-0.654029789001	30	30	1	-0.0218009929667
66	mouse15	0.37021324126	37	37	1	0.0100057632773
66	mouse16	-0.0855375820813	29	29	1	-0.00294957179591
66	mouse18	-0.295012618861	44	44	1	-0.00670483224685
66	mouse19	0.613402784644	38	38	1	0.0161421785433
66	mouse20	0.236356453503	42	42	1	0.00562753460722
66	mouse21	0.738633291228	32	32	1	0.0230822903509
66	mouse22	-0.42670176108	28	28	1	-0.01523934861
66	mouse23	-0.75960585671	51	51	1	-0.0148942324845
66	mouse24	-0.17945481578	20	21	0.952380952381	-0.00897274078901
66	mouse25	-0.13390504913	24	24	1	-0.00557937704709
66	mouse26	0.198608404353	29	30	0.966666666667	0.00684856566733
66	mouse31	0.275537431732	22	22	1	0.0125244287151
66	mouse34	0.382164101905	27	28	0.964285714286	0.0141542259965
66	mouse35	0.616218161515	27	27	1	0.0228228948709
66	mouse38	-0.35912831888	31	31	1	-0.01158478448
66	mouse4	0.0434631402241	37	37	1	0.00117467946552
66	mouse44	-0.919878699713	35	35	1	-0.0262822485632
66	mouse45	-0.391233554685	35	35	1	-0.0111781015624
66	mouse52	0.893157070792	40	40	1	0.0223289267698
66	mouse54	-0.248916182851	36	36	1	-0.00691433841252
66	mouse55	-1.32892031362	35	35	1	-0.0379691518178
66	mouse6	0.467461715409	24	24	1	0.0194775714754
66	mouse60	-0.676325091819	62	62	1	-0.0109084692229
66	mouse62	-0.352253115156	70	70	1	-0.00503218735937
66	mouse63	0.578859827488	62	62	1	0.00933644883045
66	mouse67	-1.07479710526	48	48	1	-0.0223916063596
66	mouse68	0.388976867292	68	69	0.985507246377	0.00572024804841
66	mouse69	0.273494647847	38	38	1	0.00719722757491
66	mouse7	0.191567172385	42	42	1	0.00456112315202
66	mouse70	-0.12825932392	52	53	0.981132075472	-0.00246652546001
66	mouse72	1.20711034135	76	77	0.987012987013	0.0158830308072
66	mouse73	-0.336621750781	51	51	1	-0.0066004264859
66	mouse74	-0.0592701576608	37	37	1	-0.001601896153
66	mouse75	0.468964103036	33	33	1	0.0142110334253
66	mouse76	-0.266092341563	51	51	1	-0.00521749689338
66	mouse9	-0.285433112495	52	52	1	-0.00548909831722
67	mouse11	-0.175652574898	45	45	1	-0.00390339055329
67	mouse12	0.222664212021	25	25	1	0.00890656848084
67	mouse13	-0.253970041912	24	24	1	-0.0105820850797
67	mouse14	0.172765960505	27	27	1	0.00639873927795
67	mouse15	-0.507532615147	28	28	1	-0.0181261648267
67	mouse16	0.654044558548	23	23	1	0.0284367199369
67	mouse18	-0.753619002058	45	45	1	-0.0167470889346
67	mouse19	1.12332447814	26	26	1	0.0432047876208
67	mouse20	0.274005646134	40	40	1	0.00685014115334
67	mouse21	-0.0354855255717	27	27	1	-0.00131427872488
67	mouse22	0.768057184144	26	26	1	0.0295406609286
67	mouse23	0.183171125853	31	31	1	0.00590874599525
67	mouse26	0.226015374564	20	20	1	0.0113007687282
67	mouse34	0.311465255502	24	24	1	0.0129777189792
67	mouse38	0.0112606207406	24	24	1	0.000469192530859
67	mouse4	-0.157001592244	24	25	0.96	-0.00654173301015
67	mouse41	0.144279831194	23	23	1	0.00627303613888
67	mouse44	-0.687153998815	35	35	1	-0.0196329713947
67	mouse45	0.812690746691	27	28	0.964285714286	0.0300996572848
67	mouse52	-0.572805632044	33	33	1	-0.0173577464256
67	mouse54	-0.324239795705	33	33	1	-0.00982544835471
67	mouse55	0.0307249877795	21	21	1	0.00146309465617
67	mouse60	0.524841482193	47	47	1	0.0111668400467
67	mouse62	0.201710559805	53	53	1	0.00380585961896
67	mouse63	-0.909032381815	70	70	1	-0.0129861768831
67	mouse67	0.534957281964	36	36	1	0.014859924499
67	mouse68	-0.810300941542	64	64	1	-0.0126609522116
67	mouse69	0.534745338058	28	28	1	0.0190980477878
67	mouse7	0.297405597611	29	29	1	0.0102553654349
67	mouse70	0.500223294986	46	46	1	0.0108744194562
67	mouse71	0.087220609433	20	20	1	0.00436103047165
67	mouse72	0.632969285677	57	58	0.98275862069	0.0111047243101
67	mouse73	-0.158960553529	38	39	0.974358974359	-0.0041831724613
67	mouse74	0.364054979383	49	49	1	0.0074296934568
67	mouse75	-0.237695449536	21	21	1	-0.0113188309303
67	mouse76	-0.43726810459	63	63	1	-0.00694076356493
67	mouse8	-0.293153587683	31	31	1	-0.00945656734462
67	mouse9	0.754686522151	49	49	1	0.0154017657582
68	mouse10	0.0345563939024	24	24	1	0.00143984974593
68	mouse11	-0.205677207127	63	63	1	-0.00326471757345
68	mouse12	-0.119165890446	28	29	0.965517241379	-0.00425592465879
68	mouse13	0.229659061688	39	39	1	0.00588869388942
68	mouse14	0.445641209366	21	21	1	0.0212210099698
68	mouse15	-0.341305811635	40	40	1	-0.00853264529088
68	mouse16	0.605556694216	24	24	1	0.0252315289257
68	mouse17	-0.360315257874	21	21	1	-0.0171578694226
68	mouse18	-0.645402960725	42	43	0.976744186047	-0.0153667371601
68	mouse19	0.48324309166	34	34	1	0.0142130321076
68	mouse20	-0.802360325441	46	46	1	-0.0174426157705
68	mouse21	0.0813080605951	32	32	1	0.0025408768936
68	mouse22	0.711376444054	32	32	1	0.0222305138767
68	mouse23	0.185712194767	54	54	1	0.00343911471791
68	mouse24	-0.50755992983	24	25	0.96	-0.0211483304096
68	mouse25	-0.12116396307	27	27	1	-0.00448755418779
68	mouse26	-0.123134099982	26	27	0.962962962963	-0.00473592692239
68	mouse29	-0.73423886971	22	22	1	-0.0333744940777
68	mouse34	0.976536136951	41	43	0.953488372093	0.0238179545598
68	mouse35	-0.922000374706	34	34	1	-0.0271176580796
68	mouse36	0.0284497578103	22	22	1	0.00129317080956
68	mouse38	-0.517694815225	30	30	1	-0.0172564938408
68	mouse4	0.573396541302	41	41	1	0.0139852814952
68	mouse44	0.307636762368	28	28	1	0.0109870272274
68	mouse45	-0.497146259419	39	39	1	-0.0127473399851
68	mouse52	0.610388405616	40	43	0.93023255814	0.0152597101404
68	mouse54	0.797116526044	44	44	1	0.0181162846828
68	mouse55	-0.452275902859	50	50	1	-0.00904551805718
68	mouse56	0.623252902829	22	23	0.95652173913	0.0283296774013
68	mouse60	0.613505225819	59	60	0.983333333333	0.010398393658
68	mouse62	-0.421711895111	61	61	1	-0.00691330975592
68	mouse63	0.326109757372	60	60	1	0.00543516262286
68	mouse67	-0.395301667251	48	48	1	-0.00823545140107
68	mouse68	-0.237240247323	66	66	1	-0.00359454920187
68	mouse69	-0.830929830341	42	42	1	-0.0197840435795
68	mouse7	-0.117079126402	25	25	1	-0.00468316505608
68	mouse70	-0.873019182239	49	49	1	-0.0178167180049
68	mouse72	-0.58584173432	86	86	1	-0.00681211318977
68	mouse73	-0.718273369956	50	51	0.980392156863	-0.0143654673991
68	mouse74	0.295944868458	39	39	1	0.00758832996047
68	mouse75	0.169004849192	22	22	1	0.00768203859964
68	mouse76	0.368163728841	66	66	1	0.00557823831578
68	mouse8	0.633350572103	30	30	1	0.0211116857368
68	mouse9	0.324527768641	58	58	1	0.00559530635587
69	mouse10	0.3413967211	25	25	1	0.013655868844
69	mouse11	-0.0212116311146	51	51	1	-0.00041591433558
69	mouse12	-0.149283646504	25	26	0.961538461538	-0.00597134586015
69	mouse13	-0.16429472277	34	34	1	-0.00483219772852
69	mouse15	0.516093344212	32	32	1	0.0161279170066
69	mouse16	0.306654797075	23	23	1	0.0133328172641
69	mouse17	0.204658853215	20	20	1	0.0102329426607
69	mouse18	-0.172734249195	35	35	1	-0.00493526426272
69	mouse19	0.991530714109	29	29	1	0.0341907142796
69	mouse20	-0.547651058643	40	43	0.93023255814	-0.0136912764661
69	mouse21	-0.355705628851	35	35	1	-0.0101630179672
69	mouse22	0.277581314349	23	23	1	0.0120687527978
69	mouse23	0.716569533492	38	38	1	0.0188570929866
69	mouse34	-0.508662165686	30	30	1	-0.0169554055229
69	mouse35	-0.109476000766	28	28	1	-0.00390985717022
69	mouse38	0.385082094434	22	22	1	0.0175037315652
69	mouse4	-0.224905914165	28	28	1	-0.00803235407731
69	mouse44	-1.07192928582	29	29	1	-0.0369630788213
69	mouse45	0.082933088858	29	29	1	0.00285976168476
69	mouse52	0.833616301877	46	46	1	0.0181220935191
69	mouse54	0.430577043961	38	38	1	0.0113309748411
69	mouse55	0.0163622290881	32	32	1	0.000511319659003
69	mouse56	0.0530317428615	25	25	1	0.00212126971446
69	mouse6	0.232846221763	20	20	1	0.0116423110881
69	mouse60	0.12756322661	39	39	1	0.00327085196437
69	mouse62	-0.15344203004	56	56	1	-0.00274003625071
69	mouse63	-0.181946381385	52	52	1	-0.00349896887279
69	mouse67	0.414001834902	44	44	1	0.00940913261142
69	mouse68	-0.400907047668	57	58	0.98275862069	-0.00703345697663
69	mouse69	-0.389222909925	38	39	0.974358974359	-0.0102427081559
69	mouse70	-1.35000025067	43	43	1	-0.0313953546667
69	mouse72	0.612075376954	69	69	1	0.00887065763702
69	mouse73	0.0341188048172	58	58	1	0.000588255255469
69	mouse74	-0.168801742352	25	25	1	-0.00675206969407
69	mouse75	-0.370731467732	25	25	1	-0.0148292587093
69	mouse76	-0.0875683100275	65	65	1	-0.00134720476965
69	mouse8	0.45411015984	30	30	1	0.015137005328
69	mouse9	-1.24016242767	51	51	1	-0.0243169103465
70	mouse11	1.09486547659	50	50	1	0.0218973095318
70	mouse13	-0.117732599836	28	28	1	-0.00420473570844
70	mouse15	-1.12168955343	32	32	1	-0.0350527985446
70	mouse18	-0.504664613266	31	31	1	-0.0162795036537
70	mouse19	-0.181600502632	26	26	1	-0.0069846347166
70	mouse20	-0.00560029440164	34	34	1	-0.000164714541225
70	mouse21	1.08111327041	37	38	0.973684210526	0.0292192775787
70	mouse22	-0.055176154985	28	28	1	-0.00197057696375
70	mouse23	-1.76437256919	49	49	1	-0.0360076034528
70	mouse25	0.266475025773	25	25	1	0.0106590010309
70	mouse26	-0.0465337998406	29	29	1	-0.00160461378761
70	mouse34	0.318527101118	28	28	1	0.0113759678971
70	mouse35	0.328104811228	22	22	1	0.0149138550558
70	mouse38	0.516579987191	27	27	1	0.0191325921182
70	mouse4	-0.142262526632	32	33	0.969696969697	-0.00444570395725
70	mouse44	-0.0170620432904	20	20	1	-0.000853102164522
70	mouse45	-0.447980470769	23	23	1	-0.0194774117726
70	mouse52	0.122605998227	29	29	1	0.00422779304232
70	mouse54	-0.0904176411997	40	40	1	-0.00226044102999
70	mouse55	0.32610580121	36	37	0.972972972973	0.00905849447807
70	mouse6	-0.445871795589	29	29	1	-0.0153748895031
70	mouse60	0.140060666715	48	48	1	0.00291793055656
70	mouse62	-0.913126372505	69	69	1	-0.0132337155435
70	mouse63	0.568809681948	58	58	1	0.00980706348186
70	mouse67	-0.00249214412323	40	40	1	-6.23036030806e-05
70	mouse68	0.716317547443	74	74	1	0.00967996685734
70	mouse69	0.38319212275	23	23	1	0.0166605270761
70	mouse7	-0.38456041315	41	41	1	-0.00937952227195
70	mouse70	-0.323276512192	32	32	1	-0.010102391006
70	mouse72	1.27709117057	62	62	1	0.0205982446866
70	mouse73	-0.345505982377	53	53	1	-0.00651898079956
70	mouse74	-0.223407472815	28	29	0.965517241379	-0.00797883831481
70	mouse75	0.210362465269	20	20	1	0.0105181232634
70	mouse76	-0.23875080812	59	59	1	-0.00404662386645
70	mouse8	0.0847119227196	29	29	1	0.00292110078343
70	mouse9	-0.00396801579356	47	47	1	-8.44258679481e-05
71	mouse10	-0.36223131973	24	24	1	-0.0150929716554
71	mouse11	0.225107243567	48	48	1	0.00468973424097
71	mouse12	-0.0699984207764	26	26	1	-0.00269224695294
71	mouse13	-0.161128067059	38	38	1	-0.00424021229102
71	mouse15	0.180263375361	24	24	1	0.00751097397336
71	mouse16	-0.121647099558	21	21	1	-0.00579271902658
71	mouse18	-0.112433510785	33	33	1	-0.00340707608441
71	mouse19	0.0568940289263	26	26	1	0.00218823188178
71	mouse20	0.848221080055	38	38	1	0.0223216073699
71	mouse21	0.178583955937	34	34	1	0.00525246929227
71	mouse22	0.123558166308	31	32	0.96875	0.00398574730024
71	mouse23	0.2679076675	48	48	1	0.00558140973958
71	mouse25	-0.198149767307	27	27	1	-0.00733888027064
71	mouse26	-0.294071175273	24	25	0.96	-0.0122529656364
71	mouse33	-0.095988222984	20	21	0.952380952381	-0.0047994111492
71	mouse34	0.21753372446	35	35	1	0.00621524927028
71	mouse35	0.416256188378	28	28	1	0.0148662924421
71	mouse38	0.0739988388607	27	27	1	0.00274069773558
71	mouse4	0.196441541063	33	33	1	0.0059527739716
71	mouse44	-0.193197013186	35	35	1	-0.00551991466246
71	mouse45	-0.341789461197	25	25	1	-0.0136715784479
71	mouse52	0.291871792286	29	29	1	0.0100645445616
71	mouse54	-0.020154823119	33	33	1	-0.000610752215728
71	mouse55	-0.130091378589	33	33	1	-0.00394216298755
71	mouse6	0.202779363944	30	30	1	0.00675931213147
71	mouse60	-0.187636546796	43	43	1	-0.00436364062316
71	mouse62	-0.862719955256	61	61	1	-0.0141429500862
71	mouse63	-0.650040059124	55	55	1	-0.0118189101659
71	mouse67	0.499280530571	53	53	1	0.00942038736926
71	mouse68	0.495899515317	65	65	1	0.00762922331257
71	mouse7	0.0366247073841	26	26	1	0.0014086425917
71	mouse70	-0.0479924624257	44	44	1	-0.0010907377824
71	mouse72	-0.292214421406	54	54	1	-0.00541137817418
71	mouse73	-0.00291967100865	49	49	1	-5.95851226255e-05
71	mouse74	-0.0376257564668	42	42	1	-0.000895851344448
71	mouse75	-0.418949836583	29	29	1	-0.0144465460891
71	mouse76	0.40473268493	51	51	1	0.00793593499863
71	mouse8	-0.345053908652	23	23	1	-0.0150023438544
71	mouse9	0.0834104118891	48	48	1	0.00173771691436
72	mouse10	0.286113271386	24	24	1	0.0119213863078
72	mouse11	1.34687464652	64	64	1	0.0210449163519
72	mouse12	0.0530449363058	36	36	1	0.00147347045294
72	mouse13	0.310741449106	49	49	1	0.00634166222666
72	mouse14	0.127840774203	26	26	1	0.00491695285398
72	mouse15	0.338605962065	42	43	0.976744186047	0.00806204671583
72	mouse16	-0.44919335618	31	31	1	-0.0144901082639
72	mouse17	0.441002275518	27	27	1	0.0163334176118
72	mouse18	0.285439534638	47	48	0.979166666667	0.00607318158805
72	mouse19	0.520462886859	46	46	1	0.0113144105839
72	mouse20	-0.232841982698	46	46	1	-0.00506178223256
72	mouse21	0.207468874021	26	26	1	0.00797957207774
72	mouse22	0.78700947407	42	43	0.976744186047	0.0187383208112
72	mouse23	-0.962836610447	65	66	0.984848484848	-0.01481287093
72	mouse24	-0.209781721542	25	25	1	-0.00839126886168
72	mouse25	-0.0507185742681	27	27	1	-0.00187846571363
72	mouse26	-0.413606342965	34	35	0.971428571429	-0.0121648924402
72	mouse29	0.142757941591	28	28	1	0.00509849791397
72	mouse34	-0.396107259353	39	39	1	-0.0101565963937
72	mouse35	-0.0873642632203	41	41	1	-0.0021308356883
72	mouse36	-0.626184949481	22	22	1	-0.0284629522491
72	mouse37	-0.147456220885	21	21	1	-0.00702172480404
72	mouse38	-0.605329696681	41	41	1	-0.0147641389434
72	mouse4	0.994414899924	45	45	1	0.0220981088872
72	mouse41	-0.13934332378	21	21	1	-0.00663539637047
72	mouse44	-0.00172830570388	48	48	1	-3.60063688309e-05
72	mouse45	-0.719561008147	47	48	0.979166666667	-0.015309808684
72	mouse52	-0.330930699466	50	53	0.943396226415	-0.00661861398933
72	mouse54	0.052635430139	42	42	1	0.00125322452712
72	mouse55	0.174912232005	45	45	1	0.00388693848901
72	mouse6	0.198052729689	37	37	1	0.00535277647808
72	mouse60	-0.0854433721604	63	64	0.984375	-0.00135624400255
72	mouse61	-0.800012909159	23	23	1	-0.0347831699635
72	mouse62	0.0878321966614	83	83	1	0.00105821923688
72	mouse63	-0.350704813463	61	61	1	-0.0057492592371
72	mouse66	0.277647038581	24	24	1	0.0115686266075
72	mouse67	-1.46848581195	60	61	0.983606557377	-0.0244747635324
72	mouse68	0.0987954662322	84	84	1	0.00117613650276
72	mouse69	0.0484861063736	42	43	0.976744186047	0.00115443110413
72	mouse7	-0.234728417539	39	41	0.951219512195	-0.00601867737279
72	mouse70	0.2398865272	59	59	1	0.00406587334238
72	mouse72	0.349654049424	100	100	1	0.00349654049424
72	mouse73	-0.00166090195442	48	48	1	-3.46021240503e-05
72	mouse74	0.111954685433	42	43	0.976744186047	0.0026655877484
72	mouse75	-0.186813225421	28	28	1	-0.00667190090791
72	mouse76	1.42115692437	74	74	1	0.0192048233023
72	mouse8	-0.341378961452	35	35	1	-0.00975368461292
72	mouse9	0.330532230016	66	66	1	0.00500806409115
73	mouse10	0.00840442079903	35	35	1	0.000240126308544
73	mouse11	0.33579327698	71	71	1	0.00472948277437
73	mouse12	0.193106734512	34	34	1	0.00567960983859
73	mouse13	0.572041919902	45	45	1	0.0127120426645
73	mouse14	0.0476661877423	34	34	1	0.0014019466983
73	mouse15	-0.065954083619	39	39	1	-0.0016911303492
73	mouse16	-0.232277472733	35	35	1	-0.00663649922095
73	mouse17	-0.0147754006887	24	24	1	-0.000615641695363
73	mouse18	-0.193125320999	52	52	1	-0.00371394848075
73	mouse19	-0.27275586737	31	31	1	-0.00879857636678
73	mouse20	-0.537969628604	48	48	1	-0.0112077005959
73	mouse21	-0.840614166615	39	41	0.951219512195	-0.0215542094004
73	mouse22	0.262599698051	40	40	1	0.00656499245127
73	mouse23	0.996573722546	68	69	0.985507246377	0.0146554959198
73	mouse25	-0.614071306207	21	22	0.954545454545	-0.0292414907718
73	mouse26	-0.394342180142	35	36	0.972222222222	-0.0112669194326
73	mouse29	-0.555725404834	21	21	1	-0.0264631145159
73	mouse31	-0.422058803431	29	29	1	-0.0145537518425
73	mouse33	0.49936273966	25	25	1	0.0199745095864
73	mouse34	0.358828966103	30	32	0.9375	0.0119609655368
73	mouse35	-0.157434445976	33	36	0.916666666667	-0.00477074078716
73	mouse36	-0.0861358821318	34	34	1	-0.00253340829799
73	mouse37	-0.0983797350732	24	24	1	-0.00409915562805
73	mouse38	-0.78926132402	44	44	1	-0.0179377573641
73	mouse4	-0.650934543778	39	40	0.975	-0.0166906293276
73	mouse44	0.243012682607	31	31	1	0.00783911879376
73	mouse45	0.0336276173532	47	47	1	0.000715481220281
73	mouse52	0.424395448301	53	54	0.981481481481	0.00800746128869
73	mouse54	-0.273957161991	51	54	0.944444444444	-0.00537170905866
73	mouse55	-1.33403673114	60	60	1	-0.022233945519
73	mouse6	-0.719814867663	25	25	1	-0.0287925947065
73	mouse60	-0.311116609086	75	75	1	-0.00414822145448
73	mouse62	1.05490166435	87	88	0.988636363636	0.0121253064868
73	mouse63	-0.81594443841	70	70	1	-0.0116563491201
73	mouse67	-0.427777015137	68	68	1	-0.0062908384579
73	mouse68	-0.172024492019	88	89	0.988764044944	-0.00195482377294
73	mouse69	-0.551049492512	43	43	1	-0.012815104477
73	mouse7	-0.0450475189586	54	54	1	-0.000834213314049
73	mouse70	-0.638331358909	52	52	1	-0.0122756030559
73	mouse72	0.921757905916	104	104	1	0.00886305678766
73	mouse73	-0.140971181453	67	67	1	-0.00210404748438
73	mouse74	0.354337226025	35	35	1	0.0101239207436
73	mouse75	0.0211780654134	30	31	0.967741935484	0.00070593551378
73	mouse76	-0.346571110481	72	72	1	-0.00481348764557
73	mouse8	-0.280905321649	48	48	1	-0.00585219420101
73	mouse9	0.210980312508	71	71	1	0.00297155369729
74	mouse10	0.100515189358	30	30	1	0.00335050631193
74	mouse11	-1.25161304713	50	50	1	-0.0250322609425
74	mouse13	-1.41012291167	44	45	0.977777777778	-0.0320482479925
74	mouse14	-0.178743236812	31	31	1	-0.00576591086491
74	mouse15	0.622477168852	31	31	1	0.0200799086726
74	mouse16	-0.0326742181116	31	31	1	-0.00105400703586
74	mouse18	0.414755856376	40	40	1	0.0103688964094
74	mouse19	-1.08297016718	24	25	0.96	-0.0451237569657
74	mouse20	0.862647241207	44	45	0.977777777778	0.0196056191183
74	mouse21	0.467949712036	29	30	0.966666666667	0.0161361969667
74	mouse22	0.175778392662	26	26	1	0.00676070741007
74	mouse23	-0.227576211148	45	46	0.978260869565	-0.00505724913663
74	mouse24	0.106515245906	21	21	1	0.00507215456694
74	mouse25	-0.0756132478788	27	28	0.964285714286	-0.00280049066218
74	mouse26	0.611029789458	22	23	0.95652173913	0.027774081339
74	mouse31	0.0036985533685	25	25	1	0.00014794213474
74	mouse33	-0.110228125811	22	22	1	-0.00501036935506
74	mouse34	0.20537774913	36	36	1	0.00570493747585
74	mouse35	-0.299630877804	20	20	1	-0.0149815438902
74	mouse36	0.277738411143	23	23	1	0.0120755830932
74	mouse37	-0.764857601932	26	26	1	-0.0294176000743
74	mouse38	0.60737854019	39	39	1	0.0155738087228
74	mouse4	-0.428239897917	31	31	1	-0.0138141902554
74	mouse44	-0.555895028674	29	29	1	-0.0191687940922
74	mouse45	-0.925735758698	33	34	0.970588235294	-0.0280525987484
74	mouse52	-0.263751135152	37	37	1	-0.00712840905816
74	mouse54	0.347001872149	30	30	1	0.0115667290716
74	mouse55	-0.0719812867438	36	36	1	-0.00199948018733
74	mouse6	-0.203369119705	22	22	1	-0.00924405089568
74	mouse60	-0.524377297182	55	55	1	-0.00953413267603
74	mouse62	-0.0179993983628	61	61	1	-0.000295072104309
74	mouse63	-0.48817120989	56	57	0.982456140351	-0.00871734303375
74	mouse67	0.34305842674	53	53	1	0.00647280050452
74	mouse68	0.55688014449	57	57	1	0.00976982709631
74	mouse69	0.545861864843	39	39	1	0.0139964580729
74	mouse7	-0.040776418763	27	27	1	-0.00151023773196
74	mouse70	-0.225125346767	53	53	1	-0.00424764805221
74	mouse72	-1.16269231679	71	71	1	-0.0163759481238
74	mouse73	-0.37441514221	51	52	0.980769230769	-0.00734147337667
74	mouse74	-0.0403246885493	36	36	1	-0.00112013023748
74	mouse75	0.543183507682	22	22	1	0.0246901594401
74	mouse76	-0.315436717347	57	57	1	-0.00553397749731
74	mouse8	0.816009814151	30	31	0.967741935484	0.0272003271384
74	mouse9	0.173540080413	44	44	1	0.00394409273666
75	mouse11	0.111017489333	33	33	1	0.00336416634342
75	mouse12	-0.245072848355	23	23	1	-0.0106553412328
75	mouse13	-0.377497916865	34	34	1	-0.0111028799078
75	mouse15	-0.196064882275	31	31	1	-0.00632467362176
75	mouse16	-0.374046483797	22	22	1	-0.0170021128999
75	mouse18	-0.00796807184435	30	30	1	-0.000265602394812
75	mouse19	0.0446084893822	26	26	1	0.00171571113009
75	mouse20	-0.113904267888	35	35	1	-0.00325440765395
75	mouse23	-0.211356793683	35	35	1	-0.0060387655338
75	mouse34	0.128414484325	23	23	1	0.00558323844893
75	mouse38	0.0714267677293	27	27	1	0.00264543584182
75	mouse4	-0.450794942591	22	23	0.95652173913	-0.0204906792087
75	mouse45	0.353855263153	26	26	1	0.0136098178136
75	mouse52	0.343296004229	31	31	1	0.0110740646525
75	mouse54	0.433318752783	24	24	1	0.0180549480326
75	mouse55	-0.100818106743	28	28	1	-0.00360064666939
75	mouse60	-0.207658139777	43	43	1	-0.00482925906458
75	mouse62	0.782701559971	55	55	1	0.014230937454
75	mouse63	-0.416339697062	52	52	1	-0.0080065326358
75	mouse67	0.0833256509559	34	34	1	0.00245075443988
75	mouse68	0.0722937032376	40	41	0.975609756098	0.00180734258094
75	mouse69	-0.309601637403	22	22	1	-0.0140728017001
75	mouse7	0.54887013687	25	26	0.961538461538	0.0219548054748
75	mouse70	-0.373576964947	26	26	1	-0.0143683448057
75	mouse72	0.456913792417	38	38	1	0.0120240471689
75	mouse73	-0.18693141807	41	41	1	-0.00455930287976
75	mouse74	-0.405348803646	28	28	1	-0.0144767429874
75	mouse75	0.20124669048	23	23	1	0.00874985610783
75	mouse76	0.306116768519	33	33	1	0.00927626571271
75	mouse8	-0.136697600607	21	21	1	-0.00650940955273
75	mouse9	0.758290376195	30	30	1	0.0252763458732
76	mouse10	0.387274635214	20	20	1	0.0193637317607
76	mouse11	0.232924183067	52	52	1	0.00447931121282
76	mouse12	0.0260157931279	35	35	1	0.000743308375082
76	mouse13	0.335025655167	34	34	1	0.00985369574021
76	mouse14	0.138265157751	23	24	0.958333333333	0.00601152859785
76	mouse15	-0.358796056142	33	33	1	-0.0108726077619
76	mouse16	-0.459204803156	21	21	1	-0.0218668953884
76	mouse18	0.52720662619	40	40	1	0.0131801656547
76	mouse19	0.75300009415	33	33	1	0.0228181846712
76	mouse20	-0.0953532173334	39	39	1	-0.0024449542906
76	mouse21	-0.078005765037	38	38	1	-0.00205278329045
76	mouse22	-0.962138107663	29	29	1	-0.0331771761263
76	mouse23	0.314380532995	51	52	0.980769230769	0.00616432417638
76	mouse25	0.147168958139	28	28	1	0.00525603421927
76	mouse26	0.433431483493	25	25	1	0.0173372593397
76	mouse33	0.57703205338	20	20	1	0.028851602669
76	mouse34	0.893822838904	37	38	0.973684210526	0.0241573740244
76	mouse35	-0.66652964746	29	29	1	-0.0229837809469
76	mouse36	-0.882520762068	24	24	1	-0.0367716984195
76	mouse37	0.321040773935	21	21	1	0.0152876559017
76	mouse38	-1.21577902523e-05	38	38	1	-3.19941848745e-07
76	mouse4	0.220247669963	31	31	1	0.0071047635472
76	mouse41	0.294117960309	22	22	1	0.0133689981959
76	mouse44	-0.14519002799	31	31	1	-0.00468354929001
76	mouse45	0.522816824398	30	30	1	0.0174272274799
76	mouse52	-0.108428567736	34	35	0.971428571429	-0.00318907552166
76	mouse54	-0.0791617370247	34	35	0.971428571429	-0.00232828638308
76	mouse55	0.250758755599	42	43	0.976744186047	0.00597044656188
76	mouse6	0.420895492945	27	27	1	0.0155887219609
76	mouse60	-0.284431007553	44	44	1	-0.00646434108074
76	mouse62	-1.18986792341	64	64	1	-0.0185916863032
76	mouse63	-0.825045558854	61	61	1	-0.0135253370304
76	mouse64	-0.257387308239	20	20	1	-0.012869365412
76	mouse67	-0.28263663912	64	64	1	-0.00441619748625
76	mouse68	-0.231558745177	59	61	0.967213114754	-0.00392472449452
76	mouse69	-1.12392161439	35	35	1	-0.0321120461255
76	mouse7	1.38498099783	45	46	0.978260869565	0.0307773555073
76	mouse70	-0.190913665095	35	35	1	-0.00545467614556
76	mouse72	-1.07445732558	99	99	1	-0.0108531042988
76	mouse73	-0.358069514252	52	52	1	-0.00688595219716
76	mouse74	-0.602234098961	29	29	1	-0.0207666930676
76	mouse75	0.632077699246	28	28	1	0.0225742035445
76	mouse76	-0.326131041125	71	71	1	-0.00459339494542
76	mouse8	0.163823448655	31	31	1	0.00528462737595
76	mouse9	-0.460991182732	28	28	1	-0.0164639708119
77	mouse10	-0.716314037167	21	21	1	-0.034110192246
77	mouse11	0.360146025054	50	50	1	0.00720292050109
77	mouse12	-1.13218307231	41	42	0.97619047619	-0.0276142212757
77	mouse13	0.298968332973	53	53	1	0.00564091194288
77	mouse14	-0.419169782187	28	28	1	-0.0149703493638
77	mouse15	0.185068402439	35	35	1	0.00528766864111
77	mouse18	0.99746920818	53	53	1	0.0188201737392
77	mouse19	-1.2439675077	39	39	1	-0.0318966027614
77	mouse20	-0.675508602466	49	50	0.98	-0.0137858898463
77	mouse21	-0.59032957256	41	42	0.97619047619	-0.0143982822576
77	mouse22	-0.47775611129	26	27	0.962962962963	-0.0183752350496
77	mouse23	-0.242103202728	69	69	1	-0.00350874206853
77	mouse25	-0.252008090624	27	27	1	-0.00933363298608
77	mouse26	0.150208989158	33	34	0.970588235294	0.00455178755024
77	mouse31	0.180584007905	20	20	1	0.00902920039527
77	mouse34	-0.223984076421	33	34	0.970588235294	-0.00678739625517
77	mouse35	0.143946105581	21	21	1	0.00685457645623
77	mouse36	-0.350234702251	27	27	1	-0.0129716556389
77	mouse37	-1.28504501442	23	25	0.92	-0.055871522366
77	mouse38	-0.105899697395	41	41	1	-0.00258291944866
77	mouse4	0.0276277577071	35	35	1	0.000789364505918
77	mouse41	-0.000554554271891	23	23	1	-2.41110552996e-05
77	mouse44	0.456963419045	27	27	1	0.0169245710757
77	mouse45	-0.618431062108	34	34	1	-0.0181891488855
77	mouse52	-1.0696873321	47	48	0.979166666667	-0.0227593049382
77	mouse54	-0.420463239704	28	28	1	-0.0150165442752
77	mouse55	-1.13448308748	41	41	1	-0.0276703192068
77	mouse57	-0.317356385222	23	23	1	-0.0137981037053
77	mouse6	-0.151675995848	34	34	1	-0.00446105870141
77	mouse60	0.652703914576	48	48	1	0.0135979982203
77	mouse61	0.676942711026	25	25	1	0.0270777084411
77	mouse62	0.315699368748	64	64	1	0.00493280263669
77	mouse63	-0.344849843163	55	55	1	-0.00626999714842
77	mouse66	-0.141940433773	20	20	1	-0.00709702168865
77	mouse67	-0.104177225052	57	58	0.98275862069	-0.00182767061495
77	mouse68	-0.136825292877	72	72	1	-0.00190035128996
77	mouse69	-0.269263066462	35	35	1	-0.00769323047034
77	mouse7	-0.00760111625382	42	42	1	-0.000180978958424
77	mouse70	-0.317036518426	34	35	0.971428571429	-0.0093246034831
77	mouse72	0.566695478543	79	79	1	0.00717336048788
77	mouse73	1.20758895222	54	55	0.981818181818	0.0223627583744
77	mouse74	0.568594782463	33	34	0.970588235294	0.0172301449231
77	mouse75	-0.765771450652	24	24	1	-0.0319071437772
77	mouse76	-0.864410672192	73	73	1	-0.0118412420848
77	mouse8	-0.320048555151	39	39	1	-0.00820637320899
77	mouse9	-0.483848314338	57	57	1	-0.00848856691822
78	mouse10	-0.507870095772	21	21	1	-0.0241842902749
78	mouse11	-0.869522720194	50	50	1	-0.0173904544039
78	mouse12	-0.47702676897	28	28	1	-0.0170366703203
78	mouse13	-0.186623984541	42	42	1	-0.00444342820336
78	mouse15	0.265456357808	33	33	1	0.00804413205479
78	mouse16	-0.02360395673	26	26	1	-0.000907844489615
78	mouse17	-0.140380984071	23	23	1	-0.00610352104657
78	mouse18	-0.0414604599729	42	43	0.976744186047	-0.00098715380888
78	mouse19	0.167835777909	38	38	1	0.0044167309976
78	mouse20	0.453110987043	44	44	1	0.0102979769782
78	mouse21	0.215861793083	32	33	0.969696969697	0.00674568103384
78	mouse22	-0.68908301847	32	32	1	-0.0215338443272
78	mouse23	1.00633481478	66	66	1	0.0152474971936
78	mouse25	-0.205679055788	26	26	1	-0.00791073291491
78	mouse26	-0.503999670879	35	36	0.972222222222	-0.0143999905965
78	mouse34	0.48921044289	44	44	1	0.0111184191566
78	mouse35	0.58727727057	22	22	1	0.0266944213895
78	mouse36	0.493191693932	30	30	1	0.0164397231311
78	mouse37	-0.295795713514	22	23	0.95652173913	-0.0134452597052
78	mouse38	0.139915853641	31	31	1	0.00451341463359
78	mouse4	0.355000965822	33	33	1	0.0107576050249
78	mouse44	0.0607134049845	24	24	1	0.00252972520769
78	mouse45	-0.198145161929	40	40	1	-0.00495362904824
78	mouse52	-1.31415727444	49	50	0.98	-0.0268195362132
78	mouse54	-0.461803089159	28	28	1	-0.0164929674699
78	mouse55	0.71247994835	45	45	1	0.0158328877411
78	mouse57	0.732359315229	23	23	1	0.0318417093578
78	mouse6	0.116876697676	30	30	1	0.00389588992253
78	mouse60	-0.110573980306	62	62	1	-0.00178345129526
78	mouse61	0.530424478817	26	26	1	0.0204009414929
78	mouse62	0.87707808912	67	67	1	0.0130907177481
78	mouse63	0.557891425756	73	73	1	0.00764234829803
78	mouse67	1.18056051284	50	50	1	0.0236112102568
78	mouse68	0.169691333339	79	79	1	0.00214799156125
78	mouse69	-0.0670866792742	33	33	1	-0.00203292967498
78	mouse7	-0.952301067723	38	38	1	-0.0250605544138
78	mouse70	-0.0276688269366	41	43	0.953488372093	-0.000674849437479
78	mouse72	-0.765928345679	79	79	1	-0.00969529551493
78	mouse73	0.252337936079	44	44	1	0.0057349530927
78	mouse74	0.70950063499	34	35	0.971428571429	0.020867665735
78	mouse75	-0.295461245037	36	36	1	-0.00820725680659
78	mouse76	-0.266676041317	72	72	1	-0.00370383390717
78	mouse8	0.742444579422	26	26	1	0.028555560747
78	mouse9	0.2020181868	49	49	1	0.00412282013877
79	mouse10	0.245280742038	33	33	1	0.00743274975873
79	mouse11	0.0816288732851	81	81	1	0.00100776386772
79	mouse12	-0.0979317169026	44	44	1	-0.0022257208387
79	mouse13	-0.183300224438	43	43	1	-0.00426279591716
79	mouse14	-0.237252635084	31	31	1	-0.00765331080917
79	mouse15	-0.602801559755	50	50	1	-0.0120560311951
79	mouse16	0.168004944362	27	27	1	0.00622240534673
79	mouse18	0.0133182617692	55	55	1	0.000242150213986
79	mouse19	-0.780501117772	28	28	1	-0.0278750399204
79	mouse20	-0.0873113425875	61	61	1	-0.00143133348504
79	mouse21	0.446337065374	47	48	0.979166666667	0.00949653330582
79	mouse22	0.0361295379126	37	37	1	0.000976473997638
79	mouse23	-0.40767806017	75	75	1	-0.00543570746894
79	mouse24	0.117118552192	20	20	1	0.00585592760961
79	mouse25	-0.332586149053	28	29	0.965517241379	-0.0118780767519
79	mouse26	0.452988149202	31	32	0.96875	0.014612520942
79	mouse31	0.643298783514	25	27	0.925925925926	0.0257319513405
79	mouse32	0.152530687894	22	23	0.95652173913	0.00693321308608
79	mouse33	0.0564189124384	26	28	0.928571428571	0.00216995817071
79	mouse34	-0.529911405128	44	45	0.977777777778	-0.0120434410256
79	mouse35	-0.0233065753725	35	35	1	-0.0006659021535
79	mouse36	-0.637968672653	20	20	1	-0.0318984336327
79	mouse38	-0.435755862547	51	52	0.980769230769	-0.00854423259895
79	mouse4	0.123699720022	49	49	1	0.00252448408208
79	mouse44	-0.394847124389	39	39	1	-0.0101242852407
79	mouse45	0.161194804624	37	37	1	0.00435661634119
79	mouse52	-0.0167364546897	42	43	0.976744186047	-0.000398487016421
79	mouse54	-0.938620769135	48	48	1	-0.019554599357
79	mouse55	0.276057604183	62	63	0.984126984127	0.00445254200295
79	mouse57	0.0209979713912	23	23	1	0.000912955277876
79	mouse6	0.336422178702	41	41	1	0.00820541899272
79	mouse60	-0.675128186608	84	84	1	-0.00803724031676
79	mouse61	-0.67626065744	21	21	1	-0.0322028884495
79	mouse62	0.633288077937	86	86	1	0.00736381485973
79	mouse63	1.11078769031	61	62	0.983870967742	0.0182096342674
79	mouse64	0.415974884818	21	21	1	0.0198083278485
79	mouse67	-0.436035500762	76	79	0.962025316456	-0.00573730922055
79	mouse68	0.321131614731	87	88	0.988636363636	0.00369116798541
79	mouse69	0.979082163874	46	46	1	0.0212843948668
79	mouse7	-0.571961738099	55	55	1	-0.0103993043291
79	mouse70	0.378751022171	53	53	1	0.00714624570134
79	mouse72	0.508391615347	114	114	1	0.00445957557322
79	mouse73	0.132850727804	43	43	1	0.0030895518094
79	mouse74	1.37924310746	53	53	1	0.0260234548577
79	mouse75	0.311907369215	28	28	1	0.0111395489006
79	mouse76	0.186808740291	84	85	0.988235294118	0.00222391357489
79	mouse8	0.614271471655	36	36	1	0.0170630964349
79	mouse9	-0.274955370797	58	58	1	-0.00474060984133
80	mouse10	-0.216746276863	30	30	1	-0.00722487589544
80	mouse11	0.195452429087	50	50	1	0.00390904858173
80	mouse12	-0.639119109477	37	37	1	-0.0172734894453
80	mouse13	-0.178656055642	38	38	1	-0.00470147514846
80	mouse14	-0.0206630203073	25	26	0.961538461538	-0.000826520812293
80	mouse15	0.292200521822	36	36	1	0.00811668116173
80	mouse16	-0.00651845396677	26	26	1	-0.000250709767953
80	mouse18	-0.018202714404	46	46	1	-0.000395711182695
80	mouse19	-0.482448623146	28	28	1	-0.0172303079695
80	mouse20	-0.635781632001	51	51	1	-0.0124663065098
80	mouse21	-0.358323164603	41	41	1	-0.00873958938056
80	mouse22	0.0815801202391	39	39	1	0.00209179795485
80	mouse23	-0.197888895984	61	62	0.983870967742	-0.00324408026204
80	mouse25	-0.101279504611	25	25	1	-0.00405118018443
80	mouse26	-0.187031603993	22	22	1	-0.00850143654515
80	mouse32	-0.297294885254	21	21	1	-0.0141568992978
80	mouse34	-0.0904334539643	42	43	0.976744186047	-0.00215317747534
80	mouse35	-0.240588519395	21	22	0.954545454545	-0.0114565961617
80	mouse36	-0.283390328076	28	28	1	-0.0101210831456
80	mouse38	-0.0419937513364	39	39	1	-0.00107676285478
80	mouse4	0.533427695361	44	44	1	0.0121233567127
80	mouse41	0.028336542787	24	24	1	0.00118068928279
80	mouse44	1.06529740497	42	42	1	0.0253642239278
80	mouse45	-0.644127637199	43	43	1	-0.014979712493
80	mouse52	-0.627061179115	45	47	0.957446808511	-0.0139346928692
80	mouse54	0.352980070979	37	38	0.973684210526	0.00954000191835
80	mouse55	0.482797866957	46	46	1	0.0104956058034
80	mouse57	0.0263595736946	20	20	1	0.00131797868473
80	mouse6	0.330201749485	35	36	0.972222222222	0.00943433569958
80	mouse60	0.98807856919	63	64	0.984375	0.0156837868125
80	mouse61	0.0519414257034	21	21	1	0.00247340122397
80	mouse62	0.300706737757	83	84	0.988095238095	0.00362297274406
80	mouse63	-0.603858038025	66	66	1	-0.00914936421249
80	mouse66	0.223082345924	20	20	1	0.0111541172962
80	mouse67	0.978853818334	52	52	1	0.018824111891
80	mouse68	1.07354258863	82	83	0.987951807229	0.0130919827882
80	mouse69	0.600827192642	48	48	1	0.01251723318
80	mouse7	0.188134059062	27	27	1	0.00696792811341
80	mouse70	0.504747553951	60	60	1	0.00841245923252
80	mouse72	-0.296797030943	100	100	1	-0.00296797030943
80	mouse73	-0.0325018981651	64	65	0.984615384615	-0.00050784215883
80	mouse74	0.654044763704	45	45	1	0.0145343280823
80	mouse75	-0.595885258152	33	34	0.970588235294	-0.0180571290349
80	mouse76	0.119276954567	74	74	1	0.00161185073739
80	mouse8	-0.456783338767	31	31	1	-0.0147349464118
80	mouse9	0.486358411697	55	55	1	0.00884288021267
81	mouse10	-0.30730802088	31	31	1	-0.00991316196388
81	mouse11	0.355221646529	57	58	0.98275862069	0.00623195871103
81	mouse12	-0.332458392218	37	37	1	-0.00898536195183
81	mouse13	0.76434742313	32	32	1	0.0238858569728
81	mouse15	-0.0761523229673	31	31	1	-0.00245652654733
81	mouse16	0.478983273997	30	30	1	0.0159661091332
81	mouse17	-0.206257527626	23	24	0.958333333333	-0.00896771859243
81	mouse18	1.40135552983	63	63	1	0.0222437385688
81	mouse19	-0.476481379023	32	33	0.969696969697	-0.0148900430945
81	mouse20	-0.409291974538	42	42	1	-0.00974504701282
81	mouse21	0.0461293687052	23	23	1	0.00200562472631
81	mouse22	-0.597129078898	37	37	1	-0.016138623754
81	mouse23	-0.723360222477	53	53	1	-0.0136483060845
81	mouse25	0.69131566837	23	23	1	0.0300572029726
81	mouse26	-0.305008527231	28	28	1	-0.0108931616868
81	mouse34	0.605469062892	49	49	1	0.0123565114876
81	mouse35	0.898362223536	37	39	0.948717948718	0.0242800600956
81	mouse36	0.0199526081318	22	22	1	0.000906936733263
81	mouse38	-0.493895489167	43	43	1	-0.0114859416085
81	mouse4	-0.490545900043	36	36	1	-0.0136262750012
81	mouse44	0.356288604724	27	27	1	0.013195874249
81	mouse45	-0.554795388126	36	36	1	-0.0154109830035
81	mouse46	0.10726771226	21	21	1	0.00510798629812
81	mouse52	-0.205840296573	47	47	1	-0.00437958077815
81	mouse54	0.508366363352	32	32	1	0.0158864488547
81	mouse55	-0.384926977538	41	41	1	-0.00938846286678
81	mouse6	0.0970383099245	21	21	1	0.00462087190117
81	mouse60	-0.311271116185	43	43	1	-0.0072388631671
81	mouse61	-0.230915274904	26	26	1	-0.00888135672708
81	mouse62	-0.14960800515	78	78	1	-0.00191805134807
81	mouse63	0.237275587445	64	65	0.984615384615	0.00370743105384
81	mouse67	0.0252939768952	61	61	1	0.000414655358937
81	mouse68	-0.629413175111	60	60	1	-0.0104902195852
81	mouse69	-0.598817948747	42	42	1	-0.0142575702083
81	mouse7	-0.128184352581	28	29	0.965517241379	-0.00457801259219
81	mouse70	0.754122099425	42	42	1	0.0179552880815
81	mouse71	-0.690793091817	21	21	1	-0.0328949091341
81	mouse72	0.688547645993	76	76	1	0.00905983744728
81	mouse73	-0.0478587049259	61	61	1	-0.000784568933212
81	mouse74	-0.315274775912	53	53	1	-0.00594858067758
81	mouse75	0.0863851771057	28	28	1	0.00308518489663
81	mouse76	-0.349746037923	62	62	1	-0.00564106512778
81	mouse8	-0.693334226189	29	30	0.966666666667	-0.0239080767651
81	mouse9	-0.268683573442	40	40	1	-0.00671708933606
82	mouse10	0.0904604214344	20	20	1	0.00452302107172
82	mouse11	0.346530286653	53	53	1	0.00653830729533
82	mouse12	0.55321907983	21	21	1	0.0263437657062
82	mouse13	-0.633725589888	30	30	1	-0.0211241863296
82	mouse15	-0.0347712905876	34	34	1	-0.00102268501728
82	mouse16	0.243669874116	28	28	1	0.00870249550413
82	mouse18	0.0349822605266	40	40	1	0.000874556513164
82	mouse19	-1.02507564138	27	27	1	-0.0379657644954
82	mouse20	-0.0813356395649	48	48	1	-0.00169449249094
82	mouse21	-0.448182348363	46	46	1	-0.00974309452963
82	mouse22	-0.758422306349	36	36	1	-0.0210672862875
82	mouse23	0.0816945864488	41	41	1	0.00199255088899
82	mouse29	0.164661830306	20	20	1	0.00823309151532
82	mouse31	0.507318911761	22	22	1	0.0230599505346
82	mouse33	0.00548839552638	20	20	1	0.000274419776319
82	mouse34	0.928638938765	28	29	0.965517241379	0.0331656763845
82	mouse35	0.0448844790192	23	23	1	0.00195149908779
82	mouse36	0.806157430962	30	30	1	0.0268719143654
82	mouse38	0.402664864602	27	27	1	0.0149135135038
82	mouse4	0.144698523845	29	29	1	0.00498960427051
82	mouse44	0.0803762973683	31	31	1	0.00259278378608
82	mouse45	-0.237097289499	43	43	1	-0.00551389045348
82	mouse52	0.715619309818	36	36	1	0.0198783141616
82	mouse54	0.361020234981	26	27	0.962962962963	0.0138853936531
82	mouse55	0.272022732419	32	32	1	0.0085007103881
82	mouse6	0.0409159025676	38	38	1	0.00107673427809
82	mouse60	0.0218736897807	57	57	1	0.00038374894352
82	mouse62	0.799515498707	70	70	1	0.0114216499815
82	mouse63	1.32186369253	68	68	1	0.019439171949
82	mouse67	0.288118890039	46	46	1	0.00626345413128
82	mouse68	0.514977675952	75	75	1	0.00686636901269
82	mouse69	-0.275258705101	30	30	1	-0.00917529017004
82	mouse7	1.04006711463	33	35	0.942857142857	0.0315171852919
82	mouse70	1.08231187429	41	41	1	0.0263978505924
82	mouse72	0.582919547018	58	58	1	0.0100503370175
82	mouse73	-0.689018496974	50	51	0.980392156863	-0.0137803699395
82	mouse74	0.151234285277	44	44	1	0.00343714284721
82	mouse75	-0.333788694247	23	24	0.958333333333	-0.0145125519238
82	mouse76	0.912691376874	68	68	1	0.0134219320129
82	mouse8	-0.0734884472193	37	38	0.973684210526	-0.00198617424917
82	mouse9	-0.868835097614	58	58	1	-0.0149799154761
83	mouse10	0.184529998016	27	27	1	0.00683444437098
83	mouse11	0.922000715436	69	69	1	0.0133623292092
83	mouse13	0.146501624305	45	46	0.978260869565	0.00325559165122
83	mouse15	0.203455780841	35	35	1	0.00581302230975
83	mouse16	0.273299030091	22	22	1	0.012422683186
83	mouse17	-0.597849703421	24	24	1	-0.0249104043092
83	mouse18	-0.585618227933	32	32	1	-0.0183005696229
83	mouse19	-0.0962964397901	32	32	1	-0.00300926374344
83	mouse20	-0.458816816553	46	46	1	-0.00997427862073
83	mouse21	-0.165197014614	37	37	1	-0.00446478417877
83	mouse22	-0.361232372729	29	29	1	-0.0124562887148
83	mouse23	0.207200518798	56	56	1	0.00370000926424
83	mouse25	-0.185831331685	23	23	1	-0.00807962311674
83	mouse26	-0.147281487538	25	26	0.961538461538	-0.00589125950154
83	mouse34	0.0967117483662	45	47	0.957446808511	0.00214914996369
83	mouse35	0.442029994465	31	31	1	0.0142590320795
83	mouse36	-0.30024068566	26	26	1	-0.0115477186792
83	mouse38	0.375131739948	34	34	1	0.0110332864691
83	mouse4	-1.06201532801	28	28	1	-0.0379291188576
83	mouse41	0.564190649429	25	25	1	0.0225676259772
83	mouse44	0.63544809721	32	32	1	0.0198577530378
83	mouse45	0.0259210461147	31	32	0.96875	0.000836162777893
83	mouse52	-0.359788671681	36	36	1	-0.00999412976893
83	mouse54	-0.188329198275	41	41	1	-0.00459339507988
83	mouse55	-0.775039165825	38	38	1	-0.0203957675217
83	mouse57	-0.311772890103	24	24	1	-0.0129905370876
83	mouse6	-0.551956397668	30	30	1	-0.0183985465889
83	mouse60	-0.239765399065	76	77	0.987012987013	-0.00315480788244
83	mouse62	1.10687337924	79	79	1	0.0140110554335
83	mouse63	0.839779444318	49	50	0.98	0.0171383560065
83	mouse67	-0.144489888595	51	51	1	-0.00283313507048
83	mouse68	-0.17717516791	58	58	1	-0.00305474427431
83	mouse69	0.212375299591	47	47	1	0.00451862339555
83	mouse7	0.203396713007	28	30	0.933333333333	0.00726416832168
83	mouse70	-0.102559104433	47	47	1	-0.00218210860496
83	mouse71	0.394694604193	21	21	1	0.0187949811521
83	mouse72	-0.136544547073	76	76	1	-0.00179663877728
83	mouse73	1.24665948146	47	48	0.979166666667	0.0265246698182
83	mouse74	0.392204171804	36	36	1	0.0108945603279
83	mouse75	-0.600340715664	24	24	1	-0.025014196486
83	mouse76	-0.110322277029	55	55	1	-0.00200585958235
83	mouse8	-0.314199749964	39	39	1	-0.00805640384523
83	mouse9	1.2680005773	45	46	0.978260869565	0.0281777906066
84	mouse10	-0.64134602668	30	30	1	-0.0213782008893
84	mouse11	-0.236943124806	53	53	1	-0.00447062499633
84	mouse12	0.458706623698	29	29	1	0.0158174697827
84	mouse13	0.19450425557	44	44	1	0.00442055126296
84	mouse14	-0.253695553368	24	24	1	-0.010570648057
84	mouse15	-0.103440753077	38	38	1	-0.00272212508097
84	mouse16	-0.175241686052	21	21	1	-0.00834484219297
84	mouse17	-0.341872198012	23	23	1	-0.0148640086092
84	mouse18	-0.904582919079	39	39	1	-0.0231944338225
84	mouse19	0.638628922253	29	29	1	0.0220216869742
84	mouse20	0.766594201841	46	46	1	0.0166650913444
84	mouse21	0.14114967428	44	46	0.95652173913	0.00320794714274
84	mouse22	-0.527545664658	37	37	1	-0.0142579909367
84	mouse23	0.340789641829	65	65	1	0.0052429175666
84	mouse25	-0.241217809384	27	27	1	-0.00893399294014
84	mouse26	0.560731595984	27	27	1	0.0207678368883
84	mouse3	-0.372949926725	23	23	1	-0.0162152142054
84	mouse31	0.0732839398603	27	27	1	0.00271421999483
84	mouse34	0.0822668779029	32	33	0.969696969697	0.00257083993447
84	mouse35	0.117360200061	33	33	1	0.00355636969881
84	mouse36	0.151684676684	31	31	1	0.00489305408658
84	mouse38	0.0535017691451	42	42	1	0.00127385164631
84	mouse4	0.0275944086096	47	47	1	0.0005871150768
84	mouse44	-0.139485182766	34	34	1	-0.00410250537548
84	mouse45	-0.64550847202	32	32	1	-0.0201721397506
84	mouse46	0.216833990325	20	20	1	0.0108416995163
84	mouse52	-0.125860464448	46	46	1	-0.00273609705321
84	mouse54	-0.414822759082	40	40	1	-0.0103705689771
84	mouse55	-0.774398506402	44	45	0.977777777778	-0.0175999660546
84	mouse6	-0.619895031189	42	42	1	-0.0147594055045
84	mouse60	-0.589906241803	70	71	0.985915492958	-0.00842723202575
84	mouse61	-0.395382541651	27	27	1	-0.0146437978389
84	mouse62	0.948930684497	83	83	1	0.0114328998132
84	mouse63	0.386725782344	78	78	1	0.00495802285056
84	mouse66	0.51479037157	21	21	1	0.0245138272176
84	mouse67	-0.188401802735	57	57	1	-0.00330529478483
84	mouse68	0.331304396457	80	80	1	0.00414130495571
84	mouse69	-0.222941525522	38	38	1	-0.00586688225058
84	mouse7	1.21118489202	41	41	1	0.0295410949273
84	mouse70	0.82806751522	58	58	1	0.0142770261245
84	mouse72	-1.43399858187	91	92	0.989130434783	-0.0157582261744
84	mouse73	0.0577630343926	49	49	1	0.00117883743658
84	mouse74	-0.864824488334	33	33	1	-0.0262068026768
84	mouse75	-0.0679320384277	25	25	1	-0.00271728153711
84	mouse76	-0.840834072599	76	76	1	-0.0110636062184
84	mouse8	0.105684861049	36	36	1	0.00293569058469
84	mouse9	-0.113820204293	53	53	1	-0.0021475510244
85	mouse10	-0.148688855882	24	24	1	-0.0061953689951
85	mouse11	0.234222554871	32	32	1	0.00731945483973
85	mouse13	-0.706820263763	31	32	0.96875	-0.0228006536698
85	mouse14	-0.170397459409	25	25	1	-0.00681589837636
85	mouse15	-0.0374021428276	42	42	1	-0.00089052721018
85	mouse18	0.000321547997055	36	36	1	8.93188880709e-06
85	mouse19	-0.300188911467	31	31	1	-0.00968351327313
85	mouse20	-0.30766343825	43	44	0.977272727273	-0.00715496368023
85	mouse21	-0.138350642048	29	29	1	-0.00477071179475
85	mouse22	1.00521338718	23	23	1	0.0437049298776
85	mouse23	-0.101996934717	52	52	1	-0.00196147951378
85	mouse25	0.330280188964	23	23	1	0.0143600082158
85	mouse34	0.198378532244	32	32	1	0.00619932913262
85	mouse35	0.883765620346	25	25	1	0.0353506248138
85	mouse36	-0.367168480248	24	24	1	-0.015298686677
85	mouse38	0.560219761899	28	29	0.965517241379	0.0200078486392
85	mouse4	-0.334762489771	22	22	1	-0.0152164768078
85	mouse44	-0.00662364302551	22	22	1	-0.000301074682978
85	mouse45	0.42244314559	33	33	1	0.0128013074421
85	mouse52	-0.00703006776287	43	44	0.977272727273	-0.000163489947974
85	mouse54	0.683661513472	33	33	1	0.0207170155598
85	mouse55	0.638169654519	34	34	1	0.0187696957212
85	mouse6	0.580473301789	27	27	1	0.0214990111774
85	mouse60	0.134496888573	52	52	1	0.0025864786264
85	mouse62	-0.663802986964	70	70	1	-0.00948289981378
85	mouse63	0.514564161683	68	69	0.985507246377	0.00756712002475
85	mouse67	-0.430181850232	47	47	1	-0.00915280532408
85	mouse68	-0.0558563229545	61	61	1	-0.000915677425483
85	mouse69	-0.499332666836	42	42	1	-0.0118888730199
85	mouse7	0.125439163884	31	31	1	0.0040464246414
85	mouse70	0.120508179916	49	49	1	0.00245935061054
85	mouse72	0.840178822016	59	59	1	0.0142403190172
85	mouse73	-0.750413290726	49	49	1	-0.0153145569536
85	mouse74	0.284601920975	28	28	1	0.0101643543206
85	mouse75	-0.0930618706788	24	24	1	-0.00387757794495
85	mouse76	0.223226007383	61	61	1	0.00365944274398
85	mouse8	-0.396687291712	26	28	0.928571428571	-0.0152572035274
85	mouse9	0.323962531888	45	47	0.957446808511	0.0071991673753
86	mouse10	-0.0758497620013	21	21	1	-0.00361189342863
86	mouse11	-0.462055381998	45	45	1	-0.0102678973777
86	mouse13	0.203138406858	28	29	0.965517241379	0.00725494310209
86	mouse15	-0.0693529589969	32	32	1	-0.00216727996865
86	mouse16	0.561264649086	20	20	1	0.0280632324543
86	mouse18	0.215935854524	40	40	1	0.00539839636309
86	mouse19	-0.0807425975761	28	28	1	-0.00288366419915
86	mouse20	-0.0681832499799	35	35	1	-0.00194809285657
86	mouse21	-0.358864231109	29	29	1	-0.0123746286589
86	mouse22	-0.0965653075444	31	31	1	-0.00311500992079
86	mouse23	-0.644763792654	46	46	1	-0.0140166041881
86	mouse25	0.240024774853	25	25	1	0.00960099099412
86	mouse34	0.0947324236345	31	31	1	0.00305588463337
86	mouse35	-0.292931957633	27	27	1	-0.0108493317642
86	mouse36	-0.31541466302	21	21	1	-0.0150197458581
86	mouse38	-0.23252711944	31	31	1	-0.00750087482065
86	mouse4	0.2276707129	34	34	1	0.00669619743823
86	mouse44	-0.16663737943	24	24	1	-0.00694322414292
86	mouse45	-0.503475752633	27	27	1	-0.0186472500975
86	mouse52	0.605980024802	34	34	1	0.0178229419059
86	mouse54	-0.52098242764	32	33	0.969696969697	-0.0162807008637
86	mouse55	-0.16925178144	37	37	1	-0.00457437247136
86	mouse6	-0.296980663406	23	23	1	-0.0129122027568
86	mouse60	-0.10918031538	58	58	1	-0.00188241923068
86	mouse62	-0.462497177207	54	54	1	-0.00856476254087
86	mouse63	0.149002592935	51	51	1	0.00292161946932
86	mouse67	-0.0589012173148	37	37	1	-0.00159192479229
86	mouse68	0.321973205745	66	66	1	0.00487838190523
86	mouse69	0.00116433119711	33	33	1	3.52827635487e-05
86	mouse7	0.0879169145172	26	26	1	0.00338141978912
86	mouse70	0.405214593824	45	45	1	0.00900476875164
86	mouse72	0.212969042644	59	59	1	0.00360964479058
86	mouse73	-0.690484909129	52	52	1	-0.0132785559448
86	mouse74	-0.277734897797	24	24	1	-0.0115722874082
86	mouse76	0.0730752972531	44	44	1	0.0016608022103
86	mouse8	-0.41976568345	33	33	1	-0.0127201722257
86	mouse9	0.699715749202	39	39	1	0.0179414294667
87	mouse10	0.442111272354	32	32	1	0.0138159772611
87	mouse11	0.0630662289366	59	59	1	0.00106891913452
87	mouse12	0.602780157502	37	38	0.973684210526	0.0162913556082
87	mouse13	0.075109167711	54	55	0.981818181818	0.00139091051317
87	mouse14	0.199074801993	20	20	1	0.00995374009966
87	mouse15	-0.621511372606	49	49	1	-0.0126839055634
87	mouse16	0.876216945369	21	21	1	0.0417246164462
87	mouse18	0.0981497768172	52	52	1	0.00188749570802
87	mouse19	-0.295833724539	45	46	0.978260869565	-0.00657408276753
87	mouse20	0.262740592088	63	63	1	0.0041704855887
87	mouse21	0.793293050992	36	36	1	0.0220359180831
87	mouse22	-0.256520236513	40	40	1	-0.00641300591282
87	mouse23	-0.776640216057	69	70	0.985714285714	-0.0112556553052
87	mouse24	0.39478458541	28	28	1	0.0140994494789
87	mouse25	-0.571557025652	34	34	1	-0.0168105007545
87	mouse26	-0.493078337644	28	28	1	-0.0176099406302
87	mouse33	0.665160252785	26	26	1	0.0255830866456
87	mouse34	-0.140387818378	57	57	1	-0.00246294418207
87	mouse35	-0.256938004681	30	31	0.967741935484	-0.00856460015604
87	mouse36	0.561072800208	29	29	1	0.0193473379382
87	mouse38	-0.435021920179	44	44	1	-0.00988686182225
87	mouse4	-0.919898953043	36	36	1	-0.0255527486956
87	mouse44	0.00482553719722	32	32	1	0.000150798037413
87	mouse45	-0.432253846428	40	40	1	-0.0108063461607
87	mouse52	-0.123745704095	49	49	1	-0.00252542253255
87	mouse54	-0.469217226737	44	44	1	-0.0106640278804
87	mouse55	-0.00022238450135	56	56	1	-3.97115180983e-06
87	mouse56	0.584011241651	25	25	1	0.023360449666
87	mouse57	0.134958264354	22	22	1	0.00613446656157
87	mouse6	-0.566811136195	35	36	0.972222222222	-0.0161946038913
87	mouse60	1.54855278638	92	93	0.989247311828	0.0168320955042
87	mouse61	-0.170884845944	20	20	1	-0.00854424229718
87	mouse62	0.371281723915	64	64	1	0.00580127693617
87	mouse63	-0.00727282035706	76	76	1	-9.56950046982e-05
87	mouse67	0.77959041344	63	63	1	0.012374451007
87	mouse68	0.261997576618	107	107	1	0.00244857548241
87	mouse69	0.4939690042	41	41	1	0.0120480244927
87	mouse7	0.939309062796	49	50	0.98	0.0191695727101
87	mouse70	0.965954815406	45	45	1	0.0214656625646
87	mouse72	-1.05121307691	98	98	1	-0.0107266640501
87	mouse73	-0.8508961186	69	70	0.985714285714	-0.0123318278058
87	mouse74	0.275447313446	48	48	1	0.0057384856968
87	mouse75	0.0942326100692	30	30	1	0.00314108700231
87	mouse76	0.87613977873	57	57	1	0.0153708733111
87	mouse8	0.615785614437	43	43	1	0.0143205956846
87	mouse9	-0.357361683555	50	50	1	-0.00714723367111
88	mouse10	-0.0737811776303	22	22	1	-0.00335368989229
88	mouse11	0.0404835296189	42	42	1	0.000963893562356
88	mouse12	0.524410970879	35	35	1	0.0149831705965
88	mouse13	0.376854352259	51	52	0.980769230769	0.00738930102469
88	mouse14	0.124124044518	29	29	1	0.00428013946612
88	mouse15	-0.252554501689	37	38	0.973684210526	-0.00682579734295
88	mouse16	-0.359986644059	37	37	1	-0.00972936875834
88	mouse17	0.120009340413	21	21	1	0.00571473049587
88	mouse18	-0.699592669616	45	45	1	-0.0155465037693
88	mouse19	-0.639660585777	30	30	1	-0.0213220195259
88	mouse20	1.16469951101	42	42	1	0.0277309407384
88	mouse21	0.337178283151	41	41	1	0.00822386056466
88	mouse22	-0.0306764342932	26	26	1	-0.00117986285743
88	mouse23	0.567961697213	66	66	1	0.00860548026081
88	mouse26	-0.308613455078	22	22	1	-0.0140278843217
88	mouse34	-0.633040646432	34	34	1	-0.0186188425421
88	mouse35	0.237984129568	23	23	1	0.0103471360682
88	mouse36	-0.175729275297	21	21	1	-0.00836806072842
88	mouse38	0.618797956283	48	48	1	0.0128916240892
88	mouse4	0.335327892441	34	35	0.971428571429	0.0098625850718
88	mouse44	0.415152112821	25	25	1	0.0166060845128
88	mouse45	0.250578658013	34	34	1	0.0073699605298
88	mouse52	0.571948617125	48	48	1	0.0119155961901
88	mouse54	0.328413675298	39	39	1	0.00842086346919
88	mouse55	0.864518446436	42	42	1	0.0205837725342
88	mouse6	-0.507418890477	27	27	1	-0.0187932922399
88	mouse60	0.0238578717396	68	68	1	0.000350851054995
88	mouse62	0.0623922802253	70	70	1	0.000891318288933
88	mouse63	0.0248206475853	69	70	0.985714285714	0.000359719530221
88	mouse67	1.15921832868	52	52	1	0.022292660167
88	mouse68	-1.1676018735	83	83	1	-0.0140674924518
88	mouse69	-0.0895957926793	45	46	0.978260869565	-0.0019910176151
88	mouse7	0.17902865646	28	28	1	0.00639388058786
88	mouse70	-0.0570898898844	55	55	1	-0.0010379979979
88	mouse72	0.591893369645	73	73	1	0.0081081283513
88	mouse73	0.145152674984	55	55	1	0.00263913954516
88	mouse74	0.242139981546	42	43	0.976744186047	0.00576523765585
88	mouse75	0.126146938221	21	21	1	0.00600699705816
88	mouse76	0.00522603931474	61	61	1	8.56727756514e-05
88	mouse8	0.316812139672	27	28	0.964285714286	0.0117337829508
88	mouse9	0.488762101678	36	36	1	0.0135767250466
89	mouse10	-0.164074691481	22	22	1	-0.00745794052187
89	mouse11	-0.403910589587	62	64	0.96875	-0.00651468692882
89	mouse12	-0.80387242522	34	35	0.971428571429	-0.0236433066241
89	mouse13	0.351187853121	47	48	0.979166666667	0.0074720819813
89	mouse14	0.819721345862	26	27	0.962962962963	0.0315277440716
89	mouse15	-1.0584060935	49	49	1	-0.0216001243571
89	mouse16	-0.18634199969	34	34	1	-0.00548064704971
89	mouse17	0.122822396179	23	23	1	0.00534010418168
89	mouse18	0.547901683618	50	50	1	0.0109580336724
89	mouse19	0.277006608528	38	38	1	0.00728964759285
89	mouse20	0.0963284692033	58	58	1	0.00166083567592
89	mouse21	0.246318922797	44	44	1	0.00559815733628
89	mouse22	0.0877934146138	35	35	1	0.00250838327468
89	mouse23	0.338032218549	55	55	1	0.00614604033725
89	mouse25	0.181021006848	29	29	1	0.00624210368441
89	mouse26	0.670158673707	24	25	0.96	0.0279232780711
89	mouse3	-0.034049663719	30	30	1	-0.00113498879063
89	mouse31	-0.313361944502	25	25	1	-0.0125344777801
89	mouse34	0.335202490521	40	40	1	0.00838006226302
89	mouse35	-0.272021175292	42	43	0.976744186047	-0.0064766946498
89	mouse36	0.285773931897	34	34	1	0.00840511564402
89	mouse37	-0.170702192778	20	20	1	-0.00853510963891
89	mouse38	-0.596349806594	45	45	1	-0.0132522179243
89	mouse4	0.317764893544	38	38	1	0.00836223404064
89	mouse41	0.169240259943	28	28	1	0.00604429499795
89	mouse42	-0.167624111767	24	24	1	-0.00698433799031
89	mouse44	-0.81325926218	40	40	1	-0.0203314815545
89	mouse45	0.391198590112	37	37	1	0.0105729348679
89	mouse52	-0.797585798167	44	45	0.977777777778	-0.0181269499583
89	mouse54	-0.139778910983	33	33	1	-0.00423572457525
89	mouse55	0.39041003951	39	39	1	0.0100105138336
89	mouse6	-0.0452139336936	27	27	1	-0.0016745901368
89	mouse60	0.157989422522	62	63	0.984126984127	0.00254821649229
89	mouse61	-0.675138104786	25	25	1	-0.0270055241914
89	mouse62	-0.0850027877644	79	79	1	-0.00107598465525
89	mouse63	1.01065115069	86	86	1	0.0117517575662
89	mouse67	-0.137747198987	49	50	0.98	-0.00281116732626
89	mouse68	1.18164165346	95	95	1	0.0124383331943
89	mouse69	0.383048905683	44	44	1	0.00870565694735
89	mouse7	1.16306676624	55	55	1	0.0211466684772
89	mouse70	-0.589580102142	61	62	0.983870967742	-0.0096652475761
89	mouse72	-0.717329650727	87	87	1	-0.00824516839917
89	mouse73	0.0179326501826	58	58	1	0.000309183623839
89	mouse74	-0.203182461272	31	31	1	-0.00655427294426
89	mouse75	-0.419231676424	24	24	1	-0.0174679865177
89	mouse76	-0.410383504165	74	74	1	-0.00554572302925
89	mouse8	-0.711540077992	46	46	1	-0.015468262565
89	mouse9	-0.187067409063	59	59	1	-0.00317063405191
90	mouse10	-0.0594532001981	25	25	1	-0.00237812800792
90	mouse11	-0.280204507415	44	44	1	-0.00636828425943
90	mouse12	0.327892289745	33	33	1	0.00993612999226
90	mouse13	0.202518070816	47	47	1	0.00430889512375
90	mouse14	-0.0201212285265	23	24	0.958333333333	-0.000874836022889
90	mouse15	-0.937630089172	31	31	1	-0.0302461319088
90	mouse16	0.522752759599	22	23	0.95652173913	0.0237614890727
90	mouse18	0.500912183873	34	34	1	0.0147327112904
90	mouse19	-0.0587103156172	21	21	1	-0.00279572931511
90	mouse20	0.336776734269	35	35	1	0.00962219240768
90	mouse21	-0.549314466974	32	32	1	-0.0171660770929
90	mouse22	0.625215491642	30	30	1	0.0208405163881
90	mouse23	0.529421193866	63	63	1	0.00840351101374
90	mouse26	-0.589629272425	32	32	1	-0.0184259147633
90	mouse34	-0.464178240943	28	28	1	-0.0165777943194
90	mouse35	-0.242231950039	20	20	1	-0.012111597502
90	mouse36	-0.427062886122	21	21	1	-0.0203363279106
90	mouse38	0.558174889527	36	36	1	0.0155048580424
90	mouse4	-0.0992883428742	25	25	1	-0.00397153371497
90	mouse41	-0.0815903093625	21	22	0.954545454545	-0.00388525282679
90	mouse44	0.867831531089	30	30	1	0.028927717703
90	mouse45	-0.340833904373	33	34	0.970588235294	-0.0103283001325
90	mouse52	-0.0286752357559	26	28	0.928571428571	-0.00110289368292
90	mouse55	0.422808019768	41	42	0.97619047619	0.010312390726
90	mouse6	0.281606387355	24	24	1	0.0117335994731
90	mouse60	-0.283557567861	56	56	1	-0.00506352799752
90	mouse61	0.0978966361865	21	21	1	0.00466174458031
90	mouse62	-1.20398339582	58	58	1	-0.0207583344107
90	mouse63	0.344013354875	56	57	0.982456140351	0.00614309562276
90	mouse67	-0.64315543636	37	37	1	-0.0173825793611
90	mouse68	0.734959195995	53	53	1	0.0138671546414
90	mouse69	0.182458113872	27	27	1	0.00675770792119
90	mouse7	-0.0671236951383	31	31	1	-0.00216528048833
90	mouse70	0.474428455449	46	46	1	0.010313662075
90	mouse71	-0.410903732385	21	21	1	-0.0195668443993
90	mouse72	0.868964777583	55	55	1	0.0157993595924
90	mouse73	1.12229544737	44	45	0.977777777778	0.025506714713
90	mouse74	0.0295489353598	33	33	1	0.000895422283632
90	mouse75	-0.312199160794	23	23	1	-0.0135738765563
90	mouse76	0.252561345946	47	47	1	0.00537364565843
90	mouse8	-0.20689922432	32	32	1	-0.00646560075999
90	mouse9	-0.66851239178	36	37	0.972972972973	-0.0185697886606
91	mouse11	0.842258500954	52	52	1	0.0161972788645
91	mouse12	0.109438665535	33	33	1	0.00331632319802
91	mouse13	0.0735495525242	47	48	0.979166666667	0.00156488409626
91	mouse14	0.551056044073	27	27	1	0.0204094831138
91	mouse15	-0.591131241962	36	36	1	-0.0164203122767
91	mouse16	-0.184442152814	29	29	1	-0.00636007423498
91	mouse17	-0.202850108348	27	27	1	-0.00751296697585
91	mouse18	-0.439819552153	44	47	0.936170212766	-0.00999589891257
91	mouse19	0.202335547306	28	28	1	0.00722626954664
91	mouse20	0.942234585	53	53	1	0.0177780110377
91	mouse21	0.0388704257443	30	30	1	0.00129568085814
91	mouse22	0.392172984764	45	45	1	0.00871495521698
91	mouse23	-0.0952644611613	61	61	1	-0.00156171247805
91	mouse24	0.0251239542323	25	26	0.961538461538	0.00100495816929
91	mouse25	0.222642678866	36	36	1	0.00618451885738
91	mouse26	0.939821660289	38	38	1	0.024732148955
91	mouse29	-0.144064325672	22	22	1	-0.00654837843965
91	mouse32	0.495375253321	21	23	0.913043478261	0.0235892977772
91	mouse33	-0.218592947281	22	22	1	-0.00993604305823
91	mouse34	0.077046827407	38	38	1	0.00202754808966
91	mouse35	0.420167205269	40	40	1	0.0105041801317
91	mouse36	0.0288259285345	33	34	0.970588235294	0.000873512985894
91	mouse38	0.0910831056218	29	29	1	0.00314079674558
91	mouse4	-0.756933981846	47	47	1	-0.0161049783371
91	mouse41	0.0493203512416	26	26	1	0.00189693658622
91	mouse44	-0.243785567943	43	43	1	-0.00566943181264
91	mouse45	1.08992839663	34	34	1	0.0320567175481
91	mouse52	-0.0419957436468	50	50	1	-0.000839914872936
91	mouse54	0.967551314972	40	40	1	0.0241887828743
91	mouse55	0.189397387661	49	50	0.98	0.00386525280941
91	mouse6	-0.291597141627	32	32	1	-0.00911241067585
91	mouse60	0.771931079894	63	63	1	0.012252874284
91	mouse62	0.811499686721	80	80	1	0.010143746084
91	mouse63	0.150401581123	89	89	1	0.00168990540587
91	mouse66	0.168522915763	21	21	1	0.00802490075062
91	mouse67	-0.329642087474	69	69	1	-0.00477742155759
91	mouse68	0.467162333866	88	88	1	0.00530866288484
91	mouse69	-0.774944535375	50	50	1	-0.0154988907075
91	mouse7	0.29837846379	51	51	1	0.00585055811354
91	mouse70	-0.352105165017	72	72	1	-0.00489034951413
91	mouse71	-0.332005087597	22	22	1	-0.0150911403453
91	mouse72	-0.711642669976	88	88	1	-0.00808684852245
91	mouse73	1.17249985089	73	74	0.986486486486	0.0160616417931
91	mouse74	-0.0239233288008	49	49	1	-0.000488231200016
91	mouse75	0.390967570221	33	33	1	0.0118475021279
91	mouse76	-0.441143457994	95	95	1	-0.00464361534731
91	mouse8	0.250320695588	35	35	1	0.00715201987394
91	mouse9	0.192245672057	56	56	1	0.0034329584296
92	mouse11	0.103367953622	41	41	1	0.00252116960055
92	mouse12	0.0443084802058	33	34	0.970588235294	0.00134268121836
92	mouse13	-0.475908932039	43	43	1	-0.0110676495823
92	mouse14	0.238135402536	27	28	0.964285714286	0.00881982972356
92	mouse15	-0.794042406557	27	27	1	-0.0294089780206
92	mouse16	-0.509237516467	28	29	0.965517241379	-0.0181870541595
92	mouse17	0.388340855902	23	23	1	0.0168843850392
92	mouse18	-0.837484359352	42	42	1	-0.0199401037941
92	mouse19	0.10480833598	39	39	1	0.00268739323027
92	mouse20	-0.0901583411593	39	39	1	-0.00231175233742
92	mouse21	-0.928867363494	28	28	1	-0.0331738344105
92	mouse22	0.279217831632	27	28	0.964285714286	0.0103414011715
92	mouse23	0.310791750937	66	66	1	0.00470896592329
92	mouse24	0.315007170842	32	32	1	0.00984397408883
92	mouse26	-0.321254750817	24	24	1	-0.0133856146174
92	mouse31	-0.419516048072	22	22	1	-0.019068911276
92	mouse34	-0.912177239158	32	32	1	-0.0285055387237
92	mouse35	0.66766162836	29	31	0.935483870968	0.023022814771
92	mouse36	-0.464621869677	26	26	1	-0.0178700719106
92	mouse37	0.202727483239	20	20	1	0.010136374162
92	mouse38	-0.427264185489	44	44	1	-0.00971054967021
92	mouse4	0.0965298061643	33	33	1	0.00292514564134
92	mouse41	0.453169845157	29	30	0.966666666667	0.0156265463847
92	mouse44	0.0837001623033	32	32	1	0.00261563007198
92	mouse45	-0.229321480123	28	28	1	-0.00819005286155
92	mouse52	-0.255357744465	33	33	1	-0.00773811346863
92	mouse54	-0.80075869434	43	43	1	-0.0186222952172
92	mouse55	0.369251146133	44	44	1	0.00839207150302
92	mouse57	0.0264431848358	20	20	1	0.00132215924179
92	mouse6	0.153268035793	27	27	1	0.00567659391826
92	mouse60	-0.172940598158	61	61	1	-0.00283509177308
92	mouse61	0.410185604479	20	20	1	0.0205092802239
92	mouse62	0.0491541320273	56	56	1	0.00087775235763
92	mouse63	0.890862934593	67	68	0.985294117647	0.0132964617104
92	mouse67	0.876452074997	62	62	1	0.0141363237903
92	mouse68	1.29618396697	77	78	0.987179487179	0.0168335580126
92	mouse69	0.288805851344	33	33	1	0.00875169246497
92	mouse7	0.023990912938	35	35	1	0.000685454655372
92	mouse70	-0.484608764516	47	47	1	-0.0103108247769
92	mouse71	-0.284594378452	23	23	1	-0.0123736686283
92	mouse72	0.204977174879	79	79	1	0.00259464778328
92	mouse73	-0.434824901888	62	62	1	-0.00701330486916
92	mouse74	0.00231934540157	40	40	1	5.79836350392e-05
92	mouse75	0.00107641132838	29	29	1	3.7117632013e-05
92	mouse76	-0.0875757716953	56	56	1	-0.00156385306599
92	mouse8	0.97605944364	37	37	1	0.0263799849632
92	mouse9	0.124190647106	51	51	1	0.00243511072757
93	mouse10	0.193155403368	22	22	1	0.0087797910622
93	mouse11	0.273579024307	65	65	1	0.00420890806627
93	mouse12	-0.166454322476	30	31	0.967741935484	-0.00554847741587
93	mouse13	0.477952123733	33	33	1	0.0144833976889
93	mouse14	0.0877626317156	20	21	0.952380952381	0.00438813158578
93	mouse15	-0.137966518449	36	36	1	-0.00383240329026
93	mouse16	0.158665244947	21	22	0.954545454545	0.00755548785464
93	mouse17	-0.71805844353	25	26	0.961538461538	-0.0287223377412
93	mouse18	-0.267117894075	37	37	1	-0.00721940254256
93	mouse19	0.776721876822	30	30	1	0.0258907292274
93	mouse20	0.390643636362	41	41	1	0.0095278935698
93	mouse21	0.148195854432	34	34	1	0.00435870160094
93	mouse22	0.256419810442	37	37	1	0.00693026514707
93	mouse23	1.06826795412	62	62	1	0.0172301282923
93	mouse26	-0.808377276276	26	26	1	-0.0310914337029
93	mouse33	-0.417059672585	23	24	0.958333333333	-0.0181330292428
93	mouse34	-0.559828450497	40	40	1	-0.0139957112624
93	mouse35	0.094003498545	32	32	1	0.00293760932953
93	mouse36	0.282025001178	27	27	1	0.010445370414
93	mouse37	-0.696128135731	22	22	1	-0.0316421879878
93	mouse38	-0.476526419096	24	24	1	-0.0198552674623
93	mouse4	0.441383116667	33	33	1	0.0133752459596
93	mouse44	0.350472395244	29	29	1	0.0120852550084
93	mouse45	0.253321546388	36	36	1	0.00703670962188
93	mouse52	-0.662107948679	40	40	1	-0.016552698717
93	mouse54	-0.0609677479319	30	30	1	-0.0020322582644
93	mouse55	-0.11970705985	38	40	0.95	-0.00315018578552
93	mouse6	0.301242262749	31	31	1	0.00971749234674
93	mouse60	-0.393988225621	49	49	1	-0.00804057603309
93	mouse62	-0.444421271429	72	72	1	-0.00617251765874
93	mouse63	0.0572039092309	63	64	0.984375	0.000907998559221
93	mouse67	-0.192354046942	50	50	1	-0.00384708093883
93	mouse68	-0.793754306115	85	85	1	-0.00933828595429
93	mouse69	-0.596081420183	27	27	1	-0.0220770896364
93	mouse7	0.700926598764	37	37	1	0.0189439621288
93	mouse70	-0.304329698712	48	48	1	-0.00634020205651
93	mouse72	0.0638900867678	79	79	1	0.000808735275542
93	mouse73	0.13610397459	52	52	1	0.00261738412673
93	mouse74	-0.333302340804	35	35	1	-0.00952292402296
93	mouse75	0.204576686227	35	35	1	0.00584504817791
93	mouse76	-0.298025724338	55	55	1	-0.00541864953342
93	mouse8	-0.48234205519	37	38	0.973684210526	-0.0130362717619
93	mouse9	0.0409168537074	37	37	1	0.00110586091101
94	mouse10	-0.646181638858	22	24	0.916666666667	-0.0293718926754
94	mouse11	-0.705406710231	51	52	0.980769230769	-0.0138315041222
94	mouse12	-0.221502727613	29	29	1	-0.00763802509011
94	mouse13	-0.573296220847	46	46	1	-0.0124629613228
94	mouse14	0.28122038567	25	25	1	0.0112488154268
94	mouse15	-0.594816413111	35	35	1	-0.0169947546603
94	mouse16	0.0894485463927	30	30	1	0.00298161821309
94	mouse18	1.29101272034	45	45	1	0.028689171563
94	mouse20	0.466481201243	50	50	1	0.00932962402486
94	mouse21	-1.66949364045	30	30	1	-0.0556497880149
94	mouse22	-0.201485276602	45	45	1	-0.00447745059117
94	mouse23	0.388614706617	73	73	1	0.00532348913173
94	mouse26	0.451264626054	32	32	1	0.0141020195642
94	mouse29	-0.0808103353277	20	20	1	-0.00404051676639
94	mouse33	0.461974108117	23	23	1	0.0200858307877
94	mouse34	0.00123903212886	32	34	0.941176470588	3.87197540268e-05
94	mouse35	0.904449664278	34	36	0.944444444444	0.0266014607141
94	mouse38	-0.827567716445	44	44	1	-0.0188083571919
94	mouse4	-0.072386443749	28	29	0.965517241379	-0.00258523013389
94	mouse41	-0.0130103806954	24	24	1	-0.000542099195643
94	mouse44	0.103971903757	23	24	0.958333333333	0.00452051755464
94	mouse45	-0.519700829737	39	39	1	-0.0133256623009
94	mouse52	-1.2128792305	49	49	1	-0.0247526373572
94	mouse54	0.243779495391	42	42	1	0.00580427369979
94	mouse55	-0.402353496072	41	41	1	-0.0098134999042
94	mouse56	-0.613829136594	20	21	0.952380952381	-0.0306914568297
94	mouse57	-0.703777272796	20	22	0.909090909091	-0.0351888636398
94	mouse6	-0.841659958634	30	30	1	-0.0280553319545
94	mouse60	-0.770846148055	63	63	1	-0.0122356531437
94	mouse62	-1.30769856704	70	70	1	-0.0186814081006
94	mouse63	-0.0616554043388	47	48	0.979166666667	-0.00131181711359
94	mouse67	-0.47526521069	61	61	1	-0.00779123296213
94	mouse68	-0.931588010474	84	84	1	-0.011090333458
94	mouse69	1.37499671187	37	37	1	0.0371620732938
94	mouse7	-0.38989393265	34	34	1	-0.0114674686074
94	mouse70	-0.508515371367	57	57	1	-0.00892132230469
94	mouse72	0.727905801322	85	85	1	0.00856359766261
94	mouse73	-1.26436575087	59	59	1	-0.0214299279809
94	mouse74	0.130775020676	42	43	0.976744186047	0.00311369096847
94	mouse75	0.787950638133	27	27	1	0.0291833569679
94	mouse76	-0.413404777988	77	77	1	-0.00536889322062
94	mouse8	0.152154337858	28	28	1	0.00543408349494
94	mouse9	-0.374191988546	46	46	1	-0.00813460844666
95	mouse10	0.855608628824	50	50	1	0.0171121725765
95	mouse11	-0.61259132615	87	87	1	-0.00704127961092
95	mouse12	0.405325918332	40	40	1	0.0101331479583
95	mouse13	0.082574613802	65	66	0.984848484848	0.00127037867388
95	mouse14	-0.155826784361	49	50	0.98	-0.00318013845635
95	mouse15	-0.960242448141	58	58	1	-0.0165559042783
95	mouse16	0.225840798495	42	42	1	0.00537716186892
95	mouse17	0.0662025230328	33	33	1	0.0020061370616
95	mouse18	-0.197826591447	63	64	0.984375	-0.00314010462614
95	mouse19	-0.00228963427976	36	36	1	-6.36009522156e-05
95	mouse20	0.0011171011475	85	85	1	1.31423664411e-05
95	mouse21	-0.77074241553	51	52	0.980769230769	-0.0151125963829
95	mouse22	-0.9005066292	47	48	0.979166666667	-0.0191597155149
95	mouse23	-0.946612897136	84	84	1	-0.0112692011564
95	mouse24	0.630669907527	25	25	1	0.0252267963011
95	mouse25	-0.00477870457876	29	29	1	-0.000164782916509
95	mouse26	-0.229968807513	41	41	1	-0.00560899530519
95	mouse29	0.262897468308	26	26	1	0.0101114410888
95	mouse3	0.648907856117	24	24	1	0.0270378273382
95	mouse31	-0.966639070221	38	38	1	-0.025437870269
95	mouse33	-0.475850370521	35	35	1	-0.013595724872
95	mouse34	-1.01386426609	63	63	1	-0.0160930835887
95	mouse35	0.545901960642	35	35	1	0.0155971988755
95	mouse36	-0.63069239694	30	30	1	-0.021023079898
95	mouse37	-0.11245683787	25	25	1	-0.00449827351478
95	mouse38	-0.758810408531	55	55	1	-0.0137965528824
95	mouse4	0.0304194150714	56	57	0.982456140351	0.000543203840561
95	mouse41	0.364473373427	31	31	1	0.0117572055944
95	mouse44	-0.266934264483	50	50	1	-0.00533868528967
95	mouse45	-0.187467510325	49	49	1	-0.00382586755765
95	mouse52	-0.281894163097	65	65	1	-0.00433683327841
95	mouse54	-0.0458199725701	42	42	1	-0.00109095172786
95	mouse55	0.151916520153	61	61	1	0.00249043475661
95	mouse56	0.617984145864	31	31	1	0.0199349724472
95	mouse57	-0.136020040839	31	31	1	-0.00438774325286
95	mouse6	-0.0504994713176	44	44	1	-0.00114771525722
95	mouse60	-0.59264447425	68	68	1	-0.00871535991544
95	mouse62	-0.460457636299	107	107	1	-0.00430334239532
95	mouse63	-0.0857505843843	122	122	1	-0.000702873642495
95	mouse67	-0.30704518638	70	71	0.985915492958	-0.00438635980543
95	mouse68	-0.592018138	111	112	0.991071428571	-0.00533349673874
95	mouse69	-0.7691338846	51	51	1	-0.0150810565608
95	mouse7	0.369937805087	44	44	1	0.00840767738833
95	mouse70	1.90082442415	73	73	1	0.0260386907418
95	mouse71	-0.114980146331	22	22	1	-0.00522637028777
95	mouse72	1.37613477018	111	111	1	0.0123976105422
95	mouse73	0.184127918032	70	70	1	0.00263039882903
95	mouse74	0.65602638671	60	61	0.983606557377	0.0109337731118
95	mouse75	0.130432854329	40	40	1	0.00326082135822
95	mouse76	0.814409215589	113	113	1	0.0072071611999
95	mouse8	-0.0436021264283	54	54	1	-0.00080744678571
95	mouse9	0.831979719267	73	74	0.986486486486	0.0113969824557
96	mouse10	-0.781181330942	26	26	1	-0.0300454358054
96	mouse11	0.100084778632	48	48	1	0.00208509955482
96	mouse12	0.346255926964	24	24	1	0.0144273302902
96	mouse13	0.27617537238	33	33	1	0.00836895067818
96	mouse14	-0.624618816278	21	21	1	-0.0297437531561
96	mouse15	0.598889377367	37	37	1	0.0161861993883
96	mouse16	-0.326242117277	20	21	0.952380952381	-0.0163121058639
96	mouse18	0.825433690936	32	32	1	0.0257948028418
96	mouse19	-0.373498545084	31	32	0.96875	-0.012048340164
96	mouse20	-0.968931737596	40	40	1	-0.0242232934399
96	mouse22	0.50012205762	26	27	0.962962962963	0.0192354637546
96	mouse23	-0.948748244069	46	47	0.978723404255	-0.0206249618276
96	mouse24	-0.0949768066837	25	26	0.961538461538	-0.00379907226735
96	mouse25	0.577068420892	24	24	1	0.0240445175372
96	mouse26	-0.0520814375769	22	22	1	-0.00236733807168
96	mouse34	-0.308889876836	35	35	1	-0.00882542505247
96	mouse35	0.377086131949	25	26	0.961538461538	0.015083445278
96	mouse38	-0.371886357145	25	25	1	-0.0148754542858
96	mouse4	0.71716152443	36	36	1	0.0199211534564
96	mouse41	-0.0617294689377	20	20	1	-0.00308647344688
96	mouse45	-0.262903784123	38	38	1	-0.00691852063481
96	mouse52	-0.310933770152	27	27	1	-0.0115160655612
96	mouse54	0.155995018156	32	32	1	0.00487484431737
96	mouse55	0.141359298756	27	27	1	0.00523552958357
96	mouse6	-0.391014696405	27	28	0.964285714286	-0.0144820257928
96	mouse60	-0.57644843985	63	63	1	-0.00914997523572
96	mouse61	-0.124932612615	23	23	1	-0.00543185272238
96	mouse62	-1.558013395	64	64	1	-0.0243439592968
96	mouse63	-0.14912009167	53	53	1	-0.00281358663528
96	mouse67	0.113301853361	42	42	1	0.00269766317525
96	mouse68	0.394384339506	65	65	1	0.00606745137702
96	mouse69	0.519971192211	34	34	1	0.0152932703591
96	mouse7	0.135525089534	26	27	0.962962962963	0.00521250344363
96	mouse70	0.175676101614	51	51	1	0.00344462944342
96	mouse72	-0.681454788165	71	71	1	-0.00959795476288
96	mouse73	-0.143288753051	45	45	1	-0.00318419451225
96	mouse74	0.153659105695	35	35	1	0.00439026016271
96	mouse75	0.11022841869	26	26	1	0.00423955456499
96	mouse76	-0.0702989810276	60	60	1	-0.00117164968379
96	mouse8	0.648010035277	32	32	1	0.0202503136024
96	mouse9	-0.695289283712	59	59	1	-0.0117845641307
97	mouse11	-0.0870296038328	46	46	1	-0.00189194790941
97	mouse13	0.530779036632	36	37	0.972972972973	0.0147438621287
97	mouse15	-0.160742133972	28	28	1	-0.00574079049899
97	mouse18	-0.780890852866	50	50	1	-0.0156178170573
97	mouse19	0.246239453579	21	21	1	0.0117256882657
97	mouse20	0.512400770108	34	34	1	0.0150706108855
97	mouse21	-0.191040549449	35	35	1	-0.00545830141283
97	mouse22	0.00456163339384	26	27	0.962962962963	0.000175447438224
97	mouse23	1.51055863957	58	58	1	0.0260441144753
97	mouse24	-0.399688603718	23	23	1	-0.0173777653791
97	mouse26	-0.259672264607	22	22	1	-0.0118032847549
97	mouse31	-0.633515543318	21	21	1	-0.0301674068247
97	mouse34	0.197061642973	43	44	0.977272727273	0.00458282890636
97	mouse35	-0.188820117368	22	23	0.95652173913	-0.00858273260765
97	mouse36	-0.0555052897052	21	21	1	-0.00264310903358
97	mouse38	0.190429320933	35	35	1	0.00544083774094
97	mouse4	-0.298488471958	35	35	1	-0.00852824205593
97	mouse41	-0.191797388795	20	20	1	-0.00958986943973
97	mouse44	0.566562038272	24	24	1	0.0236067515947
97	mouse45	0.673388163671	31	31	1	0.0217221988281
97	mouse52	0.0896926134949	31	32	0.96875	0.00289331011274
97	mouse54	0.280772980051	33	34	0.970588235294	0.00850827212277
97	mouse55	-0.431677928867	37	38	0.973684210526	-0.0116669710505
97	mouse6	-0.171044108421	32	32	1	-0.00534512838815
97	mouse60	0.0890070023849	53	53	1	0.00167937740349
97	mouse62	0.544322514486	82	82	1	0.00663807944495
97	mouse63	-0.88776461791	58	58	1	-0.0153062865157
97	mouse67	0.231529110045	59	61	0.967213114754	0.00392422220415
97	mouse68	-0.0103303082491	66	66	1	-0.000156519821956
97	mouse69	-0.185552867094	38	38	1	-0.0048829701867
97	mouse7	-0.612118042756	28	28	1	-0.0218613586699
97	mouse70	-0.353308575651	45	45	1	-0.00785130168114
97	mouse72	0.839496765913	73	73	1	0.0114999556974
97	mouse73	1.12400068073	49	50	0.98	0.0229387894027
97	mouse74	0.242655361772	32	32	1	0.00758298005538
97	mouse75	0.389844594519	27	27	1	0.0144386886859
97	mouse76	-0.55606757719	55	55	1	-0.0101103195853
97	mouse8	-0.36149925206	32	32	1	-0.0112968516269
97	mouse9	-0.123614528357	51	51	1	-0.00242381428151
98	mouse10	0.0921059267444	39	39	1	0.00236169042934
98	mouse11	-0.588428358278	59	59	1	-0.00997336200471
98	mouse12	-0.107198635641	29	30	0.966666666667	-0.00369650467729
98	mouse13	0.457701760204	41	42	0.97619047619	0.011163457566
98	mouse14	0.0656371955464	34	36	0.944444444444	0.00193050575136
98	mouse15	0.804809202243	47	47	1	0.0171236000477
98	mouse16	0.348413189121	34	34	1	0.0102474467388
98	mouse17	-0.648651857151	20	22	0.909090909091	-0.0324325928575
98	mouse18	-0.410736909591	62	62	1	-0.00662478886437
98	mouse19	0.471446433297	29	29	1	0.016256773562
98	mouse20	0.15202171177	67	68	0.985294117647	0.00226898077268
98	mouse21	-0.00126116851181	45	45	1	-2.80259669292e-05
98	mouse22	0.811780267046	38	39	0.974358974359	0.0213626386065
98	mouse23	-0.0132783114695	73	73	1	-0.000181894677664
98	mouse25	0.828374340481	27	27	1	0.0306805311289
98	mouse26	0.504492891127	37	37	1	0.0136349430034
98	mouse29	-0.0529550791572	20	20	1	-0.00264775395786
98	mouse3	0.403619732656	22	22	1	0.0183463514844
98	mouse31	-0.00367246641947	23	23	1	-0.00015967245302
98	mouse33	-0.484014261606	20	21	0.952380952381	-0.0242007130803
98	mouse34	0.628824122471	43	44	0.977272727273	0.0146238168017
98	mouse35	-1.46713368774	31	32	0.96875	-0.0473268931531
98	mouse36	0.429767382976	27	28	0.964285714286	0.0159173104806
98	mouse37	-0.547457223565	24	25	0.96	-0.0228107176486
98	mouse38	0.0545467908829	39	39	1	0.00139863566366
98	mouse4	0.792557639797	50	50	1	0.0158511527959
98	mouse41	-0.00395775852316	24	24	1	-0.000164906605132
98	mouse44	1.50253942884	48	48	1	0.0313029047675
98	mouse45	-0.0967638845173	52	52	1	-0.00186084393303
98	mouse52	-0.142065263251	62	62	1	-0.00229137521372
98	mouse54	-0.653698353927	42	42	1	-0.0155642465221
98	mouse55	-0.501907726549	58	59	0.983050847458	-0.00865358149222
98	mouse57	0.258449323648	22	22	1	0.0117476965294
98	mouse6	0.15196410559	40	40	1	0.00379910263974
98	mouse60	0.812611551194	76	76	1	0.0106922572526
98	mouse61	0.294128061444	25	25	1	0.0117651224578
98	mouse62	-0.580615879083	99	99	1	-0.00586480685942
98	mouse63	0.432018579234	82	82	1	0.00526851925895
98	mouse66	-0.227280107343	26	26	1	-0.00874154259011
98	mouse67	-0.441315535611	62	62	1	-0.00711799250986
98	mouse68	1.55907149367	93	93	1	0.0167642096093
98	mouse69	0.145058586778	64	64	1	0.00226654041841
98	mouse7	-0.710458102325	49	49	1	-0.0144991449454
98	mouse70	-0.164130239806	61	61	1	-0.00269065966895
98	mouse71	0.0697128660824	24	24	1	0.00290470275343
98	mouse72	-0.732764743175	92	92	1	-0.00796483416495
98	mouse73	-0.252650439716	53	54	0.981481481481	-0.00476698942861
98	mouse74	-0.349150703109	48	48	1	-0.00727397298144
98	mouse75	-0.727400144381	34	34	1	-0.0213941218936
98	mouse76	-0.250210960118	94	95	0.989473684211	-0.00266181872466
98	mouse8	-0.441709788562	38	38	1	-0.0116239418043
98	mouse9	0.619058627564	56	56	1	0.0110546183494
