cell_id	source	gene_target	guide_call	predicted_group	position
AACCTTGTCGAGCGACCTCTCAGCTG-1:SCP038	mouse6	Nr5a2	Nr5a2_3	066 CNU-HYa HY GABA	-1
AAGCCCGCATGAACCACTGACACACA-1:SCP038	mouse7	Non_target	Non_target_198	215 MB Dopa	-1
AATCGTTTCGCAACTCGACGGGATAC-1:SCP038	mouse7	Rho	Rho_3	066 CNU-HYa HY GABA	-1
AATGAACGTAGACCAAACACTTGGAG-1:SCP038	mouse1	H2ac8	H2ac8_2	066 CNU-HYa HY GABA	-1
AATGGAACATAACGATTGTTGGTAAG-1:SCP038	mouse6	Aifm1	Aifm1_2	066 CNU-HYa HY GABA	-1
ACCAGCAAGGCAGGGACTGACACACA-1:SCP038	mouse7	Drd4	Drd4_2	215 MB Dopa	-1
ACCAGCAAGTTGGAACTGTTGGTAAG-1:SCP038	mouse6	Prpf6	Prpf6_4	039 OB-IMN GABA	-1
ACCGAAAGTAAGTAACAGCGAACCCT-1:SCP038	mouse5	Tomm40	Tomm40_4	054 CNU-MGE GABA	-1
AGACGCATCCGACAGACTCTCAGCTG-1:SCP038	mouse6	Cplane1	Cplane1_4	066 CNU-HYa HY GABA	-1
AGGGATCGTTAACGTCTGTTGGTAAG-1:SCP038	mouse6	Fus	Fus_1	066 CNU-HYa HY GABA	-1
ATACAATAGGGTTCGACTGACACACA-1:SCP038	mouse7	Bicra	Bicra_1	215 MB Dopa	-1
ATAGTCCGTCTAATCAACACTTGGAG-1:SCP038	mouse1	Fgfrl1	Fgfrl1_3	066 CNU-HYa HY GABA	-1
ATCTGTTAGCCTGTGTTGGGATCCCA-1:SCP038	mouse7	Arhgef9	Arhgef9_2	054 CNU-MGE GABA	-1
ATGAAGTGTGCGTGCTTGCAGTTGGT-1:SCP038	mouse2	Oprm1	Oprm1_3	054 CNU-MGE GABA	-1
ATGGCTTGTACGGGCAGATGTATGAG-1:SCP038	mouse6	Cog5	Cog5_1	066 CNU-HYa HY GABA	-1
ATTGAAAGTACAGCCCGCGTTTAAAC-1:SCP038	mouse4	Tfap2a	Tfap2a_1	066 CNU-HYa HY GABA	-1
CAAGTCTGTGTACCATCTCAACAGTC-1:SCP038	mouse5	Deaf1	Deaf1_3	215 MB Dopa	-1
CACATATTCAAGGTACTGCAGTTGGT-1:SCP038	mouse2	Bcl2	Bcl2_1	066 CNU-HYa HY GABA	-1
CACTGTATCAAGCTCCCTCCCAACAC-1:SCP038	mouse6	Atp13a2	Atp13a2_3	215 MB Dopa	-1
CAGCTTATCTACCCAACTGAAGCCTG-1:SCP038	mouse4	Nsmce2	Nsmce2_2	215 MB Dopa	-1
CATGATTTCACTTGCAACAAGCTTGT-1:SCP038	mouse4	Non_target	Non_target_109	066 CNU-HYa HY GABA	-1
CATTTCCTCTAGTCATACCTGGTTGT-1:SCP038	mouse4	Acat1	Acat1_4	066 CNU-HYa HY GABA	-1
CCACTCCTCGACCTCGACCTGGTTGT-1:SCP038	mouse4	Nfe2l2	Nfe2l2_3	039 OB-IMN GABA	-1
CCATTCCGTCTCCTTATGCAGTTGGT-1:SCP038	mouse2	Ncam1	Ncam1_1	066 CNU-HYa HY GABA	-1
CCCAGGTGTGATCCTGTGTTGGTAAG-1:SCP038	mouse6	Taok1	Taok1_3	066 CNU-HYa HY GABA	-1
CCCGACATCGACCTCGTGATAACCCT-1:SCP038	mouse4	Drd2	Drd2_1	066 CNU-HYa HY GABA	-1
CCCTAGGTCGATGGATTGTTGGTAAG-1:SCP038	mouse6	Lrch1	Lrch1_4	066 CNU-HYa HY GABA	-1
CCGTTACAGACATCCCTGGGATCCCA-1:SCP038	mouse7	Map2k1	Map2k1_1	039 OB-IMN GABA	-1
CTCCGGGGTGCGTACCTGCCTCCATG-1:SCP038	mouse3	Trio	Trio_3	066 CNU-HYa HY GABA	-1
GCCAAAGTCGATGGATTCCGTGCGTA-1:SCP038	mouse2	Non_target	Non_target_63	215 MB Dopa	-1
GCGTGCGAGAGGCATTACCCGTACAC-1:SCP038	mouse7	Trps1	Trps1_2	215 MB Dopa	-1
GGAGCATGTGTCAGTTTCGTTCCATA-1:SCP038	mouse7	Gucy2c	Gucy2c_4	215 MB Dopa	-1
GGATCAGTCGCCCGTACGCATTCCTG-1:SCP038	mouse7	Pax8	Pax8_4	066 CNU-HYa HY GABA	-1
GGATTCTGTCGACTCAGCGTTTAAAC-1:SCP038	mouse4	Nfia	Nfia_3	066 CNU-HYa HY GABA	-1
GGCACTAAGCGATTCCACAGATTGAG-1:SCP038	mouse1	Nlgn2	Nlgn2_2	215 MB Dopa	-1
GTAACTTTCCGCTCGATCCGTGCGTA-1:SCP038	mouse2	Mef2a	Mef2a_2	066 CNU-HYa HY GABA	-1
GTCCAACTCCGCCACATCGTTCCATA-1:SCP038	mouse7	Rab3gap2	Rab3gap2_4	215 MB Dopa	-1
GTCCCTGAGGGTATGTCTCTCAGCTG-1:SCP038	mouse6	Pak3	Pak3_2	215 MB Dopa	-1
GTTACGGAGAACCGTGGAGGGTTGTG-1:SCP038	mouse7	Trem2	Trem2_2	066 CNU-HYa HY GABA	-1
GTTACTTAGGAAGTAGCTTCACAAAC-1:SCP038	mouse5	Cdin1	BC052040_3	066 CNU-HYa HY GABA	-1
GTTCGTTCAAGCGCCACTACTTTCGT-1:SCP038	mouse1	Rsrc1	Rsrc1_3	066 CNU-HYa HY GABA	-1
TACATAACAGAGGTTCTGCAGTTGGT-1:SCP038	mouse2	Lhx3	Lhx3_3	215 MB Dopa	-1
TATAGGGGTCATGAGAACACCTGCTG-1:SCP038	mouse6	Klf13	Klf13_3	066 CNU-HYa HY GABA	-1
TATCCGGGTACCTCGATGATAACCCT-1:SCP038	mouse4	Plxnd1	Plxnd1_4	066 CNU-HYa HY GABA	-1
TCATCCTTCCCATTGAGATGTATGAG-1:SCP038	mouse6	Non_target	Non_target_220	066 CNU-HYa HY GABA	-1
TCATTTGCAACCGTGGCTCAGAGGTA-1:SCP038	mouse7	Kcnb1	Kcnb1_2	215 MB Dopa	-1
TCCACAGGTGGGACCATGTTCGGATG-1:SCP038	mouse7	Kdr	Kdr_4	215 MB Dopa	-1
TCGTGCGTCAACCTTGACCCGTACAC-1:SCP038	mouse7	Oprm1	Oprm1_3	066 CNU-HYa HY GABA	-1
TCTAACGTCTAGATTCGATGTATGAG-1:SCP038	mouse6	Ttc19	Ttc19_2	215 MB Dopa	-1
TCTATGGTCAATCCATCTACTTTCGT-1:SCP038	mouse1	Cacng2	Cacng2_2	066 CNU-HYa HY GABA	-1
TGACAGGTCCAAGTAAGATGTATGAG-1:SCP038	mouse6	Zeb1	Zeb1_4	066 CNU-HYa HY GABA	-1
TGAGGCATCGTACCCGCTTCACAAAC-1:SCP038	mouse5	Pou1f1	Pou1f1_2	215 MB Dopa	-1
TGTGATTTCTGTATGTCTCACTTAGT-1:SCP038	mouse6	Spred2	Spred2_2	066 CNU-HYa HY GABA	-1
TGTGGCTTCTCCATCTCTGAAGCCTG-1:SCP038	mouse4	Fyn	Fyn_4	066 CNU-HYa HY GABA	-1
AACTGGCCATTCGCTGTGATAACCCT-1:SCP039	mouse4	Htr1b	Htr1b_3	066 CNU-HYa HY GABA	-1
AACTGTGCACGGATCGAGCGAACCCT-1:SCP039	mouse5	Tnfrsf13c	Tnfrsf13c_2	066 CNU-HYa HY GABA	-1
AAGGTCTAGGCTTCGTGACGGGATAC-1:SCP039	mouse7	Non_target	Non_target_53	215 MB Dopa	-1
ACCATCCAGACGATACGCGTTTAAAC-1:SCP039	mouse4	Srebf2	Srebf2_4	066 CNU-HYa HY GABA	-1
ACCGTTGGTGTCTGTGCGGGTTCAAT-1:SCP039	mouse4	Adrb2	Adrb2_4	215 MB Dopa	-1
ACTTGAAAGGAGTATCTGAGCTCATA-1:SCP039	mouse4	Rala	Rala_1	066 CNU-HYa HY GABA	-1
AGACATATCTAGCTTGGATGTATGAG-1:SCP039	mouse6	Pbx1	Pbx1_2	066 CNU-HYa HY GABA	-1
AGACATTCACCATAGATGATAACCCT-1:SCP039	mouse4	Htr1b	Htr1b_3	066 CNU-HYa HY GABA	-1
AGACTCCTCTGGGTAGGAAGCTTAAC-1:SCP039	mouse4	Trpm3	Trpm3_3	066 CNU-HYa HY GABA	-1
AGAGGGCCATGTCCATCACGAATCCA-1:SCP039	mouse2	Zfp292	Zfp292_2	066 CNU-HYa HY GABA	-1
ATACAGCAGTAATGTGCACGAATCCA-1:SCP039	mouse2	Sbf2	Sbf2_2	066 CNU-HYa HY GABA	-1
ATCCGCAGTTATGGAGCTCAGCCATC-1:SCP039	mouse3	Zic1	Zic1_3	066 CNU-HYa HY GABA	-1
ATCCGGTTCAGGCAATACCCTAAGAC-1:SCP039	mouse7	Chrng	Chrng_1	215 MB Dopa	-1
ATCTGGTGTCCCATCTACAAGCGGAT-1:SCP039	mouse7	Park7	Park7_3	215 MB Dopa	-1
ATGGCTACAGCACTCCGCGTTTAAAC-1:SCP039	mouse4	Champ1	Champ1_1	215 MB Dopa	-1
ATTATGGAGACATCCCACGGTACGAC-1:SCP039	mouse7	Nfatc3	Nfatc3_4	066 CNU-HYa HY GABA	-1
ATTGTATGTGCCTAATACAAGCGGAT-1:SCP039	mouse7	Camk4	Camk4_3	039 OB-IMN GABA	-1
CAAACGAGTGCAACCCCAAAGCATCA-1:SCP039	mouse4	Prnp	Prnp_1	066 CNU-HYa HY GABA	-1
CAACAGGTCGAATCAAGACGGGATAC-1:SCP039	mouse7	Pbx3	Pbx3_3	215 MB Dopa	-1
CAACTCATCTTAGGCCGAAGCTTAAC-1:SCP039	mouse4	Park7	Park7_4	066 CNU-HYa HY GABA	-1
CCAACCAGTTCGTAGTTGATAACCCT-1:SCP039	mouse4	Htr1b	Htr1b_3	066 CNU-HYa HY GABA	-1
CCGACCTCATAGACCAACACCTGCTG-1:SCP039	mouse6	Non_target	Non_target_253	066 CNU-HYa HY GABA	-1
CCGTGGCTCTAACCATTGTTCGGATG-1:SCP039	mouse7	Elf2	Elf2_1	215 MB Dopa	-1
CCTTGACAGAGTCATACTCTCAGCTG-1:SCP039	mouse6	Zhx3	Zhx3_2	066 CNU-HYa HY GABA	-1
CGACAATAGCAATCCCGCGTTTAAAC-1:SCP039	mouse4	St3gal3	St3gal3_3	066 CNU-HYa HY GABA	-1
CGGGTCTGTGTGTGAACTCTCAGCTG-1:SCP039	mouse6	Insr	Insr_3	215 MB Dopa	-1
CTACAGCTCGACCTTATGATAACCCT-1:SCP039	mouse4	Htr1b	Htr1b_3	066 CNU-HYa HY GABA	-1
CTTCTCCCATAATCCCCTCAGCCATC-1:SCP039	mouse3	Clock	Clock_2	066 CNU-HYa HY GABA	-1
GGCCTCTCACAAGGCTTCGTTCCATA-1:SCP039	mouse7	Ust	Ust_2	066 CNU-HYa HY GABA	-1
GGTACACCAGTACGGTACCCGTACAC-1:SCP039	mouse7	Fcgr2b	Fcgr2b_2	054 CNU-MGE GABA	-1
GGTATGTAGGGCAGGACTCAACAGTC-1:SCP039	mouse5	Gata2	Gata2_2	215 MB Dopa	-1
GGTCAACCAGCTTGGGACCCGTACAC-1:SCP039	mouse7	Nrg3	Nrg3_2	215 MB Dopa	-1
GGTCCCTCATGTGCAATGCCTCCATG-1:SCP039	mouse3	Non_target	Non_target_313	039 OB-IMN GABA	-1
GTAGTAATCTGAGTAATGTGGAGGTG-1:SCP039	mouse6	Cox6a1	Cox6a1_4	215 MB Dopa	-1
GTCGTCCCATTAGGGCGAGGAGAACT-1:SCP039	mouse2	Htr6	Htr6_4	066 CNU-HYa HY GABA	-1
GTGCTACTCCAAGTAATGTTGGTAAG-1:SCP039	mouse6	Cacna2d2	Cacna2d2_4	215 MB Dopa	-1
GTTCGGCGTGACGAACCTACTTTCGT-1:SCP039	mouse1	Frmd5	Frmd5_2	066 CNU-HYa HY GABA	-1
TACAACCGTGGCCAGAACAAGCGGAT-1:SCP039	mouse7	Nsun2	Nsun2_4	066 CNU-HYa HY GABA	-1
TACATAACACTTCCTCCTCAGCCATC-1:SCP039	mouse3	Magel2	Magel2_1	066 CNU-HYa HY GABA	-1
TACCTCCGTTAACCACCTCAGAGGTA-1:SCP039	mouse7	Zfhx3	Zfhx3_4	215 MB Dopa	-1
TAGCCACTCCCTTACTTGAGCTCATA-1:SCP039	mouse4	Tnrc6b	Tnrc6b_1	066 CNU-HYa HY GABA	-1
TATCGACGTTGTCTGGCTCAACAGTC-1:SCP039	mouse5	Gprc5b	Gprc5b_1	215 MB Dopa	-1
TATCTTAAGGGGAACGTCCGTGCGTA-1:SCP039	mouse2	Non_target	Non_target_8	066 CNU-HYa HY GABA	-1
TCGACAACAAAGCGGAACAGATTGAG-1:SCP039	mouse1	Hoxb8	Hoxb8_2	215 MB Dopa	-1
TCTCCACGTCTCCTTACTGAAGCCTG-1:SCP039	mouse4	Pcdh19	Pcdh19_3	054 CNU-MGE GABA	-1
TGACCAGAGGCGTAATCTTCACAAAC-1:SCP039	mouse5	Tango2	Tango2_4	066 CNU-HYa HY GABA	-1
AAATTGGTCTGTACCATGTTGGTAAG-1:SCP040	mouse6	Il4ra	Il4ra_2	215 MB Dopa	-1
AATCTAACATGTGATGCTGACACACA-1:SCP040	mouse7	Drd5	Drd5_4	039 OB-IMN GABA	-1
ACAGCTGAGGCCATTCGAGGGTTGTG-1:SCP040	mouse7	Pou2f1	Pou2f1_3	039 OB-IMN GABA	-1
ACCGGTTTCGGCGTAAACCACGTTAG-1:SCP040	mouse6	Il10rb	Il10rb_3	066 CNU-HYa HY GABA	-1
ACGGGGAAGAGGGACGACCTGGTTGT-1:SCP040	mouse4	Chrnd	Chrnd_1	215 MB Dopa	-1
ACGTGCAAGCGAACTGCTACTTTCGT-1:SCP040	mouse1	Non_target	Non_target_203	066 CNU-HYa HY GABA	-1
ACTGCATGTGAATCTCTGTTCGGATG-1:SCP040	mouse7	Rxrg	Rxrg_4	054 CNU-MGE GABA	-1
AGACTTGCATATGCAGACACCTGCTG-1:SCP040	mouse6	Ptcd3	Ptcd3_2	215 MB Dopa	-1
AGCAGGCTCTATCGTGCTCCCAACAC-1:SCP040	mouse6	Limk1	Limk1_2	066 CNU-HYa HY GABA	-1
AGTTGTGCACTGAGGTTGTGGAGGTG-1:SCP040	mouse6	Stub1	Stub1_3	066 CNU-HYa HY GABA	-1
ATCCAATTCGCGCATTCATTCCCAAT-1:SCP040	mouse4	Ppt1	Ppt1_2	066 CNU-HYa HY GABA	-1
ATCTCTCTCCAACCTATCGTTCCATA-1:SCP040	mouse7	Non_target	Non_target_319	215 MB Dopa	-1
ATCTCTCTCTAGCTTGGAAGGGCATC-1:SCP040	mouse6	Tnfrsf1b	Tnfrsf1b_2	215 MB Dopa	-1
ATCTGGTGTTTACGGTTCCAGCCAGA-1:SCP040	mouse4	Nr2c2	Nr2c2_2	066 CNU-HYa HY GABA	-1
ATGTAACCAACTTCGTGAGGGTTCAC-1:SCP040	mouse7	Pnkd	Pnkd_4	066 CNU-HYa HY GABA	-1
ATGTAAGTCTCTCACTACACTTGGAG-1:SCP040	mouse1	Tbc1d32	Tbc1d32_2	215 MB Dopa	-1
ATGTCCATCCAGACTCCTCAAATGGC-1:SCP040	mouse7	Tbx1	Tbx1_2	215 MB Dopa	-1
ATGTTCCCACAGCCAGTGATAACCCT-1:SCP040	mouse4	Grin1	Grin1_4	066 CNU-HYa HY GABA	-1
ATGTTGAAGCAACGATCTACTTTCGT-1:SCP040	mouse1	Cckar	Cckar_2	066 CNU-HYa HY GABA	-1
ATTCATGGTAAGCGGTGAAGCTTAAC-1:SCP040	mouse4	Gata6	Gata6_4	066 CNU-HYa HY GABA	-1
ATTCGGACAGTTCGGGCTGACACACA-1:SCP040	mouse7	Tiam1	Tiam1_3	054 CNU-MGE GABA	-1
CAACACCTCTCAGCACACCAAGAACT-1:SCP040	mouse7	Chuk	Chuk_3	054 CNU-MGE GABA	-1
CAATGCTGTCTGGCGTACAGATTGAG-1:SCP040	mouse1	Tbcd	Tbcd_2	039 OB-IMN GABA	-1
CACAATCGTCAATCTAGAGGGTTCAC-1:SCP040	mouse7	Rfx3	Rfx3_4	066 CNU-HYa HY GABA	-1
CACCAATGTGGCCATCCTTCACAAAC-1:SCP040	mouse5	Atp1a1	Atp1a1_4	215 MB Dopa	-1
CACCTCGAGCCAACCTTGGGATCCCA-1:SCP040	mouse7	Cck	Cck_2	066 CNU-HYa HY GABA	-1
CCCTCACTCTCTAACGACAGATTGAG-1:SCP040	mouse1	Cckbr	Cckbr_1	054 CNU-MGE GABA	-1
CCGTCACCATAGTAACTGAGCTCATA-1:SCP040	mouse4	Sacs	Sacs_2	215 MB Dopa	-1
CGGCGCTTCTTAGTACTGTTCGGATG-1:SCP040	mouse7	Ssr4	Ssr4_2	066 CNU-HYa HY GABA	-1
CTCGAATGTTATAGCCCGCACAGTAT-1:SCP040	mouse7	Sorl1	Sorl1_4	215 MB Dopa	-1
CTTAGTAGTGCGGTGAACCCGTACAC-1:SCP040	mouse7	Non_target	Non_target_307	066 CNU-HYa HY GABA	-1
CTTGCTCGTAAGCATGCTTCACAAAC-1:SCP040	mouse5	Cxcr2	Cxcr2_4	066 CNU-HYa HY GABA	-1
GCCATAGAGTATCGGGGATGTATGAG-1:SCP040	mouse6	Srebf1	Srebf1_4	215 MB Dopa	-1
GCCGTTGTCTTGAGTTTGTCTGGCAG-1:SCP040	mouse2	Tubb4b	Tubb4b_1	215 MB Dopa	-1
GCCTGATTCGTTCACATGTGGAGGTG-1:SCP040	mouse6	Kras	Kras_3	066 CNU-HYa HY GABA	-1
GCTCATGGTGTGGACGCTTCACAAAC-1:SCP040	mouse5	Pafah1b1	Pafah1b1_3	215 MB Dopa	-1
GCTGGCCTCGGTAAGTCTCAACAGTC-1:SCP040	mouse5	Baz1b	Baz1b_1	054 CNU-MGE GABA	-1
GCTGGGAGTTGAAGTGACAAGCGGAT-1:SCP040	mouse7	Pde3a	Pde3a_3	215 MB Dopa	-1
GGAATATGTGCGCGAATGTTGGTAAG-1:SCP040	mouse6	Scamp5	Scamp5_4	066 CNU-HYa HY GABA	-1
GGACCTAAGCAGCCTTTCCGTGCGTA-1:SCP040	mouse2	Non_target	Non_target_391	054 CNU-MGE GABA	-1
GGAGACGAGAGGACTTCTCAACAGTC-1:SCP040	mouse5	Baz1b	Baz1b_1	054 CNU-MGE GABA	-1
GGCAAGACATGGTAATTCGTTCCATA-1:SCP040	mouse7	Smarcc2	Smarcc2_2	066 CNU-HYa HY GABA	-1
GTAGGAGCAGACACACGAGGGTTGTG-1:SCP040	mouse7	Gtf2h5	Gtf2h5_1	215 MB Dopa	-1
GTCCACTAGGTTGCGATGTGGAGGTG-1:SCP040	mouse6	Stub1	Stub1_3	066 CNU-HYa HY GABA	-1
GTGAGTAGTAATCCGTACACTTGGAG-1:SCP040	mouse1	Hk1	Hk1_1	215 MB Dopa	-1
GTTATCAGTTACCGTGACCAAGAACT-1:SCP040	mouse7	Non_target	Non_target_394	215 MB Dopa	-1
GTTCCAGGTGTGTCATTCCAGCCAGA-1:SCP040	mouse4	Arl2bp	Arl2bp_1	066 CNU-HYa HY GABA	-1
TAATGTGAGGGATGGGCTCAGCCATC-1:SCP040	mouse3	Eef1a2	Eef1a2_4	066 CNU-HYa HY GABA	-1
TACACTTAGGACTAACCACGAATCCA-1:SCP040	mouse2	Antxr1	Antxr1_2	066 CNU-HYa HY GABA	-1
TACACTTAGTATGTCTCTCAGCCATC-1:SCP040	mouse3	Uqcrb	Uqcrb_1	215 MB Dopa	-1
TACCCCTGTCGCGAGACTGACACACA-1:SCP040	mouse7	Ndufv1	Ndufv1_2	066 CNU-HYa HY GABA	-1
TATAACTGTGTCTGTGGAAGGGCATC-1:SCP040	mouse6	Tnfrsf1b	Tnfrsf1b_2	215 MB Dopa	-1
TCCCAACAGTCTAGGGACGTCAACCA-1:SCP040	mouse4	Phf12	Phf12_4	066 CNU-HYa HY GABA	-1
TGAAATTAGGTACCCTACACCTGCTG-1:SCP040	mouse6	Gpc6	Gpc6_2	054 CNU-MGE GABA	-1
TGCTGATGTGGCATGGCTCAGAGGTA-1:SCP040	mouse7	Ank2	Ank2_1	215 MB Dopa	-1
AAACGACTCTTGAATCGAGATTGGGC-1:SCP066	mouse26	Kif5a	Kif5a_1	066 CNU-HYa HY GABA	-1
AAACTGATCGGATGCACTATCTTGTG-1:SCP066	mouse25	Non_target	Non_target_305	215 MB Dopa	-1
AAAGCAACACCGTTCATGGCGGTATG-1:SCP066	mouse22	Phactr2	Phactr2_1	066 CNU-HYa HY GABA	-1
AAAGCATGTGAGACCGTCGTTCCATA-1:SCP066	mouse11	Gnrhr	Gnrhr_3	215 MB Dopa	-1
AAAGGTCTCGCGCATTCAAGCCCTCA-1:SCP066	mouse20	Mef2d	Mef2d_2	054 CNU-MGE GABA	-1
AAATCACCAGGTAGCTGTACTTACGA-1:SCP066	mouse8	Eng	Eng_3	110 CNU-HYa HY MM Glut	-1
AAATGCATCGCCCGTAGCGAATAGAT-1:SCP066	mouse11	Il1rap	Il1rap_1	066 CNU-HYa HY GABA	-1
AAATGGCTCTCTCACTATCGGTCGGA-1:SCP066	mouse23	Kdm6b	Kdm6b_4	215 MB Dopa	-1
AAATGTAGTTTACGGTACACCTGCTG-1:SCP066	mouse8	Hes7	Hes7_3	054 CNU-MGE GABA	-1
AACCAGCCAGGTAGAGACCCTAGGGT-1:SCP066	mouse18	Grin1	Grin1_1	215 MB Dopa	-1
AACCCCGTCAATTACCGAGGGTTGTG-1:SCP066	mouse10	Pdss2	Pdss2_1	215 MB Dopa	-1
AACCTACGTGACGAACCTCACTTAGT-1:SCP066	mouse7	Irf9	Irf9_1	066 CNU-HYa HY GABA	-1
AACCTTGTCGCTTGACCTCCTTACCA-1:SCP066	mouse14	Non_target	Non_target_366	215 MB Dopa	-1
AACGTCCTCTAGTCATCTGCTGTACA-1:SCP066	mouse16	Cd46	Cd46_2	215 MB Dopa	-1
AACTAAAGTCTATCCCCTTCCCGTAG-1:SCP066	mouse8	P2ry12	P2ry12_3	066 CNU-HYa HY GABA	-1
AACTAAAGTGACCTTGGAAGCTTAAC-1:SCP066	mouse6	Esrrb	Esrrb_2	215 MB Dopa	-1
AACTACCGTGGAAGCTTCGGGCTTGA-1:SCP066	mouse25	Vps13c	Vps13c_3	066 CNU-HYa HY GABA	-1
AACTACCGTGTTCGGCTGAGCTCATA-1:SCP066	mouse4	Pak1	Pak1_3	215 MB Dopa	-1
AACTCTCCATACTTCAAGGTATGTAG-1:SCP066	mouse20	Pdhb	Pdhb_2	066 CNU-HYa HY GABA	-1
AACTGTGCAGGGTCTGTGCTCCTAAT-1:SCP066	mouse6	Nlgn2	Nlgn2_2	066 CNU-HYa HY GABA	-1
AAGCCCCGTCAAGCCCGATGGCTTTC-1:SCP066	mouse4	Non_target	Non_target_345	066 CNU-HYa HY GABA	-1
AAGCGTTAGATCAAGCACTGTCATCA-1:SCP066	mouse12	Foxp2	Foxp2_3	066 CNU-HYa HY GABA	-1
AAGGATTGTTGGACTTGCGAATAGAT-1:SCP066	mouse11	Nr1i2	Nr1i2_3	066 CNU-HYa HY GABA	-1
AAGGCAAAGCGACACATGCTACTTAG-1:SCP066	mouse10	Nfic	Nfic_4	215 MB Dopa	-1
AAGTACCAGCAGGCACACAAAGGAGA-1:SCP066	mouse23	Foxp1	Foxp1_1	215 MB Dopa	-1
AAGTACCAGCAGGCACCTGTTGTAGT-1:SCP066	mouse8	Cdkn2a	Cdkn2a_4	215 MB Dopa	-1
AAGTATCCACTACGGGACGCGTGAAC-1:SCP066	mouse25	Litaf	Litaf_3	215 MB Dopa	-1
AAGTGTTCACGGTAACCACAACTGAG-1:SCP066	mouse23	Uqcrq	Uqcrq_2	066 CNU-HYa HY GABA	-1
AATCGTTTCCCGTTGGATGACGTTCA-1:SCP066	mouse12	Non_target	Non_target_169	066 CNU-HYa HY GABA	-1
AATGGATGTTCGCTTCAGCCCTGCAT-1:SCP066	mouse9	Sdccag8	Sdccag8_3	066 CNU-HYa HY GABA	-1
AATTTCATCGGGAAGGTCGACTAAGA-1:SCP066	mouse9	Ddb2	Ddb2_3	066 CNU-HYa HY GABA	-1
ACAACATCAGCCGATGGCGTTTAAAC-1:SCP066	mouse6	Ash1l	Ash1l_3	066 CNU-HYa HY GABA	-1
ACAATTGAGAATGGAGGTATACTCGT-1:SCP066	mouse23	Rab7	Rab7_3	066 CNU-HYa HY GABA	-1
ACACCGTTCACGGAATGAGCGGATTA-1:SCP066	mouse21	Il12b	Il12b_2	066 CNU-HYa HY GABA	-1
ACAGATTCATACTTCAACAAAGGTCT-1:SCP066	mouse12	Zkscan1	Zkscan1_3	066 CNU-HYa HY GABA	-1
ACAGGACGTACGAATGGATGGCTTTC-1:SCP066	mouse4	P2ry14	P2ry14_1	215 MB Dopa	-1
ACAGTCGAGCATCCGTCGGGTTCAAT-1:SCP066	mouse4	Taar1	Taar1_1	066 CNU-HYa HY GABA	-1
ACCAGCCGTGTCGAGGTGCTGATTGA-1:SCP066	mouse20	Nr1i3	Nr1i3_1	066 CNU-HYa HY GABA	-1
ACCATAGCAATTGGTGAGGCGCCTAT-1:SCP066	mouse25	Kmt2e	Kmt2e_4	215 MB Dopa	-1
ACCATGGAGATGGCGCACCTGGTTGT-1:SCP066	mouse6	Cd79b	Cd79b_1	066 CNU-HYa HY GABA	-1
ACCATTAGTAACCATCACCATTCACT-1:SCP066	mouse21	Nr5a2	Nr5a2_4	066 CNU-HYa HY GABA	-1
ACCCCTGAGACCCATCACGTTTAGTC-1:SCP066	mouse9	Gls	Gls_2	066 CNU-HYa HY GABA	-1
ACCGAAAGTGCGACAGGACTCAGCAG-1:SCP066	mouse21	Kcnc3	Kcnc3_4	066 CNU-HYa HY GABA	-1
ACCGCAAAGGGGTAGGGTAGTTCTAG-1:SCP066	mouse18	Cck	Cck_2	066 CNU-HYa HY GABA	-1
ACCGTGCGTTGCGGAGACGTTTAGTC-1:SCP066	mouse9	Plec	Plec_4	066 CNU-HYa HY GABA	-1
ACGAGGGAGCGGATCAGATGCTGGCA-1:SCP066	mouse15	Arsb	Arsb_3	054 CNU-MGE GABA	-1
ACGAGGGAGTAGAGGAGAGAGGGTCT-1:SCP066	mouse22	Kcnc3	Kcnc3_4	066 CNU-HYa HY GABA	-1
ACGATACAGAGAGCTTGTATACTCGT-1:SCP066	mouse23	Eif4g1	Eif4g1_1	215 MB Dopa	-1
ACGCTATGTAGTCCTGCAGGGTAACT-1:SCP066	mouse14	Irf3	Irf3_3	215 MB Dopa	-1
ACGGACCAGGACGAGGACCCTAAGAC-1:SCP066	mouse9	Comt	Comt_4	039 OB-IMN GABA	-1
ACGTTTCCATGTCGAATGTGGAGGTG-1:SCP066	mouse9	Cdin1	BC052040_3	066 CNU-HYa HY GABA	-1
ACTAAGATCCTGAGAGGTACTTACGA-1:SCP066	mouse8	Gtf2i	Gtf2i_1	215 MB Dopa	-1
ACTCTCAAGACTCCGTGAGAACAAGA-1:SCP066	mouse18	Kcnt2	Kcnt2_4	215 MB Dopa	-1
ACTTATCAGGGGTCTACAACTGCCCA-1:SCP066	mouse11	Trpv4	Trpv4_3	066 CNU-HYa HY GABA	-1
ACTTGGGAGGGATGGGACCATTCACT-1:SCP066	mouse21	Vps13b	Vps13b_1	066 CNU-HYa HY GABA	-1
AGAATCGGTGAACGGTGAGAACAAGA-1:SCP066	mouse18	Zfp961	Zfp961_2	066 CNU-HYa HY GABA	-1
AGACAACTCGGGAAGGTCGTAAGCCA-1:SCP066	mouse23	Meis2	Meis2_3	215 MB Dopa	-1
AGACGCCAGTAGACACCATGGTTCTA-1:SCP066	mouse10	Ap1b1	Ap1b1_1	066 CNU-HYa HY GABA	-1
AGACTGCCAGCTGATAGAAACGGTGA-1:SCP066	mouse24	Cadps2	Cadps2_4	066 CNU-HYa HY GABA	-1
AGACTTAAGCCTGCCAGAACGGAACA-1:SCP066	mouse26	Adora2a	Adora2a_1	215 MB Dopa	-1
AGACTTCGTCATGAGAACGAGGTGGA-1:SCP066	mouse11	Dap3	Dap3_2	215 MB Dopa	-1
AGACTTCGTGGGATTAGAAACGGTGA-1:SCP066	mouse24	Tmem63c	Tmem63c_1	066 CNU-HYa HY GABA	-1
AGACTTGCATGAGGAGCTGTTGTAGT-1:SCP066	mouse8	Cckbr	Cckbr_3	215 MB Dopa	-1
AGAGGGTAGGTCCACTGAGAACAAGA-1:SCP066	mouse18	Kctd1	Kctd1_3	066 CNU-HYa HY GABA	-1
AGAGTTATCGCCAGTTCAAGAGGGCT-1:SCP066	mouse19	Tgfbr2	Tgfbr2_4	215 MB Dopa	-1
AGAGTTATCTGAGTCCCACGCCATTC-1:SCP066	mouse23	Brsk2	Brsk2_2	215 MB Dopa	-1
AGCCTCTAGGACGTTGCTTCGTTATC-1:SCP066	mouse8	Tlr3	Tlr3_4	215 MB Dopa	-1
AGCGCCCTCAACTATCCTCACTTAGT-1:SCP066	mouse7	Gigyf2	Gigyf2_1	215 MB Dopa	-1
AGCGCCTGTCGACCGTATACTGGGCA-1:SCP066	mouse23	Vapb	Vapb_3	215 MB Dopa	-1
AGCGTTACAAAGTTACCTCACTTAGT-1:SCP066	mouse7	Nefh	Nefh_1	215 MB Dopa	-1
AGCTGTGAGGACACCAAGCTGGCTAC-1:SCP066	mouse14	Scn2a	Scn2a_4	054 CNU-MGE GABA	-1
AGGAAACCATGCCCTATCGACTTCAC-1:SCP066	mouse8	Non_target	Non_target_347	066 CNU-HYa HY GABA	-1
AGGAGTCGTCAGTCGCCTCCCAACAC-1:SCP066	mouse7	Prnp	Prnp_1	215 MB Dopa	-1
AGGCACGGTACAGCCCACCTACCAAC-1:SCP066	mouse22	Axl	Axl_1	066 CNU-HYa HY GABA	-1
AGGCAGGAGGGCATCATGTTTCTGGT-1:SCP066	mouse8	Nr6a1	Nr6a1_4	215 MB Dopa	-1
AGGCGAGAGACCCAAGCAAACAGTGT-1:SCP066	mouse14	Prokr2	Prokr2_2	054 CNU-MGE GABA	-1
AGGTAGGCATCATAGGACGTCAACCA-1:SCP066	mouse6	Hsf4	Hsf4_4	066 CNU-HYa HY GABA	-1
AGTATCCGTAGTATCCTGAGCTCATA-1:SCP066	mouse4	Nrxn3	Nrxn3_1	066 CNU-HYa HY GABA	-1
AGTCCAACATCCTTCCTCGGGCAACA-1:SCP066	mouse22	Foxg1	Foxg1_3	215 MB Dopa	-1
AGTCCCAGTGGCGTCTTGATCCGCCA-1:SCP066	mouse20	Icos	Icos_3	066 CNU-HYa HY GABA	-1
AGTCGCGCAGAACTATAGGTTCTCCA-1:SCP066	mouse22	Kcnn3	Kcnn3_3	066 CNU-HYa HY GABA	-1
AGTGACGTCGCCTGCACACCGTTGGT-1:SCP066	mouse18	Pax5	Pax5_4	215 MB Dopa	-1
AGTTAAGTCGCCCTGAACTAAACGCT-1:SCP066	mouse24	Grid1	Grid1_1	066 CNU-HYa HY GABA	-1
ATAACCAAGTAGAGGAGCTATCGATA-1:SCP066	mouse7	Ctnnb1	Ctnnb1_1	066 CNU-HYa HY GABA	-1
ATAAGCCAGGGACATTACCTGGTTGT-1:SCP066	mouse6	Cdkn2a	Cdkn2a_4	066 CNU-HYa HY GABA	-1
ATACAGCAGGAGTGAATCGGTATTGT-1:SCP066	mouse23	Trrap	Trrap_3	066 CNU-HYa HY GABA	-1
ATACCCCAGACGATACTGTGTCCGCA-1:SCP066	mouse18	Bckdk	Bckdk_2	054 CNU-MGE GABA	-1
ATACCCTCAACAGAGGACGGGAATGA-1:SCP066	mouse15	Ndufb3	Ndufb3_3	066 CNU-HYa HY GABA	-1
ATATCTATCGTACCCGCTCCACGCAT-1:SCP066	mouse22	Phox2a	Phox2a_2	066 CNU-HYa HY GABA	-1
ATATTACGTTTAATCGCACCGTTGGT-1:SCP066	mouse18	Marchf6	Marchf6_2	215 MB Dopa	-1
ATATTCGGTGCGCATCCTAAATCAGC-1:SCP066	mouse11	Spred1	Spred1_3	066 CNU-HYa HY GABA	-1
ATATTGGAGGTGTGGCTCCGCGGATA-1:SCP066	mouse23	Tspan12	Tspan12_4	066 CNU-HYa HY GABA	-1
ATCCGACTCCGTCGCACATTTGATCG-1:SCP066	mouse25	Lrig2	Lrig2_4	066 CNU-HYa HY GABA	-1
ATCCTAAGTGAGTAATACACTTGGAG-1:SCP066	mouse2	Sox9	Sox9_2	066 CNU-HYa HY GABA	-1
ATCTCTCTCGAATCAATGTCTGGCAG-1:SCP066	mouse3	Rptor	Rptor_3	066 CNU-HYa HY GABA	-1
ATGAAGCTCATCGTTGTGATAACCCT-1:SCP066	mouse5	Kcnq1	Kcnq1_4	066 CNU-HYa HY GABA	-1
ATGCGCAAGGCGTGGTCGAACTACGA-1:SCP066	mouse23	Trp73	Trp73_3	066 CNU-HYa HY GABA	-1
ATGCTAAAGTCAACTTGTCGTAAACA-1:SCP066	mouse11	Pax7	Pax7_2	066 CNU-HYa HY GABA	-1
ATGCTGACATGTCTGTACTGAGAGAG-1:SCP066	mouse17	Ywhag	Ywhag_1	066 CNU-HYa HY GABA	-1
ATGGATATCCCGCTGAGAGCTAAATG-1:SCP066	mouse8	Slf2	Slf2_3	066 CNU-HYa HY GABA	-1
ATGGTCACAGCGCACAGAGACCTTGT-1:SCP066	mouse17	Hbs1l	Hbs1l_4	215 MB Dopa	-1
ATGTAAAGTAACCATCCTACAAGAAC-1:SCP066	mouse18	Bpnt2	Bpnt2_2	215 MB Dopa	-1
ATGTGCGAGCGCAAGCGCGTTTAAAC-1:SCP066	mouse6	Atl1	Atl1_4	066 CNU-HYa HY GABA	-1
ATGTTCCCACCGTTCAATACTGGGCA-1:SCP066	mouse23	Arl3	Arl3_2	066 CNU-HYa HY GABA	-1
ATTAAGCCATGCTCGCGATGTATGAG-1:SCP066	mouse8	Pax6	Pax6_1	215 MB Dopa	-1
ATTACAACAAGACCGTGAGCGGATTA-1:SCP066	mouse21	Slc4a7	Slc4a7_3	066 CNU-HYa HY GABA	-1
ATTACCAGTCCATCCTCACGCCATTC-1:SCP066	mouse23	Abhd12	Abhd12_4	215 MB Dopa	-1
ATTCCCCGTAACTGAGACGGTACGAC-1:SCP066	mouse11	Nrg2	Nrg2_2	215 MB Dopa	-1
ATTCGCCAGAGGGACGGAGTCTCCAT-1:SCP066	mouse21	Sox11	Sox11_1	066 CNU-HYa HY GABA	-1
ATTCGTAGTTGCCTAGACGGATATCA-1:SCP066	mouse12	Adgra1	Adgra1_3	215 MB Dopa	-1
ATTGCATTCACCACGTGAGTCGGTAG-1:SCP066	mouse23	Yeats2	Yeats2_1	215 MB Dopa	-1
ATTGCGGAGGGTGATTGTAGCTTGAT-1:SCP066	mouse18	Kat6b	Kat6b_2	066 CNU-HYa HY GABA	-1
ATTGCTTAGCGGGTTAACCCAGCAAG-1:SCP066	mouse16	Uchl1	Uchl1_1	066 CNU-HYa HY GABA	-1
ATTGGGGTCCTTCACTACGATTTCCA-1:SCP066	mouse26	Xpo7	Xpo7_3	066 CNU-HYa HY GABA	-1
ATTGTCAGTGATGTCTCTCCTCTTGA-1:SCP066	mouse17	Non_target	Non_target_150	066 CNU-HYa HY GABA	-1
ATTGTCTAGCAAGGTTCTACTTTCGT-1:SCP066	mouse1	Kcnq5	Kcnq5_2	054 CNU-MGE GABA	-1
CAAATCCGTTAGGGTATCGACTTCAC-1:SCP066	mouse8	Dnajc19	Dnajc19_4	215 MB Dopa	-1
CAAATCTTCTCCTTCGACAACGGGCA-1:SCP066	mouse7	Phf21a	Phf21a_2	066 CNU-HYa HY GABA	-1
CAACGGTCAACCTCATCTGAAGCCTG-1:SCP066	mouse4	Six1	Six1_1	066 CNU-HYa HY GABA	-1
CAACGTACACCTCTAGCTGTTGTAGT-1:SCP066	mouse8	Tenm3	Tenm3_4	066 CNU-HYa HY GABA	-1
CAACTATTCGCACCATAGCAACATAC-1:SCP066	mouse22	Thrb	Thrb_2	066 CNU-HYa HY GABA	-1
CAACTCATCCGGCTTGTCGTCCACGT-1:SCP066	mouse17	Zfhx3	Zfhx3_4	215 MB Dopa	-1
CAATAGTCAAGTGACCCTATTCGAAG-1:SCP066	mouse9	Top2b	Top2b_4	215 MB Dopa	-1
CAATCAAAGGCCATTCCTCACTTAGT-1:SCP066	mouse7	Gigyf2	Gigyf2_3	066 CNU-HYa HY GABA	-1
CACACTTCATAAGGTTGATGGCTTTC-1:SCP066	mouse4	Fnip1	Fnip1_1	215 MB Dopa	-1
CACCAGGCAGAACCCGAGCCCTGCAT-1:SCP066	mouse9	Hmgcr	Hmgcr_4	066 CNU-HYa HY GABA	-1
CACGAATAGGCGTAATAGTATGGCTG-1:SCP066	mouse13	Gpr158	Gpr158_3	066 CNU-HYa HY GABA	-1
CACGCTTAGCGACACAGAGCTAAATG-1:SCP066	mouse8	Snca	Snca_3	066 CNU-HYa HY GABA	-1
CACGGAGGTGAGACCGCTTGGATGGC-1:SCP066	mouse12	Flvcr1	Flvcr1_3	066 CNU-HYa HY GABA	-1
CACTAATTCACTTGCACGCACAGTAT-1:SCP066	mouse11	Adrb1	Adrb1_2	215 MB Dopa	-1
CACTACCAGGTAGGCCGAGTGCCTGT-1:SCP066	mouse26	Kmt2c	Kmt2c_2	215 MB Dopa	-1
CACTTGATCCAACCTAGAATCCGCTC-1:SCP066	mouse21	Mest	Mest_4	066 CNU-HYa HY GABA	-1
CAGCGAATCCACCTGGACAAAGGTCT-1:SCP066	mouse12	Non_target	Non_target_281	066 CNU-HYa HY GABA	-1
CAGCGAATCCGCCACAGCACGCGTTA-1:SCP066	mouse4	Foxp2	Foxp2_2	066 CNU-HYa HY GABA	-1
CAGCGCGAGAGGCCACGTAGTTCTAG-1:SCP066	mouse18	Apc	Apc_1	215 MB Dopa	-1
CAGGGACTCTGTATGTCAGCGAATGA-1:SCP066	mouse21	Prepl	Prepl_4	066 CNU-HYa HY GABA	-1
CAGTAACAGGAGCATTGAGACCTTGT-1:SCP066	mouse17	Zfp664	Zfp664_4	215 MB Dopa	-1
CATAGTTTCCACGCATCAAAGCATCA-1:SCP066	mouse4	Nr2f1	Nr2f1_4	066 CNU-HYa HY GABA	-1
CATCCCACATACTCCGCTCAACAGTC-1:SCP066	mouse7	Pbx1	Pbx1_2	215 MB Dopa	-1
CATCCGCCACGGCTCTCAACTCAAAC-1:SCP066	mouse9	Ptprf	Ptprf_2	066 CNU-HYa HY GABA	-1
CATCCTGCATTAACGGGATGCCTACT-1:SCP066	mouse15	F2	F2_3	054 CNU-MGE GABA	-1
CATCGTTCATGGCTGGGCACGCGTTA-1:SCP066	mouse4	Zfat	Zfat_3	215 MB Dopa	-1
CATGGCCGTTATCTAGCATGAATGCT-1:SCP066	mouse8	Adarb1	Adarb1_1	066 CNU-HYa HY GABA	-1
CATTAACTCTGCCACGAGGATTGAAC-1:SCP066	mouse9	Zbtb21	Zbtb21_3	066 CNU-HYa HY GABA	-1
CATTTCCTCACGCTTAGAGGGTTGTG-1:SCP066	mouse10	Tenm4	Tenm4_3	066 CNU-HYa HY GABA	-1
CCAAAGTAGCAACGATTGATGAGCTC-1:SCP066	mouse14	Zfp397	Zfp397_2	066 CNU-HYa HY GABA	-1
CCAACCAGTCCACGGTCAGCGAATGA-1:SCP066	mouse21	Pibf1	Pibf1_1	066 CNU-HYa HY GABA	-1
CCAACCGTCGAGTGATCTATAGGGTA-1:SCP066	mouse23	Uqcc2	Uqcc2_3	215 MB Dopa	-1
CCAGCTCCAGTGTGACGTGCCCGATA-1:SCP066	mouse4	Atp8a2	Atp8a2_1	054 CNU-MGE GABA	-1
CCAGGGAGTAGGTCAACACGAAGTTA-1:SCP066	mouse13	Sema5a	Sema5a_2	066 CNU-HYa HY GABA	-1
CCAGTATGTGAATCTCCTTAGGGCCT-1:SCP066	mouse11	Nsmf	Nsmf_3	066 CNU-HYa HY GABA	-1
CCATCAATCCTGAGAGCACGAAGTTA-1:SCP066	mouse13	Fus	Fus_4	066 CNU-HYa HY GABA	-1
CCCAGTTAGTGTGATAGAGGAGAACT-1:SCP066	mouse3	Hmgcr	Hmgcr_2	066 CNU-HYa HY GABA	-1
CCCATCACAAGATGGGACTAGCTGCA-1:SCP066	mouse10	Non_target	Non_target_196	215 MB Dopa	-1
CCCATTAAGCTCGAAGCTATAGGGTA-1:SCP066	mouse23	Grid1	Grid1_4	215 MB Dopa	-1
CCCTGTTGTCTTGGGCTGTGGAGGTG-1:SCP066	mouse9	Unc5c	Unc5c_4	066 CNU-HYa HY GABA	-1
CCCTTCTCATTGCCCACAAACTCTCT-1:SCP066	mouse21	Ndufv1	Ndufv1_1	066 CNU-HYa HY GABA	-1
CCGAATGAGTCGCTCGATCGGTCGGA-1:SCP066	mouse23	Ndufa10	Ndufa10_4	215 MB Dopa	-1
CCGATTTCAACTGCCCTGTTTCTGGT-1:SCP066	mouse8	U2af2	U2af2_2	066 CNU-HYa HY GABA	-1
CCGCACTCATCAGGGTCTACTCATCA-1:SCP066	mouse25	Nfic	Nfic_2	215 MB Dopa	-1
CCGCAGCTCCGTAGCTGAACGAAGGA-1:SCP066	mouse24	Magel2	Magel2_1	066 CNU-HYa HY GABA	-1
CCGCATCCACTCGTCACTCACGGACA-1:SCP066	mouse11	Trappc9	Trappc9_1	066 CNU-HYa HY GABA	-1
CCGTGGCTCTGTATGTCACGCCATTC-1:SCP066	mouse23	Vps41	Vps41_4	066 CNU-HYa HY GABA	-1
CCGTGTCCACTGATGAATGACGTTCA-1:SCP066	mouse12	Zfp804a	Zfp804a_4	066 CNU-HYa HY GABA	-1
CCTAAGACACGTGAACAGCCCGAACT-1:SCP066	mouse9	Becn1	Becn1_3	066 CNU-HYa HY GABA	-1
CCTAGAACAGCAACCGTGATCATGCA-1:SCP066	mouse14	Nrg2	Nrg2_4	066 CNU-HYa HY GABA	-1
CCTGCACCAGTACCAAACACCTGCTG-1:SCP066	mouse8	Slc7a14	Slc7a14_4	066 CNU-HYa HY GABA	-1
CCTGTTGCACAACTAGAGCAATCTGC-1:SCP066	mouse24	Gabbr1	Gabbr1_1	215 MB Dopa	-1
CCTGTTGCAGGTAGCTCTAACGCGTC-1:SCP066	mouse11	Rusc2	Rusc2_4	066 CNU-HYa HY GABA	-1
CCTTCAGCATTCCGTGCAACTCAAAC-1:SCP066	mouse9	Nefm	Nefm_4	215 MB Dopa	-1
CCTTGCACAAATCTGGACAAACAACG-1:SCP066	mouse19	Rusc2	Rusc2_2	066 CNU-HYa HY GABA	-1
CCTTGCCTCGTCCATAACGATGAATC-1:SCP066	mouse25	Cnnm2	Cnnm2_2	215 MB Dopa	-1
CGAACGGGTACGTAAGTGATCCGCCA-1:SCP066	mouse20	Hnrnpdl	Hnrnpdl_4	066 CNU-HYa HY GABA	-1
CGACACAAGTAGACACTGCCCTTACT-1:SCP066	mouse18	Actn4	Actn4_3	215 MB Dopa	-1
CGACCGACAGTGTGACACACAGTACT-1:SCP066	mouse20	Vps54	Vps54_3	215 MB Dopa	-1
CGACGGAGTTCCCAGAACCGCCATAC-1:SCP066	mouse20	Non_target	Non_target_220	066 CNU-HYa HY GABA	-1
CGATGGATCTGGACCTGCGTTTCCTG-1:SCP066	mouse10	Ebf2	Ebf2_4	066 CNU-HYa HY GABA	-1
CGCGTTCCAATGTAACGTAGTTCTAG-1:SCP066	mouse18	Map6	Map6_2	215 MB Dopa	-1
CGCTTGTAGACATTAGCTGCAATAAG-1:SCP066	mouse15	Nrp1	Nrp1_2	066 CNU-HYa HY GABA	-1
CGGAATGTCGCCCGTACTCAACAGTC-1:SCP066	mouse7	Kcnj6	Kcnj6_3	215 MB Dopa	-1
CGGACTCGTAGACCAAACAGGGCTTA-1:SCP066	mouse17	Pax7	Pax7_2	066 CNU-HYa HY GABA	-1
CGGACTCGTCGTTAGTACCGTTATGT-1:SCP066	mouse26	Maf	Maf_2	066 CNU-HYa HY GABA	-1
CGGCAAGGTCTTGACGCATGACCAGA-1:SCP066	mouse16	Lmx1b	Lmx1b_1	054 CNU-MGE GABA	-1
CGGGAATGTCTTGCTCCTTGCTTCCT-1:SCP066	mouse25	Kdm5b	Kdm5b_3	066 CNU-HYa HY GABA	-1
CGGGGATTCGATGGATCGGTACCTTG-1:SCP066	mouse13	Atp13a3	Atp13a3_3	066 CNU-HYa HY GABA	-1
CGGTCATTCTCTATGGAGCAAGGTAT-1:SCP066	mouse13	H2-Eb1	H2-Eb1_4	066 CNU-HYa HY GABA	-1
CGGTGCTGTTGCGGAGACCGTTATGT-1:SCP066	mouse26	Rorb	Rorb_4	215 MB Dopa	-1
CGGTTAACATCAGTCTACAATCGACT-1:SCP066	mouse18	Stag1	Stag1_4	066 CNU-HYa HY GABA	-1
CGTCTCACAATATAGCCTCCGTACTG-1:SCP066	mouse18	Non_target	Non_target_370	215 MB Dopa	-1
CGTGGACAGATTAGGCCTTCACGTTC-1:SCP066	mouse10	Slc25a12	Slc25a12_2	066 CNU-HYa HY GABA	-1
CGTTCAATCGAAGTTACACTTCCTAC-1:SCP066	mouse23	Tlr5	Tlr5_1	054 CNU-MGE GABA	-1
CTACAGCTCCGGCTCAGAAGGTCCCA-1:SCP066	mouse13	C3	C3_1	066 CNU-HYa HY GABA	-1
CTACCAATCCCAACCGTCGTAAGCCA-1:SCP066	mouse23	Abcd3	Abcd3_3	066 CNU-HYa HY GABA	-1
CTACCTGCAAATGAGACAGCTACCCT-1:SCP066	mouse13	Slc25a36	Slc25a36_4	066 CNU-HYa HY GABA	-1
CTACTACCATGTGCAACTCGCTGAGA-1:SCP066	mouse23	Pax3	Pax3_2	066 CNU-HYa HY GABA	-1
CTCAGGGCAAGCGCCATCAATGGAAG-1:SCP066	mouse24	Zfp423	Zfp423_4	054 CNU-MGE GABA	-1
CTCCCTCAGTGCTACCCTCTCCCAGA-1:SCP066	mouse15	Tfap4	Tfap4_1	215 MB Dopa	-1
CTCCGTTGTGCCTAATACTACTCGAG-1:SCP066	mouse14	Agps	Agps_2	066 CNU-HYa HY GABA	-1
CTCCTTCCACCGGACACTCTCCCAGA-1:SCP066	mouse15	Dcaf17	Dcaf17_3	066 CNU-HYa HY GABA	-1
CTCCTTCCACGGCTCTCTCCTTACCA-1:SCP066	mouse14	Cxcr4	Cxcr4_4	066 CNU-HYa HY GABA	-1
CTGCCTTGTGGGTAACCAAAGGCAAG-1:SCP066	mouse18	Tbx4	Tbx4_2	215 MB Dopa	-1
CTGCGATTCGGTTAGGATCCAATCTC-1:SCP066	mouse21	Hecw2	Hecw2_3	066 CNU-HYa HY GABA	-1
CTGCGCTCAGGACGAAATAGCCAACT-1:SCP066	mouse16	Snx10	Snx10_2	215 MB Dopa	-1
CTTAATGGTAAGTAACGTAGCTTGAT-1:SCP066	mouse18	H2ac8	H2ac8_3	066 CNU-HYa HY GABA	-1
CTTACAAGTTACGGAAGAAGGGCATC-1:SCP066	mouse8	Non_target	Non_target_264	066 CNU-HYa HY GABA	-1
CTTCGTTTCCTCCTATAGCAACATAC-1:SCP066	mouse22	Non_target	Non_target_306	054 CNU-MGE GABA	-1
CTTGCTCGTGCACTCACTTCCCGTAG-1:SCP066	mouse8	Gria1	Gria1_4	215 MB Dopa	-1
CTTGTACCAACGGCCACTCAACAGTC-1:SCP066	mouse7	Bptf	Bptf_2	215 MB Dopa	-1
CTTGTGATCCCGTAGTCATTTACCTG-1:SCP066	mouse8	Cox5a	Cox5a_4	066 CNU-HYa HY GABA	-1
GCAAGGGAGGCACTTCGAGTTATGGA-1:SCP066	mouse25	Gcgr	Gcgr_3	066 CNU-HYa HY GABA	-1
GCAATACAGGGGCTTAACGACTAACT-1:SCP066	mouse19	Nfat5	Nfat5_4	215 MB Dopa	-1
GCACCTCCAGAGCTTACATGACCAGA-1:SCP066	mouse16	Epor	Epor_3	066 CNU-HYa HY GABA	-1
GCATCACTCACCACGTACGACTTCGT-1:SCP066	mouse10	Sclt1	Sclt1_4	066 CNU-HYa HY GABA	-1
GCATTTCCAAATCTGGACACAGTACT-1:SCP066	mouse20	Ntrk1	Ntrk1_2	066 CNU-HYa HY GABA	-1
GCCCTAAGTACAGGGTTGCCTATAGT-1:SCP066	mouse11	Smarcc2	Smarcc2_1	066 CNU-HYa HY GABA	-1
GCCCTGTCATTGGTTCGAGGAGAACT-1:SCP066	mouse3	Itga6	Itga6_3	066 CNU-HYa HY GABA	-1
GCGATAAGTATACGTCGACGTCGATC-1:SCP066	mouse21	Flt4	Flt4_4	066 CNU-HYa HY GABA	-1
GCGGTAATCGAGGCGTCAGCTACCCT-1:SCP066	mouse13	Non_target	Non_target_352	054 CNU-MGE GABA	-1
GCGGTCGAGTCATCCAACCCTATATC-1:SCP066	mouse21	Nhs	Nhs_3	066 CNU-HYa HY GABA	-1
GCGTGCCTCAAGCTCCACAACGGGCA-1:SCP066	mouse7	Pcdh19	Pcdh19_3	066 CNU-HYa HY GABA	-1
GCGTGCGAGGTCGTCTGATATCTGGA-1:SCP066	mouse9	Tbc1d32	Tbc1d32_2	066 CNU-HYa HY GABA	-1
GCTACTGGTTGTCTAACAGGGTAACT-1:SCP066	mouse14	Phox2a	Phox2a_3	066 CNU-HYa HY GABA	-1
GCTCCTCTCTCTCGCCGTAGCTTGAT-1:SCP066	mouse18	Ngfr	Ngfr_1	066 CNU-HYa HY GABA	-1
GCTCGTCCAGTGAATTCTTTAGCTCT-1:SCP066	mouse26	Slc7a14	Slc7a14_4	066 CNU-HYa HY GABA	-1
GCTCGTTAGCCGGATAAGCAACATAC-1:SCP066	mouse22	Map3k7	Map3k7_3	215 MB Dopa	-1
GCTCGTTAGGGCAGGAAGGTCGGTCT-1:SCP066	mouse18	Dnajc5	Dnajc5_1	066 CNU-HYa HY GABA	-1
GCTCTAATCTATACCGACACTTGGAG-1:SCP066	mouse2	Dpyd	Dpyd_2	066 CNU-HYa HY GABA	-1
GCTCTCTGTCTTAATGGAGACCTTGT-1:SCP066	mouse17	Ndufb7	Ndufb7_2	066 CNU-HYa HY GABA	-1
GCTTAGGAGTGCAGATGAAGCTTAAC-1:SCP066	mouse6	Mchr1	Mchr1_1	215 MB Dopa	-1
GCTTTCGCAATGGACCACAAGCGGAT-1:SCP066	mouse9	Zbtb42	Zbtb42_2	215 MB Dopa	-1
GGACGATGTGGCGTGACAAACTCTCT-1:SCP066	mouse21	Smpd3	Smpd3_4	066 CNU-HYa HY GABA	-1
GGACTACCAGCGCTTCACCTGGTTGT-1:SCP066	mouse6	Atxn7	Atxn7_3	066 CNU-HYa HY GABA	-1
GGACTACCAGGCATTAATAAGCCCGC-1:SCP066	mouse16	Fosl2	Fosl2_1	215 MB Dopa	-1
GGAGACTGTGGTGTGGACAGGGCTTA-1:SCP066	mouse17	Chrna6	Chrna6_1	215 MB Dopa	-1
GGAGGTTGTGTTGACTCTACTTTCGT-1:SCP066	mouse1	Tpr	Tpr_4	066 CNU-HYa HY GABA	-1
GGATGGCTCTGGAAGTAGCTGGCTAC-1:SCP066	mouse14	Zmym2	Zmym2_2	066 CNU-HYa HY GABA	-1
GGATTCTGTACAGCCCGAGGAGAACT-1:SCP066	mouse3	Itga9	Itga9_1	066 CNU-HYa HY GABA	-1
GGCAAGACACAGTTAGTGTGGAGGTG-1:SCP066	mouse9	Musk	Musk_4	066 CNU-HYa HY GABA	-1
GGCAAGACATACCGGGACCAAGAACT-1:SCP066	mouse11	Auh	Auh_4	054 CNU-MGE GABA	-1
GGCACGTAGTACCTGCCTACTGGTAG-1:SCP066	mouse26	Zeb1	Zeb1_2	215 MB Dopa	-1
GGCATCAAGTAACCAACATTCCCAAT-1:SCP066	mouse6	Tbx6	Tbx6_1	215 MB Dopa	-1
GGCATCTTCACGAAGTGTGGGAGACT-1:SCP066	mouse9	Purg	Purg_2	110 CNU-HYa HY MM Glut	-1
GGCATCTTCCACCAACACGTACGGGA-1:SCP066	mouse1	Non_target	Non_target_351	066 CNU-HYa HY GABA	-1
GGCCCTGGTTAGGGTAGTACGTCCCT-1:SCP066	mouse22	Pfkm	Pfkm_2	066 CNU-HYa HY GABA	-1
GGCCTACGTATAGACGGAATCCTAAG-1:SCP066	mouse19	Pomp	Pomp_1	066 CNU-HYa HY GABA	-1
GGCTGGTAGGAATGAGAGCTGGCTAC-1:SCP066	mouse14	Ttc19	Ttc19_3	215 MB Dopa	-1
GGCTTCAGTTGGTTACGCTATCGATA-1:SCP066	mouse7	Tbce	Tbce_2	039 OB-IMN GABA	-1
GGGAACACAAATGCGCCAAGTAAGTG-1:SCP066	mouse13	Rxrb	Rxrb_3	066 CNU-HYa HY GABA	-1
GGGACGAAGTGAGAGAACCCGTACAC-1:SCP066	mouse11	Lrp4	Lrp4_3	215 MB Dopa	-1
GGGAGCAAGCTTGGTCGTACTTACGA-1:SCP066	mouse8	Ppargc1a	Ppargc1a_3	215 MB Dopa	-1
GGGATCCAGCAATGACTGCTCCACCT-1:SCP066	mouse17	Frmpd4	Frmpd4_1	215 MB Dopa	-1
GGGATCCAGCCTGCCATGTCATTCGT-1:SCP066	mouse23	Cacnb2	Cacnb2_4	215 MB Dopa	-1
GGGCCCTTCATAGAGCCTCAACAGTC-1:SCP066	mouse7	Kif1a	Kif1a_1	066 CNU-HYa HY GABA	-1
GGGCTATCATGTGATGGACGACATGT-1:SCP066	mouse21	Pax7	Pax7_1	066 CNU-HYa HY GABA	-1
GGGGCAAAGCTATCCAATGACGTTCA-1:SCP066	mouse12	Pah	Pah_4	066 CNU-HYa HY GABA	-1
GGGGTCTAGGAGACCCTGTTTCTGGT-1:SCP066	mouse8	Non_target	Non_target_376	054 CNU-MGE GABA	-1
GGTATGAGTAGGTAGCGAGGGTGAAG-1:SCP066	mouse15	Sod2	Sod2_1	215 MB Dopa	-1
GGTTAAATCTCTCGCCCTACTTTCGT-1:SCP066	mouse1	Gphn	Gphn_1	066 CNU-HYa HY GABA	-1
GGTTCCCCATCATAGGCTGCATGATC-1:SCP066	mouse11	Slc2a1	Slc2a1_3	215 MB Dopa	-1
GGTTGGGGTCCACATGGTAGTTCTAG-1:SCP066	mouse18	Sos2	Sos2_3	066 CNU-HYa HY GABA	-1
GGTTTACGTTGTGCGCTGATCCGCCA-1:SCP066	mouse20	Shoc2	Shoc2_2	066 CNU-HYa HY GABA	-1
GGTTTGGAGATTGGTACTCCGTACTG-1:SCP066	mouse18	Hic1	Hic1_4	110 CNU-HYa HY MM Glut	-1
GTAAACGGTGAACCAATGTTTCTGGT-1:SCP066	mouse8	Ttc8	Ttc8_4	066 CNU-HYa HY GABA	-1
GTAACTGCAACGTGCGCTATTCGAAG-1:SCP066	mouse9	Plxna1	Plxna1_1	215 MB Dopa	-1
GTACAATCATTGGACAAGGGACACAC-1:SCP066	mouse13	Myo6	Myo6_3	066 CNU-HYa HY GABA	-1
GTAGGTAGTGAATGTGCTCAAATGGC-1:SCP066	mouse11	Tenm3	Tenm3_2	066 CNU-HYa HY GABA	-1
GTAGGTAGTTCTGGCATGGCAATACA-1:SCP066	mouse22	Non_target	Non_target_29	215 MB Dopa	-1
GTATTGAAGTAGAGGAGAGGTAACGA-1:SCP066	mouse20	Add3	Add3_2	066 CNU-HYa HY GABA	-1
GTCATCGGTAGTGGCGGTAGTTCTAG-1:SCP066	mouse18	Tas2r118	Tas2r118_4	066 CNU-HYa HY GABA	-1
GTCCCTCTCTGATAGAACGTCAACCA-1:SCP066	mouse6	Foxp3	Foxp3_3	066 CNU-HYa HY GABA	-1
GTCGACTTCTGGACCTCACAACTGAG-1:SCP066	mouse23	Igsf8	Igsf8_4	066 CNU-HYa HY GABA	-1
GTCGGGGTCCCAACCGGTGAAACGTC-1:SCP066	mouse13	Tuba4a	Tuba4a_2	066 CNU-HYa HY GABA	-1
GTCGTAACACAGTATGGTATGGAAAC-1:SCP066	mouse22	Kdm4b	Kdm4b_4	066 CNU-HYa HY GABA	-1
GTCGTAACAGGCAACTCATGGTTCTA-1:SCP066	mouse10	Non_target	Non_target_133	066 CNU-HYa HY GABA	-1
GTCTCCTGTGTGTCGCTCGGGCTTGA-1:SCP066	mouse25	Nrg3	Nrg3_1	066 CNU-HYa HY GABA	-1
GTCTTGATCTAACTGTGATGGCTTTC-1:SCP066	mouse4	Dcaf8	Dcaf8_1	066 CNU-HYa HY GABA	-1
GTGAGGACAGCGCACAAGGGACACAC-1:SCP066	mouse13	Chrne	Chrne_4	066 CNU-HYa HY GABA	-1
GTGAGGACAGTTGGTACTGAAGCCTG-1:SCP066	mouse4	Ndufs8	Ndufs8_2	066 CNU-HYa HY GABA	-1
GTGCTTCAGAAGCGTTTGAGCTCATA-1:SCP066	mouse4	Ift81	Ift81_1	215 MB Dopa	-1
GTGGGTCAGACCCAAGACGACTTCGT-1:SCP066	mouse10	Zbtb42	Zbtb42_1	066 CNU-HYa HY GABA	-1
GTGGTGATCACCGCATCTTCACAAAC-1:SCP066	mouse7	Zfp949	Zfp949_1	215 MB Dopa	-1
GTGTGACCAACAGAGGCTGGTCCACA-1:SCP066	mouse26	Kcnc2	Kcnc2_3	215 MB Dopa	-1
GTTACCATCCTACTGAACGACTTCGT-1:SCP066	mouse10	Caskin1	Caskin1_2	215 MB Dopa	-1
GTTATCCCATCCCAATCTGAAGCCTG-1:SCP066	mouse4	Pitx2	Pitx2_4	066 CNU-HYa HY GABA	-1
GTTGACACATCCCGACAGCAATCTGC-1:SCP066	mouse24	Jund	Jund_4	066 CNU-HYa HY GABA	-1
GTTGCGAAGAGTCATAGTGCAATGAC-1:SCP066	mouse13	Foxe3	Foxe3_3	066 CNU-HYa HY GABA	-1
GTTGGGCAGGAGCATTCTATAGGGTA-1:SCP066	mouse23	Bbs9	Bbs9_4	066 CNU-HYa HY GABA	-1
TAAACTTGTAGCCCTAGAAGCTGGGT-1:SCP066	mouse24	Foxe3	Foxe3_1	215 MB Dopa	-1
TAAATTCGTCCGGGTTTGGCGGTATG-1:SCP066	mouse22	Hoxc13	Hoxc13_2	215 MB Dopa	-1
TAACACTTCCTCATAGACGACTTCGT-1:SCP066	mouse10	Lrba	Lrba_4	066 CNU-HYa HY GABA	-1
TAACGACAGGCACATGCAAAGGCAAG-1:SCP066	mouse18	Gpx4	Gpx4_2	215 MB Dopa	-1
TAACGACAGGCTTCACGTGGGAGACT-1:SCP066	mouse9	Bcap31	Bcap31_3	215 MB Dopa	-1
TAACGGAGTCTCAGGCCTCTGAGTCA-1:SCP066	mouse13	Cspp1	Cspp1_1	215 MB Dopa	-1
TAAGCGAGTTTCCAGGAGGAAATCCA-1:SCP066	mouse20	Taok1	Taok1_3	066 CNU-HYa HY GABA	-1
TAATACCTCTCCTTCGCTCAACAGTC-1:SCP066	mouse7	Ptpn1	Ptpn1_4	215 MB Dopa	-1
TAATCGAAGTTCGGCTACACTTGGAG-1:SCP066	mouse2	Kif21a	Kif21a_4	066 CNU-HYa HY GABA	-1
TAATGGCAGGATCGCAGAGGTAACGA-1:SCP066	mouse20	Gsdme	Gsdme_4	066 CNU-HYa HY GABA	-1
TAATGGGGTATCGCCAACTAGCTGCA-1:SCP066	mouse10	Vcp	Vcp_1	066 CNU-HYa HY GABA	-1
TACAGTTTCCCCGACAGAGGGTGAAG-1:SCP066	mouse15	Pdha1	Pdha1_2	066 CNU-HYa HY GABA	-1
TACGATTTCAAGGTACCATGGTTCTA-1:SCP066	mouse10	Slc7a6os	Slc7a6os_3	066 CNU-HYa HY GABA	-1
TACGATTTCCAAGTGGGAAGCTTAAC-1:SCP066	mouse6	Slc2a1	Slc2a1_1	066 CNU-HYa HY GABA	-1
TACTCGATCCTGATATGAACGTTAGA-1:SCP066	mouse25	Cst3	Cst3_3	066 CNU-HYa HY GABA	-1
TACTCGCAGAAGTTGCACGCGTGAAC-1:SCP066	mouse25	Lrrn3	Lrrn3_2	066 CNU-HYa HY GABA	-1
TACTTAATCGCAACTCCAACTCAAAC-1:SCP066	mouse9	Itga9	Itga9_3	215 MB Dopa	-1
TACTTAATCGCACTTACTACAAGAAC-1:SCP066	mouse18	Kcnc2	Kcnc2_4	066 CNU-HYa HY GABA	-1
TACTTAATCTCGATCACTACTCATCA-1:SCP066	mouse25	Cox6a1	Cox6a1_3	066 CNU-HYa HY GABA	-1
TACTTGTAGTAGAGGAAGGTTCTCCA-1:SCP066	mouse22	Shank3	Shank3_2	215 MB Dopa	-1
TACTTTCGTTTCAAGCCTACCAGTAT-1:SCP066	mouse14	Zfp536	Zfp536_3	110 CNU-HYa HY MM Glut	-1
TAGGATGGTAGAGGCTACCTCTGGTA-1:SCP066	mouse21	Pi4kb	Pi4kb_2	066 CNU-HYa HY GABA	-1
TAGGGCCAGAACTGCGCTCCACGCAT-1:SCP066	mouse22	Nr5a2	Nr5a2_2	066 CNU-HYa HY GABA	-1
TAGGGGACATTGAAGTCTTTAGCTCT-1:SCP066	mouse26	Chrne	Chrne_4	066 CNU-HYa HY GABA	-1
TATAGAGTCAGGATACACCCTAGGGT-1:SCP066	mouse18	Calm2	Calm2_1	215 MB Dopa	-1
TATAGAGTCGGATGCACTTCGTTATC-1:SCP066	mouse8	Tubb2a	Tubb2a_4	215 MB Dopa	-1
TATCCATAGACTTGAAGAACGAAGGA-1:SCP066	mouse24	Gigyf1	Gigyf1_2	039 OB-IMN GABA	-1
TATCGATTCGACCCATGATCCAGATA-1:SCP066	mouse11	Grm3	Grm3_3	066 CNU-HYa HY GABA	-1
TCAACAGCACGAAGGACTCTGAGTCA-1:SCP066	mouse13	Iqsec1	Iqsec1_2	066 CNU-HYa HY GABA	-1
TCAATCCCAGATATACCTGGCTTCGA-1:SCP066	mouse9	Atrx	Atrx_4	215 MB Dopa	-1
TCAGGATAGGGCAATTACCGTTGCCA-1:SCP066	mouse16	Sry	Sry_4	066 CNU-HYa HY GABA	-1
TCCATGCAGGACATACGTGCCCGATA-1:SCP066	mouse4	Non_target	Non_target_244	066 CNU-HYa HY GABA	-1
TCCCAGCCACGATGTAACAAGCGGAT-1:SCP066	mouse9	Crebbp	Crebbp_3	066 CNU-HYa HY GABA	-1
TCCCCTGGTCCATTAAACAGGCGAAC-1:SCP066	mouse16	Cacng2	Cacng2_1	066 CNU-HYa HY GABA	-1
TCGACAACAGCTTGCCGAAGCCCTGT-1:SCP066	mouse21	Nrxn2	Nrxn2_4	066 CNU-HYa HY GABA	-1
TCGAGTGAGAGGCGAGAGCAACATAC-1:SCP066	mouse22	Non_target	Non_target_207	110 CNU-HYa HY MM Glut	-1
TCGGCCCAGATTCACTGCAGCTTCAG-1:SCP066	mouse26	Frmd5	Frmd5_1	215 MB Dopa	-1
TCGGCGGAGTACTAAGAGCAAGGTAT-1:SCP066	mouse13	Cacnb2	Cacnb2_4	066 CNU-HYa HY GABA	-1
TCGGCTTAGCTCATATACCCTAAGAC-1:SCP066	mouse9	Il6ra	Il6ra_3	066 CNU-HYa HY GABA	-1
TCGGTCTAGGAAGTAGGATGCCTACT-1:SCP066	mouse15	Ptpn1	Ptpn1_1	215 MB Dopa	-1
TCGGTTATCTAAGCGGACCCGTACAC-1:SCP066	mouse11	Itgb1	Itgb1_3	066 CNU-HYa HY GABA	-1
TCGTACGGTTCGGTTGAGGATTGAAC-1:SCP066	mouse9	Nod2	Nod2_3	066 CNU-HYa HY GABA	-1
TCGTGCGTCTGGAAGTGAAGGTCCCA-1:SCP066	mouse13	Gpr162	Gpr162_1	215 MB Dopa	-1
TCGTTGGGTACGAATGCTATTCGAAG-1:SCP066	mouse9	Gfi1	Gfi1_4	066 CNU-HYa HY GABA	-1
TCTAAATGTTACGTTAAGTATGGCTG-1:SCP066	mouse13	Eif4a2	Eif4a2_1	066 CNU-HYa HY GABA	-1
TCTAACCCATGCCCTACTCAAATGGC-1:SCP066	mouse11	Grip1	Grip1_2	215 MB Dopa	-1
TCTCCCGGTACCCAGCCTCCCTCCTA-1:SCP066	mouse23	Trp53	Trp53_3	066 CNU-HYa HY GABA	-1
TCTCTAACAGGCGCTACTCCGTACTG-1:SCP066	mouse18	Dstyk	Dstyk_2	066 CNU-HYa HY GABA	-1
TGAAAGGAGTTACACTCGGTACCTTG-1:SCP066	mouse13	Oprm1	Oprm1_4	066 CNU-HYa HY GABA	-1
TGAATTACACCCATTGTGCTACTTAG-1:SCP066	mouse10	Non_target	Non_target_133	066 CNU-HYa HY GABA	-1
TGACAGGTCTGATAGAGAGTAGGCAT-1:SCP066	mouse18	Plxna1	Plxna1_1	215 MB Dopa	-1
TGAGCGCAGAGGTCTGCTAAAGTTCG-1:SCP066	mouse12	Fyn	Fyn_1	066 CNU-HYa HY GABA	-1
TGAGCGCAGCGAACTGGAGAGGGTCT-1:SCP066	mouse22	Lrp5	Lrp5_2	215 MB Dopa	-1
TGAGGCATCCCGTTGGCTACTTTCGT-1:SCP066	mouse1	Sohlh1	Sohlh1_4	066 CNU-HYa HY GABA	-1
TGAGTTGCAATTGAACGAATGGATTC-1:SCP066	mouse19	Ccdc50	Ccdc50_4	066 CNU-HYa HY GABA	-1
TGATGCCTCCGCTCGATCGTCCACGT-1:SCP066	mouse17	Grin2a	Grin2a_2	066 CNU-HYa HY GABA	-1
TGCATCCAGATATCCTTGGGATTCTG-1:SCP066	mouse22	Chrnb3	Chrnb3_2	066 CNU-HYa HY GABA	-1
TGCATGCTCTAAGTGAACGCGTGAAC-1:SCP066	mouse25	Fmn2	Fmn2_2	215 MB Dopa	-1
TGCCATTCAGTCCCGTAGGCACGCAT-1:SCP066	mouse12	Ppp3ca	Ppp3ca_3	066 CNU-HYa HY GABA	-1
TGCCTCACAAGTGAGGTGTCTGGCAG-1:SCP066	mouse3	Non_target	Non_target_38	215 MB Dopa	-1
TGCGCTTAGTCATTACCAATCCAGGT-1:SCP066	mouse15	Casr	Casr_1	066 CNU-HYa HY GABA	-1
TGGAGCGGTGAATCTCCTCATACAAC-1:SCP066	mouse19	Foxe3	Foxe3_4	066 CNU-HYa HY GABA	-1
TGGCTGTTCCCGCAATACCTACCAAC-1:SCP066	mouse22	Jarid2	Jarid2_3	066 CNU-HYa HY GABA	-1
TGGGAGCTCGCACGAAGAAACCATGC-1:SCP066	mouse15	Rbfox1	Rbfox1_4	066 CNU-HYa HY GABA	-1
TGGGCGAGTACACCTGTGCTCCTAAT-1:SCP066	mouse6	Dcaf8	Dcaf8_4	066 CNU-HYa HY GABA	-1
TGGGGACTCTTACCTCGACTCAGCAG-1:SCP066	mouse21	Uqcrc1	Uqcrc1_3	066 CNU-HYa HY GABA	-1
TGGTCTCAGTTACACTCATGGTTCTA-1:SCP066	mouse10	Adgrg1	Adgrg1_2	066 CNU-HYa HY GABA	-1
TGTAGTAAGTTGCGTCCTTTAGCTCT-1:SCP066	mouse26	Map2k1	Map2k1_2	215 MB Dopa	-1
TGTCGATGTTCGTAACCAAGTAAGTG-1:SCP066	mouse13	Non_target	Non_target_99	066 CNU-HYa HY GABA	-1
TGTCTATAGCGGATCATGCTGATTGA-1:SCP066	mouse20	Ank1	Ank1_1	066 CNU-HYa HY GABA	-1
TGTCTTGAGATGGCGCGCTATCGATA-1:SCP066	mouse7	Stat4	Stat4_3	054 CNU-MGE GABA	-1
AAACGCTAGTACTGGGAGTACGAAAC-1:SCP067	mouse23	Hk1	Hk1_4	215 MB Dopa	-1
AAACTGGGTACACCTGTGCTCCTAAT-1:SCP067	mouse6	Kcnq2	Kcnq2_3	066 CNU-HYa HY GABA	-1
AAACTGGGTGGACACGACGTTTAGTC-1:SCP067	mouse9	Erbb3	Erbb3_2	215 MB Dopa	-1
AAAGCACTCCAGCGAAGAGGTAACGA-1:SCP067	mouse20	Igsf8	Igsf8_2	066 CNU-HYa HY GABA	-1
AAAGCACTCTTGGTGCACGGGAATGA-1:SCP067	mouse15	Esrrg	Esrrg_2	215 MB Dopa	-1
AAAGCTGGTCCAGCTACTACCAGTAT-1:SCP067	mouse14	Ephb1	Ephb1_1	066 CNU-HYa HY GABA	-1
AAAGGATAGGCGAACCTCGTTCCATA-1:SCP067	mouse11	Yy1	Yy1_4	066 CNU-HYa HY GABA	-1
AAAGGATAGGGGCTTAGAGACCTTGT-1:SCP067	mouse17	Chchd10	Chchd10_3	066 CNU-HYa HY GABA	-1
AAAGGCGCATGGCCTCCTGACACACA-1:SCP067	mouse11	Tspan12	Tspan12_3	215 MB Dopa	-1
AAATGCATCCCCAGATCACCGTTGGT-1:SCP067	mouse18	Mchr1	Mchr1_2	066 CNU-HYa HY GABA	-1
AAATGGCTCGCGCCTAGAACGAAGGA-1:SCP067	mouse24	Itm2b	Itm2b_4	066 CNU-HYa HY GABA	-1
AAATGGCTCTCGAAGGGATATCTGGA-1:SCP067	mouse9	Vapb	Vapb_4	066 CNU-HYa HY GABA	-1
AAATGTAGTGCAAGCGGAGAGTTATC-1:SCP067	mouse25	Ap1b1	Ap1b1_1	066 CNU-HYa HY GABA	-1
AAATTGGTCTTCATCCGAACTAGGCT-1:SCP067	mouse19	Zfp397	Zfp397_1	215 MB Dopa	-1
AACATAGTCTACCCAAGCTATCGATA-1:SCP067	mouse7	Aff2	Aff2_4	066 CNU-HYa HY GABA	-1
AACATAGTCTTAGTGTGCCTCCCAAT-1:SCP067	mouse23	Kif3b	Kif3b_2	066 CNU-HYa HY GABA	-1
AACCCCGTCATTCGATGACGGGATAC-1:SCP067	mouse10	Rai1	Rai1_3	215 MB Dopa	-1
AACCTACGTTGTAGCTTGAGCTCATA-1:SCP067	mouse4	Nefl	Nefl_2	215 MB Dopa	-1
AACTACAAGCTTAGTTTCGCGACATC-1:SCP067	mouse20	Non_target	Non_target_74	215 MB Dopa	-1
AACTCTCCATCACTGTCTGCTGTACA-1:SCP067	mouse16	Vps35	Vps35_1	066 CNU-HYa HY GABA	-1
AACTGTGCAACCGAACCTGTTGTAGT-1:SCP067	mouse8	Kdm6b	Kdm6b_3	066 CNU-HYa HY GABA	-1
AAGCCACCAACCGAACAGTACGAAAC-1:SCP067	mouse23	Nefh	Nefh_3	215 MB Dopa	-1
AAGGGCTGTGTGTCGCCTCCCTCCTA-1:SCP067	mouse23	Ppara	Ppara_3	215 MB Dopa	-1
AAGGTCAGTGGCCAGAGAAGGTCCCA-1:SCP067	mouse13	Thra	Thra_4	066 CNU-HYa HY GABA	-1
AAGTAACGTCACTCCTCGGTACCTTG-1:SCP067	mouse13	Lbx1	Lbx1_3	066 CNU-HYa HY GABA	-1
AATACAAGTATGAGTGTCGTACCTGC-1:SCP067	mouse23	Dnm1l	Dnm1l_3	066 CNU-HYa HY GABA	-1
AATCCTGTCTGGACCTGACAACATCA-1:SCP067	mouse16	Non_target	Non_target_272	066 CNU-HYa HY GABA	-1
AATCGAATCTTGGATTCAAAGGCAAG-1:SCP067	mouse18	Smpd3	Smpd3_1	066 CNU-HYa HY GABA	-1
AATCTGGCAGTCGAGTCTCAGTTTCT-1:SCP067	mouse17	Zfhx2	Zfhx2_1	066 CNU-HYa HY GABA	-1
AATCTGGCATAGTAGTCAGCTACCCT-1:SCP067	mouse13	Slc1a1	Slc1a1_3	066 CNU-HYa HY GABA	-1
AATGAACGTAAGGTATAGGCGCCTAT-1:SCP067	mouse25	Lrrtm4	Lrrtm4_2	215 MB Dopa	-1
AATGAGGAGCGTGCAAGAGGTAACGA-1:SCP067	mouse20	Bach2	Bach2_1	066 CNU-HYa HY GABA	-1
AATGGTTCATGCTCGCCAAAGGCAAG-1:SCP067	mouse18	Notch2	Notch2_1	066 CNU-HYa HY GABA	-1
ACAATGGGTAAGCGGTCTACTTTCGT-1:SCP067	mouse1	Sox2	Sox2_4	066 CNU-HYa HY GABA	-1
ACAATGGGTCGGGACACTAACTTCCA-1:SCP067	mouse25	Grm1	Grm1_2	066 CNU-HYa HY GABA	-1
ACACCGTTCCAGAGGCAGGTCGGTCT-1:SCP067	mouse18	Scn2a	Scn2a_4	054 CNU-MGE GABA	-1
ACAGCTGAGCCCTGCACTTGCTTCCT-1:SCP067	mouse25	Cd3g	Cd3g_4	066 CNU-HYa HY GABA	-1
ACAGGACGTGAATCTCACCCTAGGGT-1:SCP067	mouse18	Ulk4	Ulk4_1	215 MB Dopa	-1
ACAGGCATCCGGTTACTGTTGGTAAG-1:SCP067	mouse7	Mertk	Mertk_2	066 CNU-HYa HY GABA	-1
ACATCACGTGCCTGGTGAGTCGGTAG-1:SCP067	mouse23	Elf2	Elf2_3	215 MB Dopa	-1
ACCACGCGTTGTCTGGACAGGCGAAC-1:SCP067	mouse16	Dnm2	Dnm2_2	066 CNU-HYa HY GABA	-1
ACCAGCAAGCTCTCAAGTACTTACGA-1:SCP067	mouse8	Galr1	Galr1_3	066 CNU-HYa HY GABA	-1
ACCAGCTTCTGGGACAAGTACGAAAC-1:SCP067	mouse23	Non_target	Non_target_116	066 CNU-HYa HY GABA	-1
ACCCGGGAGCCAACCTTGTCATTCGT-1:SCP067	mouse23	Fosl2	Fosl2_3	066 CNU-HYa HY GABA	-1
ACCCTAATCGATCCCGTGATCATGCA-1:SCP067	mouse14	Reep1	Reep1_2	215 MB Dopa	-1
ACCGGTTTCCTCCTATCTACAAGAAC-1:SCP067	mouse18	Adcy5	Adcy5_4	066 CNU-HYa HY GABA	-1
ACGACAAGTAACTTGCCTAGTCCTTC-1:SCP067	mouse18	Mbl2	Mbl2_4	066 CNU-HYa HY GABA	-1
ACGAGGACAAGATGGGTCCGCGGATA-1:SCP067	mouse23	Nrl	Nrl_2	066 CNU-HYa HY GABA	-1
ACGAGGACATGCAGACGCTATCGATA-1:SCP067	mouse7	Gprc5b	Gprc5b_4	215 MB Dopa	-1
ACGATACAGGCTGCAAATAAGCCCGC-1:SCP067	mouse16	Tshz3	Tshz3_4	066 CNU-HYa HY GABA	-1
ACGCAAGTCGCATCGTCGCACAGTAT-1:SCP067	mouse11	Mcph1	Mcph1_4	215 MB Dopa	-1
ACGCGTGCATGCAATGACAGGGCTTA-1:SCP067	mouse17	Phox2a	Phox2a_1	066 CNU-HYa HY GABA	-1
ACGCTTTCACAGCATACTAACGCGTC-1:SCP067	mouse11	Camk2g	Camk2g_4	215 MB Dopa	-1
ACTAATGAGGCACATGACGTCAACCA-1:SCP067	mouse6	Mc1r	Mc1r_2	066 CNU-HYa HY GABA	-1
ACTACAGCACGATGTACTAACGCGTC-1:SCP067	mouse11	Non_target	Non_target_292	215 MB Dopa	-1
ACTACAGCACGTGGATGACAACATCA-1:SCP067	mouse16	Lztr1	Lztr1_1	066 CNU-HYa HY GABA	-1
ACTACGGAGATTCCGCCGCATTCCTG-1:SCP067	mouse10	Creb1	Creb1_1	215 MB Dopa	-1
ACTGCATGTGTAACTCCAAGGTGTTC-1:SCP067	mouse15	Dhdds	Dhdds_4	215 MB Dopa	-1
ACTTATCAGCCTACTAAGCGAACCCT-1:SCP067	mouse7	Copg1	Copg1_3	215 MB Dopa	-1
ACTTGAAAGATCAAGCACGACAGCAG-1:SCP067	mouse20	Cacnb4	Cacnb4_3	066 CNU-HYa HY GABA	-1
ACTTGGACACGAACCGCTCACGGACA-1:SCP067	mouse11	Lhcgr	Lhcgr_3	066 CNU-HYa HY GABA	-1
AGAAGCCGTTAACGAGGTCGTAAACA-1:SCP067	mouse11	Etv6	Etv6_3	066 CNU-HYa HY GABA	-1
AGAAGTGAGCAGCATGACCTGGTTGT-1:SCP067	mouse6	Stxbp1	Stxbp1_4	066 CNU-HYa HY GABA	-1
AGAAGTTGTCGCTGGTTGTGACAGTC-1:SCP067	mouse16	Rapgef4	Rapgef4_3	215 MB Dopa	-1
AGACAAGAGCGTTCGTATCGGTCGGA-1:SCP067	mouse23	Fam120a	Fam120a_1	215 MB Dopa	-1
AGACGCATCCTCCTATAGTCCCAGCT-1:SCP067	mouse17	Non_target	Non_target_90	215 MB Dopa	-1
AGCAAGGCATTGGACACTCTGAGTCA-1:SCP067	mouse13	Sigmar1	Sigmar1_1	066 CNU-HYa HY GABA	-1
AGCAATTCAATCTCACGAATCCTAAG-1:SCP067	mouse19	Ppib	Ppib_2	066 CNU-HYa HY GABA	-1
AGCACTGAGGCTCTGTTCGACTTCAC-1:SCP067	mouse8	Irs1	Irs1_1	215 MB Dopa	-1
AGCAGGCTCATGATCTACAAGCGGAT-1:SCP067	mouse9	Slc22a17	Slc22a17_3	066 CNU-HYa HY GABA	-1
AGCATAATCGCGCATTAGGATTGAAC-1:SCP067	mouse9	Chd8	Chd8_3	066 CNU-HYa HY GABA	-1
AGCCTTTCACACTGGGACAGGGCTTA-1:SCP067	mouse17	Phf12	Phf12_4	066 CNU-HYa HY GABA	-1
AGCGCCCTCGCTTGACACGACTAACT-1:SCP067	mouse19	Ovol2	Ovol2_2	066 CNU-HYa HY GABA	-1
AGCGCCTGTGGCAACGACATGCCCGA-1:SCP067	mouse18	Nfe2l2	Nfe2l2_1	066 CNU-HYa HY GABA	-1
AGCGCCTGTGTGTGAAGATGCTGGCA-1:SCP067	mouse15	Syp	Syp_3	215 MB Dopa	-1
AGCGGGTTCGGTCTACACAATCGACT-1:SCP067	mouse18	Rxrb	Rxrb_2	066 CNU-HYa HY GABA	-1
AGCGTTACACAGGTGTACACTTGGAG-1:SCP067	mouse2	Brinp1	Brinp1_2	215 MB Dopa	-1
AGCGTTACAGAACGGACTGGCTTCGA-1:SCP067	mouse9	Grik5	Grik5_4	066 CNU-HYa HY GABA	-1
AGGACGGAGGCAGGCTGTGCGGTAAG-1:SCP067	mouse15	Ergic1	Ergic1_2	215 MB Dopa	-1
AGGCACGGTTTAGGAGTGTTGGTAAG-1:SCP067	mouse7	Non_target	Non_target_190	066 CNU-HYa HY GABA	-1
AGGCAGGAGTGCCCATCTCCCGTTTA-1:SCP067	mouse20	Sox5	Sox5_3	059 CNU-LGE LSX GABA	-1
AGGCGAGAGAATCCGGGAACGGAACA-1:SCP067	mouse26	Gad1	Gad1_2	066 CNU-HYa HY GABA	-1
AGGCGTGGTGAAGGCTCAAAGGCAAG-1:SCP067	mouse18	B3gat3	B3gat3_4	066 CNU-HYa HY GABA	-1
AGGTAGGCACCAAGTATGCCATGCTG-1:SCP067	mouse19	Ptpn1	Ptpn1_1	066 CNU-HYa HY GABA	-1
AGGTTCGAGCTTGAGGTGCCATGCTG-1:SCP067	mouse19	Otulin	Otulin_4	215 MB Dopa	-1
AGTGACGTCGACTCCGGAAGCTTAAC-1:SCP067	mouse6	Stat1	Stat1_3	066 CNU-HYa HY GABA	-1
AGTGAGAAGGCTCTGTACAACCATTC-1:SCP067	mouse26	Tfdp2	Tfdp2_3	066 CNU-HYa HY GABA	-1
AGTGCAAGTGCAGGCAACCTACCAAC-1:SCP067	mouse22	Myrf	Myrf_3	215 MB Dopa	-1
AGTTAAGTCAAGGCGCTGGCAATACA-1:SCP067	mouse22	Sptb	Sptb_4	066 CNU-HYa HY GABA	-1
AGTTACGCAGATAGGGAGTACGAAAC-1:SCP067	mouse23	Kcnab1	Kcnab1_4	215 MB Dopa	-1
AGTTTACTCTGCCACGATCGGTCGGA-1:SCP067	mouse23	Avpr1a	Avpr1a_1	066 CNU-HYa HY GABA	-1
ATAACGATCTTGCATGCAAGGTGTTC-1:SCP067	mouse15	Zic1	Zic1_4	215 MB Dopa	-1
ATAAGCATCTAGATGAGATATCTGGA-1:SCP067	mouse9	Cog4	Cog4_2	066 CNU-HYa HY GABA	-1
ATAAGTGTCTTCGCAATGGTCCATTA-1:SCP067	mouse13	Non_target	Non_target_308	066 CNU-HYa HY GABA	-1
ATAATGGTCTTCGCAATGATCATGCA-1:SCP067	mouse14	Ebf2	Ebf2_4	066 CNU-HYa HY GABA	-1
ATACCCCAGATGGCGCGAGACCTTGT-1:SCP067	mouse17	Non_target	Non_target_92	215 MB Dopa	-1
ATACCCCAGTAGTTGACTACTGCCTG-1:SCP067	mouse17	Il6st	Il6st_1	066 CNU-HYa HY GABA	-1
ATACCGCTCTCCCAGGACTAGCTGCA-1:SCP067	mouse10	Ptprn	Ptprn_1	066 CNU-HYa HY GABA	-1
ATACTTTCACCATAGACTCATACAAC-1:SCP067	mouse19	Hesx1	Hesx1_1	215 MB Dopa	-1
ATAGGCAGTTCGTAGTTGCAATCCTC-1:SCP067	mouse12	Prokr2	Prokr2_4	215 MB Dopa	-1
ATAGGCCCATTGACCTTGTTGGTAAG-1:SCP067	mouse7	Snf8	Snf8_3	066 CNU-HYa HY GABA	-1
ATAGTACCACCATGCCACGGATATCA-1:SCP067	mouse12	Txndc15	Txndc15_3	066 CNU-HYa HY GABA	-1
ATATTACGTCATTCCCGATGCCTACT-1:SCP067	mouse15	Epha7	Epha7_1	066 CNU-HYa HY GABA	-1
ATATTCGGTTATGGAGCTATTCGAAG-1:SCP067	mouse9	Atrn	Atrn_1	066 CNU-HYa HY GABA	-1
ATCAGTAAGAATCGTATCGGGCAACA-1:SCP067	mouse22	Pitpnm3	Pitpnm3_3	215 MB Dopa	-1
ATCTTGCCATAATCCCGAGGGTTCAC-1:SCP067	mouse9	Non_target	Non_target_137	066 CNU-HYa HY GABA	-1
ATGAATCCACGCTACCCGGGTTCAAT-1:SCP067	mouse4	Itgb2	Itgb2_1	215 MB Dopa	-1
ATGAGGGCAGGGTAAGACAACCATTC-1:SCP067	mouse26	Vamp1	Vamp1_1	215 MB Dopa	-1
ATGAGGTTCTAATGGAGAGCTAAATG-1:SCP067	mouse8	Cd80	Cd80_3	066 CNU-HYa HY GABA	-1
ATGCAACAGAGATAGGACGAGGTGGA-1:SCP067	mouse11	Kcnb2	Kcnb2_4	066 CNU-HYa HY GABA	-1
ATGCTAAAGAGGCGTCTCCGTTCAAG-1:SCP067	mouse18	Rp9	Rp9_3	215 MB Dopa	-1
ATGGACGTCGCCCGTACATATGAGCA-1:SCP067	mouse21	Klf1	Klf1_1	066 CNU-HYa HY GABA	-1
ATGGAGGCACTTGGAAGAGGTAACGA-1:SCP067	mouse20	Ago2	Ago2_3	066 CNU-HYa HY GABA	-1
ATGGATATCAACTATCGAAGCAATAG-1:SCP067	mouse14	Cox6a1	Cox6a1_3	066 CNU-HYa HY GABA	-1
ATGTAAGTCGGTTAGGGAAGGGCATC-1:SCP067	mouse8	Ahdc1	Ahdc1_4	215 MB Dopa	-1
ATGTGCGAGAACCTAAGCTATCGATA-1:SCP067	mouse7	Dmxl2	Dmxl2_2	215 MB Dopa	-1
ATGTTCCCATCGCTCAACCGTTGCCA-1:SCP067	mouse16	Ctnnb1	Ctnnb1_2	066 CNU-HYa HY GABA	-1
ATGTTGAAGGGCTTGACATGGCTGAT-1:SCP067	mouse26	Itgb1	Itgb1_1	066 CNU-HYa HY GABA	-1
ATTAACGAGGGAGACGGAATCCTAAG-1:SCP067	mouse19	Zfp462	Zfp462_2	066 CNU-HYa HY GABA	-1
ATTCAAGAGAAGGACAGTGGGAGACT-1:SCP067	mouse9	Gabbr1	Gabbr1_2	215 MB Dopa	-1
ATTCCCAAGCACGTAGCAAACTCTCT-1:SCP067	mouse21	Ocrl	Ocrl_1	066 CNU-HYa HY GABA	-1
ATTCGTCCACGTGAACTGGCTTATTC-1:SCP067	mouse18	Ogfrl1	Ogfrl1_3	066 CNU-HYa HY GABA	-1
ATTGAGCAGTTCGGCTCATATGAGCA-1:SCP067	mouse21	Gtf2i	Gtf2i_1	066 CNU-HYa HY GABA	-1
ATTGATTGTCAAGTAGGAACGTTAGA-1:SCP067	mouse25	Tbx22	Tbx22_4	066 CNU-HYa HY GABA	-1
ATTGCAAAGGAGCATTTGCTACTTAG-1:SCP067	mouse10	Wnk1	Wnk1_2	066 CNU-HYa HY GABA	-1
ATTGCACGTTTAATCGACAGACCGTC-1:SCP067	mouse15	Stag1	Stag1_3	215 MB Dopa	-1
ATTGGGAGTTGGACTTACCTGGGAAG-1:SCP067	mouse25	Epha3	Epha3_3	066 CNU-HYa HY GABA	-1
ATTGTATGTCTGGTCATGTGGAGGTG-1:SCP067	mouse9	Foxl1	Foxl1_2	066 CNU-HYa HY GABA	-1
CAAACGAGTAAGCTAGACGATGAATC-1:SCP067	mouse25	Kctd1	Kctd1_3	066 CNU-HYa HY GABA	-1
CAACCAGAGGGTGATTCTCAGCCATC-1:SCP067	mouse4	Minar2	Minar2_4	215 MB Dopa	-1
CAACGGTCACGCCTGTTCGGGCAACA-1:SCP067	mouse22	Cck	Cck_2	215 MB Dopa	-1
CAATACTTCCTACTGACTGCATGATC-1:SCP067	mouse11	Non_target	Non_target_144	215 MB Dopa	-1
CAATTACTCGAAGTTAGTAGGCACTA-1:SCP067	mouse22	Jund	Jund_4	066 CNU-HYa HY GABA	-1
CACAATCGTACGACTTGCGTTTAAAC-1:SCP067	mouse6	Non_target	Non_target_162	215 MB Dopa	-1
CACCAGGCAACCTTACGCACGCGTTA-1:SCP067	mouse4	Stag1	Stag1_3	066 CNU-HYa HY GABA	-1
CACCGCCAGTTGAATGGAGGGTTCAC-1:SCP067	mouse9	Brinp1	Brinp1_2	066 CNU-HYa HY GABA	-1
CACGGATCAAAGCCCGACGACCCATC-1:SCP067	mouse13	Klf1	Klf1_2	059 CNU-LGE LSX GABA	-1
CACGGATCATGAATCGGAGGGTTGTG-1:SCP067	mouse10	Tmem106b	Tmem106b_1	054 CNU-MGE GABA	-1
CACGGGTAGCAATCCCTCCGTGCGTA-1:SCP067	mouse3	Prkcg	Prkcg_3	054 CNU-MGE GABA	-1
CAGCGCGAGCTACTTGACGAGGTGGA-1:SCP067	mouse11	Frmpd4	Frmpd4_4	066 CNU-HYa HY GABA	-1
CAGCTGGCACCGCAAGTGGGATTCTG-1:SCP067	mouse22	Hoxd13	Hoxd13_3	066 CNU-HYa HY GABA	-1
CAGCTTATCCGCTCGAATGACACGCT-1:SCP067	mouse9	Pitx3	Pitx3_3	215 MB Dopa	-1
CATCCTCGTACTGTCGTCGCGACATC-1:SCP067	mouse20	Mc4r	Mc4r_3	110 CNU-HYa HY MM Glut	-1
CATCCTGCAAAGGTCCCTAAAGTTCG-1:SCP067	mouse12	Grm7	Grm7_2	215 MB Dopa	-1
CATCGAGAGATACAGCGAATGGGAAG-1:SCP067	mouse3	Pgk1	Pgk1_2	066 CNU-HYa HY GABA	-1
CATGGCCGTAGCAGGTACCGCCATAC-1:SCP067	mouse20	Prox1	Prox1_1	066 CNU-HYa HY GABA	-1
CATTCTGAGTGTCGCTGTGAAGGATG-1:SCP067	mouse12	Pcdh19	Pcdh19_4	066 CNU-HYa HY GABA	-1
CCAACCGTCCCATTGAGAGGGCAAAT-1:SCP067	mouse14	Tmco1	Tmco1_3	215 MB Dopa	-1
CCATACATCCGAAGCATCCGTGCGTA-1:SCP067	mouse3	Fam120a	Fam120a_1	215 MB Dopa	-1
CCCAATATCTCTGGTACTATTCGAAG-1:SCP067	mouse9	Sall4	Sall4_3	215 MB Dopa	-1
CCCACATAGTTACCGCCTCCTCTTGA-1:SCP067	mouse17	Ndufaf4	Ndufaf4_2	054 CNU-MGE GABA	-1
CCCATCACACGCCTGTCTCCCGTTTA-1:SCP067	mouse20	Acp1	Acp1_1	066 CNU-HYa HY GABA	-1
CCCATCACATATCGAGCTGGCTTCGA-1:SCP067	mouse9	Grhl2	Grhl2_1	215 MB Dopa	-1
CCCTTCGGTTCGCTGAGCCTCCCAAT-1:SCP067	mouse23	Bmpr1a	Bmpr1a_3	215 MB Dopa	-1
CCCTTTAGTAGCGAGTTGATCCGCCA-1:SCP067	mouse20	Selenoi	Selenoi_1	039 OB-IMN GABA	-1
CCGCACTCACTCACGCGTACTTACGA-1:SCP067	mouse8	Paqr7	Paqr7_3	066 CNU-HYa HY GABA	-1
CCGTCCTTCACGGGACTGCTCCTAAT-1:SCP067	mouse6	Ndufv1	Ndufv1_2	066 CNU-HYa HY GABA	-1
CCGTGTTAGTAATGTGTCGGGCTTGA-1:SCP067	mouse25	Pdx1	Pdx1_3	215 MB Dopa	-1
CCTAACCAGCCAGGGTCGGTACCTTG-1:SCP067	mouse13	Rxrb	Rxrb_1	066 CNU-HYa HY GABA	-1
CCTAGAACAAGACCGTTCGTTCCATA-1:SCP067	mouse11	Slc20a2	Slc20a2_1	066 CNU-HYa HY GABA	-1
CCTGCCTTCCTCTGGGACCCGTACAC-1:SCP067	mouse11	Cst3	Cst3_3	215 MB Dopa	-1
CGAAGTGTCGATCCCGCATCCGTGAT-1:SCP067	mouse23	Gata2	Gata2_2	066 CNU-HYa HY GABA	-1
CGACAATAGGGCAATTATAAGCCCGC-1:SCP067	mouse16	Klf13	Klf13_3	066 CNU-HYa HY GABA	-1
CGACACAAGAACCACGGATATCTGGA-1:SCP067	mouse9	Ufsp2	Ufsp2_3	215 MB Dopa	-1
CGACGGAGTAAGCATGGTGAAGTTAG-1:SCP067	mouse17	Mlxip	Mlxip_3	215 MB Dopa	-1
CGACGGGTCAATCACTGAAACCATGC-1:SCP067	mouse15	Adra2a	Adra2a_3	215 MB Dopa	-1
CGACTCCCATTCATTGCATATGAGCA-1:SCP067	mouse21	Agrp	Agrp_2	066 CNU-HYa HY GABA	-1
CGAGGACTCCTCATTCGAGCTAAATG-1:SCP067	mouse8	Zbtb20	Zbtb20_3	066 CNU-HYa HY GABA	-1
CGATCCCCAAACGGCTCTGGCTTCGA-1:SCP067	mouse9	Foxj3	Foxj3_3	066 CNU-HYa HY GABA	-1
CGATGACCACGAATGCCTTTAGCTCT-1:SCP067	mouse26	E2f5	E2f5_4	215 MB Dopa	-1
CGATGACCATCCTTCCTGCTGATTGA-1:SCP067	mouse20	Nyx	Nyx_4	066 CNU-HYa HY GABA	-1
CGATGGATCCGGATTCTCGTAAGCCA-1:SCP067	mouse23	Map6	Map6_4	066 CNU-HYa HY GABA	-1
CGATGGATCTAGATTCACTAGCTGCA-1:SCP067	mouse10	Hnrnpa2b1	Hnrnpa2b1_2	215 MB Dopa	-1
CGCATAACAGGTAGCTACGTTTAGTC-1:SCP067	mouse9	Tgfbr3	Tgfbr3_3	066 CNU-HYa HY GABA	-1
CGCATGAAGATTCGGGAGGTGTTTAC-1:SCP067	mouse24	Sos2	Sos2_3	066 CNU-HYa HY GABA	-1
CGCCAGACACGCCATCGAGGGTGAAG-1:SCP067	mouse15	Lrpprc	Lrpprc_4	066 CNU-HYa HY GABA	-1
CGCCTTGAGGGCTGGTGAACGAAGGA-1:SCP067	mouse24	Sp7	Sp7_3	066 CNU-HYa HY GABA	-1
CGGAATGTCCTACTGAGAAGCTGGGT-1:SCP067	mouse24	Dzip1	Dzip1_2	215 MB Dopa	-1
CGGATTACAGTCCAGGCATTTACCTG-1:SCP067	mouse8	Sv2a	Sv2a_4	215 MB Dopa	-1
CGGATTACATGCCCTAACCGCCATAC-1:SCP067	mouse20	Cacna2d2	Cacna2d2_1	039 OB-IMN GABA	-1
CGGCAAATCCATTAGTCTCCCAACAC-1:SCP067	mouse7	Tlr9	Tlr9_1	066 CNU-HYa HY GABA	-1
CGGCAAATCGAACTAAGAGGTACCTC-1:SCP067	mouse15	Rgma	Rgma_1	066 CNU-HYa HY GABA	-1
CGGCAATCACATAGTGCGCACAGTAT-1:SCP067	mouse11	Lamp2	Lamp2_2	215 MB Dopa	-1
CGGGTCTGTGGGTCGATGAGCTCATA-1:SCP067	mouse4	Cox8a	Cox8a_3	066 CNU-HYa HY GABA	-1
CGGTTAACATACTTCACTCCACGCAT-1:SCP067	mouse22	Prickle1	Prickle1_1	054 CNU-MGE GABA	-1
CGTGAGGGTGTCCAATTCGGGCAACA-1:SCP067	mouse22	Tubb4a	Tubb4a_1	066 CNU-HYa HY GABA	-1
CGTGGAGGTCGTTAGTTGCCCTTACT-1:SCP067	mouse18	Uqcrc1	Uqcrc1_1	066 CNU-HYa HY GABA	-1
CGTTAATTCGCACTTACAAACTCTCT-1:SCP067	mouse21	Sp7	Sp7_3	066 CNU-HYa HY GABA	-1
CGTTGCAGTGGCCTACTCCGCGGATA-1:SCP067	mouse23	Adrb1	Adrb1_4	066 CNU-HYa HY GABA	-1
CGTTTCCGTAATCACCCTGGCTTCGA-1:SCP067	mouse9	Foxl1	Foxl1_2	066 CNU-HYa HY GABA	-1
CTAAGTGCAACAGATTACGTCCGAAT-1:SCP067	mouse16	Hoxd13	Hoxd13_2	215 MB Dopa	-1
CTAATTGGTAACGGACTGCTCCACCT-1:SCP067	mouse17	Smarcc1	Smarcc1_3	066 CNU-HYa HY GABA	-1
CTACGCTAGCGATTCCAGGCACGCAT-1:SCP067	mouse12	Rars2	Rars2_2	066 CNU-HYa HY GABA	-1
CTAGACTGTTATGCACGATAGAACAC-1:SCP067	mouse23	Nfia	Nfia_1	066 CNU-HYa HY GABA	-1
CTATTGCCACGTTAAGCGAACTACGA-1:SCP067	mouse23	Htr1f	Htr1f_2	066 CNU-HYa HY GABA	-1
CTCCGTGAGCAAGGTTACCGAATAAG-1:SCP067	mouse20	Gfi1b	Gfi1b_2	066 CNU-HYa HY GABA	-1
CTCGCTGAGCGGAACCCGGGTCTTTG-1:SCP067	mouse11	Yy1	Yy1_1	215 MB Dopa	-1
CTGCGATTCATAGAGCCTCATACAAC-1:SCP067	mouse19	Cd4	Cd4_4	215 MB Dopa	-1
CTGCGCTCACTGAGGTAGATAAGCCA-1:SCP067	mouse25	Cox6b1	Cox6b1_3	066 CNU-HYa HY GABA	-1
CTTACAAGTTATCTCTCTACTCATCA-1:SCP067	mouse25	Specc1l	Specc1l_4	066 CNU-HYa HY GABA	-1
CTTACTACACGAACCGTGTTCGGATG-1:SCP067	mouse10	Il1r1	Il1r1_3	054 CNU-MGE GABA	-1
CTTACTACATGACGGTCTTCACAAAC-1:SCP067	mouse7	Cdkn2a	Cdkn2a_4	215 MB Dopa	-1
CTTCACCGTTCGTAACCTGACACACA-1:SCP067	mouse11	Adgrg6	Adgrg6_3	066 CNU-HYa HY GABA	-1
CTTCGTGCAGGGTTACGATATCTGGA-1:SCP067	mouse9	Herc2	Herc2_3	066 CNU-HYa HY GABA	-1
CTTCGTGCATATCACCACACTTGGAG-1:SCP067	mouse2	Itgb1	Itgb1_4	066 CNU-HYa HY GABA	-1
CTTCGTTTCCAATGAAGCGTTTCCTG-1:SCP067	mouse10	Pex14	Pex14_2	066 CNU-HYa HY GABA	-1
CTTCGTTTCTTAGTACCTGTTGTAGT-1:SCP067	mouse8	Nr4a1	Nr4a1_1	066 CNU-HYa HY GABA	-1
CTTCTACTCCGCCTGACTCACTTAGT-1:SCP067	mouse7	Gp1ba	Gp1ba_2	215 MB Dopa	-1
CTTCTATGTGATCCTGACGACAGCAG-1:SCP067	mouse20	Hnrnpc	Hnrnpc_1	066 CNU-HYa HY GABA	-1
CTTGCTTTCAATGCTTGTGAAGTTAG-1:SCP067	mouse17	Fth1	Fth1_3	054 CNU-MGE GABA	-1
CTTGGGTTCTTAGGCCAGCAATCTGC-1:SCP067	mouse24	Tshr	Tshr_1	066 CNU-HYa HY GABA	-1
GCAACCCGTCCAACCATGGGATTCTG-1:SCP067	mouse22	Pde4d	Pde4d_4	066 CNU-HYa HY GABA	-1
GCAAGATTCTCTATCCGAGGGTGAAG-1:SCP067	mouse15	Cacng3	Cacng3_1	066 CNU-HYa HY GABA	-1
GCAATGGTCTGATAGAGTATGGAAAC-1:SCP067	mouse22	Tbx1	Tbx1_1	066 CNU-HYa HY GABA	-1
GCATCACTCAATTCGTTGATCATGCA-1:SCP067	mouse14	Pou2f2	Pou2f2_2	066 CNU-HYa HY GABA	-1
GCATTACGTATCCTAAACGACCCATC-1:SCP067	mouse13	Pacs1	Pacs1_2	215 MB Dopa	-1
GCATTCATCAACCGGAACGTTTAGTC-1:SCP067	mouse9	Nme7	Nme7_2	215 MB Dopa	-1
GCCACTTAGGGCAACCGTAGCTTGAT-1:SCP067	mouse18	Grid1	Grid1_1	066 CNU-HYa HY GABA	-1
GCCGATAAGTTGCATTGAAGGGCATC-1:SCP067	mouse8	Lingo2	Lingo2_4	066 CNU-HYa HY GABA	-1
GCGAAGGAGGCTACAGCAGCTACCCT-1:SCP067	mouse13	Nrl	Nrl_4	215 MB Dopa	-1
GCGACAATCGGTAGCATGCTCCACCT-1:SCP067	mouse17	H2ac8	H2ac8_1	066 CNU-HYa HY GABA	-1
GCGATGTCATGGTAATGTGCAATGAC-1:SCP067	mouse13	Non_target	Non_target_108	066 CNU-HYa HY GABA	-1
GCGTCCTCAGGGTCCATGTTTCTGGT-1:SCP067	mouse8	Foxl2	Foxl2_2	066 CNU-HYa HY GABA	-1
GCTCGCCAGTGTCGCTTGCCCTTACT-1:SCP067	mouse18	Cntnap1	Cntnap1_2	066 CNU-HYa HY GABA	-1
GCTCTAATCCAATGAAACCTGGGAAG-1:SCP067	mouse25	Non_target	Non_target_314	066 CNU-HYa HY GABA	-1
GCTGGCCTCACTAGGGACTAGCTGCA-1:SCP067	mouse10	Srsf1	Srsf1_2	066 CNU-HYa HY GABA	-1
GCTGGGAGTAATCACCCATCAAGATC-1:SCP067	mouse13	Adgrb1	Adgrb1_4	066 CNU-HYa HY GABA	-1
GCTGTTATCACAGGCACATGACGGTG-1:SCP067	mouse21	Nalcn	Nalcn_1	066 CNU-HYa HY GABA	-1
GCTTTGGGTATGGCCCGATATCTGGA-1:SCP067	mouse9	Edem3	Edem3_1	066 CNU-HYa HY GABA	-1
GGACAGCTCTGAGTAAACAGATTGAG-1:SCP067	mouse2	Tlx3	Tlx3_1	066 CNU-HYa HY GABA	-1
GGACCTAAGAAGCAAGCAGGGTAACT-1:SCP067	mouse14	Hivep2	Hivep2_3	066 CNU-HYa HY GABA	-1
GGACCTTTCCCATCCCACAGGCGAAC-1:SCP067	mouse16	Clpp	Clpp_2	215 MB Dopa	-1
GGACGATGTATCTCAACTCTCAGCTG-1:SCP067	mouse8	Cacnb4	Cacnb4_1	066 CNU-HYa HY GABA	-1
GGACTCGCAGATTCGAACGGTACGAC-1:SCP067	mouse11	Sall4	Sall4_4	215 MB Dopa	-1
GGAGACTGTACGACTTACCGTTGCCA-1:SCP067	mouse16	Supt16	Supt16_4	066 CNU-HYa HY GABA	-1
GGAGCCTAGATGACACGTGCAATGAC-1:SCP067	mouse13	Hsp90ab1	Hsp90ab1_1	066 CNU-HYa HY GABA	-1
GGAGCTATCTCACGTATGAGCTCATA-1:SCP067	mouse4	Ryr3	Ryr3_1	066 CNU-HYa HY GABA	-1
GGAGGTTGTCATGAGACATCCGTGAT-1:SCP067	mouse23	Plxna2	Plxna2_2	066 CNU-HYa HY GABA	-1
GGATAACTCCATTCCTCTCCCAACAC-1:SCP067	mouse7	Phf8	Phf8_1	215 MB Dopa	-1
GGATCACCACAAGCCGACCAAGAACT-1:SCP067	mouse11	Selenoi	Selenoi_4	066 CNU-HYa HY GABA	-1
GGATCAGTCTGGAAGTTGCTCCTAAT-1:SCP067	mouse6	Map1b	Map1b_2	215 MB Dopa	-1
GGATGATTCTCCTTCGTGGTCCATTA-1:SCP067	mouse13	Nefl	Nefl_3	066 CNU-HYa HY GABA	-1
GGCACTAAGTTGCAGGCAAAGCATCA-1:SCP067	mouse4	Mitf	Mitf_4	215 MB Dopa	-1
GGCCACCTCCTGCCTCCAAAGCATCA-1:SCP067	mouse4	Myrf	Myrf_3	215 MB Dopa	-1
GGCCTCTCACTAGGCGACGGATATCA-1:SCP067	mouse12	Non_target	Non_target_372	066 CNU-HYa HY GABA	-1
GGCTATTGTTCTATCTTGCCTCCATG-1:SCP067	mouse4	Otx2	Otx2_3	066 CNU-HYa HY GABA	-1
GGGAACCTCTGGGACACATGGTTCTA-1:SCP067	mouse10	Twist2	Twist2_4	066 CNU-HYa HY GABA	-1
GGGCATGGTAAGCCAATGCGTGGAGA-1:SCP067	mouse20	Nrxn2	Nrxn2_1	215 MB Dopa	-1
GGGCCTGAGGAGACCCACGTACGGGA-1:SCP067	mouse1	Plpbp	Plpbp_3	066 CNU-HYa HY GABA	-1
GGGCTACAGAATCCGGGCAAGTAAAC-1:SCP067	mouse26	Non_target	Non_target_234	066 CNU-HYa HY GABA	-1
GGGCTATCAACCTCATCTCACTTAGT-1:SCP067	mouse7	Sod2	Sod2_3	066 CNU-HYa HY GABA	-1
GGGTTAAGTTTCAGTACTCGCCTAAT-1:SCP067	mouse20	Ror1	Ror1_4	066 CNU-HYa HY GABA	-1
GGGTTCCGTGGCATGGCACCTCTCCA-1:SCP067	mouse11	Grm6	Grm6_1	215 MB Dopa	-1
GGTACCTTCACCCAGTAGCGAACCCT-1:SCP067	mouse7	Taar1	Taar1_3	215 MB Dopa	-1
GGTACCTTCATTCACGACCTGGTTGT-1:SCP067	mouse6	Nfatc3	Nfatc3_4	066 CNU-HYa HY GABA	-1
GGTATGTAGGCTTGCTTGGCAATACA-1:SCP067	mouse22	Non_target	Non_target_384	215 MB Dopa	-1
GGTGAAGCACCGTACCCTAGGCAACA-1:SCP067	mouse12	Cul3	Cul3_1	215 MB Dopa	-1
GGTTAAATCAGGCTAGTGTGGAGGTG-1:SCP067	mouse9	Snai2	Snai2_3	215 MB Dopa	-1
GGTTCCCCACAGTTAGCATTTGATCG-1:SCP067	mouse25	Ctnna3	Ctnna3_4	066 CNU-HYa HY GABA	-1
GGTTCCCCAGCTTGGGGTGAAGTTAG-1:SCP067	mouse17	Nr2c2	Nr2c2_4	215 MB Dopa	-1
GGTTGGATCGGTAAGTTGCCCTTACT-1:SCP067	mouse18	Pgrmc1	Pgrmc1_1	066 CNU-HYa HY GABA	-1
GGTTGGGGTATCTGGTACTAGCTGCA-1:SCP067	mouse10	Mchr1	Mchr1_1	066 CNU-HYa HY GABA	-1
GGTTGGGGTGATGTAGTGTCTGGCAG-1:SCP067	mouse3	Glmn	Glmn_1	066 CNU-HYa HY GABA	-1
GGTTGTGAGGCACATGGAGAACAAGA-1:SCP067	mouse18	Rpgrip1l	Rpgrip1l_2	066 CNU-HYa HY GABA	-1
GGTTTCATCTCGCTCCACAGGGCTTA-1:SCP067	mouse17	Fbn1	Fbn1_3	066 CNU-HYa HY GABA	-1
GGTTTGGAGCGGGACTAGGTATGTAG-1:SCP067	mouse20	Rho	Rho_4	066 CNU-HYa HY GABA	-1
GTAGGAGCACCTGTATACCTACCAAC-1:SCP067	mouse22	Cxcr4	Cxcr4_2	066 CNU-HYa HY GABA	-1
GTAGTAATCCCTCGCTGTAGTTCTAG-1:SCP067	mouse18	Ppib	Ppib_2	066 CNU-HYa HY GABA	-1
GTAGTAATCTACCAGCCACCTCTCCA-1:SCP067	mouse11	Nkx2-5	Nkx2-5_1	066 CNU-HYa HY GABA	-1
GTCAAGGTCTACTCCTTGCAATCCTC-1:SCP067	mouse12	Fgf12	Fgf12_3	215 MB Dopa	-1
GTCGCTAGTGGCCAGATGCCTATAGT-1:SCP067	mouse11	Satb2	Satb2_1	215 MB Dopa	-1
GTCGCTAGTTTACCAAAGGGACACAC-1:SCP067	mouse13	Pou2f1	Pou2f1_3	054 CNU-MGE GABA	-1
GTCGGTAAGGTCCACTACAACCGAAG-1:SCP067	mouse11	Zfhx3	Zfhx3_4	066 CNU-HYa HY GABA	-1
GTGACCGCATTAGAGTACAAGCGGAT-1:SCP067	mouse9	Mapt	Mapt_1	215 MB Dopa	-1
GTGAGGGAGTCATCCATGCAGTTGGT-1:SCP067	mouse2	Cox6b1	Cox6b1_4	066 CNU-HYa HY GABA	-1
GTGATTAAGGGGACAGACGTCAACCA-1:SCP067	mouse6	Kdm5c	Kdm5c_3	066 CNU-HYa HY GABA	-1
GTGCACGCAGATATACCAAAGGCAAG-1:SCP067	mouse18	Non_target	Non_target_283	215 MB Dopa	-1
GTGGACATCAGTATCTGTGGGAGACT-1:SCP067	mouse9	Cd3d	Cd3d_3	066 CNU-HYa HY GABA	-1
GTGGACATCTAGTCATCTCGCCTAAT-1:SCP067	mouse20	Cd3d	Cd3d_3	215 MB Dopa	-1
GTGTCGAAGCTTGATTACTATTGGGA-1:SCP067	mouse13	Ntrk2	Ntrk2_2	066 CNU-HYa HY GABA	-1
GTTAATGAGGATCCCTGACGACATGT-1:SCP067	mouse21	Tek	Tek_1	066 CNU-HYa HY GABA	-1
GTTACCATCCCATCCCAGCCTGTCCT-1:SCP067	mouse15	Kcnb2	Kcnb2_4	215 MB Dopa	-1
GTTACTAGTGCGTACCACCTCTGGTA-1:SCP067	mouse21	Cr2	Cr2_1	066 CNU-HYa HY GABA	-1
GTTAGGCCAGAACGGACTCAAATGGC-1:SCP067	mouse11	Uqcrc2	Uqcrc2_3	215 MB Dopa	-1
GTTATCCCACGTGGATTGTCATTCGT-1:SCP067	mouse23	Lrp2	Lrp2_2	066 CNU-HYa HY GABA	-1
GTTCGCGTCGACGGGTACCTGGGAAG-1:SCP067	mouse25	Ndufs2	Ndufs2_1	066 CNU-HYa HY GABA	-1
GTTCGGCGTAGCATAGGATATCTGGA-1:SCP067	mouse9	Sema6a	Sema6a_3	066 CNU-HYa HY GABA	-1
GTTGGCGCAGTACGGTACGTTTAGTC-1:SCP067	mouse9	Tenm4	Tenm4_1	066 CNU-HYa HY GABA	-1
TAAACTGAGTTAGGTAGAGAGTTATC-1:SCP067	mouse25	Hmgb1	Hmgb1_1	215 MB Dopa	-1
TAAACTTGTGCCCGATGAGCTAAATG-1:SCP067	mouse8	Zfp612	Zfp612_4	066 CNU-HYa HY GABA	-1
TAAATTCGTGACCCTACAGCGAATGA-1:SCP067	mouse21	Nlgn3	Nlgn3_4	066 CNU-HYa HY GABA	-1
TAAATTGCACTTCAACGATATCTGGA-1:SCP067	mouse9	Trp53	Trp53_3	066 CNU-HYa HY GABA	-1
TAACGACAGCTAACGGGAACGTTAGA-1:SCP067	mouse25	Sox17	Sox17_4	066 CNU-HYa HY GABA	-1
TAAGTCAAGCCACAGAGAAGGGCATC-1:SCP067	mouse8	Gucy2c	Gucy2c_1	066 CNU-HYa HY GABA	-1
TAATCATGTATGAGTGTGCCCTTACT-1:SCP067	mouse18	Nsun2	Nsun2_4	215 MB Dopa	-1
TAATCATGTGTTGAGAAGGCTGGATG-1:SCP067	mouse19	Sdha	Sdha_2	066 CNU-HYa HY GABA	-1
TAATCGAAGGCTACAGATACTGGGCA-1:SCP067	mouse23	Vldlr	Vldlr_1	215 MB Dopa	-1
TAATGTTGTCCCATCTCTCCCAACAC-1:SCP067	mouse7	Phox2b	Phox2b_1	215 MB Dopa	-1
TAATTGCTCGTGCGAAGAATGGGAAG-1:SCP067	mouse3	Tnik	Tnik_3	066 CNU-HYa HY GABA	-1
TACCGTTCAGATTAGTCTTGGATGGC-1:SCP067	mouse12	Nr5a1	Nr5a1_4	054 CNU-MGE GABA	-1
TACGTTGTCCCATTGAGCCTCCCAAT-1:SCP067	mouse23	Aco2	Aco2_1	066 CNU-HYa HY GABA	-1
TACGTTTAGTCAGCAGACGGATATCA-1:SCP067	mouse12	Arid1b	Arid1b_1	066 CNU-HYa HY GABA	-1
TACTCCGCACAGTTAGGTAGTTCTAG-1:SCP067	mouse18	Prdm2	Prdm2_1	215 MB Dopa	-1
TACTCGCAGCGGGAAGTGTGTCCGCA-1:SCP067	mouse18	Ano3	Ano3_2	054 CNU-MGE GABA	-1
TACTGATTCCCCGACACTCCCTCCTA-1:SCP067	mouse23	Prr12	Prr12_3	215 MB Dopa	-1
TACTTCACATAGTTGGTGTCCCGAAT-1:SCP067	mouse18	Hoxa1	Hoxa1_3	066 CNU-HYa HY GABA	-1
TACTTGTAGTCAACTTCTACATACTC-1:SCP067	mouse11	Kcnq2	Kcnq2_1	215 MB Dopa	-1
TACTTTCGTCGACCGTTGCAGTAACT-1:SCP067	mouse13	Rasa2	Rasa2_2	066 CNU-HYa HY GABA	-1
TAGCCACTCTATCGTGTGCTCCACCT-1:SCP067	mouse17	Non_target	Non_target_205	066 CNU-HYa HY GABA	-1
TAGCGCTTCGAGGTCACATTCCCAAT-1:SCP067	mouse6	Syncrip	Syncrip_2	066 CNU-HYa HY GABA	-1
TAGTATCTCCACGCATGAATGGGAAG-1:SCP067	mouse3	Foxn1	Foxn1_2	215 MB Dopa	-1
TATATAGCATTCGCTGACAGGCGAAC-1:SCP067	mouse16	Stub1	Stub1_3	066 CNU-HYa HY GABA	-1
TATCCATAGTTAACCTCACCTCTCCA-1:SCP067	mouse11	Cdc42	Cdc42_4	110 CNU-HYa HY MM Glut	-1
TATCCTGAGGTACCCTCGGTACCTTG-1:SCP067	mouse13	Aff3	Aff3_1	066 CNU-HYa HY GABA	-1
TATGCTCCACTTCGATTGGCTTATTC-1:SCP067	mouse18	Ago2	Ago2_1	039 OB-IMN GABA	-1
TCAATCAGTGGTTCATCAAAGGCAAG-1:SCP067	mouse18	Ctnnd2	Ctnnd2_3	066 CNU-HYa HY GABA	-1
TCAATCTAGCCTAATTGTAGGCACTA-1:SCP067	mouse22	Gata6	Gata6_3	066 CNU-HYa HY GABA	-1
TCAATGGCATTAGGGCCGGGTCTTTG-1:SCP067	mouse11	Nop56	Nop56_2	066 CNU-HYa HY GABA	-1
TCACATTAGTTGCATTCTCGCTGAGA-1:SCP067	mouse23	Nkx3-1	Nkx3-1_2	066 CNU-HYa HY GABA	-1
TCAGGATAGCCCGATTCTCCACGCAT-1:SCP067	mouse22	Prkaa2	Prkaa2_3	066 CNU-HYa HY GABA	-1
TCCCCTTCACCACACCACACCTGCTG-1:SCP067	mouse8	Or51e2	Or51e2_1	215 MB Dopa	-1
TCCTACCGTTTAGGAGCTGTTGTAGT-1:SCP067	mouse8	Rab3gap2	Rab3gap2_4	066 CNU-HYa HY GABA	-1
TCCTCTGTCTAGAGGTCTCTCCCAGA-1:SCP067	mouse15	Cntnap1	Cntnap1_4	066 CNU-HYa HY GABA	-1
TCGACAACACAGTTAGCTCCACGCAT-1:SCP067	mouse22	Sh3kbp1	Sh3kbp1_2	066 CNU-HYa HY GABA	-1
TCGAGTGAGCAAGGTTATAAGCCCGC-1:SCP067	mouse16	Npr2	Npr2_2	215 MB Dopa	-1
TCGCCCAAGAGTCCCTCTCATACAAC-1:SCP067	mouse19	Notch1	Notch1_4	066 CNU-HYa HY GABA	-1
TCGCGGGAGGTAATTGCTTGCTTCCT-1:SCP067	mouse25	Chrna2	Chrna2_2	066 CNU-HYa HY GABA	-1
TCGCGGGAGGTACCCTGAATGGATTC-1:SCP067	mouse19	Tubb2a	Tubb2a_1	215 MB Dopa	-1
TCGCGTGTCAAGCTCCGTAGCTTGAT-1:SCP067	mouse18	Scamp5	Scamp5_3	066 CNU-HYa HY GABA	-1
TCGGCCATCTCGATCAACCGCCATAC-1:SCP067	mouse20	Grik1	Grik1_1	215 MB Dopa	-1
TCGGGCGAGCCTTCCCACGGTACGAC-1:SCP067	mouse11	Gad1	Gad1_3	066 CNU-HYa HY GABA	-1
TCGTAGCTCACACTTGACGACTAACT-1:SCP067	mouse19	Mboat7	Mboat7_1	215 MB Dopa	-1
TCGTGAGAGGCACTTCGACAACATCA-1:SCP067	mouse16	Zfp266	Zfp266_1	066 CNU-HYa HY GABA	-1
TCGTTATAGTCATTACGTCGGATATG-1:SCP067	mouse11	Clcn3	Clcn3_3	215 MB Dopa	-1
TCTAAATGTGATCCTGAGCTGGCTAC-1:SCP067	mouse14	Ift43	Ift43_2	215 MB Dopa	-1
TCTAGCCAGACCCAAGCTCACGGACA-1:SCP067	mouse11	Col2a1	Col2a1_4	066 CNU-HYa HY GABA	-1
TGAATTACATCCATACACAGGCGAAC-1:SCP067	mouse16	Litaf	Litaf_2	215 MB Dopa	-1
TGAATTACATGAGGAGTGAGCTCATA-1:SCP067	mouse4	Glp1r	Glp1r_1	066 CNU-HYa HY GABA	-1
TGACACCTCACATGCCCATTCCCAAT-1:SCP067	mouse6	Ednra	Ednra_1	066 CNU-HYa HY GABA	-1
TGACATCGTGGTTAAGTCAATGGAAG-1:SCP067	mouse24	Neurod1	Neurod1_1	066 CNU-HYa HY GABA	-1
TGAGCCTTCTCGATCATGCCTCCATG-1:SCP067	mouse4	Actb	Actb_3	054 CNU-MGE GABA	-1
TGAGCGATCGTTACTGGTAGGCACTA-1:SCP067	mouse22	Hesx1	Hesx1_1	054 CNU-MGE GABA	-1
TGAGGTCCAGTACGGTCTCCCTGTCA-1:SCP067	mouse11	Nr2e3	Nr2e3_4	066 CNU-HYa HY GABA	-1
TGATTCTAGAAGCATCGAAACCATGC-1:SCP067	mouse15	Epha4	Epha4_3	066 CNU-HYa HY GABA	-1
TGCATCCAGGCGTGACACTATTGGGA-1:SCP067	mouse13	Rfx7	Rfx7_2	066 CNU-HYa HY GABA	-1
TGCATGCTCACCCTAATCGTAAGCCA-1:SCP067	mouse23	Flt4	Flt4_3	066 CNU-HYa HY GABA	-1
TGCCATTCATTGAGGCCTCTATCTCA-1:SCP067	mouse16	Non_target	Non_target_372	215 MB Dopa	-1
TGCCCCTTCCTCCTATTCGATCAAAC-1:SCP067	mouse21	Ephb2	Ephb2_2	066 CNU-HYa HY GABA	-1
TGCGCAGCATTACTCAACCCTATATC-1:SCP067	mouse21	P2rx2	P2rx2_3	066 CNU-HYa HY GABA	-1
TGCGTGCGTACCTGGCGAACGAAGGA-1:SCP067	mouse24	Akap6	Akap6_1	054 CNU-MGE GABA	-1
TGCGTGCGTATCGCCACTCAACAGTC-1:SCP067	mouse7	Herc1	Herc1_3	215 MB Dopa	-1
TGGCGAGGTTGTCCTCGAGAACAAGA-1:SCP067	mouse18	Klhl7	Klhl7_1	066 CNU-HYa HY GABA	-1
TGGCGTAAGAACCCAGTCGGGCTTGA-1:SCP067	mouse25	Hras	Hras_2	215 MB Dopa	-1
TGGCGTAAGACCAGCACACCGTTGGT-1:SCP067	mouse18	Gata6	Gata6_3	066 CNU-HYa HY GABA	-1
TGGCGTTTCTTGCCTTCTATACTGCA-1:SCP067	mouse24	Setd1a	Setd1a_2	066 CNU-HYa HY GABA	-1
TGGGACTCAAACGTATGAGACCTTGT-1:SCP067	mouse17	Etv6	Etv6_1	215 MB Dopa	-1
TGGTGTTGTAGTCCTGGAGCTAAATG-1:SCP067	mouse8	Meis2	Meis2_4	066 CNU-HYa HY GABA	-1
TGTACAGCAAGATTACCGCACAGTAT-1:SCP067	mouse11	Polr3b	Polr3b_4	066 CNU-HYa HY GABA	-1
TGTATTATCGTTCACAATGACACGCT-1:SCP067	mouse9	Uqcrq	Uqcrq_1	066 CNU-HYa HY GABA	-1
TGTCAGCTCGACCCATTGGCAATACA-1:SCP067	mouse22	Il10rb	Il10rb_1	066 CNU-HYa HY GABA	-1
TGTGAAATCCCATCCCTCCGCGGATA-1:SCP067	mouse23	Syngap1	Syngap1_1	215 MB Dopa	-1
TGTGGAAGTACCTAGTCAGCGAATGA-1:SCP067	mouse21	Zfp341	Zfp341_3	066 CNU-HYa HY GABA	-1
TGTGTTGTCAACCGGAGAGTAGGCAT-1:SCP067	mouse18	Uqcrc1	Uqcrc1_4	215 MB Dopa	-1
AAACGACTCTTGAGTTAGGTCGGTCT-1:SCP068	mouse18	Flvcr1	Flvcr1_3	215 MB Dopa	-1
AAACTTACATGAGGAGCAACTCAAAC-1:SCP068	mouse9	Ndn	Ndn_4	066 CNU-HYa HY GABA	-1
AAAGCTCAGGGCGTGTCTCTATCTCA-1:SCP068	mouse16	Oprl1	Oprl1_2	215 MB Dopa	-1
AAATCAGTCGGATATAATACTGGGCA-1:SCP068	mouse23	Fam120a	Fam120a_1	054 CNU-MGE GABA	-1
AAATGAGCAGAATGGGCTCTGAGTCA-1:SCP068	mouse13	Bckdhb	Bckdhb_2	066 CNU-HYa HY GABA	-1
AAATGTAGTGCTTAACCTTCACAAAC-1:SCP068	mouse7	Stat5b	Stat5b_4	215 MB Dopa	-1
AAATGTTAGACTCAGGCTGTTGTAGT-1:SCP068	mouse8	Rorc	Rorc_3	110 CNU-HYa HY MM Glut	-1
AACATAGTCGCGTCCAACCTCTGGTA-1:SCP068	mouse21	Nbea	Nbea_4	066 CNU-HYa HY GABA	-1
AACCTTGTCTTCATCCCTTCACAAAC-1:SCP068	mouse7	Non_target	Non_target_197	066 CNU-HYa HY GABA	-1
AACGTAATCGCCTATAAGGCACGCAT-1:SCP068	mouse12	Hbs1l	Hbs1l_3	066 CNU-HYa HY GABA	-1
AACGTAATCTTCGTCTACAGGAGTCA-1:SCP068	mouse20	Rhobtb2	Rhobtb2_1	066 CNU-HYa HY GABA	-1
AACTAACCATTGAAGTAGGTGTTTAC-1:SCP068	mouse24	Rgma	Rgma_3	066 CNU-HYa HY GABA	-1
AACTGCCTCTAATTGCGAAGCTGGGT-1:SCP068	mouse24	Non_target	Non_target_4	066 CNU-HYa HY GABA	-1
AAGCGGACACGTGCCTGCCATGGAAC-1:SCP068	mouse22	Non_target	Non_target_58	054 CNU-MGE GABA	-1
AAGCGTTAGACCCATCTCGTAAGCCA-1:SCP068	mouse23	Spred1	Spred1_2	066 CNU-HYa HY GABA	-1
AAGGAGTCACTTCCAGTGCCTATAGT-1:SCP068	mouse11	Brd4	Brd4_2	066 CNU-HYa HY GABA	-1
AAGGCAAAGAACCGTGTGAGCTCATA-1:SCP068	mouse4	Vps13a	Vps13a_3	066 CNU-HYa HY GABA	-1
AAGGCGCTCATCATACCTCCCGTTTA-1:SCP068	mouse20	Cyc1	Cyc1_4	066 CNU-HYa HY GABA	-1
AAGGCTCCACTTCGGCGTCGTAAACA-1:SCP068	mouse11	Esrra	Esrra_3	215 MB Dopa	-1
AAGGGTAAGGCATGTGACAATCGACT-1:SCP068	mouse18	Mesp2	Mesp2_3	066 CNU-HYa HY GABA	-1
AAGGTCCCACAAGGCTTCGGGCAACA-1:SCP068	mouse22	Zfp609	Zfp609_4	066 CNU-HYa HY GABA	-1
AAGTATGTCTGGGACACTTGCTTCCT-1:SCP068	mouse25	Egr2	Egr2_3	039 OB-IMN GABA	-1
AATCACCGTACAGGGTAGGATTGAAC-1:SCP068	mouse9	Sh3kbp1	Sh3kbp1_3	110 CNU-HYa HY MM Glut	-1
AATCGTTTCCTCTAAGCTACTCATCA-1:SCP068	mouse25	Plxnd1	Plxnd1_1	066 CNU-HYa HY GABA	-1
AATCTAACAATTAAGCAGGCTGGATG-1:SCP068	mouse19	Epha10	Epha10_4	066 CNU-HYa HY GABA	-1
AATCTGGCAGACATTGTGGCTTATTC-1:SCP068	mouse18	Non_target	Non_target_348	215 MB Dopa	-1
ACAACTGCACGGGTATGAAGGTCCCA-1:SCP068	mouse13	Tbx1	Tbx1_1	066 CNU-HYa HY GABA	-1
ACAATTACAAAGTAAGACCTACCAAC-1:SCP068	mouse22	Vapb	Vapb_1	215 MB Dopa	-1
ACAATTACATGCTGAAACCCAGCAAG-1:SCP068	mouse16	Nefh	Nefh_2	066 CNU-HYa HY GABA	-1
ACACCGTTCTGCACTACTCACGGACA-1:SCP068	mouse11	Lamp2	Lamp2_1	066 CNU-HYa HY GABA	-1
ACAGCTGAGGGGACAGCAAGCCCTCA-1:SCP068	mouse20	Snf8	Snf8_1	066 CNU-HYa HY GABA	-1
ACAGGCATCCAAGTGGGCACGCGTTA-1:SCP068	mouse4	Ndufa13	Ndufa13_1	066 CNU-HYa HY GABA	-1
ACATCCATCGATGTCCGAGACCTTGT-1:SCP068	mouse17	Katnip	D430042O09Rik_3	066 CNU-HYa HY GABA	-1
ACATTGAAGCCACTTAACTAAACGCT-1:SCP068	mouse24	Bckdhb	Bckdhb_4	054 CNU-MGE GABA	-1
ACATTTCAGTTCGGCTACCGTTATGT-1:SCP068	mouse26	Col2a1	Col2a1_2	066 CNU-HYa HY GABA	-1
ACCAATGCATCCTTCCCTAACGTGAG-1:SCP068	mouse23	Bicc1	Bicc1_1	215 MB Dopa	-1
ACCACGTTCTCGACCGCTATCTTGTG-1:SCP068	mouse25	Otulin	Otulin_4	066 CNU-HYa HY GABA	-1
ACCCGCTCAAGACTATCAAAGCATCA-1:SCP068	mouse4	Kmt2d	Kmt2d_2	054 CNU-MGE GABA	-1
ACCGCAAAGTAAGGTCTGTTTCTGGT-1:SCP068	mouse8	Pgr	Pgr_2	054 CNU-MGE GABA	-1
ACCGGTGCAGCTTGGGAGGAAATCCA-1:SCP068	mouse20	Sucla2	Sucla2_3	066 CNU-HYa HY GABA	-1
ACGAAGGCAATGTAACGATGCTGGCA-1:SCP068	mouse15	Mapk8ip1	Mapk8ip1_1	215 MB Dopa	-1
ACGACACCATGATTCCACCTACCAAC-1:SCP068	mouse22	Tbx1	Tbx1_3	066 CNU-HYa HY GABA	-1
ACGACTGAGGGCAACCATCGGTCGGA-1:SCP068	mouse23	Sox11	Sox11_2	215 MB Dopa	-1
ACGCGTGCAGGGTCTGAGCAATCTGC-1:SCP068	mouse24	Cit	Cit_4	066 CNU-HYa HY GABA	-1
ACGCGTTTCGTCTAGCACGTCAACCA-1:SCP068	mouse6	Tfcp2	Tfcp2_4	215 MB Dopa	-1
ACGTAAGGTTGGGATAGCCTCCCAAT-1:SCP068	mouse23	Non_target	Non_target_17	066 CNU-HYa HY GABA	-1
ACTATCTAGCCTAGTCAGATCCGACT-1:SCP068	mouse26	Rptor	Rptor_3	066 CNU-HYa HY GABA	-1
ACTATGGCAATTCGGAACCTGGTTGT-1:SCP068	mouse6	Bicc1	Bicc1_2	215 MB Dopa	-1
ACTCAGGAGGCTTCACCAAGGTGTTC-1:SCP068	mouse15	Bicc1	Bicc1_4	066 CNU-HYa HY GABA	-1
ACTCATTAGTTGCGTCCAAAGGCAAG-1:SCP068	mouse18	Cox11	Cox11_4	215 MB Dopa	-1
ACTGGGATCTACCCAAACCCTAAGAC-1:SCP068	mouse9	Wnk3	Wnk3_4	215 MB Dopa	-1
ACTTGAGCAGAGCCTGCTTAGGGCCT-1:SCP068	mouse11	Tbc1d32	Tbc1d32_4	215 MB Dopa	-1
AGAAGTTGTGAGGAGATGCCTATAGT-1:SCP068	mouse11	Notch2	Notch2_1	066 CNU-HYa HY GABA	-1
AGAATCCAGCTCGTTAGAGGTACCTC-1:SCP068	mouse15	Zbtb16	Zbtb16_3	215 MB Dopa	-1
AGAATCCAGTGGATTATGCAGTTGGT-1:SCP068	mouse2	Kcnn2	Kcnn2_2	066 CNU-HYa HY GABA	-1
AGACACTAGGGCAATTCTCGCTGAGA-1:SCP068	mouse23	Atxn7	Atxn7_3	215 MB Dopa	-1
AGACTTAAGACGCAATAGGCTGGATG-1:SCP068	mouse19	Hnrnpdl	Hnrnpdl_3	066 CNU-HYa HY GABA	-1
AGAGATACATACCGTTCAATCCAGGT-1:SCP068	mouse15	Hdgf	Hdgf_4	066 CNU-HYa HY GABA	-1
AGAGGTGCATGGTAATTGCCTCCATG-1:SCP068	mouse4	Acox1	Acox1_4	066 CNU-HYa HY GABA	-1
AGCAAGCGTTACCGTGGAAGCTTAAC-1:SCP068	mouse6	Ror2	Ror2_1	066 CNU-HYa HY GABA	-1
AGCACTGAGAGATAGGCTACTTTCGT-1:SCP068	mouse1	Dab1	Dab1_3	066 CNU-HYa HY GABA	-1
AGCCACAAGCTTGGTCTGGGATTCTG-1:SCP068	mouse22	Non_target	Non_target_355	215 MB Dopa	-1
AGCCTCTAGATCCTGCCACCGTTGGT-1:SCP068	mouse18	Gal	Gal_1	066 CNU-HYa HY GABA	-1
AGGATAACAACGGCCACATCCGTGAT-1:SCP068	mouse23	Lman2l	Lman2l_4	215 MB Dopa	-1
AGGTTCGAGATCAGTAAGCTGGCTAC-1:SCP068	mouse14	Neurod1	Neurod1_4	066 CNU-HYa HY GABA	-1
AGTAAGTGTGTTCGGCACAAGCTTGT-1:SCP068	mouse5	Ptch2	Ptch2_4	215 MB Dopa	-1
AGTAATTAGCTGGTTCCATGACCAGA-1:SCP068	mouse16	Lepr	Lepr_1	215 MB Dopa	-1
AGTATCCGTGTAACTCTGCCTCCATG-1:SCP068	mouse4	Spata7	Spata7_1	215 MB Dopa	-1
AGTCGTCTCACAGGCACTGAAGCCTG-1:SCP068	mouse4	Ifngr1	Ifngr1_3	066 CNU-HYa HY GABA	-1
AGTCGTCTCCGAACGACTTCACGTTC-1:SCP068	mouse10	Prdx1	Prdx1_1	066 CNU-HYa HY GABA	-1
AGTGAGAAGCCTGCCAGTACGTCCCT-1:SCP068	mouse22	Gfpt1	Gfpt1_1	066 CNU-HYa HY GABA	-1
AGTGGACGTCTCCTTACATTTACCTG-1:SCP068	mouse8	Zic1	Zic1_3	066 CNU-HYa HY GABA	-1
AGTGGCGGTGCCCAACCTATAGACCT-1:SCP068	mouse20	Smad2	Smad2_1	066 CNU-HYa HY GABA	-1
ATAACCAAGGCATGTGGAAGCTGGGT-1:SCP068	mouse24	Snx10	Snx10_1	066 CNU-HYa HY GABA	-1
ATAAGTGTCCTGCCTCCACGCCATTC-1:SCP068	mouse23	Nfib	Nfib_1	215 MB Dopa	-1
ATAATGAGTTAACCACCTATTCGAAG-1:SCP068	mouse9	Cep164	Cep164_4	066 CNU-HYa HY GABA	-1
ATACAGCAGCGATTCCACCCAGCAAG-1:SCP068	mouse16	Ebf1	Ebf1_1	215 MB Dopa	-1
ATACCGTGTGATCCCAACAGACCGTC-1:SCP068	mouse15	Limk1	Limk1_3	054 CNU-MGE GABA	-1
ATAGCAGGTGCCTGGTCATGAATGCT-1:SCP068	mouse8	Pign	Pign_4	066 CNU-HYa HY GABA	-1
ATATCTATCCTTCACTGAGGAGAACT-1:SCP068	mouse3	Il10ra	Il10ra_4	066 CNU-HYa HY GABA	-1
ATCAATTGTACAGGGTCATGGTTCTA-1:SCP068	mouse10	Tecr	Tecr_3	066 CNU-HYa HY GABA	-1
ATCAGGGTCTCCTAAGTGGTTTAGCA-1:SCP068	mouse8	Tmem165	Tmem165_4	215 MB Dopa	-1
ATCATGAAGTACTGGGTCGTTCCATA-1:SCP068	mouse11	Nup93	Nup93_4	215 MB Dopa	-1
ATCCCAATCTGTGGCTACGACTAACT-1:SCP068	mouse19	Syngap1	Syngap1_2	066 CNU-HYa HY GABA	-1
ATCCGACTCAATGCAACATCCGTGAT-1:SCP068	mouse23	Fzd6	Fzd6_4	066 CNU-HYa HY GABA	-1
ATCGCGGCACAAGGGAGTGAAACGTC-1:SCP068	mouse13	Etfa	Etfa_3	215 MB Dopa	-1
ATGAATCCACGTTGGGTGGGATCCCA-1:SCP068	mouse9	Atp8a2	Atp8a2_1	066 CNU-HYa HY GABA	-1
ATGCGTCTCGAGCGACTGGCAATACA-1:SCP068	mouse22	Ednrb	Ednrb_1	215 MB Dopa	-1
ATGGGTAGTTTCCAGGTGGCGGTATG-1:SCP068	mouse22	Gucy2c	Gucy2c_2	066 CNU-HYa HY GABA	-1
ATGTGCGAGCCTGTGTAGGCGGACAT-1:SCP068	mouse19	Wdr26	Wdr26_4	215 MB Dopa	-1
ATTAAGCCAACCTCGCTCGACTAAGA-1:SCP068	mouse9	Gpc6	Gpc6_3	066 CNU-HYa HY GABA	-1
ATTAAGTAGGACTAACCTAGTCCTTC-1:SCP068	mouse18	Ndufb11	Ndufb11_1	215 MB Dopa	-1
ATTACCAGTTCGCTGAACAAGCTTGT-1:SCP068	mouse5	Foxe3	Foxe3_1	066 CNU-HYa HY GABA	-1
ATTCAAGAGCTGTCGTAGCCTGTCCT-1:SCP068	mouse15	Deaf1	Deaf1_2	066 CNU-HYa HY GABA	-1
ATTCATGGTGAGATATGACGGGATAC-1:SCP068	mouse10	Rxrg	Rxrg_4	066 CNU-HYa HY GABA	-1
ATTCCCCGTTCGCAGCGTAGTTCTAG-1:SCP068	mouse18	Qrich1	Qrich1_4	066 CNU-HYa HY GABA	-1
ATTCTAATCGACCTCGACATGCCCGA-1:SCP068	mouse18	Cox8a	Cox8a_4	215 MB Dopa	-1
ATTGGACAGCTATACTCTCAACAGTC-1:SCP068	mouse7	Slc52a2	Slc52a2_2	066 CNU-HYa HY GABA	-1
ATTGGACAGTGAGAGATGCTCCACCT-1:SCP068	mouse17	Nfx1	Nfx1_2	054 CNU-MGE GABA	-1
ATTGTCGTCGCTAGAGACAAAGGTCT-1:SCP068	mouse12	Non_target	Non_target_358	215 MB Dopa	-1
ATTGTGCGTAGCACTTACAACGGGCA-1:SCP068	mouse7	Nr6a1	Nr6a1_4	066 CNU-HYa HY GABA	-1
ATTGTGCGTCTCCTTATCGACTTCAC-1:SCP068	mouse8	Xiap	Xiap_1	054 CNU-MGE GABA	-1
CAACGGTCACCCAGCTACCAAGAACT-1:SCP068	mouse11	Sos1	Sos1_1	215 MB Dopa	-1
CAACTCATCCAGAGATCTACATACTC-1:SCP068	mouse11	S1pr2	S1pr2_2	066 CNU-HYa HY GABA	-1
CAAGCGCAGGTACGCACTCAACAGTC-1:SCP068	mouse7	Nr5a1	Nr5a1_4	066 CNU-HYa HY GABA	-1
CAAGTCTGTTTCCGTCGCGTTTAAAC-1:SCP068	mouse6	Snta1	Snta1_2	066 CNU-HYa HY GABA	-1
CAATACTTCTGGTTGCCTCCTCTTGA-1:SCP068	mouse17	Non_target	Non_target_83	215 MB Dopa	-1
CACAAGGTCGACCTCGCTTGCCTTGT-1:SCP068	mouse15	Atp13a2	Atp13a2_1	066 CNU-HYa HY GABA	-1
CACACTTCAGTTGGTATCTCGATGGC-1:SCP068	mouse23	Chrna5	Chrna5_3	066 CNU-HYa HY GABA	-1
CACAGCGCATAGGATTAGTATGGCTG-1:SCP068	mouse13	Cox5a	Cox5a_2	066 CNU-HYa HY GABA	-1
CACAGTTGTGCTGGCTACGAGGTGGA-1:SCP068	mouse11	Il1r1	Il1r1_1	110 CNU-HYa HY MM Glut	-1
CACGCCCAGCATCACCACAAGCTTGT-1:SCP068	mouse5	B3gat3	B3gat3_4	215 MB Dopa	-1
CACGGTAAGATAGACCGAATCCTAAG-1:SCP068	mouse19	Ndn	Ndn_1	066 CNU-HYa HY GABA	-1
CACTACCAGTACTAAGGAAACCATGC-1:SCP068	mouse15	Sox3	Sox3_4	066 CNU-HYa HY GABA	-1
CAGCAATAGGTAGGCCACAGGCGAAC-1:SCP068	mouse16	Aff3	Aff3_3	215 MB Dopa	-1
CAGCGAATCGATCGCTATGACGTTCA-1:SCP068	mouse12	Alx4	Alx4_1	066 CNU-HYa HY GABA	-1
CAGGACTCACCACAGGCTCGCTGAGA-1:SCP068	mouse23	Or51e2	Or51e2_1	215 MB Dopa	-1
CAGTACCTCCCAACTACTAAAGTTCG-1:SCP068	mouse12	Flnb	Flnb_3	066 CNU-HYa HY GABA	-1
CATACTTAGGGTCAGCCTCCCTCCTA-1:SCP068	mouse23	St3gal3	St3gal3_1	215 MB Dopa	-1
CATCCTGCATGGTGTATCCAGCCAGA-1:SCP068	mouse6	Mapk8ip1	Mapk8ip1_1	066 CNU-HYa HY GABA	-1
CATTAACTCTATCGTGGAACGGAACA-1:SCP068	mouse26	Ttll5	Ttll5_2	215 MB Dopa	-1
CCAACCTAGTTGCACCCACTTCCTAC-1:SCP068	mouse23	Ufc1	Ufc1_4	066 CNU-HYa HY GABA	-1
CCAACGAAGGGCTGGTAGGTATGTAG-1:SCP068	mouse20	Erf	Erf_2	066 CNU-HYa HY GABA	-1
CCACGCATCGTACCCGGCGTTTCCTG-1:SCP068	mouse10	Atp13a2	Atp13a2_2	215 MB Dopa	-1
CCAGTTTCAAATCTGGACCCTATATC-1:SCP068	mouse21	Kcnq2	Kcnq2_1	059 CNU-LGE LSX GABA	-1
CCAGTTTCAATCTGTCACAAAGGTCT-1:SCP068	mouse12	Mboat7	Mboat7_4	066 CNU-HYa HY GABA	-1
CCATCCCTCCGACATCGTAGGCACTA-1:SCP068	mouse22	Pde4b	Pde4b_2	066 CNU-HYa HY GABA	-1
CCCTTTAGTATTGCGTAGGACTAAAG-1:SCP068	mouse10	Nrg3	Nrg3_2	215 MB Dopa	-1
CCGAATGAGGGATGAACATCCGTGAT-1:SCP068	mouse23	Gpc6	Gpc6_3	066 CNU-HYa HY GABA	-1
CCGATTTCATGCTGAAGAAGCAATAG-1:SCP068	mouse14	Prokr2	Prokr2_1	066 CNU-HYa HY GABA	-1
CCGTGTCCACTCGTCACAAGAGGGCT-1:SCP068	mouse19	Glis3	Glis3_1	066 CNU-HYa HY GABA	-1
CCGTTCGAGGCTTAGGACCTGGGAAG-1:SCP068	mouse25	Tnfrsf1a	Tnfrsf1a_2	215 MB Dopa	-1
CCTACTAAGCCAACCTTCCAGCCAGA-1:SCP068	mouse6	Chmp4b	Chmp4b_4	215 MB Dopa	-1
CCTGCTACACAGATCAGCCTCCCAAT-1:SCP068	mouse23	Il12rb1	Il12rb1_1	066 CNU-HYa HY GABA	-1
CCTGCTACATCAGCAAGCGTTTAAAC-1:SCP068	mouse6	Oxtr	Oxtr_3	066 CNU-HYa HY GABA	-1
CCTGTTGCATCCTTCCTCGTAAGCCA-1:SCP068	mouse23	Htr3a	Htr3a_1	110 CNU-HYa HY MM Glut	-1
CGAATCTGTAGTGGCGCTAACGTGAG-1:SCP068	mouse23	Nrg3	Nrg3_2	066 CNU-HYa HY GABA	-1
CGACACAAGAGCTGGCCACGAAGTTA-1:SCP068	mouse13	Spred1	Spred1_3	066 CNU-HYa HY GABA	-1
CGACTACTCTGAGTGGCTTAGGGCCT-1:SCP068	mouse11	Adra2b	Adra2b_3	066 CNU-HYa HY GABA	-1
CGAGCGAGTGCGCGAAGTGCGGTAAG-1:SCP068	mouse15	Chd8	Chd8_3	066 CNU-HYa HY GABA	-1
CGAGTCAAGGAGGAGTGCTATCGATA-1:SCP068	mouse7	Lrp8	Lrp8_1	215 MB Dopa	-1
CGATCCGTCTAACTGTCATGACGGTG-1:SCP068	mouse21	Zbtb38	Zbtb38_3	066 CNU-HYa HY GABA	-1
CGATGGGGTGTCTATACTCAGCCATC-1:SCP068	mouse4	Ndufs7	Ndufs7_1	066 CNU-HYa HY GABA	-1
CGATGGGGTTCTGTCCGACGGGATAC-1:SCP068	mouse10	Thap11	Thap11_3	066 CNU-HYa HY GABA	-1
CGATTTAGTCCACACACATCCGTGAT-1:SCP068	mouse23	Akap9	Akap9_4	215 MB Dopa	-1
CGATTTAGTGCCGGAACTTCGTTATC-1:SCP068	mouse8	Non_target	Non_target_112	215 MB Dopa	-1
CGCACAGCATAACCTCTGTCCCGAAT-1:SCP068	mouse18	Gata4	Gata4_4	066 CNU-HYa HY GABA	-1
CGCATAACATGACGACTCGGTATTGT-1:SCP068	mouse23	Ep300	Ep300_3	215 MB Dopa	-1
CGCGTTCCAACCTCGCATGACACGCT-1:SCP068	mouse9	Snrpb	Snrpb_3	066 CNU-HYa HY GABA	-1
CGGAAACGTATGTGGACATCCGTGAT-1:SCP068	mouse23	Hoxd13	Hoxd13_4	215 MB Dopa	-1
CGGCGCTTCACGGAATTGTGTCCGCA-1:SCP068	mouse18	Rhobtb2	Rhobtb2_3	066 CNU-HYa HY GABA	-1
CGGCGCTTCCGTGATCACCAAGAACT-1:SCP068	mouse11	Sod2	Sod2_2	215 MB Dopa	-1
CGGTCTCCACAAGCCGAGCCCTGCAT-1:SCP068	mouse9	Afg3l2	Afg3l2_1	066 CNU-HYa HY GABA	-1
CGGTCTCCATCCCAATGAAACCATGC-1:SCP068	mouse15	Rorb	Rorb_1	066 CNU-HYa HY GABA	-1
CGTACCGTCCTCCTGCGACGGGATAC-1:SCP068	mouse10	Nfic	Nfic_4	066 CNU-HYa HY GABA	-1
CGTGGATCACTTACCGCTTCGTTATC-1:SCP068	mouse8	Non_target	Non_target_70	066 CNU-HYa HY GABA	-1
CGTTTCAAGCATTGGGACGGATATCA-1:SCP068	mouse12	Hoxa3	Hoxa3_1	215 MB Dopa	-1
CTACATAGTTAGCTTAACAAGCTTGT-1:SCP068	mouse5	Prop1	Prop1_4	215 MB Dopa	-1
CTAGGTTGTAACCGGGACCTGGTTGT-1:SCP068	mouse6	Non_target	Non_target_19	066 CNU-HYa HY GABA	-1
CTATCTTGTCTGGATTCTCCGTACTG-1:SCP068	mouse18	Rnf216	Rnf216_3	066 CNU-HYa HY GABA	-1
CTATTCCTCAGTAGTAGTGAAACGTC-1:SCP068	mouse13	Nr1h4	Nr1h4_3	066 CNU-HYa HY GABA	-1
CTCACGCCATGAACCAACAAAGGTCT-1:SCP068	mouse12	Chn1	Chn1_3	066 CNU-HYa HY GABA	-1
CTCCGGATCGGTCTACATAAGCCCGC-1:SCP068	mouse16	Non_target	Non_target_251	066 CNU-HYa HY GABA	-1
CTCCGTGAGATCCTGCAGATAAGCCA-1:SCP068	mouse25	Far1	Far1_2	066 CNU-HYa HY GABA	-1
CTGCAACTCAATCGCCACCTGGTTGT-1:SCP068	mouse6	Smad2	Smad2_1	215 MB Dopa	-1
CTGCTGTAGATCAAGCCATCGGTAAG-1:SCP068	mouse26	Dll1	Dll1_4	066 CNU-HYa HY GABA	-1
CTGGGCACACTGATGAACCCTAGGGT-1:SCP068	mouse18	Trim37	Trim37_2	066 CNU-HYa HY GABA	-1
CTGTGTGGTCGCATATACCCGTACAC-1:SCP068	mouse11	Pnkd	Pnkd_3	066 CNU-HYa HY GABA	-1
CTGTTCAAGACACGCACTCCACGCAT-1:SCP068	mouse22	Mef2d	Mef2d_3	215 MB Dopa	-1
CTTACATAGCTAGAGTTCTCGATGGC-1:SCP068	mouse23	Ndufb11	Ndufb11_2	215 MB Dopa	-1
CTTACGTCACTTACCGGTATGGAAAC-1:SCP068	mouse22	Cep83	Cep83_1	066 CNU-HYa HY GABA	-1
CTTAGTAGTTCGCAGCGACAACATCA-1:SCP068	mouse16	Slc1a1	Slc1a1_1	215 MB Dopa	-1
CTTAGTTAGATAGACCACAAGCGGAT-1:SCP068	mouse9	Dnajc6	Dnajc6_1	215 MB Dopa	-1
CTTATCCTCGAGCGACCAATCCAGGT-1:SCP068	mouse15	Arhgap32	Arhgap32_4	215 MB Dopa	-1
CTTATGAGTGCGCATCCTTCACAAAC-1:SCP068	mouse7	Vps35	Vps35_3	066 CNU-HYa HY GABA	-1
CTTATGAGTGGTTAAGCAAGCCCTCA-1:SCP068	mouse20	Fgfr1	Fgfr1_2	066 CNU-HYa HY GABA	-1
CTTCACCGTTTCCTGCGAGCGGATTA-1:SCP068	mouse21	Nr2f2	Nr2f2_2	054 CNU-MGE GABA	-1
CTTCGCTGTAATCCGTGTATACTCGT-1:SCP068	mouse23	Smad6	Smad6_1	066 CNU-HYa HY GABA	-1
CTTCGTTTCGGTAAGTCTCTGAGTCA-1:SCP068	mouse13	Gfi1b	Gfi1b_3	066 CNU-HYa HY GABA	-1
CTTGCTCGTCCCTTCGAGCAGGTGCA-1:SCP068	mouse19	Oprd1	Oprd1_3	066 CNU-HYa HY GABA	-1
CTTGCTTTCGATGGGCCTCAAATGGC-1:SCP068	mouse11	Nfib	Nfib_4	054 CNU-MGE GABA	-1
GCAATGGTCCCATCGGAGGCGCCTAT-1:SCP068	mouse25	H4c11	H4c11_4	066 CNU-HYa HY GABA	-1
GCAATGGTCTCGCTCCGAAGGGCATC-1:SCP068	mouse8	Hspa8	Hspa8_1	066 CNU-HYa HY GABA	-1
GCAGTCGCAGCCGATGTGCTGATTGA-1:SCP068	mouse20	Atg5	Atg5_3	066 CNU-HYa HY GABA	-1
GCATCGCGTCGACTCATGTCATTCGT-1:SCP068	mouse23	Ehmt1	Ehmt1_3	215 MB Dopa	-1
GCCAAAGTCCTCATAGACGACTTCGT-1:SCP068	mouse10	Cd79a	Cd79a_1	215 MB Dopa	-1
GCCAACTTCTGTAATCCTCCCAACAC-1:SCP068	mouse7	Thap11	Thap11_3	215 MB Dopa	-1
GCCTGGACACTAGACACTAAGCTACT-1:SCP068	mouse23	Tpm1	Tpm1_1	215 MB Dopa	-1
GCGAACATCTGCACCGACCCTATATC-1:SCP068	mouse21	Dstyk	Dstyk_4	054 CNU-MGE GABA	-1
GCGAACCAGCTGGACAACGGTACGAC-1:SCP068	mouse11	Ogt	Ogt_1	066 CNU-HYa HY GABA	-1
GCGACAATCGGCTCCAAGGGACACAC-1:SCP068	mouse13	Copa	Copa_3	066 CNU-HYa HY GABA	-1
GCGACAATCTCTGGTACTTGCTTCCT-1:SCP068	mouse25	Cox6a1	Cox6a1_2	066 CNU-HYa HY GABA	-1
GCGGGCATCTTAGTGTGATGTATGAG-1:SCP068	mouse8	Trpm7	Trpm7_4	066 CNU-HYa HY GABA	-1
GCGTAACCATCCCAATGAACTAGGCT-1:SCP068	mouse19	Gatad2b	Gatad2b_2	066 CNU-HYa HY GABA	-1
GCGTCCATCTCGACCGGAATGGATTC-1:SCP068	mouse19	Kcnb1	Kcnb1_3	215 MB Dopa	-1
GCTCCTCTCTTGAGTTAGGTATGTAG-1:SCP068	mouse20	Klc1	Klc1_4	066 CNU-HYa HY GABA	-1
GCTCTCTGTCGACATTACGGGTCCAT-1:SCP068	mouse18	Gipr	Gipr_3	066 CNU-HYa HY GABA	-1
GCTGAAAGTACGAATGTGGAGGCAAG-1:SCP068	mouse25	Ago2	Ago2_1	066 CNU-HYa HY GABA	-1
GCTGGGAGTATCTCAAGAGGTACCTC-1:SCP068	mouse15	Atf2	Atf2_3	066 CNU-HYa HY GABA	-1
GCTTCATCATCAGCAAGATGCCTACT-1:SCP068	mouse15	Erbb3	Erbb3_4	215 MB Dopa	-1
GCTTGCGTCTGATAGATGTGTCCGCA-1:SCP068	mouse18	Prdx1	Prdx1_3	066 CNU-HYa HY GABA	-1
GCTTGCGTCTGCCACGCTTAGGGCCT-1:SCP068	mouse11	Zbtb20	Zbtb20_1	215 MB Dopa	-1
GGAACCCAGAACCACGACGAGGTGGA-1:SCP068	mouse11	Non_target	Non_target_305	066 CNU-HYa HY GABA	-1
GGAGACGAGCGACACACTCTGAGTCA-1:SCP068	mouse13	Kat6a	Kat6a_3	066 CNU-HYa HY GABA	-1
GGAGACGAGTCCGTTACTTCACGTTC-1:SCP068	mouse10	Klf1	Klf1_3	066 CNU-HYa HY GABA	-1
GGAGCCTAGGTAGGCCTCGACTAAGA-1:SCP068	mouse9	Rbfox1	Rbfox1_4	066 CNU-HYa HY GABA	-1
GGAGTAAAGACGCAATTGCCTATAGT-1:SCP068	mouse11	Crlf1	Crlf1_1	215 MB Dopa	-1
GGATGACGTGTCGAGGCTCCCAACAC-1:SCP068	mouse7	Ivd	Ivd_4	066 CNU-HYa HY GABA	-1
GGATGATTCTCTATCCGAGGTAACGA-1:SCP068	mouse20	Ebf3	Ebf3_4	215 MB Dopa	-1
GGATGTTAGGGCAATTCTCCACGCAT-1:SCP068	mouse22	Pi4ka	Pi4ka_1	066 CNU-HYa HY GABA	-1
GGATTAGGTCTCCTTATCCGCGGATA-1:SCP068	mouse23	Il17rd	Il17rd_1	215 MB Dopa	-1
GGATTTCGTCGATGAACAGGGTAACT-1:SCP068	mouse14	Nod2	Nod2_2	215 MB Dopa	-1
GGCACTTTCACCAGGAAGCAAGGTAT-1:SCP068	mouse13	Ovol2	Ovol2_4	066 CNU-HYa HY GABA	-1
GGCCCTGGTGTACCGCCTTGGATGGC-1:SCP068	mouse12	Afg3l2	Afg3l2_1	066 CNU-HYa HY GABA	-1
GGCCTAAAGCTTAATCACTAGCTGCA-1:SCP068	mouse10	Chrna4	Chrna4_4	054 CNU-MGE GABA	-1
GGCCTGCTCAAGCTCCTGGTCCATTA-1:SCP068	mouse13	Mafa	Mafa_4	054 CNU-MGE GABA	-1
GGCTCTGTCCGTAATTCTGCAATAAG-1:SCP068	mouse15	Runx3	Runx3_1	215 MB Dopa	-1
GGGCAGTTCTCGAAGGCTCGCCTAAT-1:SCP068	mouse20	Tuba1a	Tuba1a_4	215 MB Dopa	-1
GGGCCTGAGCGTAAGTTCGACTAAGA-1:SCP068	mouse9	Epha10	Epha10_1	066 CNU-HYa HY GABA	-1
GGGCTACAGGATGGTTGAGATTGGGC-1:SCP068	mouse26	Foxp1	Foxp1_1	215 MB Dopa	-1
GGGGATTGTAACGATGTGGCGGTATG-1:SCP068	mouse22	Tacr1	Tacr1_2	215 MB Dopa	-1
GGGTAGACAAGATCCACATGAATGCT-1:SCP068	mouse8	Zfp536	Zfp536_2	066 CNU-HYa HY GABA	-1
GGTAAATGTGAGAGGAATCCAATCTC-1:SCP068	mouse21	Tbc1d23	Tbc1d23_1	066 CNU-HYa HY GABA	-1
GGTAATTCAGGCATTAACCCGTACAC-1:SCP068	mouse11	Pnkd	Pnkd_3	066 CNU-HYa HY GABA	-1
GGTACCTTCAAGCCAGCTCCTTACCA-1:SCP068	mouse14	Dcx	Dcx_4	066 CNU-HYa HY GABA	-1
GGTCCCCAGGAGTCTGACAACCGAAG-1:SCP068	mouse11	Gnal	Gnal_4	066 CNU-HYa HY GABA	-1
GGTCCGTGTTGCGGTCCTTCACAAAC-1:SCP068	mouse7	Etv6	Etv6_1	066 CNU-HYa HY GABA	-1
GGTCTTGGTACAGAGCCGGTACCTTG-1:SCP068	mouse13	Foxe3	Foxe3_4	066 CNU-HYa HY GABA	-1
GGTGGATGTCTTACCCCTTCACGTTC-1:SCP068	mouse10	Il31ra	Il31ra_2	215 MB Dopa	-1
GGTGGATGTTTGCCCTCTAGGCAACA-1:SCP068	mouse12	Non_target	Non_target_382	215 MB Dopa	-1
GTAACGCCAAATCTGGACTGAGAGAG-1:SCP068	mouse17	Col4a1	Col4a1_3	066 CNU-HYa HY GABA	-1
GTAACTTTCCGGTTACGTATACTCGT-1:SCP068	mouse23	Glmn	Glmn_2	066 CNU-HYa HY GABA	-1
GTAGGAGCAACCAGTACTAGGCAACA-1:SCP068	mouse12	Wwox	Wwox_1	215 MB Dopa	-1
GTAGGTAGTCGATGCCGATGGCTTTC-1:SCP068	mouse4	Non_target	Non_target_164	215 MB Dopa	-1
GTCCGGCTCATATGTCGAGAGGGTCT-1:SCP068	mouse22	Usf1	Usf1_1	215 MB Dopa	-1
GTCCTGAGTCCTGACAAGTCCCAGCT-1:SCP068	mouse17	Lamp2	Lamp2_1	054 CNU-MGE GABA	-1
GTCGCTCCAACAGAGGACAACCATTC-1:SCP068	mouse26	Gfra1	Gfra1_4	066 CNU-HYa HY GABA	-1
GTCTTACCAACACCGGTGGTTTAGCA-1:SCP068	mouse8	Cdkn2a	Cdkn2a_4	066 CNU-HYa HY GABA	-1
GTCTTGATCGAGGTCACAAAGCATCA-1:SCP068	mouse4	Avpr1b	Avpr1b_1	066 CNU-HYa HY GABA	-1
GTGAAGCGTCAGGAGTCAAACAGTGT-1:SCP068	mouse14	Tbx5	Tbx5_2	066 CNU-HYa HY GABA	-1
GTGACCGCATAAGTCGCATTTGATCG-1:SCP068	mouse25	Cdkl5	Cdkl5_4	066 CNU-HYa HY GABA	-1
GTGCGCCTCTAACCATTCGTAAGCCA-1:SCP068	mouse23	Fcgr2b	Fcgr2b_2	215 MB Dopa	-1
GTGGCCCTCGCTTAATACGTTTAGTC-1:SCP068	mouse9	Cacnb2	Cacnb2_3	066 CNU-HYa HY GABA	-1
GTTACCATCCCGCAATCACGAAGTTA-1:SCP068	mouse13	Non_target	Non_target_100	066 CNU-HYa HY GABA	-1
GTTACCTCAGCTTGCCGAACGTTAGA-1:SCP068	mouse25	Tbx1	Tbx1_2	215 MB Dopa	-1
GTTATGTTCAATCCATCTCCTTACCA-1:SCP068	mouse14	Grin2b	Grin2b_4	054 CNU-MGE GABA	-1
GTTCACTCACCCATTGTGCCTCCATG-1:SCP068	mouse4	Pik3r2	Pik3r2_2	066 CNU-HYa HY GABA	-1
GTTCGGCGTCAGCCGTGATAGAACAC-1:SCP068	mouse23	Apc	Apc_1	215 MB Dopa	-1
GTTGCTGGTCAGGAGTACTACTCGAG-1:SCP068	mouse14	Erbb4	Erbb4_4	066 CNU-HYa HY GABA	-1
GTTGGGCAGAACTTAGGTAGCTTGAT-1:SCP068	mouse18	Minpp1	Minpp1_4	066 CNU-HYa HY GABA	-1
TAACGACAGCTTACGCCTGACACACA-1:SCP068	mouse11	Cd3d	Cd3d_3	215 MB Dopa	-1
TAATACCTCAACTGGGGCAAGTAAAC-1:SCP068	mouse26	Sohlh1	Sohlh1_1	066 CNU-HYa HY GABA	-1
TAATCACTCCCAACCGCTTCGTTATC-1:SCP068	mouse8	Sox18	Sox18_2	066 CNU-HYa HY GABA	-1
TAATGTTGTGACCTTGGAATGGGAAG-1:SCP068	mouse3	Lhcgr	Lhcgr_3	066 CNU-HYa HY GABA	-1
TAATGTTGTTACGCCAGAAGGGCATC-1:SCP068	mouse8	Tlk2	Tlk2_3	054 CNU-MGE GABA	-1
TAATTGACACCATAGAACAATCGACT-1:SCP068	mouse18	Il12rb1	Il12rb1_3	066 CNU-HYa HY GABA	-1
TACCCCTGTGATGTCTCATTTACCTG-1:SCP068	mouse8	Fto	Fto_4	066 CNU-HYa HY GABA	-1
TACTATGGTTAGGCAACAAGGTGTTC-1:SCP068	mouse15	Hnrnph2	Hnrnph2_4	215 MB Dopa	-1
TACTCCGCAATATAGCCTACTTTCGT-1:SCP068	mouse1	Ndufs1	Ndufs1_2	066 CNU-HYa HY GABA	-1
TACTGCGGTGTGATTCGTGAAGGATG-1:SCP068	mouse12	Med23	Med23_1	054 CNU-MGE GABA	-1
TACTGCGGTTGCCTAGCTCATACAAC-1:SCP068	mouse19	Bbx	Bbx_2	215 MB Dopa	-1
TACTTTCGTACCTCTCCAGCGAATGA-1:SCP068	mouse21	Snrpb	Snrpb_3	215 MB Dopa	-1
TAGGTACAGAGGCGTCTCCAGCCAGA-1:SCP068	mouse6	Nr1h2	Nr1h2_2	215 MB Dopa	-1
TAGTTGCGTGTACCATAGCCTGTCCT-1:SCP068	mouse15	Kcnn2	Kcnn2_3	215 MB Dopa	-1
TATATCCAGCCCTGCACTCCCGTTTA-1:SCP068	mouse20	Ar	Ar_2	066 CNU-HYa HY GABA	-1
TATATTGTCGCTAGAGTGCGTGGAGA-1:SCP068	mouse20	Robo4	Robo4_4	066 CNU-HYa HY GABA	-1
TATCGACGTGCTTCCTCTTCCCGTAG-1:SCP068	mouse8	Sh3kbp1	Sh3kbp1_4	066 CNU-HYa HY GABA	-1
TATCTTAAGAACCACGTGGGATTCTG-1:SCP068	mouse22	Med23	Med23_1	054 CNU-MGE GABA	-1
TCAATCAGTTATCCAATCGACTTCAC-1:SCP068	mouse8	Pdss2	Pdss2_4	215 MB Dopa	-1
TCAATCCCAACCGAACCAAGGTGTTC-1:SCP068	mouse15	Cntnap2	Cntnap2_1	215 MB Dopa	-1
TCACATTAGTACTGGGTGTTTCTGGT-1:SCP068	mouse8	Grin2d	Grin2d_2	066 CNU-HYa HY GABA	-1
TCAGAGAGTAATCCGTACTGTCATCA-1:SCP068	mouse12	Serpine2	Serpine2_4	215 MB Dopa	-1
TCAGGCTTCTGATAGACTACTTTCGT-1:SCP068	mouse1	Taok1	Taok1_2	066 CNU-HYa HY GABA	-1
TCAGTACGTTTGGCGCTGCCATGCTG-1:SCP068	mouse19	Prdm2	Prdm2_1	215 MB Dopa	-1
TCATTCTGTACCCAATCTCCGTACTG-1:SCP068	mouse18	Mif	Mif_4	215 MB Dopa	-1
TCCACTCGTTGGAGCGGAACGAAGGA-1:SCP068	mouse24	Micos13	Micos13_1	215 MB Dopa	-1
TCCTACCGTACCCAGCACTACTCGAG-1:SCP068	mouse14	Huwe1	Huwe1_4	066 CNU-HYa HY GABA	-1
TCCTGTAAGGGGTAGGACGTCAACCA-1:SCP068	mouse6	En2	En2_1	066 CNU-HYa HY GABA	-1
TCGCTTCGTGATGTCTCACCGTTGGT-1:SCP068	mouse18	Plec	Plec_4	215 MB Dopa	-1
TCGTAGCTCGCCCAATCAGCTACCCT-1:SCP068	mouse13	Tsc2	Tsc2_1	066 CNU-HYa HY GABA	-1
TCGTTGGGTTATCCGGTGCGTGGAGA-1:SCP068	mouse20	Kcnab1	Kcnab1_1	215 MB Dopa	-1
TCGTTGTCACTTCCTCCTCCCAACAC-1:SCP068	mouse7	Snap25	Snap25_3	066 CNU-HYa HY GABA	-1
TCTAGCCAGGCCAGGTGAGGGTGAAG-1:SCP068	mouse15	Zbtb20	Zbtb20_4	066 CNU-HYa HY GABA	-1
TCTCAAAGTGATCCTGCTCTGAGTCA-1:SCP068	mouse13	Tmem126a	Tmem126a_4	054 CNU-MGE GABA	-1
TCTCAAAGTGGCCAGAACGTACGGGA-1:SCP068	mouse1	Tlx3	Tlx3_1	066 CNU-HYa HY GABA	-1
TCTCAAAGTGGTTAAGGAGTAGGCAT-1:SCP068	mouse18	P2ry12	P2ry12_2	215 MB Dopa	-1
TCTCGCACATGCCCTATGGAGGCAAG-1:SCP068	mouse25	Sil1	Sil1_3	066 CNU-HYa HY GABA	-1
TCTCGCCTCATCTAGTGCCATGGAAC-1:SCP068	mouse22	Atxn1	Atxn1_1	066 CNU-HYa HY GABA	-1
TCTGCCACAACAGATTTGGGATTCTG-1:SCP068	mouse22	Fzd9	Fzd9_4	066 CNU-HYa HY GABA	-1
TCTGCCACAAGACCGTAGGCACGCAT-1:SCP068	mouse12	Scn1b	Scn1b_3	110 CNU-HYa HY MM Glut	-1
TGAAAGGAGTACCCGTCTCTCCCAGA-1:SCP068	mouse15	Satb2	Satb2_2	066 CNU-HYa HY GABA	-1
TGACAGGTCTAGATTCCTACCGAAAG-1:SCP068	mouse21	Dnm1l	Dnm1l_3	215 MB Dopa	-1
TGACCTCAGACCCAAGAGTCCCAGCT-1:SCP068	mouse17	Thbd	Thbd_1	066 CNU-HYa HY GABA	-1
TGACGTTGTATACGTCACGACAGCAG-1:SCP068	mouse20	Kif5c	Kif5c_1	066 CNU-HYa HY GABA	-1
TGACTACGTGAGGAGAACAAACAACG-1:SCP068	mouse19	Adrb2	Adrb2_1	215 MB Dopa	-1
TGAGTCCTCGCTACTACTACTTTCGT-1:SCP068	mouse1	Trak1	Trak1_2	066 CNU-HYa HY GABA	-1
TGAGTCCTCGTCACCGCATGACCAGA-1:SCP068	mouse16	Ppard	Ppard_1	215 MB Dopa	-1
TGATGCTGTGCCCAACTGGCTTATTC-1:SCP068	mouse18	Kcnh1	Kcnh1_3	054 CNU-MGE GABA	-1
TGCAGACCAGAGAGATGACAACATCA-1:SCP068	mouse16	Csf1r	Csf1r_2	215 MB Dopa	-1
TGCAGCCGTTGCCTAGGCTATCGATA-1:SCP068	mouse7	Ndufa10	Ndufa10_3	215 MB Dopa	-1
TGCATGCTCTCTCGCCTGCTCCTAAT-1:SCP068	mouse6	Add3	Add3_2	066 CNU-HYa HY GABA	-1
TGCCCGCAGTGTAATGACAAACAACG-1:SCP068	mouse19	Tiam1	Tiam1_1	066 CNU-HYa HY GABA	-1
TGCCTCACATTAGAGTGAATCCGCTC-1:SCP068	mouse21	Msi1	Msi1_2	054 CNU-MGE GABA	-1
TGCGCCCAGAAGGACAACGGTACGAC-1:SCP068	mouse11	Nrxn2	Nrxn2_1	215 MB Dopa	-1
TGCTGATGTGGTTCATAGGTATGTAG-1:SCP068	mouse20	Scamp5	Scamp5_2	110 CNU-HYa HY MM Glut	-1
TGCTGATGTGTGATTCTGTGGAGGTG-1:SCP068	mouse9	Ndufb3	Ndufb3_1	215 MB Dopa	-1
TGGACATAGCCTCTGGCTCTATCTCA-1:SCP068	mouse16	Cnr1	Cnr1_1	215 MB Dopa	-1
TGGACGGGTAGAGCCGTGCAATCCTC-1:SCP068	mouse12	Marcks	Marcks_2	066 CNU-HYa HY GABA	-1
TGGCGTGCAAAGTCATACGACTAACT-1:SCP068	mouse19	Non_target	Non_target_281	215 MB Dopa	-1
TGGCTGGCAAGCGCCACTCGCTGAGA-1:SCP068	mouse23	Cd40	Cd40_2	066 CNU-HYa HY GABA	-1
TGGCTGGCACAACTAGACCGCCATAC-1:SCP068	mouse20	Non_target	Non_target_382	066 CNU-HYa HY GABA	-1
TGGCTGTTCTCTCACTAGCAACATAC-1:SCP068	mouse22	Cd27	Cd27_2	215 MB Dopa	-1
TGGTGTTGTAGCTGAACGCATTCCTG-1:SCP068	mouse10	Pou5f1	Pou5f1_2	215 MB Dopa	-1
TGTAGTGCAACTTAGGACGGGTCCAT-1:SCP068	mouse18	Map6	Map6_2	215 MB Dopa	-1
TGTAGTGCACTGAAGCCTCACTTAGT-1:SCP068	mouse7	Ptprm	Ptprm_4	215 MB Dopa	-1
TGTAGTTTCGTCCGTGACAGACCGTC-1:SCP068	mouse15	Hoxc13	Hoxc13_2	066 CNU-HYa HY GABA	-1
TGTCAGCTCGATCGCTGATCCAGATA-1:SCP068	mouse11	Appl1	Appl1_1	215 MB Dopa	-1
TGTGTCCAGGGCAACCCTCCTTACCA-1:SCP068	mouse14	Tubb3	Tubb3_3	215 MB Dopa	-1
TGTGTCCAGGGTATGTTGCAGTTGGT-1:SCP068	mouse2	Rtn4r	Rtn4r_1	215 MB Dopa	-1
TGTGTTGTCAGTAGTAAGTACGAAAC-1:SCP068	mouse23	Non_target	Non_target_161	066 CNU-HYa HY GABA	-1
AAAGCATGTGCACTCAACAACGGGCA-1:SCP069	mouse37	Sec23a	Sec23a_1	054 CNU-MGE GABA	-1
AAAGCGTTCCGTAATTTGATCCGCCA-1:SCP069	mouse33	Trp63	Trp63_4	215 MB Dopa	-1
AAATGAGCATGGCTGGCTGACACACA-1:SCP069	mouse42	Bdp1	Bdp1_1	066 CNU-HYa HY GABA	-1
ACTACGACAGCGCTTCCACGCCATTC-1:SCP069	mouse39	Casz1	Casz1_3	215 MB Dopa	-1
ACTCTATAGTACCAGGCGCACAGTAT-1:SCP069	mouse42	Nlgn3	Nlgn3_1	066 CNU-HYa HY GABA	-1
ACTGAGAGTTTACCAAGAAACGGTGA-1:SCP069	mouse44	Klf7	Klf7_4	066 CNU-HYa HY GABA	-1
AGAATCATCCCGTTGGCACGCCATTC-1:SCP069	mouse39	Dmbt1	Dmbt1_1	066 CNU-HYa HY GABA	-1
AGACGATTCACATATCCTTCCCGTAG-1:SCP069	mouse52	Mpdz	Mpdz_3	066 CNU-HYa HY GABA	-1
AGTTACCGTTATCTAGCTCATACAAC-1:SCP069	mouse58	Sox10	Sox10_4	054 CNU-MGE GABA	-1
ATAAGTGTCTGTGGCTGAGGTAACGA-1:SCP069	mouse33	Cr2	Cr2_3	066 CNU-HYa HY GABA	-1
ATACTACTCTATCGTGCATCCGTGAT-1:SCP069	mouse41	Sorl1	Sorl1_4	066 CNU-HYa HY GABA	-1
ATCGGCGCATGAGTATCGCACAGTAT-1:SCP069	mouse42	Fgd4	Fgd4_1	066 CNU-HYa HY GABA	-1
CAAACGAGTGGCGTCTCATTCCCAAT-1:SCP069	mouse35	Cux2	Cux2_2	066 CNU-HYa HY GABA	-1
CAATTACTCCCGTAGTCAAGGTGTTC-1:SCP069	mouse52	Gli2	Gli2_1	066 CNU-HYa HY GABA	-1
CACCAACTCGCTTGGTTCCGTTCAAG-1:SCP069	mouse55	Mttp	Mttp_2	215 MB Dopa	-1
CAGCTTATCACTTGCACTCCCTCCTA-1:SCP069	mouse38	Pdx1	Pdx1_3	066 CNU-HYa HY GABA	-1
CATCATAGTAGCATAGACCGTTGCCA-1:SCP069	mouse53	Mrtfa	Mrtfa_1	066 CNU-HYa HY GABA	-1
CATCCGCCATGATTCCACGATGAATC-1:SCP069	mouse44	Copa	Copa_3	066 CNU-HYa HY GABA	-1
CCCGTAGTCCTATACGCTGACACACA-1:SCP069	mouse42	Wdr37	Wdr37_1	215 MB Dopa	-1
CGGGACAGTTATCCGGTCCGTTCAAG-1:SCP069	mouse55	Non_target	Non_target_220	215 MB Dopa	-1
CGGGGATTCTAAGTCTACCATGGCCT-1:SCP069	mouse35	Neurod1	Neurod1_2	215 MB Dopa	-1
CGGTTGAAGAGCCAATTGCCATGCTG-1:SCP069	mouse55	Inpp5k	Inpp5k_4	110 CNU-HYa HY MM Glut	-1
CGGTTGCGTTCTGGCAACAACGGGCA-1:SCP069	mouse37	Naa10	Naa10_1	066 CNU-HYa HY GABA	-1
CTCAGGGCACAAGGCTTCTCGATGGC-1:SCP069	mouse38	Zdhhc17	Zdhhc17_4	066 CNU-HYa HY GABA	-1
GCTGTGTTCTGGACCTCTGGTCCACA-1:SCP069	mouse48	Ccdc50	Ccdc50_2	066 CNU-HYa HY GABA	-1
GCTTCGCCAAGACCGTCTTCGGTCTG-1:SCP069	mouse54	Fzd6	Fzd6_2	215 MB Dopa	-1
GGCTGGTAGGGGCAAGGAGCTAAATG-1:SCP069	mouse52	En1	En1_1	066 CNU-HYa HY GABA	-1
GGGAACCTCACTTGCAACGTCAACCA-1:SCP069	mouse35	Non_target	Non_target_291	066 CNU-HYa HY GABA	-1
GTAGAGGCACTCATACCTCAACAGTC-1:SCP069	mouse36	Oprm1	Oprm1_3	215 MB Dopa	-1
GTCCGAAAGGAAGTAGACGTACGGGA-1:SCP069	mouse32	Syne1	Syne1_3	066 CNU-HYa HY GABA	-1
GTTGAGCCACGTATAGTCTCGATGGC-1:SCP069	mouse38	Ptpn1	Ptpn1_3	215 MB Dopa	-1
TAAACGTCAAGATGAATGGCGGTATG-1:SCP069	mouse36	Ikzf3	Ikzf3_4	215 MB Dopa	-1
TAATACTGTAACCGAATGCTCCTAAT-1:SCP069	mouse35	Osbpl2	Osbpl2_1	054 CNU-MGE GABA	-1
TAGGGGACAGCCCTGTCTTCACAAAC-1:SCP069	mouse36	Gnb5	Gnb5_3	066 CNU-HYa HY GABA	-1
TATAGAAGTACAGAGCGTGCCCGATA-1:SCP069	mouse34	Meox1	Meox1_4	215 MB Dopa	-1
TATATCCAGCATTGGGCTAGGCAACA-1:SCP069	mouse44	Gabrb3	Gabrb3_4	066 CNU-HYa HY GABA	-1
TATGTTGGTTACTTGATCGACTTCAC-1:SCP069	mouse52	Marcks	Marcks_2	215 MB Dopa	-1
TCCAAGTGTTGTCTAACTTCGTTATC-1:SCP069	mouse52	Zfp1	Zfp1_3	066 CNU-HYa HY GABA	-1
AAACTCGCAGGTCTCCTGTTGGTAAG-1:SCP070	mouse37	Kif1b	Kif1b_4	215 MB Dopa	-1
AAAGCTGGTTTGCCCTACGTCAACCA-1:SCP070	mouse35	Tpk1	Tpk1_1	066 CNU-HYa HY GABA	-1
AAATGAGCACGGTAACATCCTCCCAC-1:SCP070	mouse55	Non_target	Non_target_80	066 CNU-HYa HY GABA	-1
AACAGTATCCGACAGAACCTCTGGTA-1:SCP070	mouse34	Smarcc2	Smarcc2_4	215 MB Dopa	-1
AACCTAAAGATGCGGCTGCCTCCATG-1:SCP070	mouse34	Acox1	Acox1_4	054 CNU-MGE GABA	-1
AACCTAAAGGGGCAAGATAGCCAACT-1:SCP070	mouse53	Il4ra	Il4ra_1	215 MB Dopa	-1
AACTACAAGTAACCAATCCGTGCGTA-1:SCP070	mouse33	Paqr8	Paqr8_4	215 MB Dopa	-1
AAGCGTTAGCGCTTACGACGTCGATC-1:SCP070	mouse34	Slc2a1	Slc2a1_3	066 CNU-HYa HY GABA	-1
AAGCGTTAGGGGTCTACTTCGGTCTG-1:SCP070	mouse54	Gabbr2	Gabbr2_2	215 MB Dopa	-1
AAGGTCTAGAGGTCTGCTACTTTCGT-1:SCP070	mouse32	Clcn4	Clcn4_4	054 CNU-MGE GABA	-1
AATCGCACAAGCGCCAACCTGGGAAG-1:SCP070	mouse45	Stra6	Stra6_1	066 CNU-HYa HY GABA	-1
ACATGATCAGGCTATATGCAGTTGGT-1:SCP070	mouse33	Rlf	Rlf_3	215 MB Dopa	-1
ACCAGATAGCAATGACTGCCCTTACT-1:SCP070	mouse55	Foxp1	Foxp1_4	066 CNU-HYa HY GABA	-1
ACCCTAATCACTTGCAGAATCCTAAG-1:SCP070	mouse60	Grik4	Grik4_3	066 CNU-HYa HY GABA	-1
ACCGGTGCACTAGACAGACTCAGCAG-1:SCP070	mouse34	Fntb	Fntb_1	215 MB Dopa	-1
ACGACAAGTAGGTAGCTGTGACAGTC-1:SCP070	mouse52	Non_target	Non_target_192	215 MB Dopa	-1
ACGACACCAAACTGTGTCGGGCAACA-1:SCP070	mouse37	Fosl2	Fosl2_4	054 CNU-MGE GABA	-1
ACGATCGAGTAGCTCCCACGAATCCA-1:SCP070	mouse34	Reep2	Reep2_1	215 MB Dopa	-1
ACGCAAGTCCCGTTGGACAAGCGGAT-1:SCP070	mouse39	Mkx	Mkx_4	066 CNU-HYa HY GABA	-1
ACGTTCGGTTTAGGAGTAGGTTAGAG-1:SCP070	mouse54	Myc	Myc_4	215 MB Dopa	-1
ACTATCCCACAGCATAACAGGAGTCA-1:SCP070	mouse32	Usp48	Usp48_4	059 CNU-LGE LSX GABA	-1
ACTATGTTCCGACATCTGTGACAGTC-1:SCP070	mouse52	Ppara	Ppara_2	066 CNU-HYa HY GABA	-1
ACTCAGGAGAAGCGTTCAAGTACCAT-1:SCP070	mouse55	Lonp1	Lonp1_3	066 CNU-HYa HY GABA	-1
ACTGGGATCACAGGCAACCACGTTAG-1:SCP070	mouse38	Abhd12	Abhd12_3	059 CNU-LGE LSX GABA	-1
AGACATATCCCATCAAGAACGGAACA-1:SCP070	mouse46	Glrb	Glrb_3	039 OB-IMN GABA	-1
AGACGCCAGCCTTCAACGCATTCCTG-1:SCP070	mouse41	Tead1	Tead1_3	066 CNU-HYa HY GABA	-1
AGACTTGCACTCGCTACTATACTGCA-1:SCP070	mouse44	Mmaa	Mmaa_3	066 CNU-HYa HY GABA	-1
AGAGAACCATCCATACCTTCGTTATC-1:SCP070	mouse52	Sox2	Sox2_3	039 OB-IMN GABA	-1
AGAGGTGCAGCAGGAAATAGCCAACT-1:SCP070	mouse53	Il4ra	Il4ra_1	215 MB Dopa	-1
AGCCCGCTCCTCTGGGTCGTCCACGT-1:SCP070	mouse54	Hnrnpdl	Hnrnpdl_3	066 CNU-HYa HY GABA	-1
AGCGCCTGTAACGGACACTAAACGCT-1:SCP070	mouse44	Gpr158	Gpr158_4	215 MB Dopa	-1
AGGAGTCGTCGCATATACTTTGACGT-1:SCP070	mouse55	Phka1	Phka1_1	215 MB Dopa	-1
AGGCCTGCATGCATCTTGACACGGAT-1:SCP070	mouse54	Non_target	Non_target_180	215 MB Dopa	-1
AGGGGTCTCACCCAGTACGTACGGGA-1:SCP070	mouse32	Non_target	Non_target_127	066 CNU-HYa HY GABA	-1
AGTAAGTGTATACTGCTCAATGGAAG-1:SCP070	mouse44	Vps41	Vps41_4	215 MB Dopa	-1
AGTGACGTCACCGTTATGGGCATGTG-1:SCP070	mouse49	Gad2	Gad2_4	215 MB Dopa	-1
ATAACAGTCTGGTGTCCTGCTGTACA-1:SCP070	mouse54	Irf9	Irf9_1	215 MB Dopa	-1
ATAATGAGTGCAAGCGTCAATGGAAG-1:SCP070	mouse44	Ank1	Ank1_3	066 CNU-HYa HY GABA	-1
ATACCCCAGAAGTGAGGCGTTTAAAC-1:SCP070	mouse35	Adora2a	Adora2a_2	066 CNU-HYa HY GABA	-1
ATCAATTGTCGACTCAACGTCCGAAT-1:SCP070	mouse52	Dctn1	Dctn1_3	215 MB Dopa	-1
ATCAGTAAGTCCGTTAAGTCCCAGCT-1:SCP070	mouse55	Abhd2	Abhd2_4	066 CNU-HYa HY GABA	-1
ATCATGCGTACGTTCGCATTTGATCG-1:SCP070	mouse45	Nfat5	Nfat5_4	066 CNU-HYa HY GABA	-1
ATCTGGTGTTGTCTGGCAAAGCATCA-1:SCP070	mouse34	Lrrn3	Lrrn3_2	066 CNU-HYa HY GABA	-1
ATGAAGTGTTCGTAGTATCGGTCGGA-1:SCP070	mouse38	Kcnc3	Kcnc3_4	066 CNU-HYa HY GABA	-1
ATGCAAGGTGCTTCCTTCCGTGCGTA-1:SCP070	mouse33	Foxp3	Foxp3_1	215 MB Dopa	-1
ATGCGTCTCATATGTCACAAGCTTGT-1:SCP070	mouse35	Smarcc2	Smarcc2_2	066 CNU-HYa HY GABA	-1
ATGGCCGCACTGAAGCTCCGTTCAAG-1:SCP070	mouse55	Ammecr1	Ammecr1_4	215 MB Dopa	-1
ATGGGTGTCTGCAATTGAAACGCGCA-1:SCP070	mouse53	Snrpb	Snrpb_4	066 CNU-HYa HY GABA	-1
ATGTCCGGTTGTGCGCTGTCTGGCAG-1:SCP070	mouse33	Gata2	Gata2_3	215 MB Dopa	-1
ATGTTCGTCGCACTTATGTTGGTAAG-1:SCP070	mouse37	Pax3	Pax3_1	066 CNU-HYa HY GABA	-1
ATTCATTCAATTGAACACTTTGACGT-1:SCP070	mouse55	Phka1	Phka1_1	215 MB Dopa	-1
ATTCGCCAGCGCAAGCCTGACACACA-1:SCP070	mouse42	Scn3a	Scn3a_2	066 CNU-HYa HY GABA	-1
ATTGCATTCTCTGGCGGAAACGCGCA-1:SCP070	mouse53	Non_target	Non_target_176	066 CNU-HYa HY GABA	-1
ATTGCTTAGGCAGGCTCGGGTCTTTG-1:SCP070	mouse44	Adgra1	Adgra1_4	066 CNU-HYa HY GABA	-1
ATTGGGAGTGAGGTGTCTCGCTGAGA-1:SCP070	mouse38	Six1	Six1_3	215 MB Dopa	-1
ATTGGTGCACTAGACAACTTTGACGT-1:SCP070	mouse55	Eng	Eng_4	039 OB-IMN GABA	-1
ATTGTATGTGGTTCGCGATGGCTTTC-1:SCP070	mouse34	Ndufa12	Ndufa12_3	066 CNU-HYa HY GABA	-1
ATTGTCTAGGTCTACCGAGGTACCTC-1:SCP070	mouse52	Non_target	Non_target_86	215 MB Dopa	-1
CAAACGAGTACCTAGTACACAAAGTG-1:SCP070	mouse45	Cox4i1	Cox4i1_3	066 CNU-HYa HY GABA	-1
CAAACTAAGGGCAGGAGAAACGCGCA-1:SCP070	mouse53	Non_target	Non_target_176	066 CNU-HYa HY GABA	-1
CAAATCCGTATCTCAAGAATGGGAAG-1:SCP070	mouse34	Mycn	Mycn_3	215 MB Dopa	-1
CACAAGGTCGATTCATCGGGTCTTTG-1:SCP070	mouse44	Adgra1	Adgra1_4	066 CNU-HYa HY GABA	-1
CACGGAGGTACCGATTGAAACGGTGA-1:SCP070	mouse44	Bmal2	Bmal2_3	066 CNU-HYa HY GABA	-1
CAGGAGCTCGCCTCTCCTAACTTCCA-1:SCP070	mouse46	Arx	Arx_1	066 CNU-HYa HY GABA	-1
CAGGGACTCACTTACGTGTGAACCTC-1:SCP070	mouse54	Pou6f2	Pou6f2_3	215 MB Dopa	-1
CAGTCCCCAGACACACACAGTAAGCA-1:SCP070	mouse54	Baz1b	Baz1b_1	039 OB-IMN GABA	-1
CATAAGGGTGTGATTCAGCGAACCCT-1:SCP070	mouse36	Homer2	Homer2_3	215 MB Dopa	-1
CATAGTTTCACCCAGTGATGGCTTTC-1:SCP070	mouse34	Non_target	Non_target_211	066 CNU-HYa HY GABA	-1
CATTGCTCACCCTATGGAGGGCAAAT-1:SCP070	mouse51	Armc9	Armc9_4	066 CNU-HYa HY GABA	-1
CCACCTTGTTGCAATCACCATTCACT-1:SCP070	mouse35	Non_target	Non_target_182	215 MB Dopa	-1
CCATACATCAGCTTCAACCGTTATGT-1:SCP070	mouse49	Dmd	Dmd_1	066 CNU-HYa HY GABA	-1
CCATACATCTGATAGATGGCGGTATG-1:SCP070	mouse36	Reep1	Reep1_4	215 MB Dopa	-1
CCCACTACAGCCGATGGAAGGTCCCA-1:SCP070	mouse47	Gata3	Gata3_3	066 CNU-HYa HY GABA	-1
CCCAGTTAGTACCTGCACGGGTCCAT-1:SCP070	mouse55	Cebpe	Cebpe_2	066 CNU-HYa HY GABA	-1
CCCAGTTAGTTAGGTAACCTCTGGTA-1:SCP070	mouse34	Slc25a4	Slc25a4_1	215 MB Dopa	-1
CCCATTAAGTGGATTAGTATACTCGT-1:SCP070	mouse44	Mapk8ip1	Mapk8ip1_1	066 CNU-HYa HY GABA	-1
CCCGATGTCGCTAGAGCATCCGTGAT-1:SCP070	mouse41	Alms1	Alms1_3	066 CNU-HYa HY GABA	-1
CCCGATGTCTTAGTACACACTTGGAG-1:SCP070	mouse33	Lonp1	Lonp1_3	066 CNU-HYa HY GABA	-1
CCCTCACTCCAATGCCTCGGTATTGT-1:SCP070	mouse44	Zfp949	Zfp949_4	215 MB Dopa	-1
CCCTTTAGTCCATGATGATCCAGATA-1:SCP070	mouse42	Bcl11b	Bcl11b_3	066 CNU-HYa HY GABA	-1
CCGCCACAGGTGTGGCAGGCGCCTAT-1:SCP070	mouse45	Ogt	Ogt_2	215 MB Dopa	-1
CCGTTCTGTGTCCAATCATGACGGTG-1:SCP070	mouse34	Ppard	Ppard_1	215 MB Dopa	-1
CCTGGGTGTCTTAATGTGCCATGCTG-1:SCP070	mouse55	Tsc2	Tsc2_4	066 CNU-HYa HY GABA	-1
CGACTACTCCGCTCGATGATAACCCT-1:SCP070	mouse35	Tfcp2	Tfcp2_2	066 CNU-HYa HY GABA	-1
CGAGCATCATGAGCCGACGATGAATC-1:SCP070	mouse44	Cox4i1	Cox4i1_4	054 CNU-MGE GABA	-1
CGCCCTTTCAACTATCGAAGGTCCCA-1:SCP070	mouse47	Gad2	Gad2_4	066 CNU-HYa HY GABA	-1
CGGATATAGACCAGCACAAGGTGTTC-1:SCP070	mouse52	Non_target	Non_target_188	066 CNU-HYa HY GABA	-1
CGGCAAATCACCCTAACTCATACAAC-1:SCP070	mouse58	Non_target	Non_target_256	215 MB Dopa	-1
CGGGACAGTTCGCAGCCTTTAGCTCT-1:SCP070	mouse47	Esrrg	Esrrg_2	066 CNU-HYa HY GABA	-1
CGTAACTGTGATCGTTGAAACGCGCA-1:SCP070	mouse53	Pde4d	Pde4d_1	066 CNU-HYa HY GABA	-1
CTACCAATCTTGCGACACCAAGAACT-1:SCP070	mouse41	Tiam1	Tiam1_2	066 CNU-HYa HY GABA	-1
CTAGACGAGTTAGGTAACCAGGTAAT-1:SCP070	mouse44	Adam10	Adam10_4	066 CNU-HYa HY GABA	-1
CTAGGTTGTAAGTCTCGATGGCTTTC-1:SCP070	mouse34	Hdac5	Hdac5_2	110 CNU-HYa HY MM Glut	-1
CTCCACCTCTCTATCCACAGATTGAG-1:SCP070	mouse32	Non_target	Non_target_361	066 CNU-HYa HY GABA	-1
CTCCATTTCTAAGCGGAGCAACATAC-1:SCP070	mouse38	Kbtbd7	Kbtbd7_4	066 CNU-HYa HY GABA	-1
CTCCATTTCTAAGCGGCTAAACCGAC-1:SCP070	mouse55	Cdkl5	Cdkl5_3	215 MB Dopa	-1
CTCCCACTCGACGGGTCTATAGGGTA-1:SCP070	mouse38	Oprl1	Oprl1_1	066 CNU-HYa HY GABA	-1
CTCCGCTTCCGTAGAGCTGCTGTACA-1:SCP070	mouse54	Prkaa2	Prkaa2_3	066 CNU-HYa HY GABA	-1
CTCGAATGTACCCAATCAAGTACCAT-1:SCP070	mouse55	Tanc2	Tanc2_2	066 CNU-HYa HY GABA	-1
CTCTATCTCAATCCATCTATCTTGTG-1:SCP070	mouse45	Cic	Cic_3	066 CNU-HYa HY GABA	-1
CTGCGATTCACCCAGTTGACACGGAT-1:SCP070	mouse54	Samd12	Samd12_2	215 MB Dopa	-1
CTGGCTCCAAGCGTTACGGGTCTTTG-1:SCP070	mouse44	Ntsr1	Ntsr1_2	066 CNU-HYa HY GABA	-1
CTGTTCAAGAATCAGCGAGATTGGGC-1:SCP070	mouse48	Il31ra	Il31ra_4	066 CNU-HYa HY GABA	-1
CTTATCCTCGATCGCTCTACCGAAAG-1:SCP070	mouse34	Dalrd3	Dalrd3_4	066 CNU-HYa HY GABA	-1
CTTCACTTCTCTGGCGACCCTAGGGT-1:SCP070	mouse55	Myod1	Myod1_4	066 CNU-HYa HY GABA	-1
CTTCTACTCTGGGACATGTGACAGTC-1:SCP070	mouse52	Zfx	Zfx_3	066 CNU-HYa HY GABA	-1
CTTGGGGCACGCACGACTCACTTAGT-1:SCP070	mouse37	Timmdc1	Timmdc1_2	215 MB Dopa	-1
CTTGGGTTCTCTATCCTGACACGGAT-1:SCP070	mouse54	Atl3	Atl3_2	066 CNU-HYa HY GABA	-1
CTTGTGATCTCTGGCGGTACTTACGA-1:SCP070	mouse52	Sec23a	Sec23a_4	066 CNU-HYa HY GABA	-1
GCAATACAGAGGTTACCATGAATGCT-1:SCP070	mouse52	Scn8a	Scn8a_1	066 CNU-HYa HY GABA	-1
GCAATACAGGGCTGGTCACGCCATTC-1:SCP070	mouse39	Nrp2	Nrp2_2	066 CNU-HYa HY GABA	-1
GCCGAGTAGCTGGACAGAAACGGTGA-1:SCP070	mouse44	Aopep	Aopep_4	110 CNU-HYa HY MM Glut	-1
GCCGCGAAGGCAGGCTTGCCATGCTG-1:SCP070	mouse55	Ppara	Ppara_1	066 CNU-HYa HY GABA	-1
GCCGTGACACTAATGGACGATTTCCA-1:SCP070	mouse50	Foxj3	Foxj3_1	054 CNU-MGE GABA	-1
GCCTCTTGTGGTTAAGTGTCAGGGTG-1:SCP070	mouse48	Manba	Manba_1	215 MB Dopa	-1
GCGCGTGAGGGCGTGTCTAACTTCCA-1:SCP070	mouse46	Cckar	Cckar_1	215 MB Dopa	-1
GCTTCTAAGGGGTCTATGTTTCTGGT-1:SCP070	mouse52	Tfcp2	Tfcp2_3	066 CNU-HYa HY GABA	-1
GGAATCTAGAAGCATCCTTCCCGTAG-1:SCP070	mouse52	Non_target	Non_target_364	066 CNU-HYa HY GABA	-1
GGATAACTCGCTATGCTGGAGGCAAG-1:SCP070	mouse45	Nlgn2	Nlgn2_3	215 MB Dopa	-1
GGCCTCTCACAACGGTCTAACTTCCA-1:SCP070	mouse46	Myrf	Myrf_2	215 MB Dopa	-1
GGCCTCTCATGAGGAGGATGTTGCCG-1:SCP070	mouse54	Cntnap1	Cntnap1_1	066 CNU-HYa HY GABA	-1
GGGTCAATCATAGAGCGAAGCTTAAC-1:SCP070	mouse35	Trappc9	Trappc9_2	066 CNU-HYa HY GABA	-1
GGTAACGTCCCTGCGAGAGGAGAACT-1:SCP070	mouse34	Foxp2	Foxp2_2	066 CNU-HYa HY GABA	-1
GGTATGAGTTTAGCACTGGTTTAGCA-1:SCP070	mouse52	Auh	Auh_4	066 CNU-HYa HY GABA	-1
GGTTTGGAGCTAGAGTCTCTGAGTCA-1:SCP070	mouse45	Prdx1	Prdx1_2	066 CNU-HYa HY GABA	-1
GTAGCATAGAACTTAGGAGGGCAAAT-1:SCP070	mouse51	Epha6	Epha6_4	066 CNU-HYa HY GABA	-1
GTAGGTAGTAACGATGTGTGAACCTC-1:SCP070	mouse54	Map6	Map6_2	215 MB Dopa	-1
GTCAAGGTCGAATGACGATCCAGATA-1:SCP070	mouse42	Il6ra	Il6ra_2	066 CNU-HYa HY GABA	-1
GTCGAATAGGTGGACCGACTCAGCAG-1:SCP070	mouse34	Lhcgr	Lhcgr_1	215 MB Dopa	-1
GTCGCTCCACGCGAATATCCTCCCAC-1:SCP070	mouse55	Stxbp1	Stxbp1_4	066 CNU-HYa HY GABA	-1
GTCGCTCCAGAACTATCGCATTCCTG-1:SCP070	mouse41	Igsf8	Igsf8_3	215 MB Dopa	-1
GTGAGGGAGAGGCGTCCTATCTTGTG-1:SCP070	mouse45	Nop56	Nop56_1	215 MB Dopa	-1
GTTACCATCATCCCTTGAGGGCAAAT-1:SCP070	mouse51	Phox2a	Phox2a_3	215 MB Dopa	-1
GTTGACACAACGTAATTCCGTTCAAG-1:SCP070	mouse55	Pogz	Pogz_1	054 CNU-MGE GABA	-1
GTTGCGAAGTCATTACCTCTCAGCTG-1:SCP070	mouse38	Zfp280d	Zfp280d_3	215 MB Dopa	-1
GTTGGGCAGGAGTATCACGTACGGGA-1:SCP070	mouse32	Aifm1	Aifm1_3	066 CNU-HYa HY GABA	-1
TAAGCCTGTCATTCAAACGGGTCCAT-1:SCP070	mouse55	L1cam	L1cam_2	215 MB Dopa	-1
TACCCCTGTCGCTGGTCTAGGCAACA-1:SCP070	mouse44	E2f4	E2f4_1	066 CNU-HYa HY GABA	-1
TACGATTTCAACTATCACACCTGCTG-1:SCP070	mouse38	Lepr	Lepr_3	215 MB Dopa	-1
TACGTTTAGACGATACGAAACGCGCA-1:SCP070	mouse53	Sox4	Sox4_4	059 CNU-LGE LSX GABA	-1
TAGCGAAGTTAGATGGACGATTTCCA-1:SCP070	mouse50	Kat6a	Kat6a_4	066 CNU-HYa HY GABA	-1
TAGCGCTTCAATCACTCTCTCAGCTG-1:SCP070	mouse38	Unc13a	Unc13a_4	215 MB Dopa	-1
TATAGAAGTCTGGATTTGCCCTTACT-1:SCP070	mouse55	Naa10	Naa10_1	066 CNU-HYa HY GABA	-1
TATCCGGGTCTAATCAGAGTCGGTAG-1:SCP070	mouse39	Ivd	Ivd_1	215 MB Dopa	-1
TATGAGGGTGGGAATCCTATAGGGTA-1:SCP070	mouse38	Oprl1	Oprl1_1	066 CNU-HYa HY GABA	-1
TATGGCCTCTCACGCGCTGGTCCACA-1:SCP070	mouse48	Foxp1	Foxp1_3	066 CNU-HYa HY GABA	-1
TCAATCTAGACTAGCGCATCCGTGAT-1:SCP070	mouse41	Cep120	Cep120_1	215 MB Dopa	-1
TCAGAGCCAGAACCCGACAGTAAGCA-1:SCP070	mouse54	Gcgr	Gcgr_4	215 MB Dopa	-1
TCATTTCGTATTGCGTACAGTAAGCA-1:SCP070	mouse54	Baz1b	Baz1b_1	039 OB-IMN GABA	-1
TCATTTGCAAAGGATACTCGCTGAGA-1:SCP070	mouse38	Non_target	Non_target_165	066 CNU-HYa HY GABA	-1
TCCAATTAGGTCGGTAAGCGCAATAT-1:SCP070	mouse51	Ret	Ret_2	066 CNU-HYa HY GABA	-1
TCCAGAGAGGGGCCATTGACACGGAT-1:SCP070	mouse54	Non_target	Non_target_180	215 MB Dopa	-1
TCCAGGCGTGTCCAATACTTTGACGT-1:SCP070	mouse55	Rarg	Rarg_3	066 CNU-HYa HY GABA	-1
TCCCCAACAAATCAGTGAAGGTCCCA-1:SCP070	mouse47	Gnal	Gnal_2	215 MB Dopa	-1
TCCCCAACACAACTAGACCATTCACT-1:SCP070	mouse35	Hoxd13	Hoxd13_2	066 CNU-HYa HY GABA	-1
TCCCCTATCCGTAGCTCAAACTCTCT-1:SCP070	mouse33	Pou3f3	Pou3f3_2	215 MB Dopa	-1
TCCCCTGGTCCGAATTACCAAGAACT-1:SCP070	mouse41	Coq5	Coq5_4	066 CNU-HYa HY GABA	-1
TCGCCCAAGCAAGCTGAGTCCCAGCT-1:SCP070	mouse55	Phf12	Phf12_1	215 MB Dopa	-1
TCGCTTCGTCTTAATGGAGGGCAAAT-1:SCP070	mouse51	Xrn1	Xrn1_4	066 CNU-HYa HY GABA	-1
TCGTTGTCAACTCTACTGCCCTTACT-1:SCP070	mouse55	Non_target	Non_target_272	066 CNU-HYa HY GABA	-1
TCTCAGCAGCACGTAGAGATAAGCCA-1:SCP070	mouse45	Phactr1	Phactr1_4	066 CNU-HYa HY GABA	-1
TCTCGACAGTAGACACCAACTGCCCA-1:SCP070	mouse44	Gtf2i	Gtf2i_4	066 CNU-HYa HY GABA	-1
TCTCGCACAGATTCGATGGGCATGTG-1:SCP070	mouse49	Adgrl3	Adgrl3_1	215 MB Dopa	-1
TGAAACTCACTTCCTCCGGGTTCAAT-1:SCP070	mouse35	Ctnnb1	Ctnnb1_1	066 CNU-HYa HY GABA	-1
TGAGGTCCACACCGCTGAGTCGGTAG-1:SCP070	mouse39	Ghr	Ghr_2	066 CNU-HYa HY GABA	-1
TGAGGTCCAGATTCGAGAAACGCGCA-1:SCP070	mouse53	Mlxip	Mlxip_4	066 CNU-HYa HY GABA	-1
TGATCAGCAAATGAGAAGTATGGCTG-1:SCP070	mouse49	Sim1	Sim1_1	066 CNU-HYa HY GABA	-1
TGATCAGCACCGCAAGTGGAGGCAAG-1:SCP070	mouse45	Brd4	Brd4_4	066 CNU-HYa HY GABA	-1
TGCAGCCGTCTTGCAGGAACGGAACA-1:SCP070	mouse46	Usp48	Usp48_1	066 CNU-HYa HY GABA	-1
TGCCTATCATGACGACTGTGACAGTC-1:SCP070	mouse52	Sh3kbp1	Sh3kbp1_3	066 CNU-HYa HY GABA	-1
TGGATCGAGGGTTCGATAGGTTAGAG-1:SCP070	mouse54	Hic1	Hic1_3	215 MB Dopa	-1
TGGCGCGAGCTTACGCGATGTTGCCG-1:SCP070	mouse54	Cebpe	Cebpe_1	066 CNU-HYa HY GABA	-1
TGGTTAGCACGAATGCACATGCCCGA-1:SCP070	mouse55	Sgcd	Sgcd_3	066 CNU-HYa HY GABA	-1
TGGTTAGCACGTGCCTGAAACGCGCA-1:SCP070	mouse53	U2af2	U2af2_1	066 CNU-HYa HY GABA	-1
TGTAGTTTCCACCAACACACAAAGTG-1:SCP070	mouse45	Msi1	Msi1_4	066 CNU-HYa HY GABA	-1
TGTCAGGAGCGTGCAAACCATTCACT-1:SCP070	mouse35	Ogdh	Ogdh_4	066 CNU-HYa HY GABA	-1
TGTGAACAGCAGGCACACACAAAGTG-1:SCP070	mouse45	Or51e2	Or51e2_4	066 CNU-HYa HY GABA	-1
AAACCAATCTAGATTCCGCACAGTAT-1:SCP071	mouse42	Klf7	Klf7_3	066 CNU-HYa HY GABA	-1
AAACGCTAGGGGCTTATCGGTATTGT-1:SCP071	mouse44	Zfhx3	Zfhx3_4	066 CNU-HYa HY GABA	-1
AAACTCGCACCCTGACCTCCCAACAC-1:SCP071	mouse37	Ifngr2	Ifngr2_2	066 CNU-HYa HY GABA	-1
AAACTCGCACTTCCAGACCAGGTAAT-1:SCP071	mouse44	Tenm3	Tenm3_3	215 MB Dopa	-1
AAAGCCTAGCTCCGCAGAGGAGAACT-1:SCP071	mouse34	Sema5a	Sema5a_1	066 CNU-HYa HY GABA	-1
AAAGCTGGTAGGTAGCGAGCGGATTA-1:SCP071	mouse35	Ndufa6	Ndufa6_3	215 MB Dopa	-1
AAAGGATAGACACGCATCAATGGAAG-1:SCP071	mouse44	Zbtb24	Zbtb24_1	066 CNU-HYa HY GABA	-1
AAAGTCGGTGTAACTCATTCATCGAC-1:SCP071	mouse46	Suclg1	Suclg1_1	066 CNU-HYa HY GABA	-1
AACATAAGTTGGACTTTAGGTTAGAG-1:SCP071	mouse54	Gnptg	Gnptg_3	215 MB Dopa	-1
AACTGTAAGATCAGTAACGTCCGAAT-1:SCP071	mouse52	Srebf2	Srebf2_4	054 CNU-MGE GABA	-1
AACTTGCGTAGTCGGGACCAGGTAAT-1:SCP071	mouse44	Cd3e	Cd3e_1	066 CNU-HYa HY GABA	-1
AAGGTCCCAGCCCTGTCTCACTTAGT-1:SCP071	mouse37	Gata1	Gata1_3	215 MB Dopa	-1
AAGGTTGGTCAAGCCCTGCCCTTACT-1:SCP071	mouse55	Jund	Jund_1	066 CNU-HYa HY GABA	-1
AAGTACCAGGCCTAAGGAAGGGCATC-1:SCP071	mouse38	Mnt	Mnt_4	066 CNU-HYa HY GABA	-1
AATCTCTAGCGGGACTGTGCAATGAC-1:SCP071	mouse45	Zbtb10	Zbtb10_2	215 MB Dopa	-1
AATGAACGTCATACTAGAACGAAGGA-1:SCP071	mouse44	Auh	Auh_3	066 CNU-HYa HY GABA	-1
AATGGATGTGCGCATCCATGAATGCT-1:SCP071	mouse52	Eno1	Eno1_4	066 CNU-HYa HY GABA	-1
ACAAGTCAGTATAGGCCATGAATGCT-1:SCP071	mouse52	Ctnna2	Ctnna2_3	066 CNU-HYa HY GABA	-1
ACACCGTTCGGGATCAGCTATCGATA-1:SCP071	mouse37	Runx3	Runx3_4	066 CNU-HYa HY GABA	-1
ACAGAGAAGGGGCCATCTGAAGCCTG-1:SCP071	mouse34	Kctd8	Kctd8_3	066 CNU-HYa HY GABA	-1
ACAGCTGAGGGCCGATTGTCTGGCAG-1:SCP071	mouse33	Gsk3b	Gsk3b_3	215 MB Dopa	-1
ACAGGACGTTACGCCAAGCCTGTCCT-1:SCP071	mouse52	Ift81	Ift81_1	066 CNU-HYa HY GABA	-1
ACATTGAAGTGTAATGTGTTTCTGGT-1:SCP071	mouse52	Cisd2	Cisd2_3	066 CNU-HYa HY GABA	-1
ACCAAAGGTTAACTGCGATCCAGATA-1:SCP071	mouse42	Sncb	Sncb_3	066 CNU-HYa HY GABA	-1
ACCAATGCACCCTATGCTACCGAAAG-1:SCP071	mouse34	Avpr1b	Avpr1b_1	215 MB Dopa	-1
ACCAGCTTCTTAGTGTGTACTTACGA-1:SCP071	mouse52	Lmx1a	Lmx1a_4	066 CNU-HYa HY GABA	-1
ACCCCTGAGGCGTGACCTATAGGGTA-1:SCP071	mouse38	Tacr3	Tacr3_2	215 MB Dopa	-1
ACCGCAAAGTGAGAGACTCCCAACAC-1:SCP071	mouse37	Hecw2	Hecw2_3	215 MB Dopa	-1
ACCGGGGTCAATGTGACACGAATCCA-1:SCP071	mouse34	Zfp462	Zfp462_3	215 MB Dopa	-1
ACCGGGGTCTCGATTGCTCAGCCATC-1:SCP071	mouse34	Smarca4	Smarca4_4	066 CNU-HYa HY GABA	-1
ACCGTTGGTCCGTCAAGCGTTTAAAC-1:SCP071	mouse35	St3gal3	St3gal3_3	215 MB Dopa	-1
ACCTGGAAGTGTGTCCACGTCCGAAT-1:SCP071	mouse52	Pou2f1	Pou2f1_4	066 CNU-HYa HY GABA	-1
ACCTTTGAGCGTACCTGAACGAAGGA-1:SCP071	mouse44	Nrg3	Nrg3_4	066 CNU-HYa HY GABA	-1
ACGAACGTCGCATCGTACCTACCAAC-1:SCP071	mouse36	Map1b	Map1b_4	215 MB Dopa	-1
ACGACACCATACTGAGTGGCAATACA-1:SCP071	mouse36	Ptchd1	Ptchd1_3	215 MB Dopa	-1
ACGCATTGTCTAATCAGAGACCTTGT-1:SCP071	mouse54	Pi4ka	Pi4ka_1	066 CNU-HYa HY GABA	-1
ACGTGATAGTGCCCATGAGGTAACGA-1:SCP071	mouse33	Otulin	Otulin_3	215 MB Dopa	-1
ACTAAGATCCACAGGATCAATGGAAG-1:SCP071	mouse44	Zic1	Zic1_1	066 CNU-HYa HY GABA	-1
ACTCTCAAGCTCATGCCAAGTACCAT-1:SCP071	mouse55	Stx1b	Stx1b_1	066 CNU-HYa HY GABA	-1
ACTTTAGGTCCATGATGAAGCCCTGT-1:SCP071	mouse35	Nsd2	Nsd2_4	110 CNU-HYa HY MM Glut	-1
AGCACGATCACTTACGTCCGTTCAAG-1:SCP071	mouse55	Ski	Ski_3	066 CNU-HYa HY GABA	-1
AGCAGGCTCTGGTGTCCATTCCCAAT-1:SCP071	mouse35	Syncrip	Syncrip_3	066 CNU-HYa HY GABA	-1
AGCCCCATCCTATACGACCTGGTTGT-1:SCP071	mouse36	Tbcd	Tbcd_1	066 CNU-HYa HY GABA	-1
AGCCCCATCTGGGTAGAGCGCAATAT-1:SCP071	mouse51	Mark3	Mark3_1	066 CNU-HYa HY GABA	-1
AGGCAATTCGACGGGTCTTCCCGTAG-1:SCP071	mouse52	Syncrip	Syncrip_3	215 MB Dopa	-1
AGGGTTGTCAGGACGCGCGTTTAAAC-1:SCP071	mouse35	Lztfl1	Lztfl1_4	066 CNU-HYa HY GABA	-1
AGGGTTGTCAGGATACGTATGGAAAC-1:SCP071	mouse36	Rbfox1	Rbfox1_4	215 MB Dopa	-1
AGGTTCGAGCCTGTACCATCCGTGAT-1:SCP071	mouse41	Foxp1	Foxp1_3	066 CNU-HYa HY GABA	-1
AGTGGCGGTCAGCATTGAGGGCAAAT-1:SCP071	mouse51	Irf7	Irf7_4	054 CNU-MGE GABA	-1
AGTGGCGGTTTAGGCTAGCTGGCTAC-1:SCP071	mouse52	Tubb4b	Tubb4b_3	039 OB-IMN GABA	-1
AGTTAGTCAGAGAGGCGAAGGTCCCA-1:SCP071	mouse47	Stxbp1	Stxbp1_1	066 CNU-HYa HY GABA	-1
ATAACCAAGATATCCTAGCCTGTCCT-1:SCP071	mouse52	Fgfrl1	Fgfrl1_1	215 MB Dopa	-1
ATAAGCATCTGTCGGTCTTCGGTCTG-1:SCP071	mouse54	Nfkb1	Nfkb1_1	066 CNU-HYa HY GABA	-1
ATAGGGTTCGATGGATGTAAGCGGAG-1:SCP071	mouse54	Erf	Erf_4	215 MB Dopa	-1
ATAGTACCAACAGGCTGATGTTGCCG-1:SCP071	mouse54	Pax7	Pax7_1	215 MB Dopa	-1
ATCACATTCGGCTGAACGGGTCTTTG-1:SCP071	mouse44	Ski	Ski_4	066 CNU-HYa HY GABA	-1
ATCGAGGTCCTCCTATGTAAGCGGAG-1:SCP071	mouse54	Fas	Fas_3	215 MB Dopa	-1
ATCGAGGTCGGCTTCGTGTCAGGGTG-1:SCP071	mouse48	Itpr1	Itpr1_2	066 CNU-HYa HY GABA	-1
ATGAATCCAACCATTCACACAAAGTG-1:SCP071	mouse45	Grik3	Grik3_2	066 CNU-HYa HY GABA	-1
ATGCGTCTCCTATACGGAGACCTTGT-1:SCP071	mouse54	Abca7	Abca7_1	215 MB Dopa	-1
ATGGCTTGTTGGGATATGTGACAGTC-1:SCP071	mouse52	Mc4r	Mc4r_2	066 CNU-HYa HY GABA	-1
ATGGGTGTCGACTCCGTCGTTCCATA-1:SCP071	mouse41	Arx	Arx_1	215 MB Dopa	-1
ATGGTCTGTCCATTAACTAAAGTTCG-1:SCP071	mouse44	Gfra1	Gfra1_3	066 CNU-HYa HY GABA	-1
ATGTAAAGTGAGTAATCTTCGGTCTG-1:SCP071	mouse54	Fbxo38	Fbxo38_1	066 CNU-HYa HY GABA	-1
ATGTCCATCTCTATCCGAACGAAGGA-1:SCP071	mouse44	Dag1	Dag1_2	066 CNU-HYa HY GABA	-1
ATGTCCCAGCCACAGAACAGGAGTCA-1:SCP071	mouse32	Zfpm2	Zfpm2_2	215 MB Dopa	-1
ATTACAACACAAGGGAAGGTTCTCCA-1:SCP071	mouse37	Tbx1	Tbx1_2	066 CNU-HYa HY GABA	-1
ATTACTGGTGGGTAGTGTGCAATGAC-1:SCP071	mouse45	Non_target	Non_target_174	054 CNU-MGE GABA	-1
ATTCTAATCAATTACCAGGCGCCTAT-1:SCP071	mouse45	Epm2a	Epm2a_3	215 MB Dopa	-1
ATTGATTGTGGGTAACACGTCCGAAT-1:SCP071	mouse52	Il2rg	Il2rg_2	215 MB Dopa	-1
ATTGCATTCCAAGTCCCTCGCCTAAT-1:SCP071	mouse61	Pou4f3	Pou4f3_2	066 CNU-HYa HY GABA	-1
ATTGTCGTCCTGCCTCTCCGTTCAAG-1:SCP071	mouse55	Hivep3	Hivep3_2	215 MB Dopa	-1
CAACGAGTCATTGCCAGATCCAGATA-1:SCP071	mouse42	Pitx3	Pitx3_3	066 CNU-HYa HY GABA	-1
CAACGGGGTGTGTCATCTCTATCTCA-1:SCP071	mouse53	Zfp521	Zfp521_1	215 MB Dopa	-1
CAACGGTCAATATAGCTCCAGCCAGA-1:SCP071	mouse35	Ccr5	Ccr5_3	066 CNU-HYa HY GABA	-1
CAACTGTGTCGACCGTTGTTCGGATG-1:SCP071	mouse40	Twist1	Twist1_3	215 MB Dopa	-1
CAAGCGCAGGTTCATTGAGGGTTCAC-1:SCP071	mouse39	Cry1	Cry1_1	066 CNU-HYa HY GABA	-1
CACACTTCACCGTTCAGAACGGAACA-1:SCP071	mouse46	Bpnt2	Bpnt2_2	215 MB Dopa	-1
CACCAAGAGATTGATGAGCTGGCTAC-1:SCP071	mouse52	Mif	Mif_4	215 MB Dopa	-1
CACGCCTCAAAGTAAGAGGCTGGATG-1:SCP071	mouse60	Zfp280c	Zfp280c_4	215 MB Dopa	-1
CACGGGTAGACTTGCCCTCTGAGTCA-1:SCP071	mouse45	Non_target	Non_target_383	066 CNU-HYa HY GABA	-1
CACGGTAAGCGTAAGTGAGAGGGTCT-1:SCP071	mouse37	Zfp612	Zfp612_1	215 MB Dopa	-1
CACGTAACATTGGACACTCATACAAC-1:SCP071	mouse58	Tspoap1	Tspoap1_3	066 CNU-HYa HY GABA	-1
CACTTGATCCCAACCGCATCGGTAAG-1:SCP071	mouse48	Tlr7	Tlr7_2	066 CNU-HYa HY GABA	-1
CAGGACTCATTAGAGTACAAGCTTGT-1:SCP071	mouse35	Non_target	Non_target_363	066 CNU-HYa HY GABA	-1
CAGGTCAAGTCCGTTAGAGCTAAATG-1:SCP071	mouse52	Non_target	Non_target_282	215 MB Dopa	-1
CATAAGGGTGAGTAATCTACAAGAAC-1:SCP071	mouse55	Klf13	Klf13_3	215 MB Dopa	-1
CATCGTTCAAAGTAAGCAAGCCCTCA-1:SCP071	mouse32	Non_target	Non_target_219	066 CNU-HYa HY GABA	-1
CATTACTAGATCCTGCGAATGGATTC-1:SCP071	mouse59	Scamp5	Scamp5_1	066 CNU-HYa HY GABA	-1
CCAACCAGTTAACGTCCATTTACCTG-1:SCP071	mouse52	Non_target	Non_target_172	066 CNU-HYa HY GABA	-1
CCAGTATGTAATGTCCTCGTCCACGT-1:SCP071	mouse54	Phox2a	Phox2a_4	215 MB Dopa	-1
CCCAGTGTCTCTCACTCAACTCAAAC-1:SCP071	mouse38	Gigyf1	Gigyf1_3	215 MB Dopa	-1
CCCGCTTTCGCTTAATACCATTCACT-1:SCP071	mouse35	Clcn4	Clcn4_4	066 CNU-HYa HY GABA	-1
CCCGGTTCAGTAGGAGATTCATCGAC-1:SCP071	mouse46	Ppard	Ppard_2	066 CNU-HYa HY GABA	-1
CCCTAGGTCGCCCTGACTTGCTTCCT-1:SCP071	mouse45	Atp1a1	Atp1a1_4	215 MB Dopa	-1
CCCTTTAGTCGCAGGACACGAATCCA-1:SCP071	mouse34	Pax4	Pax4_3	215 MB Dopa	-1
CCCTTTAGTGAGGAGATGTGGAGGTG-1:SCP071	mouse38	Non_target	Non_target_63	066 CNU-HYa HY GABA	-1
CCGAATGAGAACCGTGACACAAAGTG-1:SCP071	mouse45	Hnrnpa1	Hnrnpa1_4	215 MB Dopa	-1
CCGCATCCAGGGACTTACCCTAGGGT-1:SCP071	mouse55	Pde4d	Pde4d_1	066 CNU-HYa HY GABA	-1
CCTAACATCCGTAGCTTCAATGGAAG-1:SCP071	mouse44	Dhdds	Dhdds_4	215 MB Dopa	-1
CCTAGAACAACAGGCTCTGCATGATC-1:SCP071	mouse42	Stra6	Stra6_1	215 MB Dopa	-1
CCTAGTCAGATTCGTTGAGTGCCTGT-1:SCP071	mouse46	Lamp2	Lamp2_2	066 CNU-HYa HY GABA	-1
CCTCAAATCGCCCTGAATCGGTCGGA-1:SCP071	mouse38	Ash1l	Ash1l_4	066 CNU-HYa HY GABA	-1
CCTGGGTGTTTGAGTCCTAAGCTACT-1:SCP071	mouse38	Fntb	Fntb_3	066 CNU-HYa HY GABA	-1
CCTGGTAGTGACGAACCTAACGTGAG-1:SCP071	mouse41	Ift81	Ift81_4	215 MB Dopa	-1
CGAATCTGTTGTCTAAGAGTCGGTAG-1:SCP071	mouse39	Sar1b	Sar1b_3	215 MB Dopa	-1
CGAATGCCACGGATTAGCAGCTTCAG-1:SCP071	mouse46	Aff3	Aff3_3	066 CNU-HYa HY GABA	-1
CGACGGGTCCACCAACCTAACTTCCA-1:SCP071	mouse46	Spred2	Spred2_2	066 CNU-HYa HY GABA	-1
CGACGGGTCCGTCGCACTATAGGGTA-1:SCP071	mouse38	Gfm2	Gfm2_4	215 MB Dopa	-1
CGACGGGTCGCTTGGTTGGCGGTATG-1:SCP071	mouse36	Max	Max_4	066 CNU-HYa HY GABA	-1
CGCAGGTAGTAAGCACCTCCCTCCTA-1:SCP071	mouse38	Trak1	Trak1_2	066 CNU-HYa HY GABA	-1
CGCATGGCAGATTGGCCTGGTCCACA-1:SCP071	mouse48	Rbfox1	Rbfox1_4	215 MB Dopa	-1
CGCCAGTGTTGTCTGGAGATCCGACT-1:SCP071	mouse50	Bin1	Bin1_1	066 CNU-HYa HY GABA	-1
CGCCTATAGTTGGCGATCTCGATGGC-1:SCP071	mouse38	Atp1a3	Atp1a3_4	215 MB Dopa	-1
CGCCTTCTCTGGTGTCTGCAGTTGGT-1:SCP071	mouse33	Sdhb	Sdhb_3	066 CNU-HYa HY GABA	-1
CGGCAAATCGGGATCACTCTATCTCA-1:SCP071	mouse53	Fzd9	Fzd9_4	066 CNU-HYa HY GABA	-1
CGGCAAGGTGTCCTTCCTCTATCTCA-1:SCP071	mouse53	Myc	Myc_3	066 CNU-HYa HY GABA	-1
CGGTACGCAGAACGGATCCGTTCAAG-1:SCP071	mouse55	Foxc2	Foxc2_1	066 CNU-HYa HY GABA	-1
CGTGAGGGTACACCTGGAGGGCAAAT-1:SCP071	mouse51	Msx2	Msx2_4	066 CNU-HYa HY GABA	-1
CGTGTTGGTCTTACCCACCGTTGCCA-1:SCP071	mouse53	Got2	Got2_3	215 MB Dopa	-1
CGTTTGCAGAACTTAGGAAGCTTAAC-1:SCP071	mouse35	Gaa	Gaa_4	066 CNU-HYa HY GABA	-1
CTAAAGGGTTATCCGGGATGTTGCCG-1:SCP071	mouse54	Pax7	Pax7_1	215 MB Dopa	-1
CTACCTGCACAAGGCTCTCTATCTCA-1:SCP071	mouse53	Hnrnpdl	Hnrnpdl_3	215 MB Dopa	-1
CTAGTGTGTGTCTATATGGGCATGTG-1:SCP071	mouse49	Non_target	Non_target_364	215 MB Dopa	-1
CTCACTTTCACGTTCAACCCGTACAC-1:SCP071	mouse42	Htr6	Htr6_3	066 CNU-HYa HY GABA	-1
CTCCTTCCACAAGGGAACGGTACGAC-1:SCP071	mouse41	Zfp341	Zfp341_1	066 CNU-HYa HY GABA	-1
CTGGATTGTGCGCGTTACACAGTACT-1:SCP071	mouse60	Tuba1a	Tuba1a_2	215 MB Dopa	-1
CTGGGACAGGCTTAGGACCATTCACT-1:SCP071	mouse35	Mafa	Mafa_4	215 MB Dopa	-1
CTGTCAATCCTGGGAATCGACTTCAC-1:SCP071	mouse52	Fgfr1	Fgfr1_1	215 MB Dopa	-1
CTTACAAGTGCGGTGACTCGCCTAAT-1:SCP071	mouse61	Fkbp1a	Fkbp1a_3	054 CNU-MGE GABA	-1
CTTACTGAGGGGAACGAGGTCGGTCT-1:SCP071	mouse55	Rnf220	Rnf220_4	066 CNU-HYa HY GABA	-1
CTTATCTGTAAGCGGTTGGCGGTATG-1:SCP071	mouse36	Hesx1	Hesx1_1	110 CNU-HYa HY MM Glut	-1
CTTCAATAGCCACAGACTCCTTACCA-1:SCP071	mouse52	Gabrg3	Gabrg3_1	215 MB Dopa	-1
CTTCACCGTGCGTAGGGAGTGCCTGT-1:SCP071	mouse46	Igsf8	Igsf8_4	215 MB Dopa	-1
CTTCACTTCCGTGATCGACGTCGATC-1:SCP071	mouse34	Kiz	Kiz_2	066 CNU-HYa HY GABA	-1
CTTCGCGAGTCCGCTGTGCAGTTGGT-1:SCP071	mouse33	Sdhb	Sdhb_3	066 CNU-HYa HY GABA	-1
CTTCTACTCGACTCCGTCGATCAAAC-1:SCP071	mouse34	Sigmar1	Sigmar1_1	066 CNU-HYa HY GABA	-1
CTTCTATGTGAATCTCGCAGCTTCAG-1:SCP071	mouse46	Sms	Sms_4	066 CNU-HYa HY GABA	-1
CTTGACGGTGAGACCGGAACGAAGGA-1:SCP071	mouse44	Kcna1	Kcna1_4	066 CNU-HYa HY GABA	-1
CTTGATGTCCATCGCGACGGGTCCAT-1:SCP071	mouse55	Abcd3	Abcd3_1	066 CNU-HYa HY GABA	-1
GCAAGGGAGTCCAATTACCATTCACT-1:SCP071	mouse35	Grik1	Grik1_3	215 MB Dopa	-1
GCATAGTAGGAGGTCCTGGAGGCAAG-1:SCP071	mouse45	Adrb2	Adrb2_4	066 CNU-HYa HY GABA	-1
GCATTGGAGTACTGGGCTCTATCTCA-1:SCP071	mouse53	Trpa1	Trpa1_1	066 CNU-HYa HY GABA	-1
GCCAACTTCTAGCTTGGCAGCTTCAG-1:SCP071	mouse46	Abca1	Abca1_2	066 CNU-HYa HY GABA	-1
GCCATAGAGTTACCGCACTACTCGAG-1:SCP071	mouse51	Nlgn2	Nlgn2_1	066 CNU-HYa HY GABA	-1
GCGATGTCATGCAGACACCAAGAACT-1:SCP071	mouse41	Bin1	Bin1_3	215 MB Dopa	-1
GCGTGCCTCCTCATTCAGGTCGGTCT-1:SCP071	mouse55	Gucy2c	Gucy2c_1	066 CNU-HYa HY GABA	-1
GCTAACACATGGTAATACCCGTACAC-1:SCP071	mouse42	Gfm2	Gfm2_2	066 CNU-HYa HY GABA	-1
GCTCCCAAGGACGAGGCTGTTGTAGT-1:SCP071	mouse52	Thap11	Thap11_1	066 CNU-HYa HY GABA	-1
GCTCTAATCCCGTGCAACTACTCGAG-1:SCP071	mouse51	Rrn3	Rrn3_3	066 CNU-HYa HY GABA	-1
GCTGACCGTTTAATCGGTCTGTTTAG-1:SCP071	mouse55	Deaf1	Deaf1_2	054 CNU-MGE GABA	-1
GCTGGTTTCTGATAGAAGTCCCAGCT-1:SCP071	mouse55	Nup93	Nup93_3	066 CNU-HYa HY GABA	-1
GCTTCTAAGATTCGTTTGTTGGTAAG-1:SCP071	mouse37	Cox8a	Cox8a_2	215 MB Dopa	-1
GGAACCCAGGTCGTCTCATATGAGCA-1:SCP071	mouse33	Grip1	Grip1_2	066 CNU-HYa HY GABA	-1
GGACGGTTCAATGCGGACTACTCGAG-1:SCP071	mouse51	Dnal1	Dnal1_1	054 CNU-MGE GABA	-1
GGATTTCGTTCGTAGTTGCCATGCTG-1:SCP071	mouse55	Uqcrh	Uqcrh_4	066 CNU-HYa HY GABA	-1
GGCACTAAGCCATGAGCTCTATCTCA-1:SCP071	mouse53	Myc	Myc_3	066 CNU-HYa HY GABA	-1
GGCATCTTCGAGGCGTAGCCTGTCCT-1:SCP071	mouse52	Nkx2-1	Nkx2-1_1	066 CNU-HYa HY GABA	-1
GGCCTCATCTGGACGACAAAGCATCA-1:SCP071	mouse34	Gtf2h5	Gtf2h5_4	066 CNU-HYa HY GABA	-1
GGCTGGGTCCCGTAGTACCGTTATGT-1:SCP071	mouse49	Non_target	Non_target_44	066 CNU-HYa HY GABA	-1
GGGAACACATCGCATTCTCATACAAC-1:SCP071	mouse58	Sox2	Sox2_3	066 CNU-HYa HY GABA	-1
GGGAGTGAGGCTACAGACACTTGGAG-1:SCP071	mouse33	Glra2	Glra2_1	215 MB Dopa	-1
GGGGCAAAGCCAACCTGAAGCTTAAC-1:SCP071	mouse35	Non_target	Non_target_41	066 CNU-HYa HY GABA	-1
GGGTTCCGTACTTCCCACCTGGTTGT-1:SCP071	mouse36	Erbb4	Erbb4_4	066 CNU-HYa HY GABA	-1
GGGTTCCGTGCACTCAACAGTAAGCA-1:SCP071	mouse54	Phkb	Phkb_2	215 MB Dopa	-1
GGTAACTAGCGGTAGCACCCTAGGGT-1:SCP071	mouse55	Chrm2	Chrm2_1	066 CNU-HYa HY GABA	-1
GGTATGAGTTTACCAAACGTACGGGA-1:SCP071	mouse32	Etv6	Etv6_3	066 CNU-HYa HY GABA	-1
GGTATGTAGTGGGTCATCCGTGCGTA-1:SCP071	mouse33	Pacs2	Pacs2_2	039 OB-IMN GABA	-1
GGTGAAGCATAGACCAGATGTATGAG-1:SCP071	mouse38	Lrfn2	Lrfn2_4	066 CNU-HYa HY GABA	-1
GGTGGAACAATCTGTCCTAACTTCCA-1:SCP071	mouse46	Adrb1	Adrb1_2	110 CNU-HYa HY MM Glut	-1
GGTGGCAGTGATGTCTACACCTGCTG-1:SCP071	mouse38	Non_target	Non_target_316	066 CNU-HYa HY GABA	-1
GTAACTGCACGAATGCTGTTTCTGGT-1:SCP071	mouse52	Nsd2	Nsd2_2	039 OB-IMN GABA	-1
GTAGGCTCATACTGAGGCAACAAAGA-1:SCP071	mouse41	Non_target	Non_target_363	066 CNU-HYa HY GABA	-1
GTATCCCAGGACGTTGTAGGTTAGAG-1:SCP071	mouse54	B9d1	B9d1_4	215 MB Dopa	-1
GTCAATTTCCTTACAGCATTTGATCG-1:SCP071	mouse45	Bmal1	Bmal1_4	066 CNU-HYa HY GABA	-1
GTCCCTTGTTAACTGCTCAATGGAAG-1:SCP071	mouse44	Arhgef9	Arhgef9_4	039 OB-IMN GABA	-1
GTCCGGCTCTAGGCTCGTAAGCGGAG-1:SCP071	mouse54	Col4a1	Col4a1_2	066 CNU-HYa HY GABA	-1
GTCGAATAGCCACAGAACGGTACGAC-1:SCP071	mouse41	Jund	Jund_1	215 MB Dopa	-1
GTCTATCCATCTATCACTGACACACA-1:SCP071	mouse42	Tmem63c	Tmem63c_1	066 CNU-HYa HY GABA	-1
GTGAGTAGTGGTGTGGTCGATCAAAC-1:SCP071	mouse34	Zfhx2	Zfhx2_1	066 CNU-HYa HY GABA	-1
GTGCCCATCACTTACGGAGATTGGGC-1:SCP071	mouse48	Limk1	Limk1_1	215 MB Dopa	-1
GTGTAATCAGTTCGCCAGATCCGACT-1:SCP071	mouse50	Cx3cr1	Cx3cr1_2	215 MB Dopa	-1
GTGTCAACACTCACGCCGGGTCTTTG-1:SCP071	mouse44	Kalrn	Kalrn_2	066 CNU-HYa HY GABA	-1
GTTACGGAGACTTGAACTTTGCAAAG-1:SCP071	mouse54	Runx3	Runx3_3	066 CNU-HYa HY GABA	-1
GTTCATTAGCGCTTACGATCCAGATA-1:SCP071	mouse42	Ssr4	Ssr4_2	215 MB Dopa	-1
GTTCGCTAGGCGTGGTTGGGCATGTG-1:SCP071	mouse49	Usf1	Usf1_1	215 MB Dopa	-1
GTTCGGGCACATACAGGAGGTACCTC-1:SCP071	mouse52	Chchd10	Chchd10_3	066 CNU-HYa HY GABA	-1
GTTCTAGTCCCATCGGGCAACAAAGA-1:SCP071	mouse41	Non_target	Non_target_349	215 MB Dopa	-1
TAAACGTCAACGGGTTTGGTCCATTA-1:SCP071	mouse45	Gprasp2	Gprasp2_2	215 MB Dopa	-1
TAAATTGCAATATAGCGAGCGGATTA-1:SCP071	mouse35	Trem2	Trem2_3	215 MB Dopa	-1
TAACGGTAGACCCATCCTTCCCGTAG-1:SCP071	mouse52	Taar1	Taar1_2	215 MB Dopa	-1
TAACGGTAGGGTTAGTACCGTTATGT-1:SCP071	mouse49	Cacng8	Cacng8_4	039 OB-IMN GABA	-1
TAACGGTAGTTACCATTCCGTTCAAG-1:SCP071	mouse55	Esr1	Esr1_3	066 CNU-HYa HY GABA	-1
TAAGCCTGTCATTCGGACCTCTGGTA-1:SCP071	mouse34	Tbx1	Tbx1_4	215 MB Dopa	-1
TAAGCGAGTCTCAGGCACCTACCAAC-1:SCP071	mouse36	Insr	Insr_4	066 CNU-HYa HY GABA	-1
TAATGTGAGACTCGCTCTTGCCTTGT-1:SCP071	mouse52	Atp2b2	Atp2b2_4	066 CNU-HYa HY GABA	-1
TAATGTTGTGACCCTAGTCTGTTTAG-1:SCP071	mouse55	Gclc	Gclc_3	215 MB Dopa	-1
TACAACTTCCCACAGTACGGGTCCAT-1:SCP071	mouse55	Sox5	Sox5_2	215 MB Dopa	-1
TACAGAATCCCTCGCTTCAATGGAAG-1:SCP071	mouse44	Akap6	Akap6_4	066 CNU-HYa HY GABA	-1
TACTTTCGTGGCGTCTACTACTCGAG-1:SCP071	mouse51	Mesp2	Mesp2_1	066 CNU-HYa HY GABA	-1
TATAGAGTCGTCATGCAGCGAACCCT-1:SCP071	mouse36	Rhot1	Rhot1_3	066 CNU-HYa HY GABA	-1
TATAGATAGAGTTAGCGTAAGCGGAG-1:SCP071	mouse54	Il31ra	Il31ra_1	066 CNU-HYa HY GABA	-1
TATCACAGTTGCAATCCTCTCAGCTG-1:SCP071	mouse38	Ccdc50	Ccdc50_3	066 CNU-HYa HY GABA	-1
TATGGTAAGCATCACCCTAAAGTTCG-1:SCP071	mouse44	Nefh	Nefh_3	066 CNU-HYa HY GABA	-1
TCAATCAGTGGGTCGAGAAGGGCATC-1:SCP071	mouse38	Zic2	Zic2_4	066 CNU-HYa HY GABA	-1
TCAATCCCACGCCTGTCTATCTTGTG-1:SCP071	mouse45	Atf2	Atf2_1	066 CNU-HYa HY GABA	-1
TCAATGGCAAGAGGTGCGCACAGTAT-1:SCP071	mouse42	Trrap	Trrap_1	066 CNU-HYa HY GABA	-1
TCACTGGGTCTGTAACAGATCCGACT-1:SCP071	mouse50	Non_target	Non_target_328	215 MB Dopa	-1
TCACTGGGTGCTTAACGAAACGGTGA-1:SCP071	mouse44	Gaa	Gaa_3	066 CNU-HYa HY GABA	-1
TCAGGCTTCTGATAGAACCATTCACT-1:SCP071	mouse35	Sdha	Sdha_3	066 CNU-HYa HY GABA	-1
TCAGTACGTGTTGAGAGAGTGCCTGT-1:SCP071	mouse46	Chrna2	Chrna2_4	054 CNU-MGE GABA	-1
TCAGTACGTTACCTAAACAGGAGTCA-1:SCP071	mouse32	Gp1ba	Gp1ba_2	215 MB Dopa	-1
TCAGTAGCAGCAACCGGATGTTGCCG-1:SCP071	mouse54	Nefl	Nefl_3	066 CNU-HYa HY GABA	-1
TCATACCCAACTCTACACCGTTGCCA-1:SCP071	mouse53	Fus	Fus_4	066 CNU-HYa HY GABA	-1
TCATACCCAATTCGGACTCAGAGGTA-1:SCP071	mouse39	Sdhb	Sdhb_4	215 MB Dopa	-1
TCCTGTAAGCGTAAGTACAGATTGAG-1:SCP071	mouse32	Stx16	Stx16_4	066 CNU-HYa HY GABA	-1
TCGAAATCACGAACCGTGTCTGGCAG-1:SCP071	mouse33	Adk	Adk_3	215 MB Dopa	-1
TCGACAACAGTTGGTAACCGTTATGT-1:SCP071	mouse49	Comt	Comt_1	215 MB Dopa	-1
TCTAATTCAGCGCTTCAGGTTCTCCA-1:SCP071	mouse37	Slc7a14	Slc7a14_3	066 CNU-HYa HY GABA	-1
TCTCAGCAGTTGGCCTCAACTGCCCA-1:SCP071	mouse44	Elf2	Elf2_4	066 CNU-HYa HY GABA	-1
TCTGGAACATAAGCCACTCAAATGGC-1:SCP071	mouse42	Mpl	Mpl_3	066 CNU-HYa HY GABA	-1
TGAATGTCAGTCCCGTACCTCTGGTA-1:SCP071	mouse34	Tlr9	Tlr9_1	215 MB Dopa	-1
TGACCAACAGTTCGCCGAGACCTTGT-1:SCP071	mouse54	Eda	Eda_4	215 MB Dopa	-1
TGACCTCAGATTGGTAGATCCAGATA-1:SCP071	mouse42	Trak1	Trak1_2	215 MB Dopa	-1
TGAGCTGAGCGTACCTATCCTCCCAC-1:SCP071	mouse55	Gnas	Gnas_2	215 MB Dopa	-1
TGAGTTGCAGGACGAATGGGATCCCA-1:SCP071	mouse38	Tbx19	Tbx19_3	066 CNU-HYa HY GABA	-1
TGATTTGGTTGGGATAGAGGGTTGTG-1:SCP071	mouse40	Hic1	Hic1_3	215 MB Dopa	-1
TGCAGGCAGTAGTTGAAGCAACATAC-1:SCP071	mouse38	Prickle1	Prickle1_3	215 MB Dopa	-1
TGCATGCTCGCAAGGCGAAACGCGCA-1:SCP071	mouse53	Kctd1	Kctd1_3	066 CNU-HYa HY GABA	-1
TGCCTAGGTGGGTTCCTGCAGTTGGT-1:SCP071	mouse33	Sox10	Sox10_2	066 CNU-HYa HY GABA	-1
TGCGAGCAGCATTGGGTCGGGCAACA-1:SCP071	mouse37	Plec	Plec_4	215 MB Dopa	-1
TGCGCCCAGGATCGTGCTGGTCCACA-1:SCP071	mouse48	Tgif1	Tgif1_2	066 CNU-HYa HY GABA	-1
TGCGTGGCATTGGATGGATCCAGATA-1:SCP071	mouse42	E2f1	E2f1_2	215 MB Dopa	-1
TGGTTCGGTATCTGGTACACCTGCTG-1:SCP071	mouse38	Itga2b	Itga2b_1	215 MB Dopa	-1
TGTAGTAAGGCATGTGACCTCTGGTA-1:SCP071	mouse34	Drd5	Drd5_1	215 MB Dopa	-1
TGTCTTGAGGTCGTCTCTATCTTGTG-1:SCP071	mouse45	Foxn1	Foxn1_1	066 CNU-HYa HY GABA	-1
TGTGATGCATGTGGCGACGATGAATC-1:SCP071	mouse44	Mast1	Mast1_2	066 CNU-HYa HY GABA	-1
AAACCAATCCTCTAAGCTGTTGTAGT-1:SCP072	mouse52	Cacna1d	Cacna1d_4	066 CNU-HYa HY GABA	-1
AAAGCTGGTCCAGCTACAACTGCCCA-1:SCP072	mouse44	Ctnnd2	Ctnnd2_3	066 CNU-HYa HY GABA	-1
AAATGGCTCAACTATCCATTTACCTG-1:SCP072	mouse52	Lrfn2	Lrfn2_3	066 CNU-HYa HY GABA	-1
AACATAGTCAATGCTTTGGGATCCCA-1:SCP072	mouse38	Rdx	Rdx_2	066 CNU-HYa HY GABA	-1
AACATAGTCTCCTAAGACCCGTACAC-1:SCP072	mouse42	Kcnb1	Kcnb1_1	066 CNU-HYa HY GABA	-1
AACCAGCCAAACGTATGAACGAAGGA-1:SCP072	mouse44	Mesp2	Mesp2_1	215 MB Dopa	-1
AACGAATGTAAGCATGACCAAGAACT-1:SCP072	mouse41	Orc6	Orc6_4	215 MB Dopa	-1
AACTAACCATCCATACACAGTAAGCA-1:SCP072	mouse54	Ndufa6	Ndufa6_4	215 MB Dopa	-1
AACTACAAGAACTTAGTGGGCATGTG-1:SCP072	mouse49	Non_target	Non_target_23	066 CNU-HYa HY GABA	-1
AACTCGCTCAATCGCCTGCCATGCTG-1:SCP072	mouse55	Lrp8	Lrp8_3	215 MB Dopa	-1
AACTCTCCACACACTTTGTGGAGGTG-1:SCP072	mouse38	Ppargc1b	Ppargc1b_4	066 CNU-HYa HY GABA	-1
AAGGAGTCAGCCCGAAGAGCGACTCT-1:SCP072	mouse47	Gnas	Gnas_3	066 CNU-HYa HY GABA	-1
AAGGATTGTCCTGACATGCAGTAACT-1:SCP072	mouse48	Nr2f6	Nr2f6_4	066 CNU-HYa HY GABA	-1
AATCTGGCACCTGTATCAACTGCCCA-1:SCP072	mouse44	Dscam	Dscam_3	066 CNU-HYa HY GABA	-1
AATGCTTTCTCGATCACTGTTGTAGT-1:SCP072	mouse52	Sele	Sele_3	066 CNU-HYa HY GABA	-1
AATGGAACACCACACCCACGAATCCA-1:SCP072	mouse34	Prkca	Prkca_3	066 CNU-HYa HY GABA	-1
ACAAGACTCTTGAGCCTGCAGTTGGT-1:SCP072	mouse33	Stat1	Stat1_4	215 MB Dopa	-1
ACAAGCTAGACTCAGGTGTGAACCTC-1:SCP072	mouse54	Rarg	Rarg_4	066 CNU-HYa HY GABA	-1
ACAATATAGATCCTGCCAAGTAAGTG-1:SCP072	mouse47	St3gal5	St3gal5_2	066 CNU-HYa HY GABA	-1
ACACCGTTCTGTGCGTACGATGAATC-1:SCP072	mouse44	Glis3	Glis3_1	066 CNU-HYa HY GABA	-1
ACAGACCCAGTTCGGGCTGGTCCACA-1:SCP072	mouse48	Camkmt	Camkmt_2	066 CNU-HYa HY GABA	-1
ACAGCAAGTTCCAACGCTCAACAGTC-1:SCP072	mouse36	Robo4	Robo4_1	066 CNU-HYa HY GABA	-1
ACAGGTGTCTTAAGCTACCTGGGAAG-1:SCP072	mouse45	Mef2c	Mef2c_1	215 MB Dopa	-1
ACATATTGTAATCGCTACATGCCCGA-1:SCP072	mouse55	Dnajb4	Dnajb4_2	066 CNU-HYa HY GABA	-1
ACATATTGTTTGAAGGCAAGCCCTCA-1:SCP072	mouse32	Non_target	Non_target_75	215 MB Dopa	-1
ACATCAGCATAACCTCCTCGCTGAGA-1:SCP072	mouse38	Fktn	Fktn_2	215 MB Dopa	-1
ACCACGTTCGGTTAGGTGTCAGGGTG-1:SCP072	mouse48	Srebf1	Srebf1_1	054 CNU-MGE GABA	-1
ACCCATTCAACAGAGGGTACTTACGA-1:SCP072	mouse52	Ift88	Ift88_3	215 MB Dopa	-1
ACCTGGCGTCCGAATTACCTACCAAC-1:SCP072	mouse36	Dll1	Dll1_2	066 CNU-HYa HY GABA	-1
ACCTTTGAGCTAACCCCATCCGTGAT-1:SCP072	mouse41	Plec	Plec_3	110 CNU-HYa HY MM Glut	-1
ACGAAGGCACTTCAACCAAAGCATCA-1:SCP072	mouse34	Tbx1	Tbx1_4	066 CNU-HYa HY GABA	-1
ACGAGGGAGGTAATTGCACGCCATTC-1:SCP072	mouse39	Kcnc3	Kcnc3_4	066 CNU-HYa HY GABA	-1
ACGATACAGTTGACTTGAGTGCCTGT-1:SCP072	mouse46	Mecr	Mecr_2	066 CNU-HYa HY GABA	-1
ACGCTATGTATCCTAAGAGAGGGTCT-1:SCP072	mouse37	Glis2	Glis2_1	066 CNU-HYa HY GABA	-1
ACGGACATCCCTCGCTTGGATTGGAG-1:SCP072	mouse45	Prokr2	Prokr2_4	066 CNU-HYa HY GABA	-1
ACTAAGATCTTCATCCGAAACGGTGA-1:SCP072	mouse44	Akap11	Akap11_3	066 CNU-HYa HY GABA	-1
ACTACAGCAACCAGTAGAAACGCGCA-1:SCP072	mouse53	Rbm28	Rbm28_4	054 CNU-MGE GABA	-1
ACTATCAGTAGGCAGTCTTCGGTCTG-1:SCP072	mouse54	Foxe3	Foxe3_3	066 CNU-HYa HY GABA	-1
ACTGGCAAGGGTAACTTGACACGGAT-1:SCP072	mouse54	Nfkb2	Nfkb2_2	066 CNU-HYa HY GABA	-1
ACTGGTACACATGCGGACCTGGGAAG-1:SCP072	mouse45	Jarid2	Jarid2_3	066 CNU-HYa HY GABA	-1
AGACTGCCATCCTTCCCTCAACAGTC-1:SCP072	mouse36	Cd36	Cd36_4	215 MB Dopa	-1
AGGAATCTCCTCCGTCGAGTCGGTAG-1:SCP072	mouse39	Paqr8	Paqr8_4	066 CNU-HYa HY GABA	-1
AGGAATCTCGCAAGGCGAGACCTTGT-1:SCP072	mouse54	Itga2	Itga2_3	215 MB Dopa	-1
AGGGGTCTCCGACTACTGACACGGAT-1:SCP072	mouse54	Pou1f1	Pou1f1_1	215 MB Dopa	-1
AGGGTACGTCTGGCGTACGGGTCCAT-1:SCP072	mouse55	Non_target	Non_target_100	215 MB Dopa	-1
AGGGTTGTCTAAGTCTGATGTATGAG-1:SCP072	mouse38	Rnf220	Rnf220_1	066 CNU-HYa HY GABA	-1
AGTAAGTGTACAGGGTATAGCCAACT-1:SCP072	mouse53	Sox17	Sox17_3	066 CNU-HYa HY GABA	-1
AGTTGTAAGACCTACCACCATGGCCT-1:SCP072	mouse35	Ndufs7	Ndufs7_1	066 CNU-HYa HY GABA	-1
ATAACGATCCGTAGCTACAGTAAGCA-1:SCP072	mouse54	Non_target	Non_target_197	066 CNU-HYa HY GABA	-1
ATAAGCTCAACGTAATTGTCTGGCAG-1:SCP072	mouse33	Nsun2	Nsun2_2	066 CNU-HYa HY GABA	-1
ATAAGCTCACCTTGATCTTCGGTCTG-1:SCP072	mouse54	Spred2	Spred2_3	215 MB Dopa	-1
ATAATGGTCGATGGGCGAGTGCCTGT-1:SCP072	mouse46	Chn1	Chn1_2	066 CNU-HYa HY GABA	-1
ATACAACCACCTTGATCTGTTGTAGT-1:SCP072	mouse52	Hoxc13	Hoxc13_2	215 MB Dopa	-1
ATACCCCAGAATCCGGGCAGCTTCAG-1:SCP072	mouse46	Six5	Six5_1	066 CNU-HYa HY GABA	-1
ATACCCCAGCGAACTGTGTGAACCTC-1:SCP072	mouse54	Cyc1	Cyc1_2	215 MB Dopa	-1
ATAGTCCGTAACCCTGACACCTGCTG-1:SCP072	mouse38	Nkx2-1	Nkx2-1_4	066 CNU-HYa HY GABA	-1
ATCCAATTCACTAATCTGGTCCATTA-1:SCP072	mouse45	Ret	Ret_3	066 CNU-HYa HY GABA	-1
ATCCCTTTCGCCTATAGAGATTGGGC-1:SCP072	mouse48	Clock	Clock_3	066 CNU-HYa HY GABA	-1
ATCCGACTCTCCTTCGCTAAACCGAC-1:SCP072	mouse55	Tfdp2	Tfdp2_2	066 CNU-HYa HY GABA	-1
ATCGCGGCAAATGAGATGCCATGCTG-1:SCP072	mouse55	Non_target	Non_target_258	215 MB Dopa	-1
ATGGCCGCACCCTGACCGCATTCCTG-1:SCP072	mouse41	Fgf12	Fgf12_3	215 MB Dopa	-1
ATTACTATCCGTCGCATGGCAATACA-1:SCP072	mouse36	Ndufs3	Ndufs3_2	066 CNU-HYa HY GABA	-1
ATTCTAATCTGATTACCGGGTTCAAT-1:SCP072	mouse35	Pou6f1	Pou6f1_4	066 CNU-HYa HY GABA	-1
ATTGCCCAGCAACGATGAAACGCGCA-1:SCP072	mouse53	Hspa5	Hspa5_4	059 CNU-LGE LSX GABA	-1
ATTGCGTGTACCTGGCAGATCCGACT-1:SCP072	mouse50	Gabrb1	Gabrb1_4	066 CNU-HYa HY GABA	-1
ATTGGGTAGCCTCACGACCCGTACAC-1:SCP072	mouse42	Myrf	Myrf_3	066 CNU-HYa HY GABA	-1
ATTGGTTTCTCAGTGCCATTTACCTG-1:SCP072	mouse52	Lrfn2	Lrfn2_3	066 CNU-HYa HY GABA	-1
ATTGTCCCAAACGGCTACACCTGCTG-1:SCP072	mouse38	U2af2	U2af2_2	215 MB Dopa	-1
ATTGTCTAGCATTGGGTGCCTCCATG-1:SCP072	mouse34	Cd247	Cd247_4	066 CNU-HYa HY GABA	-1
CAAACTAAGTTAAGTGCATCGGTAAG-1:SCP072	mouse48	Non_target	Non_target_3	215 MB Dopa	-1
CACAATTTCCAGAGATACCTACCAAC-1:SCP072	mouse36	Aff3	Aff3_2	110 CNU-HYa HY MM Glut	-1
CACGCACGTCCATTAACTACAAGAAC-1:SCP072	mouse55	Ap3b1	Ap3b1_4	215 MB Dopa	-1
CACGCCCAGATGACACCATTCCCAAT-1:SCP072	mouse35	Non_target	Non_target_330	066 CNU-HYa HY GABA	-1
CACGGATCACATAGTGGTATACTCGT-1:SCP072	mouse44	Mc4r	Mc4r_4	066 CNU-HYa HY GABA	-1
CAGCAACCAAATGACTCACGCCATTC-1:SCP072	mouse39	Kcnc3	Kcnc3_4	066 CNU-HYa HY GABA	-1
CAGCTACTCCAATCATACCTCTGGTA-1:SCP072	mouse34	Ndn	Ndn_4	066 CNU-HYa HY GABA	-1
CATCATAGTGGCGTGACTGACACACA-1:SCP072	mouse42	Kcnt1	Kcnt1_2	066 CNU-HYa HY GABA	-1
CATCCGCCAGGTAGAGCTCAACAGTC-1:SCP072	mouse36	Zfp644	Zfp644_2	066 CNU-HYa HY GABA	-1
CCAACCCCATAGTAGTGTACTTACGA-1:SCP072	mouse52	Chn1	Chn1_4	054 CNU-MGE GABA	-1
CCAGGGAGTTGCCTAGAGCCTGTCCT-1:SCP072	mouse52	Stx1b	Stx1b_4	066 CNU-HYa HY GABA	-1
CCATCCCTCTAAGCGGACCTACCAAC-1:SCP072	mouse36	Non_target	Non_target_45	215 MB Dopa	-1
CCATGAACATGCTCGCCTGACACACA-1:SCP072	mouse42	Gata2	Gata2_1	066 CNU-HYa HY GABA	-1
CCCGTAGTCTTCGTAGTCGGGCAACA-1:SCP072	mouse37	Adgra1	Adgra1_2	215 MB Dopa	-1
CCGCAGCTCGAAGTTAGAGGTAACGA-1:SCP072	mouse33	Dync2i1	Wdr60_2	066 CNU-HYa HY GABA	-1
CCGGTAAAGAATGGAGGACTCAGCAG-1:SCP072	mouse34	Marchf6	Marchf6_1	066 CNU-HYa HY GABA	-1
CCGTTACAGTGATAGCTGTCAGGGTG-1:SCP072	mouse48	Pax5	Pax5_1	054 CNU-MGE GABA	-1
CCTAGTCAGCCGTGAAGTATACTCGT-1:SCP072	mouse44	Fcgr2b	Fcgr2b_1	066 CNU-HYa HY GABA	-1
CGACCGCTCTTAAGCTCATGAATGCT-1:SCP072	mouse52	Zfp322a	Zfp322a_4	066 CNU-HYa HY GABA	-1
CGCACAGCACGATTGAGAGGGCAAAT-1:SCP072	mouse51	S1pr2	S1pr2_2	066 CNU-HYa HY GABA	-1
CGCAGGAGTGAGTTAGCTTGCTTCCT-1:SCP072	mouse45	Zfp521	Zfp521_2	066 CNU-HYa HY GABA	-1
CGCAGGTAGGCTTAGGCTTCGGTCTG-1:SCP072	mouse54	Fyn	Fyn_1	066 CNU-HYa HY GABA	-1
CGCATGGCAGAGCTTATGCCCTTACT-1:SCP072	mouse55	Ica1	Ica1_1	066 CNU-HYa HY GABA	-1
CGCCTATAGTTGACTTTCCAGCCAGA-1:SCP072	mouse35	Srsf1	Srsf1_2	066 CNU-HYa HY GABA	-1
CGCCTTCTCAAGGTACAGCTGGCTAC-1:SCP072	mouse52	Zdhhc17	Zdhhc17_3	066 CNU-HYa HY GABA	-1
CGCTTGTAGCCAGGGTCAACTCAAAC-1:SCP072	mouse38	Stat4	Stat4_1	215 MB Dopa	-1
CGGCAAATCGCAACTCCTCATACAAC-1:SCP072	mouse58	Mdh1	Mdh1_1	215 MB Dopa	-1
CGGCACTGTGAGAGGATGGGCATGTG-1:SCP072	mouse49	Sphk1	Sphk1_2	215 MB Dopa	-1
CGGGAATGTAGCTCGCACAGTAAGCA-1:SCP072	mouse54	Lrp4	Lrp4_1	215 MB Dopa	-1
CGGTCTCCATGTCGAATGTGAACCTC-1:SCP072	mouse54	Otud7a	Otud7a_4	066 CNU-HYa HY GABA	-1
CGTAACCTCGGTATGGCTCAAATGGC-1:SCP072	mouse42	Vsx2	Vsx2_4	066 CNU-HYa HY GABA	-1
CGTACCCCATAACTGGTGCCTCCATG-1:SCP072	mouse34	Cd247	Cd247_4	066 CNU-HYa HY GABA	-1
CGTTAGACAGTCTCATACGTACGGGA-1:SCP072	mouse32	Rlf	Rlf_2	066 CNU-HYa HY GABA	-1
CGTTGCCCAATACCGATGTCAGGGTG-1:SCP072	mouse48	Trappc6b	Trappc6b_2	066 CNU-HYa HY GABA	-1
CGTTGCCCACTTCCAGCTATACTGCA-1:SCP072	mouse44	Foxe3	Foxe3_2	066 CNU-HYa HY GABA	-1
CTACAGCTCGATGGGCGTAAGCGGAG-1:SCP072	mouse54	Acbd5	Acbd5_2	215 MB Dopa	-1
CTACCAATCGTCCGTGACCGTTATGT-1:SCP072	mouse49	Med12	Med12_3	066 CNU-HYa HY GABA	-1
CTACTACCACCCAACCCTCCCAACAC-1:SCP072	mouse37	Fam149b	Fam149b_4	215 MB Dopa	-1
CTATGTTAGGGCAATTCATGAATGCT-1:SCP072	mouse52	Smpd3	Smpd3_3	066 CNU-HYa HY GABA	-1
CTCAGGGCATTGACCTCTGAAGCCTG-1:SCP072	mouse34	Ndufb11	Ndufb11_2	066 CNU-HYa HY GABA	-1
CTCCCTCAGGCAGGCTACAAGCTTGT-1:SCP072	mouse35	Ptprd	Ptprd_2	066 CNU-HYa HY GABA	-1
CTCGAGGCAGCAACCGTGCAGTAACT-1:SCP072	mouse48	Nr2f6	Nr2f6_4	066 CNU-HYa HY GABA	-1
CTTACCTTCGATGTCCCTTTAGCTCT-1:SCP072	mouse47	Suclg1	Suclg1_2	066 CNU-HYa HY GABA	-1
CTTCGCTGTTCGGTTGCTGTTGTAGT-1:SCP072	mouse52	Sp4	Sp4_4	066 CNU-HYa HY GABA	-1
CTTGATTAGATACAGCTGGCAATACA-1:SCP072	mouse36	Nyx	Nyx_4	215 MB Dopa	-1
GCATTCATCACTTACGGTGCAATGAC-1:SCP072	mouse45	Vsx2	Vsx2_3	066 CNU-HYa HY GABA	-1
GCATTCATCATCCGGTCATTTGATCG-1:SCP072	mouse45	Marcks	Marcks_4	215 MB Dopa	-1
GCCCTGTCACCGTACCCTTGCCTTGT-1:SCP072	mouse52	Tmem163	Tmem163_2	066 CNU-HYa HY GABA	-1
GCCTCCAAGGTAGACTCATTTGATCG-1:SCP072	mouse45	Marcks	Marcks_4	215 MB Dopa	-1
GCCTGATTCACCACGTACACCTGCTG-1:SCP072	mouse38	Nbea	Nbea_3	215 MB Dopa	-1
GCCTGATTCACCCTGGCAAGTAAGTG-1:SCP072	mouse47	Col2a1	Col2a1_3	066 CNU-HYa HY GABA	-1
GCGTGAATCAACTGGGGAAGCCCTGT-1:SCP072	mouse35	Hmgcr	Hmgcr_2	215 MB Dopa	-1
GCTAAATCACTTCAACACAGTAAGCA-1:SCP072	mouse54	Epor	Epor_4	215 MB Dopa	-1
GCTGTCCCAGGACGAACATCGGTAAG-1:SCP072	mouse48	Notch1	Notch1_3	066 CNU-HYa HY GABA	-1
GCTTAACGTTCGATTACTCACTTAGT-1:SCP072	mouse37	Non_target	Non_target_237	215 MB Dopa	-1
GCTTAGGAGGACTCTCCGGGTCTTTG-1:SCP072	mouse44	Kansl1	Kansl1_1	066 CNU-HYa HY GABA	-1
GCTTCATCAACGTGCGCTAAGCTACT-1:SCP072	mouse38	Kdm4b	Kdm4b_4	066 CNU-HYa HY GABA	-1
GCTTCTAAGGCTTAGGCTGTTGTAGT-1:SCP072	mouse52	Slc25a12	Slc25a12_2	066 CNU-HYa HY GABA	-1
GGAATGAAGCGAACTGACCGTTGCCA-1:SCP072	mouse53	Cux2	Cux2_3	066 CNU-HYa HY GABA	-1
GGACCTAAGAGGAAGCGAGGTAACGA-1:SCP072	mouse33	Dync2i1	Wdr60_2	066 CNU-HYa HY GABA	-1
GGAGAACAGGGGTAGGGAGGAGAACT-1:SCP072	mouse34	Ifngr2	Ifngr2_4	066 CNU-HYa HY GABA	-1
GGAGCTATCCGTCGCACAACTGCCCA-1:SCP072	mouse44	Magi2	Magi2_4	066 CNU-HYa HY GABA	-1
GGAGTAAAGCCCTGCAACGATGAATC-1:SCP072	mouse44	Jarid2	Jarid2_3	066 CNU-HYa HY GABA	-1
GGATGATTCGGTAAGTCAAACTCTCT-1:SCP072	mouse33	Esr2	Esr2_2	215 MB Dopa	-1
GGATTAGGTTTCATCTGATGTATGAG-1:SCP072	mouse38	Cep83	Cep83_2	066 CNU-HYa HY GABA	-1
GGCACTTTCTGTGGAGGAAGCTTAAC-1:SCP072	mouse35	Klf11	Klf11_1	215 MB Dopa	-1
GGCCGAAGTAGCGAGTGTAAGCGGAG-1:SCP072	mouse54	Nobox	Nobox_3	215 MB Dopa	-1
GGCTATCTCTGTGGAGGAGTGAATCA-1:SCP072	mouse55	Tbx19	Tbx19_2	066 CNU-HYa HY GABA	-1
GGGCAACTCACCCTGGTGTCTGGCAG-1:SCP072	mouse33	Kcnc3	Kcnc3_3	066 CNU-HYa HY GABA	-1
GGGCAGTTCGACACAGCTGACACACA-1:SCP072	mouse42	Gata2	Gata2_1	066 CNU-HYa HY GABA	-1
GGGTTCCGTTAGATGGACACCTGCTG-1:SCP072	mouse38	Gabrd	Gabrd_3	066 CNU-HYa HY GABA	-1
GGTAAATGTAGAGGCTACACAGTACT-1:SCP072	mouse60	Matr3	Matr3_4	215 MB Dopa	-1
GGTAGTGTCAATCACTTGCCTCCATG-1:SCP072	mouse34	Tubb3	Tubb3_1	215 MB Dopa	-1
GGTGGATGTTAGATGGCTGCATGATC-1:SCP072	mouse42	Sdccag8	Sdccag8_2	066 CNU-HYa HY GABA	-1
GTCTTGATCGGATGCAACGATGAATC-1:SCP072	mouse44	Tmem63a	Tmem63a_3	066 CNU-HYa HY GABA	-1
GTGCCCATCATCCCTTGATAGAACAC-1:SCP072	mouse41	Runx3	Runx3_4	215 MB Dopa	-1
GTGCCCATCTTGCATGTGCAGTTGGT-1:SCP072	mouse33	Otud7a	Otud7a_2	110 CNU-HYa HY MM Glut	-1
GTGTAAGGTTCTCATTACACAAAGTG-1:SCP072	mouse45	Non_target	Non_target_149	066 CNU-HYa HY GABA	-1
GTGTCGAAGCCACTCGTGGATTGGAG-1:SCP072	mouse45	Cxcr4	Cxcr4_3	066 CNU-HYa HY GABA	-1
GTGTCGTTCCCGCTGAATCGGTCGGA-1:SCP072	mouse38	Esr1	Esr1_4	215 MB Dopa	-1
GTGTCGTTCTGCAATTCGGGTTCAAT-1:SCP072	mouse35	Slc1a1	Slc1a1_2	066 CNU-HYa HY GABA	-1
GTGTTCTCATCCACATTGGTCCATTA-1:SCP072	mouse45	Ctcf	Ctcf_3	054 CNU-MGE GABA	-1
GTTACCTCACAGTATGGATGTTGCCG-1:SCP072	mouse54	Non_target	Non_target_196	066 CNU-HYa HY GABA	-1
GTTCACTCAGAGGTTCCTTCGGTCTG-1:SCP072	mouse54	Pnkd	Pnkd_2	066 CNU-HYa HY GABA	-1
GTTCCAGGTTTGAAGGCAAAGCATCA-1:SCP072	mouse34	Tbx1	Tbx1_4	066 CNU-HYa HY GABA	-1
GTTGGCCGTGTTGACTGAGTGAATCA-1:SCP072	mouse55	Bptf	Bptf_1	066 CNU-HYa HY GABA	-1
GTTGGTACACATGCTTCTGTTGTAGT-1:SCP072	mouse52	Mc1r	Mc1r_4	066 CNU-HYa HY GABA	-1
GTTGTCGGTATCGCCATCGATCAAAC-1:SCP072	mouse34	Fzd2	Fzd2_2	066 CNU-HYa HY GABA	-1
TAAACGTCAGCTTGGGCGGGTCTTTG-1:SCP072	mouse44	Ust	Ust_1	066 CNU-HYa HY GABA	-1
TAAATCTGTCTGGTCAACACCTGCTG-1:SCP072	mouse38	Zkscan16	Zkscan16_4	066 CNU-HYa HY GABA	-1
TAACGGAGTGATGTAGACCCTAAGAC-1:SCP072	mouse38	Pacs1	Pacs1_4	066 CNU-HYa HY GABA	-1
TAAGGACTCTGAGTCCCATTTGATCG-1:SCP072	mouse45	Smad2	Smad2_2	066 CNU-HYa HY GABA	-1
TAATGGCAGATGCCAGATCATGGTCA-1:SCP072	mouse38	Cep83	Cep83_1	215 MB Dopa	-1
TAATTGACAACACCGGTGGTCCATTA-1:SCP072	mouse45	Psap	Psap_1	066 CNU-HYa HY GABA	-1
TACTAGAAGTTGCGTCACCTGGGAAG-1:SCP072	mouse45	Tbr1	Tbr1_2	066 CNU-HYa HY GABA	-1
TACTTGGTCGAACCCTCTACCGAAAG-1:SCP072	mouse34	Atp6v0c	Atp6v0c_3	215 MB Dopa	-1
TAGCTTGTCTCACGTAGCAGCTTCAG-1:SCP072	mouse46	Pgrmc1	Pgrmc1_2	066 CNU-HYa HY GABA	-1
TAGTGATCATGGCTGGTGTGAACCTC-1:SCP072	mouse54	Osmr	Osmr_2	066 CNU-HYa HY GABA	-1
TAGTTGCGTGAAGCCGACCGTTATGT-1:SCP072	mouse49	Adrb1	Adrb1_4	215 MB Dopa	-1
TATCCACCAGCTTAGAGATAGAACAC-1:SCP072	mouse41	Slc9a9	Slc9a9_4	110 CNU-HYa HY MM Glut	-1
TATGGTAAGAACCTAAAGCGCAATAT-1:SCP072	mouse51	Rxrb	Rxrb_4	215 MB Dopa	-1
TATGTTATCATACAGAAGCTGGCTAC-1:SCP072	mouse52	Nr5a2	Nr5a2_4	066 CNU-HYa HY GABA	-1
TCAATCCCATATGCTCGAGTGAATCA-1:SCP072	mouse55	Abhd12	Abhd12_3	215 MB Dopa	-1
TCATGGCTCTGAGTAAGAGGGCAAAT-1:SCP072	mouse51	Sod2	Sod2_2	066 CNU-HYa HY GABA	-1
TCATTGGTCCTCTCCACTGGTCCACA-1:SCP072	mouse48	Ndufb7	Ndufb7_3	066 CNU-HYa HY GABA	-1
TCATTTCGTAGTGGCGAGGTTCTCCA-1:SCP072	mouse37	Cert1	Cert1_2	215 MB Dopa	-1
TCGCGGGAGAATCGTACAACTCAAAC-1:SCP072	mouse38	Myef2	Myef2_3	066 CNU-HYa HY GABA	-1
TCGCTTGCATCCCAATGTATGGAAAC-1:SCP072	mouse36	Fgfrl1	Fgfrl1_1	066 CNU-HYa HY GABA	-1
TCGGTCTAGCTTGACCACCCTAAGAC-1:SCP072	mouse38	Fgfr2	Fgfr2_1	066 CNU-HYa HY GABA	-1
TCGGTTATCGAGCGGTGATGTTGCCG-1:SCP072	mouse54	Bmal2	Bmal2_4	215 MB Dopa	-1
TCTAACGTCTATACCGGAGGGCAAAT-1:SCP072	mouse51	Adgrl1	Adgrl1_1	066 CNU-HYa HY GABA	-1
TCTCAGGGTTATGCACTCAATGGAAG-1:SCP072	mouse44	Ptprn2	Ptprn2_3	066 CNU-HYa HY GABA	-1
TCTCGAATCCCTGGTGCTACTTTCGT-1:SCP072	mouse32	Srebf1	Srebf1_4	066 CNU-HYa HY GABA	-1
TCTCGAATCCTCCGTCCGGGTCTTTG-1:SCP072	mouse44	Pah	Pah_1	066 CNU-HYa HY GABA	-1
TCTGAGGAGCTCCGCAACCCTAGGGT-1:SCP072	mouse55	Isl1	Isl1_2	066 CNU-HYa HY GABA	-1
TCTGTCGCACGATGTATGCTCCACCT-1:SCP072	mouse54	Epm2a	Epm2a_3	066 CNU-HYa HY GABA	-1
TGACATAAGAGAGCTTATCGGTCGGA-1:SCP072	mouse38	Il1r1	Il1r1_4	215 MB Dopa	-1
TGACGTACACCTCGACTGTGAACCTC-1:SCP072	mouse54	Osmr	Osmr_2	066 CNU-HYa HY GABA	-1
TGACGTTGTCAGCCACGAAACGCGCA-1:SCP072	mouse53	Non_target	Non_target_379	066 CNU-HYa HY GABA	-1
TGATTACTCCTCTAAGCTATAGGGTA-1:SCP072	mouse38	Ank1	Ank1_2	215 MB Dopa	-1
TGCCCGCAGCCTACTAACACAGTACT-1:SCP072	mouse60	Pcsk5	Pcsk5_1	066 CNU-HYa HY GABA	-1
TGCGCCCAGAAGTTGCTGACACGGAT-1:SCP072	mouse54	Pou1f1	Pou1f1_1	215 MB Dopa	-1
TGCGCCCAGGTCGGTACTTGCCTTGT-1:SCP072	mouse52	Lhx4	Lhx4_4	066 CNU-HYa HY GABA	-1
TGCGGGTAGACATTAGTCTCGATGGC-1:SCP072	mouse38	Hras	Hras_1	215 MB Dopa	-1
TGCTGGAAGACTTGCCTCGTTCCATA-1:SCP072	mouse41	Manf	Manf_1	215 MB Dopa	-1
TGGATCGAGTCATTACCTCCCAACAC-1:SCP072	mouse37	Fam149b	Fam149b_4	215 MB Dopa	-1
TGGCTAGAGCCACACTAGGCGCCTAT-1:SCP072	mouse45	Slc9a9	Slc9a9_4	215 MB Dopa	-1
TGGCTGTTCGCCTGTGTGGAGGCAAG-1:SCP072	mouse45	Camkmt	Camkmt_4	066 CNU-HYa HY GABA	-1
TGTACAGCAACTTCGTCATTCCCAAT-1:SCP072	mouse35	Non_target	Non_target_330	066 CNU-HYa HY GABA	-1
TGTACGACACATAGTGCTATCTTGTG-1:SCP072	mouse45	Gigyf1	Gigyf1_3	054 CNU-MGE GABA	-1
TGTCTATAGAACTGCGACGGGTCCAT-1:SCP072	mouse55	Stat1	Stat1_4	215 MB Dopa	-1
TGTGAAATCCCAACCGACCCTAGGGT-1:SCP072	mouse55	Ifih1	Ifih1_2	215 MB Dopa	-1
TGTGTTGTCTAGCCCGGAGTGCCTGT-1:SCP072	mouse46	Dzip1	Dzip1_1	066 CNU-HYa HY GABA	-1
AAACTCGCAACACCAAAGCCCGTTGT-1:SCP073	mouse76	Zkscan16	Zkscan16_4	066 CNU-HYa HY GABA	-1
AACCCCGTCGAACGTGGTAGCTTGAT-1:SCP073	mouse60	Pi4ka	Pi4ka_3	066 CNU-HYa HY GABA	-1
AACCTTGTCCGAACGATCGCGACATC-1:SCP073	mouse62	Ap2m1	Ap2m1_3	215 MB Dopa	-1
AACGATGGTAAGTAACCACCTCTCCA-1:SCP073	mouse68	Gabrd	Gabrd_4	215 MB Dopa	-1
AACGATGGTATCCCGATGTGAACCTC-1:SCP073	mouse71	Dnajb4	Dnajb4_4	066 CNU-HYa HY GABA	-1
AAGGAGTCAGTGAATTCTTAGGGCCT-1:SCP073	mouse68	Lrrtm3	Lrrtm3_4	215 MB Dopa	-1
AAGGCAAAGCGTTCGTACGAGGTGGA-1:SCP073	mouse67	Trps1	Trps1_2	066 CNU-HYa HY GABA	-1
AAGGTTGGTCTCCTTAACAGGCGAAC-1:SCP073	mouse31	Ywhae	Ywhae_1	066 CNU-HYa HY GABA	-1
AAGTAGACACGGTAACCTCTCCCAGA-1:SCP073	mouse76	Sgce	Sgce_3	215 MB Dopa	-1
AATCGCGAGGCGGTGTGTGAAGTTAG-1:SCP073	mouse56	Zfp322a	Zfp322a_3	215 MB Dopa	-1
AATTGCGCACTACTACGATATCTGGA-1:SCP073	mouse30	Champ1	Champ1_3	066 CNU-HYa HY GABA	-1
ACAACTGCACGATCCCACTGTCATCA-1:SCP073	mouse70	Prickle1	Prickle1_3	066 CNU-HYa HY GABA	-1
ACAATTACATAACGATGAGGGTGAAG-1:SCP073	mouse76	Il1rap	Il1rap_2	215 MB Dopa	-1
ACAATTGAGACTTGCCTGCGTGGAGA-1:SCP073	mouse63	Pdgfrb	Pdgfrb_2	066 CNU-HYa HY GABA	-1
ACACCCTAGGGCCAGTCTTAGGGCCT-1:SCP073	mouse68	Zfp322a	Zfp322a_3	215 MB Dopa	-1
ACAGAGAAGGTAGGCCTCTGAGGGTA-1:SCP073	mouse63	Tlr9	Tlr9_1	066 CNU-HYa HY GABA	-1
ACAGGACGTTGCCACAAGGACTAAAG-1:SCP073	mouse63	Lars2	Lars2_4	066 CNU-HYa HY GABA	-1
ACATATTGTCAGGGATGTAGTTCTAG-1:SCP073	mouse60	Prlr	Prlr_2	215 MB Dopa	-1
ACATCAGCACCCTGACCTAACGCGTC-1:SCP073	mouse67	Dennd5a	Dennd5a_2	066 CNU-HYa HY GABA	-1
ACATTTGGTAGTATCCGTCGGATATG-1:SCP073	mouse68	Adnp	Adnp_2	066 CNU-HYa HY GABA	-1
ACCAATGCAAAGGATATCCGTGAAAC-1:SCP073	mouse76	Lrrtm4	Lrrtm4_3	215 MB Dopa	-1
ACCAGCAAGCTTGACCACGACAGCAG-1:SCP073	mouse62	Ankrd11	Ankrd11_4	066 CNU-HYa HY GABA	-1
ACCATGGAGCACCAGAATACTGGGCA-1:SCP073	mouse67	Foxp2	Foxp2_3	066 CNU-HYa HY GABA	-1
ACCCGGGAGTTACACTCTCAGTTTCT-1:SCP073	mouse58	Iqcb1	Iqcb1_3	215 MB Dopa	-1
ACCCTGCCATGCAATGAGATTTACGC-1:SCP073	mouse73	Ank	Ank_2	054 CNU-MGE GABA	-1
ACGACCTTCCGAACGATCCGTGAAAC-1:SCP073	mouse76	Ptprt	Ptprt_3	066 CNU-HYa HY GABA	-1
ACGATCGAGCGGTAATCTCTCCCAGA-1:SCP073	mouse76	Grip1	Grip1_2	215 MB Dopa	-1
ACGCCTAGTTCTATGAACAATCGACT-1:SCP073	mouse60	Katnip	D430042O09Rik_1	215 MB Dopa	-1
ACGCGCACAAAGTGCCACGGATATCA-1:SCP073	mouse70	Atp6v0c	Atp6v0c_2	066 CNU-HYa HY GABA	-1
ACGTTGGAGTCCAATTGAAATCGAGA-1:SCP073	mouse57	Setx	Setx_4	054 CNU-MGE GABA	-1
ACGTTTCCAGTGAATTGAGTAGGCAT-1:SCP073	mouse60	Ctnnbl1	Ctnnbl1_1	215 MB Dopa	-1
ACTATCCCACAGCATAACCGAATAAG-1:SCP073	mouse62	Calm1	Calm1_1	215 MB Dopa	-1
ACTATCTAGGGATGGGACTATTGGGA-1:SCP073	mouse73	Gli1	Gli1_3	054 CNU-MGE GABA	-1
ACTGAAGGTCCAACTGACGGGCAGTA-1:SCP073	mouse57	Marchf6	Marchf6_1	066 CNU-HYa HY GABA	-1
ACTGAGAGTTAACCACACGCGTGAAC-1:SCP073	mouse68	Ica1	Ica1_2	215 MB Dopa	-1
ACTGCATGTGTCGAGGACAGGGCTTA-1:SCP073	mouse56	Fbxo38	Fbxo38_3	066 CNU-HYa HY GABA	-1
ACTTATCAGTGAGAGAAGGGACACAC-1:SCP073	mouse73	Relb	Relb_1	066 CNU-HYa HY GABA	-1
ACTTGGGAGCCTTCCCGCGTTTCCTG-1:SCP073	mouse64	Srebf1	Srebf1_4	066 CNU-HYa HY GABA	-1
AGAAGCCGTTATAGGGGATCCCGTCA-1:SCP073	mouse76	Non_target	Non_target_310	066 CNU-HYa HY GABA	-1
AGAAGTTGTGGTGATATGCCTATAGT-1:SCP073	mouse68	Minpp1	Minpp1_2	215 MB Dopa	-1
AGAATGACAGGGTTACACGGGAATGA-1:SCP073	mouse75	Npr2	Npr2_2	066 CNU-HYa HY GABA	-1
AGACTGCCATGTCGAACTAGGTCTAT-1:SCP073	mouse73	Tfap4	Tfap4_3	215 MB Dopa	-1
AGAGGGAGTGCGTGCTGTGCGGTAAG-1:SCP073	mouse29	Zbtb42	Zbtb42_3	066 CNU-HYa HY GABA	-1
AGAGGGTAGATTAGGCCATCAAGATC-1:SCP073	mouse73	Nr1h2	Nr1h2_1	066 CNU-HYa HY GABA	-1
AGAGGTCGTGCGTAGGAGCAGGTGCA-1:SCP073	mouse61	Meox1	Meox1_1	066 CNU-HYa HY GABA	-1
AGCACTGAGGGATGGGACGGGAATGA-1:SCP073	mouse75	Zfp536	Zfp536_2	215 MB Dopa	-1
AGCCTTTCAAGTCGGTACTATTGGGA-1:SCP073	mouse73	Igf1r	Igf1r_3	066 CNU-HYa HY GABA	-1
AGGACATTCCGACATCCAAGTACCAT-1:SCP073	mouse72	Slc24a5	Slc24a5_2	066 CNU-HYa HY GABA	-1
AGGACATTCTCCTAAGCTATAGACCT-1:SCP073	mouse62	Opn1sw	Opn1sw_4	066 CNU-HYa HY GABA	-1
AGTAAGTGTAGACATGGCAAGTAAAC-1:SCP073	mouse69	Kdm5b	Kdm5b_1	215 MB Dopa	-1
AGTTAGTCAGTAAGGGACGAGGATTA-1:SCP073	mouse73	Abat	Abat_1	215 MB Dopa	-1
AGTTGTAAGGAGGAGTGTGCGGTAAG-1:SCP073	mouse29	Wdfy3	Wdfy3_1	215 MB Dopa	-1
ATAACACCAGCACTCCACAACCATTC-1:SCP073	mouse70	Gucy2c	Gucy2c_3	066 CNU-HYa HY GABA	-1
ATAACGATCATGGAACCTACCAGTAT-1:SCP073	mouse75	Nr5a1	Nr5a1_2	066 CNU-HYa HY GABA	-1
ATAAGCTCAAGGCAAGGCGAATAGAT-1:SCP073	mouse68	Trmt1	Trmt1_2	110 CNU-HYa HY MM Glut	-1
ATAAGTAGTTATCCAACTAGGTCTAT-1:SCP073	mouse73	Non_target	Non_target_330	215 MB Dopa	-1
ATAAGTGTCACCAATTACAAACAACG-1:SCP073	mouse62	Ndufa12	Ndufa12_3	066 CNU-HYa HY GABA	-1
ATACAACCACTGACTTGTGAAGTTAG-1:SCP073	mouse56	Adamts17	Adamts17_2	110 CNU-HYa HY MM Glut	-1
ATCCCTTTCTCCATCTAGCCCGAACT-1:SCP073	mouse27	Fosl2	Fosl2_4	066 CNU-HYa HY GABA	-1
ATCGCGCGTGTCGAGGCACGAAGTTA-1:SCP073	mouse73	Ndufs2	Ndufs2_1	215 MB Dopa	-1
ATCGCGGCAGCTCAGGGTACGTCCCT-1:SCP073	mouse66	Timmdc1	Timmdc1_4	066 CNU-HYa HY GABA	-1
ATCTAGCGTCGATGAAACGAGGATTA-1:SCP073	mouse73	Zfp398	Zfp398_3	066 CNU-HYa HY GABA	-1
ATCTCTCTCTGAGTAAGAAATCGAGA-1:SCP073	mouse57	Rapgef2	Rapgef2_3	054 CNU-MGE GABA	-1
ATGCAACAGTTGGAACCTCTTGTTCT-1:SCP073	mouse70	Depdc5	Depdc5_3	066 CNU-HYa HY GABA	-1
ATGCAAGGTACCCAGCACAAAGGAGA-1:SCP073	mouse68	Pou3f3	Pou3f3_1	066 CNU-HYa HY GABA	-1
ATGTAAAGTGTTGACTTCCGTGAAAC-1:SCP073	mouse76	Atp13a2	Atp13a2_1	066 CNU-HYa HY GABA	-1
ATGTAGCAGCGTGCAACTACATACTC-1:SCP073	mouse68	Non_target	Non_target_185	215 MB Dopa	-1
ATGTTCCCAAATCCGAGTGCGGTAAG-1:SCP073	mouse29	Non_target	Non_target_295	215 MB Dopa	-1
ATTACAACACACTGGGACAGACCGTC-1:SCP073	mouse76	Snrpb	Snrpb_2	215 MB Dopa	-1
ATTACCCCACTTCCAGACTATTGGGA-1:SCP073	mouse73	Rsrc1	Rsrc1_3	215 MB Dopa	-1
ATTACTGGTCGGGCTTACGACTAACT-1:SCP073	mouse61	Tbx21	Tbx21_2	039 OB-IMN GABA	-1
ATTATGGAGCAATCGGGAAATCGAGA-1:SCP073	mouse57	Ap1b1	Ap1b1_4	215 MB Dopa	-1
ATTGACTTCCGGCTCACACGAAGTTA-1:SCP073	mouse73	Esrra	Esrra_2	215 MB Dopa	-1
ATTGATTGTACACCTGTGGACCTAGT-1:SCP073	mouse75	Lrpap1	Lrpap1_4	054 CNU-MGE GABA	-1
ATTGCACGTACAGCCCCACTTCCTAC-1:SCP073	mouse67	Gsk3b	Gsk3b_1	066 CNU-HYa HY GABA	-1
ATTGTCGTCGAACTAAGTCGTAAACA-1:SCP073	mouse67	Non_target	Non_target_283	215 MB Dopa	-1
ATTGTGCGTAGAGGCTGACAACATCA-1:SCP073	mouse31	Scamp5	Scamp5_4	215 MB Dopa	-1
CAAACTAAGGACTAACCTTCACGTTC-1:SCP073	mouse62	Ptchd1	Ptchd1_1	066 CNU-HYa HY GABA	-1
CAAATCTTCTAGGCTCGTAGGCACTA-1:SCP073	mouse66	Nr2e1	Nr2e1_3	054 CNU-MGE GABA	-1
CAACACACAGGTAGCTGTACGTCCCT-1:SCP073	mouse66	Grin3a	Grin3a_2	066 CNU-HYa HY GABA	-1
CAACACACATTAACGGCACATGCTTA-1:SCP073	mouse74	Deaf1	Deaf1_2	215 MB Dopa	-1
CAACGGGGTGGAGAGATCGACTAAGA-1:SCP073	mouse62	Slc9a7	Slc9a7_1	215 MB Dopa	-1
CAACGTACATACTTCAACCATCCGCA-1:SCP073	mouse74	Dnm2	Dnm2_1	066 CNU-HYa HY GABA	-1
CAACTATTCATCATACACCGCCATAC-1:SCP073	mouse63	Kdm5b	Kdm5b_3	066 CNU-HYa HY GABA	-1
CAACTATTCATCTAGTTGTGAACCTC-1:SCP073	mouse71	Cnnm2	Cnnm2_4	215 MB Dopa	-1
CAAGCGATCCTACTTCACAGGGCTTA-1:SCP073	mouse56	Hdac4	Hdac4_4	066 CNU-HYa HY GABA	-1
CAAGCGCAGCGGATTGATACTGGGCA-1:SCP073	mouse67	Arnt2	Arnt2_2	066 CNU-HYa HY GABA	-1
CACACTTCATGGCCTCAGCCCTGCAT-1:SCP073	mouse29	Adgrb3	Adgrb3_3	215 MB Dopa	-1
CACCGCCAGACACTAAACTGAGAGAG-1:SCP073	mouse57	Lemd3	Lemd3_3	066 CNU-HYa HY GABA	-1
CACGCCCAGGCACATGAGATGCGTGA-1:SCP073	mouse56	Hnrnpc	Hnrnpc_4	215 MB Dopa	-1
CACGGGTAGTAGCTCCGAGTAGGCAT-1:SCP073	mouse60	Htr7	Htr7_3	215 MB Dopa	-1
CACGTGGCAATTGGTGAGGATTGAAC-1:SCP073	mouse31	Rapgef2	Rapgef2_2	066 CNU-HYa HY GABA	-1
CACTACGGTCATACTAACAATCGACT-1:SCP073	mouse60	Gabrd	Gabrd_2	066 CNU-HYa HY GABA	-1
CAGCACGCACGCTACCATGACGTTCA-1:SCP073	mouse70	Kif21a	Kif21a_1	215 MB Dopa	-1
CAGCACGCATAGTTGGTGCCTATAGT-1:SCP073	mouse68	Ccr2	Ccr2_4	215 MB Dopa	-1
CAGGATCCATAACTGGGCGTTTCCTG-1:SCP073	mouse64	Mapt	Mapt_2	066 CNU-HYa HY GABA	-1
CAGTCCCCAGATTAGTAGGACTAAAG-1:SCP073	mouse63	Nrp2	Nrp2_2	066 CNU-HYa HY GABA	-1
CATCCCACACGGTCAGACAAAGGAGA-1:SCP073	mouse68	Mecr	Mecr_3	054 CNU-MGE GABA	-1
CATGATTTCAACCTTGCTAGGTCTAT-1:SCP073	mouse73	Lbx1	Lbx1_3	066 CNU-HYa HY GABA	-1
CATTAGGCATGGTAATCGCTTATCTA-1:SCP073	mouse73	Epm2a	Epm2a_3	066 CNU-HYa HY GABA	-1
CCAATCGGTCGATGAACTACTGGTAG-1:SCP073	mouse69	Gnptg	Gnptg_1	215 MB Dopa	-1
CCAATCGGTCGATGAAGTAGGCACTA-1:SCP073	mouse66	Non_target	Non_target_148	215 MB Dopa	-1
CCACTCCTCAGTAGTAACCCTATATC-1:SCP073	mouse63	Nefm	Nefm_3	066 CNU-HYa HY GABA	-1
CCCAGGCTCTGTGGAGGCAAGTAAAC-1:SCP073	mouse69	Ccser1	Ccser1_1	215 MB Dopa	-1
CCCAGGTGTTCGCAGCCAAAGGCAAG-1:SCP073	mouse60	Bbx	Bbx_1	066 CNU-HYa HY GABA	-1
CCCGCTTTCGCTGGAAAGCCCTGCAT-1:SCP073	mouse29	Jarid2	Jarid2_2	066 CNU-HYa HY GABA	-1
CCGAATGAGGAGACCCTCTGAGGGTA-1:SCP073	mouse63	Ski	Ski_4	215 MB Dopa	-1
CCGCAATTCAGCGGACTCGACTAAGA-1:SCP073	mouse62	Thbd	Thbd_4	066 CNU-HYa HY GABA	-1
CCGCAGCTCGAGTTGGACTAGCTGCA-1:SCP073	mouse63	Nek1	Nek1_3	066 CNU-HYa HY GABA	-1
CCGTGGCTCCCTTCCATGCGTGGAGA-1:SCP073	mouse63	Adam22	Adam22_4	215 MB Dopa	-1
CCGTTCGAGTAATGTGGTAAGCGGAG-1:SCP073	mouse70	Chd8	Chd8_4	215 MB Dopa	-1
CCTAACATCGAGCGGTACAGACCGTC-1:SCP073	mouse76	Atcay	Atcay_4	066 CNU-HYa HY GABA	-1
CCTAACATCGCACCATCTCACGGACA-1:SCP073	mouse69	Ndufb7	Ndufb7_1	110 CNU-HYa HY MM Glut	-1
CCTAGACTCAGGATGTGAATCCGCTC-1:SCP073	mouse63	Zkscan3	Zkscan3_4	215 MB Dopa	-1
CCTCACTGTTTGAAGGTGTCATTCGT-1:SCP073	mouse68	Prkaa2	Prkaa2_2	215 MB Dopa	-1
CCTTCAGCACCGTACCACGCGTGAAC-1:SCP073	mouse68	Med12	Med12_1	215 MB Dopa	-1
CGAAACCCATGTGCAAAGCAGGTGCA-1:SCP073	mouse61	Actg1	Actg1_1	054 CNU-MGE GABA	-1
CGAGTCAAGAACGAAGACGACTAACT-1:SCP073	mouse61	Purg	Purg_3	215 MB Dopa	-1
CGATGACCAAACGGCTCATGGTTCTA-1:SCP073	mouse63	Nrcam	Nrcam_4	066 CNU-HYa HY GABA	-1
CGCAGGAGTTGCCTTCCTAACGCGTC-1:SCP073	mouse67	Cdk13	Cdk13_3	066 CNU-HYa HY GABA	-1
CGCCTTCTCCACCAACTGTGAACCTC-1:SCP073	mouse71	Galr1	Galr1_1	066 CNU-HYa HY GABA	-1
CGCCTTCTCTTGAGCCCATGGTTCTA-1:SCP073	mouse63	Ndufs8	Ndufs8_4	054 CNU-MGE GABA	-1
CGCGTTCCAAGTGTCATGCCTATAGT-1:SCP073	mouse68	Icos	Icos_2	066 CNU-HYa HY GABA	-1
CGGATATAGGGGCAAGCTACCAGTAT-1:SCP073	mouse75	Cacng8	Cacng8_4	066 CNU-HYa HY GABA	-1
CGGGATATCCCTGCGAACGTCATTGA-1:SCP073	mouse72	Cox6b1	Cox6b1_4	215 MB Dopa	-1
CGTCATATCCCGATACGTGGGAGACT-1:SCP073	mouse30	Max	Max_4	066 CNU-HYa HY GABA	-1
CGTCATTCATGTCTGTGTAGTTCTAG-1:SCP073	mouse60	Epha10	Epha10_2	066 CNU-HYa HY GABA	-1
CGTGGACAGATTCACTAGGCACGCAT-1:SCP073	mouse69	Srebf1	Srebf1_4	215 MB Dopa	-1
CTAACTAGTTTGGGTTCTAACGCGTC-1:SCP073	mouse67	Atp13a2	Atp13a2_2	066 CNU-HYa HY GABA	-1
CTAATTGGTTGCCTAGTGCGTGGAGA-1:SCP073	mouse63	Arhgap18	Arhgap18_3	066 CNU-HYa HY GABA	-1
CTACCATCATTGGTTCGACGACATGT-1:SCP073	mouse63	Jakmip1	Jakmip1_1	059 CNU-LGE LSX GABA	-1
CTACCTGCAAAGTTACGAGAGTCGAC-1:SCP073	mouse73	Dcaf17	Dcaf17_2	066 CNU-HYa HY GABA	-1
CTAGACTGTGCCTGGTACTGAGAGAG-1:SCP073	mouse57	Mef2d	Mef2d_4	215 MB Dopa	-1
CTAGCTTCAAATGACTGCGAATAGAT-1:SCP073	mouse68	Foxk2	Foxk2_4	054 CNU-MGE GABA	-1
CTAGTGTGTAAGCCAATCGCGACATC-1:SCP073	mouse62	Mecr	Mecr_3	066 CNU-HYa HY GABA	-1
CTATCTTGTTATAGCCTCGACTAAGA-1:SCP073	mouse62	Sema4d	Sema4d_4	066 CNU-HYa HY GABA	-1
CTGCTGGTCACTCGCGAGGACTAAAG-1:SCP073	mouse63	Irf2bpl	Irf2bpl_1	066 CNU-HYa HY GABA	-1
CTGGCTCCACCTGTATAGCCCGTTGT-1:SCP073	mouse76	Tnfrsf9	Tnfrsf9_3	066 CNU-HYa HY GABA	-1
CTGGGACAGCCTAATTGTAGTTCTAG-1:SCP073	mouse60	Non_target	Non_target_352	066 CNU-HYa HY GABA	-1
CTGGGCACACGCCATCCACTTCCTAC-1:SCP073	mouse67	Cpe	Cpe_1	215 MB Dopa	-1
CTTACGTCAACTTAGGAGCTCAACAC-1:SCP073	mouse69	Sar1b	Sar1b_4	215 MB Dopa	-1
CTTACGTCAATCACGACTCCACGCAT-1:SCP073	mouse67	Nfic	Nfic_1	110 CNU-HYa HY MM Glut	-1
CTTACTGAGCAATCGGAGCAAGGTAT-1:SCP073	mouse71	Sos2	Sos2_3	066 CNU-HYa HY GABA	-1
CTTACTGAGTAACGCGGTAGGCACTA-1:SCP073	mouse66	Gpr12	Gpr12_4	066 CNU-HYa HY GABA	-1
CTTCAACCACTGATGACAAAGGCAAG-1:SCP073	mouse60	Lrpap1	Lrpap1_2	215 MB Dopa	-1
CTTCACCGTGTGTCATGAACTAGGCT-1:SCP073	mouse61	Dtnbp1	Dtnbp1_4	066 CNU-HYa HY GABA	-1
CTTGATGTCGAACCCTATAAACGGGA-1:SCP073	mouse76	Pdhx	Pdhx_1	066 CNU-HYa HY GABA	-1
GCATAGTAGTTGCGTCCTACATACTC-1:SCP073	mouse68	Arl2bp	Arl2bp_1	215 MB Dopa	-1
GCATTGGAGACCTACCCTCTTGTTCT-1:SCP073	mouse70	Agrn	Agrn_2	066 CNU-HYa HY GABA	-1
GCCAAAGTCGACTCTAAGGTGTTTAC-1:SCP073	mouse68	Trp73	Trp73_2	066 CNU-HYa HY GABA	-1
GCCCTAAGTCTATCGGGAGGGTGAAG-1:SCP073	mouse76	Ephb4	Ephb4_4	066 CNU-HYa HY GABA	-1
GCCCTCAAGCTCATATTGTGAACCTC-1:SCP073	mouse71	Irs1	Irs1_4	215 MB Dopa	-1
GCGAAGGAGCGGGCATCTACTGGTAG-1:SCP073	mouse69	Drd4	Drd4_1	066 CNU-HYa HY GABA	-1
GCGATGTCAAAGGGCAGAAACCATGC-1:SCP073	mouse76	Non_target	Non_target_364	066 CNU-HYa HY GABA	-1
GCGATGTCATCCAGCCCTTAGGGCCT-1:SCP073	mouse68	Rars2	Rars2_4	066 CNU-HYa HY GABA	-1
GCGTAACCACTAGGCGTGCTGATTGA-1:SCP073	mouse62	Ntrk3	Ntrk3_4	215 MB Dopa	-1
GCGTGAATCCCGATACCTAACGCGTC-1:SCP073	mouse67	Vldlr	Vldlr_2	066 CNU-HYa HY GABA	-1
GCGTTCGTCGAACTAAGTAGGCACTA-1:SCP073	mouse66	Tcf7l2	Tcf7l2_3	054 CNU-MGE GABA	-1
GCTACTGGTCCCTTCGACGTTTAGTC-1:SCP073	mouse62	Nsf	Nsf_2	215 MB Dopa	-1
GCTCATGGTACCGGAGTCTGAGGGTA-1:SCP073	mouse63	Mbl2	Mbl2_2	215 MB Dopa	-1
GCTCATGGTGGCGCAAGTCTGTTTAG-1:SCP073	mouse72	Tia1	Tia1_4	066 CNU-HYa HY GABA	-1
GCTCCCAAGTATCGTTCAGCGAATGA-1:SCP073	mouse63	Npy2r	Npy2r_1	054 CNU-MGE GABA	-1
GCTCTCTGTAATCCGTGTAGGCACTA-1:SCP073	mouse66	Ndufs1	Ndufs1_1	054 CNU-MGE GABA	-1
GCTGCGGAGACTCCGTACAATCGACT-1:SCP073	mouse60	Pou1f1	Pou1f1_1	066 CNU-HYa HY GABA	-1
GCTGTTATCGGGAAGGATGACGTTCA-1:SCP073	mouse70	Dalrd3	Dalrd3_4	066 CNU-HYa HY GABA	-1
GCTTAACGTAATGTCCCATGGCTGAT-1:SCP073	mouse69	Non_target	Non_target_358	215 MB Dopa	-1
GGACCCTGTTCGGTTGGAGTCTCCAT-1:SCP073	mouse63	Nf2	Nf2_4	066 CNU-HYa HY GABA	-1
GGACGATGTTCCGTTCAGATTTACGC-1:SCP073	mouse73	Col25a1	Col25a1_2	066 CNU-HYa HY GABA	-1
GGACTCGCAACTGGTAGAAGCTGGGT-1:SCP073	mouse68	Chl1	Chl1_1	066 CNU-HYa HY GABA	-1
GGAGCAACAAACTGTGCTCCCTGTCA-1:SCP073	mouse67	Tnfrsf1b	Tnfrsf1b_4	215 MB Dopa	-1
GGATAACTCGACGGGTCAGCTACCCT-1:SCP073	mouse72	Col2a1	Col2a1_2	215 MB Dopa	-1
GGATTTCGTGATTGCTCAAACAGTGT-1:SCP073	mouse74	Cisd2	Cisd2_1	215 MB Dopa	-1
GGCACTTTCTGGGTTCCAGCGAATGA-1:SCP073	mouse63	Thra	Thra_4	066 CNU-HYa HY GABA	-1
GGCATCAAGGAGACCCCTTGGATGGC-1:SCP073	mouse70	Creb1	Creb1_4	215 MB Dopa	-1
GGCCAACAGCATATCTTCCGTGAAAC-1:SCP073	mouse76	Tbx21	Tbx21_4	215 MB Dopa	-1
GGCCTCATCCAAGTGGAGGCGGACAT-1:SCP073	mouse60	Nlgn2	Nlgn2_2	215 MB Dopa	-1
GGCTCTGTCTCTCAAGGAAGTGCAAG-1:SCP073	mouse74	Zfp521	Zfp521_3	066 CNU-HYa HY GABA	-1
GGGAGCAAGAGTCCCTCACCGTTGGT-1:SCP073	mouse58	Dennd5a	Dennd5a_2	066 CNU-HYa HY GABA	-1
GGGAGCAAGGCGTAATCTGCAATAAG-1:SCP073	mouse75	Gpr12	Gpr12_1	215 MB Dopa	-1
GGGCAACTCACGTTCAACGCGTGAAC-1:SCP073	mouse68	Mecr	Mecr_4	215 MB Dopa	-1
GGGCCTGAGCTCGAAGGTGGGAGACT-1:SCP073	mouse30	Tbc1d24	Tbc1d24_4	066 CNU-HYa HY GABA	-1
GGGTAGACACGTTAAGAGCCCGTTGT-1:SCP073	mouse76	Tas2r118	Tas2r118_4	066 CNU-HYa HY GABA	-1
GGGTTAAGTCATTCAAGACAACATCA-1:SCP073	mouse31	Suclg1	Suclg1_3	066 CNU-HYa HY GABA	-1
GGGTTAAGTGGGATTACACTTCCTAC-1:SCP073	mouse67	Foxp1	Foxp1_2	066 CNU-HYa HY GABA	-1
GGTAGCCAGGTCGTCTGAGAGTCGAC-1:SCP073	mouse73	Klc1	Klc1_4	066 CNU-HYa HY GABA	-1
GGTCAGGGTGAGAGCTCGGTACCTTG-1:SCP073	mouse72	Tubb4a	Tubb4a_1	066 CNU-HYa HY GABA	-1
GGTGAAGCACAACTAGCAAGAGGGCT-1:SCP073	mouse61	Ncam1	Ncam1_3	066 CNU-HYa HY GABA	-1
GGTGTGGGTAGACCAATGCCCGTCAT-1:SCP073	mouse73	Kctd1	Kctd1_3	215 MB Dopa	-1
GGTTCATGTTCCGCAAGAAATCGAGA-1:SCP073	mouse57	Cdkal1	Cdkal1_4	066 CNU-HYa HY GABA	-1
GGTTCCCCATGGCCTCACGGGAATGA-1:SCP073	mouse75	Ide	Ide_2	066 CNU-HYa HY GABA	-1
GGTTGCTTCATTGCCACTTAGGGCCT-1:SCP073	mouse68	Itga2b	Itga2b_4	215 MB Dopa	-1
GGTTGTGAGAGGTTACTGCCCGTCAT-1:SCP073	mouse73	Axl	Axl_3	215 MB Dopa	-1
GGTTTACGTGCTTCCTACAGGCGAAC-1:SCP073	mouse31	Dmxl2	Dmxl2_3	215 MB Dopa	-1
GTACAAGGTACGAATGGAATCCGCTC-1:SCP073	mouse63	Srebf2	Srebf2_2	066 CNU-HYa HY GABA	-1
GTAGGTAGTCTTGCAGGTGAAGTTAG-1:SCP073	mouse56	Klf9	Klf9_2	066 CNU-HYa HY GABA	-1
GTCCGTTAGTTACCATCTCACGGACA-1:SCP073	mouse69	Il2rg	Il2rg_3	215 MB Dopa	-1
GTCGACTTCTGCAATTGCAAGTAAAC-1:SCP073	mouse69	Sigmar1	Sigmar1_1	066 CNU-HYa HY GABA	-1
GTCGCATTCCGCCTGACTATTCGAAG-1:SCP073	mouse31	Ctnnb1	Ctnnb1_1	066 CNU-HYa HY GABA	-1
GTCGCGCTCTGAGTCCTGCCTATAGT-1:SCP073	mouse68	Peg3	Peg3_2	215 MB Dopa	-1
GTCGCTAGTACTTACAAGGTATGTAG-1:SCP073	mouse62	Non_target	Non_target_94	215 MB Dopa	-1
GTCGCTCCAAACTGTGGAGTGAATCA-1:SCP073	mouse72	Dync2i1	Wdr60_1	066 CNU-HYa HY GABA	-1
GTGACCGCAGTACCTTACAAAGGTCT-1:SCP073	mouse70	Uba5	Uba5_1	066 CNU-HYa HY GABA	-1
GTGAGTTAGGAGCCTAGATGTTGCCG-1:SCP073	mouse72	Chrna4	Chrna4_1	066 CNU-HYa HY GABA	-1
GTGAGTTAGGGGAACGAGGCGGACAT-1:SCP073	mouse60	Cebpe	Cebpe_4	215 MB Dopa	-1
GTGCGGAGTACACCTGACCATCCGCA-1:SCP073	mouse74	Sncb	Sncb_1	054 CNU-MGE GABA	-1
GTGCTTTCATTAACGGGATGTTGCCG-1:SCP073	mouse72	Vamp1	Vamp1_4	066 CNU-HYa HY GABA	-1
GTGTCAACAAGCCACGACGGATATCA-1:SCP073	mouse70	Grik2	Grik2_2	215 MB Dopa	-1
GTGTCGAAGTTGGAACCGCTTATCTA-1:SCP073	mouse73	Clec16a	Clec16a_3	066 CNU-HYa HY GABA	-1
GTGTCGCGTTCGTGCATGTGAACCTC-1:SCP073	mouse71	Mlxip	Mlxip_4	066 CNU-HYa HY GABA	-1
GTTAATGAGGAATGAGTGTGTCCGCA-1:SCP073	mouse60	Mycn	Mycn_3	215 MB Dopa	-1
GTTACCTCACTTCGGCGTGAAACGTC-1:SCP073	mouse72	Fgfrl1	Fgfrl1_4	215 MB Dopa	-1
GTTACTAGTTGGTGAAAGCAATCTGC-1:SCP073	mouse68	Nr2f1	Nr2f1_1	215 MB Dopa	-1
GTTAGGAGTAGAGCCGGACGACATGT-1:SCP073	mouse63	Col2a1	Col2a1_2	066 CNU-HYa HY GABA	-1
GTTATCAGTTTACGGTCTACATACTC-1:SCP073	mouse68	Pgk1	Pgk1_3	215 MB Dopa	-1
GTTCATCCAGCCCTGTGATGCTGGCA-1:SCP073	mouse76	Tbx2	Tbx2_2	066 CNU-HYa HY GABA	-1
GTTCGCGTCAGGACGCACGACTAACT-1:SCP073	mouse61	Otud7a	Otud7a_4	054 CNU-MGE GABA	-1
GTTGAGCCACGATCCCAGCCCTGCAT-1:SCP073	mouse29	Bsn	Bsn_4	066 CNU-HYa HY GABA	-1
GTTGCTCAGTCAGCAGCTAAATCAGC-1:SCP073	mouse68	Gnas	Gnas_1	215 MB Dopa	-1
TAATGGGGTGCAGCCTACGTCATTGA-1:SCP073	mouse72	Cacng8	Cacng8_2	066 CNU-HYa HY GABA	-1
TAATGTGAGGATGGCCCTCCACGCAT-1:SCP073	mouse67	Osmr	Osmr_4	215 MB Dopa	-1
TAATTGACATGATTCCCACCTCTCCA-1:SCP073	mouse68	Btbd9	Btbd9_4	066 CNU-HYa HY GABA	-1
TAATTGCTCGCCCTGAACTAGCTGCA-1:SCP073	mouse63	Cacnb2	Cacnb2_4	066 CNU-HYa HY GABA	-1
TACAGGTAGTGGAGCCAGGCGGACAT-1:SCP073	mouse60	Mafa	Mafa_4	215 MB Dopa	-1
TACCCCTGTTGTCTAAACAGTAAGCA-1:SCP073	mouse70	Arih1	Arih1_1	066 CNU-HYa HY GABA	-1
TACCTCCGTCAAGTAGACGGATATCA-1:SCP073	mouse70	Cck	Cck_1	066 CNU-HYa HY GABA	-1
TACGTTTAGCCACTCGGAGAACAAGA-1:SCP073	mouse60	Kcnn2	Kcnn2_3	066 CNU-HYa HY GABA	-1
TACTCAAGTTCCGTTCGAAGTGCAAG-1:SCP073	mouse74	Cdc42	Cdc42_1	215 MB Dopa	-1
TACTCGTCAGATTGGCGAAACCATGC-1:SCP073	mouse76	Hsf4	Hsf4_1	215 MB Dopa	-1
TATAGAGTCACTAATCCTTCGGTCTG-1:SCP073	mouse72	Mdh1	Mdh1_3	215 MB Dopa	-1
TATAGATAGGGTATGTTCGGGCTTGA-1:SCP073	mouse68	Srrm2	Srrm2_1	066 CNU-HYa HY GABA	-1
TATAGTTGTGTACCGCTCGACTAAGA-1:SCP073	mouse62	Epha6	Epha6_4	066 CNU-HYa HY GABA	-1
TATAGTTGTTTAGCACGAATCCGCTC-1:SCP073	mouse63	Phf21a	Phf21a_3	066 CNU-HYa HY GABA	-1
TATCCGGGTACCGGAGACGACAGCAG-1:SCP073	mouse62	Fmn2	Fmn2_4	215 MB Dopa	-1
TCAGCTGGTAAGCCAAGTGCGGTAAG-1:SCP073	mouse29	Celf2	Celf2_1	215 MB Dopa	-1
TCATACCCACATACAGAGTACGAAAC-1:SCP073	mouse67	Gata3	Gata3_3	110 CNU-HYa HY MM Glut	-1
TCATCCTTCCAGAGATTCTGAGGGTA-1:SCP073	mouse63	Neo1	Neo1_2	215 MB Dopa	-1
TCATTCTGTAGGCTCCATACTGGGCA-1:SCP073	mouse67	Hdgf	Hdgf_2	215 MB Dopa	-1
TCCAATCCACGAACCGAGGTATGTAG-1:SCP073	mouse62	Glrb	Glrb_4	066 CNU-HYa HY GABA	-1
TCCACAGGTAACCATCACGCGTGAAC-1:SCP073	mouse68	Pou6f2	Pou6f2_3	054 CNU-MGE GABA	-1
TCCACTCGTAGCTCGCCATGGTTCTA-1:SCP073	mouse63	Nfatc3	Nfatc3_1	066 CNU-HYa HY GABA	-1
TCCATTGAGAGGCGAGCTAGTCCTTC-1:SCP073	mouse59	Non_target	Non_target_86	066 CNU-HYa HY GABA	-1
TCCATTGAGGATCGTGGATCCCGTCA-1:SCP073	mouse76	Mcph1	Mcph1_4	066 CNU-HYa HY GABA	-1
TCCCCGAAGGGTTCGAACAATCGACT-1:SCP073	mouse60	Adgrl2	Adgrl2_4	215 MB Dopa	-1
TCCCCTTCACGCCTGTCTGGCTTCGA-1:SCP073	mouse62	Sox5	Sox5_3	066 CNU-HYa HY GABA	-1
TCCCGAAGTTATGGAGGTGAAGTTAG-1:SCP073	mouse56	Klc1	Klc1_4	066 CNU-HYa HY GABA	-1
TCCTACCGTCGACCGTACTTTGACGT-1:SCP073	mouse73	St3gal5	St3gal5_2	066 CNU-HYa HY GABA	-1
TCCTACCGTGTTGAGAAGCAGGTGCA-1:SCP073	mouse61	Spred2	Spred2_4	215 MB Dopa	-1
TCGCGGGAGGACATACAGTACGAAAC-1:SCP073	mouse67	Atp13a3	Atp13a3_2	066 CNU-HYa HY GABA	-1
TCGCGGGAGTATACCTACGCGTGAAC-1:SCP073	mouse68	Auts2	Auts2_2	066 CNU-HYa HY GABA	-1
TCGCGTGTCCTCTCCAATGACGTTCA-1:SCP073	mouse70	E2f4	E2f4_2	066 CNU-HYa HY GABA	-1
TCGCTTCGTTACTTGACTACTGGTAG-1:SCP073	mouse69	Rho	Rho_4	215 MB Dopa	-1
TCTCCCGGTATAGACGAGGCACGCAT-1:SCP073	mouse69	Grid2	Grid2_1	215 MB Dopa	-1
TCTCGAGGTCGTTGGCCTCACGGACA-1:SCP073	mouse69	Atp2b1	Atp2b1_2	066 CNU-HYa HY GABA	-1
TCTCGAGGTGTCTGTGACTATTGGGA-1:SCP073	mouse73	Bsg	Bsg_1	066 CNU-HYa HY GABA	-1
TCTCGCCTCGTACGTCATAAACGGGA-1:SCP073	mouse76	Dlx6	Dlx6_4	066 CNU-HYa HY GABA	-1
TCTGGCGTCGCACCATACGACTTCGT-1:SCP073	mouse64	Cd80	Cd80_3	066 CNU-HYa HY GABA	-1
TCTGTCGCACGTATAGGACGTTATTC-1:SCP073	mouse75	Setd2	Setd2_2	066 CNU-HYa HY GABA	-1
TGAAATTAGCTTGACCATCCTCCCAC-1:SCP073	mouse72	Itga9	Itga9_2	066 CNU-HYa HY GABA	-1
TGAGCCTTCACGTGCTCACGGGCTAT-1:SCP073	mouse76	Abcb7	Abcb7_4	215 MB Dopa	-1
TGAGTCGAGTCATTACGTAGGCACTA-1:SCP073	mouse66	Sptan1	Sptan1_4	066 CNU-HYa HY GABA	-1
TGATATCTCCTGATATTCCGCGGATA-1:SCP073	mouse68	Lhx3	Lhx3_3	066 CNU-HYa HY GABA	-1
TGATCAGCACTACCCATGCTTACCCA-1:SCP073	mouse56	Uqcrq	Uqcrq_3	066 CNU-HYa HY GABA	-1
TGATTAACACCCAGCTGAGTGAATCA-1:SCP073	mouse72	Park7	Park7_3	215 MB Dopa	-1
TGATTAACACTGACTTGTACGTCCCT-1:SCP073	mouse66	Brd1	Brd1_2	066 CNU-HYa HY GABA	-1
TGATTAACACTGACTTTCGGGACGTA-1:SCP073	mouse74	Ppp3ca	Ppp3ca_1	066 CNU-HYa HY GABA	-1
TGCAGCCGTATCTGGTGACAACATCA-1:SCP073	mouse31	Tgfbr1	Tgfbr1_4	066 CNU-HYa HY GABA	-1
TGCAGGCAGAAGCCTGTGCCTATAGT-1:SCP073	mouse68	Bicra	Bicra_2	066 CNU-HYa HY GABA	-1
TGCGGGTAGGGTTGCAGACGTACTAG-1:SCP073	mouse68	Ap3b2	Ap3b2_3	066 CNU-HYa HY GABA	-1
TGCGTAGAGCAGGGCTACGACTAACT-1:SCP073	mouse61	Chrna4	Chrna4_2	215 MB Dopa	-1
TGCTGATGTGGCGTGAATGACGTTCA-1:SCP073	mouse70	Tbx6	Tbx6_1	066 CNU-HYa HY GABA	-1
TGGACGGGTCGAGAGTCACGGGCTAT-1:SCP073	mouse76	Ppp2r1a	Ppp2r1a_2	215 MB Dopa	-1
TGGCGAGGTCTCCTCGTCTGAGGGTA-1:SCP073	mouse63	Zfhx2	Zfhx2_3	215 MB Dopa	-1
TGGCGTAAGCGATTAATGGCTTATTC-1:SCP073	mouse60	Smchd1	Smchd1_3	066 CNU-HYa HY GABA	-1
TGGCTGTTCCCGCTGATGCTGATTGA-1:SCP073	mouse62	Ghsr	Ghsr_3	215 MB Dopa	-1
TGGGCGAGTGGCCATCGTGCGGTAAG-1:SCP073	mouse29	Grik1	Grik1_4	215 MB Dopa	-1
TGGGCGTAGGATCCCTGAGTAGGCAT-1:SCP073	mouse60	Ifngr2	Ifngr2_2	215 MB Dopa	-1
TGTAATTGTAACGATGGACGTACTAG-1:SCP073	mouse68	Rel	Rel_1	066 CNU-HYa HY GABA	-1
TGTAGTTTCTTAGTGTCACTTCCTAC-1:SCP073	mouse67	Arid1a	Arid1a_4	066 CNU-HYa HY GABA	-1
TGTATCTAGTATCGTTCACCTCTCCA-1:SCP073	mouse68	Neo1	Neo1_3	215 MB Dopa	-1
TGTATTGGTTTAGGCTCATGGCTGAT-1:SCP073	mouse69	Baz1b	Baz1b_2	066 CNU-HYa HY GABA	-1
TGTGGCTTCGGGATTGTGGGATTCTG-1:SCP073	mouse64	Ndufa6	Ndufa6_4	066 CNU-HYa HY GABA	-1
TGTGTCCAGAGGCCACGCGAATAGAT-1:SCP073	mouse68	Cep290	Cep290_2	066 CNU-HYa HY GABA	-1
TGTGTCCAGCCTGTGTCACCTCTCCA-1:SCP073	mouse68	Isca2	Isca2_4	039 OB-IMN GABA	-1
AAACGACTCGTCTAGCACGCGTGAAC-1:SCP074	mouse68	Nt5c2	Nt5c2_4	066 CNU-HYa HY GABA	-1
AAAGCACTCGTACCCGGTACGTCCCT-1:SCP074	mouse66	Fth1	Fth1_2	066 CNU-HYa HY GABA	-1
AAAGGCGCAGCCGATGACGACTAACT-1:SCP074	mouse61	Fcgr4	Fcgr4_3	215 MB Dopa	-1
AAAGGCGCAGTACCTTCAGCTACCCT-1:SCP074	mouse72	Klhl20	Klhl20_3	066 CNU-HYa HY GABA	-1
AAATCATAGTGCTACCGAAGCTGGGT-1:SCP074	mouse68	Atp6v0c	Atp6v0c_3	066 CNU-HYa HY GABA	-1
AAATGAAAGAGCCAATGATATCTGGA-1:SCP074	mouse30	Chd7	Chd7_3	066 CNU-HYa HY GABA	-1
AACAGAACAGCAACCGGTCGGATATG-1:SCP074	mouse68	Gpr156	Gpr156_2	066 CNU-HYa HY GABA	-1
AACATAGTCCACCAACTCTGAGGGTA-1:SCP074	mouse63	Prkaa2	Prkaa2_3	066 CNU-HYa HY GABA	-1
AACCCACTCGAGCAGCCTGCAATAAG-1:SCP074	mouse75	Zfpm2	Zfpm2_1	066 CNU-HYa HY GABA	-1
AACCCTCAGGATGGCCCACCGTTGGT-1:SCP074	mouse58	Foxj3	Foxj3_4	066 CNU-HYa HY GABA	-1
AACCTCTCACTCACGCTCCGTGAAAC-1:SCP074	mouse76	Fgf12	Fgf12_2	066 CNU-HYa HY GABA	-1
AACGGAGCAACTTAGGGATGCCTACT-1:SCP074	mouse76	Spred1	Spred1_1	215 MB Dopa	-1
AACTAAAGTTGTAGCTATGACGTTCA-1:SCP074	mouse70	Sil1	Sil1_1	066 CNU-HYa HY GABA	-1
AACTAACCAAGGGTAGCTAAATCAGC-1:SCP074	mouse68	Chchd2	Chchd2_1	215 MB Dopa	-1
AACTCGCTCTATAGGAAGATTTACGC-1:SCP074	mouse73	Gpr45	Gpr45_2	215 MB Dopa	-1
AACTGTGCAATATAGCTGTGAACCTC-1:SCP074	mouse71	Tgif1	Tgif1_3	215 MB Dopa	-1
AAGGAGTCAATTGCAGAGGACTAAAG-1:SCP074	mouse63	Non_target	Non_target_86	066 CNU-HYa HY GABA	-1
AAGGCAAAGACTCCGTTCGCGTTATA-1:SCP074	mouse74	Myo5a	Myo5a_1	215 MB Dopa	-1
AAGTAGACACGCGAATTGTGAACCTC-1:SCP074	mouse71	Atp13a2	Atp13a2_1	066 CNU-HYa HY GABA	-1
AATACAAGTTGGACTTTGATGAGCTC-1:SCP074	mouse74	Mc2r	Mc2r_4	066 CNU-HYa HY GABA	-1
AATTGCGCATAAGTCGACGACTAACT-1:SCP074	mouse61	Atp2b1	Atp2b1_4	066 CNU-HYa HY GABA	-1
ACAATATAGGCACTTCCAGGGTAACT-1:SCP074	mouse74	Antxr2	Antxr2_1	066 CNU-HYa HY GABA	-1
ACACCGTTCGAATGACCTACATACTC-1:SCP074	mouse68	Mapk8ip1	Mapk8ip1_2	066 CNU-HYa HY GABA	-1
ACAGGATTCTATCGTGACCATCCGCA-1:SCP074	mouse74	Ppp2r5d	Ppp2r5d_4	066 CNU-HYa HY GABA	-1
ACAGGTGTCTAATGGATCCGTGAAAC-1:SCP074	mouse76	Sil1	Sil1_4	066 CNU-HYa HY GABA	-1
ACAGTTGCACAATCCTACGACTAACT-1:SCP074	mouse61	H2-Eb1	H2-Eb1_1	215 MB Dopa	-1
ACATCAGCATGCAATGAGGCACGCAT-1:SCP074	mouse69	Cdkl5	Cdkl5_1	215 MB Dopa	-1
ACCAAATCAGAGGTTCTGTGAATGGC-1:SCP074	mouse70	Zmynd8	Zmynd8_1	066 CNU-HYa HY GABA	-1
ACCAGCAAGCGGGCATGCCATGGAAC-1:SCP074	mouse64	Grm6	Grm6_3	066 CNU-HYa HY GABA	-1
ACCAGCTTCACTAATCCAGCGAATGA-1:SCP074	mouse63	Prickle1	Prickle1_3	215 MB Dopa	-1
ACCATCCAGGCAGGGACTAAACCGAC-1:SCP074	mouse72	Zkscan16	Zkscan16_4	215 MB Dopa	-1
ACCATTTAGACTTGCCCATGGTTCTA-1:SCP074	mouse63	Tbr1	Tbr1_4	215 MB Dopa	-1
ACCCGCTCACTTCGGCCTTGGATGGC-1:SCP074	mouse70	Nkx6-2	Nkx6-2_3	066 CNU-HYa HY GABA	-1
ACCCGGACAGTGTCCCGAAGTGCAAG-1:SCP074	mouse74	Pak1	Pak1_3	066 CNU-HYa HY GABA	-1
ACCGCAGCATCAGAGCCTGGCTTCGA-1:SCP074	mouse62	Tmem106b	Tmem106b_3	066 CNU-HYa HY GABA	-1
ACCGTGCGTCATCGTGGAAGCTGGGT-1:SCP074	mouse68	Zfp397	Zfp397_2	215 MB Dopa	-1
ACCGTTGGTATTGACCTGCTACTTAG-1:SCP074	mouse63	Klc1	Klc1_2	066 CNU-HYa HY GABA	-1
ACGAAACTCTCAGTGCCACTTCCTAC-1:SCP074	mouse67	Kcnq5	Kcnq5_2	066 CNU-HYa HY GABA	-1
ACGATTGCACACCGCTAGCTCAACAC-1:SCP074	mouse69	Eef1a2	Eef1a2_3	215 MB Dopa	-1
ACGCGCCTCGGCGTAAAGGCGGACAT-1:SCP074	mouse60	Gata1	Gata1_1	215 MB Dopa	-1
ACGCGTGCATGAACCACTCTCCCAGA-1:SCP074	mouse76	Foxj3	Foxj3_4	215 MB Dopa	-1
ACGCGTTTCAATTACCGACGTACTAG-1:SCP074	mouse68	Kcnq2	Kcnq2_2	215 MB Dopa	-1
ACGGCCACAAGCGTTAACCAAATCGT-1:SCP074	mouse74	Ddr2	Ddr2_1	066 CNU-HYa HY GABA	-1
ACGTGATAGTTGCACCACGGGCAGTA-1:SCP074	mouse57	Pdgfrb	Pdgfrb_1	066 CNU-HYa HY GABA	-1
ACTACGACAACCTTACATGACGTTCA-1:SCP074	mouse70	Bsn	Bsn_3	066 CNU-HYa HY GABA	-1
ACTCAGGAGCCAGTTCGTGAAGGATG-1:SCP074	mouse71	Nsf	Nsf_4	215 MB Dopa	-1
ACTCATTAGTTACCATAGGTATGTAG-1:SCP074	mouse62	Tspoap1	Tspoap1_2	215 MB Dopa	-1
ACTGTTAGTTAGCTTATGCAATCCTC-1:SCP074	mouse69	Grin2d	Grin2d_4	066 CNU-HYa HY GABA	-1
ACTGTTAGTTAGGGTAGCGAATAGAT-1:SCP074	mouse68	Bmal1	Bmal1_1	066 CNU-HYa HY GABA	-1
ACTTATCAGAGATAGGCTTGGATGGC-1:SCP074	mouse70	Ireb2	Ireb2_1	066 CNU-HYa HY GABA	-1
ACTTATCAGTACCCGTACTAGCTGCA-1:SCP074	mouse63	Auts2	Auts2_2	066 CNU-HYa HY GABA	-1
AGAATCCAGGTGGACCGTGAAACGTC-1:SCP074	mouse72	Prop1	Prop1_1	066 CNU-HYa HY GABA	-1
AGACAACTCTGCACCGCTGCAATAAG-1:SCP074	mouse75	Osbpl2	Osbpl2_1	066 CNU-HYa HY GABA	-1
AGACACTAGCGGAACCGATGTTGCCG-1:SCP074	mouse72	Pou6f1	Pou6f1_2	066 CNU-HYa HY GABA	-1
AGACTGCCAACTGGCGACGACTTCGT-1:SCP074	mouse64	Il12b	Il12b_1	066 CNU-HYa HY GABA	-1
AGACTTAAGGGATGGGTGGGATTCTG-1:SCP074	mouse64	Clpp	Clpp_1	215 MB Dopa	-1
AGCAATTCATATCACCCTACTCATCA-1:SCP074	mouse69	Dpysl5	Dpysl5_2	054 CNU-MGE GABA	-1
AGCAGGCTCAGTAGTACACTTCCTAC-1:SCP074	mouse67	Tcf4	Tcf4_1	215 MB Dopa	-1
AGCCCCATCACCCTGGACGAGGATTA-1:SCP074	mouse73	Zscan26	Zscan26_3	215 MB Dopa	-1
AGCCTCTAGTGAGAGAAGGGACACAC-1:SCP074	mouse73	Hlcs	Hlcs_2	066 CNU-HYa HY GABA	-1
AGCCTTTCAAGCCACGGTAGTTCTAG-1:SCP074	mouse60	Icos	Icos_3	215 MB Dopa	-1
AGCTGACCAACCAGCGGTAGCTTGAT-1:SCP074	mouse60	Arsb	Arsb_4	215 MB Dopa	-1
AGGACATTCTGATTACGTCGGATATG-1:SCP074	mouse68	Spred2	Spred2_4	215 MB Dopa	-1
AGGACGGAGAGCTGGCAGATGCGTGA-1:SCP074	mouse56	Non_target	Non_target_41	066 CNU-HYa HY GABA	-1
AGGACGGAGTCCTCAACTAACGCGTC-1:SCP074	mouse67	Sp7	Sp7_3	066 CNU-HYa HY GABA	-1
AGGAGGTAGATGACACCGGTACCTTG-1:SCP074	mouse72	Ext2	Ext2_1	066 CNU-HYa HY GABA	-1
AGGATAACAACAGAGGCTCAGTTTCT-1:SCP074	mouse58	Setdb1	Setdb1_4	215 MB Dopa	-1
AGGGATCGTGAGACCGACGACAGCAG-1:SCP074	mouse62	Cd81	Cd81_1	215 MB Dopa	-1
AGGGATGCAATACCCTGAAGCAATAG-1:SCP074	mouse74	Hoxd10	Hoxd10_3	215 MB Dopa	-1
AGGGATGCACAGGTGTGTCGTAAACA-1:SCP074	mouse67	Nfat5	Nfat5_4	066 CNU-HYa HY GABA	-1
AGGTAGGCACTAGGCGCATGACCAGA-1:SCP074	mouse40	Satb1	Satb1_1	215 MB Dopa	-1
AGTACGGTCTCGACCGTCTGAGGGTA-1:SCP074	mouse63	Usp48	Usp48_1	215 MB Dopa	-1
AGTGAGAAGTGGGTCAAGCAAGGTAT-1:SCP074	mouse71	Nr2f6	Nr2f6_1	066 CNU-HYa HY GABA	-1
AGTGCAAGTGCAGCCTGCGAATAGAT-1:SCP074	mouse68	Cntn1	Cntn1_3	215 MB Dopa	-1
AGTGGCGGTCGCAGGACACAACTGAG-1:SCP074	mouse68	E2f1	E2f1_4	215 MB Dopa	-1
AGTTGGGTCTGCACTAGTCGGATATG-1:SCP074	mouse68	Sptb	Sptb_4	054 CNU-MGE GABA	-1
ATAAGTCCAATTGCAGGACGTACTAG-1:SCP074	mouse68	Tbx3	Tbx3_2	066 CNU-HYa HY GABA	-1
ATACAACCATCATAGGCAAGAGGGCT-1:SCP074	mouse61	Ets1	Ets1_1	215 MB Dopa	-1
ATACCCTCAACTGCCCCACGGGCTAT-1:SCP074	mouse76	Zfp664	Zfp664_1	066 CNU-HYa HY GABA	-1
ATACCCTCACGCCTGTGACGTACTAG-1:SCP074	mouse68	Slc20a2	Slc20a2_2	215 MB Dopa	-1
ATACCGACATAGGATTGAGTAGGCAT-1:SCP074	mouse60	Gnptg	Gnptg_3	215 MB Dopa	-1
ATAGCATCATTCACACGAGTCTCCAT-1:SCP074	mouse63	Btbd9	Btbd9_4	066 CNU-HYa HY GABA	-1
ATATCTTCAACTATGGCTTTGCAAAG-1:SCP074	mouse70	Snf8	Snf8_3	066 CNU-HYa HY GABA	-1
ATATGCTTCCAAGTGGCGCTTATCTA-1:SCP074	mouse73	B3gat3	B3gat3_3	215 MB Dopa	-1
ATCCAATTCTAGAGGTGAGTTATGGA-1:SCP074	mouse69	Ttc19	Ttc19_2	215 MB Dopa	-1
ATCCGACTCATGGCTCCTCCGTACTG-1:SCP074	mouse60	Notch1	Notch1_1	215 MB Dopa	-1
ATCGCGCGTAGTATCCCAACCCGTTC-1:SCP074	mouse30	Epha2	Epha2_1	066 CNU-HYa HY GABA	-1
ATCTGTGTCCCACAGTACTTTGACGT-1:SCP074	mouse73	Ylpm1	Ylpm1_2	215 MB Dopa	-1
ATGCAAATCCGGCTTGTCGTAAGCCA-1:SCP074	mouse67	Magel2	Magel2_4	054 CNU-MGE GABA	-1
ATGCCCAGTAGCCCTAACTAGCTGCA-1:SCP074	mouse63	Rpgr	Rpgr_4	066 CNU-HYa HY GABA	-1
ATGCGTCTCATATGTCACTAGCTGCA-1:SCP074	mouse63	Arhgef9	Arhgef9_2	066 CNU-HYa HY GABA	-1
ATGCTAAAGCCTTGCGGACGTTATTC-1:SCP074	mouse75	Hs6st2	Hs6st2_4	054 CNU-MGE GABA	-1
ATGGAGGCACAGCCAGTGCCTATAGT-1:SCP074	mouse68	Rab28	Rab28_3	215 MB Dopa	-1
ATGGGACGTATGTGGACAAAGGCAAG-1:SCP074	mouse60	Pik3ca	Pik3ca_2	215 MB Dopa	-1
ATGTCCTCAATCTCACGTAGGCACTA-1:SCP074	mouse66	Kcnd3	Kcnd3_2	066 CNU-HYa HY GABA	-1
ATGTTCGTCCTCGACGCTAAATCAGC-1:SCP074	mouse68	Adgrg1	Adgrg1_3	066 CNU-HYa HY GABA	-1
ATTACAACAAACTAACCTCCACGCAT-1:SCP074	mouse67	Gata6	Gata6_3	066 CNU-HYa HY GABA	-1
ATTACTATCCGTAGCTTCGCGACATC-1:SCP074	mouse62	Nr1i3	Nr1i3_4	215 MB Dopa	-1
ATTCATATCCCCGACACAAAGGCAAG-1:SCP074	mouse60	Cnr1	Cnr1_1	215 MB Dopa	-1
ATTCCCCGTGGTTCATATAAGCCCGC-1:SCP074	mouse42	Adam22	Adam22_3	066 CNU-HYa HY GABA	-1
ATTGAGCAGGCTACAGACTGAGAGAG-1:SCP074	mouse57	Bdp1	Bdp1_4	066 CNU-HYa HY GABA	-1
ATTGATGAGGTTGCGACATCAAGATC-1:SCP074	mouse73	Gabrg3	Gabrg3_3	215 MB Dopa	-1
ATTGCGTGTACCTAGTCATGGCTGAT-1:SCP074	mouse69	Relb	Relb_2	066 CNU-HYa HY GABA	-1
CAAACCACATGGAGAGTGCTACTTAG-1:SCP074	mouse63	Nfkb2	Nfkb2_2	054 CNU-MGE GABA	-1
CAAACGGTCTAGCCCGGACGACATGT-1:SCP074	mouse63	Kctd1	Kctd1_2	066 CNU-HYa HY GABA	-1
CAACTATTCCGGATGAACGACAGCAG-1:SCP074	mouse62	Npsr1	Npsr1_3	215 MB Dopa	-1
CAATAGTCAGGGACTTATCCTCCCAC-1:SCP074	mouse72	Rarb	Rarb_1	066 CNU-HYa HY GABA	-1
CACATGCTCCTGGGAACACCTCTCCA-1:SCP074	mouse68	Abat	Abat_3	110 CNU-HYa HY MM Glut	-1
CACCAATGTCCAGCTAGAGTAGGCAT-1:SCP074	mouse60	Sohlh1	Sohlh1_1	215 MB Dopa	-1
CACCGTTAGAATCCGGACAACCATTC-1:SCP074	mouse70	Tlr9	Tlr9_1	054 CNU-MGE GABA	-1
CACGCACGTAGGTCAAGCCATGGAAC-1:SCP074	mouse64	Kcnn3	Kcnn3_2	215 MB Dopa	-1
CAGCGAGGTAGCCCTAACCCTATATC-1:SCP074	mouse63	Gria1	Gria1_2	215 MB Dopa	-1
CAGCTTATCCACCTGGGACGACATGT-1:SCP074	mouse63	Kcna1	Kcna1_4	066 CNU-HYa HY GABA	-1
CAGGATCCAAACGACCGTGCGGTAAG-1:SCP074	mouse29	Mnt	Mnt_1	215 MB Dopa	-1
CAGGCACAGGCTTCGTTCGACTAAGA-1:SCP074	mouse62	Phka1	Phka1_4	054 CNU-MGE GABA	-1
CATAGAATCTAGCCCGCTGGCTTCGA-1:SCP074	mouse62	Lrpap1	Lrpap1_1	066 CNU-HYa HY GABA	-1
CATAGCTGTTGGAGCGAGCAAGGTAT-1:SCP074	mouse71	Non_target	Non_target_176	066 CNU-HYa HY GABA	-1
CATGATTTCGGCTCTGGAGAGTCGAC-1:SCP074	mouse73	Pdcd10	Pdcd10_4	066 CNU-HYa HY GABA	-1
CATTGCTCATTCCGTGATACTGGGCA-1:SCP074	mouse67	Lman2l	Lman2l_3	215 MB Dopa	-1
CCAACCCCATGCTGAACATGGTTCTA-1:SCP074	mouse63	Pgr	Pgr_3	110 CNU-HYa HY MM Glut	-1
CCACGCATCAGCGGACCTCACGGACA-1:SCP074	mouse69	Ctsb	Ctsb_4	215 MB Dopa	-1
CCAGTATGTTTACGGTATAAACGGGA-1:SCP074	mouse76	Fgd4	Fgd4_1	066 CNU-HYa HY GABA	-1
CCATAACGTTCTATGATGTCATTCGT-1:SCP074	mouse68	Sbf2	Sbf2_4	215 MB Dopa	-1
CCCACTACAGGGACTTTCCGTGAAAC-1:SCP074	mouse76	Hoxd13	Hoxd13_3	066 CNU-HYa HY GABA	-1
CCCAGGCTCGATGGATAGCCCGAACT-1:SCP074	mouse27	Fgf1	Fgf1_4	215 MB Dopa	-1
CCCAGTTAGAAGCATCACAATCGACT-1:SCP074	mouse60	Myo5a	Myo5a_2	054 CNU-MGE GABA	-1
CCCTAGGTCTAACTGTCACGAAGTTA-1:SCP074	mouse73	Sphk1	Sphk1_2	215 MB Dopa	-1
CCCTCACTCCTATACGACGTCATTGA-1:SCP074	mouse72	Ap2m1	Ap2m1_2	066 CNU-HYa HY GABA	-1
CCGCTTACAACAGACCTCGTACCTGC-1:SCP074	mouse67	Mycn	Mycn_2	215 MB Dopa	-1
CCGTCACCAACTATGGGACGACATGT-1:SCP074	mouse63	Unc13b	Unc13b_3	215 MB Dopa	-1
CCGTCCTTCCCTTACTTGCGTGGAGA-1:SCP074	mouse63	Strada	Strada_3	215 MB Dopa	-1
CCTACTAAGACTCAGGCAGGGTAACT-1:SCP074	mouse74	Grip1	Grip1_1	215 MB Dopa	-1
CCTAGTCAGCAGCATGATACTGGGCA-1:SCP074	mouse67	Scarb2	Scarb2_3	215 MB Dopa	-1
CCTCAAATCACACACCGAGAGTCGAC-1:SCP074	mouse73	Ngfr	Ngfr_4	066 CNU-HYa HY GABA	-1
CCTGGTAGTCAGCATTCGAACTACGA-1:SCP074	mouse67	Mpc1	Mpc1_1	215 MB Dopa	-1
CCTGTTGCACGTATAGGACGACATGT-1:SCP074	mouse63	Snap25	Snap25_1	054 CNU-MGE GABA	-1
CCTTCGCTCTTGCATGTGGACCTAGT-1:SCP074	mouse75	Rarg	Rarg_4	066 CNU-HYa HY GABA	-1
CGAACGGGTCTGTAACGAAGTGCAAG-1:SCP074	mouse74	Mif	Mif_4	054 CNU-MGE GABA	-1
CGAATCTGTGTAAGTGACGCGTGAAC-1:SCP074	mouse68	Lrp6	Lrp6_1	054 CNU-MGE GABA	-1
CGAATTAAGACATCGGGTAGGCACTA-1:SCP074	mouse66	Mtor	Mtor_3	066 CNU-HYa HY GABA	-1
CGAATTAAGGTGGACCACCATCCGCA-1:SCP074	mouse74	Snrpb	Snrpb_4	066 CNU-HYa HY GABA	-1
CGACAATAGCCTTCAAGAGGGTGAAG-1:SCP074	mouse76	Igsf8	Igsf8_3	066 CNU-HYa HY GABA	-1
CGACGGAGTGTCCTTCACGGGCAGTA-1:SCP074	mouse57	Ssr4	Ssr4_2	215 MB Dopa	-1
CGATCCCCAAGCCACGACGAGGTGGA-1:SCP074	mouse67	Chuk	Chuk_2	066 CNU-HYa HY GABA	-1
CGATCCGTCGGGATCAGAGAACAAGA-1:SCP074	mouse60	Slc52a2	Slc52a2_4	066 CNU-HYa HY GABA	-1
CGCATAACACCCATTGGACAACATCA-1:SCP074	mouse31	Camta1	Camta1_1	215 MB Dopa	-1
CGCATGAAGCGTGCTTATAAACGGGA-1:SCP074	mouse76	Non_target	Non_target_151	066 CNU-HYa HY GABA	-1
CGCATGGCAATCGTTCCACATGCTTA-1:SCP074	mouse74	Timp3	Timp3_4	215 MB Dopa	-1
CGCCTATAGACGCAATGAGGGTGAAG-1:SCP074	mouse76	Setdb1	Setdb1_4	066 CNU-HYa HY GABA	-1
CGCGCCTAGTTGGCGAAGGGACACAC-1:SCP074	mouse73	Mmaa	Mmaa_1	215 MB Dopa	-1
CGGCGGATCATCCGACTGTGTCCGCA-1:SCP074	mouse60	Pcyt2	Pcyt2_2	066 CNU-HYa HY GABA	-1
CGGGAATGTTGGAGCGTGGGATTCTG-1:SCP074	mouse64	Nop56	Nop56_1	215 MB Dopa	-1
CGGGCTTGTGTCCTTCACGACTTCGT-1:SCP074	mouse64	Ndufa10	Ndufa10_3	066 CNU-HYa HY GABA	-1
CGGTCAGCAGTCTCATACGACTAACT-1:SCP074	mouse61	Ffar1	Ffar1_1	215 MB Dopa	-1
CGGTCATTCCTCTGGGCACGAAGTTA-1:SCP074	mouse73	Non_target	Non_target_22	066 CNU-HYa HY GABA	-1
CGGTCTCCAAGTGAGGAGGGACACAC-1:SCP074	mouse73	Wac	Wac_4	066 CNU-HYa HY GABA	-1
CGTAACCTCACGGGACGAAGCAATAG-1:SCP074	mouse74	Kalrn	Kalrn_4	066 CNU-HYa HY GABA	-1
CGTACCCCACAGTATGTGGCTTATTC-1:SCP074	mouse60	Grik3	Grik3_3	215 MB Dopa	-1
CGTGAGGGTTGCAATCAGGACTAAAG-1:SCP074	mouse63	Zfp1	Zfp1_2	066 CNU-HYa HY GABA	-1
CGTGGAGGTGAGAGGAGTGCGGTAAG-1:SCP074	mouse29	Prepl	Prepl_3	066 CNU-HYa HY GABA	-1
CGTTCAATCGAATGGTCAAAGGCAAG-1:SCP074	mouse60	Suclg1	Suclg1_3	066 CNU-HYa HY GABA	-1
CGTTGCAGTCGATGCCCGCTTATCTA-1:SCP074	mouse73	Gucy2c	Gucy2c_3	066 CNU-HYa HY GABA	-1
CTAAAGGGTCGTTAGTCACCGTTGGT-1:SCP074	mouse58	Drd2	Drd2_3	066 CNU-HYa HY GABA	-1
CTACCTTTCGATACTTGCGTTTCCTG-1:SCP074	mouse64	Pak1	Pak1_2	215 MB Dopa	-1
CTATATATCCGGGTAACAGCTACCCT-1:SCP074	mouse72	Lpar6	Lpar6_3	066 CNU-HYa HY GABA	-1
CTCAGTATCGGCGTAAGAACTAGGCT-1:SCP074	mouse61	Gucy2c	Gucy2c_4	066 CNU-HYa HY GABA	-1
CTCCCACTCACCGTTAGTGAAGTTAG-1:SCP074	mouse56	Nfkb1	Nfkb1_1	066 CNU-HYa HY GABA	-1
CTCGACGTCACTAGGGTAGGTTAGAG-1:SCP074	mouse72	Cisd2	Cisd2_2	066 CNU-HYa HY GABA	-1
CTCTATTGTACGATAGTGCCCGTCAT-1:SCP074	mouse73	Dicer1	Dicer1_4	215 MB Dopa	-1
CTCTGGCCAGATAGGGACTAGCTGCA-1:SCP074	mouse63	Slc22a17	Slc22a17_4	066 CNU-HYa HY GABA	-1
CTGCCTGAGGGCCGATATACTGGGCA-1:SCP074	mouse67	Zfhx2	Zfhx2_4	066 CNU-HYa HY GABA	-1
CTGCCTGAGTAGCTCCCTGCAATAAG-1:SCP074	mouse75	Gnb5	Gnb5_2	066 CNU-HYa HY GABA	-1
CTGCGAAAGATAGTCAACCAAATCGT-1:SCP074	mouse74	Ap2m1	Ap2m1_2	215 MB Dopa	-1
CTGCGACGTCGATGCCACGTTTAGTC-1:SCP074	mouse62	Non_target	Non_target_85	066 CNU-HYa HY GABA	-1
CTGCGACGTGTGTCGCGCGTTTCCTG-1:SCP074	mouse64	Six1	Six1_1	066 CNU-HYa HY GABA	-1
CTGCGCTCATGATTCCGATCCCGTCA-1:SCP074	mouse76	Set	Set_2	110 CNU-HYa HY MM Glut	-1
CTTAACTAGTCTCACAGAAGCAATAG-1:SCP074	mouse74	Rptor	Rptor_4	066 CNU-HYa HY GABA	-1
CTTAATATCTAGGCTCCTAAACCGAC-1:SCP074	mouse72	Gabrr2	Gabrr2_3	066 CNU-HYa HY GABA	-1
CTTACCCGTAGACATGGCAAGTAAAC-1:SCP074	mouse69	Vdr	Vdr_4	054 CNU-MGE GABA	-1
CTTAGTGTCCCCGTGAACAAAGGTCT-1:SCP074	mouse70	Npy5r	Npy5r_4	066 CNU-HYa HY GABA	-1
CTTAGTTAGCTGGTGAAGCAGGTGCA-1:SCP074	mouse61	Stat3	Stat3_2	066 CNU-HYa HY GABA	-1
CTTCGCGAGCACGTAGGACGTTATTC-1:SCP074	mouse75	Non_target	Non_target_36	215 MB Dopa	-1
CTTGATGTCACTTACGTGGACCTAGT-1:SCP074	mouse75	Tm2d1	Tm2d1_4	054 CNU-MGE GABA	-1
CTTGATGTCGTGAGGCACGGGCAGTA-1:SCP074	mouse57	Ocrl	Ocrl_1	066 CNU-HYa HY GABA	-1
CTTGCTCGTAGGATATACGAGGTGGA-1:SCP074	mouse67	Htr2b	Htr2b_4	066 CNU-HYa HY GABA	-1
CTTGTCCGTCTGGTCATGTGAACCTC-1:SCP074	mouse71	Myo5a	Myo5a_1	066 CNU-HYa HY GABA	-1
GCACCTCCACCTCAATTGTGAACCTC-1:SCP074	mouse71	Chrnd	Chrnd_1	066 CNU-HYa HY GABA	-1
GCATCACTCTCCCAGGAGGGACACAC-1:SCP074	mouse73	Alms1	Alms1_4	215 MB Dopa	-1
GCATTCGGTCCATCCTGAGAGTCGAC-1:SCP074	mouse73	Ephb1	Ephb1_4	215 MB Dopa	-1
GCATTCGGTCGCGAGATCGGGACGTA-1:SCP074	mouse74	Aff3	Aff3_3	066 CNU-HYa HY GABA	-1
GCATTGGAGTGGGTCAACCCTATATC-1:SCP074	mouse63	Zfp398	Zfp398_4	066 CNU-HYa HY GABA	-1
GCATTTCCATGCGTGGCTACTGCCTG-1:SCP074	mouse57	Hk1	Hk1_3	066 CNU-HYa HY GABA	-1
GCCAACTTCGACTCCGTGTCATTCGT-1:SCP074	mouse68	Non_target	Non_target_316	215 MB Dopa	-1
GCCGTGACATTGAGGCGACGACATGT-1:SCP074	mouse63	Dyrk1a	Dyrk1a_4	066 CNU-HYa HY GABA	-1
GCCTGATTCCTGTCAACATCAAGATC-1:SCP074	mouse73	Fktn	Fktn_3	215 MB Dopa	-1
GCGAATAGTGCTGGCTACAAACAACG-1:SCP074	mouse62	Pdha1	Pdha1_4	066 CNU-HYa HY GABA	-1
GCGTTCGTCTGTGGAGCAAGCGAGCA-1:SCP074	mouse73	Cdk13	Cdk13_1	215 MB Dopa	-1
GCTACGTTCGTTACCACAAGAGGGCT-1:SCP074	mouse61	Mchr1	Mchr1_3	066 CNU-HYa HY GABA	-1
GCTCCCAAGCCATGAGGTCGTAAACA-1:SCP074	mouse67	Ppargc1a	Ppargc1a_4	066 CNU-HYa HY GABA	-1
GCTCGTTAGGGACTCAGCGAATAGAT-1:SCP074	mouse68	Zfp536	Zfp536_3	066 CNU-HYa HY GABA	-1
GCTTGAACAACTGGCGACGACAGCAG-1:SCP074	mouse62	Pgr	Pgr_2	066 CNU-HYa HY GABA	-1
GGAAGCTGTAAGTAACTGTGAATGGC-1:SCP074	mouse70	Dnm2	Dnm2_3	066 CNU-HYa HY GABA	-1
GGACGAACAAGTCGGTGTCGGATATG-1:SCP074	mouse68	Lrrn3	Lrrn3_3	215 MB Dopa	-1
GGACGAACATGTCGAAAGCCCGTTGT-1:SCP074	mouse76	Nos1ap	Nos1ap_2	066 CNU-HYa HY GABA	-1
GGACGATGTTCTCATTCATGGTTCTA-1:SCP074	mouse63	Etv6	Etv6_3	215 MB Dopa	-1
GGAGCATGTGCCTGGTAGCCCTGCAT-1:SCP074	mouse29	Pum1	Pum1_1	066 CNU-HYa HY GABA	-1
GGATCAGTCAATCGAACACCGTTGGT-1:SCP074	mouse58	Non_target	Non_target_306	215 MB Dopa	-1
GGATGATTCGCCTATAACGGATATCA-1:SCP074	mouse70	Plxnc1	Plxnc1_4	110 CNU-HYa HY MM Glut	-1
GGATGTTAGTTGACTTGATGTTGCCG-1:SCP074	mouse72	Stat3	Stat3_1	066 CNU-HYa HY GABA	-1
GGCACTTTCTCAGTGCCAGGGTAACT-1:SCP074	mouse74	Rab7	Rab7_4	066 CNU-HYa HY GABA	-1
GGCCTAAAGGTTAATGCTTCGGTCTG-1:SCP074	mouse72	Ttc8	Ttc8_4	054 CNU-MGE GABA	-1
GGCCTGTGTGCGCGTTATAAACGGGA-1:SCP074	mouse76	Klc1	Klc1_2	066 CNU-HYa HY GABA	-1
GGCTATCTCTATCGTGATACTGGGCA-1:SCP074	mouse67	Atp6ap2	Atp6ap2_1	215 MB Dopa	-1
GGCTGGTAGTCATCCACTACTGCCTG-1:SCP074	mouse57	Arid1a	Arid1a_4	215 MB Dopa	-1
GGTAAATGTCGAGAGTGTGAAACGTC-1:SCP074	mouse72	Trp63	Trp63_3	066 CNU-HYa HY GABA	-1
GGTATGAGTTATGCACCTTTGCAAAG-1:SCP074	mouse70	Xpr1	Xpr1_4	215 MB Dopa	-1
GGTTTGACATTAACGGCAAAGGCAAG-1:SCP074	mouse60	Thap1	Thap1_4	215 MB Dopa	-1
GTAACTTTCGCATCGTGTCGTAAACA-1:SCP074	mouse67	Rack1	Rack1_3	215 MB Dopa	-1
GTACAAGGTGTACCATACAACCGAAG-1:SCP074	mouse66	Adgrl3	Adgrl3_1	066 CNU-HYa HY GABA	-1
GTAGACCCAACGGACTCAAGTACCAT-1:SCP074	mouse72	Foxp2	Foxp2_2	066 CNU-HYa HY GABA	-1
GTAGACCCAGCTTGGGTGGACCTAGT-1:SCP074	mouse75	Non_target	Non_target_189	066 CNU-HYa HY GABA	-1
GTAGTAATCACCCAGTGATCCCGTCA-1:SCP074	mouse76	Arhgap18	Arhgap18_3	066 CNU-HYa HY GABA	-1
GTCAAGGTCCCTGGTGGAGTTATGGA-1:SCP074	mouse69	Nrg2	Nrg2_1	215 MB Dopa	-1
GTCAATTTCAATCACTTCGGGCTTGA-1:SCP074	mouse68	Irf9	Irf9_3	066 CNU-HYa HY GABA	-1
GTCCCTTGTGCTTAGTACGCGTGAAC-1:SCP074	mouse68	Ctnna3	Ctnna3_1	215 MB Dopa	-1
GTCCGAAAGCTTGGTCACAACCGAAG-1:SCP074	mouse66	Dnal1	Dnal1_2	215 MB Dopa	-1
GTCGAATAGTCATCCACTAAACCGAC-1:SCP074	mouse72	Il21r	Il21r_1	066 CNU-HYa HY GABA	-1
GTCGCGCTCGTTCACAAGATTTACGC-1:SCP074	mouse73	Arnt	Arnt_2	215 MB Dopa	-1
GTCGCTCCAAAGTCATACGGGAATGA-1:SCP074	mouse75	Cry1	Cry1_2	066 CNU-HYa HY GABA	-1
GTCGGTAAGGCCATTCGCCATGGAAC-1:SCP074	mouse64	Non_target	Non_target_378	066 CNU-HYa HY GABA	-1
GTGAATGGTAATGGATCAACCCGTTC-1:SCP074	mouse30	Rest	Rest_4	215 MB Dopa	-1
GTGCAATAGACTAATGTCCGTGAAAC-1:SCP074	mouse76	En2	En2_3	066 CNU-HYa HY GABA	-1
GTGCAATAGGAATCTAAGATTTACGC-1:SCP074	mouse73	Nyx	Nyx_3	215 MB Dopa	-1
GTGCAATAGGTCCACTACTTTGACGT-1:SCP074	mouse73	Non_target	Non_target_351	066 CNU-HYa HY GABA	-1
GTGCCCATCAATGTGAGACCAGGTGT-1:SCP074	mouse72	Cox6a1	Cox6a1_3	066 CNU-HYa HY GABA	-1
GTGCGCCTCATGGCTCGAGTTATGGA-1:SCP074	mouse69	Ccr2	Ccr2_2	066 CNU-HYa HY GABA	-1
GTGCGCCTCCAATGCCGAATCCGCTC-1:SCP074	mouse63	Etv6	Etv6_3	066 CNU-HYa HY GABA	-1
GTGCGGGTCTCTCAAGAGGACTAAAG-1:SCP074	mouse63	Lrba	Lrba_4	066 CNU-HYa HY GABA	-1
GTGGCCCTCTTAGTACCAGCTACCCT-1:SCP074	mouse72	Neo1	Neo1_1	066 CNU-HYa HY GABA	-1
GTTATCCCATGGTCCCGTCGTAAACA-1:SCP074	mouse67	Non_target	Non_target_323	054 CNU-MGE GABA	-1
GTTCATTAGTGCAGATGATGCCTACT-1:SCP074	mouse76	Tlx3	Tlx3_4	066 CNU-HYa HY GABA	-1
GTTCTAAGTGTCCAATTGATGAGCTC-1:SCP074	mouse74	Tpm1	Tpm1_4	215 MB Dopa	-1
GTTGGGCAGATTCACTTCCGTGAAAC-1:SCP074	mouse76	Trappc6b	Trappc6b_3	066 CNU-HYa HY GABA	-1
TAAACTTGTTTAGCACGAGTTATGGA-1:SCP074	mouse69	Pitpnm3	Pitpnm3_3	066 CNU-HYa HY GABA	-1
TAAATTGCAGGCGCTAGTACGTCCCT-1:SCP074	mouse66	Zbtb24	Zbtb24_2	066 CNU-HYa HY GABA	-1
TAACGGTAGCCAACCTTGTGAATGGC-1:SCP074	mouse70	Gabra2	Gabra2_4	066 CNU-HYa HY GABA	-1
TAAGCCCTCGATCGCTATAAACGGGA-1:SCP074	mouse76	Non_target	Non_target_93	215 MB Dopa	-1
TAAGGAGAGTGGGTTGGTGAAGTTAG-1:SCP074	mouse56	Cacna1e	Cacna1e_1	066 CNU-HYa HY GABA	-1
TAATACCTCCAATGCCCTGCAATAAG-1:SCP074	mouse75	Ghsr	Ghsr_4	066 CNU-HYa HY GABA	-1
TAATACTGTAATCACCACGGATATCA-1:SCP074	mouse70	Gns	Gns_1	066 CNU-HYa HY GABA	-1
TAATGGGGTTATCTCTCGGTACCTTG-1:SCP074	mouse72	Ddb2	Ddb2_2	066 CNU-HYa HY GABA	-1
TAATGTGAGGTAGACTCAATCCAGGT-1:SCP074	mouse29	Sin3a	Sin3a_1	215 MB Dopa	-1
TAATGTTGTCCATTAAGCCATGGAAC-1:SCP074	mouse64	Pld3	Pld3_4	066 CNU-HYa HY GABA	-1
TAATTGACATTCATTGTCGGGCTTGA-1:SCP074	mouse68	Non_target	Non_target_90	066 CNU-HYa HY GABA	-1
TAATTGCTCATCCGACCTACTGGTAG-1:SCP074	mouse69	Ntsr1	Ntsr1_2	215 MB Dopa	-1
TACAGGTAGCTGGACACTACATACTC-1:SCP074	mouse68	Kdm6b	Kdm6b_4	215 MB Dopa	-1
TACCTCCGTTTGCGGCACAACCATTC-1:SCP074	mouse70	Adgrl3	Adgrl3_1	066 CNU-HYa HY GABA	-1
TACGGGTCAGAATGGGGCGTTTCCTG-1:SCP074	mouse64	Tfap2a	Tfap2a_2	066 CNU-HYa HY GABA	-1
TAGCTTGTCGACCCATAGCCCTGCAT-1:SCP074	mouse29	Ikzf3	Ikzf3_4	066 CNU-HYa HY GABA	-1
TAGTGAGGTGGAAGGACAAGAGGGCT-1:SCP074	mouse61	Grm7	Grm7_1	066 CNU-HYa HY GABA	-1
TAGTTGCGTCCAACTGCACGGGCTAT-1:SCP074	mouse76	Adamts17	Adamts17_3	066 CNU-HYa HY GABA	-1
TAGTTGCGTTCTGTCCTCGGGCTTGA-1:SCP074	mouse68	Non_target	Non_target_306	215 MB Dopa	-1
TAGTTTGGTGGCATGGGTAGTTCTAG-1:SCP074	mouse60	Prkcg	Prkcg_2	066 CNU-HYa HY GABA	-1
TATACTCAGTTGCACCCAAGAGGGCT-1:SCP074	mouse61	Neurod1	Neurod1_1	066 CNU-HYa HY GABA	-1
TATAGAGTCATCCCTTACAACCGAAG-1:SCP074	mouse66	Ndufc2	Ndufc2_3	215 MB Dopa	-1
TATAGAGTCTCTCACTCTCCCTGTCA-1:SCP074	mouse67	Tmem126a	Tmem126a_2	066 CNU-HYa HY GABA	-1
TATCCATAGCTGGTTCCTCCCTGTCA-1:SCP074	mouse67	Tubb2a	Tubb2a_1	066 CNU-HYa HY GABA	-1
TATCCTGAGCCATGAGACGACTAACT-1:SCP074	mouse61	Jund	Jund_2	066 CNU-HYa HY GABA	-1
TATCGGCTCCGGTTACGACGTACTAG-1:SCP074	mouse68	Rax	Rax_3	215 MB Dopa	-1
TATGACCGTCAAGTTCACGAGGTGGA-1:SCP074	mouse67	Lrmda	Lrmda_1	054 CNU-MGE GABA	-1
TATGTTATCCAATCATATGACGTTCA-1:SCP074	mouse70	Ntrk2	Ntrk2_3	066 CNU-HYa HY GABA	-1
TCAATGGCACTCACGCACAGGCGAAC-1:SCP074	mouse31	Arsb	Arsb_2	066 CNU-HYa HY GABA	-1
TCACGATGTCATTCCCCTCACGGACA-1:SCP074	mouse69	Cacng8	Cacng8_2	066 CNU-HYa HY GABA	-1
TCATGCCAGTTGGCCTCTACTGCCTG-1:SCP074	mouse57	Cd46	Cd46_2	215 MB Dopa	-1
TCCCCGAAGCTGGACAGAAATCGAGA-1:SCP074	mouse57	Mapre2	Mapre2_1	066 CNU-HYa HY GABA	-1
TCCCCTTCAATAGAGAACAGACCGTC-1:SCP074	mouse76	Fam149b	Fam149b_4	066 CNU-HYa HY GABA	-1
TCCTCTGTCCACAGGAAGCAGGTGCA-1:SCP074	mouse61	Taok1	Taok1_3	215 MB Dopa	-1
TCCTGGGTCAGGACGCCATGGTTCTA-1:SCP074	mouse63	Ndufb10	Ndufb10_3	066 CNU-HYa HY GABA	-1
TCCTGTAAGGAGCCTAGACGTACTAG-1:SCP074	mouse68	Gfi1b	Gfi1b_2	066 CNU-HYa HY GABA	-1
TCCTTTCAGAATGCTAACCGCCATAC-1:SCP074	mouse63	Tlr9	Tlr9_4	215 MB Dopa	-1
TCCTTTCAGCTGGACATGCTGATTGA-1:SCP074	mouse62	Wt1	Wt1_1	215 MB Dopa	-1
TCGACAACAACGTAATCTACATACTC-1:SCP074	mouse68	Mrtfa	Mrtfa_1	066 CNU-HYa HY GABA	-1
TCGAGTGAGTGTAATGATGACGTTCA-1:SCP074	mouse70	Tpk1	Tpk1_4	066 CNU-HYa HY GABA	-1
TCGCGGGAGGGCTTGAGAGAGTCGAC-1:SCP074	mouse73	Oprd1	Oprd1_2	066 CNU-HYa HY GABA	-1
TCGCGGGAGGGTGTCACTACTCATCA-1:SCP074	mouse69	Sp4	Sp4_1	215 MB Dopa	-1
TCGGCCCAGCCACAGAGAGTTATGGA-1:SCP074	mouse69	Fgfr3	Fgfr3_4	066 CNU-HYa HY GABA	-1
TCTACCAAGGTCGTCTGAGTAGGCAT-1:SCP074	mouse60	Mbl2	Mbl2_4	066 CNU-HYa HY GABA	-1
TCTCCCGGTGCGACAGGAAGTGCAAG-1:SCP074	mouse74	Csf3r	Csf3r_4	054 CNU-MGE GABA	-1
TCTCGAATCTTGCGGTAGGCACGCAT-1:SCP074	mouse69	Park7	Park7_3	215 MB Dopa	-1
TCTGAGGAGTGCCTGTCTATAGACCT-1:SCP074	mouse62	Bcl11a	Bcl11a_3	215 MB Dopa	-1
TCTGCCACAGGCATTAAGGCGGACAT-1:SCP074	mouse60	Cep120	Cep120_4	066 CNU-HYa HY GABA	-1
TGAACATCACAAGCCGGTGAAACGTC-1:SCP074	mouse72	Pax8	Pax8_1	066 CNU-HYa HY GABA	-1
TGAATGCAGGATCACGCAACCCGTTC-1:SCP074	mouse30	Vezf1	Vezf1_1	215 MB Dopa	-1
TGACATAAGGGTGATTATGACGTTCA-1:SCP074	mouse70	Non_target	Non_target_83	066 CNU-HYa HY GABA	-1
TGACGGATCAGGACGCACTATTGGGA-1:SCP074	mouse73	Nrf1	Nrf1_3	110 CNU-HYa HY MM Glut	-1
TGATTATGTGGAAGGAGATCCCGTCA-1:SCP074	mouse76	Reln	Reln_4	066 CNU-HYa HY GABA	-1
TGCAGGCAGGCACGGTGAGTGAATCA-1:SCP074	mouse72	Gp1ba	Gp1ba_2	066 CNU-HYa HY GABA	-1
TGCATGCTCCGGTTACCATGGTTCTA-1:SCP074	mouse63	Cacna1g	Cacna1g_4	066 CNU-HYa HY GABA	-1
TGCCTATCATCCCGGTCGGTACCTTG-1:SCP074	mouse72	Ryk	Ryk_2	215 MB Dopa	-1
TGCGCCCAGGATCACGGTCTGTTTAG-1:SCP074	mouse72	Fgf13	Fgf13_3	215 MB Dopa	-1
TGCGGTGCATCGCATTAGCCCGTTGT-1:SCP074	mouse76	Gpr45	Gpr45_2	066 CNU-HYa HY GABA	-1
TGCGTAGAGCAGCCTTGATATCTGGA-1:SCP074	mouse30	Sox9	Sox9_1	066 CNU-HYa HY GABA	-1
TGCGTGAAGAGAGCTTGATGTTGCCG-1:SCP074	mouse72	Auh	Auh_1	066 CNU-HYa HY GABA	-1
TGCTGGAAGGGCCAGTGACGTACTAG-1:SCP074	mouse68	Hspa9	Hspa9_3	066 CNU-HYa HY GABA	-1
TGGAGCGGTACCTGGCCTAACGCGTC-1:SCP074	mouse67	Atxn2	Atxn2_2	215 MB Dopa	-1
TGGCGTGCATTGAAGTAGGACTAAAG-1:SCP074	mouse63	Zbtb24	Zbtb24_3	215 MB Dopa	-1
TGGCGTTTCGCCAGTTTGCGTGGAGA-1:SCP074	mouse63	En2	En2_2	054 CNU-MGE GABA	-1
TGTAGCCTCGGATGCATCGTAAGCCA-1:SCP074	mouse67	Galr1	Galr1_2	066 CNU-HYa HY GABA	-1
TGTATTATCGCACCATCAAGAGGGCT-1:SCP074	mouse61	Got1	Got1_2	066 CNU-HYa HY GABA	-1
TGTCAGCTCTTGCGGTCACTTCCTAC-1:SCP074	mouse67	Cox4i1	Cox4i1_1	066 CNU-HYa HY GABA	-1
TGTCTGTCAGTCTCATCTATTCGAAG-1:SCP074	mouse31	Non_target	Non_target_249	215 MB Dopa	-1
AAACGACTCCGTAGAGGTAGGCACTA-1:SCP075	mouse66	Foxc1	Foxc1_1	066 CNU-HYa HY GABA	-1
AAACTTCTCTTCGCAACAAACAGTGT-1:SCP075	mouse74	Mef2d	Mef2d_4	215 MB Dopa	-1
AAAGCAACAAACCACACTAACGCGTC-1:SCP075	mouse67	Eng	Eng_4	066 CNU-HYa HY GABA	-1
AAAGCACTCCTACTTCAGCAAGGTAT-1:SCP075	mouse71	Chrna7	Chrna7_4	066 CNU-HYa HY GABA	-1
AAAGCCTAGCACGTTCCAAGCGAGCA-1:SCP075	mouse73	Stat3	Stat3_3	215 MB Dopa	-1
AAAGCGTTCCAACCTAGACGTACTAG-1:SCP075	mouse68	Cacng3	Cacng3_2	215 MB Dopa	-1
AAAGCTCAGACCCAAGGAAGCTGGGT-1:SCP075	mouse68	Adgrg2	Adgrg2_3	066 CNU-HYa HY GABA	-1
AAAGGTCTCCTGTCCCAGGCGGACAT-1:SCP075	mouse60	Ppard	Ppard_4	215 MB Dopa	-1
AAAGGTCTCGATAGTATGTGAACCTC-1:SCP075	mouse71	Non_target	Non_target_338	215 MB Dopa	-1
AAAGTAAAGTAGTGTAGTCTGTTTAG-1:SCP075	mouse72	Fzd4	Fzd4_2	215 MB Dopa	-1
AAAGTCGGTAATGAACGACAACATCA-1:SCP075	mouse31	Syngap1	Syngap1_3	066 CNU-HYa HY GABA	-1
AAATGCCAGTTACCATGAGTAGGCAT-1:SCP075	mouse60	Zmynd8	Zmynd8_2	066 CNU-HYa HY GABA	-1
AACCATAAGCTAACCCTGCCTATAGT-1:SCP075	mouse68	Gata6	Gata6_4	215 MB Dopa	-1
AACGCCCGTGAGAGCTTGGGATTCTG-1:SCP075	mouse64	Fam120a	Fam120a_4	215 MB Dopa	-1
AACTAACCAAGTGACCGAGAGTCGAC-1:SCP075	mouse73	Hsf4	Hsf4_1	215 MB Dopa	-1
AACTGCGAGTCATTACACGAGGTGGA-1:SCP075	mouse67	Ndufb8	Ndufb8_2	215 MB Dopa	-1
AAGCCCCGTTTAGGCTCAGCGAATGA-1:SCP075	mouse63	Thap11	Thap11_1	066 CNU-HYa HY GABA	-1
AAGCCCGCATGTCGAAAGTACGAAAC-1:SCP075	mouse67	Smarce1	Smarce1_2	066 CNU-HYa HY GABA	-1
AAGGTCCCAGCCGATGCTGGCTTCGA-1:SCP075	mouse62	Akap11	Akap11_1	066 CNU-HYa HY GABA	-1
AAGGTCCCAGGTCGATGTCGTAAACA-1:SCP075	mouse67	Cyc1	Cyc1_4	215 MB Dopa	-1
AAGTAATTCGTACGGATCGGGACGTA-1:SCP075	mouse74	Atp2b2	Atp2b2_1	215 MB Dopa	-1
AAGTGTTCATCGCATTTCGCGACATC-1:SCP075	mouse62	Non_target	Non_target_21	066 CNU-HYa HY GABA	-1
AATACAAGTTATAGCCCTAAACCGAC-1:SCP075	mouse72	Grin1	Grin1_3	066 CNU-HYa HY GABA	-1
AATCCACGTAGGATATCATGGTTCTA-1:SCP075	mouse63	Uchl1	Uchl1_3	066 CNU-HYa HY GABA	-1
AATCCTCCAGCATCAAGTAGTTCTAG-1:SCP075	mouse60	Kcnn2	Kcnn2_2	215 MB Dopa	-1
AATCTAACACCAATCTACGACAGCAG-1:SCP075	mouse62	Cert1	Cert1_2	215 MB Dopa	-1
AATCTCTAGAATCGTAACGGATATCA-1:SCP075	mouse70	Aff3	Aff3_3	066 CNU-HYa HY GABA	-1
AATGCTTTCAACCTTGCTCCCGTTTA-1:SCP075	mouse62	Tbr1	Tbr1_2	054 CNU-MGE GABA	-1
AATTGCGCACCCAGCTTGTGAACCTC-1:SCP075	mouse71	Non_target	Non_target_336	066 CNU-HYa HY GABA	-1
ACAGATTCACGCCTGTGTCGGATATG-1:SCP075	mouse68	Hnrnpdl	Hnrnpdl_3	066 CNU-HYa HY GABA	-1
ACAGCTGAGTGTAATGAGGCGGACAT-1:SCP075	mouse60	Trp63	Trp63_3	066 CNU-HYa HY GABA	-1
ACATATTGTGGCGTGAACAAAGGTCT-1:SCP075	mouse70	Stub1	Stub1_4	066 CNU-HYa HY GABA	-1
ACCAGATAGTTAAGTGATCCAATCTC-1:SCP075	mouse63	Msx2	Msx2_3	066 CNU-HYa HY GABA	-1
ACCAGCCGTACTTACAAGGGACACAC-1:SCP075	mouse73	Lrrtm4	Lrrtm4_1	054 CNU-MGE GABA	-1
ACCCCAAGTTGTCTGGATACTGGGCA-1:SCP075	mouse67	Ager	Ager_1	066 CNU-HYa HY GABA	-1
ACCGATACATTGGATGGCCATGGAAC-1:SCP075	mouse64	Chrna5	Chrna5_2	215 MB Dopa	-1
ACCTGGCGTTGGACTTAGCAATCTGC-1:SCP075	mouse68	Itga7	Itga7_3	215 MB Dopa	-1
ACGAAACTCGTCAATTGATGCTGGCA-1:SCP075	mouse76	Ctsb	Ctsb_1	066 CNU-HYa HY GABA	-1
ACGAAGGCAGCCCTGTCACCGTTGGT-1:SCP075	mouse58	Etv6	Etv6_3	066 CNU-HYa HY GABA	-1
ACGCCTAGTCAAGTAGCAAAGGCAAG-1:SCP075	mouse60	Coa8	Coa8_4	215 MB Dopa	-1
ACGGACCAGCGGGAAGTGTGAATGGC-1:SCP075	mouse70	Grik2	Grik2_3	066 CNU-HYa HY GABA	-1
ACGTGATAGGCTTCGTTGCTGATTGA-1:SCP075	mouse62	Fgd4	Fgd4_1	215 MB Dopa	-1
ACTAAGATCGGGAAGGAGCCCTGCAT-1:SCP075	mouse29	Acsl4	Acsl4_2	215 MB Dopa	-1
ACTATCAGTTTGCCCTTCGTAAGCCA-1:SCP075	mouse67	Caly	Caly_2	066 CNU-HYa HY GABA	-1
ACTTATCAGACCAGCATGCTACTTAG-1:SCP075	mouse63	Gucy2e	Gucy2e_4	066 CNU-HYa HY GABA	-1
AGAAGGCAGGATGGCCGTAGCTTGAT-1:SCP075	mouse60	Ghsr	Ghsr_1	066 CNU-HYa HY GABA	-1
AGAATCGGTATCCTAAACGACTAACT-1:SCP075	mouse61	Syn3	Syn3_1	215 MB Dopa	-1
AGACACAGTGGCGTCTCAAGAGGGCT-1:SCP075	mouse61	Ebf2	Ebf2_4	215 MB Dopa	-1
AGACACCCAAGCCACGCTGGCTTCGA-1:SCP075	mouse62	Klc1	Klc1_1	066 CNU-HYa HY GABA	-1
AGACACTAGTGCAACGACCGCCATAC-1:SCP075	mouse63	Smarcc2	Smarcc2_1	066 CNU-HYa HY GABA	-1
AGACTTAAGTGCCCATGACGTTATTC-1:SCP075	mouse75	Yme1l1	Yme1l1_2	066 CNU-HYa HY GABA	-1
AGAGATACATTGACCTACGACTAACT-1:SCP075	mouse61	Nrp1	Nrp1_3	215 MB Dopa	-1
AGCCTCTAGGAGTCTGGAGTAGGCAT-1:SCP075	mouse60	Mt3	Mt3_1	215 MB Dopa	-1
AGCCTTTCAAGTGACCGTACGTCCCT-1:SCP075	mouse66	Non_target	Non_target_272	110 CNU-HYa HY MM Glut	-1
AGCTGTGAGGGCAATTATCCAATCTC-1:SCP075	mouse63	Fgf13	Fgf13_1	215 MB Dopa	-1
AGGCCAGGTATGAGTGGAGAGTCGAC-1:SCP075	mouse73	Bcl11a	Bcl11a_1	054 CNU-MGE GABA	-1
AGGGGATAGTGCTACCGACGTTATTC-1:SCP075	mouse75	Pou3f3	Pou3f3_3	215 MB Dopa	-1
AGGGTACGTCATTCCCACGTCATTGA-1:SCP075	mouse72	Oprm1	Oprm1_1	066 CNU-HYa HY GABA	-1
AGGTAGGCATAGGCACACTGTCATCA-1:SCP075	mouse70	Tspoap1	Tspoap1_1	215 MB Dopa	-1
AGGTTCACAAGTGAGGACTATTGGGA-1:SCP075	mouse73	Pafah1b1	Pafah1b1_1	066 CNU-HYa HY GABA	-1
AGTCGGATCCAGAGGCGTGAAGTTAG-1:SCP075	mouse56	Dlx6	Dlx6_2	066 CNU-HYa HY GABA	-1
AGTGCAGTCACCGTTACAAGCGAGCA-1:SCP075	mouse73	Dscam	Dscam_1	215 MB Dopa	-1
AGTGCCTTCCCATCAACTTAGGGCCT-1:SCP075	mouse68	Nr1d1	Nr1d1_1	066 CNU-HYa HY GABA	-1
AGTTAAGTCAATGCTTGATATCTGGA-1:SCP075	mouse30	Zfp236	Zfp236_3	066 CNU-HYa HY GABA	-1
AGTTTACTCTTAGGCCCTCCACGCAT-1:SCP075	mouse67	Non_target	Non_target_175	215 MB Dopa	-1
AGTTTCGTCGTCCATAACAGGGCTTA-1:SCP075	mouse56	Zfp280d	Zfp280d_3	054 CNU-MGE GABA	-1
ATAACGATCGGCTGAAACAGTAAGCA-1:SCP075	mouse70	Homer2	Homer2_1	066 CNU-HYa HY GABA	-1
ATAACGATCTCTCACTGTAGCTTGAT-1:SCP075	mouse60	Ephb4	Ephb4_2	215 MB Dopa	-1
ATAATGAGTATGGCCCGCCATGGAAC-1:SCP075	mouse64	Nt5c2	Nt5c2_2	215 MB Dopa	-1
ATAATGCCACCAAGTAACAATCGACT-1:SCP075	mouse60	Lhx4	Lhx4_3	066 CNU-HYa HY GABA	-1
ATAATGCCATGATTCCACGACTTCGT-1:SCP075	mouse64	Ica1	Ica1_1	066 CNU-HYa HY GABA	-1
ATACCCCAGCCTACTAATCCTCCCAC-1:SCP075	mouse72	Pura	Pura_1	066 CNU-HYa HY GABA	-1
ATACTACTCGACACCTTGGACCTAGT-1:SCP075	mouse75	Non_target	Non_target_81	215 MB Dopa	-1
ATAGGCAGTGGAACCGGAAACCATGC-1:SCP075	mouse76	Kat6b	Kat6b_3	066 CNU-HYa HY GABA	-1
ATCATGAAGCTCCTGGACGAGGTGGA-1:SCP075	mouse67	Dpm1	Dpm1_3	215 MB Dopa	-1
ATCCCAATCGCTACTACGCTTATCTA-1:SCP075	mouse73	Non_target	Non_target_127	215 MB Dopa	-1
ATCCCTTTCGTGCGAACACTTCCTAC-1:SCP075	mouse67	Naa15	Naa15_2	066 CNU-HYa HY GABA	-1
ATCGCATGTACTTCCCGAAGCTGGGT-1:SCP075	mouse68	Adipor2	Adipor2_2	066 CNU-HYa HY GABA	-1
ATCGGCGCACGGCTCTTCCGTGAAAC-1:SCP075	mouse76	Appl1	Appl1_2	215 MB Dopa	-1
ATCTTGCCAACCAGTAGACAACATCA-1:SCP075	mouse31	Crbn	Crbn_3	066 CNU-HYa HY GABA	-1
ATGAGGTTCGATCCCGGATCCCGTCA-1:SCP075	mouse76	Esrrb	Esrrb_3	066 CNU-HYa HY GABA	-1
ATGAGGTTCTGAGTGGTGGACCTAGT-1:SCP075	mouse75	Trpm3	Trpm3_4	054 CNU-MGE GABA	-1
ATGCAACAGCATCCGTATGACACGCT-1:SCP075	mouse29	Sox18	Sox18_2	066 CNU-HYa HY GABA	-1
ATGTATGAGATGCCAGCTGGCTTCGA-1:SCP075	mouse62	Serpine2	Serpine2_2	066 CNU-HYa HY GABA	-1
ATGTGCGAGAGAGGTAACGAGGTGGA-1:SCP075	mouse67	Satb2	Satb2_2	066 CNU-HYa HY GABA	-1
ATTAATGCATCGCATTCAATCCAGGT-1:SCP075	mouse29	Chrne	Chrne_2	215 MB Dopa	-1
ATTACCCCAATTGCCTGAGTGAATCA-1:SCP075	mouse72	Gfi1	Gfi1_2	066 CNU-HYa HY GABA	-1
ATTCGTCCAGGATTGCTGCTACTTAG-1:SCP075	mouse63	Sppl2a	Sppl2a_4	066 CNU-HYa HY GABA	-1
ATTCTAATCGTTCCGGACAATCGACT-1:SCP075	mouse60	Pogz	Pogz_2	066 CNU-HYa HY GABA	-1
ATTCTGGTCGGCCATTCACAACTGAG-1:SCP075	mouse68	Tubb4a	Tubb4a_4	066 CNU-HYa HY GABA	-1
ATTGGACAGATGCCTCACAACCATTC-1:SCP075	mouse70	Glra1	Glra1_1	066 CNU-HYa HY GABA	-1
ATTGGACAGCGGTAATCAGCTACCCT-1:SCP075	mouse72	Kbtbd7	Kbtbd7_3	215 MB Dopa	-1
ATTGTCGTCGGATATACTCACGGACA-1:SCP075	mouse69	Ctnna3	Ctnna3_2	215 MB Dopa	-1
ATTGTCTAGAACCCAGACCGAATAAG-1:SCP075	mouse62	Acvr2b	Acvr2b_4	215 MB Dopa	-1
ATTGTGAAGCTATCCAGATATCTGGA-1:SCP075	mouse30	Esr1	Esr1_3	066 CNU-HYa HY GABA	-1
CAAACGGTCGAGCGACACTTTGACGT-1:SCP075	mouse73	Gpr156	Gpr156_1	066 CNU-HYa HY GABA	-1
CAAACTAAGGTTCCCGAGCTCAACAC-1:SCP075	mouse69	Pacs2	Pacs2_3	215 MB Dopa	-1
CAAAGGCGTTGCCACAAGTACGAAAC-1:SCP075	mouse67	Non_target	Non_target_156	066 CNU-HYa HY GABA	-1
CAAATCCGTGAATGTGACCGAATAAG-1:SCP075	mouse62	Non_target	Non_target_259	215 MB Dopa	-1
CAAATCTTCCACAGGACTCCCGTTTA-1:SCP075	mouse62	Camk2g	Camk2g_4	215 MB Dopa	-1
CAACACCTCACCCTGGGAACTAGGCT-1:SCP075	mouse61	Ank2	Ank2_2	054 CNU-MGE GABA	-1
CAACGGATCGATTCATCAATCCAGGT-1:SCP075	mouse29	Mapkbp1	Mapkbp1_3	066 CNU-HYa HY GABA	-1
CAACTATTCGAGCGGTCTCCCTGTCA-1:SCP075	mouse67	Adora2a	Adora2a_2	066 CNU-HYa HY GABA	-1
CAACTATTCGTTACCACTTCACGTTC-1:SCP075	mouse62	Nefm	Nefm_1	066 CNU-HYa HY GABA	-1
CAAGGCGGTGCGCGAAATCCTCCCAC-1:SCP075	mouse72	Pknox2	Pknox2_3	066 CNU-HYa HY GABA	-1
CAAGTCTGTTGCCTAGCTCCCGTTTA-1:SCP075	mouse62	Cebpe	Cebpe_3	066 CNU-HYa HY GABA	-1
CAATTACTCAACTGGGATAAACGGGA-1:SCP075	mouse76	Peg3	Peg3_3	066 CNU-HYa HY GABA	-1
CACAACCTCACACACCACGCGTGAAC-1:SCP075	mouse68	Non_target	Non_target_229	066 CNU-HYa HY GABA	-1
CACAATCGTTTGGTACTGTGAATGGC-1:SCP075	mouse70	Tacr1	Tacr1_3	066 CNU-HYa HY GABA	-1
CACAATTTCGCAAGGCTCGACTAAGA-1:SCP075	mouse62	Ptpa	Ptpa_4	066 CNU-HYa HY GABA	-1
CACACTTCACTCCGTAGCCATGGAAC-1:SCP075	mouse64	Hnrnpa1	Hnrnpa1_3	066 CNU-HYa HY GABA	-1
CACCAACTCATCCGACACCGAATAAG-1:SCP075	mouse62	Gucy2e	Gucy2e_4	215 MB Dopa	-1
CACCTCGAGGTGTGGCAGCCCGTTGT-1:SCP075	mouse76	Htr7	Htr7_4	215 MB Dopa	-1
CACGCCTCAAATGAGAGAGTGAATCA-1:SCP075	mouse72	Kit	Kit_3	066 CNU-HYa HY GABA	-1
CACGTGGCATCACTGTCTTAGGGCCT-1:SCP075	mouse68	Snx10	Snx10_4	066 CNU-HYa HY GABA	-1
CACTACCAGCTGTCGTGTGGGAGACT-1:SCP075	mouse30	Tshz3	Tshz3_1	066 CNU-HYa HY GABA	-1
CACTACGGTACCTCTCAGCTCAACAC-1:SCP075	mouse69	Tlk2	Tlk2_3	215 MB Dopa	-1
CAGCGAATCGTTACTGGACCAGGTGT-1:SCP075	mouse72	Kcnh5	Kcnh5_1	066 CNU-HYa HY GABA	-1
CAGCGCGAGTAGTTGAAGCTCAACAC-1:SCP075	mouse69	Slc12a2	Slc12a2_3	215 MB Dopa	-1
CAGGGACTCACGTGCTCAAACAGTGT-1:SCP075	mouse74	Ammecr1	Ammecr1_3	215 MB Dopa	-1
CAGGTGCAGCCTGGAAGAAGTGCAAG-1:SCP075	mouse74	Nhs	Nhs_4	066 CNU-HYa HY GABA	-1
CATAACTTCTACCGACAGGCGGACAT-1:SCP075	mouse60	Akap6	Akap6_4	215 MB Dopa	-1
CATAAGGGTCAAGTAGCAAGTACCAT-1:SCP075	mouse72	Elf2	Elf2_4	066 CNU-HYa HY GABA	-1
CATCTTACAGGTACGTACCAAATCGT-1:SCP075	mouse74	Caml	Caml_2	066 CNU-HYa HY GABA	-1
CCAACCCCATCACTGTGCCTCCCAAT-1:SCP075	mouse67	Non_target	Non_target_156	066 CNU-HYa HY GABA	-1
CCAACCGTCGACCTCGGAGAACAAGA-1:SCP075	mouse60	Gabra4	Gabra4_3	215 MB Dopa	-1
CCATCAATCTTGAATCCTTAGGGCCT-1:SCP075	mouse68	Herc2	Herc2_3	066 CNU-HYa HY GABA	-1
CCATGAACATATGCTCAGGATTGAAC-1:SCP075	mouse31	Vamp1	Vamp1_2	215 MB Dopa	-1
CCCGGTTCAACAGACCCACGAAGTTA-1:SCP075	mouse73	Zbtb7a	Zbtb7a_4	066 CNU-HYa HY GABA	-1
CCCGTTCTCCTCATTCCTACTGCCTG-1:SCP075	mouse57	Coa8	Coa8_4	110 CNU-HYa HY MM Glut	-1
CCCTTCGGTGGGACCATGTCCCGAAT-1:SCP075	mouse59	Chrna3	Chrna3_1	066 CNU-HYa HY GABA	-1
CCCTTCTCAGACACACAGGCGGACAT-1:SCP075	mouse60	Mlxip	Mlxip_4	215 MB Dopa	-1
CCCTTTAGTGCCTGGTACAATCGACT-1:SCP075	mouse60	Tshz3	Tshz3_1	066 CNU-HYa HY GABA	-1
CCGACCTCAGGAAGTGATGACACGCT-1:SCP075	mouse29	Lrif1	Lrif1_3	215 MB Dopa	-1
CCGCCACAGTGTGATAACGTTTAGTC-1:SCP075	mouse62	Hivep3	Hivep3_4	066 CNU-HYa HY GABA	-1
CCGTGAAAGTAGAGGACTACCAGTAT-1:SCP075	mouse75	Akt3	Akt3_1	066 CNU-HYa HY GABA	-1
CCGTGGCTCGGTATGGGCGTTTCCTG-1:SCP075	mouse64	Antxr2	Antxr2_1	054 CNU-MGE GABA	-1
CCGTGTTAGAGTTAGCACAATCGACT-1:SCP075	mouse60	Pgk1	Pgk1_1	215 MB Dopa	-1
CCGTTCGAGGGCGTACCTCCCGTTTA-1:SCP075	mouse62	Chrnb1	Chrnb1_3	215 MB Dopa	-1
CCTACTAAGTTACACTACTGTCATCA-1:SCP075	mouse70	Epha10	Epha10_2	066 CNU-HYa HY GABA	-1
CCTAGTCAGTGTCGCTCGGTACCTTG-1:SCP075	mouse72	Minpp1	Minpp1_2	066 CNU-HYa HY GABA	-1
CCTCAAATCGATAGTACTTCACGTTC-1:SCP075	mouse62	Tnpo3	Tnpo3_2	039 OB-IMN GABA	-1
CCTGCACCAGTTGCTTTGGCTTATTC-1:SCP075	mouse60	Nfic	Nfic_2	066 CNU-HYa HY GABA	-1
CCTTCGACATCTATCAGTGCGGTAAG-1:SCP075	mouse29	Chrna7	Chrna7_4	215 MB Dopa	-1
CCTTGATCACGATCCCACAGGCGAAC-1:SCP075	mouse31	Ndufv2	Ndufv2_4	066 CNU-HYa HY GABA	-1
CCTTGATCATAGTAACAGATGCGTGA-1:SCP075	mouse56	Akap6	Akap6_3	066 CNU-HYa HY GABA	-1
CGAACGGGTTGTACGTAGTACGAAAC-1:SCP075	mouse67	Slc25a27	Slc25a27_3	215 MB Dopa	-1
CGAAGCGGTACGCCTACTACATACTC-1:SCP075	mouse68	Nfic	Nfic_1	066 CNU-HYa HY GABA	-1
CGAAGCTCAACAGACCGTCGGATATG-1:SCP075	mouse68	Kif5c	Kif5c_2	110 CNU-HYa HY MM Glut	-1
CGACGGAGTATAGACGGAGTGAATCA-1:SCP075	mouse72	Lrfn2	Lrfn2_4	066 CNU-HYa HY GABA	-1
CGAGCATCAGAGAGGCGAAGTGCAAG-1:SCP075	mouse74	Phf12	Phf12_2	215 MB Dopa	-1
CGAGTCCGTATCCCGAGTGAAACGTC-1:SCP075	mouse72	Tshz3	Tshz3_1	215 MB Dopa	-1
CGAGTGGGTTTGCCCTCAAAGGCAAG-1:SCP075	mouse60	Irf7	Irf7_3	215 MB Dopa	-1
CGCAGGTAGGTTGGGCAGGTATGTAG-1:SCP075	mouse62	Erbb3	Erbb3_1	066 CNU-HYa HY GABA	-1
CGCATGGCAACGGCCACACGAAGTTA-1:SCP075	mouse73	Scn3a	Scn3a_3	066 CNU-HYa HY GABA	-1
CGCATGGCATACCGTTTCGACTAAGA-1:SCP075	mouse62	Slc17a5	Slc17a5_2	066 CNU-HYa HY GABA	-1
CGCTAGAAGAACTGCGACAGGCGAAC-1:SCP075	mouse31	Grin2a	Grin2a_2	215 MB Dopa	-1
CGCTCAAGTCTATCCCCTTTGCAAAG-1:SCP075	mouse70	Fbxw7	Fbxw7_3	215 MB Dopa	-1
CGGCAAATCGGATATACTTAGGGCCT-1:SCP075	mouse68	Zfp521	Zfp521_3	066 CNU-HYa HY GABA	-1
CGGGATTCACCACACCCACGGGCTAT-1:SCP075	mouse76	Bbip1	Bbip1_2	066 CNU-HYa HY GABA	-1
CGGGGTAGTCTGCACAATGACGTTCA-1:SCP075	mouse70	Pomp	Pomp_2	215 MB Dopa	-1
CGGTCATTCCGTACCGTCGGGCTTGA-1:SCP075	mouse68	Ehmt1	Ehmt1_3	054 CNU-MGE GABA	-1
CGGTTGAAGACATCCCCTCAGTTTCT-1:SCP075	mouse58	Zmynd11	Zmynd11_3	066 CNU-HYa HY GABA	-1
CGTACCCCAAGACCGTGACGACATGT-1:SCP075	mouse63	Med13	Med13_3	054 CNU-MGE GABA	-1
CGTACCTAGGATTACAATACTGGGCA-1:SCP075	mouse67	Ndufa12	Ndufa12_3	066 CNU-HYa HY GABA	-1
CGTAGCGCACTAATGGGAGTAGGCAT-1:SCP075	mouse60	Non_target	Non_target_381	215 MB Dopa	-1
CGTAGGATCCACCTGGCTCAGTTTCT-1:SCP075	mouse58	Syn3	Syn3_4	066 CNU-HYa HY GABA	-1
CGTCAAGAGACCAGCAACCGAATAAG-1:SCP075	mouse62	Ap3b2	Ap3b2_3	215 MB Dopa	-1
CGTGTTGGTGGCGTGAACCATCCGCA-1:SCP075	mouse74	Ivd	Ivd_4	066 CNU-HYa HY GABA	-1
CGTTTGCAGAACCACGACGACAGCAG-1:SCP075	mouse62	Nexmif	Nexmif_1	215 MB Dopa	-1
CTAATTGGTGCGTACCACTGAGAGAG-1:SCP075	mouse57	Nefh	Nefh_1	215 MB Dopa	-1
CTACTACCACGAAGGAGCCTCCCAAT-1:SCP075	mouse67	Esr2	Esr2_3	215 MB Dopa	-1
CTAGGCGCAGGGACTTGACCAGGTGT-1:SCP075	mouse72	Ebf1	Ebf1_1	215 MB Dopa	-1
CTAGGTTGTGAGATATGCCTCCCAAT-1:SCP075	mouse67	Non_target	Non_target_156	066 CNU-HYa HY GABA	-1
CTATATATCCATGACCCAAGAGGGCT-1:SCP075	mouse61	Sox4	Sox4_4	066 CNU-HYa HY GABA	-1
CTCACACAGGCATGTGCACATGCTTA-1:SCP075	mouse74	Npsr1	Npsr1_1	215 MB Dopa	-1
CTCACGCCATGCAGACTGTGAACCTC-1:SCP075	mouse71	Non_target	Non_target_199	215 MB Dopa	-1
CTCAGTATCCGTAGAGACTAGCTGCA-1:SCP075	mouse63	Ndufaf4	Ndufaf4_4	215 MB Dopa	-1
CTCAGTATCGAACTAACTCCACGCAT-1:SCP075	mouse67	Rxra	Rxra_1	215 MB Dopa	-1
CTCCACACACCAATCTACGACAGCAG-1:SCP075	mouse62	Chrnb1	Chrnb1_1	066 CNU-HYa HY GABA	-1
CTCCACCTCGCTACTATCCGTGAAAC-1:SCP075	mouse76	Magel2	Magel2_4	215 MB Dopa	-1
CTCCGTGAGAATGGAGGAGGGTGAAG-1:SCP075	mouse76	Gipr	Gipr_1	066 CNU-HYa HY GABA	-1
CTCTATTGTACGATAGTGCTACTTAG-1:SCP075	mouse63	Prdm5	Prdm5_1	066 CNU-HYa HY GABA	-1
CTCTATTGTTGGTTACCAAGCGAGCA-1:SCP075	mouse73	Non_target	Non_target_162	066 CNU-HYa HY GABA	-1
CTGCCTGAGCCTGGAATCCGTGAAAC-1:SCP075	mouse76	Slc25a13	Slc25a13_2	066 CNU-HYa HY GABA	-1
CTGCTGTAGGCGAAGGATAAACGGGA-1:SCP075	mouse76	Map6	Map6_3	215 MB Dopa	-1
CTGTGTGGTACGAATGAGCAGGTGCA-1:SCP075	mouse61	Spi1	Spi1_1	066 CNU-HYa HY GABA	-1
CTTACAAGTCGCTGGTAGGGACACAC-1:SCP075	mouse73	Srgap3	Srgap3_1	215 MB Dopa	-1
CTTACATAGTCGCTCGACGACAGCAG-1:SCP075	mouse62	Gnptg	Gnptg_1	066 CNU-HYa HY GABA	-1
CTTATCCTCTTGCCTTCTAAACCGAC-1:SCP075	mouse72	Chrm2	Chrm2_2	110 CNU-HYa HY MM Glut	-1
CTTCAACCAACATCCTCATCAAGATC-1:SCP075	mouse73	Pcca	Pcca_4	054 CNU-MGE GABA	-1
CTTCGTTTCCGGGTAAACTTTGACGT-1:SCP075	mouse73	Drd5	Drd5_4	066 CNU-HYa HY GABA	-1
CTTGCCTGTGTTGCGCTCTGAGGGTA-1:SCP075	mouse63	Tnfrsf4	Tnfrsf4_1	066 CNU-HYa HY GABA	-1
CTTGCTTTCGCTTGACAGGCACGCAT-1:SCP075	mouse69	Sp7	Sp7_1	066 CNU-HYa HY GABA	-1
CTTGGGGCACTTCGGCGTCGGATATG-1:SCP075	mouse68	Flnb	Flnb_2	066 CNU-HYa HY GABA	-1
GCAAGATTCCCCAGATCTCTCCCAGA-1:SCP075	mouse76	Vps53	Vps53_4	215 MB Dopa	-1
GCATTCGGTCCATGATGTAGTTCTAG-1:SCP075	mouse60	Npsr1	Npsr1_1	066 CNU-HYa HY GABA	-1
GCATTGGAGCAACTAAAGGCGGACAT-1:SCP075	mouse60	Thra	Thra_2	215 MB Dopa	-1
GCCAATTGTACGCCTACTACATACTC-1:SCP075	mouse68	Taf1b	Taf1b_3	066 CNU-HYa HY GABA	-1
GCCACATTCCACCAACACAAAGGTCT-1:SCP075	mouse70	Satb2	Satb2_4	066 CNU-HYa HY GABA	-1
GCCACATTCTCTCAAGAGGGACACAC-1:SCP075	mouse73	Lars2	Lars2_2	066 CNU-HYa HY GABA	-1
GCCCCTAAGGTACCCTATACTGGGCA-1:SCP075	mouse67	Cask	Cask_2	066 CNU-HYa HY GABA	-1
GCCGTTAGTCATGAGAATAAACGGGA-1:SCP075	mouse76	Cntn1	Cntn1_1	066 CNU-HYa HY GABA	-1
GCCTGGACAACTATGGGAGTCTCCAT-1:SCP075	mouse63	Chrna7	Chrna7_1	215 MB Dopa	-1
GCGAATAGTGTTGCGCCTCTCCCAGA-1:SCP075	mouse76	Prr12	Prr12_2	066 CNU-HYa HY GABA	-1
GCGACAATCTCTGTGATGCAATCCTC-1:SCP075	mouse69	Sema5a	Sema5a_4	066 CNU-HYa HY GABA	-1
GCGAGGAAGGGGCTTAGACCAGGTGT-1:SCP075	mouse72	Non_target	Non_target_4	066 CNU-HYa HY GABA	-1
GCGATGTCATGCAGGTCAGCGAATGA-1:SCP075	mouse63	Setx	Setx_1	066 CNU-HYa HY GABA	-1
GCGCGATAGGCTCTGTGAGAACAAGA-1:SCP075	mouse60	Agtr2	Agtr2_1	215 MB Dopa	-1
GCGTCCATCGGCTCTGTGTGAACCTC-1:SCP075	mouse71	Uqcrh	Uqcrh_1	215 MB Dopa	-1
GCTAAATCAATTGAACTCGACTAAGA-1:SCP075	mouse62	Lgi1	Lgi1_1	066 CNU-HYa HY GABA	-1
GGAAGTTTCTCTCACTCTAACGCGTC-1:SCP075	mouse67	Trim37	Trim37_1	066 CNU-HYa HY GABA	-1
GGACAGCTCATCAATCACGACAGCAG-1:SCP075	mouse62	Chrna4	Chrna4_3	066 CNU-HYa HY GABA	-1
GGAGAACAGACATCGGACAAAGGAGA-1:SCP075	mouse68	Mycn	Mycn_3	054 CNU-MGE GABA	-1
GGAGCCAGTCGTTAGTTGCTACTTAG-1:SCP075	mouse63	Camta1	Camta1_4	066 CNU-HYa HY GABA	-1
GGAGCTATCTCTCGCCGAAATCGAGA-1:SCP075	mouse57	Myod1	Myod1_4	066 CNU-HYa HY GABA	-1
GGAGTAAAGACGCAATCAGGGTAACT-1:SCP075	mouse74	Gnb5	Gnb5_3	215 MB Dopa	-1
GGATAATGTATGGTTCCTAGGTCTAT-1:SCP075	mouse73	Vps13d	Vps13d_1	110 CNU-HYa HY MM Glut	-1
GGATGTTAGTCTCACAGACGTTATTC-1:SCP075	mouse75	Myt1l	Myt1l_2	215 MB Dopa	-1
GGCAAGACACTTCGATAGGTGTTTAC-1:SCP075	mouse68	Stra6	Stra6_2	215 MB Dopa	-1
GGCATCTTCGCTTAATCACGGGCTAT-1:SCP075	mouse76	Gata4	Gata4_4	066 CNU-HYa HY GABA	-1
GGCCATTTCACGGAATCTCCCTGTCA-1:SCP075	mouse67	Taok1	Taok1_3	066 CNU-HYa HY GABA	-1
GGCTATTGTGGCTTGCCTGGCTTCGA-1:SCP075	mouse62	Eng	Eng_2	066 CNU-HYa HY GABA	-1
GGGAACACATTACAGGCATGGTTCTA-1:SCP075	mouse63	Syngap1	Syngap1_2	215 MB Dopa	-1
GGGATGGAGCGTTCACACCGAATAAG-1:SCP075	mouse62	Fas	Fas_4	066 CNU-HYa HY GABA	-1
GGGATGGAGTGTGATAAGCAGGTGCA-1:SCP075	mouse61	Agtr1a	Agtr1a_1	215 MB Dopa	-1
GGGGATTGTGACCAGGACAGGCGAAC-1:SCP075	mouse31	Rab7	Rab7_2	066 CNU-HYa HY GABA	-1
GGGGTCTAGCTCATATACAACCATTC-1:SCP075	mouse70	Ptpa	Ptpa_2	066 CNU-HYa HY GABA	-1
GGGTCACAGCTCATGCGTCGGATATG-1:SCP075	mouse68	Rack1	Rack1_1	215 MB Dopa	-1
GGTAAACTCTAGCCCGTCCGTGAAAC-1:SCP075	mouse76	Casr	Casr_3	066 CNU-HYa HY GABA	-1
GGTACTGAGGTCGGTATGCCTATAGT-1:SCP075	mouse68	Lbx1	Lbx1_4	066 CNU-HYa HY GABA	-1
GGTAGCCAGGATAGAGGAGTGAATCA-1:SCP075	mouse72	Cpe	Cpe_4	066 CNU-HYa HY GABA	-1
GGTATGTAGCTTACGCACGGATATCA-1:SCP075	mouse70	Ranbp2	Ranbp2_3	039 OB-IMN GABA	-1
GGTCAACCATACTTCAAGTACGAAAC-1:SCP075	mouse67	Vldlr	Vldlr_3	066 CNU-HYa HY GABA	-1
GGTGAAGCATAAGTCGGCGAATAGAT-1:SCP075	mouse68	Rbm28	Rbm28_3	215 MB Dopa	-1
GTAACTGCACGTTACTACGACTAACT-1:SCP075	mouse61	Zbtb7a	Zbtb7a_1	066 CNU-HYa HY GABA	-1
GTAACTTTCCCGTAACGAAGTGCAAG-1:SCP075	mouse74	Pi4ka	Pi4ka_2	066 CNU-HYa HY GABA	-1
GTACTGTGTGTTGCGCTGTGTCCGCA-1:SCP075	mouse60	Klhl7	Klhl7_4	066 CNU-HYa HY GABA	-1
GTAGGTAGTATCGCCAACGAGGATTA-1:SCP075	mouse73	Aifm1	Aifm1_4	215 MB Dopa	-1
GTCCTCCTCCCTCTATCTAGTCCTTC-1:SCP075	mouse59	Map3k7	Map3k7_1	066 CNU-HYa HY GABA	-1
GTGATGGTCCACCAACCTCCACGCAT-1:SCP075	mouse67	Baiap2	Baiap2_2	215 MB Dopa	-1
GTGATGGTCGAGCGGTACTGAGAGAG-1:SCP075	mouse57	Ppp3r1	Ppp3r1_1	215 MB Dopa	-1
GTGCGGGTCTGGACCTAGCCCGTTGT-1:SCP075	mouse76	Nkx3-1	Nkx3-1_4	066 CNU-HYa HY GABA	-1
GTGTCGAAGGACACCACATGGTTCTA-1:SCP075	mouse63	Naa10	Naa10_4	066 CNU-HYa HY GABA	-1
GTTAGAGGTTTCAAGCCAAGCGAGCA-1:SCP075	mouse73	Il6ra	Il6ra_1	066 CNU-HYa HY GABA	-1
GTTGCACTCCCGATGTACAAAGGTCT-1:SCP075	mouse70	Grm5	Grm5_2	215 MB Dopa	-1
GTTGCTCAGGGAGACGAGGACTAAAG-1:SCP075	mouse63	Pacs2	Pacs2_2	215 MB Dopa	-1
GTTGGCCGTGCACTCATGATGAGCTC-1:SCP075	mouse74	Kcnq5	Kcnq5_2	110 CNU-HYa HY MM Glut	-1
GTTGTCGGTGGAAGCTCAGGGTAACT-1:SCP075	mouse74	Tfg	Tfg_3	215 MB Dopa	-1
TAAGGGGCACGATCCCAGGATTGAAC-1:SCP075	mouse31	Atxn1	Atxn1_1	215 MB Dopa	-1
TAAGGGGCATTCATTGCTTAGGGCCT-1:SCP075	mouse68	Kif1b	Kif1b_1	054 CNU-MGE GABA	-1
TAATCACTCGACACAGCTAGGTCTAT-1:SCP075	mouse73	Sin3a	Sin3a_4	066 CNU-HYa HY GABA	-1
TAATGGGGTATACGTCACCATCCGCA-1:SCP075	mouse74	Aopep	Aopep_2	066 CNU-HYa HY GABA	-1
TAATTGCTCAATGCGGCAAAGGCAAG-1:SCP075	mouse60	Nfix	Nfix_1	066 CNU-HYa HY GABA	-1
TACGATTTCGAACCGAACCAAATCGT-1:SCP075	mouse74	Adgra1	Adgra1_2	066 CNU-HYa HY GABA	-1
TACGTAGCAGCGCACACTACCAGTAT-1:SCP075	mouse75	Retreg1	Retreg1_4	054 CNU-MGE GABA	-1
TACTAGAAGGGAGTAAGTCGTAAACA-1:SCP075	mouse67	Tgfbr2	Tgfbr2_2	215 MB Dopa	-1
TACTCCGCAGGGTCTGAGATTTACGC-1:SCP075	mouse73	Klf7	Klf7_2	215 MB Dopa	-1
TACTCGCAGGAGTCTGGTAGGCACTA-1:SCP075	mouse66	Chp1	Chp1_1	066 CNU-HYa HY GABA	-1
TACTCGCAGGGCTGGTACTGTCATCA-1:SCP075	mouse70	Pax6	Pax6_2	215 MB Dopa	-1
TACTTGGTCTGTACCACAAAGGCAAG-1:SCP075	mouse60	Tiam1	Tiam1_1	066 CNU-HYa HY GABA	-1
TAGCTTGTCCGAACGAACTGAGAGAG-1:SCP075	mouse57	Chrnb4	Chrnb4_2	215 MB Dopa	-1
TAGGAATGTAGGATATCACGGGCTAT-1:SCP075	mouse76	Cacng3	Cacng3_1	066 CNU-HYa HY GABA	-1
TAGGATGGTACGGGCAGACGTTATTC-1:SCP075	mouse75	Pdha1	Pdha1_1	066 CNU-HYa HY GABA	-1
TAGGATTCAACAGAGGACGTTTAGTC-1:SCP075	mouse62	Tenm4	Tenm4_4	066 CNU-HYa HY GABA	-1
TAGGCTCTCGCGTCCATGCCCGTCAT-1:SCP075	mouse73	Depdc5	Depdc5_2	066 CNU-HYa HY GABA	-1
TAGGGCATCTGGAAGTACTAGCTGCA-1:SCP075	mouse63	Ppp2r5d	Ppp2r5d_2	066 CNU-HYa HY GABA	-1
TAGGTACAGGGATACTGCCTCCCAAT-1:SCP075	mouse67	Htr1a	Htr1a_1	066 CNU-HYa HY GABA	-1
TAGGTACAGTCAGCAGTGCAATCCTC-1:SCP075	mouse69	Naa20	Naa20_4	066 CNU-HYa HY GABA	-1
TAGTGACAGAGCTGGCGTAGGCACTA-1:SCP075	mouse66	Klf11	Klf11_1	215 MB Dopa	-1
TAGTGGCCAAGTGTCAAGCAGGTGCA-1:SCP075	mouse61	Zic3	Zic3_3	215 MB Dopa	-1
TATAGTCTCGTGCGAAACAGACCGTC-1:SCP075	mouse76	Smarcb1	Smarcb1_2	215 MB Dopa	-1
TATATTGTCGCGAGGTCTCCGTACTG-1:SCP075	mouse60	Ankrd11	Ankrd11_3	215 MB Dopa	-1
TATCGACGTCATGAGAACCCTATATC-1:SCP075	mouse63	Tcf12	Tcf12_3	066 CNU-HYa HY GABA	-1
TATCGGCTCGGTTAGGTCGGGCTTGA-1:SCP075	mouse68	Gpc6	Gpc6_3	215 MB Dopa	-1
TATGTTGGTCATGAGATCCGTGAAAC-1:SCP075	mouse76	Mafg	Mafg_1	066 CNU-HYa HY GABA	-1
TCAACAGCAATCACGAGCCATGGAAC-1:SCP075	mouse64	Non_target	Non_target_106	215 MB Dopa	-1
TCAATGGCAAATCAGTTGCCCGTCAT-1:SCP075	mouse73	Pik3ca	Pik3ca_3	066 CNU-HYa HY GABA	-1
TCACGTGGTGGCGTGACAAGAGGGCT-1:SCP075	mouse61	Chrna5	Chrna5_3	215 MB Dopa	-1
TCAGGATAGGAGGAGTACGCGTGAAC-1:SCP075	mouse68	Zeb2	Zeb2_2	066 CNU-HYa HY GABA	-1
TCAGTAGCACATGCTTTCCGCGGATA-1:SCP075	mouse68	Nsf	Nsf_4	066 CNU-HYa HY GABA	-1
TCATCCTTCAGTATGAGTACGTCCCT-1:SCP075	mouse66	Chrne	Chrne_4	066 CNU-HYa HY GABA	-1
TCATGCCAGCGGATCAACGGATATCA-1:SCP075	mouse70	Dhx9	Dhx9_3	215 MB Dopa	-1
TCCAAGTGTAGTCGGGCAAGAGGGCT-1:SCP075	mouse61	Slc22a17	Slc22a17_4	066 CNU-HYa HY GABA	-1
TCCTCCGGTACTTCCCCTAACGCGTC-1:SCP075	mouse67	Zfp292	Zfp292_3	215 MB Dopa	-1
TCCTTCAGTTGCCTAGACGACTAACT-1:SCP075	mouse61	Tlx3	Tlx3_2	215 MB Dopa	-1
TCCTTTCAGCGCAAGCCGGTACCTTG-1:SCP075	mouse72	Nsd1	Nsd1_1	066 CNU-HYa HY GABA	-1
TCCTTTGGTCCATGATCACGGGCTAT-1:SCP075	mouse76	Cpt1c	Cpt1c_1	066 CNU-HYa HY GABA	-1
TCCTTTGGTGAACGACCTTGGATGGC-1:SCP075	mouse70	Brsk2	Brsk2_1	066 CNU-HYa HY GABA	-1
TCGACTCAGCCTGGAACAGCGAATGA-1:SCP075	mouse63	Ubr1	Ubr1_4	066 CNU-HYa HY GABA	-1
TCGCTTCGTACTGTCGCTACCAGTAT-1:SCP075	mouse75	Pdss1	Pdss1_3	215 MB Dopa	-1
TCGCTTGCAGCCCTGTGAGTCTCCAT-1:SCP075	mouse63	Grik3	Grik3_4	066 CNU-HYa HY GABA	-1
TCGTAGCTCCGCGCTAATCCTCCCAC-1:SCP075	mouse72	Hjv	Hjv_4	215 MB Dopa	-1
TCGTTGTCAAATGCGCACGGGAATGA-1:SCP075	mouse75	Sorbs1	Sorbs1_4	215 MB Dopa	-1
TCTAACGTCTGGGTAGAGCAGGTGCA-1:SCP075	mouse61	Non_target	Non_target_7	054 CNU-MGE GABA	-1
TCTAGATTCTACGCCGACTGTCATCA-1:SCP075	mouse70	Mphosph9	Mphosph9_2	215 MB Dopa	-1
TGACAGGTCACAGGCAATCCTCCCAC-1:SCP075	mouse72	Adgrb1	Adgrb1_1	215 MB Dopa	-1
TGACCAACAAGGCAAGACGGATATCA-1:SCP075	mouse70	Cox5a	Cox5a_2	215 MB Dopa	-1
TGACGTTGTCCCTTCGCATGGTTCTA-1:SCP075	mouse63	Nr4a3	Nr4a3_1	066 CNU-HYa HY GABA	-1
TGAGGCGGTGGCCGTTGAGAGTCGAC-1:SCP075	mouse73	Kat6a	Kat6a_3	110 CNU-HYa HY MM Glut	-1
TGATATTGTGTTGACTGATCCCGTCA-1:SCP075	mouse76	Irf1	Irf1_4	215 MB Dopa	-1
TGATGGCCATGGCCTCAGGCGGACAT-1:SCP075	mouse60	Atxn7	Atxn7_1	215 MB Dopa	-1
TGATTACTCTGATAGAACAGGGCTTA-1:SCP075	mouse56	Prlr	Prlr_2	215 MB Dopa	-1
TGATTCTAGAGGCCACCAAGCGAGCA-1:SCP075	mouse73	Polr3b	Polr3b_4	215 MB Dopa	-1
TGCAGGCAGGACTAACCATGGTTCTA-1:SCP075	mouse63	Il12b	Il12b_3	215 MB Dopa	-1
TGCATCCAGCCACACTAGGACTAAAG-1:SCP075	mouse63	Chrm3	Chrm3_1	215 MB Dopa	-1
TGGCTGGCACATTCGTGACCAGGTGT-1:SCP075	mouse72	Nefl	Nefl_3	066 CNU-HYa HY GABA	-1
TGGGAGCTCACGCTTACTTAGGGCCT-1:SCP075	mouse68	Non_target	Non_target_8	066 CNU-HYa HY GABA	-1
TGTACGACATCCAGCCACGTCATTGA-1:SCP075	mouse72	Smarcad1	Smarcad1_3	066 CNU-HYa HY GABA	-1
TGTATGGCAACGTGCGTGTCATTCGT-1:SCP075	mouse68	Foxc1	Foxc1_1	215 MB Dopa	-1
TGTCAGGAGAGATTGCACAACCGAAG-1:SCP075	mouse66	Prickle1	Prickle1_1	066 CNU-HYa HY GABA	-1
TGTCTTGAGCAGCCTTACAGGCGAAC-1:SCP075	mouse31	Med15	Med15_1	066 CNU-HYa HY GABA	-1
TGTGATGCAGCTCTATCACCTCTCCA-1:SCP075	mouse68	Prdm2	Prdm2_3	215 MB Dopa	-1
AAAGCTGGTGATAGTGGATGCTGGCA-1:SCP076	mouse76	Gabra3	Gabra3_4	066 CNU-HYa HY GABA	-1
AAAGGATAGAGAGGTATGCTGATTGA-1:SCP076	mouse62	Kcnc1	Kcnc1_2	215 MB Dopa	-1
AACCATAAGCACCATCACCGCCATAC-1:SCP076	mouse63	Rb1cc1	Rb1cc1_1	066 CNU-HYa HY GABA	-1
AACCTCTCAATTGCCTGAGTGAATCA-1:SCP076	mouse72	Zeb1	Zeb1_3	066 CNU-HYa HY GABA	-1
AACGATGGTTCACGATCATGGTTCTA-1:SCP076	mouse63	Hsf4	Hsf4_2	066 CNU-HYa HY GABA	-1
AACGTAATCCAAGTAAGCGAATAGAT-1:SCP076	mouse68	Dnajc6	Dnajc6_3	054 CNU-MGE GABA	-1
AAGCCCCGTATCTCAACTTAGGGCCT-1:SCP076	mouse68	Klhl7	Klhl7_1	066 CNU-HYa HY GABA	-1
AAGCCCGCATGACGGTCTAACGCGTC-1:SCP076	mouse67	Ext2	Ext2_3	066 CNU-HYa HY GABA	-1
AAGCGGACAGGGTAAGCTAACGCGTC-1:SCP076	mouse67	Casz1	Casz1_4	215 MB Dopa	-1
AAGGAGTCACATTCGTAGCCCGTTGT-1:SCP076	mouse76	Folr1	Folr1_2	066 CNU-HYa HY GABA	-1
AAGGGCTGTACCTCGACAAGTACCAT-1:SCP076	mouse72	Igsf1	Igsf1_2	066 CNU-HYa HY GABA	-1
AAGGTCTAGACTTACTACGAGGTGGA-1:SCP076	mouse67	Pafah1b1	Pafah1b1_1	066 CNU-HYa HY GABA	-1
AATCGCCTCACATGCCTCGGGCTTGA-1:SCP076	mouse68	Isca2	Isca2_4	054 CNU-MGE GABA	-1
AATGAGGAGACCGATGCTCCACGCAT-1:SCP076	mouse67	Vps54	Vps54_3	066 CNU-HYa HY GABA	-1
AATGAGGAGGTCGTCTACTGAGAGAG-1:SCP076	mouse57	Zfp160	Zfp160_4	215 MB Dopa	-1
AATTGCGCAGCTCTATAGATGCGTGA-1:SCP076	mouse56	Sox5	Sox5_1	066 CNU-HYa HY GABA	-1
ACAACATCAGCTGATACTCTCCCAGA-1:SCP076	mouse76	Prdm12	Prdm12_4	066 CNU-HYa HY GABA	-1
ACAATATAGAGAGGTAGAAACCATGC-1:SCP076	mouse76	Ret	Ret_2	066 CNU-HYa HY GABA	-1
ACAATATAGGCATGTGAGATGCGTGA-1:SCP076	mouse56	Non_target	Non_target_269	215 MB Dopa	-1
ACAATATAGTCTAGGGTCCGTGAAAC-1:SCP076	mouse76	Tcf7l2	Tcf7l2_4	054 CNU-MGE GABA	-1
ACACAATCAGATAGGGACAACCGAAG-1:SCP076	mouse66	Tbx5	Tbx5_3	066 CNU-HYa HY GABA	-1
ACAGCCTTCGACCTCGCTAACGCGTC-1:SCP076	mouse67	Guk1	Guk1_2	054 CNU-MGE GABA	-1
ACAGCCTTCTGGGTTCTGTGTCCGCA-1:SCP076	mouse60	Ikzf3	Ikzf3_4	215 MB Dopa	-1
ACAGGCATCTTGAATCCTAACGCGTC-1:SCP076	mouse67	Pde10a	Pde10a_3	066 CNU-HYa HY GABA	-1
ACAGTTGCATGATTCCGAATCCGCTC-1:SCP076	mouse63	Tcf12	Tcf12_4	066 CNU-HYa HY GABA	-1
ACCAATGCACGTTAAGCTAAATCAGC-1:SCP076	mouse68	Zfp106	Zfp106_2	066 CNU-HYa HY GABA	-1
ACCATAGCACAACCAAGATATCTGGA-1:SCP076	mouse30	Zbtb18	Zbtb18_1	110 CNU-HYa HY MM Glut	-1
ACCGAAAGTGAGGTGTGACGTTATTC-1:SCP076	mouse75	Chn1	Chn1_2	215 MB Dopa	-1
ACCGATACACTATCGTCGCTTATCTA-1:SCP076	mouse73	Nobox	Nobox_2	054 CNU-MGE GABA	-1
ACCGCAGCACTTGGAAACAAAGGTCT-1:SCP076	mouse70	Rars2	Rars2_3	215 MB Dopa	-1
ACCGTTATCTGGTTGCTGGCTTATTC-1:SCP076	mouse60	Fam149b	Fam149b_1	215 MB Dopa	-1
ACCTTTGAGGGATACTAGGACTAAAG-1:SCP076	mouse63	Chrm3	Chrm3_3	215 MB Dopa	-1
ACGACAAGTCTGCACAACTGTCATCA-1:SCP076	mouse70	Pura	Pura_3	215 MB Dopa	-1
ACGCATTGTGCATGAATCGTACCTGC-1:SCP076	mouse67	Bicra	Bicra_2	066 CNU-HYa HY GABA	-1
ACGCCCATCCCGTTGGATACTGGGCA-1:SCP076	mouse67	Hlcs	Hlcs_4	066 CNU-HYa HY GABA	-1
ACGCGCACAAGTCAATGACGTTATTC-1:SCP076	mouse75	Slc25a12	Slc25a12_4	066 CNU-HYa HY GABA	-1
ACGTGATAGCCACACTCTATAGACCT-1:SCP076	mouse62	Orc6	Orc6_1	215 MB Dopa	-1
ACTGCATGTAGCGTGGACCGAATAAG-1:SCP076	mouse62	Pcdh15	Pcdh15_1	215 MB Dopa	-1
ACTGCATGTTTGGCGCTGATGAGCTC-1:SCP076	mouse74	Selenoi	Selenoi_3	066 CNU-HYa HY GABA	-1
ACTGGCAAGCCTGGAACAGCGAATGA-1:SCP076	mouse63	Zeb2	Zeb2_4	215 MB Dopa	-1
ACTGTTAGTCCCTTCGACCGCCATAC-1:SCP076	mouse63	Actg1	Actg1_4	066 CNU-HYa HY GABA	-1
ACTTGGTGTCACACCACTCAGTTTCT-1:SCP076	mouse58	Pign	Pign_2	215 MB Dopa	-1
AGAAGGATCTAATGGACACGGGCTAT-1:SCP076	mouse76	Non_target	Non_target_181	215 MB Dopa	-1
AGAAGGGGTCAATCTAGAGTCTCCAT-1:SCP076	mouse63	Elf2	Elf2_1	066 CNU-HYa HY GABA	-1
AGAAGTTGTCTCCAAGGATGCCTACT-1:SCP076	mouse76	Alms1	Alms1_1	215 MB Dopa	-1
AGACACCCACTCACGCTGGCTTATTC-1:SCP076	mouse60	Rnpc3	Rnpc3_1	215 MB Dopa	-1
AGACACTAGGGCGTGTAGATGCGTGA-1:SCP076	mouse56	Strada	Strada_3	066 CNU-HYa HY GABA	-1
AGACGCCAGGACTAACGTAGCTTGAT-1:SCP076	mouse60	Syn3	Syn3_2	215 MB Dopa	-1
AGACTTAAGTAATCCTCAAGAGGGCT-1:SCP076	mouse61	Dnajb6	Dnajb6_2	215 MB Dopa	-1
AGAGATACATGGAGCTGAACTAGGCT-1:SCP076	mouse61	Cox6b1	Cox6b1_2	215 MB Dopa	-1
AGCGGGTTCGCATCGTTGGACCTAGT-1:SCP076	mouse75	Hspd1	Hspd1_2	066 CNU-HYa HY GABA	-1
AGGAAACCAGTGTGACCAGCTACCCT-1:SCP076	mouse72	Ccser1	Ccser1_2	215 MB Dopa	-1
AGGAGTCGTCTGTAACGCAAGTAAAC-1:SCP076	mouse69	Dyrk1a	Dyrk1a_4	215 MB Dopa	-1
AGGTAGGCAGATACATCTCCGTACTG-1:SCP076	mouse60	Krit1	Krit1_4	215 MB Dopa	-1
AGTGACGTCTCTCAAGTCGCGACATC-1:SCP076	mouse62	Fmn2	Fmn2_2	215 MB Dopa	-1
AGTGGACGTACTTACAACGGGAATGA-1:SCP076	mouse75	Atp6v0a1	Atp6v0a1_2	066 CNU-HYa HY GABA	-1
AGTGGACGTGTACCGCCGCTTATCTA-1:SCP076	mouse73	Lrpap1	Lrpap1_3	066 CNU-HYa HY GABA	-1
AGTTAGCAGCACCATCAGTACGAAAC-1:SCP076	mouse67	Purg	Purg_2	066 CNU-HYa HY GABA	-1
AGTTTCGTCACGAAGTAGCAAGGTAT-1:SCP076	mouse71	Slc1a1	Slc1a1_2	066 CNU-HYa HY GABA	-1
ATACAATAGGATCCCTGATGCTGGCA-1:SCP076	mouse76	Non_target	Non_target_268	066 CNU-HYa HY GABA	-1
ATACTTTCAAAGTCATTGATGAGCTC-1:SCP076	mouse74	Mmaa	Mmaa_3	215 MB Dopa	-1
ATAGGCAGTGGGTAGTCTCTTGTTCT-1:SCP076	mouse70	Fam149b	Fam149b_3	066 CNU-HYa HY GABA	-1
ATATCTTCACACACTTGAAGCTGGGT-1:SCP076	mouse68	Atp13a2	Atp13a2_3	066 CNU-HYa HY GABA	-1
ATCATGCGTCCGAATTGACGTACTAG-1:SCP076	mouse68	Robo2	Robo2_2	066 CNU-HYa HY GABA	-1
ATCCAATTCGAGCAGCAGGCGGACAT-1:SCP076	mouse60	Map6	Map6_1	066 CNU-HYa HY GABA	-1
ATCGGCGCAGAACGGAACAAACAACG-1:SCP076	mouse62	Mt3	Mt3_1	215 MB Dopa	-1
ATCTATATCATGGAACCGAACTACGA-1:SCP076	mouse67	Cd4	Cd4_3	066 CNU-HYa HY GABA	-1
ATGCAAATCACTAGGGAGGGACACAC-1:SCP076	mouse73	Sil1	Sil1_4	215 MB Dopa	-1
ATGGCTACATGAGTATACGACAGCAG-1:SCP076	mouse62	Sort1	Sort1_1	215 MB Dopa	-1
ATGGTCACACCGTTCATCGTACCTGC-1:SCP076	mouse67	Adrb1	Adrb1_4	066 CNU-HYa HY GABA	-1
ATTACGAAGCGTTCGTCACCGTTGGT-1:SCP076	mouse58	Hivep1	Hivep1_2	066 CNU-HYa HY GABA	-1
ATTATCTCACGGTCAGCGGTACCTTG-1:SCP076	mouse72	Grm8	Grm8_4	215 MB Dopa	-1
ATTGAAAGTACAGGGTTGGACCTAGT-1:SCP076	mouse75	Ntrk1	Ntrk1_4	066 CNU-HYa HY GABA	-1
ATTGATGAGATTCGGGAGCAGGTGCA-1:SCP076	mouse61	Cacna1g	Cacna1g_2	054 CNU-MGE GABA	-1
CAAACCACATCCAGCCCTTAGGGCCT-1:SCP076	mouse68	Ubp1	Ubp1_3	066 CNU-HYa HY GABA	-1
CAAATGTCACGTTAAGGATCCCGTCA-1:SCP076	mouse76	Lmx1b	Lmx1b_2	215 MB Dopa	-1
CAACACACACACTAAGTGTGTCCGCA-1:SCP076	mouse60	Micu1	Micu1_4	215 MB Dopa	-1
CAACATCGTGTCGAGGGTGCGGTAAG-1:SCP076	mouse29	Adra2a	Adra2a_4	066 CNU-HYa HY GABA	-1
CAACATCGTTACGTTACAAGTACCAT-1:SCP076	mouse72	Snca	Snca_3	066 CNU-HYa HY GABA	-1
CAAGCTCTCCAGCGAAGTGCGGTAAG-1:SCP076	mouse29	Pou6f2	Pou6f2_3	066 CNU-HYa HY GABA	-1
CAATCAAAGTATCGTTTCCGTGAAAC-1:SCP076	mouse76	Mesp2	Mesp2_1	215 MB Dopa	-1
CACACTTCATTGCCCAAGCCCGTTGT-1:SCP076	mouse76	Tardbp	Tardbp_3	066 CNU-HYa HY GABA	-1
CACCGTTAGTTGACTTTGTGAACCTC-1:SCP076	mouse71	Htr2a	Htr2a_4	066 CNU-HYa HY GABA	-1
CACGAATAGACATTAGGCCATGGAAC-1:SCP076	mouse64	Kmt2d	Kmt2d_2	066 CNU-HYa HY GABA	-1
CACGGAGGTTGGACCCCACCTCTCCA-1:SCP076	mouse68	Ephb2	Ephb2_4	215 MB Dopa	-1
CACTAATTCTGTGCGTCATGGTTCTA-1:SCP076	mouse63	Bcl11b	Bcl11b_3	066 CNU-HYa HY GABA	-1
CAGGCACAGGGCATCAAGATTTACGC-1:SCP076	mouse73	Tnfrsf4	Tnfrsf4_1	215 MB Dopa	-1
CAGGGACTCTGGTGTCAGCCCGTTGT-1:SCP076	mouse76	Rxrg	Rxrg_3	066 CNU-HYa HY GABA	-1
CAGGTGCAGGCTTAGGACAAAGGTCT-1:SCP076	mouse70	Sp7	Sp7_4	215 MB Dopa	-1
CAGTCCCCAACAGACCACGGGAATGA-1:SCP076	mouse75	Erf	Erf_4	066 CNU-HYa HY GABA	-1
CATAGTTTCCCCAGATCAGCGAATGA-1:SCP076	mouse63	Pcsk2	Pcsk2_4	215 MB Dopa	-1
CATCAGTGTTGCAGTTCAAGCGAGCA-1:SCP076	mouse73	Appl1	Appl1_3	215 MB Dopa	-1
CCAATCGGTTCCCAGAGTCGTAAACA-1:SCP076	mouse67	Opn1sw	Opn1sw_3	066 CNU-HYa HY GABA	-1
CCCAGATTCGCCTGTGCTACTCATCA-1:SCP076	mouse69	Npr2	Npr2_1	066 CNU-HYa HY GABA	-1
CCCAGTTAGTTGCGTCCTCTTGTTCT-1:SCP076	mouse70	Rora	Rora_3	215 MB Dopa	-1
CCCGTTCTCCTGTCAATGTGAACCTC-1:SCP076	mouse71	Fyn	Fyn_1	066 CNU-HYa HY GABA	-1
CCCTTCTCACCATTACCTCCACGCAT-1:SCP076	mouse67	Ttc21b	Ttc21b_2	110 CNU-HYa HY MM Glut	-1
CCGACCTCAAACTGTGGACGTTATTC-1:SCP076	mouse75	Non_target	Non_target_21	215 MB Dopa	-1
CCGACCTCATAATCCCAGCCCGTTGT-1:SCP076	mouse76	Manba	Manba_1	066 CNU-HYa HY GABA	-1
CCGATATGTAACCTACAGGACTAAAG-1:SCP076	mouse63	Dtnbp1	Dtnbp1_4	215 MB Dopa	-1
CCGTGCATCTTGCCTTCTCCACGCAT-1:SCP076	mouse67	Crebrf	Crebrf_3	066 CNU-HYa HY GABA	-1
CCGTTACAGGAGGTCCGATGCCTACT-1:SCP076	mouse76	Phox2b	Phox2b_2	066 CNU-HYa HY GABA	-1
CCTGCTACACGTTAAGGTGAAGGATG-1:SCP076	mouse71	Kif1a	Kif1a_1	215 MB Dopa	-1
CCTGCTACAGTGTGACACCCTATATC-1:SCP076	mouse63	Osmr	Osmr_4	066 CNU-HYa HY GABA	-1
CCTGGGTGTACCTAGTACGACAGCAG-1:SCP076	mouse62	Rorc	Rorc_2	066 CNU-HYa HY GABA	-1
CGAACGGGTGAGACCGAGTACGAAAC-1:SCP076	mouse67	Tubb5	Tubb5_1	215 MB Dopa	-1
CGAACTTGTGCTGACCTCGGGACGTA-1:SCP076	mouse74	Rack1	Rack1_3	215 MB Dopa	-1
CGAAGCTCACCTGTGCAGGCGGACAT-1:SCP076	mouse60	Akt3	Akt3_1	215 MB Dopa	-1
CGACTACTCTGGGTTCGTGAAGTTAG-1:SCP076	mouse56	Gabrd	Gabrd_1	066 CNU-HYa HY GABA	-1
CGAGTGGGTTTCAGTAGCCTCCCAAT-1:SCP076	mouse67	Kat6a	Kat6a_3	066 CNU-HYa HY GABA	-1
CGATGGGGTGTTGCGCCTCAGTTTCT-1:SCP076	mouse58	Mpdz	Mpdz_3	215 MB Dopa	-1
CGCATAACAGATACATCACATGCTTA-1:SCP076	mouse74	Non_target	Non_target_119	066 CNU-HYa HY GABA	-1
CGCCAACGTTGGTTACAGGTGTTTAC-1:SCP076	mouse68	Non_target	Non_target_30	066 CNU-HYa HY GABA	-1
CGCTGGTGTCAAGTAGCGGTACCTTG-1:SCP076	mouse72	Hnf1b	Hnf1b_4	215 MB Dopa	-1
CGGACTCGTATTGACCCAAGAGGGCT-1:SCP076	mouse61	Itga2	Itga2_3	215 MB Dopa	-1
CGGCGGATCATTGCCAAGCAATCTGC-1:SCP076	mouse68	Irf6	Irf6_4	215 MB Dopa	-1
CGGCTTCCATGGAGCTGAACTAGGCT-1:SCP076	mouse61	Nfic	Nfic_1	054 CNU-MGE GABA	-1
CGGTGATCACCTGTGCGAAGTGCAAG-1:SCP076	mouse74	Srsf1	Srsf1_3	215 MB Dopa	-1
CGGTTGAAGAGAGCTTGACGTTATTC-1:SCP076	mouse75	Zdhhc17	Zdhhc17_4	066 CNU-HYa HY GABA	-1
CGGTTGCGTTGTCTGGGCAAGTAAAC-1:SCP076	mouse69	Orc6	Orc6_4	215 MB Dopa	-1
CGTAACCTCCGTAATTCTACATACTC-1:SCP076	mouse68	Klhl7	Klhl7_4	066 CNU-HYa HY GABA	-1
CGTTGCCCATGATTCCTCCGTGAAAC-1:SCP076	mouse76	Sh3kbp1	Sh3kbp1_4	066 CNU-HYa HY GABA	-1
CTAATGCGTGTCTATACTCAGTTTCT-1:SCP076	mouse58	Gpr45	Gpr45_3	215 MB Dopa	-1
CTAGATGCAACTGCCCGTGAAACGTC-1:SCP076	mouse72	Pou3f3	Pou3f3_2	066 CNU-HYa HY GABA	-1
CTATATATCAGGCTAGGAGTTATGGA-1:SCP076	mouse69	Agrp	Agrp_2	215 MB Dopa	-1
CTATTGCCAGATTGGCCTAGGTCTAT-1:SCP076	mouse73	Snca	Snca_4	066 CNU-HYa HY GABA	-1
CTCACGCCAGTTCGTTGTGAAGTTAG-1:SCP076	mouse56	Stat5b	Stat5b_1	215 MB Dopa	-1
CTCATGTCAGCTGCGAGCCTCCCAAT-1:SCP076	mouse67	Non_target	Non_target_231	066 CNU-HYa HY GABA	-1
CTCCGGATCGGTATGGCTCCGTACTG-1:SCP076	mouse60	Non_target	Non_target_41	215 MB Dopa	-1
CTCCTGACATCCACATATAAACGGGA-1:SCP076	mouse76	Mafb	Mafb_2	066 CNU-HYa HY GABA	-1
CTCGAATGTGAGACCGAGCAAGGTAT-1:SCP076	mouse71	Trappc9	Trappc9_3	066 CNU-HYa HY GABA	-1
CTCTGGCCAGTTGGTAACTGTCATCA-1:SCP076	mouse70	Clock	Clock_4	066 CNU-HYa HY GABA	-1
CTGATGACATACCGGGTAGGTTAGAG-1:SCP076	mouse72	Hlcs	Hlcs_1	066 CNU-HYa HY GABA	-1
CTGCAACTCGTACGGACACGAAGTTA-1:SCP076	mouse73	Bcl11a	Bcl11a_3	066 CNU-HYa HY GABA	-1
CTGCTGGTCCTCTCCAGACCAGGTGT-1:SCP076	mouse72	Mif	Mif_4	066 CNU-HYa HY GABA	-1
CTGCTGTAGCAATCCCCTTGGATGGC-1:SCP076	mouse70	Hsf4	Hsf4_4	066 CNU-HYa HY GABA	-1
CTGGCTCCATAGTAGTCTTGGATGGC-1:SCP076	mouse70	Zbtb42	Zbtb42_2	215 MB Dopa	-1
CTTAAGTTCCTACTGACTCCCTGTCA-1:SCP076	mouse67	Non_target	Non_target_68	215 MB Dopa	-1
CTTAATATCGGACCAACTCCGTACTG-1:SCP076	mouse60	Ptf1a	Ptf1a_3	215 MB Dopa	-1
CTTAGTTAGCATCCGTCACGGGCTAT-1:SCP076	mouse76	Il2rb	Il2rb_3	066 CNU-HYa HY GABA	-1
CTTATGAGTACCTCGACTCACGGACA-1:SCP076	mouse69	Pcsk5	Pcsk5_3	054 CNU-MGE GABA	-1
CTTCTATGTTCGTAACGACCAGGTGT-1:SCP076	mouse72	Tnpo3	Tnpo3_3	066 CNU-HYa HY GABA	-1
CTTGATTAGGGTCAGCCACGGGCTAT-1:SCP076	mouse76	Smc1a	Smc1a_2	066 CNU-HYa HY GABA	-1
GCAATACAGGCGTGGTCAAACAGTGT-1:SCP076	mouse74	Nrxn2	Nrxn2_3	066 CNU-HYa HY GABA	-1
GCCATGCGTAGTCCCACTACATACTC-1:SCP076	mouse68	Sar1b	Sar1b_1	066 CNU-HYa HY GABA	-1
GCCCTGTCACCTTGATACGCGTGAAC-1:SCP076	mouse68	Dnm1	Dnm1_1	215 MB Dopa	-1
GCCGATGCAAGATCCACACCTCTCCA-1:SCP076	mouse68	Gata2	Gata2_1	215 MB Dopa	-1
GCCGGATAGGACGAGGACAGGCGAAC-1:SCP076	mouse31	Dctn1	Dctn1_1	066 CNU-HYa HY GABA	-1
GCCGTTGTCCCAGTACGTGAAACGTC-1:SCP076	mouse72	Shoc2	Shoc2_4	066 CNU-HYa HY GABA	-1
GCCGTTGTCGAACCCTTCGCGACATC-1:SCP076	mouse62	Gpr179	Gpr179_4	215 MB Dopa	-1
GCCTAATGTAAGCATGTCGTACCTGC-1:SCP076	mouse67	Pde10a	Pde10a_3	066 CNU-HYa HY GABA	-1
GCCTCTTGTGTTGAGAAGCCCTGCAT-1:SCP076	mouse29	Grm8	Grm8_3	066 CNU-HYa HY GABA	-1
GCCTGATTCTCGACCGCACGAAGTTA-1:SCP076	mouse73	Zscan26	Zscan26_3	215 MB Dopa	-1
GCGCCTTCATTCCGTGGAGTCTCCAT-1:SCP076	mouse63	Col25a1	Col25a1_1	066 CNU-HYa HY GABA	-1
GCGCGATAGCACCATCAGCAGGTGCA-1:SCP076	mouse61	Mc1r	Mc1r_2	066 CNU-HYa HY GABA	-1
GCGCGATAGGTTAATGTCGTAAGCCA-1:SCP076	mouse67	Abat	Abat_4	215 MB Dopa	-1
GCTAAATCACCGTTCAACAGGCGAAC-1:SCP076	mouse31	Nin	Nin_1	066 CNU-HYa HY GABA	-1
GCTCCCAAGATTCCGCTCGCGTTATA-1:SCP076	mouse74	Ift43	Ift43_1	066 CNU-HYa HY GABA	-1
GCTCGCCAGTAAGGTCCACGAAGTTA-1:SCP076	mouse73	Grid1	Grid1_4	215 MB Dopa	-1
GCTCGCCAGTGTCCGTGTGAAGGATG-1:SCP076	mouse71	Cacna2d2	Cacna2d2_1	066 CNU-HYa HY GABA	-1
GCTCGTCCATCCATACTGATGAGCTC-1:SCP076	mouse74	Setx	Setx_4	066 CNU-HYa HY GABA	-1
GCTGACCGTCGACTCACTTCACGTTC-1:SCP076	mouse62	Nav3	Nav3_3	215 MB Dopa	-1
GCTGGGAGTTGTCCTCCTACATACTC-1:SCP076	mouse68	Cask	Cask_4	066 CNU-HYa HY GABA	-1
GCTGGGAGTTGTGTGTCTAACGCGTC-1:SCP076	mouse67	Rxra	Rxra_1	066 CNU-HYa HY GABA	-1
GCTTAGGAGAACCACGGACGTTATTC-1:SCP076	mouse75	Cadps2	Cadps2_4	066 CNU-HYa HY GABA	-1
GCTTCGCCATTACCCGGACGTACTAG-1:SCP076	mouse68	Madd	Madd_1	066 CNU-HYa HY GABA	-1
GGAATCAGTAGGTAGCCTATAGACCT-1:SCP076	mouse62	Slc24a5	Slc24a5_4	066 CNU-HYa HY GABA	-1
GGAATGAAGGACTAACAGCAGGTGCA-1:SCP076	mouse61	Ntrk2	Ntrk2_2	215 MB Dopa	-1
GGACCTTTCCTCTCCAACGACAGCAG-1:SCP076	mouse62	Eda	Eda_1	066 CNU-HYa HY GABA	-1
GGACCTTTCTTGCGGTGAAGCTGGGT-1:SCP076	mouse68	Hcn2	Hcn2_1	215 MB Dopa	-1
GGACGATGTTGTCCTCACAACCGAAG-1:SCP076	mouse66	Hspa8	Hspa8_1	054 CNU-MGE GABA	-1
GGAGACGAGTCTCACATGCTGATTGA-1:SCP076	mouse62	Ccr2	Ccr2_2	215 MB Dopa	-1
GGAGCAACACGTGGATCAGGGTAACT-1:SCP076	mouse74	Bcl11b	Bcl11b_2	215 MB Dopa	-1
GGAGCATGTCAGTCGCCACTTCCTAC-1:SCP076	mouse67	Upf3b	Upf3b_4	215 MB Dopa	-1
GGAGGTACACAACCAATGGCTTATTC-1:SCP076	mouse60	Ager	Ager_2	215 MB Dopa	-1
GGCATCAAGGAGCCTATCGTACCTGC-1:SCP076	mouse67	Non_target	Non_target_364	215 MB Dopa	-1
GGCCTACGTGTCTGTGTCCGTGAAAC-1:SCP076	mouse76	Smad6	Smad6_1	215 MB Dopa	-1
GGCGGTGTCGAGTTGGCTACATACTC-1:SCP076	mouse68	Non_target	Non_target_102	066 CNU-HYa HY GABA	-1
GGGAACACATTGACCTAGGCACGCAT-1:SCP076	mouse69	Calm3	Calm3_1	215 MB Dopa	-1
GGGAGCAAGACATCAACTAACGCGTC-1:SCP076	mouse67	Ccr2	Ccr2_1	215 MB Dopa	-1
GGGCATGGTAACTGAGTGTGTCCGCA-1:SCP076	mouse60	Itga8	Itga8_4	066 CNU-HYa HY GABA	-1
GGGGTCTAGCGTGCTTGATGTTGCCG-1:SCP076	mouse72	Eif5a	Eif5a_4	066 CNU-HYa HY GABA	-1
GGTAACTAGACTCATTGAGGGTGAAG-1:SCP076	mouse76	Sipa1l3	Sipa1l3_3	066 CNU-HYa HY GABA	-1
GGTAATTCACCGGACAACTAGCTGCA-1:SCP076	mouse63	Ica1	Ica1_4	215 MB Dopa	-1
GGTTCCCCATGACGGTGCCATGGAAC-1:SCP076	mouse64	Lman2l	Lman2l_3	110 CNU-HYa HY MM Glut	-1
GTAGGCTCAGCTATCTACAATCGACT-1:SCP076	mouse60	Tuba1a	Tuba1a_4	215 MB Dopa	-1
GTAGGCTCATGAAGGGGACGACATGT-1:SCP076	mouse63	Non_target	Non_target_256	066 CNU-HYa HY GABA	-1
GTCATCGGTGGCCATCGTAGTTCTAG-1:SCP076	mouse60	Tlx3	Tlx3_2	066 CNU-HYa HY GABA	-1
GTCCAACTCCGGATGAGTCGTAAACA-1:SCP076	mouse67	Htr7	Htr7_2	066 CNU-HYa HY GABA	-1
GTCCGAAAGGATCACGTGTGAACCTC-1:SCP076	mouse71	Rax	Rax_3	066 CNU-HYa HY GABA	-1
GTCGGGGTCGCCTCTCGTAGGCACTA-1:SCP076	mouse66	Lrpprc	Lrpprc_3	066 CNU-HYa HY GABA	-1
GTCGGTAAGCACGTTCAGGTATGTAG-1:SCP076	mouse62	Nr1h5	Nr1h5_3	215 MB Dopa	-1
GTCGGTAAGTTGAATGCACGAAGTTA-1:SCP076	mouse73	Ndn	Ndn_3	215 MB Dopa	-1
GTCGTAACAACAGACCCTTCACGTTC-1:SCP076	mouse62	Stat5b	Stat5b_2	066 CNU-HYa HY GABA	-1
GTCTTACCAGCTATCTCACAACTGAG-1:SCP076	mouse68	Ndufs8	Ndufs8_4	066 CNU-HYa HY GABA	-1
GTGAGTAGTATCCTAACATGGTTCTA-1:SCP076	mouse63	Ulk4	Ulk4_1	066 CNU-HYa HY GABA	-1
GTGCCCATCTAACCATCTAACGCGTC-1:SCP076	mouse67	Tubb3	Tubb3_4	066 CNU-HYa HY GABA	-1
GTGCCCATCTCCCAGGGAGTTATGGA-1:SCP076	mouse69	Nrf1	Nrf1_3	215 MB Dopa	-1
GTGTGACCATGAGTATCTTAGGGCCT-1:SCP076	mouse68	Prokr2	Prokr2_2	066 CNU-HYa HY GABA	-1
GTTATGCGTCGAAGGTCTGGCTTCGA-1:SCP076	mouse62	Non_target	Non_target_34	066 CNU-HYa HY GABA	-1
GTTCGCGTCGATAGTAAGATGCGTGA-1:SCP076	mouse56	Dlx3	Dlx3_4	066 CNU-HYa HY GABA	-1
GTTGCACTCCACCAGTGAAGCTGGGT-1:SCP076	mouse68	Ets1	Ets1_3	215 MB Dopa	-1
GTTGCGAAGTGTAATGGACGACATGT-1:SCP076	mouse63	Lrif1	Lrif1_1	215 MB Dopa	-1
GTTGCGCGTGTTGCGCGACGACATGT-1:SCP076	mouse63	Ovol2	Ovol2_2	054 CNU-MGE GABA	-1
GTTGCTCAGCTACTTGCACCGTTGGT-1:SCP076	mouse58	Atad1	Atad1_4	066 CNU-HYa HY GABA	-1
TAACGGGTCCCCGGTAGATCCCGTCA-1:SCP076	mouse76	Itm2b	Itm2b_4	215 MB Dopa	-1
TAAGGACTCCGTGGAAAGGCACGCAT-1:SCP076	mouse69	Nr1d1	Nr1d1_1	066 CNU-HYa HY GABA	-1
TAATCGAAGAACCCAGGAGTGAATCA-1:SCP076	mouse72	Grik4	Grik4_4	066 CNU-HYa HY GABA	-1
TACAACCGTACTGTCGATACTGGGCA-1:SCP076	mouse67	Osbpl2	Osbpl2_1	066 CNU-HYa HY GABA	-1
TACAGGCCATGTCTGTCTTCGGTCTG-1:SCP076	mouse72	Fezf1	Fezf1_1	066 CNU-HYa HY GABA	-1
TAGGAATGTAACCGGGACCGCCATAC-1:SCP076	mouse63	Ndufb7	Ndufb7_3	054 CNU-MGE GABA	-1
TAGGGCCAGGACACCAGTGAAGTTAG-1:SCP076	mouse56	Arih1	Arih1_4	215 MB Dopa	-1
TAGTGGCCAAACGGGAAGGACTAAAG-1:SCP076	mouse63	Lgals3	Lgals3_2	039 OB-IMN GABA	-1
TATCAGGCATGTCGGGTGGGATTCTG-1:SCP076	mouse64	Ptchd1	Ptchd1_3	054 CNU-MGE GABA	-1
TATCGAGCATGGAGAGCTACATACTC-1:SCP076	mouse68	Hnrnpa2b1	Hnrnpa2b1_4	215 MB Dopa	-1
TCAATCCCAACCGAACAGCAAGGTAT-1:SCP076	mouse71	Atp6ap1	Atp6ap1_4	066 CNU-HYa HY GABA	-1
TCACAGACAGACACACGAGTTATGGA-1:SCP076	mouse69	Kif1b	Kif1b_1	066 CNU-HYa HY GABA	-1
TCACGATGTATAGACGACAAAGGAGA-1:SCP076	mouse68	Ago1	Ago1_2	039 OB-IMN GABA	-1
TCAGCGAAGTCATTACACTAGCTGCA-1:SCP076	mouse63	Abcc9	Abcc9_3	054 CNU-MGE GABA	-1
TCATCACCAACCATTCGTGAAACGTC-1:SCP076	mouse72	Zfp462	Zfp462_2	054 CNU-MGE GABA	-1
TCCACAGGTGCTTAGTTCGACTAAGA-1:SCP076	mouse62	Zkscan16	Zkscan16_1	066 CNU-HYa HY GABA	-1
TCCACTCGTGCGGTGACGCTTATCTA-1:SCP076	mouse73	Stat5b	Stat5b_2	066 CNU-HYa HY GABA	-1
TCCCCTGGTGTGGATATGGACCTAGT-1:SCP076	mouse75	Nr1i2	Nr1i2_1	215 MB Dopa	-1
TCCTACCGTTAGTTGCTCTGAGGGTA-1:SCP076	mouse63	Uba5	Uba5_1	066 CNU-HYa HY GABA	-1
TCCTACCGTTAGTTGCTGGACCTAGT-1:SCP076	mouse75	Cxcr2	Cxcr2_4	215 MB Dopa	-1
TCCTTTCAGACCCTGTTGCTACTTAG-1:SCP076	mouse63	Oprl1	Oprl1_4	110 CNU-HYa HY MM Glut	-1
TCGATATTCTCAGTGCTGGGATTCTG-1:SCP076	mouse64	Prkn	Prkn_2	054 CNU-MGE GABA	-1
TCGATGGAGTCCGCTGCTACTCATCA-1:SCP076	mouse69	Non_target	Non_target_26	215 MB Dopa	-1
TCGCTTGCATATGCTCCAGCTACCCT-1:SCP076	mouse72	Ttll5	Ttll5_2	066 CNU-HYa HY GABA	-1
TCGGCCATCCAATGAAGAGTTATGGA-1:SCP076	mouse69	Cacna1g	Cacna1g_3	066 CNU-HYa HY GABA	-1
TCGTAGCTCTGCCTGGTGCGTGGAGA-1:SCP076	mouse63	Bach2	Bach2_3	215 MB Dopa	-1
TCTACCAAGCGTAAGTGAGTAGGCAT-1:SCP076	mouse60	Vps13d	Vps13d_4	215 MB Dopa	-1
TCTAGCCAGTAGTTGATCGTAAGCCA-1:SCP076	mouse67	Non_target	Non_target_76	066 CNU-HYa HY GABA	-1
TCTCGAATCGATAGTAACCGAATAAG-1:SCP076	mouse62	Slc52a2	Slc52a2_4	215 MB Dopa	-1
TCTCGCACAATGGACCTGCTTACCCA-1:SCP076	mouse56	Non_target	Non_target_368	066 CNU-HYa HY GABA	-1
TCTGAGGAGGCTTCGTACGACTAACT-1:SCP076	mouse61	Ptpa	Ptpa_2	215 MB Dopa	-1
TGAAATTAGTATCGTTCGCTTATCTA-1:SCP076	mouse73	Non_target	Non_target_394	066 CNU-HYa HY GABA	-1
TGAACACAGAGAGGTAGTACGTCCCT-1:SCP076	mouse66	Med13l	Med13l_1	066 CNU-HYa HY GABA	-1
TGAATGTCACTGAGGTAGATTTACGC-1:SCP076	mouse73	Ghsr	Ghsr_4	066 CNU-HYa HY GABA	-1
TGAATTACACTTGGAACACGGGCTAT-1:SCP076	mouse76	Non_target	Non_target_154	066 CNU-HYa HY GABA	-1
TGACCAACATGAAGGGGTCTGTTTAG-1:SCP076	mouse72	Non_target	Non_target_130	066 CNU-HYa HY GABA	-1
TGAGACTAGATTCCGCCATGGTTCTA-1:SCP076	mouse63	Il21r	Il21r_1	066 CNU-HYa HY GABA	-1
TGAGCGATCGCGCTCAGCGTTTCCTG-1:SCP076	mouse64	Plec	Plec_2	215 MB Dopa	-1
TGAGCTCTCTAACTGTACGACTAACT-1:SCP076	mouse61	Tcf12	Tcf12_2	215 MB Dopa	-1
TGAGTCCTCGTGCTGTCTAAATCAGC-1:SCP076	mouse68	Kdm6a	Kdm6a_3	110 CNU-HYa HY MM Glut	-1
TGAGTCGAGGCACGGTGCCATGGAAC-1:SCP076	mouse64	Nefh	Nefh_1	215 MB Dopa	-1
TGAGTTGCAAGTGAGGGAACTAGGCT-1:SCP076	mouse61	Foxc2	Foxc2_4	066 CNU-HYa HY GABA	-1
TGATATCTCCGGTTACTCGACTAAGA-1:SCP076	mouse62	Scarb2	Scarb2_3	066 CNU-HYa HY GABA	-1
TGATATTGTTACGTTAAGGGACACAC-1:SCP076	mouse73	Zic2	Zic2_1	215 MB Dopa	-1
TGATCTTAGGAGCCTAATCCAATCTC-1:SCP076	mouse63	Eif5a	Eif5a_1	066 CNU-HYa HY GABA	-1
TGATTAACACTAGGCGGAAGCTGGGT-1:SCP076	mouse68	Xpo1	Xpo1_3	215 MB Dopa	-1
TGCAGACCAACGGCCAGATGCCTACT-1:SCP076	mouse76	Hivep1	Hivep1_2	215 MB Dopa	-1
TGCAGCCGTTATGGAGTCTGAGGGTA-1:SCP076	mouse63	Atp13a2	Atp13a2_1	066 CNU-HYa HY GABA	-1
TGCAGCCGTTTCCTGCAGGTGTTTAC-1:SCP076	mouse68	Pax7	Pax7_4	066 CNU-HYa HY GABA	-1
TGCCCCTTCCGTACCGGTACGTCCCT-1:SCP076	mouse66	Nectin1	Nectin1_2	215 MB Dopa	-1
TGCCTATCAGTAGGAGCATGGCTGAT-1:SCP076	mouse69	Bin1	Bin1_4	066 CNU-HYa HY GABA	-1
TGCCTCACAGTTCGCCTCCGTGAAAC-1:SCP076	mouse76	Zfp329	Zfp329_4	215 MB Dopa	-1
TGCGTGCGTAAGCGGTGACGTTATTC-1:SCP076	mouse75	Lyst	Lyst_1	215 MB Dopa	-1
TGCGTGGCAGGTACGTCTACTGCCTG-1:SCP076	mouse57	Plxnd1	Plxnd1_2	215 MB Dopa	-1
TGGACATAGCGTGCAACTCCACGCAT-1:SCP076	mouse67	Reps1	Reps1_3	066 CNU-HYa HY GABA	-1
TGGAGCGGTCTAATCACATCAAGATC-1:SCP076	mouse73	Zfp292	Zfp292_2	066 CNU-HYa HY GABA	-1
TGGCGCTGTGGCGTGAACGTCATTGA-1:SCP076	mouse72	Kcnd3	Kcnd3_2	066 CNU-HYa HY GABA	-1
TGGCGTGCATTAGAGTTGCTGATTGA-1:SCP076	mouse62	Dip2b	Dip2b_3	215 MB Dopa	-1
TGGCTGTTCTCGATTGCACGGGCTAT-1:SCP076	mouse76	Grin3a	Grin3a_4	066 CNU-HYa HY GABA	-1
TGGTCACTCAGTATGAACGACTAACT-1:SCP076	mouse61	Tcf3	Tcf3_1	066 CNU-HYa HY GABA	-1
TGGTCTCAGCACGGACGATATCTGGA-1:SCP076	mouse30	Nr1i2	Nr1i2_1	066 CNU-HYa HY GABA	-1
TGTACAGCAATCTCACCAAGCGAGCA-1:SCP076	mouse73	Ifnar1	Ifnar1_2	215 MB Dopa	-1
TGTAGCCTCATCTAGTCACGAAGTTA-1:SCP076	mouse73	Lmx1b	Lmx1b_2	066 CNU-HYa HY GABA	-1
TGTATGGCAACATCCTCTGCAATAAG-1:SCP076	mouse75	Irf7	Irf7_3	054 CNU-MGE GABA	-1
TGTATTATCTAAGCGGGTAGCTTGAT-1:SCP076	mouse60	Chchd2	Chchd2_2	215 MB Dopa	-1
TGTATTGGTCACACCAACGACAGCAG-1:SCP076	mouse62	Nr2c2	Nr2c2_4	066 CNU-HYa HY GABA	-1
TGTGTTGTCACACACCTCCGTGAAAC-1:SCP076	mouse76	Itga8	Itga8_4	066 CNU-HYa HY GABA	-1
